ts,host_pid,host_private_mb,host_ws_mb,wv_count,wv_private_mb,wv_ws_mb,total_private_mb,cpu_pct,widgets,widget_ids,locked,gap_s
2026-10-01T12:27:41+08:00,73956,10.3,31.8,11,476.0,699.5,486.4,,5,clock|dynamic|fixed|macro|quotes,False,0
2026-10-01T12:28:41+08:00,73956,10.0,31.5,11,489.4,727.4,499.3,0.696,5,clock|dynamic|fixed|macro|quotes,False,60
2026-10-01T12:29:41+08:00,73956,9.9,31.5,11,487.7,728.5,497.6,0.340,5,clock|dynamic|fixed|macro|quotes,False,60
2026-10-01T12:30:41+08:00,73956,9.9,31.5,11,488.5,728.8,498.4,0.637,5,clock|dynamic|fixed|macro|quotes,False,60
2026-10-01T12:31:41+08:00,73956,9.9,31.5,11,490.0,730.8,499.9,0.374,5,clock|dynamic|fixed|macro|quotes,False,60
2026-10-01T12:32:41+08:00,73956,10.0,31.7,11,491.0,741.4,501.0,0.437,5,clock|dynamic|fixed|macro|quotes,False,60
2026-10-01T12:33:41+08:00,73956,10.1,31.9,11,493.1,742.6,503.2,0.516,5,clock|dynamic|fixed|macro|quotes,False,60
2026-10-01T12:34:41+08:00,73956,10.1,31.9,11,492.2,742.9,502.3,0.245,5,clock|dynamic|fixed|macro|quotes,False,60
2026-10-01T12:35:41+08:00,73956,10.0,31.8,11,493.7,744.0,503.7,0.656,5,clock|dynamic|fixed|macro|quotes,False,60
2026-10-01T12:36:41+08:00,73956,10.0,31.8,11,494.4,744.6,504.3,0.366,5,clock|dynamic|fixed|macro|quotes,False,60
2026-10-01T12:37:41+08:00,73956,10.0,31.9,11,496.0,747.5,506.0,0.601,5,clock|dynamic|fixed|macro|quotes,False,60
2026-10-01T12:38:41+08:00,73956,10.0,31.8,11,495.8,746.6,505.8,0.411,5,clock|dynamic|fixed|macro|quotes,False,60
2026-10-01T12:39:41+08:00,73956,10.0,31.8,11,496.2,747.3,506.2,0.284,5,clock|dynamic|fixed|macro|quotes,False,60
2026-10-01T12:40:41+08:00,73956,10.0,31.9,11,496.3,746.8,506.3,0.738,5,clock|dynamic|fixed|macro|quotes,False,60
2026-10-01T12:41:41+08:00,73956,10.0,31.9,11,496.7,746.7,506.7,0.345,5,clock|dynamic|fixed|macro|quotes,False,60
2026-10-01T12:42:41+08:00,73956,10.0,31.8,11,495.8,746.3,505.8,0.716,5,clock|dynamic|fixed|macro|quotes,False,60
2026-10-01T12:43:42+08:00,73956,10.0,31.9,11,497.3,745.5,507.3,0.394,5,clock|dynamic|fixed|macro|quotes,False,60
2026-10-01T12:44:41+08:00,73956,10.0,31.9,11,495.9,745.3,505.9,0.643,5,clock|dynamic|fixed|macro|quotes,False,60
2026-10-01T12:45:41+08:00,73956,10.0,31.9,11,496.5,745.3,506.4,0.557,5,clock|dynamic|fixed|macro|quotes,False,60
2026-10-01T12:46:41+08:00,73956,10.0,31.9,11,496.4,745.5,506.4,0.336,5,clock|dynamic|fixed|macro|quotes,False,60
2026-10-01T12:47:42+08:00,73956,11.0,31.9,11,495.2,745.7,506.2,0.782,5,clock|dynamic|fixed|macro|quotes,False,60
2026-10-01T12:48:41+08:00,73956,11.0,31.9,11,497.5,745.6,508.5,0.366,5,clock|dynamic|fixed|macro|quotes,False,60
2026-10-01T12:49:41+08:00,73956,11.0,31.9,11,496.5,745.2,507.5,0.644,5,clock|dynamic|fixed|macro|quotes,False,60
2026-10-01T12:50:41+08:00,73956,11.0,31.9,11,497.6,745.2,508.6,0.378,5,clock|dynamic|fixed|macro|quotes,False,60
2026-10-01T12:51:41+08:00,73956,11.0,31.9,11,497.3,745.0,508.3,0.269,5,clock|dynamic|fixed|macro|quotes,False,60
2026-10-01T12:52:41+08:00,73956,11.0,31.9,11,502.0,746.1,513.0,0.702,5,clock|dynamic|fixed|macro|quotes,False,60
2026-10-01T12:53:41+08:00,73956,11.0,31.9,11,498.1,745.8,509.1,0.321,5,clock|dynamic|fixed|macro|quotes,False,60
2026-10-01T12:54:42+08:00,73956,11.0,31.9,11,496.7,745.9,507.7,0.772,5,clock|dynamic|fixed|macro|quotes,False,60
2026-10-01T12:55:41+08:00,73956,11.0,31.9,11,497.6,745.9,508.6,0.353,5,clock|dynamic|fixed|macro|quotes,False,60
2026-10-01T12:56:41+08:00,73956,11.0,31.9,11,497.6,746.2,508.6,0.526,5,clock|dynamic|fixed|macro|quotes,False,60
2026-10-01T12:57:42+08:00,73956,11.0,31.9,11,507.4,752.7,518.4,0.455,5,clock|dynamic|fixed|macro|quotes,False,60
2026-10-01T12:58:41+08:00,73956,11.0,31.9,11,499.5,748.0,510.5,0.273,5,clock|dynamic|fixed|macro|quotes,False,60
2026-10-01T12:59:41+08:00,73956,11.0,31.9,11,498.4,748.3,509.4,0.656,5,clock|dynamic|fixed|macro|quotes,False,60
2026-10-01T13:00:42+08:00,73956,11.0,31.9,11,499.3,748.4,510.3,0.344,5,clock|dynamic|fixed|macro|quotes,False,60
2026-10-01T13:01:42+08:00,73956,11.0,31.9,11,498.1,748.5,509.1,0.610,5,clock|dynamic|fixed|macro|quotes,False,60
2026-10-01T13:02:41+08:00,73956,11.0,31.9,11,506.5,749.2,517.5,0.382,5,clock|dynamic|fixed|macro|quotes,False,60
2026-10-01T13:03:42+08:00,73956,11.0,31.9,11,498.6,748.2,509.6,0.269,5,clock|dynamic|fixed|macro|quotes,False,60
2026-10-01T13:04:41+08:00,73956,11.0,31.9,11,497.2,748.3,508.2,0.668,5,clock|dynamic|fixed|macro|quotes,False,60
2026-10-01T13:05:42+08:00,73956,11.0,31.9,11,498.0,748.3,509.0,0.309,5,clock|dynamic|fixed|macro|quotes,False,60
2026-10-01T13:06:41+08:00,73956,11.0,31.9,11,498.2,748.4,509.2,0.884,5,clock|dynamic|fixed|macro|quotes,False,60
2026-10-01T13:07:42+08:00,73956,11.0,31.9,11,507.0,749.6,518.0,0.384,5,clock|dynamic|fixed|macro|quotes,False,60
2026-10-01T13:08:42+08:00,73956,11.0,31.9,11,499.2,748.6,510.2,0.592,5,clock|dynamic|fixed|macro|quotes,False,60
2026-10-01T13:09:41+08:00,73956,11.0,31.9,11,497.7,748.7,508.7,0.522,5,clock|dynamic|fixed|macro|quotes,False,60
2026-10-01T13:10:41+08:00,73956,11.0,31.9,11,498.3,748.7,509.3,0.334,5,clock|dynamic|fixed|macro|quotes,False,60
2026-10-01T13:11:42+08:00,73956,11.0,31.9,11,497.6,748.6,508.6,0.707,5,clock|dynamic|fixed|macro|quotes,False,60
2026-10-01T13:12:42+08:00,73956,11.0,31.9,11,506.7,750.0,517.7,0.375,5,clock|dynamic|fixed|macro|quotes,False,60
2026-10-01T13:13:42+08:00,73956,11.0,31.9,11,502.1,752.9,513.1,0.739,5,clock|dynamic|fixed|macro|quotes,False,60
2026-10-01T13:14:42+08:00,73956,11.0,31.9,11,496.8,749.0,507.8,0.408,5,clock|dynamic|fixed|macro|quotes,False,60
2026-10-01T13:15:42+08:00,73956,11.0,31.9,11,497.1,749.0,508.1,0.386,5,clock|dynamic|fixed|macro|quotes,False,60
2026-10-01T13:16:42+08:00,73956,11.0,31.9,11,501.7,753.1,512.7,0.695,5,clock|dynamic|fixed|macro|quotes,False,60
2026-10-01T13:17:42+08:00,73956,11.0,31.9,11,498.2,749.4,509.2,0.349,5,clock|dynamic|fixed|macro|quotes,False,60
2026-10-01T13:18:42+08:00,73956,11.0,31.9,11,497.9,749.3,508.9,0.737,5,clock|dynamic|fixed|macro|quotes,False,60
2026-10-01T13:19:42+08:00,73956,11.0,31.9,11,497.5,749.3,508.5,0.384,5,clock|dynamic|fixed|macro|quotes,False,60
2026-10-01T13:20:42+08:00,73956,11.0,31.9,11,498.0,749.3,508.9,0.631,5,clock|dynamic|fixed|macro|quotes,False,60
2026-10-01T13:21:42+08:00,73956,11.0,31.9,11,497.3,749.2,508.3,0.542,5,clock|dynamic|fixed|macro|quotes,False,60
2026-10-01T13:22:42+08:00,73956,11.0,31.9,11,498.0,749.2,509.0,0.344,5,clock|dynamic|fixed|macro|quotes,False,60
2026-10-01T13:23:42+08:00,73956,11.0,31.9,11,498.4,749.4,509.4,0.715,5,clock|dynamic|fixed|macro|quotes,False,60
2026-10-01T13:24:42+08:00,73956,11.0,31.9,11,497.2,749.4,508.2,0.347,5,clock|dynamic|fixed|macro|quotes,False,60
2026-10-01T13:25:42+08:00,73956,11.0,31.9,11,498.3,749.5,509.3,0.666,5,clock|dynamic|fixed|macro|quotes,False,60
2026-10-01T13:26:42+08:00,73956,11.0,31.9,11,497.5,749.5,508.5,0.419,5,clock|dynamic|fixed|macro|quotes,False,60
2026-10-01T13:27:42+08:00,73956,11.0,31.9,11,498.4,749.8,509.4,0.342,5,clock|dynamic|fixed|macro|quotes,False,60
2026-10-01T13:28:42+08:00,73956,11.0,31.9,11,498.5,749.9,509.5,0.757,5,clock|dynamic|fixed|macro|quotes,False,60
2026-10-01T13:29:42+08:00,73956,11.0,31.9,11,497.0,749.8,508.0,0.341,5,clock|dynamic|fixed|macro|quotes,False,60
2026-10-01T13:30:42+08:00,73956,11.0,31.9,11,498.7,750.0,509.7,0.630,5,clock|dynamic|fixed|macro|quotes,False,60
2026-10-01T13:31:42+08:00,73956,11.0,31.9,11,497.7,749.9,508.7,0.357,5,clock|dynamic|fixed|macro|quotes,False,60
2026-10-01T13:32:42+08:00,73956,11.0,31.9,11,499.8,750.6,510.9,0.500,5,clock|dynamic|fixed|macro|quotes,False,60
2026-10-01T13:33:42+08:00,73956,11.0,31.9,11,499.1,750.2,510.1,0.558,5,clock|dynamic|fixed|macro|quotes,False,60
2026-10-01T13:34:42+08:00,73956,11.0,31.9,11,497.5,750.3,508.5,0.339,5,clock|dynamic|fixed|macro|quotes,False,60
2026-10-01T13:35:42+08:00,73956,11.0,31.9,11,498.9,750.3,509.9,0.715,5,clock|dynamic|fixed|macro|quotes,False,60
2026-10-01T13:36:42+08:00,73956,11.0,31.9,11,498.1,750.2,509.1,0.368,5,clock|dynamic|fixed|macro|quotes,False,60
2026-10-01T13:37:42+08:00,73956,11.0,31.9,11,498.6,750.1,509.6,0.526,5,clock|dynamic|fixed|macro|quotes,False,60
2026-10-01T13:38:42+08:00,73956,11.0,31.9,11,498.7,750.3,509.7,0.439,5,clock|dynamic|fixed|macro|quotes,False,60
2026-10-01T13:39:42+08:00,73956,11.0,31.9,11,497.3,750.3,508.3,0.267,5,clock|dynamic|fixed|macro|quotes,False,60
2026-10-01T13:40:42+08:00,73956,11.0,31.9,11,499.4,750.6,510.4,1.074,5,clock|dynamic|fixed|macro|quotes,False,60
2026-10-01T13:41:42+08:00,73956,11.0,31.9,11,498.0,750.6,509.0,0.528,5,clock|dynamic|fixed|macro|quotes,False,60
2026-10-01T13:42:42+08:00,73956,11.0,31.9,11,499.0,750.9,510.0,0.763,5,clock|dynamic|fixed|macro|quotes,False,60
2026-10-01T13:43:42+08:00,73956,11.0,31.9,11,498.7,750.7,509.7,0.370,5,clock|dynamic|fixed|macro|quotes,False,60
2026-10-01T13:44:42+08:00,73956,11.0,31.9,11,497.5,750.8,508.5,0.388,5,clock|dynamic|fixed|macro|quotes,False,60
2026-10-01T13:45:42+08:00,73956,11.0,31.9,11,499.4,750.7,510.4,0.566,5,clock|dynamic|fixed|macro|quotes,False,60
2026-10-01T13:46:42+08:00,73956,11.0,31.9,11,498.7,751.1,509.7,0.292,5,clock|dynamic|fixed|macro|quotes,False,60
2026-10-01T13:47:42+08:00,73956,11.0,31.9,11,499.6,751.1,510.6,0.656,5,clock|dynamic|fixed|macro|quotes,False,60
2026-10-01T13:48:42+08:00,73956,11.0,31.9,11,499.0,750.7,510.0,0.373,5,clock|dynamic|fixed|macro|quotes,False,60
2026-10-01T13:49:42+08:00,73956,11.0,31.9,11,499.4,751.2,510.4,0.608,5,clock|dynamic|fixed|macro|quotes,False,60
2026-10-01T13:50:42+08:00,73956,11.0,31.9,11,500.4,751.0,511.4,0.521,5,clock|dynamic|fixed|macro|quotes,False,60
2026-10-01T13:51:42+08:00,73956,11.0,31.9,11,498.5,750.8,509.5,0.303,5,clock|dynamic|fixed|macro|quotes,False,60
2026-10-01T13:52:42+08:00,73956,11.0,31.9,11,499.9,751.2,510.8,0.721,5,clock|dynamic|fixed|macro|quotes,False,60
2026-10-01T13:53:42+08:00,73956,11.0,31.9,11,499.4,751.2,510.4,0.343,5,clock|dynamic|fixed|macro|quotes,False,60
2026-10-01T13:54:42+08:00,73956,11.0,31.9,11,504.4,751.8,515.4,0.668,5,clock|dynamic|fixed|macro|quotes,False,60
2026-10-01T13:55:42+08:00,73956,11.0,31.9,11,500.8,751.3,511.8,0.362,5,clock|dynamic|fixed|macro|quotes,False,60
2026-10-01T13:56:42+08:00,73956,11.0,31.9,11,500.9,751.4,511.9,0.497,5,clock|dynamic|fixed|macro|quotes,False,60
2026-10-01T13:57:42+08:00,73956,11.0,31.9,11,501.9,751.5,512.9,0.525,5,clock|dynamic|fixed|macro|quotes,False,60
2026-10-01T13:58:42+08:00,73956,11.0,31.9,11,501.9,751.4,512.9,0.347,5,clock|dynamic|fixed|macro|quotes,False,60
2026-10-01T13:59:42+08:00,73956,11.0,31.9,11,509.6,751.9,520.6,0.694,5,clock|dynamic|fixed|macro|quotes,False,60
2026-10-01T14:00:42+08:00,73956,11.0,31.9,11,502.6,751.6,513.6,0.353,5,clock|dynamic|fixed|macro|quotes,False,60
2026-10-01T14:01:42+08:00,73956,11.0,31.9,11,501.2,751.5,512.2,0.703,5,clock|dynamic|fixed|macro|quotes,False,60
2026-10-01T14:02:42+08:00,73956,11.0,31.9,11,502.1,751.9,513.1,0.376,5,clock|dynamic|fixed|macro|quotes,False,60
2026-10-01T14:03:42+08:00,73956,11.0,31.9,11,501.9,751.8,512.9,0.511,5,clock|dynamic|fixed|macro|quotes,False,60
2026-10-01T14:04:42+08:00,73956,11.0,31.9,11,510.3,752.5,521.3,0.537,5,clock|dynamic|fixed|macro|quotes,False,60
2026-10-01T14:05:42+08:00,73956,11.0,31.9,11,502.4,751.7,513.3,0.328,5,clock|dynamic|fixed|macro|quotes,False,60
2026-10-01T14:06:42+08:00,73956,11.0,31.9,11,500.3,751.8,511.2,0.738,5,clock|dynamic|fixed|macro|quotes,False,60
2026-10-01T14:07:42+08:00,73956,11.0,31.9,11,501.0,751.8,512.0,0.373,5,clock|dynamic|fixed|macro|quotes,False,60
2026-10-01T14:08:42+08:00,73956,11.0,31.9,11,501.4,752.3,512.4,0.642,5,clock|dynamic|fixed|macro|quotes,False,60
2026-10-01T14:09:42+08:00,73956,11.1,32.0,11,512.7,755.6,523.8,0.404,5,clock|dynamic|fixed|macro|quotes,False,60
2026-10-01T14:10:42+08:00,73956,11.1,32.0,11,501.9,752.2,512.9,0.373,5,clock|dynamic|fixed|macro|quotes,False,60
2026-10-01T14:11:42+08:00,73956,11.1,32.0,11,500.8,752.8,511.9,0.637,5,clock|dynamic|fixed|macro|quotes,False,60
2026-10-01T14:12:42+08:00,73956,11.1,32.0,11,501.5,752.6,512.6,0.301,5,clock|dynamic|fixed|macro|quotes,False,60
2026-10-01T14:13:42+08:00,73956,11.1,32.0,11,501.2,752.5,512.3,0.600,5,clock|dynamic|fixed|macro|quotes,False,60
2026-10-01T14:14:42+08:00,73956,11.1,32.0,11,510.3,753.7,521.3,0.357,5,clock|dynamic|fixed|macro|quotes,False,60
2026-10-01T14:15:42+08:00,73956,11.1,32.0,11,502.2,752.7,513.3,0.484,5,clock|dynamic|fixed|macro|quotes,False,60
2026-10-01T14:16:42+08:00,73956,11.1,32.0,11,500.0,752.5,511.1,0.486,5,clock|dynamic|fixed|macro|quotes,False,60
2026-10-01T14:17:42+08:00,73956,11.1,32.0,11,500.9,752.7,512.0,0.294,5,clock|dynamic|fixed|macro|quotes,False,60
2026-10-01T14:18:42+08:00,73956,11.1,32.0,11,501.0,752.7,512.1,0.705,5,clock|dynamic|fixed|macro|quotes,False,60
2026-10-01T14:19:42+08:00,73956,11.1,32.0,11,501.3,753.1,512.4,0.341,5,clock|dynamic|fixed|macro|quotes,False,60
2026-10-01T14:20:42+08:00,73956,11.1,32.0,11,501.5,753.1,512.6,0.592,5,clock|dynamic|fixed|macro|quotes,False,60
2026-10-01T14:21:42+08:00,73956,11.1,32.0,11,500.4,753.0,511.5,0.382,5,clock|dynamic|fixed|macro|quotes,False,60
2026-10-01T14:22:42+08:00,73956,11.1,32.0,11,500.2,752.8,511.2,0.270,5,clock|dynamic|fixed|macro|quotes,False,60
2026-10-01T14:23:42+08:00,73956,11.1,32.0,11,500.0,752.5,511.0,0.691,5,clock|dynamic|fixed|macro|quotes,False,60
2026-10-01T14:24:42+08:00,73956,11.1,32.0,11,501.5,752.5,512.6,0.307,5,clock|dynamic|fixed|macro|quotes,False,60
2026-10-01T14:25:42+08:00,73956,11.1,32.0,11,501.7,752.8,512.8,0.662,5,clock|dynamic|fixed|macro|quotes,False,60
2026-10-01T14:26:42+08:00,73956,11.1,32.0,11,500.5,752.7,511.6,0.369,5,clock|dynamic|fixed|macro|quotes,False,60
2026-10-01T14:27:42+08:00,73956,11.1,32.0,11,502.0,752.7,513.1,0.497,5,clock|dynamic|fixed|macro|quotes,False,60
2026-10-01T14:28:42+08:00,73956,11.1,32.0,11,501.2,752.6,512.3,0.525,5,clock|dynamic|fixed|macro|quotes,False,60
2026-10-01T14:29:43+08:00,73956,11.1,32.0,11,502.2,752.5,513.3,0.276,5,clock|dynamic|fixed|macro|quotes,False,60
2026-10-01T14:30:43+08:00,73956,27.1,47.9,11,502.5,751.8,529.6,0.690,5,clock|dynamic|fixed|macro|quotes,False,60
2026-10-01T14:31:43+08:00,73956,27.1,47.9,11,501.0,751.7,528.2,0.344,5,clock|dynamic|fixed|macro|quotes,False,60
2026-10-01T14:32:43+08:00,73956,27.1,47.9,11,502.4,751.8,529.6,0.604,5,clock|dynamic|fixed|macro|quotes,False,60
2026-10-01T14:33:43+08:00,73956,27.1,47.9,11,501.8,751.9,528.9,0.382,5,clock|dynamic|fixed|macro|quotes,False,60
2026-10-01T14:34:43+08:00,73956,27.1,47.9,11,502.1,751.8,529.3,0.264,5,clock|dynamic|fixed|macro|quotes,False,60
2026-10-01T14:35:43+08:00,73956,27.1,47.9,11,502.2,751.9,529.4,0.621,5,clock|dynamic|fixed|macro|quotes,False,60
2026-10-01T14:36:42+08:00,73956,27.1,47.9,11,500.9,752.3,528.1,0.302,5,clock|dynamic|fixed|macro|quotes,False,60
2026-10-01T14:37:43+08:00,73956,27.1,47.9,11,506.0,755.9,533.2,0.625,5,clock|dynamic|fixed|macro|quotes,False,60
2026-10-01T14:38:43+08:00,73956,27.1,47.9,11,502.1,752.8,529.3,0.355,5,clock|dynamic|fixed|macro|quotes,False,60
2026-10-01T14:39:43+08:00,73956,27.1,47.9,11,502.6,752.4,529.7,0.435,5,clock|dynamic|fixed|macro|quotes,False,60
2026-10-01T14:40:43+08:00,73956,27.1,47.9,11,507.2,752.6,534.4,0.506,5,clock|dynamic|fixed|macro|quotes,False,60
2026-10-01T14:41:43+08:00,73956,27.1,47.9,11,500.5,752.5,527.7,0.242,5,clock|dynamic|fixed|macro|quotes,False,60
2026-10-01T14:42:43+08:00,73956,27.1,47.9,11,503.1,752.6,530.2,0.664,5,clock|dynamic|fixed|macro|quotes,False,60
2026-10-01T14:43:43+08:00,73956,27.1,47.9,11,501.7,752.8,528.9,0.344,5,clock|dynamic|fixed|macro|quotes,False,60
2026-10-01T14:44:43+08:00,73956,27.1,47.9,11,502.2,752.8,529.4,0.541,5,clock|dynamic|fixed|macro|quotes,False,60
2026-10-01T14:45:43+08:00,73956,27.1,47.9,11,502.2,752.7,529.3,0.378,5,clock|dynamic|fixed|macro|quotes,False,60
2026-10-01T14:46:43+08:00,73956,27.1,47.9,11,500.8,752.8,527.9,0.266,5,clock|dynamic|fixed|macro|quotes,False,60
2026-10-01T14:47:43+08:00,73956,27.1,47.9,11,502.7,752.7,529.9,0.687,5,clock|dynamic|fixed|macro|quotes,False,60
2026-10-01T14:48:43+08:00,73956,27.1,47.9,11,501.3,752.6,528.4,0.317,5,clock|dynamic|fixed|macro|quotes,False,60
2026-10-01T14:49:43+08:00,73956,27.1,47.9,11,502.2,752.9,529.3,0.640,5,clock|dynamic|fixed|macro|quotes,False,60
2026-10-01T14:50:43+08:00,73956,27.1,47.9,11,502.3,752.9,529.4,0.344,5,clock|dynamic|fixed|macro|quotes,False,60
2026-10-01T14:51:43+08:00,73956,27.1,47.9,11,508.8,753.2,535.9,0.473,5,clock|dynamic|fixed|macro|quotes,False,60
2026-10-01T14:52:43+08:00,73956,27.1,47.9,11,503.6,753.1,530.8,0.517,5,clock|dynamic|fixed|macro|quotes,False,60
2026-10-01T14:53:43+08:00,73956,27.1,47.9,11,502.5,753.1,529.7,0.259,5,clock|dynamic|fixed|macro|quotes,False,60
2026-10-01T14:54:43+08:00,73956,27.1,47.9,11,503.2,753.2,530.3,0.662,5,clock|dynamic|fixed|macro|quotes,False,60
2026-10-01T14:55:43+08:00,73956,27.1,47.9,11,503.3,753.7,530.4,0.395,5,clock|dynamic|fixed|macro|quotes,False,60
2026-10-01T14:56:43+08:00,73956,27.1,47.9,11,509.4,753.9,536.5,0.605,5,clock|dynamic|fixed|macro|quotes,False,60
2026-10-01T14:57:43+08:00,73956,27.1,47.9,11,503.9,753.5,531.1,0.385,5,clock|dynamic|fixed|macro|quotes,False,60
2026-10-01T14:58:43+08:00,73956,27.1,47.9,11,502.5,753.5,529.7,0.352,5,clock|dynamic|fixed|macro|quotes,False,60
2026-10-01T14:59:43+08:00,73956,27.1,47.9,11,503.3,753.6,530.4,0.671,5,clock|dynamic|fixed|macro|quotes,False,60
2026-10-01T15:00:43+08:00,73956,27.1,47.9,11,503.5,753.8,530.7,0.319,5,clock|dynamic|fixed|macro|quotes,False,60
2026-10-01T15:01:43+08:00,73956,27.1,47.9,11,511.9,754.3,539.0,0.627,5,clock|dynamic|fixed|macro|quotes,False,60
2026-10-01T15:02:43+08:00,73956,27.1,47.9,11,504.1,753.7,531.3,0.360,5,clock|dynamic|fixed|macro|quotes,False,60
2026-10-01T15:03:43+08:00,73956,27.1,47.9,11,503.0,753.8,530.1,0.505,5,clock|dynamic|fixed|macro|quotes,False,60
2026-10-01T15:04:43+08:00,73956,27.1,47.9,11,507.5,757.7,534.7,0.454,5,clock|dynamic|fixed|macro|quotes,False,60
2026-10-01T15:05:43+08:00,73956,27.1,47.9,11,504.2,754.4,531.4,0.235,5,clock|dynamic|fixed|macro|quotes,False,60
2026-10-01T15:06:43+08:00,73956,27.1,47.9,11,512.6,754.9,539.7,0.694,5,clock|dynamic|fixed|macro|quotes,False,60
2026-10-01T15:07:43+08:00,73956,27.1,47.9,11,504.2,753.5,531.3,0.332,5,clock|dynamic|fixed|macro|quotes,False,60
2026-10-01T15:08:43+08:00,73956,27.1,47.9,11,502.8,753.7,530.0,0.578,5,clock|dynamic|fixed|macro|quotes,False,60
2026-10-01T15:09:43+08:00,73956,27.1,47.9,11,503.6,753.7,530.7,0.400,5,clock|dynamic|fixed|macro|quotes,False,60
2026-10-01T15:10:43+08:00,73956,27.1,47.9,11,504.1,753.8,531.3,0.417,5,clock|dynamic|fixed|macro|quotes,False,60
2026-10-01T15:11:43+08:00,73956,27.1,47.9,11,511.9,754.4,539.1,0.678,5,clock|dynamic|fixed|macro|quotes,False,60
2026-10-01T15:12:43+08:00,73956,27.1,47.9,11,504.6,754.0,531.7,0.315,5,clock|dynamic|fixed|macro|quotes,False,60
2026-10-01T15:13:43+08:00,73956,27.1,47.9,11,503.0,753.9,530.1,0.656,5,clock|dynamic|fixed|macro|quotes,False,60
2026-10-01T15:14:43+08:00,73956,27.1,47.9,11,503.2,753.9,530.3,0.359,5,clock|dynamic|fixed|macro|quotes,False,60
2026-10-01T15:15:43+08:00,73956,27.1,47.9,11,503.3,753.9,530.4,0.525,5,clock|dynamic|fixed|macro|quotes,False,60
2026-10-01T15:16:43+08:00,73956,27.1,47.9,11,503.5,754.3,530.6,0.434,5,clock|dynamic|fixed|macro|quotes,False,60
2026-10-01T15:17:43+08:00,73956,27.1,47.9,11,507.4,758.3,534.5,0.210,5,clock|dynamic|fixed|macro|quotes,False,60
2026-10-01T15:18:43+08:00,73956,27.1,47.9,11,503.0,754.6,530.1,0.676,5,clock|dynamic|fixed|macro|quotes,False,60
2026-10-01T15:19:43+08:00,73956,27.1,47.9,11,503.6,754.7,530.7,0.338,5,clock|dynamic|fixed|macro|quotes,False,60
2026-10-01T15:20:43+08:00,73956,27.1,47.9,11,502.8,754.5,529.9,0.603,5,clock|dynamic|fixed|macro|quotes,False,60
2026-10-01T15:21:43+08:00,73956,27.1,47.9,11,503.4,754.4,530.6,0.355,5,clock|dynamic|fixed|macro|quotes,False,60
2026-10-01T15:22:43+08:00,73956,27.1,47.9,11,503.9,754.6,531.1,0.334,5,clock|dynamic|fixed|macro|quotes,False,60
2026-10-01T15:23:43+08:00,73956,27.1,47.9,11,502.4,754.4,529.5,0.627,5,clock|dynamic|fixed|macro|quotes,False,60
2026-10-01T15:24:43+08:00,73956,27.1,47.9,11,503.7,754.5,530.8,0.320,5,clock|dynamic|fixed|macro|quotes,False,60
2026-10-01T15:25:43+08:00,73956,27.1,47.9,11,502.8,754.5,530.0,0.674,5,clock|dynamic|fixed|macro|quotes,False,60
2026-10-01T15:26:43+08:00,73956,27.1,47.9,11,504.7,754.4,531.9,0.374,5,clock|dynamic|fixed|macro|quotes,False,60
2026-10-01T15:27:43+08:00,73956,27.1,47.9,11,505.3,755.0,532.4,0.527,5,clock|dynamic|fixed|macro|quotes,False,60
2026-10-01T15:28:43+08:00,73956,27.1,47.9,11,503.8,754.9,531.0,0.438,5,clock|dynamic|fixed|macro|quotes,False,60
2026-10-01T15:29:43+08:00,73956,27.1,47.9,11,505.0,754.9,532.2,0.227,5,clock|dynamic|fixed|macro|quotes,False,60
2026-10-01T15:30:43+08:00,73956,27.1,47.9,11,504.2,754.9,531.4,0.678,5,clock|dynamic|fixed|macro|quotes,False,60
2026-10-01T15:31:43+08:00,73956,27.1,47.9,11,504.8,754.8,531.9,0.359,5,clock|dynamic|fixed|macro|quotes,False,60
2026-10-01T15:32:43+08:00,73956,27.1,47.9,11,504.9,754.8,532.0,0.602,5,clock|dynamic|fixed|macro|quotes,False,60
2026-10-01T15:33:43+08:00,73956,27.1,47.9,11,503.7,755.2,530.8,0.374,5,clock|dynamic|fixed|macro|quotes,False,60
2026-10-01T15:34:43+08:00,73956,27.1,47.9,11,505.0,755.0,532.2,0.324,5,clock|dynamic|fixed|macro|quotes,False,60
2026-10-01T15:35:43+08:00,73956,27.1,47.9,11,504.1,754.9,531.2,0.646,5,clock|dynamic|fixed|macro|quotes,False,60
2026-10-01T15:36:43+08:00,73956,27.1,47.9,11,504.8,755.0,531.9,0.269,5,clock|dynamic|fixed|macro|quotes,False,60
2026-10-01T15:37:43+08:00,73956,27.1,47.9,11,504.4,755.0,531.5,0.618,5,clock|dynamic|fixed|macro|quotes,False,60
2026-10-01T15:38:43+08:00,73956,27.1,47.9,11,503.1,755.0,530.2,0.362,5,clock|dynamic|fixed|macro|quotes,False,60
2026-10-01T15:39:43+08:00,73956,27.1,47.9,11,505.7,755.6,532.8,0.442,5,clock|dynamic|fixed|macro|quotes,False,60
2026-10-01T15:40:43+08:00,73956,27.1,47.9,11,504.3,755.5,531.5,0.402,5,clock|dynamic|fixed|macro|quotes,False,60
2026-10-01T15:41:43+08:00,73956,27.1,47.9,11,505.8,756.4,533.0,0.223,5,clock|dynamic|fixed|macro|quotes,False,60
2026-10-01T15:42:43+08:00,73956,27.1,47.9,11,505.2,756.0,532.4,0.691,5,clock|dynamic|fixed|macro|quotes,False,60
2026-10-01T15:43:43+08:00,73956,27.1,47.9,11,503.9,756.0,531.0,0.347,5,clock|dynamic|fixed|macro|quotes,False,60
2026-10-01T15:44:43+08:00,73956,27.1,47.9,11,505.4,755.6,532.5,0.631,5,clock|dynamic|fixed|macro|quotes,False,60
2026-10-01T15:45:43+08:00,73956,27.1,47.9,11,505.0,756.4,532.2,0.361,5,clock|dynamic|fixed|macro|quotes,False,60
2026-10-01T15:46:44+08:00,73956,27.1,47.9,11,504.4,755.3,531.5,0.345,5,clock|dynamic|fixed|macro|quotes,False,60
2026-10-01T15:47:43+08:00,73956,27.1,47.9,11,504.4,755.4,531.6,0.630,5,clock|dynamic|fixed|macro|quotes,False,60
2026-10-01T15:48:43+08:00,73956,27.1,47.9,11,508.2,760.0,535.3,0.294,5,clock|dynamic|fixed|macro|quotes,False,60
2026-10-01T15:49:43+08:00,73956,27.1,47.9,11,505.7,756.1,532.8,0.636,5,clock|dynamic|fixed|macro|quotes,False,60
2026-10-01T15:50:43+08:00,73956,27.1,47.9,11,504.8,756.5,531.9,0.379,5,clock|dynamic|fixed|macro|quotes,False,60
2026-10-01T15:51:43+08:00,73956,27.1,47.9,11,505.5,756.4,532.7,0.493,5,clock|dynamic|fixed|macro|quotes,False,60
2026-10-01T15:52:43+08:00,73956,27.1,47.9,11,505.0,756.2,532.2,0.430,5,clock|dynamic|fixed|macro|quotes,False,60
2026-10-01T15:53:43+08:00,73956,27.1,47.9,11,509.6,756.9,536.8,0.276,5,clock|dynamic|fixed|macro|quotes,False,60
2026-10-01T15:54:43+08:00,73956,27.1,47.9,11,505.7,756.2,532.8,0.725,5,clock|dynamic|fixed|macro|quotes,False,60
2026-10-01T15:55:44+08:00,73956,27.1,47.9,11,504.6,756.3,531.8,0.353,5,clock|dynamic|fixed|macro|quotes,False,60
2026-10-01T15:56:43+08:00,73956,27.1,47.9,11,505.7,756.2,532.9,0.579,5,clock|dynamic|fixed|macro|quotes,False,60
2026-10-01T15:57:43+08:00,73956,27.1,47.9,11,505.5,756.5,532.7,0.347,5,clock|dynamic|fixed|macro|quotes,False,60
2026-10-01T15:58:43+08:00,73956,27.1,47.9,11,516.8,761.1,543.9,0.345,5,clock|dynamic|fixed|macro|quotes,False,60
2026-10-01T15:59:43+08:00,73956,27.1,47.9,11,506.5,756.7,533.7,0.614,5,clock|dynamic|fixed|macro|quotes,False,60
2026-10-01T16:00:43+08:00,73956,27.1,47.9,11,505.6,756.6,532.8,0.290,5,clock|dynamic|fixed|macro|quotes,False,60
2026-10-01T16:01:43+08:00,73956,27.1,47.9,11,505.5,756.7,532.6,0.591,5,clock|dynamic|fixed|macro|quotes,False,60
2026-10-01T16:02:44+08:00,73956,27.1,47.9,11,505.7,756.5,532.8,0.372,5,clock|dynamic|fixed|macro|quotes,False,60
2026-10-01T16:03:43+08:00,73956,27.1,47.9,11,513.9,757.0,541.0,0.560,5,clock|dynamic|fixed|macro|quotes,False,60
2026-10-01T16:04:43+08:00,73956,27.1,47.9,11,506.6,756.6,533.8,0.413,5,clock|dynamic|fixed|macro|quotes,False,60
2026-10-01T16:05:43+08:00,73956,27.1,47.9,11,504.8,756.6,532.0,0.243,5,clock|dynamic|fixed|macro|quotes,False,60
2026-10-01T16:06:43+08:00,73956,27.1,47.9,11,505.7,756.5,532.9,0.683,5,clock|dynamic|fixed|macro|quotes,False,60
2026-10-01T16:07:44+08:00,73956,27.1,47.9,11,505.6,756.6,532.7,0.320,5,clock|dynamic|fixed|macro|quotes,False,60
2026-10-01T16:08:44+08:00,73956,27.1,47.9,11,514.4,757.6,541.5,0.600,5,clock|dynamic|fixed|macro|quotes,False,60
2026-10-01T16:09:44+08:00,73956,27.1,47.9,11,506.1,756.7,533.2,0.365,5,clock|dynamic|fixed|macro|quotes,False,60
2026-10-01T16:10:44+08:00,73956,27.1,47.9,11,504.7,756.7,531.9,0.348,5,clock|dynamic|fixed|macro|quotes,False,60
2026-10-01T16:11:44+08:00,73956,27.1,47.9,11,505.9,757.1,533.0,0.569,5,clock|dynamic|fixed|macro|quotes,False,60
2026-10-01T16:12:43+08:00,73956,27.1,47.9,11,506.5,757.4,533.6,0.285,5,clock|dynamic|fixed|macro|quotes,False,60
2026-10-01T16:13:44+08:00,73956,27.1,47.9,11,506.6,757.4,533.8,0.652,5,clock|dynamic|fixed|macro|quotes,False,60
2026-10-01T16:14:44+08:00,73956,27.1,47.9,11,507.5,757.4,534.7,0.345,5,clock|dynamic|fixed|macro|quotes,False,60
2026-10-01T16:15:44+08:00,73956,27.1,47.9,11,505.8,757.2,533.0,0.531,5,clock|dynamic|fixed|macro|quotes,False,60
2026-10-01T16:16:44+08:00,73956,27.1,47.9,11,506.5,757.0,533.6,0.426,5,clock|dynamic|fixed|macro|quotes,False,60
2026-10-01T16:17:44+08:00,73956,27.1,47.9,11,506.6,757.2,533.7,0.231,5,clock|dynamic|fixed|macro|quotes,False,60
2026-10-01T16:18:44+08:00,73956,27.1,47.9,11,506.5,757.1,533.6,0.717,5,clock|dynamic|fixed|macro|quotes,False,60
2026-10-01T16:19:44+08:00,73956,27.1,47.9,11,506.8,757.3,533.9,0.340,5,clock|dynamic|fixed|macro|quotes,False,60
2026-10-01T16:20:44+08:00,73956,27.1,47.9,11,506.4,757.8,533.5,0.600,5,clock|dynamic|fixed|macro|quotes,False,60
2026-10-01T16:21:44+08:00,73956,27.1,47.9,11,507.1,757.5,534.3,0.360,5,clock|dynamic|fixed|macro|quotes,False,60
2026-10-01T16:22:44+08:00,73956,27.1,47.9,11,506.6,757.7,533.7,0.387,5,clock|dynamic|fixed|macro|quotes,False,60
2026-10-01T16:23:44+08:00,73956,27.1,47.9,11,512.8,757.7,539.9,0.592,5,clock|dynamic|fixed|macro|quotes,False,60
2026-10-01T16:24:44+08:00,73956,27.1,47.9,11,508.0,757.5,535.1,0.294,5,clock|dynamic|fixed|macro|quotes,False,60
2026-10-01T16:25:44+08:00,73956,27.1,47.9,11,507.3,757.9,534.5,0.669,5,clock|dynamic|fixed|macro|quotes,False,60
2026-10-01T16:26:44+08:00,73956,27.1,47.9,11,508.3,757.6,535.4,0.346,5,clock|dynamic|fixed|macro|quotes,False,60
2026-10-01T16:27:44+08:00,73956,27.1,47.9,11,507.9,757.6,535.0,0.574,5,clock|dynamic|fixed|macro|quotes,False,60
2026-10-01T16:28:44+08:00,73956,27.1,47.9,11,508.2,757.4,535.3,0.360,5,clock|dynamic|fixed|macro|quotes,False,60
2026-10-01T16:29:44+08:00,73956,27.1,47.9,11,508.2,757.5,535.3,0.220,5,clock|dynamic|fixed|macro|quotes,False,60
2026-10-01T16:30:44+08:00,73956,27.1,47.9,11,506.9,757.4,534.1,0.727,5,clock|dynamic|fixed|macro|quotes,False,60
2026-10-01T16:31:44+08:00,73956,27.1,47.9,11,508.2,757.4,535.3,0.326,5,clock|dynamic|fixed|macro|quotes,False,60
2026-10-01T16:32:44+08:00,73956,27.1,47.9,11,508.0,757.5,535.1,0.625,5,clock|dynamic|fixed|macro|quotes,False,60
2026-10-01T16:33:44+08:00,73956,27.1,47.9,11,508.5,757.6,535.7,0.359,5,clock|dynamic|fixed|macro|quotes,False,60
2026-10-01T16:34:44+08:00,73956,27.1,47.9,11,509.2,757.7,536.4,0.452,5,clock|dynamic|fixed|macro|quotes,False,60
2026-10-01T16:35:44+08:00,73956,27.1,47.9,11,506.1,757.6,533.2,0.500,5,clock|dynamic|fixed|macro|quotes,False,60
2026-10-01T16:36:44+08:00,73956,27.1,47.9,11,507.6,757.8,534.7,0.254,5,clock|dynamic|fixed|macro|quotes,False,60
2026-10-01T16:37:44+08:00,73956,27.1,47.9,11,506.8,758.0,533.9,0.672,5,clock|dynamic|fixed|macro|quotes,False,60
2026-10-01T16:38:44+08:00,73956,27.1,47.9,11,507.2,757.6,534.3,0.347,5,clock|dynamic|fixed|macro|quotes,False,60
2026-10-01T16:39:44+08:00,73956,27.1,47.9,11,507.4,758.1,534.6,0.598,5,clock|dynamic|fixed|macro|quotes,False,60
2026-10-01T16:40:44+08:00,73956,27.1,47.9,11,506.3,758.5,533.5,0.373,5,clock|dynamic|fixed|macro|quotes,False,60
2026-10-01T16:41:44+08:00,73956,27.1,47.9,11,508.1,758.2,535.3,0.247,5,clock|dynamic|fixed|macro|quotes,False,60
2026-10-01T16:42:44+08:00,73956,27.1,47.9,11,506.6,758.9,533.8,0.687,5,clock|dynamic|fixed|macro|quotes,False,60
2026-10-01T16:43:44+08:00,73956,27.1,47.9,11,507.5,758.9,534.6,0.286,5,clock|dynamic|fixed|macro|quotes,False,60
2026-10-01T16:44:44+08:00,73956,27.1,47.9,11,507.3,758.9,534.4,0.578,5,clock|dynamic|fixed|macro|quotes,False,60
2026-10-01T16:45:44+08:00,73956,27.1,47.9,11,506.4,759.1,533.6,0.334,5,clock|dynamic|fixed|macro|quotes,False,60
2026-10-01T16:46:44+08:00,73956,27.1,47.9,11,508.4,759.0,535.5,0.459,5,clock|dynamic|fixed|macro|quotes,False,60
2026-10-01T16:47:44+08:00,73956,27.1,47.9,11,507.0,759.2,534.2,0.508,5,clock|dynamic|fixed|macro|quotes,False,60
2026-10-01T16:48:44+08:00,73956,27.1,47.9,11,508.0,759.6,535.2,0.265,5,clock|dynamic|fixed|macro|quotes,False,60
2026-10-01T16:49:44+08:00,73956,27.1,47.9,11,507.7,759.2,534.9,0.694,5,clock|dynamic|fixed|macro|quotes,False,60
2026-10-01T16:50:44+08:00,73956,27.1,47.9,11,514.1,760.1,541.3,0.345,5,clock|dynamic|fixed|macro|quotes,False,60
2026-10-01T16:51:44+08:00,73956,27.1,47.9,11,508.6,759.6,535.8,0.653,5,clock|dynamic|fixed|macro|quotes,False,60
2026-10-01T16:52:44+08:00,73956,27.1,47.9,11,507.9,759.8,535.1,0.367,5,clock|dynamic|fixed|macro|quotes,False,60
2026-10-01T16:53:44+08:00,73956,27.1,47.9,11,508.2,759.8,535.4,0.373,5,clock|dynamic|fixed|macro|quotes,False,60
2026-10-01T16:54:44+08:00,73956,27.1,47.9,11,508.0,759.8,535.2,0.569,5,clock|dynamic|fixed|macro|quotes,False,60
2026-10-01T16:55:44+08:00,73956,27.1,47.9,11,515.3,760.4,542.4,0.298,5,clock|dynamic|fixed|macro|quotes,False,60
2026-10-01T16:56:44+08:00,73956,27.1,47.9,11,508.8,759.6,536.0,0.670,5,clock|dynamic|fixed|macro|quotes,False,60
2026-10-01T16:57:44+08:00,73956,27.1,47.9,11,507.5,759.5,534.6,0.344,5,clock|dynamic|fixed|macro|quotes,False,60
2026-10-01T16:58:44+08:00,73956,27.1,47.9,11,508.8,759.6,535.9,0.572,5,clock|dynamic|fixed|macro|quotes,False,60
2026-10-01T16:59:44+08:00,73956,27.1,47.9,11,508.6,759.6,535.7,0.381,5,clock|dynamic|fixed|macro|quotes,False,60
2026-10-01T17:00:44+08:00,73956,27.1,47.9,11,516.9,760.1,544.1,0.230,5,clock|dynamic|fixed|macro|quotes,False,60
2026-10-01T17:01:44+08:00,73956,27.1,47.9,11,509.6,759.6,536.7,0.708,5,clock|dynamic|fixed|macro|quotes,False,60
2026-10-01T17:02:44+08:00,73956,27.1,47.9,11,507.8,759.6,535.0,0.322,5,clock|dynamic|fixed|macro|quotes,False,60
2026-10-01T17:03:44+08:00,73956,27.1,47.9,11,509.1,762.7,536.3,0.637,5,clock|dynamic|fixed|macro|quotes,False,60
2026-10-01T17:04:44+08:00,73956,27.1,47.9,11,508.4,762.4,535.6,0.345,5,clock|dynamic|fixed|macro|quotes,False,60
2026-10-01T17:05:44+08:00,73956,27.1,47.9,11,516.9,763.1,544.1,0.441,5,clock|dynamic|fixed|macro|quotes,False,60
2026-10-01T17:06:44+08:00,73956,27.1,47.9,11,509.2,762.5,536.3,0.494,5,clock|dynamic|fixed|macro|quotes,False,60
2026-10-01T17:07:44+08:00,73956,27.1,47.9,11,508.4,762.9,535.5,0.260,5,clock|dynamic|fixed|macro|quotes,False,60
2026-10-01T17:08:44+08:00,73956,27.1,47.9,11,509.0,762.7,536.2,0.672,5,clock|dynamic|fixed|macro|quotes,False,60
2026-10-01T17:09:44+08:00,73956,27.1,47.9,11,508.8,762.7,535.9,0.334,5,clock|dynamic|fixed|macro|quotes,False,60
2026-10-01T17:10:44+08:00,73956,27.1,47.9,11,518.4,763.9,545.5,0.612,5,clock|dynamic|fixed|macro|quotes,False,60
2026-10-01T17:11:44+08:00,73956,27.1,47.9,11,510.1,762.7,537.2,0.372,5,clock|dynamic|fixed|macro|quotes,False,60
2026-10-01T17:12:44+08:00,73956,27.1,47.9,11,509.6,762.7,536.7,0.306,5,clock|dynamic|fixed|macro|quotes,False,60
2026-10-01T17:13:44+08:00,73956,27.2,47.9,11,510.4,763.2,537.6,0.639,5,clock|dynamic|fixed|macro|quotes,False,60
2026-10-01T17:14:44+08:00,73956,27.1,47.9,11,510.0,762.8,537.2,0.296,5,clock|dynamic|fixed|macro|quotes,False,60
2026-10-01T17:15:44+08:00,73956,27.1,47.9,11,510.1,763.0,537.3,0.614,5,clock|dynamic|fixed|macro|quotes,False,60
2026-10-01T17:16:44+08:00,73956,27.1,47.9,11,510.2,763.0,537.4,0.360,5,clock|dynamic|fixed|macro|quotes,False,60
2026-10-01T17:17:44+08:00,73956,27.1,47.9,11,509.8,763.2,536.9,0.560,5,clock|dynamic|fixed|macro|quotes,False,60
2026-10-01T17:18:44+08:00,73956,27.1,47.9,11,510.4,763.2,537.6,0.416,5,clock|dynamic|fixed|macro|quotes,False,60
2026-10-01T17:19:44+08:00,73956,27.1,47.9,11,509.8,763.1,536.9,0.259,5,clock|dynamic|fixed|macro|quotes,False,60
2026-10-01T17:20:44+08:00,73956,27.1,47.9,11,510.8,763.4,537.9,0.725,5,clock|dynamic|fixed|macro|quotes,False,60
2026-10-01T17:21:44+08:00,73956,27.1,47.9,11,510.6,763.5,537.8,0.315,5,clock|dynamic|fixed|macro|quotes,False,60
2026-10-01T17:22:44+08:00,73956,27.1,47.9,11,508.4,763.3,535.5,0.631,5,clock|dynamic|fixed|macro|quotes,False,60
2026-10-01T17:23:44+08:00,73956,27.1,47.9,11,509.0,763.3,536.2,0.353,5,clock|dynamic|fixed|macro|quotes,False,60
2026-10-01T17:24:44+08:00,73956,27.1,47.9,11,509.0,763.3,536.1,0.456,5,clock|dynamic|fixed|macro|quotes,False,60
2026-10-01T17:25:44+08:00,73956,27.1,47.9,11,510.0,763.3,537.1,0.521,5,clock|dynamic|fixed|macro|quotes,False,60
2026-10-01T17:26:44+08:00,73956,27.1,47.9,11,510.0,763.5,537.2,0.266,5,clock|dynamic|fixed|macro|quotes,False,60
2026-10-01T17:27:44+08:00,73956,27.1,47.9,11,508.9,763.6,536.1,0.704,5,clock|dynamic|fixed|macro|quotes,False,60
2026-10-01T17:28:44+08:00,73956,27.1,47.9,11,510.6,763.6,537.7,0.347,5,clock|dynamic|fixed|macro|quotes,False,60
2026-10-01T17:29:44+08:00,73956,27.1,47.9,11,509.6,763.4,536.8,0.622,5,clock|dynamic|fixed|macro|quotes,False,60
2026-10-01T17:30:44+08:00,73956,27.1,47.9,11,510.8,763.4,537.9,0.371,5,clock|dynamic|fixed|macro|quotes,False,60
2026-10-01T17:31:44+08:00,73956,27.1,47.9,11,510.6,763.5,537.8,0.293,5,clock|dynamic|fixed|macro|quotes,False,60
2026-10-01T17:32:44+08:00,73956,27.1,47.9,11,509.3,763.8,536.5,0.639,5,clock|dynamic|fixed|macro|quotes,False,60
2026-10-01T17:33:44+08:00,73956,27.1,47.9,11,511.5,763.7,538.6,0.320,5,clock|dynamic|fixed|macro|quotes,False,60
2026-10-01T17:34:44+08:00,73956,27.1,47.9,11,509.9,763.5,537.0,0.662,5,clock|dynamic|fixed|macro|quotes,False,60
2026-10-01T17:35:44+08:00,73956,27.1,47.9,11,510.8,763.7,538.0,0.358,5,clock|dynamic|fixed|macro|quotes,False,60
2026-10-01T17:36:44+08:00,73956,27.1,47.9,11,510.7,763.4,537.9,0.489,5,clock|dynamic|fixed|macro|quotes,False,60
2026-10-01T17:37:44+08:00,73956,27.1,47.9,11,509.7,764.0,536.9,0.439,5,clock|dynamic|fixed|macro|quotes,False,60
2026-10-01T17:38:44+08:00,73956,27.1,47.9,11,511.5,763.7,538.6,0.197,5,clock|dynamic|fixed|macro|quotes,False,60
2026-10-01T17:39:44+08:00,73956,27.1,47.9,11,510.1,763.7,537.3,0.704,5,clock|dynamic|fixed|macro|quotes,False,60
2026-10-01T17:40:44+08:00,73956,27.1,47.9,11,510.9,763.9,538.1,0.344,5,clock|dynamic|fixed|macro|quotes,False,60
2026-10-01T17:41:45+08:00,73956,27.1,47.9,11,511.4,764.1,538.5,0.599,5,clock|dynamic|fixed|macro|quotes,False,60
2026-10-01T17:42:45+08:00,73956,27.1,47.9,11,510.0,764.2,537.1,0.355,5,clock|dynamic|fixed|macro|quotes,False,60
2026-10-01T17:43:45+08:00,73956,27.1,47.9,11,512.3,764.4,539.4,0.398,5,clock|dynamic|fixed|macro|quotes,False,60
2026-10-01T17:44:45+08:00,73956,27.1,47.9,11,516.5,764.4,543.7,0.572,5,clock|dynamic|fixed|macro|quotes,False,60
2026-10-01T17:45:45+08:00,73956,27.1,47.9,11,510.1,764.5,537.2,0.356,5,clock|dynamic|fixed|macro|quotes,False,60
2026-10-01T17:46:44+08:00,73956,27.1,47.9,11,509.8,764.1,537.0,0.915,5,clock|dynamic|fixed|macro|quotes,False,60
2026-10-01T17:47:45+08:00,73956,27.1,47.9,11,508.6,764.1,535.8,0.368,5,clock|dynamic|fixed|macro|quotes,False,60
2026-10-01T17:48:45+08:00,73956,27.1,47.9,11,510.8,764.5,537.9,0.818,5,clock|dynamic|fixed|macro|quotes,False,60
2026-10-01T17:49:45+08:00,73956,27.1,47.9,11,509.5,764.6,536.6,0.406,5,clock|dynamic|fixed|macro|quotes,False,60
2026-10-01T17:50:45+08:00,73956,27.1,47.9,11,510.1,764.4,537.3,0.409,5,clock|dynamic|fixed|macro|quotes,False,60
2026-10-01T17:51:45+08:00,73956,27.1,47.9,11,510.2,764.6,537.3,0.724,5,clock|dynamic|fixed|macro|quotes,False,60
2026-10-01T17:52:45+08:00,73956,27.1,47.9,11,517.4,765.2,544.5,0.369,5,clock|dynamic|fixed|macro|quotes,False,60
2026-10-01T17:53:45+08:00,73956,27.1,47.9,11,511.6,765.1,538.7,1.057,5,clock|dynamic|fixed|macro|quotes,False,60
2026-10-01T17:54:45+08:00,73956,27.1,47.9,11,510.0,765.0,537.1,0.381,5,clock|dynamic|fixed|macro|quotes,False,60
2026-10-01T17:55:45+08:00,73956,27.1,47.9,11,511.9,764.9,539.1,0.764,5,clock|dynamic|fixed|macro|quotes,False,60
2026-10-01T17:56:45+08:00,73956,27.1,47.9,11,512.0,765.1,539.1,0.509,5,clock|dynamic|fixed|macro|quotes,False,60
2026-10-01T17:57:45+08:00,73956,27.1,47.9,11,518.7,765.7,545.9,0.399,5,clock|dynamic|fixed|macro|quotes,False,60
2026-10-01T17:58:45+08:00,73956,27.1,47.9,11,512.6,764.7,539.8,0.826,5,clock|dynamic|fixed|macro|quotes,False,60
2026-10-01T17:59:45+08:00,73956,27.1,47.9,11,510.9,764.7,538.1,0.422,5,clock|dynamic|fixed|macro|quotes,False,60
2026-10-01T18:00:45+08:00,73956,27.3,48.1,11,515.3,769.5,542.6,0.917,5,clock|dynamic|fixed|macro|quotes,False,60
2026-10-01T18:01:45+08:00,73956,27.3,48.1,11,515.4,768.9,542.8,0.389,5,clock|dynamic|fixed|macro|quotes,False,60
2026-10-01T18:02:45+08:00,73956,27.3,48.1,11,515.5,769.1,542.8,0.579,5,clock|dynamic|fixed|macro|quotes,False,60
2026-10-01T18:03:45+08:00,73956,27.3,48.1,11,515.8,769.2,543.1,0.572,5,clock|dynamic|fixed|macro|quotes,False,60
2026-10-01T18:04:45+08:00,73956,27.3,48.1,11,515.5,768.9,542.8,0.372,5,clock|dynamic|fixed|macro|quotes,False,60
2026-10-01T18:05:45+08:00,73956,27.3,48.1,11,514.6,769.2,541.9,0.791,5,clock|dynamic|fixed|macro|quotes,False,60
2026-10-01T18:06:45+08:00,73956,27.3,48.1,11,514.5,768.5,541.9,0.354,5,clock|dynamic|fixed|macro|quotes,False,60
2026-10-01T18:07:45+08:00,73956,27.3,48.1,11,514.2,769.0,541.5,1.000,5,clock|dynamic|fixed|macro|quotes,False,60
2026-10-01T18:08:45+08:00,73956,27.3,48.1,11,514.8,768.8,542.1,0.456,5,clock|dynamic|fixed|macro|quotes,False,60
2026-10-01T18:09:45+08:00,73956,27.3,48.1,11,514.7,768.8,542.1,0.483,5,clock|dynamic|fixed|macro|quotes,False,60
2026-10-01T18:10:45+08:00,73956,27.3,48.1,11,513.5,768.9,540.8,0.641,5,clock|dynamic|fixed|macro|quotes,False,60
2026-10-01T18:11:45+08:00,73956,27.3,48.1,11,513.9,768.6,541.2,0.298,5,clock|dynamic|fixed|macro|quotes,False,60
2026-10-01T18:12:45+08:00,73956,27.3,48.1,11,514.2,768.8,541.5,0.712,5,clock|dynamic|fixed|macro|quotes,False,60
2026-10-01T18:13:45+08:00,73956,27.3,48.1,11,515.0,768.9,542.3,0.445,5,clock|dynamic|fixed|macro|quotes,False,60
2026-10-01T18:14:45+08:00,73956,27.3,48.1,11,514.6,768.7,541.9,0.522,5,clock|dynamic|fixed|macro|quotes,False,60
2026-10-01T18:15:45+08:00,73956,27.3,48.1,11,513.7,769.0,541.0,0.447,5,clock|dynamic|fixed|macro|quotes,False,60
2026-10-01T18:16:45+08:00,73956,27.3,48.1,11,514.8,768.9,542.2,0.246,5,clock|dynamic|fixed|macro|quotes,False,60
2026-10-01T18:17:45+08:00,73956,27.3,48.1,11,514.9,768.9,542.2,0.724,5,clock|dynamic|fixed|macro|quotes,False,60
2026-10-01T18:18:45+08:00,73956,27.3,48.1,11,515.6,769.0,542.9,0.413,5,clock|dynamic|fixed|macro|quotes,False,60
2026-10-01T18:19:45+08:00,73956,27.3,48.1,11,515.6,769.1,542.9,0.711,5,clock|dynamic|fixed|macro|quotes,False,60
2026-10-01T18:20:45+08:00,73956,27.3,48.1,11,514.1,768.9,541.4,0.444,5,clock|dynamic|fixed|macro|quotes,False,60
2026-10-01T18:21:45+08:00,73956,27.3,48.1,11,515.1,768.8,542.5,0.688,5,clock|dynamic|fixed|macro|quotes,False,60
2026-10-01T18:22:45+08:00,73956,27.3,48.1,11,514.6,768.8,542.0,0.559,5,clock|dynamic|fixed|macro|quotes,False,60
2026-10-01T18:23:45+08:00,73956,27.3,48.1,11,515.4,768.9,542.7,0.337,5,clock|dynamic|fixed|macro|quotes,False,60
2026-10-01T18:24:45+08:00,73956,27.3,48.1,11,515.2,768.9,542.6,0.704,5,clock|dynamic|fixed|macro|quotes,False,60
2026-10-01T18:25:45+08:00,73956,27.3,48.1,11,514.0,768.8,541.3,0.358,5,clock|dynamic|fixed|macro|quotes,False,60
2026-10-01T18:26:45+08:00,73956,27.3,48.1,11,515.9,768.9,543.3,0.666,5,clock|dynamic|fixed|macro|quotes,False,60
2026-10-01T18:27:45+08:00,73956,27.3,48.1,11,514.9,769.2,542.2,0.387,5,clock|dynamic|fixed|macro|quotes,False,60
2026-10-01T18:28:45+08:00,73956,27.3,48.1,11,515.4,768.9,542.7,0.495,5,clock|dynamic|fixed|macro|quotes,False,60
2026-10-01T18:29:45+08:00,73956,27.3,48.1,11,515.9,769.1,543.3,0.536,5,clock|dynamic|fixed|macro|quotes,False,60
2026-10-01T18:30:45+08:00,73956,27.3,48.1,11,514.4,769.0,541.8,0.334,5,clock|dynamic|fixed|macro|quotes,False,60
2026-10-01T18:31:45+08:00,73956,27.3,48.1,11,516.2,768.9,543.5,0.730,5,clock|dynamic|fixed|macro|quotes,False,60
2026-10-01T18:32:45+08:00,73956,27.3,48.1,11,515.4,769.1,542.7,0.357,5,clock|dynamic|fixed|macro|quotes,False,60
2026-10-01T18:33:45+08:00,73956,27.3,48.1,11,516.0,768.9,543.4,0.669,5,clock|dynamic|fixed|macro|quotes,False,60
2026-10-01T18:34:45+08:00,73956,27.3,48.1,11,515.6,768.9,543.0,0.379,5,clock|dynamic|fixed|macro|quotes,False,60
2026-10-01T18:35:45+08:00,73956,27.3,48.1,11,521.8,769.5,549.2,0.526,5,clock|dynamic|fixed|macro|quotes,False,60
2026-10-01T18:36:45+08:00,73956,27.3,48.1,11,516.5,769.2,543.8,0.586,5,clock|dynamic|fixed|macro|quotes,False,60
2026-10-01T18:37:45+08:00,73956,27.3,48.1,11,514.9,769.4,542.2,0.343,5,clock|dynamic|fixed|macro|quotes,False,60
2026-10-01T18:38:45+08:00,73956,27.3,48.1,11,516.8,769.4,544.1,0.701,5,clock|dynamic|fixed|macro|quotes,False,60
2026-10-01T18:39:45+08:00,73956,27.3,48.1,11,516.3,769.2,543.6,0.343,5,clock|dynamic|fixed|macro|quotes,False,60
2026-10-01T18:40:45+08:00,73956,27.3,48.1,11,524.5,770.0,551.8,0.647,5,clock|dynamic|fixed|macro|quotes,False,60
2026-10-01T18:41:45+08:00,73956,27.3,48.1,11,516.9,769.3,544.3,0.376,5,clock|dynamic|fixed|macro|quotes,False,60
2026-10-01T18:42:45+08:00,73956,27.3,48.1,11,515.4,769.2,542.7,0.439,5,clock|dynamic|fixed|macro|quotes,False,60
2026-10-01T18:43:45+08:00,73956,27.3,48.1,11,516.1,769.3,543.4,0.622,5,clock|dynamic|fixed|macro|quotes,False,60
2026-10-01T18:44:45+08:00,73956,27.3,48.1,11,516.6,769.4,543.9,0.311,5,clock|dynamic|fixed|macro|quotes,False,60
2026-10-01T18:45:45+08:00,73956,27.3,48.1,11,524.6,769.9,551.9,0.698,5,clock|dynamic|fixed|macro|quotes,False,60
2026-10-01T18:46:45+08:00,73956,27.3,48.1,11,516.9,769.6,544.3,0.369,5,clock|dynamic|fixed|macro|quotes,False,60
2026-10-01T18:47:45+08:00,73956,27.3,48.1,11,515.4,769.6,542.7,0.719,5,clock|dynamic|fixed|macro|quotes,False,60
2026-10-01T18:48:45+08:00,73956,27.3,48.1,11,516.1,769.4,543.4,0.396,5,clock|dynamic|fixed|macro|quotes,False,60
2026-10-01T18:49:45+08:00,73956,27.3,48.1,11,516.6,769.6,543.9,0.426,5,clock|dynamic|fixed|macro|quotes,False,60
2026-10-01T18:50:45+08:00,73956,27.3,48.1,11,525.1,770.3,552.4,0.570,5,clock|dynamic|fixed|macro|quotes,False,60
2026-10-01T18:51:45+08:00,73956,27.3,48.1,11,517.2,769.8,544.5,0.335,5,clock|dynamic|fixed|macro|quotes,False,60
2026-10-01T18:52:45+08:00,73956,27.3,48.1,11,516.0,769.8,543.3,0.678,5,clock|dynamic|fixed|macro|quotes,False,60
2026-10-01T18:53:45+08:00,73956,27.3,48.1,11,519.6,772.9,546.9,0.335,5,clock|dynamic|fixed|macro|quotes,False,60
2026-10-01T18:54:46+08:00,73956,27.3,48.1,11,516.4,770.0,543.8,0.711,5,clock|dynamic|fixed|macro|quotes,False,60
2026-10-01T18:55:45+08:00,73956,27.3,48.1,11,524.7,770.4,552.0,0.395,5,clock|dynamic|fixed|macro|quotes,False,60
2026-10-01T18:56:46+08:00,73956,27.3,48.1,11,516.6,769.6,543.9,0.480,5,clock|dynamic|fixed|macro|quotes,False,60
2026-10-01T18:57:45+08:00,73956,27.3,48.1,11,515.4,769.8,542.8,0.625,5,clock|dynamic|fixed|macro|quotes,False,60
2026-10-01T18:58:45+08:00,73956,27.3,48.1,11,516.4,769.8,543.7,0.285,5,clock|dynamic|fixed|macro|quotes,False,60
2026-10-01T18:59:45+08:00,73956,27.3,48.1,11,516.2,769.8,543.5,0.654,5,clock|dynamic|fixed|macro|quotes,False,60
2026-10-01T19:00:45+08:00,73956,27.3,48.1,11,516.3,769.7,543.6,0.360,5,clock|dynamic|fixed|macro|quotes,False,60
2026-10-01T19:01:45+08:00,73956,27.3,48.1,11,516.4,769.8,543.7,0.625,5,clock|dynamic|fixed|macro|quotes,False,60
2026-10-01T19:02:45+08:00,73956,27.3,48.1,11,516.0,770.0,543.4,0.383,5,clock|dynamic|fixed|macro|quotes,False,60
2026-10-01T19:03:45+08:00,73956,27.3,48.1,11,516.6,770.0,543.9,0.283,5,clock|dynamic|fixed|macro|quotes,False,60
2026-10-01T19:04:45+08:00,73956,27.3,48.1,11,515.8,770.1,543.1,0.738,5,clock|dynamic|fixed|macro|quotes,False,60
2026-10-01T19:05:45+08:00,73956,27.3,48.1,11,516.1,769.9,543.5,0.337,5,clock|dynamic|fixed|macro|quotes,False,60
2026-10-01T19:06:46+08:00,73956,27.3,48.1,11,516.4,769.9,543.7,0.733,5,clock|dynamic|fixed|macro|quotes,False,60
2026-10-01T19:07:45+08:00,73956,27.3,48.1,11,520.6,769.8,547.9,0.375,5,clock|dynamic|fixed|macro|quotes,False,60
2026-10-01T19:08:46+08:00,73956,27.3,48.1,11,515.7,769.8,543.1,0.620,5,clock|dynamic|fixed|macro|quotes,False,60
2026-10-01T19:09:46+08:00,73956,27.3,48.1,11,515.2,769.9,542.6,0.465,5,clock|dynamic|fixed|macro|quotes,False,60
2026-10-01T19:10:46+08:00,73956,27.3,48.1,11,515.6,769.8,542.9,0.347,5,clock|dynamic|fixed|macro|quotes,False,60
2026-10-01T19:11:46+08:00,73956,27.3,48.1,11,520.1,774.0,547.4,0.740,5,clock|dynamic|fixed|macro|quotes,False,60
2026-10-01T19:12:45+08:00,73956,27.3,48.1,11,515.3,770.5,542.6,0.316,5,clock|dynamic|fixed|macro|quotes,False,60
2026-10-01T19:13:46+08:00,73956,27.3,48.1,11,517.0,770.4,544.3,0.744,5,clock|dynamic|fixed|macro|quotes,False,60
2026-10-01T19:14:45+08:00,73956,27.3,48.1,11,515.5,770.0,542.8,0.386,5,clock|dynamic|fixed|macro|quotes,False,60
2026-10-01T19:15:46+08:00,73956,27.3,48.1,11,516.2,770.2,543.5,0.603,5,clock|dynamic|fixed|macro|quotes,False,60
2026-10-01T19:16:46+08:00,73956,27.3,48.1,11,516.1,770.3,543.5,0.444,5,clock|dynamic|fixed|macro|quotes,False,60
2026-10-01T19:17:46+08:00,73956,27.3,48.1,11,514.5,769.9,541.8,0.318,5,clock|dynamic|fixed|macro|quotes,False,60
2026-10-01T19:18:46+08:00,73956,27.3,48.1,11,516.1,770.2,543.4,0.733,5,clock|dynamic|fixed|macro|quotes,False,60
2026-10-01T19:19:46+08:00,73956,27.3,48.1,11,515.0,769.9,542.3,0.324,5,clock|dynamic|fixed|macro|quotes,False,60
2026-10-01T19:20:46+08:00,73956,27.3,48.1,11,516.2,770.2,543.6,0.682,5,clock|dynamic|fixed|macro|quotes,False,60
2026-10-01T19:21:46+08:00,73956,27.3,48.1,11,515.9,770.1,543.2,0.388,5,clock|dynamic|fixed|macro|quotes,False,60
2026-10-01T19:22:46+08:00,73956,27.3,48.1,11,514.5,770.0,541.9,0.568,5,clock|dynamic|fixed|macro|quotes,False,60
2026-10-01T19:23:46+08:00,73956,27.3,48.1,11,516.9,770.2,544.3,0.462,5,clock|dynamic|fixed|macro|quotes,False,60
2026-10-01T19:24:46+08:00,73956,27.3,48.1,11,515.8,770.2,543.1,0.258,5,clock|dynamic|fixed|macro|quotes,False,60
2026-10-01T19:25:46+08:00,73956,27.3,48.1,11,516.2,770.1,543.5,0.728,5,clock|dynamic|fixed|macro|quotes,False,60
2026-10-01T19:26:46+08:00,73956,27.3,48.1,11,516.5,770.5,543.8,0.328,5,clock|dynamic|fixed|macro|quotes,False,60
2026-10-01T19:27:46+08:00,73956,27.3,48.1,11,515.2,770.5,542.5,0.715,5,clock|dynamic|fixed|macro|quotes,False,60
2026-10-01T19:28:46+08:00,73956,27.3,48.1,11,516.8,770.1,544.2,0.437,5,clock|dynamic|fixed|macro|quotes,False,60
2026-10-01T19:29:46+08:00,73956,27.3,48.1,11,515.5,770.1,542.8,0.432,5,clock|dynamic|fixed|macro|quotes,False,60
2026-10-01T19:30:46+08:00,73956,27.3,48.1,11,516.2,770.0,543.5,0.540,5,clock|dynamic|fixed|macro|quotes,False,60
2026-10-01T19:31:46+08:00,73956,27.3,48.1,11,516.4,770.3,543.7,0.331,5,clock|dynamic|fixed|macro|quotes,False,60
2026-10-01T19:32:46+08:00,73956,27.3,48.1,11,515.1,770.5,542.4,0.715,5,clock|dynamic|fixed|macro|quotes,False,60
2026-10-01T19:33:46+08:00,73956,27.3,48.1,11,517.1,770.2,544.4,0.377,5,clock|dynamic|fixed|macro|quotes,False,60
2026-10-01T19:34:46+08:00,73956,27.3,48.1,11,515.7,770.4,543.1,0.718,5,clock|dynamic|fixed|macro|quotes,False,60
2026-10-01T19:35:46+08:00,73956,27.3,48.1,11,516.8,770.4,544.1,0.372,5,clock|dynamic|fixed|macro|quotes,False,60
2026-10-01T19:36:46+08:00,73956,27.3,48.1,11,516.7,770.4,544.0,0.490,5,clock|dynamic|fixed|macro|quotes,False,60
2026-10-01T19:37:46+08:00,73956,27.3,48.1,11,521.5,771.2,548.8,0.571,5,clock|dynamic|fixed|macro|quotes,False,60
2026-10-01T19:38:46+08:00,73956,27.3,48.1,11,517.6,770.6,544.9,0.328,5,clock|dynamic|fixed|macro|quotes,False,60
2026-10-01T19:39:46+08:00,73956,27.4,48.1,11,516.2,770.6,543.5,0.744,5,clock|dynamic|fixed|macro|quotes,False,60
2026-10-01T19:40:46+08:00,73956,27.3,48.1,11,517.1,770.6,544.4,0.391,5,clock|dynamic|fixed|macro|quotes,False,60
2026-10-01T19:41:46+08:00,73956,27.3,48.1,11,516.8,770.3,544.2,0.731,5,clock|dynamic|fixed|macro|quotes,False,60
2026-10-01T19:42:46+08:00,73956,27.3,48.1,11,525.6,771.3,552.9,0.375,5,clock|dynamic|fixed|macro|quotes,False,60
2026-10-01T19:43:46+08:00,73956,27.3,48.1,11,517.5,770.4,544.9,0.353,5,clock|dynamic|fixed|macro|quotes,False,60
2026-10-01T19:44:46+08:00,73956,27.3,48.1,11,516.2,770.3,543.5,0.566,5,clock|dynamic|fixed|macro|quotes,False,60
2026-10-01T19:45:46+08:00,73956,27.3,48.1,11,516.8,770.4,544.1,0.344,5,clock|dynamic|fixed|macro|quotes,False,60
2026-10-01T19:46:46+08:00,73956,27.3,48.1,11,517.7,770.9,545.0,0.756,5,clock|dynamic|fixed|macro|quotes,False,60
2026-10-01T19:47:46+08:00,73956,27.3,48.1,11,526.2,771.6,553.5,0.357,5,clock|dynamic|fixed|macro|quotes,False,60
2026-10-01T19:48:46+08:00,73956,27.3,48.1,11,517.8,770.7,545.1,0.606,5,clock|dynamic|fixed|macro|quotes,False,60
2026-10-01T19:49:46+08:00,73956,27.3,48.1,11,516.8,770.9,544.1,0.385,5,clock|dynamic|fixed|macro|quotes,False,60
2026-10-01T19:50:46+08:00,73956,27.3,48.1,11,516.2,770.7,543.6,0.334,5,clock|dynamic|fixed|macro|quotes,False,60
2026-10-01T19:51:46+08:00,73956,27.3,48.1,11,516.4,770.8,543.8,0.680,5,clock|dynamic|fixed|macro|quotes,False,60
2026-10-01T19:52:46+08:00,73956,27.3,48.1,11,525.3,771.4,552.6,0.355,5,clock|dynamic|fixed|macro|quotes,False,60
2026-10-01T19:53:46+08:00,73956,27.3,48.1,11,517.4,771.0,544.7,0.702,5,clock|dynamic|fixed|macro|quotes,False,60
2026-10-01T19:54:46+08:00,73956,27.3,48.1,11,515.9,770.7,543.2,0.381,5,clock|dynamic|fixed|macro|quotes,False,60
2026-10-01T19:55:46+08:00,73956,27.3,48.1,11,516.6,770.8,543.9,0.582,5,clock|dynamic|fixed|macro|quotes,False,60
2026-10-01T19:56:46+08:00,73956,27.3,48.1,11,516.4,770.7,543.8,0.387,5,clock|dynamic|fixed|macro|quotes,False,60
2026-10-01T19:57:46+08:00,73956,27.3,48.1,11,516.7,770.9,544.1,0.299,5,clock|dynamic|fixed|macro|quotes,False,60
2026-10-01T19:58:46+08:00,73956,27.3,48.1,11,517.3,770.8,544.7,0.757,5,clock|dynamic|fixed|macro|quotes,False,60
2026-10-01T19:59:46+08:00,73956,27.3,48.1,11,516.1,771.0,543.4,0.375,5,clock|dynamic|fixed|macro|quotes,False,60
2026-10-01T20:00:46+08:00,73956,27.3,48.1,11,516.4,770.8,543.7,0.740,5,clock|dynamic|fixed|macro|quotes,False,60
2026-10-01T20:01:46+08:00,73956,27.3,48.1,11,515.7,770.9,543.0,0.376,5,clock|dynamic|fixed|macro|quotes,False,60
2026-10-01T20:02:46+08:00,73956,27.3,48.1,11,516.1,770.8,543.4,0.539,5,clock|dynamic|fixed|macro|quotes,False,60
2026-10-01T20:03:46+08:00,73956,27.3,48.1,11,516.1,770.7,543.4,0.438,5,clock|dynamic|fixed|macro|quotes,False,60
2026-10-01T20:04:46+08:00,73956,27.3,48.1,11,514.4,770.6,541.7,0.251,5,clock|dynamic|fixed|macro|quotes,False,60
2026-10-01T20:05:46+08:00,73956,27.3,48.1,11,515.3,770.6,542.6,0.708,5,clock|dynamic|fixed|macro|quotes,False,60
2026-10-01T20:06:46+08:00,73956,27.3,48.1,11,515.2,770.7,542.6,0.356,5,clock|dynamic|fixed|macro|quotes,False,60
2026-10-01T20:07:46+08:00,73956,27.3,48.1,11,515.9,770.7,543.2,0.698,5,clock|dynamic|fixed|macro|quotes,False,60
2026-10-01T20:08:46+08:00,73956,27.3,48.1,11,516.0,770.7,543.3,0.374,5,clock|dynamic|fixed|macro|quotes,False,60
2026-10-01T20:09:46+08:00,73956,27.3,48.1,11,514.8,770.9,542.2,0.499,5,clock|dynamic|fixed|macro|quotes,False,60
2026-10-01T20:10:46+08:00,73956,27.3,48.1,11,516.1,770.8,543.4,0.536,5,clock|dynamic|fixed|macro|quotes,False,60
2026-10-01T20:11:46+08:00,73956,27.3,48.1,11,516.0,771.1,543.3,0.314,5,clock|dynamic|fixed|macro|quotes,False,60
2026-10-01T20:12:46+08:00,73956,27.3,48.1,11,516.8,771.1,544.1,0.739,5,clock|dynamic|fixed|macro|quotes,False,60
2026-10-01T20:13:46+08:00,73956,27.3,48.1,11,516.8,771.2,544.1,0.386,5,clock|dynamic|fixed|macro|quotes,False,60
2026-10-01T20:14:46+08:00,73956,27.3,48.1,11,515.3,771.0,542.7,0.698,5,clock|dynamic|fixed|macro|quotes,False,60
2026-10-01T20:15:46+08:00,73956,27.3,48.1,11,517.3,771.0,544.6,0.404,5,clock|dynamic|fixed|macro|quotes,False,60
2026-10-01T20:16:46+08:00,73956,27.3,48.1,11,515.9,770.8,543.2,0.430,5,clock|dynamic|fixed|macro|quotes,False,60
2026-10-01T20:17:46+08:00,73956,27.3,48.1,11,516.7,771.0,544.0,0.635,5,clock|dynamic|fixed|macro|quotes,False,60
2026-10-01T20:18:46+08:00,73956,27.3,48.1,11,516.6,771.1,543.9,0.341,5,clock|dynamic|fixed|macro|quotes,False,60
2026-10-01T20:19:46+08:00,73956,27.3,48.1,11,515.4,771.1,542.7,0.732,5,clock|dynamic|fixed|macro|quotes,False,60
2026-10-01T20:20:46+08:00,73956,27.3,48.1,11,516.7,771.1,544.1,0.369,5,clock|dynamic|fixed|macro|quotes,False,60
2026-10-01T20:21:46+08:00,73956,27.3,48.1,11,516.8,771.3,544.1,0.602,5,clock|dynamic|fixed|macro|quotes,False,60
2026-10-01T20:22:46+08:00,73956,27.3,48.1,11,517.7,771.4,545.0,0.486,5,clock|dynamic|fixed|macro|quotes,False,60
2026-10-01T20:23:46+08:00,73956,27.3,48.1,11,517.5,771.2,544.8,0.242,5,clock|dynamic|fixed|macro|quotes,False,60
2026-10-01T20:24:46+08:00,73956,27.3,48.1,11,516.1,771.3,543.4,0.701,5,clock|dynamic|fixed|macro|quotes,False,60
2026-10-01T20:25:46+08:00,73956,27.3,48.1,11,518.1,771.2,545.4,0.358,5,clock|dynamic|fixed|macro|quotes,False,60
2026-10-01T20:26:46+08:00,73956,27.3,48.1,11,516.6,771.2,544.0,0.691,5,clock|dynamic|fixed|macro|quotes,False,60
2026-10-01T20:27:46+08:00,73956,27.3,48.1,11,517.8,771.3,545.1,0.362,5,clock|dynamic|fixed|macro|quotes,False,60
2026-10-01T20:28:46+08:00,73956,27.3,48.1,11,517.6,771.2,544.9,0.510,5,clock|dynamic|fixed|macro|quotes,False,60
2026-10-01T20:29:46+08:00,73956,27.3,48.1,11,516.3,771.5,543.6,0.563,5,clock|dynamic|fixed|macro|quotes,False,60
2026-10-01T20:30:46+08:00,73956,27.3,48.1,11,518.6,771.4,545.9,0.290,5,clock|dynamic|fixed|macro|quotes,False,60
2026-10-01T20:31:46+08:00,73956,27.3,48.1,11,516.1,771.4,543.4,0.734,5,clock|dynamic|fixed|macro|quotes,False,60
2026-10-01T20:32:46+08:00,73956,27.3,48.1,11,518.1,772.0,545.4,0.350,5,clock|dynamic|fixed|macro|quotes,False,60
2026-10-01T20:33:46+08:00,73956,27.3,48.1,11,517.8,771.6,545.2,0.748,5,clock|dynamic|fixed|macro|quotes,False,60
2026-10-01T20:34:46+08:00,73956,27.3,48.1,11,522.3,772.3,549.7,0.397,5,clock|dynamic|fixed|macro|quotes,False,60
2026-10-01T20:35:47+08:00,73956,27.3,48.1,11,518.5,771.7,545.8,0.383,5,clock|dynamic|fixed|macro|quotes,False,60
2026-10-01T20:36:46+08:00,73956,27.3,48.1,11,516.6,771.4,544.0,0.661,5,clock|dynamic|fixed|macro|quotes,False,60
2026-10-01T20:37:47+08:00,73956,27.3,48.1,11,517.8,771.7,545.1,0.337,5,clock|dynamic|fixed|macro|quotes,False,60
2026-10-01T20:38:46+08:00,73956,27.3,48.1,11,521.9,775.8,549.2,0.688,5,clock|dynamic|fixed|macro|quotes,False,60
2026-10-01T20:39:47+08:00,73956,27.3,48.1,11,525.1,772.4,552.4,0.371,5,clock|dynamic|fixed|macro|quotes,False,60
2026-10-01T20:40:46+08:00,73956,27.3,48.1,11,518.8,772.0,546.1,0.624,5,clock|dynamic|fixed|macro|quotes,False,60
2026-10-01T20:41:47+08:00,73956,27.3,48.1,11,517.4,771.9,544.7,0.423,5,clock|dynamic|fixed|macro|quotes,False,60
2026-10-01T20:42:46+08:00,73956,27.3,48.1,11,518.1,771.9,545.4,0.337,5,clock|dynamic|fixed|macro|quotes,False,60
2026-10-01T20:43:47+08:00,73956,27.3,48.1,11,518.5,772.0,545.8,0.742,5,clock|dynamic|fixed|macro|quotes,False,60
2026-10-01T20:44:47+08:00,73956,27.3,48.1,11,526.8,772.6,554.1,0.367,5,clock|dynamic|fixed|macro|quotes,False,60
2026-10-01T20:45:46+08:00,73956,27.3,48.1,11,519.2,772.2,546.6,0.697,5,clock|dynamic|fixed|macro|quotes,False,60
2026-10-01T20:46:47+08:00,73956,27.3,48.1,11,517.7,772.0,545.0,0.380,5,clock|dynamic|fixed|macro|quotes,False,60
2026-10-01T20:47:46+08:00,73956,27.3,48.1,11,518.0,771.8,545.4,0.668,5,clock|dynamic|fixed|macro|quotes,False,60
2026-10-01T20:48:47+08:00,73956,27.3,48.1,11,517.8,771.7,545.1,0.482,5,clock|dynamic|fixed|macro|quotes,False,60
2026-10-01T20:49:47+08:00,73956,27.3,48.1,11,526.6,772.4,553.9,0.238,5,clock|dynamic|fixed|macro|quotes,False,60
2026-10-01T20:50:46+08:00,73956,27.3,48.1,11,518.4,771.9,545.7,0.716,5,clock|dynamic|fixed|macro|quotes,False,60
2026-10-01T20:51:46+08:00,73956,27.3,48.1,11,516.9,771.9,544.2,0.327,5,clock|dynamic|fixed|macro|quotes,False,60
2026-10-01T20:52:47+08:00,73956,27.3,48.1,11,517.7,772.1,545.1,0.632,5,clock|dynamic|fixed|macro|quotes,False,60
2026-10-01T20:53:47+08:00,73956,27.3,48.1,11,517.7,772.1,545.1,0.369,5,clock|dynamic|fixed|macro|quotes,False,60
2026-10-01T20:54:47+08:00,73956,27.3,48.1,11,526.6,773.0,553.9,0.430,5,clock|dynamic|fixed|macro|quotes,False,60
2026-10-01T20:55:47+08:00,73956,27.3,48.1,11,518.6,772.1,546.0,0.559,5,clock|dynamic|fixed|macro|quotes,False,60
2026-10-01T20:56:46+08:00,73956,27.3,48.1,11,517.3,772.2,544.6,0.329,5,clock|dynamic|fixed|macro|quotes,False,60
2026-10-01T20:57:47+08:00,73956,27.3,48.1,11,518.1,772.4,545.4,0.713,5,clock|dynamic|fixed|macro|quotes,False,60
2026-10-01T20:58:47+08:00,73956,27.3,48.1,11,518.2,772.8,545.5,0.425,5,clock|dynamic|fixed|macro|quotes,False,60
2026-10-01T20:59:47+08:00,73956,27.3,48.1,11,522.6,777.1,550.0,0.635,5,clock|dynamic|fixed|macro|quotes,False,60
2026-10-01T21:00:47+08:00,73956,27.3,48.1,11,517.2,772.9,544.5,0.418,5,clock|dynamic|fixed|macro|quotes,False,60
2026-10-01T21:01:47+08:00,73956,27.3,48.1,11,516.9,773.1,544.2,0.316,5,clock|dynamic|fixed|macro|quotes,False,60
2026-10-01T21:02:47+08:00,73956,27.3,48.1,11,517.5,772.8,544.9,0.762,5,clock|dynamic|fixed|macro|quotes,False,60
2026-10-01T21:03:47+08:00,73956,27.3,48.1,11,516.7,772.7,544.0,0.361,5,clock|dynamic|fixed|macro|quotes,False,60
2026-10-01T21:04:47+08:00,73956,27.3,48.1,11,517.5,772.7,544.8,0.786,5,clock|dynamic|fixed|macro|quotes,False,60
2026-10-01T21:05:47+08:00,73956,27.3,48.1,11,517.3,772.7,544.6,0.387,5,clock|dynamic|fixed|macro|quotes,False,60
2026-10-01T21:06:47+08:00,73956,27.3,48.1,11,516.1,772.7,543.4,0.624,5,clock|dynamic|fixed|macro|quotes,False,60
2026-10-01T21:07:47+08:00,73956,27.3,48.1,11,517.6,773.0,544.9,0.573,5,clock|dynamic|fixed|macro|quotes,False,60
2026-10-01T21:08:47+08:00,73956,27.4,48.1,11,522.3,773.4,549.7,0.315,5,clock|dynamic|fixed|macro|quotes,False,60
2026-10-01T21:09:47+08:00,73956,27.4,48.1,11,517.9,773.4,545.2,0.830,5,clock|dynamic|fixed|macro|quotes,False,60
2026-10-01T21:10:47+08:00,73956,27.3,48.1,11,517.5,773.1,544.9,0.378,5,clock|dynamic|fixed|macro|quotes,False,60
2026-10-01T21:11:47+08:00,73956,27.3,48.1,11,515.8,772.8,543.1,0.801,5,clock|dynamic|fixed|macro|quotes,False,60
2026-10-01T21:12:47+08:00,73956,27.3,48.1,11,517.4,773.0,544.7,0.414,5,clock|dynamic|fixed|macro|quotes,False,60
2026-10-01T21:13:47+08:00,73956,27.3,48.1,11,516.6,772.7,543.9,0.417,5,clock|dynamic|fixed|macro|quotes,False,60
2026-10-01T21:14:47+08:00,73956,27.3,48.1,11,517.5,772.9,544.8,0.763,5,clock|dynamic|fixed|macro|quotes,False,60
2026-10-01T21:15:47+08:00,73956,27.3,48.1,11,517.4,773.0,544.7,0.345,5,clock|dynamic|fixed|macro|quotes,False,60
2026-10-01T21:16:47+08:00,73956,27.3,48.1,11,516.0,772.8,543.3,0.832,5,clock|dynamic|fixed|macro|quotes,False,60
2026-10-01T21:17:47+08:00,73956,27.3,48.1,11,517.6,773.1,544.9,0.392,5,clock|dynamic|fixed|macro|quotes,False,60
2026-10-01T21:18:47+08:00,73956,27.3,48.1,11,517.0,773.3,544.3,0.652,5,clock|dynamic|fixed|macro|quotes,False,60
2026-10-01T21:19:47+08:00,73956,27.3,48.1,11,517.7,773.3,545.0,0.497,5,clock|dynamic|fixed|macro|quotes,False,60
2026-10-01T21:20:47+08:00,73956,27.3,48.1,11,517.8,773.2,545.1,0.299,5,clock|dynamic|fixed|macro|quotes,False,60
2026-10-01T21:21:47+08:00,73956,27.3,48.1,11,516.4,773.4,543.7,0.738,5,clock|dynamic|fixed|macro|quotes,False,60
2026-10-01T21:22:47+08:00,73956,27.3,48.1,11,518.5,773.2,545.9,0.357,5,clock|dynamic|fixed|macro|quotes,False,60
2026-10-01T21:23:47+08:00,73956,27.4,48.1,11,517.4,773.4,544.7,0.668,5,clock|dynamic|fixed|macro|quotes,False,60
2026-10-01T21:24:47+08:00,73956,27.3,48.1,11,517.9,773.2,545.2,0.365,5,clock|dynamic|fixed|macro|quotes,False,60
2026-10-01T21:25:47+08:00,73956,27.3,48.1,11,517.6,773.1,545.0,0.398,5,clock|dynamic|fixed|macro|quotes,False,60
2026-10-01T21:26:47+08:00,73956,27.3,48.1,11,516.6,773.6,544.0,0.641,5,clock|dynamic|fixed|macro|quotes,False,60
2026-10-01T21:27:47+08:00,73956,27.3,48.1,11,519.0,773.4,546.3,0.312,5,clock|dynamic|fixed|macro|quotes,False,60
2026-10-01T21:28:47+08:00,73956,27.3,48.1,11,517.4,773.5,544.7,0.704,5,clock|dynamic|fixed|macro|quotes,False,60
2026-10-01T21:29:47+08:00,73956,27.3,48.1,11,517.9,773.3,545.2,0.359,5,clock|dynamic|fixed|macro|quotes,False,60
2026-10-01T21:30:47+08:00,73956,27.3,48.1,11,518.0,773.4,545.3,0.575,5,clock|dynamic|fixed|macro|quotes,False,60
2026-10-01T21:31:47+08:00,73956,27.3,48.1,11,516.5,773.7,543.8,0.463,5,clock|dynamic|fixed|macro|quotes,False,60
2026-10-01T21:32:47+08:00,73956,27.3,48.1,11,518.9,773.7,546.2,0.284,5,clock|dynamic|fixed|macro|quotes,False,60
2026-10-01T21:33:47+08:00,73956,27.3,48.1,11,516.7,773.3,544.0,0.719,5,clock|dynamic|fixed|macro|quotes,False,60
2026-10-01T21:34:47+08:00,73956,27.3,48.1,11,517.9,773.6,545.2,0.358,5,clock|dynamic|fixed|macro|quotes,False,60
2026-10-01T21:35:47+08:00,73956,27.3,48.1,11,517.6,773.4,544.9,0.622,5,clock|dynamic|fixed|macro|quotes,False,60
2026-10-01T21:36:47+08:00,73956,27.3,48.1,11,522.0,774.0,549.3,0.378,5,clock|dynamic|fixed|macro|quotes,False,60
2026-10-01T21:37:47+08:00,73956,27.3,48.1,11,518.1,773.4,545.4,0.346,5,clock|dynamic|fixed|macro|quotes,False,60
2026-10-01T21:38:47+08:00,73956,27.3,48.1,11,517.2,773.5,544.5,0.670,5,clock|dynamic|fixed|macro|quotes,False,60
2026-10-01T21:39:47+08:00,73956,27.3,48.1,11,517.6,773.4,545.0,0.324,5,clock|dynamic|fixed|macro|quotes,False,60
2026-10-01T21:40:47+08:00,73956,27.3,48.1,11,521.3,776.7,548.6,0.681,5,clock|dynamic|fixed|macro|quotes,False,60
2026-10-01T21:41:47+08:00,73956,27.3,48.1,11,527.1,774.7,554.5,0.360,5,clock|dynamic|fixed|macro|quotes,False,60
2026-10-01T21:42:47+08:00,73956,27.3,48.1,11,519.4,774.0,546.7,0.470,5,clock|dynamic|fixed|macro|quotes,False,60
2026-10-01T21:43:47+08:00,73956,27.3,48.1,11,518.3,773.9,545.7,0.520,5,clock|dynamic|fixed|macro|quotes,False,60
2026-10-01T21:44:47+08:00,73956,27.3,48.1,11,519.0,773.9,546.3,0.291,5,clock|dynamic|fixed|macro|quotes,False,60
2026-10-01T21:45:47+08:00,73956,27.3,48.1,11,518.7,773.8,546.0,0.708,5,clock|dynamic|fixed|macro|quotes,False,60
2026-10-01T21:46:47+08:00,73956,27.3,48.1,11,526.8,774.0,554.1,0.351,5,clock|dynamic|fixed|macro|quotes,False,60
2026-10-01T21:47:47+08:00,73956,27.3,48.1,11,518.9,773.4,546.3,0.667,5,clock|dynamic|fixed|macro|quotes,False,60
2026-10-01T21:48:47+08:00,73956,27.3,48.1,11,517.7,773.6,545.0,0.388,5,clock|dynamic|fixed|macro|quotes,False,60
2026-10-01T21:49:47+08:00,73956,27.3,48.1,11,518.2,773.4,545.5,0.269,5,clock|dynamic|fixed|macro|quotes,False,60
2026-10-01T21:50:47+08:00,73956,27.3,48.1,11,518.4,773.6,545.7,0.728,5,clock|dynamic|fixed|macro|quotes,False,60
2026-10-01T21:51:47+08:00,73956,27.3,48.1,11,526.9,774.2,554.3,0.332,5,clock|dynamic|fixed|macro|quotes,False,60
2026-10-01T21:52:47+08:00,73956,27.3,48.1,11,519.3,773.4,546.6,0.691,5,clock|dynamic|fixed|macro|quotes,False,60
2026-10-01T21:53:47+08:00,73956,27.3,48.1,11,517.8,773.5,545.2,0.347,5,clock|dynamic|fixed|macro|quotes,False,60
2026-10-01T21:54:47+08:00,73956,27.3,48.1,11,518.9,773.7,546.2,0.431,5,clock|dynamic|fixed|macro|quotes,False,60
2026-10-01T21:55:47+08:00,73956,27.3,48.1,11,519.1,774.0,546.4,0.613,5,clock|dynamic|fixed|macro|quotes,False,60
2026-10-01T21:56:47+08:00,73956,27.3,48.1,11,518.6,773.7,545.9,0.317,5,clock|dynamic|fixed|macro|quotes,False,60
2026-10-01T21:57:47+08:00,73956,27.3,48.1,11,518.8,773.7,546.2,0.731,5,clock|dynamic|fixed|macro|quotes,False,60
2026-10-01T21:58:47+08:00,73956,27.3,48.1,11,518.0,773.7,545.4,0.373,5,clock|dynamic|fixed|macro|quotes,False,60
2026-10-01T21:59:47+08:00,73956,27.3,48.1,11,519.5,773.7,546.8,0.617,5,clock|dynamic|fixed|macro|quotes,False,60
2026-10-01T22:00:47+08:00,73956,27.3,48.1,11,518.4,773.9,545.7,0.442,5,clock|dynamic|fixed|macro|quotes,False,60
2026-10-01T22:01:47+08:00,73956,27.3,48.1,11,518.9,774.0,546.2,0.283,5,clock|dynamic|fixed|macro|quotes,False,60
2026-10-01T22:02:47+08:00,73956,27.3,48.1,11,518.8,773.8,546.2,0.805,5,clock|dynamic|fixed|macro|quotes,False,60
2026-10-01T22:03:47+08:00,73956,27.3,48.1,11,516.4,774.0,543.7,0.369,5,clock|dynamic|fixed|macro|quotes,False,60
2026-10-01T22:04:47+08:00,73956,27.3,48.1,11,517.6,773.9,544.9,0.621,5,clock|dynamic|fixed|macro|quotes,False,60
2026-10-01T22:05:47+08:00,73956,27.3,48.1,11,517.0,773.9,544.4,0.348,5,clock|dynamic|fixed|macro|quotes,False,60
2026-10-01T22:06:47+08:00,73956,27.3,48.1,11,517.9,774.2,545.2,0.396,5,clock|dynamic|fixed|macro|quotes,False,60
2026-10-01T22:07:47+08:00,73956,27.3,48.1,11,517.5,774.1,544.8,0.618,5,clock|dynamic|fixed|macro|quotes,False,60
2026-10-01T22:08:47+08:00,73956,27.3,48.1,11,516.0,773.9,543.4,0.329,5,clock|dynamic|fixed|macro|quotes,False,60
2026-10-01T22:09:47+08:00,73956,27.3,48.1,11,517.2,773.7,544.5,0.706,5,clock|dynamic|fixed|macro|quotes,False,60
2026-10-01T22:10:47+08:00,73956,27.3,48.1,11,520.6,777.6,547.9,0.367,5,clock|dynamic|fixed|macro|quotes,False,60
2026-10-01T22:11:47+08:00,73956,27.3,48.1,11,517.4,773.9,544.7,0.586,5,clock|dynamic|fixed|macro|quotes,False,60
2026-10-01T22:12:47+08:00,73956,27.3,48.1,11,517.9,774.3,545.2,0.453,5,clock|dynamic|fixed|macro|quotes,False,60
2026-10-01T22:13:47+08:00,73956,27.3,48.1,11,516.4,774.2,543.7,0.261,5,clock|dynamic|fixed|macro|quotes,False,60
2026-10-01T22:14:47+08:00,73956,27.3,48.1,11,517.3,774.2,544.6,0.800,5,clock|dynamic|fixed|macro|quotes,False,60
2026-10-01T22:15:47+08:00,73956,27.3,48.1,11,516.9,774.4,544.2,0.344,5,clock|dynamic|fixed|macro|quotes,False,60
2026-10-01T22:16:47+08:00,73956,27.3,48.1,11,517.7,774.2,545.0,0.711,5,clock|dynamic|fixed|macro|quotes,False,60
2026-10-01T22:17:47+08:00,73956,27.3,48.1,11,517.8,774.4,545.2,0.383,5,clock|dynamic|fixed|macro|quotes,False,60
2026-10-01T22:18:47+08:00,73956,27.3,48.1,11,516.4,774.4,543.7,0.440,5,clock|dynamic|fixed|macro|quotes,False,60
2026-10-01T22:19:47+08:00,73956,27.3,48.1,11,517.6,774.3,544.9,0.539,5,clock|dynamic|fixed|macro|quotes,False,60
2026-10-01T22:20:47+08:00,73956,27.3,48.1,11,516.8,774.2,544.1,0.271,5,clock|dynamic|fixed|macro|quotes,False,60
2026-10-01T22:21:47+08:00,73956,27.3,48.1,11,517.4,774.2,544.8,0.689,5,clock|dynamic|fixed|macro|quotes,False,60
2026-10-01T22:22:47+08:00,73956,27.3,48.1,11,517.5,774.3,544.8,0.346,5,clock|dynamic|fixed|macro|quotes,False,60
2026-10-01T22:23:47+08:00,73956,27.3,48.1,11,516.4,774.9,543.8,0.677,5,clock|dynamic|fixed|macro|quotes,False,60
2026-10-01T22:24:48+08:00,73956,27.3,48.1,11,518.3,774.5,545.6,0.400,5,clock|dynamic|fixed|macro|quotes,False,60
2026-10-01T22:25:48+08:00,73956,27.3,48.1,11,517.2,774.0,544.5,0.323,5,clock|dynamic|fixed|macro|quotes,False,60
2026-10-01T22:26:48+08:00,73956,27.3,48.1,11,518.5,774.3,545.9,0.670,5,clock|dynamic|fixed|macro|quotes,False,60
2026-10-01T22:27:48+08:00,73956,27.3,48.1,11,518.8,774.4,546.1,0.344,5,clock|dynamic|fixed|macro|quotes,False,60
2026-10-01T22:28:48+08:00,73956,27.3,48.1,11,517.5,774.6,544.8,0.658,5,clock|dynamic|fixed|macro|quotes,False,60
2026-10-01T22:29:48+08:00,73956,27.3,48.1,11,519.4,774.4,546.7,0.352,5,clock|dynamic|fixed|macro|quotes,False,60
2026-10-01T22:30:48+08:00,73956,27.3,48.1,11,517.5,774.1,544.8,0.537,5,clock|dynamic|fixed|macro|quotes,False,60
2026-10-01T22:31:48+08:00,73956,27.3,48.1,11,518.4,774.4,545.7,0.486,5,clock|dynamic|fixed|macro|quotes,False,60
2026-10-01T22:32:48+08:00,73956,27.3,48.1,11,518.6,774.4,545.9,0.284,5,clock|dynamic|fixed|macro|quotes,False,60
2026-10-01T22:33:48+08:00,73956,27.3,48.1,11,524.4,775.1,551.7,0.782,5,clock|dynamic|fixed|macro|quotes,False,60
2026-10-01T22:34:48+08:00,73956,27.3,48.1,11,519.0,774.5,546.3,0.346,5,clock|dynamic|fixed|macro|quotes,False,60
2026-10-01T22:35:48+08:00,73956,27.3,48.1,11,517.5,774.3,544.9,0.702,5,clock|dynamic|fixed|macro|quotes,False,60
2026-10-01T22:36:48+08:00,73956,27.3,48.1,11,518.3,774.4,545.7,0.355,5,clock|dynamic|fixed|macro|quotes,False,60
2026-10-01T22:37:48+08:00,73956,27.3,48.1,11,518.7,774.5,546.0,0.513,5,clock|dynamic|fixed|macro|quotes,False,60
2026-10-01T22:38:48+08:00,73956,27.3,48.1,11,530.4,779.3,557.8,0.563,5,clock|dynamic|fixed|macro|quotes,False,60
2026-10-01T22:39:48+08:00,73956,27.3,48.1,11,519.3,774.7,546.7,0.305,5,clock|dynamic|fixed|macro|quotes,False,60
2026-10-01T22:40:48+08:00,73956,27.3,48.1,11,518.0,774.7,545.3,0.720,5,clock|dynamic|fixed|macro|quotes,False,60
2026-10-01T22:41:48+08:00,73956,27.3,48.1,11,518.3,774.4,545.6,0.346,5,clock|dynamic|fixed|macro|quotes,False,60
2026-10-01T22:42:48+08:00,73956,27.3,48.1,11,518.5,774.8,545.8,0.657,5,clock|dynamic|fixed|macro|quotes,False,60
2026-10-01T22:43:48+08:00,73956,27.3,48.1,11,527.2,775.4,554.5,0.381,5,clock|dynamic|fixed|macro|quotes,False,60
2026-10-01T22:44:48+08:00,73956,27.3,48.1,11,519.7,775.1,547.1,0.337,5,clock|dynamic|fixed|macro|quotes,False,60
2026-10-01T22:45:48+08:00,73956,27.3,48.1,11,518.8,775.2,546.1,0.682,5,clock|dynamic|fixed|macro|quotes,False,60
2026-10-01T22:46:48+08:00,73956,27.3,48.1,11,518.8,775.0,546.2,0.312,5,clock|dynamic|fixed|macro|quotes,False,60
2026-10-01T22:47:48+08:00,73956,27.3,48.1,11,518.2,774.8,545.6,0.720,5,clock|dynamic|fixed|macro|quotes,False,60
2026-10-01T22:48:48+08:00,73956,27.3,48.1,11,528.6,776.8,555.9,0.400,5,clock|dynamic|fixed|macro|quotes,False,60
2026-10-01T22:49:48+08:00,73956,27.3,48.1,11,519.7,775.1,547.1,0.856,5,clock|dynamic|fixed|macro|quotes,False,60
2026-10-01T22:50:48+08:00,73956,27.3,48.1,11,518.1,775.1,545.5,0.553,5,clock|dynamic|fixed|macro|quotes,False,60
2026-10-01T22:51:48+08:00,73956,27.3,48.2,11,519.1,774.6,546.5,0.502,5,clock|dynamic|fixed|macro|quotes,False,60
2026-10-01T22:52:48+08:00,73956,27.3,48.2,11,519.2,774.6,546.5,0.818,5,clock|dynamic|fixed|macro|quotes,False,60
2026-10-01T22:53:48+08:00,73956,27.3,48.2,11,527.8,775.5,555.2,0.366,5,clock|dynamic|fixed|macro|quotes,False,60
2026-10-01T22:54:48+08:00,73956,27.3,48.2,11,519.7,774.3,547.0,0.844,5,clock|dynamic|fixed|macro|quotes,False,60
2026-10-01T22:55:48+08:00,73956,27.3,48.2,11,518.0,774.0,545.3,0.386,5,clock|dynamic|fixed|macro|quotes,False,60
2026-10-01T22:56:48+08:00,73956,27.3,48.2,11,519.7,774.0,547.0,0.630,5,clock|dynamic|fixed|macro|quotes,False,60
2026-10-01T22:57:48+08:00,73956,27.3,48.2,11,519.8,774.2,547.2,0.401,5,clock|dynamic|fixed|macro|quotes,False,60
2026-10-01T22:58:48+08:00,73956,27.3,48.2,11,520.0,749.0,547.3,0.418,5,clock|dynamic|fixed|macro|quotes,False,60
2026-10-01T22:59:48+08:00,73956,27.3,48.2,11,519.9,748.0,547.2,1.072,5,clock|dynamic|fixed|macro|quotes,False,60
2026-10-01T23:00:48+08:00,73956,27.3,48.2,11,519.5,748.1,546.8,0.393,5,clock|dynamic|fixed|macro|quotes,False,60
2026-10-01T23:01:48+08:00,73956,27.3,48.2,11,520.1,748.1,547.5,0.743,5,clock|dynamic|fixed|macro|quotes,False,60
2026-10-01T23:02:48+08:00,73956,27.3,48.2,11,519.6,748.3,547.0,0.389,5,clock|dynamic|fixed|macro|quotes,False,60
2026-10-01T23:03:48+08:00,73956,27.3,48.2,11,520.1,746.1,547.5,0.648,5,clock|dynamic|fixed|macro|quotes,False,60
2026-10-01T23:04:48+08:00,73956,27.3,48.2,11,520.3,746.1,547.6,0.538,5,clock|dynamic|fixed|macro|quotes,False,60
2026-10-01T23:05:48+08:00,73956,27.3,48.2,11,518.8,746.1,546.1,0.388,5,clock|dynamic|fixed|macro|quotes,False,60
2026-10-01T23:06:48+08:00,73956,27.3,48.2,11,519.3,746.0,546.6,0.853,5,clock|dynamic|fixed|macro|quotes,False,60
2026-10-01T23:07:48+08:00,73956,27.3,48.2,11,519.4,746.0,546.8,0.393,5,clock|dynamic|fixed|macro|quotes,False,60
2026-10-01T23:08:48+08:00,73956,27.3,48.2,11,520.0,746.0,547.4,0.741,5,clock|dynamic|fixed|macro|quotes,False,60
2026-10-01T23:09:49+08:00,73956,27.3,48.2,11,520.0,746.1,547.4,0.433,5,clock|dynamic|fixed|macro|quotes,False,60
2026-10-01T23:10:49+08:00,73956,27.3,48.2,11,518.7,745.9,546.0,0.656,5,clock|dynamic|fixed|macro|quotes,False,60
2026-10-01T23:11:49+08:00,73956,27.3,48.2,11,520.4,746.1,547.7,0.663,5,clock|dynamic|fixed|macro|quotes,False,60
2026-10-01T23:12:49+08:00,73956,27.3,48.2,11,519.8,746.0,547.1,0.393,5,clock|dynamic|fixed|macro|quotes,False,60
2026-10-01T23:13:49+08:00,73956,27.3,48.3,11,520.3,746.2,547.7,1.039,5,clock|dynamic|fixed|macro|quotes,False,60
2026-10-01T23:14:49+08:00,73956,27.3,48.3,11,520.5,746.4,547.8,0.409,5,clock|dynamic|fixed|macro|quotes,False,60
2026-10-01T23:15:49+08:00,73956,27.6,50.3,11,541.2,773.5,568.9,1.241,5,clock|dynamic|fixed|macro|quotes,False,60
2026-10-01T23:16:49+08:00,73956,27.5,50.2,11,541.4,771.1,568.9,0.606,5,clock|dynamic|fixed|macro|quotes,False,60
2026-10-01T23:17:49+08:00,73956,27.6,50.3,11,539.0,771.1,566.7,0.692,5,clock|dynamic|fixed|macro|quotes,False,60
2026-10-01T23:18:48+08:00,73956,27.6,50.3,11,550.8,770.0,578.5,0.930,5,clock|dynamic|fixed|macro|quotes,False,60
2026-10-01T23:19:49+08:00,73956,28.1,53.7,11,561.7,784.0,589.9,0.644,5,clock|dynamic|fixed|macro|quotes,False,60
2026-10-01T23:20:48+08:00,73956,18.9,44.6,11,801.7,812.3,820.6,1.387,5,clock|dynamic|fixed|macro|quotes,False,60
2026-10-01T23:21:49+08:00,73956,18.9,44.6,11,491.9,797.4,510.8,0.701,5,clock|dynamic|fixed|macro|quotes,False,60
2026-10-01T23:22:49+08:00,73956,28.1,54.1,11,884.5,833.1,912.6,1.118,5,clock|dynamic|fixed|macro|quotes,False,60
2026-10-01T23:23:49+08:00,73956,18.7,43.2,11,822.2,772.2,840.9,0.753,5,clock|dynamic|fixed|macro|quotes,False,60
2026-10-01T23:24:49+08:00,73956,27.1,51.7,11,674.8,766.6,702.0,1.207,5,clock|dynamic|fixed|macro|quotes,False,60
2026-10-01T23:25:49+08:00,73956,27.1,51.7,11,731.9,778.9,759.1,0.502,5,clock|dynamic|fixed|macro|quotes,False,60
2026-10-01T23:26:49+08:00,73956,27.1,51.7,11,564.8,768.2,591.9,0.732,5,clock|dynamic|fixed|macro|quotes,False,60
2026-10-01T23:27:49+08:00,73956,27.2,51.9,11,670.3,773.6,697.5,1.314,5,clock|dynamic|fixed|macro|quotes,False,60
2026-10-01T23:28:49+08:00,73956,27.3,51.6,11,585.6,752.3,612.9,0.598,5,clock|dynamic|fixed|macro|quotes,False,60
2026-10-01T23:29:49+08:00,73956,27.2,51.6,11,585.6,751.8,612.8,0.891,5,clock|dynamic|fixed|macro|quotes,False,60
2026-10-01T23:30:49+08:00,73956,27.2,51.5,11,594.6,753.1,621.8,0.879,5,clock|dynamic|fixed|macro|quotes,False,60
2026-10-01T23:31:49+08:00,73956,27.2,51.6,11,608.8,756.2,636.0,0.521,5,clock|dynamic|fixed|macro|quotes,False,60
2026-10-01T23:32:49+08:00,73956,27.2,51.6,11,563.3,754.3,590.5,1.402,5,clock|dynamic|fixed|macro|quotes,False,60
2026-10-01T23:33:49+08:00,73956,27.2,51.5,11,559.9,746.1,587.2,0.541,5,clock|dynamic|fixed|macro|quotes,True,60
2026-10-01T23:34:49+08:00,73956,27.3,51.5,11,562.7,744.6,590.0,0.978,5,clock|dynamic|fixed|macro|quotes,False,60
2026-10-01T23:35:49+08:00,73956,27.3,51.5,11,562.7,744.7,589.9,0.690,5,clock|dynamic|fixed|macro|quotes,False,60
2026-10-01T23:36:49+08:00,73956,27.2,51.5,11,562.5,745.2,589.7,0.742,5,clock|dynamic|fixed|macro|quotes,False,60
2026-10-01T23:37:49+08:00,73956,27.2,51.5,11,562.1,744.7,589.3,0.971,5,clock|dynamic|fixed|macro|quotes,False,60
2026-10-01T23:38:51+08:00,73956,27.2,51.5,11,563.1,739.7,590.4,1.150,5,clock|dynamic|fixed|macro|quotes,False,60
2026-10-01T23:39:51+08:00,73956,27.2,51.4,11,563.4,740.1,590.5,2.145,5,clock|dynamic|fixed|macro|quotes,False,60
2026-10-01T23:40:52+08:00,73956,27.2,51.4,11,563.4,740.1,590.5,2.044,5,clock|dynamic|fixed|macro|quotes,False,60
2026-10-01T23:41:49+08:00,73956,27.2,51.4,11,562.2,740.5,589.4,1.369,5,clock|dynamic|fixed|macro|quotes,False,60
2026-10-01T23:42:50+08:00,73956,27.2,51.4,11,565.4,739.5,592.6,1.294,5,clock|dynamic|fixed|macro|quotes,False,60
2026-10-01T23:43:50+08:00,73956,27.2,51.5,11,565.3,741.3,592.5,1.292,5,clock|dynamic|fixed|macro|quotes,False,60
2026-10-01T23:44:51+08:00,73956,27.2,51.5,11,566.0,741.3,593.2,0.903,5,clock|dynamic|fixed|macro|quotes,False,60
2026-10-01T23:45:52+08:00,73956,27.2,51.5,11,565.3,743.8,592.4,1.567,5,clock|dynamic|fixed|macro|quotes,False,60
2026-10-01T23:46:49+08:00,73956,27.2,51.5,11,565.4,746.8,592.6,1.396,5,clock|dynamic|fixed|macro|quotes,False,60
2026-10-01T23:47:49+08:00,73956,27.2,51.5,11,565.2,746.0,592.4,0.436,5,clock|dynamic|fixed|macro|quotes,False,60
2026-10-01T23:48:49+08:00,73956,27.2,51.5,11,565.4,745.8,592.5,1.250,5,clock|dynamic|fixed|macro|quotes,False,60
2026-10-01T23:49:49+08:00,73956,27.2,51.5,11,566.5,746.0,593.7,0.525,5,clock|dynamic|fixed|macro|quotes,False,60
2026-10-01T23:50:49+08:00,73956,27.2,51.5,11,571.3,751.4,598.5,1.233,5,clock|dynamic|fixed|macro|quotes,False,60
2026-10-01T23:51:49+08:00,73956,27.2,51.5,11,564.4,747.6,591.6,0.689,5,clock|dynamic|fixed|macro|quotes,False,60
2026-10-01T23:52:51+08:00,73956,27.2,51.5,11,565.9,747.6,593.0,1.350,5,clock|dynamic|fixed|macro|quotes,False,60
2026-10-01T23:53:52+08:00,73956,27.2,51.5,11,565.5,747.6,592.6,2.339,5,clock|dynamic|fixed|macro|quotes,False,60
2026-10-01T23:54:52+08:00,73956,27.2,51.5,11,565.9,747.3,593.1,1.919,5,clock|dynamic|fixed|macro|quotes,False,60
2026-10-01T23:55:53+08:00,73956,27.2,51.5,11,565.2,746.9,592.4,2.505,5,clock|dynamic|fixed|macro|quotes,False,60
2026-10-01T23:56:53+08:00,73956,27.2,51.5,11,564.4,747.3,591.6,2.200,5,clock|dynamic|fixed|macro|quotes,False,60
2026-10-01T23:57:49+08:00,73956,27.2,51.5,11,566.6,747.3,593.7,1.495,5,clock|dynamic|fixed|macro|quotes,False,60
2026-10-01T23:58:49+08:00,73956,27.2,51.5,11,566.1,747.4,593.3,0.489,5,clock|dynamic|fixed|macro|quotes,False,60
2026-10-01T23:59:49+08:00,73956,27.2,51.5,11,566.3,747.0,593.4,1.125,5,clock|dynamic|fixed|macro|quotes,False,60
2026-10-02T00:00:49+08:00,73956,27.3,51.6,11,567.8,749.1,595.1,0.730,5,clock|dynamic|fixed|macro|quotes,False,60
2026-10-02T00:01:49+08:00,73956,27.3,51.6,11,567.9,748.6,595.2,0.782,5,clock|dynamic|fixed|macro|quotes,False,60
2026-10-02T00:02:49+08:00,73956,27.3,51.6,11,567.6,748.4,594.9,1.264,5,clock|dynamic|fixed|macro|quotes,False,60
2026-10-02T00:03:49+08:00,73956,27.3,51.6,11,590.5,748.4,617.8,0.455,5,clock|dynamic|fixed|macro|quotes,False,60
2026-10-02T00:04:49+08:00,73956,27.3,51.6,11,567.3,747.9,594.6,1.436,5,clock|dynamic|fixed|macro|quotes,False,60
2026-10-02T00:05:49+08:00,73956,27.3,51.6,11,566.5,748.5,593.8,0.513,5,clock|dynamic|fixed|macro|quotes,False,60
2026-10-02T00:06:49+08:00,73956,27.3,51.6,11,566.6,748.1,593.9,1.040,5,clock|dynamic|fixed|macro|quotes,False,60
2026-10-02T00:07:49+08:00,73956,27.3,51.6,11,567.0,748.4,594.3,0.708,5,clock|dynamic|fixed|macro|quotes,False,60
2026-10-02T00:08:49+08:00,73956,27.3,51.6,11,565.6,747.7,592.9,0.613,5,clock|dynamic|fixed|macro|quotes,False,60
2026-10-02T00:09:49+08:00,73956,27.3,51.6,11,566.1,747.9,593.4,1.179,5,clock|dynamic|fixed|macro|quotes,False,60
2026-10-02T00:10:49+08:00,73956,27.3,51.6,11,564.8,747.9,592.1,0.408,5,clock|dynamic|fixed|macro|quotes,False,60
2026-10-02T00:11:49+08:00,73956,27.3,51.6,11,567.1,748.0,594.4,1.288,5,clock|dynamic|fixed|macro|quotes,False,60
2026-10-02T00:12:49+08:00,73956,27.3,51.6,11,566.1,748.4,593.4,0.612,5,clock|dynamic|fixed|macro|quotes,False,60
2026-10-02T00:13:49+08:00,73956,27.3,50.0,11,566.4,675.4,593.7,0.988,5,clock|dynamic|fixed|macro|quotes,False,60
2026-10-02T00:14:49+08:00,73956,27.3,50.0,11,566.2,675.3,593.5,1.074,5,clock|dynamic|fixed|macro|quotes,False,60
2026-10-02T00:15:49+08:00,73956,27.3,50.0,11,575.8,676.7,603.0,0.461,5,clock|dynamic|fixed|macro|quotes,False,60
2026-10-02T00:16:49+08:00,73956,27.3,50.0,11,566.8,675.7,594.1,1.445,5,clock|dynamic|fixed|macro|quotes,False,60
2026-10-02T00:17:49+08:00,73956,27.3,50.0,11,565.8,676.2,593.1,0.476,5,clock|dynamic|fixed|macro|quotes,False,60
2026-10-02T00:18:49+08:00,73956,27.3,49.7,11,565.4,670.9,592.7,1.170,5,clock|dynamic|fixed|macro|quotes,False,60
2026-10-02T00:19:49+08:00,73956,27.3,49.7,11,565.7,671.6,593.0,0.724,5,clock|dynamic|fixed|macro|quotes,False,60
2026-10-02T00:20:50+08:00,73956,27.3,49.7,11,566.7,671.4,594.0,0.814,5,clock|dynamic|fixed|macro|quotes,False,60
2026-10-02T00:21:49+08:00,73956,27.3,49.7,11,566.7,671.6,594.0,1.011,5,clock|dynamic|fixed|macro|quotes,False,60
2026-10-02T00:22:50+08:00,73956,27.3,49.7,11,565.0,671.7,592.3,0.465,5,clock|dynamic|fixed|macro|quotes,False,60
2026-10-02T00:23:50+08:00,73956,27.3,49.4,11,565.6,663.5,592.9,1.526,5,clock|dynamic|fixed|macro|quotes,False,60
2026-10-02T00:24:50+08:00,73956,27.3,49.4,11,565.7,663.7,593.0,0.537,5,clock|dynamic|fixed|macro|quotes,False,60
2026-10-02T00:25:50+08:00,73956,27.3,49.4,11,566.1,663.2,593.4,1.059,5,clock|dynamic|fixed|macro|quotes,False,60
2026-10-02T00:26:50+08:00,73956,27.3,49.4,11,566.4,663.6,593.7,1.124,5,clock|dynamic|fixed|macro|quotes,False,60
2026-10-02T00:27:50+08:00,73956,27.3,49.4,11,575.7,665.6,603.0,0.768,5,clock|dynamic|fixed|macro|quotes,False,60
2026-10-02T00:28:50+08:00,73956,27.3,49.2,11,567.3,659.6,594.6,1.518,5,clock|dynamic|fixed|macro|quotes,False,60
2026-10-02T00:29:50+08:00,73956,27.3,49.2,11,565.9,660.1,593.2,0.648,5,clock|dynamic|fixed|macro|quotes,False,60
2026-10-02T00:30:50+08:00,73956,27.3,49.2,11,567.1,662.9,594.4,1.535,5,clock|dynamic|fixed|macro|quotes,False,60
2026-10-02T00:31:50+08:00,73956,27.3,49.2,11,567.4,662.9,594.7,0.807,5,clock|dynamic|fixed|macro|quotes,False,60
2026-10-02T00:32:50+08:00,73956,27.3,49.2,11,567.3,663.0,594.6,1.205,5,clock|dynamic|fixed|macro|quotes,False,60
2026-10-02T00:33:50+08:00,73956,27.3,48.8,11,567.3,653.2,594.6,1.034,5,clock|dynamic|fixed|macro|quotes,False,60
2026-10-02T00:34:50+08:00,73956,27.3,48.8,11,565.7,653.3,593.0,0.785,5,clock|dynamic|fixed|macro|quotes,False,60
2026-10-02T00:35:50+08:00,73956,27.3,48.8,11,566.7,653.0,594.0,1.408,5,clock|dynamic|fixed|macro|quotes,False,60
2026-10-02T00:36:50+08:00,73956,27.3,48.8,11,565.5,653.9,592.8,0.498,5,clock|dynamic|fixed|macro|quotes,False,60
2026-10-02T00:37:50+08:00,73956,27.3,48.8,11,566.1,653.7,593.4,1.498,5,clock|dynamic|fixed|macro|quotes,False,60
2026-10-02T00:38:49+08:00,73956,27.3,48.6,11,566.6,655.0,593.9,0.537,5,clock|dynamic|fixed|macro|quotes,False,60
2026-10-02T00:39:50+08:00,73956,27.3,48.6,11,566.6,655.3,593.9,1.198,5,clock|dynamic|fixed|macro|quotes,False,60
2026-10-02T00:40:50+08:00,73956,27.3,48.6,11,566.2,655.0,593.5,0.864,5,clock|dynamic|fixed|macro|quotes,False,60
2026-10-02T00:41:50+08:00,73956,27.3,48.6,11,565.0,654.9,592.3,0.735,5,clock|dynamic|fixed|macro|quotes,False,60
2026-10-02T00:42:50+08:00,73956,27.3,48.6,11,566.1,655.2,593.4,1.335,5,clock|dynamic|fixed|macro|quotes,False,60
2026-10-02T00:43:50+08:00,73956,27.3,48.6,11,565.9,654.8,593.2,0.503,5,clock|dynamic|fixed|macro|quotes,False,60
2026-10-02T00:44:50+08:00,73956,27.3,48.6,11,575.4,655.7,602.7,1.382,5,clock|dynamic|fixed|macro|quotes,False,60
2026-10-02T00:45:50+08:00,73956,27.3,48.6,11,566.5,654.9,593.8,0.680,5,clock|dynamic|fixed|macro|quotes,False,60
2026-10-02T00:46:50+08:00,73956,27.3,48.6,11,563.6,654.5,590.9,0.884,5,clock|dynamic|fixed|macro|quotes,False,60
2026-10-02T00:47:50+08:00,73956,27.3,48.6,11,563.5,654.5,590.8,0.971,5,clock|dynamic|fixed|macro|quotes,False,60
2026-10-02T00:48:50+08:00,73956,27.3,48.6,11,564.0,654.8,591.2,0.438,5,clock|dynamic|fixed|macro|quotes,False,60
2026-10-02T00:49:50+08:00,73956,27.3,48.6,11,564.4,654.6,591.7,1.515,5,clock|dynamic|fixed|macro|quotes,False,60
2026-10-02T00:50:50+08:00,73956,27.3,48.6,11,564.7,654.7,592.0,0.434,5,clock|dynamic|fixed|macro|quotes,False,60
2026-10-02T00:51:50+08:00,73956,27.3,48.6,11,564.5,654.6,591.8,1.230,5,clock|dynamic|fixed|macro|quotes,False,60
2026-10-02T00:52:50+08:00,73956,27.3,48.6,11,565.6,654.8,592.9,0.975,5,clock|dynamic|fixed|macro|quotes,False,60
2026-10-02T00:53:49+08:00,73956,28.3,52.3,12,733.7,794.8,762.1,1.112,5,clock|dynamic|fixed|macro|quotes,False,60
2026-10-02T00:54:50+08:00,73956,28.0,52.1,11,582.7,711.8,610.7,1.189,5,clock|dynamic|fixed|macro|quotes,False,60
2026-10-02T00:55:50+08:00,73956,27.9,52.1,11,578.1,708.0,606.1,0.647,5,clock|dynamic|fixed|macro|quotes,False,60
2026-10-02T00:56:50+08:00,73956,27.9,52.1,11,587.6,708.8,615.5,1.354,5,clock|dynamic|fixed|macro|quotes,False,60
2026-10-02T00:57:50+08:00,73956,28.0,52.1,11,578.6,708.0,606.6,0.529,5,clock|dynamic|fixed|macro|quotes,False,60
2026-10-02T00:58:50+08:00,73956,28.0,52.1,11,577.1,707.9,605.1,1.146,5,clock|dynamic|fixed|macro|quotes,False,60
2026-10-02T00:59:50+08:00,73956,28.2,52.2,11,577.8,707.9,606.0,0.791,5,clock|dynamic|fixed|macro|quotes,False,60
2026-10-02T01:00:50+08:00,73956,28.2,52.2,11,577.6,708.0,605.8,0.735,5,clock|dynamic|fixed|macro|quotes,False,60
2026-10-02T01:01:50+08:00,73956,28.1,52.2,11,578.3,708.1,606.4,1.236,5,clock|dynamic|fixed|macro|quotes,False,60
2026-10-02T01:02:50+08:00,73956,28.1,52.2,11,578.1,708.3,606.2,0.540,5,clock|dynamic|fixed|macro|quotes,False,60
2026-10-02T01:03:50+08:00,73956,28.1,42.2,11,576.9,706.4,605.0,1.350,5,clock|dynamic|fixed|macro|quotes,False,60
2026-10-02T01:04:50+08:00,73956,28.1,42.2,11,582.6,706.4,610.7,0.791,5,clock|dynamic|fixed|macro|quotes,False,60
2026-10-02T01:05:50+08:00,73956,28.1,42.2,11,578.4,706.4,606.6,1.146,5,clock|dynamic|fixed|macro|quotes,False,60
2026-10-02T01:06:50+08:00,73956,28.1,42.2,11,579.7,706.6,607.8,1.029,5,clock|dynamic|fixed|macro|quotes,False,60
2026-10-02T01:07:50+08:00,73956,28.1,42.2,11,579.7,706.5,607.8,0.930,5,clock|dynamic|fixed|macro|quotes,False,60
2026-10-02T01:08:50+08:00,73956,28.1,42.2,11,611.1,707.6,639.2,1.179,5,clock|dynamic|fixed|macro|quotes,False,60
2026-10-02T01:09:50+08:00,73956,28.1,52.2,11,580.2,706.6,608.3,0.726,5,clock|dynamic|fixed|macro|quotes,False,60
2026-10-02T01:10:50+08:00,73956,28.1,52.2,11,578.9,706.8,607.0,1.398,5,clock|dynamic|fixed|macro|quotes,False,60
2026-10-02T01:11:50+08:00,73956,28.1,52.2,11,579.4,706.5,607.5,0.668,5,clock|dynamic|fixed|macro|quotes,False,60
2026-10-02T01:12:50+08:00,73956,28.1,52.2,11,579.8,706.8,607.9,1.354,5,clock|dynamic|fixed|macro|quotes,False,60
2026-10-02T01:13:50+08:00,73956,28.1,52.2,11,589.5,708.0,617.6,0.579,5,clock|dynamic|fixed|macro|quotes,False,60
2026-10-02T01:14:50+08:00,73956,28.1,52.2,11,580.3,707.1,608.4,1.275,5,clock|dynamic|fixed|macro|quotes,False,60
2026-10-02T01:15:50+08:00,73956,28.1,52.2,11,578.8,707.0,606.9,0.675,5,clock|dynamic|fixed|macro|quotes,False,60
2026-10-02T01:16:50+08:00,73956,28.1,52.2,11,579.6,707.6,607.7,0.929,5,clock|dynamic|fixed|macro|quotes,False,60
2026-10-02T01:17:50+08:00,73956,28.1,52.2,11,578.9,707.7,607.0,1.030,5,clock|dynamic|fixed|macro|quotes,False,60
2026-10-02T01:18:50+08:00,73956,28.1,52.2,11,579.7,707.7,607.8,0.548,5,clock|dynamic|fixed|macro|quotes,False,60
2026-10-02T01:19:50+08:00,73956,28.1,52.2,11,579.8,707.9,607.9,1.301,5,clock|dynamic|fixed|macro|quotes,False,60
2026-10-02T01:20:50+08:00,73956,28.1,52.2,11,579.4,707.5,607.5,0.500,5,clock|dynamic|fixed|macro|quotes,False,60
2026-10-02T01:21:50+08:00,73956,28.1,52.2,11,579.9,707.5,608.0,1.260,5,clock|dynamic|fixed|macro|quotes,False,60
2026-10-02T01:22:50+08:00,73956,28.1,52.2,11,578.5,707.1,606.6,0.739,5,clock|dynamic|fixed|macro|quotes,False,60
2026-10-02T01:23:50+08:00,73956,28.1,52.2,11,579.6,709.0,607.7,0.939,5,clock|dynamic|fixed|macro|quotes,False,60
2026-10-02T01:24:50+08:00,73956,28.1,52.2,11,579.6,709.0,607.7,0.943,5,clock|dynamic|fixed|macro|quotes,False,60
2026-10-02T01:25:50+08:00,73956,28.1,52.2,11,588.7,709.7,616.8,0.506,5,clock|dynamic|fixed|macro|quotes,False,60
2026-10-02T01:26:50+08:00,73956,28.1,52.2,11,580.1,709.0,608.2,1.329,5,clock|dynamic|fixed|macro|quotes,False,60
2026-10-02T01:27:50+08:00,73956,28.1,52.2,11,579.1,711.4,607.2,0.635,5,clock|dynamic|fixed|macro|quotes,False,60
2026-10-02T01:28:50+08:00,73956,28.1,52.2,11,579.5,711.1,607.6,1.282,5,clock|dynamic|fixed|macro|quotes,False,60
2026-10-02T01:29:50+08:00,73956,28.1,52.2,11,578.6,711.2,606.7,0.598,5,clock|dynamic|fixed|macro|quotes,False,60
2026-10-02T01:30:50+08:00,73956,28.1,52.2,11,579.4,711.2,607.5,0.896,5,clock|dynamic|fixed|macro|quotes,False,60
2026-10-02T01:31:50+08:00,73956,28.1,52.2,11,579.1,711.1,607.2,0.836,5,clock|dynamic|fixed|macro|quotes,False,60
2026-10-02T01:32:50+08:00,73956,28.1,52.2,11,577.9,711.1,606.0,0.512,5,clock|dynamic|fixed|macro|quotes,False,60
2026-10-02T01:33:50+08:00,73956,28.1,52.2,11,579.3,711.2,607.4,1.291,5,clock|dynamic|fixed|macro|quotes,False,60
2026-10-02T01:34:50+08:00,73956,28.1,52.2,11,578.7,711.2,606.8,0.490,5,clock|dynamic|fixed|macro|quotes,False,60
2026-10-02T01:35:50+08:00,73956,28.1,52.2,11,579.3,711.3,607.4,1.184,5,clock|dynamic|fixed|macro|quotes,False,60
2026-10-02T01:36:50+08:00,73956,28.1,52.2,11,579.4,711.3,607.5,0.494,5,clock|dynamic|fixed|macro|quotes,False,60
2026-10-02T01:37:50+08:00,73956,28.1,52.2,11,584.6,711.9,612.7,0.923,5,clock|dynamic|fixed|macro|quotes,False,60
2026-10-02T01:38:50+08:00,73956,28.1,52.2,11,580.3,711.6,608.4,1.068,5,clock|dynamic|fixed|macro|quotes,False,60
2026-10-02T01:39:50+08:00,73956,28.1,52.2,11,578.7,711.6,606.9,0.619,5,clock|dynamic|fixed|macro|quotes,False,60
2026-10-02T01:40:50+08:00,73956,28.1,52.2,11,579.0,711.4,607.1,1.169,5,clock|dynamic|fixed|macro|quotes,False,60
2026-10-02T01:41:50+08:00,73956,28.1,52.2,11,579.2,711.5,607.3,0.495,5,clock|dynamic|fixed|macro|quotes,False,60
2026-10-02T01:42:51+08:00,73956,28.1,52.2,11,579.1,711.3,607.2,1.266,5,clock|dynamic|fixed|macro|quotes,False,60
2026-10-02T01:43:50+08:00,73956,28.1,52.2,11,578.6,711.0,606.7,0.674,5,clock|dynamic|fixed|macro|quotes,False,60
2026-10-02T01:44:51+08:00,73956,28.1,52.2,11,577.3,711.1,605.4,0.962,5,clock|dynamic|fixed|macro|quotes,False,60
2026-10-02T01:45:50+08:00,73956,28.1,52.2,11,579.1,711.4,607.2,0.999,5,clock|dynamic|fixed|macro|quotes,False,60
2026-10-02T01:46:50+08:00,73956,28.1,52.2,11,578.2,711.5,606.4,0.603,5,clock|dynamic|fixed|macro|quotes,False,60
2026-10-02T01:47:50+08:00,73956,28.1,52.2,11,579.2,711.6,607.3,1.300,5,clock|dynamic|fixed|macro|quotes,False,60
2026-10-02T01:48:50+08:00,73956,28.1,52.2,11,578.7,711.3,606.9,0.539,5,clock|dynamic|fixed|macro|quotes,False,60
2026-10-02T01:49:50+08:00,73956,28.1,52.2,11,577.8,711.8,605.9,1.358,5,clock|dynamic|fixed|macro|quotes,False,60
2026-10-02T01:50:50+08:00,73956,28.1,52.2,11,579.6,711.7,607.7,0.742,5,clock|dynamic|fixed|macro|quotes,False,60
2026-10-02T01:51:50+08:00,73956,28.1,52.2,11,578.5,711.8,606.6,1.062,5,clock|dynamic|fixed|macro|quotes,False,60
2026-10-02T01:52:50+08:00,73956,28.1,52.2,11,579.0,711.8,607.1,0.841,5,clock|dynamic|fixed|macro|quotes,False,60
2026-10-02T01:53:50+08:00,73956,28.1,52.2,11,577.1,711.6,605.2,0.622,5,clock|dynamic|fixed|macro|quotes,False,60
2026-10-02T01:54:51+08:00,73956,28.1,52.2,11,586.2,712.2,614.3,1.127,5,clock|dynamic|fixed|macro|quotes,False,60
2026-10-02T01:55:50+08:00,73956,28.1,52.2,11,578.2,711.6,606.3,0.600,5,clock|dynamic|fixed|macro|quotes,False,60
2026-10-02T01:56:51+08:00,73956,28.1,52.2,11,576.8,711.8,604.9,1.366,5,clock|dynamic|fixed|macro|quotes,False,60
2026-10-02T01:57:50+08:00,73956,28.1,52.2,11,577.9,712.3,606.0,0.580,5,clock|dynamic|fixed|macro|quotes,False,60
2026-10-02T01:58:50+08:00,73956,28.1,52.2,11,576.9,712.1,605.0,1.013,5,clock|dynamic|fixed|macro|quotes,False,60
2026-10-02T01:59:50+08:00,73956,28.1,52.2,11,577.6,712.3,605.7,0.840,5,clock|dynamic|fixed|macro|quotes,False,60
2026-10-02T02:00:50+08:00,73956,28.1,52.2,11,577.2,712.1,605.3,0.577,5,clock|dynamic|fixed|macro|quotes,False,60
2026-10-02T02:01:50+08:00,73956,28.1,52.2,11,575.8,712.1,603.9,1.106,5,clock|dynamic|fixed|macro|quotes,False,60
2026-10-02T02:02:50+08:00,73956,28.1,52.2,11,577.0,712.3,605.1,0.454,5,clock|dynamic|fixed|macro|quotes,False,60
2026-10-02T02:03:51+08:00,73956,28.1,52.2,11,576.1,712.2,604.2,1.217,5,clock|dynamic|fixed|macro|quotes,False,60
2026-10-02T02:04:50+08:00,73956,28.1,52.2,11,577.1,712.3,605.2,0.524,5,clock|dynamic|fixed|macro|quotes,False,60
2026-10-02T02:05:50+08:00,73956,28.1,52.2,11,576.7,712.3,604.8,1.002,5,clock|dynamic|fixed|macro|quotes,False,60
2026-10-02T02:06:50+08:00,73956,28.1,52.2,11,583.9,713.1,612.0,0.717,5,clock|dynamic|fixed|macro|quotes,False,60
2026-10-02T02:07:51+08:00,73956,28.1,52.2,11,577.7,712.3,605.8,0.654,5,clock|dynamic|fixed|macro|quotes,False,60
2026-10-02T02:08:50+08:00,73956,28.1,52.2,11,576.4,712.4,604.5,1.115,5,clock|dynamic|fixed|macro|quotes,False,60
2026-10-02T02:09:51+08:00,73956,28.1,52.2,11,576.8,712.2,604.9,0.461,5,clock|dynamic|fixed|macro|quotes,False,60
2026-10-02T02:10:50+08:00,73956,28.1,52.2,11,576.7,712.2,604.8,1.199,5,clock|dynamic|fixed|macro|quotes,False,60
2026-10-02T02:11:51+08:00,73956,28.1,52.2,11,576.5,712.1,604.6,0.484,5,clock|dynamic|fixed|macro|quotes,False,60
2026-10-02T02:12:51+08:00,73956,28.1,52.2,11,576.8,712.3,604.9,1.096,5,clock|dynamic|fixed|macro|quotes,False,60
2026-10-02T02:13:50+08:00,73956,28.1,52.2,11,574.8,712.1,602.9,0.736,5,clock|dynamic|fixed|macro|quotes,False,60
2026-10-02T02:14:51+08:00,73956,28.1,52.2,11,576.4,712.2,604.5,0.740,5,clock|dynamic|fixed|macro|quotes,False,60
2026-10-02T02:15:51+08:00,73956,28.1,52.2,11,575.7,712.3,603.8,0.969,5,clock|dynamic|fixed|macro|quotes,False,60
2026-10-02T02:16:50+08:00,73956,28.1,52.2,11,576.6,712.4,604.7,0.512,5,clock|dynamic|fixed|macro|quotes,False,60
2026-10-02T02:17:51+08:00,73956,28.1,52.2,11,576.7,712.4,604.8,1.272,5,clock|dynamic|fixed|macro|quotes,False,60
2026-10-02T02:18:50+08:00,73956,28.1,52.2,11,575.4,712.5,603.5,0.507,5,clock|dynamic|fixed|macro|quotes,False,60
2026-10-02T02:19:51+08:00,73956,28.1,52.2,11,577.4,712.7,605.5,1.143,5,clock|dynamic|fixed|macro|quotes,False,60
2026-10-02T02:20:51+08:00,73956,28.1,52.2,11,576.1,712.8,604.2,0.634,5,clock|dynamic|fixed|macro|quotes,False,60
2026-10-02T02:21:51+08:00,73956,28.1,52.3,11,579.5,712.6,607.6,0.716,5,clock|dynamic|fixed|macro|quotes,False,60
2026-10-02T02:22:51+08:00,73956,28.1,52.3,11,576.6,712.6,604.7,0.940,5,clock|dynamic|fixed|macro|quotes,False,60
2026-10-02T02:23:51+08:00,73956,28.1,52.3,11,585.9,713.3,614.0,0.450,5,clock|dynamic|fixed|macro|quotes,False,60
2026-10-02T02:24:50+08:00,73956,28.1,52.3,11,577.5,712.6,605.6,1.229,5,clock|dynamic|fixed|macro|quotes,False,60
2026-10-02T02:25:51+08:00,73956,28.1,52.3,11,576.0,712.8,604.2,0.437,5,clock|dynamic|fixed|macro|quotes,False,60
2026-10-02T02:26:50+08:00,73956,28.1,52.3,11,577.0,713.0,605.1,1.010,5,clock|dynamic|fixed|macro|quotes,False,60
2026-10-02T02:27:51+08:00,73956,28.1,52.3,11,576.3,712.9,604.4,0.637,5,clock|dynamic|fixed|macro|quotes,False,60
2026-10-02T02:28:51+08:00,73956,28.1,52.3,11,577.0,712.8,605.1,0.579,5,clock|dynamic|fixed|macro|quotes,False,60
2026-10-02T02:29:51+08:00,73956,28.1,52.3,11,577.3,713.0,605.4,1.047,5,clock|dynamic|fixed|macro|quotes,False,60
2026-10-02T02:30:51+08:00,73956,28.1,52.3,11,575.9,713.2,604.0,0.425,5,clock|dynamic|fixed|macro|quotes,False,60
2026-10-02T02:31:51+08:00,73956,28.1,52.3,11,577.8,713.2,605.9,1.261,5,clock|dynamic|fixed|macro|quotes,False,60
2026-10-02T02:32:51+08:00,73956,28.1,52.3,11,576.2,713.2,604.3,0.514,5,clock|dynamic|fixed|macro|quotes,False,60
2026-10-02T02:33:51+08:00,73956,28.1,52.3,11,576.9,713.1,605.0,0.995,5,clock|dynamic|fixed|macro|quotes,False,60
2026-10-02T02:34:51+08:00,73956,28.1,52.3,11,576.8,713.2,604.9,0.716,5,clock|dynamic|fixed|macro|quotes,False,60
2026-10-02T02:35:51+08:00,73956,28.1,52.3,11,585.8,713.8,613.9,0.651,5,clock|dynamic|fixed|macro|quotes,False,60
2026-10-02T02:36:51+08:00,73956,28.1,52.3,11,577.4,713.1,605.5,1.046,5,clock|dynamic|fixed|macro|quotes,False,60
2026-10-02T02:37:51+08:00,73956,28.1,52.3,11,576.1,713.1,604.2,0.472,5,clock|dynamic|fixed|macro|quotes,False,60
2026-10-02T02:38:51+08:00,73956,28.1,52.3,11,576.8,713.1,604.9,1.252,5,clock|dynamic|fixed|macro|quotes,False,60
2026-10-02T02:39:51+08:00,73956,28.1,52.3,11,577.1,713.2,605.2,0.486,5,clock|dynamic|fixed|macro|quotes,False,60
2026-10-02T02:40:51+08:00,73956,28.1,52.3,11,577.2,713.4,605.3,1.182,5,clock|dynamic|fixed|macro|quotes,False,60
2026-10-02T02:41:51+08:00,73956,28.1,52.3,11,576.7,713.4,604.8,0.583,5,clock|dynamic|fixed|macro|quotes,False,60
2026-10-02T02:42:51+08:00,73956,28.1,52.3,11,579.3,721.4,607.4,0.769,5,clock|dynamic|fixed|macro|quotes,False,60
2026-10-02T02:43:51+08:00,73956,28.1,52.3,11,579.1,720.6,607.2,1.001,5,clock|dynamic|fixed|macro|quotes,False,60
2026-10-02T02:44:51+08:00,73956,28.1,52.3,11,576.6,718.5,604.8,0.491,5,clock|dynamic|fixed|macro|quotes,False,60
2026-10-02T02:45:51+08:00,73956,28.1,52.3,11,577.1,718.0,605.2,1.234,5,clock|dynamic|fixed|macro|quotes,False,60
2026-10-02T02:46:51+08:00,73956,28.2,52.2,11,578.5,719.5,606.7,0.484,5,clock|dynamic|fixed|macro|quotes,False,60
2026-10-02T02:47:51+08:00,73956,28.2,52.2,11,578.3,719.4,606.5,1.150,5,clock|dynamic|fixed|macro|quotes,False,60
2026-10-02T02:48:51+08:00,73956,28.1,52.2,11,577.7,718.6,605.8,0.591,5,clock|dynamic|fixed|macro|quotes,False,60
2026-10-02T02:49:51+08:00,73956,28.1,52.2,11,576.2,718.8,604.3,0.755,5,clock|dynamic|fixed|macro|quotes,False,60
2026-10-02T02:50:51+08:00,73956,28.1,52.2,11,577.2,718.9,605.3,0.896,5,clock|dynamic|fixed|macro|quotes,False,60
2026-10-02T02:51:51+08:00,73956,28.1,52.2,11,576.8,718.6,604.9,0.501,5,clock|dynamic|fixed|macro|quotes,False,60
2026-10-02T02:52:51+08:00,73956,28.1,52.2,11,586.7,719.8,614.8,1.261,5,clock|dynamic|fixed|macro|quotes,False,60
2026-10-02T02:53:51+08:00,73956,28.1,52.2,11,577.6,718.5,605.7,0.509,5,clock|dynamic|fixed|macro|quotes,False,60
2026-10-02T02:54:51+08:00,73956,28.1,52.2,11,576.2,718.4,604.3,1.111,5,clock|dynamic|fixed|macro|quotes,False,60
2026-10-02T02:55:51+08:00,73956,28.1,52.2,11,577.2,718.8,605.3,0.591,5,clock|dynamic|fixed|macro|quotes,False,60
2026-10-02T02:56:51+08:00,73956,28.1,52.2,11,576.2,718.5,604.3,0.820,5,clock|dynamic|fixed|macro|quotes,False,60
2026-10-02T02:57:51+08:00,73956,28.1,52.2,11,577.2,718.9,605.3,0.972,5,clock|dynamic|fixed|macro|quotes,False,60
2026-10-02T02:58:51+08:00,73956,28.1,52.2,11,577.2,718.7,605.4,0.447,5,clock|dynamic|fixed|macro|quotes,False,60
2026-10-02T02:59:51+08:00,73956,28.1,52.2,11,578.0,721.1,606.1,1.277,5,clock|dynamic|fixed|macro|quotes,False,60
2026-10-02T03:00:51+08:00,73956,28.1,52.2,11,578.5,718.9,606.6,0.526,5,clock|dynamic|fixed|macro|quotes,False,60
2026-10-02T03:01:51+08:00,73956,28.1,52.2,11,576.4,718.9,604.5,1.224,5,clock|dynamic|fixed|macro|quotes,False,60
2026-10-02T03:02:51+08:00,73956,28.1,52.2,11,580.7,722.1,608.8,0.625,5,clock|dynamic|fixed|macro|quotes,False,60
2026-10-02T03:03:51+08:00,73956,28.1,52.2,11,577.1,718.8,605.2,0.853,5,clock|dynamic|fixed|macro|quotes,False,60
2026-10-02T03:04:51+08:00,73956,28.1,52.2,11,586.4,719.6,614.5,0.857,5,clock|dynamic|fixed|macro|quotes,False,60
2026-10-02T03:05:51+08:00,73956,28.1,52.2,11,577.6,718.8,605.7,0.547,5,clock|dynamic|fixed|macro|quotes,False,60
2026-10-02T03:06:51+08:00,73956,28.1,52.2,11,576.5,718.9,604.6,1.137,5,clock|dynamic|fixed|macro|quotes,False,60
2026-10-02T03:07:51+08:00,73956,28.1,52.2,11,577.1,718.9,605.2,0.496,5,clock|dynamic|fixed|macro|quotes,False,60
2026-10-02T03:08:51+08:00,73956,28.1,52.2,11,576.8,718.8,604.9,1.165,5,clock|dynamic|fixed|macro|quotes,False,60
2026-10-02T03:09:51+08:00,73956,28.1,52.2,11,576.9,718.8,605.0,0.537,5,clock|dynamic|fixed|macro|quotes,False,60
2026-10-02T03:10:51+08:00,73956,28.1,52.2,11,576.9,718.9,605.0,0.937,5,clock|dynamic|fixed|macro|quotes,False,60
2026-10-02T03:11:51+08:00,73956,28.1,52.2,11,575.6,718.7,603.7,0.745,5,clock|dynamic|fixed|macro|quotes,False,60
2026-10-02T03:12:51+08:00,73956,28.1,52.2,11,577.6,718.9,605.7,0.442,5,clock|dynamic|fixed|macro|quotes,False,60
2026-10-02T03:13:51+08:00,73956,28.1,52.2,11,577.2,719.0,605.3,1.294,5,clock|dynamic|fixed|macro|quotes,False,60
2026-10-02T03:14:51+08:00,73956,28.1,52.2,11,577.7,719.1,605.8,0.463,5,clock|dynamic|fixed|macro|quotes,False,60
2026-10-02T03:15:51+08:00,73956,28.1,52.2,11,577.7,719.1,605.8,1.081,5,clock|dynamic|fixed|macro|quotes,False,60
2026-10-02T03:16:51+08:00,73956,28.1,52.2,11,582.9,719.8,611.0,0.523,5,clock|dynamic|fixed|macro|quotes,False,60
2026-10-02T03:17:51+08:00,73956,28.1,52.2,11,578.1,718.9,606.2,0.834,5,clock|dynamic|fixed|macro|quotes,False,60
2026-10-02T03:18:51+08:00,73956,28.1,52.2,11,576.7,719.0,604.8,0.866,5,clock|dynamic|fixed|macro|quotes,False,60
2026-10-02T03:19:51+08:00,73956,28.1,52.2,11,586.5,719.1,614.6,0.456,5,clock|dynamic|fixed|macro|quotes,False,60
2026-10-02T03:20:51+08:00,73956,28.1,52.2,11,579.2,719.2,607.3,1.236,5,clock|dynamic|fixed|macro|quotes,False,60
2026-10-02T03:21:51+08:00,73956,28.1,52.2,11,580.2,719.2,608.3,0.432,5,clock|dynamic|fixed|macro|quotes,False,60
2026-10-02T03:22:51+08:00,73956,28.1,52.2,11,581.2,720.3,609.3,1.168,5,clock|dynamic|fixed|macro|quotes,False,60
2026-10-02T03:23:51+08:00,73956,28.1,52.2,11,579.4,719.9,607.6,0.510,5,clock|dynamic|fixed|macro|quotes,False,60
2026-10-02T03:24:51+08:00,73956,28.1,52.2,11,579.3,719.7,607.4,0.785,5,clock|dynamic|fixed|macro|quotes,False,60
2026-10-02T03:25:51+08:00,73956,28.1,52.2,11,579.0,719.5,607.1,0.881,5,clock|dynamic|fixed|macro|quotes,False,60
2026-10-02T03:26:51+08:00,73956,28.1,52.2,11,579.7,719.6,607.8,0.439,5,clock|dynamic|fixed|macro|quotes,False,60
2026-10-02T03:27:51+08:00,73956,28.1,52.2,11,579.6,719.4,607.7,1.241,5,clock|dynamic|fixed|macro|quotes,False,60
2026-10-02T03:28:51+08:00,73956,28.1,52.2,11,579.6,719.6,607.7,0.443,5,clock|dynamic|fixed|macro|quotes,False,60
2026-10-02T03:29:51+08:00,73956,28.1,52.2,11,580.1,719.5,608.2,1.128,5,clock|dynamic|fixed|macro|quotes,False,60
2026-10-02T03:30:51+08:00,73956,28.1,52.2,11,578.5,719.2,606.6,0.608,5,clock|dynamic|fixed|macro|quotes,False,60
2026-10-02T03:31:51+08:00,73956,28.1,52.2,11,579.4,719.3,607.5,0.677,5,clock|dynamic|fixed|macro|quotes,False,60
2026-10-02T03:32:52+08:00,73956,28.1,52.2,11,579.2,718.9,607.3,0.994,5,clock|dynamic|fixed|macro|quotes,False,60
2026-10-02T03:33:51+08:00,73956,28.1,52.2,11,588.6,719.8,616.7,0.455,5,clock|dynamic|fixed|macro|quotes,False,60
2026-10-02T03:34:51+08:00,73956,28.1,52.2,11,580.3,719.2,608.4,1.200,5,clock|dynamic|fixed|macro|quotes,False,60
2026-10-02T03:35:52+08:00,73956,28.1,52.2,11,579.2,719.6,607.3,0.613,5,clock|dynamic|fixed|macro|quotes,False,60
2026-10-02T03:36:51+08:00,73956,28.1,52.2,11,579.4,719.2,607.5,1.010,5,clock|dynamic|fixed|macro|quotes,False,60
2026-10-02T03:37:51+08:00,73956,28.1,52.2,11,578.8,719.6,606.9,0.520,5,clock|dynamic|fixed|macro|quotes,False,60
2026-10-02T03:38:51+08:00,73956,28.1,52.2,11,579.4,719.5,607.6,0.622,5,clock|dynamic|fixed|macro|quotes,False,60
2026-10-02T03:39:51+08:00,73956,28.1,52.2,11,579.4,719.6,607.5,0.860,5,clock|dynamic|fixed|macro|quotes,False,60
2026-10-02T03:40:51+08:00,73956,28.1,52.2,11,578.0,719.4,606.1,0.452,5,clock|dynamic|fixed|macro|quotes,False,60
2026-10-02T03:41:51+08:00,73956,28.1,52.2,11,579.4,719.6,607.5,1.018,5,clock|dynamic|fixed|macro|quotes,False,60
2026-10-02T03:42:51+08:00,73956,28.1,52.2,11,578.8,719.6,606.9,0.452,5,clock|dynamic|fixed|macro|quotes,False,60
2026-10-02T03:43:51+08:00,73956,28.1,52.2,11,579.8,719.7,607.9,1.010,5,clock|dynamic|fixed|macro|quotes,False,60
2026-10-02T03:44:51+08:00,73956,28.1,52.2,11,579.5,719.7,607.6,0.592,5,clock|dynamic|fixed|macro|quotes,False,60
2026-10-02T03:45:51+08:00,73956,28.1,52.2,11,587.7,720.4,615.8,0.681,5,clock|dynamic|fixed|macro|quotes,False,60
2026-10-02T03:46:51+08:00,73956,28.1,52.2,11,580.4,719.7,608.5,0.887,5,clock|dynamic|fixed|macro|quotes,False,60
2026-10-02T03:47:51+08:00,73956,28.1,52.2,11,579.1,719.6,607.2,0.426,5,clock|dynamic|fixed|macro|quotes,False,60
2026-10-02T03:48:51+08:00,73956,28.1,52.2,11,579.9,719.6,608.0,1.108,5,clock|dynamic|fixed|macro|quotes,False,60
2026-10-02T03:49:51+08:00,73956,28.1,52.2,11,579.9,719.4,608.0,0.505,5,clock|dynamic|fixed|macro|quotes,False,60
2026-10-02T03:50:51+08:00,73956,28.1,52.2,11,580.0,719.4,608.1,0.973,5,clock|dynamic|fixed|macro|quotes,False,60
2026-10-02T03:51:51+08:00,73956,28.1,52.2,11,580.2,719.5,608.3,0.663,5,clock|dynamic|fixed|macro|quotes,False,60
2026-10-02T03:52:51+08:00,73956,28.1,52.2,11,579.0,719.7,607.1,0.709,5,clock|dynamic|fixed|macro|quotes,False,60
2026-10-02T03:53:51+08:00,73956,28.1,52.2,11,580.4,719.6,608.5,0.869,5,clock|dynamic|fixed|macro|quotes,False,60
2026-10-02T03:54:51+08:00,73956,28.1,52.2,11,579.6,719.7,607.7,0.447,5,clock|dynamic|fixed|macro|quotes,False,60
2026-10-02T03:55:51+08:00,73956,28.1,52.2,11,580.2,719.6,608.4,1.097,5,clock|dynamic|fixed|macro|quotes,False,60
2026-10-02T03:56:51+08:00,73956,28.1,52.2,11,580.5,719.9,608.6,0.450,5,clock|dynamic|fixed|macro|quotes,False,60
2026-10-02T03:57:51+08:00,73956,28.1,52.2,11,579.2,719.8,607.3,0.985,5,clock|dynamic|fixed|macro|quotes,False,60
2026-10-02T03:58:51+08:00,73956,28.1,52.2,11,581.1,719.9,609.2,0.500,5,clock|dynamic|fixed|macro|quotes,False,60
2026-10-02T03:59:51+08:00,73956,28.1,52.2,11,580.5,720.6,608.6,0.672,5,clock|dynamic|fixed|macro|quotes,False,60
2026-10-02T04:00:51+08:00,73956,28.1,52.2,11,579.9,719.4,608.0,0.807,5,clock|dynamic|fixed|macro|quotes,False,60
2026-10-02T04:01:51+08:00,73956,28.1,52.2,11,579.9,719.4,608.0,0.434,5,clock|dynamic|fixed|macro|quotes,False,60
2026-10-02T04:02:51+08:00,73956,28.1,52.2,11,589.5,720.5,617.6,1.082,5,clock|dynamic|fixed|macro|quotes,False,60
2026-10-02T04:03:52+08:00,73956,28.1,52.2,11,580.9,719.5,609.0,0.437,5,clock|dynamic|fixed|macro|quotes,False,60
2026-10-02T04:04:51+08:00,73956,28.1,52.2,11,579.7,719.7,607.8,1.025,5,clock|dynamic|fixed|macro|quotes,False,60
2026-10-02T04:05:51+08:00,73956,28.1,52.2,11,579.6,719.8,607.7,0.500,5,clock|dynamic|fixed|macro|quotes,False,60
2026-10-02T04:06:51+08:00,73956,28.1,52.2,11,579.9,719.8,608.0,0.656,5,clock|dynamic|fixed|macro|quotes,False,60
2026-10-02T04:07:51+08:00,73956,28.1,52.2,11,580.6,719.9,608.7,0.761,5,clock|dynamic|fixed|macro|quotes,False,60
2026-10-02T04:08:52+08:00,73956,28.1,52.1,11,580.2,718.9,608.4,0.421,5,clock|dynamic|fixed|macro|quotes,False,60
2026-10-02T04:09:51+08:00,73956,28.1,52.1,11,579.2,719.4,607.3,1.053,5,clock|dynamic|fixed|macro|quotes,False,60
2026-10-02T04:10:51+08:00,73956,28.1,52.1,11,580.4,719.3,608.5,0.437,5,clock|dynamic|fixed|macro|quotes,False,60
2026-10-02T04:11:51+08:00,73956,28.1,52.1,11,579.6,719.3,607.7,1.010,5,clock|dynamic|fixed|macro|quotes,False,60
2026-10-02T04:12:51+08:00,73956,28.1,52.1,11,580.5,719.2,608.6,0.508,5,clock|dynamic|fixed|macro|quotes,False,60
2026-10-02T04:13:51+08:00,73956,28.1,52.1,11,580.5,719.4,608.6,0.692,5,clock|dynamic|fixed|macro|quotes,False,60
2026-10-02T04:14:52+08:00,73956,28.1,52.1,11,587.5,719.6,615.7,0.947,5,clock|dynamic|fixed|macro|quotes,False,60
2026-10-02T04:15:52+08:00,73956,28.1,52.1,11,580.9,719.1,609.0,0.424,5,clock|dynamic|fixed|macro|quotes,False,60
2026-10-02T04:16:51+08:00,73956,28.1,52.1,11,579.4,719.0,607.5,1.131,5,clock|dynamic|fixed|macro|quotes,False,60
2026-10-02T04:17:52+08:00,73956,28.1,52.1,11,579.2,719.0,607.3,0.417,5,clock|dynamic|fixed|macro|quotes,False,60
2026-10-02T04:18:52+08:00,73956,28.1,52.1,11,579.4,719.1,607.5,0.995,5,clock|dynamic|fixed|macro|quotes,False,60
2026-10-02T04:19:52+08:00,73956,28.1,52.1,11,579.4,719.2,607.5,0.576,5,clock|dynamic|fixed|macro|quotes,False,60
2026-10-02T04:20:52+08:00,73956,28.1,52.1,11,579.5,719.2,607.6,0.745,5,clock|dynamic|fixed|macro|quotes,False,60
2026-10-02T04:21:52+08:00,73956,28.1,52.1,11,578.0,719.3,606.1,0.851,5,clock|dynamic|fixed|macro|quotes,False,60
2026-10-02T04:22:52+08:00,73956,28.1,52.1,11,579.2,719.1,607.3,0.432,5,clock|dynamic|fixed|macro|quotes,False,60
2026-10-02T04:23:52+08:00,73956,28.1,52.1,11,578.3,718.9,606.4,1.197,5,clock|dynamic|fixed|macro|quotes,False,60
2026-10-02T04:24:52+08:00,73956,28.1,52.1,11,579.1,718.9,607.2,0.455,5,clock|dynamic|fixed|macro|quotes,False,60
2026-10-02T04:25:52+08:00,73956,28.1,52.1,11,579.1,718.9,607.2,1.038,5,clock|dynamic|fixed|macro|quotes,False,60
2026-10-02T04:26:52+08:00,73956,28.1,52.1,11,577.0,718.6,605.1,0.500,5,clock|dynamic|fixed|macro|quotes,False,60
2026-10-02T04:27:52+08:00,73956,28.1,52.1,11,579.7,718.8,607.8,0.772,5,clock|dynamic|fixed|macro|quotes,False,60
2026-10-02T04:28:52+08:00,73956,28.1,52.1,11,578.3,718.8,606.4,0.788,5,clock|dynamic|fixed|macro|quotes,False,60
2026-10-02T04:29:52+08:00,73956,28.1,52.1,11,579.2,718.8,607.3,0.425,5,clock|dynamic|fixed|macro|quotes,False,60
2026-10-02T04:30:52+08:00,73956,28.1,52.1,11,579.1,718.9,607.2,1.190,5,clock|dynamic|fixed|macro|quotes,False,60
2026-10-02T04:31:52+08:00,73956,28.1,52.1,11,588.6,719.9,616.7,0.446,5,clock|dynamic|fixed|macro|quotes,False,60
2026-10-02T04:32:52+08:00,73956,28.1,52.1,11,579.6,718.8,607.7,1.040,5,clock|dynamic|fixed|macro|quotes,False,60
2026-10-02T04:33:52+08:00,73956,28.1,52.1,11,578.2,718.9,606.3,0.465,5,clock|dynamic|fixed|macro|quotes,False,60
2026-10-02T04:34:52+08:00,73956,28.1,52.1,11,579.0,719.1,607.1,0.701,5,clock|dynamic|fixed|macro|quotes,False,60
2026-10-02T04:35:52+08:00,73956,28.1,52.1,11,578.6,718.8,606.8,0.727,5,clock|dynamic|fixed|macro|quotes,False,60
2026-10-02T04:36:52+08:00,73956,28.1,52.1,11,579.5,719.1,607.6,0.418,5,clock|dynamic|fixed|macro|quotes,False,60
2026-10-02T04:37:52+08:00,73956,28.1,52.1,11,579.5,718.9,607.6,1.092,5,clock|dynamic|fixed|macro|quotes,False,60
2026-10-02T04:38:52+08:00,73956,28.1,52.1,11,577.9,718.8,606.0,0.448,5,clock|dynamic|fixed|macro|quotes,False,60
2026-10-02T04:39:52+08:00,73956,28.1,52.1,11,580.4,719.1,608.5,0.980,5,clock|dynamic|fixed|macro|quotes,False,60
2026-10-02T04:40:52+08:00,73956,28.1,52.1,11,578.8,719.1,606.9,0.527,5,clock|dynamic|fixed|macro|quotes,False,60
2026-10-02T04:41:52+08:00,73956,28.1,52.1,11,579.8,719.2,607.9,0.721,5,clock|dynamic|fixed|macro|quotes,False,60
2026-10-02T04:42:52+08:00,73956,28.1,52.1,11,579.7,719.2,607.8,0.823,5,clock|dynamic|fixed|macro|quotes,False,60
2026-10-02T04:43:52+08:00,73956,28.1,52.1,11,588.1,719.6,616.2,0.437,5,clock|dynamic|fixed|macro|quotes,False,60
2026-10-02T04:44:52+08:00,73956,28.1,52.1,11,580.0,719.0,608.1,1.222,5,clock|dynamic|fixed|macro|quotes,False,60
2026-10-02T04:45:52+08:00,73956,28.1,52.1,11,578.5,719.2,606.6,0.440,5,clock|dynamic|fixed|macro|quotes,False,60
2026-10-02T04:46:52+08:00,73956,28.1,52.1,11,579.2,719.2,607.3,0.968,5,clock|dynamic|fixed|macro|quotes,False,60
2026-10-02T04:47:52+08:00,73956,28.1,52.1,11,579.1,719.2,607.2,0.514,5,clock|dynamic|fixed|macro|quotes,False,60
2026-10-02T04:48:52+08:00,73956,28.1,52.1,11,578.9,719.1,607.0,0.654,5,clock|dynamic|fixed|macro|quotes,False,60
2026-10-02T04:49:52+08:00,73956,28.1,52.1,11,578.8,718.9,606.9,0.782,5,clock|dynamic|fixed|macro|quotes,False,60
2026-10-02T04:50:52+08:00,73956,28.1,52.1,11,579.2,719.1,607.3,0.412,5,clock|dynamic|fixed|macro|quotes,False,60
2026-10-02T04:51:52+08:00,73956,28.1,52.1,11,579.1,719.1,607.2,1.065,5,clock|dynamic|fixed|macro|quotes,False,60
2026-10-02T04:52:52+08:00,73956,28.1,52.1,11,578.5,719.2,606.6,0.423,5,clock|dynamic|fixed|macro|quotes,False,60
2026-10-02T04:53:52+08:00,73956,28.1,52.1,11,579.2,719.3,607.3,0.963,5,clock|dynamic|fixed|macro|quotes,False,60
2026-10-02T04:54:52+08:00,73956,28.1,52.1,11,580.2,719.2,608.3,0.516,5,clock|dynamic|fixed|macro|quotes,False,60
2026-10-02T04:55:52+08:00,73956,28.1,52.1,11,587.0,720.2,615.1,0.565,5,clock|dynamic|fixed|macro|quotes,False,60
2026-10-02T04:56:52+08:00,73956,28.1,52.1,11,580.9,719.3,609.0,0.786,5,clock|dynamic|fixed|macro|quotes,False,60
2026-10-02T04:57:52+08:00,73956,28.1,52.1,11,579.6,719.5,607.7,0.408,5,clock|dynamic|fixed|macro|quotes,False,60
2026-10-02T04:58:52+08:00,73956,28.1,52.1,11,580.4,719.6,608.5,1.046,5,clock|dynamic|fixed|macro|quotes,False,60
2026-10-02T04:59:52+08:00,73956,28.1,52.1,11,580.1,719.5,608.2,0.420,5,clock|dynamic|fixed|macro|quotes,False,60
2026-10-02T05:00:52+08:00,73956,28.1,52.1,11,589.7,720.5,617.8,0.887,5,clock|dynamic|fixed|macro|quotes,False,60
2026-10-02T05:01:52+08:00,73956,28.1,52.1,11,581.1,719.4,609.2,0.565,5,clock|dynamic|fixed|macro|quotes,False,60
2026-10-02T05:02:52+08:00,73956,28.1,52.1,11,579.8,719.5,607.9,0.445,5,clock|dynamic|fixed|macro|quotes,False,60
2026-10-02T05:03:52+08:00,73956,28.1,52.1,11,580.4,719.5,608.5,0.987,5,clock|dynamic|fixed|macro|quotes,False,60
2026-10-02T05:04:52+08:00,73956,28.1,52.1,11,579.8,719.6,607.9,0.393,5,clock|dynamic|fixed|macro|quotes,False,60
2026-10-02T05:05:52+08:00,73956,28.1,52.1,11,580.3,719.2,608.4,1.011,5,clock|dynamic|fixed|macro|quotes,False,60
2026-10-02T05:06:52+08:00,73956,28.1,52.1,11,580.3,719.5,608.4,0.452,5,clock|dynamic|fixed|macro|quotes,False,60
2026-10-02T05:07:52+08:00,73956,28.1,52.1,11,578.7,719.4,606.8,0.710,5,clock|dynamic|fixed|macro|quotes,False,60
2026-10-02T05:08:52+08:00,73956,28.1,52.1,11,581.0,719.5,609.1,0.723,5,clock|dynamic|fixed|macro|quotes,False,60
2026-10-02T05:09:52+08:00,73956,28.1,52.1,11,579.5,719.5,607.6,0.403,5,clock|dynamic|fixed|macro|quotes,False,60
2026-10-02T05:10:52+08:00,73956,28.1,52.1,11,580.2,719.5,608.3,0.994,5,clock|dynamic|fixed|macro|quotes,False,60
2026-10-02T05:11:52+08:00,73956,28.1,52.1,11,580.3,719.6,608.4,0.434,5,clock|dynamic|fixed|macro|quotes,False,60
2026-10-02T05:12:52+08:00,73956,28.1,52.1,11,589.7,720.2,617.8,0.960,5,clock|dynamic|fixed|macro|quotes,False,60
2026-10-02T05:13:52+08:00,73956,28.1,52.1,11,580.7,720.7,608.8,0.500,5,clock|dynamic|fixed|macro|quotes,False,60
2026-10-02T05:14:52+08:00,73956,28.1,52.1,11,579.0,720.7,607.1,0.568,5,clock|dynamic|fixed|macro|quotes,False,60
2026-10-02T05:15:52+08:00,73956,28.1,52.1,11,579.9,720.6,608.0,0.864,5,clock|dynamic|fixed|macro|quotes,False,60
2026-10-02T05:16:52+08:00,73956,28.1,52.1,11,579.7,720.6,607.8,0.400,5,clock|dynamic|fixed|macro|quotes,False,60
2026-10-02T05:17:52+08:00,73956,28.1,52.1,11,579.9,720.6,608.0,0.999,5,clock|dynamic|fixed|macro|quotes,False,60
2026-10-02T05:18:52+08:00,73956,28.1,52.1,11,579.8,720.7,607.9,0.420,5,clock|dynamic|fixed|macro|quotes,False,60
2026-10-02T05:19:52+08:00,73956,28.1,52.1,11,578.4,720.6,606.5,0.857,5,clock|dynamic|fixed|macro|quotes,False,60
2026-10-02T05:20:52+08:00,73956,28.1,52.1,11,579.7,720.6,607.8,0.560,5,clock|dynamic|fixed|macro|quotes,False,60
2026-10-02T05:21:52+08:00,73956,28.1,52.1,11,579.1,720.6,607.2,0.421,5,clock|dynamic|fixed|macro|quotes,False,60
2026-10-02T05:22:52+08:00,73956,28.1,52.1,11,579.0,720.7,607.1,0.964,5,clock|dynamic|fixed|macro|quotes,False,60
2026-10-02T05:23:52+08:00,73956,28.1,52.1,11,579.5,721.0,607.6,0.419,5,clock|dynamic|fixed|macro|quotes,False,60
2026-10-02T05:24:52+08:00,73956,28.1,52.1,11,584.9,721.5,613.0,0.926,5,clock|dynamic|fixed|macro|quotes,False,60
2026-10-02T05:25:52+08:00,73956,28.1,52.1,11,580.3,720.9,608.4,0.450,5,clock|dynamic|fixed|macro|quotes,False,60
2026-10-02T05:26:52+08:00,73956,28.1,52.1,11,578.4,720.9,606.5,0.774,5,clock|dynamic|fixed|macro|quotes,False,60
2026-10-02T05:27:52+08:00,73956,28.1,52.1,11,579.0,720.8,607.1,0.618,5,clock|dynamic|fixed|macro|quotes,False,60
2026-10-02T05:28:52+08:00,73956,28.1,52.1,11,578.8,720.7,606.9,0.401,5,clock|dynamic|fixed|macro|quotes,False,60
2026-10-02T05:29:52+08:00,73956,28.1,52.1,11,579.0,720.8,607.1,1.007,5,clock|dynamic|fixed|macro|quotes,False,60
2026-10-02T05:30:52+08:00,73956,28.1,52.1,11,578.8,720.7,606.9,0.415,5,clock|dynamic|fixed|macro|quotes,False,60
2026-10-02T05:31:52+08:00,73956,28.1,52.1,11,577.5,720.8,605.6,0.942,5,clock|dynamic|fixed|macro|quotes,False,60
2026-10-02T05:32:52+08:00,73956,28.1,52.1,11,578.3,720.8,606.4,0.501,5,clock|dynamic|fixed|macro|quotes,False,60
2026-10-02T05:33:52+08:00,73956,28.1,52.1,11,577.6,720.9,605.8,0.558,5,clock|dynamic|fixed|macro|quotes,False,60
2026-10-02T05:34:52+08:00,73956,28.1,52.1,11,578.5,721.0,606.6,0.774,5,clock|dynamic|fixed|macro|quotes,False,60
2026-10-02T05:35:52+08:00,73956,28.1,52.1,11,578.6,721.1,606.7,0.433,5,clock|dynamic|fixed|macro|quotes,False,60
2026-10-02T05:36:52+08:00,73956,28.1,52.1,11,578.6,721.3,606.7,1.022,5,clock|dynamic|fixed|macro|quotes,False,60
2026-10-02T05:37:52+08:00,73956,28.1,52.1,11,578.8,720.9,606.9,0.451,5,clock|dynamic|fixed|macro|quotes,False,60
2026-10-02T05:38:52+08:00,73956,28.1,52.1,11,577.4,720.7,605.5,0.857,5,clock|dynamic|fixed|macro|quotes,False,60
2026-10-02T05:39:52+08:00,73956,28.1,52.1,11,578.2,720.9,606.3,0.575,5,clock|dynamic|fixed|macro|quotes,False,60
2026-10-02T05:40:52+08:00,73956,28.1,52.1,11,578.1,720.8,606.2,0.462,5,clock|dynamic|fixed|macro|quotes,False,60
2026-10-02T05:41:52+08:00,73956,28.1,52.1,11,587.9,721.2,616.0,0.963,5,clock|dynamic|fixed|macro|quotes,False,60
2026-10-02T05:42:52+08:00,73956,28.1,52.1,11,579.8,720.8,607.9,0.410,5,clock|dynamic|fixed|macro|quotes,False,60
2026-10-02T05:43:52+08:00,73956,28.1,52.1,11,578.1,720.6,606.2,1.071,5,clock|dynamic|fixed|macro|quotes,False,60
2026-10-02T05:44:52+08:00,73956,28.1,52.1,11,578.9,720.6,607.0,0.439,5,clock|dynamic|fixed|macro|quotes,False,60
2026-10-02T05:45:52+08:00,73956,28.1,52.1,11,578.4,720.7,606.5,0.751,5,clock|dynamic|fixed|macro|quotes,False,60
2026-10-02T05:46:52+08:00,73956,28.1,52.1,11,579.1,720.7,607.2,0.727,5,clock|dynamic|fixed|macro|quotes,False,60
2026-10-02T05:47:52+08:00,73956,28.1,52.1,11,578.8,720.5,606.9,0.357,5,clock|dynamic|fixed|macro|quotes,False,60
2026-10-02T05:48:52+08:00,73956,28.1,52.1,11,577.6,720.7,605.7,1.030,5,clock|dynamic|fixed|macro|quotes,False,60
2026-10-02T05:49:52+08:00,73956,28.1,52.1,11,578.3,720.4,606.4,0.405,5,clock|dynamic|fixed|macro|quotes,False,60
2026-10-02T05:50:52+08:00,73956,28.1,52.1,11,577.9,720.6,606.0,0.875,5,clock|dynamic|fixed|macro|quotes,False,60
2026-10-02T05:51:52+08:00,73956,28.1,52.1,11,578.9,720.8,607.0,0.470,5,clock|dynamic|fixed|macro|quotes,False,60
2026-10-02T05:52:52+08:00,73956,28.1,52.1,11,578.6,720.4,606.7,0.610,5,clock|dynamic|fixed|macro|quotes,False,60
2026-10-02T05:53:52+08:00,73956,28.1,52.1,11,584.6,720.9,612.7,0.816,5,clock|dynamic|fixed|macro|quotes,False,60
2026-10-02T05:54:52+08:00,73956,28.1,52.1,11,579.3,720.5,607.4,0.406,5,clock|dynamic|fixed|macro|quotes,False,60
2026-10-02T05:55:52+08:00,73956,28.1,52.1,11,578.1,720.5,606.2,0.962,5,clock|dynamic|fixed|macro|quotes,False,60
2026-10-02T05:56:52+08:00,73956,28.1,52.1,11,578.8,720.5,606.9,0.400,5,clock|dynamic|fixed|macro|quotes,False,60
2026-10-02T05:57:52+08:00,73956,28.1,52.1,11,579.0,720.8,607.1,0.905,5,clock|dynamic|fixed|macro|quotes,False,60
2026-10-02T05:58:52+08:00,73956,28.1,52.1,11,578.5,720.5,606.6,0.494,5,clock|dynamic|fixed|macro|quotes,False,60
2026-10-02T05:59:53+08:00,73956,28.1,52.1,11,578.1,720.3,606.2,0.468,5,clock|dynamic|fixed|macro|quotes,False,60
2026-10-02T06:00:53+08:00,73956,28.5,52.6,11,578.1,723.5,606.6,0.961,5,clock|dynamic|fixed|macro|quotes,False,60
2026-10-02T06:01:52+08:00,73956,28.5,52.6,11,578.7,723.2,607.2,0.455,5,clock|dynamic|fixed|macro|quotes,False,60
2026-10-02T06:02:52+08:00,73956,28.5,52.6,11,578.9,723.2,607.4,0.925,5,clock|dynamic|fixed|macro|quotes,False,60
2026-10-02T06:03:53+08:00,73956,28.5,52.6,11,588.2,724.2,616.7,0.489,5,clock|dynamic|fixed|macro|quotes,False,60
2026-10-02T06:04:53+08:00,73956,28.5,52.6,11,579.2,723.1,607.7,0.731,5,clock|dynamic|fixed|macro|quotes,False,60
2026-10-02T06:05:53+08:00,73956,28.5,52.6,11,577.6,722.9,606.1,0.672,5,clock|dynamic|fixed|macro|quotes,False,60
2026-10-02T06:06:53+08:00,73956,28.5,52.6,11,579.1,723.1,607.6,0.365,5,clock|dynamic|fixed|macro|quotes,False,60
2026-10-02T06:07:52+08:00,73956,28.5,52.6,11,578.8,723.3,607.3,1.072,5,clock|dynamic|fixed|macro|quotes,False,60
2026-10-02T06:08:52+08:00,73956,28.5,52.6,11,579.2,723.4,607.7,0.414,5,clock|dynamic|fixed|macro|quotes,False,60
2026-10-02T06:09:53+08:00,73956,28.5,52.6,11,579.3,723.6,607.8,0.967,5,clock|dynamic|fixed|macro|quotes,False,60
2026-10-02T06:10:53+08:00,73956,28.5,52.6,11,577.8,723.5,606.3,0.500,5,clock|dynamic|fixed|macro|quotes,False,60
2026-10-02T06:11:52+08:00,73956,28.5,52.6,11,579.6,723.3,608.1,0.615,5,clock|dynamic|fixed|macro|quotes,False,60
2026-10-02T06:12:53+08:00,73956,28.5,52.6,11,578.4,723.2,606.9,0.819,5,clock|dynamic|fixed|macro|quotes,False,60
2026-10-02T06:13:53+08:00,73956,28.5,52.6,11,579.1,723.4,607.6,0.396,5,clock|dynamic|fixed|macro|quotes,False,60
2026-10-02T06:14:53+08:00,73956,28.5,52.6,11,579.0,723.3,607.4,1.015,5,clock|dynamic|fixed|macro|quotes,False,60
2026-10-02T06:15:53+08:00,73956,28.5,52.6,11,587.6,724.3,616.1,0.410,5,clock|dynamic|fixed|macro|quotes,False,60
2026-10-02T06:16:53+08:00,73956,28.5,52.6,11,579.0,723.2,607.5,0.820,5,clock|dynamic|fixed|macro|quotes,False,60
2026-10-02T06:17:53+08:00,73956,28.5,52.6,11,578.0,723.4,606.5,0.505,5,clock|dynamic|fixed|macro|quotes,False,60
2026-10-02T06:18:53+08:00,73956,28.5,52.6,11,578.7,723.5,607.2,0.460,5,clock|dynamic|fixed|macro|quotes,False,60
2026-10-02T06:19:53+08:00,73956,28.5,52.6,11,578.7,723.4,607.2,0.947,5,clock|dynamic|fixed|macro|quotes,False,60
2026-10-02T06:20:53+08:00,73956,28.5,52.6,11,578.6,723.4,607.1,0.404,5,clock|dynamic|fixed|macro|quotes,False,60
2026-10-02T06:21:53+08:00,73956,28.5,52.6,11,578.3,723.3,606.8,1.008,5,clock|dynamic|fixed|macro|quotes,False,60
2026-10-02T06:22:53+08:00,73956,28.5,52.6,11,577.0,723.3,605.5,0.424,5,clock|dynamic|fixed|macro|quotes,False,60
2026-10-02T06:23:53+08:00,73956,28.5,52.6,11,579.0,724.0,607.5,0.778,5,clock|dynamic|fixed|macro|quotes,False,60
2026-10-02T06:24:53+08:00,73956,28.5,52.6,11,578.1,723.8,606.6,0.654,5,clock|dynamic|fixed|macro|quotes,False,60
2026-10-02T06:25:53+08:00,73956,28.5,52.6,11,578.9,723.9,607.4,0.354,5,clock|dynamic|fixed|macro|quotes,False,60
2026-10-02T06:26:53+08:00,73956,28.5,52.6,11,579.0,723.9,607.5,1.100,5,clock|dynamic|fixed|macro|quotes,False,60
2026-10-02T06:27:53+08:00,73956,28.5,52.6,11,584.2,724.5,612.7,0.420,5,clock|dynamic|fixed|macro|quotes,False,60
2026-10-02T06:28:53+08:00,73956,28.5,52.6,11,579.9,724.0,608.4,0.929,5,clock|dynamic|fixed|macro|quotes,False,60
2026-10-02T06:29:53+08:00,73956,28.5,52.6,11,578.2,723.8,606.7,0.451,5,clock|dynamic|fixed|macro|quotes,False,60
2026-10-02T06:30:53+08:00,73956,28.5,52.6,11,578.9,723.8,607.4,0.612,5,clock|dynamic|fixed|macro|quotes,False,60
2026-10-02T06:31:53+08:00,73956,28.5,52.6,11,579.1,723.9,607.6,0.824,5,clock|dynamic|fixed|macro|quotes,False,60
2026-10-02T06:32:53+08:00,73956,28.5,52.6,11,588.1,724.5,616.6,0.370,5,clock|dynamic|fixed|macro|quotes,False,60
2026-10-02T06:33:53+08:00,73956,28.5,52.6,11,579.3,723.7,607.8,1.063,5,clock|dynamic|fixed|macro|quotes,False,60
2026-10-02T06:34:53+08:00,73956,28.5,52.6,11,577.0,723.1,605.5,0.403,5,clock|dynamic|fixed|macro|quotes,False,60
2026-10-02T06:35:53+08:00,73956,28.5,52.6,11,578.1,723.2,606.6,0.854,5,clock|dynamic|fixed|macro|quotes,False,60
2026-10-02T06:36:53+08:00,73956,28.5,52.6,11,577.2,723.0,605.7,0.571,5,clock|dynamic|fixed|macro|quotes,False,60
2026-10-02T06:37:53+08:00,73956,28.5,52.6,11,578.2,723.2,606.7,0.454,5,clock|dynamic|fixed|macro|quotes,False,60
2026-10-02T06:38:53+08:00,73956,28.5,52.6,11,578.4,723.2,606.9,0.975,5,clock|dynamic|fixed|macro|quotes,False,60
2026-10-02T06:39:53+08:00,73956,28.5,52.6,11,578.5,723.4,607.0,0.436,5,clock|dynamic|fixed|macro|quotes,False,60
2026-10-02T06:40:53+08:00,73956,28.5,52.6,11,580.3,724.4,608.8,0.983,5,clock|dynamic|fixed|macro|quotes,False,60
2026-10-02T06:41:53+08:00,73956,28.5,52.6,11,577.7,723.2,606.2,0.423,5,clock|dynamic|fixed|macro|quotes,False,60
2026-10-02T06:42:53+08:00,73956,28.5,52.6,11,581.8,723.7,610.3,0.746,5,clock|dynamic|fixed|macro|quotes,False,60
2026-10-02T06:43:53+08:00,73956,28.5,52.6,11,578.2,723.3,606.7,0.679,5,clock|dynamic|fixed|macro|quotes,False,60
2026-10-02T06:44:53+08:00,73956,28.5,52.6,11,587.4,723.8,615.9,0.387,5,clock|dynamic|fixed|macro|quotes,False,60
2026-10-02T06:45:53+08:00,73956,28.5,52.6,11,579.2,723.2,607.7,1.050,5,clock|dynamic|fixed|macro|quotes,False,60
2026-10-02T06:46:53+08:00,73956,28.5,52.6,11,577.6,723.1,606.1,0.421,5,clock|dynamic|fixed|macro|quotes,False,60
2026-10-02T06:47:53+08:00,73956,28.5,52.6,11,578.4,723.1,606.9,0.962,5,clock|dynamic|fixed|macro|quotes,False,60
2026-10-02T06:48:53+08:00,73956,28.5,52.6,11,578.5,723.1,607.0,0.433,5,clock|dynamic|fixed|macro|quotes,False,60
2026-10-02T06:49:53+08:00,73956,28.5,52.6,11,578.5,723.2,607.0,0.595,5,clock|dynamic|fixed|macro|quotes,False,60
2026-10-02T06:50:53+08:00,73956,28.5,52.6,11,578.6,723.2,607.0,0.785,5,clock|dynamic|fixed|macro|quotes,False,60
2026-10-02T06:51:53+08:00,73956,28.5,52.6,11,577.3,723.4,605.8,0.396,5,clock|dynamic|fixed|macro|quotes,False,60
2026-10-02T06:52:53+08:00,73956,28.5,52.6,11,578.7,723.7,607.2,1.012,5,clock|dynamic|fixed|macro|quotes,False,60
2026-10-02T06:53:53+08:00,73956,28.5,52.6,11,577.8,723.6,606.3,0.398,5,clock|dynamic|fixed|macro|quotes,False,60
2026-10-02T06:54:53+08:00,73956,28.5,52.6,11,578.7,723.4,607.2,0.887,5,clock|dynamic|fixed|macro|quotes,False,60
2026-10-02T06:55:53+08:00,73956,28.5,52.6,11,578.4,723.2,606.9,0.554,5,clock|dynamic|fixed|macro|quotes,False,60
2026-10-02T06:56:53+08:00,73956,28.5,52.6,11,584.1,723.9,612.6,0.504,5,clock|dynamic|fixed|macro|quotes,False,60
2026-10-02T06:57:53+08:00,73956,28.5,52.6,11,579.4,723.6,607.9,0.890,5,clock|dynamic|fixed|macro|quotes,False,60
2026-10-02T06:58:53+08:00,73956,28.5,52.6,11,577.9,723.4,606.4,0.398,5,clock|dynamic|fixed|macro|quotes,False,60
2026-10-02T06:59:53+08:00,73956,28.5,52.6,11,578.6,723.4,607.1,0.997,5,clock|dynamic|fixed|macro|quotes,False,60
2026-10-02T07:00:53+08:00,73956,28.5,52.6,11,578.4,723.3,606.9,0.463,5,clock|dynamic|fixed|macro|quotes,False,60
2026-10-02T07:01:53+08:00,73956,28.5,52.6,11,578.9,723.7,607.4,0.739,5,clock|dynamic|fixed|macro|quotes,False,60
2026-10-02T07:02:53+08:00,73956,28.5,52.6,11,578.5,723.5,607.0,0.664,5,clock|dynamic|fixed|macro|quotes,False,60
2026-10-02T07:03:53+08:00,73956,28.5,52.6,11,577.3,723.6,605.8,0.396,5,clock|dynamic|fixed|macro|quotes,False,60
2026-10-02T07:04:53+08:00,73956,28.5,52.6,11,578.8,723.6,607.3,0.999,5,clock|dynamic|fixed|macro|quotes,False,60
2026-10-02T07:05:53+08:00,73956,28.5,52.6,11,577.7,723.4,606.2,0.405,5,clock|dynamic|fixed|macro|quotes,False,60
2026-10-02T07:06:53+08:00,73956,28.5,52.6,11,578.7,723.7,607.2,0.986,5,clock|dynamic|fixed|macro|quotes,False,60
2026-10-02T07:07:53+08:00,73956,28.5,52.6,11,578.4,723.4,606.9,0.494,5,clock|dynamic|fixed|macro|quotes,False,60
2026-10-02T07:08:53+08:00,73956,28.5,52.6,11,577.1,723.6,605.6,0.601,5,clock|dynamic|fixed|macro|quotes,False,60
2026-10-02T07:09:53+08:00,73956,28.5,52.6,11,579.2,723.6,607.7,0.804,5,clock|dynamic|fixed|macro|quotes,False,60
2026-10-02T07:10:53+08:00,73956,28.5,52.6,11,578.3,723.3,606.8,0.374,5,clock|dynamic|fixed|macro|quotes,False,60
2026-10-02T07:11:53+08:00,73956,28.5,52.6,11,579.5,723.6,608.0,0.938,5,clock|dynamic|fixed|macro|quotes,False,60
2026-10-02T07:12:53+08:00,73956,28.5,52.6,11,579.8,723.6,608.3,0.403,5,clock|dynamic|fixed|macro|quotes,False,60
2026-10-02T07:13:53+08:00,73956,28.5,52.6,11,588.8,724.2,617.3,0.925,5,clock|dynamic|fixed|macro|quotes,False,60
2026-10-02T07:14:53+08:00,73956,28.5,52.6,11,580.3,723.5,608.8,0.481,5,clock|dynamic|fixed|macro|quotes,False,60
2026-10-02T07:15:53+08:00,73956,28.5,52.6,11,578.8,723.5,607.3,0.504,5,clock|dynamic|fixed|macro|quotes,False,60
2026-10-02T07:16:53+08:00,73956,28.5,52.6,11,579.6,723.6,608.1,0.913,5,clock|dynamic|fixed|macro|quotes,False,60
2026-10-02T07:17:53+08:00,73956,28.5,52.6,11,578.8,723.5,607.3,0.419,5,clock|dynamic|fixed|macro|quotes,False,60
2026-10-02T07:18:53+08:00,73956,28.5,52.6,11,579.6,723.6,608.1,1.036,5,clock|dynamic|fixed|macro|quotes,False,60
2026-10-02T07:19:53+08:00,73956,28.5,52.6,11,579.1,723.4,607.6,0.453,5,clock|dynamic|fixed|macro|quotes,False,60
2026-10-02T07:20:53+08:00,73956,28.5,52.6,11,577.9,723.5,606.4,0.737,5,clock|dynamic|fixed|macro|quotes,False,60
2026-10-02T07:21:53+08:00,73956,28.5,52.6,11,580.0,723.3,608.5,0.620,5,clock|dynamic|fixed|macro|quotes,False,60
2026-10-02T07:22:53+08:00,73956,28.5,52.6,11,578.5,723.3,607.0,0.425,5,clock|dynamic|fixed|macro|quotes,False,60
2026-10-02T07:23:53+08:00,73956,28.5,52.6,11,579.5,723.3,608.0,1.038,5,clock|dynamic|fixed|macro|quotes,False,60
2026-10-02T07:24:53+08:00,73956,28.5,52.6,11,579.6,723.5,608.0,0.416,5,clock|dynamic|fixed|macro|quotes,False,60
2026-10-02T07:25:53+08:00,73956,28.5,52.6,11,587.9,724.2,616.4,0.929,5,clock|dynamic|fixed|macro|quotes,False,60
2026-10-02T07:26:53+08:00,73956,28.5,52.6,11,580.5,724.1,609.0,0.458,5,clock|dynamic|fixed|macro|quotes,False,60
2026-10-02T07:27:53+08:00,73956,28.5,52.6,11,579.2,724.0,607.7,0.762,5,clock|dynamic|fixed|macro|quotes,False,60
2026-10-02T07:28:53+08:00,73956,28.5,52.6,11,579.7,723.8,608.2,0.678,5,clock|dynamic|fixed|macro|quotes,False,60
2026-10-02T07:29:53+08:00,73956,28.5,52.6,11,579.3,723.6,607.8,0.356,5,clock|dynamic|fixed|macro|quotes,False,60
2026-10-02T07:30:53+08:00,73956,28.5,52.6,11,579.3,723.7,607.8,1.015,5,clock|dynamic|fixed|macro|quotes,False,60
2026-10-02T07:31:53+08:00,73956,28.5,52.6,11,579.4,723.8,607.9,0.404,5,clock|dynamic|fixed|macro|quotes,False,60
2026-10-02T07:32:54+08:00,73956,28.5,52.6,11,578.0,723.9,606.5,0.972,5,clock|dynamic|fixed|macro|quotes,False,60
2026-10-02T07:33:54+08:00,73956,28.5,52.6,11,579.4,723.6,607.9,0.458,5,clock|dynamic|fixed|macro|quotes,False,60
2026-10-02T07:34:53+08:00,73956,28.5,52.6,11,579.1,723.9,607.6,0.666,5,clock|dynamic|fixed|macro|quotes,False,60
2026-10-02T07:35:53+08:00,73956,28.5,52.6,11,579.7,724.0,608.2,0.770,5,clock|dynamic|fixed|macro|quotes,False,60
2026-10-02T07:36:54+08:00,73956,28.5,52.6,11,579.7,724.1,608.2,0.371,5,clock|dynamic|fixed|macro|quotes,False,60
2026-10-02T07:37:54+08:00,73956,28.5,52.6,11,578.7,723.9,607.2,0.994,5,clock|dynamic|fixed|macro|quotes,False,60
2026-10-02T07:38:53+08:00,73956,28.5,52.6,11,580.7,723.6,609.2,0.407,5,clock|dynamic|fixed|macro|quotes,False,60
2026-10-02T07:39:53+08:00,73956,28.5,52.6,11,579.4,723.5,607.9,0.914,5,clock|dynamic|fixed|macro|quotes,False,60
2026-10-02T07:40:53+08:00,73956,28.5,52.6,11,580.0,723.6,608.5,0.457,5,clock|dynamic|fixed|macro|quotes,False,60
2026-10-02T07:41:54+08:00,73956,28.5,52.6,11,579.9,723.5,608.4,0.524,5,clock|dynamic|fixed|macro|quotes,False,60
2026-10-02T07:42:54+08:00,73956,28.5,52.6,11,589.9,724.7,618.4,0.765,5,clock|dynamic|fixed|macro|quotes,False,60
2026-10-02T07:43:54+08:00,73956,28.5,52.6,11,580.8,723.6,609.3,0.405,5,clock|dynamic|fixed|macro|quotes,False,60
2026-10-02T07:44:54+08:00,73956,28.5,52.6,11,579.3,723.7,607.8,0.974,5,clock|dynamic|fixed|macro|quotes,False,60
2026-10-02T07:45:53+08:00,73956,28.5,52.6,11,579.0,723.8,607.5,0.418,5,clock|dynamic|fixed|macro|quotes,False,60
2026-10-02T07:46:54+08:00,73956,28.5,52.6,11,579.2,723.9,607.7,0.769,5,clock|dynamic|fixed|macro|quotes,False,60
2026-10-02T07:47:54+08:00,73956,28.5,52.6,11,579.8,723.6,608.3,0.573,5,clock|dynamic|fixed|macro|quotes,False,60
2026-10-02T07:48:54+08:00,73956,28.5,52.6,11,579.7,723.8,608.2,0.453,5,clock|dynamic|fixed|macro|quotes,False,60
2026-10-02T07:49:53+08:00,73956,28.5,52.6,11,578.1,723.6,606.6,0.918,5,clock|dynamic|fixed|macro|quotes,False,60
2026-10-02T07:50:54+08:00,73956,28.5,52.6,11,579.7,723.8,608.2,0.448,5,clock|dynamic|fixed|macro|quotes,False,60
2026-10-02T07:51:54+08:00,73956,28.5,52.6,11,578.9,723.8,607.4,1.023,5,clock|dynamic|fixed|macro|quotes,False,60
2026-10-02T07:52:54+08:00,73956,28.5,52.6,11,579.8,723.8,608.3,0.423,5,clock|dynamic|fixed|macro|quotes,False,60
