2026-10-02T10:42:13.671+08:00 START probe_wallpaper tag=full baseline=600s setting=7200s cooldown=600s interval=10s sample=30s window=3s
2026-10-02T10:42:13.671+08:00 BACKUP 備份 JSON：%LOCALAPPDATA%\fc-probe-wallpaper\backup-20261002-104213.json（還原：probe_wallpaper --restore <此檔>）
2026-10-02T10:42:13.672+08:00 A=%LOCALAPPDATA%\fc-probe-wallpaper\a.png B=%LOCALAPPDATA%\fc-probe-wallpaper\b.png
2026-10-02T10:42:13.672+08:00 BACKUP monitor[0] id=\\?\DISPLAY#BOE0CDF#4&102fce2&0&UID8388688#{e6f07b5f-ee97-4a90-b076-33f57bf4eaa7} online=true rect=Some([3840, 4, 6400, 1604]) wallpaper=Some("C:\\Windows\\asus\\wallpapers\\asus.jpg")
2026-10-02T10:42:13.672+08:00 BACKUP monitor[1] id=\\?\DISPLAY#AUSAA34#5&1091fafa&0&UID4356#{e6f07b5f-ee97-4a90-b076-33f57bf4eaa7} online=true rect=Some([0, 0, 3840, 2160]) wallpaper=Some("C:\\Windows\\asus\\wallpapers\\asus.jpg")
2026-10-02T10:42:13.672+08:00 BACKUP position=Some(4) background_color=Some(0) status=Some(1) registry={"TileWallpaper": Some("0"), "Wallpaper": Some("c:\\windows\\asus\\wallpapers\\asus.jpg"), "WallpaperStyle": Some("10")}
2026-10-02T10:42:13.674+08:00 POWER SetThreadExecutionState(CONTINUOUS|DISPLAY_REQUIRED|SYSTEM_REQUIRED) -> prev=0x80000000（0＝失敗）
2026-10-02T10:42:13.677+08:00 PHASE -> baseline (elapsed 0.0s)
2026-10-02T10:52:13.716+08:00 PHASE -> setting (elapsed 600.0s)
2026-10-02T10:52:13.747+08:00 SET cycle=0 mon=0 img=A hr=0x00000000 dur_ms=1.7
2026-10-02T10:52:13.749+08:00 SET cycle=0 mon=1 img=B hr=0x00000000 dur_ms=1.1
2026-10-02T10:52:23.690+08:00 SET cycle=1 mon=0 img=B hr=0x00000000 dur_ms=2.0
2026-10-02T10:52:23.691+08:00 SET cycle=1 mon=1 img=A hr=0x00000000 dur_ms=1.5
2026-10-02T10:52:33.731+08:00 SET cycle=2 mon=0 img=A hr=0x00000000 dur_ms=1.5
2026-10-02T10:52:33.741+08:00 SET cycle=2 mon=1 img=B hr=0x00000000 dur_ms=2.3
2026-10-02T10:52:43.715+08:00 SET cycle=3 mon=0 img=B hr=0x00000000 dur_ms=1.3
2026-10-02T10:52:43.717+08:00 SET cycle=3 mon=1 img=A hr=0x00000000 dur_ms=1.4
2026-10-02T10:52:53.757+08:00 SET cycle=4 mon=0 img=A hr=0x00000000 dur_ms=1.6
2026-10-02T10:52:53.766+08:00 SET cycle=4 mon=1 img=B hr=0x00000000 dur_ms=1.5
2026-10-02T10:53:03.706+08:00 SET cycle=5 mon=0 img=B hr=0x00000000 dur_ms=2.2
2026-10-02T10:53:03.716+08:00 SET cycle=5 mon=1 img=A hr=0x00000000 dur_ms=2.0
2026-10-02T10:53:13.790+08:00 SET cycle=6 mon=0 img=A hr=0x00000000 dur_ms=1.9
2026-10-02T10:53:13.792+08:00 SET cycle=6 mon=1 img=B hr=0x00000000 dur_ms=1.5
2026-10-02T10:53:23.728+08:00 SET cycle=7 mon=0 img=B hr=0x00000000 dur_ms=1.2
2026-10-02T10:53:23.736+08:00 SET cycle=7 mon=1 img=A hr=0x00000000 dur_ms=1.8
2026-10-02T10:53:33.773+08:00 SET cycle=8 mon=0 img=A hr=0x00000000 dur_ms=1.5
2026-10-02T10:53:33.783+08:00 SET cycle=8 mon=1 img=B hr=0x00000000 dur_ms=1.4
2026-10-02T10:53:43.744+08:00 SET cycle=9 mon=0 img=B hr=0x00000000 dur_ms=1.3
2026-10-02T10:53:43.745+08:00 SET cycle=9 mon=1 img=A hr=0x00000000 dur_ms=0.9
2026-10-02T10:53:53.682+08:00 SET cycle=10 mon=0 img=A hr=0x00000000 dur_ms=1.6
2026-10-02T10:53:53.685+08:00 SET cycle=10 mon=1 img=B hr=0x00000000 dur_ms=1.3
2026-10-02T10:54:03.721+08:00 SET cycle=11 mon=0 img=B hr=0x00000000 dur_ms=2.0
2026-10-02T10:54:03.731+08:00 SET cycle=11 mon=1 img=A hr=0x00000000 dur_ms=1.6
2026-10-02T10:54:13.807+08:00 SET cycle=12 mon=0 img=A hr=0x00000000 dur_ms=1.1
2026-10-02T10:54:13.808+08:00 SET cycle=12 mon=1 img=B hr=0x00000000 dur_ms=1.0
2026-10-02T10:54:23.742+08:00 SET cycle=13 mon=0 img=B hr=0x00000000 dur_ms=1.1
2026-10-02T10:54:23.751+08:00 SET cycle=13 mon=1 img=A hr=0x00000000 dur_ms=1.1
2026-10-02T10:54:33.686+08:00 SET cycle=14 mon=0 img=A hr=0x00000000 dur_ms=2.0
2026-10-02T10:54:33.695+08:00 SET cycle=14 mon=1 img=B hr=0x00000000 dur_ms=1.6
2026-10-02T10:54:43.774+08:00 SET cycle=15 mon=0 img=B hr=0x00000000 dur_ms=1.7
2026-10-02T10:54:43.777+08:00 SET cycle=15 mon=1 img=A hr=0x00000000 dur_ms=1.3
2026-10-02T10:54:53.715+08:00 SET cycle=16 mon=0 img=A hr=0x00000000 dur_ms=2.1
2026-10-02T10:54:53.725+08:00 SET cycle=16 mon=1 img=B hr=0x00000000 dur_ms=1.4
2026-10-02T10:55:03.762+08:00 SET cycle=17 mon=0 img=B hr=0x00000000 dur_ms=1.5
2026-10-02T10:55:03.772+08:00 SET cycle=17 mon=1 img=A hr=0x00000000 dur_ms=1.4
2026-10-02T10:55:13.739+08:00 SET cycle=18 mon=0 img=A hr=0x00000000 dur_ms=1.8
2026-10-02T10:55:13.742+08:00 SET cycle=18 mon=1 img=B hr=0x00000000 dur_ms=1.0
2026-10-02T10:55:23.779+08:00 SET cycle=19 mon=0 img=B hr=0x00000000 dur_ms=1.1
2026-10-02T10:55:23.788+08:00 SET cycle=19 mon=1 img=A hr=0x00000000 dur_ms=1.3
2026-10-02T10:55:33.723+08:00 SET cycle=20 mon=0 img=A hr=0x00000000 dur_ms=1.5
2026-10-02T10:55:33.732+08:00 SET cycle=20 mon=1 img=B hr=0x00000000 dur_ms=1.4
2026-10-02T10:55:43.803+08:00 SET cycle=21 mon=0 img=B hr=0x00000000 dur_ms=1.1
2026-10-02T10:55:43.803+08:00 SET cycle=21 mon=1 img=A hr=0x00000000 dur_ms=0.8
2026-10-02T10:55:53.742+08:00 SET cycle=22 mon=0 img=A hr=0x00000000 dur_ms=1.9
2026-10-02T10:55:53.751+08:00 SET cycle=22 mon=1 img=B hr=0x00000000 dur_ms=1.3
2026-10-02T10:56:03.688+08:00 SET cycle=23 mon=0 img=B hr=0x00000000 dur_ms=1.5
2026-10-02T10:56:03.698+08:00 SET cycle=23 mon=1 img=A hr=0x00000000 dur_ms=1.4
2026-10-02T10:56:13.768+08:00 SET cycle=24 mon=0 img=A hr=0x00000000 dur_ms=1.8
2026-10-02T10:56:13.771+08:00 SET cycle=24 mon=1 img=B hr=0x00000000 dur_ms=1.5
2026-10-02T10:56:23.706+08:00 SET cycle=25 mon=0 img=B hr=0x00000000 dur_ms=1.6
2026-10-02T10:56:23.714+08:00 SET cycle=25 mon=1 img=A hr=0x00000000 dur_ms=1.5
2026-10-02T10:56:33.747+08:00 SET cycle=26 mon=0 img=A hr=0x00000000 dur_ms=1.1
2026-10-02T10:56:33.748+08:00 SET cycle=26 mon=1 img=B hr=0x00000000 dur_ms=1.3
2026-10-02T10:56:43.739+08:00 SET cycle=27 mon=0 img=B hr=0x00000000 dur_ms=2.2
2026-10-02T10:56:43.742+08:00 SET cycle=27 mon=1 img=A hr=0x00000000 dur_ms=1.5
2026-10-02T10:56:53.778+08:00 SET cycle=28 mon=0 img=A hr=0x00000000 dur_ms=1.4
2026-10-02T10:56:53.779+08:00 SET cycle=28 mon=1 img=B hr=0x00000000 dur_ms=1.0
2026-10-02T10:57:03.718+08:00 SET cycle=29 mon=0 img=B hr=0x00000000 dur_ms=1.8
2026-10-02T10:57:03.727+08:00 SET cycle=29 mon=1 img=A hr=0x00000000 dur_ms=1.1
2026-10-02T10:57:13.811+08:00 SET cycle=30 mon=0 img=A hr=0x00000000 dur_ms=1.4
2026-10-02T10:57:13.813+08:00 SET cycle=30 mon=1 img=B hr=0x00000000 dur_ms=1.0
2026-10-02T10:57:23.748+08:00 SET cycle=31 mon=0 img=B hr=0x00000000 dur_ms=1.2
2026-10-02T10:57:23.757+08:00 SET cycle=31 mon=1 img=A hr=0x00000000 dur_ms=1.1
2026-10-02T10:57:33.693+08:00 SET cycle=32 mon=0 img=A hr=0x00000000 dur_ms=1.8
2026-10-02T10:57:33.696+08:00 SET cycle=32 mon=1 img=B hr=0x00000000 dur_ms=1.6
2026-10-02T10:57:43.768+08:00 SET cycle=33 mon=0 img=B hr=0x00000000 dur_ms=1.5
2026-10-02T10:57:43.768+08:00 SET cycle=33 mon=1 img=A hr=0x00000000 dur_ms=1.3
2026-10-02T10:57:53.704+08:00 SET cycle=34 mon=0 img=A hr=0x00000000 dur_ms=1.2
2026-10-02T10:57:53.712+08:00 SET cycle=34 mon=1 img=B hr=0x00000000 dur_ms=1.3
2026-10-02T10:58:03.748+08:00 SET cycle=35 mon=0 img=B hr=0x00000000 dur_ms=1.6
2026-10-02T10:58:03.750+08:00 SET cycle=35 mon=1 img=A hr=0x00000000 dur_ms=1.4
2026-10-02T10:58:13.730+08:00 SET cycle=36 mon=0 img=A hr=0x00000000 dur_ms=1.2
2026-10-02T10:58:13.731+08:00 SET cycle=36 mon=1 img=B hr=0x00000000 dur_ms=1.2
2026-10-02T10:58:23.763+08:00 SET cycle=37 mon=0 img=B hr=0x00000000 dur_ms=1.7
2026-10-02T10:58:23.772+08:00 SET cycle=37 mon=1 img=A hr=0x00000000 dur_ms=1.8
2026-10-02T10:58:33.712+08:00 SET cycle=38 mon=0 img=A hr=0x00000000 dur_ms=1.6
2026-10-02T10:58:33.720+08:00 SET cycle=38 mon=1 img=B hr=0x00000000 dur_ms=1.2
2026-10-02T10:58:43.794+08:00 SET cycle=39 mon=0 img=B hr=0x00000000 dur_ms=1.6
2026-10-02T10:58:43.797+08:00 SET cycle=39 mon=1 img=A hr=0x00000000 dur_ms=1.7
2026-10-02T10:58:53.732+08:00 SET cycle=40 mon=0 img=A hr=0x00000000 dur_ms=1.3
2026-10-02T10:58:53.735+08:00 SET cycle=40 mon=1 img=B hr=0x00000000 dur_ms=2.2
2026-10-02T10:59:03.770+08:00 SET cycle=41 mon=0 img=B hr=0x00000000 dur_ms=1.5
2026-10-02T10:59:03.780+08:00 SET cycle=41 mon=1 img=A hr=0x00000000 dur_ms=1.6
2026-10-02T10:59:13.750+08:00 SET cycle=42 mon=0 img=A hr=0x00000000 dur_ms=1.6
2026-10-02T10:59:13.752+08:00 SET cycle=42 mon=1 img=B hr=0x00000000 dur_ms=0.9
2026-10-02T10:59:23.735+08:00 SET cycle=43 mon=0 img=B hr=0x00000000 dur_ms=1.3
2026-10-02T10:59:23.746+08:00 SET cycle=43 mon=1 img=A hr=0x00000000 dur_ms=1.9
2026-10-02T10:59:33.777+08:00 SET cycle=44 mon=0 img=A hr=0x00000000 dur_ms=1.7
2026-10-02T10:59:33.780+08:00 SET cycle=44 mon=1 img=B hr=0x00000000 dur_ms=1.2
2026-10-02T10:59:43.751+08:00 SET cycle=45 mon=0 img=B hr=0x00000000 dur_ms=1.7
2026-10-02T10:59:43.752+08:00 SET cycle=45 mon=1 img=A hr=0x00000000 dur_ms=1.5
2026-10-02T10:59:53.692+08:00 SET cycle=46 mon=0 img=A hr=0x00000000 dur_ms=2.2
2026-10-02T10:59:53.694+08:00 SET cycle=46 mon=1 img=B hr=0x00000000 dur_ms=1.8
2026-10-02T11:00:03.729+08:00 SET cycle=47 mon=0 img=B hr=0x00000000 dur_ms=1.6
2026-10-02T11:00:03.731+08:00 SET cycle=47 mon=1 img=A hr=0x00000000 dur_ms=1.0
2026-10-02T11:00:13.801+08:00 SET cycle=48 mon=0 img=A hr=0x00000000 dur_ms=1.6
2026-10-02T11:00:13.801+08:00 SET cycle=48 mon=1 img=B hr=0x00000000 dur_ms=1.1
2026-10-02T11:00:23.742+08:00 SET cycle=49 mon=0 img=B hr=0x00000000 dur_ms=1.4
2026-10-02T11:00:23.744+08:00 SET cycle=49 mon=1 img=A hr=0x00000000 dur_ms=1.6
2026-10-02T11:00:33.778+08:00 SET cycle=50 mon=0 img=A hr=0x00000000 dur_ms=1.3
2026-10-02T11:00:33.780+08:00 SET cycle=50 mon=1 img=B hr=0x00000000 dur_ms=1.7
2026-10-02T11:00:43.745+08:00 SET cycle=51 mon=0 img=B hr=0x00000000 dur_ms=1.9
2026-10-02T11:00:43.745+08:00 SET cycle=51 mon=1 img=A hr=0x00000000 dur_ms=1.1
2026-10-02T11:00:53.777+08:00 SET cycle=52 mon=0 img=A hr=0x00000000 dur_ms=1.3
2026-10-02T11:00:53.779+08:00 SET cycle=52 mon=1 img=B hr=0x00000000 dur_ms=1.3
2026-10-02T11:01:03.714+08:00 SET cycle=53 mon=0 img=B hr=0x00000000 dur_ms=1.3
2026-10-02T11:01:03.715+08:00 SET cycle=53 mon=1 img=A hr=0x00000000 dur_ms=1.1
2026-10-02T11:01:13.788+08:00 SET cycle=54 mon=0 img=A hr=0x00000000 dur_ms=1.5
2026-10-02T11:01:13.790+08:00 SET cycle=54 mon=1 img=B hr=0x00000000 dur_ms=1.1
2026-10-02T11:01:23.724+08:00 SET cycle=55 mon=0 img=B hr=0x00000000 dur_ms=1.9
2026-10-02T11:01:23.728+08:00 SET cycle=55 mon=1 img=A hr=0x00000000 dur_ms=1.6
2026-10-02T11:01:33.766+08:00 SET cycle=56 mon=0 img=A hr=0x00000000 dur_ms=1.8
2026-10-02T11:01:33.776+08:00 SET cycle=56 mon=1 img=B hr=0x00000000 dur_ms=1.7
2026-10-02T11:01:43.742+08:00 SET cycle=57 mon=0 img=B hr=0x00000000 dur_ms=1.5
2026-10-02T11:01:43.743+08:00 SET cycle=57 mon=1 img=A hr=0x00000000 dur_ms=1.1
2026-10-02T11:01:53.776+08:00 SET cycle=58 mon=0 img=A hr=0x00000000 dur_ms=1.7
2026-10-02T11:01:53.777+08:00 SET cycle=58 mon=1 img=B hr=0x00000000 dur_ms=1.3
2026-10-02T11:02:03.713+08:00 SET cycle=59 mon=0 img=B hr=0x00000000 dur_ms=1.6
2026-10-02T11:02:03.715+08:00 SET cycle=59 mon=1 img=A hr=0x00000000 dur_ms=1.6
2026-10-02T11:02:13.790+08:00 SET cycle=60 mon=0 img=A hr=0x00000000 dur_ms=1.7
2026-10-02T11:02:13.792+08:00 SET cycle=60 mon=1 img=B hr=0x00000000 dur_ms=1.4
2026-10-02T11:02:23.732+08:00 SET cycle=61 mon=0 img=B hr=0x00000000 dur_ms=1.9
2026-10-02T11:02:23.734+08:00 SET cycle=61 mon=1 img=A hr=0x00000000 dur_ms=1.4
2026-10-02T11:02:33.767+08:00 SET cycle=62 mon=0 img=A hr=0x00000000 dur_ms=1.6
2026-10-02T11:02:33.768+08:00 SET cycle=62 mon=1 img=B hr=0x00000000 dur_ms=1.3
2026-10-02T11:02:43.739+08:00 SET cycle=63 mon=0 img=B hr=0x00000000 dur_ms=1.7
2026-10-02T11:02:43.742+08:00 SET cycle=63 mon=1 img=A hr=0x00000000 dur_ms=1.4
2026-10-02T11:02:53.775+08:00 SET cycle=64 mon=0 img=A hr=0x00000000 dur_ms=1.6
2026-10-02T11:02:53.778+08:00 SET cycle=64 mon=1 img=B hr=0x00000000 dur_ms=1.3
2026-10-02T11:03:03.712+08:00 SET cycle=65 mon=0 img=B hr=0x00000000 dur_ms=1.1
2026-10-02T11:03:03.713+08:00 SET cycle=65 mon=1 img=A hr=0x00000000 dur_ms=1.2
2026-10-02T11:03:13.790+08:00 SET cycle=66 mon=0 img=A hr=0x00000000 dur_ms=1.6
2026-10-02T11:03:13.792+08:00 SET cycle=66 mon=1 img=B hr=0x00000000 dur_ms=1.4
2026-10-02T11:03:23.729+08:00 SET cycle=67 mon=0 img=B hr=0x00000000 dur_ms=2.4
2026-10-02T11:03:23.741+08:00 SET cycle=67 mon=1 img=A hr=0x00000000 dur_ms=3.4
2026-10-02T11:03:33.774+08:00 SET cycle=68 mon=0 img=A hr=0x00000000 dur_ms=1.2
2026-10-02T11:03:33.776+08:00 SET cycle=68 mon=1 img=B hr=0x00000000 dur_ms=0.9
2026-10-02T11:03:43.751+08:00 SET cycle=69 mon=0 img=B hr=0x00000000 dur_ms=2.1
2026-10-02T11:03:43.752+08:00 SET cycle=69 mon=1 img=A hr=0x00000000 dur_ms=1.3
2026-10-02T11:03:53.687+08:00 SET cycle=70 mon=0 img=A hr=0x00000000 dur_ms=1.5
2026-10-02T11:03:53.689+08:00 SET cycle=70 mon=1 img=B hr=0x00000000 dur_ms=1.2
2026-10-02T11:04:03.721+08:00 SET cycle=71 mon=0 img=B hr=0x00000000 dur_ms=1.9
2026-10-02T11:04:03.729+08:00 SET cycle=71 mon=1 img=A hr=0x00000000 dur_ms=1.5
2026-10-02T11:04:13.801+08:00 SET cycle=72 mon=0 img=A hr=0x00000000 dur_ms=1.7
2026-10-02T11:04:13.802+08:00 SET cycle=72 mon=1 img=B hr=0x00000000 dur_ms=1.5
2026-10-02T11:04:23.730+08:00 SET cycle=73 mon=0 img=B hr=0x00000000 dur_ms=3.3
2026-10-02T11:04:23.732+08:00 SET cycle=73 mon=1 img=A hr=0x00000000 dur_ms=1.5
2026-10-02T11:04:33.727+08:00 SET cycle=74 mon=0 img=A hr=0x00000000 dur_ms=1.2
2026-10-02T11:04:33.730+08:00 SET cycle=74 mon=1 img=B hr=0x00000000 dur_ms=1.3
2026-10-02T11:04:43.802+08:00 SET cycle=75 mon=0 img=B hr=0x00000000 dur_ms=1.9
2026-10-02T11:04:43.805+08:00 SET cycle=75 mon=1 img=A hr=0x00000000 dur_ms=2.0
2026-10-02T11:04:53.737+08:00 SET cycle=76 mon=0 img=A hr=0x00000000 dur_ms=1.8
2026-10-02T11:04:53.748+08:00 SET cycle=76 mon=1 img=B hr=0x00000000 dur_ms=1.2
2026-10-02T11:05:03.685+08:00 SET cycle=77 mon=0 img=B hr=0x00000000 dur_ms=1.3
2026-10-02T11:05:03.688+08:00 SET cycle=77 mon=1 img=A hr=0x00000000 dur_ms=1.0
2026-10-02T11:05:13.767+08:00 SET cycle=78 mon=0 img=A hr=0x00000000 dur_ms=1.7
2026-10-02T11:05:13.770+08:00 SET cycle=78 mon=1 img=B hr=0x00000000 dur_ms=1.4
2026-10-02T11:05:23.705+08:00 SET cycle=79 mon=0 img=B hr=0x00000000 dur_ms=1.6
2026-10-02T11:05:23.714+08:00 SET cycle=79 mon=1 img=A hr=0x00000000 dur_ms=1.6
2026-10-02T11:05:33.752+08:00 SET cycle=80 mon=0 img=A hr=0x00000000 dur_ms=1.2
2026-10-02T11:05:33.753+08:00 SET cycle=80 mon=1 img=B hr=0x00000000 dur_ms=0.8
2026-10-02T11:05:43.736+08:00 SET cycle=81 mon=0 img=B hr=0x00000000 dur_ms=1.8
2026-10-02T11:05:43.738+08:00 SET cycle=81 mon=1 img=A hr=0x00000000 dur_ms=1.7
2026-10-02T11:05:53.781+08:00 SET cycle=82 mon=0 img=A hr=0x00000000 dur_ms=1.7
2026-10-02T11:05:53.790+08:00 SET cycle=82 mon=1 img=B hr=0x00000000 dur_ms=1.8
2026-10-02T11:06:03.727+08:00 SET cycle=83 mon=0 img=B hr=0x00000000 dur_ms=1.8
2026-10-02T11:06:03.729+08:00 SET cycle=83 mon=1 img=A hr=0x00000000 dur_ms=1.1
2026-10-02T11:06:13.796+08:00 SET cycle=84 mon=0 img=A hr=0x00000000 dur_ms=1.6
2026-10-02T11:06:13.798+08:00 SET cycle=84 mon=1 img=B hr=0x00000000 dur_ms=1.8
2026-10-02T11:06:23.739+08:00 SET cycle=85 mon=0 img=B hr=0x00000000 dur_ms=1.7
2026-10-02T11:06:23.743+08:00 SET cycle=85 mon=1 img=A hr=0x00000000 dur_ms=2.8
2026-10-02T11:06:33.780+08:00 SET cycle=86 mon=0 img=A hr=0x00000000 dur_ms=1.3
2026-10-02T11:06:33.781+08:00 SET cycle=86 mon=1 img=B hr=0x00000000 dur_ms=1.0
2026-10-02T11:06:43.754+08:00 SET cycle=87 mon=0 img=B hr=0x00000000 dur_ms=1.8
2026-10-02T11:06:43.755+08:00 SET cycle=87 mon=1 img=A hr=0x00000000 dur_ms=1.0
2026-10-02T11:06:53.691+08:00 SET cycle=88 mon=0 img=A hr=0x00000000 dur_ms=1.2
2026-10-02T11:06:53.693+08:00 SET cycle=88 mon=1 img=B hr=0x00000000 dur_ms=1.6
2026-10-02T11:07:03.730+08:00 SET cycle=89 mon=0 img=B hr=0x00000000 dur_ms=1.5
2026-10-02T11:07:03.732+08:00 SET cycle=89 mon=1 img=A hr=0x00000000 dur_ms=1.4
2026-10-02T11:07:13.809+08:00 SET cycle=90 mon=0 img=A hr=0x00000000 dur_ms=1.6
2026-10-02T11:07:13.809+08:00 SET cycle=90 mon=1 img=B hr=0x00000000 dur_ms=1.0
2026-10-02T11:07:23.744+08:00 SET cycle=91 mon=0 img=B hr=0x00000000 dur_ms=1.6
2026-10-02T11:07:23.749+08:00 SET cycle=91 mon=1 img=A hr=0x00000000 dur_ms=1.3
2026-10-02T11:07:33.682+08:00 SET cycle=92 mon=0 img=A hr=0x00000000 dur_ms=1.3
2026-10-02T11:07:33.683+08:00 SET cycle=92 mon=1 img=B hr=0x00000000 dur_ms=1.3
2026-10-02T11:07:43.760+08:00 SET cycle=93 mon=0 img=B hr=0x00000000 dur_ms=1.5
2026-10-02T11:07:43.761+08:00 SET cycle=93 mon=1 img=A hr=0x00000000 dur_ms=1.4
2026-10-02T11:07:53.695+08:00 SET cycle=94 mon=0 img=A hr=0x00000000 dur_ms=2.3
2026-10-02T11:07:53.699+08:00 SET cycle=94 mon=1 img=B hr=0x00000000 dur_ms=1.6
2026-10-02T11:08:03.733+08:00 SET cycle=95 mon=0 img=B hr=0x00000000 dur_ms=2.2
2026-10-02T11:08:03.734+08:00 SET cycle=95 mon=1 img=A hr=0x00000000 dur_ms=1.5
2026-10-02T11:08:13.801+08:00 SET cycle=96 mon=0 img=A hr=0x00000000 dur_ms=1.2
2026-10-02T11:08:13.803+08:00 SET cycle=96 mon=1 img=B hr=0x00000000 dur_ms=1.4
2026-10-02T11:08:23.737+08:00 SET cycle=97 mon=0 img=B hr=0x00000000 dur_ms=2.1
2026-10-02T11:08:23.739+08:00 SET cycle=97 mon=1 img=A hr=0x00000000 dur_ms=1.7
2026-10-02T11:08:33.773+08:00 SET cycle=98 mon=0 img=A hr=0x00000000 dur_ms=1.4
2026-10-02T11:08:33.782+08:00 SET cycle=98 mon=1 img=B hr=0x00000000 dur_ms=1.2
2026-10-02T11:08:43.742+08:00 SET cycle=99 mon=0 img=B hr=0x00000000 dur_ms=1.6
2026-10-02T11:08:43.745+08:00 SET cycle=99 mon=1 img=A hr=0x00000000 dur_ms=1.0
2026-10-02T11:08:53.781+08:00 SET cycle=100 mon=0 img=A hr=0x00000000 dur_ms=1.7
2026-10-02T11:08:53.782+08:00 SET cycle=100 mon=1 img=B hr=0x00000000 dur_ms=1.1
2026-10-02T11:09:03.717+08:00 SET cycle=101 mon=0 img=B hr=0x00000000 dur_ms=1.4
2026-10-02T11:09:03.718+08:00 SET cycle=101 mon=1 img=A hr=0x00000000 dur_ms=0.9
2026-10-02T11:09:13.798+08:00 SET cycle=102 mon=0 img=A hr=0x00000000 dur_ms=1.6
2026-10-02T11:09:13.802+08:00 SET cycle=102 mon=1 img=B hr=0x00000000 dur_ms=1.8
2026-10-02T11:09:23.733+08:00 SET cycle=103 mon=0 img=B hr=0x00000000 dur_ms=1.8
2026-10-02T11:09:23.742+08:00 SET cycle=103 mon=1 img=A hr=0x00000000 dur_ms=1.6
2026-10-02T11:09:33.777+08:00 SET cycle=104 mon=0 img=A hr=0x00000000 dur_ms=2.7
2026-10-02T11:09:33.779+08:00 SET cycle=104 mon=1 img=B hr=0x00000000 dur_ms=1.5
2026-10-02T11:09:43.760+08:00 SET cycle=105 mon=0 img=B hr=0x00000000 dur_ms=2.4
2026-10-02T11:09:43.761+08:00 SET cycle=105 mon=1 img=A hr=0x00000000 dur_ms=1.8
2026-10-02T11:09:53.694+08:00 SET cycle=106 mon=0 img=A hr=0x00000000 dur_ms=1.6
2026-10-02T11:09:53.696+08:00 SET cycle=106 mon=1 img=B hr=0x00000000 dur_ms=1.2
2026-10-02T11:10:03.732+08:00 SET cycle=107 mon=0 img=B hr=0x00000000 dur_ms=2.4
2026-10-02T11:10:03.734+08:00 SET cycle=107 mon=1 img=A hr=0x00000000 dur_ms=1.6
2026-10-02T11:10:13.815+08:00 SET cycle=108 mon=0 img=A hr=0x00000000 dur_ms=2.1
2026-10-02T11:10:13.817+08:00 SET cycle=108 mon=1 img=B hr=0x00000000 dur_ms=1.4
2026-10-02T11:10:23.753+08:00 SET cycle=109 mon=0 img=B hr=0x00000000 dur_ms=1.4
2026-10-02T11:10:23.756+08:00 SET cycle=109 mon=1 img=A hr=0x00000000 dur_ms=1.3
2026-10-02T11:10:33.692+08:00 SET cycle=110 mon=0 img=A hr=0x00000000 dur_ms=1.9
2026-10-02T11:10:33.702+08:00 SET cycle=110 mon=1 img=B hr=0x00000000 dur_ms=1.8
2026-10-02T11:10:43.771+08:00 SET cycle=111 mon=0 img=B hr=0x00000000 dur_ms=2.1
2026-10-02T11:10:43.773+08:00 SET cycle=111 mon=1 img=A hr=0x00000000 dur_ms=1.2
2026-10-02T11:10:53.715+08:00 SET cycle=112 mon=0 img=A hr=0x00000000 dur_ms=1.9
2026-10-02T11:10:53.724+08:00 SET cycle=112 mon=1 img=B hr=0x00000000 dur_ms=1.6
2026-10-02T11:11:03.758+08:00 SET cycle=113 mon=0 img=B hr=0x00000000 dur_ms=1.6
2026-10-02T11:11:03.767+08:00 SET cycle=113 mon=1 img=A hr=0x00000000 dur_ms=1.3
2026-10-02T11:11:13.740+08:00 SET cycle=114 mon=0 img=A hr=0x00000000 dur_ms=1.6
2026-10-02T11:11:13.741+08:00 SET cycle=114 mon=1 img=B hr=0x00000000 dur_ms=1.2
2026-10-02T11:11:23.775+08:00 SET cycle=115 mon=0 img=B hr=0x00000000 dur_ms=1.3
2026-10-02T11:11:23.784+08:00 SET cycle=115 mon=1 img=A hr=0x00000000 dur_ms=1.3
2026-10-02T11:11:33.718+08:00 SET cycle=116 mon=0 img=A hr=0x00000000 dur_ms=1.3
2026-10-02T11:11:33.727+08:00 SET cycle=116 mon=1 img=B hr=0x00000000 dur_ms=1.3
2026-10-02T11:11:43.805+08:00 SET cycle=117 mon=0 img=B hr=0x00000000 dur_ms=2.1
2026-10-02T11:11:43.806+08:00 SET cycle=117 mon=1 img=A hr=0x00000000 dur_ms=1.4
2026-10-02T11:11:53.744+08:00 SET cycle=118 mon=0 img=A hr=0x00000000 dur_ms=1.2
2026-10-02T11:11:53.752+08:00 SET cycle=118 mon=1 img=B hr=0x00000000 dur_ms=1.0
2026-10-02T11:12:03.691+08:00 SET cycle=119 mon=0 img=B hr=0x00000000 dur_ms=2.3
2026-10-02T11:12:03.699+08:00 SET cycle=119 mon=1 img=A hr=0x00000000 dur_ms=1.5
2026-10-02T11:12:13.775+08:00 SET cycle=120 mon=0 img=A hr=0x00000000 dur_ms=1.1
2026-10-02T11:12:13.775+08:00 SET cycle=120 mon=1 img=B hr=0x00000000 dur_ms=0.8
2026-10-02T11:12:23.713+08:00 SET cycle=121 mon=0 img=B hr=0x00000000 dur_ms=1.9
2026-10-02T11:12:23.715+08:00 SET cycle=121 mon=1 img=A hr=0x00000000 dur_ms=2.0
2026-10-02T11:12:33.747+08:00 SET cycle=122 mon=0 img=A hr=0x00000000 dur_ms=1.2
2026-10-02T11:12:33.756+08:00 SET cycle=122 mon=1 img=B hr=0x00000000 dur_ms=1.0
2026-10-02T11:12:43.727+08:00 SET cycle=123 mon=0 img=B hr=0x00000000 dur_ms=1.7
2026-10-02T11:12:43.728+08:00 SET cycle=123 mon=1 img=A hr=0x00000000 dur_ms=1.4
2026-10-02T11:12:53.762+08:00 SET cycle=124 mon=0 img=A hr=0x00000000 dur_ms=1.9
2026-10-02T11:12:53.772+08:00 SET cycle=124 mon=1 img=B hr=0x00000000 dur_ms=1.5
2026-10-02T11:13:03.707+08:00 SET cycle=125 mon=0 img=B hr=0x00000000 dur_ms=1.3
2026-10-02T11:13:03.716+08:00 SET cycle=125 mon=1 img=A hr=0x00000000 dur_ms=1.3
2026-10-02T11:13:13.787+08:00 SET cycle=126 mon=0 img=A hr=0x00000000 dur_ms=1.2
2026-10-02T11:13:13.788+08:00 SET cycle=126 mon=1 img=B hr=0x00000000 dur_ms=0.9
2026-10-02T11:13:23.723+08:00 SET cycle=127 mon=0 img=B hr=0x00000000 dur_ms=1.8
2026-10-02T11:13:23.724+08:00 SET cycle=127 mon=1 img=A hr=0x00000000 dur_ms=0.9
2026-10-02T11:13:33.760+08:00 SET cycle=128 mon=0 img=A hr=0x00000000 dur_ms=1.2
2026-10-02T11:13:33.770+08:00 SET cycle=128 mon=1 img=B hr=0x00000000 dur_ms=1.1
2026-10-02T11:13:43.749+08:00 SET cycle=129 mon=0 img=B hr=0x00000000 dur_ms=1.1
2026-10-02T11:13:43.751+08:00 SET cycle=129 mon=1 img=A hr=0x00000000 dur_ms=0.9
2026-10-02T11:13:53.687+08:00 SET cycle=130 mon=0 img=A hr=0x00000000 dur_ms=1.7
2026-10-02T11:13:53.696+08:00 SET cycle=130 mon=1 img=B hr=0x00000000 dur_ms=1.2
2026-10-02T11:14:03.729+08:00 SET cycle=131 mon=0 img=B hr=0x00000000 dur_ms=2.0
2026-10-02T11:14:03.731+08:00 SET cycle=131 mon=1 img=A hr=0x00000000 dur_ms=1.6
2026-10-02T11:14:13.805+08:00 SET cycle=132 mon=0 img=A hr=0x00000000 dur_ms=1.6
2026-10-02T11:14:13.807+08:00 SET cycle=132 mon=1 img=B hr=0x00000000 dur_ms=0.9
2026-10-02T11:14:23.743+08:00 SET cycle=133 mon=0 img=B hr=0x00000000 dur_ms=1.5
2026-10-02T11:14:23.754+08:00 SET cycle=133 mon=1 img=A hr=0x00000000 dur_ms=1.8
2026-10-02T11:14:33.686+08:00 SET cycle=134 mon=0 img=A hr=0x00000000 dur_ms=1.2
2026-10-02T11:14:33.694+08:00 SET cycle=134 mon=1 img=B hr=0x00000000 dur_ms=1.3
2026-10-02T11:14:43.767+08:00 SET cycle=135 mon=0 img=B hr=0x00000000 dur_ms=1.7
2026-10-02T11:14:43.769+08:00 SET cycle=135 mon=1 img=A hr=0x00000000 dur_ms=1.1
2026-10-02T11:14:53.700+08:00 SET cycle=136 mon=0 img=A hr=0x00000000 dur_ms=1.8
2026-10-02T11:14:53.709+08:00 SET cycle=136 mon=1 img=B hr=0x00000000 dur_ms=1.6
2026-10-02T11:15:03.747+08:00 SET cycle=137 mon=0 img=B hr=0x00000000 dur_ms=1.3
2026-10-02T11:15:03.757+08:00 SET cycle=137 mon=1 img=A hr=0x00000000 dur_ms=1.5
2026-10-02T11:15:13.730+08:00 SET cycle=138 mon=0 img=A hr=0x00000000 dur_ms=1.6
2026-10-02T11:15:13.731+08:00 SET cycle=138 mon=1 img=B hr=0x00000000 dur_ms=1.0
2026-10-02T11:15:23.769+08:00 SET cycle=139 mon=0 img=B hr=0x00000000 dur_ms=2.2
2026-10-02T11:15:23.778+08:00 SET cycle=139 mon=1 img=A hr=0x00000000 dur_ms=1.4
2026-10-02T11:15:33.711+08:00 SET cycle=140 mon=0 img=A hr=0x00000000 dur_ms=1.4
2026-10-02T11:15:33.713+08:00 SET cycle=140 mon=1 img=B hr=0x00000000 dur_ms=1.0
2026-10-02T11:15:43.787+08:00 SET cycle=141 mon=0 img=B hr=0x00000000 dur_ms=1.7
2026-10-02T11:15:43.789+08:00 SET cycle=141 mon=1 img=A hr=0x00000000 dur_ms=1.2
2026-10-02T11:15:53.723+08:00 SET cycle=142 mon=0 img=A hr=0x00000000 dur_ms=1.6
2026-10-02T11:15:53.731+08:00 SET cycle=142 mon=1 img=B hr=0x00000000 dur_ms=1.4
2026-10-02T11:16:03.768+08:00 SET cycle=143 mon=0 img=B hr=0x00000000 dur_ms=1.5
2026-10-02T11:16:03.777+08:00 SET cycle=143 mon=1 img=A hr=0x00000000 dur_ms=1.2
2026-10-02T11:16:13.751+08:00 SET cycle=144 mon=0 img=A hr=0x00000000 dur_ms=2.0
2026-10-02T11:16:13.752+08:00 SET cycle=144 mon=1 img=B hr=0x00000000 dur_ms=1.1
2026-10-02T11:16:23.688+08:00 SET cycle=145 mon=0 img=B hr=0x00000000 dur_ms=1.7
2026-10-02T11:16:23.699+08:00 SET cycle=145 mon=1 img=A hr=0x00000000 dur_ms=1.7
2026-10-02T11:16:33.734+08:00 SET cycle=146 mon=0 img=A hr=0x00000000 dur_ms=1.3
2026-10-02T11:16:33.735+08:00 SET cycle=146 mon=1 img=B hr=0x00000000 dur_ms=1.0
2026-10-02T11:16:43.804+08:00 SET cycle=147 mon=0 img=B hr=0x00000000 dur_ms=1.6
2026-10-02T11:16:43.805+08:00 SET cycle=147 mon=1 img=A hr=0x00000000 dur_ms=1.3
2026-10-02T11:16:53.738+08:00 SET cycle=148 mon=0 img=A hr=0x00000000 dur_ms=1.3
2026-10-02T11:16:53.740+08:00 SET cycle=148 mon=1 img=B hr=0x00000000 dur_ms=0.9
2026-10-02T11:17:03.775+08:00 SET cycle=149 mon=0 img=B hr=0x00000000 dur_ms=1.6
2026-10-02T11:17:03.784+08:00 SET cycle=149 mon=1 img=A hr=0x00000000 dur_ms=1.7
2026-10-02T11:17:13.756+08:00 SET cycle=150 mon=0 img=A hr=0x00000000 dur_ms=2.2
2026-10-02T11:17:13.758+08:00 SET cycle=150 mon=1 img=B hr=0x00000000 dur_ms=1.7
2026-10-02T11:17:23.696+08:00 SET cycle=151 mon=0 img=B hr=0x00000000 dur_ms=1.5
2026-10-02T11:17:23.708+08:00 SET cycle=151 mon=1 img=A hr=0x00000000 dur_ms=1.5
2026-10-02T11:17:33.746+08:00 SET cycle=152 mon=0 img=A hr=0x00000000 dur_ms=1.7
2026-10-02T11:17:33.755+08:00 SET cycle=152 mon=1 img=B hr=0x00000000 dur_ms=1.6
2026-10-02T11:17:43.724+08:00 SET cycle=153 mon=0 img=B hr=0x00000000 dur_ms=1.3
2026-10-02T11:17:43.726+08:00 SET cycle=153 mon=1 img=A hr=0x00000000 dur_ms=0.9
2026-10-02T11:17:53.759+08:00 SET cycle=154 mon=0 img=A hr=0x00000000 dur_ms=1.4
2026-10-02T11:17:53.761+08:00 SET cycle=154 mon=1 img=B hr=0x00000000 dur_ms=1.5
2026-10-02T11:18:03.697+08:00 SET cycle=155 mon=0 img=B hr=0x00000000 dur_ms=1.7
2026-10-02T11:18:03.705+08:00 SET cycle=155 mon=1 img=A hr=0x00000000 dur_ms=1.3
2026-10-02T11:18:13.778+08:00 SET cycle=156 mon=0 img=A hr=0x00000000 dur_ms=1.8
2026-10-02T11:18:13.778+08:00 SET cycle=156 mon=1 img=B hr=0x00000000 dur_ms=1.1
2026-10-02T11:18:23.714+08:00 SET cycle=157 mon=0 img=B hr=0x00000000 dur_ms=1.6
2026-10-02T11:18:23.724+08:00 SET cycle=157 mon=1 img=A hr=0x00000000 dur_ms=1.1
2026-10-02T11:18:33.759+08:00 SET cycle=158 mon=0 img=A hr=0x00000000 dur_ms=1.2
2026-10-02T11:18:33.769+08:00 SET cycle=158 mon=1 img=B hr=0x00000000 dur_ms=1.4
2026-10-02T11:18:43.748+08:00 SET cycle=159 mon=0 img=B hr=0x00000000 dur_ms=1.8
2026-10-02T11:18:43.750+08:00 SET cycle=159 mon=1 img=A hr=0x00000000 dur_ms=1.8
2026-10-02T11:18:53.687+08:00 SET cycle=160 mon=0 img=A hr=0x00000000 dur_ms=1.4
2026-10-02T11:18:53.689+08:00 SET cycle=160 mon=1 img=B hr=0x00000000 dur_ms=1.4
2026-10-02T11:19:03.724+08:00 SET cycle=161 mon=0 img=B hr=0x00000000 dur_ms=1.3
2026-10-02T11:19:03.725+08:00 SET cycle=161 mon=1 img=A hr=0x00000000 dur_ms=1.0
2026-10-02T11:19:13.789+08:00 SET cycle=162 mon=0 img=A hr=0x00000000 dur_ms=1.7
2026-10-02T11:19:13.790+08:00 SET cycle=162 mon=1 img=B hr=0x00000000 dur_ms=1.3
2026-10-02T11:19:23.723+08:00 SET cycle=163 mon=0 img=B hr=0x00000000 dur_ms=1.9
2026-10-02T11:19:23.726+08:00 SET cycle=163 mon=1 img=A hr=0x00000000 dur_ms=1.3
2026-10-02T11:19:33.757+08:00 SET cycle=164 mon=0 img=A hr=0x00000000 dur_ms=1.6
2026-10-02T11:19:33.759+08:00 SET cycle=164 mon=1 img=B hr=0x00000000 dur_ms=1.5
2026-10-02T11:19:43.730+08:00 SET cycle=165 mon=0 img=B hr=0x00000000 dur_ms=1.5
2026-10-02T11:19:43.731+08:00 SET cycle=165 mon=1 img=A hr=0x00000000 dur_ms=1.3
2026-10-02T11:19:53.770+08:00 SET cycle=166 mon=0 img=A hr=0x00000000 dur_ms=1.2
2026-10-02T11:19:53.771+08:00 SET cycle=166 mon=1 img=B hr=0x00000000 dur_ms=0.9
2026-10-02T11:20:03.702+08:00 SET cycle=167 mon=0 img=B hr=0x00000000 dur_ms=1.3
2026-10-02T11:20:03.704+08:00 SET cycle=167 mon=1 img=A hr=0x00000000 dur_ms=1.3
2026-10-02T11:20:13.769+08:00 SET cycle=168 mon=0 img=A hr=0x00000000 dur_ms=1.9
2026-10-02T11:20:13.772+08:00 SET cycle=168 mon=1 img=B hr=0x00000000 dur_ms=2.3
2026-10-02T11:20:23.707+08:00 SET cycle=169 mon=0 img=B hr=0x00000000 dur_ms=1.7
2026-10-02T11:20:23.708+08:00 SET cycle=169 mon=1 img=A hr=0x00000000 dur_ms=1.3
2026-10-02T11:20:33.744+08:00 SET cycle=170 mon=0 img=A hr=0x00000000 dur_ms=1.7
2026-10-02T11:20:33.756+08:00 SET cycle=170 mon=1 img=B hr=0x00000000 dur_ms=1.3
2026-10-02T11:20:43.727+08:00 SET cycle=171 mon=0 img=B hr=0x00000000 dur_ms=1.9
2026-10-02T11:20:43.729+08:00 SET cycle=171 mon=1 img=A hr=0x00000000 dur_ms=1.5
2026-10-02T11:20:53.764+08:00 SET cycle=172 mon=0 img=A hr=0x00000000 dur_ms=1.2
2026-10-02T11:20:53.773+08:00 SET cycle=172 mon=1 img=B hr=0x00000000 dur_ms=1.5
2026-10-02T11:21:03.705+08:00 SET cycle=173 mon=0 img=B hr=0x00000000 dur_ms=1.5
2026-10-02T11:21:03.707+08:00 SET cycle=173 mon=1 img=A hr=0x00000000 dur_ms=1.5
2026-10-02T11:21:13.783+08:00 SET cycle=174 mon=0 img=A hr=0x00000000 dur_ms=1.5
2026-10-02T11:21:13.785+08:00 SET cycle=174 mon=1 img=B hr=0x00000000 dur_ms=1.9
2026-10-02T11:21:23.719+08:00 SET cycle=175 mon=0 img=B hr=0x00000000 dur_ms=1.1
2026-10-02T11:21:23.720+08:00 SET cycle=175 mon=1 img=A hr=0x00000000 dur_ms=0.9
2026-10-02T11:21:33.754+08:00 SET cycle=176 mon=0 img=A hr=0x00000000 dur_ms=2.1
2026-10-02T11:21:33.764+08:00 SET cycle=176 mon=1 img=B hr=0x00000000 dur_ms=1.3
2026-10-02T11:21:43.740+08:00 SET cycle=177 mon=0 img=B hr=0x00000000 dur_ms=2.2
2026-10-02T11:21:43.741+08:00 SET cycle=177 mon=1 img=A hr=0x00000000 dur_ms=1.4
2026-10-02T11:21:53.775+08:00 SET cycle=178 mon=0 img=A hr=0x00000000 dur_ms=1.7
2026-10-02T11:21:53.777+08:00 SET cycle=178 mon=1 img=B hr=0x00000000 dur_ms=1.6
2026-10-02T11:22:03.710+08:00 SET cycle=179 mon=0 img=B hr=0x00000000 dur_ms=1.6
2026-10-02T11:22:03.719+08:00 SET cycle=179 mon=1 img=A hr=0x00000000 dur_ms=1.5
2026-10-02T11:22:13.791+08:00 SET cycle=180 mon=0 img=A hr=0x00000000 dur_ms=2.0
2026-10-02T11:22:13.792+08:00 SET cycle=180 mon=1 img=B hr=0x00000000 dur_ms=1.4
2026-10-02T11:22:23.724+08:00 SET cycle=181 mon=0 img=B hr=0x00000000 dur_ms=1.6
2026-10-02T11:22:23.725+08:00 SET cycle=181 mon=1 img=A hr=0x00000000 dur_ms=1.0
2026-10-02T11:22:33.761+08:00 SET cycle=182 mon=0 img=A hr=0x00000000 dur_ms=1.3
2026-10-02T11:22:33.770+08:00 SET cycle=182 mon=1 img=B hr=0x00000000 dur_ms=1.8
2026-10-02T11:22:43.747+08:00 SET cycle=183 mon=0 img=B hr=0x00000000 dur_ms=1.6
2026-10-02T11:22:43.748+08:00 SET cycle=183 mon=1 img=A hr=0x00000000 dur_ms=1.4
2026-10-02T11:22:53.784+08:00 SET cycle=184 mon=0 img=A hr=0x00000000 dur_ms=2.1
2026-10-02T11:22:53.794+08:00 SET cycle=184 mon=1 img=B hr=0x00000000 dur_ms=1.9
2026-10-02T11:23:03.729+08:00 SET cycle=185 mon=0 img=B hr=0x00000000 dur_ms=1.9
2026-10-02T11:23:03.739+08:00 SET cycle=185 mon=1 img=A hr=0x00000000 dur_ms=1.8
2026-10-02T11:23:13.813+08:00 SET cycle=186 mon=0 img=A hr=0x00000000 dur_ms=1.7
2026-10-02T11:23:13.815+08:00 SET cycle=186 mon=1 img=B hr=0x00000000 dur_ms=1.3
2026-10-02T11:23:23.749+08:00 SET cycle=187 mon=0 img=B hr=0x00000000 dur_ms=1.3
2026-10-02T11:23:23.751+08:00 SET cycle=187 mon=1 img=A hr=0x00000000 dur_ms=0.9
2026-10-02T11:23:33.687+08:00 SET cycle=188 mon=0 img=A hr=0x00000000 dur_ms=1.9
2026-10-02T11:23:33.701+08:00 SET cycle=188 mon=1 img=B hr=0x00000000 dur_ms=1.3
2026-10-02T11:23:43.772+08:00 SET cycle=189 mon=0 img=B hr=0x00000000 dur_ms=1.7
2026-10-02T11:23:43.773+08:00 SET cycle=189 mon=1 img=A hr=0x00000000 dur_ms=1.3
2026-10-02T11:23:53.707+08:00 SET cycle=190 mon=0 img=A hr=0x00000000 dur_ms=2.1
2026-10-02T11:23:53.710+08:00 SET cycle=190 mon=1 img=B hr=0x00000000 dur_ms=1.5
2026-10-02T11:24:03.745+08:00 SET cycle=191 mon=0 img=B hr=0x00000000 dur_ms=1.8
2026-10-02T11:24:03.754+08:00 SET cycle=191 mon=1 img=A hr=0x00000000 dur_ms=1.6
2026-10-02T11:24:13.726+08:00 SET cycle=192 mon=0 img=A hr=0x00000000 dur_ms=1.5
2026-10-02T11:24:13.727+08:00 SET cycle=192 mon=1 img=B hr=0x00000000 dur_ms=1.3
2026-10-02T11:24:23.760+08:00 SET cycle=193 mon=0 img=B hr=0x00000000 dur_ms=1.5
2026-10-02T11:24:23.770+08:00 SET cycle=193 mon=1 img=A hr=0x00000000 dur_ms=1.6
2026-10-02T11:24:33.708+08:00 SET cycle=194 mon=0 img=A hr=0x00000000 dur_ms=1.8
2026-10-02T11:24:33.718+08:00 SET cycle=194 mon=1 img=B hr=0x00000000 dur_ms=1.9
2026-10-02T11:24:43.798+08:00 SET cycle=195 mon=0 img=B hr=0x00000000 dur_ms=2.1
2026-10-02T11:24:43.799+08:00 SET cycle=195 mon=1 img=A hr=0x00000000 dur_ms=1.2
2026-10-02T11:24:53.736+08:00 SET cycle=196 mon=0 img=A hr=0x00000000 dur_ms=1.4
2026-10-02T11:24:53.745+08:00 SET cycle=196 mon=1 img=B hr=0x00000000 dur_ms=1.8
2026-10-02T11:25:03.780+08:00 SET cycle=197 mon=0 img=B hr=0x00000000 dur_ms=2.4
2026-10-02T11:25:03.784+08:00 SET cycle=197 mon=1 img=A hr=0x00000000 dur_ms=1.8
2026-10-02T11:25:13.762+08:00 SET cycle=198 mon=0 img=A hr=0x00000000 dur_ms=1.6
2026-10-02T11:25:13.763+08:00 SET cycle=198 mon=1 img=B hr=0x00000000 dur_ms=1.4
2026-10-02T11:25:23.699+08:00 SET cycle=199 mon=0 img=B hr=0x00000000 dur_ms=2.2
2026-10-02T11:25:23.709+08:00 SET cycle=199 mon=1 img=A hr=0x00000000 dur_ms=1.9
2026-10-02T11:25:33.744+08:00 SET cycle=200 mon=0 img=A hr=0x00000000 dur_ms=1.4
2026-10-02T11:25:33.753+08:00 SET cycle=200 mon=1 img=B hr=0x00000000 dur_ms=1.1
2026-10-02T11:25:43.726+08:00 SET cycle=201 mon=0 img=B hr=0x00000000 dur_ms=1.8
2026-10-02T11:25:43.728+08:00 SET cycle=201 mon=1 img=A hr=0x00000000 dur_ms=1.7
2026-10-02T11:25:53.772+08:00 SET cycle=202 mon=0 img=A hr=0x00000000 dur_ms=2.3
2026-10-02T11:25:53.783+08:00 SET cycle=202 mon=1 img=B hr=0x00000000 dur_ms=1.8
2026-10-02T11:26:03.717+08:00 SET cycle=203 mon=0 img=B hr=0x00000000 dur_ms=2.2
2026-10-02T11:26:03.720+08:00 SET cycle=203 mon=1 img=A hr=0x00000000 dur_ms=2.9
2026-10-02T11:26:13.800+08:00 SET cycle=204 mon=0 img=A hr=0x00000000 dur_ms=1.7
2026-10-02T11:26:13.802+08:00 SET cycle=204 mon=1 img=B hr=0x00000000 dur_ms=1.5
2026-10-02T11:26:23.739+08:00 SET cycle=205 mon=0 img=B hr=0x00000000 dur_ms=1.7
2026-10-02T11:26:23.741+08:00 SET cycle=205 mon=1 img=A hr=0x00000000 dur_ms=1.5
2026-10-02T11:26:33.775+08:00 SET cycle=206 mon=0 img=A hr=0x00000000 dur_ms=1.1
2026-10-02T11:26:33.777+08:00 SET cycle=206 mon=1 img=B hr=0x00000000 dur_ms=1.0
2026-10-02T11:26:43.752+08:00 SET cycle=207 mon=0 img=B hr=0x00000000 dur_ms=1.2
2026-10-02T11:26:43.754+08:00 SET cycle=207 mon=1 img=A hr=0x00000000 dur_ms=0.9
2026-10-02T11:26:53.689+08:00 SET cycle=208 mon=0 img=A hr=0x00000000 dur_ms=1.3
2026-10-02T11:26:53.698+08:00 SET cycle=208 mon=1 img=B hr=0x00000000 dur_ms=1.2
2026-10-02T11:27:03.732+08:00 SET cycle=209 mon=0 img=B hr=0x00000000 dur_ms=1.3
2026-10-02T11:27:03.741+08:00 SET cycle=209 mon=1 img=A hr=0x00000000 dur_ms=1.5
2026-10-02T11:27:13.821+08:00 SET cycle=210 mon=0 img=A hr=0x00000000 dur_ms=1.4
2026-10-02T11:27:13.822+08:00 SET cycle=210 mon=1 img=B hr=0x00000000 dur_ms=1.5
2026-10-02T11:27:23.758+08:00 SET cycle=211 mon=0 img=B hr=0x00000000 dur_ms=1.4
2026-10-02T11:27:23.766+08:00 SET cycle=211 mon=1 img=A hr=0x00000000 dur_ms=1.3
2026-10-02T11:27:33.702+08:00 SET cycle=212 mon=0 img=A hr=0x00000000 dur_ms=2.0
2026-10-02T11:27:33.712+08:00 SET cycle=212 mon=1 img=B hr=0x00000000 dur_ms=1.9
2026-10-02T11:27:43.791+08:00 SET cycle=213 mon=0 img=B hr=0x00000000 dur_ms=1.2
2026-10-02T11:27:43.792+08:00 SET cycle=213 mon=1 img=A hr=0x00000000 dur_ms=0.8
2026-10-02T11:27:53.726+08:00 SET cycle=214 mon=0 img=A hr=0x00000000 dur_ms=1.4
2026-10-02T11:27:53.735+08:00 SET cycle=214 mon=1 img=B hr=0x00000000 dur_ms=1.3
2026-10-02T11:28:03.771+08:00 SET cycle=215 mon=0 img=B hr=0x00000000 dur_ms=1.3
2026-10-02T11:28:03.780+08:00 SET cycle=215 mon=1 img=A hr=0x00000000 dur_ms=1.9
2026-10-02T11:28:13.754+08:00 SET cycle=216 mon=0 img=A hr=0x00000000 dur_ms=1.2
2026-10-02T11:28:13.756+08:00 SET cycle=216 mon=1 img=B hr=0x00000000 dur_ms=0.8
2026-10-02T11:28:23.690+08:00 SET cycle=217 mon=0 img=B hr=0x00000000 dur_ms=1.1
2026-10-02T11:28:23.699+08:00 SET cycle=217 mon=1 img=A hr=0x00000000 dur_ms=1.5
2026-10-02T11:28:33.733+08:00 SET cycle=218 mon=0 img=A hr=0x00000000 dur_ms=1.6
2026-10-02T11:28:33.734+08:00 SET cycle=218 mon=1 img=B hr=0x00000000 dur_ms=1.4
2026-10-02T11:28:43.807+08:00 SET cycle=219 mon=0 img=B hr=0x00000000 dur_ms=1.4
2026-10-02T11:28:43.810+08:00 SET cycle=219 mon=1 img=A hr=0x00000000 dur_ms=1.6
2026-10-02T11:28:53.742+08:00 SET cycle=220 mon=0 img=A hr=0x00000000 dur_ms=1.9
2026-10-02T11:28:53.751+08:00 SET cycle=220 mon=1 img=B hr=0x00000000 dur_ms=1.5
2026-10-02T11:29:03.687+08:00 SET cycle=221 mon=0 img=B hr=0x00000000 dur_ms=1.4
2026-10-02T11:29:03.697+08:00 SET cycle=221 mon=1 img=A hr=0x00000000 dur_ms=1.6
2026-10-02T11:29:13.775+08:00 SET cycle=222 mon=0 img=A hr=0x00000000 dur_ms=1.4
2026-10-02T11:29:13.777+08:00 SET cycle=222 mon=1 img=B hr=0x00000000 dur_ms=1.1
2026-10-02T11:29:23.714+08:00 SET cycle=223 mon=0 img=B hr=0x00000000 dur_ms=1.9
2026-10-02T11:29:23.724+08:00 SET cycle=223 mon=1 img=A hr=0x00000000 dur_ms=1.9
2026-10-02T11:29:33.759+08:00 SET cycle=224 mon=0 img=A hr=0x00000000 dur_ms=1.3
2026-10-02T11:29:33.760+08:00 SET cycle=224 mon=1 img=B hr=0x00000000 dur_ms=0.8
2026-10-02T11:29:43.732+08:00 SET cycle=225 mon=0 img=B hr=0x00000000 dur_ms=1.2
2026-10-02T11:29:43.733+08:00 SET cycle=225 mon=1 img=A hr=0x00000000 dur_ms=1.0
2026-10-02T11:29:53.772+08:00 SET cycle=226 mon=0 img=A hr=0x00000000 dur_ms=1.7
2026-10-02T11:29:53.773+08:00 SET cycle=226 mon=1 img=B hr=0x00000000 dur_ms=1.3
2026-10-02T11:30:03.706+08:00 SET cycle=227 mon=0 img=B hr=0x00000000 dur_ms=1.1
2026-10-02T11:30:03.715+08:00 SET cycle=227 mon=1 img=A hr=0x00000000 dur_ms=1.5
2026-10-02T11:30:13.784+08:00 SET cycle=228 mon=0 img=A hr=0x00000000 dur_ms=1.6
2026-10-02T11:30:13.786+08:00 SET cycle=228 mon=1 img=B hr=0x00000000 dur_ms=1.0
2026-10-02T11:30:23.724+08:00 SET cycle=229 mon=0 img=B hr=0x00000000 dur_ms=1.9
2026-10-02T11:30:23.726+08:00 SET cycle=229 mon=1 img=A hr=0x00000000 dur_ms=1.4
2026-10-02T11:30:33.763+08:00 SET cycle=230 mon=0 img=A hr=0x00000000 dur_ms=1.9
2026-10-02T11:30:33.765+08:00 SET cycle=230 mon=1 img=B hr=0x00000000 dur_ms=1.5
2026-10-02T11:30:43.744+08:00 SET cycle=231 mon=0 img=B hr=0x00000000 dur_ms=1.7
2026-10-02T11:30:43.745+08:00 SET cycle=231 mon=1 img=A hr=0x00000000 dur_ms=1.4
2026-10-02T11:30:53.780+08:00 SET cycle=232 mon=0 img=A hr=0x00000000 dur_ms=1.1
2026-10-02T11:30:53.788+08:00 SET cycle=232 mon=1 img=B hr=0x00000000 dur_ms=1.3
2026-10-02T11:31:03.728+08:00 SET cycle=233 mon=0 img=B hr=0x00000000 dur_ms=1.5
2026-10-02T11:31:03.729+08:00 SET cycle=233 mon=1 img=A hr=0x00000000 dur_ms=1.4
2026-10-02T11:31:13.788+08:00 SET cycle=234 mon=0 img=A hr=0x00000000 dur_ms=1.2
2026-10-02T11:31:13.789+08:00 SET cycle=234 mon=1 img=B hr=0x00000000 dur_ms=0.8
2026-10-02T11:31:23.725+08:00 SET cycle=235 mon=0 img=B hr=0x00000000 dur_ms=1.9
2026-10-02T11:31:23.735+08:00 SET cycle=235 mon=1 img=A hr=0x00000000 dur_ms=1.5
2026-10-02T11:31:33.771+08:00 SET cycle=236 mon=0 img=A hr=0x00000000 dur_ms=1.9
2026-10-02T11:31:33.772+08:00 SET cycle=236 mon=1 img=B hr=0x00000000 dur_ms=0.9
2026-10-02T11:31:43.752+08:00 SET cycle=237 mon=0 img=B hr=0x00000000 dur_ms=2.0
2026-10-02T11:31:43.754+08:00 SET cycle=237 mon=1 img=A hr=0x00000000 dur_ms=1.5
2026-10-02T11:31:53.690+08:00 SET cycle=238 mon=0 img=A hr=0x00000000 dur_ms=1.1
2026-10-02T11:31:53.699+08:00 SET cycle=238 mon=1 img=B hr=0x00000000 dur_ms=1.6
2026-10-02T11:32:03.735+08:00 SET cycle=239 mon=0 img=B hr=0x00000000 dur_ms=1.2
2026-10-02T11:32:03.736+08:00 SET cycle=239 mon=1 img=A hr=0x00000000 dur_ms=1.0
2026-10-02T11:32:13.806+08:00 SET cycle=240 mon=0 img=A hr=0x00000000 dur_ms=1.5
2026-10-02T11:32:13.808+08:00 SET cycle=240 mon=1 img=B hr=0x00000000 dur_ms=1.1
2026-10-02T11:32:23.741+08:00 SET cycle=241 mon=0 img=B hr=0x00000000 dur_ms=1.2
2026-10-02T11:32:23.751+08:00 SET cycle=241 mon=1 img=A hr=0x00000000 dur_ms=1.6
2026-10-02T11:32:33.689+08:00 SET cycle=242 mon=0 img=A hr=0x00000000 dur_ms=1.5
2026-10-02T11:32:33.698+08:00 SET cycle=242 mon=1 img=B hr=0x00000000 dur_ms=1.1
2026-10-02T11:32:43.779+08:00 SET cycle=243 mon=0 img=B hr=0x00000000 dur_ms=1.8
2026-10-02T11:32:43.781+08:00 SET cycle=243 mon=1 img=A hr=0x00000000 dur_ms=1.0
2026-10-02T11:32:53.717+08:00 SET cycle=244 mon=0 img=A hr=0x00000000 dur_ms=1.2
2026-10-02T11:32:53.725+08:00 SET cycle=244 mon=1 img=B hr=0x00000000 dur_ms=1.4
2026-10-02T11:33:03.759+08:00 SET cycle=245 mon=0 img=B hr=0x00000000 dur_ms=1.2
2026-10-02T11:33:03.761+08:00 SET cycle=245 mon=1 img=A hr=0x00000000 dur_ms=0.9
2026-10-02T11:33:13.740+08:00 SET cycle=246 mon=0 img=A hr=0x00000000 dur_ms=1.4
2026-10-02T11:33:13.740+08:00 SET cycle=246 mon=1 img=B hr=0x00000000 dur_ms=1.2
2026-10-02T11:33:23.778+08:00 SET cycle=247 mon=0 img=B hr=0x00000000 dur_ms=1.2
2026-10-02T11:33:23.788+08:00 SET cycle=247 mon=1 img=A hr=0x00000000 dur_ms=1.4
2026-10-02T11:33:33.724+08:00 SET cycle=248 mon=0 img=A hr=0x00000000 dur_ms=1.7
2026-10-02T11:33:33.726+08:00 SET cycle=248 mon=1 img=B hr=0x00000000 dur_ms=1.4
2026-10-02T11:33:43.792+08:00 SET cycle=249 mon=0 img=B hr=0x00000000 dur_ms=2.5
2026-10-02T11:33:43.795+08:00 SET cycle=249 mon=1 img=A hr=0x00000000 dur_ms=1.4
2026-10-02T11:33:53.731+08:00 SET cycle=250 mon=0 img=A hr=0x00000000 dur_ms=1.2
2026-10-02T11:33:53.740+08:00 SET cycle=250 mon=1 img=B hr=0x00000000 dur_ms=1.7
2026-10-02T11:34:03.777+08:00 SET cycle=251 mon=0 img=B hr=0x00000000 dur_ms=1.6
2026-10-02T11:34:03.780+08:00 SET cycle=251 mon=1 img=A hr=0x00000000 dur_ms=1.2
2026-10-02T11:34:13.749+08:00 SET cycle=252 mon=0 img=A hr=0x00000000 dur_ms=1.6
2026-10-02T11:34:13.751+08:00 SET cycle=252 mon=1 img=B hr=0x00000000 dur_ms=1.4
2026-10-02T11:34:23.687+08:00 SET cycle=253 mon=0 img=B hr=0x00000000 dur_ms=1.2
2026-10-02T11:34:23.696+08:00 SET cycle=253 mon=1 img=A hr=0x00000000 dur_ms=1.0
2026-10-02T11:34:33.733+08:00 SET cycle=254 mon=0 img=A hr=0x00000000 dur_ms=1.7
2026-10-02T11:34:33.742+08:00 SET cycle=254 mon=1 img=B hr=0x00000000 dur_ms=1.3
2026-10-02T11:34:43.819+08:00 SET cycle=255 mon=0 img=B hr=0x00000000 dur_ms=1.3
2026-10-02T11:34:43.820+08:00 SET cycle=255 mon=1 img=A hr=0x00000000 dur_ms=1.4
2026-10-02T11:34:53.757+08:00 SET cycle=256 mon=0 img=A hr=0x00000000 dur_ms=1.5
2026-10-02T11:34:53.767+08:00 SET cycle=256 mon=1 img=B hr=0x00000000 dur_ms=1.4
2026-10-02T11:35:03.702+08:00 SET cycle=257 mon=0 img=B hr=0x00000000 dur_ms=2.7
2026-10-02T11:35:03.712+08:00 SET cycle=257 mon=1 img=A hr=0x00000000 dur_ms=1.4
2026-10-02T11:35:13.788+08:00 SET cycle=258 mon=0 img=A hr=0x00000000 dur_ms=1.2
2026-10-02T11:35:13.789+08:00 SET cycle=258 mon=1 img=B hr=0x00000000 dur_ms=0.8
2026-10-02T11:35:23.722+08:00 SET cycle=259 mon=0 img=B hr=0x00000000 dur_ms=1.6
2026-10-02T11:35:23.733+08:00 SET cycle=259 mon=1 img=A hr=0x00000000 dur_ms=1.8
2026-10-02T11:35:33.768+08:00 SET cycle=260 mon=0 img=A hr=0x00000000 dur_ms=1.4
2026-10-02T11:35:33.778+08:00 SET cycle=260 mon=1 img=B hr=0x00000000 dur_ms=1.5
2026-10-02T11:35:43.776+08:00 SET cycle=261 mon=0 img=B hr=0x00000000 dur_ms=1.3
2026-10-02T11:35:43.777+08:00 SET cycle=261 mon=1 img=A hr=0x00000000 dur_ms=1.0
2026-10-02T11:35:53.717+08:00 SET cycle=262 mon=0 img=A hr=0x00000000 dur_ms=1.0
2026-10-02T11:35:53.718+08:00 SET cycle=262 mon=1 img=B hr=0x00000000 dur_ms=0.8
2026-10-02T11:36:03.754+08:00 SET cycle=263 mon=0 img=B hr=0x00000000 dur_ms=1.4
2026-10-02T11:36:03.755+08:00 SET cycle=263 mon=1 img=A hr=0x00000000 dur_ms=0.9
2026-10-02T11:36:13.732+08:00 SET cycle=264 mon=0 img=A hr=0x00000000 dur_ms=1.8
2026-10-02T11:36:13.734+08:00 SET cycle=264 mon=1 img=B hr=0x00000000 dur_ms=1.6
2026-10-02T11:36:23.771+08:00 SET cycle=265 mon=0 img=B hr=0x00000000 dur_ms=1.9
2026-10-02T11:36:23.781+08:00 SET cycle=265 mon=1 img=A hr=0x00000000 dur_ms=1.6
2026-10-02T11:36:33.714+08:00 SET cycle=266 mon=0 img=A hr=0x00000000 dur_ms=1.3
2026-10-02T11:36:33.724+08:00 SET cycle=266 mon=1 img=B hr=0x00000000 dur_ms=2.0
2026-10-02T11:36:43.800+08:00 SET cycle=267 mon=0 img=B hr=0x00000000 dur_ms=2.0
2026-10-02T11:36:43.803+08:00 SET cycle=267 mon=1 img=A hr=0x00000000 dur_ms=1.8
2026-10-02T11:36:53.740+08:00 SET cycle=268 mon=0 img=A hr=0x00000000 dur_ms=1.5
2026-10-02T11:36:53.749+08:00 SET cycle=268 mon=1 img=B hr=0x00000000 dur_ms=1.1
2026-10-02T11:37:03.785+08:00 SET cycle=269 mon=0 img=B hr=0x00000000 dur_ms=1.9
2026-10-02T11:37:03.794+08:00 SET cycle=269 mon=1 img=A hr=0x00000000 dur_ms=1.2
2026-10-02T11:37:13.772+08:00 SET cycle=270 mon=0 img=A hr=0x00000000 dur_ms=1.8
2026-10-02T11:37:13.774+08:00 SET cycle=270 mon=1 img=B hr=0x00000000 dur_ms=1.5
2026-10-02T11:37:23.709+08:00 SET cycle=271 mon=0 img=B hr=0x00000000 dur_ms=1.1
2026-10-02T11:37:23.719+08:00 SET cycle=271 mon=1 img=A hr=0x00000000 dur_ms=1.7
2026-10-02T11:37:33.758+08:00 SET cycle=272 mon=0 img=A hr=0x00000000 dur_ms=1.8
2026-10-02T11:37:33.767+08:00 SET cycle=272 mon=1 img=B hr=0x00000000 dur_ms=1.2
2026-10-02T11:37:43.740+08:00 SET cycle=273 mon=0 img=B hr=0x00000000 dur_ms=1.6
2026-10-02T11:37:43.742+08:00 SET cycle=273 mon=1 img=A hr=0x00000000 dur_ms=1.4
2026-10-02T11:37:53.777+08:00 SET cycle=274 mon=0 img=A hr=0x00000000 dur_ms=1.3
2026-10-02T11:37:53.786+08:00 SET cycle=274 mon=1 img=B hr=0x00000000 dur_ms=1.4
2026-10-02T11:38:03.722+08:00 SET cycle=275 mon=0 img=B hr=0x00000000 dur_ms=1.5
2026-10-02T11:38:03.731+08:00 SET cycle=275 mon=1 img=A hr=0x00000000 dur_ms=1.3
2026-10-02T11:38:13.805+08:00 SET cycle=276 mon=0 img=A hr=0x00000000 dur_ms=1.7
2026-10-02T11:38:13.807+08:00 SET cycle=276 mon=1 img=B hr=0x00000000 dur_ms=1.4
2026-10-02T11:38:23.739+08:00 SET cycle=277 mon=0 img=B hr=0x00000000 dur_ms=1.6
2026-10-02T11:38:23.749+08:00 SET cycle=277 mon=1 img=A hr=0x00000000 dur_ms=1.2
2026-10-02T11:38:33.783+08:00 SET cycle=278 mon=0 img=A hr=0x00000000 dur_ms=1.2
2026-10-02T11:38:33.792+08:00 SET cycle=278 mon=1 img=B hr=0x00000000 dur_ms=1.4
2026-10-02T11:38:43.772+08:00 SET cycle=279 mon=0 img=B hr=0x00000000 dur_ms=1.4
2026-10-02T11:38:43.774+08:00 SET cycle=279 mon=1 img=A hr=0x00000000 dur_ms=1.8
2026-10-02T11:38:53.709+08:00 SET cycle=280 mon=0 img=A hr=0x00000000 dur_ms=1.2
2026-10-02T11:38:53.717+08:00 SET cycle=280 mon=1 img=B hr=0x00000000 dur_ms=1.1
2026-10-02T11:39:03.753+08:00 SET cycle=281 mon=0 img=B hr=0x00000000 dur_ms=1.2
2026-10-02T11:39:03.763+08:00 SET cycle=281 mon=1 img=A hr=0x00000000 dur_ms=1.5
2026-10-02T11:39:13.730+08:00 SET cycle=282 mon=0 img=A hr=0x00000000 dur_ms=1.6
2026-10-02T11:39:13.731+08:00 SET cycle=282 mon=1 img=B hr=0x00000000 dur_ms=1.0
2026-10-02T11:39:23.768+08:00 SET cycle=283 mon=0 img=B hr=0x00000000 dur_ms=1.2
2026-10-02T11:39:23.778+08:00 SET cycle=283 mon=1 img=A hr=0x00000000 dur_ms=1.5
2026-10-02T11:39:33.712+08:00 SET cycle=284 mon=0 img=A hr=0x00000000 dur_ms=1.4
2026-10-02T11:39:33.713+08:00 SET cycle=284 mon=1 img=B hr=0x00000000 dur_ms=1.0
2026-10-02T11:39:43.786+08:00 SET cycle=285 mon=0 img=B hr=0x00000000 dur_ms=1.4
2026-10-02T11:39:43.787+08:00 SET cycle=285 mon=1 img=A hr=0x00000000 dur_ms=1.1
2026-10-02T11:39:53.724+08:00 SET cycle=286 mon=0 img=A hr=0x00000000 dur_ms=1.3
2026-10-02T11:39:53.733+08:00 SET cycle=286 mon=1 img=B hr=0x00000000 dur_ms=1.5
2026-10-02T11:40:03.772+08:00 SET cycle=287 mon=0 img=B hr=0x00000000 dur_ms=1.4
2026-10-02T11:40:03.782+08:00 SET cycle=287 mon=1 img=A hr=0x00000000 dur_ms=1.4
2026-10-02T11:40:13.779+08:00 SET cycle=288 mon=0 img=A hr=0x00000000 dur_ms=1.9
2026-10-02T11:40:13.780+08:00 SET cycle=288 mon=1 img=B hr=0x00000000 dur_ms=1.5
2026-10-02T11:40:23.718+08:00 SET cycle=289 mon=0 img=B hr=0x00000000 dur_ms=1.7
2026-10-02T11:40:23.720+08:00 SET cycle=289 mon=1 img=A hr=0x00000000 dur_ms=1.6
2026-10-02T11:40:33.757+08:00 SET cycle=290 mon=0 img=A hr=0x00000000 dur_ms=1.8
2026-10-02T11:40:33.766+08:00 SET cycle=290 mon=1 img=B hr=0x00000000 dur_ms=1.3
2026-10-02T11:40:43.731+08:00 SET cycle=291 mon=0 img=B hr=0x00000000 dur_ms=1.7
2026-10-02T11:40:43.732+08:00 SET cycle=291 mon=1 img=A hr=0x00000000 dur_ms=1.0
2026-10-02T11:40:53.765+08:00 SET cycle=292 mon=0 img=A hr=0x00000000 dur_ms=1.7
2026-10-02T11:40:53.775+08:00 SET cycle=292 mon=1 img=B hr=0x00000000 dur_ms=1.3
2026-10-02T11:41:03.708+08:00 SET cycle=293 mon=0 img=B hr=0x00000000 dur_ms=1.7
2026-10-02T11:41:03.718+08:00 SET cycle=293 mon=1 img=A hr=0x00000000 dur_ms=1.6
2026-10-02T11:41:13.795+08:00 SET cycle=294 mon=0 img=A hr=0x00000000 dur_ms=1.7
2026-10-02T11:41:13.796+08:00 SET cycle=294 mon=1 img=B hr=0x00000000 dur_ms=1.1
2026-10-02T11:41:23.734+08:00 SET cycle=295 mon=0 img=B hr=0x00000000 dur_ms=1.5
2026-10-02T11:41:23.736+08:00 SET cycle=295 mon=1 img=A hr=0x00000000 dur_ms=1.4
2026-10-02T11:41:33.772+08:00 SET cycle=296 mon=0 img=A hr=0x00000000 dur_ms=2.0
2026-10-02T11:41:33.781+08:00 SET cycle=296 mon=1 img=B hr=0x00000000 dur_ms=1.3
2026-10-02T11:41:43.755+08:00 SET cycle=297 mon=0 img=B hr=0x00000000 dur_ms=1.8
2026-10-02T11:41:43.757+08:00 SET cycle=297 mon=1 img=A hr=0x00000000 dur_ms=1.5
2026-10-02T11:41:53.693+08:00 SET cycle=298 mon=0 img=A hr=0x00000000 dur_ms=1.6
2026-10-02T11:41:53.703+08:00 SET cycle=298 mon=1 img=B hr=0x00000000 dur_ms=1.8
2026-10-02T11:42:03.738+08:00 SET cycle=299 mon=0 img=B hr=0x00000000 dur_ms=1.8
2026-10-02T11:42:03.747+08:00 SET cycle=299 mon=1 img=A hr=0x00000000 dur_ms=1.5
2026-10-02T11:42:13.827+08:00 SET cycle=300 mon=0 img=A hr=0x00000000 dur_ms=1.6
2026-10-02T11:42:13.828+08:00 SET cycle=300 mon=1 img=B hr=0x00000000 dur_ms=1.1
2026-10-02T11:42:23.763+08:00 SET cycle=301 mon=0 img=B hr=0x00000000 dur_ms=1.3
2026-10-02T11:42:23.765+08:00 SET cycle=301 mon=1 img=A hr=0x00000000 dur_ms=0.9
2026-10-02T11:42:33.700+08:00 SET cycle=302 mon=0 img=A hr=0x00000000 dur_ms=1.8
2026-10-02T11:42:33.702+08:00 SET cycle=302 mon=1 img=B hr=0x00000000 dur_ms=1.7
2026-10-02T11:42:43.780+08:00 SET cycle=303 mon=0 img=B hr=0x00000000 dur_ms=1.9
2026-10-02T11:42:43.781+08:00 SET cycle=303 mon=1 img=A hr=0x00000000 dur_ms=1.5
2026-10-02T11:42:53.714+08:00 SET cycle=304 mon=0 img=A hr=0x00000000 dur_ms=1.1
2026-10-02T11:42:53.724+08:00 SET cycle=304 mon=1 img=B hr=0x00000000 dur_ms=0.9
2026-10-02T11:43:03.757+08:00 SET cycle=305 mon=0 img=B hr=0x00000000 dur_ms=1.9
2026-10-02T11:43:03.760+08:00 SET cycle=305 mon=1 img=A hr=0x00000000 dur_ms=1.5
2026-10-02T11:43:13.737+08:00 SET cycle=306 mon=0 img=A hr=0x00000000 dur_ms=1.7
2026-10-02T11:43:13.739+08:00 SET cycle=306 mon=1 img=B hr=0x00000000 dur_ms=1.6
2026-10-02T11:43:23.776+08:00 SET cycle=307 mon=0 img=B hr=0x00000000 dur_ms=1.3
2026-10-02T11:43:23.784+08:00 SET cycle=307 mon=1 img=A hr=0x00000000 dur_ms=1.1
2026-10-02T11:43:33.721+08:00 SET cycle=308 mon=0 img=A hr=0x00000000 dur_ms=1.9
2026-10-02T11:43:33.731+08:00 SET cycle=308 mon=1 img=B hr=0x00000000 dur_ms=1.8
2026-10-02T11:43:43.807+08:00 SET cycle=309 mon=0 img=B hr=0x00000000 dur_ms=1.7
2026-10-02T11:43:43.809+08:00 SET cycle=309 mon=1 img=A hr=0x00000000 dur_ms=1.3
2026-10-02T11:43:53.743+08:00 SET cycle=310 mon=0 img=A hr=0x00000000 dur_ms=1.2
2026-10-02T11:43:53.752+08:00 SET cycle=310 mon=1 img=B hr=0x00000000 dur_ms=1.4
2026-10-02T11:44:03.690+08:00 SET cycle=311 mon=0 img=B hr=0x00000000 dur_ms=1.4
2026-10-02T11:44:03.699+08:00 SET cycle=311 mon=1 img=A hr=0x00000000 dur_ms=1.2
2026-10-02T11:44:13.777+08:00 SET cycle=312 mon=0 img=A hr=0x00000000 dur_ms=2.0
2026-10-02T11:44:13.778+08:00 SET cycle=312 mon=1 img=B hr=0x00000000 dur_ms=1.3
2026-10-02T11:44:23.711+08:00 SET cycle=313 mon=0 img=B hr=0x00000000 dur_ms=1.2
2026-10-02T11:44:23.720+08:00 SET cycle=313 mon=1 img=A hr=0x00000000 dur_ms=1.5
2026-10-02T11:44:33.755+08:00 SET cycle=314 mon=0 img=A hr=0x00000000 dur_ms=1.6
2026-10-02T11:44:33.756+08:00 SET cycle=314 mon=1 img=B hr=0x00000000 dur_ms=1.1
2026-10-02T11:44:43.737+08:00 SET cycle=315 mon=0 img=B hr=0x00000000 dur_ms=1.6
2026-10-02T11:44:43.738+08:00 SET cycle=315 mon=1 img=A hr=0x00000000 dur_ms=1.5
2026-10-02T11:44:53.773+08:00 SET cycle=316 mon=0 img=A hr=0x00000000 dur_ms=1.6
2026-10-02T11:44:53.782+08:00 SET cycle=316 mon=1 img=B hr=0x00000000 dur_ms=1.3
2026-10-02T11:45:03.714+08:00 SET cycle=317 mon=0 img=B hr=0x00000000 dur_ms=1.2
2026-10-02T11:45:03.723+08:00 SET cycle=317 mon=1 img=A hr=0x00000000 dur_ms=0.9
2026-10-02T11:45:13.794+08:00 SET cycle=318 mon=0 img=A hr=0x00000000 dur_ms=2.0
2026-10-02T11:45:13.795+08:00 SET cycle=318 mon=1 img=B hr=0x00000000 dur_ms=1.2
2026-10-02T11:45:23.730+08:00 SET cycle=319 mon=0 img=B hr=0x00000000 dur_ms=1.0
2026-10-02T11:45:23.740+08:00 SET cycle=319 mon=1 img=A hr=0x00000000 dur_ms=1.3
2026-10-02T11:45:33.780+08:00 SET cycle=320 mon=0 img=A hr=0x00000000 dur_ms=1.6
2026-10-02T11:45:33.789+08:00 SET cycle=320 mon=1 img=B hr=0x00000000 dur_ms=1.4
2026-10-02T11:45:43.774+08:00 SET cycle=321 mon=0 img=B hr=0x00000000 dur_ms=2.0
2026-10-02T11:45:43.776+08:00 SET cycle=321 mon=1 img=A hr=0x00000000 dur_ms=2.1
2026-10-02T11:45:53.712+08:00 SET cycle=322 mon=0 img=A hr=0x00000000 dur_ms=1.8
2026-10-02T11:45:53.713+08:00 SET cycle=322 mon=1 img=B hr=0x00000000 dur_ms=1.0
2026-10-02T11:46:03.748+08:00 SET cycle=323 mon=0 img=B hr=0x00000000 dur_ms=1.3
2026-10-02T11:46:03.749+08:00 SET cycle=323 mon=1 img=A hr=0x00000000 dur_ms=1.1
2026-10-02T11:46:13.827+08:00 SET cycle=324 mon=0 img=A hr=0x00000000 dur_ms=1.4
2026-10-02T11:46:13.828+08:00 SET cycle=324 mon=1 img=B hr=0x00000000 dur_ms=1.4
2026-10-02T11:46:23.764+08:00 SET cycle=325 mon=0 img=B hr=0x00000000 dur_ms=1.6
2026-10-02T11:46:23.774+08:00 SET cycle=325 mon=1 img=A hr=0x00000000 dur_ms=1.5
2026-10-02T11:46:33.705+08:00 SET cycle=326 mon=0 img=A hr=0x00000000 dur_ms=1.6
2026-10-02T11:46:33.714+08:00 SET cycle=326 mon=1 img=B hr=0x00000000 dur_ms=1.6
2026-10-02T11:46:43.787+08:00 SET cycle=327 mon=0 img=B hr=0x00000000 dur_ms=1.3
2026-10-02T11:46:43.788+08:00 SET cycle=327 mon=1 img=A hr=0x00000000 dur_ms=1.4
2026-10-02T11:46:53.721+08:00 SET cycle=328 mon=0 img=A hr=0x00000000 dur_ms=1.7
2026-10-02T11:46:53.731+08:00 SET cycle=328 mon=1 img=B hr=0x00000000 dur_ms=1.6
2026-10-02T11:47:03.766+08:00 SET cycle=329 mon=0 img=B hr=0x00000000 dur_ms=1.4
2026-10-02T11:47:03.776+08:00 SET cycle=329 mon=1 img=A hr=0x00000000 dur_ms=1.7
2026-10-02T11:47:13.747+08:00 SET cycle=330 mon=0 img=A hr=0x00000000 dur_ms=1.2
2026-10-02T11:47:13.748+08:00 SET cycle=330 mon=1 img=B hr=0x00000000 dur_ms=1.2
2026-10-02T11:47:23.784+08:00 SET cycle=331 mon=0 img=B hr=0x00000000 dur_ms=1.5
2026-10-02T11:47:23.793+08:00 SET cycle=331 mon=1 img=A hr=0x00000000 dur_ms=1.6
2026-10-02T11:47:33.727+08:00 SET cycle=332 mon=0 img=A hr=0x00000000 dur_ms=1.1
2026-10-02T11:47:33.729+08:00 SET cycle=332 mon=1 img=B hr=0x00000000 dur_ms=0.9
2026-10-02T11:47:43.804+08:00 SET cycle=333 mon=0 img=B hr=0x00000000 dur_ms=1.6
2026-10-02T11:47:43.807+08:00 SET cycle=333 mon=1 img=A hr=0x00000000 dur_ms=1.3
2026-10-02T11:47:53.742+08:00 SET cycle=334 mon=0 img=A hr=0x00000000 dur_ms=1.5
2026-10-02T11:47:53.751+08:00 SET cycle=334 mon=1 img=B hr=0x00000000 dur_ms=1.2
2026-10-02T11:48:03.785+08:00 SET cycle=335 mon=0 img=B hr=0x00000000 dur_ms=1.2
2026-10-02T11:48:03.794+08:00 SET cycle=335 mon=1 img=A hr=0x00000000 dur_ms=1.1
2026-10-02T11:48:13.771+08:00 SET cycle=336 mon=0 img=A hr=0x00000000 dur_ms=1.5
2026-10-02T11:48:13.772+08:00 SET cycle=336 mon=1 img=B hr=0x00000000 dur_ms=1.4
2026-10-02T11:48:23.707+08:00 SET cycle=337 mon=0 img=B hr=0x00000000 dur_ms=1.1
2026-10-02T11:48:23.717+08:00 SET cycle=337 mon=1 img=A hr=0x00000000 dur_ms=1.6
2026-10-02T11:48:33.750+08:00 SET cycle=338 mon=0 img=A hr=0x00000000 dur_ms=1.7
2026-10-02T11:48:33.759+08:00 SET cycle=338 mon=1 img=B hr=0x00000000 dur_ms=1.4
2026-10-02T11:48:43.740+08:00 SET cycle=339 mon=0 img=B hr=0x00000000 dur_ms=1.8
2026-10-02T11:48:43.741+08:00 SET cycle=339 mon=1 img=A hr=0x00000000 dur_ms=1.3
2026-10-02T11:48:53.779+08:00 SET cycle=340 mon=0 img=A hr=0x00000000 dur_ms=1.4
2026-10-02T11:48:53.788+08:00 SET cycle=340 mon=1 img=B hr=0x00000000 dur_ms=1.2
2026-10-02T11:49:03.727+08:00 SET cycle=341 mon=0 img=B hr=0x00000000 dur_ms=1.6
2026-10-02T11:49:03.729+08:00 SET cycle=341 mon=1 img=A hr=0x00000000 dur_ms=1.3
2026-10-02T11:49:13.812+08:00 SET cycle=342 mon=0 img=A hr=0x00000000 dur_ms=2.0
2026-10-02T11:49:13.813+08:00 SET cycle=342 mon=1 img=B hr=0x00000000 dur_ms=1.0
2026-10-02T11:49:23.747+08:00 SET cycle=343 mon=0 img=B hr=0x00000000 dur_ms=1.8
2026-10-02T11:49:23.757+08:00 SET cycle=343 mon=1 img=A hr=0x00000000 dur_ms=1.3
2026-10-02T11:49:33.695+08:00 SET cycle=344 mon=0 img=A hr=0x00000000 dur_ms=1.1
2026-10-02T11:49:33.704+08:00 SET cycle=344 mon=1 img=B hr=0x00000000 dur_ms=1.1
2026-10-02T11:49:43.776+08:00 SET cycle=345 mon=0 img=B hr=0x00000000 dur_ms=1.5
2026-10-02T11:49:43.777+08:00 SET cycle=345 mon=1 img=A hr=0x00000000 dur_ms=1.2
2026-10-02T11:49:53.713+08:00 SET cycle=346 mon=0 img=A hr=0x00000000 dur_ms=1.3
2026-10-02T11:49:53.722+08:00 SET cycle=346 mon=1 img=B hr=0x00000000 dur_ms=1.4
2026-10-02T11:50:03.754+08:00 SET cycle=347 mon=0 img=B hr=0x00000000 dur_ms=1.4
2026-10-02T11:50:03.763+08:00 SET cycle=347 mon=1 img=A hr=0x00000000 dur_ms=1.5
2026-10-02T11:50:13.732+08:00 SET cycle=348 mon=0 img=A hr=0x00000000 dur_ms=1.2
2026-10-02T11:50:13.734+08:00 SET cycle=348 mon=1 img=B hr=0x00000000 dur_ms=1.0
2026-10-02T11:50:23.768+08:00 SET cycle=349 mon=0 img=B hr=0x00000000 dur_ms=1.2
2026-10-02T11:50:23.771+08:00 SET cycle=349 mon=1 img=A hr=0x00000000 dur_ms=1.0
2026-10-02T11:50:33.704+08:00 SET cycle=350 mon=0 img=A hr=0x00000000 dur_ms=1.3
2026-10-02T11:50:33.714+08:00 SET cycle=350 mon=1 img=B hr=0x00000000 dur_ms=2.1
2026-10-02T11:50:43.790+08:00 SET cycle=351 mon=0 img=B hr=0x00000000 dur_ms=1.3
2026-10-02T11:50:43.792+08:00 SET cycle=351 mon=1 img=A hr=0x00000000 dur_ms=1.0
2026-10-02T11:50:53.726+08:00 SET cycle=352 mon=0 img=A hr=0x00000000 dur_ms=1.7
2026-10-02T11:50:53.736+08:00 SET cycle=352 mon=1 img=B hr=0x00000000 dur_ms=1.4
2026-10-02T11:51:03.774+08:00 SET cycle=353 mon=0 img=B hr=0x00000000 dur_ms=1.5
2026-10-02T11:51:03.783+08:00 SET cycle=353 mon=1 img=A hr=0x00000000 dur_ms=1.4
2026-10-02T11:51:13.747+08:00 SET cycle=354 mon=0 img=A hr=0x00000000 dur_ms=1.3
2026-10-02T11:51:13.749+08:00 SET cycle=354 mon=1 img=B hr=0x00000000 dur_ms=0.9
2026-10-02T11:51:23.784+08:00 SET cycle=355 mon=0 img=B hr=0x00000000 dur_ms=1.0
2026-10-02T11:51:23.786+08:00 SET cycle=355 mon=1 img=A hr=0x00000000 dur_ms=0.9
2026-10-02T11:51:33.720+08:00 SET cycle=356 mon=0 img=A hr=0x00000000 dur_ms=1.6
2026-10-02T11:51:33.729+08:00 SET cycle=356 mon=1 img=B hr=0x00000000 dur_ms=1.5
2026-10-02T11:51:43.811+08:00 SET cycle=357 mon=0 img=B hr=0x00000000 dur_ms=1.6
2026-10-02T11:51:43.813+08:00 SET cycle=357 mon=1 img=A hr=0x00000000 dur_ms=1.4
2026-10-02T11:51:53.750+08:00 SET cycle=358 mon=0 img=A hr=0x00000000 dur_ms=1.6
2026-10-02T11:51:53.753+08:00 SET cycle=358 mon=1 img=B hr=0x00000000 dur_ms=1.5
2026-10-02T11:52:03.687+08:00 SET cycle=359 mon=0 img=B hr=0x00000000 dur_ms=1.7
2026-10-02T11:52:03.698+08:00 SET cycle=359 mon=1 img=A hr=0x00000000 dur_ms=1.8
2026-10-02T11:52:13.761+08:00 SET cycle=360 mon=0 img=A hr=0x00000000 dur_ms=1.3
2026-10-02T11:52:13.761+08:00 SET cycle=360 mon=1 img=B hr=0x00000000 dur_ms=0.8
2026-10-02T11:52:23.697+08:00 SET cycle=361 mon=0 img=B hr=0x00000000 dur_ms=1.2
2026-10-02T11:52:23.705+08:00 SET cycle=361 mon=1 img=A hr=0x00000000 dur_ms=1.0
2026-10-02T11:52:33.743+08:00 SET cycle=362 mon=0 img=A hr=0x00000000 dur_ms=1.6
2026-10-02T11:52:33.745+08:00 SET cycle=362 mon=1 img=B hr=0x00000000 dur_ms=1.0
2026-10-02T11:52:43.804+08:00 SET cycle=363 mon=0 img=B hr=0x00000000 dur_ms=1.2
2026-10-02T11:52:43.806+08:00 SET cycle=363 mon=1 img=A hr=0x00000000 dur_ms=0.9
2026-10-02T11:52:53.740+08:00 SET cycle=364 mon=0 img=A hr=0x00000000 dur_ms=1.7
2026-10-02T11:52:53.742+08:00 SET cycle=364 mon=1 img=B hr=0x00000000 dur_ms=1.1
2026-10-02T11:53:03.776+08:00 SET cycle=365 mon=0 img=B hr=0x00000000 dur_ms=1.5
2026-10-02T11:53:03.786+08:00 SET cycle=365 mon=1 img=A hr=0x00000000 dur_ms=1.3
2026-10-02T11:53:13.755+08:00 SET cycle=366 mon=0 img=A hr=0x00000000 dur_ms=1.6
2026-10-02T11:53:13.756+08:00 SET cycle=366 mon=1 img=B hr=0x00000000 dur_ms=1.3
2026-10-02T11:53:23.695+08:00 SET cycle=367 mon=0 img=B hr=0x00000000 dur_ms=1.4
2026-10-02T11:53:23.704+08:00 SET cycle=367 mon=1 img=A hr=0x00000000 dur_ms=1.7
2026-10-02T11:53:33.741+08:00 SET cycle=368 mon=0 img=A hr=0x00000000 dur_ms=1.4
2026-10-02T11:53:33.742+08:00 SET cycle=368 mon=1 img=B hr=0x00000000 dur_ms=0.9
2026-10-02T11:53:43.822+08:00 SET cycle=369 mon=0 img=B hr=0x00000000 dur_ms=1.5
2026-10-02T11:53:43.823+08:00 SET cycle=369 mon=1 img=A hr=0x00000000 dur_ms=1.3
2026-10-02T11:53:53.759+08:00 SET cycle=370 mon=0 img=A hr=0x00000000 dur_ms=1.7
2026-10-02T11:53:53.767+08:00 SET cycle=370 mon=1 img=B hr=0x00000000 dur_ms=1.3
2026-10-02T11:54:03.702+08:00 SET cycle=371 mon=0 img=B hr=0x00000000 dur_ms=1.5
2026-10-02T11:54:03.712+08:00 SET cycle=371 mon=1 img=A hr=0x00000000 dur_ms=1.5
2026-10-02T11:54:13.785+08:00 SET cycle=372 mon=0 img=A hr=0x00000000 dur_ms=1.6
2026-10-02T11:54:13.787+08:00 SET cycle=372 mon=1 img=B hr=0x00000000 dur_ms=1.3
2026-10-02T11:54:23.720+08:00 SET cycle=373 mon=0 img=B hr=0x00000000 dur_ms=1.6
2026-10-02T11:54:23.721+08:00 SET cycle=373 mon=1 img=A hr=0x00000000 dur_ms=1.5
2026-10-02T11:54:33.757+08:00 SET cycle=374 mon=0 img=A hr=0x00000000 dur_ms=1.5
2026-10-02T11:54:33.767+08:00 SET cycle=374 mon=1 img=B hr=0x00000000 dur_ms=1.8
2026-10-02T11:54:43.746+08:00 SET cycle=375 mon=0 img=B hr=0x00000000 dur_ms=1.6
2026-10-02T11:54:43.747+08:00 SET cycle=375 mon=1 img=A hr=0x00000000 dur_ms=1.3
2026-10-02T11:54:53.785+08:00 SET cycle=376 mon=0 img=A hr=0x00000000 dur_ms=1.5
2026-10-02T11:54:53.794+08:00 SET cycle=376 mon=1 img=B hr=0x00000000 dur_ms=1.6
2026-10-02T11:55:03.726+08:00 SET cycle=377 mon=0 img=B hr=0x00000000 dur_ms=1.6
2026-10-02T11:55:03.728+08:00 SET cycle=377 mon=1 img=A hr=0x00000000 dur_ms=1.3
2026-10-02T11:55:13.803+08:00 SET cycle=378 mon=0 img=A hr=0x00000000 dur_ms=1.5
2026-10-02T11:55:13.804+08:00 SET cycle=378 mon=1 img=B hr=0x00000000 dur_ms=1.4
2026-10-02T11:55:23.741+08:00 SET cycle=379 mon=0 img=B hr=0x00000000 dur_ms=1.3
2026-10-02T11:55:23.744+08:00 SET cycle=379 mon=1 img=A hr=0x00000000 dur_ms=0.9
2026-10-02T11:55:33.782+08:00 SET cycle=380 mon=0 img=A hr=0x00000000 dur_ms=2.3
2026-10-02T11:55:33.791+08:00 SET cycle=380 mon=1 img=B hr=0x00000000 dur_ms=1.3
2026-10-02T11:55:43.761+08:00 SET cycle=381 mon=0 img=B hr=0x00000000 dur_ms=1.5
2026-10-02T11:55:43.763+08:00 SET cycle=381 mon=1 img=A hr=0x00000000 dur_ms=1.1
2026-10-02T11:55:53.699+08:00 SET cycle=382 mon=0 img=A hr=0x00000000 dur_ms=1.9
2026-10-02T11:55:53.703+08:00 SET cycle=382 mon=1 img=B hr=0x00000000 dur_ms=2.0
2026-10-02T11:56:03.740+08:00 SET cycle=383 mon=0 img=B hr=0x00000000 dur_ms=1.4
2026-10-02T11:56:03.750+08:00 SET cycle=383 mon=1 img=A hr=0x00000000 dur_ms=1.8
2026-10-02T11:56:13.729+08:00 SET cycle=384 mon=0 img=A hr=0x00000000 dur_ms=1.6
2026-10-02T11:56:13.731+08:00 SET cycle=384 mon=1 img=B hr=0x00000000 dur_ms=1.3
2026-10-02T11:56:23.770+08:00 SET cycle=385 mon=0 img=B hr=0x00000000 dur_ms=1.2
2026-10-02T11:56:23.779+08:00 SET cycle=385 mon=1 img=A hr=0x00000000 dur_ms=1.0
2026-10-02T11:56:33.717+08:00 SET cycle=386 mon=0 img=A hr=0x00000000 dur_ms=1.4
2026-10-02T11:56:33.726+08:00 SET cycle=386 mon=1 img=B hr=0x00000000 dur_ms=1.2
2026-10-02T11:56:43.801+08:00 SET cycle=387 mon=0 img=B hr=0x00000000 dur_ms=1.9
2026-10-02T11:56:43.803+08:00 SET cycle=387 mon=1 img=A hr=0x00000000 dur_ms=1.3
2026-10-02T11:56:53.741+08:00 SET cycle=388 mon=0 img=A hr=0x00000000 dur_ms=1.8
2026-10-02T11:56:53.749+08:00 SET cycle=388 mon=1 img=B hr=0x00000000 dur_ms=1.3
2026-10-02T11:57:03.784+08:00 SET cycle=389 mon=0 img=B hr=0x00000000 dur_ms=1.5
2026-10-02T11:57:03.793+08:00 SET cycle=389 mon=1 img=A hr=0x00000000 dur_ms=1.8
2026-10-02T11:57:13.766+08:00 SET cycle=390 mon=0 img=A hr=0x00000000 dur_ms=1.2
2026-10-02T11:57:13.767+08:00 SET cycle=390 mon=1 img=B hr=0x00000000 dur_ms=0.9
2026-10-02T11:57:23.701+08:00 SET cycle=391 mon=0 img=B hr=0x00000000 dur_ms=1.2
2026-10-02T11:57:23.709+08:00 SET cycle=391 mon=1 img=A hr=0x00000000 dur_ms=1.2
2026-10-02T11:57:33.745+08:00 SET cycle=392 mon=0 img=A hr=0x00000000 dur_ms=1.7
2026-10-02T11:57:33.755+08:00 SET cycle=392 mon=1 img=B hr=0x00000000 dur_ms=1.5
2026-10-02T11:57:43.720+08:00 SET cycle=393 mon=0 img=B hr=0x00000000 dur_ms=1.3
2026-10-02T11:57:43.721+08:00 SET cycle=393 mon=1 img=A hr=0x00000000 dur_ms=0.9
2026-10-02T11:57:53.758+08:00 SET cycle=394 mon=0 img=A hr=0x00000000 dur_ms=1.8
2026-10-02T11:57:53.768+08:00 SET cycle=394 mon=1 img=B hr=0x00000000 dur_ms=1.5
2026-10-02T11:58:03.704+08:00 SET cycle=395 mon=0 img=B hr=0x00000000 dur_ms=1.5
2026-10-02T11:58:03.714+08:00 SET cycle=395 mon=1 img=A hr=0x00000000 dur_ms=1.6
2026-10-02T11:58:13.780+08:00 SET cycle=396 mon=0 img=A hr=0x00000000 dur_ms=1.3
2026-10-02T11:58:13.781+08:00 SET cycle=396 mon=1 img=B hr=0x00000000 dur_ms=0.9
2026-10-02T11:58:23.718+08:00 SET cycle=397 mon=0 img=B hr=0x00000000 dur_ms=1.2
2026-10-02T11:58:23.727+08:00 SET cycle=397 mon=1 img=A hr=0x00000000 dur_ms=1.2
2026-10-02T11:58:33.763+08:00 SET cycle=398 mon=0 img=A hr=0x00000000 dur_ms=2.0
2026-10-02T11:58:33.773+08:00 SET cycle=398 mon=1 img=B hr=0x00000000 dur_ms=1.7
2026-10-02T11:58:43.744+08:00 SET cycle=399 mon=0 img=B hr=0x00000000 dur_ms=1.3
2026-10-02T11:58:43.745+08:00 SET cycle=399 mon=1 img=A hr=0x00000000 dur_ms=0.9
2026-10-02T11:58:53.778+08:00 SET cycle=400 mon=0 img=A hr=0x00000000 dur_ms=1.9
2026-10-02T11:58:53.787+08:00 SET cycle=400 mon=1 img=B hr=0x00000000 dur_ms=1.8
2026-10-02T11:59:03.723+08:00 SET cycle=401 mon=0 img=B hr=0x00000000 dur_ms=1.5
2026-10-02T11:59:03.726+08:00 SET cycle=401 mon=1 img=A hr=0x00000000 dur_ms=1.4
2026-10-02T11:59:13.806+08:00 SET cycle=402 mon=0 img=A hr=0x00000000 dur_ms=1.6
2026-10-02T11:59:13.808+08:00 SET cycle=402 mon=1 img=B hr=0x00000000 dur_ms=1.5
2026-10-02T11:59:23.745+08:00 SET cycle=403 mon=0 img=B hr=0x00000000 dur_ms=1.9
2026-10-02T11:59:23.755+08:00 SET cycle=403 mon=1 img=A hr=0x00000000 dur_ms=1.6
2026-10-02T11:59:33.691+08:00 SET cycle=404 mon=0 img=A hr=0x00000000 dur_ms=1.6
2026-10-02T11:59:33.701+08:00 SET cycle=404 mon=1 img=B hr=0x00000000 dur_ms=1.7
2026-10-02T11:59:43.769+08:00 SET cycle=405 mon=0 img=B hr=0x00000000 dur_ms=1.2
2026-10-02T11:59:43.770+08:00 SET cycle=405 mon=1 img=A hr=0x00000000 dur_ms=1.0
2026-10-02T11:59:53.704+08:00 SET cycle=406 mon=0 img=A hr=0x00000000 dur_ms=1.2
2026-10-02T11:59:53.714+08:00 SET cycle=406 mon=1 img=B hr=0x00000000 dur_ms=1.0
2026-10-02T12:00:03.748+08:00 SET cycle=407 mon=0 img=B hr=0x00000000 dur_ms=2.0
2026-10-02T12:00:03.757+08:00 SET cycle=407 mon=1 img=A hr=0x00000000 dur_ms=1.6
2026-10-02T12:00:13.722+08:00 SET cycle=408 mon=0 img=A hr=0x00000000 dur_ms=1.2
2026-10-02T12:00:13.722+08:00 SET cycle=408 mon=1 img=B hr=0x00000000 dur_ms=0.7
2026-10-02T12:00:23.758+08:00 SET cycle=409 mon=0 img=B hr=0x00000000 dur_ms=1.8
2026-10-02T12:00:23.767+08:00 SET cycle=409 mon=1 img=A hr=0x00000000 dur_ms=1.6
2026-10-02T12:00:33.701+08:00 SET cycle=410 mon=0 img=A hr=0x00000000 dur_ms=1.4
2026-10-02T12:00:33.710+08:00 SET cycle=410 mon=1 img=B hr=0x00000000 dur_ms=1.5
2026-10-02T12:00:43.778+08:00 SET cycle=411 mon=0 img=B hr=0x00000000 dur_ms=2.5
2026-10-02T12:00:43.781+08:00 SET cycle=411 mon=1 img=A hr=0x00000000 dur_ms=1.7
2026-10-02T12:00:53.718+08:00 SET cycle=412 mon=0 img=A hr=0x00000000 dur_ms=1.1
2026-10-02T12:00:53.727+08:00 SET cycle=412 mon=1 img=B hr=0x00000000 dur_ms=1.1
2026-10-02T12:01:03.760+08:00 SET cycle=413 mon=0 img=B hr=0x00000000 dur_ms=2.0
2026-10-02T12:01:03.769+08:00 SET cycle=413 mon=1 img=A hr=0x00000000 dur_ms=1.6
2026-10-02T12:01:13.752+08:00 SET cycle=414 mon=0 img=A hr=0x00000000 dur_ms=2.0
2026-10-02T12:01:13.753+08:00 SET cycle=414 mon=1 img=B hr=0x00000000 dur_ms=1.3
2026-10-02T12:01:23.786+08:00 SET cycle=415 mon=0 img=B hr=0x00000000 dur_ms=1.7
2026-10-02T12:01:23.796+08:00 SET cycle=415 mon=1 img=A hr=0x00000000 dur_ms=1.4
2026-10-02T12:01:33.733+08:00 SET cycle=416 mon=0 img=A hr=0x00000000 dur_ms=1.3
2026-10-02T12:01:33.742+08:00 SET cycle=416 mon=1 img=B hr=0x00000000 dur_ms=1.0
2026-10-02T12:01:43.810+08:00 SET cycle=417 mon=0 img=B hr=0x00000000 dur_ms=2.0
2026-10-02T12:01:43.811+08:00 SET cycle=417 mon=1 img=A hr=0x00000000 dur_ms=1.1
2026-10-02T12:01:53.746+08:00 SET cycle=418 mon=0 img=A hr=0x00000000 dur_ms=1.2
2026-10-02T12:01:53.748+08:00 SET cycle=418 mon=1 img=B hr=0x00000000 dur_ms=0.8
2026-10-02T12:02:03.782+08:00 SET cycle=419 mon=0 img=B hr=0x00000000 dur_ms=2.2
2026-10-02T12:02:03.791+08:00 SET cycle=419 mon=1 img=A hr=0x00000000 dur_ms=1.4
2026-10-02T12:02:13.754+08:00 SET cycle=420 mon=0 img=A hr=0x00000000 dur_ms=1.6
2026-10-02T12:02:13.756+08:00 SET cycle=420 mon=1 img=B hr=0x00000000 dur_ms=1.0
2026-10-02T12:02:23.692+08:00 SET cycle=421 mon=0 img=B hr=0x00000000 dur_ms=1.3
2026-10-02T12:02:23.701+08:00 SET cycle=421 mon=1 img=A hr=0x00000000 dur_ms=1.6
2026-10-02T12:02:33.740+08:00 SET cycle=422 mon=0 img=A hr=0x00000000 dur_ms=1.8
2026-10-02T12:02:33.741+08:00 SET cycle=422 mon=1 img=B hr=0x00000000 dur_ms=1.2
2026-10-02T12:02:43.820+08:00 SET cycle=423 mon=0 img=B hr=0x00000000 dur_ms=1.4
2026-10-02T12:02:43.821+08:00 SET cycle=423 mon=1 img=A hr=0x00000000 dur_ms=1.0
2026-10-02T12:02:53.754+08:00 SET cycle=424 mon=0 img=A hr=0x00000000 dur_ms=1.1
2026-10-02T12:02:53.762+08:00 SET cycle=424 mon=1 img=B hr=0x00000000 dur_ms=1.2
2026-10-02T12:03:03.698+08:00 SET cycle=425 mon=0 img=B hr=0x00000000 dur_ms=1.2
2026-10-02T12:03:03.707+08:00 SET cycle=425 mon=1 img=A hr=0x00000000 dur_ms=1.3
2026-10-02T12:03:13.783+08:00 SET cycle=426 mon=0 img=A hr=0x00000000 dur_ms=1.3
2026-10-02T12:03:13.786+08:00 SET cycle=426 mon=1 img=B hr=0x00000000 dur_ms=1.3
2026-10-02T12:03:23.720+08:00 SET cycle=427 mon=0 img=B hr=0x00000000 dur_ms=1.7
2026-10-02T12:03:23.728+08:00 SET cycle=427 mon=1 img=A hr=0x00000000 dur_ms=1.7
2026-10-02T12:03:33.763+08:00 SET cycle=428 mon=0 img=A hr=0x00000000 dur_ms=1.1
2026-10-02T12:03:33.772+08:00 SET cycle=428 mon=1 img=B hr=0x00000000 dur_ms=1.2
2026-10-02T12:03:43.739+08:00 SET cycle=429 mon=0 img=B hr=0x00000000 dur_ms=2.0
2026-10-02T12:03:43.740+08:00 SET cycle=429 mon=1 img=A hr=0x00000000 dur_ms=1.2
2026-10-02T12:03:53.774+08:00 SET cycle=430 mon=0 img=A hr=0x00000000 dur_ms=1.4
2026-10-02T12:03:53.783+08:00 SET cycle=430 mon=1 img=B hr=0x00000000 dur_ms=1.3
2026-10-02T12:04:03.720+08:00 SET cycle=431 mon=0 img=B hr=0x00000000 dur_ms=2.0
2026-10-02T12:04:03.730+08:00 SET cycle=431 mon=1 img=A hr=0x00000000 dur_ms=1.7
2026-10-02T12:04:13.813+08:00 SET cycle=432 mon=0 img=A hr=0x00000000 dur_ms=1.8
2026-10-02T12:04:13.815+08:00 SET cycle=432 mon=1 img=B hr=0x00000000 dur_ms=1.6
2026-10-02T12:04:23.748+08:00 SET cycle=433 mon=0 img=B hr=0x00000000 dur_ms=1.5
2026-10-02T12:04:23.758+08:00 SET cycle=433 mon=1 img=A hr=0x00000000 dur_ms=1.2
2026-10-02T12:04:33.691+08:00 SET cycle=434 mon=0 img=A hr=0x00000000 dur_ms=1.7
2026-10-02T12:04:33.692+08:00 SET cycle=434 mon=1 img=B hr=0x00000000 dur_ms=1.4
2026-10-02T12:04:43.752+08:00 SET cycle=435 mon=0 img=B hr=0x00000000 dur_ms=1.8
2026-10-02T12:04:43.753+08:00 SET cycle=435 mon=1 img=A hr=0x00000000 dur_ms=1.5
2026-10-02T12:04:53.689+08:00 SET cycle=436 mon=0 img=A hr=0x00000000 dur_ms=2.0
2026-10-02T12:04:53.698+08:00 SET cycle=436 mon=1 img=B hr=0x00000000 dur_ms=1.8
2026-10-02T12:05:03.733+08:00 SET cycle=437 mon=0 img=B hr=0x00000000 dur_ms=1.6
2026-10-02T12:05:03.734+08:00 SET cycle=437 mon=1 img=A hr=0x00000000 dur_ms=1.3
2026-10-02T12:05:13.793+08:00 SET cycle=438 mon=0 img=A hr=0x00000000 dur_ms=1.8
2026-10-02T12:05:13.796+08:00 SET cycle=438 mon=1 img=B hr=0x00000000 dur_ms=1.4
2026-10-02T12:05:23.732+08:00 SET cycle=439 mon=0 img=B hr=0x00000000 dur_ms=1.9
2026-10-02T12:05:23.741+08:00 SET cycle=439 mon=1 img=A hr=0x00000000 dur_ms=1.7
2026-10-02T12:05:33.784+08:00 SET cycle=440 mon=0 img=A hr=0x00000000 dur_ms=10.3
2026-10-02T12:05:33.794+08:00 SET cycle=440 mon=1 img=B hr=0x00000000 dur_ms=2.0
2026-10-02T12:05:43.762+08:00 SET cycle=441 mon=0 img=B hr=0x00000000 dur_ms=1.5
2026-10-02T12:05:43.764+08:00 SET cycle=441 mon=1 img=A hr=0x00000000 dur_ms=1.4
2026-10-02T12:05:53.701+08:00 SET cycle=442 mon=0 img=A hr=0x00000000 dur_ms=2.4
2026-10-02T12:05:53.703+08:00 SET cycle=442 mon=1 img=B hr=0x00000000 dur_ms=2.0
2026-10-02T12:06:03.739+08:00 SET cycle=443 mon=0 img=B hr=0x00000000 dur_ms=1.8
2026-10-02T12:06:03.749+08:00 SET cycle=443 mon=1 img=A hr=0x00000000 dur_ms=1.8
2026-10-02T12:06:13.820+08:00 SET cycle=444 mon=0 img=A hr=0x00000000 dur_ms=2.0
2026-10-02T12:06:13.821+08:00 SET cycle=444 mon=1 img=B hr=0x00000000 dur_ms=1.6
2026-10-02T12:06:23.756+08:00 SET cycle=445 mon=0 img=B hr=0x00000000 dur_ms=1.8
2026-10-02T12:06:23.760+08:00 SET cycle=445 mon=1 img=A hr=0x00000000 dur_ms=2.1
2026-10-02T12:06:33.698+08:00 SET cycle=446 mon=0 img=A hr=0x00000000 dur_ms=2.3
2026-10-02T12:06:33.707+08:00 SET cycle=446 mon=1 img=B hr=0x00000000 dur_ms=1.5
2026-10-02T12:06:43.785+08:00 SET cycle=447 mon=0 img=B hr=0x00000000 dur_ms=2.1
2026-10-02T12:06:43.787+08:00 SET cycle=447 mon=1 img=A hr=0x00000000 dur_ms=1.4
2026-10-02T12:06:53.723+08:00 SET cycle=448 mon=0 img=A hr=0x00000000 dur_ms=2.0
2026-10-02T12:06:53.733+08:00 SET cycle=448 mon=1 img=B hr=0x00000000 dur_ms=1.6
2026-10-02T12:07:03.772+08:00 SET cycle=449 mon=0 img=B hr=0x00000000 dur_ms=1.8
2026-10-02T12:07:03.774+08:00 SET cycle=449 mon=1 img=A hr=0x00000000 dur_ms=1.4
2026-10-02T12:07:13.749+08:00 SET cycle=450 mon=0 img=A hr=0x00000000 dur_ms=1.8
2026-10-02T12:07:13.750+08:00 SET cycle=450 mon=1 img=B hr=0x00000000 dur_ms=1.5
2026-10-02T12:07:23.789+08:00 SET cycle=451 mon=0 img=B hr=0x00000000 dur_ms=1.8
2026-10-02T12:07:23.798+08:00 SET cycle=451 mon=1 img=A hr=0x00000000 dur_ms=1.6
2026-10-02T12:07:33.735+08:00 SET cycle=452 mon=0 img=A hr=0x00000000 dur_ms=1.5
2026-10-02T12:07:33.745+08:00 SET cycle=452 mon=1 img=B hr=0x00000000 dur_ms=1.4
2026-10-02T12:07:43.813+08:00 SET cycle=453 mon=0 img=B hr=0x00000000 dur_ms=1.6
2026-10-02T12:07:43.814+08:00 SET cycle=453 mon=1 img=A hr=0x00000000 dur_ms=1.1
2026-10-02T12:07:53.748+08:00 SET cycle=454 mon=0 img=A hr=0x00000000 dur_ms=1.5
2026-10-02T12:07:53.757+08:00 SET cycle=454 mon=1 img=B hr=0x00000000 dur_ms=1.6
2026-10-02T12:08:03.699+08:00 SET cycle=455 mon=0 img=B hr=0x00000000 dur_ms=2.2
2026-10-02T12:08:03.708+08:00 SET cycle=455 mon=1 img=A hr=0x00000000 dur_ms=2.0
2026-10-02T12:08:13.787+08:00 SET cycle=456 mon=0 img=A hr=0x00000000 dur_ms=1.5
2026-10-02T12:08:13.789+08:00 SET cycle=456 mon=1 img=B hr=0x00000000 dur_ms=1.7
2026-10-02T12:08:23.725+08:00 SET cycle=457 mon=0 img=B hr=0x00000000 dur_ms=2.1
2026-10-02T12:08:23.735+08:00 SET cycle=457 mon=1 img=A hr=0x00000000 dur_ms=2.1
2026-10-02T12:08:33.773+08:00 SET cycle=458 mon=0 img=A hr=0x00000000 dur_ms=2.1
2026-10-02T12:08:33.784+08:00 SET cycle=458 mon=1 img=B hr=0x00000000 dur_ms=2.5
2026-10-02T12:08:43.762+08:00 SET cycle=459 mon=0 img=B hr=0x00000000 dur_ms=2.0
2026-10-02T12:08:43.764+08:00 SET cycle=459 mon=1 img=A hr=0x00000000 dur_ms=1.6
2026-10-02T12:08:53.697+08:00 SET cycle=460 mon=0 img=A hr=0x00000000 dur_ms=2.5
2026-10-02T12:08:53.707+08:00 SET cycle=460 mon=1 img=B hr=0x00000000 dur_ms=2.2
2026-10-02T12:09:03.743+08:00 SET cycle=461 mon=0 img=B hr=0x00000000 dur_ms=1.6
2026-10-02T12:09:03.744+08:00 SET cycle=461 mon=1 img=A hr=0x00000000 dur_ms=1.7
2026-10-02T12:09:13.817+08:00 SET cycle=462 mon=0 img=A hr=0x00000000 dur_ms=2.2
2026-10-02T12:09:13.818+08:00 SET cycle=462 mon=1 img=B hr=0x00000000 dur_ms=1.5
2026-10-02T12:09:23.756+08:00 SET cycle=463 mon=0 img=B hr=0x00000000 dur_ms=1.9
2026-10-02T12:09:23.765+08:00 SET cycle=463 mon=1 img=A hr=0x00000000 dur_ms=1.8
2026-10-02T12:09:33.702+08:00 SET cycle=464 mon=0 img=A hr=0x00000000 dur_ms=1.8
2026-10-02T12:09:33.712+08:00 SET cycle=464 mon=1 img=B hr=0x00000000 dur_ms=1.7
2026-10-02T12:09:43.789+08:00 SET cycle=465 mon=0 img=B hr=0x00000000 dur_ms=1.8
2026-10-02T12:09:43.791+08:00 SET cycle=465 mon=1 img=A hr=0x00000000 dur_ms=1.3
2026-10-02T12:09:53.724+08:00 SET cycle=466 mon=0 img=A hr=0x00000000 dur_ms=1.6
2026-10-02T12:09:53.726+08:00 SET cycle=466 mon=1 img=B hr=0x00000000 dur_ms=1.3
2026-10-02T12:10:03.766+08:00 SET cycle=467 mon=0 img=B hr=0x00000000 dur_ms=2.0
2026-10-02T12:10:03.776+08:00 SET cycle=467 mon=1 img=A hr=0x00000000 dur_ms=2.6
2026-10-02T12:10:13.750+08:00 SET cycle=468 mon=0 img=A hr=0x00000000 dur_ms=2.0
2026-10-02T12:10:13.751+08:00 SET cycle=468 mon=1 img=B hr=0x00000000 dur_ms=1.6
2026-10-02T12:10:23.689+08:00 SET cycle=469 mon=0 img=B hr=0x00000000 dur_ms=1.8
2026-10-02T12:10:23.692+08:00 SET cycle=469 mon=1 img=A hr=0x00000000 dur_ms=1.6
2026-10-02T12:10:33.727+08:00 SET cycle=470 mon=0 img=A hr=0x00000000 dur_ms=2.1
2026-10-02T12:10:33.737+08:00 SET cycle=470 mon=1 img=B hr=0x00000000 dur_ms=1.5
2026-10-02T12:10:43.801+08:00 SET cycle=471 mon=0 img=B hr=0x00000000 dur_ms=1.8
2026-10-02T12:10:43.802+08:00 SET cycle=471 mon=1 img=A hr=0x00000000 dur_ms=1.5
2026-10-02T12:10:53.737+08:00 SET cycle=472 mon=0 img=A hr=0x00000000 dur_ms=1.6
2026-10-02T12:10:53.747+08:00 SET cycle=472 mon=1 img=B hr=0x00000000 dur_ms=1.6
2026-10-02T12:11:03.784+08:00 SET cycle=473 mon=0 img=B hr=0x00000000 dur_ms=1.6
2026-10-02T12:11:03.794+08:00 SET cycle=473 mon=1 img=A hr=0x00000000 dur_ms=1.5
2026-10-02T12:11:13.771+08:00 SET cycle=474 mon=0 img=A hr=0x00000000 dur_ms=1.9
2026-10-02T12:11:13.773+08:00 SET cycle=474 mon=1 img=B hr=0x00000000 dur_ms=1.5
2026-10-02T12:11:23.707+08:00 SET cycle=475 mon=0 img=B hr=0x00000000 dur_ms=2.0
2026-10-02T12:11:23.716+08:00 SET cycle=475 mon=1 img=A hr=0x00000000 dur_ms=2.0
2026-10-02T12:11:33.754+08:00 SET cycle=476 mon=0 img=A hr=0x00000000 dur_ms=1.5
2026-10-02T12:11:33.764+08:00 SET cycle=476 mon=1 img=B hr=0x00000000 dur_ms=1.9
2026-10-02T12:11:43.738+08:00 SET cycle=477 mon=0 img=B hr=0x00000000 dur_ms=2.4
2026-10-02T12:11:43.740+08:00 SET cycle=477 mon=1 img=A hr=0x00000000 dur_ms=1.5
2026-10-02T12:11:53.777+08:00 SET cycle=478 mon=0 img=A hr=0x00000000 dur_ms=1.9
2026-10-02T12:11:53.786+08:00 SET cycle=478 mon=1 img=B hr=0x00000000 dur_ms=1.7
2026-10-02T12:12:03.721+08:00 SET cycle=479 mon=0 img=B hr=0x00000000 dur_ms=1.4
2026-10-02T12:12:03.730+08:00 SET cycle=479 mon=1 img=A hr=0x00000000 dur_ms=1.2
2026-10-02T12:12:13.799+08:00 SET cycle=480 mon=0 img=A hr=0x00000000 dur_ms=1.9
2026-10-02T12:12:13.800+08:00 SET cycle=480 mon=1 img=B hr=0x00000000 dur_ms=1.2
2026-10-02T12:12:23.732+08:00 SET cycle=481 mon=0 img=B hr=0x00000000 dur_ms=1.5
2026-10-02T12:12:23.741+08:00 SET cycle=481 mon=1 img=A hr=0x00000000 dur_ms=1.7
2026-10-02T12:12:33.779+08:00 SET cycle=482 mon=0 img=A hr=0x00000000 dur_ms=1.7
2026-10-02T12:12:33.788+08:00 SET cycle=482 mon=1 img=B hr=0x00000000 dur_ms=1.7
2026-10-02T12:12:43.757+08:00 SET cycle=483 mon=0 img=B hr=0x00000000 dur_ms=1.5
2026-10-02T12:12:43.758+08:00 SET cycle=483 mon=1 img=A hr=0x00000000 dur_ms=1.1
2026-10-02T12:12:53.695+08:00 SET cycle=484 mon=0 img=A hr=0x00000000 dur_ms=1.9
2026-10-02T12:12:53.697+08:00 SET cycle=484 mon=1 img=B hr=0x00000000 dur_ms=1.1
2026-10-02T12:13:03.732+08:00 SET cycle=485 mon=0 img=B hr=0x00000000 dur_ms=1.6
2026-10-02T12:13:03.743+08:00 SET cycle=485 mon=1 img=A hr=0x00000000 dur_ms=1.4
2026-10-02T12:13:13.822+08:00 SET cycle=486 mon=0 img=A hr=0x00000000 dur_ms=1.9
2026-10-02T12:13:13.824+08:00 SET cycle=486 mon=1 img=B hr=0x00000000 dur_ms=1.3
2026-10-02T12:13:23.759+08:00 SET cycle=487 mon=0 img=B hr=0x00000000 dur_ms=1.8
2026-10-02T12:13:23.769+08:00 SET cycle=487 mon=1 img=A hr=0x00000000 dur_ms=1.9
2026-10-02T12:13:33.701+08:00 SET cycle=488 mon=0 img=A hr=0x00000000 dur_ms=1.8
2026-10-02T12:13:33.712+08:00 SET cycle=488 mon=1 img=B hr=0x00000000 dur_ms=1.9
2026-10-02T12:13:43.784+08:00 SET cycle=489 mon=0 img=B hr=0x00000000 dur_ms=2.0
2026-10-02T12:13:43.786+08:00 SET cycle=489 mon=1 img=A hr=0x00000000 dur_ms=1.4
2026-10-02T12:13:53.719+08:00 SET cycle=490 mon=0 img=A hr=0x00000000 dur_ms=1.9
2026-10-02T12:13:53.728+08:00 SET cycle=490 mon=1 img=B hr=0x00000000 dur_ms=1.5
2026-10-02T12:14:03.768+08:00 SET cycle=491 mon=0 img=B hr=0x00000000 dur_ms=2.0
2026-10-02T12:14:03.777+08:00 SET cycle=491 mon=1 img=A hr=0x00000000 dur_ms=1.6
2026-10-02T12:14:13.743+08:00 SET cycle=492 mon=0 img=A hr=0x00000000 dur_ms=2.3
2026-10-02T12:14:13.745+08:00 SET cycle=492 mon=1 img=B hr=0x00000000 dur_ms=1.5
2026-10-02T12:14:23.779+08:00 SET cycle=493 mon=0 img=B hr=0x00000000 dur_ms=1.5
2026-10-02T12:14:23.789+08:00 SET cycle=493 mon=1 img=A hr=0x00000000 dur_ms=1.5
2026-10-02T12:14:33.724+08:00 SET cycle=494 mon=0 img=A hr=0x00000000 dur_ms=2.0
2026-10-02T12:14:33.735+08:00 SET cycle=494 mon=1 img=B hr=0x00000000 dur_ms=1.9
2026-10-02T12:14:43.811+08:00 SET cycle=495 mon=0 img=B hr=0x00000000 dur_ms=1.8
2026-10-02T12:14:43.813+08:00 SET cycle=495 mon=1 img=A hr=0x00000000 dur_ms=1.7
2026-10-02T12:14:53.751+08:00 SET cycle=496 mon=0 img=A hr=0x00000000 dur_ms=1.9
2026-10-02T12:14:53.761+08:00 SET cycle=496 mon=1 img=B hr=0x00000000 dur_ms=2.2
2026-10-02T12:15:03.697+08:00 SET cycle=497 mon=0 img=B hr=0x00000000 dur_ms=1.5
2026-10-02T12:15:03.706+08:00 SET cycle=497 mon=1 img=A hr=0x00000000 dur_ms=1.3
2026-10-02T12:15:13.774+08:00 SET cycle=498 mon=0 img=A hr=0x00000000 dur_ms=2.3
2026-10-02T12:15:13.777+08:00 SET cycle=498 mon=1 img=B hr=0x00000000 dur_ms=1.2
2026-10-02T12:15:23.709+08:00 SET cycle=499 mon=0 img=B hr=0x00000000 dur_ms=1.6
2026-10-02T12:15:23.712+08:00 SET cycle=499 mon=1 img=A hr=0x00000000 dur_ms=1.5
2026-10-02T12:15:33.746+08:00 SET cycle=500 mon=0 img=A hr=0x00000000 dur_ms=1.7
2026-10-02T12:15:33.757+08:00 SET cycle=500 mon=1 img=B hr=0x00000000 dur_ms=2.3
2026-10-02T12:15:43.725+08:00 SET cycle=501 mon=0 img=B hr=0x00000000 dur_ms=1.7
2026-10-02T12:15:43.726+08:00 SET cycle=501 mon=1 img=A hr=0x00000000 dur_ms=1.3
2026-10-02T12:15:53.762+08:00 SET cycle=502 mon=0 img=A hr=0x00000000 dur_ms=2.0
2026-10-02T12:15:53.771+08:00 SET cycle=502 mon=1 img=B hr=0x00000000 dur_ms=1.8
2026-10-02T12:16:03.706+08:00 SET cycle=503 mon=0 img=B hr=0x00000000 dur_ms=1.4
2026-10-02T12:16:03.715+08:00 SET cycle=503 mon=1 img=A hr=0x00000000 dur_ms=1.5
2026-10-02T12:16:13.797+08:00 SET cycle=504 mon=0 img=A hr=0x00000000 dur_ms=1.8
2026-10-02T12:16:13.798+08:00 SET cycle=504 mon=1 img=B hr=0x00000000 dur_ms=1.3
2026-10-02T12:16:23.733+08:00 SET cycle=505 mon=0 img=B hr=0x00000000 dur_ms=1.3
2026-10-02T12:16:23.742+08:00 SET cycle=505 mon=1 img=A hr=0x00000000 dur_ms=1.6
2026-10-02T12:16:33.779+08:00 SET cycle=506 mon=0 img=A hr=0x00000000 dur_ms=1.3
2026-10-02T12:16:33.789+08:00 SET cycle=506 mon=1 img=B hr=0x00000000 dur_ms=1.3
2026-10-02T12:16:43.756+08:00 SET cycle=507 mon=0 img=B hr=0x00000000 dur_ms=1.5
2026-10-02T12:16:43.757+08:00 SET cycle=507 mon=1 img=A hr=0x00000000 dur_ms=0.9
2026-10-02T12:16:53.693+08:00 SET cycle=508 mon=0 img=A hr=0x00000000 dur_ms=1.7
2026-10-02T12:16:53.695+08:00 SET cycle=508 mon=1 img=B hr=0x00000000 dur_ms=1.2
2026-10-02T12:17:03.730+08:00 SET cycle=509 mon=0 img=B hr=0x00000000 dur_ms=1.8
2026-10-02T12:17:03.739+08:00 SET cycle=509 mon=1 img=A hr=0x00000000 dur_ms=1.4
2026-10-02T12:17:13.807+08:00 SET cycle=510 mon=0 img=A hr=0x00000000 dur_ms=1.5
2026-10-02T12:17:13.807+08:00 SET cycle=510 mon=1 img=B hr=0x00000000 dur_ms=1.0
2026-10-02T12:17:23.745+08:00 SET cycle=511 mon=0 img=B hr=0x00000000 dur_ms=1.5
2026-10-02T12:17:23.753+08:00 SET cycle=511 mon=1 img=A hr=0x00000000 dur_ms=1.3
2026-10-02T12:17:33.788+08:00 SET cycle=512 mon=0 img=A hr=0x00000000 dur_ms=1.3
2026-10-02T12:17:33.789+08:00 SET cycle=512 mon=1 img=B hr=0x00000000 dur_ms=0.9
2026-10-02T12:17:43.766+08:00 SET cycle=513 mon=0 img=B hr=0x00000000 dur_ms=1.9
2026-10-02T12:17:43.767+08:00 SET cycle=513 mon=1 img=A hr=0x00000000 dur_ms=1.3
2026-10-02T12:17:53.702+08:00 SET cycle=514 mon=0 img=A hr=0x00000000 dur_ms=2.0
2026-10-02T12:17:53.705+08:00 SET cycle=514 mon=1 img=B hr=0x00000000 dur_ms=2.0
2026-10-02T12:18:03.742+08:00 SET cycle=515 mon=0 img=B hr=0x00000000 dur_ms=2.2
2026-10-02T12:18:03.753+08:00 SET cycle=515 mon=1 img=A hr=0x00000000 dur_ms=1.2
2026-10-02T12:18:13.725+08:00 SET cycle=516 mon=0 img=A hr=0x00000000 dur_ms=1.7
2026-10-02T12:18:13.726+08:00 SET cycle=516 mon=1 img=B hr=0x00000000 dur_ms=1.3
2026-10-02T12:18:23.766+08:00 SET cycle=517 mon=0 img=B hr=0x00000000 dur_ms=1.8
2026-10-02T12:18:23.776+08:00 SET cycle=517 mon=1 img=A hr=0x00000000 dur_ms=1.7
2026-10-02T12:18:33.714+08:00 SET cycle=518 mon=0 img=A hr=0x00000000 dur_ms=2.0
2026-10-02T12:18:33.723+08:00 SET cycle=518 mon=1 img=B hr=0x00000000 dur_ms=1.6
2026-10-02T12:18:43.803+08:00 SET cycle=519 mon=0 img=B hr=0x00000000 dur_ms=1.5
2026-10-02T12:18:43.804+08:00 SET cycle=519 mon=1 img=A hr=0x00000000 dur_ms=1.4
2026-10-02T12:18:53.740+08:00 SET cycle=520 mon=0 img=A hr=0x00000000 dur_ms=1.9
2026-10-02T12:18:53.749+08:00 SET cycle=520 mon=1 img=B hr=0x00000000 dur_ms=1.6
2026-10-02T12:19:03.787+08:00 SET cycle=521 mon=0 img=B hr=0x00000000 dur_ms=1.7
2026-10-02T12:19:03.789+08:00 SET cycle=521 mon=1 img=A hr=0x00000000 dur_ms=1.3
2026-10-02T12:19:13.758+08:00 SET cycle=522 mon=0 img=A hr=0x00000000 dur_ms=2.1
2026-10-02T12:19:13.759+08:00 SET cycle=522 mon=1 img=B hr=0x00000000 dur_ms=1.2
2026-10-02T12:19:23.694+08:00 SET cycle=523 mon=0 img=B hr=0x00000000 dur_ms=1.8
2026-10-02T12:19:23.703+08:00 SET cycle=523 mon=1 img=A hr=0x00000000 dur_ms=1.3
2026-10-02T12:19:33.741+08:00 SET cycle=524 mon=0 img=A hr=0x00000000 dur_ms=2.0
2026-10-02T12:19:33.749+08:00 SET cycle=524 mon=1 img=B hr=0x00000000 dur_ms=1.3
2026-10-02T12:19:43.821+08:00 SET cycle=525 mon=0 img=B hr=0x00000000 dur_ms=1.9
2026-10-02T12:19:43.824+08:00 SET cycle=525 mon=1 img=A hr=0x00000000 dur_ms=1.7
2026-10-02T12:19:53.756+08:00 SET cycle=526 mon=0 img=A hr=0x00000000 dur_ms=1.4
2026-10-02T12:19:53.766+08:00 SET cycle=526 mon=1 img=B hr=0x00000000 dur_ms=1.0
2026-10-02T12:20:03.702+08:00 SET cycle=527 mon=0 img=B hr=0x00000000 dur_ms=2.0
2026-10-02T12:20:03.711+08:00 SET cycle=527 mon=1 img=A hr=0x00000000 dur_ms=1.5
2026-10-02T12:20:13.773+08:00 SET cycle=528 mon=0 img=A hr=0x00000000 dur_ms=1.3
2026-10-02T12:20:13.774+08:00 SET cycle=528 mon=1 img=B hr=0x00000000 dur_ms=1.1
2026-10-02T12:20:23.711+08:00 SET cycle=529 mon=0 img=B hr=0x00000000 dur_ms=2.3
2026-10-02T12:20:23.720+08:00 SET cycle=529 mon=1 img=A hr=0x00000000 dur_ms=1.6
2026-10-02T12:20:33.755+08:00 SET cycle=530 mon=0 img=A hr=0x00000000 dur_ms=1.7
2026-10-02T12:20:33.756+08:00 SET cycle=530 mon=1 img=B hr=0x00000000 dur_ms=1.0
2026-10-02T12:20:43.731+08:00 SET cycle=531 mon=0 img=B hr=0x00000000 dur_ms=1.7
2026-10-02T12:20:43.733+08:00 SET cycle=531 mon=1 img=A hr=0x00000000 dur_ms=1.3
2026-10-02T12:20:53.770+08:00 SET cycle=532 mon=0 img=A hr=0x00000000 dur_ms=2.2
2026-10-02T12:20:53.773+08:00 SET cycle=532 mon=1 img=B hr=0x00000000 dur_ms=1.4
2026-10-02T12:21:03.708+08:00 SET cycle=533 mon=0 img=B hr=0x00000000 dur_ms=1.6
2026-10-02T12:21:03.718+08:00 SET cycle=533 mon=1 img=A hr=0x00000000 dur_ms=2.0
2026-10-02T12:21:13.787+08:00 SET cycle=534 mon=0 img=A hr=0x00000000 dur_ms=2.2
2026-10-02T12:21:13.788+08:00 SET cycle=534 mon=1 img=B hr=0x00000000 dur_ms=1.7
2026-10-02T12:21:23.722+08:00 SET cycle=535 mon=0 img=B hr=0x00000000 dur_ms=1.4
2026-10-02T12:21:23.723+08:00 SET cycle=535 mon=1 img=A hr=0x00000000 dur_ms=1.0
2026-10-02T12:21:33.756+08:00 SET cycle=536 mon=0 img=A hr=0x00000000 dur_ms=2.4
2026-10-02T12:21:33.758+08:00 SET cycle=536 mon=1 img=B hr=0x00000000 dur_ms=1.9
2026-10-02T12:21:43.725+08:00 SET cycle=537 mon=0 img=B hr=0x00000000 dur_ms=1.9
2026-10-02T12:21:43.726+08:00 SET cycle=537 mon=1 img=A hr=0x00000000 dur_ms=1.1
2026-10-02T12:21:53.764+08:00 SET cycle=538 mon=0 img=A hr=0x00000000 dur_ms=2.0
2026-10-02T12:21:53.765+08:00 SET cycle=538 mon=1 img=B hr=0x00000000 dur_ms=1.4
2026-10-02T12:22:03.702+08:00 SET cycle=539 mon=0 img=B hr=0x00000000 dur_ms=1.9
2026-10-02T12:22:03.704+08:00 SET cycle=539 mon=1 img=A hr=0x00000000 dur_ms=1.9
2026-10-02T12:22:13.777+08:00 SET cycle=540 mon=0 img=A hr=0x00000000 dur_ms=2.1
2026-10-02T12:22:13.780+08:00 SET cycle=540 mon=1 img=B hr=0x00000000 dur_ms=1.8
2026-10-02T12:22:23.721+08:00 SET cycle=541 mon=0 img=B hr=0x00000000 dur_ms=2.3
2026-10-02T12:22:23.724+08:00 SET cycle=541 mon=1 img=A hr=0x00000000 dur_ms=1.5
2026-10-02T12:22:33.758+08:00 SET cycle=542 mon=0 img=A hr=0x00000000 dur_ms=1.6
2026-10-02T12:22:33.767+08:00 SET cycle=542 mon=1 img=B hr=0x00000000 dur_ms=1.3
2026-10-02T12:22:43.741+08:00 SET cycle=543 mon=0 img=B hr=0x00000000 dur_ms=1.8
2026-10-02T12:22:43.743+08:00 SET cycle=543 mon=1 img=A hr=0x00000000 dur_ms=1.4
2026-10-02T12:22:53.776+08:00 SET cycle=544 mon=0 img=A hr=0x00000000 dur_ms=1.7
2026-10-02T12:22:53.779+08:00 SET cycle=544 mon=1 img=B hr=0x00000000 dur_ms=1.4
2026-10-02T12:23:03.715+08:00 SET cycle=545 mon=0 img=B hr=0x00000000 dur_ms=1.9
2026-10-02T12:23:03.725+08:00 SET cycle=545 mon=1 img=A hr=0x00000000 dur_ms=2.0
2026-10-02T12:23:13.804+08:00 SET cycle=546 mon=0 img=A hr=0x00000000 dur_ms=1.7
2026-10-02T12:23:13.805+08:00 SET cycle=546 mon=1 img=B hr=0x00000000 dur_ms=1.2
2026-10-02T12:23:23.738+08:00 SET cycle=547 mon=0 img=B hr=0x00000000 dur_ms=1.5
2026-10-02T12:23:23.747+08:00 SET cycle=547 mon=1 img=A hr=0x00000000 dur_ms=1.6
2026-10-02T12:23:33.785+08:00 SET cycle=548 mon=0 img=A hr=0x00000000 dur_ms=2.1
2026-10-02T12:23:33.787+08:00 SET cycle=548 mon=1 img=B hr=0x00000000 dur_ms=1.7
2026-10-02T12:23:43.761+08:00 SET cycle=549 mon=0 img=B hr=0x00000000 dur_ms=1.7
2026-10-02T12:23:43.762+08:00 SET cycle=549 mon=1 img=A hr=0x00000000 dur_ms=1.4
2026-10-02T12:23:53.697+08:00 SET cycle=550 mon=0 img=A hr=0x00000000 dur_ms=2.0
2026-10-02T12:23:53.700+08:00 SET cycle=550 mon=1 img=B hr=0x00000000 dur_ms=1.4
2026-10-02T12:24:03.735+08:00 SET cycle=551 mon=0 img=B hr=0x00000000 dur_ms=1.6
2026-10-02T12:24:03.745+08:00 SET cycle=551 mon=1 img=A hr=0x00000000 dur_ms=1.3
2026-10-02T12:24:13.820+08:00 SET cycle=552 mon=0 img=A hr=0x00000000 dur_ms=1.6
2026-10-02T12:24:13.822+08:00 SET cycle=552 mon=1 img=B hr=0x00000000 dur_ms=1.3
2026-10-02T12:24:23.758+08:00 SET cycle=553 mon=0 img=B hr=0x00000000 dur_ms=1.7
2026-10-02T12:24:23.767+08:00 SET cycle=553 mon=1 img=A hr=0x00000000 dur_ms=1.7
2026-10-02T12:24:33.702+08:00 SET cycle=554 mon=0 img=A hr=0x00000000 dur_ms=1.5
2026-10-02T12:24:33.711+08:00 SET cycle=554 mon=1 img=B hr=0x00000000 dur_ms=1.6
2026-10-02T12:24:43.781+08:00 SET cycle=555 mon=0 img=B hr=0x00000000 dur_ms=2.1
2026-10-02T12:24:43.783+08:00 SET cycle=555 mon=1 img=A hr=0x00000000 dur_ms=1.7
2026-10-02T12:24:53.718+08:00 SET cycle=556 mon=0 img=A hr=0x00000000 dur_ms=1.8
2026-10-02T12:24:53.728+08:00 SET cycle=556 mon=1 img=B hr=0x00000000 dur_ms=1.4
2026-10-02T12:25:03.765+08:00 SET cycle=557 mon=0 img=B hr=0x00000000 dur_ms=1.7
2026-10-02T12:25:03.767+08:00 SET cycle=557 mon=1 img=A hr=0x00000000 dur_ms=1.2
2026-10-02T12:25:13.736+08:00 SET cycle=558 mon=0 img=A hr=0x00000000 dur_ms=1.8
2026-10-02T12:25:13.737+08:00 SET cycle=558 mon=1 img=B hr=0x00000000 dur_ms=1.3
2026-10-02T12:25:23.773+08:00 SET cycle=559 mon=0 img=B hr=0x00000000 dur_ms=1.6
2026-10-02T12:25:23.782+08:00 SET cycle=559 mon=1 img=A hr=0x00000000 dur_ms=1.3
2026-10-02T12:25:33.715+08:00 SET cycle=560 mon=0 img=A hr=0x00000000 dur_ms=1.5
2026-10-02T12:25:33.724+08:00 SET cycle=560 mon=1 img=B hr=0x00000000 dur_ms=1.3
2026-10-02T12:25:43.800+08:00 SET cycle=561 mon=0 img=B hr=0x00000000 dur_ms=1.7
2026-10-02T12:25:43.801+08:00 SET cycle=561 mon=1 img=A hr=0x00000000 dur_ms=1.6
2026-10-02T12:25:53.736+08:00 SET cycle=562 mon=0 img=A hr=0x00000000 dur_ms=1.4
2026-10-02T12:25:53.745+08:00 SET cycle=562 mon=1 img=B hr=0x00000000 dur_ms=1.2
2026-10-02T12:26:03.781+08:00 SET cycle=563 mon=0 img=B hr=0x00000000 dur_ms=2.7
2026-10-02T12:26:03.791+08:00 SET cycle=563 mon=1 img=A hr=0x00000000 dur_ms=1.8
2026-10-02T12:26:13.768+08:00 SET cycle=564 mon=0 img=A hr=0x00000000 dur_ms=1.6
2026-10-02T12:26:13.769+08:00 SET cycle=564 mon=1 img=B hr=0x00000000 dur_ms=1.3
2026-10-02T12:26:23.706+08:00 SET cycle=565 mon=0 img=B hr=0x00000000 dur_ms=1.9
2026-10-02T12:26:23.709+08:00 SET cycle=565 mon=1 img=A hr=0x00000000 dur_ms=1.5
2026-10-02T12:26:33.745+08:00 SET cycle=566 mon=0 img=A hr=0x00000000 dur_ms=1.8
2026-10-02T12:26:33.747+08:00 SET cycle=566 mon=1 img=B hr=0x00000000 dur_ms=1.3
2026-10-02T12:26:43.810+08:00 SET cycle=567 mon=0 img=B hr=0x00000000 dur_ms=2.0
2026-10-02T12:26:43.812+08:00 SET cycle=567 mon=1 img=A hr=0x00000000 dur_ms=1.6
2026-10-02T12:26:53.747+08:00 SET cycle=568 mon=0 img=A hr=0x00000000 dur_ms=1.4
2026-10-02T12:26:53.756+08:00 SET cycle=568 mon=1 img=B hr=0x00000000 dur_ms=1.3
2026-10-02T12:27:03.790+08:00 SET cycle=569 mon=0 img=B hr=0x00000000 dur_ms=1.6
2026-10-02T12:27:03.800+08:00 SET cycle=569 mon=1 img=A hr=0x00000000 dur_ms=1.8
2026-10-02T12:27:13.773+08:00 SET cycle=570 mon=0 img=A hr=0x00000000 dur_ms=1.8
2026-10-02T12:27:13.774+08:00 SET cycle=570 mon=1 img=B hr=0x00000000 dur_ms=1.1
2026-10-02T12:27:23.708+08:00 SET cycle=571 mon=0 img=B hr=0x00000000 dur_ms=2.1
2026-10-02T12:27:23.718+08:00 SET cycle=571 mon=1 img=A hr=0x00000000 dur_ms=1.3
2026-10-02T12:27:33.754+08:00 SET cycle=572 mon=0 img=A hr=0x00000000 dur_ms=1.8
2026-10-02T12:27:33.764+08:00 SET cycle=572 mon=1 img=B hr=0x00000000 dur_ms=1.8
2026-10-02T12:27:43.737+08:00 SET cycle=573 mon=0 img=B hr=0x00000000 dur_ms=1.6
2026-10-02T12:27:43.739+08:00 SET cycle=573 mon=1 img=A hr=0x00000000 dur_ms=1.3
2026-10-02T12:27:53.777+08:00 SET cycle=574 mon=0 img=A hr=0x00000000 dur_ms=1.6
2026-10-02T12:27:53.786+08:00 SET cycle=574 mon=1 img=B hr=0x00000000 dur_ms=1.5
2026-10-02T12:28:03.726+08:00 SET cycle=575 mon=0 img=B hr=0x00000000 dur_ms=2.0
2026-10-02T12:28:03.729+08:00 SET cycle=575 mon=1 img=A hr=0x00000000 dur_ms=2.3
2026-10-02T12:28:13.800+08:00 SET cycle=576 mon=0 img=A hr=0x00000000 dur_ms=1.9
2026-10-02T12:28:13.801+08:00 SET cycle=576 mon=1 img=B hr=0x00000000 dur_ms=1.2
2026-10-02T12:28:23.736+08:00 SET cycle=577 mon=0 img=B hr=0x00000000 dur_ms=1.9
2026-10-02T12:28:23.738+08:00 SET cycle=577 mon=1 img=A hr=0x00000000 dur_ms=1.3
2026-10-02T12:28:33.773+08:00 SET cycle=578 mon=0 img=A hr=0x00000000 dur_ms=1.7
2026-10-02T12:28:33.775+08:00 SET cycle=578 mon=1 img=B hr=0x00000000 dur_ms=1.2
2026-10-02T12:28:43.740+08:00 SET cycle=579 mon=0 img=B hr=0x00000000 dur_ms=1.7
2026-10-02T12:28:43.742+08:00 SET cycle=579 mon=1 img=A hr=0x00000000 dur_ms=1.0
2026-10-02T12:28:53.775+08:00 SET cycle=580 mon=0 img=A hr=0x00000000 dur_ms=1.7
2026-10-02T12:28:53.778+08:00 SET cycle=580 mon=1 img=B hr=0x00000000 dur_ms=1.2
2026-10-02T12:29:03.716+08:00 SET cycle=581 mon=0 img=B hr=0x00000000 dur_ms=1.7
2026-10-02T12:29:03.726+08:00 SET cycle=581 mon=1 img=A hr=0x00000000 dur_ms=1.5
2026-10-02T12:29:13.801+08:00 SET cycle=582 mon=0 img=A hr=0x00000000 dur_ms=1.8
2026-10-02T12:29:13.802+08:00 SET cycle=582 mon=1 img=B hr=0x00000000 dur_ms=1.5
2026-10-02T12:29:23.739+08:00 SET cycle=583 mon=0 img=B hr=0x00000000 dur_ms=1.9
2026-10-02T12:29:23.749+08:00 SET cycle=583 mon=1 img=A hr=0x00000000 dur_ms=1.9
2026-10-02T12:29:33.784+08:00 SET cycle=584 mon=0 img=A hr=0x00000000 dur_ms=1.8
2026-10-02T12:29:33.785+08:00 SET cycle=584 mon=1 img=B hr=0x00000000 dur_ms=1.3
2026-10-02T12:29:43.767+08:00 SET cycle=585 mon=0 img=B hr=0x00000000 dur_ms=1.6
2026-10-02T12:29:43.768+08:00 SET cycle=585 mon=1 img=A hr=0x00000000 dur_ms=1.5
2026-10-02T12:29:53.703+08:00 SET cycle=586 mon=0 img=A hr=0x00000000 dur_ms=1.4
2026-10-02T12:29:53.712+08:00 SET cycle=586 mon=1 img=B hr=0x00000000 dur_ms=1.0
2026-10-02T12:30:03.746+08:00 SET cycle=587 mon=0 img=B hr=0x00000000 dur_ms=1.7
2026-10-02T12:30:03.756+08:00 SET cycle=587 mon=1 img=A hr=0x00000000 dur_ms=2.1
2026-10-02T12:30:13.735+08:00 SET cycle=588 mon=0 img=A hr=0x00000000 dur_ms=2.1
2026-10-02T12:30:13.736+08:00 SET cycle=588 mon=1 img=B hr=0x00000000 dur_ms=1.0
2026-10-02T12:30:23.770+08:00 SET cycle=589 mon=0 img=B hr=0x00000000 dur_ms=1.4
2026-10-02T12:30:23.779+08:00 SET cycle=589 mon=1 img=A hr=0x00000000 dur_ms=1.1
2026-10-02T12:30:33.715+08:00 SET cycle=590 mon=0 img=A hr=0x00000000 dur_ms=1.5
2026-10-02T12:30:33.723+08:00 SET cycle=590 mon=1 img=B hr=0x00000000 dur_ms=1.2
2026-10-02T12:30:43.788+08:00 SET cycle=591 mon=0 img=B hr=0x00000000 dur_ms=1.4
2026-10-02T12:30:43.790+08:00 SET cycle=591 mon=1 img=A hr=0x00000000 dur_ms=1.0
2026-10-02T12:30:53.724+08:00 SET cycle=592 mon=0 img=A hr=0x00000000 dur_ms=1.8
2026-10-02T12:30:53.726+08:00 SET cycle=592 mon=1 img=B hr=0x00000000 dur_ms=1.5
2026-10-02T12:31:03.763+08:00 SET cycle=593 mon=0 img=B hr=0x00000000 dur_ms=1.9
2026-10-02T12:31:03.765+08:00 SET cycle=593 mon=1 img=A hr=0x00000000 dur_ms=1.3
2026-10-02T12:31:13.738+08:00 SET cycle=594 mon=0 img=A hr=0x00000000 dur_ms=1.9
2026-10-02T12:31:13.740+08:00 SET cycle=594 mon=1 img=B hr=0x00000000 dur_ms=1.5
2026-10-02T12:31:23.776+08:00 SET cycle=595 mon=0 img=B hr=0x00000000 dur_ms=1.9
2026-10-02T12:31:23.779+08:00 SET cycle=595 mon=1 img=A hr=0x00000000 dur_ms=1.5
2026-10-02T12:31:33.714+08:00 SET cycle=596 mon=0 img=A hr=0x00000000 dur_ms=2.2
2026-10-02T12:31:33.723+08:00 SET cycle=596 mon=1 img=B hr=0x00000000 dur_ms=1.4
2026-10-02T12:31:43.793+08:00 SET cycle=597 mon=0 img=B hr=0x00000000 dur_ms=2.5
2026-10-02T12:31:43.795+08:00 SET cycle=597 mon=1 img=A hr=0x00000000 dur_ms=1.3
2026-10-02T12:31:53.733+08:00 SET cycle=598 mon=0 img=A hr=0x00000000 dur_ms=1.6
2026-10-02T12:31:53.743+08:00 SET cycle=598 mon=1 img=B hr=0x00000000 dur_ms=1.3
2026-10-02T12:32:03.778+08:00 SET cycle=599 mon=0 img=B hr=0x00000000 dur_ms=2.2
2026-10-02T12:32:03.787+08:00 SET cycle=599 mon=1 img=A hr=0x00000000 dur_ms=1.5
2026-10-02T12:32:13.753+08:00 SET cycle=600 mon=0 img=A hr=0x00000000 dur_ms=2.0
2026-10-02T12:32:13.755+08:00 SET cycle=600 mon=1 img=B hr=0x00000000 dur_ms=1.5
2026-10-02T12:32:23.788+08:00 SET cycle=601 mon=0 img=B hr=0x00000000 dur_ms=1.5
2026-10-02T12:32:23.797+08:00 SET cycle=601 mon=1 img=A hr=0x00000000 dur_ms=1.3
2026-10-02T12:32:33.735+08:00 SET cycle=602 mon=0 img=A hr=0x00000000 dur_ms=1.8
2026-10-02T12:32:33.744+08:00 SET cycle=602 mon=1 img=B hr=0x00000000 dur_ms=1.5
2026-10-02T12:32:43.816+08:00 SET cycle=603 mon=0 img=B hr=0x00000000 dur_ms=1.7
2026-10-02T12:32:43.819+08:00 SET cycle=603 mon=1 img=A hr=0x00000000 dur_ms=1.2
2026-10-02T12:32:53.756+08:00 SET cycle=604 mon=0 img=A hr=0x00000000 dur_ms=1.3
2026-10-02T12:32:53.766+08:00 SET cycle=604 mon=1 img=B hr=0x00000000 dur_ms=1.3
2026-10-02T12:33:03.704+08:00 SET cycle=605 mon=0 img=B hr=0x00000000 dur_ms=1.8
2026-10-02T12:33:03.713+08:00 SET cycle=605 mon=1 img=A hr=0x00000000 dur_ms=1.7
2026-10-02T12:33:13.793+08:00 SET cycle=606 mon=0 img=A hr=0x00000000 dur_ms=2.0
2026-10-02T12:33:13.794+08:00 SET cycle=606 mon=1 img=B hr=0x00000000 dur_ms=1.3
2026-10-02T12:33:23.731+08:00 SET cycle=607 mon=0 img=B hr=0x00000000 dur_ms=1.4
2026-10-02T12:33:23.740+08:00 SET cycle=607 mon=1 img=A hr=0x00000000 dur_ms=1.1
2026-10-02T12:33:33.779+08:00 SET cycle=608 mon=0 img=A hr=0x00000000 dur_ms=2.0
2026-10-02T12:33:33.781+08:00 SET cycle=608 mon=1 img=B hr=0x00000000 dur_ms=1.3
2026-10-02T12:33:43.741+08:00 SET cycle=609 mon=0 img=B hr=0x00000000 dur_ms=1.4
2026-10-02T12:33:43.742+08:00 SET cycle=609 mon=1 img=A hr=0x00000000 dur_ms=1.1
2026-10-02T12:33:53.779+08:00 SET cycle=610 mon=0 img=A hr=0x00000000 dur_ms=1.9
2026-10-02T12:33:53.789+08:00 SET cycle=610 mon=1 img=B hr=0x00000000 dur_ms=1.5
2026-10-02T12:34:03.724+08:00 SET cycle=611 mon=0 img=B hr=0x00000000 dur_ms=1.6
2026-10-02T12:34:03.734+08:00 SET cycle=611 mon=1 img=A hr=0x00000000 dur_ms=1.7
2026-10-02T12:34:13.809+08:00 SET cycle=612 mon=0 img=A hr=0x00000000 dur_ms=1.7
2026-10-02T12:34:13.811+08:00 SET cycle=612 mon=1 img=B hr=0x00000000 dur_ms=1.4
2026-10-02T12:34:23.747+08:00 SET cycle=613 mon=0 img=B hr=0x00000000 dur_ms=1.4
2026-10-02T12:34:23.756+08:00 SET cycle=613 mon=1 img=A hr=0x00000000 dur_ms=1.2
2026-10-02T12:34:33.790+08:00 SET cycle=614 mon=0 img=A hr=0x00000000 dur_ms=2.0
2026-10-02T12:34:33.792+08:00 SET cycle=614 mon=1 img=B hr=0x00000000 dur_ms=1.6
2026-10-02T12:34:43.764+08:00 SET cycle=615 mon=0 img=B hr=0x00000000 dur_ms=1.9
2026-10-02T12:34:43.767+08:00 SET cycle=615 mon=1 img=A hr=0x00000000 dur_ms=1.6
2026-10-02T12:34:53.701+08:00 SET cycle=616 mon=0 img=A hr=0x00000000 dur_ms=1.5
2026-10-02T12:34:53.703+08:00 SET cycle=616 mon=1 img=B hr=0x00000000 dur_ms=1.0
2026-10-02T12:35:03.744+08:00 SET cycle=617 mon=0 img=B hr=0x00000000 dur_ms=2.0
2026-10-02T12:35:03.746+08:00 SET cycle=617 mon=1 img=A hr=0x00000000 dur_ms=1.6
2026-10-02T12:35:13.812+08:00 SET cycle=618 mon=0 img=A hr=0x00000000 dur_ms=1.5
2026-10-02T12:35:13.813+08:00 SET cycle=618 mon=1 img=B hr=0x00000000 dur_ms=0.9
2026-10-02T12:35:23.753+08:00 SET cycle=619 mon=0 img=B hr=0x00000000 dur_ms=1.9
2026-10-02T12:35:23.763+08:00 SET cycle=619 mon=1 img=A hr=0x00000000 dur_ms=1.7
2026-10-02T12:35:33.697+08:00 SET cycle=620 mon=0 img=A hr=0x00000000 dur_ms=1.6
2026-10-02T12:35:33.707+08:00 SET cycle=620 mon=1 img=B hr=0x00000000 dur_ms=1.8
2026-10-02T12:35:43.782+08:00 SET cycle=621 mon=0 img=B hr=0x00000000 dur_ms=1.9
2026-10-02T12:35:43.784+08:00 SET cycle=621 mon=1 img=A hr=0x00000000 dur_ms=1.1
2026-10-02T12:35:53.721+08:00 SET cycle=622 mon=0 img=A hr=0x00000000 dur_ms=1.9
2026-10-02T12:35:53.731+08:00 SET cycle=622 mon=1 img=B hr=0x00000000 dur_ms=1.6
2026-10-02T12:36:03.769+08:00 SET cycle=623 mon=0 img=B hr=0x00000000 dur_ms=1.6
2026-10-02T12:36:03.770+08:00 SET cycle=623 mon=1 img=A hr=0x00000000 dur_ms=1.2
2026-10-02T12:36:13.747+08:00 SET cycle=624 mon=0 img=A hr=0x00000000 dur_ms=1.9
2026-10-02T12:36:13.749+08:00 SET cycle=624 mon=1 img=B hr=0x00000000 dur_ms=1.4
2026-10-02T12:36:23.786+08:00 SET cycle=625 mon=0 img=B hr=0x00000000 dur_ms=1.6
2026-10-02T12:36:23.795+08:00 SET cycle=625 mon=1 img=A hr=0x00000000 dur_ms=1.3
2026-10-02T12:36:33.730+08:00 SET cycle=626 mon=0 img=A hr=0x00000000 dur_ms=1.8
2026-10-02T12:36:33.733+08:00 SET cycle=626 mon=1 img=B hr=0x00000000 dur_ms=1.2
2026-10-02T12:36:43.810+08:00 SET cycle=627 mon=0 img=B hr=0x00000000 dur_ms=2.0
2026-10-02T12:36:43.812+08:00 SET cycle=627 mon=1 img=A hr=0x00000000 dur_ms=1.4
2026-10-02T12:36:53.749+08:00 SET cycle=628 mon=0 img=A hr=0x00000000 dur_ms=1.6
2026-10-02T12:36:53.758+08:00 SET cycle=628 mon=1 img=B hr=0x00000000 dur_ms=1.4
2026-10-02T12:37:03.697+08:00 SET cycle=629 mon=0 img=B hr=0x00000000 dur_ms=1.4
2026-10-02T12:37:03.698+08:00 SET cycle=629 mon=1 img=A hr=0x00000000 dur_ms=1.0
2026-10-02T12:37:13.765+08:00 SET cycle=630 mon=0 img=A hr=0x00000000 dur_ms=1.7
2026-10-02T12:37:13.766+08:00 SET cycle=630 mon=1 img=B hr=0x00000000 dur_ms=1.6
2026-10-02T12:37:23.703+08:00 SET cycle=631 mon=0 img=B hr=0x00000000 dur_ms=1.6
2026-10-02T12:37:23.705+08:00 SET cycle=631 mon=1 img=A hr=0x00000000 dur_ms=1.4
2026-10-02T12:37:33.744+08:00 SET cycle=632 mon=0 img=A hr=0x00000000 dur_ms=2.0
2026-10-02T12:37:33.753+08:00 SET cycle=632 mon=1 img=B hr=0x00000000 dur_ms=1.6
2026-10-02T12:37:43.726+08:00 SET cycle=633 mon=0 img=B hr=0x00000000 dur_ms=1.8
2026-10-02T12:37:43.729+08:00 SET cycle=633 mon=1 img=A hr=0x00000000 dur_ms=1.5
2026-10-02T12:37:53.768+08:00 SET cycle=634 mon=0 img=A hr=0x00000000 dur_ms=2.5
2026-10-02T12:37:53.778+08:00 SET cycle=634 mon=1 img=B hr=0x00000000 dur_ms=2.0
2026-10-02T12:38:03.717+08:00 SET cycle=635 mon=0 img=B hr=0x00000000 dur_ms=2.2
2026-10-02T12:38:03.719+08:00 SET cycle=635 mon=1 img=A hr=0x00000000 dur_ms=1.3
2026-10-02T12:38:13.795+08:00 SET cycle=636 mon=0 img=A hr=0x00000000 dur_ms=1.8
2026-10-02T12:38:13.796+08:00 SET cycle=636 mon=1 img=B hr=0x00000000 dur_ms=1.2
2026-10-02T12:38:23.732+08:00 SET cycle=637 mon=0 img=B hr=0x00000000 dur_ms=1.9
2026-10-02T12:38:23.734+08:00 SET cycle=637 mon=1 img=A hr=0x00000000 dur_ms=1.7
2026-10-02T12:38:33.772+08:00 SET cycle=638 mon=0 img=A hr=0x00000000 dur_ms=1.3
2026-10-02T12:38:33.780+08:00 SET cycle=638 mon=1 img=B hr=0x00000000 dur_ms=1.2
2026-10-02T12:38:43.742+08:00 SET cycle=639 mon=0 img=B hr=0x00000000 dur_ms=1.7
2026-10-02T12:38:43.743+08:00 SET cycle=639 mon=1 img=A hr=0x00000000 dur_ms=1.1
2026-10-02T12:38:53.778+08:00 SET cycle=640 mon=0 img=A hr=0x00000000 dur_ms=1.6
2026-10-02T12:38:53.788+08:00 SET cycle=640 mon=1 img=B hr=0x00000000 dur_ms=2.8
2026-10-02T12:39:03.724+08:00 SET cycle=641 mon=0 img=B hr=0x00000000 dur_ms=1.6
2026-10-02T12:39:03.733+08:00 SET cycle=641 mon=1 img=A hr=0x00000000 dur_ms=1.5
2026-10-02T12:39:13.796+08:00 SET cycle=642 mon=0 img=A hr=0x00000000 dur_ms=1.4
2026-10-02T12:39:13.798+08:00 SET cycle=642 mon=1 img=B hr=0x00000000 dur_ms=1.0
2026-10-02T12:39:23.735+08:00 SET cycle=643 mon=0 img=B hr=0x00000000 dur_ms=2.0
2026-10-02T12:39:23.744+08:00 SET cycle=643 mon=1 img=A hr=0x00000000 dur_ms=1.3
2026-10-02T12:39:33.779+08:00 SET cycle=644 mon=0 img=A hr=0x00000000 dur_ms=1.9
2026-10-02T12:39:33.789+08:00 SET cycle=644 mon=1 img=B hr=0x00000000 dur_ms=1.8
2026-10-02T12:39:43.775+08:00 SET cycle=645 mon=0 img=B hr=0x00000000 dur_ms=9.4
2026-10-02T12:39:43.777+08:00 SET cycle=645 mon=1 img=A hr=0x00000000 dur_ms=1.8
2026-10-02T12:39:53.716+08:00 SET cycle=646 mon=0 img=A hr=0x00000000 dur_ms=2.2
2026-10-02T12:39:53.724+08:00 SET cycle=646 mon=1 img=B hr=0x00000000 dur_ms=1.5
2026-10-02T12:40:03.764+08:00 SET cycle=647 mon=0 img=B hr=0x00000000 dur_ms=2.2
2026-10-02T12:40:03.767+08:00 SET cycle=647 mon=1 img=A hr=0x00000000 dur_ms=1.4
2026-10-02T12:40:13.728+08:00 SET cycle=648 mon=0 img=A hr=0x00000000 dur_ms=1.6
2026-10-02T12:40:13.728+08:00 SET cycle=648 mon=1 img=B hr=0x00000000 dur_ms=1.0
2026-10-02T12:40:23.769+08:00 SET cycle=649 mon=0 img=B hr=0x00000000 dur_ms=1.8
2026-10-02T12:40:23.778+08:00 SET cycle=649 mon=1 img=A hr=0x00000000 dur_ms=1.4
2026-10-02T12:40:33.716+08:00 SET cycle=650 mon=0 img=A hr=0x00000000 dur_ms=2.3
2026-10-02T12:40:33.725+08:00 SET cycle=650 mon=1 img=B hr=0x00000000 dur_ms=1.4
2026-10-02T12:40:43.811+08:00 SET cycle=651 mon=0 img=B hr=0x00000000 dur_ms=7.7
2026-10-02T12:40:43.813+08:00 SET cycle=651 mon=1 img=A hr=0x00000000 dur_ms=1.7
2026-10-02T12:40:53.753+08:00 SET cycle=652 mon=0 img=A hr=0x00000000 dur_ms=1.7
2026-10-02T12:40:53.763+08:00 SET cycle=652 mon=1 img=B hr=0x00000000 dur_ms=1.4
2026-10-02T12:41:03.703+08:00 SET cycle=653 mon=0 img=B hr=0x00000000 dur_ms=1.9
2026-10-02T12:41:03.712+08:00 SET cycle=653 mon=1 img=A hr=0x00000000 dur_ms=1.6
2026-10-02T12:41:13.780+08:00 SET cycle=654 mon=0 img=A hr=0x00000000 dur_ms=1.4
2026-10-02T12:41:13.782+08:00 SET cycle=654 mon=1 img=B hr=0x00000000 dur_ms=1.0
2026-10-02T12:41:23.721+08:00 SET cycle=655 mon=0 img=B hr=0x00000000 dur_ms=1.8
2026-10-02T12:41:23.731+08:00 SET cycle=655 mon=1 img=A hr=0x00000000 dur_ms=2.0
2026-10-02T12:41:33.772+08:00 SET cycle=656 mon=0 img=A hr=0x00000000 dur_ms=1.7
2026-10-02T12:41:33.780+08:00 SET cycle=656 mon=1 img=B hr=0x00000000 dur_ms=1.0
2026-10-02T12:41:43.747+08:00 SET cycle=657 mon=0 img=B hr=0x00000000 dur_ms=2.1
2026-10-02T12:41:43.750+08:00 SET cycle=657 mon=1 img=A hr=0x00000000 dur_ms=1.5
2026-10-02T12:41:53.788+08:00 SET cycle=658 mon=0 img=A hr=0x00000000 dur_ms=1.8
2026-10-02T12:41:53.798+08:00 SET cycle=658 mon=1 img=B hr=0x00000000 dur_ms=1.3
2026-10-02T12:42:03.735+08:00 SET cycle=659 mon=0 img=B hr=0x00000000 dur_ms=1.9
2026-10-02T12:42:03.745+08:00 SET cycle=659 mon=1 img=A hr=0x00000000 dur_ms=1.6
2026-10-02T12:42:13.813+08:00 SET cycle=660 mon=0 img=A hr=0x00000000 dur_ms=1.5
2026-10-02T12:42:13.814+08:00 SET cycle=660 mon=1 img=B hr=0x00000000 dur_ms=1.0
2026-10-02T12:42:23.752+08:00 SET cycle=661 mon=0 img=B hr=0x00000000 dur_ms=2.4
2026-10-02T12:42:23.762+08:00 SET cycle=661 mon=1 img=A hr=0x00000000 dur_ms=1.7
2026-10-02T12:42:33.700+08:00 SET cycle=662 mon=0 img=A hr=0x00000000 dur_ms=2.2
2026-10-02T12:42:33.709+08:00 SET cycle=662 mon=1 img=B hr=0x00000000 dur_ms=1.6
2026-10-02T12:42:43.786+08:00 SET cycle=663 mon=0 img=B hr=0x00000000 dur_ms=1.8
2026-10-02T12:42:43.788+08:00 SET cycle=663 mon=1 img=A hr=0x00000000 dur_ms=1.4
2026-10-02T12:42:53.725+08:00 SET cycle=664 mon=0 img=A hr=0x00000000 dur_ms=1.8
2026-10-02T12:42:53.735+08:00 SET cycle=664 mon=1 img=B hr=0x00000000 dur_ms=1.4
2026-10-02T12:43:03.771+08:00 SET cycle=665 mon=0 img=B hr=0x00000000 dur_ms=1.3
2026-10-02T12:43:03.780+08:00 SET cycle=665 mon=1 img=A hr=0x00000000 dur_ms=1.0
2026-10-02T12:43:13.752+08:00 SET cycle=666 mon=0 img=A hr=0x00000000 dur_ms=1.5
2026-10-02T12:43:13.754+08:00 SET cycle=666 mon=1 img=B hr=0x00000000 dur_ms=1.1
2026-10-02T12:43:23.791+08:00 SET cycle=667 mon=0 img=B hr=0x00000000 dur_ms=1.6
2026-10-02T12:43:23.793+08:00 SET cycle=667 mon=1 img=A hr=0x00000000 dur_ms=1.5
2026-10-02T12:43:33.731+08:00 SET cycle=668 mon=0 img=A hr=0x00000000 dur_ms=1.9
2026-10-02T12:43:33.733+08:00 SET cycle=668 mon=1 img=B hr=0x00000000 dur_ms=1.8
2026-10-02T12:43:43.812+08:00 SET cycle=669 mon=0 img=B hr=0x00000000 dur_ms=1.3
2026-10-02T12:43:43.814+08:00 SET cycle=669 mon=1 img=A hr=0x00000000 dur_ms=1.3
2026-10-02T12:43:53.750+08:00 SET cycle=670 mon=0 img=A hr=0x00000000 dur_ms=1.6
2026-10-02T12:43:53.759+08:00 SET cycle=670 mon=1 img=B hr=0x00000000 dur_ms=1.2
2026-10-02T12:44:03.792+08:00 SET cycle=671 mon=0 img=B hr=0x00000000 dur_ms=1.2
2026-10-02T12:44:03.801+08:00 SET cycle=671 mon=1 img=A hr=0x00000000 dur_ms=1.3
2026-10-02T12:44:13.777+08:00 SET cycle=672 mon=0 img=A hr=0x00000000 dur_ms=1.8
2026-10-02T12:44:13.778+08:00 SET cycle=672 mon=1 img=B hr=0x00000000 dur_ms=1.1
2026-10-02T12:44:23.712+08:00 SET cycle=673 mon=0 img=B hr=0x00000000 dur_ms=1.4
2026-10-02T12:44:23.721+08:00 SET cycle=673 mon=1 img=A hr=0x00000000 dur_ms=1.1
2026-10-02T12:44:33.754+08:00 SET cycle=674 mon=0 img=A hr=0x00000000 dur_ms=1.8
2026-10-02T12:44:33.764+08:00 SET cycle=674 mon=1 img=B hr=0x00000000 dur_ms=1.8
2026-10-02T12:44:43.740+08:00 SET cycle=675 mon=0 img=B hr=0x00000000 dur_ms=1.6
2026-10-02T12:44:43.742+08:00 SET cycle=675 mon=1 img=A hr=0x00000000 dur_ms=1.8
2026-10-02T12:44:53.780+08:00 SET cycle=676 mon=0 img=A hr=0x00000000 dur_ms=2.0
2026-10-02T12:44:53.789+08:00 SET cycle=676 mon=1 img=B hr=0x00000000 dur_ms=1.4
2026-10-02T12:45:03.724+08:00 SET cycle=677 mon=0 img=B hr=0x00000000 dur_ms=2.2
2026-10-02T12:45:03.727+08:00 SET cycle=677 mon=1 img=A hr=0x00000000 dur_ms=1.6
2026-10-02T12:45:13.793+08:00 SET cycle=678 mon=0 img=A hr=0x00000000 dur_ms=1.9
2026-10-02T12:45:13.795+08:00 SET cycle=678 mon=1 img=B hr=0x00000000 dur_ms=1.4
2026-10-02T12:45:23.729+08:00 SET cycle=679 mon=0 img=B hr=0x00000000 dur_ms=1.8
2026-10-02T12:45:23.731+08:00 SET cycle=679 mon=1 img=A hr=0x00000000 dur_ms=1.7
2026-10-02T12:45:33.764+08:00 SET cycle=680 mon=0 img=A hr=0x00000000 dur_ms=1.6
2026-10-02T12:45:33.765+08:00 SET cycle=680 mon=1 img=B hr=0x00000000 dur_ms=1.2
2026-10-02T12:45:43.736+08:00 SET cycle=681 mon=0 img=B hr=0x00000000 dur_ms=1.8
2026-10-02T12:45:43.737+08:00 SET cycle=681 mon=1 img=A hr=0x00000000 dur_ms=1.5
2026-10-02T12:45:53.781+08:00 SET cycle=682 mon=0 img=A hr=0x00000000 dur_ms=2.3
2026-10-02T12:45:53.789+08:00 SET cycle=682 mon=1 img=B hr=0x00000000 dur_ms=1.3
2026-10-02T12:46:03.724+08:00 SET cycle=683 mon=0 img=B hr=0x00000000 dur_ms=1.5
2026-10-02T12:46:03.725+08:00 SET cycle=683 mon=1 img=A hr=0x00000000 dur_ms=1.3
2026-10-02T12:46:13.786+08:00 SET cycle=684 mon=0 img=A hr=0x00000000 dur_ms=1.3
2026-10-02T12:46:13.788+08:00 SET cycle=684 mon=1 img=B hr=0x00000000 dur_ms=1.2
2026-10-02T12:46:23.724+08:00 SET cycle=685 mon=0 img=B hr=0x00000000 dur_ms=2.1
2026-10-02T12:46:23.734+08:00 SET cycle=685 mon=1 img=A hr=0x00000000 dur_ms=1.5
2026-10-02T12:46:33.768+08:00 SET cycle=686 mon=0 img=A hr=0x00000000 dur_ms=1.9
2026-10-02T12:46:33.777+08:00 SET cycle=686 mon=1 img=B hr=0x00000000 dur_ms=1.5
2026-10-02T12:46:43.746+08:00 SET cycle=687 mon=0 img=B hr=0x00000000 dur_ms=1.6
2026-10-02T12:46:43.746+08:00 SET cycle=687 mon=1 img=A hr=0x00000000 dur_ms=1.2
2026-10-02T12:46:53.786+08:00 SET cycle=688 mon=0 img=A hr=0x00000000 dur_ms=2.6
2026-10-02T12:46:53.794+08:00 SET cycle=688 mon=1 img=B hr=0x00000000 dur_ms=1.2
2026-10-02T12:47:03.734+08:00 SET cycle=689 mon=0 img=B hr=0x00000000 dur_ms=1.6
2026-10-02T12:47:03.736+08:00 SET cycle=689 mon=1 img=A hr=0x00000000 dur_ms=1.2
2026-10-02T12:47:13.804+08:00 SET cycle=690 mon=0 img=A hr=0x00000000 dur_ms=1.6
2026-10-02T12:47:13.806+08:00 SET cycle=690 mon=1 img=B hr=0x00000000 dur_ms=1.2
2026-10-02T12:47:23.742+08:00 SET cycle=691 mon=0 img=B hr=0x00000000 dur_ms=1.7
2026-10-02T12:47:23.743+08:00 SET cycle=691 mon=1 img=A hr=0x00000000 dur_ms=1.1
2026-10-02T12:47:33.779+08:00 SET cycle=692 mon=0 img=A hr=0x00000000 dur_ms=2.2
2026-10-02T12:47:33.789+08:00 SET cycle=692 mon=1 img=B hr=0x00000000 dur_ms=2.1
2026-10-02T12:47:43.760+08:00 SET cycle=693 mon=0 img=B hr=0x00000000 dur_ms=1.6
2026-10-02T12:47:43.762+08:00 SET cycle=693 mon=1 img=A hr=0x00000000 dur_ms=1.6
2026-10-02T12:47:53.697+08:00 SET cycle=694 mon=0 img=A hr=0x00000000 dur_ms=1.8
2026-10-02T12:47:53.706+08:00 SET cycle=694 mon=1 img=B hr=0x00000000 dur_ms=1.3
2026-10-02T12:48:03.743+08:00 SET cycle=695 mon=0 img=B hr=0x00000000 dur_ms=1.5
2026-10-02T12:48:03.753+08:00 SET cycle=695 mon=1 img=A hr=0x00000000 dur_ms=1.7
2026-10-02T12:48:13.820+08:00 SET cycle=696 mon=0 img=A hr=0x00000000 dur_ms=1.7
2026-10-02T12:48:13.823+08:00 SET cycle=696 mon=1 img=B hr=0x00000000 dur_ms=1.5
2026-10-02T12:48:23.757+08:00 SET cycle=697 mon=0 img=B hr=0x00000000 dur_ms=1.7
2026-10-02T12:48:23.759+08:00 SET cycle=697 mon=1 img=A hr=0x00000000 dur_ms=1.4
2026-10-02T12:48:33.695+08:00 SET cycle=698 mon=0 img=A hr=0x00000000 dur_ms=1.6
2026-10-02T12:48:33.703+08:00 SET cycle=698 mon=1 img=B hr=0x00000000 dur_ms=1.3
2026-10-02T12:48:43.772+08:00 SET cycle=699 mon=0 img=B hr=0x00000000 dur_ms=1.7
2026-10-02T12:48:43.773+08:00 SET cycle=699 mon=1 img=A hr=0x00000000 dur_ms=1.1
2026-10-02T12:48:53.710+08:00 SET cycle=700 mon=0 img=A hr=0x00000000 dur_ms=1.7
2026-10-02T12:48:53.718+08:00 SET cycle=700 mon=1 img=B hr=0x00000000 dur_ms=1.4
2026-10-02T12:49:03.753+08:00 SET cycle=701 mon=0 img=B hr=0x00000000 dur_ms=2.0
2026-10-02T12:49:03.763+08:00 SET cycle=701 mon=1 img=A hr=0x00000000 dur_ms=1.6
2026-10-02T12:49:13.835+08:00 SET cycle=702 mon=0 img=A hr=0x00000000 dur_ms=1.4
2026-10-02T12:49:13.837+08:00 SET cycle=702 mon=1 img=B hr=0x00000000 dur_ms=1.0
2026-10-02T12:49:23.772+08:00 SET cycle=703 mon=0 img=B hr=0x00000000 dur_ms=2.2
2026-10-02T12:49:23.781+08:00 SET cycle=703 mon=1 img=A hr=0x00000000 dur_ms=2.0
2026-10-02T12:49:33.714+08:00 SET cycle=704 mon=0 img=A hr=0x00000000 dur_ms=1.6
2026-10-02T12:49:33.716+08:00 SET cycle=704 mon=1 img=B hr=0x00000000 dur_ms=1.3
2026-10-02T12:49:43.788+08:00 SET cycle=705 mon=0 img=B hr=0x00000000 dur_ms=1.7
2026-10-02T12:49:43.789+08:00 SET cycle=705 mon=1 img=A hr=0x00000000 dur_ms=1.4
2026-10-02T12:49:53.724+08:00 SET cycle=706 mon=0 img=A hr=0x00000000 dur_ms=1.7
2026-10-02T12:49:53.732+08:00 SET cycle=706 mon=1 img=B hr=0x00000000 dur_ms=1.3
2026-10-02T12:50:03.766+08:00 SET cycle=707 mon=0 img=B hr=0x00000000 dur_ms=2.6
2026-10-02T12:50:03.776+08:00 SET cycle=707 mon=1 img=A hr=0x00000000 dur_ms=2.1
2026-10-02T12:50:13.745+08:00 SET cycle=708 mon=0 img=A hr=0x00000000 dur_ms=1.5
2026-10-02T12:50:13.745+08:00 SET cycle=708 mon=1 img=B hr=0x00000000 dur_ms=1.2
2026-10-02T12:50:23.782+08:00 SET cycle=709 mon=0 img=B hr=0x00000000 dur_ms=1.9
2026-10-02T12:50:23.792+08:00 SET cycle=709 mon=1 img=A hr=0x00000000 dur_ms=1.4
2026-10-02T12:50:33.727+08:00 SET cycle=710 mon=0 img=A hr=0x00000000 dur_ms=2.1
2026-10-02T12:50:33.728+08:00 SET cycle=710 mon=1 img=B hr=0x00000000 dur_ms=1.2
2026-10-02T12:50:43.805+08:00 SET cycle=711 mon=0 img=B hr=0x00000000 dur_ms=1.5
2026-10-02T12:50:43.806+08:00 SET cycle=711 mon=1 img=A hr=0x00000000 dur_ms=1.0
2026-10-02T12:50:53.737+08:00 SET cycle=712 mon=0 img=A hr=0x00000000 dur_ms=1.8
2026-10-02T12:50:53.746+08:00 SET cycle=712 mon=1 img=B hr=0x00000000 dur_ms=1.4
2026-10-02T12:51:03.783+08:00 SET cycle=713 mon=0 img=B hr=0x00000000 dur_ms=2.6
2026-10-02T12:51:03.792+08:00 SET cycle=713 mon=1 img=A hr=0x00000000 dur_ms=1.9
2026-10-02T12:51:13.762+08:00 SET cycle=714 mon=0 img=A hr=0x00000000 dur_ms=1.7
2026-10-02T12:51:13.763+08:00 SET cycle=714 mon=1 img=B hr=0x00000000 dur_ms=1.2
2026-10-02T12:51:23.697+08:00 SET cycle=715 mon=0 img=B hr=0x00000000 dur_ms=1.6
2026-10-02T12:51:23.707+08:00 SET cycle=715 mon=1 img=A hr=0x00000000 dur_ms=1.3
2026-10-02T12:51:33.743+08:00 SET cycle=716 mon=0 img=A hr=0x00000000 dur_ms=3.0
2026-10-02T12:51:33.746+08:00 SET cycle=716 mon=1 img=B hr=0x00000000 dur_ms=1.9
2026-10-02T12:51:43.809+08:00 SET cycle=717 mon=0 img=B hr=0x00000000 dur_ms=1.6
2026-10-02T12:51:43.811+08:00 SET cycle=717 mon=1 img=A hr=0x00000000 dur_ms=1.4
2026-10-02T12:51:53.749+08:00 SET cycle=718 mon=0 img=A hr=0x00000000 dur_ms=1.7
2026-10-02T12:51:53.758+08:00 SET cycle=718 mon=1 img=B hr=0x00000000 dur_ms=1.2
2026-10-02T12:52:03.792+08:00 SET cycle=719 mon=0 img=B hr=0x00000000 dur_ms=1.8
2026-10-02T12:52:03.794+08:00 SET cycle=719 mon=1 img=A hr=0x00000000 dur_ms=1.6
2026-10-02T12:52:13.726+08:00 PHASE -> cooldown (elapsed 7800.0s)
2026-10-02T13:02:14.487+08:00 RESTORE 還原桌布（以下為還原過程記錄；還原已先於本行執行）
2026-10-02T13:02:14.494+08:00 RESTORE-SET SetWallpaper(\\?\DISPLAY#BOE0CDF#4&102fce2&0&UID8388688#{e6f07b5f-ee97-4a90-b076-33f57bf4eaa7}) -> C:\Windows\asus\wallpapers\asus.jpg : OK
2026-10-02T13:02:14.494+08:00 RESTORE-SET SetWallpaper(\\?\DISPLAY#AUSAA34#5&1091fafa&0&UID4356#{e6f07b5f-ee97-4a90-b076-33f57bf4eaa7}) -> C:\Windows\asus\wallpapers\asus.jpg : OK
2026-10-02T13:02:14.494+08:00 RESTORE-REG 登錄 Wallpaper 與備份不同（現在=Some("%APPDATA%\\Microsoft\\Windows\\Themes\\TranscodedWallpaper") 備份="c:\\windows\\asus\\wallpapers\\asus.jpg"），直接寫回：OK
2026-10-02T13:02:14.494+08:00 READBACK MATCH monitor \\?\DISPLAY#BOE0CDF#4&102fce2&0&UID8388688#{e6f07b5f-ee97-4a90-b076-33f57bf4eaa7} want=Some("C:\\Windows\\asus\\wallpapers\\asus.jpg") got=Some("C:\\Windows\\asus\\wallpapers\\asus.jpg")
2026-10-02T13:02:14.494+08:00 READBACK MATCH monitor \\?\DISPLAY#AUSAA34#5&1091fafa&0&UID4356#{e6f07b5f-ee97-4a90-b076-33f57bf4eaa7} want=Some("C:\\Windows\\asus\\wallpapers\\asus.jpg") got=Some("C:\\Windows\\asus\\wallpapers\\asus.jpg")
2026-10-02T13:02:14.494+08:00 READBACK MATCH position want=Some(4) got=Some(4)
2026-10-02T13:02:14.494+08:00 READBACK MATCH background_color want=Some(0) got=Some(0)
2026-10-02T13:02:14.494+08:00 READBACK MATCH HKCU\Control Panel\Desktop\Wallpaper want=Some("c:\\windows\\asus\\wallpapers\\asus.jpg") got=Some("c:\\windows\\asus\\wallpapers\\asus.jpg")
2026-10-02T13:02:14.494+08:00 READBACK MATCH HKCU\Control Panel\Desktop\WallpaperStyle want=Some("10") got=Some("10")
2026-10-02T13:02:14.496+08:00 READBACK MATCH HKCU\Control Panel\Desktop\TileWallpaper want=Some("0") got=Some("0")
2026-10-02T13:02:14.496+08:00 RESTORE 讀回結論：全部一致（備份 JSON：%LOCALAPPDATA%\fc-probe-wallpaper\backup-20261002-104213.json）
2026-10-02T13:02:17.996+08:00 TREND 趨勢摘要（僅供參考；是否累積由人讀 CSV 判斷。斜率＝設桌布階段內最小平方法，單位每小時）
2026-10-02T13:02:18.003+08:00 TREND exp_ws_bytes: baseline_mean=340773888.0 setting_slope_per_hour=2709890.5 cooldown_mean=334227163.4 (samples base/set/cool=20/240/21)
2026-10-02T13:02:18.003+08:00 TREND exp_private_bytes: baseline_mean=377683353.6 setting_slope_per_hour=2149781.3 cooldown_mean=370405181.0 (samples base/set/cool=20/240/21)
2026-10-02T13:02:18.003+08:00 TREND exp_handles: baseline_mean=4073.6 setting_slope_per_hour=115.5 cooldown_mean=4232.0 (samples base/set/cool=20/240/21)
2026-10-02T13:02:18.005+08:00 TREND exp_gdi: baseline_mean=351.1 setting_slope_per_hour=136.7 cooldown_mean=595.0 (samples base/set/cool=20/240/21)
2026-10-02T13:02:18.005+08:00 TREND exp_user: baseline_mean=361.1 setting_slope_per_hour=66.7 cooldown_mean=481.3 (samples base/set/cool=20/240/21)
2026-10-02T13:02:18.005+08:00 TREND self_ws_bytes: baseline_mean=15225856.0 setting_slope_per_hour=328823.4 cooldown_mean=16270677.3 (samples base/set/cool=20/240/21)
2026-10-02T13:02:18.005+08:00 TREND self_private_bytes: baseline_mean=1614848.0 setting_slope_per_hour=232360.2 cooldown_mean=2378605.7 (samples base/set/cool=20/240/21)
2026-10-02T13:02:18.005+08:00 TREND self_handles: baseline_mean=158.8 setting_slope_per_hour=0.0 cooldown_mean=156.4 (samples base/set/cool=20/240/21)
2026-10-02T13:02:18.005+08:00 TREND self_gdi: baseline_mean=0.0 setting_slope_per_hour=0.0 cooldown_mean=0.0 (samples base/set/cool=20/240/21)
2026-10-02T13:02:18.005+08:00 TREND self_user: baseline_mean=5.2 setting_slope_per_hour=0.0 cooldown_mean=5.0 (samples base/set/cool=20/240/21)
2026-10-02T13:02:18.005+08:00 DONE 設桌布成功 1440 次、失敗 0 次；週期 720 個；取樣 281 列；探針共收到 6 則訊息；explorer 重啟觀察 0 次、IDesktopWallpaper 重建 0 次
