2026-10-02T10:42:13.674+08:00 START dw-1.2 隱藏頂層視窗訊息計數（tag=full，視窗 3s）；與 dw-1.1-full.log 的 SET 行時間戳可交叉對照。注意：CYCLE／OUTSIDE 行是視窗期結束後才寫檔，行首時間戳為寫檔時間，事件時間看 start=／t+ 欄位
2026-10-02T10:42:13.677+08:00 SINK 隱藏頂層視窗已建立（非 message-only），訊息迴圈執行緒運行中
2026-10-02T10:42:15.811+08:00 CONTROL 已廣播對照訊息 WM_SETTINGCHANGE lParam="fc-probe-control"（SendMessageTimeout 回傳 1，耗時 106ms）；之後應在下方出現一筆 OUTSIDE ... text="fc-probe-control"，沒有就代表隱藏視窗收不到廣播
2026-10-02T10:52:16.760+08:00 OUTSIDE phase=baseline t+2.070s WM_SETTINGCHANGE wParam=0x0 lParam=0xEABFCFF7D8 text="fc-probe-control"
2026-10-02T10:52:16.760+08:00 CYCLE n=0 label=set start=2026-10-02T10:52:13.746+08:00 sets=[mon0=A@+0.7ms/1.7ms/hr=0x00000000 mon1=B@+2.5ms/1.1ms/hr=0x00000000] window_ms=3004 total=0 WM_SETTINGCHANGE=0 WM_DISPLAYCHANGE=0 WM_THEMECHANGED=0 WM_DWMCOLORIZATIONCOLORCHANGED=0 WM_SYSCOLORCHANGE=0 other=0
2026-10-02T10:52:26.703+08:00 CYCLE n=1 label=set start=2026-10-02T10:52:23.687+08:00 sets=[mon0=B@+1.0ms/2.0ms/hr=0x00000000 mon1=A@+3.5ms/1.5ms/hr=0x00000000] window_ms=3005 total=0 WM_SETTINGCHANGE=0 WM_DISPLAYCHANGE=0 WM_THEMECHANGED=0 WM_DWMCOLORIZATIONCOLORCHANGED=0 WM_SYSCOLORCHANGE=0 other=0
2026-10-02T10:52:36.753+08:00 CYCLE n=2 label=set start=2026-10-02T10:52:33.729+08:00 sets=[mon0=A@+1.0ms/1.5ms/hr=0x00000000 mon1=B@+10.5ms/2.3ms/hr=0x00000000] window_ms=3013 total=0 WM_SETTINGCHANGE=0 WM_DISPLAYCHANGE=0 WM_THEMECHANGED=0 WM_DWMCOLORIZATIONCOLORCHANGED=0 WM_SYSCOLORCHANGE=0 other=0
2026-10-02T10:52:46.728+08:00 CYCLE n=3 label=set start=2026-10-02T10:52:43.714+08:00 sets=[mon0=B@+0.4ms/1.3ms/hr=0x00000000 mon1=A@+1.9ms/1.4ms/hr=0x00000000] window_ms=3003 total=0 WM_SETTINGCHANGE=0 WM_DISPLAYCHANGE=0 WM_THEMECHANGED=0 WM_DWMCOLORIZATIONCOLORCHANGED=0 WM_SYSCOLORCHANGE=0 other=0
2026-10-02T10:52:56.778+08:00 CYCLE n=4 label=set start=2026-10-02T10:52:53.755+08:00 sets=[mon0=A@+0.6ms/1.6ms/hr=0x00000000 mon1=B@+9.9ms/1.5ms/hr=0x00000000] window_ms=3012 total=0 WM_SETTINGCHANGE=0 WM_DISPLAYCHANGE=0 WM_THEMECHANGED=0 WM_DWMCOLORIZATIONCOLORCHANGED=0 WM_SYSCOLORCHANGE=0 other=0
2026-10-02T10:53:06.728+08:00 CYCLE n=5 label=set start=2026-10-02T10:53:03.703+08:00 sets=[mon0=B@+1.2ms/2.2ms/hr=0x00000000 mon1=A@+11.6ms/2.0ms/hr=0x00000000] window_ms=3014 total=0 WM_SETTINGCHANGE=0 WM_DISPLAYCHANGE=0 WM_THEMECHANGED=0 WM_DWMCOLORIZATIONCOLORCHANGED=0 WM_SYSCOLORCHANGE=0 other=0
2026-10-02T10:53:16.801+08:00 CYCLE n=6 label=set start=2026-10-02T10:53:13.788+08:00 sets=[mon0=A@+0.5ms/1.9ms/hr=0x00000000 mon1=B@+2.7ms/1.5ms/hr=0x00000000] window_ms=3004 total=0 WM_SETTINGCHANGE=0 WM_DISPLAYCHANGE=0 WM_THEMECHANGED=0 WM_DWMCOLORIZATIONCOLORCHANGED=0 WM_SYSCOLORCHANGE=0 other=0
2026-10-02T10:53:26.747+08:00 CYCLE n=7 label=set start=2026-10-02T10:53:23.727+08:00 sets=[mon0=B@+0.5ms/1.2ms/hr=0x00000000 mon1=A@+8.2ms/1.8ms/hr=0x00000000] window_ms=3010 total=0 WM_SETTINGCHANGE=0 WM_DISPLAYCHANGE=0 WM_THEMECHANGED=0 WM_DWMCOLORIZATIONCOLORCHANGED=0 WM_SYSCOLORCHANGE=0 other=0
2026-10-02T10:53:36.795+08:00 CYCLE n=8 label=set start=2026-10-02T10:53:33.772+08:00 sets=[mon0=A@+0.5ms/1.5ms/hr=0x00000000 mon1=B@+9.8ms/1.4ms/hr=0x00000000] window_ms=3011 total=0 WM_SETTINGCHANGE=0 WM_DISPLAYCHANGE=0 WM_THEMECHANGED=0 WM_DWMCOLORIZATIONCOLORCHANGED=0 WM_SYSCOLORCHANGE=0 other=0
2026-10-02T10:53:46.757+08:00 CYCLE n=9 label=set start=2026-10-02T10:53:43.742+08:00 sets=[mon0=B@+0.5ms/1.3ms/hr=0x00000000 mon1=A@+2.2ms/0.9ms/hr=0x00000000] window_ms=3003 total=0 WM_SETTINGCHANGE=0 WM_DISPLAYCHANGE=0 WM_THEMECHANGED=0 WM_DWMCOLORIZATIONCOLORCHANGED=0 WM_SYSCOLORCHANGE=0 other=0
2026-10-02T10:53:56.697+08:00 CYCLE n=10 label=set start=2026-10-02T10:53:53.681+08:00 sets=[mon0=A@+0.4ms/1.6ms/hr=0x00000000 mon1=B@+3.0ms/1.3ms/hr=0x00000000] window_ms=3004 total=0 WM_SETTINGCHANGE=0 WM_DISPLAYCHANGE=0 WM_THEMECHANGED=0 WM_DWMCOLORIZATIONCOLORCHANGED=0 WM_SYSCOLORCHANGE=0 other=0
2026-10-02T10:54:06.743+08:00 CYCLE n=11 label=set start=2026-10-02T10:54:03.720+08:00 sets=[mon0=B@+0.6ms/2.0ms/hr=0x00000000 mon1=A@+10.3ms/1.6ms/hr=0x00000000] window_ms=3012 total=0 WM_SETTINGCHANGE=0 WM_DISPLAYCHANGE=0 WM_THEMECHANGED=0 WM_DWMCOLORIZATIONCOLORCHANGED=0 WM_SYSCOLORCHANGE=0 other=0
2026-10-02T10:54:16.818+08:00 CYCLE n=12 label=set start=2026-10-02T10:54:13.805+08:00 sets=[mon0=A@+0.5ms/1.1ms/hr=0x00000000 mon1=B@+2.1ms/1.0ms/hr=0x00000000] window_ms=3003 total=0 WM_SETTINGCHANGE=0 WM_DISPLAYCHANGE=0 WM_THEMECHANGED=0 WM_DWMCOLORIZATIONCOLORCHANGED=0 WM_SYSCOLORCHANGE=0 other=0
2026-10-02T10:54:26.761+08:00 CYCLE n=13 label=set start=2026-10-02T10:54:23.741+08:00 sets=[mon0=B@+0.6ms/1.1ms/hr=0x00000000 mon1=A@+9.3ms/1.1ms/hr=0x00000000] window_ms=3011 total=0 WM_SETTINGCHANGE=0 WM_DISPLAYCHANGE=0 WM_THEMECHANGED=0 WM_DWMCOLORIZATIONCOLORCHANGED=0 WM_SYSCOLORCHANGE=0 other=0
2026-10-02T10:54:36.707+08:00 CYCLE n=14 label=set start=2026-10-02T10:54:33.683+08:00 sets=[mon0=A@+0.5ms/2.0ms/hr=0x00000000 mon1=B@+10.4ms/1.6ms/hr=0x00000000] window_ms=3012 total=0 WM_SETTINGCHANGE=0 WM_DISPLAYCHANGE=0 WM_THEMECHANGED=0 WM_DWMCOLORIZATIONCOLORCHANGED=0 WM_SYSCOLORCHANGE=0 other=0
2026-10-02T10:54:46.788+08:00 CYCLE n=15 label=set start=2026-10-02T10:54:43.773+08:00 sets=[mon0=B@+0.4ms/1.7ms/hr=0x00000000 mon1=A@+2.3ms/1.3ms/hr=0x00000000] window_ms=3004 total=0 WM_SETTINGCHANGE=0 WM_DISPLAYCHANGE=0 WM_THEMECHANGED=0 WM_DWMCOLORIZATIONCOLORCHANGED=0 WM_SYSCOLORCHANGE=0 other=0
2026-10-02T10:54:56.736+08:00 CYCLE n=16 label=set start=2026-10-02T10:54:53.713+08:00 sets=[mon0=A@+0.6ms/2.1ms/hr=0x00000000 mon1=B@+10.4ms/1.4ms/hr=0x00000000] window_ms=3012 total=0 WM_SETTINGCHANGE=0 WM_DISPLAYCHANGE=0 WM_THEMECHANGED=0 WM_DWMCOLORIZATIONCOLORCHANGED=0 WM_SYSCOLORCHANGE=0 other=0
2026-10-02T10:55:06.783+08:00 CYCLE n=17 label=set start=2026-10-02T10:55:03.761+08:00 sets=[mon0=B@+0.4ms/1.5ms/hr=0x00000000 mon1=A@+9.7ms/1.4ms/hr=0x00000000] window_ms=3012 total=0 WM_SETTINGCHANGE=0 WM_DISPLAYCHANGE=0 WM_THEMECHANGED=0 WM_DWMCOLORIZATIONCOLORCHANGED=0 WM_SYSCOLORCHANGE=0 other=0
2026-10-02T10:55:16.753+08:00 CYCLE n=18 label=set start=2026-10-02T10:55:13.738+08:00 sets=[mon0=A@+0.5ms/1.8ms/hr=0x00000000 mon1=B@+2.8ms/1.0ms/hr=0x00000000] window_ms=3004 total=0 WM_SETTINGCHANGE=0 WM_DISPLAYCHANGE=0 WM_THEMECHANGED=0 WM_DWMCOLORIZATIONCOLORCHANGED=0 WM_SYSCOLORCHANGE=0 other=0
2026-10-02T10:55:26.798+08:00 CYCLE n=19 label=set start=2026-10-02T10:55:23.777+08:00 sets=[mon0=B@+0.7ms/1.1ms/hr=0x00000000 mon1=A@+9.8ms/1.3ms/hr=0x00000000] window_ms=3011 total=0 WM_SETTINGCHANGE=0 WM_DISPLAYCHANGE=0 WM_THEMECHANGED=0 WM_DWMCOLORIZATIONCOLORCHANGED=0 WM_SYSCOLORCHANGE=0 other=0
2026-10-02T10:55:36.743+08:00 CYCLE n=20 label=set start=2026-10-02T10:55:33.721+08:00 sets=[mon0=A@+0.5ms/1.5ms/hr=0x00000000 mon1=B@+9.8ms/1.4ms/hr=0x00000000] window_ms=3011 total=0 WM_SETTINGCHANGE=0 WM_DISPLAYCHANGE=0 WM_THEMECHANGED=0 WM_DWMCOLORIZATIONCOLORCHANGED=0 WM_SYSCOLORCHANGE=0 other=0
2026-10-02T10:55:46.815+08:00 CYCLE n=21 label=set start=2026-10-02T10:55:43.801+08:00 sets=[mon0=B@+1.0ms/1.1ms/hr=0x00000000 mon1=A@+2.3ms/0.8ms/hr=0x00000000] window_ms=3003 total=0 WM_SETTINGCHANGE=0 WM_DISPLAYCHANGE=0 WM_THEMECHANGED=0 WM_DWMCOLORIZATIONCOLORCHANGED=0 WM_SYSCOLORCHANGE=0 other=0
2026-10-02T10:55:56.764+08:00 CYCLE n=22 label=set start=2026-10-02T10:55:53.740+08:00 sets=[mon0=A@+1.0ms/1.9ms/hr=0x00000000 mon1=B@+10.6ms/1.3ms/hr=0x00000000] window_ms=3012 total=0 WM_SETTINGCHANGE=0 WM_DISPLAYCHANGE=0 WM_THEMECHANGED=0 WM_DWMCOLORIZATIONCOLORCHANGED=0 WM_SYSCOLORCHANGE=0 other=0
2026-10-02T10:56:06.709+08:00 CYCLE n=23 label=set start=2026-10-02T10:56:03.687+08:00 sets=[mon0=B@+0.6ms/1.5ms/hr=0x00000000 mon1=A@+9.9ms/1.4ms/hr=0x00000000] window_ms=3012 total=0 WM_SETTINGCHANGE=0 WM_DISPLAYCHANGE=0 WM_THEMECHANGED=0 WM_DWMCOLORIZATIONCOLORCHANGED=0 WM_SYSCOLORCHANGE=0 other=0
2026-10-02T10:56:16.780+08:00 CYCLE n=24 label=set start=2026-10-02T10:56:13.766+08:00 sets=[mon0=A@+0.6ms/1.8ms/hr=0x00000000 mon1=B@+2.6ms/1.5ms/hr=0x00000000] window_ms=3004 total=0 WM_SETTINGCHANGE=0 WM_DISPLAYCHANGE=0 WM_THEMECHANGED=0 WM_DWMCOLORIZATIONCOLORCHANGED=0 WM_SYSCOLORCHANGE=0 other=0
2026-10-02T10:56:26.725+08:00 CYCLE n=25 label=set start=2026-10-02T10:56:23.704+08:00 sets=[mon0=B@+0.5ms/1.6ms/hr=0x00000000 mon1=A@+10.0ms/1.5ms/hr=0x00000000] window_ms=3012 total=0 WM_SETTINGCHANGE=0 WM_DISPLAYCHANGE=0 WM_THEMECHANGED=0 WM_DWMCOLORIZATIONCOLORCHANGED=0 WM_SYSCOLORCHANGE=0 other=0
2026-10-02T10:56:36.760+08:00 CYCLE n=26 label=set start=2026-10-02T10:56:33.746+08:00 sets=[mon0=A@+0.5ms/1.1ms/hr=0x00000000 mon1=B@+2.0ms/1.3ms/hr=0x00000000] window_ms=3004 total=0 WM_SETTINGCHANGE=0 WM_DISPLAYCHANGE=0 WM_THEMECHANGED=0 WM_DWMCOLORIZATIONCOLORCHANGED=0 WM_SYSCOLORCHANGE=0 other=0
2026-10-02T10:56:46.752+08:00 CYCLE n=27 label=set start=2026-10-02T10:56:43.737+08:00 sets=[mon0=B@+0.5ms/2.2ms/hr=0x00000000 mon1=A@+2.9ms/1.5ms/hr=0x00000000] window_ms=3005 total=0 WM_SETTINGCHANGE=0 WM_DISPLAYCHANGE=0 WM_THEMECHANGED=0 WM_DWMCOLORIZATIONCOLORCHANGED=0 WM_SYSCOLORCHANGE=0 other=0
2026-10-02T10:56:56.791+08:00 CYCLE n=28 label=set start=2026-10-02T10:56:53.776+08:00 sets=[mon0=A@+0.6ms/1.4ms/hr=0x00000000 mon1=B@+2.3ms/1.0ms/hr=0x00000000] window_ms=3004 total=0 WM_SETTINGCHANGE=0 WM_DISPLAYCHANGE=0 WM_THEMECHANGED=0 WM_DWMCOLORIZATIONCOLORCHANGED=0 WM_SYSCOLORCHANGE=0 other=0
2026-10-02T10:57:06.738+08:00 CYCLE n=29 label=set start=2026-10-02T10:57:03.716+08:00 sets=[mon0=B@+0.4ms/1.8ms/hr=0x00000000 mon1=A@+9.9ms/1.1ms/hr=0x00000000] window_ms=3012 total=0 WM_SETTINGCHANGE=0 WM_DISPLAYCHANGE=0 WM_THEMECHANGED=0 WM_DWMCOLORIZATIONCOLORCHANGED=0 WM_SYSCOLORCHANGE=0 other=0
2026-10-02T10:57:16.823+08:00 CYCLE n=30 label=set start=2026-10-02T10:57:13.810+08:00 sets=[mon0=A@+0.5ms/1.4ms/hr=0x00000000 mon1=B@+2.1ms/1.0ms/hr=0x00000000] window_ms=3003 total=0 WM_SETTINGCHANGE=0 WM_DISPLAYCHANGE=0 WM_THEMECHANGED=0 WM_DWMCOLORIZATIONCOLORCHANGED=0 WM_SYSCOLORCHANGE=0 other=0
2026-10-02T10:57:26.769+08:00 CYCLE n=31 label=set start=2026-10-02T10:57:23.747+08:00 sets=[mon0=B@+0.5ms/1.2ms/hr=0x00000000 mon1=A@+9.5ms/1.1ms/hr=0x00000000] window_ms=3011 total=0 WM_SETTINGCHANGE=0 WM_DISPLAYCHANGE=0 WM_THEMECHANGED=0 WM_DWMCOLORIZATIONCOLORCHANGED=0 WM_SYSCOLORCHANGE=0 other=0
2026-10-02T10:57:36.707+08:00 CYCLE n=32 label=set start=2026-10-02T10:57:33.691+08:00 sets=[mon0=A@+1.1ms/1.8ms/hr=0x00000000 mon1=B@+3.5ms/1.6ms/hr=0x00000000] window_ms=3005 total=0 WM_SETTINGCHANGE=0 WM_DISPLAYCHANGE=0 WM_THEMECHANGED=0 WM_DWMCOLORIZATIONCOLORCHANGED=0 WM_SYSCOLORCHANGE=0 other=0
2026-10-02T10:57:46.780+08:00 CYCLE n=33 label=set start=2026-10-02T10:57:43.765+08:00 sets=[mon0=B@+0.4ms/1.5ms/hr=0x00000000 mon1=A@+2.1ms/1.3ms/hr=0x00000000] window_ms=3004 total=0 WM_SETTINGCHANGE=0 WM_DISPLAYCHANGE=0 WM_THEMECHANGED=0 WM_DWMCOLORIZATIONCOLORCHANGED=0 WM_SYSCOLORCHANGE=0 other=0
2026-10-02T10:57:56.722+08:00 CYCLE n=34 label=set start=2026-10-02T10:57:53.702+08:00 sets=[mon0=A@+0.6ms/1.2ms/hr=0x00000000 mon1=B@+9.7ms/1.3ms/hr=0x00000000] window_ms=3011 total=0 WM_SETTINGCHANGE=0 WM_DISPLAYCHANGE=0 WM_THEMECHANGED=0 WM_DWMCOLORIZATIONCOLORCHANGED=0 WM_SYSCOLORCHANGE=0 other=0
2026-10-02T10:58:06.761+08:00 CYCLE n=35 label=set start=2026-10-02T10:58:03.746+08:00 sets=[mon0=B@+0.5ms/1.6ms/hr=0x00000000 mon1=A@+2.3ms/1.4ms/hr=0x00000000] window_ms=3004 total=0 WM_SETTINGCHANGE=0 WM_DISPLAYCHANGE=0 WM_THEMECHANGED=0 WM_DWMCOLORIZATIONCOLORCHANGED=0 WM_SYSCOLORCHANGE=0 other=0
2026-10-02T10:58:16.740+08:00 CYCLE n=36 label=set start=2026-10-02T10:58:13.728+08:00 sets=[mon0=A@+0.8ms/1.2ms/hr=0x00000000 mon1=B@+2.3ms/1.2ms/hr=0x00000000] window_ms=3004 total=0 WM_SETTINGCHANGE=0 WM_DISPLAYCHANGE=0 WM_THEMECHANGED=0 WM_DWMCOLORIZATIONCOLORCHANGED=0 WM_SYSCOLORCHANGE=0 other=0
2026-10-02T10:58:26.784+08:00 CYCLE n=37 label=set start=2026-10-02T10:58:23.761+08:00 sets=[mon0=B@+0.7ms/1.7ms/hr=0x00000000 mon1=A@+10.2ms/1.8ms/hr=0x00000000] window_ms=3012 total=0 WM_SETTINGCHANGE=0 WM_DISPLAYCHANGE=0 WM_THEMECHANGED=0 WM_DWMCOLORIZATIONCOLORCHANGED=0 WM_SYSCOLORCHANGE=0 other=0
2026-10-02T10:58:36.731+08:00 CYCLE n=38 label=set start=2026-10-02T10:58:33.709+08:00 sets=[mon0=A@+1.1ms/1.6ms/hr=0x00000000 mon1=B@+10.7ms/1.2ms/hr=0x00000000] window_ms=3012 total=0 WM_SETTINGCHANGE=0 WM_DISPLAYCHANGE=0 WM_THEMECHANGED=0 WM_DWMCOLORIZATIONCOLORCHANGED=0 WM_SYSCOLORCHANGE=0 other=0
2026-10-02T10:58:46.806+08:00 CYCLE n=39 label=set start=2026-10-02T10:58:43.793+08:00 sets=[mon0=B@+0.4ms/1.6ms/hr=0x00000000 mon1=A@+2.2ms/1.7ms/hr=0x00000000] window_ms=3004 total=0 WM_SETTINGCHANGE=0 WM_DISPLAYCHANGE=0 WM_THEMECHANGED=0 WM_DWMCOLORIZATIONCOLORCHANGED=0 WM_SYSCOLORCHANGE=0 other=0
2026-10-02T10:58:56.745+08:00 CYCLE n=40 label=set start=2026-10-02T10:58:53.730+08:00 sets=[mon0=A@+0.9ms/1.3ms/hr=0x00000000 mon1=B@+2.8ms/2.2ms/hr=0x00000000] window_ms=3005 total=0 WM_SETTINGCHANGE=0 WM_DISPLAYCHANGE=0 WM_THEMECHANGED=0 WM_DWMCOLORIZATIONCOLORCHANGED=0 WM_SYSCOLORCHANGE=0 other=0
2026-10-02T10:59:06.789+08:00 CYCLE n=41 label=set start=2026-10-02T10:59:03.769+08:00 sets=[mon0=B@+0.4ms/1.5ms/hr=0x00000000 mon1=A@+9.8ms/1.6ms/hr=0x00000000] window_ms=3012 total=0 WM_SETTINGCHANGE=0 WM_DISPLAYCHANGE=0 WM_THEMECHANGED=0 WM_DWMCOLORIZATIONCOLORCHANGED=0 WM_SYSCOLORCHANGE=0 other=0
2026-10-02T10:59:16.803+08:00 CYCLE n=42 label=set start=2026-10-02T10:59:13.748+08:00 sets=[mon0=A@+0.6ms/1.6ms/hr=0x00000000 mon1=B@+2.5ms/0.9ms/hr=0x00000000] window_ms=3004 total=0 WM_SETTINGCHANGE=0 WM_DISPLAYCHANGE=0 WM_THEMECHANGED=0 WM_DWMCOLORIZATIONCOLORCHANGED=0 WM_SYSCOLORCHANGE=0 other=0
2026-10-02T10:59:26.755+08:00 CYCLE n=43 label=set start=2026-10-02T10:59:23.734+08:00 sets=[mon0=B@+0.4ms/1.3ms/hr=0x00000000 mon1=A@+11.0ms/1.9ms/hr=0x00000000] window_ms=3013 total=0 WM_SETTINGCHANGE=0 WM_DISPLAYCHANGE=0 WM_THEMECHANGED=0 WM_DWMCOLORIZATIONCOLORCHANGED=0 WM_SYSCOLORCHANGE=0 other=0
2026-10-02T10:59:36.790+08:00 CYCLE n=44 label=set start=2026-10-02T10:59:33.776+08:00 sets=[mon0=A@+0.6ms/1.7ms/hr=0x00000000 mon1=B@+2.8ms/1.2ms/hr=0x00000000] window_ms=3004 total=0 WM_SETTINGCHANGE=0 WM_DISPLAYCHANGE=0 WM_THEMECHANGED=0 WM_DWMCOLORIZATIONCOLORCHANGED=0 WM_SYSCOLORCHANGE=0 other=0
2026-10-02T10:59:46.764+08:00 CYCLE n=45 label=set start=2026-10-02T10:59:43.748+08:00 sets=[mon0=B@+0.5ms/1.7ms/hr=0x00000000 mon1=A@+2.4ms/1.5ms/hr=0x00000000] window_ms=3004 total=0 WM_SETTINGCHANGE=0 WM_DISPLAYCHANGE=0 WM_THEMECHANGED=0 WM_DWMCOLORIZATIONCOLORCHANGED=0 WM_SYSCOLORCHANGE=0 other=0
2026-10-02T10:59:56.705+08:00 CYCLE n=46 label=set start=2026-10-02T10:59:53.690+08:00 sets=[mon0=A@+0.6ms/2.2ms/hr=0x00000000 mon1=B@+3.3ms/1.8ms/hr=0x00000000] window_ms=3005 total=0 WM_SETTINGCHANGE=0 WM_DISPLAYCHANGE=0 WM_THEMECHANGED=0 WM_DWMCOLORIZATIONCOLORCHANGED=0 WM_SYSCOLORCHANGE=0 other=0
2026-10-02T11:00:06.742+08:00 CYCLE n=47 label=set start=2026-10-02T11:00:03.727+08:00 sets=[mon0=B@+0.5ms/1.6ms/hr=0x00000000 mon1=A@+3.2ms/1.0ms/hr=0x00000000] window_ms=3004 total=0 WM_SETTINGCHANGE=0 WM_DISPLAYCHANGE=0 WM_THEMECHANGED=0 WM_DWMCOLORIZATIONCOLORCHANGED=0 WM_SYSCOLORCHANGE=0 other=0
2026-10-02T11:00:16.814+08:00 CYCLE n=48 label=set start=2026-10-02T11:00:13.798+08:00 sets=[mon0=A@+0.5ms/1.6ms/hr=0x00000000 mon1=B@+2.4ms/1.1ms/hr=0x00000000] window_ms=3004 total=0 WM_SETTINGCHANGE=0 WM_DISPLAYCHANGE=0 WM_THEMECHANGED=0 WM_DWMCOLORIZATIONCOLORCHANGED=0 WM_SYSCOLORCHANGE=0 other=0
2026-10-02T11:00:26.754+08:00 CYCLE n=49 label=set start=2026-10-02T11:00:23.739+08:00 sets=[mon0=B@+1.3ms/1.4ms/hr=0x00000000 mon1=A@+3.1ms/1.6ms/hr=0x00000000] window_ms=3005 total=0 WM_SETTINGCHANGE=0 WM_DISPLAYCHANGE=0 WM_THEMECHANGED=0 WM_DWMCOLORIZATIONCOLORCHANGED=0 WM_SYSCOLORCHANGE=0 other=0
2026-10-02T11:00:36.791+08:00 CYCLE n=50 label=set start=2026-10-02T11:00:33.777+08:00 sets=[mon0=A@+0.6ms/1.3ms/hr=0x00000000 mon1=B@+2.5ms/1.7ms/hr=0x00000000] window_ms=3004 total=0 WM_SETTINGCHANGE=0 WM_DISPLAYCHANGE=0 WM_THEMECHANGED=0 WM_DWMCOLORIZATIONCOLORCHANGED=0 WM_SYSCOLORCHANGE=0 other=0
2026-10-02T11:00:46.755+08:00 CYCLE n=51 label=set start=2026-10-02T11:00:43.742+08:00 sets=[mon0=B@+0.5ms/1.9ms/hr=0x00000000 mon1=A@+2.7ms/1.1ms/hr=0x00000000] window_ms=3004 total=0 WM_SETTINGCHANGE=0 WM_DISPLAYCHANGE=0 WM_THEMECHANGED=0 WM_DWMCOLORIZATIONCOLORCHANGED=0 WM_SYSCOLORCHANGE=0 other=0
2026-10-02T11:00:56.789+08:00 CYCLE n=52 label=set start=2026-10-02T11:00:53.776+08:00 sets=[mon0=A@+0.6ms/1.3ms/hr=0x00000000 mon1=B@+2.5ms/1.3ms/hr=0x00000000] window_ms=3004 total=0 WM_SETTINGCHANGE=0 WM_DISPLAYCHANGE=0 WM_THEMECHANGED=0 WM_DWMCOLORIZATIONCOLORCHANGED=0 WM_SYSCOLORCHANGE=0 other=0
2026-10-02T11:01:06.726+08:00 CYCLE n=53 label=set start=2026-10-02T11:01:03.713+08:00 sets=[mon0=B@+0.4ms/1.3ms/hr=0x00000000 mon1=A@+2.0ms/1.1ms/hr=0x00000000] window_ms=3003 total=0 WM_SETTINGCHANGE=0 WM_DISPLAYCHANGE=0 WM_THEMECHANGED=0 WM_DWMCOLORIZATIONCOLORCHANGED=0 WM_SYSCOLORCHANGE=0 other=0
2026-10-02T11:01:16.801+08:00 CYCLE n=54 label=set start=2026-10-02T11:01:13.786+08:00 sets=[mon0=A@+0.6ms/1.5ms/hr=0x00000000 mon1=B@+2.4ms/1.1ms/hr=0x00000000] window_ms=3004 total=0 WM_SETTINGCHANGE=0 WM_DISPLAYCHANGE=0 WM_THEMECHANGED=0 WM_DWMCOLORIZATIONCOLORCHANGED=0 WM_SYSCOLORCHANGE=0 other=0
2026-10-02T11:01:26.737+08:00 CYCLE n=55 label=set start=2026-10-02T11:01:23.723+08:00 sets=[mon0=B@+0.5ms/1.9ms/hr=0x00000000 mon1=A@+3.4ms/1.6ms/hr=0x00000000] window_ms=3005 total=0 WM_SETTINGCHANGE=0 WM_DISPLAYCHANGE=0 WM_THEMECHANGED=0 WM_DWMCOLORIZATIONCOLORCHANGED=0 WM_SYSCOLORCHANGE=0 other=0
2026-10-02T11:01:36.786+08:00 CYCLE n=56 label=set start=2026-10-02T11:01:33.764+08:00 sets=[mon0=A@+0.5ms/1.8ms/hr=0x00000000 mon1=B@+10.4ms/1.7ms/hr=0x00000000] window_ms=3012 total=0 WM_SETTINGCHANGE=0 WM_DISPLAYCHANGE=0 WM_THEMECHANGED=0 WM_DWMCOLORIZATIONCOLORCHANGED=0 WM_SYSCOLORCHANGE=0 other=0
2026-10-02T11:01:46.753+08:00 CYCLE n=57 label=set start=2026-10-02T11:01:43.740+08:00 sets=[mon0=B@+0.6ms/1.5ms/hr=0x00000000 mon1=A@+2.3ms/1.1ms/hr=0x00000000] window_ms=3004 total=0 WM_SETTINGCHANGE=0 WM_DISPLAYCHANGE=0 WM_THEMECHANGED=0 WM_DWMCOLORIZATIONCOLORCHANGED=0 WM_SYSCOLORCHANGE=0 other=0
2026-10-02T11:01:56.790+08:00 CYCLE n=58 label=set start=2026-10-02T11:01:53.773+08:00 sets=[mon0=A@+0.6ms/1.7ms/hr=0x00000000 mon1=B@+3.2ms/1.3ms/hr=0x00000000] window_ms=3005 total=0 WM_SETTINGCHANGE=0 WM_DISPLAYCHANGE=0 WM_THEMECHANGED=0 WM_DWMCOLORIZATIONCOLORCHANGED=0 WM_SYSCOLORCHANGE=0 other=0
2026-10-02T11:02:06.724+08:00 CYCLE n=59 label=set start=2026-10-02T11:02:03.711+08:00 sets=[mon0=B@+0.6ms/1.6ms/hr=0x00000000 mon1=A@+2.7ms/1.6ms/hr=0x00000000] window_ms=3004 total=0 WM_SETTINGCHANGE=0 WM_DISPLAYCHANGE=0 WM_THEMECHANGED=0 WM_DWMCOLORIZATIONCOLORCHANGED=0 WM_SYSCOLORCHANGE=0 other=0
2026-10-02T11:02:16.807+08:00 CYCLE n=60 label=set start=2026-10-02T11:02:13.788+08:00 sets=[mon0=A@+0.5ms/1.7ms/hr=0x00000000 mon1=B@+2.5ms/1.4ms/hr=0x00000000] window_ms=3004 total=0 WM_SETTINGCHANGE=0 WM_DISPLAYCHANGE=0 WM_THEMECHANGED=0 WM_DWMCOLORIZATIONCOLORCHANGED=0 WM_SYSCOLORCHANGE=0 other=0
2026-10-02T11:02:26.745+08:00 CYCLE n=61 label=set start=2026-10-02T11:02:23.730+08:00 sets=[mon0=B@+0.5ms/1.9ms/hr=0x00000000 mon1=A@+3.1ms/1.4ms/hr=0x00000000] window_ms=3005 total=0 WM_SETTINGCHANGE=0 WM_DISPLAYCHANGE=0 WM_THEMECHANGED=0 WM_DWMCOLORIZATIONCOLORCHANGED=0 WM_SYSCOLORCHANGE=0 other=0
2026-10-02T11:02:36.779+08:00 CYCLE n=62 label=set start=2026-10-02T11:02:33.765+08:00 sets=[mon0=A@+0.5ms/1.6ms/hr=0x00000000 mon1=B@+2.8ms/1.3ms/hr=0x00000000] window_ms=3004 total=0 WM_SETTINGCHANGE=0 WM_DISPLAYCHANGE=0 WM_THEMECHANGED=0 WM_DWMCOLORIZATIONCOLORCHANGED=0 WM_SYSCOLORCHANGE=0 other=0
2026-10-02T11:02:46.752+08:00 CYCLE n=63 label=set start=2026-10-02T11:02:43.738+08:00 sets=[mon0=B@+0.6ms/1.7ms/hr=0x00000000 mon1=A@+2.5ms/1.4ms/hr=0x00000000] window_ms=3004 total=0 WM_SETTINGCHANGE=0 WM_DISPLAYCHANGE=0 WM_THEMECHANGED=0 WM_DWMCOLORIZATIONCOLORCHANGED=0 WM_SYSCOLORCHANGE=0 other=0
2026-10-02T11:02:56.787+08:00 CYCLE n=64 label=set start=2026-10-02T11:02:53.774+08:00 sets=[mon0=A@+0.9ms/1.6ms/hr=0x00000000 mon1=B@+3.3ms/1.3ms/hr=0x00000000] window_ms=3005 total=0 WM_SETTINGCHANGE=0 WM_DISPLAYCHANGE=0 WM_THEMECHANGED=0 WM_DWMCOLORIZATIONCOLORCHANGED=0 WM_SYSCOLORCHANGE=0 other=0
2026-10-02T11:03:06.724+08:00 CYCLE n=65 label=set start=2026-10-02T11:03:03.711+08:00 sets=[mon0=B@+0.6ms/1.1ms/hr=0x00000000 mon1=A@+2.3ms/1.2ms/hr=0x00000000] window_ms=3004 total=0 WM_SETTINGCHANGE=0 WM_DISPLAYCHANGE=0 WM_THEMECHANGED=0 WM_DWMCOLORIZATIONCOLORCHANGED=0 WM_SYSCOLORCHANGE=0 other=0
2026-10-02T11:03:16.803+08:00 CYCLE n=66 label=set start=2026-10-02T11:03:13.788+08:00 sets=[mon0=A@+0.6ms/1.6ms/hr=0x00000000 mon1=B@+2.5ms/1.4ms/hr=0x00000000] window_ms=3004 total=0 WM_SETTINGCHANGE=0 WM_DISPLAYCHANGE=0 WM_THEMECHANGED=0 WM_DWMCOLORIZATIONCOLORCHANGED=0 WM_SYSCOLORCHANGE=0 other=0
2026-10-02T11:03:26.752+08:00 CYCLE n=67 label=set start=2026-10-02T11:03:23.727+08:00 sets=[mon0=B@+0.6ms/2.4ms/hr=0x00000000 mon1=A@+10.7ms/3.4ms/hr=0x00000000] window_ms=3014 total=0 WM_SETTINGCHANGE=0 WM_DISPLAYCHANGE=0 WM_THEMECHANGED=0 WM_DWMCOLORIZATIONCOLORCHANGED=0 WM_SYSCOLORCHANGE=0 other=0
2026-10-02T11:03:36.786+08:00 CYCLE n=68 label=set start=2026-10-02T11:03:33.773+08:00 sets=[mon0=A@+0.5ms/1.2ms/hr=0x00000000 mon1=B@+2.5ms/0.9ms/hr=0x00000000] window_ms=3004 total=0 WM_SETTINGCHANGE=0 WM_DISPLAYCHANGE=0 WM_THEMECHANGED=0 WM_DWMCOLORIZATIONCOLORCHANGED=0 WM_SYSCOLORCHANGE=0 other=0
2026-10-02T11:03:46.763+08:00 CYCLE n=69 label=set start=2026-10-02T11:03:43.748+08:00 sets=[mon0=B@+0.4ms/2.1ms/hr=0x00000000 mon1=A@+2.8ms/1.3ms/hr=0x00000000] window_ms=3004 total=0 WM_SETTINGCHANGE=0 WM_DISPLAYCHANGE=0 WM_THEMECHANGED=0 WM_DWMCOLORIZATIONCOLORCHANGED=0 WM_SYSCOLORCHANGE=0 other=0
2026-10-02T11:03:56.699+08:00 CYCLE n=70 label=set start=2026-10-02T11:03:53.686+08:00 sets=[mon0=A@+0.4ms/1.5ms/hr=0x00000000 mon1=B@+2.6ms/1.2ms/hr=0x00000000] window_ms=3004 total=0 WM_SETTINGCHANGE=0 WM_DISPLAYCHANGE=0 WM_THEMECHANGED=0 WM_DWMCOLORIZATIONCOLORCHANGED=0 WM_SYSCOLORCHANGE=0 other=0
2026-10-02T11:04:06.739+08:00 CYCLE n=71 label=set start=2026-10-02T11:04:03.719+08:00 sets=[mon0=B@+0.5ms/1.9ms/hr=0x00000000 mon1=A@+10.0ms/1.5ms/hr=0x00000000] window_ms=3012 total=0 WM_SETTINGCHANGE=0 WM_DISPLAYCHANGE=0 WM_THEMECHANGED=0 WM_DWMCOLORIZATIONCOLORCHANGED=0 WM_SYSCOLORCHANGE=0 other=0
2026-10-02T11:04:16.812+08:00 CYCLE n=72 label=set start=2026-10-02T11:04:13.798+08:00 sets=[mon0=A@+0.5ms/1.7ms/hr=0x00000000 mon1=B@+2.5ms/1.5ms/hr=0x00000000] window_ms=3004 total=0 WM_SETTINGCHANGE=0 WM_DISPLAYCHANGE=0 WM_THEMECHANGED=0 WM_DWMCOLORIZATIONCOLORCHANGED=0 WM_SYSCOLORCHANGE=0 other=0
2026-10-02T11:04:26.804+08:00 CYCLE n=73 label=set start=2026-10-02T11:04:23.698+08:00 sets=[mon0=B@+28.6ms/3.3ms/hr=0x00000000 mon1=A@+32.8ms/1.5ms/hr=0x00000000] window_ms=3035 total=0 WM_SETTINGCHANGE=0 WM_DISPLAYCHANGE=0 WM_THEMECHANGED=0 WM_DWMCOLORIZATIONCOLORCHANGED=0 WM_SYSCOLORCHANGE=0 other=0
2026-10-02T11:04:36.739+08:00 CYCLE n=74 label=set start=2026-10-02T11:04:33.726+08:00 sets=[mon0=A@+0.4ms/1.2ms/hr=0x00000000 mon1=B@+2.2ms/1.3ms/hr=0x00000000] window_ms=3004 total=0 WM_SETTINGCHANGE=0 WM_DISPLAYCHANGE=0 WM_THEMECHANGED=0 WM_DWMCOLORIZATIONCOLORCHANGED=0 WM_SYSCOLORCHANGE=0 other=0
2026-10-02T11:04:46.815+08:00 CYCLE n=75 label=set start=2026-10-02T11:04:43.800+08:00 sets=[mon0=B@+0.7ms/1.9ms/hr=0x00000000 mon1=A@+2.9ms/2.0ms/hr=0x00000000] window_ms=3005 total=0 WM_SETTINGCHANGE=0 WM_DISPLAYCHANGE=0 WM_THEMECHANGED=0 WM_DWMCOLORIZATIONCOLORCHANGED=0 WM_SYSCOLORCHANGE=0 other=0
2026-10-02T11:04:56.760+08:00 CYCLE n=76 label=set start=2026-10-02T11:04:53.736+08:00 sets=[mon0=A@+0.7ms/1.8ms/hr=0x00000000 mon1=B@+11.0ms/1.2ms/hr=0x00000000] window_ms=3012 total=0 WM_SETTINGCHANGE=0 WM_DISPLAYCHANGE=0 WM_THEMECHANGED=0 WM_DWMCOLORIZATIONCOLORCHANGED=0 WM_SYSCOLORCHANGE=0 other=0
2026-10-02T11:05:06.698+08:00 CYCLE n=77 label=set start=2026-10-02T11:05:03.683+08:00 sets=[mon0=B@+1.5ms/1.3ms/hr=0x00000000 mon1=A@+3.8ms/1.0ms/hr=0x00000000] window_ms=3005 total=0 WM_SETTINGCHANGE=0 WM_DISPLAYCHANGE=0 WM_THEMECHANGED=0 WM_DWMCOLORIZATIONCOLORCHANGED=0 WM_SYSCOLORCHANGE=0 other=0
2026-10-02T11:05:16.780+08:00 CYCLE n=78 label=set start=2026-10-02T11:05:13.765+08:00 sets=[mon0=A@+0.6ms/1.7ms/hr=0x00000000 mon1=B@+2.6ms/1.4ms/hr=0x00000000] window_ms=3004 total=0 WM_SETTINGCHANGE=0 WM_DISPLAYCHANGE=0 WM_THEMECHANGED=0 WM_DWMCOLORIZATIONCOLORCHANGED=0 WM_SYSCOLORCHANGE=0 other=0
2026-10-02T11:05:26.725+08:00 CYCLE n=79 label=set start=2026-10-02T11:05:23.703+08:00 sets=[mon0=B@+0.5ms/1.6ms/hr=0x00000000 mon1=A@+9.8ms/1.6ms/hr=0x00000000] window_ms=3012 total=0 WM_SETTINGCHANGE=0 WM_DISPLAYCHANGE=0 WM_THEMECHANGED=0 WM_DWMCOLORIZATIONCOLORCHANGED=0 WM_SYSCOLORCHANGE=0 other=0
2026-10-02T11:05:36.762+08:00 CYCLE n=80 label=set start=2026-10-02T11:05:33.751+08:00 sets=[mon0=A@+0.6ms/1.2ms/hr=0x00000000 mon1=B@+2.3ms/0.8ms/hr=0x00000000] window_ms=3003 total=0 WM_SETTINGCHANGE=0 WM_DISPLAYCHANGE=0 WM_THEMECHANGED=0 WM_DWMCOLORIZATIONCOLORCHANGED=0 WM_SYSCOLORCHANGE=0 other=0
2026-10-02T11:05:46.755+08:00 CYCLE n=81 label=set start=2026-10-02T11:05:43.734+08:00 sets=[mon0=B@+0.6ms/1.8ms/hr=0x00000000 mon1=A@+2.7ms/1.7ms/hr=0x00000000] window_ms=3005 total=0 WM_SETTINGCHANGE=0 WM_DISPLAYCHANGE=0 WM_THEMECHANGED=0 WM_DWMCOLORIZATIONCOLORCHANGED=0 WM_SYSCOLORCHANGE=0 other=0
2026-10-02T11:05:56.802+08:00 CYCLE n=82 label=set start=2026-10-02T11:05:53.779+08:00 sets=[mon0=A@+0.5ms/1.7ms/hr=0x00000000 mon1=B@+9.9ms/1.8ms/hr=0x00000000] window_ms=3012 total=0 WM_SETTINGCHANGE=0 WM_DISPLAYCHANGE=0 WM_THEMECHANGED=0 WM_DWMCOLORIZATIONCOLORCHANGED=0 WM_SYSCOLORCHANGE=0 other=0
2026-10-02T11:06:06.739+08:00 CYCLE n=83 label=set start=2026-10-02T11:06:03.725+08:00 sets=[mon0=B@+0.7ms/1.8ms/hr=0x00000000 mon1=A@+3.0ms/1.1ms/hr=0x00000000] window_ms=3004 total=0 WM_SETTINGCHANGE=0 WM_DISPLAYCHANGE=0 WM_THEMECHANGED=0 WM_DWMCOLORIZATIONCOLORCHANGED=0 WM_SYSCOLORCHANGE=0 other=0
2026-10-02T11:06:16.810+08:00 CYCLE n=84 label=set start=2026-10-02T11:06:13.793+08:00 sets=[mon0=A@+0.8ms/1.6ms/hr=0x00000000 mon1=B@+2.6ms/1.8ms/hr=0x00000000] window_ms=3006 total=0 WM_SETTINGCHANGE=0 WM_DISPLAYCHANGE=0 WM_THEMECHANGED=0 WM_DWMCOLORIZATIONCOLORCHANGED=0 WM_SYSCOLORCHANGE=0 other=0
2026-10-02T11:06:26.754+08:00 CYCLE n=85 label=set start=2026-10-02T11:06:23.733+08:00 sets=[mon0=B@+5.0ms/1.7ms/hr=0x00000000 mon1=A@+7.2ms/2.8ms/hr=0x00000000] window_ms=3010 total=0 WM_SETTINGCHANGE=0 WM_DISPLAYCHANGE=0 WM_THEMECHANGED=0 WM_DWMCOLORIZATIONCOLORCHANGED=0 WM_SYSCOLORCHANGE=0 other=0
2026-10-02T11:06:36.793+08:00 CYCLE n=86 label=set start=2026-10-02T11:06:33.778+08:00 sets=[mon0=A@+0.9ms/1.3ms/hr=0x00000000 mon1=B@+3.0ms/1.0ms/hr=0x00000000] window_ms=3004 total=0 WM_SETTINGCHANGE=0 WM_DISPLAYCHANGE=0 WM_THEMECHANGED=0 WM_DWMCOLORIZATIONCOLORCHANGED=0 WM_SYSCOLORCHANGE=0 other=0
2026-10-02T11:06:46.766+08:00 CYCLE n=87 label=set start=2026-10-02T11:06:43.751+08:00 sets=[mon0=B@+0.6ms/1.8ms/hr=0x00000000 mon1=A@+2.6ms/1.0ms/hr=0x00000000] window_ms=3004 total=0 WM_SETTINGCHANGE=0 WM_DISPLAYCHANGE=0 WM_THEMECHANGED=0 WM_DWMCOLORIZATIONCOLORCHANGED=0 WM_SYSCOLORCHANGE=0 other=0
2026-10-02T11:06:56.705+08:00 CYCLE n=88 label=set start=2026-10-02T11:06:53.690+08:00 sets=[mon0=A@+0.6ms/1.2ms/hr=0x00000000 mon1=B@+2.6ms/1.6ms/hr=0x00000000] window_ms=3005 total=0 WM_SETTINGCHANGE=0 WM_DISPLAYCHANGE=0 WM_THEMECHANGED=0 WM_DWMCOLORIZATIONCOLORCHANGED=0 WM_SYSCOLORCHANGE=0 other=0
2026-10-02T11:07:06.742+08:00 CYCLE n=89 label=set start=2026-10-02T11:07:03.728+08:00 sets=[mon0=B@+0.7ms/1.5ms/hr=0x00000000 mon1=A@+2.8ms/1.4ms/hr=0x00000000] window_ms=3005 total=0 WM_SETTINGCHANGE=0 WM_DISPLAYCHANGE=0 WM_THEMECHANGED=0 WM_DWMCOLORIZATIONCOLORCHANGED=0 WM_SYSCOLORCHANGE=0 other=0
2026-10-02T11:07:16.820+08:00 CYCLE n=90 label=set start=2026-10-02T11:07:13.807+08:00 sets=[mon0=A@+0.6ms/1.6ms/hr=0x00000000 mon1=B@+2.4ms/1.0ms/hr=0x00000000] window_ms=3004 total=0 WM_SETTINGCHANGE=0 WM_DISPLAYCHANGE=0 WM_THEMECHANGED=0 WM_DWMCOLORIZATIONCOLORCHANGED=0 WM_SYSCOLORCHANGE=0 other=0
2026-10-02T11:07:26.759+08:00 CYCLE n=91 label=set start=2026-10-02T11:07:23.743+08:00 sets=[mon0=B@+0.6ms/1.6ms/hr=0x00000000 mon1=A@+6.2ms/1.3ms/hr=0x00000000] window_ms=3008 total=0 WM_SETTINGCHANGE=0 WM_DISPLAYCHANGE=0 WM_THEMECHANGED=0 WM_DWMCOLORIZATIONCOLORCHANGED=0 WM_SYSCOLORCHANGE=0 other=0
2026-10-02T11:07:36.694+08:00 CYCLE n=92 label=set start=2026-10-02T11:07:33.681+08:00 sets=[mon0=A@+0.5ms/1.3ms/hr=0x00000000 mon1=B@+2.1ms/1.3ms/hr=0x00000000] window_ms=3004 total=0 WM_SETTINGCHANGE=0 WM_DISPLAYCHANGE=0 WM_THEMECHANGED=0 WM_DWMCOLORIZATIONCOLORCHANGED=0 WM_SYSCOLORCHANGE=0 other=0
2026-10-02T11:07:46.773+08:00 CYCLE n=93 label=set start=2026-10-02T11:07:43.758+08:00 sets=[mon0=B@+0.6ms/1.5ms/hr=0x00000000 mon1=A@+2.4ms/1.4ms/hr=0x00000000] window_ms=3004 total=0 WM_SETTINGCHANGE=0 WM_DISPLAYCHANGE=0 WM_THEMECHANGED=0 WM_DWMCOLORIZATIONCOLORCHANGED=0 WM_SYSCOLORCHANGE=0 other=0
2026-10-02T11:07:56.710+08:00 CYCLE n=94 label=set start=2026-10-02T11:07:53.694+08:00 sets=[mon0=A@+0.5ms/2.3ms/hr=0x00000000 mon1=B@+3.7ms/1.6ms/hr=0x00000000] window_ms=3006 total=0 WM_SETTINGCHANGE=0 WM_DISPLAYCHANGE=0 WM_THEMECHANGED=0 WM_DWMCOLORIZATIONCOLORCHANGED=0 WM_SYSCOLORCHANGE=0 other=0
2026-10-02T11:08:06.746+08:00 CYCLE n=95 label=set start=2026-10-02T11:08:03.730+08:00 sets=[mon0=B@+0.5ms/2.2ms/hr=0x00000000 mon1=A@+3.3ms/1.5ms/hr=0x00000000] window_ms=3005 total=0 WM_SETTINGCHANGE=0 WM_DISPLAYCHANGE=0 WM_THEMECHANGED=0 WM_DWMCOLORIZATIONCOLORCHANGED=0 WM_SYSCOLORCHANGE=0 other=0
2026-10-02T11:08:16.812+08:00 CYCLE n=96 label=set start=2026-10-02T11:08:13.800+08:00 sets=[mon0=A@+0.5ms/1.2ms/hr=0x00000000 mon1=B@+2.1ms/1.4ms/hr=0x00000000] window_ms=3004 total=0 WM_SETTINGCHANGE=0 WM_DISPLAYCHANGE=0 WM_THEMECHANGED=0 WM_DWMCOLORIZATIONCOLORCHANGED=0 WM_SYSCOLORCHANGE=0 other=0
2026-10-02T11:08:26.750+08:00 CYCLE n=97 label=set start=2026-10-02T11:08:23.735+08:00 sets=[mon0=B@+0.4ms/2.1ms/hr=0x00000000 mon1=A@+3.1ms/1.7ms/hr=0x00000000] window_ms=3005 total=0 WM_SETTINGCHANGE=0 WM_DISPLAYCHANGE=0 WM_THEMECHANGED=0 WM_DWMCOLORIZATIONCOLORCHANGED=0 WM_SYSCOLORCHANGE=0 other=0
2026-10-02T11:08:36.792+08:00 CYCLE n=98 label=set start=2026-10-02T11:08:33.771+08:00 sets=[mon0=A@+0.5ms/1.4ms/hr=0x00000000 mon1=B@+10.0ms/1.2ms/hr=0x00000000] window_ms=3011 total=0 WM_SETTINGCHANGE=0 WM_DISPLAYCHANGE=0 WM_THEMECHANGED=0 WM_DWMCOLORIZATIONCOLORCHANGED=0 WM_SYSCOLORCHANGE=0 other=0
2026-10-02T11:08:46.756+08:00 CYCLE n=99 label=set start=2026-10-02T11:08:43.741+08:00 sets=[mon0=B@+0.4ms/1.6ms/hr=0x00000000 mon1=A@+2.3ms/1.0ms/hr=0x00000000] window_ms=3003 total=0 WM_SETTINGCHANGE=0 WM_DISPLAYCHANGE=0 WM_THEMECHANGED=0 WM_DWMCOLORIZATIONCOLORCHANGED=0 WM_SYSCOLORCHANGE=0 other=0
2026-10-02T11:08:56.793+08:00 CYCLE n=100 label=set start=2026-10-02T11:08:53.779+08:00 sets=[mon0=A@+0.4ms/1.7ms/hr=0x00000000 mon1=B@+3.1ms/1.1ms/hr=0x00000000] window_ms=3004 total=0 WM_SETTINGCHANGE=0 WM_DISPLAYCHANGE=0 WM_THEMECHANGED=0 WM_DWMCOLORIZATIONCOLORCHANGED=0 WM_SYSCOLORCHANGE=0 other=0
2026-10-02T11:09:06.727+08:00 CYCLE n=101 label=set start=2026-10-02T11:09:03.714+08:00 sets=[mon0=B@+1.2ms/1.4ms/hr=0x00000000 mon1=A@+3.1ms/0.9ms/hr=0x00000000] window_ms=3004 total=0 WM_SETTINGCHANGE=0 WM_DISPLAYCHANGE=0 WM_THEMECHANGED=0 WM_DWMCOLORIZATIONCOLORCHANGED=0 WM_SYSCOLORCHANGE=0 other=0
2026-10-02T11:09:16.810+08:00 CYCLE n=102 label=set start=2026-10-02T11:09:13.797+08:00 sets=[mon0=A@+0.4ms/1.6ms/hr=0x00000000 mon1=B@+2.5ms/1.8ms/hr=0x00000000] window_ms=3005 total=0 WM_SETTINGCHANGE=0 WM_DISPLAYCHANGE=0 WM_THEMECHANGED=0 WM_DWMCOLORIZATIONCOLORCHANGED=0 WM_SYSCOLORCHANGE=0 other=0
2026-10-02T11:09:26.752+08:00 CYCLE n=103 label=set start=2026-10-02T11:09:23.731+08:00 sets=[mon0=B@+0.6ms/1.8ms/hr=0x00000000 mon1=A@+10.3ms/1.6ms/hr=0x00000000] window_ms=3012 total=0 WM_SETTINGCHANGE=0 WM_DISPLAYCHANGE=0 WM_THEMECHANGED=0 WM_DWMCOLORIZATIONCOLORCHANGED=0 WM_SYSCOLORCHANGE=0 other=0
2026-10-02T11:09:36.787+08:00 CYCLE n=104 label=set start=2026-10-02T11:09:33.774+08:00 sets=[mon0=A@+0.6ms/2.7ms/hr=0x00000000 mon1=B@+3.6ms/1.5ms/hr=0x00000000] window_ms=3005 total=0 WM_SETTINGCHANGE=0 WM_DISPLAYCHANGE=0 WM_THEMECHANGED=0 WM_DWMCOLORIZATIONCOLORCHANGED=0 WM_SYSCOLORCHANGE=0 other=0
2026-10-02T11:09:46.772+08:00 CYCLE n=105 label=set start=2026-10-02T11:09:43.756+08:00 sets=[mon0=B@+0.5ms/2.4ms/hr=0x00000000 mon1=A@+3.2ms/1.8ms/hr=0x00000000] window_ms=3005 total=0 WM_SETTINGCHANGE=0 WM_DISPLAYCHANGE=0 WM_THEMECHANGED=0 WM_DWMCOLORIZATIONCOLORCHANGED=0 WM_SYSCOLORCHANGE=0 other=0
2026-10-02T11:09:56.707+08:00 CYCLE n=106 label=set start=2026-10-02T11:09:53.693+08:00 sets=[mon0=A@+0.6ms/1.6ms/hr=0x00000000 mon1=B@+2.5ms/1.2ms/hr=0x00000000] window_ms=3004 total=0 WM_SETTINGCHANGE=0 WM_DISPLAYCHANGE=0 WM_THEMECHANGED=0 WM_DWMCOLORIZATIONCOLORCHANGED=0 WM_SYSCOLORCHANGE=0 other=0
2026-10-02T11:10:06.745+08:00 CYCLE n=107 label=set start=2026-10-02T11:10:03.730+08:00 sets=[mon0=B@+0.6ms/2.4ms/hr=0x00000000 mon1=A@+3.5ms/1.6ms/hr=0x00000000] window_ms=3005 total=0 WM_SETTINGCHANGE=0 WM_DISPLAYCHANGE=0 WM_THEMECHANGED=0 WM_DWMCOLORIZATIONCOLORCHANGED=0 WM_SYSCOLORCHANGE=0 other=0
2026-10-02T11:10:16.830+08:00 CYCLE n=108 label=set start=2026-10-02T11:10:13.812+08:00 sets=[mon0=A@+0.9ms/2.1ms/hr=0x00000000 mon1=B@+3.3ms/1.4ms/hr=0x00000000] window_ms=3005 total=0 WM_SETTINGCHANGE=0 WM_DISPLAYCHANGE=0 WM_THEMECHANGED=0 WM_DWMCOLORIZATIONCOLORCHANGED=0 WM_SYSCOLORCHANGE=0 other=0
2026-10-02T11:10:26.766+08:00 CYCLE n=109 label=set start=2026-10-02T11:10:23.752+08:00 sets=[mon0=B@+0.7ms/1.4ms/hr=0x00000000 mon1=A@+2.6ms/1.3ms/hr=0x00000000] window_ms=3004 total=0 WM_SETTINGCHANGE=0 WM_DISPLAYCHANGE=0 WM_THEMECHANGED=0 WM_DWMCOLORIZATIONCOLORCHANGED=0 WM_SYSCOLORCHANGE=0 other=0
2026-10-02T11:10:36.714+08:00 CYCLE n=110 label=set start=2026-10-02T11:10:33.691+08:00 sets=[mon0=A@+0.5ms/1.9ms/hr=0x00000000 mon1=B@+10.5ms/1.8ms/hr=0x00000000] window_ms=3013 total=0 WM_SETTINGCHANGE=0 WM_DISPLAYCHANGE=0 WM_THEMECHANGED=0 WM_DWMCOLORIZATIONCOLORCHANGED=0 WM_SYSCOLORCHANGE=0 other=0
2026-10-02T11:10:46.787+08:00 CYCLE n=111 label=set start=2026-10-02T11:10:43.768+08:00 sets=[mon0=B@+0.7ms/2.1ms/hr=0x00000000 mon1=A@+3.1ms/1.2ms/hr=0x00000000] window_ms=3005 total=0 WM_SETTINGCHANGE=0 WM_DISPLAYCHANGE=0 WM_THEMECHANGED=0 WM_DWMCOLORIZATIONCOLORCHANGED=0 WM_SYSCOLORCHANGE=0 other=0
2026-10-02T11:10:56.734+08:00 CYCLE n=112 label=set start=2026-10-02T11:10:53.712+08:00 sets=[mon0=A@+0.7ms/1.9ms/hr=0x00000000 mon1=B@+11.0ms/1.6ms/hr=0x00000000] window_ms=3013 total=0 WM_SETTINGCHANGE=0 WM_DISPLAYCHANGE=0 WM_THEMECHANGED=0 WM_DWMCOLORIZATIONCOLORCHANGED=0 WM_SYSCOLORCHANGE=0 other=0
2026-10-02T11:11:06.780+08:00 CYCLE n=113 label=set start=2026-10-02T11:11:03.756+08:00 sets=[mon0=B@+0.5ms/1.6ms/hr=0x00000000 mon1=A@+10.2ms/1.3ms/hr=0x00000000] window_ms=3012 total=0 WM_SETTINGCHANGE=0 WM_DISPLAYCHANGE=0 WM_THEMECHANGED=0 WM_DWMCOLORIZATIONCOLORCHANGED=0 WM_SYSCOLORCHANGE=0 other=0
2026-10-02T11:11:16.751+08:00 CYCLE n=114 label=set start=2026-10-02T11:11:13.738+08:00 sets=[mon0=A@+0.5ms/1.6ms/hr=0x00000000 mon1=B@+2.3ms/1.2ms/hr=0x00000000] window_ms=3004 total=0 WM_SETTINGCHANGE=0 WM_DISPLAYCHANGE=0 WM_THEMECHANGED=0 WM_DWMCOLORIZATIONCOLORCHANGED=0 WM_SYSCOLORCHANGE=0 other=0
2026-10-02T11:11:26.795+08:00 CYCLE n=115 label=set start=2026-10-02T11:11:23.773+08:00 sets=[mon0=B@+0.5ms/1.3ms/hr=0x00000000 mon1=A@+10.2ms/1.3ms/hr=0x00000000] window_ms=3012 total=0 WM_SETTINGCHANGE=0 WM_DISPLAYCHANGE=0 WM_THEMECHANGED=0 WM_DWMCOLORIZATIONCOLORCHANGED=0 WM_SYSCOLORCHANGE=0 other=0
2026-10-02T11:11:36.739+08:00 CYCLE n=116 label=set start=2026-10-02T11:11:33.717+08:00 sets=[mon0=A@+0.4ms/1.3ms/hr=0x00000000 mon1=B@+10.2ms/1.3ms/hr=0x00000000] window_ms=3012 total=0 WM_SETTINGCHANGE=0 WM_DISPLAYCHANGE=0 WM_THEMECHANGED=0 WM_DWMCOLORIZATIONCOLORCHANGED=0 WM_SYSCOLORCHANGE=0 other=0
2026-10-02T11:11:46.817+08:00 CYCLE n=117 label=set start=2026-10-02T11:11:43.802+08:00 sets=[mon0=B@+0.5ms/2.1ms/hr=0x00000000 mon1=A@+2.8ms/1.4ms/hr=0x00000000] window_ms=3004 total=0 WM_SETTINGCHANGE=0 WM_DISPLAYCHANGE=0 WM_THEMECHANGED=0 WM_DWMCOLORIZATIONCOLORCHANGED=0 WM_SYSCOLORCHANGE=0 other=0
2026-10-02T11:11:56.766+08:00 CYCLE n=118 label=set start=2026-10-02T11:11:53.742+08:00 sets=[mon0=A@+0.5ms/1.2ms/hr=0x00000000 mon1=B@+9.4ms/1.0ms/hr=0x00000000] window_ms=3011 total=0 WM_SETTINGCHANGE=0 WM_DISPLAYCHANGE=0 WM_THEMECHANGED=0 WM_DWMCOLORIZATIONCOLORCHANGED=0 WM_SYSCOLORCHANGE=0 other=0
2026-10-02T11:12:06.709+08:00 CYCLE n=119 label=set start=2026-10-02T11:12:03.688+08:00 sets=[mon0=B@+0.6ms/2.3ms/hr=0x00000000 mon1=A@+10.8ms/1.5ms/hr=0x00000000] window_ms=3013 total=0 WM_SETTINGCHANGE=0 WM_DISPLAYCHANGE=0 WM_THEMECHANGED=0 WM_DWMCOLORIZATIONCOLORCHANGED=0 WM_SYSCOLORCHANGE=0 other=0
2026-10-02T11:12:16.787+08:00 CYCLE n=120 label=set start=2026-10-02T11:12:13.773+08:00 sets=[mon0=A@+0.5ms/1.1ms/hr=0x00000000 mon1=B@+1.9ms/0.8ms/hr=0x00000000] window_ms=3003 total=0 WM_SETTINGCHANGE=0 WM_DISPLAYCHANGE=0 WM_THEMECHANGED=0 WM_DWMCOLORIZATIONCOLORCHANGED=0 WM_SYSCOLORCHANGE=0 other=0
2026-10-02T11:12:26.725+08:00 CYCLE n=121 label=set start=2026-10-02T11:12:23.710+08:00 sets=[mon0=B@+1.3ms/1.9ms/hr=0x00000000 mon1=A@+3.6ms/2.0ms/hr=0x00000000] window_ms=3006 total=0 WM_SETTINGCHANGE=0 WM_DISPLAYCHANGE=0 WM_THEMECHANGED=0 WM_DWMCOLORIZATIONCOLORCHANGED=0 WM_SYSCOLORCHANGE=0 other=0
2026-10-02T11:12:36.768+08:00 CYCLE n=122 label=set start=2026-10-02T11:12:33.746+08:00 sets=[mon0=A@+0.5ms/1.2ms/hr=0x00000000 mon1=B@+9.4ms/1.0ms/hr=0x00000000] window_ms=3011 total=0 WM_SETTINGCHANGE=0 WM_DISPLAYCHANGE=0 WM_THEMECHANGED=0 WM_DWMCOLORIZATIONCOLORCHANGED=0 WM_SYSCOLORCHANGE=0 other=0
2026-10-02T11:12:46.738+08:00 CYCLE n=123 label=set start=2026-10-02T11:12:43.724+08:00 sets=[mon0=B@+0.5ms/1.7ms/hr=0x00000000 mon1=A@+2.7ms/1.4ms/hr=0x00000000] window_ms=3004 total=0 WM_SETTINGCHANGE=0 WM_DISPLAYCHANGE=0 WM_THEMECHANGED=0 WM_DWMCOLORIZATIONCOLORCHANGED=0 WM_SYSCOLORCHANGE=0 other=0
2026-10-02T11:12:56.782+08:00 CYCLE n=124 label=set start=2026-10-02T11:12:53.760+08:00 sets=[mon0=A@+0.7ms/1.9ms/hr=0x00000000 mon1=B@+10.9ms/1.5ms/hr=0x00000000] window_ms=3013 total=0 WM_SETTINGCHANGE=0 WM_DISPLAYCHANGE=0 WM_THEMECHANGED=0 WM_DWMCOLORIZATIONCOLORCHANGED=0 WM_SYSCOLORCHANGE=0 other=0
2026-10-02T11:13:06.729+08:00 CYCLE n=125 label=set start=2026-10-02T11:13:03.705+08:00 sets=[mon0=B@+0.9ms/1.3ms/hr=0x00000000 mon1=A@+10.0ms/1.3ms/hr=0x00000000] window_ms=3012 total=0 WM_SETTINGCHANGE=0 WM_DISPLAYCHANGE=0 WM_THEMECHANGED=0 WM_DWMCOLORIZATIONCOLORCHANGED=0 WM_SYSCOLORCHANGE=0 other=0
2026-10-02T11:13:16.799+08:00 CYCLE n=126 label=set start=2026-10-02T11:13:13.785+08:00 sets=[mon0=A@+0.4ms/1.2ms/hr=0x00000000 mon1=B@+1.8ms/0.9ms/hr=0x00000000] window_ms=3003 total=0 WM_SETTINGCHANGE=0 WM_DISPLAYCHANGE=0 WM_THEMECHANGED=0 WM_DWMCOLORIZATIONCOLORCHANGED=0 WM_SYSCOLORCHANGE=0 other=0
2026-10-02T11:13:26.735+08:00 CYCLE n=127 label=set start=2026-10-02T11:13:23.721+08:00 sets=[mon0=B@+0.5ms/1.8ms/hr=0x00000000 mon1=A@+2.6ms/0.9ms/hr=0x00000000] window_ms=3004 total=0 WM_SETTINGCHANGE=0 WM_DISPLAYCHANGE=0 WM_THEMECHANGED=0 WM_DWMCOLORIZATIONCOLORCHANGED=0 WM_SYSCOLORCHANGE=0 other=0
2026-10-02T11:13:36.781+08:00 CYCLE n=128 label=set start=2026-10-02T11:13:33.759+08:00 sets=[mon0=A@+0.8ms/1.2ms/hr=0x00000000 mon1=B@+9.7ms/1.1ms/hr=0x00000000] window_ms=3011 total=0 WM_SETTINGCHANGE=0 WM_DISPLAYCHANGE=0 WM_THEMECHANGED=0 WM_DWMCOLORIZATIONCOLORCHANGED=0 WM_SYSCOLORCHANGE=0 other=0
2026-10-02T11:13:46.763+08:00 CYCLE n=129 label=set start=2026-10-02T11:13:43.749+08:00 sets=[mon0=B@+0.4ms/1.1ms/hr=0x00000000 mon1=A@+1.9ms/0.9ms/hr=0x00000000] window_ms=3003 total=0 WM_SETTINGCHANGE=0 WM_DISPLAYCHANGE=0 WM_THEMECHANGED=0 WM_DWMCOLORIZATIONCOLORCHANGED=0 WM_SYSCOLORCHANGE=0 other=0
2026-10-02T11:13:56.705+08:00 CYCLE n=130 label=set start=2026-10-02T11:13:53.685+08:00 sets=[mon0=A@+0.6ms/1.7ms/hr=0x00000000 mon1=B@+10.3ms/1.2ms/hr=0x00000000] window_ms=3012 total=0 WM_SETTINGCHANGE=0 WM_DISPLAYCHANGE=0 WM_THEMECHANGED=0 WM_DWMCOLORIZATIONCOLORCHANGED=0 WM_SYSCOLORCHANGE=0 other=0
2026-10-02T11:14:06.740+08:00 CYCLE n=131 label=set start=2026-10-02T11:14:03.727+08:00 sets=[mon0=B@+0.5ms/2.0ms/hr=0x00000000 mon1=A@+2.7ms/1.6ms/hr=0x00000000] window_ms=3004 total=0 WM_SETTINGCHANGE=0 WM_DISPLAYCHANGE=0 WM_THEMECHANGED=0 WM_DWMCOLORIZATIONCOLORCHANGED=0 WM_SYSCOLORCHANGE=0 other=0
2026-10-02T11:14:16.818+08:00 CYCLE n=132 label=set start=2026-10-02T11:14:13.803+08:00 sets=[mon0=A@+0.4ms/1.6ms/hr=0x00000000 mon1=B@+2.6ms/0.9ms/hr=0x00000000] window_ms=3004 total=0 WM_SETTINGCHANGE=0 WM_DISPLAYCHANGE=0 WM_THEMECHANGED=0 WM_DWMCOLORIZATIONCOLORCHANGED=0 WM_SYSCOLORCHANGE=0 other=0
2026-10-02T11:14:26.763+08:00 CYCLE n=133 label=set start=2026-10-02T11:14:23.742+08:00 sets=[mon0=B@+0.5ms/1.5ms/hr=0x00000000 mon1=A@+10.6ms/1.8ms/hr=0x00000000] window_ms=3013 total=0 WM_SETTINGCHANGE=0 WM_DISPLAYCHANGE=0 WM_THEMECHANGED=0 WM_DWMCOLORIZATIONCOLORCHANGED=0 WM_SYSCOLORCHANGE=0 other=0
2026-10-02T11:14:36.704+08:00 CYCLE n=134 label=set start=2026-10-02T11:14:33.685+08:00 sets=[mon0=A@+0.4ms/1.2ms/hr=0x00000000 mon1=B@+9.4ms/1.3ms/hr=0x00000000] window_ms=3011 total=0 WM_SETTINGCHANGE=0 WM_DISPLAYCHANGE=0 WM_THEMECHANGED=0 WM_DWMCOLORIZATIONCOLORCHANGED=0 WM_SYSCOLORCHANGE=0 other=0
2026-10-02T11:14:46.778+08:00 CYCLE n=135 label=set start=2026-10-02T11:14:43.765+08:00 sets=[mon0=B@+0.5ms/1.7ms/hr=0x00000000 mon1=A@+2.5ms/1.1ms/hr=0x00000000] window_ms=3004 total=0 WM_SETTINGCHANGE=0 WM_DISPLAYCHANGE=0 WM_THEMECHANGED=0 WM_DWMCOLORIZATIONCOLORCHANGED=0 WM_SYSCOLORCHANGE=0 other=0
2026-10-02T11:14:56.721+08:00 CYCLE n=136 label=set start=2026-10-02T11:14:53.699+08:00 sets=[mon0=A@+0.4ms/1.8ms/hr=0x00000000 mon1=B@+10.1ms/1.6ms/hr=0x00000000] window_ms=3012 total=0 WM_SETTINGCHANGE=0 WM_DISPLAYCHANGE=0 WM_THEMECHANGED=0 WM_DWMCOLORIZATIONCOLORCHANGED=0 WM_SYSCOLORCHANGE=0 other=0
2026-10-02T11:15:06.766+08:00 CYCLE n=137 label=set start=2026-10-02T11:15:03.746+08:00 sets=[mon0=B@+0.7ms/1.3ms/hr=0x00000000 mon1=A@+9.9ms/1.5ms/hr=0x00000000] window_ms=3012 total=0 WM_SETTINGCHANGE=0 WM_DISPLAYCHANGE=0 WM_THEMECHANGED=0 WM_DWMCOLORIZATIONCOLORCHANGED=0 WM_SYSCOLORCHANGE=0 other=0
2026-10-02T11:15:16.742+08:00 CYCLE n=138 label=set start=2026-10-02T11:15:13.728+08:00 sets=[mon0=A@+0.4ms/1.6ms/hr=0x00000000 mon1=B@+2.3ms/1.0ms/hr=0x00000000] window_ms=3004 total=0 WM_SETTINGCHANGE=0 WM_DISPLAYCHANGE=0 WM_THEMECHANGED=0 WM_DWMCOLORIZATIONCOLORCHANGED=0 WM_SYSCOLORCHANGE=0 other=0
2026-10-02T11:15:26.788+08:00 CYCLE n=139 label=set start=2026-10-02T11:15:23.766+08:00 sets=[mon0=B@+0.5ms/2.2ms/hr=0x00000000 mon1=A@+10.8ms/1.4ms/hr=0x00000000] window_ms=3012 total=0 WM_SETTINGCHANGE=0 WM_DISPLAYCHANGE=0 WM_THEMECHANGED=0 WM_DWMCOLORIZATIONCOLORCHANGED=0 WM_SYSCOLORCHANGE=0 other=0
2026-10-02T11:15:36.724+08:00 CYCLE n=140 label=set start=2026-10-02T11:15:33.709+08:00 sets=[mon0=A@+0.7ms/1.4ms/hr=0x00000000 mon1=B@+3.3ms/1.0ms/hr=0x00000000] window_ms=3005 total=0 WM_SETTINGCHANGE=0 WM_DISPLAYCHANGE=0 WM_THEMECHANGED=0 WM_DWMCOLORIZATIONCOLORCHANGED=0 WM_SYSCOLORCHANGE=0 other=0
2026-10-02T11:15:46.800+08:00 CYCLE n=141 label=set start=2026-10-02T11:15:43.785+08:00 sets=[mon0=B@+0.7ms/1.7ms/hr=0x00000000 mon1=A@+2.6ms/1.2ms/hr=0x00000000] window_ms=3004 total=0 WM_SETTINGCHANGE=0 WM_DISPLAYCHANGE=0 WM_THEMECHANGED=0 WM_DWMCOLORIZATIONCOLORCHANGED=0 WM_SYSCOLORCHANGE=0 other=0
2026-10-02T11:15:56.743+08:00 CYCLE n=142 label=set start=2026-10-02T11:15:53.720+08:00 sets=[mon0=A@+0.7ms/1.6ms/hr=0x00000000 mon1=B@+10.2ms/1.4ms/hr=0x00000000] window_ms=3012 total=0 WM_SETTINGCHANGE=0 WM_DISPLAYCHANGE=0 WM_THEMECHANGED=0 WM_DWMCOLORIZATIONCOLORCHANGED=0 WM_SYSCOLORCHANGE=0 other=0
2026-10-02T11:16:06.788+08:00 CYCLE n=143 label=set start=2026-10-02T11:16:03.766+08:00 sets=[mon0=B@+0.5ms/1.5ms/hr=0x00000000 mon1=A@+10.1ms/1.2ms/hr=0x00000000] window_ms=3011 total=0 WM_SETTINGCHANGE=0 WM_DISPLAYCHANGE=0 WM_THEMECHANGED=0 WM_DWMCOLORIZATIONCOLORCHANGED=0 WM_SYSCOLORCHANGE=0 other=0
2026-10-02T11:16:16.763+08:00 CYCLE n=144 label=set start=2026-10-02T11:16:13.749+08:00 sets=[mon0=A@+0.5ms/2.0ms/hr=0x00000000 mon1=B@+2.7ms/1.1ms/hr=0x00000000] window_ms=3004 total=0 WM_SETTINGCHANGE=0 WM_DISPLAYCHANGE=0 WM_THEMECHANGED=0 WM_DWMCOLORIZATIONCOLORCHANGED=0 WM_SYSCOLORCHANGE=0 other=0
2026-10-02T11:16:26.710+08:00 CYCLE n=145 label=set start=2026-10-02T11:16:23.687+08:00 sets=[mon0=B@+0.5ms/1.7ms/hr=0x00000000 mon1=A@+10.4ms/1.7ms/hr=0x00000000] window_ms=3012 total=0 WM_SETTINGCHANGE=0 WM_DISPLAYCHANGE=0 WM_THEMECHANGED=0 WM_DWMCOLORIZATIONCOLORCHANGED=0 WM_SYSCOLORCHANGE=0 other=0
2026-10-02T11:16:36.746+08:00 CYCLE n=146 label=set start=2026-10-02T11:16:33.733+08:00 sets=[mon0=A@+0.5ms/1.3ms/hr=0x00000000 mon1=B@+2.3ms/1.0ms/hr=0x00000000] window_ms=3003 total=0 WM_SETTINGCHANGE=0 WM_DISPLAYCHANGE=0 WM_THEMECHANGED=0 WM_DWMCOLORIZATIONCOLORCHANGED=0 WM_SYSCOLORCHANGE=0 other=0
2026-10-02T11:16:46.815+08:00 CYCLE n=147 label=set start=2026-10-02T11:16:43.801+08:00 sets=[mon0=B@+0.5ms/1.6ms/hr=0x00000000 mon1=A@+2.3ms/1.3ms/hr=0x00000000] window_ms=3004 total=0 WM_SETTINGCHANGE=0 WM_DISPLAYCHANGE=0 WM_THEMECHANGED=0 WM_DWMCOLORIZATIONCOLORCHANGED=0 WM_SYSCOLORCHANGE=0 other=0
2026-10-02T11:16:56.750+08:00 CYCLE n=148 label=set start=2026-10-02T11:16:53.737+08:00 sets=[mon0=A@+0.7ms/1.3ms/hr=0x00000000 mon1=B@+2.4ms/0.9ms/hr=0x00000000] window_ms=3003 total=0 WM_SETTINGCHANGE=0 WM_DISPLAYCHANGE=0 WM_THEMECHANGED=0 WM_DWMCOLORIZATIONCOLORCHANGED=0 WM_SYSCOLORCHANGE=0 other=0
2026-10-02T11:17:06.795+08:00 CYCLE n=149 label=set start=2026-10-02T11:17:03.773+08:00 sets=[mon0=B@+0.5ms/1.6ms/hr=0x00000000 mon1=A@+10.1ms/1.7ms/hr=0x00000000] window_ms=3012 total=0 WM_SETTINGCHANGE=0 WM_DISPLAYCHANGE=0 WM_THEMECHANGED=0 WM_DWMCOLORIZATIONCOLORCHANGED=0 WM_SYSCOLORCHANGE=0 other=0
2026-10-02T11:17:16.770+08:00 CYCLE n=150 label=set start=2026-10-02T11:17:13.754+08:00 sets=[mon0=A@+0.5ms/2.2ms/hr=0x00000000 mon1=B@+3.4ms/1.7ms/hr=0x00000000] window_ms=3005 total=0 WM_SETTINGCHANGE=0 WM_DISPLAYCHANGE=0 WM_THEMECHANGED=0 WM_DWMCOLORIZATIONCOLORCHANGED=0 WM_SYSCOLORCHANGE=0 other=0
2026-10-02T11:17:26.719+08:00 CYCLE n=151 label=set start=2026-10-02T11:17:23.694+08:00 sets=[mon0=B@+0.4ms/1.5ms/hr=0x00000000 mon1=A@+12.2ms/1.5ms/hr=0x00000000] window_ms=3014 total=0 WM_SETTINGCHANGE=0 WM_DISPLAYCHANGE=0 WM_THEMECHANGED=0 WM_DWMCOLORIZATIONCOLORCHANGED=0 WM_SYSCOLORCHANGE=0 other=0
2026-10-02T11:17:36.767+08:00 CYCLE n=152 label=set start=2026-10-02T11:17:33.744+08:00 sets=[mon0=A@+0.7ms/1.7ms/hr=0x00000000 mon1=B@+10.9ms/1.6ms/hr=0x00000000] window_ms=3013 total=0 WM_SETTINGCHANGE=0 WM_DISPLAYCHANGE=0 WM_THEMECHANGED=0 WM_DWMCOLORIZATIONCOLORCHANGED=0 WM_SYSCOLORCHANGE=0 other=0
2026-10-02T11:17:46.735+08:00 CYCLE n=153 label=set start=2026-10-02T11:17:43.722+08:00 sets=[mon0=B@+0.5ms/1.3ms/hr=0x00000000 mon1=A@+2.2ms/0.9ms/hr=0x00000000] window_ms=3003 total=0 WM_SETTINGCHANGE=0 WM_DISPLAYCHANGE=0 WM_THEMECHANGED=0 WM_DWMCOLORIZATIONCOLORCHANGED=0 WM_SYSCOLORCHANGE=0 other=0
2026-10-02T11:17:56.772+08:00 CYCLE n=154 label=set start=2026-10-02T11:17:53.757+08:00 sets=[mon0=A@+0.5ms/1.4ms/hr=0x00000000 mon1=B@+2.4ms/1.5ms/hr=0x00000000] window_ms=3004 total=0 WM_SETTINGCHANGE=0 WM_DISPLAYCHANGE=0 WM_THEMECHANGED=0 WM_DWMCOLORIZATIONCOLORCHANGED=0 WM_SYSCOLORCHANGE=0 other=0
2026-10-02T11:18:06.717+08:00 CYCLE n=155 label=set start=2026-10-02T11:18:03.695+08:00 sets=[mon0=B@+0.5ms/1.7ms/hr=0x00000000 mon1=A@+10.1ms/1.3ms/hr=0x00000000] window_ms=3012 total=0 WM_SETTINGCHANGE=0 WM_DISPLAYCHANGE=0 WM_THEMECHANGED=0 WM_DWMCOLORIZATIONCOLORCHANGED=0 WM_SYSCOLORCHANGE=0 other=0
2026-10-02T11:18:16.788+08:00 CYCLE n=156 label=set start=2026-10-02T11:18:13.775+08:00 sets=[mon0=A@+0.5ms/1.8ms/hr=0x00000000 mon1=B@+2.5ms/1.1ms/hr=0x00000000] window_ms=3004 total=0 WM_SETTINGCHANGE=0 WM_DISPLAYCHANGE=0 WM_THEMECHANGED=0 WM_DWMCOLORIZATIONCOLORCHANGED=0 WM_SYSCOLORCHANGE=0 other=0
2026-10-02T11:18:26.734+08:00 CYCLE n=157 label=set start=2026-10-02T11:18:23.712+08:00 sets=[mon0=B@+0.5ms/1.6ms/hr=0x00000000 mon1=A@+10.5ms/1.1ms/hr=0x00000000] window_ms=3012 total=0 WM_SETTINGCHANGE=0 WM_DISPLAYCHANGE=0 WM_THEMECHANGED=0 WM_DWMCOLORIZATIONCOLORCHANGED=0 WM_SYSCOLORCHANGE=0 other=0
2026-10-02T11:18:36.780+08:00 CYCLE n=158 label=set start=2026-10-02T11:18:33.758+08:00 sets=[mon0=A@+0.5ms/1.2ms/hr=0x00000000 mon1=B@+9.6ms/1.4ms/hr=0x00000000] window_ms=3011 total=0 WM_SETTINGCHANGE=0 WM_DISPLAYCHANGE=0 WM_THEMECHANGED=0 WM_DWMCOLORIZATIONCOLORCHANGED=0 WM_SYSCOLORCHANGE=0 other=0
2026-10-02T11:18:46.762+08:00 CYCLE n=159 label=set start=2026-10-02T11:18:43.746+08:00 sets=[mon0=B@+0.6ms/1.8ms/hr=0x00000000 mon1=A@+2.8ms/1.8ms/hr=0x00000000] window_ms=3005 total=0 WM_SETTINGCHANGE=0 WM_DISPLAYCHANGE=0 WM_THEMECHANGED=0 WM_DWMCOLORIZATIONCOLORCHANGED=0 WM_SYSCOLORCHANGE=0 other=0
2026-10-02T11:18:56.701+08:00 CYCLE n=160 label=set start=2026-10-02T11:18:53.685+08:00 sets=[mon0=A@+0.6ms/1.4ms/hr=0x00000000 mon1=B@+2.6ms/1.4ms/hr=0x00000000] window_ms=3004 total=0 WM_SETTINGCHANGE=0 WM_DISPLAYCHANGE=0 WM_THEMECHANGED=0 WM_DWMCOLORIZATIONCOLORCHANGED=0 WM_SYSCOLORCHANGE=0 other=0
2026-10-02T11:19:06.735+08:00 CYCLE n=161 label=set start=2026-10-02T11:19:03.722+08:00 sets=[mon0=B@+0.5ms/1.3ms/hr=0x00000000 mon1=A@+2.6ms/1.0ms/hr=0x00000000] window_ms=3004 total=0 WM_SETTINGCHANGE=0 WM_DISPLAYCHANGE=0 WM_THEMECHANGED=0 WM_DWMCOLORIZATIONCOLORCHANGED=0 WM_SYSCOLORCHANGE=0 other=0
2026-10-02T11:19:16.802+08:00 CYCLE n=162 label=set start=2026-10-02T11:19:13.786+08:00 sets=[mon0=A@+0.5ms/1.7ms/hr=0x00000000 mon1=B@+2.4ms/1.3ms/hr=0x00000000] window_ms=3004 total=0 WM_SETTINGCHANGE=0 WM_DISPLAYCHANGE=0 WM_THEMECHANGED=0 WM_DWMCOLORIZATIONCOLORCHANGED=0 WM_SYSCOLORCHANGE=0 other=0
2026-10-02T11:19:26.736+08:00 CYCLE n=163 label=set start=2026-10-02T11:19:23.722+08:00 sets=[mon0=B@+0.6ms/1.9ms/hr=0x00000000 mon1=A@+2.9ms/1.3ms/hr=0x00000000] window_ms=3005 total=0 WM_SETTINGCHANGE=0 WM_DISPLAYCHANGE=0 WM_THEMECHANGED=0 WM_DWMCOLORIZATIONCOLORCHANGED=0 WM_SYSCOLORCHANGE=0 other=0
2026-10-02T11:19:36.770+08:00 CYCLE n=164 label=set start=2026-10-02T11:19:33.755+08:00 sets=[mon0=A@+0.5ms/1.6ms/hr=0x00000000 mon1=B@+2.6ms/1.5ms/hr=0x00000000] window_ms=3004 total=0 WM_SETTINGCHANGE=0 WM_DISPLAYCHANGE=0 WM_THEMECHANGED=0 WM_DWMCOLORIZATIONCOLORCHANGED=0 WM_SYSCOLORCHANGE=0 other=0
2026-10-02T11:19:46.743+08:00 CYCLE n=165 label=set start=2026-10-02T11:19:43.728+08:00 sets=[mon0=B@+0.5ms/1.5ms/hr=0x00000000 mon1=A@+2.3ms/1.3ms/hr=0x00000000] window_ms=3004 total=0 WM_SETTINGCHANGE=0 WM_DISPLAYCHANGE=0 WM_THEMECHANGED=0 WM_DWMCOLORIZATIONCOLORCHANGED=0 WM_SYSCOLORCHANGE=0 other=0
2026-10-02T11:19:56.782+08:00 CYCLE n=166 label=set start=2026-10-02T11:19:53.769+08:00 sets=[mon0=A@+0.6ms/1.2ms/hr=0x00000000 mon1=B@+2.3ms/0.9ms/hr=0x00000000] window_ms=3003 total=0 WM_SETTINGCHANGE=0 WM_DISPLAYCHANGE=0 WM_THEMECHANGED=0 WM_DWMCOLORIZATIONCOLORCHANGED=0 WM_SYSCOLORCHANGE=0 other=0
2026-10-02T11:20:06.713+08:00 CYCLE n=167 label=set start=2026-10-02T11:20:03.701+08:00 sets=[mon0=B@+0.4ms/1.3ms/hr=0x00000000 mon1=A@+2.2ms/1.3ms/hr=0x00000000] window_ms=3004 total=0 WM_SETTINGCHANGE=0 WM_DISPLAYCHANGE=0 WM_THEMECHANGED=0 WM_DWMCOLORIZATIONCOLORCHANGED=0 WM_SYSCOLORCHANGE=0 other=0
2026-10-02T11:20:16.782+08:00 CYCLE n=168 label=set start=2026-10-02T11:20:13.766+08:00 sets=[mon0=A@+0.8ms/1.9ms/hr=0x00000000 mon1=B@+3.3ms/2.3ms/hr=0x00000000] window_ms=3006 total=0 WM_SETTINGCHANGE=0 WM_DISPLAYCHANGE=0 WM_THEMECHANGED=0 WM_DWMCOLORIZATIONCOLORCHANGED=0 WM_SYSCOLORCHANGE=0 other=0
2026-10-02T11:20:26.719+08:00 CYCLE n=169 label=set start=2026-10-02T11:20:23.705+08:00 sets=[mon0=B@+0.9ms/1.7ms/hr=0x00000000 mon1=A@+3.1ms/1.3ms/hr=0x00000000] window_ms=3005 total=0 WM_SETTINGCHANGE=0 WM_DISPLAYCHANGE=0 WM_THEMECHANGED=0 WM_DWMCOLORIZATIONCOLORCHANGED=0 WM_SYSCOLORCHANGE=0 other=0
2026-10-02T11:20:36.767+08:00 CYCLE n=170 label=set start=2026-10-02T11:20:33.741+08:00 sets=[mon0=A@+1.0ms/1.7ms/hr=0x00000000 mon1=B@+14.1ms/1.3ms/hr=0x00000000] window_ms=3016 total=0 WM_SETTINGCHANGE=0 WM_DISPLAYCHANGE=0 WM_THEMECHANGED=0 WM_DWMCOLORIZATIONCOLORCHANGED=0 WM_SYSCOLORCHANGE=0 other=0
2026-10-02T11:20:46.739+08:00 CYCLE n=171 label=set start=2026-10-02T11:20:43.724+08:00 sets=[mon0=B@+0.5ms/1.9ms/hr=0x00000000 mon1=A@+2.6ms/1.5ms/hr=0x00000000] window_ms=3004 total=0 WM_SETTINGCHANGE=0 WM_DISPLAYCHANGE=0 WM_THEMECHANGED=0 WM_DWMCOLORIZATIONCOLORCHANGED=0 WM_SYSCOLORCHANGE=0 other=0
2026-10-02T11:20:56.782+08:00 CYCLE n=172 label=set start=2026-10-02T11:20:53.763+08:00 sets=[mon0=A@+0.6ms/1.2ms/hr=0x00000000 mon1=B@+9.8ms/1.5ms/hr=0x00000000] window_ms=3012 total=0 WM_SETTINGCHANGE=0 WM_DISPLAYCHANGE=0 WM_THEMECHANGED=0 WM_DWMCOLORIZATIONCOLORCHANGED=0 WM_SYSCOLORCHANGE=0 other=0
2026-10-02T11:21:06.719+08:00 CYCLE n=173 label=set start=2026-10-02T11:21:03.703+08:00 sets=[mon0=B@+0.9ms/1.5ms/hr=0x00000000 mon1=A@+3.1ms/1.5ms/hr=0x00000000] window_ms=3005 total=0 WM_SETTINGCHANGE=0 WM_DISPLAYCHANGE=0 WM_THEMECHANGED=0 WM_DWMCOLORIZATIONCOLORCHANGED=0 WM_SYSCOLORCHANGE=0 other=0
2026-10-02T11:21:16.796+08:00 CYCLE n=174 label=set start=2026-10-02T11:21:13.782+08:00 sets=[mon0=A@+0.5ms/1.5ms/hr=0x00000000 mon1=B@+2.3ms/1.9ms/hr=0x00000000] window_ms=3004 total=0 WM_SETTINGCHANGE=0 WM_DISPLAYCHANGE=0 WM_THEMECHANGED=0 WM_DWMCOLORIZATIONCOLORCHANGED=0 WM_SYSCOLORCHANGE=0 other=0
2026-10-02T11:21:26.730+08:00 CYCLE n=175 label=set start=2026-10-02T11:21:23.717+08:00 sets=[mon0=B@+0.5ms/1.1ms/hr=0x00000000 mon1=A@+2.2ms/0.9ms/hr=0x00000000] window_ms=3003 total=0 WM_SETTINGCHANGE=0 WM_DISPLAYCHANGE=0 WM_THEMECHANGED=0 WM_DWMCOLORIZATIONCOLORCHANGED=0 WM_SYSCOLORCHANGE=0 other=0
2026-10-02T11:21:36.774+08:00 CYCLE n=176 label=set start=2026-10-02T11:21:33.752+08:00 sets=[mon0=A@+1.1ms/2.1ms/hr=0x00000000 mon1=B@+11.1ms/1.3ms/hr=0x00000000] window_ms=3013 total=0 WM_SETTINGCHANGE=0 WM_DISPLAYCHANGE=0 WM_THEMECHANGED=0 WM_DWMCOLORIZATIONCOLORCHANGED=0 WM_SYSCOLORCHANGE=0 other=0
2026-10-02T11:21:46.751+08:00 CYCLE n=177 label=set start=2026-10-02T11:21:43.736+08:00 sets=[mon0=B@+0.7ms/2.2ms/hr=0x00000000 mon1=A@+3.3ms/1.4ms/hr=0x00000000] window_ms=3005 total=0 WM_SETTINGCHANGE=0 WM_DISPLAYCHANGE=0 WM_THEMECHANGED=0 WM_DWMCOLORIZATIONCOLORCHANGED=0 WM_SYSCOLORCHANGE=0 other=0
2026-10-02T11:21:56.788+08:00 CYCLE n=178 label=set start=2026-10-02T11:21:53.774+08:00 sets=[mon0=A@+0.6ms/1.7ms/hr=0x00000000 mon1=B@+3.4ms/1.6ms/hr=0x00000000] window_ms=3005 total=0 WM_SETTINGCHANGE=0 WM_DISPLAYCHANGE=0 WM_THEMECHANGED=0 WM_DWMCOLORIZATIONCOLORCHANGED=0 WM_SYSCOLORCHANGE=0 other=0
2026-10-02T11:22:06.729+08:00 CYCLE n=179 label=set start=2026-10-02T11:22:03.708+08:00 sets=[mon0=B@+0.4ms/1.6ms/hr=0x00000000 mon1=A@+10.3ms/1.5ms/hr=0x00000000] window_ms=3012 total=0 WM_SETTINGCHANGE=0 WM_DISPLAYCHANGE=0 WM_THEMECHANGED=0 WM_DWMCOLORIZATIONCOLORCHANGED=0 WM_SYSCOLORCHANGE=0 other=0
2026-10-02T11:22:16.802+08:00 CYCLE n=180 label=set start=2026-10-02T11:22:13.788+08:00 sets=[mon0=A@+0.5ms/2.0ms/hr=0x00000000 mon1=B@+2.8ms/1.4ms/hr=0x00000000] window_ms=3004 total=0 WM_SETTINGCHANGE=0 WM_DISPLAYCHANGE=0 WM_THEMECHANGED=0 WM_DWMCOLORIZATIONCOLORCHANGED=0 WM_SYSCOLORCHANGE=0 other=0
2026-10-02T11:22:26.735+08:00 CYCLE n=181 label=set start=2026-10-02T11:22:23.722+08:00 sets=[mon0=B@+0.7ms/1.6ms/hr=0x00000000 mon1=A@+2.7ms/1.0ms/hr=0x00000000] window_ms=3004 total=0 WM_SETTINGCHANGE=0 WM_DISPLAYCHANGE=0 WM_THEMECHANGED=0 WM_DWMCOLORIZATIONCOLORCHANGED=0 WM_SYSCOLORCHANGE=0 other=0
2026-10-02T11:22:36.781+08:00 CYCLE n=182 label=set start=2026-10-02T11:22:33.759+08:00 sets=[mon0=A@+0.5ms/1.3ms/hr=0x00000000 mon1=B@+9.8ms/1.8ms/hr=0x00000000] window_ms=3012 total=0 WM_SETTINGCHANGE=0 WM_DISPLAYCHANGE=0 WM_THEMECHANGED=0 WM_DWMCOLORIZATIONCOLORCHANGED=0 WM_SYSCOLORCHANGE=0 other=0
2026-10-02T11:22:46.760+08:00 CYCLE n=183 label=set start=2026-10-02T11:22:43.744+08:00 sets=[mon0=B@+0.5ms/1.6ms/hr=0x00000000 mon1=A@+2.4ms/1.4ms/hr=0x00000000] window_ms=3004 total=0 WM_SETTINGCHANGE=0 WM_DISPLAYCHANGE=0 WM_THEMECHANGED=0 WM_DWMCOLORIZATIONCOLORCHANGED=0 WM_SYSCOLORCHANGE=0 other=0
2026-10-02T11:22:56.804+08:00 CYCLE n=184 label=set start=2026-10-02T11:22:53.782+08:00 sets=[mon0=A@+0.5ms/2.1ms/hr=0x00000000 mon1=B@+10.3ms/1.9ms/hr=0x00000000] window_ms=3013 total=0 WM_SETTINGCHANGE=0 WM_DISPLAYCHANGE=0 WM_THEMECHANGED=0 WM_DWMCOLORIZATIONCOLORCHANGED=0 WM_SYSCOLORCHANGE=0 other=0
2026-10-02T11:23:06.747+08:00 CYCLE n=185 label=set start=2026-10-02T11:23:03.727+08:00 sets=[mon0=B@+0.7ms/1.9ms/hr=0x00000000 mon1=A@+10.7ms/1.8ms/hr=0x00000000] window_ms=3013 total=0 WM_SETTINGCHANGE=0 WM_DISPLAYCHANGE=0 WM_THEMECHANGED=0 WM_DWMCOLORIZATIONCOLORCHANGED=0 WM_SYSCOLORCHANGE=0 other=0
2026-10-02T11:23:16.825+08:00 CYCLE n=186 label=set start=2026-10-02T11:23:13.810+08:00 sets=[mon0=A@+0.7ms/1.7ms/hr=0x00000000 mon1=B@+2.9ms/1.3ms/hr=0x00000000] window_ms=3004 total=0 WM_SETTINGCHANGE=0 WM_DISPLAYCHANGE=0 WM_THEMECHANGED=0 WM_DWMCOLORIZATIONCOLORCHANGED=0 WM_SYSCOLORCHANGE=0 other=0
2026-10-02T11:23:26.761+08:00 CYCLE n=187 label=set start=2026-10-02T11:23:23.748+08:00 sets=[mon0=B@+0.6ms/1.3ms/hr=0x00000000 mon1=A@+2.2ms/0.9ms/hr=0x00000000] window_ms=3003 total=0 WM_SETTINGCHANGE=0 WM_DISPLAYCHANGE=0 WM_THEMECHANGED=0 WM_DWMCOLORIZATIONCOLORCHANGED=0 WM_SYSCOLORCHANGE=0 other=0
2026-10-02T11:23:36.711+08:00 CYCLE n=188 label=set start=2026-10-02T11:23:33.686+08:00 sets=[mon0=A@+0.3ms/1.9ms/hr=0x00000000 mon1=B@+13.8ms/1.3ms/hr=0x00000000] window_ms=3015 total=0 WM_SETTINGCHANGE=0 WM_DISPLAYCHANGE=0 WM_THEMECHANGED=0 WM_DWMCOLORIZATIONCOLORCHANGED=0 WM_SYSCOLORCHANGE=0 other=0
2026-10-02T11:23:46.784+08:00 CYCLE n=189 label=set start=2026-10-02T11:23:43.769+08:00 sets=[mon0=B@+0.5ms/1.7ms/hr=0x00000000 mon1=A@+2.5ms/1.3ms/hr=0x00000000] window_ms=3004 total=0 WM_SETTINGCHANGE=0 WM_DISPLAYCHANGE=0 WM_THEMECHANGED=0 WM_DWMCOLORIZATIONCOLORCHANGED=0 WM_SYSCOLORCHANGE=0 other=0
2026-10-02T11:23:56.720+08:00 CYCLE n=190 label=set start=2026-10-02T11:23:53.705+08:00 sets=[mon0=A@+0.9ms/2.1ms/hr=0x00000000 mon1=B@+3.9ms/1.5ms/hr=0x00000000] window_ms=3006 total=0 WM_SETTINGCHANGE=0 WM_DISPLAYCHANGE=0 WM_THEMECHANGED=0 WM_DWMCOLORIZATIONCOLORCHANGED=0 WM_SYSCOLORCHANGE=0 other=0
2026-10-02T11:24:06.765+08:00 CYCLE n=191 label=set start=2026-10-02T11:24:03.743+08:00 sets=[mon0=B@+0.4ms/1.8ms/hr=0x00000000 mon1=A@+10.0ms/1.6ms/hr=0x00000000] window_ms=3012 total=0 WM_SETTINGCHANGE=0 WM_DISPLAYCHANGE=0 WM_THEMECHANGED=0 WM_DWMCOLORIZATIONCOLORCHANGED=0 WM_SYSCOLORCHANGE=0 other=0
2026-10-02T11:24:16.738+08:00 CYCLE n=192 label=set start=2026-10-02T11:24:13.723+08:00 sets=[mon0=A@+0.5ms/1.5ms/hr=0x00000000 mon1=B@+2.2ms/1.3ms/hr=0x00000000] window_ms=3004 total=0 WM_SETTINGCHANGE=0 WM_DISPLAYCHANGE=0 WM_THEMECHANGED=0 WM_DWMCOLORIZATIONCOLORCHANGED=0 WM_SYSCOLORCHANGE=0 other=0
2026-10-02T11:24:26.783+08:00 CYCLE n=193 label=set start=2026-10-02T11:24:23.759+08:00 sets=[mon0=B@+0.6ms/1.5ms/hr=0x00000000 mon1=A@+10.2ms/1.6ms/hr=0x00000000] window_ms=3012 total=0 WM_SETTINGCHANGE=0 WM_DISPLAYCHANGE=0 WM_THEMECHANGED=0 WM_DWMCOLORIZATIONCOLORCHANGED=0 WM_SYSCOLORCHANGE=0 other=0
2026-10-02T11:24:36.730+08:00 CYCLE n=194 label=set start=2026-10-02T11:24:33.707+08:00 sets=[mon0=A@+0.4ms/1.8ms/hr=0x00000000 mon1=B@+10.2ms/1.9ms/hr=0x00000000] window_ms=3012 total=0 WM_SETTINGCHANGE=0 WM_DISPLAYCHANGE=0 WM_THEMECHANGED=0 WM_DWMCOLORIZATIONCOLORCHANGED=0 WM_SYSCOLORCHANGE=0 other=0
2026-10-02T11:24:46.811+08:00 CYCLE n=195 label=set start=2026-10-02T11:24:43.795+08:00 sets=[mon0=B@+0.5ms/2.1ms/hr=0x00000000 mon1=A@+3.0ms/1.2ms/hr=0x00000000] window_ms=3004 total=0 WM_SETTINGCHANGE=0 WM_DISPLAYCHANGE=0 WM_THEMECHANGED=0 WM_DWMCOLORIZATIONCOLORCHANGED=0 WM_SYSCOLORCHANGE=0 other=0
2026-10-02T11:24:56.755+08:00 CYCLE n=196 label=set start=2026-10-02T11:24:53.734+08:00 sets=[mon0=A@+0.4ms/1.4ms/hr=0x00000000 mon1=B@+9.5ms/1.8ms/hr=0x00000000] window_ms=3012 total=0 WM_SETTINGCHANGE=0 WM_DISPLAYCHANGE=0 WM_THEMECHANGED=0 WM_DWMCOLORIZATIONCOLORCHANGED=0 WM_SYSCOLORCHANGE=0 other=0
2026-10-02T11:25:06.792+08:00 CYCLE n=197 label=set start=2026-10-02T11:25:03.778+08:00 sets=[mon0=B@+1.0ms/2.4ms/hr=0x00000000 mon1=A@+4.3ms/1.8ms/hr=0x00000000] window_ms=3006 total=0 WM_SETTINGCHANGE=0 WM_DISPLAYCHANGE=0 WM_THEMECHANGED=0 WM_DWMCOLORIZATIONCOLORCHANGED=0 WM_SYSCOLORCHANGE=0 other=0
2026-10-02T11:25:16.772+08:00 CYCLE n=198 label=set start=2026-10-02T11:25:13.759+08:00 sets=[mon0=A@+0.7ms/1.6ms/hr=0x00000000 mon1=B@+2.5ms/1.4ms/hr=0x00000000] window_ms=3004 total=0 WM_SETTINGCHANGE=0 WM_DISPLAYCHANGE=0 WM_THEMECHANGED=0 WM_DWMCOLORIZATIONCOLORCHANGED=0 WM_SYSCOLORCHANGE=0 other=0
2026-10-02T11:25:26.720+08:00 CYCLE n=199 label=set start=2026-10-02T11:25:23.696+08:00 sets=[mon0=B@+0.7ms/2.2ms/hr=0x00000000 mon1=A@+10.8ms/1.9ms/hr=0x00000000] window_ms=3013 total=0 WM_SETTINGCHANGE=0 WM_DISPLAYCHANGE=0 WM_THEMECHANGED=0 WM_DWMCOLORIZATIONCOLORCHANGED=0 WM_SYSCOLORCHANGE=0 other=0
2026-10-02T11:25:36.764+08:00 CYCLE n=200 label=set start=2026-10-02T11:25:33.742+08:00 sets=[mon0=A@+1.2ms/1.4ms/hr=0x00000000 mon1=B@+10.6ms/1.1ms/hr=0x00000000] window_ms=3012 total=0 WM_SETTINGCHANGE=0 WM_DISPLAYCHANGE=0 WM_THEMECHANGED=0 WM_DWMCOLORIZATIONCOLORCHANGED=0 WM_SYSCOLORCHANGE=0 other=0
2026-10-02T11:25:46.746+08:00 CYCLE n=201 label=set start=2026-10-02T11:25:43.724+08:00 sets=[mon0=B@+0.5ms/1.8ms/hr=0x00000000 mon1=A@+2.6ms/1.7ms/hr=0x00000000] window_ms=3004 total=0 WM_SETTINGCHANGE=0 WM_DISPLAYCHANGE=0 WM_THEMECHANGED=0 WM_DWMCOLORIZATIONCOLORCHANGED=0 WM_SYSCOLORCHANGE=0 other=0
2026-10-02T11:25:56.793+08:00 CYCLE n=202 label=set start=2026-10-02T11:25:53.770+08:00 sets=[mon0=A@+0.9ms/2.3ms/hr=0x00000000 mon1=B@+11.3ms/1.8ms/hr=0x00000000] window_ms=3013 total=0 WM_SETTINGCHANGE=0 WM_DISPLAYCHANGE=0 WM_THEMECHANGED=0 WM_DWMCOLORIZATIONCOLORCHANGED=0 WM_SYSCOLORCHANGE=0 other=0
2026-10-02T11:26:06.730+08:00 CYCLE n=203 label=set start=2026-10-02T11:26:03.715+08:00 sets=[mon0=B@+0.7ms/2.2ms/hr=0x00000000 mon1=A@+3.1ms/2.9ms/hr=0x00000000] window_ms=3006 total=0 WM_SETTINGCHANGE=0 WM_DISPLAYCHANGE=0 WM_THEMECHANGED=0 WM_DWMCOLORIZATIONCOLORCHANGED=0 WM_SYSCOLORCHANGE=0 other=0
2026-10-02T11:26:16.814+08:00 CYCLE n=204 label=set start=2026-10-02T11:26:13.798+08:00 sets=[mon0=A@+0.5ms/1.7ms/hr=0x00000000 mon1=B@+2.6ms/1.5ms/hr=0x00000000] window_ms=3004 total=0 WM_SETTINGCHANGE=0 WM_DISPLAYCHANGE=0 WM_THEMECHANGED=0 WM_DWMCOLORIZATIONCOLORCHANGED=0 WM_SYSCOLORCHANGE=0 other=0
2026-10-02T11:26:26.751+08:00 CYCLE n=205 label=set start=2026-10-02T11:26:23.738+08:00 sets=[mon0=B@+0.6ms/1.7ms/hr=0x00000000 mon1=A@+2.4ms/1.5ms/hr=0x00000000] window_ms=3004 total=0 WM_SETTINGCHANGE=0 WM_DISPLAYCHANGE=0 WM_THEMECHANGED=0 WM_DWMCOLORIZATIONCOLORCHANGED=0 WM_SYSCOLORCHANGE=0 other=0
2026-10-02T11:26:36.787+08:00 CYCLE n=206 label=set start=2026-10-02T11:26:33.774+08:00 sets=[mon0=A@+0.8ms/1.1ms/hr=0x00000000 mon1=B@+2.8ms/1.0ms/hr=0x00000000] window_ms=3004 total=0 WM_SETTINGCHANGE=0 WM_DISPLAYCHANGE=0 WM_THEMECHANGED=0 WM_DWMCOLORIZATIONCOLORCHANGED=0 WM_SYSCOLORCHANGE=0 other=0
2026-10-02T11:26:46.765+08:00 CYCLE n=207 label=set start=2026-10-02T11:26:43.751+08:00 sets=[mon0=B@+0.5ms/1.2ms/hr=0x00000000 mon1=A@+2.1ms/0.9ms/hr=0x00000000] window_ms=3003 total=0 WM_SETTINGCHANGE=0 WM_DISPLAYCHANGE=0 WM_THEMECHANGED=0 WM_DWMCOLORIZATIONCOLORCHANGED=0 WM_SYSCOLORCHANGE=0 other=0
2026-10-02T11:26:56.708+08:00 CYCLE n=208 label=set start=2026-10-02T11:26:53.688+08:00 sets=[mon0=A@+0.5ms/1.3ms/hr=0x00000000 mon1=B@+9.7ms/1.2ms/hr=0x00000000] window_ms=3011 total=0 WM_SETTINGCHANGE=0 WM_DISPLAYCHANGE=0 WM_THEMECHANGED=0 WM_DWMCOLORIZATIONCOLORCHANGED=0 WM_SYSCOLORCHANGE=0 other=0
2026-10-02T11:27:06.752+08:00 CYCLE n=209 label=set start=2026-10-02T11:27:03.730+08:00 sets=[mon0=B@+0.6ms/1.3ms/hr=0x00000000 mon1=A@+10.0ms/1.5ms/hr=0x00000000] window_ms=3012 total=0 WM_SETTINGCHANGE=0 WM_DISPLAYCHANGE=0 WM_THEMECHANGED=0 WM_DWMCOLORIZATIONCOLORCHANGED=0 WM_SYSCOLORCHANGE=0 other=0
2026-10-02T11:27:16.833+08:00 CYCLE n=210 label=set start=2026-10-02T11:27:13.819+08:00 sets=[mon0=A@+0.6ms/1.4ms/hr=0x00000000 mon1=B@+2.2ms/1.5ms/hr=0x00000000] window_ms=3004 total=0 WM_SETTINGCHANGE=0 WM_DISPLAYCHANGE=0 WM_THEMECHANGED=0 WM_DWMCOLORIZATIONCOLORCHANGED=0 WM_SYSCOLORCHANGE=0 other=0
2026-10-02T11:27:26.777+08:00 CYCLE n=211 label=set start=2026-10-02T11:27:23.756+08:00 sets=[mon0=B@+0.5ms/1.4ms/hr=0x00000000 mon1=A@+9.7ms/1.3ms/hr=0x00000000] window_ms=3012 total=0 WM_SETTINGCHANGE=0 WM_DISPLAYCHANGE=0 WM_THEMECHANGED=0 WM_DWMCOLORIZATIONCOLORCHANGED=0 WM_SYSCOLORCHANGE=0 other=0
2026-10-02T11:27:36.722+08:00 CYCLE n=212 label=set start=2026-10-02T11:27:33.700+08:00 sets=[mon0=A@+0.6ms/2.0ms/hr=0x00000000 mon1=B@+10.5ms/1.9ms/hr=0x00000000] window_ms=3013 total=0 WM_SETTINGCHANGE=0 WM_DISPLAYCHANGE=0 WM_THEMECHANGED=0 WM_DWMCOLORIZATIONCOLORCHANGED=0 WM_SYSCOLORCHANGE=0 other=0
2026-10-02T11:27:46.804+08:00 CYCLE n=213 label=set start=2026-10-02T11:27:43.790+08:00 sets=[mon0=B@+0.5ms/1.2ms/hr=0x00000000 mon1=A@+1.9ms/0.8ms/hr=0x00000000] window_ms=3003 total=0 WM_SETTINGCHANGE=0 WM_DISPLAYCHANGE=0 WM_THEMECHANGED=0 WM_DWMCOLORIZATIONCOLORCHANGED=0 WM_SYSCOLORCHANGE=0 other=0
2026-10-02T11:27:56.747+08:00 CYCLE n=214 label=set start=2026-10-02T11:27:53.724+08:00 sets=[mon0=A@+0.6ms/1.4ms/hr=0x00000000 mon1=B@+9.8ms/1.3ms/hr=0x00000000] window_ms=3012 total=0 WM_SETTINGCHANGE=0 WM_DISPLAYCHANGE=0 WM_THEMECHANGED=0 WM_DWMCOLORIZATIONCOLORCHANGED=0 WM_SYSCOLORCHANGE=0 other=0
2026-10-02T11:28:06.791+08:00 CYCLE n=215 label=set start=2026-10-02T11:28:03.769+08:00 sets=[mon0=B@+0.6ms/1.3ms/hr=0x00000000 mon1=A@+9.7ms/1.9ms/hr=0x00000000] window_ms=3012 total=0 WM_SETTINGCHANGE=0 WM_DISPLAYCHANGE=0 WM_THEMECHANGED=0 WM_DWMCOLORIZATIONCOLORCHANGED=0 WM_SYSCOLORCHANGE=0 other=0
2026-10-02T11:28:16.766+08:00 CYCLE n=216 label=set start=2026-10-02T11:28:13.753+08:00 sets=[mon0=A@+0.7ms/1.2ms/hr=0x00000000 mon1=B@+2.1ms/0.8ms/hr=0x00000000] window_ms=3004 total=0 WM_SETTINGCHANGE=0 WM_DISPLAYCHANGE=0 WM_THEMECHANGED=0 WM_DWMCOLORIZATIONCOLORCHANGED=0 WM_SYSCOLORCHANGE=0 other=0
2026-10-02T11:28:26.710+08:00 CYCLE n=217 label=set start=2026-10-02T11:28:23.688+08:00 sets=[mon0=B@+0.8ms/1.1ms/hr=0x00000000 mon1=A@+10.0ms/1.5ms/hr=0x00000000] window_ms=3012 total=0 WM_SETTINGCHANGE=0 WM_DISPLAYCHANGE=0 WM_THEMECHANGED=0 WM_DWMCOLORIZATIONCOLORCHANGED=0 WM_SYSCOLORCHANGE=0 other=0
2026-10-02T11:28:36.745+08:00 CYCLE n=218 label=set start=2026-10-02T11:28:33.731+08:00 sets=[mon0=A@+0.7ms/1.6ms/hr=0x00000000 mon1=B@+2.6ms/1.4ms/hr=0x00000000] window_ms=3004 total=0 WM_SETTINGCHANGE=0 WM_DISPLAYCHANGE=0 WM_THEMECHANGED=0 WM_DWMCOLORIZATIONCOLORCHANGED=0 WM_SYSCOLORCHANGE=0 other=0
2026-10-02T11:28:46.819+08:00 CYCLE n=219 label=set start=2026-10-02T11:28:43.806+08:00 sets=[mon0=B@+0.5ms/1.4ms/hr=0x00000000 mon1=A@+2.2ms/1.6ms/hr=0x00000000] window_ms=3004 total=0 WM_SETTINGCHANGE=0 WM_DISPLAYCHANGE=0 WM_THEMECHANGED=0 WM_DWMCOLORIZATIONCOLORCHANGED=0 WM_SYSCOLORCHANGE=0 other=0
2026-10-02T11:28:56.763+08:00 CYCLE n=220 label=set start=2026-10-02T11:28:53.740+08:00 sets=[mon0=A@+0.6ms/1.9ms/hr=0x00000000 mon1=B@+10.4ms/1.5ms/hr=0x00000000] window_ms=3012 total=0 WM_SETTINGCHANGE=0 WM_DISPLAYCHANGE=0 WM_THEMECHANGED=0 WM_DWMCOLORIZATIONCOLORCHANGED=0 WM_SYSCOLORCHANGE=0 other=0
2026-10-02T11:29:06.708+08:00 CYCLE n=221 label=set start=2026-10-02T11:29:03.686+08:00 sets=[mon0=B@+0.5ms/1.4ms/hr=0x00000000 mon1=A@+9.7ms/1.6ms/hr=0x00000000] window_ms=3012 total=0 WM_SETTINGCHANGE=0 WM_DISPLAYCHANGE=0 WM_THEMECHANGED=0 WM_DWMCOLORIZATIONCOLORCHANGED=0 WM_SYSCOLORCHANGE=0 other=0
2026-10-02T11:29:16.788+08:00 CYCLE n=222 label=set start=2026-10-02T11:29:13.772+08:00 sets=[mon0=A@+1.1ms/1.4ms/hr=0x00000000 mon1=B@+2.8ms/1.1ms/hr=0x00000000] window_ms=3004 total=0 WM_SETTINGCHANGE=0 WM_DISPLAYCHANGE=0 WM_THEMECHANGED=0 WM_DWMCOLORIZATIONCOLORCHANGED=0 WM_SYSCOLORCHANGE=0 other=0
2026-10-02T11:29:26.734+08:00 CYCLE n=223 label=set start=2026-10-02T11:29:23.712+08:00 sets=[mon0=B@+0.6ms/1.9ms/hr=0x00000000 mon1=A@+10.3ms/1.9ms/hr=0x00000000] window_ms=3013 total=0 WM_SETTINGCHANGE=0 WM_DISPLAYCHANGE=0 WM_THEMECHANGED=0 WM_DWMCOLORIZATIONCOLORCHANGED=0 WM_SYSCOLORCHANGE=0 other=0
2026-10-02T11:29:36.769+08:00 CYCLE n=224 label=set start=2026-10-02T11:29:33.758+08:00 sets=[mon0=A@+0.7ms/1.3ms/hr=0x00000000 mon1=B@+2.2ms/0.8ms/hr=0x00000000] window_ms=3003 total=0 WM_SETTINGCHANGE=0 WM_DISPLAYCHANGE=0 WM_THEMECHANGED=0 WM_DWMCOLORIZATIONCOLORCHANGED=0 WM_SYSCOLORCHANGE=0 other=0
2026-10-02T11:29:46.744+08:00 CYCLE n=225 label=set start=2026-10-02T11:29:43.731+08:00 sets=[mon0=B@+0.4ms/1.2ms/hr=0x00000000 mon1=A@+1.7ms/1.0ms/hr=0x00000000] window_ms=3003 total=0 WM_SETTINGCHANGE=0 WM_DISPLAYCHANGE=0 WM_THEMECHANGED=0 WM_DWMCOLORIZATIONCOLORCHANGED=0 WM_SYSCOLORCHANGE=0 other=0
2026-10-02T11:29:56.783+08:00 CYCLE n=226 label=set start=2026-10-02T11:29:53.769+08:00 sets=[mon0=A@+0.8ms/1.7ms/hr=0x00000000 mon1=B@+3.3ms/1.3ms/hr=0x00000000] window_ms=3005 total=0 WM_SETTINGCHANGE=0 WM_DISPLAYCHANGE=0 WM_THEMECHANGED=0 WM_DWMCOLORIZATIONCOLORCHANGED=0 WM_SYSCOLORCHANGE=0 other=0
2026-10-02T11:30:06.726+08:00 CYCLE n=227 label=set start=2026-10-02T11:30:03.705+08:00 sets=[mon0=B@+0.5ms/1.1ms/hr=0x00000000 mon1=A@+9.3ms/1.5ms/hr=0x00000000] window_ms=3011 total=0 WM_SETTINGCHANGE=0 WM_DISPLAYCHANGE=0 WM_THEMECHANGED=0 WM_DWMCOLORIZATIONCOLORCHANGED=0 WM_SYSCOLORCHANGE=0 other=0
2026-10-02T11:30:16.798+08:00 CYCLE n=228 label=set start=2026-10-02T11:30:13.782+08:00 sets=[mon0=A@+0.6ms/1.6ms/hr=0x00000000 mon1=B@+2.4ms/1.0ms/hr=0x00000000] window_ms=3004 total=0 WM_SETTINGCHANGE=0 WM_DISPLAYCHANGE=0 WM_THEMECHANGED=0 WM_DWMCOLORIZATIONCOLORCHANGED=0 WM_SYSCOLORCHANGE=0 other=0
2026-10-02T11:30:26.737+08:00 CYCLE n=229 label=set start=2026-10-02T11:30:23.721+08:00 sets=[mon0=B@+0.5ms/1.9ms/hr=0x00000000 mon1=A@+3.2ms/1.4ms/hr=0x00000000] window_ms=3005 total=0 WM_SETTINGCHANGE=0 WM_DISPLAYCHANGE=0 WM_THEMECHANGED=0 WM_DWMCOLORIZATIONCOLORCHANGED=0 WM_SYSCOLORCHANGE=0 other=0
2026-10-02T11:30:36.776+08:00 CYCLE n=230 label=set start=2026-10-02T11:30:33.761+08:00 sets=[mon0=A@+0.5ms/1.9ms/hr=0x00000000 mon1=B@+3.2ms/1.5ms/hr=0x00000000] window_ms=3005 total=0 WM_SETTINGCHANGE=0 WM_DISPLAYCHANGE=0 WM_THEMECHANGED=0 WM_DWMCOLORIZATIONCOLORCHANGED=0 WM_SYSCOLORCHANGE=0 other=0
2026-10-02T11:30:46.756+08:00 CYCLE n=231 label=set start=2026-10-02T11:30:43.742+08:00 sets=[mon0=B@+0.4ms/1.7ms/hr=0x00000000 mon1=A@+2.3ms/1.4ms/hr=0x00000000] window_ms=3004 total=0 WM_SETTINGCHANGE=0 WM_DISPLAYCHANGE=0 WM_THEMECHANGED=0 WM_DWMCOLORIZATIONCOLORCHANGED=0 WM_SYSCOLORCHANGE=0 other=0
2026-10-02T11:30:56.801+08:00 CYCLE n=232 label=set start=2026-10-02T11:30:53.779+08:00 sets=[mon0=A@+0.5ms/1.1ms/hr=0x00000000 mon1=B@+9.4ms/1.3ms/hr=0x00000000] window_ms=3012 total=0 WM_SETTINGCHANGE=0 WM_DISPLAYCHANGE=0 WM_THEMECHANGED=0 WM_DWMCOLORIZATIONCOLORCHANGED=0 WM_SYSCOLORCHANGE=0 other=0
2026-10-02T11:31:06.740+08:00 CYCLE n=233 label=set start=2026-10-02T11:31:03.726+08:00 sets=[mon0=B@+0.5ms/1.5ms/hr=0x00000000 mon1=A@+2.2ms/1.4ms/hr=0x00000000] window_ms=3004 total=0 WM_SETTINGCHANGE=0 WM_DISPLAYCHANGE=0 WM_THEMECHANGED=0 WM_DWMCOLORIZATIONCOLORCHANGED=0 WM_SYSCOLORCHANGE=0 other=0
2026-10-02T11:31:16.799+08:00 CYCLE n=234 label=set start=2026-10-02T11:31:13.786+08:00 sets=[mon0=A@+0.5ms/1.2ms/hr=0x00000000 mon1=B@+1.8ms/0.8ms/hr=0x00000000] window_ms=3003 total=0 WM_SETTINGCHANGE=0 WM_DISPLAYCHANGE=0 WM_THEMECHANGED=0 WM_DWMCOLORIZATIONCOLORCHANGED=0 WM_SYSCOLORCHANGE=0 other=0
2026-10-02T11:31:26.746+08:00 CYCLE n=235 label=set start=2026-10-02T11:31:23.723+08:00 sets=[mon0=B@+0.5ms/1.9ms/hr=0x00000000 mon1=A@+10.4ms/1.5ms/hr=0x00000000] window_ms=3012 total=0 WM_SETTINGCHANGE=0 WM_DISPLAYCHANGE=0 WM_THEMECHANGED=0 WM_DWMCOLORIZATIONCOLORCHANGED=0 WM_SYSCOLORCHANGE=0 other=0
2026-10-02T11:31:36.782+08:00 CYCLE n=236 label=set start=2026-10-02T11:31:33.769+08:00 sets=[mon0=A@+0.5ms/1.9ms/hr=0x00000000 mon1=B@+2.8ms/0.9ms/hr=0x00000000] window_ms=3004 total=0 WM_SETTINGCHANGE=0 WM_DISPLAYCHANGE=0 WM_THEMECHANGED=0 WM_DWMCOLORIZATIONCOLORCHANGED=0 WM_SYSCOLORCHANGE=0 other=0
2026-10-02T11:31:46.764+08:00 CYCLE n=237 label=set start=2026-10-02T11:31:43.749+08:00 sets=[mon0=B@+0.8ms/2.0ms/hr=0x00000000 mon1=A@+3.1ms/1.5ms/hr=0x00000000] window_ms=3005 total=0 WM_SETTINGCHANGE=0 WM_DISPLAYCHANGE=0 WM_THEMECHANGED=0 WM_DWMCOLORIZATIONCOLORCHANGED=0 WM_SYSCOLORCHANGE=0 other=0
2026-10-02T11:31:56.710+08:00 CYCLE n=238 label=set start=2026-10-02T11:31:53.689+08:00 sets=[mon0=A@+0.5ms/1.1ms/hr=0x00000000 mon1=B@+9.4ms/1.6ms/hr=0x00000000] window_ms=3011 total=0 WM_SETTINGCHANGE=0 WM_DISPLAYCHANGE=0 WM_THEMECHANGED=0 WM_DWMCOLORIZATIONCOLORCHANGED=0 WM_SYSCOLORCHANGE=0 other=0
2026-10-02T11:32:06.745+08:00 CYCLE n=239 label=set start=2026-10-02T11:32:03.733+08:00 sets=[mon0=B@+0.4ms/1.2ms/hr=0x00000000 mon1=A@+2.1ms/1.0ms/hr=0x00000000] window_ms=3003 total=0 WM_SETTINGCHANGE=0 WM_DISPLAYCHANGE=0 WM_THEMECHANGED=0 WM_DWMCOLORIZATIONCOLORCHANGED=0 WM_SYSCOLORCHANGE=0 other=0
2026-10-02T11:32:16.817+08:00 CYCLE n=240 label=set start=2026-10-02T11:32:13.805+08:00 sets=[mon0=A@+0.4ms/1.5ms/hr=0x00000000 mon1=B@+2.2ms/1.1ms/hr=0x00000000] window_ms=3004 total=0 WM_SETTINGCHANGE=0 WM_DISPLAYCHANGE=0 WM_THEMECHANGED=0 WM_DWMCOLORIZATIONCOLORCHANGED=0 WM_SYSCOLORCHANGE=0 other=0
2026-10-02T11:32:26.762+08:00 CYCLE n=241 label=set start=2026-10-02T11:32:23.740+08:00 sets=[mon0=B@+0.6ms/1.2ms/hr=0x00000000 mon1=A@+9.7ms/1.6ms/hr=0x00000000] window_ms=3012 total=0 WM_SETTINGCHANGE=0 WM_DISPLAYCHANGE=0 WM_THEMECHANGED=0 WM_DWMCOLORIZATIONCOLORCHANGED=0 WM_SYSCOLORCHANGE=0 other=0
2026-10-02T11:32:36.710+08:00 CYCLE n=242 label=set start=2026-10-02T11:32:33.688+08:00 sets=[mon0=A@+0.5ms/1.5ms/hr=0x00000000 mon1=B@+9.7ms/1.1ms/hr=0x00000000] window_ms=3011 total=0 WM_SETTINGCHANGE=0 WM_DISPLAYCHANGE=0 WM_THEMECHANGED=0 WM_DWMCOLORIZATIONCOLORCHANGED=0 WM_SYSCOLORCHANGE=0 other=0
2026-10-02T11:32:46.791+08:00 CYCLE n=243 label=set start=2026-10-02T11:32:43.777+08:00 sets=[mon0=B@+0.6ms/1.8ms/hr=0x00000000 mon1=A@+2.7ms/1.0ms/hr=0x00000000] window_ms=3004 total=0 WM_SETTINGCHANGE=0 WM_DISPLAYCHANGE=0 WM_THEMECHANGED=0 WM_DWMCOLORIZATIONCOLORCHANGED=0 WM_SYSCOLORCHANGE=0 other=0
2026-10-02T11:32:56.736+08:00 CYCLE n=244 label=set start=2026-10-02T11:32:53.716+08:00 sets=[mon0=A@+0.8ms/1.2ms/hr=0x00000000 mon1=B@+9.7ms/1.4ms/hr=0x00000000] window_ms=3011 total=0 WM_SETTINGCHANGE=0 WM_DISPLAYCHANGE=0 WM_THEMECHANGED=0 WM_DWMCOLORIZATIONCOLORCHANGED=0 WM_SYSCOLORCHANGE=0 other=0
2026-10-02T11:33:06.772+08:00 CYCLE n=245 label=set start=2026-10-02T11:33:03.758+08:00 sets=[mon0=B@+0.7ms/1.2ms/hr=0x00000000 mon1=A@+2.4ms/0.9ms/hr=0x00000000] window_ms=3004 total=0 WM_SETTINGCHANGE=0 WM_DISPLAYCHANGE=0 WM_THEMECHANGED=0 WM_DWMCOLORIZATIONCOLORCHANGED=0 WM_SYSCOLORCHANGE=0 other=0
2026-10-02T11:33:16.753+08:00 CYCLE n=246 label=set start=2026-10-02T11:33:13.738+08:00 sets=[mon0=A@+0.4ms/1.4ms/hr=0x00000000 mon1=B@+2.0ms/1.2ms/hr=0x00000000] window_ms=3003 total=0 WM_SETTINGCHANGE=0 WM_DISPLAYCHANGE=0 WM_THEMECHANGED=0 WM_DWMCOLORIZATIONCOLORCHANGED=0 WM_SYSCOLORCHANGE=0 other=0
2026-10-02T11:33:26.799+08:00 CYCLE n=247 label=set start=2026-10-02T11:33:23.777+08:00 sets=[mon0=B@+0.6ms/1.2ms/hr=0x00000000 mon1=A@+9.5ms/1.4ms/hr=0x00000000] window_ms=3011 total=0 WM_SETTINGCHANGE=0 WM_DISPLAYCHANGE=0 WM_THEMECHANGED=0 WM_DWMCOLORIZATIONCOLORCHANGED=0 WM_SYSCOLORCHANGE=0 other=0
2026-10-02T11:33:36.737+08:00 CYCLE n=248 label=set start=2026-10-02T11:33:33.722+08:00 sets=[mon0=A@+0.5ms/1.7ms/hr=0x00000000 mon1=B@+2.9ms/1.4ms/hr=0x00000000] window_ms=3004 total=0 WM_SETTINGCHANGE=0 WM_DISPLAYCHANGE=0 WM_THEMECHANGED=0 WM_DWMCOLORIZATIONCOLORCHANGED=0 WM_SYSCOLORCHANGE=0 other=0
2026-10-02T11:33:46.804+08:00 CYCLE n=249 label=set start=2026-10-02T11:33:43.790+08:00 sets=[mon0=B@+0.6ms/2.5ms/hr=0x00000000 mon1=A@+3.6ms/1.4ms/hr=0x00000000] window_ms=3005 total=0 WM_SETTINGCHANGE=0 WM_DISPLAYCHANGE=0 WM_THEMECHANGED=0 WM_DWMCOLORIZATIONCOLORCHANGED=0 WM_SYSCOLORCHANGE=0 other=0
2026-10-02T11:33:56.752+08:00 CYCLE n=250 label=set start=2026-10-02T11:33:53.729+08:00 sets=[mon0=A@+0.7ms/1.2ms/hr=0x00000000 mon1=B@+9.6ms/1.7ms/hr=0x00000000] window_ms=3012 total=0 WM_SETTINGCHANGE=0 WM_DISPLAYCHANGE=0 WM_THEMECHANGED=0 WM_DWMCOLORIZATIONCOLORCHANGED=0 WM_SYSCOLORCHANGE=0 other=0
2026-10-02T11:34:06.788+08:00 CYCLE n=251 label=set start=2026-10-02T11:34:03.776+08:00 sets=[mon0=B@+0.5ms/1.6ms/hr=0x00000000 mon1=A@+2.6ms/1.2ms/hr=0x00000000] window_ms=3004 total=0 WM_SETTINGCHANGE=0 WM_DISPLAYCHANGE=0 WM_THEMECHANGED=0 WM_DWMCOLORIZATIONCOLORCHANGED=0 WM_SYSCOLORCHANGE=0 other=0
2026-10-02T11:34:16.764+08:00 CYCLE n=252 label=set start=2026-10-02T11:34:13.747+08:00 sets=[mon0=A@+0.8ms/1.6ms/hr=0x00000000 mon1=B@+2.8ms/1.4ms/hr=0x00000000] window_ms=3004 total=0 WM_SETTINGCHANGE=0 WM_DISPLAYCHANGE=0 WM_THEMECHANGED=0 WM_DWMCOLORIZATIONCOLORCHANGED=0 WM_SYSCOLORCHANGE=0 other=0
2026-10-02T11:34:26.708+08:00 CYCLE n=253 label=set start=2026-10-02T11:34:23.685+08:00 sets=[mon0=B@+0.8ms/1.2ms/hr=0x00000000 mon1=A@+9.7ms/1.0ms/hr=0x00000000] window_ms=3011 total=0 WM_SETTINGCHANGE=0 WM_DISPLAYCHANGE=0 WM_THEMECHANGED=0 WM_DWMCOLORIZATIONCOLORCHANGED=0 WM_SYSCOLORCHANGE=0 other=0
2026-10-02T11:34:36.753+08:00 CYCLE n=254 label=set start=2026-10-02T11:34:33.731+08:00 sets=[mon0=A@+0.6ms/1.7ms/hr=0x00000000 mon1=B@+10.2ms/1.3ms/hr=0x00000000] window_ms=3012 total=0 WM_SETTINGCHANGE=0 WM_DISPLAYCHANGE=0 WM_THEMECHANGED=0 WM_DWMCOLORIZATIONCOLORCHANGED=0 WM_SYSCOLORCHANGE=0 other=0
2026-10-02T11:34:46.830+08:00 CYCLE n=255 label=set start=2026-10-02T11:34:43.817+08:00 sets=[mon0=B@+0.4ms/1.3ms/hr=0x00000000 mon1=A@+2.0ms/1.4ms/hr=0x00000000] window_ms=3004 total=0 WM_SETTINGCHANGE=0 WM_DISPLAYCHANGE=0 WM_THEMECHANGED=0 WM_DWMCOLORIZATIONCOLORCHANGED=0 WM_SYSCOLORCHANGE=0 other=0
2026-10-02T11:34:56.778+08:00 CYCLE n=256 label=set start=2026-10-02T11:34:53.756+08:00 sets=[mon0=A@+0.5ms/1.5ms/hr=0x00000000 mon1=B@+9.8ms/1.4ms/hr=0x00000000] window_ms=3011 total=0 WM_SETTINGCHANGE=0 WM_DISPLAYCHANGE=0 WM_THEMECHANGED=0 WM_DWMCOLORIZATIONCOLORCHANGED=0 WM_SYSCOLORCHANGE=0 other=0
2026-10-02T11:35:06.723+08:00 CYCLE n=257 label=set start=2026-10-02T11:35:03.699+08:00 sets=[mon0=B@+0.9ms/2.7ms/hr=0x00000000 mon1=A@+11.6ms/1.4ms/hr=0x00000000] window_ms=3013 total=0 WM_SETTINGCHANGE=0 WM_DISPLAYCHANGE=0 WM_THEMECHANGED=0 WM_DWMCOLORIZATIONCOLORCHANGED=0 WM_SYSCOLORCHANGE=0 other=0
2026-10-02T11:35:16.800+08:00 CYCLE n=258 label=set start=2026-10-02T11:35:13.786+08:00 sets=[mon0=A@+0.5ms/1.2ms/hr=0x00000000 mon1=B@+1.9ms/0.8ms/hr=0x00000000] window_ms=3003 total=0 WM_SETTINGCHANGE=0 WM_DISPLAYCHANGE=0 WM_THEMECHANGED=0 WM_DWMCOLORIZATIONCOLORCHANGED=0 WM_SYSCOLORCHANGE=0 other=0
2026-10-02T11:35:26.743+08:00 CYCLE n=259 label=set start=2026-10-02T11:35:23.721+08:00 sets=[mon0=B@+0.5ms/1.6ms/hr=0x00000000 mon1=A@+10.0ms/1.8ms/hr=0x00000000] window_ms=3012 total=0 WM_SETTINGCHANGE=0 WM_DISPLAYCHANGE=0 WM_THEMECHANGED=0 WM_DWMCOLORIZATIONCOLORCHANGED=0 WM_SYSCOLORCHANGE=0 other=0
2026-10-02T11:35:36.786+08:00 CYCLE n=260 label=set start=2026-10-02T11:35:33.766+08:00 sets=[mon0=A@+1.1ms/1.4ms/hr=0x00000000 mon1=B@+10.2ms/1.5ms/hr=0x00000000] window_ms=3012 total=0 WM_SETTINGCHANGE=0 WM_DISPLAYCHANGE=0 WM_THEMECHANGED=0 WM_DWMCOLORIZATIONCOLORCHANGED=0 WM_SYSCOLORCHANGE=0 other=0
2026-10-02T11:35:46.789+08:00 CYCLE n=261 label=set start=2026-10-02T11:35:43.773+08:00 sets=[mon0=B@+0.5ms/1.3ms/hr=0x00000000 mon1=A@+2.0ms/1.0ms/hr=0x00000000] window_ms=3003 total=0 WM_SETTINGCHANGE=0 WM_DISPLAYCHANGE=0 WM_THEMECHANGED=0 WM_DWMCOLORIZATIONCOLORCHANGED=0 WM_SYSCOLORCHANGE=0 other=0
2026-10-02T11:35:56.728+08:00 CYCLE n=262 label=set start=2026-10-02T11:35:53.715+08:00 sets=[mon0=A@+0.3ms/1.0ms/hr=0x00000000 mon1=B@+2.1ms/0.8ms/hr=0x00000000] window_ms=3003 total=0 WM_SETTINGCHANGE=0 WM_DISPLAYCHANGE=0 WM_THEMECHANGED=0 WM_DWMCOLORIZATIONCOLORCHANGED=0 WM_SYSCOLORCHANGE=0 other=0
2026-10-02T11:36:06.765+08:00 CYCLE n=263 label=set start=2026-10-02T11:36:03.753+08:00 sets=[mon0=B@+0.6ms/1.4ms/hr=0x00000000 mon1=A@+2.4ms/0.9ms/hr=0x00000000] window_ms=3003 total=0 WM_SETTINGCHANGE=0 WM_DISPLAYCHANGE=0 WM_THEMECHANGED=0 WM_DWMCOLORIZATIONCOLORCHANGED=0 WM_SYSCOLORCHANGE=0 other=0
2026-10-02T11:36:16.746+08:00 CYCLE n=264 label=set start=2026-10-02T11:36:13.729+08:00 sets=[mon0=A@+0.5ms/1.8ms/hr=0x00000000 mon1=B@+2.9ms/1.6ms/hr=0x00000000] window_ms=3005 total=0 WM_SETTINGCHANGE=0 WM_DISPLAYCHANGE=0 WM_THEMECHANGED=0 WM_DWMCOLORIZATIONCOLORCHANGED=0 WM_SYSCOLORCHANGE=0 other=0
2026-10-02T11:36:26.791+08:00 CYCLE n=265 label=set start=2026-10-02T11:36:23.769+08:00 sets=[mon0=B@+0.7ms/1.9ms/hr=0x00000000 mon1=A@+10.6ms/1.6ms/hr=0x00000000] window_ms=3012 total=0 WM_SETTINGCHANGE=0 WM_DISPLAYCHANGE=0 WM_THEMECHANGED=0 WM_DWMCOLORIZATIONCOLORCHANGED=0 WM_SYSCOLORCHANGE=0 other=0
2026-10-02T11:36:36.736+08:00 CYCLE n=266 label=set start=2026-10-02T11:36:33.713+08:00 sets=[mon0=A@+0.7ms/1.3ms/hr=0x00000000 mon1=B@+10.0ms/2.0ms/hr=0x00000000] window_ms=3012 total=0 WM_SETTINGCHANGE=0 WM_DISPLAYCHANGE=0 WM_THEMECHANGED=0 WM_DWMCOLORIZATIONCOLORCHANGED=0 WM_SYSCOLORCHANGE=0 other=0
2026-10-02T11:36:46.815+08:00 CYCLE n=267 label=set start=2026-10-02T11:36:43.798+08:00 sets=[mon0=B@+0.6ms/2.0ms/hr=0x00000000 mon1=A@+2.9ms/1.8ms/hr=0x00000000] window_ms=3005 total=0 WM_SETTINGCHANGE=0 WM_DISPLAYCHANGE=0 WM_THEMECHANGED=0 WM_DWMCOLORIZATIONCOLORCHANGED=0 WM_SYSCOLORCHANGE=0 other=0
2026-10-02T11:36:56.761+08:00 CYCLE n=268 label=set start=2026-10-02T11:36:53.739+08:00 sets=[mon0=A@+0.4ms/1.5ms/hr=0x00000000 mon1=B@+9.8ms/1.1ms/hr=0x00000000] window_ms=3011 total=0 WM_SETTINGCHANGE=0 WM_DISPLAYCHANGE=0 WM_THEMECHANGED=0 WM_DWMCOLORIZATIONCOLORCHANGED=0 WM_SYSCOLORCHANGE=0 other=0
2026-10-02T11:37:06.805+08:00 CYCLE n=269 label=set start=2026-10-02T11:37:03.783+08:00 sets=[mon0=B@+0.7ms/1.9ms/hr=0x00000000 mon1=A@+10.3ms/1.2ms/hr=0x00000000] window_ms=3012 total=0 WM_SETTINGCHANGE=0 WM_DISPLAYCHANGE=0 WM_THEMECHANGED=0 WM_DWMCOLORIZATIONCOLORCHANGED=0 WM_SYSCOLORCHANGE=0 other=0
2026-10-02T11:37:16.784+08:00 CYCLE n=270 label=set start=2026-10-02T11:37:13.770+08:00 sets=[mon0=A@+0.5ms/1.8ms/hr=0x00000000 mon1=B@+2.6ms/1.5ms/hr=0x00000000] window_ms=3005 total=0 WM_SETTINGCHANGE=0 WM_DISPLAYCHANGE=0 WM_THEMECHANGED=0 WM_DWMCOLORIZATIONCOLORCHANGED=0 WM_SYSCOLORCHANGE=0 other=0
2026-10-02T11:37:26.731+08:00 CYCLE n=271 label=set start=2026-10-02T11:37:23.708+08:00 sets=[mon0=B@+0.7ms/1.1ms/hr=0x00000000 mon1=A@+9.4ms/1.7ms/hr=0x00000000] window_ms=3011 total=0 WM_SETTINGCHANGE=0 WM_DISPLAYCHANGE=0 WM_THEMECHANGED=0 WM_DWMCOLORIZATIONCOLORCHANGED=0 WM_SYSCOLORCHANGE=0 other=0
2026-10-02T11:37:36.778+08:00 CYCLE n=272 label=set start=2026-10-02T11:37:33.756+08:00 sets=[mon0=A@+0.7ms/1.8ms/hr=0x00000000 mon1=B@+10.3ms/1.2ms/hr=0x00000000] window_ms=3012 total=0 WM_SETTINGCHANGE=0 WM_DISPLAYCHANGE=0 WM_THEMECHANGED=0 WM_DWMCOLORIZATIONCOLORCHANGED=0 WM_SYSCOLORCHANGE=0 other=0
2026-10-02T11:37:46.752+08:00 CYCLE n=273 label=set start=2026-10-02T11:37:43.737+08:00 sets=[mon0=B@+0.4ms/1.6ms/hr=0x00000000 mon1=A@+2.4ms/1.4ms/hr=0x00000000] window_ms=3004 total=0 WM_SETTINGCHANGE=0 WM_DISPLAYCHANGE=0 WM_THEMECHANGED=0 WM_DWMCOLORIZATIONCOLORCHANGED=0 WM_SYSCOLORCHANGE=0 other=0
2026-10-02T11:37:56.797+08:00 CYCLE n=274 label=set start=2026-10-02T11:37:53.776+08:00 sets=[mon0=A@+0.5ms/1.3ms/hr=0x00000000 mon1=B@+9.6ms/1.4ms/hr=0x00000000] window_ms=3011 total=0 WM_SETTINGCHANGE=0 WM_DISPLAYCHANGE=0 WM_THEMECHANGED=0 WM_DWMCOLORIZATIONCOLORCHANGED=0 WM_SYSCOLORCHANGE=0 other=0
2026-10-02T11:38:06.739+08:00 CYCLE n=275 label=set start=2026-10-02T11:38:03.720+08:00 sets=[mon0=B@+0.7ms/1.5ms/hr=0x00000000 mon1=A@+9.9ms/1.3ms/hr=0x00000000] window_ms=3011 total=0 WM_SETTINGCHANGE=0 WM_DISPLAYCHANGE=0 WM_THEMECHANGED=0 WM_DWMCOLORIZATIONCOLORCHANGED=0 WM_SYSCOLORCHANGE=0 other=0
2026-10-02T11:38:16.816+08:00 CYCLE n=276 label=set start=2026-10-02T11:38:13.802+08:00 sets=[mon0=A@+0.4ms/1.7ms/hr=0x00000000 mon1=B@+2.6ms/1.4ms/hr=0x00000000] window_ms=3004 total=0 WM_SETTINGCHANGE=0 WM_DISPLAYCHANGE=0 WM_THEMECHANGED=0 WM_DWMCOLORIZATIONCOLORCHANGED=0 WM_SYSCOLORCHANGE=0 other=0
2026-10-02T11:38:26.758+08:00 CYCLE n=277 label=set start=2026-10-02T11:38:23.737+08:00 sets=[mon0=B@+0.8ms/1.6ms/hr=0x00000000 mon1=A@+10.5ms/1.2ms/hr=0x00000000] window_ms=3012 total=0 WM_SETTINGCHANGE=0 WM_DISPLAYCHANGE=0 WM_THEMECHANGED=0 WM_DWMCOLORIZATIONCOLORCHANGED=0 WM_SYSCOLORCHANGE=0 other=0
2026-10-02T11:38:36.803+08:00 CYCLE n=278 label=set start=2026-10-02T11:38:33.782+08:00 sets=[mon0=A@+0.4ms/1.2ms/hr=0x00000000 mon1=B@+9.3ms/1.4ms/hr=0x00000000] window_ms=3011 total=0 WM_SETTINGCHANGE=0 WM_DISPLAYCHANGE=0 WM_THEMECHANGED=0 WM_DWMCOLORIZATIONCOLORCHANGED=0 WM_SYSCOLORCHANGE=0 other=0
2026-10-02T11:38:46.785+08:00 CYCLE n=279 label=set start=2026-10-02T11:38:43.769+08:00 sets=[mon0=B@+0.8ms/1.4ms/hr=0x00000000 mon1=A@+2.7ms/1.8ms/hr=0x00000000] window_ms=3005 total=0 WM_SETTINGCHANGE=0 WM_DISPLAYCHANGE=0 WM_THEMECHANGED=0 WM_DWMCOLORIZATIONCOLORCHANGED=0 WM_SYSCOLORCHANGE=0 other=0
2026-10-02T11:38:56.728+08:00 CYCLE n=280 label=set start=2026-10-02T11:38:53.707+08:00 sets=[mon0=A@+0.5ms/1.2ms/hr=0x00000000 mon1=B@+9.4ms/1.1ms/hr=0x00000000] window_ms=3011 total=0 WM_SETTINGCHANGE=0 WM_DISPLAYCHANGE=0 WM_THEMECHANGED=0 WM_DWMCOLORIZATIONCOLORCHANGED=0 WM_SYSCOLORCHANGE=0 other=0
2026-10-02T11:39:06.774+08:00 CYCLE n=281 label=set start=2026-10-02T11:39:03.752+08:00 sets=[mon0=B@+0.5ms/1.2ms/hr=0x00000000 mon1=A@+9.8ms/1.5ms/hr=0x00000000] window_ms=3012 total=0 WM_SETTINGCHANGE=0 WM_DISPLAYCHANGE=0 WM_THEMECHANGED=0 WM_DWMCOLORIZATIONCOLORCHANGED=0 WM_SYSCOLORCHANGE=0 other=0
2026-10-02T11:39:16.744+08:00 CYCLE n=282 label=set start=2026-10-02T11:39:13.728+08:00 sets=[mon0=A@+0.5ms/1.6ms/hr=0x00000000 mon1=B@+2.4ms/1.0ms/hr=0x00000000] window_ms=3004 total=0 WM_SETTINGCHANGE=0 WM_DISPLAYCHANGE=0 WM_THEMECHANGED=0 WM_DWMCOLORIZATIONCOLORCHANGED=0 WM_SYSCOLORCHANGE=0 other=0
2026-10-02T11:39:26.789+08:00 CYCLE n=283 label=set start=2026-10-02T11:39:23.767+08:00 sets=[mon0=B@+0.5ms/1.2ms/hr=0x00000000 mon1=A@+9.6ms/1.5ms/hr=0x00000000] window_ms=3011 total=0 WM_SETTINGCHANGE=0 WM_DISPLAYCHANGE=0 WM_THEMECHANGED=0 WM_DWMCOLORIZATIONCOLORCHANGED=0 WM_SYSCOLORCHANGE=0 other=0
2026-10-02T11:39:36.723+08:00 CYCLE n=284 label=set start=2026-10-02T11:39:33.711+08:00 sets=[mon0=A@+0.4ms/1.4ms/hr=0x00000000 mon1=B@+2.1ms/1.0ms/hr=0x00000000] window_ms=3003 total=0 WM_SETTINGCHANGE=0 WM_DISPLAYCHANGE=0 WM_THEMECHANGED=0 WM_DWMCOLORIZATIONCOLORCHANGED=0 WM_SYSCOLORCHANGE=0 other=0
2026-10-02T11:39:46.798+08:00 CYCLE n=285 label=set start=2026-10-02T11:39:43.783+08:00 sets=[mon0=B@+0.8ms/1.4ms/hr=0x00000000 mon1=A@+2.6ms/1.1ms/hr=0x00000000] window_ms=3004 total=0 WM_SETTINGCHANGE=0 WM_DISPLAYCHANGE=0 WM_THEMECHANGED=0 WM_DWMCOLORIZATIONCOLORCHANGED=0 WM_SYSCOLORCHANGE=0 other=0
2026-10-02T11:39:56.746+08:00 CYCLE n=286 label=set start=2026-10-02T11:39:53.723+08:00 sets=[mon0=A@+0.5ms/1.3ms/hr=0x00000000 mon1=B@+9.5ms/1.5ms/hr=0x00000000] window_ms=3011 total=0 WM_SETTINGCHANGE=0 WM_DISPLAYCHANGE=0 WM_THEMECHANGED=0 WM_DWMCOLORIZATIONCOLORCHANGED=0 WM_SYSCOLORCHANGE=0 other=0
2026-10-02T11:40:06.791+08:00 CYCLE n=287 label=set start=2026-10-02T11:40:03.771+08:00 sets=[mon0=B@+0.5ms/1.4ms/hr=0x00000000 mon1=A@+9.4ms/1.4ms/hr=0x00000000] window_ms=3011 total=0 WM_SETTINGCHANGE=0 WM_DISPLAYCHANGE=0 WM_THEMECHANGED=0 WM_DWMCOLORIZATIONCOLORCHANGED=0 WM_SYSCOLORCHANGE=0 other=0
2026-10-02T11:40:16.791+08:00 CYCLE n=288 label=set start=2026-10-02T11:40:13.775+08:00 sets=[mon0=A@+1.6ms/1.9ms/hr=0x00000000 mon1=B@+3.9ms/1.5ms/hr=0x00000000] window_ms=3006 total=0 WM_SETTINGCHANGE=0 WM_DISPLAYCHANGE=0 WM_THEMECHANGED=0 WM_DWMCOLORIZATIONCOLORCHANGED=0 WM_SYSCOLORCHANGE=0 other=0
2026-10-02T11:40:26.730+08:00 CYCLE n=289 label=set start=2026-10-02T11:40:23.716+08:00 sets=[mon0=B@+0.5ms/1.7ms/hr=0x00000000 mon1=A@+2.9ms/1.6ms/hr=0x00000000] window_ms=3005 total=0 WM_SETTINGCHANGE=0 WM_DISPLAYCHANGE=0 WM_THEMECHANGED=0 WM_DWMCOLORIZATIONCOLORCHANGED=0 WM_SYSCOLORCHANGE=0 other=0
2026-10-02T11:40:36.776+08:00 CYCLE n=290 label=set start=2026-10-02T11:40:33.755+08:00 sets=[mon0=A@+0.7ms/1.8ms/hr=0x00000000 mon1=B@+10.5ms/1.3ms/hr=0x00000000] window_ms=3012 total=0 WM_SETTINGCHANGE=0 WM_DISPLAYCHANGE=0 WM_THEMECHANGED=0 WM_DWMCOLORIZATIONCOLORCHANGED=0 WM_SYSCOLORCHANGE=0 other=0
2026-10-02T11:40:46.743+08:00 CYCLE n=291 label=set start=2026-10-02T11:40:43.729+08:00 sets=[mon0=B@+0.9ms/1.7ms/hr=0x00000000 mon1=A@+2.9ms/1.0ms/hr=0x00000000] window_ms=3004 total=0 WM_SETTINGCHANGE=0 WM_DISPLAYCHANGE=0 WM_THEMECHANGED=0 WM_DWMCOLORIZATIONCOLORCHANGED=0 WM_SYSCOLORCHANGE=0 other=0
2026-10-02T11:40:56.785+08:00 CYCLE n=292 label=set start=2026-10-02T11:40:53.763+08:00 sets=[mon0=A@+0.4ms/1.7ms/hr=0x00000000 mon1=B@+10.2ms/1.3ms/hr=0x00000000] window_ms=3012 total=0 WM_SETTINGCHANGE=0 WM_DISPLAYCHANGE=0 WM_THEMECHANGED=0 WM_DWMCOLORIZATIONCOLORCHANGED=0 WM_SYSCOLORCHANGE=0 other=0
2026-10-02T11:41:06.728+08:00 CYCLE n=293 label=set start=2026-10-02T11:41:03.706+08:00 sets=[mon0=B@+0.6ms/1.7ms/hr=0x00000000 mon1=A@+10.2ms/1.6ms/hr=0x00000000] window_ms=3012 total=0 WM_SETTINGCHANGE=0 WM_DISPLAYCHANGE=0 WM_THEMECHANGED=0 WM_DWMCOLORIZATIONCOLORCHANGED=0 WM_SYSCOLORCHANGE=0 other=0
2026-10-02T11:41:16.807+08:00 CYCLE n=294 label=set start=2026-10-02T11:41:13.792+08:00 sets=[mon0=A@+0.9ms/1.7ms/hr=0x00000000 mon1=B@+2.9ms/1.1ms/hr=0x00000000] window_ms=3004 total=0 WM_SETTINGCHANGE=0 WM_DISPLAYCHANGE=0 WM_THEMECHANGED=0 WM_DWMCOLORIZATIONCOLORCHANGED=0 WM_SYSCOLORCHANGE=0 other=0
2026-10-02T11:41:26.747+08:00 CYCLE n=295 label=set start=2026-10-02T11:41:23.732+08:00 sets=[mon0=B@+0.5ms/1.5ms/hr=0x00000000 mon1=A@+2.8ms/1.4ms/hr=0x00000000] window_ms=3005 total=0 WM_SETTINGCHANGE=0 WM_DISPLAYCHANGE=0 WM_THEMECHANGED=0 WM_DWMCOLORIZATIONCOLORCHANGED=0 WM_SYSCOLORCHANGE=0 other=0
2026-10-02T11:41:36.792+08:00 CYCLE n=296 label=set start=2026-10-02T11:41:33.770+08:00 sets=[mon0=A@+0.5ms/2.0ms/hr=0x00000000 mon1=B@+10.2ms/1.3ms/hr=0x00000000] window_ms=3012 total=0 WM_SETTINGCHANGE=0 WM_DISPLAYCHANGE=0 WM_THEMECHANGED=0 WM_DWMCOLORIZATIONCOLORCHANGED=0 WM_SYSCOLORCHANGE=0 other=0
2026-10-02T11:41:46.769+08:00 CYCLE n=297 label=set start=2026-10-02T11:41:43.754+08:00 sets=[mon0=B@+0.4ms/1.8ms/hr=0x00000000 mon1=A@+2.6ms/1.5ms/hr=0x00000000] window_ms=3004 total=0 WM_SETTINGCHANGE=0 WM_DISPLAYCHANGE=0 WM_THEMECHANGED=0 WM_DWMCOLORIZATIONCOLORCHANGED=0 WM_SYSCOLORCHANGE=0 other=0
2026-10-02T11:41:56.713+08:00 CYCLE n=298 label=set start=2026-10-02T11:41:53.691+08:00 sets=[mon0=A@+0.8ms/1.6ms/hr=0x00000000 mon1=B@+10.1ms/1.8ms/hr=0x00000000] window_ms=3012 total=0 WM_SETTINGCHANGE=0 WM_DISPLAYCHANGE=0 WM_THEMECHANGED=0 WM_DWMCOLORIZATIONCOLORCHANGED=0 WM_SYSCOLORCHANGE=0 other=0
2026-10-02T11:42:06.757+08:00 CYCLE n=299 label=set start=2026-10-02T11:42:03.736+08:00 sets=[mon0=B@+0.5ms/1.8ms/hr=0x00000000 mon1=A@+10.0ms/1.5ms/hr=0x00000000] window_ms=3012 total=0 WM_SETTINGCHANGE=0 WM_DISPLAYCHANGE=0 WM_THEMECHANGED=0 WM_DWMCOLORIZATIONCOLORCHANGED=0 WM_SYSCOLORCHANGE=0 other=0
2026-10-02T11:42:16.839+08:00 CYCLE n=300 label=set start=2026-10-02T11:42:13.825+08:00 sets=[mon0=A@+0.6ms/1.6ms/hr=0x00000000 mon1=B@+2.4ms/1.1ms/hr=0x00000000] window_ms=3004 total=0 WM_SETTINGCHANGE=0 WM_DISPLAYCHANGE=0 WM_THEMECHANGED=0 WM_DWMCOLORIZATIONCOLORCHANGED=0 WM_SYSCOLORCHANGE=0 other=0
2026-10-02T11:42:26.773+08:00 CYCLE n=301 label=set start=2026-10-02T11:42:23.761+08:00 sets=[mon0=B@+0.6ms/1.3ms/hr=0x00000000 mon1=A@+2.7ms/0.9ms/hr=0x00000000] window_ms=3004 total=0 WM_SETTINGCHANGE=0 WM_DISPLAYCHANGE=0 WM_THEMECHANGED=0 WM_DWMCOLORIZATIONCOLORCHANGED=0 WM_SYSCOLORCHANGE=0 other=0
2026-10-02T11:42:36.713+08:00 CYCLE n=302 label=set start=2026-10-02T11:42:33.696+08:00 sets=[mon0=A@+2.6ms/1.8ms/hr=0x00000000 mon1=B@+4.6ms/1.7ms/hr=0x00000000] window_ms=3007 total=0 WM_SETTINGCHANGE=0 WM_DISPLAYCHANGE=0 WM_THEMECHANGED=0 WM_DWMCOLORIZATIONCOLORCHANGED=0 WM_SYSCOLORCHANGE=0 other=0
2026-10-02T11:42:46.791+08:00 CYCLE n=303 label=set start=2026-10-02T11:42:43.777+08:00 sets=[mon0=B@+0.5ms/1.9ms/hr=0x00000000 mon1=A@+2.6ms/1.5ms/hr=0x00000000] window_ms=3004 total=0 WM_SETTINGCHANGE=0 WM_DISPLAYCHANGE=0 WM_THEMECHANGED=0 WM_DWMCOLORIZATIONCOLORCHANGED=0 WM_SYSCOLORCHANGE=0 other=0
2026-10-02T11:42:56.733+08:00 CYCLE n=304 label=set start=2026-10-02T11:42:53.713+08:00 sets=[mon0=A@+0.6ms/1.1ms/hr=0x00000000 mon1=B@+9.4ms/0.9ms/hr=0x00000000] window_ms=3011 total=0 WM_SETTINGCHANGE=0 WM_DISPLAYCHANGE=0 WM_THEMECHANGED=0 WM_DWMCOLORIZATIONCOLORCHANGED=0 WM_SYSCOLORCHANGE=0 other=0
2026-10-02T11:43:06.770+08:00 CYCLE n=305 label=set start=2026-10-02T11:43:03.756+08:00 sets=[mon0=B@+0.5ms/1.9ms/hr=0x00000000 mon1=A@+2.8ms/1.5ms/hr=0x00000000] window_ms=3004 total=0 WM_SETTINGCHANGE=0 WM_DISPLAYCHANGE=0 WM_THEMECHANGED=0 WM_DWMCOLORIZATIONCOLORCHANGED=0 WM_SYSCOLORCHANGE=0 other=0
2026-10-02T11:43:16.750+08:00 CYCLE n=306 label=set start=2026-10-02T11:43:13.735+08:00 sets=[mon0=A@+0.4ms/1.7ms/hr=0x00000000 mon1=B@+2.4ms/1.6ms/hr=0x00000000] window_ms=3004 total=0 WM_SETTINGCHANGE=0 WM_DISPLAYCHANGE=0 WM_THEMECHANGED=0 WM_DWMCOLORIZATIONCOLORCHANGED=0 WM_SYSCOLORCHANGE=0 other=0
2026-10-02T11:43:26.794+08:00 CYCLE n=307 label=set start=2026-10-02T11:43:23.774+08:00 sets=[mon0=B@+0.5ms/1.3ms/hr=0x00000000 mon1=A@+9.5ms/1.1ms/hr=0x00000000] window_ms=3011 total=0 WM_SETTINGCHANGE=0 WM_DISPLAYCHANGE=0 WM_THEMECHANGED=0 WM_DWMCOLORIZATIONCOLORCHANGED=0 WM_SYSCOLORCHANGE=0 other=0
2026-10-02T11:43:36.741+08:00 CYCLE n=308 label=set start=2026-10-02T11:43:33.719+08:00 sets=[mon0=A@+0.8ms/1.9ms/hr=0x00000000 mon1=B@+10.4ms/1.8ms/hr=0x00000000] window_ms=3013 total=0 WM_SETTINGCHANGE=0 WM_DISPLAYCHANGE=0 WM_THEMECHANGED=0 WM_DWMCOLORIZATIONCOLORCHANGED=0 WM_SYSCOLORCHANGE=0 other=0
2026-10-02T11:43:46.819+08:00 CYCLE n=309 label=set start=2026-10-02T11:43:43.805+08:00 sets=[mon0=B@+0.5ms/1.7ms/hr=0x00000000 mon1=A@+2.5ms/1.3ms/hr=0x00000000] window_ms=3004 total=0 WM_SETTINGCHANGE=0 WM_DISPLAYCHANGE=0 WM_THEMECHANGED=0 WM_DWMCOLORIZATIONCOLORCHANGED=0 WM_SYSCOLORCHANGE=0 other=0
2026-10-02T11:43:56.765+08:00 CYCLE n=310 label=set start=2026-10-02T11:43:53.742+08:00 sets=[mon0=A@+0.5ms/1.2ms/hr=0x00000000 mon1=B@+10.0ms/1.4ms/hr=0x00000000] window_ms=3012 total=0 WM_SETTINGCHANGE=0 WM_DISPLAYCHANGE=0 WM_THEMECHANGED=0 WM_DWMCOLORIZATIONCOLORCHANGED=0 WM_SYSCOLORCHANGE=0 other=0
2026-10-02T11:44:06.709+08:00 CYCLE n=311 label=set start=2026-10-02T11:44:03.689+08:00 sets=[mon0=B@+0.5ms/1.4ms/hr=0x00000000 mon1=A@+9.7ms/1.2ms/hr=0x00000000] window_ms=3011 total=0 WM_SETTINGCHANGE=0 WM_DISPLAYCHANGE=0 WM_THEMECHANGED=0 WM_DWMCOLORIZATIONCOLORCHANGED=0 WM_SYSCOLORCHANGE=0 other=0
2026-10-02T11:44:16.788+08:00 CYCLE n=312 label=set start=2026-10-02T11:44:13.774+08:00 sets=[mon0=A@+0.7ms/2.0ms/hr=0x00000000 mon1=B@+3.0ms/1.3ms/hr=0x00000000] window_ms=3005 total=0 WM_SETTINGCHANGE=0 WM_DISPLAYCHANGE=0 WM_THEMECHANGED=0 WM_DWMCOLORIZATIONCOLORCHANGED=0 WM_SYSCOLORCHANGE=0 other=0
2026-10-02T11:44:26.730+08:00 CYCLE n=313 label=set start=2026-10-02T11:44:23.710+08:00 sets=[mon0=B@+0.3ms/1.2ms/hr=0x00000000 mon1=A@+9.2ms/1.5ms/hr=0x00000000] window_ms=3011 total=0 WM_SETTINGCHANGE=0 WM_DISPLAYCHANGE=0 WM_THEMECHANGED=0 WM_DWMCOLORIZATIONCOLORCHANGED=0 WM_SYSCOLORCHANGE=0 other=0
2026-10-02T11:44:36.767+08:00 CYCLE n=314 label=set start=2026-10-02T11:44:33.752+08:00 sets=[mon0=A@+1.0ms/1.6ms/hr=0x00000000 mon1=B@+3.4ms/1.1ms/hr=0x00000000] window_ms=3005 total=0 WM_SETTINGCHANGE=0 WM_DISPLAYCHANGE=0 WM_THEMECHANGED=0 WM_DWMCOLORIZATIONCOLORCHANGED=0 WM_SYSCOLORCHANGE=0 other=0
2026-10-02T11:44:46.750+08:00 CYCLE n=315 label=set start=2026-10-02T11:44:43.735+08:00 sets=[mon0=B@+0.5ms/1.6ms/hr=0x00000000 mon1=A@+2.4ms/1.5ms/hr=0x00000000] window_ms=3004 total=0 WM_SETTINGCHANGE=0 WM_DISPLAYCHANGE=0 WM_THEMECHANGED=0 WM_DWMCOLORIZATIONCOLORCHANGED=0 WM_SYSCOLORCHANGE=0 other=0
2026-10-02T11:44:56.791+08:00 CYCLE n=316 label=set start=2026-10-02T11:44:53.771+08:00 sets=[mon0=A@+0.7ms/1.6ms/hr=0x00000000 mon1=B@+10.2ms/1.3ms/hr=0x00000000] window_ms=3012 total=0 WM_SETTINGCHANGE=0 WM_DISPLAYCHANGE=0 WM_THEMECHANGED=0 WM_DWMCOLORIZATIONCOLORCHANGED=0 WM_SYSCOLORCHANGE=0 other=0
2026-10-02T11:45:06.733+08:00 CYCLE n=317 label=set start=2026-10-02T11:45:03.713+08:00 sets=[mon0=B@+0.5ms/1.2ms/hr=0x00000000 mon1=A@+9.6ms/0.9ms/hr=0x00000000] window_ms=3011 total=0 WM_SETTINGCHANGE=0 WM_DISPLAYCHANGE=0 WM_THEMECHANGED=0 WM_DWMCOLORIZATIONCOLORCHANGED=0 WM_SYSCOLORCHANGE=0 other=0
2026-10-02T11:45:16.806+08:00 CYCLE n=318 label=set start=2026-10-02T11:45:13.792+08:00 sets=[mon0=A@+0.5ms/2.0ms/hr=0x00000000 mon1=B@+2.8ms/1.2ms/hr=0x00000000] window_ms=3004 total=0 WM_SETTINGCHANGE=0 WM_DISPLAYCHANGE=0 WM_THEMECHANGED=0 WM_DWMCOLORIZATIONCOLORCHANGED=0 WM_SYSCOLORCHANGE=0 other=0
2026-10-02T11:45:26.751+08:00 CYCLE n=319 label=set start=2026-10-02T11:45:23.730+08:00 sets=[mon0=B@+0.4ms/1.0ms/hr=0x00000000 mon1=A@+9.1ms/1.3ms/hr=0x00000000] window_ms=3011 total=0 WM_SETTINGCHANGE=0 WM_DISPLAYCHANGE=0 WM_THEMECHANGED=0 WM_DWMCOLORIZATIONCOLORCHANGED=0 WM_SYSCOLORCHANGE=0 other=0
2026-10-02T11:45:36.801+08:00 CYCLE n=320 label=set start=2026-10-02T11:45:33.778+08:00 sets=[mon0=A@+0.5ms/1.6ms/hr=0x00000000 mon1=B@+9.8ms/1.4ms/hr=0x00000000] window_ms=3012 total=0 WM_SETTINGCHANGE=0 WM_DISPLAYCHANGE=0 WM_THEMECHANGED=0 WM_DWMCOLORIZATIONCOLORCHANGED=0 WM_SYSCOLORCHANGE=0 other=0
2026-10-02T11:45:46.787+08:00 CYCLE n=321 label=set start=2026-10-02T11:45:43.771+08:00 sets=[mon0=B@+0.8ms/2.0ms/hr=0x00000000 mon1=A@+3.1ms/2.1ms/hr=0x00000000] window_ms=3005 total=0 WM_SETTINGCHANGE=0 WM_DISPLAYCHANGE=0 WM_THEMECHANGED=0 WM_DWMCOLORIZATIONCOLORCHANGED=0 WM_SYSCOLORCHANGE=0 other=0
2026-10-02T11:45:56.724+08:00 CYCLE n=322 label=set start=2026-10-02T11:45:53.710+08:00 sets=[mon0=A@+0.5ms/1.8ms/hr=0x00000000 mon1=B@+2.9ms/1.0ms/hr=0x00000000] window_ms=3004 total=0 WM_SETTINGCHANGE=0 WM_DISPLAYCHANGE=0 WM_THEMECHANGED=0 WM_DWMCOLORIZATIONCOLORCHANGED=0 WM_SYSCOLORCHANGE=0 other=0
2026-10-02T11:46:06.761+08:00 CYCLE n=323 label=set start=2026-10-02T11:46:03.747+08:00 sets=[mon0=B@+0.4ms/1.3ms/hr=0x00000000 mon1=A@+1.9ms/1.1ms/hr=0x00000000] window_ms=3004 total=0 WM_SETTINGCHANGE=0 WM_DISPLAYCHANGE=0 WM_THEMECHANGED=0 WM_DWMCOLORIZATIONCOLORCHANGED=0 WM_SYSCOLORCHANGE=0 other=0
2026-10-02T11:46:16.839+08:00 CYCLE n=324 label=set start=2026-10-02T11:46:13.824+08:00 sets=[mon0=A@+0.6ms/1.4ms/hr=0x00000000 mon1=B@+2.2ms/1.4ms/hr=0x00000000] window_ms=3004 total=0 WM_SETTINGCHANGE=0 WM_DISPLAYCHANGE=0 WM_THEMECHANGED=0 WM_DWMCOLORIZATIONCOLORCHANGED=0 WM_SYSCOLORCHANGE=0 other=0
2026-10-02T11:46:26.783+08:00 CYCLE n=325 label=set start=2026-10-02T11:46:23.762+08:00 sets=[mon0=B@+0.4ms/1.6ms/hr=0x00000000 mon1=A@+10.0ms/1.5ms/hr=0x00000000] window_ms=3012 total=0 WM_SETTINGCHANGE=0 WM_DISPLAYCHANGE=0 WM_THEMECHANGED=0 WM_DWMCOLORIZATIONCOLORCHANGED=0 WM_SYSCOLORCHANGE=0 other=0
2026-10-02T11:46:36.726+08:00 CYCLE n=326 label=set start=2026-10-02T11:46:33.703+08:00 sets=[mon0=A@+0.9ms/1.6ms/hr=0x00000000 mon1=B@+10.3ms/1.6ms/hr=0x00000000] window_ms=3012 total=0 WM_SETTINGCHANGE=0 WM_DISPLAYCHANGE=0 WM_THEMECHANGED=0 WM_DWMCOLORIZATIONCOLORCHANGED=0 WM_SYSCOLORCHANGE=0 other=0
2026-10-02T11:46:46.799+08:00 CYCLE n=327 label=set start=2026-10-02T11:46:43.786+08:00 sets=[mon0=B@+1.0ms/1.3ms/hr=0x00000000 mon1=A@+2.5ms/1.4ms/hr=0x00000000] window_ms=3004 total=0 WM_SETTINGCHANGE=0 WM_DISPLAYCHANGE=0 WM_THEMECHANGED=0 WM_DWMCOLORIZATIONCOLORCHANGED=0 WM_SYSCOLORCHANGE=0 other=0
2026-10-02T11:46:56.740+08:00 CYCLE n=328 label=set start=2026-10-02T11:46:53.719+08:00 sets=[mon0=A@+0.6ms/1.7ms/hr=0x00000000 mon1=B@+10.0ms/1.6ms/hr=0x00000000] window_ms=3012 total=0 WM_SETTINGCHANGE=0 WM_DISPLAYCHANGE=0 WM_THEMECHANGED=0 WM_DWMCOLORIZATIONCOLORCHANGED=0 WM_SYSCOLORCHANGE=0 other=0
2026-10-02T11:47:06.787+08:00 CYCLE n=329 label=set start=2026-10-02T11:47:03.765+08:00 sets=[mon0=B@+0.6ms/1.4ms/hr=0x00000000 mon1=A@+9.9ms/1.7ms/hr=0x00000000] window_ms=3012 total=0 WM_SETTINGCHANGE=0 WM_DISPLAYCHANGE=0 WM_THEMECHANGED=0 WM_DWMCOLORIZATIONCOLORCHANGED=0 WM_SYSCOLORCHANGE=0 other=0
2026-10-02T11:47:16.760+08:00 CYCLE n=330 label=set start=2026-10-02T11:47:13.745+08:00 sets=[mon0=A@+0.4ms/1.2ms/hr=0x00000000 mon1=B@+1.9ms/1.2ms/hr=0x00000000] window_ms=3003 total=0 WM_SETTINGCHANGE=0 WM_DISPLAYCHANGE=0 WM_THEMECHANGED=0 WM_DWMCOLORIZATIONCOLORCHANGED=0 WM_SYSCOLORCHANGE=0 other=0
2026-10-02T11:47:26.803+08:00 CYCLE n=331 label=set start=2026-10-02T11:47:23.782+08:00 sets=[mon0=B@+0.5ms/1.5ms/hr=0x00000000 mon1=A@+9.8ms/1.6ms/hr=0x00000000] window_ms=3012 total=0 WM_SETTINGCHANGE=0 WM_DISPLAYCHANGE=0 WM_THEMECHANGED=0 WM_DWMCOLORIZATIONCOLORCHANGED=0 WM_SYSCOLORCHANGE=0 other=0
2026-10-02T11:47:36.738+08:00 CYCLE n=332 label=set start=2026-10-02T11:47:33.726+08:00 sets=[mon0=A@+0.4ms/1.1ms/hr=0x00000000 mon1=B@+2.1ms/0.9ms/hr=0x00000000] window_ms=3003 total=0 WM_SETTINGCHANGE=0 WM_DISPLAYCHANGE=0 WM_THEMECHANGED=0 WM_DWMCOLORIZATIONCOLORCHANGED=0 WM_SYSCOLORCHANGE=0 other=0
2026-10-02T11:47:46.818+08:00 CYCLE n=333 label=set start=2026-10-02T11:47:43.803+08:00 sets=[mon0=B@+0.5ms/1.6ms/hr=0x00000000 mon1=A@+2.3ms/1.3ms/hr=0x00000000] window_ms=3004 total=0 WM_SETTINGCHANGE=0 WM_DISPLAYCHANGE=0 WM_THEMECHANGED=0 WM_DWMCOLORIZATIONCOLORCHANGED=0 WM_SYSCOLORCHANGE=0 other=0
2026-10-02T11:47:56.761+08:00 CYCLE n=334 label=set start=2026-10-02T11:47:53.741+08:00 sets=[mon0=A@+0.4ms/1.5ms/hr=0x00000000 mon1=B@+9.8ms/1.2ms/hr=0x00000000] window_ms=3011 total=0 WM_SETTINGCHANGE=0 WM_DISPLAYCHANGE=0 WM_THEMECHANGED=0 WM_DWMCOLORIZATIONCOLORCHANGED=0 WM_SYSCOLORCHANGE=0 other=0
2026-10-02T11:48:06.805+08:00 CYCLE n=335 label=set start=2026-10-02T11:48:03.784+08:00 sets=[mon0=B@+0.5ms/1.2ms/hr=0x00000000 mon1=A@+9.5ms/1.1ms/hr=0x00000000] window_ms=3011 total=0 WM_SETTINGCHANGE=0 WM_DISPLAYCHANGE=0 WM_THEMECHANGED=0 WM_DWMCOLORIZATIONCOLORCHANGED=0 WM_SYSCOLORCHANGE=0 other=0
2026-10-02T11:48:16.784+08:00 CYCLE n=336 label=set start=2026-10-02T11:48:13.769+08:00 sets=[mon0=A@+0.5ms/1.5ms/hr=0x00000000 mon1=B@+2.3ms/1.4ms/hr=0x00000000] window_ms=3004 total=0 WM_SETTINGCHANGE=0 WM_DISPLAYCHANGE=0 WM_THEMECHANGED=0 WM_DWMCOLORIZATIONCOLORCHANGED=0 WM_SYSCOLORCHANGE=0 other=0
2026-10-02T11:48:26.726+08:00 CYCLE n=337 label=set start=2026-10-02T11:48:23.706+08:00 sets=[mon0=B@+0.6ms/1.1ms/hr=0x00000000 mon1=A@+9.7ms/1.6ms/hr=0x00000000] window_ms=3012 total=0 WM_SETTINGCHANGE=0 WM_DISPLAYCHANGE=0 WM_THEMECHANGED=0 WM_DWMCOLORIZATIONCOLORCHANGED=0 WM_SYSCOLORCHANGE=0 other=0
2026-10-02T11:48:36.773+08:00 CYCLE n=338 label=set start=2026-10-02T11:48:33.749+08:00 sets=[mon0=A@+0.4ms/1.7ms/hr=0x00000000 mon1=B@+9.8ms/1.4ms/hr=0x00000000] window_ms=3011 total=0 WM_SETTINGCHANGE=0 WM_DISPLAYCHANGE=0 WM_THEMECHANGED=0 WM_DWMCOLORIZATIONCOLORCHANGED=0 WM_SYSCOLORCHANGE=0 other=0
2026-10-02T11:48:46.752+08:00 CYCLE n=339 label=set start=2026-10-02T11:48:43.737+08:00 sets=[mon0=B@+0.7ms/1.8ms/hr=0x00000000 mon1=A@+2.7ms/1.3ms/hr=0x00000000] window_ms=3004 total=0 WM_SETTINGCHANGE=0 WM_DISPLAYCHANGE=0 WM_THEMECHANGED=0 WM_DWMCOLORIZATIONCOLORCHANGED=0 WM_SYSCOLORCHANGE=0 other=0
2026-10-02T11:48:56.800+08:00 CYCLE n=340 label=set start=2026-10-02T11:48:53.778+08:00 sets=[mon0=A@+0.4ms/1.4ms/hr=0x00000000 mon1=B@+9.5ms/1.2ms/hr=0x00000000] window_ms=3011 total=0 WM_SETTINGCHANGE=0 WM_DISPLAYCHANGE=0 WM_THEMECHANGED=0 WM_DWMCOLORIZATIONCOLORCHANGED=0 WM_SYSCOLORCHANGE=0 other=0
2026-10-02T11:49:06.738+08:00 CYCLE n=341 label=set start=2026-10-02T11:49:03.726+08:00 sets=[mon0=B@+0.5ms/1.6ms/hr=0x00000000 mon1=A@+2.6ms/1.3ms/hr=0x00000000] window_ms=3004 total=0 WM_SETTINGCHANGE=0 WM_DISPLAYCHANGE=0 WM_THEMECHANGED=0 WM_DWMCOLORIZATIONCOLORCHANGED=0 WM_SYSCOLORCHANGE=0 other=0
2026-10-02T11:49:16.825+08:00 CYCLE n=342 label=set start=2026-10-02T11:49:13.809+08:00 sets=[mon0=A@+0.8ms/2.0ms/hr=0x00000000 mon1=B@+3.1ms/1.0ms/hr=0x00000000] window_ms=3004 total=0 WM_SETTINGCHANGE=0 WM_DISPLAYCHANGE=0 WM_THEMECHANGED=0 WM_DWMCOLORIZATIONCOLORCHANGED=0 WM_SYSCOLORCHANGE=0 other=0
2026-10-02T11:49:26.768+08:00 CYCLE n=343 label=set start=2026-10-02T11:49:23.745+08:00 sets=[mon0=B@+0.5ms/1.8ms/hr=0x00000000 mon1=A@+10.6ms/1.3ms/hr=0x00000000] window_ms=3012 total=0 WM_SETTINGCHANGE=0 WM_DISPLAYCHANGE=0 WM_THEMECHANGED=0 WM_DWMCOLORIZATIONCOLORCHANGED=0 WM_SYSCOLORCHANGE=0 other=0
2026-10-02T11:49:36.712+08:00 CYCLE n=344 label=set start=2026-10-02T11:49:33.693+08:00 sets=[mon0=A@+0.4ms/1.1ms/hr=0x00000000 mon1=B@+9.3ms/1.1ms/hr=0x00000000] window_ms=3011 total=0 WM_SETTINGCHANGE=0 WM_DISPLAYCHANGE=0 WM_THEMECHANGED=0 WM_DWMCOLORIZATIONCOLORCHANGED=0 WM_SYSCOLORCHANGE=0 other=0
2026-10-02T11:49:46.788+08:00 CYCLE n=345 label=set start=2026-10-02T11:49:43.774+08:00 sets=[mon0=B@+0.5ms/1.5ms/hr=0x00000000 mon1=A@+2.2ms/1.2ms/hr=0x00000000] window_ms=3004 total=0 WM_SETTINGCHANGE=0 WM_DISPLAYCHANGE=0 WM_THEMECHANGED=0 WM_DWMCOLORIZATIONCOLORCHANGED=0 WM_SYSCOLORCHANGE=0 other=0
2026-10-02T11:49:56.731+08:00 CYCLE n=346 label=set start=2026-10-02T11:49:53.711+08:00 sets=[mon0=A@+0.6ms/1.3ms/hr=0x00000000 mon1=B@+9.7ms/1.4ms/hr=0x00000000] window_ms=3011 total=0 WM_SETTINGCHANGE=0 WM_DISPLAYCHANGE=0 WM_THEMECHANGED=0 WM_DWMCOLORIZATIONCOLORCHANGED=0 WM_SYSCOLORCHANGE=0 other=0
2026-10-02T11:50:06.772+08:00 CYCLE n=347 label=set start=2026-10-02T11:50:03.752+08:00 sets=[mon0=B@+0.6ms/1.4ms/hr=0x00000000 mon1=A@+9.9ms/1.5ms/hr=0x00000000] window_ms=3012 total=0 WM_SETTINGCHANGE=0 WM_DISPLAYCHANGE=0 WM_THEMECHANGED=0 WM_DWMCOLORIZATIONCOLORCHANGED=0 WM_SYSCOLORCHANGE=0 other=0
2026-10-02T11:50:16.744+08:00 CYCLE n=348 label=set start=2026-10-02T11:50:13.730+08:00 sets=[mon0=A@+0.5ms/1.2ms/hr=0x00000000 mon1=B@+1.9ms/1.0ms/hr=0x00000000] window_ms=3003 total=0 WM_SETTINGCHANGE=0 WM_DISPLAYCHANGE=0 WM_THEMECHANGED=0 WM_DWMCOLORIZATIONCOLORCHANGED=0 WM_SYSCOLORCHANGE=0 other=0
2026-10-02T11:50:26.781+08:00 CYCLE n=349 label=set start=2026-10-02T11:50:23.767+08:00 sets=[mon0=B@+0.4ms/1.2ms/hr=0x00000000 mon1=A@+4.3ms/1.0ms/hr=0x00000000] window_ms=3006 total=0 WM_SETTINGCHANGE=0 WM_DISPLAYCHANGE=0 WM_THEMECHANGED=0 WM_DWMCOLORIZATIONCOLORCHANGED=0 WM_SYSCOLORCHANGE=0 other=0
2026-10-02T11:50:36.724+08:00 CYCLE n=350 label=set start=2026-10-02T11:50:33.702+08:00 sets=[mon0=A@+1.0ms/1.3ms/hr=0x00000000 mon1=B@+10.2ms/2.1ms/hr=0x00000000] window_ms=3013 total=0 WM_SETTINGCHANGE=0 WM_DISPLAYCHANGE=0 WM_THEMECHANGED=0 WM_DWMCOLORIZATIONCOLORCHANGED=0 WM_SYSCOLORCHANGE=0 other=0
2026-10-02T11:50:46.801+08:00 CYCLE n=351 label=set start=2026-10-02T11:50:43.788+08:00 sets=[mon0=B@+0.6ms/1.3ms/hr=0x00000000 mon1=A@+2.1ms/1.0ms/hr=0x00000000] window_ms=3003 total=0 WM_SETTINGCHANGE=0 WM_DISPLAYCHANGE=0 WM_THEMECHANGED=0 WM_DWMCOLORIZATIONCOLORCHANGED=0 WM_SYSCOLORCHANGE=0 other=0
2026-10-02T11:50:56.748+08:00 CYCLE n=352 label=set start=2026-10-02T11:50:53.724+08:00 sets=[mon0=A@+0.4ms/1.7ms/hr=0x00000000 mon1=B@+10.2ms/1.4ms/hr=0x00000000] window_ms=3012 total=0 WM_SETTINGCHANGE=0 WM_DISPLAYCHANGE=0 WM_THEMECHANGED=0 WM_DWMCOLORIZATIONCOLORCHANGED=0 WM_SYSCOLORCHANGE=0 other=0
2026-10-02T11:51:06.793+08:00 CYCLE n=353 label=set start=2026-10-02T11:51:03.773+08:00 sets=[mon0=B@+0.5ms/1.5ms/hr=0x00000000 mon1=A@+9.8ms/1.4ms/hr=0x00000000] window_ms=3011 total=0 WM_SETTINGCHANGE=0 WM_DISPLAYCHANGE=0 WM_THEMECHANGED=0 WM_DWMCOLORIZATIONCOLORCHANGED=0 WM_SYSCOLORCHANGE=0 other=0
2026-10-02T11:51:16.758+08:00 CYCLE n=354 label=set start=2026-10-02T11:51:13.745+08:00 sets=[mon0=A@+0.5ms/1.3ms/hr=0x00000000 mon1=B@+2.1ms/0.9ms/hr=0x00000000] window_ms=3003 total=0 WM_SETTINGCHANGE=0 WM_DISPLAYCHANGE=0 WM_THEMECHANGED=0 WM_DWMCOLORIZATIONCOLORCHANGED=0 WM_SYSCOLORCHANGE=0 other=0
2026-10-02T11:51:26.796+08:00 CYCLE n=355 label=set start=2026-10-02T11:51:23.783+08:00 sets=[mon0=B@+0.4ms/1.0ms/hr=0x00000000 mon1=A@+1.9ms/0.9ms/hr=0x00000000] window_ms=3003 total=0 WM_SETTINGCHANGE=0 WM_DISPLAYCHANGE=0 WM_THEMECHANGED=0 WM_DWMCOLORIZATIONCOLORCHANGED=0 WM_SYSCOLORCHANGE=0 other=0
2026-10-02T11:51:36.742+08:00 CYCLE n=356 label=set start=2026-10-02T11:51:33.718+08:00 sets=[mon0=A@+0.5ms/1.6ms/hr=0x00000000 mon1=B@+9.9ms/1.5ms/hr=0x00000000] window_ms=3012 total=0 WM_SETTINGCHANGE=0 WM_DISPLAYCHANGE=0 WM_THEMECHANGED=0 WM_DWMCOLORIZATIONCOLORCHANGED=0 WM_SYSCOLORCHANGE=0 other=0
2026-10-02T11:51:46.825+08:00 CYCLE n=357 label=set start=2026-10-02T11:51:43.809+08:00 sets=[mon0=B@+0.6ms/1.6ms/hr=0x00000000 mon1=A@+2.8ms/1.4ms/hr=0x00000000] window_ms=3004 total=0 WM_SETTINGCHANGE=0 WM_DISPLAYCHANGE=0 WM_THEMECHANGED=0 WM_DWMCOLORIZATIONCOLORCHANGED=0 WM_SYSCOLORCHANGE=0 other=0
2026-10-02T11:51:56.761+08:00 CYCLE n=358 label=set start=2026-10-02T11:51:53.749+08:00 sets=[mon0=A@+0.4ms/1.6ms/hr=0x00000000 mon1=B@+2.6ms/1.5ms/hr=0x00000000] window_ms=3004 total=0 WM_SETTINGCHANGE=0 WM_DISPLAYCHANGE=0 WM_THEMECHANGED=0 WM_DWMCOLORIZATIONCOLORCHANGED=0 WM_SYSCOLORCHANGE=0 other=0
2026-10-02T11:52:06.709+08:00 CYCLE n=359 label=set start=2026-10-02T11:52:03.686+08:00 sets=[mon0=B@+0.4ms/1.7ms/hr=0x00000000 mon1=A@+9.9ms/1.8ms/hr=0x00000000] window_ms=3012 total=0 WM_SETTINGCHANGE=0 WM_DISPLAYCHANGE=0 WM_THEMECHANGED=0 WM_DWMCOLORIZATIONCOLORCHANGED=0 WM_SYSCOLORCHANGE=0 other=0
2026-10-02T11:52:16.772+08:00 CYCLE n=360 label=set start=2026-10-02T11:52:13.759+08:00 sets=[mon0=A@+0.5ms/1.3ms/hr=0x00000000 mon1=B@+1.9ms/0.8ms/hr=0x00000000] window_ms=3003 total=0 WM_SETTINGCHANGE=0 WM_DISPLAYCHANGE=0 WM_THEMECHANGED=0 WM_DWMCOLORIZATIONCOLORCHANGED=0 WM_SYSCOLORCHANGE=0 other=0
2026-10-02T11:52:26.716+08:00 CYCLE n=361 label=set start=2026-10-02T11:52:23.696+08:00 sets=[mon0=B@+0.4ms/1.2ms/hr=0x00000000 mon1=A@+9.4ms/1.0ms/hr=0x00000000] window_ms=3010 total=0 WM_SETTINGCHANGE=0 WM_DISPLAYCHANGE=0 WM_THEMECHANGED=0 WM_DWMCOLORIZATIONCOLORCHANGED=0 WM_SYSCOLORCHANGE=0 other=0
2026-10-02T11:52:36.755+08:00 CYCLE n=362 label=set start=2026-10-02T11:52:33.742+08:00 sets=[mon0=A@+0.5ms/1.6ms/hr=0x00000000 mon1=B@+2.6ms/1.0ms/hr=0x00000000] window_ms=3004 total=0 WM_SETTINGCHANGE=0 WM_DISPLAYCHANGE=0 WM_THEMECHANGED=0 WM_DWMCOLORIZATIONCOLORCHANGED=0 WM_SYSCOLORCHANGE=0 other=0
2026-10-02T11:52:46.816+08:00 CYCLE n=363 label=set start=2026-10-02T11:52:43.803+08:00 sets=[mon0=B@+0.4ms/1.2ms/hr=0x00000000 mon1=A@+1.9ms/0.9ms/hr=0x00000000] window_ms=3003 total=0 WM_SETTINGCHANGE=0 WM_DISPLAYCHANGE=0 WM_THEMECHANGED=0 WM_DWMCOLORIZATIONCOLORCHANGED=0 WM_SYSCOLORCHANGE=0 other=0
2026-10-02T11:52:56.753+08:00 CYCLE n=364 label=set start=2026-10-02T11:52:53.737+08:00 sets=[mon0=A@+1.3ms/1.7ms/hr=0x00000000 mon1=B@+3.7ms/1.1ms/hr=0x00000000] window_ms=3005 total=0 WM_SETTINGCHANGE=0 WM_DISPLAYCHANGE=0 WM_THEMECHANGED=0 WM_DWMCOLORIZATIONCOLORCHANGED=0 WM_SYSCOLORCHANGE=0 other=0
2026-10-02T11:53:06.795+08:00 CYCLE n=365 label=set start=2026-10-02T11:53:03.775+08:00 sets=[mon0=B@+0.6ms/1.5ms/hr=0x00000000 mon1=A@+10.1ms/1.3ms/hr=0x00000000] window_ms=3012 total=0 WM_SETTINGCHANGE=0 WM_DISPLAYCHANGE=0 WM_THEMECHANGED=0 WM_DWMCOLORIZATIONCOLORCHANGED=0 WM_SYSCOLORCHANGE=0 other=0
2026-10-02T11:53:16.769+08:00 CYCLE n=366 label=set start=2026-10-02T11:53:13.753+08:00 sets=[mon0=A@+0.4ms/1.6ms/hr=0x00000000 mon1=B@+2.2ms/1.3ms/hr=0x00000000] window_ms=3004 total=0 WM_SETTINGCHANGE=0 WM_DISPLAYCHANGE=0 WM_THEMECHANGED=0 WM_DWMCOLORIZATIONCOLORCHANGED=0 WM_SYSCOLORCHANGE=0 other=0
2026-10-02T11:53:26.716+08:00 CYCLE n=367 label=set start=2026-10-02T11:53:23.694+08:00 sets=[mon0=B@+0.4ms/1.4ms/hr=0x00000000 mon1=A@+9.4ms/1.7ms/hr=0x00000000] window_ms=3011 total=0 WM_SETTINGCHANGE=0 WM_DISPLAYCHANGE=0 WM_THEMECHANGED=0 WM_DWMCOLORIZATIONCOLORCHANGED=0 WM_SYSCOLORCHANGE=0 other=0
2026-10-02T11:53:36.752+08:00 CYCLE n=368 label=set start=2026-10-02T11:53:33.739+08:00 sets=[mon0=A@+0.4ms/1.4ms/hr=0x00000000 mon1=B@+2.1ms/0.9ms/hr=0x00000000] window_ms=3003 total=0 WM_SETTINGCHANGE=0 WM_DISPLAYCHANGE=0 WM_THEMECHANGED=0 WM_DWMCOLORIZATIONCOLORCHANGED=0 WM_SYSCOLORCHANGE=0 other=0
2026-10-02T11:53:46.833+08:00 CYCLE n=369 label=set start=2026-10-02T11:53:43.820+08:00 sets=[mon0=B@+0.5ms/1.5ms/hr=0x00000000 mon1=A@+2.3ms/1.3ms/hr=0x00000000] window_ms=3004 total=0 WM_SETTINGCHANGE=0 WM_DISPLAYCHANGE=0 WM_THEMECHANGED=0 WM_DWMCOLORIZATIONCOLORCHANGED=0 WM_SYSCOLORCHANGE=0 other=0
2026-10-02T11:53:56.779+08:00 CYCLE n=370 label=set start=2026-10-02T11:53:53.757+08:00 sets=[mon0=A@+0.5ms/1.7ms/hr=0x00000000 mon1=B@+9.9ms/1.3ms/hr=0x00000000] window_ms=3011 total=0 WM_SETTINGCHANGE=0 WM_DISPLAYCHANGE=0 WM_THEMECHANGED=0 WM_DWMCOLORIZATIONCOLORCHANGED=0 WM_SYSCOLORCHANGE=0 other=0
2026-10-02T11:54:06.722+08:00 CYCLE n=371 label=set start=2026-10-02T11:54:03.701+08:00 sets=[mon0=B@+0.5ms/1.5ms/hr=0x00000000 mon1=A@+9.8ms/1.5ms/hr=0x00000000] window_ms=3012 total=0 WM_SETTINGCHANGE=0 WM_DISPLAYCHANGE=0 WM_THEMECHANGED=0 WM_DWMCOLORIZATIONCOLORCHANGED=0 WM_SYSCOLORCHANGE=0 other=0
2026-10-02T11:54:16.798+08:00 CYCLE n=372 label=set start=2026-10-02T11:54:13.783+08:00 sets=[mon0=A@+0.4ms/1.6ms/hr=0x00000000 mon1=B@+2.2ms/1.3ms/hr=0x00000000] window_ms=3004 total=0 WM_SETTINGCHANGE=0 WM_DISPLAYCHANGE=0 WM_THEMECHANGED=0 WM_DWMCOLORIZATIONCOLORCHANGED=0 WM_SYSCOLORCHANGE=0 other=0
2026-10-02T11:54:26.733+08:00 CYCLE n=373 label=set start=2026-10-02T11:54:23.718+08:00 sets=[mon0=B@+0.4ms/1.6ms/hr=0x00000000 mon1=A@+2.5ms/1.5ms/hr=0x00000000] window_ms=3004 total=0 WM_SETTINGCHANGE=0 WM_DISPLAYCHANGE=0 WM_THEMECHANGED=0 WM_DWMCOLORIZATIONCOLORCHANGED=0 WM_SYSCOLORCHANGE=0 other=0
2026-10-02T11:54:36.779+08:00 CYCLE n=374 label=set start=2026-10-02T11:54:33.756+08:00 sets=[mon0=A@+0.6ms/1.5ms/hr=0x00000000 mon1=B@+10.0ms/1.8ms/hr=0x00000000] window_ms=3012 total=0 WM_SETTINGCHANGE=0 WM_DISPLAYCHANGE=0 WM_THEMECHANGED=0 WM_DWMCOLORIZATIONCOLORCHANGED=0 WM_SYSCOLORCHANGE=0 other=0
2026-10-02T11:54:46.758+08:00 CYCLE n=375 label=set start=2026-10-02T11:54:43.744+08:00 sets=[mon0=B@+0.6ms/1.6ms/hr=0x00000000 mon1=A@+2.4ms/1.3ms/hr=0x00000000] window_ms=3004 total=0 WM_SETTINGCHANGE=0 WM_DISPLAYCHANGE=0 WM_THEMECHANGED=0 WM_DWMCOLORIZATIONCOLORCHANGED=0 WM_SYSCOLORCHANGE=0 other=0
2026-10-02T11:54:56.805+08:00 CYCLE n=376 label=set start=2026-10-02T11:54:53.784+08:00 sets=[mon0=A@+0.5ms/1.5ms/hr=0x00000000 mon1=B@+9.6ms/1.6ms/hr=0x00000000] window_ms=3011 total=0 WM_SETTINGCHANGE=0 WM_DISPLAYCHANGE=0 WM_THEMECHANGED=0 WM_DWMCOLORIZATIONCOLORCHANGED=0 WM_SYSCOLORCHANGE=0 other=0
2026-10-02T11:55:06.738+08:00 CYCLE n=377 label=set start=2026-10-02T11:55:03.725+08:00 sets=[mon0=B@+0.6ms/1.6ms/hr=0x00000000 mon1=A@+2.5ms/1.3ms/hr=0x00000000] window_ms=3005 total=0 WM_SETTINGCHANGE=0 WM_DISPLAYCHANGE=0 WM_THEMECHANGED=0 WM_DWMCOLORIZATIONCOLORCHANGED=0 WM_SYSCOLORCHANGE=0 other=0
2026-10-02T11:55:16.815+08:00 CYCLE n=378 label=set start=2026-10-02T11:55:13.800+08:00 sets=[mon0=A@+0.4ms/1.5ms/hr=0x00000000 mon1=B@+2.2ms/1.4ms/hr=0x00000000] window_ms=3004 total=0 WM_SETTINGCHANGE=0 WM_DISPLAYCHANGE=0 WM_THEMECHANGED=0 WM_DWMCOLORIZATIONCOLORCHANGED=0 WM_SYSCOLORCHANGE=0 other=0
2026-10-02T11:55:26.753+08:00 CYCLE n=379 label=set start=2026-10-02T11:55:23.740+08:00 sets=[mon0=B@+0.6ms/1.3ms/hr=0x00000000 mon1=A@+2.6ms/0.9ms/hr=0x00000000] window_ms=3004 total=0 WM_SETTINGCHANGE=0 WM_DISPLAYCHANGE=0 WM_THEMECHANGED=0 WM_DWMCOLORIZATIONCOLORCHANGED=0 WM_SYSCOLORCHANGE=0 other=0
2026-10-02T11:55:36.801+08:00 CYCLE n=380 label=set start=2026-10-02T11:55:33.779+08:00 sets=[mon0=A@+1.4ms/2.3ms/hr=0x00000000 mon1=B@+11.6ms/1.3ms/hr=0x00000000] window_ms=3013 total=0 WM_SETTINGCHANGE=0 WM_DISPLAYCHANGE=0 WM_THEMECHANGED=0 WM_DWMCOLORIZATIONCOLORCHANGED=0 WM_SYSCOLORCHANGE=0 other=0
2026-10-02T11:55:46.773+08:00 CYCLE n=381 label=set start=2026-10-02T11:55:43.759+08:00 sets=[mon0=B@+0.4ms/1.5ms/hr=0x00000000 mon1=A@+2.2ms/1.1ms/hr=0x00000000] window_ms=3003 total=0 WM_SETTINGCHANGE=0 WM_DISPLAYCHANGE=0 WM_THEMECHANGED=0 WM_DWMCOLORIZATIONCOLORCHANGED=0 WM_SYSCOLORCHANGE=0 other=0
2026-10-02T11:55:56.715+08:00 CYCLE n=382 label=set start=2026-10-02T11:55:53.698+08:00 sets=[mon0=A@+0.8ms/1.9ms/hr=0x00000000 mon1=B@+3.4ms/2.0ms/hr=0x00000000] window_ms=3006 total=0 WM_SETTINGCHANGE=0 WM_DISPLAYCHANGE=0 WM_THEMECHANGED=0 WM_DWMCOLORIZATIONCOLORCHANGED=0 WM_SYSCOLORCHANGE=0 other=0
2026-10-02T11:56:06.761+08:00 CYCLE n=383 label=set start=2026-10-02T11:56:03.739+08:00 sets=[mon0=B@+0.6ms/1.4ms/hr=0x00000000 mon1=A@+9.8ms/1.8ms/hr=0x00000000] window_ms=3012 total=0 WM_SETTINGCHANGE=0 WM_DISPLAYCHANGE=0 WM_THEMECHANGED=0 WM_DWMCOLORIZATIONCOLORCHANGED=0 WM_SYSCOLORCHANGE=0 other=0
2026-10-02T11:56:16.743+08:00 CYCLE n=384 label=set start=2026-10-02T11:56:13.727+08:00 sets=[mon0=A@+0.4ms/1.6ms/hr=0x00000000 mon1=B@+2.3ms/1.3ms/hr=0x00000000] window_ms=3004 total=0 WM_SETTINGCHANGE=0 WM_DISPLAYCHANGE=0 WM_THEMECHANGED=0 WM_DWMCOLORIZATIONCOLORCHANGED=0 WM_SYSCOLORCHANGE=0 other=0
2026-10-02T11:56:26.791+08:00 CYCLE n=385 label=set start=2026-10-02T11:56:23.769+08:00 sets=[mon0=B@+0.5ms/1.2ms/hr=0x00000000 mon1=A@+9.5ms/1.0ms/hr=0x00000000] window_ms=3011 total=0 WM_SETTINGCHANGE=0 WM_DISPLAYCHANGE=0 WM_THEMECHANGED=0 WM_DWMCOLORIZATIONCOLORCHANGED=0 WM_SYSCOLORCHANGE=0 other=0
2026-10-02T11:56:36.737+08:00 CYCLE n=386 label=set start=2026-10-02T11:56:33.715+08:00 sets=[mon0=A@+0.5ms/1.4ms/hr=0x00000000 mon1=B@+9.6ms/1.2ms/hr=0x00000000] window_ms=3011 total=0 WM_SETTINGCHANGE=0 WM_DISPLAYCHANGE=0 WM_THEMECHANGED=0 WM_DWMCOLORIZATIONCOLORCHANGED=0 WM_SYSCOLORCHANGE=0 other=0
2026-10-02T11:56:46.814+08:00 CYCLE n=387 label=set start=2026-10-02T11:56:43.799+08:00 sets=[mon0=B@+1.0ms/1.9ms/hr=0x00000000 mon1=A@+3.3ms/1.3ms/hr=0x00000000] window_ms=3005 total=0 WM_SETTINGCHANGE=0 WM_DISPLAYCHANGE=0 WM_THEMECHANGED=0 WM_DWMCOLORIZATIONCOLORCHANGED=0 WM_SYSCOLORCHANGE=0 other=0
2026-10-02T11:56:56.760+08:00 CYCLE n=388 label=set start=2026-10-02T11:56:53.739+08:00 sets=[mon0=A@+0.5ms/1.8ms/hr=0x00000000 mon1=B@+10.4ms/1.3ms/hr=0x00000000] window_ms=3012 total=0 WM_SETTINGCHANGE=0 WM_DISPLAYCHANGE=0 WM_THEMECHANGED=0 WM_DWMCOLORIZATIONCOLORCHANGED=0 WM_SYSCOLORCHANGE=0 other=0
2026-10-02T11:57:06.806+08:00 CYCLE n=389 label=set start=2026-10-02T11:57:03.782+08:00 sets=[mon0=B@+0.4ms/1.5ms/hr=0x00000000 mon1=A@+9.9ms/1.8ms/hr=0x00000000] window_ms=3012 total=0 WM_SETTINGCHANGE=0 WM_DISPLAYCHANGE=0 WM_THEMECHANGED=0 WM_DWMCOLORIZATIONCOLORCHANGED=0 WM_SYSCOLORCHANGE=0 other=0
2026-10-02T11:57:16.777+08:00 CYCLE n=390 label=set start=2026-10-02T11:57:13.765+08:00 sets=[mon0=A@+0.4ms/1.2ms/hr=0x00000000 mon1=B@+1.8ms/0.9ms/hr=0x00000000] window_ms=3003 total=0 WM_SETTINGCHANGE=0 WM_DISPLAYCHANGE=0 WM_THEMECHANGED=0 WM_DWMCOLORIZATIONCOLORCHANGED=0 WM_SYSCOLORCHANGE=0 other=0
2026-10-02T11:57:26.720+08:00 CYCLE n=391 label=set start=2026-10-02T11:57:23.700+08:00 sets=[mon0=B@+0.5ms/1.2ms/hr=0x00000000 mon1=A@+9.4ms/1.2ms/hr=0x00000000] window_ms=3011 total=0 WM_SETTINGCHANGE=0 WM_DISPLAYCHANGE=0 WM_THEMECHANGED=0 WM_DWMCOLORIZATIONCOLORCHANGED=0 WM_SYSCOLORCHANGE=0 other=0
2026-10-02T11:57:36.765+08:00 CYCLE n=392 label=set start=2026-10-02T11:57:33.743+08:00 sets=[mon0=A@+0.4ms/1.7ms/hr=0x00000000 mon1=B@+10.1ms/1.5ms/hr=0x00000000] window_ms=3012 total=0 WM_SETTINGCHANGE=0 WM_DISPLAYCHANGE=0 WM_THEMECHANGED=0 WM_DWMCOLORIZATIONCOLORCHANGED=0 WM_SYSCOLORCHANGE=0 other=0
2026-10-02T11:57:46.732+08:00 CYCLE n=393 label=set start=2026-10-02T11:57:43.718+08:00 sets=[mon0=B@+0.5ms/1.3ms/hr=0x00000000 mon1=A@+2.0ms/0.9ms/hr=0x00000000] window_ms=3003 total=0 WM_SETTINGCHANGE=0 WM_DISPLAYCHANGE=0 WM_THEMECHANGED=0 WM_DWMCOLORIZATIONCOLORCHANGED=0 WM_SYSCOLORCHANGE=0 other=0
2026-10-02T11:57:56.780+08:00 CYCLE n=394 label=set start=2026-10-02T11:57:53.757+08:00 sets=[mon0=A@+0.6ms/1.8ms/hr=0x00000000 mon1=B@+10.1ms/1.5ms/hr=0x00000000] window_ms=3012 total=0 WM_SETTINGCHANGE=0 WM_DISPLAYCHANGE=0 WM_THEMECHANGED=0 WM_DWMCOLORIZATIONCOLORCHANGED=0 WM_SYSCOLORCHANGE=0 other=0
2026-10-02T11:58:06.725+08:00 CYCLE n=395 label=set start=2026-10-02T11:58:03.702+08:00 sets=[mon0=B@+0.5ms/1.5ms/hr=0x00000000 mon1=A@+9.8ms/1.6ms/hr=0x00000000] window_ms=3012 total=0 WM_SETTINGCHANGE=0 WM_DISPLAYCHANGE=0 WM_THEMECHANGED=0 WM_DWMCOLORIZATIONCOLORCHANGED=0 WM_SYSCOLORCHANGE=0 other=0
2026-10-02T11:58:16.791+08:00 CYCLE n=396 label=set start=2026-10-02T11:58:13.777+08:00 sets=[mon0=A@+0.5ms/1.3ms/hr=0x00000000 mon1=B@+2.1ms/0.9ms/hr=0x00000000] window_ms=3003 total=0 WM_SETTINGCHANGE=0 WM_DISPLAYCHANGE=0 WM_THEMECHANGED=0 WM_DWMCOLORIZATIONCOLORCHANGED=0 WM_SYSCOLORCHANGE=0 other=0
2026-10-02T11:58:26.737+08:00 CYCLE n=397 label=set start=2026-10-02T11:58:23.717+08:00 sets=[mon0=B@+0.6ms/1.2ms/hr=0x00000000 mon1=A@+9.6ms/1.2ms/hr=0x00000000] window_ms=3011 total=0 WM_SETTINGCHANGE=0 WM_DISPLAYCHANGE=0 WM_THEMECHANGED=0 WM_DWMCOLORIZATIONCOLORCHANGED=0 WM_SYSCOLORCHANGE=0 other=0
2026-10-02T11:58:36.783+08:00 CYCLE n=398 label=set start=2026-10-02T11:58:33.761+08:00 sets=[mon0=A@+0.6ms/2.0ms/hr=0x00000000 mon1=B@+10.6ms/1.7ms/hr=0x00000000] window_ms=3013 total=0 WM_SETTINGCHANGE=0 WM_DISPLAYCHANGE=0 WM_THEMECHANGED=0 WM_DWMCOLORIZATIONCOLORCHANGED=0 WM_SYSCOLORCHANGE=0 other=0
2026-10-02T11:58:46.754+08:00 CYCLE n=399 label=set start=2026-10-02T11:58:43.742+08:00 sets=[mon0=B@+0.6ms/1.3ms/hr=0x00000000 mon1=A@+2.2ms/0.9ms/hr=0x00000000] window_ms=3003 total=0 WM_SETTINGCHANGE=0 WM_DISPLAYCHANGE=0 WM_THEMECHANGED=0 WM_DWMCOLORIZATIONCOLORCHANGED=0 WM_SYSCOLORCHANGE=0 other=0
2026-10-02T11:58:56.798+08:00 CYCLE n=400 label=set start=2026-10-02T11:58:53.776+08:00 sets=[mon0=A@+0.5ms/1.9ms/hr=0x00000000 mon1=B@+10.2ms/1.8ms/hr=0x00000000] window_ms=3012 total=0 WM_SETTINGCHANGE=0 WM_DISPLAYCHANGE=0 WM_THEMECHANGED=0 WM_DWMCOLORIZATIONCOLORCHANGED=0 WM_SYSCOLORCHANGE=0 other=0
2026-10-02T11:59:06.737+08:00 CYCLE n=401 label=set start=2026-10-02T11:59:03.722+08:00 sets=[mon0=B@+0.5ms/1.5ms/hr=0x00000000 mon1=A@+2.3ms/1.4ms/hr=0x00000000] window_ms=3004 total=0 WM_SETTINGCHANGE=0 WM_DISPLAYCHANGE=0 WM_THEMECHANGED=0 WM_DWMCOLORIZATIONCOLORCHANGED=0 WM_SYSCOLORCHANGE=0 other=0
2026-10-02T11:59:16.819+08:00 CYCLE n=402 label=set start=2026-10-02T11:59:13.803+08:00 sets=[mon0=A@+1.2ms/1.6ms/hr=0x00000000 mon1=B@+3.0ms/1.5ms/hr=0x00000000] window_ms=3005 total=0 WM_SETTINGCHANGE=0 WM_DISPLAYCHANGE=0 WM_THEMECHANGED=0 WM_DWMCOLORIZATIONCOLORCHANGED=0 WM_SYSCOLORCHANGE=0 other=0
2026-10-02T11:59:26.766+08:00 CYCLE n=403 label=set start=2026-10-02T11:59:23.743+08:00 sets=[mon0=B@+0.7ms/1.9ms/hr=0x00000000 mon1=A@+10.6ms/1.6ms/hr=0x00000000] window_ms=3012 total=0 WM_SETTINGCHANGE=0 WM_DISPLAYCHANGE=0 WM_THEMECHANGED=0 WM_DWMCOLORIZATIONCOLORCHANGED=0 WM_SYSCOLORCHANGE=0 other=0
2026-10-02T11:59:36.714+08:00 CYCLE n=404 label=set start=2026-10-02T11:59:33.690+08:00 sets=[mon0=A@+0.6ms/1.6ms/hr=0x00000000 mon1=B@+10.0ms/1.7ms/hr=0x00000000] window_ms=3012 total=0 WM_SETTINGCHANGE=0 WM_DISPLAYCHANGE=0 WM_THEMECHANGED=0 WM_DWMCOLORIZATIONCOLORCHANGED=0 WM_SYSCOLORCHANGE=0 other=0
2026-10-02T11:59:46.780+08:00 CYCLE n=405 label=set start=2026-10-02T11:59:43.767+08:00 sets=[mon0=B@+0.5ms/1.2ms/hr=0x00000000 mon1=A@+1.9ms/1.0ms/hr=0x00000000] window_ms=3003 total=0 WM_SETTINGCHANGE=0 WM_DISPLAYCHANGE=0 WM_THEMECHANGED=0 WM_DWMCOLORIZATIONCOLORCHANGED=0 WM_SYSCOLORCHANGE=0 other=0
2026-10-02T11:59:56.724+08:00 CYCLE n=406 label=set start=2026-10-02T11:59:53.703+08:00 sets=[mon0=A@+0.6ms/1.2ms/hr=0x00000000 mon1=B@+9.5ms/1.0ms/hr=0x00000000] window_ms=3011 total=0 WM_SETTINGCHANGE=0 WM_DISPLAYCHANGE=0 WM_THEMECHANGED=0 WM_DWMCOLORIZATIONCOLORCHANGED=0 WM_SYSCOLORCHANGE=0 other=0
2026-10-02T12:00:06.769+08:00 CYCLE n=407 label=set start=2026-10-02T12:00:03.745+08:00 sets=[mon0=B@+0.6ms/2.0ms/hr=0x00000000 mon1=A@+11.1ms/1.6ms/hr=0x00000000] window_ms=3013 total=0 WM_SETTINGCHANGE=0 WM_DISPLAYCHANGE=0 WM_THEMECHANGED=0 WM_DWMCOLORIZATIONCOLORCHANGED=0 WM_SYSCOLORCHANGE=0 other=0
2026-10-02T12:00:16.733+08:00 CYCLE n=408 label=set start=2026-10-02T12:00:13.721+08:00 sets=[mon0=A@+0.4ms/1.2ms/hr=0x00000000 mon1=B@+1.7ms/0.7ms/hr=0x00000000] window_ms=3003 total=0 WM_SETTINGCHANGE=0 WM_DISPLAYCHANGE=0 WM_THEMECHANGED=0 WM_DWMCOLORIZATIONCOLORCHANGED=0 WM_SYSCOLORCHANGE=0 other=0
2026-10-02T12:00:26.776+08:00 CYCLE n=409 label=set start=2026-10-02T12:00:23.756+08:00 sets=[mon0=B@+0.4ms/1.8ms/hr=0x00000000 mon1=A@+10.0ms/1.6ms/hr=0x00000000] window_ms=3012 total=0 WM_SETTINGCHANGE=0 WM_DISPLAYCHANGE=0 WM_THEMECHANGED=0 WM_DWMCOLORIZATIONCOLORCHANGED=0 WM_SYSCOLORCHANGE=0 other=0
2026-10-02T12:00:36.721+08:00 CYCLE n=410 label=set start=2026-10-02T12:00:33.699+08:00 sets=[mon0=A@+0.5ms/1.4ms/hr=0x00000000 mon1=B@+9.9ms/1.5ms/hr=0x00000000] window_ms=3012 total=0 WM_SETTINGCHANGE=0 WM_DISPLAYCHANGE=0 WM_THEMECHANGED=0 WM_DWMCOLORIZATIONCOLORCHANGED=0 WM_SYSCOLORCHANGE=0 other=0
2026-10-02T12:00:46.792+08:00 CYCLE n=411 label=set start=2026-10-02T12:00:43.775+08:00 sets=[mon0=B@+0.7ms/2.5ms/hr=0x00000000 mon1=A@+3.6ms/1.7ms/hr=0x00000000] window_ms=3006 total=0 WM_SETTINGCHANGE=0 WM_DISPLAYCHANGE=0 WM_THEMECHANGED=0 WM_DWMCOLORIZATIONCOLORCHANGED=0 WM_SYSCOLORCHANGE=0 other=0
2026-10-02T12:00:56.736+08:00 CYCLE n=412 label=set start=2026-10-02T12:00:53.717+08:00 sets=[mon0=A@+0.5ms/1.1ms/hr=0x00000000 mon1=B@+9.3ms/1.1ms/hr=0x00000000] window_ms=3011 total=0 WM_SETTINGCHANGE=0 WM_DISPLAYCHANGE=0 WM_THEMECHANGED=0 WM_DWMCOLORIZATIONCOLORCHANGED=0 WM_SYSCOLORCHANGE=0 other=0
2026-10-02T12:01:06.779+08:00 CYCLE n=413 label=set start=2026-10-02T12:01:03.758+08:00 sets=[mon0=B@+0.5ms/2.0ms/hr=0x00000000 mon1=A@+10.4ms/1.6ms/hr=0x00000000] window_ms=3012 total=0 WM_SETTINGCHANGE=0 WM_DISPLAYCHANGE=0 WM_THEMECHANGED=0 WM_DWMCOLORIZATIONCOLORCHANGED=0 WM_SYSCOLORCHANGE=0 other=0
2026-10-02T12:01:16.763+08:00 CYCLE n=414 label=set start=2026-10-02T12:01:13.750+08:00 sets=[mon0=A@+0.4ms/2.0ms/hr=0x00000000 mon1=B@+2.7ms/1.3ms/hr=0x00000000] window_ms=3004 total=0 WM_SETTINGCHANGE=0 WM_DISPLAYCHANGE=0 WM_THEMECHANGED=0 WM_DWMCOLORIZATIONCOLORCHANGED=0 WM_SYSCOLORCHANGE=0 other=0
2026-10-02T12:01:26.808+08:00 CYCLE n=415 label=set start=2026-10-02T12:01:23.785+08:00 sets=[mon0=B@+0.5ms/1.7ms/hr=0x00000000 mon1=A@+9.9ms/1.4ms/hr=0x00000000] window_ms=3011 total=0 WM_SETTINGCHANGE=0 WM_DISPLAYCHANGE=0 WM_THEMECHANGED=0 WM_DWMCOLORIZATIONCOLORCHANGED=0 WM_SYSCOLORCHANGE=0 other=0
2026-10-02T12:01:36.751+08:00 CYCLE n=416 label=set start=2026-10-02T12:01:33.731+08:00 sets=[mon0=A@+0.5ms/1.3ms/hr=0x00000000 mon1=B@+9.5ms/1.0ms/hr=0x00000000] window_ms=3011 total=0 WM_SETTINGCHANGE=0 WM_DISPLAYCHANGE=0 WM_THEMECHANGED=0 WM_DWMCOLORIZATIONCOLORCHANGED=0 WM_SYSCOLORCHANGE=0 other=0
2026-10-02T12:01:46.822+08:00 CYCLE n=417 label=set start=2026-10-02T12:01:43.807+08:00 sets=[mon0=B@+0.4ms/2.0ms/hr=0x00000000 mon1=A@+2.6ms/1.1ms/hr=0x00000000] window_ms=3004 total=0 WM_SETTINGCHANGE=0 WM_DISPLAYCHANGE=0 WM_THEMECHANGED=0 WM_DWMCOLORIZATIONCOLORCHANGED=0 WM_SYSCOLORCHANGE=0 other=0
2026-10-02T12:01:56.757+08:00 CYCLE n=418 label=set start=2026-10-02T12:01:53.745+08:00 sets=[mon0=A@+0.4ms/1.2ms/hr=0x00000000 mon1=B@+2.2ms/0.8ms/hr=0x00000000] window_ms=3003 total=0 WM_SETTINGCHANGE=0 WM_DISPLAYCHANGE=0 WM_THEMECHANGED=0 WM_DWMCOLORIZATIONCOLORCHANGED=0 WM_SYSCOLORCHANGE=0 other=0
2026-10-02T12:02:06.803+08:00 CYCLE n=419 label=set start=2026-10-02T12:02:03.780+08:00 sets=[mon0=B@+0.7ms/2.2ms/hr=0x00000000 mon1=A@+10.9ms/1.4ms/hr=0x00000000] window_ms=3013 total=0 WM_SETTINGCHANGE=0 WM_DISPLAYCHANGE=0 WM_THEMECHANGED=0 WM_DWMCOLORIZATIONCOLORCHANGED=0 WM_SYSCOLORCHANGE=0 other=0
2026-10-02T12:02:16.767+08:00 CYCLE n=420 label=set start=2026-10-02T12:02:13.751+08:00 sets=[mon0=A@+1.2ms/1.6ms/hr=0x00000000 mon1=B@+3.5ms/1.0ms/hr=0x00000000] window_ms=3005 total=0 WM_SETTINGCHANGE=0 WM_DISPLAYCHANGE=0 WM_THEMECHANGED=0 WM_DWMCOLORIZATIONCOLORCHANGED=0 WM_SYSCOLORCHANGE=0 other=0
2026-10-02T12:02:26.714+08:00 CYCLE n=421 label=set start=2026-10-02T12:02:23.690+08:00 sets=[mon0=B@+0.6ms/1.3ms/hr=0x00000000 mon1=A@+9.8ms/1.6ms/hr=0x00000000] window_ms=3012 total=0 WM_SETTINGCHANGE=0 WM_DISPLAYCHANGE=0 WM_THEMECHANGED=0 WM_DWMCOLORIZATIONCOLORCHANGED=0 WM_SYSCOLORCHANGE=0 other=0
2026-10-02T12:02:36.752+08:00 CYCLE n=422 label=set start=2026-10-02T12:02:33.738+08:00 sets=[mon0=A@+0.4ms/1.8ms/hr=0x00000000 mon1=B@+2.7ms/1.2ms/hr=0x00000000] window_ms=3004 total=0 WM_SETTINGCHANGE=0 WM_DISPLAYCHANGE=0 WM_THEMECHANGED=0 WM_DWMCOLORIZATIONCOLORCHANGED=0 WM_SYSCOLORCHANGE=0 other=0
2026-10-02T12:02:46.831+08:00 CYCLE n=423 label=set start=2026-10-02T12:02:43.817+08:00 sets=[mon0=B@+0.6ms/1.4ms/hr=0x00000000 mon1=A@+2.2ms/1.0ms/hr=0x00000000] window_ms=3003 total=0 WM_SETTINGCHANGE=0 WM_DISPLAYCHANGE=0 WM_THEMECHANGED=0 WM_DWMCOLORIZATIONCOLORCHANGED=0 WM_SYSCOLORCHANGE=0 other=0
2026-10-02T12:02:56.772+08:00 CYCLE n=424 label=set start=2026-10-02T12:02:53.752+08:00 sets=[mon0=A@+0.4ms/1.1ms/hr=0x00000000 mon1=B@+9.3ms/1.2ms/hr=0x00000000] window_ms=3011 total=0 WM_SETTINGCHANGE=0 WM_DISPLAYCHANGE=0 WM_THEMECHANGED=0 WM_DWMCOLORIZATIONCOLORCHANGED=0 WM_SYSCOLORCHANGE=0 other=0
2026-10-02T12:03:06.717+08:00 CYCLE n=425 label=set start=2026-10-02T12:03:03.696+08:00 sets=[mon0=B@+0.5ms/1.2ms/hr=0x00000000 mon1=A@+9.5ms/1.3ms/hr=0x00000000] window_ms=3011 total=0 WM_SETTINGCHANGE=0 WM_DISPLAYCHANGE=0 WM_THEMECHANGED=0 WM_DWMCOLORIZATIONCOLORCHANGED=0 WM_SYSCOLORCHANGE=0 other=0
2026-10-02T12:03:16.796+08:00 CYCLE n=426 label=set start=2026-10-02T12:03:13.782+08:00 sets=[mon0=A@+0.4ms/1.3ms/hr=0x00000000 mon1=B@+2.1ms/1.3ms/hr=0x00000000] window_ms=3004 total=0 WM_SETTINGCHANGE=0 WM_DISPLAYCHANGE=0 WM_THEMECHANGED=0 WM_DWMCOLORIZATIONCOLORCHANGED=0 WM_SYSCOLORCHANGE=0 other=0
2026-10-02T12:03:26.739+08:00 CYCLE n=427 label=set start=2026-10-02T12:03:23.718+08:00 sets=[mon0=B@+0.4ms/1.7ms/hr=0x00000000 mon1=A@+9.8ms/1.7ms/hr=0x00000000] window_ms=3012 total=0 WM_SETTINGCHANGE=0 WM_DISPLAYCHANGE=0 WM_THEMECHANGED=0 WM_DWMCOLORIZATIONCOLORCHANGED=0 WM_SYSCOLORCHANGE=0 other=0
2026-10-02T12:03:36.781+08:00 CYCLE n=428 label=set start=2026-10-02T12:03:33.762+08:00 sets=[mon0=A@+0.5ms/1.1ms/hr=0x00000000 mon1=B@+9.3ms/1.2ms/hr=0x00000000] window_ms=3011 total=0 WM_SETTINGCHANGE=0 WM_DISPLAYCHANGE=0 WM_THEMECHANGED=0 WM_DWMCOLORIZATIONCOLORCHANGED=0 WM_SYSCOLORCHANGE=0 other=0
2026-10-02T12:03:46.751+08:00 CYCLE n=429 label=set start=2026-10-02T12:03:43.736+08:00 sets=[mon0=B@+0.6ms/2.0ms/hr=0x00000000 mon1=A@+2.8ms/1.2ms/hr=0x00000000] window_ms=3004 total=0 WM_SETTINGCHANGE=0 WM_DISPLAYCHANGE=0 WM_THEMECHANGED=0 WM_DWMCOLORIZATIONCOLORCHANGED=0 WM_SYSCOLORCHANGE=0 other=0
2026-10-02T12:03:56.794+08:00 CYCLE n=430 label=set start=2026-10-02T12:03:53.773+08:00 sets=[mon0=A@+0.8ms/1.4ms/hr=0x00000000 mon1=B@+10.1ms/1.3ms/hr=0x00000000] window_ms=3012 total=0 WM_SETTINGCHANGE=0 WM_DISPLAYCHANGE=0 WM_THEMECHANGED=0 WM_DWMCOLORIZATIONCOLORCHANGED=0 WM_SYSCOLORCHANGE=0 other=0
2026-10-02T12:04:06.741+08:00 CYCLE n=431 label=set start=2026-10-02T12:04:03.717+08:00 sets=[mon0=B@+1.2ms/2.0ms/hr=0x00000000 mon1=A@+11.3ms/1.7ms/hr=0x00000000] window_ms=3013 total=0 WM_SETTINGCHANGE=0 WM_DISPLAYCHANGE=0 WM_THEMECHANGED=0 WM_DWMCOLORIZATIONCOLORCHANGED=0 WM_SYSCOLORCHANGE=0 other=0
2026-10-02T12:04:16.824+08:00 CYCLE n=432 label=set start=2026-10-02T12:04:13.810+08:00 sets=[mon0=A@+0.5ms/1.8ms/hr=0x00000000 mon1=B@+2.7ms/1.6ms/hr=0x00000000] window_ms=3005 total=0 WM_SETTINGCHANGE=0 WM_DISPLAYCHANGE=0 WM_THEMECHANGED=0 WM_DWMCOLORIZATIONCOLORCHANGED=0 WM_SYSCOLORCHANGE=0 other=0
2026-10-02T12:04:26.768+08:00 CYCLE n=433 label=set start=2026-10-02T12:04:23.747+08:00 sets=[mon0=B@+0.5ms/1.5ms/hr=0x00000000 mon1=A@+9.7ms/1.2ms/hr=0x00000000] window_ms=3011 total=0 WM_SETTINGCHANGE=0 WM_DISPLAYCHANGE=0 WM_THEMECHANGED=0 WM_DWMCOLORIZATIONCOLORCHANGED=0 WM_SYSCOLORCHANGE=0 other=0
2026-10-02T12:04:36.703+08:00 CYCLE n=434 label=set start=2026-10-02T12:04:33.688+08:00 sets=[mon0=A@+1.1ms/1.7ms/hr=0x00000000 mon1=B@+3.1ms/1.4ms/hr=0x00000000] window_ms=3005 total=0 WM_SETTINGCHANGE=0 WM_DISPLAYCHANGE=0 WM_THEMECHANGED=0 WM_DWMCOLORIZATIONCOLORCHANGED=0 WM_SYSCOLORCHANGE=0 other=0
2026-10-02T12:04:46.764+08:00 CYCLE n=435 label=set start=2026-10-02T12:04:43.749+08:00 sets=[mon0=B@+0.5ms/1.8ms/hr=0x00000000 mon1=A@+2.5ms/1.5ms/hr=0x00000000] window_ms=3004 total=0 WM_SETTINGCHANGE=0 WM_DISPLAYCHANGE=0 WM_THEMECHANGED=0 WM_DWMCOLORIZATIONCOLORCHANGED=0 WM_SYSCOLORCHANGE=0 other=0
2026-10-02T12:04:56.708+08:00 CYCLE n=436 label=set start=2026-10-02T12:04:53.687+08:00 sets=[mon0=A@+0.4ms/2.0ms/hr=0x00000000 mon1=B@+10.3ms/1.8ms/hr=0x00000000] window_ms=3012 total=0 WM_SETTINGCHANGE=0 WM_DISPLAYCHANGE=0 WM_THEMECHANGED=0 WM_DWMCOLORIZATIONCOLORCHANGED=0 WM_SYSCOLORCHANGE=0 other=0
2026-10-02T12:05:06.745+08:00 CYCLE n=437 label=set start=2026-10-02T12:05:03.731+08:00 sets=[mon0=B@+0.5ms/1.6ms/hr=0x00000000 mon1=A@+2.6ms/1.3ms/hr=0x00000000] window_ms=3004 total=0 WM_SETTINGCHANGE=0 WM_DISPLAYCHANGE=0 WM_THEMECHANGED=0 WM_DWMCOLORIZATIONCOLORCHANGED=0 WM_SYSCOLORCHANGE=0 other=0
2026-10-02T12:05:16.807+08:00 CYCLE n=438 label=set start=2026-10-02T12:05:13.792+08:00 sets=[mon0=A@+0.5ms/1.8ms/hr=0x00000000 mon1=B@+2.5ms/1.4ms/hr=0x00000000] window_ms=3004 total=0 WM_SETTINGCHANGE=0 WM_DISPLAYCHANGE=0 WM_THEMECHANGED=0 WM_DWMCOLORIZATIONCOLORCHANGED=0 WM_SYSCOLORCHANGE=0 other=0
2026-10-02T12:05:26.751+08:00 CYCLE n=439 label=set start=2026-10-02T12:05:23.729+08:00 sets=[mon0=B@+0.7ms/1.9ms/hr=0x00000000 mon1=A@+10.4ms/1.7ms/hr=0x00000000] window_ms=3012 total=0 WM_SETTINGCHANGE=0 WM_DISPLAYCHANGE=0 WM_THEMECHANGED=0 WM_DWMCOLORIZATIONCOLORCHANGED=0 WM_SYSCOLORCHANGE=0 other=0
2026-10-02T12:05:36.804+08:00 CYCLE n=440 label=set start=2026-10-02T12:05:33.774+08:00 sets=[mon0=A@+0.5ms/10.3ms/hr=0x00000000 mon1=B@+18.5ms/2.0ms/hr=0x00000000] window_ms=3021 total=0 WM_SETTINGCHANGE=0 WM_DISPLAYCHANGE=0 WM_THEMECHANGED=0 WM_DWMCOLORIZATIONCOLORCHANGED=0 WM_SYSCOLORCHANGE=0 other=0
2026-10-02T12:05:46.774+08:00 CYCLE n=441 label=set start=2026-10-02T12:05:43.760+08:00 sets=[mon0=B@+0.4ms/1.5ms/hr=0x00000000 mon1=A@+2.2ms/1.4ms/hr=0x00000000] window_ms=3004 total=0 WM_SETTINGCHANGE=0 WM_DISPLAYCHANGE=0 WM_THEMECHANGED=0 WM_DWMCOLORIZATIONCOLORCHANGED=0 WM_SYSCOLORCHANGE=0 other=0
2026-10-02T12:05:56.715+08:00 CYCLE n=442 label=set start=2026-10-02T12:05:53.698+08:00 sets=[mon0=A@+0.5ms/2.4ms/hr=0x00000000 mon1=B@+3.7ms/2.0ms/hr=0x00000000] window_ms=3006 total=0 WM_SETTINGCHANGE=0 WM_DISPLAYCHANGE=0 WM_THEMECHANGED=0 WM_DWMCOLORIZATIONCOLORCHANGED=0 WM_SYSCOLORCHANGE=0 other=0
2026-10-02T12:06:06.758+08:00 CYCLE n=443 label=set start=2026-10-02T12:06:03.737+08:00 sets=[mon0=B@+0.6ms/1.8ms/hr=0x00000000 mon1=A@+10.2ms/1.8ms/hr=0x00000000] window_ms=3012 total=0 WM_SETTINGCHANGE=0 WM_DISPLAYCHANGE=0 WM_THEMECHANGED=0 WM_DWMCOLORIZATIONCOLORCHANGED=0 WM_SYSCOLORCHANGE=0 other=0
2026-10-02T12:06:16.832+08:00 CYCLE n=444 label=set start=2026-10-02T12:06:13.818+08:00 sets=[mon0=A@+0.4ms/2.0ms/hr=0x00000000 mon1=B@+2.7ms/1.6ms/hr=0x00000000] window_ms=3005 total=0 WM_SETTINGCHANGE=0 WM_DISPLAYCHANGE=0 WM_THEMECHANGED=0 WM_DWMCOLORIZATIONCOLORCHANGED=0 WM_SYSCOLORCHANGE=0 other=0
2026-10-02T12:06:26.772+08:00 CYCLE n=445 label=set start=2026-10-02T12:06:23.755+08:00 sets=[mon0=B@+0.8ms/1.8ms/hr=0x00000000 mon1=A@+3.2ms/2.1ms/hr=0x00000000] window_ms=3006 total=0 WM_SETTINGCHANGE=0 WM_DISPLAYCHANGE=0 WM_THEMECHANGED=0 WM_DWMCOLORIZATIONCOLORCHANGED=0 WM_SYSCOLORCHANGE=0 other=0
2026-10-02T12:06:36.718+08:00 CYCLE n=446 label=set start=2026-10-02T12:06:33.695+08:00 sets=[mon0=A@+0.8ms/2.3ms/hr=0x00000000 mon1=B@+11.0ms/1.5ms/hr=0x00000000] window_ms=3013 total=0 WM_SETTINGCHANGE=0 WM_DISPLAYCHANGE=0 WM_THEMECHANGED=0 WM_DWMCOLORIZATIONCOLORCHANGED=0 WM_SYSCOLORCHANGE=0 other=0
2026-10-02T12:06:46.798+08:00 CYCLE n=447 label=set start=2026-10-02T12:06:43.783+08:00 sets=[mon0=B@+0.6ms/2.1ms/hr=0x00000000 mon1=A@+3.0ms/1.4ms/hr=0x00000000] window_ms=3005 total=0 WM_SETTINGCHANGE=0 WM_DISPLAYCHANGE=0 WM_THEMECHANGED=0 WM_DWMCOLORIZATIONCOLORCHANGED=0 WM_SYSCOLORCHANGE=0 other=0
2026-10-02T12:06:56.744+08:00 CYCLE n=448 label=set start=2026-10-02T12:06:53.721+08:00 sets=[mon0=A@+0.4ms/2.0ms/hr=0x00000000 mon1=B@+10.3ms/1.6ms/hr=0x00000000] window_ms=3012 total=0 WM_SETTINGCHANGE=0 WM_DISPLAYCHANGE=0 WM_THEMECHANGED=0 WM_DWMCOLORIZATIONCOLORCHANGED=0 WM_SYSCOLORCHANGE=0 other=0
2026-10-02T12:07:06.784+08:00 CYCLE n=449 label=set start=2026-10-02T12:07:03.770+08:00 sets=[mon0=B@+0.5ms/1.8ms/hr=0x00000000 mon1=A@+2.8ms/1.4ms/hr=0x00000000] window_ms=3004 total=0 WM_SETTINGCHANGE=0 WM_DISPLAYCHANGE=0 WM_THEMECHANGED=0 WM_DWMCOLORIZATIONCOLORCHANGED=0 WM_SYSCOLORCHANGE=0 other=0
2026-10-02T12:07:16.762+08:00 CYCLE n=450 label=set start=2026-10-02T12:07:13.747+08:00 sets=[mon0=A@+0.5ms/1.8ms/hr=0x00000000 mon1=B@+2.6ms/1.5ms/hr=0x00000000] window_ms=3004 total=0 WM_SETTINGCHANGE=0 WM_DISPLAYCHANGE=0 WM_THEMECHANGED=0 WM_DWMCOLORIZATIONCOLORCHANGED=0 WM_SYSCOLORCHANGE=0 other=0
2026-10-02T12:07:26.809+08:00 CYCLE n=451 label=set start=2026-10-02T12:07:23.787+08:00 sets=[mon0=B@+0.5ms/1.8ms/hr=0x00000000 mon1=A@+10.0ms/1.6ms/hr=0x00000000] window_ms=3012 total=0 WM_SETTINGCHANGE=0 WM_DISPLAYCHANGE=0 WM_THEMECHANGED=0 WM_DWMCOLORIZATIONCOLORCHANGED=0 WM_SYSCOLORCHANGE=0 other=0
2026-10-02T12:07:36.756+08:00 CYCLE n=452 label=set start=2026-10-02T12:07:33.734+08:00 sets=[mon0=A@+0.5ms/1.5ms/hr=0x00000000 mon1=B@+9.6ms/1.4ms/hr=0x00000000] window_ms=3011 total=0 WM_SETTINGCHANGE=0 WM_DISPLAYCHANGE=0 WM_THEMECHANGED=0 WM_DWMCOLORIZATIONCOLORCHANGED=0 WM_SYSCOLORCHANGE=0 other=0
2026-10-02T12:07:46.825+08:00 CYCLE n=453 label=set start=2026-10-02T12:07:43.811+08:00 sets=[mon0=B@+0.4ms/1.6ms/hr=0x00000000 mon1=A@+2.3ms/1.1ms/hr=0x00000000] window_ms=3004 total=0 WM_SETTINGCHANGE=0 WM_DISPLAYCHANGE=0 WM_THEMECHANGED=0 WM_DWMCOLORIZATIONCOLORCHANGED=0 WM_SYSCOLORCHANGE=0 other=0
2026-10-02T12:07:56.770+08:00 CYCLE n=454 label=set start=2026-10-02T12:07:53.747+08:00 sets=[mon0=A@+0.5ms/1.5ms/hr=0x00000000 mon1=B@+9.8ms/1.6ms/hr=0x00000000] window_ms=3012 total=0 WM_SETTINGCHANGE=0 WM_DISPLAYCHANGE=0 WM_THEMECHANGED=0 WM_DWMCOLORIZATIONCOLORCHANGED=0 WM_SYSCOLORCHANGE=0 other=0
2026-10-02T12:08:06.720+08:00 CYCLE n=455 label=set start=2026-10-02T12:08:03.697+08:00 sets=[mon0=B@+0.5ms/2.2ms/hr=0x00000000 mon1=A@+10.4ms/2.0ms/hr=0x00000000] window_ms=3013 total=0 WM_SETTINGCHANGE=0 WM_DISPLAYCHANGE=0 WM_THEMECHANGED=0 WM_DWMCOLORIZATIONCOLORCHANGED=0 WM_SYSCOLORCHANGE=0 other=0
2026-10-02T12:08:16.800+08:00 CYCLE n=456 label=set start=2026-10-02T12:08:13.785+08:00 sets=[mon0=A@+0.8ms/1.5ms/hr=0x00000000 mon1=B@+2.7ms/1.7ms/hr=0x00000000] window_ms=3005 total=0 WM_SETTINGCHANGE=0 WM_DISPLAYCHANGE=0 WM_THEMECHANGED=0 WM_DWMCOLORIZATIONCOLORCHANGED=0 WM_SYSCOLORCHANGE=0 other=0
2026-10-02T12:08:26.746+08:00 CYCLE n=457 label=set start=2026-10-02T12:08:23.722+08:00 sets=[mon0=B@+0.6ms/2.1ms/hr=0x00000000 mon1=A@+10.8ms/2.1ms/hr=0x00000000] window_ms=3013 total=0 WM_SETTINGCHANGE=0 WM_DISPLAYCHANGE=0 WM_THEMECHANGED=0 WM_DWMCOLORIZATIONCOLORCHANGED=0 WM_SYSCOLORCHANGE=0 other=0
2026-10-02T12:08:36.795+08:00 CYCLE n=458 label=set start=2026-10-02T12:08:33.770+08:00 sets=[mon0=A@+0.6ms/2.1ms/hr=0x00000000 mon1=B@+11.3ms/2.5ms/hr=0x00000000] window_ms=3014 total=0 WM_SETTINGCHANGE=0 WM_DISPLAYCHANGE=0 WM_THEMECHANGED=0 WM_DWMCOLORIZATIONCOLORCHANGED=0 WM_SYSCOLORCHANGE=0 other=0
2026-10-02T12:08:46.774+08:00 CYCLE n=459 label=set start=2026-10-02T12:08:43.759+08:00 sets=[mon0=B@+0.4ms/2.0ms/hr=0x00000000 mon1=A@+2.9ms/1.6ms/hr=0x00000000] window_ms=3005 total=0 WM_SETTINGCHANGE=0 WM_DISPLAYCHANGE=0 WM_THEMECHANGED=0 WM_DWMCOLORIZATIONCOLORCHANGED=0 WM_SYSCOLORCHANGE=0 other=0
2026-10-02T12:08:56.717+08:00 CYCLE n=460 label=set start=2026-10-02T12:08:53.694+08:00 sets=[mon0=A@+0.6ms/2.5ms/hr=0x00000000 mon1=B@+10.9ms/2.2ms/hr=0x00000000] window_ms=3013 total=0 WM_SETTINGCHANGE=0 WM_DISPLAYCHANGE=0 WM_THEMECHANGED=0 WM_DWMCOLORIZATIONCOLORCHANGED=0 WM_SYSCOLORCHANGE=0 other=0
2026-10-02T12:09:06.755+08:00 CYCLE n=461 label=set start=2026-10-02T12:09:03.741+08:00 sets=[mon0=B@+0.6ms/1.6ms/hr=0x00000000 mon1=A@+2.7ms/1.7ms/hr=0x00000000] window_ms=3005 total=0 WM_SETTINGCHANGE=0 WM_DISPLAYCHANGE=0 WM_THEMECHANGED=0 WM_DWMCOLORIZATIONCOLORCHANGED=0 WM_SYSCOLORCHANGE=0 other=0
2026-10-02T12:09:16.829+08:00 CYCLE n=462 label=set start=2026-10-02T12:09:13.813+08:00 sets=[mon0=A@+0.9ms/2.2ms/hr=0x00000000 mon1=B@+3.4ms/1.5ms/hr=0x00000000] window_ms=3005 total=0 WM_SETTINGCHANGE=0 WM_DISPLAYCHANGE=0 WM_THEMECHANGED=0 WM_DWMCOLORIZATIONCOLORCHANGED=0 WM_SYSCOLORCHANGE=0 other=0
2026-10-02T12:09:26.776+08:00 CYCLE n=463 label=set start=2026-10-02T12:09:23.754+08:00 sets=[mon0=B@+0.5ms/1.9ms/hr=0x00000000 mon1=A@+10.1ms/1.8ms/hr=0x00000000] window_ms=3012 total=0 WM_SETTINGCHANGE=0 WM_DISPLAYCHANGE=0 WM_THEMECHANGED=0 WM_DWMCOLORIZATIONCOLORCHANGED=0 WM_SYSCOLORCHANGE=0 other=0
2026-10-02T12:09:36.722+08:00 CYCLE n=464 label=set start=2026-10-02T12:09:33.700+08:00 sets=[mon0=A@+0.7ms/1.8ms/hr=0x00000000 mon1=B@+10.6ms/1.7ms/hr=0x00000000] window_ms=3013 total=0 WM_SETTINGCHANGE=0 WM_DISPLAYCHANGE=0 WM_THEMECHANGED=0 WM_DWMCOLORIZATIONCOLORCHANGED=0 WM_SYSCOLORCHANGE=0 other=0
2026-10-02T12:09:46.800+08:00 CYCLE n=465 label=set start=2026-10-02T12:09:43.787+08:00 sets=[mon0=B@+0.6ms/1.8ms/hr=0x00000000 mon1=A@+2.7ms/1.3ms/hr=0x00000000] window_ms=3004 total=0 WM_SETTINGCHANGE=0 WM_DISPLAYCHANGE=0 WM_THEMECHANGED=0 WM_DWMCOLORIZATIONCOLORCHANGED=0 WM_SYSCOLORCHANGE=0 other=0
2026-10-02T12:09:56.737+08:00 CYCLE n=466 label=set start=2026-10-02T12:09:53.723+08:00 sets=[mon0=A@+0.6ms/1.6ms/hr=0x00000000 mon1=B@+2.4ms/1.3ms/hr=0x00000000] window_ms=3004 total=0 WM_SETTINGCHANGE=0 WM_DISPLAYCHANGE=0 WM_THEMECHANGED=0 WM_DWMCOLORIZATIONCOLORCHANGED=0 WM_SYSCOLORCHANGE=0 other=0
2026-10-02T12:10:06.787+08:00 CYCLE n=467 label=set start=2026-10-02T12:10:03.763+08:00 sets=[mon0=B@+1.0ms/2.0ms/hr=0x00000000 mon1=A@+10.8ms/2.6ms/hr=0x00000000] window_ms=3014 total=0 WM_SETTINGCHANGE=0 WM_DISPLAYCHANGE=0 WM_THEMECHANGED=0 WM_DWMCOLORIZATIONCOLORCHANGED=0 WM_SYSCOLORCHANGE=0 other=0
2026-10-02T12:10:16.761+08:00 CYCLE n=468 label=set start=2026-10-02T12:10:13.747+08:00 sets=[mon0=A@+0.6ms/2.0ms/hr=0x00000000 mon1=B@+2.9ms/1.6ms/hr=0x00000000] window_ms=3005 total=0 WM_SETTINGCHANGE=0 WM_DISPLAYCHANGE=0 WM_THEMECHANGED=0 WM_DWMCOLORIZATIONCOLORCHANGED=0 WM_SYSCOLORCHANGE=0 other=0
2026-10-02T12:10:26.701+08:00 CYCLE n=469 label=set start=2026-10-02T12:10:23.687+08:00 sets=[mon0=B@+0.5ms/1.8ms/hr=0x00000000 mon1=A@+2.8ms/1.6ms/hr=0x00000000] window_ms=3005 total=0 WM_SETTINGCHANGE=0 WM_DISPLAYCHANGE=0 WM_THEMECHANGED=0 WM_DWMCOLORIZATIONCOLORCHANGED=0 WM_SYSCOLORCHANGE=0 other=0
2026-10-02T12:10:36.748+08:00 CYCLE n=470 label=set start=2026-10-02T12:10:33.725+08:00 sets=[mon0=A@+1.0ms/2.1ms/hr=0x00000000 mon1=B@+10.8ms/1.5ms/hr=0x00000000] window_ms=3013 total=0 WM_SETTINGCHANGE=0 WM_DISPLAYCHANGE=0 WM_THEMECHANGED=0 WM_DWMCOLORIZATIONCOLORCHANGED=0 WM_SYSCOLORCHANGE=0 other=0
2026-10-02T12:10:46.813+08:00 CYCLE n=471 label=set start=2026-10-02T12:10:43.797+08:00 sets=[mon0=B@+0.8ms/1.8ms/hr=0x00000000 mon1=A@+2.8ms/1.5ms/hr=0x00000000] window_ms=3005 total=0 WM_SETTINGCHANGE=0 WM_DISPLAYCHANGE=0 WM_THEMECHANGED=0 WM_DWMCOLORIZATIONCOLORCHANGED=0 WM_SYSCOLORCHANGE=0 other=0
2026-10-02T12:10:56.758+08:00 CYCLE n=472 label=set start=2026-10-02T12:10:53.736+08:00 sets=[mon0=A@+0.4ms/1.6ms/hr=0x00000000 mon1=B@+9.7ms/1.6ms/hr=0x00000000] window_ms=3012 total=0 WM_SETTINGCHANGE=0 WM_DISPLAYCHANGE=0 WM_THEMECHANGED=0 WM_DWMCOLORIZATIONCOLORCHANGED=0 WM_SYSCOLORCHANGE=0 other=0
2026-10-02T12:11:06.804+08:00 CYCLE n=473 label=set start=2026-10-02T12:11:03.783+08:00 sets=[mon0=B@+0.5ms/1.6ms/hr=0x00000000 mon1=A@+10.1ms/1.5ms/hr=0x00000000] window_ms=3012 total=0 WM_SETTINGCHANGE=0 WM_DISPLAYCHANGE=0 WM_THEMECHANGED=0 WM_DWMCOLORIZATIONCOLORCHANGED=0 WM_SYSCOLORCHANGE=0 other=0
2026-10-02T12:11:16.782+08:00 CYCLE n=474 label=set start=2026-10-02T12:11:13.769+08:00 sets=[mon0=A@+1.0ms/1.9ms/hr=0x00000000 mon1=B@+3.2ms/1.5ms/hr=0x00000000] window_ms=3005 total=0 WM_SETTINGCHANGE=0 WM_DISPLAYCHANGE=0 WM_THEMECHANGED=0 WM_DWMCOLORIZATIONCOLORCHANGED=0 WM_SYSCOLORCHANGE=0 other=0
2026-10-02T12:11:26.729+08:00 CYCLE n=475 label=set start=2026-10-02T12:11:23.704+08:00 sets=[mon0=B@+0.6ms/2.0ms/hr=0x00000000 mon1=A@+10.4ms/2.0ms/hr=0x00000000] window_ms=3013 total=0 WM_SETTINGCHANGE=0 WM_DISPLAYCHANGE=0 WM_THEMECHANGED=0 WM_DWMCOLORIZATIONCOLORCHANGED=0 WM_SYSCOLORCHANGE=0 other=0
2026-10-02T12:11:36.775+08:00 CYCLE n=476 label=set start=2026-10-02T12:11:33.752+08:00 sets=[mon0=A@+0.6ms/1.5ms/hr=0x00000000 mon1=B@+10.1ms/1.9ms/hr=0x00000000] window_ms=3012 total=0 WM_SETTINGCHANGE=0 WM_DISPLAYCHANGE=0 WM_THEMECHANGED=0 WM_DWMCOLORIZATIONCOLORCHANGED=0 WM_SYSCOLORCHANGE=0 other=0
2026-10-02T12:11:46.749+08:00 CYCLE n=477 label=set start=2026-10-02T12:11:43.736+08:00 sets=[mon0=B@+0.5ms/2.4ms/hr=0x00000000 mon1=A@+3.0ms/1.5ms/hr=0x00000000] window_ms=3005 total=0 WM_SETTINGCHANGE=0 WM_DISPLAYCHANGE=0 WM_THEMECHANGED=0 WM_DWMCOLORIZATIONCOLORCHANGED=0 WM_SYSCOLORCHANGE=0 other=0
2026-10-02T12:11:56.797+08:00 CYCLE n=478 label=set start=2026-10-02T12:11:53.775+08:00 sets=[mon0=A@+0.7ms/1.9ms/hr=0x00000000 mon1=B@+10.3ms/1.7ms/hr=0x00000000] window_ms=3012 total=0 WM_SETTINGCHANGE=0 WM_DISPLAYCHANGE=0 WM_THEMECHANGED=0 WM_DWMCOLORIZATIONCOLORCHANGED=0 WM_SYSCOLORCHANGE=0 other=0
2026-10-02T12:12:06.741+08:00 CYCLE n=479 label=set start=2026-10-02T12:12:03.719+08:00 sets=[mon0=B@+0.8ms/1.4ms/hr=0x00000000 mon1=A@+9.9ms/1.2ms/hr=0x00000000] window_ms=3011 total=0 WM_SETTINGCHANGE=0 WM_DISPLAYCHANGE=0 WM_THEMECHANGED=0 WM_DWMCOLORIZATIONCOLORCHANGED=0 WM_SYSCOLORCHANGE=0 other=0
2026-10-02T12:12:16.810+08:00 CYCLE n=480 label=set start=2026-10-02T12:12:13.797+08:00 sets=[mon0=A@+0.6ms/1.9ms/hr=0x00000000 mon1=B@+2.6ms/1.2ms/hr=0x00000000] window_ms=3004 total=0 WM_SETTINGCHANGE=0 WM_DISPLAYCHANGE=0 WM_THEMECHANGED=0 WM_DWMCOLORIZATIONCOLORCHANGED=0 WM_SYSCOLORCHANGE=0 other=0
2026-10-02T12:12:26.754+08:00 CYCLE n=481 label=set start=2026-10-02T12:12:23.731+08:00 sets=[mon0=B@+0.4ms/1.5ms/hr=0x00000000 mon1=A@+9.7ms/1.7ms/hr=0x00000000] window_ms=3012 total=0 WM_SETTINGCHANGE=0 WM_DISPLAYCHANGE=0 WM_THEMECHANGED=0 WM_DWMCOLORIZATIONCOLORCHANGED=0 WM_SYSCOLORCHANGE=0 other=0
2026-10-02T12:12:36.800+08:00 CYCLE n=482 label=set start=2026-10-02T12:12:33.777+08:00 sets=[mon0=A@+0.4ms/1.7ms/hr=0x00000000 mon1=B@+10.3ms/1.7ms/hr=0x00000000] window_ms=3012 total=0 WM_SETTINGCHANGE=0 WM_DISPLAYCHANGE=0 WM_THEMECHANGED=0 WM_DWMCOLORIZATIONCOLORCHANGED=0 WM_SYSCOLORCHANGE=0 other=0
2026-10-02T12:12:46.769+08:00 CYCLE n=483 label=set start=2026-10-02T12:12:43.755+08:00 sets=[mon0=B@+0.4ms/1.5ms/hr=0x00000000 mon1=A@+2.1ms/1.1ms/hr=0x00000000] window_ms=3003 total=0 WM_SETTINGCHANGE=0 WM_DISPLAYCHANGE=0 WM_THEMECHANGED=0 WM_DWMCOLORIZATIONCOLORCHANGED=0 WM_SYSCOLORCHANGE=0 other=0
2026-10-02T12:12:56.708+08:00 CYCLE n=484 label=set start=2026-10-02T12:12:53.693+08:00 sets=[mon0=A@+0.5ms/1.9ms/hr=0x00000000 mon1=B@+3.4ms/1.1ms/hr=0x00000000] window_ms=3005 total=0 WM_SETTINGCHANGE=0 WM_DISPLAYCHANGE=0 WM_THEMECHANGED=0 WM_DWMCOLORIZATIONCOLORCHANGED=0 WM_SYSCOLORCHANGE=0 other=0
2026-10-02T12:13:06.753+08:00 CYCLE n=485 label=set start=2026-10-02T12:13:03.731+08:00 sets=[mon0=B@+0.7ms/1.6ms/hr=0x00000000 mon1=A@+10.0ms/1.4ms/hr=0x00000000] window_ms=3012 total=0 WM_SETTINGCHANGE=0 WM_DISPLAYCHANGE=0 WM_THEMECHANGED=0 WM_DWMCOLORIZATIONCOLORCHANGED=0 WM_SYSCOLORCHANGE=0 other=0
2026-10-02T12:13:16.831+08:00 CYCLE n=486 label=set start=2026-10-02T12:13:13.819+08:00 sets=[mon0=A@+0.6ms/1.9ms/hr=0x00000000 mon1=B@+2.6ms/1.3ms/hr=0x00000000] window_ms=3004 total=0 WM_SETTINGCHANGE=0 WM_DISPLAYCHANGE=0 WM_THEMECHANGED=0 WM_DWMCOLORIZATIONCOLORCHANGED=0 WM_SYSCOLORCHANGE=0 other=0
2026-10-02T12:13:26.777+08:00 CYCLE n=487 label=set start=2026-10-02T12:13:23.756+08:00 sets=[mon0=B@+0.8ms/1.8ms/hr=0x00000000 mon1=A@+10.5ms/1.9ms/hr=0x00000000] window_ms=3013 total=0 WM_SETTINGCHANGE=0 WM_DISPLAYCHANGE=0 WM_THEMECHANGED=0 WM_DWMCOLORIZATIONCOLORCHANGED=0 WM_SYSCOLORCHANGE=0 other=0
2026-10-02T12:13:36.721+08:00 CYCLE n=488 label=set start=2026-10-02T12:13:33.700+08:00 sets=[mon0=A@+0.6ms/1.8ms/hr=0x00000000 mon1=B@+10.4ms/1.9ms/hr=0x00000000] window_ms=3013 total=0 WM_SETTINGCHANGE=0 WM_DISPLAYCHANGE=0 WM_THEMECHANGED=0 WM_DWMCOLORIZATIONCOLORCHANGED=0 WM_SYSCOLORCHANGE=0 other=0
2026-10-02T12:13:46.795+08:00 CYCLE n=489 label=set start=2026-10-02T12:13:43.782+08:00 sets=[mon0=B@+0.9ms/2.0ms/hr=0x00000000 mon1=A@+3.2ms/1.4ms/hr=0x00000000] window_ms=3005 total=0 WM_SETTINGCHANGE=0 WM_DISPLAYCHANGE=0 WM_THEMECHANGED=0 WM_DWMCOLORIZATIONCOLORCHANGED=0 WM_SYSCOLORCHANGE=0 other=0
2026-10-02T12:13:56.738+08:00 CYCLE n=490 label=set start=2026-10-02T12:13:53.717+08:00 sets=[mon0=A@+0.5ms/1.9ms/hr=0x00000000 mon1=B@+10.1ms/1.5ms/hr=0x00000000] window_ms=3012 total=0 WM_SETTINGCHANGE=0 WM_DISPLAYCHANGE=0 WM_THEMECHANGED=0 WM_DWMCOLORIZATIONCOLORCHANGED=0 WM_SYSCOLORCHANGE=0 other=0
2026-10-02T12:14:06.786+08:00 CYCLE n=491 label=set start=2026-10-02T12:14:03.765+08:00 sets=[mon0=B@+0.7ms/2.0ms/hr=0x00000000 mon1=A@+10.3ms/1.6ms/hr=0x00000000] window_ms=3012 total=0 WM_SETTINGCHANGE=0 WM_DISPLAYCHANGE=0 WM_THEMECHANGED=0 WM_DWMCOLORIZATIONCOLORCHANGED=0 WM_SYSCOLORCHANGE=0 other=0
2026-10-02T12:14:16.755+08:00 CYCLE n=492 label=set start=2026-10-02T12:14:13.739+08:00 sets=[mon0=A@+1.0ms/2.3ms/hr=0x00000000 mon1=B@+3.9ms/1.5ms/hr=0x00000000] window_ms=3006 total=0 WM_SETTINGCHANGE=0 WM_DISPLAYCHANGE=0 WM_THEMECHANGED=0 WM_DWMCOLORIZATIONCOLORCHANGED=0 WM_SYSCOLORCHANGE=0 other=0
2026-10-02T12:14:26.799+08:00 CYCLE n=493 label=set start=2026-10-02T12:14:23.778+08:00 sets=[mon0=B@+0.7ms/1.5ms/hr=0x00000000 mon1=A@+9.9ms/1.5ms/hr=0x00000000] window_ms=3012 total=0 WM_SETTINGCHANGE=0 WM_DISPLAYCHANGE=0 WM_THEMECHANGED=0 WM_DWMCOLORIZATIONCOLORCHANGED=0 WM_SYSCOLORCHANGE=0 other=0
2026-10-02T12:14:36.744+08:00 CYCLE n=494 label=set start=2026-10-02T12:14:33.722+08:00 sets=[mon0=A@+0.8ms/2.0ms/hr=0x00000000 mon1=B@+10.8ms/1.9ms/hr=0x00000000] window_ms=3013 total=0 WM_SETTINGCHANGE=0 WM_DISPLAYCHANGE=0 WM_THEMECHANGED=0 WM_DWMCOLORIZATIONCOLORCHANGED=0 WM_SYSCOLORCHANGE=0 other=0
2026-10-02T12:14:46.825+08:00 CYCLE n=495 label=set start=2026-10-02T12:14:43.808+08:00 sets=[mon0=B@+1.6ms/1.8ms/hr=0x00000000 mon1=A@+3.7ms/1.7ms/hr=0x00000000] window_ms=3006 total=0 WM_SETTINGCHANGE=0 WM_DISPLAYCHANGE=0 WM_THEMECHANGED=0 WM_DWMCOLORIZATIONCOLORCHANGED=0 WM_SYSCOLORCHANGE=0 other=0
2026-10-02T12:14:56.771+08:00 CYCLE n=496 label=set start=2026-10-02T12:14:53.749+08:00 sets=[mon0=A@+0.6ms/1.9ms/hr=0x00000000 mon1=B@+10.3ms/2.2ms/hr=0x00000000] window_ms=3013 total=0 WM_SETTINGCHANGE=0 WM_DISPLAYCHANGE=0 WM_THEMECHANGED=0 WM_DWMCOLORIZATIONCOLORCHANGED=0 WM_SYSCOLORCHANGE=0 other=0
2026-10-02T12:15:06.716+08:00 CYCLE n=497 label=set start=2026-10-02T12:15:03.695+08:00 sets=[mon0=B@+0.6ms/1.5ms/hr=0x00000000 mon1=A@+9.8ms/1.3ms/hr=0x00000000] window_ms=3011 total=0 WM_SETTINGCHANGE=0 WM_DISPLAYCHANGE=0 WM_THEMECHANGED=0 WM_DWMCOLORIZATIONCOLORCHANGED=0 WM_SYSCOLORCHANGE=0 other=0
2026-10-02T12:15:16.786+08:00 CYCLE n=498 label=set start=2026-10-02T12:15:13.771+08:00 sets=[mon0=A@+0.5ms/2.3ms/hr=0x00000000 mon1=B@+3.3ms/1.2ms/hr=0x00000000] window_ms=3005 total=0 WM_SETTINGCHANGE=0 WM_DISPLAYCHANGE=0 WM_THEMECHANGED=0 WM_DWMCOLORIZATIONCOLORCHANGED=0 WM_SYSCOLORCHANGE=0 other=0
2026-10-02T12:15:26.723+08:00 CYCLE n=499 label=set start=2026-10-02T12:15:23.708+08:00 sets=[mon0=B@+0.7ms/1.6ms/hr=0x00000000 mon1=A@+3.0ms/1.5ms/hr=0x00000000] window_ms=3005 total=0 WM_SETTINGCHANGE=0 WM_DISPLAYCHANGE=0 WM_THEMECHANGED=0 WM_DWMCOLORIZATIONCOLORCHANGED=0 WM_SYSCOLORCHANGE=0 other=0
2026-10-02T12:15:36.767+08:00 CYCLE n=500 label=set start=2026-10-02T12:15:33.744+08:00 sets=[mon0=A@+0.6ms/1.7ms/hr=0x00000000 mon1=B@+10.3ms/2.3ms/hr=0x00000000] window_ms=3013 total=0 WM_SETTINGCHANGE=0 WM_DISPLAYCHANGE=0 WM_THEMECHANGED=0 WM_DWMCOLORIZATIONCOLORCHANGED=0 WM_SYSCOLORCHANGE=0 other=0
2026-10-02T12:15:46.737+08:00 CYCLE n=501 label=set start=2026-10-02T12:15:43.723+08:00 sets=[mon0=B@+0.8ms/1.7ms/hr=0x00000000 mon1=A@+2.9ms/1.3ms/hr=0x00000000] window_ms=3004 total=0 WM_SETTINGCHANGE=0 WM_DISPLAYCHANGE=0 WM_THEMECHANGED=0 WM_DWMCOLORIZATIONCOLORCHANGED=0 WM_SYSCOLORCHANGE=0 other=0
2026-10-02T12:15:56.781+08:00 CYCLE n=502 label=set start=2026-10-02T12:15:53.759+08:00 sets=[mon0=A@+0.6ms/2.0ms/hr=0x00000000 mon1=B@+10.3ms/1.8ms/hr=0x00000000] window_ms=3012 total=0 WM_SETTINGCHANGE=0 WM_DISPLAYCHANGE=0 WM_THEMECHANGED=0 WM_DWMCOLORIZATIONCOLORCHANGED=0 WM_SYSCOLORCHANGE=0 other=0
2026-10-02T12:16:06.727+08:00 CYCLE n=503 label=set start=2026-10-02T12:16:03.705+08:00 sets=[mon0=B@+0.4ms/1.4ms/hr=0x00000000 mon1=A@+9.5ms/1.5ms/hr=0x00000000] window_ms=3012 total=0 WM_SETTINGCHANGE=0 WM_DISPLAYCHANGE=0 WM_THEMECHANGED=0 WM_DWMCOLORIZATIONCOLORCHANGED=0 WM_SYSCOLORCHANGE=0 other=0
2026-10-02T12:16:16.809+08:00 CYCLE n=504 label=set start=2026-10-02T12:16:13.795+08:00 sets=[mon0=A@+0.5ms/1.8ms/hr=0x00000000 mon1=B@+2.5ms/1.3ms/hr=0x00000000] window_ms=3004 total=0 WM_SETTINGCHANGE=0 WM_DISPLAYCHANGE=0 WM_THEMECHANGED=0 WM_DWMCOLORIZATIONCOLORCHANGED=0 WM_SYSCOLORCHANGE=0 other=0
2026-10-02T12:16:26.753+08:00 CYCLE n=505 label=set start=2026-10-02T12:16:23.732+08:00 sets=[mon0=B@+0.5ms/1.3ms/hr=0x00000000 mon1=A@+9.5ms/1.6ms/hr=0x00000000] window_ms=3011 total=0 WM_SETTINGCHANGE=0 WM_DISPLAYCHANGE=0 WM_THEMECHANGED=0 WM_DWMCOLORIZATIONCOLORCHANGED=0 WM_SYSCOLORCHANGE=0 other=0
2026-10-02T12:16:36.799+08:00 CYCLE n=506 label=set start=2026-10-02T12:16:33.778+08:00 sets=[mon0=A@+0.3ms/1.3ms/hr=0x00000000 mon1=B@+9.3ms/1.3ms/hr=0x00000000] window_ms=3011 total=0 WM_SETTINGCHANGE=0 WM_DISPLAYCHANGE=0 WM_THEMECHANGED=0 WM_DWMCOLORIZATIONCOLORCHANGED=0 WM_SYSCOLORCHANGE=0 other=0
2026-10-02T12:16:46.766+08:00 CYCLE n=507 label=set start=2026-10-02T12:16:43.754+08:00 sets=[mon0=B@+0.5ms/1.5ms/hr=0x00000000 mon1=A@+2.1ms/0.9ms/hr=0x00000000] window_ms=3003 total=0 WM_SETTINGCHANGE=0 WM_DISPLAYCHANGE=0 WM_THEMECHANGED=0 WM_DWMCOLORIZATIONCOLORCHANGED=0 WM_SYSCOLORCHANGE=0 other=0
2026-10-02T12:16:56.705+08:00 CYCLE n=508 label=set start=2026-10-02T12:16:53.691+08:00 sets=[mon0=A@+0.5ms/1.7ms/hr=0x00000000 mon1=B@+2.8ms/1.2ms/hr=0x00000000] window_ms=3004 total=0 WM_SETTINGCHANGE=0 WM_DISPLAYCHANGE=0 WM_THEMECHANGED=0 WM_DWMCOLORIZATIONCOLORCHANGED=0 WM_SYSCOLORCHANGE=0 other=0
2026-10-02T12:17:06.749+08:00 CYCLE n=509 label=set start=2026-10-02T12:17:03.728+08:00 sets=[mon0=B@+0.5ms/1.8ms/hr=0x00000000 mon1=A@+10.1ms/1.4ms/hr=0x00000000] window_ms=3012 total=0 WM_SETTINGCHANGE=0 WM_DISPLAYCHANGE=0 WM_THEMECHANGED=0 WM_DWMCOLORIZATIONCOLORCHANGED=0 WM_SYSCOLORCHANGE=0 other=0
2026-10-02T12:17:16.817+08:00 CYCLE n=510 label=set start=2026-10-02T12:17:13.805+08:00 sets=[mon0=A@+0.6ms/1.5ms/hr=0x00000000 mon1=B@+2.3ms/1.0ms/hr=0x00000000] window_ms=3003 total=0 WM_SETTINGCHANGE=0 WM_DISPLAYCHANGE=0 WM_THEMECHANGED=0 WM_DWMCOLORIZATIONCOLORCHANGED=0 WM_SYSCOLORCHANGE=0 other=0
2026-10-02T12:17:26.764+08:00 CYCLE n=511 label=set start=2026-10-02T12:17:23.743+08:00 sets=[mon0=B@+0.5ms/1.5ms/hr=0x00000000 mon1=A@+9.6ms/1.3ms/hr=0x00000000] window_ms=3011 total=0 WM_SETTINGCHANGE=0 WM_DISPLAYCHANGE=0 WM_THEMECHANGED=0 WM_DWMCOLORIZATIONCOLORCHANGED=0 WM_SYSCOLORCHANGE=0 other=0
2026-10-02T12:17:36.801+08:00 CYCLE n=512 label=set start=2026-10-02T12:17:33.787+08:00 sets=[mon0=A@+0.4ms/1.3ms/hr=0x00000000 mon1=B@+1.9ms/0.9ms/hr=0x00000000] window_ms=3003 total=0 WM_SETTINGCHANGE=0 WM_DISPLAYCHANGE=0 WM_THEMECHANGED=0 WM_DWMCOLORIZATIONCOLORCHANGED=0 WM_SYSCOLORCHANGE=0 other=0
2026-10-02T12:17:46.777+08:00 CYCLE n=513 label=set start=2026-10-02T12:17:43.763+08:00 sets=[mon0=B@+0.6ms/1.9ms/hr=0x00000000 mon1=A@+3.0ms/1.3ms/hr=0x00000000] window_ms=3005 total=0 WM_SETTINGCHANGE=0 WM_DISPLAYCHANGE=0 WM_THEMECHANGED=0 WM_DWMCOLORIZATIONCOLORCHANGED=0 WM_SYSCOLORCHANGE=0 other=0
2026-10-02T12:17:56.716+08:00 CYCLE n=514 label=set start=2026-10-02T12:17:53.700+08:00 sets=[mon0=A@+0.8ms/2.0ms/hr=0x00000000 mon1=B@+3.4ms/2.0ms/hr=0x00000000] window_ms=3006 total=0 WM_SETTINGCHANGE=0 WM_DISPLAYCHANGE=0 WM_THEMECHANGED=0 WM_DWMCOLORIZATIONCOLORCHANGED=0 WM_SYSCOLORCHANGE=0 other=0
2026-10-02T12:18:06.765+08:00 CYCLE n=515 label=set start=2026-10-02T12:18:03.741+08:00 sets=[mon0=B@+0.7ms/2.2ms/hr=0x00000000 mon1=A@+11.1ms/1.2ms/hr=0x00000000] window_ms=3013 total=0 WM_SETTINGCHANGE=0 WM_DISPLAYCHANGE=0 WM_THEMECHANGED=0 WM_DWMCOLORIZATIONCOLORCHANGED=0 WM_SYSCOLORCHANGE=0 other=0
2026-10-02T12:18:16.736+08:00 CYCLE n=516 label=set start=2026-10-02T12:18:13.722+08:00 sets=[mon0=A@+0.5ms/1.7ms/hr=0x00000000 mon1=B@+2.6ms/1.3ms/hr=0x00000000] window_ms=3004 total=0 WM_SETTINGCHANGE=0 WM_DISPLAYCHANGE=0 WM_THEMECHANGED=0 WM_DWMCOLORIZATIONCOLORCHANGED=0 WM_SYSCOLORCHANGE=0 other=0
2026-10-02T12:18:26.786+08:00 CYCLE n=517 label=set start=2026-10-02T12:18:23.764+08:00 sets=[mon0=B@+0.4ms/1.8ms/hr=0x00000000 mon1=A@+10.2ms/1.7ms/hr=0x00000000] window_ms=3012 total=0 WM_SETTINGCHANGE=0 WM_DISPLAYCHANGE=0 WM_THEMECHANGED=0 WM_DWMCOLORIZATIONCOLORCHANGED=0 WM_SYSCOLORCHANGE=0 other=0
2026-10-02T12:18:36.734+08:00 CYCLE n=518 label=set start=2026-10-02T12:18:33.712+08:00 sets=[mon0=A@+0.5ms/2.0ms/hr=0x00000000 mon1=B@+10.3ms/1.6ms/hr=0x00000000] window_ms=3012 total=0 WM_SETTINGCHANGE=0 WM_DISPLAYCHANGE=0 WM_THEMECHANGED=0 WM_DWMCOLORIZATIONCOLORCHANGED=0 WM_SYSCOLORCHANGE=0 other=0
2026-10-02T12:18:46.815+08:00 CYCLE n=519 label=set start=2026-10-02T12:18:43.801+08:00 sets=[mon0=B@+0.5ms/1.5ms/hr=0x00000000 mon1=A@+2.2ms/1.4ms/hr=0x00000000] window_ms=3004 total=0 WM_SETTINGCHANGE=0 WM_DISPLAYCHANGE=0 WM_THEMECHANGED=0 WM_DWMCOLORIZATIONCOLORCHANGED=0 WM_SYSCOLORCHANGE=0 other=0
2026-10-02T12:18:56.759+08:00 CYCLE n=520 label=set start=2026-10-02T12:18:53.738+08:00 sets=[mon0=A@+0.5ms/1.9ms/hr=0x00000000 mon1=B@+10.1ms/1.6ms/hr=0x00000000] window_ms=3012 total=0 WM_SETTINGCHANGE=0 WM_DISPLAYCHANGE=0 WM_THEMECHANGED=0 WM_DWMCOLORIZATIONCOLORCHANGED=0 WM_SYSCOLORCHANGE=0 other=0
2026-10-02T12:19:06.799+08:00 CYCLE n=521 label=set start=2026-10-02T12:19:03.786+08:00 sets=[mon0=B@+0.4ms/1.7ms/hr=0x00000000 mon1=A@+2.6ms/1.3ms/hr=0x00000000] window_ms=3004 total=0 WM_SETTINGCHANGE=0 WM_DISPLAYCHANGE=0 WM_THEMECHANGED=0 WM_DWMCOLORIZATIONCOLORCHANGED=0 WM_SYSCOLORCHANGE=0 other=0
2026-10-02T12:19:16.770+08:00 CYCLE n=522 label=set start=2026-10-02T12:19:13.755+08:00 sets=[mon0=A@+0.6ms/2.1ms/hr=0x00000000 mon1=B@+3.2ms/1.2ms/hr=0x00000000] window_ms=3005 total=0 WM_SETTINGCHANGE=0 WM_DISPLAYCHANGE=0 WM_THEMECHANGED=0 WM_DWMCOLORIZATIONCOLORCHANGED=0 WM_SYSCOLORCHANGE=0 other=0
2026-10-02T12:19:26.715+08:00 CYCLE n=523 label=set start=2026-10-02T12:19:23.692+08:00 sets=[mon0=B@+0.5ms/1.8ms/hr=0x00000000 mon1=A@+10.0ms/1.3ms/hr=0x00000000] window_ms=3012 total=0 WM_SETTINGCHANGE=0 WM_DISPLAYCHANGE=0 WM_THEMECHANGED=0 WM_DWMCOLORIZATIONCOLORCHANGED=0 WM_SYSCOLORCHANGE=0 other=0
2026-10-02T12:19:36.761+08:00 CYCLE n=524 label=set start=2026-10-02T12:19:33.738+08:00 sets=[mon0=A@+1.0ms/2.0ms/hr=0x00000000 mon1=B@+11.1ms/1.3ms/hr=0x00000000] window_ms=3013 total=0 WM_SETTINGCHANGE=0 WM_DISPLAYCHANGE=0 WM_THEMECHANGED=0 WM_DWMCOLORIZATIONCOLORCHANGED=0 WM_SYSCOLORCHANGE=0 other=0
2026-10-02T12:19:46.833+08:00 CYCLE n=525 label=set start=2026-10-02T12:19:43.819+08:00 sets=[mon0=B@+0.4ms/1.9ms/hr=0x00000000 mon1=A@+2.6ms/1.7ms/hr=0x00000000] window_ms=3005 total=0 WM_SETTINGCHANGE=0 WM_DISPLAYCHANGE=0 WM_THEMECHANGED=0 WM_DWMCOLORIZATIONCOLORCHANGED=0 WM_SYSCOLORCHANGE=0 other=0
2026-10-02T12:19:56.777+08:00 CYCLE n=526 label=set start=2026-10-02T12:19:53.756+08:00 sets=[mon0=A@+0.4ms/1.4ms/hr=0x00000000 mon1=B@+9.8ms/1.0ms/hr=0x00000000] window_ms=3011 total=0 WM_SETTINGCHANGE=0 WM_DISPLAYCHANGE=0 WM_THEMECHANGED=0 WM_DWMCOLORIZATIONCOLORCHANGED=0 WM_SYSCOLORCHANGE=0 other=0
2026-10-02T12:20:06.719+08:00 CYCLE n=527 label=set start=2026-10-02T12:20:03.700+08:00 sets=[mon0=B@+0.6ms/2.0ms/hr=0x00000000 mon1=A@+10.5ms/1.5ms/hr=0x00000000] window_ms=3012 total=0 WM_SETTINGCHANGE=0 WM_DISPLAYCHANGE=0 WM_THEMECHANGED=0 WM_DWMCOLORIZATIONCOLORCHANGED=0 WM_SYSCOLORCHANGE=0 other=0
2026-10-02T12:20:16.785+08:00 CYCLE n=528 label=set start=2026-10-02T12:20:13.771+08:00 sets=[mon0=A@+0.4ms/1.3ms/hr=0x00000000 mon1=B@+1.9ms/1.1ms/hr=0x00000000] window_ms=3003 total=0 WM_SETTINGCHANGE=0 WM_DISPLAYCHANGE=0 WM_THEMECHANGED=0 WM_DWMCOLORIZATIONCOLORCHANGED=0 WM_SYSCOLORCHANGE=0 other=0
2026-10-02T12:20:26.731+08:00 CYCLE n=529 label=set start=2026-10-02T12:20:23.708+08:00 sets=[mon0=B@+0.9ms/2.3ms/hr=0x00000000 mon1=A@+10.9ms/1.6ms/hr=0x00000000] window_ms=3013 total=0 WM_SETTINGCHANGE=0 WM_DISPLAYCHANGE=0 WM_THEMECHANGED=0 WM_DWMCOLORIZATIONCOLORCHANGED=0 WM_SYSCOLORCHANGE=0 other=0
2026-10-02T12:20:36.768+08:00 CYCLE n=530 label=set start=2026-10-02T12:20:33.753+08:00 sets=[mon0=A@+0.5ms/1.7ms/hr=0x00000000 mon1=B@+2.5ms/1.0ms/hr=0x00000000] window_ms=3004 total=0 WM_SETTINGCHANGE=0 WM_DISPLAYCHANGE=0 WM_THEMECHANGED=0 WM_DWMCOLORIZATIONCOLORCHANGED=0 WM_SYSCOLORCHANGE=0 other=0
2026-10-02T12:20:46.745+08:00 CYCLE n=531 label=set start=2026-10-02T12:20:43.729+08:00 sets=[mon0=B@+0.5ms/1.7ms/hr=0x00000000 mon1=A@+2.4ms/1.3ms/hr=0x00000000] window_ms=3004 total=0 WM_SETTINGCHANGE=0 WM_DISPLAYCHANGE=0 WM_THEMECHANGED=0 WM_DWMCOLORIZATIONCOLORCHANGED=0 WM_SYSCOLORCHANGE=0 other=0
2026-10-02T12:20:56.785+08:00 CYCLE n=532 label=set start=2026-10-02T12:20:53.769+08:00 sets=[mon0=A@+0.7ms/2.2ms/hr=0x00000000 mon1=B@+3.7ms/1.4ms/hr=0x00000000] window_ms=3005 total=0 WM_SETTINGCHANGE=0 WM_DISPLAYCHANGE=0 WM_THEMECHANGED=0 WM_DWMCOLORIZATIONCOLORCHANGED=0 WM_SYSCOLORCHANGE=0 other=0
2026-10-02T12:21:06.729+08:00 CYCLE n=533 label=set start=2026-10-02T12:21:03.707+08:00 sets=[mon0=B@+0.5ms/1.6ms/hr=0x00000000 mon1=A@+9.8ms/2.0ms/hr=0x00000000] window_ms=3012 total=0 WM_SETTINGCHANGE=0 WM_DISPLAYCHANGE=0 WM_THEMECHANGED=0 WM_DWMCOLORIZATIONCOLORCHANGED=0 WM_SYSCOLORCHANGE=0 other=0
2026-10-02T12:21:16.799+08:00 CYCLE n=534 label=set start=2026-10-02T12:21:13.784+08:00 sets=[mon0=A@+0.5ms/2.2ms/hr=0x00000000 mon1=B@+3.0ms/1.7ms/hr=0x00000000] window_ms=3005 total=0 WM_SETTINGCHANGE=0 WM_DISPLAYCHANGE=0 WM_THEMECHANGED=0 WM_DWMCOLORIZATIONCOLORCHANGED=0 WM_SYSCOLORCHANGE=0 other=0
2026-10-02T12:21:26.732+08:00 CYCLE n=535 label=set start=2026-10-02T12:21:23.720+08:00 sets=[mon0=B@+0.4ms/1.4ms/hr=0x00000000 mon1=A@+2.5ms/1.0ms/hr=0x00000000] window_ms=3004 total=0 WM_SETTINGCHANGE=0 WM_DISPLAYCHANGE=0 WM_THEMECHANGED=0 WM_DWMCOLORIZATIONCOLORCHANGED=0 WM_SYSCOLORCHANGE=0 other=0
2026-10-02T12:21:36.767+08:00 CYCLE n=536 label=set start=2026-10-02T12:21:33.753+08:00 sets=[mon0=A@+0.8ms/2.4ms/hr=0x00000000 mon1=B@+3.7ms/1.9ms/hr=0x00000000] window_ms=3006 total=0 WM_SETTINGCHANGE=0 WM_DISPLAYCHANGE=0 WM_THEMECHANGED=0 WM_DWMCOLORIZATIONCOLORCHANGED=0 WM_SYSCOLORCHANGE=0 other=0
2026-10-02T12:21:46.738+08:00 CYCLE n=537 label=set start=2026-10-02T12:21:43.723+08:00 sets=[mon0=B@+0.4ms/1.9ms/hr=0x00000000 mon1=A@+2.6ms/1.1ms/hr=0x00000000] window_ms=3004 total=0 WM_SETTINGCHANGE=0 WM_DISPLAYCHANGE=0 WM_THEMECHANGED=0 WM_DWMCOLORIZATIONCOLORCHANGED=0 WM_SYSCOLORCHANGE=0 other=0
2026-10-02T12:21:56.776+08:00 CYCLE n=538 label=set start=2026-10-02T12:21:53.761+08:00 sets=[mon0=A@+1.1ms/2.0ms/hr=0x00000000 mon1=B@+3.4ms/1.4ms/hr=0x00000000] window_ms=3005 total=0 WM_SETTINGCHANGE=0 WM_DISPLAYCHANGE=0 WM_THEMECHANGED=0 WM_DWMCOLORIZATIONCOLORCHANGED=0 WM_SYSCOLORCHANGE=0 other=0
2026-10-02T12:22:06.715+08:00 CYCLE n=539 label=set start=2026-10-02T12:22:03.699+08:00 sets=[mon0=B@+0.9ms/1.9ms/hr=0x00000000 mon1=A@+3.6ms/1.9ms/hr=0x00000000] window_ms=3006 total=0 WM_SETTINGCHANGE=0 WM_DISPLAYCHANGE=0 WM_THEMECHANGED=0 WM_DWMCOLORIZATIONCOLORCHANGED=0 WM_SYSCOLORCHANGE=0 other=0
2026-10-02T12:22:16.789+08:00 CYCLE n=540 label=set start=2026-10-02T12:22:13.775+08:00 sets=[mon0=A@+0.6ms/2.1ms/hr=0x00000000 mon1=B@+3.0ms/1.8ms/hr=0x00000000] window_ms=3005 total=0 WM_SETTINGCHANGE=0 WM_DISPLAYCHANGE=0 WM_THEMECHANGED=0 WM_DWMCOLORIZATIONCOLORCHANGED=0 WM_SYSCOLORCHANGE=0 other=0
2026-10-02T12:22:26.734+08:00 CYCLE n=541 label=set start=2026-10-02T12:22:23.719+08:00 sets=[mon0=B@+0.6ms/2.3ms/hr=0x00000000 mon1=A@+3.3ms/1.5ms/hr=0x00000000] window_ms=3005 total=0 WM_SETTINGCHANGE=0 WM_DISPLAYCHANGE=0 WM_THEMECHANGED=0 WM_DWMCOLORIZATIONCOLORCHANGED=0 WM_SYSCOLORCHANGE=0 other=0
2026-10-02T12:22:36.777+08:00 CYCLE n=542 label=set start=2026-10-02T12:22:33.757+08:00 sets=[mon0=A@+0.4ms/1.6ms/hr=0x00000000 mon1=B@+9.7ms/1.3ms/hr=0x00000000] window_ms=3011 total=0 WM_SETTINGCHANGE=0 WM_DISPLAYCHANGE=0 WM_THEMECHANGED=0 WM_DWMCOLORIZATIONCOLORCHANGED=0 WM_SYSCOLORCHANGE=0 other=0
2026-10-02T12:22:46.754+08:00 CYCLE n=543 label=set start=2026-10-02T12:22:43.738+08:00 sets=[mon0=B@+1.2ms/1.8ms/hr=0x00000000 mon1=A@+3.1ms/1.4ms/hr=0x00000000] window_ms=3005 total=0 WM_SETTINGCHANGE=0 WM_DISPLAYCHANGE=0 WM_THEMECHANGED=0 WM_DWMCOLORIZATIONCOLORCHANGED=0 WM_SYSCOLORCHANGE=0 other=0
2026-10-02T12:22:56.790+08:00 CYCLE n=544 label=set start=2026-10-02T12:22:53.775+08:00 sets=[mon0=A@+0.7ms/1.7ms/hr=0x00000000 mon1=B@+3.1ms/1.4ms/hr=0x00000000] window_ms=3005 total=0 WM_SETTINGCHANGE=0 WM_DISPLAYCHANGE=0 WM_THEMECHANGED=0 WM_DWMCOLORIZATIONCOLORCHANGED=0 WM_SYSCOLORCHANGE=0 other=0
2026-10-02T12:23:06.737+08:00 CYCLE n=545 label=set start=2026-10-02T12:23:03.713+08:00 sets=[mon0=B@+0.5ms/1.9ms/hr=0x00000000 mon1=A@+10.5ms/2.0ms/hr=0x00000000] window_ms=3013 total=0 WM_SETTINGCHANGE=0 WM_DISPLAYCHANGE=0 WM_THEMECHANGED=0 WM_DWMCOLORIZATIONCOLORCHANGED=0 WM_SYSCOLORCHANGE=0 other=0
2026-10-02T12:23:16.815+08:00 CYCLE n=546 label=set start=2026-10-02T12:23:13.802+08:00 sets=[mon0=A@+0.5ms/1.7ms/hr=0x00000000 mon1=B@+2.6ms/1.2ms/hr=0x00000000] window_ms=3004 total=0 WM_SETTINGCHANGE=0 WM_DISPLAYCHANGE=0 WM_THEMECHANGED=0 WM_DWMCOLORIZATIONCOLORCHANGED=0 WM_SYSCOLORCHANGE=0 other=0
2026-10-02T12:23:26.758+08:00 CYCLE n=547 label=set start=2026-10-02T12:23:23.736+08:00 sets=[mon0=B@+0.8ms/1.5ms/hr=0x00000000 mon1=A@+10.0ms/1.6ms/hr=0x00000000] window_ms=3012 total=0 WM_SETTINGCHANGE=0 WM_DISPLAYCHANGE=0 WM_THEMECHANGED=0 WM_DWMCOLORIZATIONCOLORCHANGED=0 WM_SYSCOLORCHANGE=0 other=0
2026-10-02T12:23:36.796+08:00 CYCLE n=548 label=set start=2026-10-02T12:23:33.782+08:00 sets=[mon0=A@+0.7ms/2.1ms/hr=0x00000000 mon1=B@+3.4ms/1.7ms/hr=0x00000000] window_ms=3005 total=0 WM_SETTINGCHANGE=0 WM_DISPLAYCHANGE=0 WM_THEMECHANGED=0 WM_DWMCOLORIZATIONCOLORCHANGED=0 WM_SYSCOLORCHANGE=0 other=0
2026-10-02T12:23:46.775+08:00 CYCLE n=549 label=set start=2026-10-02T12:23:43.759+08:00 sets=[mon0=B@+0.4ms/1.7ms/hr=0x00000000 mon1=A@+2.4ms/1.4ms/hr=0x00000000] window_ms=3004 total=0 WM_SETTINGCHANGE=0 WM_DISPLAYCHANGE=0 WM_THEMECHANGED=0 WM_DWMCOLORIZATIONCOLORCHANGED=0 WM_SYSCOLORCHANGE=0 other=0
2026-10-02T12:23:56.709+08:00 CYCLE n=550 label=set start=2026-10-02T12:23:53.696+08:00 sets=[mon0=A@+0.4ms/2.0ms/hr=0x00000000 mon1=B@+3.0ms/1.4ms/hr=0x00000000] window_ms=3005 total=0 WM_SETTINGCHANGE=0 WM_DISPLAYCHANGE=0 WM_THEMECHANGED=0 WM_DWMCOLORIZATIONCOLORCHANGED=0 WM_SYSCOLORCHANGE=0 other=0
2026-10-02T12:24:06.756+08:00 CYCLE n=551 label=set start=2026-10-02T12:24:03.734+08:00 sets=[mon0=B@+0.6ms/1.6ms/hr=0x00000000 mon1=A@+10.2ms/1.3ms/hr=0x00000000] window_ms=3012 total=0 WM_SETTINGCHANGE=0 WM_DISPLAYCHANGE=0 WM_THEMECHANGED=0 WM_DWMCOLORIZATIONCOLORCHANGED=0 WM_SYSCOLORCHANGE=0 other=0
2026-10-02T12:24:16.832+08:00 CYCLE n=552 label=set start=2026-10-02T12:24:13.818+08:00 sets=[mon0=A@+0.7ms/1.6ms/hr=0x00000000 mon1=B@+2.6ms/1.3ms/hr=0x00000000] window_ms=3004 total=0 WM_SETTINGCHANGE=0 WM_DISPLAYCHANGE=0 WM_THEMECHANGED=0 WM_DWMCOLORIZATIONCOLORCHANGED=0 WM_SYSCOLORCHANGE=0 other=0
2026-10-02T12:24:26.777+08:00 CYCLE n=553 label=set start=2026-10-02T12:24:23.756+08:00 sets=[mon0=B@+0.4ms/1.7ms/hr=0x00000000 mon1=A@+9.9ms/1.7ms/hr=0x00000000] window_ms=3012 total=0 WM_SETTINGCHANGE=0 WM_DISPLAYCHANGE=0 WM_THEMECHANGED=0 WM_DWMCOLORIZATIONCOLORCHANGED=0 WM_SYSCOLORCHANGE=0 other=0
2026-10-02T12:24:36.721+08:00 CYCLE n=554 label=set start=2026-10-02T12:24:33.700+08:00 sets=[mon0=A@+0.5ms/1.5ms/hr=0x00000000 mon1=B@+9.7ms/1.6ms/hr=0x00000000] window_ms=3012 total=0 WM_SETTINGCHANGE=0 WM_DISPLAYCHANGE=0 WM_THEMECHANGED=0 WM_DWMCOLORIZATIONCOLORCHANGED=0 WM_SYSCOLORCHANGE=0 other=0
2026-10-02T12:24:46.794+08:00 CYCLE n=555 label=set start=2026-10-02T12:24:43.778+08:00 sets=[mon0=B@+0.6ms/2.1ms/hr=0x00000000 mon1=A@+2.9ms/1.7ms/hr=0x00000000] window_ms=3005 total=0 WM_SETTINGCHANGE=0 WM_DISPLAYCHANGE=0 WM_THEMECHANGED=0 WM_DWMCOLORIZATIONCOLORCHANGED=0 WM_SYSCOLORCHANGE=0 other=0
2026-10-02T12:24:56.738+08:00 CYCLE n=556 label=set start=2026-10-02T12:24:53.717+08:00 sets=[mon0=A@+0.6ms/1.8ms/hr=0x00000000 mon1=B@+10.5ms/1.4ms/hr=0x00000000] window_ms=3012 total=0 WM_SETTINGCHANGE=0 WM_DISPLAYCHANGE=0 WM_THEMECHANGED=0 WM_DWMCOLORIZATIONCOLORCHANGED=0 WM_SYSCOLORCHANGE=0 other=0
2026-10-02T12:25:06.778+08:00 CYCLE n=557 label=set start=2026-10-02T12:25:03.763+08:00 sets=[mon0=B@+0.4ms/1.7ms/hr=0x00000000 mon1=A@+2.8ms/1.2ms/hr=0x00000000] window_ms=3004 total=0 WM_SETTINGCHANGE=0 WM_DISPLAYCHANGE=0 WM_THEMECHANGED=0 WM_DWMCOLORIZATIONCOLORCHANGED=0 WM_SYSCOLORCHANGE=0 other=0
2026-10-02T12:25:16.748+08:00 CYCLE n=558 label=set start=2026-10-02T12:25:13.734+08:00 sets=[mon0=A@+0.4ms/1.8ms/hr=0x00000000 mon1=B@+2.5ms/1.3ms/hr=0x00000000] window_ms=3004 total=0 WM_SETTINGCHANGE=0 WM_DISPLAYCHANGE=0 WM_THEMECHANGED=0 WM_DWMCOLORIZATIONCOLORCHANGED=0 WM_SYSCOLORCHANGE=0 other=0
2026-10-02T12:25:26.792+08:00 CYCLE n=559 label=set start=2026-10-02T12:25:23.771+08:00 sets=[mon0=B@+0.6ms/1.6ms/hr=0x00000000 mon1=A@+9.9ms/1.3ms/hr=0x00000000] window_ms=3011 total=0 WM_SETTINGCHANGE=0 WM_DISPLAYCHANGE=0 WM_THEMECHANGED=0 WM_DWMCOLORIZATIONCOLORCHANGED=0 WM_SYSCOLORCHANGE=0 other=0
2026-10-02T12:25:36.735+08:00 CYCLE n=560 label=set start=2026-10-02T12:25:33.714+08:00 sets=[mon0=A@+0.4ms/1.5ms/hr=0x00000000 mon1=B@+9.6ms/1.3ms/hr=0x00000000] window_ms=3011 total=0 WM_SETTINGCHANGE=0 WM_DISPLAYCHANGE=0 WM_THEMECHANGED=0 WM_DWMCOLORIZATIONCOLORCHANGED=0 WM_SYSCOLORCHANGE=0 other=0
2026-10-02T12:25:46.812+08:00 CYCLE n=561 label=set start=2026-10-02T12:25:43.798+08:00 sets=[mon0=B@+0.6ms/1.7ms/hr=0x00000000 mon1=A@+2.5ms/1.6ms/hr=0x00000000] window_ms=3004 total=0 WM_SETTINGCHANGE=0 WM_DISPLAYCHANGE=0 WM_THEMECHANGED=0 WM_DWMCOLORIZATIONCOLORCHANGED=0 WM_SYSCOLORCHANGE=0 other=0
2026-10-02T12:25:56.757+08:00 CYCLE n=562 label=set start=2026-10-02T12:25:53.735+08:00 sets=[mon0=A@+0.5ms/1.4ms/hr=0x00000000 mon1=B@+9.6ms/1.2ms/hr=0x00000000] window_ms=3011 total=0 WM_SETTINGCHANGE=0 WM_DISPLAYCHANGE=0 WM_THEMECHANGED=0 WM_DWMCOLORIZATIONCOLORCHANGED=0 WM_SYSCOLORCHANGE=0 other=0
2026-10-02T12:26:06.803+08:00 CYCLE n=563 label=set start=2026-10-02T12:26:03.779+08:00 sets=[mon0=B@+0.6ms/2.7ms/hr=0x00000000 mon1=A@+11.4ms/1.8ms/hr=0x00000000] window_ms=3013 total=0 WM_SETTINGCHANGE=0 WM_DISPLAYCHANGE=0 WM_THEMECHANGED=0 WM_DWMCOLORIZATIONCOLORCHANGED=0 WM_SYSCOLORCHANGE=0 other=0
2026-10-02T12:26:16.779+08:00 CYCLE n=564 label=set start=2026-10-02T12:26:13.766+08:00 sets=[mon0=A@+0.4ms/1.6ms/hr=0x00000000 mon1=B@+2.2ms/1.3ms/hr=0x00000000] window_ms=3004 total=0 WM_SETTINGCHANGE=0 WM_DISPLAYCHANGE=0 WM_THEMECHANGED=0 WM_DWMCOLORIZATIONCOLORCHANGED=0 WM_SYSCOLORCHANGE=0 other=0
2026-10-02T12:26:26.720+08:00 CYCLE n=565 label=set start=2026-10-02T12:26:23.704+08:00 sets=[mon0=B@+0.6ms/1.9ms/hr=0x00000000 mon1=A@+3.1ms/1.5ms/hr=0x00000000] window_ms=3005 total=0 WM_SETTINGCHANGE=0 WM_DISPLAYCHANGE=0 WM_THEMECHANGED=0 WM_DWMCOLORIZATIONCOLORCHANGED=0 WM_SYSCOLORCHANGE=0 other=0
2026-10-02T12:26:36.759+08:00 CYCLE n=566 label=set start=2026-10-02T12:26:33.743+08:00 sets=[mon0=A@+0.6ms/1.8ms/hr=0x00000000 mon1=B@+3.0ms/1.3ms/hr=0x00000000] window_ms=3005 total=0 WM_SETTINGCHANGE=0 WM_DISPLAYCHANGE=0 WM_THEMECHANGED=0 WM_DWMCOLORIZATIONCOLORCHANGED=0 WM_SYSCOLORCHANGE=0 other=0
2026-10-02T12:26:46.823+08:00 CYCLE n=567 label=set start=2026-10-02T12:26:43.807+08:00 sets=[mon0=B@+0.6ms/2.0ms/hr=0x00000000 mon1=A@+2.9ms/1.6ms/hr=0x00000000] window_ms=3005 total=0 WM_SETTINGCHANGE=0 WM_DISPLAYCHANGE=0 WM_THEMECHANGED=0 WM_DWMCOLORIZATIONCOLORCHANGED=0 WM_SYSCOLORCHANGE=0 other=0
2026-10-02T12:26:56.767+08:00 CYCLE n=568 label=set start=2026-10-02T12:26:53.746+08:00 sets=[mon0=A@+0.5ms/1.4ms/hr=0x00000000 mon1=B@+9.6ms/1.3ms/hr=0x00000000] window_ms=3011 total=0 WM_SETTINGCHANGE=0 WM_DISPLAYCHANGE=0 WM_THEMECHANGED=0 WM_DWMCOLORIZATIONCOLORCHANGED=0 WM_SYSCOLORCHANGE=0 other=0
2026-10-02T12:27:06.810+08:00 CYCLE n=569 label=set start=2026-10-02T12:27:03.789+08:00 sets=[mon0=B@+0.6ms/1.6ms/hr=0x00000000 mon1=A@+9.9ms/1.8ms/hr=0x00000000] window_ms=3012 total=0 WM_SETTINGCHANGE=0 WM_DISPLAYCHANGE=0 WM_THEMECHANGED=0 WM_DWMCOLORIZATIONCOLORCHANGED=0 WM_SYSCOLORCHANGE=0 other=0
2026-10-02T12:27:16.784+08:00 CYCLE n=570 label=set start=2026-10-02T12:27:13.770+08:00 sets=[mon0=A@+0.4ms/1.8ms/hr=0x00000000 mon1=B@+2.7ms/1.1ms/hr=0x00000000] window_ms=3004 total=0 WM_SETTINGCHANGE=0 WM_DISPLAYCHANGE=0 WM_THEMECHANGED=0 WM_DWMCOLORIZATIONCOLORCHANGED=0 WM_SYSCOLORCHANGE=0 other=0
2026-10-02T12:27:26.729+08:00 CYCLE n=571 label=set start=2026-10-02T12:27:23.706+08:00 sets=[mon0=B@+0.4ms/2.1ms/hr=0x00000000 mon1=A@+10.2ms/1.3ms/hr=0x00000000] window_ms=3012 total=0 WM_SETTINGCHANGE=0 WM_DISPLAYCHANGE=0 WM_THEMECHANGED=0 WM_DWMCOLORIZATIONCOLORCHANGED=0 WM_SYSCOLORCHANGE=0 other=0
2026-10-02T12:27:36.776+08:00 CYCLE n=572 label=set start=2026-10-02T12:27:33.752+08:00 sets=[mon0=A@+0.5ms/1.8ms/hr=0x00000000 mon1=B@+10.2ms/1.8ms/hr=0x00000000] window_ms=3013 total=0 WM_SETTINGCHANGE=0 WM_DISPLAYCHANGE=0 WM_THEMECHANGED=0 WM_DWMCOLORIZATIONCOLORCHANGED=0 WM_SYSCOLORCHANGE=0 other=0
2026-10-02T12:27:46.750+08:00 CYCLE n=573 label=set start=2026-10-02T12:27:43.734+08:00 sets=[mon0=B@+0.8ms/1.6ms/hr=0x00000000 mon1=A@+2.9ms/1.3ms/hr=0x00000000] window_ms=3004 total=0 WM_SETTINGCHANGE=0 WM_DISPLAYCHANGE=0 WM_THEMECHANGED=0 WM_DWMCOLORIZATIONCOLORCHANGED=0 WM_SYSCOLORCHANGE=0 other=0
2026-10-02T12:27:56.798+08:00 CYCLE n=574 label=set start=2026-10-02T12:27:53.775+08:00 sets=[mon0=A@+0.5ms/1.6ms/hr=0x00000000 mon1=B@+9.7ms/1.5ms/hr=0x00000000] window_ms=3011 total=0 WM_SETTINGCHANGE=0 WM_DISPLAYCHANGE=0 WM_THEMECHANGED=0 WM_DWMCOLORIZATIONCOLORCHANGED=0 WM_SYSCOLORCHANGE=0 other=0
2026-10-02T12:28:06.739+08:00 CYCLE n=575 label=set start=2026-10-02T12:28:03.723+08:00 sets=[mon0=B@+0.6ms/2.0ms/hr=0x00000000 mon1=A@+2.9ms/2.3ms/hr=0x00000000] window_ms=3006 total=0 WM_SETTINGCHANGE=0 WM_DISPLAYCHANGE=0 WM_THEMECHANGED=0 WM_DWMCOLORIZATIONCOLORCHANGED=0 WM_SYSCOLORCHANGE=0 other=0
2026-10-02T12:28:16.812+08:00 CYCLE n=576 label=set start=2026-10-02T12:28:13.797+08:00 sets=[mon0=A@+0.4ms/1.9ms/hr=0x00000000 mon1=B@+2.5ms/1.2ms/hr=0x00000000] window_ms=3004 total=0 WM_SETTINGCHANGE=0 WM_DISPLAYCHANGE=0 WM_THEMECHANGED=0 WM_DWMCOLORIZATIONCOLORCHANGED=0 WM_SYSCOLORCHANGE=0 other=0
2026-10-02T12:28:26.749+08:00 CYCLE n=577 label=set start=2026-10-02T12:28:23.734+08:00 sets=[mon0=B@+0.5ms/1.9ms/hr=0x00000000 mon1=A@+3.0ms/1.3ms/hr=0x00000000] window_ms=3005 total=0 WM_SETTINGCHANGE=0 WM_DISPLAYCHANGE=0 WM_THEMECHANGED=0 WM_DWMCOLORIZATIONCOLORCHANGED=0 WM_SYSCOLORCHANGE=0 other=0
2026-10-02T12:28:36.784+08:00 CYCLE n=578 label=set start=2026-10-02T12:28:33.771+08:00 sets=[mon0=A@+0.6ms/1.7ms/hr=0x00000000 mon1=B@+2.9ms/1.2ms/hr=0x00000000] window_ms=3004 total=0 WM_SETTINGCHANGE=0 WM_DISPLAYCHANGE=0 WM_THEMECHANGED=0 WM_DWMCOLORIZATIONCOLORCHANGED=0 WM_SYSCOLORCHANGE=0 other=0
2026-10-02T12:28:46.751+08:00 CYCLE n=579 label=set start=2026-10-02T12:28:43.739+08:00 sets=[mon0=B@+0.4ms/1.7ms/hr=0x00000000 mon1=A@+2.5ms/1.0ms/hr=0x00000000] window_ms=3004 total=0 WM_SETTINGCHANGE=0 WM_DISPLAYCHANGE=0 WM_THEMECHANGED=0 WM_DWMCOLORIZATIONCOLORCHANGED=0 WM_SYSCOLORCHANGE=0 other=0
2026-10-02T12:28:56.790+08:00 CYCLE n=580 label=set start=2026-10-02T12:28:53.774+08:00 sets=[mon0=A@+0.5ms/1.7ms/hr=0x00000000 mon1=B@+2.8ms/1.2ms/hr=0x00000000] window_ms=3004 total=0 WM_SETTINGCHANGE=0 WM_DISPLAYCHANGE=0 WM_THEMECHANGED=0 WM_DWMCOLORIZATIONCOLORCHANGED=0 WM_SYSCOLORCHANGE=0 other=0
2026-10-02T12:29:06.736+08:00 CYCLE n=581 label=set start=2026-10-02T12:29:03.715+08:00 sets=[mon0=B@+0.8ms/1.7ms/hr=0x00000000 mon1=A@+10.3ms/1.5ms/hr=0x00000000] window_ms=3012 total=0 WM_SETTINGCHANGE=0 WM_DISPLAYCHANGE=0 WM_THEMECHANGED=0 WM_DWMCOLORIZATIONCOLORCHANGED=0 WM_SYSCOLORCHANGE=0 other=0
2026-10-02T12:29:16.813+08:00 CYCLE n=582 label=set start=2026-10-02T12:29:13.798+08:00 sets=[mon0=A@+0.4ms/1.8ms/hr=0x00000000 mon1=B@+2.5ms/1.5ms/hr=0x00000000] window_ms=3004 total=0 WM_SETTINGCHANGE=0 WM_DISPLAYCHANGE=0 WM_THEMECHANGED=0 WM_DWMCOLORIZATIONCOLORCHANGED=0 WM_SYSCOLORCHANGE=0 other=0
2026-10-02T12:29:26.758+08:00 CYCLE n=583 label=set start=2026-10-02T12:29:23.737+08:00 sets=[mon0=B@+0.6ms/1.9ms/hr=0x00000000 mon1=A@+10.2ms/1.9ms/hr=0x00000000] window_ms=3012 total=0 WM_SETTINGCHANGE=0 WM_DISPLAYCHANGE=0 WM_THEMECHANGED=0 WM_DWMCOLORIZATIONCOLORCHANGED=0 WM_SYSCOLORCHANGE=0 other=0
2026-10-02T12:29:36.796+08:00 CYCLE n=584 label=set start=2026-10-02T12:29:33.782+08:00 sets=[mon0=A@+0.4ms/1.8ms/hr=0x00000000 mon1=B@+2.5ms/1.3ms/hr=0x00000000] window_ms=3004 total=0 WM_SETTINGCHANGE=0 WM_DISPLAYCHANGE=0 WM_THEMECHANGED=0 WM_DWMCOLORIZATIONCOLORCHANGED=0 WM_SYSCOLORCHANGE=0 other=0
2026-10-02T12:29:46.779+08:00 CYCLE n=585 label=set start=2026-10-02T12:29:43.764+08:00 sets=[mon0=B@+0.5ms/1.6ms/hr=0x00000000 mon1=A@+2.5ms/1.5ms/hr=0x00000000] window_ms=3004 total=0 WM_SETTINGCHANGE=0 WM_DISPLAYCHANGE=0 WM_THEMECHANGED=0 WM_DWMCOLORIZATIONCOLORCHANGED=0 WM_SYSCOLORCHANGE=0 other=0
2026-10-02T12:29:56.722+08:00 CYCLE n=586 label=set start=2026-10-02T12:29:53.701+08:00 sets=[mon0=A@+0.5ms/1.4ms/hr=0x00000000 mon1=B@+9.7ms/1.0ms/hr=0x00000000] window_ms=3011 total=0 WM_SETTINGCHANGE=0 WM_DISPLAYCHANGE=0 WM_THEMECHANGED=0 WM_DWMCOLORIZATIONCOLORCHANGED=0 WM_SYSCOLORCHANGE=0 other=0
2026-10-02T12:30:06.766+08:00 CYCLE n=587 label=set start=2026-10-02T12:30:03.744+08:00 sets=[mon0=B@+0.6ms/1.7ms/hr=0x00000000 mon1=A@+10.3ms/2.1ms/hr=0x00000000] window_ms=3013 total=0 WM_SETTINGCHANGE=0 WM_DISPLAYCHANGE=0 WM_THEMECHANGED=0 WM_DWMCOLORIZATIONCOLORCHANGED=0 WM_SYSCOLORCHANGE=0 other=0
2026-10-02T12:30:16.745+08:00 CYCLE n=588 label=set start=2026-10-02T12:30:13.733+08:00 sets=[mon0=A@+0.5ms/2.1ms/hr=0x00000000 mon1=B@+2.8ms/1.0ms/hr=0x00000000] window_ms=3004 total=0 WM_SETTINGCHANGE=0 WM_DISPLAYCHANGE=0 WM_THEMECHANGED=0 WM_DWMCOLORIZATIONCOLORCHANGED=0 WM_SYSCOLORCHANGE=0 other=0
2026-10-02T12:30:26.790+08:00 CYCLE n=589 label=set start=2026-10-02T12:30:23.769+08:00 sets=[mon0=B@+0.4ms/1.4ms/hr=0x00000000 mon1=A@+9.4ms/1.1ms/hr=0x00000000] window_ms=3011 total=0 WM_SETTINGCHANGE=0 WM_DISPLAYCHANGE=0 WM_THEMECHANGED=0 WM_DWMCOLORIZATIONCOLORCHANGED=0 WM_SYSCOLORCHANGE=0 other=0
2026-10-02T12:30:36.735+08:00 CYCLE n=590 label=set start=2026-10-02T12:30:33.713+08:00 sets=[mon0=A@+0.5ms/1.5ms/hr=0x00000000 mon1=B@+9.8ms/1.2ms/hr=0x00000000] window_ms=3011 total=0 WM_SETTINGCHANGE=0 WM_DISPLAYCHANGE=0 WM_THEMECHANGED=0 WM_DWMCOLORIZATIONCOLORCHANGED=0 WM_SYSCOLORCHANGE=0 other=0
2026-10-02T12:30:46.799+08:00 CYCLE n=591 label=set start=2026-10-02T12:30:43.786+08:00 sets=[mon0=B@+0.4ms/1.4ms/hr=0x00000000 mon1=A@+2.0ms/1.0ms/hr=0x00000000] window_ms=3003 total=0 WM_SETTINGCHANGE=0 WM_DISPLAYCHANGE=0 WM_THEMECHANGED=0 WM_DWMCOLORIZATIONCOLORCHANGED=0 WM_SYSCOLORCHANGE=0 other=0
2026-10-02T12:30:56.736+08:00 CYCLE n=592 label=set start=2026-10-02T12:30:53.722+08:00 sets=[mon0=A@+0.5ms/1.8ms/hr=0x00000000 mon1=B@+2.8ms/1.5ms/hr=0x00000000] window_ms=3005 total=0 WM_SETTINGCHANGE=0 WM_DISPLAYCHANGE=0 WM_THEMECHANGED=0 WM_DWMCOLORIZATIONCOLORCHANGED=0 WM_SYSCOLORCHANGE=0 other=0
2026-10-02T12:31:06.778+08:00 CYCLE n=593 label=set start=2026-10-02T12:31:03.761+08:00 sets=[mon0=B@+0.5ms/1.9ms/hr=0x00000000 mon1=A@+3.3ms/1.3ms/hr=0x00000000] window_ms=3005 total=0 WM_SETTINGCHANGE=0 WM_DISPLAYCHANGE=0 WM_THEMECHANGED=0 WM_DWMCOLORIZATIONCOLORCHANGED=0 WM_SYSCOLORCHANGE=0 other=0
2026-10-02T12:31:16.751+08:00 CYCLE n=594 label=set start=2026-10-02T12:31:13.735+08:00 sets=[mon0=A@+0.6ms/1.9ms/hr=0x00000000 mon1=B@+2.8ms/1.5ms/hr=0x00000000] window_ms=3005 total=0 WM_SETTINGCHANGE=0 WM_DISPLAYCHANGE=0 WM_THEMECHANGED=0 WM_DWMCOLORIZATIONCOLORCHANGED=0 WM_SYSCOLORCHANGE=0 other=0
2026-10-02T12:31:26.788+08:00 CYCLE n=595 label=set start=2026-10-02T12:31:23.775+08:00 sets=[mon0=B@+0.4ms/1.9ms/hr=0x00000000 mon1=A@+3.0ms/1.5ms/hr=0x00000000] window_ms=3005 total=0 WM_SETTINGCHANGE=0 WM_DISPLAYCHANGE=0 WM_THEMECHANGED=0 WM_DWMCOLORIZATIONCOLORCHANGED=0 WM_SYSCOLORCHANGE=0 other=0
2026-10-02T12:31:36.734+08:00 CYCLE n=596 label=set start=2026-10-02T12:31:33.711+08:00 sets=[mon0=A@+0.5ms/2.2ms/hr=0x00000000 mon1=B@+10.8ms/1.4ms/hr=0x00000000] window_ms=3012 total=0 WM_SETTINGCHANGE=0 WM_DISPLAYCHANGE=0 WM_THEMECHANGED=0 WM_DWMCOLORIZATIONCOLORCHANGED=0 WM_SYSCOLORCHANGE=0 other=0
2026-10-02T12:31:46.807+08:00 CYCLE n=597 label=set start=2026-10-02T12:31:43.790+08:00 sets=[mon0=B@+1.2ms/2.5ms/hr=0x00000000 mon1=A@+4.0ms/1.3ms/hr=0x00000000] window_ms=3006 total=0 WM_SETTINGCHANGE=0 WM_DISPLAYCHANGE=0 WM_THEMECHANGED=0 WM_DWMCOLORIZATIONCOLORCHANGED=0 WM_SYSCOLORCHANGE=0 other=0
2026-10-02T12:31:56.753+08:00 CYCLE n=598 label=set start=2026-10-02T12:31:53.732+08:00 sets=[mon0=A@+0.4ms/1.6ms/hr=0x00000000 mon1=B@+10.0ms/1.3ms/hr=0x00000000] window_ms=3011 total=0 WM_SETTINGCHANGE=0 WM_DISPLAYCHANGE=0 WM_THEMECHANGED=0 WM_DWMCOLORIZATIONCOLORCHANGED=0 WM_SYSCOLORCHANGE=0 other=0
2026-10-02T12:32:06.800+08:00 CYCLE n=599 label=set start=2026-10-02T12:32:03.776+08:00 sets=[mon0=B@+0.5ms/2.2ms/hr=0x00000000 mon1=A@+9.8ms/1.5ms/hr=0x00000000] window_ms=3011 total=0 WM_SETTINGCHANGE=0 WM_DISPLAYCHANGE=0 WM_THEMECHANGED=0 WM_DWMCOLORIZATIONCOLORCHANGED=0 WM_SYSCOLORCHANGE=0 other=0
2026-10-02T12:32:16.764+08:00 CYCLE n=600 label=set start=2026-10-02T12:32:13.750+08:00 sets=[mon0=A@+0.5ms/2.0ms/hr=0x00000000 mon1=B@+2.8ms/1.5ms/hr=0x00000000] window_ms=3005 total=0 WM_SETTINGCHANGE=0 WM_DISPLAYCHANGE=0 WM_THEMECHANGED=0 WM_DWMCOLORIZATIONCOLORCHANGED=0 WM_SYSCOLORCHANGE=0 other=0
2026-10-02T12:32:26.809+08:00 CYCLE n=601 label=set start=2026-10-02T12:32:23.787+08:00 sets=[mon0=B@+0.5ms/1.5ms/hr=0x00000000 mon1=A@+9.6ms/1.3ms/hr=0x00000000] window_ms=3011 total=0 WM_SETTINGCHANGE=0 WM_DISPLAYCHANGE=0 WM_THEMECHANGED=0 WM_DWMCOLORIZATIONCOLORCHANGED=0 WM_SYSCOLORCHANGE=0 other=0
2026-10-02T12:32:36.754+08:00 CYCLE n=602 label=set start=2026-10-02T12:32:33.733+08:00 sets=[mon0=A@+0.8ms/1.8ms/hr=0x00000000 mon1=B@+10.8ms/1.5ms/hr=0x00000000] window_ms=3013 total=0 WM_SETTINGCHANGE=0 WM_DISPLAYCHANGE=0 WM_THEMECHANGED=0 WM_DWMCOLORIZATIONCOLORCHANGED=0 WM_SYSCOLORCHANGE=0 other=0
2026-10-02T12:32:46.832+08:00 CYCLE n=603 label=set start=2026-10-02T12:32:43.814+08:00 sets=[mon0=B@+0.6ms/1.7ms/hr=0x00000000 mon1=A@+2.6ms/1.2ms/hr=0x00000000] window_ms=3004 total=0 WM_SETTINGCHANGE=0 WM_DISPLAYCHANGE=0 WM_THEMECHANGED=0 WM_DWMCOLORIZATIONCOLORCHANGED=0 WM_SYSCOLORCHANGE=0 other=0
2026-10-02T12:32:56.777+08:00 CYCLE n=604 label=set start=2026-10-02T12:32:53.755+08:00 sets=[mon0=A@+0.4ms/1.3ms/hr=0x00000000 mon1=B@+9.7ms/1.3ms/hr=0x00000000] window_ms=3012 total=0 WM_SETTINGCHANGE=0 WM_DISPLAYCHANGE=0 WM_THEMECHANGED=0 WM_DWMCOLORIZATIONCOLORCHANGED=0 WM_SYSCOLORCHANGE=0 other=0
2026-10-02T12:33:06.725+08:00 CYCLE n=605 label=set start=2026-10-02T12:33:03.702+08:00 sets=[mon0=B@+0.4ms/1.8ms/hr=0x00000000 mon1=A@+10.0ms/1.7ms/hr=0x00000000] window_ms=3012 total=0 WM_SETTINGCHANGE=0 WM_DISPLAYCHANGE=0 WM_THEMECHANGED=0 WM_DWMCOLORIZATIONCOLORCHANGED=0 WM_SYSCOLORCHANGE=0 other=0
2026-10-02T12:33:16.805+08:00 CYCLE n=606 label=set start=2026-10-02T12:33:13.790+08:00 sets=[mon0=A@+0.5ms/2.0ms/hr=0x00000000 mon1=B@+2.7ms/1.3ms/hr=0x00000000] window_ms=3004 total=0 WM_SETTINGCHANGE=0 WM_DISPLAYCHANGE=0 WM_THEMECHANGED=0 WM_DWMCOLORIZATIONCOLORCHANGED=0 WM_SYSCOLORCHANGE=0 other=0
2026-10-02T12:33:26.750+08:00 CYCLE n=607 label=set start=2026-10-02T12:33:23.730+08:00 sets=[mon0=B@+0.5ms/1.4ms/hr=0x00000000 mon1=A@+9.6ms/1.1ms/hr=0x00000000] window_ms=3011 total=0 WM_SETTINGCHANGE=0 WM_DISPLAYCHANGE=0 WM_THEMECHANGED=0 WM_DWMCOLORIZATIONCOLORCHANGED=0 WM_SYSCOLORCHANGE=0 other=0
2026-10-02T12:33:36.792+08:00 CYCLE n=608 label=set start=2026-10-02T12:33:33.777+08:00 sets=[mon0=A@+0.4ms/2.0ms/hr=0x00000000 mon1=B@+3.3ms/1.3ms/hr=0x00000000] window_ms=3005 total=0 WM_SETTINGCHANGE=0 WM_DISPLAYCHANGE=0 WM_THEMECHANGED=0 WM_DWMCOLORIZATIONCOLORCHANGED=0 WM_SYSCOLORCHANGE=0 other=0
2026-10-02T12:33:46.754+08:00 CYCLE n=609 label=set start=2026-10-02T12:33:43.740+08:00 sets=[mon0=B@+0.4ms/1.4ms/hr=0x00000000 mon1=A@+2.0ms/1.1ms/hr=0x00000000] window_ms=3003 total=0 WM_SETTINGCHANGE=0 WM_DISPLAYCHANGE=0 WM_THEMECHANGED=0 WM_DWMCOLORIZATIONCOLORCHANGED=0 WM_SYSCOLORCHANGE=0 other=0
2026-10-02T12:33:56.797+08:00 CYCLE n=610 label=set start=2026-10-02T12:33:53.777+08:00 sets=[mon0=A@+0.4ms/1.9ms/hr=0x00000000 mon1=B@+10.1ms/1.5ms/hr=0x00000000] window_ms=3012 total=0 WM_SETTINGCHANGE=0 WM_DISPLAYCHANGE=0 WM_THEMECHANGED=0 WM_DWMCOLORIZATIONCOLORCHANGED=0 WM_SYSCOLORCHANGE=0 other=0
2026-10-02T12:34:06.745+08:00 CYCLE n=611 label=set start=2026-10-02T12:34:03.723+08:00 sets=[mon0=B@+0.5ms/1.6ms/hr=0x00000000 mon1=A@+9.8ms/1.7ms/hr=0x00000000] window_ms=3012 total=0 WM_SETTINGCHANGE=0 WM_DISPLAYCHANGE=0 WM_THEMECHANGED=0 WM_DWMCOLORIZATIONCOLORCHANGED=0 WM_SYSCOLORCHANGE=0 other=0
2026-10-02T12:34:16.821+08:00 CYCLE n=612 label=set start=2026-10-02T12:34:13.807+08:00 sets=[mon0=A@+0.8ms/1.7ms/hr=0x00000000 mon1=B@+2.7ms/1.4ms/hr=0x00000000] window_ms=3004 total=0 WM_SETTINGCHANGE=0 WM_DISPLAYCHANGE=0 WM_THEMECHANGED=0 WM_DWMCOLORIZATIONCOLORCHANGED=0 WM_SYSCOLORCHANGE=0 other=0
2026-10-02T12:34:26.765+08:00 CYCLE n=613 label=set start=2026-10-02T12:34:23.746+08:00 sets=[mon0=B@+0.5ms/1.4ms/hr=0x00000000 mon1=A@+9.5ms/1.2ms/hr=0x00000000] window_ms=3011 total=0 WM_SETTINGCHANGE=0 WM_DISPLAYCHANGE=0 WM_THEMECHANGED=0 WM_DWMCOLORIZATIONCOLORCHANGED=0 WM_SYSCOLORCHANGE=0 other=0
2026-10-02T12:34:36.802+08:00 CYCLE n=614 label=set start=2026-10-02T12:34:33.787+08:00 sets=[mon0=A@+0.5ms/2.0ms/hr=0x00000000 mon1=B@+3.0ms/1.6ms/hr=0x00000000] window_ms=3005 total=0 WM_SETTINGCHANGE=0 WM_DISPLAYCHANGE=0 WM_THEMECHANGED=0 WM_DWMCOLORIZATIONCOLORCHANGED=0 WM_SYSCOLORCHANGE=0 other=0
2026-10-02T12:34:46.776+08:00 CYCLE n=615 label=set start=2026-10-02T12:34:43.763+08:00 sets=[mon0=B@+0.4ms/1.9ms/hr=0x00000000 mon1=A@+2.5ms/1.6ms/hr=0x00000000] window_ms=3004 total=0 WM_SETTINGCHANGE=0 WM_DISPLAYCHANGE=0 WM_THEMECHANGED=0 WM_DWMCOLORIZATIONCOLORCHANGED=0 WM_SYSCOLORCHANGE=0 other=0
2026-10-02T12:34:56.714+08:00 CYCLE n=616 label=set start=2026-10-02T12:34:53.700+08:00 sets=[mon0=A@+0.5ms/1.5ms/hr=0x00000000 mon1=B@+2.7ms/1.0ms/hr=0x00000000] window_ms=3004 total=0 WM_SETTINGCHANGE=0 WM_DISPLAYCHANGE=0 WM_THEMECHANGED=0 WM_DWMCOLORIZATIONCOLORCHANGED=0 WM_SYSCOLORCHANGE=0 other=0
2026-10-02T12:35:06.758+08:00 CYCLE n=617 label=set start=2026-10-02T12:35:03.742+08:00 sets=[mon0=B@+0.5ms/2.0ms/hr=0x00000000 mon1=A@+2.8ms/1.6ms/hr=0x00000000] window_ms=3005 total=0 WM_SETTINGCHANGE=0 WM_DISPLAYCHANGE=0 WM_THEMECHANGED=0 WM_DWMCOLORIZATIONCOLORCHANGED=0 WM_SYSCOLORCHANGE=0 other=0
2026-10-02T12:35:16.826+08:00 CYCLE n=618 label=set start=2026-10-02T12:35:13.810+08:00 sets=[mon0=A@+0.4ms/1.5ms/hr=0x00000000 mon1=B@+2.0ms/0.9ms/hr=0x00000000] window_ms=3003 total=0 WM_SETTINGCHANGE=0 WM_DISPLAYCHANGE=0 WM_THEMECHANGED=0 WM_DWMCOLORIZATIONCOLORCHANGED=0 WM_SYSCOLORCHANGE=0 other=0
2026-10-02T12:35:26.773+08:00 CYCLE n=619 label=set start=2026-10-02T12:35:23.752+08:00 sets=[mon0=B@+0.5ms/1.9ms/hr=0x00000000 mon1=A@+10.4ms/1.7ms/hr=0x00000000] window_ms=3013 total=0 WM_SETTINGCHANGE=0 WM_DISPLAYCHANGE=0 WM_THEMECHANGED=0 WM_DWMCOLORIZATIONCOLORCHANGED=0 WM_SYSCOLORCHANGE=0 other=0
2026-10-02T12:35:36.719+08:00 CYCLE n=620 label=set start=2026-10-02T12:35:33.695+08:00 sets=[mon0=A@+0.5ms/1.6ms/hr=0x00000000 mon1=B@+10.0ms/1.8ms/hr=0x00000000] window_ms=3012 total=0 WM_SETTINGCHANGE=0 WM_DISPLAYCHANGE=0 WM_THEMECHANGED=0 WM_DWMCOLORIZATIONCOLORCHANGED=0 WM_SYSCOLORCHANGE=0 other=0
2026-10-02T12:35:46.796+08:00 CYCLE n=621 label=set start=2026-10-02T12:35:43.780+08:00 sets=[mon0=B@+0.3ms/1.9ms/hr=0x00000000 mon1=A@+2.7ms/1.1ms/hr=0x00000000] window_ms=3004 total=0 WM_SETTINGCHANGE=0 WM_DISPLAYCHANGE=0 WM_THEMECHANGED=0 WM_DWMCOLORIZATIONCOLORCHANGED=0 WM_SYSCOLORCHANGE=0 other=0
2026-10-02T12:35:56.742+08:00 CYCLE n=622 label=set start=2026-10-02T12:35:53.719+08:00 sets=[mon0=A@+0.4ms/1.9ms/hr=0x00000000 mon1=B@+10.0ms/1.6ms/hr=0x00000000] window_ms=3012 total=0 WM_SETTINGCHANGE=0 WM_DISPLAYCHANGE=0 WM_THEMECHANGED=0 WM_DWMCOLORIZATIONCOLORCHANGED=0 WM_SYSCOLORCHANGE=0 other=0
2026-10-02T12:36:06.782+08:00 CYCLE n=623 label=set start=2026-10-02T12:36:03.767+08:00 sets=[mon0=B@+0.8ms/1.6ms/hr=0x00000000 mon1=A@+3.0ms/1.2ms/hr=0x00000000] window_ms=3004 total=0 WM_SETTINGCHANGE=0 WM_DISPLAYCHANGE=0 WM_THEMECHANGED=0 WM_DWMCOLORIZATIONCOLORCHANGED=0 WM_SYSCOLORCHANGE=0 other=0
2026-10-02T12:36:16.760+08:00 CYCLE n=624 label=set start=2026-10-02T12:36:13.745+08:00 sets=[mon0=A@+0.4ms/1.9ms/hr=0x00000000 mon1=B@+2.7ms/1.4ms/hr=0x00000000] window_ms=3005 total=0 WM_SETTINGCHANGE=0 WM_DISPLAYCHANGE=0 WM_THEMECHANGED=0 WM_DWMCOLORIZATIONCOLORCHANGED=0 WM_SYSCOLORCHANGE=0 other=0
2026-10-02T12:36:26.805+08:00 CYCLE n=625 label=set start=2026-10-02T12:36:23.784+08:00 sets=[mon0=B@+0.4ms/1.6ms/hr=0x00000000 mon1=A@+9.8ms/1.3ms/hr=0x00000000] window_ms=3011 total=0 WM_SETTINGCHANGE=0 WM_DISPLAYCHANGE=0 WM_THEMECHANGED=0 WM_DWMCOLORIZATIONCOLORCHANGED=0 WM_SYSCOLORCHANGE=0 other=0
2026-10-02T12:36:36.744+08:00 CYCLE n=626 label=set start=2026-10-02T12:36:33.729+08:00 sets=[mon0=A@+0.6ms/1.8ms/hr=0x00000000 mon1=B@+2.9ms/1.2ms/hr=0x00000000] window_ms=3004 total=0 WM_SETTINGCHANGE=0 WM_DISPLAYCHANGE=0 WM_THEMECHANGED=0 WM_DWMCOLORIZATIONCOLORCHANGED=0 WM_SYSCOLORCHANGE=0 other=0
2026-10-02T12:36:46.824+08:00 CYCLE n=627 label=set start=2026-10-02T12:36:43.808+08:00 sets=[mon0=B@+0.5ms/2.0ms/hr=0x00000000 mon1=A@+2.9ms/1.4ms/hr=0x00000000] window_ms=3005 total=0 WM_SETTINGCHANGE=0 WM_DISPLAYCHANGE=0 WM_THEMECHANGED=0 WM_DWMCOLORIZATIONCOLORCHANGED=0 WM_SYSCOLORCHANGE=0 other=0
2026-10-02T12:36:56.770+08:00 CYCLE n=628 label=set start=2026-10-02T12:36:53.748+08:00 sets=[mon0=A@+0.4ms/1.6ms/hr=0x00000000 mon1=B@+9.8ms/1.4ms/hr=0x00000000] window_ms=3011 total=0 WM_SETTINGCHANGE=0 WM_DISPLAYCHANGE=0 WM_THEMECHANGED=0 WM_DWMCOLORIZATIONCOLORCHANGED=0 WM_SYSCOLORCHANGE=0 other=0
2026-10-02T12:37:06.708+08:00 CYCLE n=629 label=set start=2026-10-02T12:37:03.695+08:00 sets=[mon0=B@+0.6ms/1.4ms/hr=0x00000000 mon1=A@+2.5ms/1.0ms/hr=0x00000000] window_ms=3004 total=0 WM_SETTINGCHANGE=0 WM_DISPLAYCHANGE=0 WM_THEMECHANGED=0 WM_DWMCOLORIZATIONCOLORCHANGED=0 WM_SYSCOLORCHANGE=0 other=0
2026-10-02T12:37:16.778+08:00 CYCLE n=630 label=set start=2026-10-02T12:37:13.763+08:00 sets=[mon0=A@+0.4ms/1.7ms/hr=0x00000000 mon1=B@+2.4ms/1.6ms/hr=0x00000000] window_ms=3004 total=0 WM_SETTINGCHANGE=0 WM_DISPLAYCHANGE=0 WM_THEMECHANGED=0 WM_DWMCOLORIZATIONCOLORCHANGED=0 WM_SYSCOLORCHANGE=0 other=0
2026-10-02T12:37:26.718+08:00 CYCLE n=631 label=set start=2026-10-02T12:37:23.701+08:00 sets=[mon0=B@+0.4ms/1.6ms/hr=0x00000000 mon1=A@+3.8ms/1.4ms/hr=0x00000000] window_ms=3006 total=0 WM_SETTINGCHANGE=0 WM_DISPLAYCHANGE=0 WM_THEMECHANGED=0 WM_DWMCOLORIZATIONCOLORCHANGED=0 WM_SYSCOLORCHANGE=0 other=0
2026-10-02T12:37:36.765+08:00 CYCLE n=632 label=set start=2026-10-02T12:37:33.742+08:00 sets=[mon0=A@+0.6ms/2.0ms/hr=0x00000000 mon1=B@+10.5ms/1.6ms/hr=0x00000000] window_ms=3012 total=0 WM_SETTINGCHANGE=0 WM_DISPLAYCHANGE=0 WM_THEMECHANGED=0 WM_DWMCOLORIZATIONCOLORCHANGED=0 WM_SYSCOLORCHANGE=0 other=0
2026-10-02T12:37:46.740+08:00 CYCLE n=633 label=set start=2026-10-02T12:37:43.724+08:00 sets=[mon0=B@+0.5ms/1.8ms/hr=0x00000000 mon1=A@+2.8ms/1.5ms/hr=0x00000000] window_ms=3005 total=0 WM_SETTINGCHANGE=0 WM_DISPLAYCHANGE=0 WM_THEMECHANGED=0 WM_DWMCOLORIZATIONCOLORCHANGED=0 WM_SYSCOLORCHANGE=0 other=0
2026-10-02T12:37:56.790+08:00 CYCLE n=634 label=set start=2026-10-02T12:37:53.765+08:00 sets=[mon0=A@+1.1ms/2.5ms/hr=0x00000000 mon1=B@+11.7ms/2.0ms/hr=0x00000000] window_ms=3014 total=0 WM_SETTINGCHANGE=0 WM_DISPLAYCHANGE=0 WM_THEMECHANGED=0 WM_DWMCOLORIZATIONCOLORCHANGED=0 WM_SYSCOLORCHANGE=0 other=0
2026-10-02T12:38:06.732+08:00 CYCLE n=635 label=set start=2026-10-02T12:38:03.715+08:00 sets=[mon0=B@+1.1ms/2.2ms/hr=0x00000000 mon1=A@+3.8ms/1.3ms/hr=0x00000000] window_ms=3006 total=0 WM_SETTINGCHANGE=0 WM_DISPLAYCHANGE=0 WM_THEMECHANGED=0 WM_DWMCOLORIZATIONCOLORCHANGED=0 WM_SYSCOLORCHANGE=0 other=0
2026-10-02T12:38:16.808+08:00 CYCLE n=636 label=set start=2026-10-02T12:38:13.792+08:00 sets=[mon0=A@+0.5ms/1.8ms/hr=0x00000000 mon1=B@+2.7ms/1.2ms/hr=0x00000000] window_ms=3004 total=0 WM_SETTINGCHANGE=0 WM_DISPLAYCHANGE=0 WM_THEMECHANGED=0 WM_DWMCOLORIZATIONCOLORCHANGED=0 WM_SYSCOLORCHANGE=0 other=0
2026-10-02T12:38:26.745+08:00 CYCLE n=637 label=set start=2026-10-02T12:38:23.730+08:00 sets=[mon0=B@+0.5ms/1.9ms/hr=0x00000000 mon1=A@+2.9ms/1.7ms/hr=0x00000000] window_ms=3005 total=0 WM_SETTINGCHANGE=0 WM_DISPLAYCHANGE=0 WM_THEMECHANGED=0 WM_DWMCOLORIZATIONCOLORCHANGED=0 WM_SYSCOLORCHANGE=0 other=0
2026-10-02T12:38:36.790+08:00 CYCLE n=638 label=set start=2026-10-02T12:38:33.770+08:00 sets=[mon0=A@+0.5ms/1.3ms/hr=0x00000000 mon1=B@+9.4ms/1.2ms/hr=0x00000000] window_ms=3011 total=0 WM_SETTINGCHANGE=0 WM_DISPLAYCHANGE=0 WM_THEMECHANGED=0 WM_DWMCOLORIZATIONCOLORCHANGED=0 WM_SYSCOLORCHANGE=0 other=0
2026-10-02T12:38:46.753+08:00 CYCLE n=639 label=set start=2026-10-02T12:38:43.740+08:00 sets=[mon0=B@+0.3ms/1.7ms/hr=0x00000000 mon1=A@+2.2ms/1.1ms/hr=0x00000000] window_ms=3004 total=0 WM_SETTINGCHANGE=0 WM_DISPLAYCHANGE=0 WM_THEMECHANGED=0 WM_DWMCOLORIZATIONCOLORCHANGED=0 WM_SYSCOLORCHANGE=0 other=0
2026-10-02T12:38:56.799+08:00 CYCLE n=640 label=set start=2026-10-02T12:38:53.776+08:00 sets=[mon0=A@+0.7ms/1.6ms/hr=0x00000000 mon1=B@+10.4ms/2.8ms/hr=0x00000000] window_ms=3013 total=0 WM_SETTINGCHANGE=0 WM_DISPLAYCHANGE=0 WM_THEMECHANGED=0 WM_DWMCOLORIZATIONCOLORCHANGED=0 WM_SYSCOLORCHANGE=0 other=0
2026-10-02T12:39:06.744+08:00 CYCLE n=641 label=set start=2026-10-02T12:39:03.721+08:00 sets=[mon0=B@+0.5ms/1.6ms/hr=0x00000000 mon1=A@+9.8ms/1.5ms/hr=0x00000000] window_ms=3011 total=0 WM_SETTINGCHANGE=0 WM_DISPLAYCHANGE=0 WM_THEMECHANGED=0 WM_DWMCOLORIZATIONCOLORCHANGED=0 WM_SYSCOLORCHANGE=0 other=0
2026-10-02T12:39:16.808+08:00 CYCLE n=642 label=set start=2026-10-02T12:39:13.795+08:00 sets=[mon0=A@+0.4ms/1.4ms/hr=0x00000000 mon1=B@+2.0ms/1.0ms/hr=0x00000000] window_ms=3003 total=0 WM_SETTINGCHANGE=0 WM_DISPLAYCHANGE=0 WM_THEMECHANGED=0 WM_DWMCOLORIZATIONCOLORCHANGED=0 WM_SYSCOLORCHANGE=0 other=0
2026-10-02T12:39:26.755+08:00 CYCLE n=643 label=set start=2026-10-02T12:39:23.733+08:00 sets=[mon0=B@+0.5ms/2.0ms/hr=0x00000000 mon1=A@+10.2ms/1.3ms/hr=0x00000000] window_ms=3012 total=0 WM_SETTINGCHANGE=0 WM_DISPLAYCHANGE=0 WM_THEMECHANGED=0 WM_DWMCOLORIZATIONCOLORCHANGED=0 WM_SYSCOLORCHANGE=0 other=0
2026-10-02T12:39:36.802+08:00 CYCLE n=644 label=set start=2026-10-02T12:39:33.778+08:00 sets=[mon0=A@+0.4ms/1.9ms/hr=0x00000000 mon1=B@+10.3ms/1.8ms/hr=0x00000000] window_ms=3012 total=0 WM_SETTINGCHANGE=0 WM_DISPLAYCHANGE=0 WM_THEMECHANGED=0 WM_DWMCOLORIZATIONCOLORCHANGED=0 WM_SYSCOLORCHANGE=0 other=0
2026-10-02T12:39:46.789+08:00 CYCLE n=645 label=set start=2026-10-02T12:39:43.766+08:00 sets=[mon0=B@+0.4ms/9.4ms/hr=0x00000000 mon1=A@+10.4ms/1.8ms/hr=0x00000000] window_ms=3012 total=0 WM_SETTINGCHANGE=0 WM_DISPLAYCHANGE=0 WM_THEMECHANGED=0 WM_DWMCOLORIZATIONCOLORCHANGED=0 WM_SYSCOLORCHANGE=0 other=0
2026-10-02T12:39:56.737+08:00 CYCLE n=646 label=set start=2026-10-02T12:39:53.713+08:00 sets=[mon0=A@+0.4ms/2.2ms/hr=0x00000000 mon1=B@+10.3ms/1.5ms/hr=0x00000000] window_ms=3012 total=0 WM_SETTINGCHANGE=0 WM_DISPLAYCHANGE=0 WM_THEMECHANGED=0 WM_DWMCOLORIZATIONCOLORCHANGED=0 WM_SYSCOLORCHANGE=0 other=0
2026-10-02T12:40:06.779+08:00 CYCLE n=647 label=set start=2026-10-02T12:40:03.762+08:00 sets=[mon0=B@+0.5ms/2.2ms/hr=0x00000000 mon1=A@+3.2ms/1.4ms/hr=0x00000000] window_ms=3005 total=0 WM_SETTINGCHANGE=0 WM_DISPLAYCHANGE=0 WM_THEMECHANGED=0 WM_DWMCOLORIZATIONCOLORCHANGED=0 WM_SYSCOLORCHANGE=0 other=0
2026-10-02T12:40:16.740+08:00 CYCLE n=648 label=set start=2026-10-02T12:40:13.725+08:00 sets=[mon0=A@+0.3ms/1.6ms/hr=0x00000000 mon1=B@+2.1ms/1.0ms/hr=0x00000000] window_ms=3003 total=0 WM_SETTINGCHANGE=0 WM_DISPLAYCHANGE=0 WM_THEMECHANGED=0 WM_DWMCOLORIZATIONCOLORCHANGED=0 WM_SYSCOLORCHANGE=0 other=0
2026-10-02T12:40:26.790+08:00 CYCLE n=649 label=set start=2026-10-02T12:40:23.766+08:00 sets=[mon0=B@+0.6ms/1.8ms/hr=0x00000000 mon1=A@+10.5ms/1.4ms/hr=0x00000000] window_ms=3012 total=0 WM_SETTINGCHANGE=0 WM_DISPLAYCHANGE=0 WM_THEMECHANGED=0 WM_DWMCOLORIZATIONCOLORCHANGED=0 WM_SYSCOLORCHANGE=0 other=0
2026-10-02T12:40:36.737+08:00 CYCLE n=650 label=set start=2026-10-02T12:40:33.714+08:00 sets=[mon0=A@+0.5ms/2.3ms/hr=0x00000000 mon1=B@+10.5ms/1.4ms/hr=0x00000000] window_ms=3012 total=0 WM_SETTINGCHANGE=0 WM_DISPLAYCHANGE=0 WM_THEMECHANGED=0 WM_DWMCOLORIZATIONCOLORCHANGED=0 WM_SYSCOLORCHANGE=0 other=0
2026-10-02T12:40:46.826+08:00 CYCLE n=651 label=set start=2026-10-02T12:40:43.804+08:00 sets=[mon0=B@+0.4ms/7.7ms/hr=0x00000000 mon1=A@+8.3ms/1.7ms/hr=0x00000000] window_ms=3010 total=0 WM_SETTINGCHANGE=0 WM_DISPLAYCHANGE=0 WM_THEMECHANGED=0 WM_DWMCOLORIZATIONCOLORCHANGED=0 WM_SYSCOLORCHANGE=0 other=0
2026-10-02T12:40:56.773+08:00 CYCLE n=652 label=set start=2026-10-02T12:40:53.751+08:00 sets=[mon0=A@+0.8ms/1.7ms/hr=0x00000000 mon1=B@+10.6ms/1.4ms/hr=0x00000000] window_ms=3013 total=0 WM_SETTINGCHANGE=0 WM_DISPLAYCHANGE=0 WM_THEMECHANGED=0 WM_DWMCOLORIZATIONCOLORCHANGED=0 WM_SYSCOLORCHANGE=0 other=0
2026-10-02T12:41:06.725+08:00 CYCLE n=653 label=set start=2026-10-02T12:41:03.700+08:00 sets=[mon0=B@+0.6ms/1.9ms/hr=0x00000000 mon1=A@+10.5ms/1.6ms/hr=0x00000000] window_ms=3012 total=0 WM_SETTINGCHANGE=0 WM_DISPLAYCHANGE=0 WM_THEMECHANGED=0 WM_DWMCOLORIZATIONCOLORCHANGED=0 WM_SYSCOLORCHANGE=0 other=0
2026-10-02T12:41:16.795+08:00 CYCLE n=654 label=set start=2026-10-02T12:41:13.779+08:00 sets=[mon0=A@+0.4ms/1.4ms/hr=0x00000000 mon1=B@+1.9ms/1.0ms/hr=0x00000000] window_ms=3003 total=0 WM_SETTINGCHANGE=0 WM_DISPLAYCHANGE=0 WM_THEMECHANGED=0 WM_DWMCOLORIZATIONCOLORCHANGED=0 WM_SYSCOLORCHANGE=0 other=0
2026-10-02T12:41:26.743+08:00 CYCLE n=655 label=set start=2026-10-02T12:41:23.719+08:00 sets=[mon0=B@+0.7ms/1.8ms/hr=0x00000000 mon1=A@+10.4ms/2.0ms/hr=0x00000000] window_ms=3013 total=0 WM_SETTINGCHANGE=0 WM_DISPLAYCHANGE=0 WM_THEMECHANGED=0 WM_DWMCOLORIZATIONCOLORCHANGED=0 WM_SYSCOLORCHANGE=0 other=0
2026-10-02T12:41:36.791+08:00 CYCLE n=656 label=set start=2026-10-02T12:41:33.769+08:00 sets=[mon0=A@+0.5ms/1.7ms/hr=0x00000000 mon1=B@+9.8ms/1.0ms/hr=0x00000000] window_ms=3011 total=0 WM_SETTINGCHANGE=0 WM_DISPLAYCHANGE=0 WM_THEMECHANGED=0 WM_DWMCOLORIZATIONCOLORCHANGED=0 WM_SYSCOLORCHANGE=0 other=0
2026-10-02T12:41:46.761+08:00 CYCLE n=657 label=set start=2026-10-02T12:41:43.744+08:00 sets=[mon0=B@+0.4ms/2.1ms/hr=0x00000000 mon1=A@+3.0ms/1.5ms/hr=0x00000000] window_ms=3005 total=0 WM_SETTINGCHANGE=0 WM_DISPLAYCHANGE=0 WM_THEMECHANGED=0 WM_DWMCOLORIZATIONCOLORCHANGED=0 WM_SYSCOLORCHANGE=0 other=0
2026-10-02T12:41:56.809+08:00 CYCLE n=658 label=set start=2026-10-02T12:41:53.787+08:00 sets=[mon0=A@+1.2ms/1.8ms/hr=0x00000000 mon1=B@+10.7ms/1.3ms/hr=0x00000000] window_ms=3012 total=0 WM_SETTINGCHANGE=0 WM_DISPLAYCHANGE=0 WM_THEMECHANGED=0 WM_DWMCOLORIZATIONCOLORCHANGED=0 WM_SYSCOLORCHANGE=0 other=0
2026-10-02T12:42:06.757+08:00 CYCLE n=659 label=set start=2026-10-02T12:42:03.733+08:00 sets=[mon0=B@+0.4ms/1.9ms/hr=0x00000000 mon1=A@+10.0ms/1.6ms/hr=0x00000000] window_ms=3012 total=0 WM_SETTINGCHANGE=0 WM_DISPLAYCHANGE=0 WM_THEMECHANGED=0 WM_DWMCOLORIZATIONCOLORCHANGED=0 WM_SYSCOLORCHANGE=0 other=0
2026-10-02T12:42:16.825+08:00 CYCLE n=660 label=set start=2026-10-02T12:42:13.811+08:00 sets=[mon0=A@+0.4ms/1.5ms/hr=0x00000000 mon1=B@+2.0ms/1.0ms/hr=0x00000000] window_ms=3003 total=0 WM_SETTINGCHANGE=0 WM_DISPLAYCHANGE=0 WM_THEMECHANGED=0 WM_DWMCOLORIZATIONCOLORCHANGED=0 WM_SYSCOLORCHANGE=0 other=0
2026-10-02T12:42:26.774+08:00 CYCLE n=661 label=set start=2026-10-02T12:42:23.750+08:00 sets=[mon0=B@+0.7ms/2.4ms/hr=0x00000000 mon1=A@+10.8ms/1.7ms/hr=0x00000000] window_ms=3013 total=0 WM_SETTINGCHANGE=0 WM_DISPLAYCHANGE=0 WM_THEMECHANGED=0 WM_DWMCOLORIZATIONCOLORCHANGED=0 WM_SYSCOLORCHANGE=0 other=0
2026-10-02T12:42:36.721+08:00 CYCLE n=662 label=set start=2026-10-02T12:42:33.697+08:00 sets=[mon0=A@+0.9ms/2.2ms/hr=0x00000000 mon1=B@+10.8ms/1.6ms/hr=0x00000000] window_ms=3013 total=0 WM_SETTINGCHANGE=0 WM_DISPLAYCHANGE=0 WM_THEMECHANGED=0 WM_DWMCOLORIZATIONCOLORCHANGED=0 WM_SYSCOLORCHANGE=0 other=0
2026-10-02T12:42:46.798+08:00 CYCLE n=663 label=set start=2026-10-02T12:42:43.784+08:00 sets=[mon0=B@+0.4ms/1.8ms/hr=0x00000000 mon1=A@+2.6ms/1.4ms/hr=0x00000000] window_ms=3004 total=0 WM_SETTINGCHANGE=0 WM_DISPLAYCHANGE=0 WM_THEMECHANGED=0 WM_DWMCOLORIZATIONCOLORCHANGED=0 WM_SYSCOLORCHANGE=0 other=0
2026-10-02T12:42:56.746+08:00 CYCLE n=664 label=set start=2026-10-02T12:42:53.723+08:00 sets=[mon0=A@+0.4ms/1.8ms/hr=0x00000000 mon1=B@+10.3ms/1.4ms/hr=0x00000000] window_ms=3012 total=0 WM_SETTINGCHANGE=0 WM_DISPLAYCHANGE=0 WM_THEMECHANGED=0 WM_DWMCOLORIZATIONCOLORCHANGED=0 WM_SYSCOLORCHANGE=0 other=0
2026-10-02T12:43:06.791+08:00 CYCLE n=665 label=set start=2026-10-02T12:43:03.770+08:00 sets=[mon0=B@+0.4ms/1.3ms/hr=0x00000000 mon1=A@+9.4ms/1.0ms/hr=0x00000000] window_ms=3011 total=0 WM_SETTINGCHANGE=0 WM_DISPLAYCHANGE=0 WM_THEMECHANGED=0 WM_DWMCOLORIZATIONCOLORCHANGED=0 WM_SYSCOLORCHANGE=0 other=0
2026-10-02T12:43:16.765+08:00 CYCLE n=666 label=set start=2026-10-02T12:43:13.750+08:00 sets=[mon0=A@+0.9ms/1.5ms/hr=0x00000000 mon1=B@+2.6ms/1.1ms/hr=0x00000000] window_ms=3004 total=0 WM_SETTINGCHANGE=0 WM_DISPLAYCHANGE=0 WM_THEMECHANGED=0 WM_DWMCOLORIZATIONCOLORCHANGED=0 WM_SYSCOLORCHANGE=0 other=0
2026-10-02T12:43:26.806+08:00 CYCLE n=667 label=set start=2026-10-02T12:43:23.789+08:00 sets=[mon0=B@+0.5ms/1.6ms/hr=0x00000000 mon1=A@+2.4ms/1.5ms/hr=0x00000000] window_ms=3005 total=0 WM_SETTINGCHANGE=0 WM_DISPLAYCHANGE=0 WM_THEMECHANGED=0 WM_DWMCOLORIZATIONCOLORCHANGED=0 WM_SYSCOLORCHANGE=0 other=0
2026-10-02T12:43:36.745+08:00 CYCLE n=668 label=set start=2026-10-02T12:43:33.729+08:00 sets=[mon0=A@+0.4ms/1.9ms/hr=0x00000000 mon1=B@+2.8ms/1.8ms/hr=0x00000000] window_ms=3005 total=0 WM_SETTINGCHANGE=0 WM_DISPLAYCHANGE=0 WM_THEMECHANGED=0 WM_DWMCOLORIZATIONCOLORCHANGED=0 WM_SYSCOLORCHANGE=0 other=0
2026-10-02T12:43:46.824+08:00 CYCLE n=669 label=set start=2026-10-02T12:43:43.809+08:00 sets=[mon0=B@+0.8ms/1.3ms/hr=0x00000000 mon1=A@+2.5ms/1.3ms/hr=0x00000000] window_ms=3004 total=0 WM_SETTINGCHANGE=0 WM_DISPLAYCHANGE=0 WM_THEMECHANGED=0 WM_DWMCOLORIZATIONCOLORCHANGED=0 WM_SYSCOLORCHANGE=0 other=0
2026-10-02T12:43:56.769+08:00 CYCLE n=670 label=set start=2026-10-02T12:43:53.748+08:00 sets=[mon0=A@+0.4ms/1.6ms/hr=0x00000000 mon1=B@+9.9ms/1.2ms/hr=0x00000000] window_ms=3011 total=0 WM_SETTINGCHANGE=0 WM_DISPLAYCHANGE=0 WM_THEMECHANGED=0 WM_DWMCOLORIZATIONCOLORCHANGED=0 WM_SYSCOLORCHANGE=0 other=0
2026-10-02T12:44:06.812+08:00 CYCLE n=671 label=set start=2026-10-02T12:44:03.791+08:00 sets=[mon0=B@+0.5ms/1.2ms/hr=0x00000000 mon1=A@+9.5ms/1.3ms/hr=0x00000000] window_ms=3011 total=0 WM_SETTINGCHANGE=0 WM_DISPLAYCHANGE=0 WM_THEMECHANGED=0 WM_DWMCOLORIZATIONCOLORCHANGED=0 WM_SYSCOLORCHANGE=0 other=0
2026-10-02T12:44:16.790+08:00 CYCLE n=672 label=set start=2026-10-02T12:44:13.775+08:00 sets=[mon0=A@+0.4ms/1.8ms/hr=0x00000000 mon1=B@+2.4ms/1.1ms/hr=0x00000000] window_ms=3004 total=0 WM_SETTINGCHANGE=0 WM_DISPLAYCHANGE=0 WM_THEMECHANGED=0 WM_DWMCOLORIZATIONCOLORCHANGED=0 WM_SYSCOLORCHANGE=0 other=0
2026-10-02T12:44:26.732+08:00 CYCLE n=673 label=set start=2026-10-02T12:44:23.711+08:00 sets=[mon0=B@+0.4ms/1.4ms/hr=0x00000000 mon1=A@+9.6ms/1.1ms/hr=0x00000000] window_ms=3011 total=0 WM_SETTINGCHANGE=0 WM_DISPLAYCHANGE=0 WM_THEMECHANGED=0 WM_DWMCOLORIZATIONCOLORCHANGED=0 WM_SYSCOLORCHANGE=0 other=0
2026-10-02T12:44:36.773+08:00 CYCLE n=674 label=set start=2026-10-02T12:44:33.753+08:00 sets=[mon0=A@+0.6ms/1.8ms/hr=0x00000000 mon1=B@+10.3ms/1.8ms/hr=0x00000000] window_ms=3012 total=0 WM_SETTINGCHANGE=0 WM_DISPLAYCHANGE=0 WM_THEMECHANGED=0 WM_DWMCOLORIZATIONCOLORCHANGED=0 WM_SYSCOLORCHANGE=0 other=0
2026-10-02T12:44:46.753+08:00 CYCLE n=675 label=set start=2026-10-02T12:44:43.738+08:00 sets=[mon0=B@+0.4ms/1.6ms/hr=0x00000000 mon1=A@+2.3ms/1.8ms/hr=0x00000000] window_ms=3004 total=0 WM_SETTINGCHANGE=0 WM_DISPLAYCHANGE=0 WM_THEMECHANGED=0 WM_DWMCOLORIZATIONCOLORCHANGED=0 WM_SYSCOLORCHANGE=0 other=0
2026-10-02T12:44:56.800+08:00 CYCLE n=676 label=set start=2026-10-02T12:44:53.778+08:00 sets=[mon0=A@+0.5ms/2.0ms/hr=0x00000000 mon1=B@+10.7ms/1.4ms/hr=0x00000000] window_ms=3012 total=0 WM_SETTINGCHANGE=0 WM_DISPLAYCHANGE=0 WM_THEMECHANGED=0 WM_DWMCOLORIZATIONCOLORCHANGED=0 WM_SYSCOLORCHANGE=0 other=0
2026-10-02T12:45:06.737+08:00 CYCLE n=677 label=set start=2026-10-02T12:45:03.721+08:00 sets=[mon0=B@+1.9ms/2.2ms/hr=0x00000000 mon1=A@+4.7ms/1.6ms/hr=0x00000000] window_ms=3007 total=0 WM_SETTINGCHANGE=0 WM_DISPLAYCHANGE=0 WM_THEMECHANGED=0 WM_DWMCOLORIZATIONCOLORCHANGED=0 WM_SYSCOLORCHANGE=0 other=0
2026-10-02T12:45:16.805+08:00 CYCLE n=678 label=set start=2026-10-02T12:45:13.791+08:00 sets=[mon0=A@+0.5ms/1.9ms/hr=0x00000000 mon1=B@+2.5ms/1.4ms/hr=0x00000000] window_ms=3004 total=0 WM_SETTINGCHANGE=0 WM_DISPLAYCHANGE=0 WM_THEMECHANGED=0 WM_DWMCOLORIZATIONCOLORCHANGED=0 WM_SYSCOLORCHANGE=0 other=0
2026-10-02T12:45:26.742+08:00 CYCLE n=679 label=set start=2026-10-02T12:45:23.727+08:00 sets=[mon0=B@+0.7ms/1.8ms/hr=0x00000000 mon1=A@+3.2ms/1.7ms/hr=0x00000000] window_ms=3005 total=0 WM_SETTINGCHANGE=0 WM_DISPLAYCHANGE=0 WM_THEMECHANGED=0 WM_DWMCOLORIZATIONCOLORCHANGED=0 WM_SYSCOLORCHANGE=0 other=0
2026-10-02T12:45:36.777+08:00 CYCLE n=680 label=set start=2026-10-02T12:45:33.763+08:00 sets=[mon0=A@+0.4ms/1.6ms/hr=0x00000000 mon1=B@+2.5ms/1.2ms/hr=0x00000000] window_ms=3004 total=0 WM_SETTINGCHANGE=0 WM_DISPLAYCHANGE=0 WM_THEMECHANGED=0 WM_DWMCOLORIZATIONCOLORCHANGED=0 WM_SYSCOLORCHANGE=0 other=0
2026-10-02T12:45:46.749+08:00 CYCLE n=681 label=set start=2026-10-02T12:45:43.734+08:00 sets=[mon0=B@+0.4ms/1.8ms/hr=0x00000000 mon1=A@+2.4ms/1.5ms/hr=0x00000000] window_ms=3004 total=0 WM_SETTINGCHANGE=0 WM_DISPLAYCHANGE=0 WM_THEMECHANGED=0 WM_DWMCOLORIZATIONCOLORCHANGED=0 WM_SYSCOLORCHANGE=0 other=0
2026-10-02T12:45:56.800+08:00 CYCLE n=682 label=set start=2026-10-02T12:45:53.778+08:00 sets=[mon0=A@+0.7ms/2.3ms/hr=0x00000000 mon1=B@+10.9ms/1.3ms/hr=0x00000000] window_ms=3012 total=0 WM_SETTINGCHANGE=0 WM_DISPLAYCHANGE=0 WM_THEMECHANGED=0 WM_DWMCOLORIZATIONCOLORCHANGED=0 WM_SYSCOLORCHANGE=0 other=0
2026-10-02T12:46:06.737+08:00 CYCLE n=683 label=set start=2026-10-02T12:46:03.723+08:00 sets=[mon0=B@+0.5ms/1.5ms/hr=0x00000000 mon1=A@+2.5ms/1.3ms/hr=0x00000000] window_ms=3004 total=0 WM_SETTINGCHANGE=0 WM_DISPLAYCHANGE=0 WM_THEMECHANGED=0 WM_DWMCOLORIZATIONCOLORCHANGED=0 WM_SYSCOLORCHANGE=0 other=0
2026-10-02T12:46:16.799+08:00 CYCLE n=684 label=set start=2026-10-02T12:46:13.785+08:00 sets=[mon0=A@+0.5ms/1.3ms/hr=0x00000000 mon1=B@+2.1ms/1.2ms/hr=0x00000000] window_ms=3004 total=0 WM_SETTINGCHANGE=0 WM_DISPLAYCHANGE=0 WM_THEMECHANGED=0 WM_DWMCOLORIZATIONCOLORCHANGED=0 WM_SYSCOLORCHANGE=0 other=0
2026-10-02T12:46:26.743+08:00 CYCLE n=685 label=set start=2026-10-02T12:46:23.723+08:00 sets=[mon0=B@+0.8ms/2.1ms/hr=0x00000000 mon1=A@+10.7ms/1.5ms/hr=0x00000000] window_ms=3012 total=0 WM_SETTINGCHANGE=0 WM_DISPLAYCHANGE=0 WM_THEMECHANGED=0 WM_DWMCOLORIZATIONCOLORCHANGED=0 WM_SYSCOLORCHANGE=0 other=0
2026-10-02T12:46:36.787+08:00 CYCLE n=686 label=set start=2026-10-02T12:46:33.765+08:00 sets=[mon0=A@+0.7ms/1.9ms/hr=0x00000000 mon1=B@+10.6ms/1.5ms/hr=0x00000000] window_ms=3012 total=0 WM_SETTINGCHANGE=0 WM_DISPLAYCHANGE=0 WM_THEMECHANGED=0 WM_DWMCOLORIZATIONCOLORCHANGED=0 WM_SYSCOLORCHANGE=0 other=0
2026-10-02T12:46:46.759+08:00 CYCLE n=687 label=set start=2026-10-02T12:46:43.743+08:00 sets=[mon0=B@+0.5ms/1.6ms/hr=0x00000000 mon1=A@+2.4ms/1.2ms/hr=0x00000000] window_ms=3004 total=0 WM_SETTINGCHANGE=0 WM_DISPLAYCHANGE=0 WM_THEMECHANGED=0 WM_DWMCOLORIZATIONCOLORCHANGED=0 WM_SYSCOLORCHANGE=0 other=0
2026-10-02T12:46:56.806+08:00 CYCLE n=688 label=set start=2026-10-02T12:46:53.782+08:00 sets=[mon0=A@+1.0ms/2.6ms/hr=0x00000000 mon1=B@+11.4ms/1.2ms/hr=0x00000000] window_ms=3013 total=0 WM_SETTINGCHANGE=0 WM_DISPLAYCHANGE=0 WM_THEMECHANGED=0 WM_DWMCOLORIZATIONCOLORCHANGED=0 WM_SYSCOLORCHANGE=0 other=0
2026-10-02T12:47:06.747+08:00 CYCLE n=689 label=set start=2026-10-02T12:47:03.733+08:00 sets=[mon0=B@+0.4ms/1.6ms/hr=0x00000000 mon1=A@+2.5ms/1.2ms/hr=0x00000000] window_ms=3004 total=0 WM_SETTINGCHANGE=0 WM_DISPLAYCHANGE=0 WM_THEMECHANGED=0 WM_DWMCOLORIZATIONCOLORCHANGED=0 WM_SYSCOLORCHANGE=0 other=0
2026-10-02T12:47:16.817+08:00 CYCLE n=690 label=set start=2026-10-02T12:47:13.801+08:00 sets=[mon0=A@+0.4ms/1.6ms/hr=0x00000000 mon1=B@+2.2ms/1.2ms/hr=0x00000000] window_ms=3004 total=0 WM_SETTINGCHANGE=0 WM_DISPLAYCHANGE=0 WM_THEMECHANGED=0 WM_DWMCOLORIZATIONCOLORCHANGED=0 WM_SYSCOLORCHANGE=0 other=0
2026-10-02T12:47:26.753+08:00 CYCLE n=691 label=set start=2026-10-02T12:47:23.740+08:00 sets=[mon0=B@+0.4ms/1.7ms/hr=0x00000000 mon1=A@+2.5ms/1.1ms/hr=0x00000000] window_ms=3004 total=0 WM_SETTINGCHANGE=0 WM_DISPLAYCHANGE=0 WM_THEMECHANGED=0 WM_DWMCOLORIZATIONCOLORCHANGED=0 WM_SYSCOLORCHANGE=0 other=0
2026-10-02T12:47:36.798+08:00 CYCLE n=692 label=set start=2026-10-02T12:47:33.777+08:00 sets=[mon0=A@+0.5ms/2.2ms/hr=0x00000000 mon1=B@+10.5ms/2.1ms/hr=0x00000000] window_ms=3013 total=0 WM_SETTINGCHANGE=0 WM_DISPLAYCHANGE=0 WM_THEMECHANGED=0 WM_DWMCOLORIZATIONCOLORCHANGED=0 WM_SYSCOLORCHANGE=0 other=0
2026-10-02T12:47:46.772+08:00 CYCLE n=693 label=set start=2026-10-02T12:47:43.758+08:00 sets=[mon0=B@+0.7ms/1.6ms/hr=0x00000000 mon1=A@+2.7ms/1.6ms/hr=0x00000000] window_ms=3005 total=0 WM_SETTINGCHANGE=0 WM_DISPLAYCHANGE=0 WM_THEMECHANGED=0 WM_DWMCOLORIZATIONCOLORCHANGED=0 WM_SYSCOLORCHANGE=0 other=0
2026-10-02T12:47:56.717+08:00 CYCLE n=694 label=set start=2026-10-02T12:47:53.695+08:00 sets=[mon0=A@+0.5ms/1.8ms/hr=0x00000000 mon1=B@+10.5ms/1.3ms/hr=0x00000000] window_ms=3012 total=0 WM_SETTINGCHANGE=0 WM_DISPLAYCHANGE=0 WM_THEMECHANGED=0 WM_DWMCOLORIZATIONCOLORCHANGED=0 WM_SYSCOLORCHANGE=0 other=0
2026-10-02T12:48:06.763+08:00 CYCLE n=695 label=set start=2026-10-02T12:48:03.742+08:00 sets=[mon0=B@+0.4ms/1.5ms/hr=0x00000000 mon1=A@+9.7ms/1.7ms/hr=0x00000000] window_ms=3012 total=0 WM_SETTINGCHANGE=0 WM_DISPLAYCHANGE=0 WM_THEMECHANGED=0 WM_DWMCOLORIZATIONCOLORCHANGED=0 WM_SYSCOLORCHANGE=0 other=0
2026-10-02T12:48:16.832+08:00 CYCLE n=696 label=set start=2026-10-02T12:48:13.819+08:00 sets=[mon0=A@+0.5ms/1.7ms/hr=0x00000000 mon1=B@+2.4ms/1.5ms/hr=0x00000000] window_ms=3004 total=0 WM_SETTINGCHANGE=0 WM_DISPLAYCHANGE=0 WM_THEMECHANGED=0 WM_DWMCOLORIZATIONCOLORCHANGED=0 WM_SYSCOLORCHANGE=0 other=0
2026-10-02T12:48:26.768+08:00 CYCLE n=697 label=set start=2026-10-02T12:48:23.755+08:00 sets=[mon0=B@+0.5ms/1.7ms/hr=0x00000000 mon1=A@+2.7ms/1.4ms/hr=0x00000000] window_ms=3004 total=0 WM_SETTINGCHANGE=0 WM_DISPLAYCHANGE=0 WM_THEMECHANGED=0 WM_DWMCOLORIZATIONCOLORCHANGED=0 WM_SYSCOLORCHANGE=0 other=0
2026-10-02T12:48:36.713+08:00 CYCLE n=698 label=set start=2026-10-02T12:48:33.693+08:00 sets=[mon0=A@+0.6ms/1.6ms/hr=0x00000000 mon1=B@+10.1ms/1.3ms/hr=0x00000000] window_ms=3012 total=0 WM_SETTINGCHANGE=0 WM_DISPLAYCHANGE=0 WM_THEMECHANGED=0 WM_DWMCOLORIZATIONCOLORCHANGED=0 WM_SYSCOLORCHANGE=0 other=0
2026-10-02T12:48:46.785+08:00 CYCLE n=699 label=set start=2026-10-02T12:48:43.771+08:00 sets=[mon0=B@+0.7ms/1.7ms/hr=0x00000000 mon1=A@+2.6ms/1.1ms/hr=0x00000000] window_ms=3004 total=0 WM_SETTINGCHANGE=0 WM_DISPLAYCHANGE=0 WM_THEMECHANGED=0 WM_DWMCOLORIZATIONCOLORCHANGED=0 WM_SYSCOLORCHANGE=0 other=0
2026-10-02T12:48:56.730+08:00 CYCLE n=700 label=set start=2026-10-02T12:48:53.708+08:00 sets=[mon0=A@+0.8ms/1.7ms/hr=0x00000000 mon1=B@+10.3ms/1.4ms/hr=0x00000000] window_ms=3012 total=0 WM_SETTINGCHANGE=0 WM_DISPLAYCHANGE=0 WM_THEMECHANGED=0 WM_DWMCOLORIZATIONCOLORCHANGED=0 WM_SYSCOLORCHANGE=0 other=0
2026-10-02T12:49:06.772+08:00 CYCLE n=701 label=set start=2026-10-02T12:49:03.751+08:00 sets=[mon0=B@+0.5ms/2.0ms/hr=0x00000000 mon1=A@+10.6ms/1.6ms/hr=0x00000000] window_ms=3012 total=0 WM_SETTINGCHANGE=0 WM_DISPLAYCHANGE=0 WM_THEMECHANGED=0 WM_DWMCOLORIZATIONCOLORCHANGED=0 WM_SYSCOLORCHANGE=0 other=0
2026-10-02T12:49:16.847+08:00 CYCLE n=702 label=set start=2026-10-02T12:49:13.832+08:00 sets=[mon0=A@+0.9ms/1.4ms/hr=0x00000000 mon1=B@+2.9ms/1.0ms/hr=0x00000000] window_ms=3004 total=0 WM_SETTINGCHANGE=0 WM_DISPLAYCHANGE=0 WM_THEMECHANGED=0 WM_DWMCOLORIZATIONCOLORCHANGED=0 WM_SYSCOLORCHANGE=0 other=0
2026-10-02T12:49:26.791+08:00 CYCLE n=703 label=set start=2026-10-02T12:49:23.769+08:00 sets=[mon0=B@+0.9ms/2.2ms/hr=0x00000000 mon1=A@+11.0ms/2.0ms/hr=0x00000000] window_ms=3013 total=0 WM_SETTINGCHANGE=0 WM_DISPLAYCHANGE=0 WM_THEMECHANGED=0 WM_DWMCOLORIZATIONCOLORCHANGED=0 WM_SYSCOLORCHANGE=0 other=0
2026-10-02T12:49:36.727+08:00 CYCLE n=704 label=set start=2026-10-02T12:49:33.712+08:00 sets=[mon0=A@+0.8ms/1.6ms/hr=0x00000000 mon1=B@+3.1ms/1.3ms/hr=0x00000000] window_ms=3005 total=0 WM_SETTINGCHANGE=0 WM_DISPLAYCHANGE=0 WM_THEMECHANGED=0 WM_DWMCOLORIZATIONCOLORCHANGED=0 WM_SYSCOLORCHANGE=0 other=0
2026-10-02T12:49:46.800+08:00 CYCLE n=705 label=set start=2026-10-02T12:49:43.786+08:00 sets=[mon0=B@+0.5ms/1.7ms/hr=0x00000000 mon1=A@+2.6ms/1.4ms/hr=0x00000000] window_ms=3004 total=0 WM_SETTINGCHANGE=0 WM_DISPLAYCHANGE=0 WM_THEMECHANGED=0 WM_DWMCOLORIZATIONCOLORCHANGED=0 WM_SYSCOLORCHANGE=0 other=0
2026-10-02T12:49:56.742+08:00 CYCLE n=706 label=set start=2026-10-02T12:49:53.722+08:00 sets=[mon0=A@+0.5ms/1.7ms/hr=0x00000000 mon1=B@+10.2ms/1.3ms/hr=0x00000000] window_ms=3012 total=0 WM_SETTINGCHANGE=0 WM_DISPLAYCHANGE=0 WM_THEMECHANGED=0 WM_DWMCOLORIZATIONCOLORCHANGED=0 WM_SYSCOLORCHANGE=0 other=0
2026-10-02T12:50:06.786+08:00 CYCLE n=707 label=set start=2026-10-02T12:50:03.763+08:00 sets=[mon0=B@+0.9ms/2.6ms/hr=0x00000000 mon1=A@+11.6ms/2.1ms/hr=0x00000000] window_ms=3014 total=0 WM_SETTINGCHANGE=0 WM_DISPLAYCHANGE=0 WM_THEMECHANGED=0 WM_DWMCOLORIZATIONCOLORCHANGED=0 WM_SYSCOLORCHANGE=0 other=0
2026-10-02T12:50:16.756+08:00 CYCLE n=708 label=set start=2026-10-02T12:50:13.743+08:00 sets=[mon0=A@+0.3ms/1.5ms/hr=0x00000000 mon1=B@+2.0ms/1.2ms/hr=0x00000000] window_ms=3003 total=0 WM_SETTINGCHANGE=0 WM_DISPLAYCHANGE=0 WM_THEMECHANGED=0 WM_DWMCOLORIZATIONCOLORCHANGED=0 WM_SYSCOLORCHANGE=0 other=0
2026-10-02T12:50:26.802+08:00 CYCLE n=709 label=set start=2026-10-02T12:50:23.781+08:00 sets=[mon0=B@+0.4ms/1.9ms/hr=0x00000000 mon1=A@+10.2ms/1.4ms/hr=0x00000000] window_ms=3012 total=0 WM_SETTINGCHANGE=0 WM_DISPLAYCHANGE=0 WM_THEMECHANGED=0 WM_DWMCOLORIZATIONCOLORCHANGED=0 WM_SYSCOLORCHANGE=0 other=0
2026-10-02T12:50:36.739+08:00 CYCLE n=710 label=set start=2026-10-02T12:50:33.725+08:00 sets=[mon0=A@+0.6ms/2.1ms/hr=0x00000000 mon1=B@+3.1ms/1.2ms/hr=0x00000000] window_ms=3004 total=0 WM_SETTINGCHANGE=0 WM_DISPLAYCHANGE=0 WM_THEMECHANGED=0 WM_DWMCOLORIZATIONCOLORCHANGED=0 WM_SYSCOLORCHANGE=0 other=0
2026-10-02T12:50:46.817+08:00 CYCLE n=711 label=set start=2026-10-02T12:50:43.804+08:00 sets=[mon0=B@+0.4ms/1.5ms/hr=0x00000000 mon1=A@+2.1ms/1.0ms/hr=0x00000000] window_ms=3003 total=0 WM_SETTINGCHANGE=0 WM_DISPLAYCHANGE=0 WM_THEMECHANGED=0 WM_DWMCOLORIZATIONCOLORCHANGED=0 WM_SYSCOLORCHANGE=0 other=0
2026-10-02T12:50:56.757+08:00 CYCLE n=712 label=set start=2026-10-02T12:50:53.735+08:00 sets=[mon0=A@+0.4ms/1.8ms/hr=0x00000000 mon1=B@+10.0ms/1.4ms/hr=0x00000000] window_ms=3012 total=0 WM_SETTINGCHANGE=0 WM_DISPLAYCHANGE=0 WM_THEMECHANGED=0 WM_DWMCOLORIZATIONCOLORCHANGED=0 WM_SYSCOLORCHANGE=0 other=0
2026-10-02T12:51:06.804+08:00 CYCLE n=713 label=set start=2026-10-02T12:51:03.780+08:00 sets=[mon0=B@+0.7ms/2.6ms/hr=0x00000000 mon1=A@+11.2ms/1.9ms/hr=0x00000000] window_ms=3013 total=0 WM_SETTINGCHANGE=0 WM_DISPLAYCHANGE=0 WM_THEMECHANGED=0 WM_DWMCOLORIZATIONCOLORCHANGED=0 WM_SYSCOLORCHANGE=0 other=0
2026-10-02T12:51:16.774+08:00 CYCLE n=714 label=set start=2026-10-02T12:51:13.760+08:00 sets=[mon0=A@+0.4ms/1.7ms/hr=0x00000000 mon1=B@+2.4ms/1.2ms/hr=0x00000000] window_ms=3004 total=0 WM_SETTINGCHANGE=0 WM_DISPLAYCHANGE=0 WM_THEMECHANGED=0 WM_DWMCOLORIZATIONCOLORCHANGED=0 WM_SYSCOLORCHANGE=0 other=0
2026-10-02T12:51:26.717+08:00 CYCLE n=715 label=set start=2026-10-02T12:51:23.696+08:00 sets=[mon0=B@+0.5ms/1.6ms/hr=0x00000000 mon1=A@+9.7ms/1.3ms/hr=0x00000000] window_ms=3011 total=0 WM_SETTINGCHANGE=0 WM_DISPLAYCHANGE=0 WM_THEMECHANGED=0 WM_DWMCOLORIZATIONCOLORCHANGED=0 WM_SYSCOLORCHANGE=0 other=0
2026-10-02T12:51:36.757+08:00 CYCLE n=716 label=set start=2026-10-02T12:51:33.739+08:00 sets=[mon0=A@+1.0ms/3.0ms/hr=0x00000000 mon1=B@+5.0ms/1.9ms/hr=0x00000000] window_ms=3007 total=0 WM_SETTINGCHANGE=0 WM_DISPLAYCHANGE=0 WM_THEMECHANGED=0 WM_DWMCOLORIZATIONCOLORCHANGED=0 WM_SYSCOLORCHANGE=0 other=0
2026-10-02T12:51:46.823+08:00 CYCLE n=717 label=set start=2026-10-02T12:51:43.807+08:00 sets=[mon0=B@+0.5ms/1.6ms/hr=0x00000000 mon1=A@+2.3ms/1.4ms/hr=0x00000000] window_ms=3004 total=0 WM_SETTINGCHANGE=0 WM_DISPLAYCHANGE=0 WM_THEMECHANGED=0 WM_DWMCOLORIZATIONCOLORCHANGED=0 WM_SYSCOLORCHANGE=0 other=0
2026-10-02T12:51:56.768+08:00 CYCLE n=718 label=set start=2026-10-02T12:51:53.748+08:00 sets=[mon0=A@+0.4ms/1.7ms/hr=0x00000000 mon1=B@+9.9ms/1.2ms/hr=0x00000000] window_ms=3011 total=0 WM_SETTINGCHANGE=0 WM_DISPLAYCHANGE=0 WM_THEMECHANGED=0 WM_DWMCOLORIZATIONCOLORCHANGED=0 WM_SYSCOLORCHANGE=0 other=0
2026-10-02T12:52:06.804+08:00 CYCLE n=719 label=set start=2026-10-02T12:52:03.789+08:00 sets=[mon0=B@+0.6ms/1.8ms/hr=0x00000000 mon1=A@+3.0ms/1.6ms/hr=0x00000000] window_ms=3005 total=0 WM_SETTINGCHANGE=0 WM_DISPLAYCHANGE=0 WM_THEMECHANGED=0 WM_DWMCOLORIZATIONCOLORCHANGED=0 WM_SYSCOLORCHANGE=0 other=0
2026-10-02T13:02:17.996+08:00 CYCLE n=720 label=restore start=2026-10-02T13:02:13.788+08:00 sets=[] window_ms=3708 total=0 WM_SETTINGCHANGE=0 WM_DISPLAYCHANGE=0 WM_THEMECHANGED=0 WM_DWMCOLORIZATIONCOLORCHANGED=0 WM_SYSCOLORCHANGE=0 other=0
2026-10-02T13:02:17.996+08:00 SUMMARY ===== 訊息計數摘要 =====
2026-10-02T13:02:17.996+08:00 SUMMARY phase=baseline approx_duration_s=600 all_received: WM_SETTINGCHANGE=1
2026-10-02T13:02:17.996+08:00 SUMMARY phase=setting approx_duration_s=7200 all_received: （無）
2026-10-02T13:02:17.996+08:00 SUMMARY phase=cooldown approx_duration_s=600 all_received: （無）
2026-10-02T13:02:17.996+08:00 SUMMARY phase=restore approx_duration_s=1 all_received: （無）
2026-10-02T13:02:17.996+08:00 SUMMARY 設桌布後視窗內（共 721 個週期，含還原週期 1；其中有收到任何訊息的週期 0）：（無）
2026-10-02T13:02:17.996+08:00 SUMMARY WM_SETTINGCHANGE lParam 字串（視窗內）：（無）
2026-10-02T13:02:17.996+08:00 SUMMARY WM_SETTINGCHANGE lParam 字串（視窗外）："fc-probe-control"×1
