ts,elapsed_s,phase,gap_s,locked,set_ok,set_fail,exp_pid,exp_pid_changed,exp_cpu_ms,exp_cpu_pct_1core,exp_ws_bytes,exp_private_bytes,exp_handles,exp_gdi,exp_gdi_peak,exp_user,exp_user_peak,self_cpu_ms,self_cpu_pct_1core,self_ws_bytes,self_private_bytes,self_handles,self_gdi,self_gdi_peak,self_user,self_user_peak,sample_kind,set_cycle,idle_s,exp_top_windows,exp_top_visible
2026-10-03T11:15:39.781+08:00,0.0,baseline,,0,0,0,104556,0,442187,,363589632,399118336,4519,991,1019,701,714,46,,15278080,1794048,153,0,1,5,5,periodic,,776.8,44,8
2026-10-03T11:15:49.833+08:00,10.1,baseline,10.1,0,0,0,104556,0,442234,0.47,364621824,400527360,4535,991,1019,701,714,78,0.31,16519168,1798144,153,0,1,5,5,periodic,,786.9,44,8
2026-10-03T11:15:59.796+08:00,20.0,baseline,10.0,0,0,0,104556,0,442234,0.00,364380160,400527360,4535,991,1019,701,714,93,0.16,16519168,1798144,153,0,1,5,5,periodic,,796.8,44,8
2026-10-03T11:16:09.865+08:00,30.1,baseline,10.1,0,0,0,104556,0,442234,0.00,364572672,400293888,4514,991,1019,697,714,125,0.31,16474112,1740800,152,0,1,5,5,periodic,,806.9,44,8
2026-10-03T11:16:19.821+08:00,40.0,baseline,10.0,0,0,0,104556,0,442250,0.16,364576768,400293888,4520,991,1019,699,714,156,0.31,16474112,1740800,152,0,1,5,5,periodic,,816.8,44,8
2026-10-03T11:16:29.884+08:00,50.1,baseline,10.1,0,0,0,104556,0,442250,0.00,364335104,400293888,4520,991,1019,699,714,187,0.31,16474112,1740800,152,0,1,5,5,periodic,,826.9,44,8
2026-10-03T11:16:39.853+08:00,60.1,baseline,10.0,0,0,0,104556,0,442250,0.00,364335104,400293888,4520,991,1019,699,714,234,0.47,16457728,1708032,152,0,1,5,5,periodic,,836.9,44,8
2026-10-03T11:16:49.816+08:00,70.0,baseline,10.0,0,0,0,104556,0,442250,0.00,364335104,400293888,4520,991,1019,699,714,281,0.47,16453632,1671168,150,0,1,5,5,periodic,,846.8,44,8
2026-10-03T11:16:59.880+08:00,80.1,baseline,10.1,0,0,0,104556,0,442250,0.00,364335104,400293888,4520,991,1019,699,714,328,0.47,16453632,1671168,150,0,1,5,5,periodic,,856.9,44,8
2026-10-03T11:17:09.836+08:00,90.1,baseline,10.0,0,0,0,104556,0,442250,0.00,364584960,400293888,4520,991,1019,699,714,359,0.31,16453632,1671168,150,0,1,5,5,periodic,,866.9,44,8
2026-10-03T11:17:19.800+08:00,100.0,baseline,10.0,0,0,0,104556,0,442250,0.00,364343296,400293888,4520,991,1019,699,714,390,0.31,16453632,1671168,150,0,1,5,5,periodic,,876.8,44,8
2026-10-03T11:17:29.865+08:00,110.1,baseline,10.1,0,0,0,104556,0,442250,0.00,364244992,399904768,4502,991,1019,697,714,421,0.31,16453632,1671168,150,0,1,5,5,periodic,,886.9,44,8
2026-10-03T11:17:39.828+08:00,120.0,baseline,10.0,0,0,0,104556,0,442250,0.00,364224512,399826944,4498,991,1019,696,714,453,0.31,16453632,1671168,150,0,1,5,5,periodic,,896.9,44,8
2026-10-03T11:17:49.787+08:00,130.0,baseline,10.0,0,0,0,104556,0,442265,0.16,364232704,400089088,4498,991,1019,696,714,484,0.31,16449536,1638400,146,0,1,5,5,periodic,,906.8,44,8
2026-10-03T11:17:59.845+08:00,140.1,baseline,10.1,0,0,0,104556,0,442296,0.31,364232704,400089088,4498,991,1019,696,714,531,0.47,16429056,1601536,144,0,1,5,5,periodic,,916.9,44,8
2026-10-03T11:18:09.808+08:00,150.0,baseline,10.0,0,0,0,104556,0,442328,0.31,361328640,394821632,4498,991,1019,695,714,546,0.16,16429056,1601536,144,0,1,5,5,periodic,,926.8,44,8
2026-10-03T11:18:19.876+08:00,160.1,baseline,10.1,0,0,0,104556,0,442328,0.00,361086976,394821632,4498,991,1019,695,714,578,0.31,16429056,1601536,144,0,1,5,5,periodic,,936.9,44,8
2026-10-03T11:18:29.837+08:00,170.1,baseline,10.0,0,0,0,104556,0,442343,0.16,361132032,394866688,4499,991,1019,697,714,609,0.31,16429056,1601536,144,0,1,5,5,periodic,,946.9,44,8
2026-10-03T11:18:39.796+08:00,180.0,baseline,10.0,0,0,0,104556,0,442421,0.78,361185280,394997760,4499,991,1019,696,714,640,0.31,16449536,1601536,144,0,1,5,5,periodic,,956.8,44,8
2026-10-03T11:18:49.854+08:00,190.1,baseline,10.1,0,0,0,104556,0,442421,0.00,361213952,395026432,4499,991,1019,696,714,671,0.31,16449536,1601536,144,0,1,5,5,periodic,,966.9,44,8
2026-10-03T11:18:59.815+08:00,200.0,baseline,10.0,0,0,0,104556,0,442421,0.00,361213952,395026432,4498,991,1019,696,714,703,0.31,16449536,1601536,144,0,1,5,5,periodic,,976.8,44,8
2026-10-03T11:19:09.885+08:00,210.1,baseline,10.1,0,0,0,104556,0,442437,0.16,361508864,395087872,4498,991,1019,696,714,734,0.31,16449536,1601536,144,0,1,5,5,periodic,,986.9,44,8
2026-10-03T11:19:19.840+08:00,220.1,baseline,10.0,0,0,0,104556,0,442453,0.16,361267200,395087872,4499,991,1019,697,714,781,0.47,16449536,1601536,144,0,1,5,5,periodic,,996.9,44,8
2026-10-03T11:19:29.803+08:00,230.0,baseline,10.0,0,0,0,104556,0,442484,0.31,361267200,395087872,4499,991,1019,696,714,812,0.31,16453632,1601536,144,0,1,5,5,periodic,,1006.8,44,8
2026-10-03T11:19:39.869+08:00,240.1,baseline,10.1,0,0,0,104556,0,442484,0.00,361267200,395087872,4499,991,1019,696,714,843,0.31,16453632,1601536,144,0,1,5,5,periodic,,1016.9,44,8
2026-10-03T11:19:49.830+08:00,250.0,baseline,10.0,0,0,0,104556,0,442500,0.16,361267200,395087872,4498,991,1019,696,714,875,0.31,16453632,1601536,144,0,1,5,5,periodic,,1026.9,44,8
2026-10-03T11:19:59.797+08:00,260.0,baseline,10.0,0,0,0,104556,0,442531,0.31,361365504,395186176,4498,991,1019,696,714,906,0.31,16453632,1601536,144,0,1,5,5,periodic,,1036.8,44,8
2026-10-03T11:20:09.865+08:00,270.1,baseline,10.1,0,0,0,104556,0,442562,0.31,361635840,395317248,4499,991,1019,697,714,937,0.31,16453632,1601536,144,0,1,5,5,periodic,,1046.9,44,8
2026-10-03T11:20:19.824+08:00,280.0,baseline,10.0,0,0,0,104556,0,442578,0.16,361377792,395235328,4493,991,1019,696,714,968,0.31,16457728,1601536,144,0,1,5,5,periodic,,1056.8,44,8
2026-10-03T11:20:29.888+08:00,290.1,baseline,10.1,0,0,0,104556,0,442593,0.16,361377792,395235328,4493,991,1019,696,714,1000,0.31,16457728,1601536,144,0,1,5,5,periodic,,1066.9,44,8
2026-10-03T11:20:39.856+08:00,300.1,baseline,10.0,0,0,0,104556,0,442593,0.00,361431040,395296768,4493,991,1019,696,714,1031,0.31,16605184,1671168,144,0,1,5,5,periodic,,1076.9,44,8
2026-10-03T11:20:49.810+08:00,310.0,baseline,10.0,0,0,0,104556,0,442593,0.00,361431040,395296768,4493,991,1019,696,714,1062,0.31,16605184,1671168,144,0,1,5,5,periodic,,1086.8,44,8
2026-10-03T11:20:59.871+08:00,320.1,baseline,10.1,0,0,0,104556,0,442593,0.00,361431040,395296768,4493,991,1019,696,714,1093,0.31,16605184,1671168,144,0,1,5,5,periodic,,1096.9,44,8
2026-10-03T11:21:09.838+08:00,330.0,baseline,10.0,0,0,0,104556,0,442609,0.16,361676800,395300864,4493,991,1019,696,714,1125,0.31,16605184,1671168,144,0,1,5,5,periodic,,1106.9,44,8
2026-10-03T11:21:19.793+08:00,340.0,baseline,10.0,0,0,0,104556,0,442609,0.00,361435136,395300864,4493,991,1019,696,714,1171,0.47,16605184,1671168,144,0,1,5,5,periodic,,1116.8,44,8
2026-10-03T11:21:29.862+08:00,350.1,baseline,10.1,0,0,0,104556,0,442625,0.16,361447424,395313152,4493,991,1019,696,714,1203,0.31,16605184,1671168,144,0,1,5,5,periodic,,1126.9,44,8
2026-10-03T11:21:39.828+08:00,360.0,baseline,10.0,0,0,0,104556,0,442625,0.00,361447424,395313152,4493,991,1019,696,714,1234,0.31,16605184,1671168,144,0,1,5,5,periodic,,1136.9,44,8
2026-10-03T11:21:49.816+08:00,370.0,baseline,10.0,0,0,0,104556,0,442640,0.16,361447424,395313152,4492,991,1019,697,714,1265,0.31,16666624,1740800,150,0,1,6,6,periodic,,1146.8,44,8
2026-10-03T11:21:59.885+08:00,380.1,baseline,10.1,0,0,0,104556,0,442640,0.00,361451520,395313152,4493,991,1019,697,714,1312,0.46,16666624,1740800,150,0,1,6,6,periodic,,1156.9,44,8
2026-10-03T11:22:09.842+08:00,390.1,baseline,10.0,0,0,0,104556,0,442656,0.16,361697280,395317248,4492,991,1019,697,714,1375,0.63,16670720,1740800,150,0,1,6,6,periodic,,1166.9,44,8
2026-10-03T11:22:19.804+08:00,400.0,baseline,10.0,0,0,0,104556,0,442656,0.00,361455616,395317248,4493,991,1019,697,714,1406,0.31,16670720,1740800,150,0,1,6,6,periodic,,1176.8,44,8
2026-10-03T11:22:29.859+08:00,410.1,baseline,10.1,0,0,0,104556,0,442656,0.00,361512960,395378688,4492,991,1019,696,714,1437,0.31,16629760,1675264,150,0,1,6,6,periodic,,1186.9,44,8
2026-10-03T11:22:39.826+08:00,420.0,baseline,10.0,0,0,0,104556,0,442671,0.16,361512960,395378688,4493,991,1019,697,714,1453,0.16,16629760,1675264,150,0,1,6,6,periodic,,1196.9,44,8
2026-10-03T11:22:49.893+08:00,430.1,baseline,10.1,0,0,0,104556,0,442671,0.00,361529344,395390976,4493,991,1019,696,714,1484,0.31,16633856,1679360,150,0,1,6,6,periodic,,1206.9,44,8
2026-10-03T11:22:59.860+08:00,440.1,baseline,10.0,0,0,0,104556,0,442687,0.16,361529344,395390976,4492,991,1019,697,714,1515,0.31,16633856,1679360,150,0,1,6,6,periodic,,1216.9,44,8
2026-10-03T11:23:09.829+08:00,450.0,baseline,10.0,0,0,0,104556,0,442687,0.00,361807872,395526144,4492,991,1019,696,714,1546,0.31,16633856,1679360,150,0,1,6,6,periodic,,1226.9,44,8
2026-10-03T11:23:19.795+08:00,460.0,baseline,10.0,0,0,0,104556,0,442687,0.00,361566208,395526144,4492,991,1019,697,714,1578,0.31,16633856,1679360,150,0,1,6,6,periodic,,1236.8,44,8
2026-10-03T11:23:29.863+08:00,470.1,baseline,10.1,0,0,0,104556,0,442687,0.00,361377792,395161600,4493,991,1019,697,714,1609,0.31,16596992,1605632,144,0,1,5,6,periodic,,1246.9,44,8
2026-10-03T11:23:39.824+08:00,480.0,baseline,10.0,0,0,0,104556,0,442687,0.00,361431040,395214848,4493,991,1019,697,714,1640,0.31,16596992,1605632,144,0,1,5,6,periodic,,1256.8,44,8
2026-10-03T11:23:49.886+08:00,490.1,baseline,10.1,0,0,0,104556,0,442687,0.00,361431040,395214848,4492,991,1019,696,714,1671,0.31,16596992,1605632,144,0,1,5,6,periodic,,1266.9,44,8
2026-10-03T11:23:59.848+08:00,500.1,baseline,10.0,0,0,0,104556,0,442687,0.00,361443328,395227136,4493,991,1019,697,714,1703,0.31,16596992,1605632,144,0,1,5,6,periodic,,1276.9,44,8
2026-10-03T11:24:09.804+08:00,510.0,baseline,10.0,0,0,0,104556,0,442703,0.16,361693184,395235328,4493,991,1019,697,714,1750,0.47,16601088,1605632,144,0,1,5,6,periodic,,1286.8,44,8
2026-10-03T11:24:19.871+08:00,520.1,baseline,10.1,0,0,0,104556,0,442703,0.00,361508864,395296768,4493,991,1019,697,714,1781,0.31,16601088,1605632,144,0,1,5,6,periodic,,1296.9,44,8
2026-10-03T11:24:29.841+08:00,530.0,baseline,10.0,0,0,0,104556,0,442703,0.00,361508864,395296768,4493,991,1019,697,714,1812,0.31,16601088,1605632,144,0,1,5,6,periodic,,1306.9,44,8
2026-10-03T11:24:39.836+08:00,540.0,baseline,10.0,0,0,0,104556,0,442734,0.31,361508864,395296768,4494,991,1019,697,714,1859,0.47,16601088,1605632,144,0,1,5,6,periodic,,1316.9,44,8
2026-10-03T11:24:49.801+08:00,550.0,baseline,10.0,0,0,0,104556,0,442734,0.00,361508864,395296768,4492,991,1019,697,714,1906,0.47,16601088,1605632,144,0,1,5,6,periodic,,1326.8,44,8
2026-10-03T11:24:59.871+08:00,560.1,baseline,10.1,0,0,0,104556,0,442750,0.16,361508864,395296768,4493,991,1019,697,714,1937,0.31,16601088,1605632,144,0,1,5,6,periodic,,1336.9,44,8
2026-10-03T11:25:09.843+08:00,570.0,baseline,10.0,0,0,0,104556,0,442750,0.00,361775104,395382784,4497,991,1019,696,714,1984,0.47,16601088,1605632,144,0,1,5,6,periodic,,1346.9,44,8
2026-10-03T11:25:19.796+08:00,580.0,baseline,10.0,0,0,0,104556,0,442765,0.16,361533440,395382784,4497,991,1019,697,714,2031,0.47,16601088,1605632,144,0,1,5,6,periodic,,1356.8,44,8
2026-10-03T11:25:29.862+08:00,590.1,baseline,10.1,0,0,0,104556,0,442781,0.16,361533440,395382784,4496,991,1019,696,714,2046,0.16,16601088,1605632,144,0,1,5,6,periodic,,1366.9,44,8
2026-10-03T11:25:44.848+08:00,605.1,setting,15.0,0,1,0,104556,0,443171,2.61,404480000,438951936,4509,993,1019,700,714,2093,0.31,16728064,1708032,146,0,1,5,6,post_set,0,1381.9,44,8
2026-10-03T11:25:54.800+08:00,615.0,setting,10.0,0,2,0,104556,0,443578,4.08,404410368,438865920,4509,993,1019,700,714,2125,0.31,16736256,1716224,146,0,1,5,6,post_set,1,1391.8,44,8
2026-10-03T11:26:04.861+08:00,625.1,setting,10.1,0,3,0,104556,0,443968,3.89,404815872,439013376,4509,993,1019,699,714,2140,0.16,16736256,1716224,146,0,1,5,6,post_set,2,1401.9,44,8
2026-10-03T11:26:14.826+08:00,635.0,setting,10.0,0,4,0,104556,0,444375,4.08,404729856,438923264,4510,993,1019,700,714,2187,0.47,16752640,1732608,146,0,1,5,6,post_set,3,1411.9,44,8
2026-10-03T11:26:24.893+08:00,645.1,setting,10.1,0,5,0,104556,0,444734,3.57,404606976,439042048,4510,993,1019,700,714,2218,0.31,16822272,1810432,146,0,1,5,6,post_set,4,1421.9,44,8
2026-10-03T11:26:34.852+08:00,655.1,setting,10.0,0,6,0,104556,0,445125,3.92,404492288,438923264,4509,993,1019,700,714,2265,0.47,16830464,1826816,146,0,1,5,6,post_set,5,1431.9,44,8
2026-10-03T11:26:44.817+08:00,665.0,setting,10.0,0,7,0,104556,0,445515,3.92,404619264,439046144,4511,993,1019,699,714,2296,0.31,16834560,1826816,146,0,1,5,6,post_set,6,1441.8,44,8
2026-10-03T11:26:54.901+08:00,675.1,setting,10.1,0,8,0,104556,0,446015,4.96,404525056,438947840,4512,993,1019,699,714,2328,0.31,16793600,1761280,146,0,1,5,6,post_set,7,1451.9,44,8
2026-10-03T11:27:04.878+08:00,685.1,setting,10.0,0,9,0,104556,0,446687,6.72,404942848,439123968,4511,993,1019,700,714,2375,0.47,16801792,1761280,146,0,1,5,6,post_set,8,1461.9,44,8
2026-10-03T11:27:14.847+08:00,695.1,setting,10.0,0,10,0,104556,0,447062,3.77,404885504,439050240,4513,993,1019,700,714,2390,0.16,16801792,1761280,146,0,1,5,6,post_set,9,1471.9,44,8
2026-10-03T11:27:24.813+08:00,705.0,setting,10.0,0,11,0,104556,0,447468,4.07,404807680,439214080,4511,993,1019,700,714,2421,0.31,16924672,1896448,146,0,1,5,6,post_set,10,1481.8,44,8
2026-10-03T11:27:34.876+08:00,715.1,setting,10.1,0,12,0,104556,0,447875,4.04,404688896,439095296,4511,993,1019,700,714,2453,0.31,16924672,1896448,146,0,1,5,6,post_set,11,1491.9,44,8
2026-10-03T11:27:44.837+08:00,725.1,setting,10.0,0,13,0,104556,0,448281,4.08,404819968,439226368,4513,993,1019,700,714,2484,0.31,16924672,1896448,146,0,1,5,6,post_set,12,1501.9,44,8
2026-10-03T11:27:54.898+08:00,735.1,setting,10.1,0,14,0,104556,0,448687,4.04,404701184,439107584,4513,993,1019,700,714,2500,0.16,16924672,1896448,146,0,1,5,6,post_set,13,1511.9,44,8
2026-10-03T11:28:04.867+08:00,745.1,setting,10.0,0,15,0,104556,0,449078,3.92,405061632,439226368,4513,993,1019,700,714,2515,0.16,16924672,1896448,146,0,1,5,6,post_set,14,1521.9,44,8
2026-10-03T11:28:14.849+08:00,755.0,setting,10.0,0,16,0,104556,0,449484,4.07,404942848,439107584,4512,993,1019,699,714,2546,0.31,16924672,1896448,146,0,1,5,6,post_set,15,1531.9,44,8
2026-10-03T11:28:24.828+08:00,765.0,setting,10.0,0,17,0,104556,0,449875,3.91,404819968,439226368,4511,993,1019,700,714,2593,0.47,16924672,1896448,146,0,1,5,6,post_set,16,1541.9,44,8
2026-10-03T11:28:34.897+08:00,775.1,setting,10.1,0,18,0,104556,0,450312,4.34,403951616,438411264,4511,993,1019,699,714,2640,0.47,16932864,1896448,146,0,1,5,6,post_set,17,1551.9,44,8
2026-10-03T11:28:44.863+08:00,785.1,setting,10.0,0,19,0,104556,0,450765,4.55,404086784,438480896,4504,993,1019,698,714,2671,0.31,16932864,1896448,146,0,1,5,6,post_set,18,1561.9,44,8
2026-10-03T11:28:54.825+08:00,795.0,setting,10.0,0,20,0,104556,0,451156,3.92,404008960,438390784,4505,993,1019,699,714,2703,0.31,16932864,1896448,146,0,1,5,6,post_set,19,1571.8,44,8
2026-10-03T11:29:04.891+08:00,805.1,setting,10.1,0,21,0,104556,0,451593,4.35,404381696,438509568,4505,993,1019,698,714,2734,0.31,16932864,1896448,146,0,1,5,6,post_set,20,1581.9,44,8
2026-10-03T11:29:14.849+08:00,815.1,setting,10.0,0,22,0,104556,0,452000,4.08,404332544,438464512,4504,993,1019,699,714,2765,0.31,16932864,1896448,146,0,1,5,6,post_set,21,1591.9,44,8
2026-10-03T11:29:24.816+08:00,825.0,setting,10.0,0,23,0,104556,0,452375,3.77,404209664,438583296,4504,993,1019,699,714,2781,0.16,16932864,1896448,146,0,1,5,6,post_set,22,1601.8,44,8
2026-10-03T11:29:34.869+08:00,835.1,setting,10.1,0,24,0,104556,0,452781,4.04,404107264,438476800,4504,993,1019,698,714,2812,0.31,16932864,1896448,146,0,1,5,6,post_set,23,1611.9,44,8
2026-10-03T11:29:44.839+08:00,845.0,setting,10.0,0,25,0,104556,0,453203,4.24,404226048,438595584,4504,993,1019,699,714,2843,0.31,16932864,1896448,146,0,1,5,6,post_set,24,1621.9,44,8
2026-10-03T11:29:54.907+08:00,855.1,setting,10.1,0,26,0,104556,0,453625,4.19,404107264,438476800,4504,993,1019,699,714,2890,0.47,16936960,1896448,146,0,1,5,6,post_set,25,1631.9,44,8
2026-10-03T11:30:04.872+08:00,865.1,setting,10.0,0,27,0,104556,0,454031,4.07,404467712,438595584,4505,993,1019,699,714,2921,0.31,16936960,1896448,146,0,1,5,6,post_set,26,1641.9,44,8
2026-10-03T11:30:14.831+08:00,875.0,setting,10.0,0,28,0,104556,0,454453,4.23,404353024,438476800,4505,993,1019,699,714,2937,0.16,16936960,1896448,146,0,1,5,6,post_set,27,1651.9,44,8
2026-10-03T11:30:24.894+08:00,885.1,setting,10.1,0,29,0,104556,0,454875,4.20,404234240,438595584,4504,993,1019,698,714,2953,0.16,16936960,1896448,146,0,1,5,6,post_set,28,1661.9,44,8
2026-10-03T11:30:34.864+08:00,895.1,setting,10.0,0,30,0,104556,0,455328,4.55,404115456,438476800,4505,993,1019,698,714,2984,0.31,16936960,1896448,146,0,1,5,6,post_set,29,1671.9,44,8
2026-10-03T11:30:44.837+08:00,905.0,setting,10.0,0,31,0,104556,0,455734,4.07,404295680,438657024,4505,993,1019,699,714,3015,0.31,16936960,1896448,146,0,1,5,6,post_set,30,1681.9,44,8
2026-10-03T11:30:54.941+08:00,915.1,setting,10.1,0,32,0,104556,0,456125,3.87,404185088,438538240,4504,993,1019,699,714,3046,0.31,16936960,1896448,146,0,1,5,6,post_set,31,1692.0,44,8
2026-10-03T11:31:04.910+08:00,925.1,setting,10.0,0,33,0,104556,0,456546,4.23,404615168,438734848,4505,993,1019,699,714,3093,0.47,16941056,1896448,146,0,1,5,6,post_set,32,1701.9,44,8
2026-10-03T11:31:14.891+08:00,935.1,setting,10.0,0,34,0,104556,0,456937,3.92,404512768,438628352,4506,993,1019,698,714,3140,0.47,16941056,1896448,146,0,1,5,6,post_set,33,1711.9,44,8
2026-10-03T11:31:24.859+08:00,945.1,setting,10.0,0,35,0,104556,0,457375,4.38,404402176,438775808,4505,993,1019,698,714,3187,0.47,16941056,1896448,146,0,1,5,6,post_set,34,1721.9,44,8
2026-10-03T11:31:34.828+08:00,955.0,setting,10.0,0,36,0,104556,0,457750,3.76,404402176,438788096,4505,993,1019,698,714,3218,0.31,16941056,1896448,146,0,1,5,6,post_set,35,1731.9,44,8
2026-10-03T11:31:44.895+08:00,965.1,setting,10.1,0,37,0,104556,0,458156,4.04,404520960,438906880,4504,993,1019,699,714,3250,0.31,16941056,1896448,146,0,1,5,6,post_set,36,1741.9,44,8
2026-10-03T11:31:54.855+08:00,975.1,setting,10.0,0,38,0,104556,0,458546,3.92,404406272,438788096,4504,993,1019,698,714,3281,0.31,16941056,1896448,146,0,1,5,6,post_set,37,1751.9,44,8
2026-10-03T11:32:04.813+08:00,985.0,setting,10.0,0,39,0,104556,0,458984,4.39,404766720,438906880,4504,993,1019,699,714,3312,0.31,16941056,1896448,146,0,1,5,6,post_set,38,1761.8,44,8
2026-10-03T11:32:14.883+08:00,995.1,setting,10.1,0,40,0,104556,0,459375,3.88,404647936,438788096,4506,993,1019,699,714,3343,0.31,16941056,1896448,146,0,1,5,6,post_set,39,1771.9,44,8
2026-10-03T11:32:24.852+08:00,1005.1,setting,10.0,0,41,0,104556,0,459796,4.23,404525056,438906880,4506,993,1019,698,714,3375,0.31,16941056,1896448,146,0,1,5,6,post_set,40,1781.9,44,8
2026-10-03T11:32:34.814+08:00,1015.0,setting,10.0,0,42,0,104556,0,460171,3.76,404410368,438788096,4506,993,1019,698,714,3437,0.63,16941056,1896448,146,0,1,5,6,post_set,41,1791.8,44,8
2026-10-03T11:32:44.871+08:00,1025.1,setting,10.1,0,43,0,104556,0,460593,4.19,404529152,438906880,4504,993,1019,698,714,3484,0.47,17059840,2031616,146,0,1,5,6,post_set,42,1801.9,44,8
2026-10-03T11:32:54.838+08:00,1035.0,setting,10.0,0,44,0,104556,0,460953,3.61,404410368,438788096,4505,993,1019,699,714,3531,0.47,17059840,2031616,146,0,1,5,6,post_set,43,1811.9,44,8
2026-10-03T11:33:04.917+08:00,1045.1,setting,10.1,0,45,0,104556,0,461359,4.03,404770816,438906880,4505,993,1019,698,714,3562,0.31,17063936,2031616,146,0,1,5,6,post_set,44,1821.9,44,8
2026-10-03T11:33:14.873+08:00,1055.1,setting,10.0,0,46,0,104556,0,461765,4.07,404652032,438788096,4504,993,1019,699,714,3609,0.47,17063936,2031616,146,0,1,5,6,post_set,45,1831.9,44,8
2026-10-03T11:33:24.839+08:00,1065.0,setting,10.0,0,47,0,104556,0,462140,3.77,404529152,438906880,4505,993,1019,699,714,3656,0.47,17063936,2031616,146,0,1,5,6,post_set,46,1841.9,44,8
2026-10-03T11:33:34.908+08:00,1075.1,setting,10.1,0,48,0,104556,0,462546,4.04,403755008,437473280,4504,993,1019,698,714,3687,0.31,17063936,2031616,146,0,1,5,6,post_set,47,1851.9,44,8
2026-10-03T11:33:44.868+08:00,1085.1,setting,10.0,0,49,0,104556,0,462953,4.08,404062208,438284288,4504,993,1019,699,714,3734,0.47,17063936,2031616,146,0,1,5,6,post_set,48,1861.9,44,8
2026-10-03T11:33:54.843+08:00,1095.0,setting,10.0,0,50,0,104556,0,463359,4.08,403980288,438194176,4505,993,1019,698,714,3750,0.16,17063936,2031616,146,0,1,5,6,post_set,49,1871.9,44,8
2026-10-03T11:34:04.901+08:00,1105.1,setting,10.1,0,51,0,104556,0,463734,3.72,404353024,438312960,4504,993,1019,699,714,3796,0.47,17063936,2031616,146,0,1,5,6,post_set,50,1881.9,44,8
2026-10-03T11:34:14.874+08:00,1115.1,setting,10.0,0,52,0,104556,0,464140,4.08,404262912,438222848,4504,993,1019,699,714,3828,0.31,17063936,2031616,146,0,1,5,6,post_set,51,1891.9,44,8
2026-10-03T11:34:24.842+08:00,1125.0,setting,10.0,0,53,0,104556,0,464531,3.92,404140032,438341632,4504,993,1019,698,714,3859,0.31,17063936,2031616,146,0,1,5,6,post_set,52,1901.9,44,8
2026-10-03T11:34:34.927+08:00,1135.1,setting,10.1,0,54,0,104556,0,464968,4.34,404021248,438222848,4504,993,1019,698,714,3890,0.31,17063936,2031616,146,0,1,5,6,post_set,53,1912.0,44,8
2026-10-03T11:34:44.892+08:00,1145.1,setting,10.0,0,55,0,104556,0,465375,4.07,404140032,438341632,4504,993,1019,698,714,3921,0.31,17063936,2031616,146,0,1,5,6,post_set,54,1921.9,44,8
2026-10-03T11:34:54.861+08:00,1155.1,setting,10.0,0,56,0,104556,0,465765,3.92,404021248,438222848,4504,993,1019,698,714,3953,0.31,17063936,2031616,146,0,1,5,6,post_set,55,1931.9,44,8
2026-10-03T11:35:04.825+08:00,1165.0,setting,10.0,0,57,0,104556,0,466171,4.08,404381696,438341632,4504,993,1019,698,714,3984,0.31,17063936,2031616,146,0,1,5,6,post_set,56,1941.8,44,8
2026-10-03T11:35:14.888+08:00,1175.1,setting,10.1,0,58,0,104556,0,466562,3.88,404262912,438222848,4504,993,1019,698,714,4015,0.31,17063936,2031616,146,0,1,5,6,post_set,57,1951.9,44,8
2026-10-03T11:35:24.852+08:00,1185.1,setting,10.0,0,59,0,104556,0,466968,4.08,404242432,438456320,4504,993,1019,698,714,4046,0.31,17063936,2031616,146,0,1,5,6,post_set,58,1961.9,44,8
2026-10-03T11:35:34.817+08:00,1195.0,setting,10.0,0,60,0,104556,0,467359,3.92,404135936,438337536,4504,993,1019,698,714,4062,0.16,17063936,2031616,146,0,1,5,6,post_set,59,1971.8,44,8
2026-10-03T11:35:44.890+08:00,1205.1,setting,10.1,0,61,0,104556,0,467781,4.19,404267008,438468608,4504,993,1019,698,714,4093,0.31,17063936,2031616,146,0,1,5,6,post_set,60,1981.9,44,8
2026-10-03T11:35:54.863+08:00,1215.1,setting,10.0,0,62,0,104556,0,468187,4.07,404148224,438349824,4504,993,1019,698,714,4140,0.47,17068032,2031616,146,0,1,5,6,post_set,61,1991.9,44,8
2026-10-03T11:36:04.825+08:00,1225.0,setting,10.0,0,63,0,104556,0,468578,3.92,404512768,438472704,4504,993,1019,698,714,4171,0.31,17068032,2031616,146,0,1,5,6,post_set,62,2001.8,44,8
2026-10-03T11:36:14.897+08:00,1235.1,setting,10.1,0,64,0,104556,0,468984,4.04,404484096,438452224,4504,993,1019,698,714,4203,0.31,17068032,2031616,146,0,1,5,6,post_set,63,2011.9,44,8
2026-10-03T11:36:24.867+08:00,1245.1,setting,10.0,0,65,0,104556,0,469359,3.76,404361216,438571008,4504,993,1019,698,714,4234,0.31,17080320,2048000,146,0,1,5,6,post_set,64,2021.9,44,8
2026-10-03T11:36:34.833+08:00,1255.0,setting,10.0,0,66,0,104556,0,469781,4.23,404242432,438452224,4504,993,1019,698,714,4265,0.31,17080320,2048000,146,0,1,5,6,post_set,65,2031.9,44,8
2026-10-03T11:36:44.896+08:00,1265.1,setting,10.1,0,67,0,104556,0,470187,4.04,404361216,438571008,4504,993,1019,698,714,4281,0.16,17080320,2048000,146,0,1,5,6,post_set,66,2041.9,44,8
2026-10-03T11:36:54.854+08:00,1275.1,setting,10.0,0,68,0,104556,0,470609,4.24,404246528,438452224,4504,993,1019,698,714,4328,0.47,17080320,2048000,146,0,1,5,6,post_set,67,2051.9,44,8
2026-10-03T11:37:04.824+08:00,1285.0,setting,10.0,0,69,0,104556,0,471031,4.24,404606976,438571008,4504,993,1019,698,714,4343,0.16,17080320,2048000,146,0,1,5,6,post_set,68,2061.8,44,8
2026-10-03T11:37:14.882+08:00,1295.1,setting,10.1,0,70,0,104556,0,471390,3.57,404500480,438464512,4504,993,1019,698,714,4390,0.47,17100800,2080768,146,0,1,5,6,post_set,69,2071.9,44,8
2026-10-03T11:37:24.846+08:00,1305.1,setting,10.0,0,71,0,104556,0,471796,4.08,404377600,438583296,4504,993,1019,698,714,4421,0.31,17100800,2080768,146,0,1,5,6,post_set,70,2081.9,44,8
2026-10-03T11:37:34.913+08:00,1315.1,setting,10.1,0,72,0,104556,0,472171,3.73,404258816,438464512,4504,993,1019,698,714,4453,0.31,17100800,2080768,146,0,1,5,6,post_set,71,2091.9,44,8
2026-10-03T11:37:44.873+08:00,1325.1,setting,10.0,0,73,0,104556,0,472656,4.86,404377600,438583296,4504,993,1019,698,714,4484,0.31,17100800,2080768,146,0,1,5,6,post_set,72,2101.9,44,8
2026-10-03T11:37:54.845+08:00,1335.0,setting,10.0,0,74,0,104556,0,473140,4.86,404271104,438476800,4504,993,1019,698,714,4515,0.31,17104896,2080768,146,0,1,5,6,post_set,73,2111.9,44,8
2026-10-03T11:38:04.914+08:00,1345.1,setting,10.1,0,75,0,104556,0,473578,4.35,404631552,438595584,4504,993,1019,698,714,4546,0.31,17104896,2080768,146,0,1,5,6,post_set,74,2121.9,44,8
2026-10-03T11:38:14.882+08:00,1355.1,setting,10.0,0,76,0,104556,0,474093,5.17,404578304,438550528,4504,993,1019,698,714,4578,0.31,17104896,2080768,146,0,1,5,6,post_set,75,2131.9,44,8
2026-10-03T11:38:24.850+08:00,1365.1,setting,10.0,0,77,0,104556,0,474515,4.23,404455424,438669312,4504,993,1019,698,714,4609,0.31,17104896,2080768,146,0,1,5,6,post_set,76,2141.9,44,8
2026-10-03T11:38:34.817+08:00,1375.0,setting,10.0,0,78,0,104556,0,474937,4.23,404336640,438550528,4504,993,1019,698,714,4640,0.31,17104896,2080768,146,0,1,5,6,post_set,77,2151.8,44,8
2026-10-03T11:38:44.877+08:00,1385.1,setting,10.1,0,79,0,104556,0,475390,4.50,403898368,438321152,4504,993,1019,697,714,4671,0.31,17104896,2080768,146,0,1,5,6,post_set,78,2161.9,44,8
2026-10-03T11:38:54.847+08:00,1395.0,setting,10.0,0,80,0,104556,0,475750,3.61,403861504,438292480,4504,993,1019,697,714,4703,0.31,17104896,2080768,146,0,1,5,6,post_set,79,2171.9,44,8
2026-10-03T11:39:04.925+08:00,1405.1,setting,10.1,0,81,0,104556,0,476218,4.65,404320256,438476800,4505,993,1019,697,714,4734,0.31,17104896,2080768,146,0,1,5,6,post_set,80,2182.0,44,8
2026-10-03T11:39:14.908+08:00,1415.1,setting,10.0,0,82,0,104556,0,476640,4.23,404205568,438358016,4505,993,1019,697,714,4781,0.47,17104896,2080768,146,0,1,5,6,post_set,81,2191.9,44,8
2026-10-03T11:39:24.882+08:00,1425.1,setting,10.0,0,83,0,104556,0,477015,3.75,404082688,438476800,4504,993,1019,697,714,4812,0.31,17104896,2080768,146,0,1,5,6,post_set,82,2201.9,44,8
2026-10-03T11:39:34.843+08:00,1435.1,setting,10.0,0,84,0,104556,0,477390,3.76,403972096,438358016,4504,993,1019,697,714,4843,0.31,17104896,2080768,146,0,1,5,6,post_set,83,2211.9,44,8
2026-10-03T11:39:44.917+08:00,1445.1,setting,10.1,0,85,0,104556,0,477859,4.66,404090880,438476800,4504,993,1019,697,714,4875,0.31,17104896,2080768,146,0,1,5,6,post_set,84,2221.9,44,8
2026-10-03T11:39:54.886+08:00,1455.1,setting,10.0,0,86,0,104556,0,478328,4.70,404004864,438386688,4504,993,1019,697,714,4906,0.31,17104896,2080768,146,0,1,5,6,post_set,85,2231.9,44,8
2026-10-03T11:40:04.856+08:00,1465.1,setting,10.0,0,87,0,104556,0,478828,5.02,404381696,438517760,4504,993,1019,697,714,4937,0.31,17104896,2080768,146,0,1,5,6,post_set,86,2241.9,44,8
2026-10-03T11:40:14.827+08:00,1475.0,setting,10.0,0,88,0,104556,0,479218,3.92,404316160,438460416,4504,993,1019,697,714,4984,0.47,17104896,2080768,146,0,1,5,6,post_set,87,2251.8,44,8
2026-10-03T11:40:24.903+08:00,1485.1,setting,10.1,0,89,0,104556,0,479671,4.50,404205568,438591488,4504,993,1019,697,714,5031,0.47,17104896,2080768,146,0,1,5,6,post_set,88,2261.9,44,8
2026-10-03T11:40:34.903+08:00,1495.1,setting,10.0,0,90,0,104556,0,480078,4.07,404152320,438542336,4505,993,1019,697,714,5078,0.47,17104896,2080768,146,0,1,5,6,post_set,89,2271.9,44,8
2026-10-03T11:40:44.898+08:00,1505.1,setting,10.0,0,91,0,104556,0,480500,4.22,404275200,438661120,4505,993,1019,697,714,5156,0.78,17108992,2080768,146,0,1,5,6,post_set,90,2281.9,44,8
2026-10-03T11:40:54.859+08:00,1515.1,setting,10.0,0,92,0,104556,0,481000,5.00,404156416,438542336,4504,993,1019,697,714,5218,0.63,17108992,2080768,146,0,1,5,6,post_set,91,2291.9,44,8
2026-10-03T11:41:04.840+08:00,1525.0,setting,10.0,0,93,0,104556,0,481421,4.23,404520960,438661120,4505,993,1019,697,714,5265,0.47,17108992,2080768,146,0,1,5,6,post_set,92,2301.9,44,8
2026-10-03T11:41:14.924+08:00,1535.1,setting,10.1,0,94,0,104556,0,481875,4.50,404455424,438603776,4505,993,1019,697,714,5312,0.47,17108992,2080768,146,0,1,5,6,post_set,93,2312.0,44,8
2026-10-03T11:41:24.887+08:00,1545.1,setting,10.0,0,95,0,104556,0,482328,4.54,404332544,438722560,4504,993,1019,697,714,5343,0.31,17108992,2080768,146,0,1,5,6,post_set,94,2321.9,44,8
2026-10-03T11:41:34.855+08:00,1555.1,setting,10.0,0,96,0,104556,0,482765,4.39,404213760,438603776,4504,993,1019,697,714,5390,0.47,17108992,2080768,146,0,1,5,6,post_set,95,2331.9,44,8
2026-10-03T11:41:44.824+08:00,1565.0,setting,10.0,0,97,0,104556,0,483234,4.70,404332544,438722560,4504,993,1019,697,714,5406,0.16,17108992,2080768,146,0,1,5,6,post_set,96,2341.8,44,8
2026-10-03T11:41:54.893+08:00,1575.1,setting,10.1,0,98,0,104556,0,483718,4.81,404213760,438603776,4504,993,1019,697,714,5437,0.31,17108992,2080768,146,0,1,5,6,post_set,97,2351.9,44,8
2026-10-03T11:42:04.858+08:00,1585.1,setting,10.0,0,99,0,104556,0,484171,4.55,404574208,438722560,4504,993,1019,697,714,5468,0.31,17108992,2080768,146,0,1,5,6,post_set,98,2361.9,44,8
2026-10-03T11:42:14.851+08:00,1595.0,setting,10.0,0,100,0,104556,0,484671,5.02,404455424,438603776,4504,993,1019,697,714,5500,0.31,17108992,2080768,146,0,1,5,6,post_set,99,2371.9,44,8
2026-10-03T11:42:24.809+08:00,1605.0,setting,10.0,0,101,0,104556,0,485125,4.53,404332544,438722560,4504,993,1019,697,714,5562,0.63,17113088,2080768,146,0,1,5,6,post_set,100,2381.8,44,8
2026-10-03T11:42:34.889+08:00,1615.1,setting,10.1,0,102,0,104556,0,485625,4.97,404213760,438603776,4505,993,1019,697,714,5593,0.31,17113088,2080768,146,0,1,5,6,post_set,101,2391.9,44,8
2026-10-03T11:42:44.866+08:00,1625.1,setting,10.0,0,103,0,104556,0,486265,6.42,404332544,438722560,4504,993,1019,697,714,5640,0.47,17113088,2080768,146,0,1,5,6,post_set,102,2401.9,44,8
2026-10-03T11:42:54.829+08:00,1635.0,setting,10.0,0,104,0,104556,0,486703,4.39,404213760,438603776,4504,993,1019,697,714,5671,0.31,17113088,2080768,146,0,1,5,6,post_set,103,2411.8,44,8
2026-10-03T11:43:04.900+08:00,1645.1,setting,10.1,0,105,0,104556,0,487125,4.19,404574208,438722560,4505,993,1019,697,714,5703,0.31,17113088,2080768,146,0,1,5,6,post_set,104,2421.9,44,8
2026-10-03T11:43:14.871+08:00,1655.1,setting,10.0,0,106,0,104556,0,487484,3.61,404459520,438603776,4504,993,1019,697,714,5734,0.31,17113088,2080768,146,0,1,5,6,post_set,105,2431.9,44,8
2026-10-03T11:43:24.836+08:00,1665.0,setting,10.0,0,107,0,104556,0,487875,3.92,404336640,438722560,4504,993,1019,697,714,5765,0.31,17113088,2080768,146,0,1,5,6,post_set,106,2441.9,44,8
2026-10-03T11:43:34.895+08:00,1675.1,setting,10.1,0,108,0,104556,0,488234,3.57,404217856,438603776,4504,993,1019,697,714,5796,0.31,17113088,2080768,146,0,1,5,6,post_set,107,2451.9,44,8
2026-10-03T11:43:44.856+08:00,1685.1,setting,10.0,0,109,0,104556,0,488625,3.92,404336640,438722560,4504,993,1019,697,714,5812,0.16,17113088,2080768,146,0,1,5,6,post_set,108,2461.9,44,8
2026-10-03T11:43:54.821+08:00,1695.0,setting,10.0,0,110,0,104556,0,489015,3.92,404217856,438603776,4504,993,1019,697,714,5828,0.16,17113088,2080768,146,0,1,5,6,post_set,109,2471.8,44,8
2026-10-03T11:44:04.892+08:00,1705.1,setting,10.1,0,111,0,104556,0,489453,4.35,404582400,438722560,4504,993,1019,697,714,5859,0.31,17113088,2080768,146,0,1,5,6,post_set,110,2481.9,44,8
2026-10-03T11:44:14.851+08:00,1715.1,setting,10.0,0,112,0,104556,0,489921,4.70,404463616,438603776,4504,993,1019,697,714,5906,0.47,17113088,2080768,146,0,1,5,6,post_set,111,2491.9,44,8
2026-10-03T11:44:24.818+08:00,1725.0,setting,10.0,0,113,0,104556,0,490328,4.08,404340736,438722560,4504,993,1019,697,714,5921,0.16,17113088,2080768,146,0,1,5,6,post_set,112,2501.8,44,8
2026-10-03T11:44:34.889+08:00,1735.1,setting,10.1,0,114,0,104556,0,490765,4.35,404221952,438603776,4504,993,1019,697,714,5953,0.31,17113088,2080768,146,0,1,5,6,post_set,113,2511.9,44,8
2026-10-03T11:44:44.851+08:00,1745.1,setting,10.0,0,115,0,104556,0,491265,5.01,404340736,438722560,4504,993,1019,697,714,6000,0.47,17113088,2080768,146,0,1,5,6,post_set,114,2521.9,44,8
2026-10-03T11:44:54.813+08:00,1755.0,setting,10.0,0,116,0,104556,0,491640,3.76,404221952,438603776,4504,993,1019,697,714,6031,0.31,17113088,2080768,146,0,1,5,6,post_set,115,2531.8,44,8
2026-10-03T11:45:04.884+08:00,1765.1,setting,10.1,0,117,0,104556,0,492046,4.04,404582400,438722560,4504,993,1019,697,714,6062,0.31,17113088,2080768,146,0,1,5,6,post_set,116,2541.9,44,8
2026-10-03T11:45:14.846+08:00,1775.1,setting,10.0,0,118,0,104556,0,492437,3.92,404463616,438603776,4504,993,1019,697,714,6109,0.47,17113088,2080768,146,0,1,5,6,post_set,117,2551.9,44,8
2026-10-03T11:45:24.918+08:00,1785.1,setting,10.1,0,119,0,104556,0,492812,3.73,404353024,438734848,4505,993,1019,697,714,6125,0.16,17113088,2080768,146,0,1,5,6,post_set,118,2561.9,44,8
2026-10-03T11:45:34.880+08:00,1795.1,setting,10.0,0,120,0,104556,0,493218,4.08,404332544,438779904,4511,993,1019,700,714,6171,0.47,17113088,2080768,146,0,1,5,6,post_set,119,2571.9,44,8
2026-10-03T11:45:44.844+08:00,1805.0,setting,10.0,0,121,0,104556,0,493625,4.08,404451328,438898688,4512,993,1019,700,714,6203,0.31,17113088,2080768,146,0,1,5,6,post_set,120,2581.9,44,8
2026-10-03T11:45:54.916+08:00,1815.1,setting,10.1,0,122,0,104556,0,494031,4.04,404332544,438779904,4511,993,1019,699,714,6234,0.31,17113088,2080768,146,0,1,5,6,post_set,121,2591.9,44,8
2026-10-03T11:46:04.886+08:00,1825.1,setting,10.0,0,123,0,104556,0,494453,4.23,404721664,438927360,4512,993,1019,700,714,6265,0.31,17113088,2080768,146,0,1,5,6,post_set,122,2601.9,44,8
2026-10-03T11:46:14.856+08:00,1835.1,setting,10.0,0,124,0,104556,0,494828,3.76,404643840,438820864,4511,993,1019,699,714,6296,0.31,17113088,2080768,146,0,1,5,6,post_set,123,2611.9,44,8
2026-10-03T11:46:24.846+08:00,1845.0,setting,10.0,0,125,0,104556,0,495203,3.76,404533248,438939648,4511,993,1019,699,714,6328,0.31,17117184,2080768,146,0,1,5,6,post_set,124,2621.9,44,8
2026-10-03T11:46:34.928+08:00,1855.1,setting,10.1,0,126,0,104556,0,495656,4.49,404414464,438820864,4512,993,1019,700,714,6406,0.77,17117184,2080768,146,0,1,5,6,post_set,125,2632.0,44,8
2026-10-03T11:46:44.891+08:00,1865.1,setting,10.0,0,127,0,104556,0,496156,5.01,404553728,438939648,4512,993,1019,699,714,6437,0.31,17117184,2080768,146,0,1,5,6,post_set,126,2641.9,44,8
2026-10-03T11:46:54.861+08:00,1875.1,setting,10.0,0,128,0,104556,0,496578,4.24,404443136,438820864,4512,993,1019,699,714,6468,0.31,17117184,2080768,146,0,1,5,6,post_set,127,2651.9,44,8
2026-10-03T11:47:04.827+08:00,1885.0,setting,10.0,0,129,0,104556,0,497000,4.23,404819968,438972416,4512,993,1019,699,714,6515,0.47,17133568,2113536,146,0,1,5,6,post_set,128,2661.8,44,8
2026-10-03T11:47:14.902+08:00,1895.1,setting,10.1,0,130,0,104556,0,497359,3.57,404701184,438853632,4512,993,1019,699,714,6562,0.47,17133568,2113536,146,0,1,5,6,post_set,129,2671.9,44,8
2026-10-03T11:47:24.891+08:00,1905.1,setting,10.0,0,131,0,104556,0,497718,3.60,404578304,438972416,4512,993,1019,699,714,6593,0.31,17133568,2113536,146,0,1,5,6,post_set,130,2681.9,44,8
2026-10-03T11:47:34.858+08:00,1915.1,setting,10.0,0,132,0,104556,0,498093,3.75,404484096,438935552,4518,993,1019,700,714,6656,0.63,17133568,2113536,146,0,1,5,6,post_set,131,2691.9,44,8
2026-10-03T11:47:44.825+08:00,1925.0,setting,10.0,0,133,0,104556,0,498500,4.08,404656128,439115776,4518,993,1019,700,714,6687,0.31,17137664,2113536,146,0,1,5,6,post_set,132,2701.8,44,8
2026-10-03T11:47:54.899+08:00,1935.1,setting,10.1,0,134,0,104556,0,498875,3.72,404545536,438996992,4518,993,1019,700,714,6734,0.47,17137664,2113536,146,0,1,5,6,post_set,133,2711.9,44,8
2026-10-03T11:48:04.857+08:00,1945.1,setting,10.0,0,135,0,104556,0,499296,4.23,404942848,439148544,4518,993,1019,701,714,6765,0.31,17137664,2113536,146,0,1,5,6,post_set,134,2721.9,44,8
2026-10-03T11:48:14.823+08:00,1955.0,setting,10.0,0,136,0,104556,0,499734,4.39,404877312,439091200,4518,993,1019,701,714,6796,0.31,17137664,2113536,146,0,1,5,6,post_set,135,2731.8,44,8
2026-10-03T11:48:24.889+08:00,1965.1,setting,10.1,0,137,0,104556,0,500140,4.04,404807680,439250944,4519,993,1019,700,714,6843,0.47,17137664,2113536,146,0,1,5,6,post_set,136,2741.9,44,8
2026-10-03T11:48:34.848+08:00,1975.1,setting,10.0,0,138,0,104556,0,500531,3.92,404688896,439132160,4519,993,1019,700,714,6906,0.63,17137664,2113536,146,0,1,5,6,post_set,137,2751.9,44,8
2026-10-03T11:48:44.918+08:00,1985.1,setting,10.1,0,139,0,104556,0,500906,3.73,404811776,439250944,4519,993,1019,700,714,6937,0.31,17137664,2113536,146,0,1,5,6,post_set,138,2761.9,44,8
2026-10-03T11:48:54.891+08:00,1995.1,setting,10.0,0,140,0,104556,0,501296,3.92,404660224,439058432,4512,993,1019,699,714,6968,0.31,17137664,2113536,146,0,1,5,6,post_set,139,2771.9,44,8
2026-10-03T11:49:04.860+08:00,2005.1,setting,10.0,0,141,0,104556,0,501625,3.29,405020672,439177216,4512,993,1019,699,714,7015,0.47,17137664,2113536,146,0,1,5,6,post_set,140,2781.9,44,8
2026-10-03T11:49:14.828+08:00,2015.0,setting,10.0,0,142,0,104556,0,502031,4.07,404901888,439058432,4512,993,1019,699,714,7062,0.47,17137664,2113536,146,0,1,5,6,post_set,141,2791.8,44,8
2026-10-03T11:49:24.903+08:00,2025.1,setting,10.1,0,143,0,104556,0,502406,3.72,404779008,439177216,4512,993,1019,699,714,7109,0.47,17137664,2113536,146,0,1,5,6,post_set,142,2801.9,44,8
2026-10-03T11:49:34.865+08:00,2035.1,setting,10.0,0,144,0,104556,0,502765,3.60,404676608,439136256,4515,993,1019,699,714,7140,0.31,17137664,2113536,146,0,1,5,6,post_set,143,2811.9,44,8
2026-10-03T11:49:44.827+08:00,2045.0,setting,10.0,0,145,0,104556,0,503140,3.76,404795392,439255040,4518,993,1019,701,714,7171,0.31,17137664,2113536,146,0,1,5,6,post_set,144,2821.8,44,8
2026-10-03T11:49:54.890+08:00,2055.1,setting,10.1,0,146,0,104556,0,503484,3.42,404676608,439136256,4518,993,1019,700,714,7187,0.16,17137664,2113536,146,0,1,5,6,post_set,145,2831.9,44,8
2026-10-03T11:50:04.867+08:00,2065.1,setting,10.0,0,147,0,104556,0,503937,4.55,405037056,439255040,4517,993,1019,700,714,7218,0.31,17137664,2113536,146,0,1,5,6,post_set,146,2841.9,44,8
2026-10-03T11:50:14.834+08:00,2075.0,setting,10.0,0,148,0,104556,0,504343,4.07,404918272,439136256,4517,993,1019,701,714,7250,0.31,17137664,2113536,146,0,1,5,6,post_set,147,2851.9,44,8
2026-10-03T11:50:24.897+08:00,2085.1,setting,10.1,0,149,0,104556,0,504734,3.88,404795392,439255040,4517,993,1019,700,714,7281,0.31,17137664,2113536,146,0,1,5,6,post_set,148,2861.9,44,8
2026-10-03T11:50:34.861+08:00,2095.1,setting,10.0,0,150,0,104556,0,505125,3.92,403935232,438460416,4517,993,1019,701,714,7312,0.31,17137664,2113536,146,0,1,5,6,post_set,149,2871.9,44,8
2026-10-03T11:50:44.831+08:00,2105.0,setting,10.0,0,151,0,104556,0,505562,4.39,404144128,438636544,4517,993,1019,701,714,7343,0.31,17137664,2113536,146,0,1,5,6,post_set,150,2881.8,44,8
2026-10-03T11:50:54.895+08:00,2115.1,setting,10.1,0,152,0,104556,0,505937,3.73,404099072,438575104,4518,993,1019,701,714,7375,0.31,17137664,2113536,146,0,1,5,6,post_set,151,2891.9,44,8
2026-10-03T11:51:04.854+08:00,2125.1,setting,10.0,0,153,0,104556,0,506359,4.23,404537344,438788096,4517,993,1019,701,714,7406,0.31,17137664,2113536,146,0,1,5,6,post_set,152,2901.9,44,8
2026-10-03T11:51:14.809+08:00,2135.0,setting,10.0,0,154,0,104556,0,506718,3.61,404434944,438669312,4517,993,1019,700,714,7421,0.16,17137664,2113536,146,0,1,5,6,post_set,153,2911.8,44,8
2026-10-03T11:51:24.864+08:00,2145.1,setting,10.1,0,155,0,104556,0,507125,4.04,404316160,438788096,4517,993,1019,701,714,7453,0.31,17137664,2113536,146,0,1,5,6,post_set,154,2921.9,44,8
2026-10-03T11:51:34.826+08:00,2155.0,setting,10.0,0,156,0,104556,0,507578,4.55,404201472,438669312,4518,993,1019,701,714,7500,0.47,17137664,2113536,146,0,1,5,6,post_set,155,2931.8,44,8
2026-10-03T11:51:44.895+08:00,2165.1,setting,10.1,0,157,0,104556,0,507937,3.57,404357120,438816768,4518,993,1019,700,714,7531,0.31,17137664,2113536,146,0,1,5,6,post_set,156,2941.9,44,8
2026-10-03T11:51:54.857+08:00,2175.1,setting,10.0,0,158,0,104556,0,508375,4.39,404242432,438702080,4518,993,1019,701,714,7578,0.47,17137664,2113536,146,0,1,5,6,post_set,157,2951.9,44,8
2026-10-03T11:52:04.812+08:00,2185.0,setting,10.0,0,159,0,104556,0,508781,4.08,404606976,438853632,4518,993,1019,700,714,7593,0.16,17137664,2113536,146,0,1,5,6,post_set,158,2961.8,44,8
2026-10-03T11:52:14.865+08:00,2195.1,setting,10.1,0,160,0,104556,0,509187,4.04,404492288,438734848,4518,993,1019,700,714,7625,0.31,17141760,2113536,146,0,1,5,6,post_set,159,2971.9,44,8
2026-10-03T11:52:24.831+08:00,2205.0,setting,10.0,0,161,0,104556,0,509593,4.08,404381696,438853632,4518,993,1019,701,714,7640,0.16,17141760,2113536,146,0,1,5,6,post_set,160,2981.8,44,8
2026-10-03T11:52:34.903+08:00,2215.1,setting,10.1,0,162,0,104556,0,509984,3.88,404275200,438747136,4518,993,1019,700,714,7671,0.31,17141760,2113536,146,0,1,5,6,post_set,161,2991.9,44,8
2026-10-03T11:52:44.859+08:00,2225.1,setting,10.0,0,163,0,104556,0,510328,3.45,404393984,438865920,4519,993,1019,701,714,7703,0.31,17141760,2113536,146,0,1,5,6,post_set,162,3001.9,44,8
2026-10-03T11:52:54.830+08:00,2235.0,setting,10.0,0,164,0,104556,0,510703,3.77,404275200,438747136,4519,993,1019,701,714,7734,0.31,17145856,2113536,146,0,1,5,6,post_set,163,3011.8,44,8
2026-10-03T11:53:04.890+08:00,2245.1,setting,10.1,0,165,0,104556,0,511109,4.03,404639744,438870016,4519,993,1019,700,714,7781,0.47,17145856,2113536,146,0,1,5,6,post_set,164,3021.9,44,8
2026-10-03T11:53:14.855+08:00,2255.1,setting,10.0,0,166,0,104556,0,511500,3.92,404520960,438751232,4519,993,1019,700,714,7812,0.31,17145856,2113536,146,0,1,5,6,post_set,165,3031.9,44,8
2026-10-03T11:53:24.820+08:00,2265.0,setting,10.0,0,167,0,104556,0,511906,4.08,404455424,438931456,4519,993,1019,700,714,7843,0.31,17149952,2113536,146,0,1,5,6,post_set,166,3041.8,44,8
2026-10-03T11:53:34.886+08:00,2275.1,setting,10.1,0,168,0,104556,0,512296,3.88,404418560,438902784,4519,993,1019,701,714,7890,0.47,17149952,2113536,146,0,1,5,6,post_set,167,3051.9,44,8
2026-10-03T11:53:44.844+08:00,2285.1,setting,10.0,0,169,0,104556,0,512718,4.23,404570112,439054336,4518,993,1019,700,714,7921,0.31,17149952,2113536,146,0,1,5,6,post_set,168,3061.9,44,8
2026-10-03T11:53:54.914+08:00,2295.1,setting,10.1,0,170,0,104556,0,513125,4.04,404455424,438935552,4518,993,1019,701,714,7937,0.16,17149952,2113536,146,0,1,5,6,post_set,169,3071.9,44,8
2026-10-03T11:54:04.886+08:00,2305.1,setting,10.0,0,171,0,104556,0,513562,4.39,404869120,439115776,4518,993,1019,701,714,7968,0.31,17149952,2113536,146,0,1,5,6,post_set,170,3081.9,44,8
2026-10-03T11:54:14.850+08:00,2315.1,setting,10.0,0,172,0,104556,0,513953,3.92,404762624,439009280,4519,993,1019,701,714,8000,0.31,17149952,2113536,146,0,1,5,6,post_set,171,3091.9,44,8
2026-10-03T11:54:24.913+08:00,2325.1,setting,10.1,0,173,0,104556,0,514328,3.73,404582400,438972416,4504,993,1019,699,714,8031,0.31,17149952,2113536,146,0,1,5,6,post_set,172,3101.9,44,8
2026-10-03T11:54:34.882+08:00,2335.1,setting,10.0,0,174,0,104556,0,514750,4.24,404475904,438861824,4505,993,1019,699,714,8062,0.31,17149952,2113536,146,0,1,5,6,post_set,173,3111.9,44,8
2026-10-03T11:54:44.854+08:00,2345.1,setting,10.0,0,175,0,104556,0,515156,4.07,404594688,438980608,4505,993,1019,698,714,8093,0.31,17149952,2113536,146,0,1,5,6,post_set,174,3121.9,44,8
2026-10-03T11:54:54.826+08:00,2355.0,setting,10.0,0,176,0,104556,0,515531,3.76,404480000,438861824,4504,993,1019,699,714,8125,0.31,17149952,2113536,146,0,1,5,6,post_set,175,3131.8,44,8
2026-10-03T11:55:04.886+08:00,2365.1,setting,10.1,0,177,0,104556,0,515937,4.03,404840448,438980608,4504,993,1019,698,714,8171,0.47,17149952,2113536,146,0,1,5,6,post_set,176,3141.9,44,8
2026-10-03T11:55:14.848+08:00,2375.0,setting,10.0,0,178,0,104556,0,516296,3.61,404721664,438861824,4504,993,1019,699,714,8203,0.31,17149952,2113536,146,0,1,5,6,post_set,177,3151.9,44,8
2026-10-03T11:55:24.914+08:00,2385.1,setting,10.1,0,179,0,104556,0,516703,4.04,404598784,438980608,4505,993,1019,699,714,8234,0.31,17149952,2113536,146,0,1,5,6,post_set,178,3161.9,44,8
2026-10-03T11:55:34.888+08:00,2395.1,setting,10.0,0,180,0,104556,0,517109,4.07,403533824,437252096,4505,993,1019,699,714,8265,0.31,17149952,2113536,146,0,1,5,6,post_set,179,3171.9,44,8
2026-10-03T11:55:44.843+08:00,2405.1,setting,10.0,0,181,0,104556,0,517515,4.08,403935232,438169600,4504,993,1019,698,714,8296,0.31,17149952,2113536,146,0,1,5,6,post_set,180,3181.9,44,8
2026-10-03T11:55:54.896+08:00,2415.1,setting,10.1,0,182,0,104556,0,517937,4.20,404103168,438423552,4511,993,1019,700,714,8312,0.16,17149952,2113536,146,0,1,5,6,post_set,181,3191.9,44,8
2026-10-03T11:56:04.862+08:00,2425.1,setting,10.0,0,183,0,104556,0,518359,4.24,404496384,438558720,4511,993,1019,699,714,8328,0.16,17149952,2113536,146,0,1,5,6,post_set,182,3201.9,44,8
2026-10-03T11:56:14.831+08:00,2435.0,setting,10.0,0,184,0,104556,0,518812,4.55,404463616,438530048,4512,993,1019,700,714,8375,0.47,17149952,2113536,146,0,1,5,6,post_set,183,3211.8,44,8
2026-10-03T11:56:24.900+08:00,2445.1,setting,10.1,0,185,0,104556,0,519187,3.72,404377600,438681600,4511,993,1019,699,714,8421,0.47,17149952,2113536,146,0,1,5,6,post_set,184,3221.9,44,8
2026-10-03T11:56:34.868+08:00,2455.1,setting,10.0,0,186,0,104556,0,519562,3.76,404258816,438562816,4511,993,1019,700,714,8453,0.31,17149952,2113536,146,0,1,5,6,post_set,185,3231.9,44,8
2026-10-03T11:56:44.839+08:00,2465.0,setting,10.0,0,187,0,104556,0,520390,8.31,405499904,439578624,4569,993,1019,704,714,8484,0.31,17149952,2113536,146,0,1,5,6,post_set,186,3241.9,44,8
2026-10-03T11:56:54.911+08:00,2475.1,setting,10.1,0,188,0,104556,0,520781,3.88,405422080,439492608,4570,993,1019,704,714,8515,0.31,17149952,2113536,146,0,1,5,6,post_set,187,3251.9,44,8
2026-10-03T11:57:04.884+08:00,2485.1,setting,10.0,0,189,0,104556,0,521171,3.92,405782528,439611392,4570,993,1019,703,714,8578,0.63,17149952,2113536,146,0,1,5,6,post_set,188,3261.9,44,8
2026-10-03T11:57:14.848+08:00,2495.0,setting,10.0,0,190,0,104556,0,521546,3.76,405647360,439414784,4560,993,1019,703,714,8609,0.31,17149952,2113536,146,0,1,5,6,post_set,189,3271.9,44,8
2026-10-03T11:57:24.921+08:00,2505.1,setting,10.1,0,191,0,104556,0,521937,3.88,405524480,439533568,4560,993,1019,703,714,8640,0.31,17149952,2113536,146,0,1,5,6,post_set,190,3281.9,44,8
2026-10-03T11:57:34.876+08:00,2515.1,setting,10.0,0,192,0,104556,0,522343,4.07,405405696,439414784,4560,993,1019,703,714,8671,0.31,17149952,2113536,146,0,1,5,6,post_set,191,3291.9,44,8
2026-10-03T11:57:44.849+08:00,2525.0,setting,10.0,0,193,0,104556,0,522750,4.08,405114880,439611392,4512,993,1019,700,714,8703,0.31,17149952,2113536,146,0,1,5,6,post_set,192,3301.9,44,8
2026-10-03T11:57:54.919+08:00,2535.1,setting,10.1,0,194,0,104556,0,523140,3.88,405000192,439492608,4513,993,1019,700,714,8765,0.62,17149952,2113536,146,0,1,5,6,post_set,193,3311.9,44,8
2026-10-03T11:58:04.892+08:00,2545.1,setting,10.0,0,195,0,104556,0,523531,3.92,405368832,439611392,4512,993,1019,700,714,8796,0.31,17149952,2113536,146,0,1,5,6,post_set,194,3321.9,44,8
2026-10-03T11:58:14.864+08:00,2555.1,setting,10.0,0,196,0,104556,0,523906,3.76,405254144,439492608,4513,993,1019,700,714,8843,0.47,17149952,2113536,146,0,1,5,6,post_set,195,3331.9,44,8
2026-10-03T11:58:24.834+08:00,2565.0,setting,10.0,0,197,0,104556,0,524312,4.08,405131264,439611392,4513,993,1019,700,714,8859,0.16,17149952,2113536,146,0,1,5,6,post_set,196,3341.8,44,8
2026-10-03T11:58:34.903+08:00,2575.1,setting,10.1,0,198,0,104556,0,524687,3.72,405012480,439492608,4512,993,1019,700,714,8921,0.62,17186816,2179072,146,0,1,5,6,post_set,197,3351.9,44,8
2026-10-03T11:58:44.886+08:00,2585.1,setting,10.0,0,199,0,104556,0,525093,4.08,405131264,439611392,4513,993,1019,700,714,8953,0.31,17186816,2179072,146,0,1,5,6,post_set,198,3361.9,44,8
2026-10-03T11:58:54.858+08:00,2595.1,setting,10.0,0,200,0,104556,0,525484,3.91,405016576,439492608,4512,993,1019,700,714,8984,0.31,17186816,2179072,146,0,1,5,6,post_set,199,3371.9,44,8
2026-10-03T11:59:04.897+08:00,2605.1,setting,10.0,0,201,0,104556,0,526312,8.24,405381120,439615488,4512,993,1019,699,714,9015,0.31,17190912,2179072,146,0,1,5,6,post_set,200,3381.9,44,8
2026-10-03T11:59:14.863+08:00,2615.1,setting,10.0,0,202,0,104556,0,526718,4.08,405262336,439496704,4511,993,1019,699,714,9046,0.31,17190912,2179072,146,0,1,5,6,post_set,201,3391.9,44,8
2026-10-03T11:59:24.825+08:00,2625.0,setting,10.0,0,203,0,104556,0,527156,4.39,405139456,439615488,4511,993,1019,699,714,9078,0.31,17190912,2179072,146,0,1,5,6,post_set,202,3401.8,44,8
2026-10-03T11:59:34.901+08:00,2635.1,setting,10.1,0,204,0,104556,0,527546,3.88,405020672,439496704,4511,993,1019,699,714,9109,0.31,17190912,2179072,146,0,1,5,6,post_set,203,3411.9,44,8
2026-10-03T11:59:44.880+08:00,2645.1,setting,10.0,0,205,0,104556,0,527921,3.76,405139456,439615488,4511,993,1019,699,714,9140,0.31,17190912,2179072,146,0,1,5,6,post_set,204,3421.9,44,8
2026-10-03T11:59:54.928+08:00,2655.1,setting,10.0,0,206,0,104556,0,528390,4.67,405020672,439496704,4511,993,1019,699,714,9187,0.47,17190912,2179072,146,0,1,5,6,post_set,205,3431.9,44,8
2026-10-03T12:00:04.977+08:00,2665.1,setting,10.0,0,207,0,104556,0,528953,5.61,405381120,439615488,4511,993,1019,699,714,9218,0.31,17190912,2179072,146,0,1,5,6,post_set,206,3442.0,44,8
2026-10-03T12:00:14.879+08:00,2675.1,setting,9.9,0,208,0,104556,0,529421,4.72,405262336,439496704,4511,993,1019,699,714,9265,0.47,17190912,2179072,146,0,1,5,6,post_set,207,3451.9,44,8
2026-10-03T12:00:24.851+08:00,2685.0,setting,10.0,0,209,0,104556,0,529796,3.76,405139456,439615488,4511,993,1019,699,714,9312,0.47,17190912,2179072,146,0,1,5,6,post_set,208,3461.9,44,8
2026-10-03T12:00:34.941+08:00,2695.1,setting,10.0,0,210,0,104556,0,530171,3.74,403496960,437248000,4511,993,1019,698,714,9343,0.31,17190912,2179072,146,0,1,5,6,post_set,209,3472.0,44,8
2026-10-03T12:00:44.822+08:00,2705.0,setting,10.0,0,211,0,104556,0,530578,4.08,403935232,438222848,4511,993,1019,698,714,9406,0.63,17190912,2179072,146,0,1,5,6,post_set,210,3481.8,44,8
2026-10-03T12:00:54.899+08:00,2715.1,setting,10.1,0,212,0,104556,0,531031,4.50,403845120,438128640,4511,993,1019,698,714,9421,0.16,17190912,2179072,146,0,1,5,6,post_set,211,3491.9,44,8
2026-10-03T12:01:04.891+08:00,2725.1,setting,10.0,0,213,0,104556,0,531421,3.92,404205568,438194176,4504,993,1019,697,714,9453,0.31,17190912,2179072,146,0,1,5,6,post_set,212,3501.9,44,8
2026-10-03T12:01:14.861+08:00,2735.1,setting,10.0,0,214,0,104556,0,531781,3.60,404131840,438132736,4504,993,1019,697,714,9515,0.63,17190912,2179072,146,0,1,5,6,post_set,213,3511.9,44,8
2026-10-03T12:01:24.829+08:00,2745.0,setting,10.0,0,215,0,104556,0,532203,4.23,404066304,438308864,4504,993,1019,697,714,9546,0.31,17190912,2179072,146,0,1,5,6,post_set,214,3521.8,44,8
2026-10-03T12:01:34.904+08:00,2755.1,setting,10.1,0,216,0,104556,0,532593,3.88,404004864,438251520,4504,993,1019,697,714,9578,0.31,17190912,2179072,146,0,1,5,6,post_set,215,3531.9,44,8
2026-10-03T12:01:44.872+08:00,2765.1,setting,10.0,0,217,0,104556,0,533015,4.23,404127744,438370304,4504,993,1019,697,714,9609,0.31,17190912,2179072,146,0,1,5,6,post_set,216,3541.9,44,8
2026-10-03T12:01:54.831+08:00,2775.0,setting,10.0,0,218,0,104556,0,533437,4.23,404008960,438251520,4504,993,1019,697,714,9640,0.31,17190912,2179072,146,0,1,5,6,post_set,217,3551.8,44,8
2026-10-03T12:02:04.903+08:00,2785.1,setting,10.1,0,219,0,104556,0,533812,3.73,404377600,438370304,4504,993,1019,697,714,9687,0.47,17190912,2179072,146,0,1,5,6,post_set,218,3561.9,44,8
2026-10-03T12:02:14.866+08:00,2795.1,setting,10.0,0,220,0,104556,0,534265,4.55,404344832,438341632,4504,993,1019,697,714,9718,0.31,17190912,2179072,146,0,1,5,6,post_set,219,3571.9,44,8
2026-10-03T12:02:24.837+08:00,2805.0,setting,10.0,0,221,0,104556,0,534718,4.55,404226048,438460416,4504,993,1019,697,714,9750,0.31,17190912,2179072,146,0,1,5,6,post_set,220,3581.8,44,8
2026-10-03T12:02:34.899+08:00,2815.1,setting,10.1,0,222,0,104556,0,535156,4.34,404111360,438341632,4504,993,1019,697,714,9781,0.31,17190912,2179072,146,0,1,5,6,post_set,221,3591.9,44,8
2026-10-03T12:02:44.869+08:00,2825.1,setting,10.0,0,223,0,104556,0,535546,3.92,404230144,438460416,4504,993,1019,697,714,9812,0.31,17190912,2179072,146,0,1,5,6,post_set,222,3601.9,44,8
2026-10-03T12:02:54.839+08:00,2835.0,setting,10.0,0,224,0,104556,0,535937,3.92,404111360,438341632,4504,993,1019,697,714,9843,0.31,17190912,2179072,146,0,1,5,6,post_set,223,3611.9,44,8
2026-10-03T12:03:04.908+08:00,2845.1,setting,10.1,0,225,0,104556,0,536312,3.73,404475904,438464512,4504,993,1019,697,714,9875,0.31,17190912,2179072,146,0,1,5,6,post_set,224,3621.9,44,8
2026-10-03T12:03:14.876+08:00,2855.1,setting,10.0,0,226,0,104556,0,536687,3.76,404410368,438407168,4504,993,1019,697,714,9906,0.31,17190912,2179072,146,0,1,5,6,post_set,225,3631.9,44,8
2026-10-03T12:03:24.838+08:00,2865.0,setting,10.0,0,227,0,104556,0,537078,3.92,404291584,438525952,4504,993,1019,697,714,9937,0.31,17190912,2179072,146,0,1,5,6,post_set,226,3641.9,44,8
2026-10-03T12:03:34.897+08:00,2875.1,setting,10.1,0,228,0,104556,0,537484,4.04,404176896,438407168,4504,993,1019,697,714,9968,0.31,17195008,2179072,146,0,1,5,6,post_set,227,3651.9,44,8
2026-10-03T12:03:44.856+08:00,2885.1,setting,10.0,0,229,0,104556,0,537906,4.24,404295680,438525952,4504,993,1019,697,714,9984,0.16,17195008,2179072,146,0,1,5,6,post_set,228,3661.9,44,8
2026-10-03T12:03:54.811+08:00,2895.0,setting,10.0,0,230,0,104556,0,538296,3.92,404176896,438407168,4504,993,1019,697,714,10000,0.16,17195008,2179072,146,0,1,5,6,post_set,229,3671.8,44,8
2026-10-03T12:04:04.873+08:00,2905.1,setting,10.1,0,231,0,104556,0,538687,3.88,404537344,438525952,4504,993,1019,697,714,10015,0.16,17195008,2179072,146,0,1,5,6,post_set,230,3681.9,44,8
2026-10-03T12:04:14.843+08:00,2915.0,setting,10.0,0,232,0,104556,0,539046,3.61,404418560,438407168,4504,993,1019,697,714,10046,0.31,17195008,2179072,146,0,1,5,6,post_set,231,3691.9,44,8
2026-10-03T12:04:24.912+08:00,2925.1,setting,10.1,0,233,0,104556,0,539437,3.88,404320256,438607872,4506,993,1019,697,714,10078,0.31,17195008,2179072,146,0,1,5,6,post_set,232,3701.9,44,8
2026-10-03T12:04:34.880+08:00,2935.1,setting,10.0,0,234,0,104556,0,539843,4.07,404209664,438489088,4511,993,1019,698,714,10109,0.31,17195008,2179072,146,0,1,5,6,post_set,233,3711.9,44,8
2026-10-03T12:04:44.848+08:00,2945.0,setting,10.0,0,235,0,104556,0,540265,4.23,404328448,438607872,4511,993,1019,698,714,10140,0.31,17195008,2179072,146,0,1,5,6,post_set,234,3721.9,44,8
2026-10-03T12:04:54.906+08:00,2955.1,setting,10.1,0,236,0,104556,0,540640,3.73,404209664,438489088,4511,993,1019,698,714,10187,0.47,17195008,2179072,146,0,1,5,6,post_set,235,3731.9,44,8
2026-10-03T12:05:04.870+08:00,2965.1,setting,10.0,0,237,0,104556,0,541093,4.55,404570112,438607872,4511,993,1019,698,714,10203,0.16,17195008,2179072,146,0,1,5,6,post_set,236,3741.9,44,8
2026-10-03T12:05:14.840+08:00,2975.0,setting,10.0,0,238,0,104556,0,541500,4.08,404455424,438493184,4511,993,1019,698,714,10234,0.31,17195008,2179072,146,0,1,5,6,post_set,237,3751.9,44,8
2026-10-03T12:05:24.900+08:00,2985.1,setting,10.1,0,239,0,104556,0,541875,3.73,404332544,438611968,4511,993,1019,698,714,10265,0.31,17195008,2179072,146,0,1,5,6,post_set,238,3761.9,44,8
2026-10-03T12:05:34.869+08:00,2995.1,setting,10.0,0,240,0,104556,0,542296,4.23,404213760,438493184,4511,993,1019,698,714,10296,0.31,17195008,2179072,146,0,1,5,6,post_set,239,3771.9,44,8
2026-10-03T12:05:44.838+08:00,3005.0,setting,10.0,0,241,0,104556,0,542718,4.23,404332544,438611968,4511,993,1019,698,714,10328,0.31,17195008,2179072,146,0,1,5,6,post_set,240,3781.9,44,8
2026-10-03T12:05:54.898+08:00,3015.1,setting,10.1,0,242,0,104556,0,543109,3.88,404213760,438493184,4511,993,1019,698,714,10359,0.31,17195008,2179072,146,0,1,5,6,post_set,241,3791.9,44,8
2026-10-03T12:06:04.898+08:00,3025.1,setting,10.0,0,243,0,104556,0,543500,3.92,404598784,438628352,4511,993,1019,698,714,10390,0.31,17195008,2179072,146,0,1,5,6,post_set,242,3801.9,44,8
2026-10-03T12:06:14.915+08:00,3035.1,setting,10.0,0,244,0,104556,0,543921,4.22,404484096,438513664,4511,993,1019,698,714,10468,0.78,17195008,2179072,146,0,1,5,6,post_set,243,3811.9,44,8
2026-10-03T12:06:24.920+08:00,3045.1,setting,10.0,0,245,0,104556,0,544343,4.22,404361216,438632448,4511,993,1019,698,714,10546,0.78,17195008,2179072,146,0,1,5,6,post_set,244,3821.9,44,8
2026-10-03T12:06:34.842+08:00,3055.0,setting,10.0,0,246,0,104556,0,544750,4.08,404246528,438517760,4511,993,1019,698,714,10578,0.31,17195008,2179072,146,0,1,5,6,post_set,245,3831.9,44,8
2026-10-03T12:06:44.913+08:00,3065.1,setting,10.1,0,247,0,104556,0,545140,3.88,404393984,438665216,4511,993,1019,698,714,10625,0.47,17215488,2211840,146,0,1,5,6,post_set,246,3841.9,44,8
2026-10-03T12:06:54.883+08:00,3075.1,setting,10.0,0,248,0,104556,0,545531,3.92,404316160,438587392,4512,993,1019,698,714,10671,0.47,17215488,2211840,146,0,1,5,6,post_set,247,3851.9,44,8
2026-10-03T12:07:04.887+08:00,3085.0,setting,10.0,0,249,0,104556,0,546000,4.70,404738048,438771712,4512,993,1019,698,714,10718,0.47,17223680,2211840,146,0,1,5,6,post_set,248,3861.9,44,8
2026-10-03T12:07:14.847+08:00,3095.0,setting,10.0,0,250,0,104556,0,546359,3.59,404647936,438681600,4512,993,1019,698,714,10796,0.78,17223680,2211840,146,0,1,5,6,post_set,249,3871.9,44,8
2026-10-03T12:07:24.911+08:00,3105.1,setting,10.1,0,251,0,104556,0,546765,4.04,404525056,438800384,4512,993,1019,698,714,10828,0.31,17223680,2211840,146,0,1,5,6,post_set,250,3881.9,44,8
2026-10-03T12:07:34.874+08:00,3115.1,setting,10.0,0,252,0,104556,0,547187,4.23,404459520,438743040,4512,993,1019,698,714,10859,0.31,17223680,2211840,146,0,1,5,6,post_set,251,3891.9,44,8
2026-10-03T12:07:44.846+08:00,3125.0,setting,10.0,0,253,0,104556,0,547578,3.92,404578304,438861824,4511,993,1019,698,714,10890,0.31,17223680,2211840,146,0,1,5,6,post_set,252,3901.9,44,8
2026-10-03T12:07:54.910+08:00,3135.1,setting,10.1,0,254,0,104556,0,547984,4.03,404426752,438665216,4504,993,1019,697,714,10921,0.31,17223680,2211840,146,0,1,5,6,post_set,253,3911.9,44,8
2026-10-03T12:08:04.874+08:00,3145.1,setting,10.0,0,255,0,104556,0,548406,4.23,404828160,438829056,4504,993,1019,699,714,10937,0.16,17223680,2211840,146,0,1,5,6,post_set,254,3921.9,44,8
2026-10-03T12:08:14.836+08:00,3155.0,setting,10.0,0,256,0,104556,0,548781,3.77,404803584,438804480,4504,993,1019,699,714,10984,0.47,17203200,2179072,146,0,1,5,6,post_set,255,3931.8,44,8
2026-10-03T12:08:24.892+08:00,3165.1,setting,10.1,0,257,0,104556,0,549171,3.88,404680704,438923264,4504,993,1019,698,714,11031,0.47,17240064,2244608,146,0,1,5,6,post_set,256,3941.9,44,8
2026-10-03T12:08:34.862+08:00,3175.1,setting,10.0,0,258,0,104556,0,549562,3.92,404561920,438804480,4504,993,1019,698,714,11046,0.16,17240064,2244608,146,0,1,5,6,post_set,257,3951.9,44,8
2026-10-03T12:08:44.859+08:00,3185.0,setting,10.0,0,259,0,104556,0,549968,4.07,404680704,438923264,4504,993,1019,699,714,11093,0.47,17240064,2244608,146,0,1,5,6,post_set,258,3961.9,44,8
2026-10-03T12:08:54.829+08:00,3195.0,setting,10.0,0,260,0,104556,0,550390,4.22,404578304,438882304,4506,993,1019,699,714,11156,0.63,17240064,2244608,146,0,1,5,6,post_set,259,3971.8,44,8
2026-10-03T12:09:04.900+08:00,3205.1,setting,10.1,0,261,0,104556,0,550750,3.57,404996096,439046144,4511,993,1019,699,714,11187,0.31,17240064,2244608,146,0,1,5,6,post_set,260,3981.9,44,8
2026-10-03T12:09:14.868+08:00,3215.1,setting,10.0,0,262,0,104556,0,551140,3.92,404877312,438927360,4511,993,1019,699,714,11218,0.31,17244160,2244608,146,0,1,5,6,post_set,261,3991.9,44,8
2026-10-03T12:09:24.835+08:00,3225.0,setting,10.0,0,263,0,104556,0,551546,4.08,404754432,439046144,4511,993,1019,699,714,11250,0.31,17244160,2244608,146,0,1,5,6,post_set,262,4001.8,44,8
2026-10-03T12:09:34.926+08:00,3235.1,setting,10.1,0,264,0,104556,0,552015,4.66,404635648,438927360,4511,993,1019,700,714,11281,0.31,17244160,2244608,146,0,1,5,6,post_set,263,4011.9,44,8
2026-10-03T12:09:44.896+08:00,3245.1,setting,10.0,0,265,0,104556,0,552375,3.60,404762624,439046144,4511,993,1019,700,714,11343,0.63,17244160,2244608,146,0,1,5,6,post_set,264,4021.9,44,8
2026-10-03T12:09:54.858+08:00,3255.1,setting,10.0,0,266,0,104556,0,552796,4.23,404643840,438927360,4511,993,1019,700,714,11390,0.47,17244160,2244608,146,0,1,5,6,post_set,265,4031.9,44,8
2026-10-03T12:10:04.812+08:00,3265.0,setting,10.0,0,267,0,104556,0,553203,4.08,405004288,439046144,4511,993,1019,699,714,11421,0.31,17244160,2244608,146,0,1,5,6,post_set,266,4041.8,44,8
2026-10-03T12:10:14.894+08:00,3275.1,setting,10.1,0,268,0,104556,0,553562,3.57,404885504,438927360,4511,993,1019,699,714,11437,0.16,17244160,2244608,146,0,1,5,6,post_set,267,4051.9,44,8
2026-10-03T12:10:24.858+08:00,3285.1,setting,10.0,0,269,0,104556,0,553984,4.23,404762624,439046144,4511,993,1019,699,714,11484,0.47,17244160,2244608,146,0,1,5,6,post_set,268,4061.9,44,8
2026-10-03T12:10:34.828+08:00,3295.0,setting,10.0,0,270,0,104556,0,554390,4.08,404643840,438927360,4511,993,1019,700,714,11515,0.31,17244160,2244608,146,0,1,5,6,post_set,269,4071.8,44,8
2026-10-03T12:10:44.894+08:00,3305.1,setting,10.1,0,271,0,104556,0,554750,3.57,404762624,439046144,4511,993,1019,699,714,11546,0.31,17244160,2244608,146,0,1,5,6,post_set,270,4081.9,44,8
2026-10-03T12:10:54.864+08:00,3315.1,setting,10.0,0,272,0,104556,0,555171,4.23,404643840,438927360,4511,993,1019,699,714,11578,0.31,17244160,2244608,146,0,1,5,6,post_set,271,4091.9,44,8
2026-10-03T12:11:04.830+08:00,3325.0,setting,10.0,0,273,0,104556,0,555578,4.07,405004288,439046144,4511,993,1019,699,714,11640,0.63,17244160,2244608,146,0,1,5,6,post_set,272,4101.8,44,8
2026-10-03T12:11:14.898+08:00,3335.1,setting,10.1,0,274,0,104556,0,555968,3.88,404901888,438939648,4511,993,1019,699,714,11671,0.31,17244160,2244608,146,0,1,5,6,post_set,273,4111.9,44,8
2026-10-03T12:11:24.856+08:00,3345.1,setting,10.0,0,275,0,104556,0,556375,4.08,404783104,439058432,4511,993,1019,699,714,11703,0.31,17244160,2244608,146,0,1,5,6,post_set,274,4121.9,44,8
2026-10-03T12:11:34.817+08:00,3355.0,setting,10.0,0,276,0,104556,0,556734,3.61,404664320,438939648,4511,993,1019,699,714,11718,0.16,17244160,2244608,146,0,1,5,6,post_set,275,4131.8,44,8
2026-10-03T12:11:44.879+08:00,3365.1,setting,10.1,0,277,0,104556,0,557140,4.04,404783104,439058432,4511,993,1019,699,714,11750,0.31,17244160,2244608,146,0,1,5,6,post_set,276,4141.9,44,8
2026-10-03T12:11:54.837+08:00,3375.0,setting,10.0,0,278,0,104556,0,557515,3.76,404664320,438939648,4511,993,1019,699,714,11765,0.16,17244160,2244608,146,0,1,5,6,post_set,277,4151.8,44,8
2026-10-03T12:12:04.896+08:00,3385.1,setting,10.1,0,279,0,104556,0,557921,4.04,405024768,439058432,4511,993,1019,699,714,11812,0.47,17244160,2244608,146,0,1,5,6,post_set,278,4161.9,44,8
2026-10-03T12:12:14.865+08:00,3395.1,setting,10.0,0,280,0,104556,0,558328,4.08,404881408,438861824,4504,993,1019,698,714,11843,0.31,17244160,2244608,146,0,1,5,6,post_set,279,4171.9,44,8
2026-10-03T12:12:24.824+08:00,3405.0,setting,10.0,0,281,0,104556,0,558703,3.76,404758528,438980608,4504,993,1019,698,714,11890,0.47,17244160,2244608,146,0,1,5,6,post_set,280,4181.8,44,8
2026-10-03T12:12:34.895+08:00,3415.1,setting,10.1,0,282,0,104556,0,559171,4.66,404639744,438861824,4504,993,1019,698,714,11921,0.31,17244160,2244608,146,0,1,5,6,post_set,281,4191.9,44,8
2026-10-03T12:12:44.860+08:00,3425.1,setting,10.0,0,283,0,104556,0,559593,4.23,404758528,438980608,4504,993,1019,698,714,11953,0.31,17244160,2244608,146,0,1,5,6,post_set,282,4201.9,44,8
2026-10-03T12:12:54.827+08:00,3435.0,setting,10.0,0,284,0,104556,0,560015,4.23,404639744,438861824,4504,993,1019,698,714,12000,0.47,17244160,2244608,146,0,1,5,6,post_set,283,4211.8,44,8
2026-10-03T12:13:04.891+08:00,3445.1,setting,10.1,0,285,0,104556,0,560453,4.35,403730432,437194752,4504,993,1019,697,714,12031,0.31,17244160,2244608,146,0,1,5,6,post_set,284,4221.9,44,8
2026-10-03T12:13:14.860+08:00,3455.1,setting,10.0,0,286,0,104556,0,560875,4.24,403959808,438038528,4504,993,1019,697,714,12062,0.31,17248256,2244608,146,0,1,5,6,post_set,285,4231.9,44,8
2026-10-03T12:13:24.818+08:00,3465.0,setting,10.0,0,287,0,104556,0,561281,4.07,403935232,438247424,4504,993,1019,697,714,12093,0.31,17248256,2244608,146,0,1,5,6,post_set,286,4241.8,44,8
2026-10-03T12:13:34.874+08:00,3475.1,setting,10.1,0,288,0,104556,0,561781,4.97,404033536,438407168,4506,993,1019,697,714,12125,0.31,17248256,2244608,146,0,1,5,6,post_set,287,4251.9,44,8
2026-10-03T12:13:44.832+08:00,3485.0,setting,10.0,0,289,0,104556,0,562234,4.55,404156416,438525952,4506,993,1019,697,714,12156,0.31,17248256,2244608,146,0,1,5,6,post_set,288,4261.8,44,8
2026-10-03T12:13:54.901+08:00,3495.1,setting,10.1,0,290,0,104556,0,562734,4.97,404324352,439369728,4519,997,1019,704,714,12171,0.16,17248256,2244608,146,0,1,5,6,post_set,289,4271.9,44,8
2026-10-03T12:14:04.859+08:00,3505.1,setting,10.0,0,291,0,104556,0,563390,6.58,407646208,442224640,4600,993,1019,710,714,12218,0.47,17276928,2244608,146,0,1,5,6,post_set,290,4281.9,44,8
2026-10-03T12:14:14.817+08:00,3515.0,setting,10.0,0,292,0,104556,0,563828,4.39,407490560,442118144,4595,993,1019,709,714,12250,0.31,17276928,2244608,146,0,1,5,6,post_set,291,4291.8,44,8
2026-10-03T12:14:24.886+08:00,3525.1,setting,10.1,0,293,0,104556,0,564328,4.97,407629824,442314752,4608,993,1019,710,714,12265,0.16,17276928,2244608,146,0,1,5,6,post_set,292,4301.9,44,8
2026-10-03T12:14:34.855+08:00,3535.0,setting,10.0,0,294,0,104556,0,564765,4.39,407506944,442114048,4593,993,1019,705,714,12312,0.47,17276928,2244608,146,0,1,5,6,post_set,293,4311.9,44,8
2026-10-03T12:14:44.918+08:00,3545.1,setting,10.1,0,295,0,104556,0,565281,5.12,407670784,443203584,4606,997,1019,712,714,12343,0.31,17276928,2244608,146,0,1,5,6,post_set,294,4321.9,44,8
2026-10-03T12:14:54.875+08:00,3555.1,setting,10.0,0,296,0,104556,0,565812,5.33,408285184,443158528,4629,993,1019,713,715,12375,0.31,17285120,2244608,146,0,1,5,6,post_set,295,4331.9,44,8
2026-10-03T12:15:04.837+08:00,3565.0,setting,10.0,0,297,0,104556,0,566250,4.39,408616960,443121664,4606,993,1019,710,715,12390,0.16,17285120,2244608,146,0,1,5,6,post_set,296,4341.8,44,8
2026-10-03T12:15:14.899+08:00,3575.1,setting,10.1,0,298,0,104556,0,566703,4.50,408432640,443002880,4606,993,1019,710,715,12421,0.31,17285120,2244608,146,0,1,5,6,post_set,297,4351.9,44,8
2026-10-03T12:15:24.872+08:00,3585.1,setting,10.0,0,299,0,104556,0,567109,4.08,408182784,442810368,4574,993,1019,703,715,12453,0.31,17285120,2244608,146,0,1,5,6,post_set,298,4361.9,44,8
2026-10-03T12:15:34.844+08:00,3595.0,setting,10.0,0,300,0,104556,0,567562,4.54,408064000,442691584,4574,993,1019,703,715,12500,0.47,17285120,2244608,146,0,1,5,6,post_set,299,4371.9,44,8
2026-10-03T12:15:44.916+08:00,3605.1,setting,10.1,0,301,0,104556,0,567984,4.19,408461312,442966016,4589,993,1019,705,715,12531,0.31,17285120,2244608,146,0,1,5,6,post_set,300,4381.9,44,8
2026-10-03T12:15:54.878+08:00,3615.1,setting,10.0,0,302,0,104556,0,568421,4.39,408363008,442925056,4598,993,1019,706,715,12578,0.47,17285120,2244608,146,0,1,5,6,post_set,301,4391.9,44,8
2026-10-03T12:16:04.849+08:00,3625.0,setting,10.0,0,303,0,104556,0,568781,3.61,408489984,443043840,4598,993,1019,706,715,12609,0.31,17285120,2244608,146,0,1,5,6,post_set,302,4401.9,44,8
2026-10-03T12:16:14.910+08:00,3635.1,setting,10.1,0,304,0,104556,0,569187,4.03,408371200,442925056,4598,993,1019,706,715,12640,0.31,17285120,2244608,146,0,1,5,6,post_set,303,4411.9,44,8
2026-10-03T12:16:24.878+08:00,3645.1,setting,10.0,0,305,0,104556,0,569625,4.39,408223744,442810368,4573,993,1019,703,715,12656,0.16,17285120,2244608,146,0,1,5,6,post_set,304,4421.9,44,8
2026-10-03T12:16:34.847+08:00,3655.0,setting,10.0,0,306,0,104556,0,570062,4.39,408104960,442691584,4573,993,1019,703,715,12687,0.31,17285120,2244608,146,0,1,5,6,post_set,305,4431.9,44,8
2026-10-03T12:16:44.918+08:00,3665.1,setting,10.1,0,307,0,104556,0,570515,4.50,408047616,442343424,4541,993,1019,701,715,12718,0.31,17285120,2244608,146,0,1,5,6,post_set,306,4441.9,44,8
2026-10-03T12:16:54.890+08:00,3675.1,setting,10.0,0,308,0,104556,0,570890,3.76,407928832,442224640,4541,993,1019,701,715,12781,0.63,17285120,2244608,146,0,1,5,6,post_set,307,4451.9,44,8
2026-10-03T12:17:04.878+08:00,3685.1,setting,10.0,0,309,0,104556,0,571359,4.69,408289280,442343424,4541,993,1019,701,715,12812,0.31,17285120,2244608,146,0,1,5,6,post_set,308,4461.9,44,8
2026-10-03T12:17:14.841+08:00,3695.0,setting,10.0,0,310,0,104556,0,571765,4.08,408256512,442380288,4557,993,1019,703,715,12843,0.31,17285120,2244608,146,0,1,5,6,post_set,309,4471.9,44,8
2026-10-03T12:17:24.917+08:00,3705.1,setting,10.1,0,311,0,104556,0,572328,5.58,408395776,442576896,4566,993,1019,704,715,12875,0.31,17285120,2244608,146,0,1,5,6,post_set,310,4481.9,44,8
2026-10-03T12:17:34.885+08:00,3715.1,setting,10.0,0,312,0,104556,0,572718,3.92,408035328,442458112,4566,993,1019,704,715,12906,0.31,17285120,2244608,146,0,1,5,6,post_set,311,4491.9,44,8
2026-10-03T12:17:44.855+08:00,3725.0,setting,10.0,0,313,0,104556,0,573125,4.08,408154112,442576896,4566,993,1019,704,715,12937,0.31,17285120,2244608,146,0,1,5,6,post_set,312,4501.9,44,8
2026-10-03T12:17:54.929+08:00,3735.1,setting,10.1,0,314,0,104556,0,573546,4.19,407879680,442068992,4527,993,1019,699,715,12984,0.47,17285120,2244608,146,0,1,5,6,post_set,313,4511.9,44,8
2026-10-03T12:18:04.900+08:00,3745.1,setting,10.0,0,315,0,104556,0,573968,4.23,408240128,442187776,4527,993,1019,699,715,13031,0.47,17285120,2244608,146,0,1,5,6,post_set,314,4521.9,44,8
2026-10-03T12:18:14.866+08:00,3755.1,setting,10.0,0,316,0,104556,0,574343,3.76,408121344,442068992,4527,993,1019,699,715,13078,0.47,17285120,2244608,146,0,1,5,6,post_set,315,4531.9,44,8
2026-10-03T12:18:24.829+08:00,3765.0,setting,10.0,0,317,0,104556,0,574812,4.70,408285184,442343424,4543,993,1019,701,715,13109,0.31,17285120,2244608,146,0,1,5,6,post_set,316,4541.8,44,8
2026-10-03T12:18:34.893+08:00,3775.1,setting,10.1,0,318,0,104556,0,575203,3.88,408272896,442302464,4552,993,1019,702,715,13125,0.16,17285120,2244608,146,0,1,5,6,post_set,317,4551.9,44,8
2026-10-03T12:18:44.865+08:00,3785.1,setting,10.0,0,319,0,104556,0,575656,4.55,408158208,442421248,4552,993,1019,702,715,13156,0.31,17285120,2244608,146,0,1,5,6,post_set,318,4561.9,44,8
2026-10-03T12:18:54.818+08:00,3795.0,setting,10.0,0,320,0,104556,0,576109,4.55,404439040,437665792,4552,993,1019,701,715,13187,0.31,17289216,2244608,146,0,1,5,6,post_set,319,4571.8,44,8
2026-10-03T12:19:04.897+08:00,3805.1,setting,10.1,0,321,0,104556,0,576640,5.28,405430272,438980608,4532,993,1019,698,715,13218,0.31,17289216,2244608,146,0,1,5,6,post_set,320,4581.9,44,8
2026-10-03T12:19:14.867+08:00,3815.1,setting,10.0,0,322,0,104556,0,577125,4.86,405389312,438890496,4532,993,1019,698,715,13250,0.31,17289216,2244608,146,0,1,5,6,post_set,321,4591.9,44,8
2026-10-03T12:19:24.841+08:00,3825.0,setting,10.0,0,323,0,104556,0,577546,4.23,405295104,439037952,4532,993,1019,698,715,13296,0.47,17289216,2244608,146,0,1,5,6,post_set,322,4601.8,44,8
2026-10-03T12:19:34.910+08:00,3835.1,setting,10.1,0,324,0,104556,0,577968,4.19,405184512,438919168,4532,993,1019,698,715,13328,0.31,17289216,2244608,146,0,1,5,6,post_set,323,4611.9,44,8
2026-10-03T12:19:44.874+08:00,3845.1,setting,10.0,0,325,0,104556,0,578375,4.08,405348352,439066624,4532,993,1019,698,715,13359,0.31,17289216,2244608,146,0,1,5,6,post_set,324,4621.9,44,8
2026-10-03T12:19:54.843+08:00,3855.0,setting,10.0,0,326,0,104556,0,578828,4.55,405229568,438947840,4532,993,1019,698,715,13390,0.31,17289216,2244608,146,0,1,5,6,post_set,325,4631.9,44,8
2026-10-03T12:20:04.902+08:00,3865.1,setting,10.1,0,327,0,104556,0,579312,4.81,405590016,439066624,4532,993,1019,698,715,13421,0.31,17289216,2244608,146,0,1,5,6,post_set,326,4641.9,44,8
2026-10-03T12:20:14.899+08:00,3875.1,setting,10.0,0,328,0,104556,0,579781,4.70,405536768,439066624,4534,993,1019,698,715,13453,0.31,17289216,2244608,146,0,1,5,6,post_set,327,4651.9,44,8
2026-10-03T12:20:24.860+08:00,3885.1,setting,10.0,0,329,0,104556,0,580203,4.22,405495808,439283712,4534,993,1019,698,715,13515,0.63,17289216,2244608,146,0,1,5,6,post_set,328,4661.9,44,8
2026-10-03T12:20:34.829+08:00,3895.0,setting,10.0,0,330,0,104556,0,580593,3.92,405377024,439164928,4534,993,1019,698,715,13531,0.16,17293312,2244608,146,0,1,5,6,post_set,329,4671.8,44,8
2026-10-03T12:20:44.897+08:00,3905.1,setting,10.1,0,331,0,104556,0,581000,4.04,405508096,439283712,4534,993,1019,698,715,13562,0.31,17293312,2244608,146,0,1,5,6,post_set,330,4681.9,44,8
2026-10-03T12:20:54.868+08:00,3915.1,setting,10.0,0,332,0,104556,0,581453,4.55,405393408,439164928,4534,993,1019,698,715,13593,0.31,17293312,2244608,146,0,1,5,6,post_set,331,4691.9,44,8
2026-10-03T12:21:04.841+08:00,3925.0,setting,10.0,0,333,0,104556,0,581812,3.60,405757952,439287808,4534,993,1019,698,715,13640,0.47,17293312,2244608,146,0,1,5,6,post_set,332,4701.8,44,8
2026-10-03T12:21:14.920+08:00,3935.1,setting,10.1,0,334,0,104556,0,582234,4.18,405594112,439091200,4528,993,1019,698,715,13703,0.62,17293312,2244608,146,0,1,5,6,post_set,333,4711.9,44,8
2026-10-03T12:21:24.882+08:00,3945.1,setting,10.0,0,335,0,104556,0,582656,4.23,405471232,439209984,4528,993,1019,698,715,13734,0.31,17293312,2244608,146,0,1,5,6,post_set,334,4721.9,44,8
2026-10-03T12:21:34.859+08:00,3955.0,setting,10.0,0,336,0,104556,0,583109,4.55,405356544,439095296,4528,993,1019,698,715,13750,0.16,17293312,2244608,146,0,1,5,6,post_set,335,4731.9,44,8
2026-10-03T12:21:44.930+08:00,3965.1,setting,10.1,0,337,0,104556,0,583593,4.81,405487616,439226368,4528,993,1019,698,715,13781,0.31,17293312,2244608,146,0,1,5,6,post_set,336,4741.9,44,8
2026-10-03T12:21:54.887+08:00,3975.1,setting,10.0,0,338,0,104556,0,584031,4.39,405368832,439107584,4528,993,1019,698,715,13812,0.31,17293312,2244608,146,0,1,5,6,post_set,337,4751.9,44,8
2026-10-03T12:22:04.856+08:00,3985.0,setting,10.0,0,339,0,104556,0,584421,3.92,404987904,439181312,4526,993,1019,698,715,13843,0.31,17293312,2244608,146,0,1,5,6,post_set,338,4761.9,44,8
2026-10-03T12:22:14.920+08:00,3995.1,setting,10.1,0,340,0,104556,0,584812,3.88,404869120,439062528,4526,993,1019,698,715,13875,0.31,17293312,2244608,146,0,1,5,6,post_set,339,4771.9,44,8
2026-10-03T12:22:24.887+08:00,4005.1,setting,10.0,0,341,0,104556,0,585250,4.39,404779008,439218176,4530,993,1019,699,715,13906,0.31,17293312,2244608,146,0,1,5,6,post_set,340,4781.9,44,8
2026-10-03T12:22:34.857+08:00,4015.0,setting,10.0,0,342,0,104556,0,585671,4.23,404639744,439021568,4522,993,1019,698,715,13937,0.31,17293312,2244608,146,0,1,5,6,post_set,341,4791.9,44,8
2026-10-03T12:22:44.932+08:00,4025.1,setting,10.1,0,343,0,104556,0,586062,3.88,404758528,439140352,4522,993,1019,698,715,13968,0.31,17293312,2244608,146,0,1,5,6,post_set,342,4801.9,44,8
2026-10-03T12:22:54.900+08:00,4035.1,setting,10.0,0,344,0,104556,0,586468,4.07,404639744,439021568,4522,993,1019,698,715,14015,0.47,17293312,2244608,146,0,1,5,6,post_set,343,4811.9,44,8
2026-10-03T12:23:04.869+08:00,4045.1,setting,10.0,0,345,0,104556,0,586859,3.92,405000192,439140352,4522,993,1019,698,715,14046,0.31,17293312,2244608,146,0,1,5,6,post_set,344,4821.9,44,8
2026-10-03T12:23:14.827+08:00,4055.0,setting,10.0,0,346,0,104556,0,587218,3.61,404881408,439021568,4522,993,1019,698,715,14109,0.63,17293312,2244608,146,0,1,5,6,post_set,345,4831.8,44,8
2026-10-03T12:23:24.891+08:00,4065.1,setting,10.1,0,347,0,104556,0,587609,3.88,404758528,439140352,4522,993,1019,698,715,14140,0.31,17293312,2244608,146,0,1,5,6,post_set,346,4841.9,44,8
2026-10-03T12:23:34.860+08:00,4075.1,setting,10.0,0,348,0,104556,0,588000,3.92,404639744,439021568,4522,993,1019,698,715,14171,0.31,17293312,2244608,146,0,1,5,6,post_set,347,4851.9,44,8
2026-10-03T12:23:44.833+08:00,4085.0,setting,10.0,0,349,0,104556,0,588375,3.76,404758528,439140352,4522,993,1019,698,715,14203,0.31,17293312,2244608,146,0,1,5,6,post_set,348,4861.8,44,8
2026-10-03T12:23:54.896+08:00,4095.1,setting,10.1,0,350,0,104556,0,588718,3.41,404639744,439021568,4522,993,1019,698,715,14234,0.31,17293312,2244608,146,0,1,5,6,post_set,349,4871.9,44,8
2026-10-03T12:24:04.872+08:00,4105.1,setting,10.0,0,351,0,104556,0,589156,4.39,405000192,439140352,4522,993,1019,698,715,14250,0.16,17293312,2244608,146,0,1,5,6,post_set,350,4881.9,44,8
2026-10-03T12:24:14.828+08:00,4115.0,setting,10.0,0,352,0,104556,0,589546,3.92,404881408,439021568,4522,993,1019,698,715,14296,0.47,17293312,2244608,146,0,1,5,6,post_set,351,4891.8,44,8
2026-10-03T12:24:24.895+08:00,4125.1,setting,10.1,0,353,0,104556,0,589906,3.57,404758528,439140352,4522,993,1019,698,715,14312,0.16,17293312,2244608,146,0,1,5,6,post_set,352,4901.9,44,8
2026-10-03T12:24:34.857+08:00,4135.1,setting,10.0,0,354,0,104556,0,590265,3.61,404623360,438943744,4516,993,1019,697,715,14343,0.31,17293312,2244608,146,0,1,5,6,post_set,353,4911.9,44,8
2026-10-03T12:24:44.927+08:00,4145.1,setting,10.1,0,355,0,104556,0,590640,3.73,404742144,439062528,4516,993,1019,697,715,14375,0.31,17297408,2244608,146,0,1,5,6,post_set,354,4921.9,44,8
2026-10-03T12:24:54.891+08:00,4155.1,setting,10.0,0,356,0,104556,0,591062,4.23,404639744,439021568,4520,993,1019,697,715,14390,0.16,17297408,2244608,146,0,1,5,6,post_set,355,4931.9,44,8
2026-10-03T12:25:04.863+08:00,4165.1,setting,10.0,0,357,0,104556,0,591437,3.76,405008384,439140352,4523,993,1019,698,715,14421,0.31,17297408,2244608,146,0,1,5,6,post_set,356,4941.9,44,8
2026-10-03T12:25:14.825+08:00,4175.0,setting,10.0,0,358,0,104556,0,591843,4.08,404889600,439021568,4523,993,1019,698,715,14453,0.31,17297408,2244608,146,0,1,5,6,post_set,357,4951.8,44,8
2026-10-03T12:25:24.886+08:00,4185.1,setting,10.1,0,359,0,104556,0,592250,4.04,404766720,439140352,4523,993,1019,698,715,14484,0.31,17297408,2244608,146,0,1,5,6,post_set,358,4961.9,44,8
2026-10-03T12:25:34.854+08:00,4195.0,setting,10.0,0,360,0,104556,0,592640,3.92,404647936,439021568,4523,993,1019,698,715,14515,0.31,17297408,2244608,146,0,1,5,6,post_set,359,4971.9,44,8
2026-10-03T12:25:44.923+08:00,4205.1,setting,10.1,0,361,0,104556,0,593046,4.03,404770816,439140352,4523,993,1019,698,715,14562,0.47,17297408,2244608,146,0,1,5,6,post_set,360,4981.9,44,8
2026-10-03T12:25:54.892+08:00,4215.1,setting,10.0,0,362,0,104556,0,593421,3.76,404652032,439021568,4523,993,1019,698,715,14593,0.31,17297408,2244608,146,0,1,5,6,post_set,361,4991.9,44,8
2026-10-03T12:26:04.862+08:00,4225.0,setting,10.0,0,363,0,104556,0,593828,4.08,405012480,439140352,4523,993,1019,698,715,14625,0.31,17297408,2244608,146,0,1,5,6,post_set,362,5001.9,44,8
2026-10-03T12:26:14.832+08:00,4235.0,setting,10.0,0,364,0,104556,0,594234,4.07,404946944,439083008,4523,993,1019,698,715,14656,0.31,17301504,2244608,146,0,1,5,6,post_set,363,5011.8,44,8
2026-10-03T12:26:24.909+08:00,4245.1,setting,10.1,0,365,0,104556,0,594656,4.19,404824064,439201792,4523,993,1019,698,715,14687,0.31,17301504,2244608,146,0,1,5,6,post_set,364,5021.9,44,8
2026-10-03T12:26:34.879+08:00,4255.1,setting,10.0,0,366,0,104556,0,595015,3.60,404705280,439083008,4523,993,1019,698,715,14718,0.31,17301504,2244608,146,0,1,5,6,post_set,365,5031.9,44,8
2026-10-03T12:26:44.847+08:00,4265.0,setting,10.0,0,367,0,104556,0,595390,3.76,404824064,439201792,4523,993,1019,698,715,14750,0.31,17301504,2244608,146,0,1,5,6,post_set,366,5041.9,44,8
2026-10-03T12:26:54.909+08:00,4275.1,setting,10.1,0,368,0,104556,0,595765,3.72,404709376,439083008,4523,993,1019,698,715,14781,0.31,17301504,2244608,146,0,1,5,6,post_set,367,5051.9,44,8
2026-10-03T12:27:04.877+08:00,4285.1,setting,10.0,0,369,0,104556,0,596125,3.61,405069824,439201792,4523,993,1019,698,715,14828,0.47,17301504,2244608,146,0,1,5,6,post_set,368,5061.9,44,8
2026-10-03T12:27:14.847+08:00,4295.0,setting,10.0,0,370,0,104556,0,596500,3.76,405016576,439148544,4523,993,1019,698,715,14859,0.31,17301504,2244608,146,0,1,5,6,post_set,369,5071.9,44,8
2026-10-03T12:27:24.904+08:00,4305.1,setting,10.1,0,371,0,104556,0,596921,4.19,404897792,439267328,4523,993,1019,698,715,14906,0.47,17301504,2244608,146,0,1,5,6,post_set,370,5081.9,44,8
2026-10-03T12:27:34.865+08:00,4315.1,setting,10.0,0,372,0,104556,0,597328,4.08,404836352,439209984,4523,993,1019,698,715,14921,0.16,17301504,2244608,146,0,1,5,6,post_set,371,5091.9,44,8
2026-10-03T12:27:44.825+08:00,4325.0,setting,10.0,0,373,0,104556,0,597718,3.92,404955136,439328768,4523,993,1019,698,715,14937,0.16,17301504,2244608,146,0,1,5,6,post_set,372,5101.8,44,8
2026-10-03T12:27:54.899+08:00,4335.1,setting,10.1,0,374,0,104556,0,598125,4.04,404811776,439132160,4516,993,1019,697,715,14968,0.31,17301504,2244608,146,0,1,5,6,post_set,373,5111.9,44,8
2026-10-03T12:28:04.864+08:00,4345.1,setting,10.0,0,375,0,104556,0,598515,3.92,405172224,439250944,4516,993,1019,697,715,15000,0.31,17301504,2244608,146,0,1,5,6,post_set,374,5121.9,44,8
2026-10-03T12:28:14.832+08:00,4355.0,setting,10.0,0,376,0,104556,0,598921,4.08,405053440,439132160,4516,993,1019,697,715,15031,0.31,17301504,2244608,146,0,1,5,6,post_set,375,5131.8,44,8
2026-10-03T12:28:24.903+08:00,4365.1,setting,10.1,0,377,0,104556,0,599312,3.88,404934656,439250944,4516,993,1019,697,715,15062,0.31,17301504,2244608,146,0,1,5,6,post_set,376,5141.9,44,8
2026-10-03T12:28:34.867+08:00,4375.1,setting,10.0,0,378,0,104556,0,599718,4.08,404815872,439132160,4516,993,1019,697,715,15125,0.63,17301504,2244608,146,0,1,5,6,post_set,377,5151.9,44,8
2026-10-03T12:28:44.837+08:00,4385.0,setting,10.0,0,379,0,104556,0,600109,3.92,404934656,439250944,4516,993,1019,697,715,15187,0.63,17301504,2244608,146,0,1,5,6,post_set,378,5161.8,44,8
2026-10-03T12:28:54.901+08:00,4395.1,setting,10.1,0,380,0,104556,0,600484,3.72,404815872,439132160,4516,993,1019,697,715,15218,0.31,17301504,2244608,146,0,1,5,6,post_set,379,5171.9,44,8
2026-10-03T12:29:04.867+08:00,4405.1,setting,10.0,0,381,0,104556,0,600859,3.77,405176320,439250944,4516,993,1019,697,715,15250,0.31,17301504,2244608,146,0,1,5,6,post_set,380,5181.9,44,8
2026-10-03T12:29:14.846+08:00,4415.0,setting,10.0,0,382,0,104556,0,601281,4.23,405073920,439148544,4516,993,1019,697,715,15281,0.31,17301504,2244608,146,0,1,5,6,post_set,381,5191.9,44,8
2026-10-03T12:29:24.915+08:00,4425.1,setting,10.1,0,383,0,104556,0,601734,4.49,404951040,439267328,4516,993,1019,697,715,15328,0.46,17301504,2244608,146,0,1,5,6,post_set,382,5201.9,44,8
2026-10-03T12:29:34.904+08:00,4435.1,setting,10.0,0,384,0,104556,0,602203,4.70,404832256,439148544,4516,993,1019,697,715,15375,0.47,17301504,2244608,146,0,1,5,6,post_set,383,5211.9,44,8
2026-10-03T12:29:44.875+08:00,4445.1,setting,10.0,0,385,0,104556,0,602640,4.39,404951040,439267328,4516,993,1019,697,715,15437,0.63,17301504,2244608,146,0,1,5,6,post_set,384,5221.9,44,8
2026-10-03T12:29:54.840+08:00,4455.0,setting,10.0,0,386,0,104556,0,603031,3.92,404832256,439148544,4516,993,1019,697,715,15468,0.31,17301504,2244608,146,0,1,5,6,post_set,385,5231.8,44,8
2026-10-03T12:30:04.909+08:00,4465.1,setting,10.1,0,387,0,104556,0,603421,3.88,405245952,439328768,4516,993,1019,697,715,15500,0.31,17301504,2244608,146,0,1,5,6,post_set,386,5241.9,44,8
2026-10-03T12:30:14.874+08:00,4475.1,setting,10.0,0,388,0,104556,0,603828,4.07,405127168,439209984,4516,993,1019,697,715,15531,0.31,17301504,2244608,146,0,1,5,6,post_set,387,5251.9,44,8
2026-10-03T12:30:24.852+08:00,4485.0,setting,10.0,0,389,0,104556,0,604203,3.76,405016576,439341056,4517,993,1019,699,715,15562,0.31,17305600,2244608,146,0,1,5,6,post_set,388,5261.9,44,8
2026-10-03T12:30:34.920+08:00,4495.1,setting,10.1,0,390,0,104556,0,604640,4.34,404934656,439349248,4517,993,1019,698,715,15593,0.31,17305600,2244608,146,0,1,5,6,post_set,389,5271.9,44,8
2026-10-03T12:30:44.894+08:00,4505.1,setting,10.0,0,391,0,104556,0,605046,4.08,405053440,439468032,4517,993,1019,698,715,15625,0.31,17305600,2244608,146,0,1,5,6,post_set,390,5281.9,44,8
2026-10-03T12:30:54.870+08:00,4515.1,setting,10.0,0,392,0,104556,0,605437,3.92,404934656,439349248,4517,993,1019,698,715,15671,0.47,17305600,2244608,146,0,1,5,6,post_set,391,5291.9,44,8
2026-10-03T12:31:04.942+08:00,4525.1,setting,10.1,0,393,0,104556,0,605968,5.28,405295104,439468032,4517,993,1019,698,715,15718,0.47,17305600,2244608,146,0,1,5,6,post_set,392,5302.0,44,8
2026-10-03T12:31:14.888+08:00,4535.1,setting,10.0,0,394,0,104556,0,606453,4.87,405176320,439349248,4517,993,1019,698,715,15734,0.16,17305600,2244608,146,0,1,5,6,post_set,393,5311.9,44,8
2026-10-03T12:31:24.854+08:00,4545.0,setting,10.0,0,395,0,104556,0,606921,4.69,405053440,439468032,4517,993,1019,698,715,15796,0.63,17305600,2244608,146,0,1,5,6,post_set,394,5321.9,44,8
2026-10-03T12:31:35.118+08:00,4555.2,setting,10.2,0,396,0,104556,0,607328,4.00,404934656,439349248,4517,993,1019,698,715,15843,0.46,17305600,2244608,146,0,1,5,6,post_set,395,5332.1,44,8
2026-10-03T12:31:44.920+08:00,4565.1,setting,9.9,0,397,0,104556,0,607765,4.42,405053440,439468032,4517,993,1019,698,715,15890,0.47,17305600,2244608,146,0,1,5,6,post_set,396,5341.9,44,8
2026-10-03T12:31:54.887+08:00,4575.1,setting,10.0,0,398,0,104556,0,608156,3.92,404967424,439382016,4517,993,1019,698,715,15921,0.31,17309696,2244608,146,0,1,5,6,post_set,397,5351.9,44,8
2026-10-03T12:32:04.855+08:00,4585.0,setting,10.0,0,399,0,104556,0,608562,4.08,405327872,439500800,4517,993,1019,698,715,15953,0.31,17309696,2244608,146,0,1,5,6,post_set,398,5361.9,44,8
2026-10-03T12:32:14.915+08:00,4595.1,setting,10.1,0,400,0,104556,0,608937,3.73,405209088,439382016,4517,993,1019,698,715,15984,0.31,17309696,2244608,146,0,1,5,6,post_set,399,5371.9,44,8
2026-10-03T12:32:24.884+08:00,4605.1,setting,10.0,0,401,0,104556,0,609343,4.08,405086208,439500800,4516,993,1019,698,715,16000,0.16,17309696,2244608,146,0,1,5,6,post_set,400,5381.9,44,8
2026-10-03T12:32:34.856+08:00,4615.0,setting,10.0,0,402,0,104556,0,609750,4.08,404967424,439382016,4517,993,1019,698,715,16031,0.31,17309696,2244608,146,0,1,5,6,post_set,401,5391.9,44,8
2026-10-03T12:32:44.925+08:00,4625.1,setting,10.1,0,403,0,104556,0,610140,3.88,405086208,439500800,4517,993,1019,699,715,16093,0.62,17309696,2244608,146,0,1,5,6,post_set,402,5401.9,44,8
2026-10-03T12:32:54.890+08:00,4635.1,setting,10.0,0,404,0,104556,0,610562,4.23,404967424,439382016,4517,993,1019,698,715,16125,0.31,17309696,2244608,146,0,1,5,6,post_set,403,5411.9,44,8
2026-10-03T12:33:04.866+08:00,4645.0,setting,10.0,0,405,0,104556,0,610937,3.76,405327872,439500800,4517,993,1019,698,715,16156,0.31,17309696,2244608,146,0,1,5,6,post_set,404,5421.9,44,8
2026-10-03T12:33:14.839+08:00,4655.0,setting,10.0,0,406,0,104556,0,611296,3.60,405209088,439382016,4517,993,1019,698,715,16187,0.31,17309696,2244608,146,0,1,5,6,post_set,405,5431.8,44,8
2026-10-03T12:33:24.906+08:00,4665.1,setting,10.1,0,407,0,104556,0,612421,11.17,408322048,442376192,4713,997,1040,709,715,16234,0.47,17309696,2244608,146,0,1,5,6,post_set,406,5441.9,44,8
2026-10-03T12:33:34.868+08:00,4675.1,setting,10.0,0,408,0,104556,0,612875,4.55,408252416,442228736,4718,993,1040,709,715,16265,0.31,17309696,2244608,146,0,1,5,6,post_set,407,5451.9,44,8
2026-10-03T12:33:44.861+08:00,4685.0,setting,10.0,0,409,0,104556,0,613234,3.61,408403968,442413056,4718,993,1040,709,715,16296,0.31,17309696,2244608,146,0,1,5,6,post_set,408,5461.9,44,8
2026-10-03T12:33:54.930+08:00,4695.1,setting,10.1,0,410,0,104556,0,613625,3.87,408240128,442138624,4702,993,1040,706,715,16359,0.62,17309696,2244608,146,0,1,5,6,post_set,409,5471.9,44,8
2026-10-03T12:34:04.896+08:00,4705.1,setting,10.0,0,411,0,104556,0,614015,3.92,408600576,442265600,4702,993,1040,706,715,16406,0.47,17309696,2244608,146,0,1,5,6,post_set,410,5481.9,44,8
2026-10-03T12:34:14.857+08:00,4715.1,setting,10.0,0,412,0,104556,0,614484,4.71,408481792,442138624,4700,993,1040,706,715,16437,0.31,17309696,2244608,146,0,1,5,6,post_set,411,5491.9,44,8
2026-10-03T12:34:24.929+08:00,4725.1,setting,10.1,0,413,0,104556,0,614875,3.88,407216128,442249216,4550,993,1040,703,715,16468,0.31,17309696,2244608,146,0,1,5,6,post_set,412,5501.9,44,8
2026-10-03T12:34:34.902+08:00,4735.1,setting,10.0,0,414,0,104556,0,615250,3.76,407101440,442130432,4550,993,1040,704,715,16515,0.47,17309696,2244608,146,0,1,5,6,post_set,413,5511.9,44,8
2026-10-03T12:34:44.862+08:00,4745.1,setting,10.0,0,415,0,104556,0,615640,3.92,407220224,442249216,4550,993,1040,703,715,16562,0.47,17309696,2244608,146,0,1,5,6,post_set,414,5521.9,44,8
2026-10-03T12:34:54.829+08:00,4755.0,setting,10.0,0,416,0,104556,0,616015,3.76,407101440,442130432,4550,993,1040,703,715,16593,0.31,17309696,2244608,146,0,1,5,6,post_set,415,5531.8,44,8
2026-10-03T12:35:04.903+08:00,4765.1,setting,10.1,0,417,0,104556,0,616421,4.04,407461888,442249216,4550,993,1040,703,715,16625,0.31,17309696,2244608,146,0,1,5,6,post_set,416,5541.9,44,8
2026-10-03T12:35:14.873+08:00,4775.1,setting,10.0,0,418,0,104556,0,616812,3.92,407347200,442130432,4551,993,1040,704,715,16671,0.47,17309696,2244608,146,0,1,5,6,post_set,417,5551.9,44,8
2026-10-03T12:35:24.847+08:00,4785.0,setting,10.0,0,419,0,104556,0,617187,3.76,404320256,438972416,4550,993,1040,704,715,16703,0.31,17309696,2244608,146,0,1,5,6,post_set,418,5561.9,44,8
2026-10-03T12:35:34.916+08:00,4795.1,setting,10.1,0,420,0,104556,0,617531,3.41,404328448,438976512,4551,993,1040,704,715,16734,0.31,17309696,2244608,146,0,1,5,6,post_set,419,5571.9,44,8
2026-10-03T12:35:44.906+08:00,4805.1,setting,10.0,0,421,0,104556,0,617906,3.76,404332544,438784000,4525,993,1040,699,715,16781,0.47,17309696,2244608,146,0,1,5,6,post_set,420,5581.9,44,8
2026-10-03T12:35:54.873+08:00,4815.1,setting,10.0,0,422,0,104556,0,618281,3.75,404267008,438722560,4526,993,1040,700,715,16843,0.63,17309696,2244608,146,0,1,5,6,post_set,421,5591.9,44,8
2026-10-03T12:36:04.839+08:00,4825.0,setting,10.0,0,423,0,104556,0,618640,3.61,404668416,438865920,4526,993,1040,700,715,16859,0.16,17313792,2244608,146,0,1,5,6,post_set,422,5601.8,44,8
2026-10-03T12:36:14.909+08:00,4835.1,setting,10.1,0,424,0,104556,0,619031,3.88,404586496,438775808,4525,993,1040,699,715,16890,0.31,17313792,2244608,146,0,1,5,6,post_set,423,5611.9,44,8
2026-10-03T12:36:24.878+08:00,4845.1,setting,10.0,0,425,0,104556,0,619437,4.07,404471808,438894592,4524,993,1040,700,715,16937,0.47,17313792,2244608,146,0,1,5,6,post_set,424,5621.9,44,8
2026-10-03T12:36:34.843+08:00,4855.0,setting,10.0,0,426,0,104556,0,619843,4.07,404389888,438812672,4525,993,1040,700,715,16968,0.31,17313792,2244608,146,0,1,5,6,post_set,425,5631.8,44,8
2026-10-03T12:36:44.911+08:00,4865.1,setting,10.1,0,427,0,104556,0,620203,3.57,404520960,438931456,4525,993,1040,699,715,17000,0.31,17313792,2244608,146,0,1,5,6,post_set,426,5641.9,44,8
2026-10-03T12:36:54.886+08:00,4875.1,setting,10.0,0,428,0,104556,0,620609,4.08,404353024,438734848,4518,993,1040,699,715,17031,0.31,17313792,2244608,146,0,1,5,6,post_set,427,5651.9,44,8
2026-10-03T12:37:04.857+08:00,4885.0,setting,10.0,0,429,0,104556,0,621015,4.07,404717568,438853632,4518,993,1040,699,715,17078,0.47,17313792,2244608,146,0,1,5,6,post_set,428,5661.9,44,8
2026-10-03T12:37:14.932+08:00,4895.1,setting,10.1,0,430,0,104556,0,621406,3.88,404602880,438734848,4518,993,1040,698,715,17125,0.47,17313792,2244608,146,0,1,5,6,post_set,429,5671.9,44,8
2026-10-03T12:37:24.981+08:00,4905.2,setting,10.0,0,431,0,104556,0,621937,5.29,404492288,438853632,4518,993,1040,698,715,17171,0.47,17313792,2244608,146,0,1,5,6,post_set,430,5682.0,44,8
2026-10-03T12:37:34.906+08:00,4915.1,setting,9.9,0,432,0,104556,0,622406,4.72,404426752,438796288,4517,993,1040,699,715,17234,0.63,17313792,2244608,146,0,1,5,6,post_set,431,5691.9,44,8
2026-10-03T12:37:44.880+08:00,4925.1,setting,10.0,0,433,0,104556,0,622828,4.23,404549632,438915072,4517,993,1040,699,715,17281,0.47,17313792,2244608,146,0,1,5,6,post_set,432,5701.9,44,8
2026-10-03T12:37:54.850+08:00,4935.0,setting,10.0,0,434,0,104556,0,623203,3.76,404430848,438796288,4517,993,1040,699,715,17312,0.31,17313792,2244608,146,0,1,5,6,post_set,433,5711.9,44,8
2026-10-03T12:38:04.915+08:00,4945.1,setting,10.1,0,435,0,104556,0,623640,4.34,404795392,438915072,4517,993,1040,699,715,17343,0.31,17313792,2244608,146,0,1,5,6,post_set,434,5721.9,44,8
2026-10-03T12:38:14.880+08:00,4955.1,setting,10.0,0,436,0,104556,0,624000,3.61,404676608,438796288,4517,993,1040,699,715,17375,0.31,17313792,2244608,146,0,1,5,6,post_set,435,5731.9,44,8
2026-10-03T12:38:24.843+08:00,4965.0,setting,10.0,0,437,0,104556,0,624359,3.61,404553728,438915072,4518,993,1040,699,715,17406,0.31,17313792,2244608,146,0,1,5,6,post_set,436,5741.8,44,8
2026-10-03T12:38:34.913+08:00,4975.1,setting,10.1,0,438,0,104556,0,624765,4.04,404447232,438808576,4517,993,1040,699,715,17421,0.16,17313792,2244608,146,0,1,5,6,post_set,437,5751.9,44,8
2026-10-03T12:38:44.880+08:00,4985.1,setting,10.0,0,439,0,104556,0,625171,4.07,404566016,438927360,4518,993,1040,698,715,17453,0.31,17313792,2244608,146,0,1,5,6,post_set,438,5761.9,44,8
2026-10-03T12:38:54.849+08:00,4995.0,setting,10.0,0,440,0,104556,0,625546,3.76,404447232,438808576,4518,993,1040,699,715,17484,0.31,17313792,2244608,146,0,1,5,6,post_set,439,5771.9,44,8
2026-10-03T12:39:04.920+08:00,5005.1,setting,10.1,0,441,0,104556,0,625921,3.72,404811776,438931456,4518,993,1040,699,715,17515,0.31,17313792,2244608,146,0,1,5,6,post_set,440,5781.9,44,8
2026-10-03T12:39:14.883+08:00,5015.1,setting,10.0,0,442,0,104556,0,626343,4.23,404692992,438812672,4518,993,1040,699,715,17578,0.63,17313792,2244608,146,0,1,5,6,post_set,441,5791.9,44,8
2026-10-03T12:39:24.853+08:00,5025.0,setting,10.0,0,443,0,104556,0,626734,3.92,404570112,438931456,4518,993,1040,698,715,17609,0.31,17313792,2244608,146,0,1,5,6,post_set,442,5801.9,44,8
2026-10-03T12:39:34.922+08:00,5035.1,setting,10.1,0,444,0,104556,0,627140,4.03,404455424,438816768,4518,993,1040,699,715,17640,0.31,17313792,2244608,146,0,1,5,6,post_set,443,5811.9,44,8
2026-10-03T12:39:44.886+08:00,5045.1,setting,10.0,0,445,0,104556,0,627515,3.76,404574208,438935552,4518,993,1040,698,715,17671,0.31,17313792,2244608,146,0,1,5,6,post_set,444,5821.9,44,8
2026-10-03T12:39:54.859+08:00,5055.0,setting,10.0,0,446,0,104556,0,628000,4.86,404455424,438816768,4518,993,1040,699,715,17718,0.47,17313792,2244608,146,0,1,5,6,post_set,445,5831.9,44,8
2026-10-03T12:40:04.923+08:00,5065.1,setting,10.1,0,447,0,104556,0,628406,4.04,404815872,438935552,4518,993,1040,698,715,17750,0.31,17313792,2244608,146,0,1,5,6,post_set,446,5841.9,44,8
2026-10-03T12:40:14.890+08:00,5075.1,setting,10.0,0,448,0,104556,0,628796,3.92,404697088,438816768,4517,993,1040,699,715,17781,0.31,17313792,2244608,146,0,1,5,6,post_set,447,5851.9,44,8
2026-10-03T12:40:24.863+08:00,5085.0,setting,10.0,0,449,0,104556,0,629234,4.39,403726336,437473280,4518,993,1040,698,715,17828,0.47,17313792,2244608,146,0,1,5,6,post_set,448,5861.9,44,8
2026-10-03T12:40:34.936+08:00,5095.1,setting,10.1,0,450,0,104556,0,629593,3.57,403984384,438448128,4522,993,1040,698,715,17843,0.16,17313792,2244608,146,0,1,5,6,post_set,449,5871.9,44,8
2026-10-03T12:40:44.905+08:00,5105.1,setting,10.0,0,451,0,104556,0,630000,4.07,404201472,438681600,4524,993,1040,700,715,17906,0.63,17313792,2244608,146,0,1,5,6,post_set,450,5881.9,44,8
2026-10-03T12:40:54.870+08:00,5115.1,setting,10.0,0,452,0,104556,0,630421,4.23,404119552,438562816,4525,993,1040,700,715,17953,0.47,17313792,2244608,146,0,1,5,6,post_set,451,5891.9,44,8
2026-10-03T12:41:04.837+08:00,5125.0,setting,10.0,0,453,0,104556,0,630843,4.24,404557824,438747136,4525,993,1040,699,715,17968,0.16,17313792,2244608,146,0,1,5,6,post_set,452,5901.8,44,8
2026-10-03T12:41:14.906+08:00,5135.1,setting,10.1,0,454,0,104556,0,631218,3.72,404467712,438657024,4524,993,1040,700,715,18000,0.31,17387520,2375680,146,0,1,5,6,post_set,453,5911.9,44,8
2026-10-03T12:41:24.859+08:00,5145.1,setting,10.0,0,455,0,104556,0,631578,3.61,404344832,438775808,4524,993,1040,699,715,18031,0.31,17387520,2375680,146,0,1,5,6,post_set,454,5921.9,44,8
2026-10-03T12:41:34.927+08:00,5155.1,setting,10.1,0,456,0,104556,0,631968,3.88,404230144,438657024,4524,993,1040,700,715,18062,0.31,17387520,2375680,146,0,1,5,6,post_set,455,5931.9,44,8
2026-10-03T12:41:44.886+08:00,5165.1,setting,10.0,0,457,0,104556,0,632328,3.60,404402176,438837248,4525,993,1040,700,715,18093,0.31,17391616,2375680,146,0,1,5,6,post_set,456,5941.9,44,8
2026-10-03T12:41:54.846+08:00,5175.0,setting,10.0,0,458,0,104556,0,632718,3.92,404283392,438718464,4525,993,1040,699,715,18140,0.47,17391616,2375680,146,0,1,5,6,post_set,457,5951.9,44,8
2026-10-03T12:42:04.916+08:00,5185.1,setting,10.1,0,459,0,104556,0,633078,3.57,404664320,438874112,4524,993,1040,700,715,18171,0.31,17391616,2375680,146,0,1,5,6,post_set,458,5961.9,44,8
2026-10-03T12:42:14.883+08:00,5195.1,setting,10.0,0,460,0,104556,0,633484,4.08,404545536,438755328,4525,993,1040,699,715,18203,0.31,17391616,2375680,146,0,1,5,6,post_set,459,5971.9,44,8
2026-10-03T12:42:24.854+08:00,5205.0,setting,10.0,0,461,0,104556,0,633843,3.60,404422656,438874112,4524,993,1040,699,715,18234,0.31,17391616,2375680,146,0,1,5,6,post_set,460,5981.9,44,8
2026-10-03T12:42:34.922+08:00,5215.1,setting,10.1,0,462,0,104556,0,634281,4.34,404307968,438755328,4524,993,1040,700,715,18265,0.31,17391616,2375680,146,0,1,5,6,post_set,461,5991.9,44,8
2026-10-03T12:42:44.895+08:00,5225.1,setting,10.0,0,463,0,104556,0,634656,3.76,404520960,438976512,4525,993,1040,699,715,18296,0.31,17391616,2375680,146,0,1,5,6,post_set,462,6001.9,44,8
2026-10-03T12:42:54.866+08:00,5235.1,setting,10.0,0,464,0,104556,0,635031,3.76,404402176,438857728,4525,993,1040,700,715,18328,0.31,17391616,2375680,146,0,1,5,6,post_set,463,6011.9,44,8
2026-10-03T12:43:04.828+08:00,5245.0,setting,10.0,0,465,0,104556,0,635406,3.76,404774912,438976512,4525,993,1040,700,715,18359,0.31,17391616,2375680,146,0,1,5,6,post_set,464,6021.8,44,8
2026-10-03T12:43:14.899+08:00,5255.1,setting,10.1,0,466,0,104556,0,635859,4.50,404660224,438861824,4525,993,1040,699,715,18390,0.31,17391616,2375680,146,0,1,5,6,post_set,465,6031.9,44,8
2026-10-03T12:43:24.862+08:00,5265.1,setting,10.0,0,467,0,104556,0,636234,3.76,404537344,438980608,4525,993,1040,699,715,18421,0.31,17391616,2375680,146,0,1,5,6,post_set,466,6041.9,44,8
2026-10-03T12:43:34.923+08:00,5275.1,setting,10.1,0,468,0,104556,0,636625,3.88,404393984,438784000,4517,993,1040,698,715,18453,0.31,17391616,2375680,146,0,1,5,6,post_set,467,6051.9,44,8
2026-10-03T12:43:44.893+08:00,5285.1,setting,10.0,0,469,0,104556,0,637062,4.39,404512768,438902784,4518,993,1040,699,715,18484,0.31,17391616,2375680,146,0,1,5,6,post_set,468,6061.9,44,8
2026-10-03T12:43:54.864+08:00,5295.1,setting,10.0,0,470,0,104556,0,637468,4.07,404393984,438784000,4517,993,1040,698,715,18515,0.31,17391616,2375680,146,0,1,5,6,post_set,469,6071.9,44,8
2026-10-03T12:44:04.931+08:00,5305.1,setting,10.1,0,471,0,104556,0,637828,3.57,404754432,438902784,4517,993,1040,699,715,18546,0.31,17391616,2375680,146,0,1,5,6,post_set,470,6081.9,44,8
2026-10-03T12:44:14.901+08:00,5315.1,setting,10.0,0,472,0,104556,0,638250,4.23,404692992,438845440,4518,993,1040,699,715,18578,0.31,17391616,2375680,146,0,1,5,6,post_set,471,6091.9,44,8
2026-10-03T12:44:24.869+08:00,5325.1,setting,10.0,0,473,0,104556,0,638656,4.07,404574208,438964224,4517,993,1040,699,715,18609,0.31,17391616,2375680,146,0,1,5,6,post_set,472,6101.9,44,8
2026-10-03T12:44:34.839+08:00,5335.0,setting,10.0,0,474,0,104556,0,639093,4.39,404455424,438845440,4517,993,1040,699,715,18640,0.31,17391616,2375680,146,0,1,5,6,post_set,473,6111.8,44,8
2026-10-03T12:44:44.896+08:00,5345.1,setting,10.1,0,475,0,104556,0,639484,3.88,404709376,439160832,4523,993,1040,699,715,18671,0.31,17391616,2375680,146,0,1,5,6,post_set,474,6121.9,44,8
2026-10-03T12:44:54.862+08:00,5355.1,setting,10.0,0,476,0,104556,0,639906,4.24,404598784,439042048,4524,993,1040,699,715,18703,0.31,17391616,2375680,146,0,1,5,6,post_set,475,6131.9,44,8
2026-10-03T12:45:04.875+08:00,5365.1,setting,10.0,0,477,0,104556,0,640531,6.24,404971520,439173120,4524,993,1040,699,715,18734,0.31,17391616,2375680,146,0,1,5,6,post_set,476,6141.9,44,8
2026-10-03T12:45:14.846+08:00,5375.0,setting,10.0,0,478,0,104556,0,640906,3.76,404910080,439115776,4524,993,1040,699,715,18765,0.31,17391616,2375680,146,0,1,5,6,post_set,477,6151.8,44,8
2026-10-03T12:45:24.912+08:00,5385.1,setting,10.1,0,479,0,104556,0,641234,3.26,403824640,437542912,4524,993,1040,698,715,18796,0.31,17391616,2375680,146,0,1,5,6,post_set,478,6161.9,44,8
2026-10-03T12:45:34.883+08:00,5395.1,setting,10.0,0,480,0,104556,0,641640,4.08,404094976,438505472,4524,993,1040,698,715,18828,0.31,17391616,2375680,146,0,1,5,6,post_set,479,6171.9,44,8
2026-10-03T12:45:44.848+08:00,5405.0,setting,10.0,0,481,0,104556,0,642031,3.92,404283392,438685696,4524,993,1040,698,715,18859,0.31,17391616,2375680,146,0,1,5,6,post_set,480,6181.9,44,8
2026-10-03T12:45:54.923+08:00,5415.1,setting,10.1,0,482,0,104556,0,642390,3.57,404180992,438566912,4524,993,1040,698,715,18890,0.31,17391616,2375680,146,0,1,5,6,post_set,481,6191.9,44,8
2026-10-03T12:46:04.887+08:00,5425.1,setting,10.0,0,483,0,104556,0,642781,3.92,404553728,438693888,4524,993,1040,698,715,18921,0.31,17391616,2375680,146,0,1,5,6,post_set,482,6201.9,44,8
2026-10-03T12:46:14.861+08:00,5435.0,setting,10.0,0,484,0,104556,0,643171,3.92,404439040,438575104,4524,993,1040,698,715,18953,0.31,17391616,2375680,146,0,1,5,6,post_set,483,6211.9,44,8
2026-10-03T12:46:24.929+08:00,5445.1,setting,10.1,0,485,0,104556,0,643546,3.72,404336640,438693888,4524,993,1040,698,715,18984,0.31,17391616,2375680,146,0,1,5,6,post_set,484,6221.9,44,8
2026-10-03T12:46:34.896+08:00,5455.1,setting,10.0,0,486,0,104556,0,643921,3.76,404221952,438575104,4524,993,1040,698,715,19015,0.31,17391616,2375680,146,0,1,5,6,post_set,485,6231.9,44,8
2026-10-03T12:46:44.865+08:00,5465.1,setting,10.0,0,487,0,104556,0,644296,3.76,404357120,438710272,4524,993,1040,698,715,19046,0.31,17395712,2375680,146,0,1,5,6,post_set,486,6241.9,44,8
2026-10-03T12:46:54.831+08:00,5475.0,setting,10.0,0,488,0,104556,0,644703,4.07,404242432,438591488,4524,993,1040,698,715,19078,0.31,17395712,2375680,146,0,1,5,6,post_set,487,6251.8,44,8
2026-10-03T12:47:04.906+08:00,5485.1,setting,10.1,0,489,0,104556,0,645140,4.35,404606976,438743040,4524,993,1040,698,715,19125,0.47,17395712,2375680,146,0,1,5,6,post_set,488,6261.9,44,8
2026-10-03T12:47:14.869+08:00,5495.1,setting,10.0,0,490,0,104556,0,645484,3.45,404516864,438652928,4524,993,1040,698,715,19171,0.47,17395712,2375680,146,0,1,5,6,post_set,489,6271.9,44,8
2026-10-03T12:47:24.839+08:00,5505.0,setting,10.0,0,491,0,104556,0,645890,4.08,404393984,438771712,4524,993,1040,698,715,19203,0.31,17395712,2375680,146,0,1,5,6,post_set,490,6281.8,44,8
2026-10-03T12:47:34.900+08:00,5515.1,setting,10.1,0,492,0,104556,0,646296,4.03,404287488,438652928,4524,993,1040,698,715,19234,0.31,17395712,2375680,146,0,1,5,6,post_set,491,6291.9,44,8
2026-10-03T12:47:44.867+08:00,5525.1,setting,10.0,0,493,0,104556,0,646656,3.61,404410368,438771712,4524,993,1040,698,715,19250,0.16,17395712,2375680,146,0,1,5,6,post_set,492,6301.9,44,8
2026-10-03T12:47:54.832+08:00,5535.0,setting,10.0,0,494,0,104556,0,647000,3.45,404291584,438652928,4524,993,1040,698,715,19265,0.16,17395712,2375680,146,0,1,5,6,post_set,493,6311.8,44,8
2026-10-03T12:48:04.902+08:00,5545.1,setting,10.1,0,495,0,104556,0,647343,3.41,404684800,438804480,4524,993,1040,698,715,19296,0.31,17395712,2375680,146,0,1,5,6,post_set,494,6321.9,44,8
2026-10-03T12:48:14.870+08:00,5555.1,setting,10.0,0,496,0,104556,0,647718,3.76,404566016,438685696,4524,993,1040,698,715,19328,0.31,17395712,2375680,146,0,1,5,6,post_set,495,6331.9,44,8
2026-10-03T12:48:24.840+08:00,5565.0,setting,10.0,0,497,0,104556,0,648078,3.60,404443136,438804480,4524,993,1040,698,715,19359,0.31,17395712,2375680,146,0,1,5,6,post_set,496,6341.8,44,8
2026-10-03T12:48:34.905+08:00,5575.1,setting,10.1,0,498,0,104556,0,648453,3.72,404324352,438685696,4524,993,1040,698,715,19406,0.47,17395712,2375680,146,0,1,5,6,post_set,497,6351.9,44,8
2026-10-03T12:48:44.866+08:00,5585.1,setting,10.0,0,499,0,104556,0,648828,3.76,404443136,438804480,4524,993,1040,698,715,19437,0.31,17395712,2375680,146,0,1,5,6,post_set,498,6361.9,44,8
2026-10-03T12:48:54.839+08:00,5595.0,setting,10.0,0,500,0,104556,0,649218,3.92,404324352,438685696,4524,993,1040,698,715,19468,0.31,17395712,2375680,146,0,1,5,6,post_set,499,6371.8,44,8
2026-10-03T12:49:04.908+08:00,5605.1,setting,10.1,0,501,0,104556,0,649609,3.88,404660224,438726656,4517,993,1040,697,715,19500,0.31,17395712,2375680,146,0,1,5,6,post_set,500,6381.9,44,8
2026-10-03T12:49:14.871+08:00,5615.1,setting,10.0,0,502,0,104556,0,650015,4.07,404541440,438607872,4517,993,1040,697,715,19531,0.31,17395712,2375680,146,0,1,5,6,post_set,501,6391.9,44,8
2026-10-03T12:49:24.847+08:00,5625.0,setting,10.0,0,503,0,104556,0,650406,3.92,404459520,438767616,4518,993,1040,697,715,19562,0.31,17395712,2375680,146,0,1,5,6,post_set,502,6401.9,44,8
2026-10-03T12:49:34.913+08:00,5635.1,setting,10.1,0,504,0,104556,0,650812,4.03,404344832,438648832,4518,993,1040,699,715,19578,0.16,17395712,2375680,146,0,1,5,6,post_set,503,6411.9,44,8
2026-10-03T12:49:44.884+08:00,5645.1,setting,10.0,0,505,0,104556,0,651234,4.23,404467712,438767616,4518,993,1040,698,715,19609,0.31,17395712,2375680,146,0,1,5,6,post_set,504,6421.9,44,8
2026-10-03T12:49:54.842+08:00,5655.0,setting,10.0,0,506,0,104556,0,651593,3.60,404348928,438648832,4518,993,1040,698,715,19640,0.31,17395712,2375680,146,0,1,5,6,post_set,505,6431.8,44,8
2026-10-03T12:50:04.898+08:00,5665.1,setting,10.1,0,507,0,104556,0,651968,3.73,404709376,438767616,4518,993,1040,698,715,19671,0.31,17395712,2375680,146,0,1,5,6,post_set,506,6441.9,44,8
2026-10-03T12:50:14.870+08:00,5675.1,setting,10.0,0,508,0,104556,0,652343,3.76,404590592,438648832,4518,993,1040,698,715,19687,0.16,17395712,2375680,146,0,1,5,6,post_set,507,6451.9,44,8
2026-10-03T12:50:24.834+08:00,5685.0,setting,10.0,0,509,0,104556,0,652750,4.07,404475904,438775808,4518,993,1040,698,715,19718,0.31,17395712,2375680,146,0,1,5,6,post_set,508,6461.8,44,8
2026-10-03T12:50:34.891+08:00,5695.1,setting,10.1,0,510,0,104556,0,653156,4.04,404357120,438657024,4518,993,1040,698,715,19750,0.31,17395712,2375680,146,0,1,5,6,post_set,509,6471.9,44,8
2026-10-03T12:50:44.860+08:00,5705.0,setting,10.0,0,511,0,104556,0,653578,4.24,404475904,438775808,4518,993,1040,698,715,19781,0.31,17395712,2375680,146,0,1,5,6,post_set,510,6481.9,44,8
2026-10-03T12:50:54.932+08:00,5715.1,setting,10.1,0,512,0,104556,0,653984,4.03,404357120,438657024,4518,993,1040,698,715,19812,0.31,17395712,2375680,146,0,1,5,6,post_set,511,6491.9,44,8
2026-10-03T12:51:04.892+08:00,5725.1,setting,10.0,0,513,0,104556,0,654375,3.92,404721664,438779904,4518,993,1040,698,715,19859,0.47,17465344,2502656,146,0,1,5,6,post_set,512,6501.9,44,8
2026-10-03T12:51:14.862+08:00,5735.0,setting,10.0,0,514,0,104556,0,654750,3.77,404602880,438661120,4517,993,1040,698,715,19890,0.31,17465344,2502656,146,0,1,5,6,post_set,513,6511.9,44,8
2026-10-03T12:51:24.928+08:00,5745.1,setting,10.1,0,515,0,104556,0,655125,3.72,404480000,438779904,4518,993,1040,698,715,19937,0.47,17465344,2502656,146,0,1,5,6,post_set,514,6521.9,44,8
2026-10-03T12:51:34.899+08:00,5755.1,setting,10.0,0,516,0,104556,0,655531,4.08,404393984,438693888,4518,993,1040,699,715,19968,0.31,17465344,2502656,146,0,1,5,6,post_set,515,6531.9,44,8
2026-10-03T12:51:44.867+08:00,5765.1,setting,10.0,0,517,0,104556,0,655984,4.54,404512768,438812672,4518,993,1040,698,715,20000,0.31,17465344,2502656,146,0,1,5,6,post_set,516,6541.9,44,8
2026-10-03T12:51:54.830+08:00,5775.0,setting,10.0,0,518,0,104556,0,656359,3.76,404393984,438693888,4518,993,1040,698,715,20031,0.31,17465344,2502656,146,0,1,5,6,post_set,517,6551.8,44,8
2026-10-03T12:52:04.903+08:00,5785.1,setting,10.1,0,519,0,104556,0,656718,3.57,404754432,438812672,4518,993,1040,698,715,20046,0.16,17465344,2502656,146,0,1,5,6,post_set,518,6561.9,44,8
2026-10-03T12:52:14.873+08:00,5795.1,setting,10.0,0,520,0,104556,0,657093,3.76,404635648,438693888,4518,993,1040,698,715,20109,0.63,17465344,2502656,146,0,1,5,6,post_set,519,6571.9,44,8
2026-10-03T12:52:24.838+08:00,5805.0,setting,10.0,0,521,0,104556,0,657515,4.23,404512768,438812672,4518,993,1040,698,715,20156,0.47,17469440,2502656,146,0,1,5,6,post_set,520,6581.8,44,8
2026-10-03T12:52:34.955+08:00,5815.1,setting,10.1,0,522,0,104556,0,657984,4.66,404393984,438693888,4518,993,1040,698,715,20187,0.31,17469440,2502656,146,0,1,5,6,post_set,521,6592.0,44,8
2026-10-03T12:52:44.916+08:00,5825.1,setting,10.0,0,523,0,104556,0,658453,4.69,404512768,438812672,4518,993,1040,698,715,20265,0.78,17469440,2502656,146,0,1,5,6,post_set,522,6601.9,44,8
2026-10-03T12:52:54.894+08:00,5835.1,setting,10.0,0,524,0,104556,0,658828,3.76,404393984,438693888,4518,993,1040,698,715,20296,0.31,17469440,2502656,146,0,1,5,6,post_set,523,6611.9,44,8
2026-10-03T12:53:04.859+08:00,5845.0,setting,10.0,0,525,0,104556,0,659250,4.23,404807680,438874112,4518,993,1040,698,715,20343,0.47,17469440,2502656,146,0,1,5,6,post_set,524,6621.9,44,8
2026-10-03T12:53:14.930+08:00,5855.1,setting,10.1,0,526,0,104556,0,659656,4.04,404688896,438755328,4518,993,1040,698,715,20359,0.16,17469440,2502656,146,0,1,5,6,post_set,525,6631.9,44,8
2026-10-03T12:53:24.899+08:00,5865.1,setting,10.0,0,527,0,104556,0,660031,3.76,404566016,438874112,4517,993,1040,699,715,20406,0.47,17469440,2502656,146,0,1,5,6,post_set,526,6641.9,44,8
2026-10-03T12:53:34.885+08:00,5875.1,setting,10.0,0,528,0,104556,0,660390,3.60,404463616,438771712,4518,993,1040,699,715,20437,0.31,17469440,2502656,146,0,1,5,6,post_set,527,6651.9,44,8
2026-10-03T12:53:44.860+08:00,5885.0,setting,10.0,0,529,0,104556,0,660781,3.91,404582400,438890496,4517,993,1040,699,715,20468,0.31,17469440,2502656,146,0,1,5,6,post_set,528,6661.9,44,8
2026-10-03T12:53:54.925+08:00,5895.1,setting,10.1,0,530,0,104556,0,661171,3.88,404463616,438771712,4517,993,1040,698,715,20515,0.47,17469440,2502656,146,0,1,5,6,post_set,529,6671.9,44,8
2026-10-03T12:54:04.974+08:00,5905.2,setting,10.0,0,531,0,104556,0,661750,5.75,404885504,438951936,4517,993,1040,698,715,20546,0.31,17469440,2502656,146,0,1,5,6,post_set,530,6682.0,44,8
2026-10-03T12:54:14.853+08:00,5915.0,setting,9.9,0,532,0,104556,0,662171,4.27,404766720,438833152,4517,993,1040,698,715,20578,0.32,17469440,2502656,146,0,1,5,6,post_set,531,6691.9,44,8
2026-10-03T12:54:24.915+08:00,5925.1,setting,10.1,0,533,0,104556,0,662593,4.19,404643840,438951936,4517,993,1040,698,715,20609,0.31,17469440,2502656,146,0,1,5,6,post_set,532,6701.9,44,8
2026-10-03T12:54:34.878+08:00,5935.1,setting,10.0,0,534,0,104556,0,662968,3.76,404045824,438411264,4517,993,1040,697,715,20625,0.16,17469440,2502656,146,0,1,5,6,post_set,533,6711.9,44,8
2026-10-03T12:54:44.850+08:00,5945.0,setting,10.0,0,535,0,104556,0,663343,3.76,404246528,438587392,4517,993,1040,697,715,20656,0.31,17469440,2502656,146,0,1,5,6,post_set,534,6721.9,44,8
2026-10-03T12:54:54.917+08:00,5955.1,setting,10.1,0,536,0,104556,0,664156,8.07,407134208,441946112,4615,993,1040,712,715,20687,0.31,17469440,2502656,146,0,1,5,6,post_set,535,6731.9,44,8
2026-10-03T12:55:04.886+08:00,5965.1,setting,10.0,0,537,0,104556,0,664546,3.92,407638016,442204160,4613,993,1040,711,715,20718,0.31,17477632,2502656,146,0,1,5,6,post_set,536,6741.9,44,8
2026-10-03T12:55:14.857+08:00,5975.0,setting,10.0,0,538,0,104556,0,664906,3.61,407539712,442122240,4610,993,1040,710,715,20734,0.16,17477632,2502656,146,0,1,5,6,post_set,537,6751.9,44,8
2026-10-03T12:55:24.930+08:00,5985.1,setting,10.1,0,539,0,104556,0,665281,3.72,407289856,441937920,4578,993,1040,703,715,20781,0.47,17477632,2502656,146,0,1,5,6,post_set,538,6761.9,44,8
2026-10-03T12:55:34.897+08:00,5995.1,setting,10.0,0,540,0,104556,0,665656,3.76,407203840,441872384,4578,993,1040,703,715,20843,0.63,17477632,2502656,146,0,1,5,6,post_set,539,6771.9,44,8
2026-10-03T12:55:44.869+08:00,6005.1,setting,10.0,0,541,0,104556,0,666031,3.76,407322624,441999360,4577,993,1040,703,715,20875,0.31,17477632,2502656,146,0,1,5,6,post_set,540,6781.9,44,8
2026-10-03T12:55:54.839+08:00,6015.0,setting,10.0,0,542,0,104556,0,666375,3.45,407212032,441872384,4577,993,1040,703,715,20921,0.47,17477632,2502656,146,0,1,5,6,post_set,541,6791.8,44,8
2026-10-03T12:56:04.905+08:00,6025.1,setting,10.1,0,543,0,104556,0,666812,4.34,407617536,441999360,4577,993,1040,703,715,20953,0.31,17489920,2568192,146,0,1,5,6,post_set,542,6801.9,44,8
2026-10-03T12:56:14.883+08:00,6035.1,setting,10.0,0,544,0,104556,0,667187,3.76,407506944,441872384,4577,993,1040,703,715,20984,0.31,17489920,2568192,146,0,1,5,6,post_set,543,6811.9,44,8
2026-10-03T12:56:24.843+08:00,6045.0,setting,10.0,0,545,0,104556,0,667578,3.92,407384064,441999360,4577,993,1040,703,715,21015,0.31,17494016,2568192,146,0,1,5,6,post_set,544,6821.8,44,8
2026-10-03T12:56:34.912+08:00,6055.1,setting,10.1,0,546,0,104556,0,667953,3.73,407334912,441950208,4577,993,1040,703,715,21046,0.31,17494016,2568192,146,0,1,5,6,post_set,545,6831.9,44,8
2026-10-03T12:56:44.883+08:00,6065.1,setting,10.0,0,547,0,104556,0,668750,8.00,408211456,442241024,4657,993,1040,709,715,21078,0.31,17494016,2568192,146,0,1,5,6,post_set,546,6841.9,44,8
2026-10-03T12:56:54.859+08:00,6075.0,setting,10.0,0,548,0,104556,0,669218,4.70,407994368,441802752,4639,993,1040,708,715,21109,0.31,17494016,2568192,146,0,1,5,6,post_set,547,6851.9,44,8
2026-10-03T12:57:04.932+08:00,6085.1,setting,10.1,0,549,0,104556,0,669578,3.57,408358912,441954304,4639,993,1040,708,715,21156,0.47,17494016,2568192,146,0,1,5,6,post_set,548,6861.9,44,8
2026-10-03T12:57:14.905+08:00,6095.1,setting,10.0,0,550,0,104556,0,669984,4.07,408211456,441757696,4629,993,1040,707,715,21187,0.31,17494016,2568192,146,0,1,5,6,post_set,549,6871.9,44,8
2026-10-03T12:57:24.870+08:00,6105.1,setting,10.0,0,551,0,104556,0,670343,3.60,408088576,441876480,4629,993,1040,707,715,21234,0.47,17453056,2502656,146,0,1,5,6,post_set,550,6881.9,44,8
2026-10-03T12:57:34.833+08:00,6115.0,setting,10.0,0,552,0,104556,0,670734,3.92,407969792,441757696,4629,993,1040,707,715,21265,0.31,17453056,2502656,146,0,1,5,6,post_set,551,6891.8,44,8
2026-10-03T12:57:44.904+08:00,6125.1,setting,10.1,0,553,0,104556,0,671156,4.19,407601152,441868288,4560,993,1040,703,715,21296,0.31,17453056,2502656,146,0,1,5,6,post_set,552,6901.9,44,8
2026-10-03T12:57:54.863+08:00,6135.1,setting,10.0,0,554,0,104556,0,671546,3.92,407482368,441749504,4560,993,1040,703,715,21328,0.31,17453056,2502656,146,0,1,5,6,post_set,553,6911.9,44,8
2026-10-03T12:58:04.935+08:00,6145.1,setting,10.1,0,555,0,104556,0,671953,4.04,407842816,441868288,4560,993,1040,703,715,21343,0.16,17457152,2502656,146,0,1,5,6,post_set,554,6921.9,44,8
2026-10-03T12:58:14.897+08:00,6155.1,setting,10.0,0,556,0,104556,0,672359,4.07,407724032,441749504,4560,993,1040,703,715,21390,0.47,17457152,2502656,146,0,1,5,6,post_set,555,6931.9,44,8
2026-10-03T12:58:24.872+08:00,6165.1,setting,10.0,0,557,0,104556,0,672703,3.45,407601152,441868288,4560,993,1040,703,715,21421,0.31,17457152,2502656,146,0,1,5,6,post_set,556,6941.9,44,8
2026-10-03T12:58:34.830+08:00,6175.0,setting,10.0,0,558,0,104556,0,673046,3.45,407482368,441749504,4560,993,1040,703,715,21468,0.47,17457152,2502656,146,0,1,5,6,post_set,557,6951.8,44,8
2026-10-03T12:58:44.900+08:00,6185.1,setting,10.1,0,559,0,104556,0,673406,3.57,407601152,441868288,4560,993,1040,703,715,21500,0.31,17457152,2502656,146,0,1,5,6,post_set,558,6961.9,44,8
2026-10-03T12:58:54.876+08:00,6195.1,setting,10.0,0,560,0,104556,0,673781,3.76,407482368,441749504,4560,993,1040,703,715,21531,0.31,17457152,2502656,146,0,1,5,6,post_set,559,6971.9,44,8
2026-10-03T12:59:04.844+08:00,6205.0,setting,10.0,0,561,0,104556,0,674171,3.92,407842816,441868288,4560,993,1040,703,715,21578,0.47,17457152,2502656,146,0,1,5,6,post_set,560,6981.8,44,8
2026-10-03T12:59:14.913+08:00,6215.1,setting,10.1,0,562,0,104556,0,674562,3.88,407597056,441516032,4538,993,1040,700,715,21625,0.47,17457152,2502656,146,0,1,5,6,post_set,561,6991.9,44,8
2026-10-03T12:59:24.887+08:00,6225.1,setting,10.0,0,563,0,104556,0,674937,3.76,407474176,441634816,4538,993,1040,700,715,21656,0.31,17457152,2502656,146,0,1,5,6,post_set,562,7001.9,44,8
2026-10-03T12:59:34.851+08:00,6235.0,setting,10.0,0,564,0,104556,0,675296,3.60,407355392,441516032,4538,993,1040,700,715,21687,0.31,17457152,2502656,146,0,1,5,6,post_set,563,7011.9,44,8
2026-10-03T12:59:44.908+08:00,6245.1,setting,10.1,0,565,0,104556,0,675718,4.19,407535616,441712640,4538,993,1040,700,715,21703,0.16,17457152,2502656,146,0,1,5,6,post_set,564,7021.9,44,8
2026-10-03T12:59:54.877+08:00,6255.1,setting,10.0,0,566,0,104556,0,676156,4.39,405073920,438816768,4543,993,1040,699,715,21734,0.31,17457152,2502656,146,0,1,5,6,post_set,565,7031.9,44,8
2026-10-03T13:00:04.853+08:00,6265.0,setting,10.0,0,567,0,104556,0,676531,3.76,405598208,439091200,4543,993,1040,699,715,21765,0.31,17457152,2502656,146,0,1,5,6,post_set,566,7041.9,44,8
2026-10-03T13:00:14.925+08:00,6275.1,setting,10.1,0,568,0,104556,0,676953,4.19,405487616,438972416,4543,993,1040,699,715,21796,0.31,17457152,2502656,146,0,1,5,6,post_set,567,7051.9,44,8
2026-10-03T13:00:24.881+08:00,6285.1,setting,10.0,0,569,0,104556,0,677343,3.92,405368832,439091200,4543,993,1040,699,715,21828,0.31,17457152,2502656,146,0,1,5,6,post_set,568,7061.9,44,8
2026-10-03T13:00:34.844+08:00,6295.0,setting,10.0,0,570,0,104556,0,677734,3.92,405250048,438972416,4543,993,1040,699,715,21843,0.16,17457152,2502656,146,0,1,5,6,post_set,569,7071.8,44,8
2026-10-03T13:00:44.913+08:00,6305.1,setting,10.1,0,571,0,104556,0,678109,3.72,405381120,439091200,4543,993,1040,699,715,21875,0.31,17457152,2502656,146,0,1,5,6,post_set,570,7081.9,44,8
2026-10-03T13:00:54.878+08:00,6315.1,setting,10.0,0,572,0,104556,0,678468,3.61,405266432,438972416,4543,993,1040,699,715,21906,0.31,17457152,2502656,146,0,1,5,6,post_set,571,7091.9,44,8
2026-10-03T13:01:04.853+08:00,6325.0,setting,10.0,0,573,0,104556,0,678859,3.92,405626880,439091200,4543,993,1040,699,715,21937,0.31,17457152,2502656,146,0,1,5,6,post_set,572,7101.9,44,8
2026-10-03T13:01:14.914+08:00,6335.1,setting,10.1,0,574,0,104556,0,679234,3.72,405520384,438972416,4543,993,1040,699,715,21968,0.31,17457152,2502656,146,0,1,5,6,post_set,573,7111.9,44,8
2026-10-03T13:01:24.886+08:00,6345.1,setting,10.0,0,575,0,104556,0,679609,3.76,405360640,439013376,4538,993,1040,699,715,22015,0.47,17457152,2502656,146,0,1,5,6,post_set,574,7121.9,44,8
2026-10-03T13:01:34.852+08:00,6355.0,setting,10.0,0,576,0,104556,0,680031,4.23,405241856,438894592,4538,993,1040,699,715,22031,0.16,17457152,2502656,146,0,1,5,6,post_set,575,7131.9,44,8
2026-10-03T13:01:44.916+08:00,6365.1,setting,10.1,0,577,0,104556,0,680390,3.57,405389312,439042048,4538,993,1040,699,715,22062,0.31,17457152,2502656,146,0,1,5,6,post_set,576,7141.9,44,8
2026-10-03T13:01:54.885+08:00,6375.1,setting,10.0,0,578,0,104556,0,680765,3.76,405270528,438923264,4538,993,1040,699,715,22093,0.31,17457152,2502656,146,0,1,5,6,post_set,577,7151.9,44,8
2026-10-03T13:02:04.845+08:00,6385.0,setting,10.0,0,579,0,104556,0,681140,3.76,404922368,439029760,4536,993,1040,699,715,22125,0.31,17461248,2502656,146,0,1,5,6,post_set,578,7161.8,44,8
2026-10-03T13:02:14.910+08:00,6395.1,setting,10.1,0,580,0,104556,0,681531,3.88,404803584,438910976,4536,993,1040,699,715,22156,0.31,17461248,2502656,146,0,1,5,6,post_set,579,7171.9,44,8
2026-10-03T13:02:24.868+08:00,6405.1,setting,10.0,0,581,0,104556,0,681921,3.92,404680704,439029760,4536,993,1040,699,715,22187,0.31,17461248,2502656,146,0,1,5,6,post_set,580,7181.9,44,8
2026-10-03T13:02:34.833+08:00,6415.0,setting,10.0,0,582,0,104556,0,682296,3.76,404537344,438833152,4528,993,1040,698,715,22203,0.16,17461248,2502656,146,0,1,5,6,post_set,581,7191.8,44,8
2026-10-03T13:02:44.892+08:00,6425.1,setting,10.1,0,583,0,104556,0,682718,4.19,404656128,438951936,4528,993,1040,698,715,22234,0.31,17461248,2502656,146,0,1,5,6,post_set,582,7201.9,44,8
2026-10-03T13:02:54.889+08:00,6435.1,setting,10.0,0,584,0,104556,0,683093,3.76,404537344,438833152,4528,993,1040,698,715,22265,0.31,17461248,2502656,146,0,1,5,6,post_set,583,7211.9,44,8
2026-10-03T13:03:04.856+08:00,6445.0,setting,10.0,0,585,0,104556,0,683484,3.91,404897792,438951936,4528,993,1040,698,715,22328,0.63,17461248,2502656,146,0,1,5,6,post_set,584,7221.9,44,8
2026-10-03T13:03:14.914+08:00,6455.1,setting,10.1,0,586,0,104556,0,683906,4.19,404779008,438833152,4528,993,1040,698,715,22343,0.16,17461248,2502656,146,0,1,5,6,post_set,585,7231.9,44,8
2026-10-03T13:03:24.888+08:00,6465.1,setting,10.0,0,587,0,104556,0,684296,3.92,404656128,438951936,4528,993,1040,698,715,22359,0.16,17461248,2502656,146,0,1,5,6,post_set,586,7241.9,44,8
2026-10-03T13:03:34.849+08:00,6475.0,setting,10.0,0,588,0,104556,0,684671,3.76,404594688,438894592,4528,993,1040,698,715,22406,0.47,17461248,2502656,146,0,1,5,6,post_set,587,7251.9,44,8
2026-10-03T13:03:44.908+08:00,6485.1,setting,10.1,0,589,0,104556,0,685078,4.04,404742144,439042048,4528,993,1040,698,715,22437,0.31,17465344,2502656,146,0,1,5,6,post_set,588,7261.9,44,8
2026-10-03T13:03:54.869+08:00,6495.1,setting,10.0,0,590,0,104556,0,685468,3.92,404623360,438923264,4528,993,1040,698,715,22468,0.31,17465344,2502656,146,0,1,5,6,post_set,589,7271.9,44,8
2026-10-03T13:04:04.833+08:00,6505.0,setting,10.0,0,591,0,104556,0,685875,4.08,404983808,439042048,4528,993,1040,698,715,22484,0.16,17465344,2502656,146,0,1,5,6,post_set,590,7281.8,44,8
2026-10-03T13:04:14.892+08:00,6515.1,setting,10.1,0,592,0,104556,0,686265,3.88,404865024,438923264,4528,993,1040,698,715,22515,0.31,17465344,2502656,146,0,1,5,6,post_set,591,7291.9,44,8
2026-10-03T13:04:24.848+08:00,6525.0,setting,10.0,0,593,0,104556,0,686687,4.24,404742144,439042048,4528,993,1040,698,715,22531,0.16,17465344,2502656,146,0,1,5,6,post_set,592,7301.8,44,8
2026-10-03T13:04:34.944+08:00,6535.1,setting,10.1,0,594,0,104556,0,687062,3.73,404623360,438923264,4528,993,1040,698,715,22546,0.16,17465344,2502656,146,0,1,5,6,post_set,593,7312.0,44,8
2026-10-03T13:04:44.918+08:00,6545.1,setting,10.0,0,595,0,104556,0,687421,3.60,404688896,438964224,4521,993,1040,697,715,22609,0.63,17465344,2502656,146,0,1,5,6,post_set,594,7321.9,44,8
2026-10-03T13:04:54.875+08:00,6555.1,setting,10.0,0,596,0,104556,0,687812,3.92,404570112,438845440,4521,993,1040,697,715,22640,0.31,17465344,2502656,146,0,1,5,6,post_set,595,7331.9,44,8
2026-10-03T13:05:04.851+08:00,6565.0,setting,10.0,0,597,0,104556,0,688203,3.92,404930560,438964224,4521,993,1040,697,715,22656,0.16,17465344,2502656,146,0,1,5,6,post_set,596,7341.9,44,8
2026-10-03T13:05:14.923+08:00,6575.1,setting,10.1,0,598,0,104556,0,688640,4.34,404811776,438845440,4521,993,1040,697,715,22687,0.31,17465344,2502656,146,0,1,5,6,post_set,597,7351.9,44,8
2026-10-03T13:05:24.894+08:00,6585.1,setting,10.0,0,599,0,104556,0,689000,3.60,404688896,438964224,4521,993,1040,697,715,22734,0.47,17465344,2502656,146,0,1,5,6,post_set,598,7361.9,44,8
2026-10-03T13:05:34.869+08:00,6595.1,setting,10.0,0,600,0,104556,0,689359,3.60,404570112,438845440,4521,993,1040,697,715,22765,0.31,17465344,2502656,146,0,1,5,6,post_set,599,7371.9,44,8
2026-10-03T13:05:44.837+08:00,6605.0,setting,10.0,0,601,0,104556,0,689734,3.76,404688896,438964224,4521,993,1040,697,715,22781,0.16,17465344,2502656,146,0,1,5,6,post_set,600,7381.8,44,8
2026-10-03T13:05:54.899+08:00,6615.1,setting,10.1,0,602,0,104556,0,690156,4.19,404570112,438845440,4521,993,1040,697,715,22812,0.31,17465344,2502656,146,0,1,5,6,post_set,601,7391.9,44,8
2026-10-03T13:06:04.870+08:00,6625.1,setting,10.0,0,603,0,104556,0,690531,3.77,404992000,439029760,4521,993,1040,697,715,22828,0.16,17465344,2502656,146,0,1,5,6,post_set,602,7401.9,44,8
2026-10-03T13:06:14.835+08:00,6635.0,setting,10.0,0,604,0,104556,0,690921,3.92,404873216,438910976,4521,993,1040,697,715,22859,0.31,17465344,2502656,146,0,1,5,6,post_set,603,7411.8,44,8
2026-10-03T13:06:24.899+08:00,6645.1,setting,10.1,0,605,0,104556,0,691281,3.57,404750336,439029760,4521,993,1040,697,715,22906,0.47,17465344,2502656,146,0,1,5,6,post_set,604,7421.9,44,8
2026-10-03T13:06:34.862+08:00,6655.1,setting,10.0,0,606,0,104556,0,691703,4.23,404631552,438910976,4521,993,1040,697,715,22937,0.31,17465344,2502656,146,0,1,5,6,post_set,605,7431.9,44,8
2026-10-03T13:06:44.928+08:00,6665.1,setting,10.1,0,607,0,104556,0,692062,3.57,404750336,439029760,4521,993,1040,697,715,22968,0.31,17465344,2502656,146,0,1,5,6,post_set,606,7441.9,44,8
2026-10-03T13:06:54.889+08:00,6675.1,setting,10.0,0,608,0,104556,0,692531,4.70,404631552,438910976,4522,993,1040,697,715,23000,0.31,17465344,2502656,146,0,1,5,6,post_set,607,7451.9,44,8
2026-10-03T13:07:04.853+08:00,6685.0,setting,10.0,0,609,0,104556,0,692906,3.77,404992000,439029760,4522,993,1040,697,715,23031,0.31,17465344,2502656,146,0,1,5,6,post_set,608,7461.9,44,8
2026-10-03T13:07:14.916+08:00,6695.1,setting,10.1,0,610,0,104556,0,693312,4.04,404885504,438923264,4522,993,1040,697,715,23062,0.31,17465344,2502656,146,0,1,5,6,post_set,609,7471.9,44,8
2026-10-03T13:07:24.886+08:00,6705.1,setting,10.0,0,611,0,104556,0,693703,3.92,404815872,439099392,4522,993,1040,697,715,23093,0.31,17465344,2502656,146,0,1,5,6,post_set,610,7481.9,44,8
2026-10-03T13:07:34.861+08:00,6715.0,setting,10.0,0,612,0,104556,0,694437,7.36,407609344,442548224,4622,993,1040,713,715,23140,0.47,17465344,2502656,146,0,1,5,6,post_set,611,7491.9,44,8
2026-10-03T13:07:44.931+08:00,6725.1,setting,10.1,0,613,0,104556,0,694859,4.19,408379392,443469824,4714,993,1040,712,715,23187,0.47,17469440,2502656,146,0,1,5,6,post_set,612,7501.9,44,8
2026-10-03T13:07:54.897+08:00,6735.1,setting,10.0,0,614,0,104556,0,695250,3.92,408313856,443392000,4711,993,1040,711,715,23234,0.47,17653760,2502656,146,0,1,5,6,post_set,613,7511.9,44,8
2026-10-03T13:08:04.862+08:00,6745.0,setting,10.0,0,615,0,104556,0,695671,4.23,408629248,443363328,4694,993,1040,707,715,23281,0.47,17653760,2502656,146,0,1,5,6,post_set,614,7521.9,44,8
2026-10-03T13:08:14.934+08:00,6755.1,setting,10.1,0,616,0,104556,0,696062,3.88,408469504,443117568,4682,993,1040,706,715,23312,0.31,17653760,2502656,146,0,1,5,6,post_set,615,7531.9,44,8
2026-10-03T13:08:24.898+08:00,6765.1,setting,10.0,0,617,0,104556,0,696437,3.76,408297472,443166720,4675,993,1040,704,715,23343,0.31,17653760,2502656,146,0,1,5,6,post_set,616,7541.9,44,8
2026-10-03T13:08:34.856+08:00,6775.0,setting,10.0,0,618,0,104556,0,696828,3.92,408178688,443039744,4675,993,1040,704,715,23375,0.31,17653760,2502656,146,0,1,5,6,post_set,617,7551.9,44,8
2026-10-03T13:08:44.930+08:00,6785.1,setting,10.1,0,619,0,104556,0,697218,3.88,408297472,443166720,4673,993,1040,704,715,23406,0.31,17653760,2502656,146,0,1,5,6,post_set,618,7561.9,44,8
2026-10-03T13:08:54.887+08:00,6795.1,setting,10.0,0,620,0,104556,0,697578,3.60,408178688,443039744,4673,993,1040,704,715,23437,0.31,17653760,2502656,146,0,1,5,6,post_set,619,7571.9,44,8
2026-10-03T13:09:04.851+08:00,6805.0,setting,10.0,0,621,0,104556,0,697984,4.08,408539136,443166720,4673,993,1040,704,715,23453,0.16,17653760,2502656,146,0,1,5,6,post_set,620,7581.9,44,8
2026-10-03T13:09:14.918+08:00,6815.1,setting,10.1,0,622,0,104556,0,698343,3.57,408244224,442494976,4631,993,1040,700,715,23484,0.31,17653760,2502656,146,0,1,5,6,post_set,621,7591.9,44,8
2026-10-03T13:09:24.882+08:00,6825.1,setting,10.0,0,623,0,104556,0,698718,3.76,408121344,442613760,4631,993,1040,700,715,23515,0.31,17657856,2502656,146,0,1,5,6,post_set,622,7601.9,44,8
2026-10-03T13:09:34.841+08:00,6835.0,setting,10.0,0,624,0,104556,0,699109,3.92,408002560,442494976,4631,993,1040,700,715,23546,0.31,17657856,2502656,146,0,1,5,6,post_set,623,7611.8,44,8
2026-10-03T13:09:44.905+08:00,6845.1,setting,10.1,0,625,0,104556,0,699546,4.35,408121344,442613760,4631,993,1040,700,715,23578,0.31,17657856,2502656,146,0,1,5,6,post_set,624,7621.9,44,8
2026-10-03T13:09:54.877+08:00,6855.1,setting,10.0,0,626,0,104556,0,699953,4.08,408002560,442494976,4631,993,1040,700,715,23609,0.31,17657856,2502656,146,0,1,5,6,post_set,625,7631.9,44,8
2026-10-03T13:10:04.836+08:00,6865.0,setting,10.0,0,627,0,104556,0,700359,4.07,408367104,442613760,4631,993,1040,700,715,23656,0.47,17657856,2502656,146,0,1,5,6,post_set,626,7641.8,44,8
2026-10-03T13:10:14.911+08:00,6875.1,setting,10.1,0,628,0,104556,0,700718,3.57,408272896,442494976,4631,993,1040,700,715,23671,0.16,17657856,2502656,146,0,1,5,6,post_set,627,7651.9,44,8
2026-10-03T13:10:24.882+08:00,6885.1,setting,10.0,0,629,0,104556,0,701140,4.23,408150016,442613760,4631,993,1040,700,715,23703,0.31,17657856,2502656,146,0,1,5,6,post_set,628,7661.9,44,8
2026-10-03T13:10:34.852+08:00,6895.0,setting,10.0,0,630,0,104556,0,701562,4.23,408031232,442494976,4631,993,1040,700,715,23734,0.31,17657856,2502656,146,0,1,5,6,post_set,629,7671.9,44,8
2026-10-03T13:10:44.913+08:00,6905.1,setting,10.1,0,631,0,104556,0,701937,3.73,408150016,442613760,4631,993,1040,700,715,23765,0.31,17657856,2502656,146,0,1,5,6,post_set,630,7681.9,44,8
2026-10-03T13:10:54.876+08:00,6915.1,setting,10.0,0,632,0,104556,0,702343,4.08,408031232,442494976,4631,993,1040,700,715,23812,0.47,17657856,2502656,146,0,1,5,6,post_set,631,7691.9,44,8
2026-10-03T13:11:04.855+08:00,6925.0,setting,10.0,0,633,0,104556,0,702718,3.76,408399872,442613760,4631,993,1040,700,715,23859,0.47,17657856,2502656,146,0,1,5,6,post_set,632,7701.9,44,8
2026-10-03T13:11:14.925+08:00,6935.1,setting,10.1,0,634,0,104556,0,703093,3.72,408313856,442494976,4631,993,1040,700,715,23890,0.31,17657856,2502656,146,0,1,5,6,post_set,633,7711.9,44,8
2026-10-03T13:11:24.894+08:00,6945.1,setting,10.0,0,635,0,104556,0,703484,3.92,408154112,442535936,4624,993,1040,699,715,23937,0.47,17657856,2502656,146,0,1,5,6,post_set,634,7721.9,44,8
2026-10-03T13:11:34.853+08:00,6955.0,setting,10.0,0,636,0,104556,0,703906,4.23,408035328,442417152,4624,993,1040,699,715,23968,0.31,17657856,2502656,146,0,1,5,6,post_set,635,7731.9,44,8
2026-10-03T13:11:44.916+08:00,6965.1,setting,10.1,0,637,0,104556,0,704296,3.88,408162304,442535936,4624,993,1040,699,715,24000,0.31,17657856,2502656,146,0,1,5,6,post_set,636,7741.9,44,8
2026-10-03T13:11:54.885+08:00,6975.1,setting,10.0,0,638,0,104556,0,704687,3.92,408043520,442417152,4624,993,1040,699,715,24031,0.31,17657856,2502656,146,0,1,5,6,post_set,637,7751.9,44,8
2026-10-03T13:12:04.845+08:00,6985.0,setting,10.0,0,639,0,104556,0,705078,3.92,407695360,442601472,4630,993,1040,701,715,24062,0.31,17657856,2502656,146,0,1,5,6,post_set,638,7761.8,44,8
2026-10-03T13:12:14.911+08:00,6995.1,setting,10.1,0,640,0,104556,0,705546,4.66,407588864,442482688,4629,993,1040,700,715,24093,0.31,17657856,2502656,146,0,1,5,6,post_set,639,7771.9,44,8
2026-10-03T13:12:24.873+08:00,7005.1,setting,10.0,0,641,0,104556,0,705906,3.61,407465984,442601472,4630,993,1040,700,715,24125,0.31,17657856,2502656,146,0,1,5,6,post_set,640,7781.9,44,8
2026-10-03T13:12:34.842+08:00,7015.0,setting,10.0,0,642,0,104556,0,706281,3.76,404525056,438980608,4627,993,1040,699,715,24140,0.16,17657856,2502656,146,0,1,5,6,post_set,641,7791.8,44,8
2026-10-03T13:12:44.914+08:00,7025.1,setting,10.1,0,643,0,104556,0,706750,4.65,404721664,439156736,4626,993,1040,699,715,24171,0.31,17657856,2502656,146,0,1,5,6,post_set,642,7801.9,44,8
2026-10-03T13:12:54.874+08:00,7035.1,setting,10.0,0,644,0,104556,0,707156,4.07,404639744,439037952,4626,993,1040,699,715,24203,0.31,17657856,2502656,146,0,1,5,6,post_set,643,7811.9,44,8
2026-10-03T13:13:04.842+08:00,7045.0,setting,10.0,0,645,0,104556,0,707546,3.92,405008384,439156736,4626,993,1040,699,715,24218,0.16,17657856,2502656,146,0,1,5,6,post_set,644,7821.8,44,8
2026-10-03T13:13:14.897+08:00,7055.1,setting,10.1,0,646,0,104556,0,707921,3.72,404910080,439042048,4626,993,1040,699,715,24250,0.31,17657856,2502656,146,0,1,5,6,post_set,645,7831.9,44,8
2026-10-03T13:13:24.856+08:00,7065.0,setting,10.0,0,647,0,104556,0,708343,4.24,404824064,439189504,4627,993,1040,700,715,24281,0.31,17657856,2502656,146,0,1,5,6,post_set,646,7841.9,44,8
2026-10-03T13:13:34.920+08:00,7075.1,setting,10.1,0,648,0,104556,0,708765,4.19,404713472,439070720,4627,993,1040,699,715,24296,0.16,17661952,2502656,146,0,1,5,6,post_set,647,7851.9,44,8
2026-10-03T13:13:44.893+08:00,7085.1,setting,10.0,0,649,0,104556,0,709140,3.76,404860928,439218176,4626,993,1040,699,715,24343,0.47,17661952,2502656,146,0,1,5,6,post_set,648,7861.9,44,8
2026-10-03T13:13:54.853+08:00,7095.0,setting,10.0,0,650,0,104556,0,709515,3.76,404742144,439099392,4626,993,1040,699,715,24390,0.47,17661952,2502656,146,0,1,5,6,post_set,649,7871.9,44,8
2026-10-03T13:14:04.922+08:00,7105.1,setting,10.1,0,651,0,104556,0,709875,3.57,405106688,439222272,4626,993,1040,699,715,24406,0.16,17661952,2502656,146,0,1,5,6,post_set,650,7881.9,44,8
2026-10-03T13:14:14.896+08:00,7115.1,setting,10.0,0,652,0,104556,0,710281,4.08,405069824,439197696,4626,993,1040,699,715,24437,0.31,17661952,2502656,146,0,1,5,6,post_set,651,7891.9,44,8
2026-10-03T13:14:24.855+08:00,7125.0,setting,10.0,0,653,0,104556,0,710687,4.07,405004288,439377920,4626,993,1040,699,715,24468,0.31,17661952,2502656,146,0,1,5,6,post_set,652,7901.9,44,8
2026-10-03T13:14:34.931+08:00,7135.1,setting,10.1,0,654,0,104556,0,711078,3.88,404955136,439320576,4626,993,1040,699,715,24500,0.31,17661952,2502656,146,0,1,5,6,post_set,653,7911.9,44,8
2026-10-03T13:14:44.989+08:00,7145.1,setting,10.0,0,655,0,104556,0,711453,3.74,405078016,439439360,4626,993,1040,699,715,24562,0.62,17661952,2502656,146,0,1,5,6,post_set,654,7922.0,44,8
2026-10-03T13:14:54.862+08:00,7155.0,setting,9.9,0,656,0,104556,0,711843,3.94,404922368,439242752,4621,993,1040,699,715,24625,0.63,17661952,2502656,146,0,1,5,6,post_set,655,7931.9,44,8
2026-10-03T13:15:04.935+08:00,7165.1,setting,10.1,0,657,0,104556,0,712218,3.72,405336064,439422976,4621,993,1040,699,715,24671,0.47,17666048,2502656,146,0,1,5,6,post_set,656,7941.9,44,8
2026-10-03T13:15:14.903+08:00,7175.1,setting,10.0,0,658,0,104556,0,712609,3.92,405221376,439304192,4621,993,1040,699,715,24703,0.31,17666048,2502656,146,0,1,5,6,post_set,657,7951.9,44,8
2026-10-03T13:15:24.872+08:00,7185.1,setting,10.0,0,659,0,104556,0,713093,4.86,405098496,439422976,4621,993,1040,699,715,24734,0.31,17666048,2502656,146,0,1,5,6,post_set,658,7961.9,44,8
2026-10-03T13:15:34.829+08:00,7195.0,setting,10.0,0,660,0,104556,0,713484,3.92,404987904,439304192,4621,993,1040,699,715,24781,0.47,17666048,2502656,146,0,1,5,6,post_set,659,7971.8,44,8
2026-10-03T13:15:44.899+08:00,7205.1,setting,10.1,0,661,0,104556,0,713875,3.88,405106688,439422976,4621,993,1040,699,715,24812,0.31,17666048,2502656,146,0,1,5,6,post_set,660,7981.9,44,8
2026-10-03T13:15:54.862+08:00,7215.1,setting,10.0,0,662,0,104556,0,714250,3.76,404963328,439255040,4614,993,1040,698,715,24843,0.31,17666048,2502656,146,0,1,5,6,post_set,661,7991.9,44,8
2026-10-03T13:16:04.928+08:00,7225.1,setting,10.1,0,663,0,104556,0,714640,3.88,405323776,439373824,4615,993,1040,699,715,24859,0.16,17666048,2502656,146,0,1,5,6,post_set,662,8001.9,44,8
2026-10-03T13:16:14.890+08:00,7235.1,setting,10.0,0,664,0,104556,0,715062,4.23,405204992,439255040,4615,993,1040,698,715,24906,0.47,17666048,2502656,146,0,1,5,6,post_set,663,8011.9,44,8
2026-10-03T13:16:24.861+08:00,7245.0,setting,10.0,0,665,0,104556,0,715421,3.61,405082112,439373824,4615,993,1040,698,715,24937,0.31,17666048,2502656,146,0,1,5,6,post_set,664,8021.9,44,8
2026-10-03T13:16:34.926+08:00,7255.1,setting,10.1,0,666,0,104556,0,715781,3.57,404963328,439255040,4615,993,1040,698,715,24968,0.31,17666048,2502656,146,0,1,5,6,post_set,665,8031.9,44,8
2026-10-03T13:16:44.896+08:00,7265.1,setting,10.0,0,667,0,104556,0,716125,3.45,405127168,439431168,4615,993,1040,698,715,25000,0.31,17666048,2502656,146,0,1,5,6,post_set,666,8041.9,44,8
2026-10-03T13:16:54.862+08:00,7275.0,setting,10.0,0,668,0,104556,0,716500,3.76,405065728,439373824,4615,993,1040,698,715,25046,0.47,17666048,2502656,146,0,1,5,6,post_set,667,8051.9,44,8
2026-10-03T13:17:04.930+08:00,7285.1,setting,10.1,0,669,0,104556,0,716890,3.88,405454848,439521280,4615,993,1040,698,715,25062,0.16,17666048,2502656,146,0,1,5,6,post_set,668,8061.9,44,8
2026-10-03T13:17:14.900+08:00,7295.1,setting,10.0,0,670,0,104556,0,717265,3.76,405336064,439402496,4615,993,1040,698,715,25093,0.31,17666048,2502656,146,0,1,5,6,post_set,669,8071.9,44,8
2026-10-03T13:17:24.868+08:00,7305.1,setting,10.0,0,671,0,104556,0,717656,3.92,405213184,439521280,4615,993,1040,698,715,25140,0.47,17666048,2502656,146,0,1,5,6,post_set,670,8081.9,44,8
2026-10-03T13:17:34.825+08:00,7315.0,setting,10.0,0,672,0,104556,0,718062,4.08,405094400,439402496,4615,993,1040,698,715,25171,0.31,17666048,2502656,146,0,1,5,6,post_set,671,8091.8,44,8
2026-10-03T13:17:44.883+08:00,7325.1,setting,10.1,0,673,0,104556,0,718484,4.20,404361216,438620160,4615,993,1040,697,715,25187,0.16,17666048,2502656,146,0,1,5,6,post_set,672,8101.9,44,8
2026-10-03T13:17:54.854+08:00,7335.0,setting,10.0,0,674,0,104556,0,718859,3.76,404328448,438571008,4615,993,1040,699,715,25234,0.47,17666048,2502656,146,0,1,5,6,post_set,673,8111.9,44,8
2026-10-03T13:18:04.921+08:00,7345.1,setting,10.1,0,675,0,104556,0,719281,4.19,404713472,438689792,4615,993,1040,698,715,25265,0.31,17666048,2502656,146,0,1,5,6,post_set,674,8121.9,44,8
2026-10-03T13:18:14.886+08:00,7355.1,setting,10.0,0,676,0,104556,0,719671,3.92,404656128,438644736,4614,993,1040,698,715,25281,0.16,17666048,2502656,146,0,1,5,6,post_set,675,8131.9,44,8
2026-10-03T13:18:24.853+08:00,7365.0,setting,10.0,0,677,0,104556,0,720109,4.39,404545536,438763520,4614,993,1040,698,715,25312,0.31,17666048,2502656,146,0,1,5,6,post_set,676,8141.9,44,8
2026-10-03T13:18:34.910+08:00,7375.1,setting,10.1,0,678,0,104556,0,720484,3.72,404512768,438734848,4614,993,1040,699,715,25343,0.31,17666048,2502656,146,0,1,5,6,post_set,677,8151.9,44,8
2026-10-03T13:18:44.884+08:00,7385.1,setting,10.0,0,679,0,104556,0,720859,3.77,404631552,438853632,4614,993,1040,698,715,25375,0.31,17666048,2502656,146,0,1,5,6,post_set,678,8161.9,44,8
2026-10-03T13:18:54.850+08:00,7395.0,setting,10.0,0,680,0,104556,0,721250,3.92,404516864,438738944,4615,993,1040,699,715,25406,0.31,17666048,2502656,146,0,1,5,6,post_set,679,8171.9,44,8
2026-10-03T13:19:04.915+08:00,7405.1,setting,10.1,0,681,0,104556,0,721703,4.50,404889600,438865920,4615,993,1040,698,715,25453,0.47,17666048,2502656,146,0,1,5,6,post_set,680,8181.9,44,8
2026-10-03T13:19:14.884+08:00,7415.1,setting,10.0,0,682,0,104556,0,722093,3.92,404774912,438747136,4615,993,1040,698,715,25484,0.31,17670144,2502656,146,0,1,5,6,post_set,681,8191.9,44,8
2026-10-03T13:19:24.847+08:00,7425.0,setting,10.0,0,683,0,104556,0,722468,3.76,404652032,438865920,4615,993,1040,698,715,25546,0.63,17670144,2502656,146,0,1,5,6,post_set,682,8201.8,44,8
2026-10-03T13:19:34.912+08:00,7435.1,setting,10.1,0,684,0,104556,0,722843,3.73,404533248,438747136,4615,993,1040,698,715,25578,0.31,17670144,2502656,146,0,1,5,6,post_set,683,8211.9,44,8
2026-10-03T13:19:44.882+08:00,7445.1,setting,10.0,0,685,0,104556,0,723218,3.76,404705280,438927360,4615,993,1040,698,715,25609,0.31,17670144,2502656,146,0,1,5,6,post_set,684,8221.9,44,8
2026-10-03T13:19:54.844+08:00,7455.0,setting,10.0,0,686,0,104556,0,723593,3.76,404586496,438808576,4615,993,1040,698,715,25640,0.31,17670144,2502656,146,0,1,5,6,post_set,685,8231.8,44,8
2026-10-03T13:20:04.919+08:00,7465.1,setting,10.1,0,687,0,104556,0,724000,4.04,404946944,438927360,4615,993,1040,698,715,25671,0.31,17670144,2502656,146,0,1,5,6,post_set,686,8241.9,44,8
2026-10-03T13:20:14.880+08:00,7475.1,setting,10.0,0,688,0,104556,0,724343,3.45,404828160,438808576,4615,993,1040,698,715,25703,0.31,17670144,2502656,146,0,1,5,6,post_set,687,8251.9,44,8
2026-10-03T13:20:24.852+08:00,7485.0,setting,10.0,0,689,0,104556,0,724703,3.61,404705280,438927360,4614,993,1040,698,715,25734,0.31,17670144,2502656,146,0,1,5,6,post_set,688,8261.9,44,8
2026-10-03T13:20:34.914+08:00,7495.1,setting,10.1,0,690,0,104556,0,725093,3.88,404590592,438808576,4614,993,1040,698,715,25765,0.31,17670144,2502656,146,0,1,5,6,post_set,689,8271.9,44,8
2026-10-03T13:20:44.886+08:00,7505.1,setting,10.0,0,691,0,104556,0,725484,3.92,404709376,438927360,4615,993,1040,699,715,25796,0.31,17674240,2502656,146,0,1,5,6,post_set,690,8281.9,44,8
2026-10-03T13:20:54.858+08:00,7515.0,setting,10.0,0,692,0,104556,0,725859,3.76,404590592,438808576,4614,993,1040,699,715,25828,0.31,17674240,2502656,146,0,1,5,6,post_set,691,8291.9,44,8
2026-10-03T13:21:04.928+08:00,7525.1,setting,10.1,0,693,0,104556,0,726328,4.65,405024768,439001088,4614,993,1040,698,715,25859,0.31,17674240,2502656,146,0,1,5,6,post_set,692,8301.9,44,8
2026-10-03T13:21:14.895+08:00,7535.1,setting,10.0,0,694,0,104556,0,726750,4.23,404967424,438943744,4615,993,1040,699,715,25890,0.31,17674240,2502656,146,0,1,5,6,post_set,693,8311.9,44,8
2026-10-03T13:21:24.866+08:00,7545.0,setting,10.0,0,695,0,104556,0,727171,4.23,404844544,439062528,4615,993,1040,698,715,25921,0.31,17674240,2502656,146,0,1,5,6,post_set,694,8321.9,44,8
2026-10-03T13:21:34.935+08:00,7555.1,setting,10.1,0,696,0,104556,0,727578,4.03,404738048,438956032,4615,993,1040,698,715,25953,0.31,17674240,2502656,146,0,1,5,6,post_set,695,8331.9,44,8
2026-10-03T13:21:44.910+08:00,7565.1,setting,10.0,0,697,0,104556,0,727937,3.60,404856832,439074816,4615,993,1040,698,715,25984,0.31,17674240,2502656,146,0,1,5,6,post_set,696,8341.9,44,8
2026-10-03T13:21:54.884+08:00,7575.1,setting,10.0,0,698,0,104556,0,728312,3.76,404738048,438956032,4615,993,1040,698,715,26031,0.47,17674240,2502656,146,0,1,5,6,post_set,697,8351.9,44,8
2026-10-03T13:22:04.848+08:00,7585.0,setting,10.0,0,699,0,104556,0,728718,4.07,405098496,439074816,4615,993,1040,698,715,26062,0.31,17674240,2502656,146,0,1,5,6,post_set,698,8361.8,44,8
2026-10-03T13:22:14.906+08:00,7595.1,setting,10.1,0,700,0,104556,0,729109,3.88,404979712,438956032,4615,993,1040,698,715,26109,0.47,17674240,2502656,146,0,1,5,6,post_set,699,8371.9,44,8
2026-10-03T13:22:24.875+08:00,7605.1,setting,10.0,0,701,0,104556,0,729484,3.77,404856832,439074816,4615,993,1040,698,715,26140,0.31,17674240,2502656,146,0,1,5,6,post_set,700,8381.9,44,8
2026-10-03T13:22:34.842+08:00,7615.0,setting,10.0,0,702,0,104556,0,729875,3.92,404738048,438956032,4614,993,1040,699,715,26187,0.47,17674240,2502656,146,0,1,5,6,post_set,701,8391.8,44,8
2026-10-03T13:22:44.912+08:00,7625.1,setting,10.1,0,703,0,104556,0,730328,4.50,404860928,439078912,4614,993,1040,698,715,26218,0.31,17674240,2502656,146,0,1,5,6,post_set,702,8401.9,44,8
2026-10-03T13:22:54.869+08:00,7635.1,setting,10.0,0,704,0,104556,0,730796,4.70,404017152,437669888,4614,993,1040,699,715,26250,0.31,17674240,2502656,146,0,1,5,6,post_set,703,8411.9,44,8
2026-10-03T13:23:04.930+08:00,7645.1,setting,10.1,0,705,0,104556,0,731203,4.04,404688896,438779904,4614,993,1040,698,715,26265,0.16,17674240,2502656,146,0,1,5,6,post_set,704,8421.9,44,8
2026-10-03T13:23:14.900+08:00,7655.1,setting,10.0,0,706,0,104556,0,731531,3.29,404692992,438788096,4615,993,1040,699,715,26296,0.31,17674240,2502656,146,0,1,5,6,post_set,705,8431.9,44,8
2026-10-03T13:23:24.862+08:00,7665.1,setting,10.0,0,707,0,104556,0,731937,4.07,404627456,438951936,4614,993,1040,699,715,26328,0.31,17674240,2502656,146,0,1,5,6,post_set,706,8441.9,44,8
2026-10-03T13:23:34.943+08:00,7675.1,setting,10.1,0,708,0,104556,0,732328,3.88,404627456,438960128,4614,993,1040,698,715,26359,0.31,17674240,2502656,146,0,1,5,6,post_set,707,8451.9,44,8
2026-10-03T13:23:44.904+08:00,7685.1,setting,10.0,0,709,0,104556,0,732765,4.38,404754432,439078912,4614,993,1040,699,715,26421,0.63,17674240,2502656,146,0,1,5,6,post_set,708,8461.9,44,8
2026-10-03T13:23:54.878+08:00,7695.1,setting,10.0,0,710,0,104556,0,733156,3.92,404664320,438988800,4615,993,1040,699,715,26437,0.16,17674240,2502656,146,0,1,5,6,post_set,709,8471.9,44,8
2026-10-03T13:24:04.846+08:00,7705.0,setting,10.0,0,711,0,104556,0,733609,4.54,405028864,439107584,4615,993,1040,698,715,26484,0.47,17674240,2502656,146,0,1,5,6,post_set,710,8481.8,44,8
2026-10-03T13:24:14.917+08:00,7715.1,setting,10.1,0,712,0,104556,0,733984,3.72,404946944,439017472,4614,993,1040,699,715,26531,0.47,17674240,2502656,146,0,1,5,6,post_set,711,8491.9,44,8
2026-10-03T13:24:24.884+08:00,7725.1,setting,10.0,0,713,0,104556,0,734375,3.92,404824064,439136256,4614,993,1040,698,715,26562,0.31,17674240,2502656,146,0,1,5,6,post_set,712,8501.9,44,8
2026-10-03T13:24:34.851+08:00,7735.0,setting,10.0,0,714,0,104556,0,734765,3.92,404709376,439017472,4615,993,1040,698,715,26609,0.47,17674240,2502656,146,0,1,5,6,post_set,713,8511.9,44,8
2026-10-03T13:24:44.924+08:00,7745.1,setting,10.1,0,715,0,104556,0,735171,4.03,404832256,439136256,4614,993,1040,699,715,26640,0.31,17674240,2502656,146,0,1,5,6,post_set,714,8521.9,44,8
2026-10-03T13:24:54.877+08:00,7755.1,setting,10.0,0,716,0,104556,0,735562,3.92,404729856,439029760,4615,993,1040,698,715,26687,0.47,17678336,2502656,146,0,1,5,6,post_set,715,8531.9,44,8
2026-10-03T13:25:04.853+08:00,7765.0,setting,10.0,0,717,0,104556,0,736000,4.39,405118976,439177216,4615,993,1040,698,715,26703,0.16,17678336,2502656,146,0,1,5,6,post_set,716,8541.9,44,8
2026-10-03T13:25:14.923+08:00,7775.1,setting,10.1,0,718,0,104556,0,736375,3.72,405008384,439062528,4615,993,1040,699,715,26734,0.31,17678336,2502656,146,0,1,5,6,post_set,717,8551.9,44,8
2026-10-03T13:25:24.882+08:00,7785.1,setting,10.0,0,719,0,104556,0,736750,3.76,404885504,439181312,4615,993,1040,699,715,26765,0.31,17678336,2502656,146,0,1,5,6,post_set,718,8561.9,44,8
2026-10-03T13:25:34.840+08:00,7795.0,setting,10.0,0,720,0,104556,0,737203,4.55,404787200,439062528,4615,993,1040,698,715,26796,0.31,17678336,2502656,146,0,1,5,6,post_set,719,8571.8,44,8
2026-10-03T13:25:44.914+08:00,7805.1,setting,10.1,0,721,0,104556,0,737640,4.35,404910080,439185408,4615,993,1040,698,715,26812,0.16,17678336,2502656,146,0,1,5,6,post_set,720,8581.9,44,8
2026-10-03T13:25:54.892+08:00,7815.1,setting,10.0,0,722,0,104556,0,738000,3.60,404791296,439066624,4615,993,1040,699,715,26828,0.16,17678336,2502656,146,0,1,5,6,post_set,721,8591.9,44,8
2026-10-03T13:26:04.866+08:00,7825.0,setting,10.0,0,723,0,104556,0,738421,4.23,405151744,439185408,4615,993,1040,698,715,26875,0.47,17678336,2502656,146,0,1,5,6,post_set,722,8601.9,44,8
2026-10-03T13:26:14.939+08:00,7835.1,setting,10.1,0,724,0,104556,0,738859,4.34,405086208,439128064,4615,993,1040,699,715,26906,0.31,17678336,2502656,146,0,1,5,6,post_set,723,8611.9,44,8
2026-10-03T13:26:24.902+08:00,7845.1,setting,10.0,0,725,0,104556,0,739250,3.92,404963328,439246848,4615,993,1040,699,715,26953,0.47,17678336,2502656,146,0,1,5,6,post_set,724,8621.9,44,8
2026-10-03T13:26:34.865+08:00,7855.1,setting,10.0,0,726,0,104556,0,739625,3.76,404848640,439128064,4614,993,1040,699,715,26984,0.31,17682432,2502656,146,0,1,5,6,post_set,725,8631.9,44,8
2026-10-03T13:26:44.934+08:00,7865.1,setting,10.1,0,727,0,104556,0,740015,3.88,404971520,439250944,4615,993,1040,698,715,27015,0.31,17682432,2502656,146,0,1,5,6,post_set,726,8641.9,44,8
2026-10-03T13:26:54.902+08:00,7875.1,setting,10.0,0,728,0,104556,0,740390,3.76,404865024,439144448,4614,993,1040,699,715,27046,0.31,17682432,2502656,146,0,1,5,6,post_set,727,8651.9,44,8
2026-10-03T13:27:04.865+08:00,7885.1,setting,10.0,0,729,0,104556,0,740796,4.08,405225472,439263232,4614,993,1040,698,715,27078,0.31,17682432,2502656,146,0,1,5,6,post_set,728,8661.9,44,8
2026-10-03T13:27:14.935+08:00,7895.1,setting,10.1,0,730,0,104556,0,741203,4.04,405106688,439144448,4615,993,1040,699,715,27109,0.31,17682432,2502656,146,0,1,5,6,post_set,729,8671.9,44,8
2026-10-03T13:27:24.898+08:00,7905.1,setting,10.0,0,731,0,104556,0,741593,3.92,404983808,439263232,4614,993,1040,698,715,27140,0.31,17682432,2502656,146,0,1,5,6,post_set,730,8681.9,44,8
2026-10-03T13:27:34.854+08:00,7915.0,setting,10.0,0,732,0,104556,0,741968,3.77,404865024,439144448,4615,993,1040,699,715,27171,0.31,17682432,2502656,146,0,1,5,6,post_set,731,8691.9,44,8
2026-10-03T13:27:44.927+08:00,7925.1,setting,10.1,0,733,0,104556,0,742328,3.57,404983808,439263232,4615,993,1040,699,715,27203,0.31,17682432,2502656,146,0,1,5,6,post_set,732,8701.9,44,8
2026-10-03T13:27:54.890+08:00,7935.1,setting,10.0,0,734,0,104556,0,742750,4.23,404025344,437665792,4615,993,1040,698,715,27234,0.31,17682432,2502656,146,0,1,5,6,post_set,733,8711.9,44,8
2026-10-03T13:28:04.850+08:00,7945.0,setting,10.0,0,735,0,104556,0,743140,3.92,404692992,438763520,4615,993,1040,698,715,27250,0.16,17682432,2502656,146,0,1,5,6,post_set,734,8721.8,44,8
2026-10-03T13:28:14.924+08:00,7955.1,setting,10.1,0,736,0,104556,0,743531,3.88,404684800,438706176,4615,993,1040,699,715,27281,0.31,17682432,2502656,146,0,1,5,6,post_set,735,8731.9,44,8
2026-10-03T13:28:24.898+08:00,7965.1,setting,10.0,0,737,0,104556,0,743937,4.07,404606976,438870016,4615,993,1040,698,715,27328,0.47,17682432,2502656,146,0,1,5,6,post_set,736,8741.9,44,8
2026-10-03T13:28:34.867+08:00,7975.0,setting,10.0,0,738,0,104556,0,744375,4.39,404586496,438812672,4615,993,1040,699,715,27375,0.47,17682432,2502656,146,0,1,5,6,post_set,737,8751.9,44,8
2026-10-03T13:28:44.935+08:00,7985.1,setting,10.1,0,739,0,104556,0,744750,3.72,404705280,438931456,4614,993,1040,699,715,27406,0.31,17682432,2502656,146,0,1,5,6,post_set,738,8761.9,44,8
2026-10-03T13:28:54.896+08:00,7995.1,setting,10.0,0,740,0,104556,0,745187,4.39,404590592,438812672,4614,993,1040,699,715,27437,0.31,17682432,2502656,146,0,1,5,6,post_set,739,8771.9,44,8
2026-10-03T13:29:04.858+08:00,8005.0,setting,10.0,0,741,0,104556,0,745593,4.08,404951040,438931456,4614,993,1040,698,715,27484,0.47,17682432,2502656,146,0,1,5,6,post_set,740,8781.9,44,8
2026-10-03T13:29:14.928+08:00,8015.1,setting,10.1,0,742,0,104556,0,745953,3.57,404840448,438812672,4614,993,1040,698,715,27515,0.31,17682432,2502656,146,0,1,5,6,post_set,741,8791.9,44,8
2026-10-03T13:29:24.898+08:00,8025.1,setting,10.0,0,743,0,104556,0,746343,3.92,404824064,439058432,4614,993,1040,699,715,27546,0.31,17682432,2502656,146,0,1,5,6,post_set,742,8801.9,44,8
2026-10-03T13:29:34.860+08:00,8035.0,setting,10.0,0,744,0,104556,0,746750,4.08,404758528,439001088,4615,993,1040,698,715,27578,0.31,17682432,2502656,146,0,1,5,6,post_set,743,8811.9,44,8
2026-10-03T13:29:44.922+08:00,8045.1,setting,10.1,0,745,0,104556,0,747156,4.04,404881408,439119872,4615,993,1040,698,715,27609,0.31,17682432,2502656,146,0,1,5,6,post_set,744,8821.9,44,8
2026-10-03T13:29:54.896+08:00,8055.1,setting,10.0,0,746,0,104556,0,747562,4.08,404803584,439029760,4615,993,1040,699,715,27656,0.47,17682432,2502656,146,0,1,5,6,post_set,745,8831.9,44,8
2026-10-03T13:30:04.867+08:00,8065.0,setting,10.0,0,747,0,104556,0,748000,4.39,405164032,439148544,4615,993,1040,699,715,27687,0.31,17682432,2502656,146,0,1,5,6,post_set,746,8841.9,44,8
2026-10-03T13:30:14.930+08:00,8075.1,setting,10.1,0,748,0,104556,0,748406,4.03,405045248,439029760,4615,993,1040,698,715,27718,0.31,17682432,2502656,146,0,1,5,6,post_set,747,8851.9,44,8
2026-10-03T13:30:24.895+08:00,8085.1,setting,10.0,0,749,0,104556,0,748843,4.39,404967424,439193600,4615,993,1040,698,715,27734,0.16,17682432,2502656,146,0,1,5,6,post_set,748,8861.9,44,8
2026-10-03T13:30:34.855+08:00,8095.0,setting,10.0,0,750,0,104556,0,749203,3.61,404848640,439074816,4615,993,1040,698,715,27765,0.31,17686528,2502656,146,0,1,5,6,post_set,749,8871.9,44,8
2026-10-03T13:30:44.922+08:00,8105.1,setting,10.1,0,751,0,104556,0,749625,4.19,404971520,439193600,4615,993,1040,699,715,27796,0.31,17686528,2502656,146,0,1,5,6,post_set,750,8881.9,44,8
2026-10-03T13:30:54.893+08:00,8115.1,setting,10.0,0,752,0,104556,0,750484,8.62,405991424,440029184,4703,993,1040,704,715,27812,0.16,17686528,2502656,146,0,1,5,6,post_set,751,8891.9,44,8
2026-10-03T13:31:04.851+08:00,8125.0,setting,10.0,0,753,0,104556,0,750921,4.39,406405120,440205312,4708,993,1040,706,715,27859,0.47,17686528,2502656,146,0,1,5,6,post_set,752,8901.9,44,8
2026-10-03T13:31:14.917+08:00,8135.1,setting,10.1,0,754,0,104556,0,751312,3.88,406290432,440078336,4708,993,1040,706,715,27890,0.31,17686528,2502656,146,0,1,5,6,post_set,753,8911.9,44,8
2026-10-03T13:31:24.890+08:00,8145.1,setting,10.0,0,755,0,104556,0,751718,4.08,406233088,440262656,4708,993,1040,705,715,27921,0.31,17686528,2502656,146,0,1,5,6,post_set,754,8921.9,44,8
2026-10-03T13:31:34.854+08:00,8155.0,setting,10.0,0,756,0,104556,0,752125,4.07,406122496,440143872,4707,993,1040,706,715,27953,0.31,17686528,2502656,146,0,1,5,6,post_set,755,8931.9,44,8
2026-10-03T13:31:44.919+08:00,8165.1,setting,10.1,0,757,0,104556,0,752546,4.19,406241280,440270848,4705,993,1040,705,715,27984,0.31,17686528,2502656,146,0,1,5,6,post_set,756,8941.9,44,8
2026-10-03T13:31:54.877+08:00,8175.1,setting,10.0,0,758,0,104556,0,752906,3.61,405635072,440135680,4636,993,1040,701,715,28015,0.31,17686528,2502656,146,0,1,5,6,post_set,757,8951.9,44,8
2026-10-03T13:32:04.845+08:00,8185.0,setting,10.0,0,759,0,104556,0,753312,4.08,406024192,440283136,4636,993,1040,701,715,28046,0.31,17686528,2502656,146,0,1,5,6,post_set,758,8961.8,44,8
2026-10-03T13:32:14.919+08:00,8195.1,setting,10.1,0,760,0,104556,0,754046,7.29,408543232,442826752,4713,993,1040,712,715,28093,0.47,17690624,2502656,146,0,1,5,6,post_set,759,8971.9,44,8
2026-10-03T13:32:24.963+08:00,8205.1,setting,10.0,0,761,0,104556,0,754718,6.69,408469504,442953728,4711,993,1040,711,715,28125,0.31,17690624,2502656,146,0,1,5,6,post_set,760,8982.0,44,8
2026-10-03T13:32:34.933+08:00,8215.1,setting,10.0,0,762,0,104556,0,755171,4.54,408383488,442826752,4708,993,1040,710,715,28187,0.63,17690624,2502656,146,0,1,5,6,post_set,761,8991.9,44,8
2026-10-03T13:32:44.923+08:00,8225.1,setting,10.0,0,763,0,104556,0,755531,3.61,408309760,442642432,4676,993,1040,703,715,28218,0.31,17690624,2502656,146,0,1,5,6,post_set,762,9001.9,44,8
2026-10-03T13:32:54.887+08:00,8235.1,setting,10.0,0,764,0,104556,0,755953,4.22,408190976,442515456,4676,993,1040,703,715,28281,0.63,17690624,2502656,146,0,1,5,6,post_set,763,9011.9,44,8
2026-10-03T13:33:04.854+08:00,8245.0,setting,10.0,0,765,0,104556,0,756359,4.08,405807104,438951936,4676,993,1040,702,715,28312,0.31,17690624,2502656,146,0,1,5,6,post_set,764,9021.9,44,8
2026-10-03T13:33:14.928+08:00,8255.1,setting,10.1,0,766,0,104556,0,756718,3.57,405909504,439648256,4675,993,1040,702,715,28343,0.31,17690624,2502656,146,0,1,5,6,post_set,765,9031.9,44,8
2026-10-03T13:33:24.897+08:00,8265.1,setting,10.0,0,767,0,104556,0,757125,4.07,405864448,439812096,4675,993,1040,702,715,28390,0.47,17690624,2502656,146,0,1,5,6,post_set,766,9041.9,44,8
2026-10-03T13:33:34.866+08:00,8275.1,setting,10.0,0,768,0,104556,0,757500,3.76,405827584,439775232,4675,993,1040,702,715,28421,0.31,17690624,2502656,146,0,1,5,6,post_set,767,9051.9,44,8
2026-10-03T13:33:44.934+08:00,8285.1,setting,10.1,0,769,0,104556,0,758203,6.98,407621632,442101760,4720,993,1040,712,715,28453,0.31,17686528,2502656,146,0,1,5,6,post_set,768,9061.9,44,8
2026-10-03T13:33:54.911+08:00,8295.1,setting,10.0,0,770,0,104556,0,758625,4.23,407642112,442122240,4722,993,1040,712,715,28484,0.31,17686528,2502656,146,0,1,5,6,post_set,769,9071.9,44,8
2026-10-03T13:34:04.876+08:00,8305.1,setting,10.0,0,771,0,104556,0,759031,4.07,408002560,442241024,4722,993,1040,712,715,28531,0.47,17686528,2502656,146,0,1,5,6,post_set,770,9081.9,44,8
2026-10-03T13:34:14.851+08:00,8315.0,setting,10.0,0,772,0,104556,0,759390,3.61,407695360,441745408,4679,993,1040,704,715,28562,0.31,17686528,2502656,146,0,1,5,6,post_set,771,9091.9,44,8
2026-10-03T13:34:24.910+08:00,8325.1,setting,10.1,0,773,0,104556,0,760203,8.07,409014272,443531264,4734,993,1040,716,717,28593,0.31,17686528,2502656,146,0,1,5,6,post_set,772,9101.9,44,8
2026-10-03T13:34:34.878+08:00,8335.1,setting,10.0,0,774,0,104556,0,760593,3.92,408924160,443412480,4734,993,1040,715,717,28625,0.31,17686528,2502656,146,0,1,5,6,post_set,773,9111.9,44,8
2026-10-03T13:34:44.846+08:00,8345.0,setting,10.0,0,775,0,104556,0,760968,3.76,409006080,443531264,4734,993,1040,714,717,28656,0.31,17686528,2502656,146,0,1,5,6,post_set,774,9121.8,44,8
2026-10-03T13:34:54.908+08:00,8355.1,setting,10.1,0,776,0,104556,0,761375,4.04,408735744,443023360,4693,993,1040,704,717,28671,0.16,17686528,2502656,146,0,1,5,6,post_set,775,9131.9,44,8
2026-10-03T13:35:04.871+08:00,8365.1,setting,10.0,0,777,0,104556,0,761765,3.92,409104384,443142144,4693,993,1040,704,717,28671,0.00,17686528,2502656,146,0,1,5,6,post_set,776,9141.9,44,8
2026-10-03T13:35:14.833+08:00,8375.0,setting,10.0,0,778,0,104556,0,762156,3.92,408985600,443023360,4687,993,1040,704,717,28703,0.31,17686528,2502656,146,0,1,5,6,post_set,777,9151.8,44,8
2026-10-03T13:35:24.893+08:00,8385.1,setting,10.1,0,779,0,104556,0,762578,4.19,408621056,442900480,4687,993,1040,704,717,28734,0.31,17686528,2502656,146,0,1,5,6,post_set,778,9161.9,44,8
2026-10-03T13:35:34.863+08:00,8395.0,setting,10.0,0,780,0,104556,0,762968,3.92,408502272,442781696,4687,993,1040,704,717,28765,0.31,17686528,2502656,146,0,1,5,6,post_set,779,9171.9,44,8
2026-10-03T13:35:44.925+08:00,8405.1,setting,10.1,0,781,0,104556,0,763359,3.88,408625152,442900480,4687,993,1040,704,717,28828,0.62,17686528,2502656,146,0,1,5,6,post_set,780,9181.9,44,8
2026-10-03T13:35:54.893+08:00,8415.1,setting,10.0,0,782,0,104556,0,763718,3.61,408506368,442781696,4687,993,1040,704,717,28859,0.31,17686528,2502656,146,0,1,5,6,post_set,781,9191.9,44,8
2026-10-03T13:36:04.864+08:00,8425.0,setting,10.0,0,783,0,104556,0,764109,3.92,408576000,442265600,4643,993,1040,700,717,28906,0.47,17686528,2502656,146,0,1,5,6,post_set,782,9201.9,44,8
2026-10-03T13:36:14.928+08:00,8435.1,setting,10.1,0,784,0,104556,0,764468,3.57,408457216,442146816,4643,993,1040,700,717,28937,0.31,17690624,2502656,146,0,1,5,6,post_set,783,9211.9,44,8
2026-10-03T13:36:24.898+08:00,8445.1,setting,10.0,0,785,0,104556,0,764875,4.08,408334336,442265600,4643,993,1040,700,717,28968,0.31,17690624,2502656,146,0,1,5,6,post_set,784,9221.9,44,8
2026-10-03T13:36:34.872+08:00,8455.0,setting,10.0,0,786,0,104556,0,765250,3.76,408215552,442146816,4643,993,1040,700,717,29000,0.31,17690624,2502656,146,0,1,5,6,post_set,785,9231.9,44,8
2026-10-03T13:36:44.834+08:00,8465.0,setting,10.0,0,787,0,104556,0,765640,3.92,408334336,442265600,4643,993,1040,700,717,29046,0.47,17690624,2502656,146,0,1,5,6,post_set,786,9241.8,44,8
2026-10-03T13:36:54.898+08:00,8475.1,setting,10.1,0,788,0,104556,0,766031,3.88,408215552,442146816,4643,993,1040,700,717,29078,0.31,17690624,2502656,146,0,1,5,6,post_set,787,9251.9,44,8
2026-10-03T13:37:04.864+08:00,8485.1,setting,10.0,0,789,0,104556,0,766437,4.08,407834624,442220544,4641,993,1040,700,717,29109,0.31,17690624,2502656,146,0,1,5,6,post_set,788,9261.9,44,8
2026-10-03T13:37:14.935+08:00,8495.1,setting,10.1,0,790,0,104556,0,766812,3.73,407711744,442101760,4639,993,1040,699,717,29140,0.31,17690624,2502656,146,0,1,5,6,post_set,789,9271.9,44,8
2026-10-03T13:37:24.909+08:00,8505.1,setting,10.0,0,791,0,104556,0,767203,3.92,407588864,442220544,4639,993,1040,699,717,29171,0.31,17690624,2502656,146,0,1,5,6,post_set,790,9281.9,44,8
2026-10-03T13:37:34.872+08:00,8515.1,setting,10.0,0,792,0,104556,0,767562,3.60,407445504,442023936,4631,993,1040,698,717,29234,0.63,17690624,2502656,146,0,1,5,6,post_set,791,9291.9,44,8
2026-10-03T13:37:44.839+08:00,8525.0,setting,10.0,0,793,0,104556,0,767937,3.76,407564288,442142720,4631,993,1040,698,717,29265,0.31,17690624,2502656,146,0,1,5,6,post_set,792,9301.8,44,8
2026-10-03T13:37:54.896+08:00,8535.1,setting,10.1,0,794,0,104556,0,768281,3.42,407445504,442023936,4631,993,1040,698,717,29296,0.31,17694720,2502656,146,0,1,5,6,post_set,793,9311.9,44,8
2026-10-03T13:38:04.862+08:00,8545.0,setting,10.0,0,795,0,104556,0,768656,3.76,407805952,442142720,4632,993,1040,698,717,29328,0.31,17694720,2502656,146,0,1,5,6,post_set,794,9321.9,44,8
2026-10-03T13:38:14.927+08:00,8555.1,setting,10.1,0,796,0,104556,0,768984,3.26,407695360,442023936,4632,993,1040,698,717,29359,0.31,17694720,2502656,146,0,1,5,6,post_set,795,9331.9,44,8
2026-10-03T13:38:24.903+08:00,8565.1,setting,10.0,0,797,0,104556,0,769390,4.08,407572480,442142720,4632,993,1040,698,717,29390,0.31,17694720,2502656,146,0,1,5,6,post_set,796,9341.9,44,8
2026-10-03T13:38:34.878+08:00,8575.1,setting,10.0,0,798,0,104556,0,769796,4.07,407453696,442023936,4632,993,1040,698,717,29421,0.31,17694720,2502656,146,0,1,5,6,post_set,797,9351.9,44,8
2026-10-03T13:38:44.845+08:00,8585.0,setting,10.0,0,799,0,104556,0,770218,4.23,404971520,439263232,4631,993,1040,697,717,29468,0.47,17694720,2502656,146,0,1,5,6,post_set,798,9361.8,44,8
2026-10-03T13:38:54.912+08:00,8595.1,setting,10.1,0,800,0,104556,0,770609,3.88,404930560,439205888,4631,993,1040,697,717,29484,0.16,17694720,2502656,146,0,1,5,6,post_set,799,9371.9,44,8
2026-10-03T13:39:04.878+08:00,8605.1,setting,10.0,0,801,0,104556,0,771015,4.08,405327872,439328768,4631,993,1040,697,717,29515,0.31,17694720,2502656,146,0,1,5,6,post_set,800,9381.9,44,8
2026-10-03T13:39:14.836+08:00,8615.0,setting,10.0,0,802,0,104556,0,771375,3.61,405278720,439271424,4631,993,1040,697,717,29562,0.47,17694720,2502656,146,0,1,5,6,post_set,801,9391.8,44,8
2026-10-03T13:39:24.906+08:00,8625.1,setting,10.1,0,803,0,104556,0,771781,4.04,405151744,439353344,4626,993,1040,697,717,29593,0.31,17694720,2502656,146,0,1,5,6,post_set,802,9401.9,44,8
2026-10-03T13:39:34.878+08:00,8635.1,setting,10.0,0,804,0,104556,0,772234,4.54,405032960,439234560,4626,993,1040,697,717,29625,0.31,17694720,2502656,146,0,1,5,6,post_set,803,9411.9,44,8
2026-10-03T13:39:44.853+08:00,8645.0,setting,10.0,0,805,0,104556,0,772609,3.76,405155840,439353344,4626,993,1040,697,717,29671,0.47,17694720,2502656,146,0,1,5,6,post_set,804,9421.9,44,8
2026-10-03T13:39:54.928+08:00,8655.1,setting,10.1,0,806,0,104556,0,772968,3.57,405037056,439234560,4626,993,1040,697,717,29703,0.31,17694720,2502656,146,0,1,5,6,post_set,805,9431.9,44,8
2026-10-03T13:40:04.896+08:00,8665.1,setting,10.0,0,807,0,104556,0,773390,4.23,405397504,439353344,4626,993,1040,697,717,29750,0.47,17694720,2502656,146,0,1,5,6,post_set,806,9441.9,44,8
2026-10-03T13:40:14.865+08:00,8675.1,setting,10.0,0,808,0,104556,0,773750,3.60,405282816,439234560,4626,993,1040,697,717,29781,0.31,17694720,2502656,146,0,1,5,6,post_set,807,9451.9,44,8
2026-10-03T13:40:24.933+08:00,8685.1,setting,10.1,0,809,0,104556,0,774109,3.57,405217280,439414784,4626,993,1040,697,717,29828,0.47,17694720,2502656,146,0,1,5,6,post_set,808,9461.9,44,8
2026-10-03T13:40:34.907+08:00,8695.1,setting,10.0,0,810,0,104556,0,774500,3.92,405098496,439296000,4626,993,1040,697,717,29859,0.31,17694720,2502656,146,0,1,5,6,post_set,809,9471.9,44,8
2026-10-03T13:40:44.907+08:00,8705.1,setting,10.0,0,811,0,104556,0,774921,4.23,405229568,439427072,4627,993,1040,697,717,29890,0.31,17694720,2502656,146,0,1,5,6,post_set,810,9481.9,44,8
2026-10-03T13:40:54.871+08:00,8715.1,setting,10.0,0,812,0,104556,0,775328,4.06,405114880,439312384,4627,993,1040,699,717,29953,0.62,17694720,2502656,146,0,1,5,6,post_set,811,9491.9,44,8
2026-10-03T13:41:04.934+08:00,8725.1,setting,10.1,0,813,0,104556,0,775687,3.57,405475328,439431168,4627,993,1040,698,717,29984,0.31,17694720,2502656,146,0,1,5,6,post_set,812,9501.9,44,8
2026-10-03T13:41:14.908+08:00,8735.1,setting,10.0,0,814,0,104556,0,776062,3.76,405356544,439312384,4627,993,1040,698,717,30031,0.47,17694720,2502656,146,0,1,5,6,post_set,813,9511.9,44,8
2026-10-03T13:41:24.876+08:00,8745.1,setting,10.0,0,815,0,104556,0,776453,3.92,405237760,439435264,4627,993,1040,698,717,30078,0.47,17694720,2502656,146,0,1,5,6,post_set,814,9521.9,44,8
2026-10-03T13:41:34.839+08:00,8755.0,setting,10.0,0,816,0,104556,0,776828,3.76,405118976,439316480,4627,993,1040,698,717,30093,0.16,17694720,2502656,146,0,1,5,6,post_set,815,9531.8,44,8
2026-10-03T13:41:44.914+08:00,8765.1,setting,10.1,0,817,0,104556,0,777203,3.73,405266432,439463936,4627,993,1040,698,717,30125,0.31,17694720,2502656,146,0,1,5,6,post_set,816,9541.9,44,8
2026-10-03T13:41:54.879+08:00,8775.1,setting,10.0,0,818,0,104556,0,777562,3.60,405213184,439418880,4627,993,1040,698,717,30156,0.31,17698816,2502656,146,0,1,5,6,post_set,817,9551.9,44,8
2026-10-03T13:42:04.843+08:00,8785.0,setting,10.0,0,819,0,104556,0,777953,3.92,405573632,439537664,4627,993,1040,698,717,30187,0.31,17698816,2502656,146,0,1,5,6,post_set,818,9561.8,44,8
2026-10-03T13:42:14.911+08:00,8795.1,setting,10.1,0,820,0,104556,0,778390,4.35,405458944,439418880,4627,993,1040,698,717,30234,0.47,17698816,2502656,146,0,1,5,6,post_set,819,9571.9,44,8
2026-10-03T13:42:24.878+08:00,8805.1,setting,10.0,0,821,0,104556,0,778750,3.60,405336064,439537664,4626,993,1040,698,717,30265,0.31,17698816,2502656,146,0,1,5,6,post_set,820,9581.9,44,8
2026-10-03T13:42:34.838+08:00,8815.0,setting,10.0,0,822,0,104556,0,779140,3.92,405315584,439578624,4634,993,1040,700,717,30296,0.31,17698816,2502656,146,0,1,5,6,post_set,821,9591.8,44,8
2026-10-03T13:42:44.906+08:00,8825.1,setting,10.1,0,823,0,104556,0,779515,3.73,405463040,439742464,4545,993,1040,699,717,30328,0.31,17698816,2502656,146,0,1,5,6,post_set,822,9601.9,44,8
2026-10-03T13:42:54.871+08:00,8835.1,setting,10.0,0,824,0,104556,0,779890,3.76,405344256,439623680,4545,993,1040,699,717,30359,0.31,17698816,2502656,146,0,1,5,6,post_set,823,9611.9,44,8
2026-10-03T13:43:04.835+08:00,8845.0,setting,10.0,0,825,0,104556,0,780296,4.08,405712896,439742464,4545,993,1040,699,717,30390,0.31,17698816,2502656,146,0,1,5,6,post_set,824,9621.8,44,8
2026-10-03T13:43:14.891+08:00,8855.1,setting,10.1,0,826,0,104556,0,780671,3.73,405594112,439623680,4545,993,1040,699,717,30421,0.31,17698816,2502656,146,0,1,5,6,post_set,825,9631.9,44,8
2026-10-03T13:43:24.863+08:00,8865.0,setting,10.0,0,827,0,104556,0,781078,4.08,405471232,439742464,4545,993,1040,699,717,30437,0.16,17698816,2502656,146,0,1,5,6,post_set,826,9641.9,44,8
2026-10-03T13:43:34.935+08:00,8875.1,setting,10.1,0,828,0,104556,0,781468,3.88,405352448,439623680,4545,993,1040,699,717,30484,0.47,17702912,2502656,146,0,1,5,6,post_set,827,9651.9,44,8
2026-10-03T13:43:44.900+08:00,8885.1,setting,10.0,0,829,0,104556,0,781906,4.39,405471232,439742464,4545,993,1040,699,717,30515,0.31,17702912,2502656,146,0,1,5,6,post_set,828,9661.9,44,8
2026-10-03T13:43:54.857+08:00,8895.0,setting,10.0,0,830,0,104556,0,782296,3.92,405352448,439623680,4545,993,1040,699,717,30562,0.47,17702912,2502656,146,0,1,5,6,post_set,829,9671.9,44,8
2026-10-03T13:44:04.922+08:00,8905.1,setting,10.1,0,831,0,104556,0,782687,3.88,405712896,439742464,4545,993,1040,699,717,30578,0.16,17702912,2502656,146,0,1,5,6,post_set,830,9681.9,44,8
2026-10-03T13:44:14.878+08:00,8915.1,setting,10.0,0,832,0,104556,0,783015,3.29,405594112,439623680,4544,993,1040,699,717,30593,0.16,17702912,2502656,146,0,1,5,6,post_set,831,9691.9,44,8
2026-10-03T13:44:24.842+08:00,8925.0,setting,10.0,0,833,0,104556,0,783421,4.08,405471232,439742464,4544,993,1040,699,717,30625,0.31,17702912,2502656,146,0,1,5,6,post_set,832,9701.8,44,8
2026-10-03T13:44:34.902+08:00,8935.1,setting,10.1,0,834,0,104556,0,783750,3.26,405352448,439623680,4544,993,1040,699,717,30656,0.31,17702912,2502656,146,0,1,5,6,post_set,833,9711.9,44,8
2026-10-03T13:44:44.869+08:00,8945.1,setting,10.0,0,835,0,104556,0,784187,4.39,405471232,439742464,4544,993,1040,699,717,30671,0.16,17702912,2502656,146,0,1,5,6,post_set,834,9721.9,44,8
2026-10-03T13:44:54.944+08:00,8955.1,setting,10.1,0,836,0,104556,0,784562,3.72,405336064,439545856,4538,993,1040,699,717,30703,0.31,17702912,2502656,146,0,1,5,6,post_set,835,9731.9,44,8
2026-10-03T13:45:04.905+08:00,8965.1,setting,10.0,0,837,0,104556,0,784953,3.92,405696512,439664640,4538,993,1040,698,717,30750,0.47,17702912,2502656,146,0,1,5,6,post_set,836,9741.9,44,8
2026-10-03T13:45:14.865+08:00,8975.1,setting,10.0,0,838,0,104556,0,785343,3.92,405577728,439545856,4538,993,1040,698,717,30796,0.47,17702912,2502656,146,0,1,5,6,post_set,837,9751.9,44,8
2026-10-03T13:45:24.935+08:00,8985.1,setting,10.1,0,839,0,104556,0,785734,3.88,405454848,439664640,4538,993,1040,698,717,30828,0.31,17702912,2502656,146,0,1,5,6,post_set,838,9761.9,44,8
2026-10-03T13:45:34.897+08:00,8995.1,setting,10.0,0,840,0,104556,0,786109,3.76,405336064,439545856,4538,993,1040,698,717,30859,0.31,17702912,2502656,146,0,1,5,6,post_set,839,9771.9,44,8
2026-10-03T13:45:44.852+08:00,9005.0,setting,10.0,0,841,0,104556,0,786500,3.92,405454848,439664640,4538,993,1040,698,717,30890,0.31,17702912,2502656,146,0,1,5,6,post_set,840,9781.8,44,8
2026-10-03T13:45:54.914+08:00,9015.1,setting,10.1,0,842,0,104556,0,786968,4.66,404537344,438878208,4538,993,1040,697,717,30906,0.16,17702912,2502656,146,0,1,5,6,post_set,841,9791.9,44,8
2026-10-03T13:46:04.877+08:00,9025.1,setting,10.0,0,843,0,104556,0,787390,4.23,404930560,439001088,4538,993,1040,697,717,30953,0.47,17702912,2502656,146,0,1,5,6,post_set,842,9801.9,44,8
2026-10-03T13:46:14.848+08:00,9035.0,setting,10.0,0,844,0,104556,0,787843,4.55,404881408,438939648,4538,993,1040,697,717,30968,0.16,17702912,2502656,146,0,1,5,6,post_set,843,9811.8,44,8
2026-10-03T13:46:24.938+08:00,9045.1,setting,10.1,0,845,0,104556,0,788250,4.03,404803584,439087104,4537,993,1040,697,717,31015,0.47,17702912,2502656,146,0,1,5,6,post_set,844,9821.9,44,8
2026-10-03T13:46:34.909+08:00,9055.1,setting,10.0,0,846,0,104556,0,788640,3.91,404774912,439046144,4538,993,1040,699,717,31062,0.47,17702912,2502656,146,0,1,5,6,post_set,845,9831.9,44,8
2026-10-03T13:46:44.881+08:00,9065.1,setting,10.0,0,847,0,104556,0,789078,4.39,404922368,439193600,4538,993,1040,698,717,31109,0.47,17702912,2502656,146,0,1,5,6,post_set,846,9841.9,44,8
2026-10-03T13:46:54.847+08:00,9075.0,setting,10.0,0,848,0,104556,0,789500,4.23,404811776,439083008,4537,993,1040,698,717,31156,0.47,17702912,2502656,146,0,1,5,6,post_set,847,9851.8,44,8
2026-10-03T13:47:04.904+08:00,9085.1,setting,10.1,0,849,0,104556,0,790218,7.14,408317952,442990592,4635,993,1040,712,717,31203,0.47,17702912,2502656,146,0,1,5,6,post_set,848,9861.9,44,8
2026-10-03T13:47:14.875+08:00,9095.1,setting,10.0,0,850,0,104556,0,790593,3.77,408231936,442978304,4630,993,1040,711,717,31218,0.16,17702912,2502656,146,0,1,5,6,post_set,849,9871.9,44,8
2026-10-03T13:47:24.838+08:00,9105.0,setting,10.0,0,851,0,104556,0,791000,4.08,408121344,443097088,4630,993,1040,710,717,31265,0.47,17702912,2502656,146,0,1,5,6,post_set,850,9881.8,44,8
2026-10-03T13:47:34.905+08:00,9115.1,setting,10.1,0,852,0,104556,0,791421,4.19,407879680,442667008,4598,993,1040,703,717,31296,0.31,17702912,2502656,146,0,1,5,6,post_set,851,9891.9,44,8
2026-10-03T13:47:44.991+08:00,9125.1,setting,10.0,0,853,0,104556,0,791875,4.54,407998464,442785792,4597,993,1040,703,717,31328,0.31,17707008,2502656,146,0,1,5,6,post_set,852,9902.0,44,8
2026-10-03T13:47:54.889+08:00,9135.1,setting,10.0,0,854,0,104556,0,792250,3.75,407879680,442667008,4597,993,1040,703,717,31375,0.47,17707008,2502656,146,0,1,5,6,post_set,853,9911.9,44,8
2026-10-03T13:48:04.859+08:00,9145.0,setting,10.0,0,855,0,104556,0,792656,4.08,408240128,442793984,4597,993,1040,703,717,31406,0.31,17707008,2502656,146,0,1,5,6,post_set,854,9921.9,44,8
2026-10-03T13:48:14.933+08:00,9155.1,setting,10.1,0,856,0,104556,0,793078,4.19,408195072,442748928,4597,993,1040,703,717,31437,0.31,17707008,2502656,146,0,1,5,6,post_set,855,9931.9,44,8
2026-10-03T13:48:24.892+08:00,9165.1,setting,10.0,0,857,0,104556,0,793484,4.07,407904256,442400768,4565,993,1040,701,717,31468,0.31,17707008,2502656,146,0,1,5,6,post_set,856,9941.9,44,8
2026-10-03T13:48:34.855+08:00,9175.0,setting,10.0,0,858,0,104556,0,793859,3.77,407785472,442281984,4565,993,1040,701,717,31484,0.16,17707008,2502656,146,0,1,5,6,post_set,857,9951.9,44,8
2026-10-03T13:48:44.926+08:00,9185.1,setting,10.1,0,859,0,104556,0,794250,3.88,407904256,442400768,4565,993,1040,701,717,31515,0.31,17707008,2502656,146,0,1,5,6,post_set,858,9961.9,44,8
2026-10-03T13:48:54.888+08:00,9195.1,setting,10.0,0,860,0,104556,0,794656,4.08,407785472,442281984,4566,993,1040,701,717,31562,0.47,17707008,2502656,146,0,1,5,6,post_set,859,9971.9,44,8
2026-10-03T13:49:04.862+08:00,9205.0,setting,10.0,0,861,0,104556,0,795031,3.76,408145920,442400768,4566,993,1040,702,717,31593,0.31,17707008,2502656,146,0,1,5,6,post_set,860,9981.9,44,8
2026-10-03T13:49:14.931+08:00,9215.1,setting,10.1,0,862,0,104556,0,795406,3.72,408031232,442281984,4566,993,1040,701,717,31640,0.47,17711104,2502656,146,0,1,5,6,post_set,861,9991.9,44,8
2026-10-03T13:49:24.894+08:00,9225.1,setting,10.0,0,863,0,104556,0,795875,4.70,407879680,442322944,4559,993,1040,700,717,31687,0.47,17711104,2502656,146,0,1,5,6,post_set,862,10001.9,44,8
2026-10-03T13:49:34.850+08:00,9235.0,setting,10.0,0,864,0,104556,0,796265,3.92,407760896,442204160,4559,993,1040,700,717,31703,0.16,17711104,2502656,146,0,1,5,6,post_set,863,10011.8,44,8
2026-10-03T13:49:44.913+08:00,9245.1,setting,10.1,0,865,0,104556,0,796656,3.88,407883776,442322944,4559,993,1040,700,717,31750,0.47,17711104,2502656,146,0,1,5,6,post_set,864,10021.9,44,8
2026-10-03T13:49:54.876+08:00,9255.1,setting,10.0,0,866,0,104556,0,797093,4.39,407764992,442204160,4559,993,1040,700,717,31781,0.31,17711104,2502656,146,0,1,5,6,post_set,865,10031.9,44,8
2026-10-03T13:50:04.847+08:00,9265.0,setting,10.0,0,867,0,104556,0,797500,4.07,408129536,442322944,4559,993,1040,700,717,31828,0.47,17711104,2502656,146,0,1,5,6,post_set,866,10041.8,44,8
2026-10-03T13:50:14.920+08:00,9275.1,setting,10.1,0,868,0,104556,0,797906,4.04,408010752,442204160,4559,993,1040,700,717,31859,0.31,17711104,2502656,146,0,1,5,6,post_set,867,10051.9,44,8
2026-10-03T13:50:24.891+08:00,9285.1,setting,10.0,0,869,0,104556,0,798562,6.58,408571904,442580992,4645,997,1040,709,717,31906,0.47,17711104,2502656,146,0,1,5,6,post_set,868,10061.9,44,8
2026-10-03T13:50:34.849+08:00,9295.0,setting,10.0,0,870,0,104556,0,798937,3.76,408498176,442503168,4646,993,1040,707,717,31937,0.31,17711104,2502656,146,0,1,5,6,post_set,869,10071.8,44,8
2026-10-03T13:50:44.913+08:00,9305.1,setting,10.1,0,871,0,104556,0,799343,4.04,408641536,442621952,4646,993,1040,707,717,31968,0.31,17711104,2502656,146,0,1,5,6,post_set,870,10081.9,44,8
2026-10-03T13:50:54.885+08:00,9315.1,setting,10.0,0,872,0,104556,0,799796,4.55,408510464,442503168,4644,993,1040,706,717,32000,0.31,17711104,2502656,146,0,1,5,6,post_set,871,10091.9,44,8
2026-10-03T13:51:04.865+08:00,9325.0,setting,10.0,0,873,0,104556,0,800171,3.76,408879104,442621952,4645,993,1040,706,717,32031,0.31,17711104,2502656,146,0,1,5,6,post_set,872,10101.9,44,8
2026-10-03T13:51:14.937+08:00,9335.1,setting,10.1,0,874,0,104556,0,800562,3.88,408772608,442503168,4642,993,1040,706,717,32062,0.31,17711104,2502656,146,0,1,5,6,post_set,873,10111.9,44,8
2026-10-03T13:51:24.904+08:00,9345.1,setting,10.0,0,875,0,104556,0,801140,5.80,408440832,443584512,4586,999,1040,709,717,32093,0.31,17711104,2502656,146,0,1,5,6,post_set,874,10121.9,44,8
2026-10-03T13:51:34.863+08:00,9355.1,setting,10.0,0,876,0,104556,0,801609,4.70,406302720,439750656,4642,993,1040,711,717,32125,0.31,17711104,2502656,146,0,1,5,6,post_set,875,10131.9,44,8
2026-10-03T13:51:44.932+08:00,9365.1,setting,10.1,0,877,0,104556,0,802015,4.04,406614016,440725504,4643,993,1040,711,717,32156,0.31,17711104,2502656,146,0,1,5,6,post_set,876,10141.9,44,8
2026-10-03T13:51:54.898+08:00,9375.1,setting,10.0,0,878,0,104556,0,802796,7.84,408408064,442982400,4649,993,1040,712,717,32187,0.31,17711104,2502656,146,0,1,5,6,post_set,877,10151.9,44,8
2026-10-03T13:52:04.867+08:00,9385.1,setting,10.0,0,879,0,104556,0,803171,3.76,408850432,443199488,4644,993,1040,711,717,32218,0.31,17715200,2502656,146,0,1,5,6,post_set,878,10161.9,44,8
2026-10-03T13:52:14.933+08:00,9395.1,setting,10.1,0,880,0,104556,0,803578,4.04,408723456,443080704,4644,993,1040,711,717,32250,0.31,17715200,2502656,146,0,1,5,6,post_set,879,10171.9,44,8
2026-10-03T13:52:24.905+08:00,9405.1,setting,10.0,0,881,0,104556,0,803968,3.92,408449024,442810368,4605,993,1040,703,717,32281,0.31,17715200,2502656,146,0,1,5,6,post_set,880,10181.9,44,8
2026-10-03T13:52:34.863+08:00,9415.0,setting,10.0,0,882,0,104556,0,804359,3.92,408330240,442691584,4605,993,1040,703,717,32328,0.47,17715200,2502656,146,0,1,5,6,post_set,881,10191.9,44,8
2026-10-03T13:52:44.929+08:00,9425.1,setting,10.1,0,883,0,104556,0,804843,4.81,408461312,442822656,4605,993,1040,704,717,32359,0.31,17715200,2502656,146,0,1,5,6,post_set,882,10201.9,44,8
2026-10-03T13:52:54.901+08:00,9435.1,setting,10.0,0,884,0,104556,0,805234,3.92,408342528,442703872,4605,993,1040,703,717,32390,0.31,17715200,2502656,146,0,1,5,6,post_set,883,10211.9,44,8
2026-10-03T13:53:04.870+08:00,9445.1,setting,10.0,0,885,0,104556,0,805640,4.07,408711168,442826752,4604,993,1040,703,717,32437,0.47,17715200,2502656,146,0,1,5,6,post_set,884,10221.9,44,8
2026-10-03T13:53:14.844+08:00,9455.0,setting,10.0,0,886,0,104556,0,806015,3.76,408649728,442773504,4604,993,1040,704,717,32484,0.47,17715200,2502656,146,0,1,5,6,post_set,885,10231.8,44,8
2026-10-03T13:53:24.903+08:00,9465.1,setting,10.1,0,887,0,104556,0,806437,4.19,408526848,442892288,4604,993,1040,703,717,32515,0.31,17719296,2502656,146,0,1,5,6,post_set,886,10241.9,44,8
2026-10-03T13:53:34.861+08:00,9475.1,setting,10.0,0,888,0,104556,0,806812,3.77,408408064,442773504,4603,993,1040,703,717,32531,0.16,17719296,2502656,146,0,1,5,6,post_set,887,10251.9,44,8
2026-10-03T13:53:44.920+08:00,9485.1,setting,10.1,0,889,0,104556,0,807250,4.35,408526848,442892288,4603,993,1040,703,717,32546,0.16,17719296,2502656,146,0,1,5,6,post_set,888,10261.9,44,8
2026-10-03T13:53:54.890+08:00,9495.1,setting,10.0,0,890,0,104556,0,807671,4.24,408207360,442306560,4574,993,1040,701,717,32562,0.16,17719296,2502656,146,0,1,5,6,post_set,889,10271.9,44,8
2026-10-03T13:54:04.852+08:00,9505.0,setting,10.0,0,891,0,104556,0,808062,3.92,408567808,442425344,4573,993,1040,702,717,32593,0.31,17719296,2502656,146,0,1,5,6,post_set,890,10281.8,44,8
2026-10-03T13:54:14.910+08:00,9515.1,setting,10.1,0,892,0,104556,0,808468,4.04,408473600,442306560,4574,993,1040,702,717,32625,0.31,17719296,2502656,146,0,1,5,6,post_set,891,10291.9,44,8
2026-10-03T13:54:24.880+08:00,9525.1,setting,10.0,0,893,0,104556,0,808906,4.39,408354816,442425344,4574,993,1040,701,717,32656,0.31,17719296,2502656,146,0,1,5,6,post_set,892,10301.9,44,8
2026-10-03T13:54:34.849+08:00,9535.0,setting,10.0,0,894,0,104556,0,809328,4.23,408236032,442306560,4574,993,1040,702,717,32703,0.47,17719296,2502656,146,0,1,5,6,post_set,893,10311.8,44,8
2026-10-03T13:54:44.915+08:00,9545.1,setting,10.1,0,895,0,104556,0,809796,4.65,408354816,442425344,4574,993,1040,701,717,32750,0.47,17719296,2502656,146,0,1,5,6,post_set,894,10321.9,44,8
2026-10-03T13:54:54.875+08:00,9555.1,setting,10.0,0,896,0,104556,0,810218,4.23,408236032,442306560,4574,993,1040,701,717,32781,0.31,17723392,2502656,146,0,1,5,6,post_set,895,10331.9,44,8
2026-10-03T13:55:04.846+08:00,9565.0,setting,10.0,0,897,0,104556,0,810609,3.92,408506368,442269696,4560,993,1040,700,717,32796,0.16,17723392,2502656,146,0,1,5,6,post_set,896,10341.8,44,8
2026-10-03T13:55:14.911+08:00,9575.1,setting,10.1,0,898,0,104556,0,811000,3.88,408387584,442150912,4560,993,1040,699,717,32859,0.62,17723392,2502656,146,0,1,5,6,post_set,897,10351.9,44,8
2026-10-03T13:55:24.883+08:00,9585.1,setting,10.0,0,899,0,104556,0,811406,4.08,408264704,442269696,4559,993,1040,700,717,32890,0.31,17723392,2502656,146,0,1,5,6,post_set,898,10361.9,44,8
2026-10-03T13:55:34.849+08:00,9595.0,setting,10.0,0,900,0,104556,0,811859,4.54,408145920,442150912,4560,993,1040,699,717,32937,0.47,17723392,2502656,146,0,1,5,6,post_set,899,10371.8,44,8
2026-10-03T13:55:44.916+08:00,9605.1,setting,10.1,0,901,0,104556,0,812234,3.72,408264704,442269696,4560,993,1040,700,717,32968,0.31,17723392,2502656,146,0,1,5,6,post_set,900,10381.9,44,8
2026-10-03T13:55:54.889+08:00,9615.1,setting,10.0,0,902,0,104556,0,812656,4.23,408145920,442150912,4560,993,1040,700,717,33000,0.31,17723392,2502656,146,0,1,5,6,post_set,901,10391.9,44,8
2026-10-03T13:56:04.846+08:00,9625.0,setting,10.0,0,903,0,104556,0,813031,3.76,408506368,442269696,4559,993,1040,699,717,33046,0.47,17723392,2502656,146,0,1,5,6,post_set,902,10401.8,44,8
2026-10-03T13:56:14.920+08:00,9635.1,setting,10.1,0,904,0,104556,0,813421,3.88,408387584,442150912,4559,993,1040,700,717,33078,0.31,17723392,2502656,146,0,1,5,6,post_set,903,10411.9,44,8
2026-10-03T13:56:24.876+08:00,9645.1,setting,10.0,0,905,0,104556,0,813796,3.76,408264704,442269696,4559,993,1040,700,717,33109,0.31,17723392,2502656,146,0,1,5,6,post_set,904,10421.9,44,8
2026-10-03T13:56:34.851+08:00,9655.0,setting,10.0,0,906,0,104556,0,814203,4.08,408145920,442150912,4559,993,1040,699,717,33125,0.16,17723392,2502656,146,0,1,5,6,post_set,905,10431.8,44,8
2026-10-03T13:56:44.921+08:00,9665.1,setting,10.1,0,907,0,104556,0,815031,8.22,406896640,440221696,4660,993,1040,707,717,33171,0.47,17723392,2502656,146,0,1,5,6,post_set,906,10441.9,44,8
2026-10-03T13:56:54.890+08:00,9675.1,setting,10.0,0,908,0,104556,0,815468,4.39,406802432,440115200,4660,993,1040,707,717,33203,0.31,17723392,2502656,146,0,1,5,6,post_set,907,10451.9,44,8
2026-10-03T13:57:04.856+08:00,9685.0,setting,10.0,0,909,0,104556,0,815859,3.92,406458368,440299520,4664,993,1040,709,717,33250,0.47,17723392,2502656,146,0,1,5,6,post_set,908,10461.9,44,8
2026-10-03T13:57:14.917+08:00,9695.1,setting,10.1,0,910,0,104556,0,816265,4.04,406433792,440217600,4656,993,1040,708,717,33281,0.31,17723392,2502656,146,0,1,5,6,post_set,909,10471.9,44,8
2026-10-03T13:57:24.883+08:00,9705.1,setting,10.0,0,911,0,104556,0,816656,3.92,406315008,440336384,4655,993,1040,707,717,33312,0.31,17723392,2502656,146,0,1,5,6,post_set,910,10481.9,44,8
2026-10-03T13:57:34.846+08:00,9715.0,setting,10.0,0,912,0,104556,0,817031,3.76,406224896,440193024,4648,993,1040,707,717,33343,0.31,17723392,2502656,146,0,1,5,6,post_set,911,10491.8,44,8
2026-10-03T13:57:44.917+08:00,9725.1,setting,10.1,0,913,0,104556,0,817484,4.50,405856256,440303616,4579,993,1040,703,717,33359,0.16,17723392,2502656,146,0,1,5,6,post_set,912,10501.9,44,8
2026-10-03T13:57:54.888+08:00,9735.1,setting,10.0,0,914,0,104556,0,817890,4.07,405737472,440184832,4578,993,1040,703,717,33390,0.31,17723392,2502656,146,0,1,5,6,post_set,913,10511.9,44,8
2026-10-03T13:58:04.853+08:00,9745.0,setting,10.0,0,915,0,104556,0,818234,3.45,406151168,440365056,4578,993,1040,703,717,33421,0.31,17723392,2502656,146,0,1,5,6,post_set,914,10521.8,44,8
2026-10-03T13:58:14.920+08:00,9755.1,setting,10.1,0,916,0,104556,0,818609,3.73,406036480,440246272,4578,993,1040,703,717,33453,0.31,17723392,2502656,146,0,1,5,6,post_set,915,10531.9,44,8
2026-10-03T13:58:24.884+08:00,9765.1,setting,10.0,0,917,0,104556,0,819015,4.08,405856256,440131584,4565,993,1040,701,717,33484,0.31,17723392,2502656,146,0,1,5,6,post_set,916,10541.9,44,8
2026-10-03T13:58:34.850+08:00,9775.0,setting,10.0,0,918,0,104556,0,819437,4.23,405741568,440012800,4564,993,1040,701,717,33515,0.31,17723392,2502656,146,0,1,5,6,post_set,917,10551.8,44,8
2026-10-03T13:58:44.924+08:00,9785.1,setting,10.1,0,919,0,104556,0,819812,3.73,405860352,440131584,4565,993,1040,700,717,33562,0.47,17723392,2502656,146,0,1,5,6,post_set,918,10561.9,44,8
2026-10-03T13:58:54.896+08:00,9795.1,setting,10.0,0,920,0,104556,0,820187,3.76,405741568,440012800,4564,993,1040,701,717,33593,0.31,17723392,2502656,146,0,1,5,6,post_set,919,10571.9,44,8
2026-10-03T13:59:04.863+08:00,9805.0,setting,10.0,0,921,0,104556,0,820625,4.39,406102016,440131584,4564,993,1040,701,717,33640,0.47,17727488,2502656,146,0,1,5,6,post_set,920,10581.9,44,8
2026-10-03T13:59:14.923+08:00,9815.1,setting,10.1,0,922,0,104556,0,821000,3.73,406065152,440102912,4564,993,1040,701,717,33671,0.31,17727488,2502656,146,0,1,5,6,post_set,921,10591.9,44,8
2026-10-03T13:59:24.880+08:00,9825.1,setting,10.0,0,923,0,104556,0,821421,4.23,405942272,440221696,4564,993,1040,700,717,33687,0.16,17727488,2502656,146,0,1,5,6,post_set,922,10601.9,44,8
2026-10-03T13:59:34.844+08:00,9835.0,setting,10.0,0,924,0,104556,0,821796,3.77,405803008,440025088,4557,993,1040,699,717,33718,0.31,17727488,2502656,146,0,1,5,6,post_set,923,10611.8,44,8
2026-10-03T13:59:44.913+08:00,9845.1,setting,10.1,0,925,0,104556,0,822187,3.88,405921792,440143872,4556,993,1040,700,717,33734,0.16,17727488,2502656,146,0,1,5,6,post_set,924,10621.9,44,8
2026-10-03T13:59:54.876+08:00,9855.1,setting,10.0,0,926,0,104556,0,822625,4.39,405811200,440025088,4556,993,1040,699,717,33781,0.47,17727488,2502656,146,0,1,5,6,post_set,925,10631.9,44,8
2026-10-03T14:00:04.845+08:00,9865.0,setting,10.0,0,927,0,104556,0,823031,4.08,406171648,440143872,4556,993,1040,700,717,33812,0.31,17727488,2502656,146,0,1,5,6,post_set,926,10641.8,44,8
2026-10-03T14:00:14.911+08:00,9875.1,setting,10.1,0,928,0,104556,0,823484,4.50,406052864,440025088,4556,993,1040,699,717,33843,0.31,17727488,2502656,146,0,1,5,6,post_set,927,10651.9,44,8
2026-10-03T14:00:24.885+08:00,9885.1,setting,10.0,0,929,0,104556,0,823906,4.23,405929984,440143872,4557,993,1040,700,717,33875,0.31,17727488,2502656,146,0,1,5,6,post_set,928,10661.9,44,8
2026-10-03T14:00:34.853+08:00,9895.0,setting,10.0,0,930,0,104556,0,824312,4.07,405811200,440025088,4556,993,1040,700,717,33921,0.47,17731584,2502656,146,0,1,5,6,post_set,929,10671.8,44,8
2026-10-03T14:00:44.920+08:00,9905.1,setting,10.1,0,931,0,104556,0,824687,3.73,405929984,440143872,4556,993,1040,699,717,33953,0.31,17731584,2502656,146,0,1,5,6,post_set,930,10681.9,44,8
2026-10-03T14:00:54.873+08:00,9915.1,setting,10.0,0,932,0,104556,0,825093,4.08,405868544,440094720,4556,993,1040,700,717,34000,0.47,17731584,2502656,146,0,1,5,6,post_set,931,10691.9,44,8
2026-10-03T14:01:04.933+08:00,9925.1,setting,10.1,0,933,0,104556,0,825500,4.04,406233088,440213504,4557,993,1040,700,717,34015,0.16,17731584,2502656,146,0,1,5,6,post_set,932,10701.9,44,8
2026-10-03T14:01:14.901+08:00,9935.1,setting,10.0,0,934,0,104556,0,825906,4.08,406167552,440152064,4556,993,1040,699,717,34046,0.31,17731584,2502656,146,0,1,5,6,post_set,933,10711.9,44,8
2026-10-03T14:01:24.874+08:00,9945.0,setting,10.0,0,935,0,104556,0,826296,3.92,406044672,440270848,4557,993,1040,700,717,34078,0.31,17731584,2502656,146,0,1,5,6,post_set,934,10721.9,44,8
2026-10-03T14:01:34.837+08:00,9955.0,setting,10.0,0,936,0,104556,0,826703,4.07,405929984,440152064,4556,993,1040,699,717,34109,0.31,17731584,2502656,146,0,1,5,6,post_set,935,10731.8,44,8
2026-10-03T14:01:44.908+08:00,9965.1,setting,10.1,0,937,0,104556,0,827109,4.04,405192704,439406592,4549,993,1040,697,717,34140,0.31,17731584,2502656,146,0,1,5,6,post_set,936,10741.9,44,8
2026-10-03T14:01:54.878+08:00,9975.1,setting,10.0,0,938,0,104556,0,827546,4.39,405168128,439377920,4549,993,1040,699,717,34171,0.31,17731584,2502656,146,0,1,5,6,post_set,937,10751.9,44,8
2026-10-03T14:02:04.845+08:00,9985.0,setting,10.0,0,939,0,104556,0,827937,3.92,405581824,439541760,4549,993,1040,698,717,34203,0.31,17731584,2502656,146,0,1,5,6,post_set,938,10761.8,44,8
2026-10-03T14:02:14.916+08:00,9995.1,setting,10.1,0,940,0,104556,0,828359,4.19,405471232,439427072,4550,993,1040,699,717,34234,0.31,17731584,2502656,146,0,1,5,6,post_set,939,10771.9,44,8
2026-10-03T14:02:24.880+08:00,10005.1,setting,10.0,0,941,0,104556,0,828765,4.07,405348352,439545856,4550,993,1040,699,717,34281,0.47,17731584,2502656,146,0,1,5,6,post_set,940,10781.9,44,8
2026-10-03T14:02:34.840+08:00,10015.0,setting,10.0,0,942,0,104556,0,829187,4.23,405237760,439431168,4550,993,1040,698,717,34312,0.31,17731584,2502656,146,0,1,5,6,post_set,941,10791.8,44,8
2026-10-03T14:02:44.909+08:00,10025.1,setting,10.1,0,943,0,104556,0,829562,3.73,405356544,439549952,4550,993,1040,698,717,34343,0.31,17731584,2502656,146,0,1,5,6,post_set,942,10801.9,44,8
2026-10-03T14:02:54.886+08:00,10035.1,setting,10.0,0,944,0,104556,0,829937,3.76,405291008,439492608,4550,993,1040,698,717,34375,0.31,17731584,2502656,146,0,1,5,6,post_set,943,10811.9,44,8
2026-10-03T14:03:04.850+08:00,10045.0,setting,10.0,0,945,0,104556,0,830312,3.76,405655552,439611392,4550,993,1040,699,717,34406,0.31,17731584,2502656,146,0,1,5,6,post_set,944,10821.8,44,8
2026-10-03T14:03:14.920+08:00,10055.1,setting,10.1,0,946,0,104556,0,830750,4.35,405606400,439566336,4550,993,1040,698,717,34421,0.16,17731584,2502656,146,0,1,5,6,post_set,945,10831.9,44,8
2026-10-03T14:03:24.884+08:00,10065.1,setting,10.0,0,947,0,104556,0,831140,3.92,405483520,439685120,4550,993,1040,699,717,34453,0.31,17731584,2502656,146,0,1,5,6,post_set,946,10841.9,44,8
2026-10-03T14:03:34.848+08:00,10075.0,setting,10.0,0,948,0,104556,0,831468,3.29,405422080,439627776,4549,993,1040,699,717,34484,0.31,17731584,2502656,146,0,1,5,6,post_set,947,10851.8,44,8
2026-10-03T14:03:44.914+08:00,10085.1,setting,10.1,0,949,0,104556,0,831875,4.04,405606400,439816192,4550,993,1040,699,717,34515,0.31,17731584,2502656,146,0,1,5,6,post_set,948,10861.9,44,8
2026-10-03T14:03:54.884+08:00,10095.1,setting,10.0,0,950,0,104556,0,832312,4.39,405487616,439697408,4549,993,1040,699,717,34546,0.31,17731584,2502656,146,0,1,5,6,post_set,949,10871.9,44,8
2026-10-03T14:04:04.851+08:00,10105.0,setting,10.0,0,951,0,104556,0,832656,3.45,405848064,439816192,4549,993,1040,698,717,34593,0.47,17731584,2502656,146,0,1,5,6,post_set,950,10881.8,44,8
2026-10-03T14:04:14.917+08:00,10115.1,setting,10.1,0,952,0,104556,0,833078,4.19,405733376,439697408,4549,993,1040,699,717,34625,0.31,17731584,2502656,146,0,1,5,6,post_set,951,10891.9,44,8
2026-10-03T14:04:24.894+08:00,10125.1,setting,10.0,0,953,0,104556,0,833468,3.92,405618688,439820288,4550,993,1040,698,717,34671,0.47,17731584,2502656,146,0,1,5,6,post_set,952,10901.9,44,8
2026-10-03T14:04:34.867+08:00,10135.0,setting,10.0,0,954,0,104556,0,833843,3.76,405504000,439701504,4549,993,1040,699,717,34703,0.31,17731584,2502656,146,0,1,5,6,post_set,953,10911.9,44,8
2026-10-03T14:04:44.933+08:00,10145.1,setting,10.1,0,955,0,104556,0,834250,4.03,405622784,439820288,4550,993,1040,699,717,34750,0.47,17772544,2539520,146,0,1,5,6,post_set,954,10921.9,44,8
2026-10-03T14:04:54.889+08:00,10155.1,setting,10.0,0,956,0,104556,0,834671,4.23,405504000,439701504,4549,993,1040,699,717,34781,0.31,17772544,2539520,146,0,1,5,6,post_set,955,10931.9,44,8
2026-10-03T14:05:04.845+08:00,10165.0,setting,10.0,0,957,0,104556,0,835062,3.92,405864448,439820288,4549,993,1040,698,717,34796,0.16,17772544,2539520,146,0,1,5,6,post_set,956,10941.8,44,8
2026-10-03T14:05:14.911+08:00,10175.1,setting,10.1,0,958,0,104556,0,835484,4.20,405745664,439701504,4550,993,1040,698,717,34812,0.16,17772544,2539520,146,0,1,5,6,post_set,957,10951.9,44,8
2026-10-03T14:05:24.877+08:00,10185.1,setting,10.0,0,959,0,104556,0,835953,4.70,405684224,439934976,4556,993,1040,699,717,34859,0.47,17772544,2539520,146,0,1,5,6,post_set,958,10961.9,44,8
2026-10-03T14:05:34.833+08:00,10195.0,setting,10.0,0,960,0,104556,0,836375,4.23,405655552,439922688,4556,993,1040,700,717,34906,0.47,17772544,2539520,146,0,1,5,6,post_set,959,10971.8,44,8
2026-10-03T14:05:44.899+08:00,10205.1,setting,10.1,0,961,0,104556,0,836734,3.57,405774336,440041472,4556,993,1040,699,717,34921,0.16,17772544,2539520,146,0,1,5,6,post_set,960,10981.9,44,8
2026-10-03T14:05:54.868+08:00,10215.0,setting,10.0,0,962,0,104556,0,837125,3.92,405655552,439922688,4556,993,1040,700,717,34953,0.31,17772544,2539520,146,0,1,5,6,post_set,961,10991.9,44,8
2026-10-03T14:06:04.932+08:00,10225.1,setting,10.1,0,963,0,104556,0,837515,3.88,406028288,440045568,4557,993,1040,700,717,35000,0.47,17772544,2539520,146,0,1,5,6,post_set,962,11001.9,44,8
2026-10-03T14:06:14.903+08:00,10235.1,setting,10.0,0,964,0,104556,0,837921,4.08,405909504,439926784,4556,993,1040,699,717,35031,0.31,17772544,2539520,146,0,1,5,6,post_set,963,11011.9,44,8
2026-10-03T14:06:24.863+08:00,10245.1,setting,10.0,0,965,0,104556,0,838296,3.76,405786624,440045568,4556,993,1040,700,717,35062,0.31,17772544,2539520,146,0,1,5,6,post_set,964,11021.9,44,8
2026-10-03T14:06:34.926+08:00,10255.1,setting,10.1,0,966,0,104556,0,838671,3.73,405667840,439926784,4556,993,1040,700,717,35093,0.31,17915904,2789376,146,0,1,5,6,post_set,965,11031.9,44,8
2026-10-03T14:06:44.889+08:00,10265.1,setting,10.0,0,967,0,104556,0,839062,3.92,405794816,440053760,4556,993,1040,699,717,35109,0.16,17915904,2789376,146,0,1,5,6,post_set,966,11041.9,44,8
2026-10-03T14:06:54.852+08:00,10275.0,setting,10.0,0,968,0,104556,0,839437,3.77,405118976,439484416,4556,993,1040,698,717,35140,0.31,17915904,2789376,146,0,1,5,6,post_set,967,11051.8,44,8
2026-10-03T14:07:04.923+08:00,10285.1,setting,10.1,0,969,0,104556,0,839859,4.19,405590016,439734272,4557,993,1040,700,717,35187,0.47,17915904,2789376,146,0,1,5,6,post_set,968,11061.9,44,8
2026-10-03T14:07:14.894+08:00,10295.1,setting,10.0,0,970,0,104556,0,840281,4.23,405491712,439615488,4556,993,1040,699,717,35218,0.31,17915904,2789376,146,0,1,5,6,post_set,969,11071.9,44,8
2026-10-03T14:07:24.857+08:00,10305.0,setting,10.0,0,971,0,104556,0,840640,3.60,405446656,439799808,4556,993,1040,700,717,35250,0.31,17915904,2789376,146,0,1,5,6,post_set,970,11081.9,44,8
2026-10-03T14:07:34.914+08:00,10315.1,setting,10.1,0,972,0,104556,0,841015,3.73,405344256,439681024,4557,993,1040,700,717,35281,0.31,17915904,2789376,146,0,1,5,6,post_set,971,11091.9,44,8
2026-10-03T14:07:44.885+08:00,10325.1,setting,10.0,0,973,0,104556,0,841437,4.24,405463040,439799808,4557,993,1040,700,717,35312,0.31,17915904,2789376,146,0,1,5,6,post_set,972,11101.9,44,8
2026-10-03T14:07:54.856+08:00,10335.0,setting,10.0,0,974,0,104556,0,841890,4.54,405344256,439681024,4558,993,1040,700,717,35343,0.31,17915904,2789376,146,0,1,5,6,post_set,973,11111.9,44,8
2026-10-03T14:08:04.920+08:00,10345.1,setting,10.1,0,975,0,104556,0,842343,4.50,405716992,439812096,4558,993,1040,700,717,35375,0.31,17915904,2789376,146,0,1,5,6,post_set,974,11121.9,44,8
2026-10-03T14:08:14.882+08:00,10355.1,setting,10.0,0,976,0,104556,0,842765,4.23,405598208,439693312,4556,993,1040,699,717,35406,0.31,17915904,2789376,146,0,1,5,6,post_set,975,11131.9,44,8
2026-10-03T14:08:24.852+08:00,10365.0,setting,10.0,0,977,0,104556,0,843218,4.55,405442560,439734272,4549,993,1040,699,717,35437,0.31,17915904,2789376,146,0,1,5,6,post_set,976,11141.8,44,8
2026-10-03T14:08:34.909+08:00,10375.1,setting,10.1,0,978,0,104556,0,843609,3.88,405372928,439672832,4549,993,1040,698,717,35484,0.47,17915904,2789376,146,0,1,5,6,post_set,977,11151.9,44,8
2026-10-03T14:08:44.876+08:00,10385.1,setting,10.0,0,979,0,104556,0,844000,3.92,405520384,439820288,4550,993,1040,699,717,35500,0.16,17915904,2789376,146,0,1,5,6,post_set,978,11161.9,44,8
2026-10-03T14:08:54.849+08:00,10395.0,setting,10.0,0,980,0,104556,0,844453,4.54,405405696,439701504,4549,993,1040,698,717,35531,0.31,17915904,2789376,146,0,1,5,6,post_set,979,11171.8,44,8
2026-10-03T14:09:04.907+08:00,10405.1,setting,10.1,0,981,0,104556,0,844859,4.03,405819392,439881728,4549,993,1040,699,717,35562,0.31,17915904,2789376,146,0,1,5,6,post_set,980,11181.9,44,8
2026-10-03T14:09:14.873+08:00,10415.1,setting,10.0,0,982,0,104556,0,845296,4.39,405704704,439762944,4549,993,1040,698,717,35578,0.16,17915904,2789376,146,0,1,5,6,post_set,981,11191.9,44,8
2026-10-03T14:09:24.945+08:00,10425.1,setting,10.1,0,983,0,104556,0,845656,3.57,405581824,439881728,4550,993,1040,699,717,35609,0.31,17915904,2789376,146,0,1,5,6,post_set,982,11201.9,44,8
2026-10-03T14:09:34.941+08:00,10435.1,setting,10.0,0,984,0,104556,0,846031,3.76,405471232,439767040,4550,993,1040,699,717,35656,0.47,17915904,2789376,146,0,1,5,6,post_set,983,11211.9,44,8
2026-10-03T14:09:44.913+08:00,10445.1,setting,10.0,0,985,0,104556,0,846421,3.91,405594112,439889920,4549,993,1040,698,717,35718,0.63,17915904,2789376,146,0,1,5,6,post_set,984,11221.9,44,8
2026-10-03T14:09:54.882+08:00,10455.1,setting,10.0,0,986,0,104556,0,846812,3.92,405479424,439771136,4550,993,1040,699,717,35765,0.47,17915904,2789376,146,0,1,5,6,post_set,985,11231.9,44,8
2026-10-03T14:10:04.842+08:00,10465.0,setting,10.0,0,987,0,104556,0,847187,3.76,405839872,439889920,4550,993,1040,699,717,35796,0.31,17915904,2789376,146,0,1,5,6,post_set,986,11241.8,44,8
2026-10-03T14:10:14.911+08:00,10475.1,setting,10.1,0,988,0,104556,0,847625,4.35,405725184,439771136,4549,993,1040,699,717,35828,0.31,17915904,2789376,146,0,1,5,6,post_set,987,11251.9,44,8
2026-10-03T14:10:24.866+08:00,10485.1,setting,10.0,0,989,0,104556,0,848015,3.92,405602304,439889920,4550,993,1040,699,717,35875,0.47,17920000,2789376,146,0,1,5,6,post_set,988,11261.9,44,8
2026-10-03T14:10:34.937+08:00,10495.1,setting,10.1,0,990,0,104556,0,848390,3.73,405540864,439832576,4550,993,1040,699,717,35906,0.31,17920000,2789376,146,0,1,5,6,post_set,989,11271.9,44,8
2026-10-03T14:10:44.908+08:00,10505.1,setting,10.0,0,991,0,104556,0,848781,3.92,405659648,439951360,4550,993,1040,699,717,35937,0.31,17920000,2789376,146,0,1,5,6,post_set,990,11281.9,44,8
2026-10-03T14:10:54.876+08:00,10515.1,setting,10.0,0,992,0,104556,0,849156,3.76,405540864,439832576,4549,993,1040,699,717,35968,0.31,17920000,2789376,146,0,1,5,6,post_set,991,11291.9,44,8
2026-10-03T14:11:04.837+08:00,10525.0,setting,10.0,0,993,0,104556,0,849546,3.92,405901312,439951360,4549,993,1040,699,717,36000,0.31,17920000,2789376,146,0,1,5,6,post_set,992,11301.8,44,8
2026-10-03T14:11:14.892+08:00,10535.1,setting,10.1,0,994,0,104556,0,849937,3.88,405782528,439832576,4549,993,1040,698,717,36015,0.16,17920000,2789376,146,0,1,5,6,post_set,993,11311.9,44,8
2026-10-03T14:11:24.852+08:00,10545.0,setting,10.0,0,995,0,104556,0,850359,4.24,405659648,439951360,4549,993,1040,699,717,36031,0.16,17920000,2789376,146,0,1,5,6,post_set,994,11321.8,44,8
2026-10-03T14:11:34.924+08:00,10555.1,setting,10.1,0,996,0,104556,0,850781,4.19,405540864,439832576,4550,993,1040,699,717,36046,0.16,17920000,2789376,146,0,1,5,6,post_set,995,11331.9,44,8
2026-10-03T14:11:44.897+08:00,10565.1,setting,10.0,0,997,0,104556,0,851203,4.23,405659648,439951360,4550,993,1040,699,717,36078,0.31,17920000,2789376,146,0,1,5,6,post_set,996,11341.9,44,8
2026-10-03T14:11:54.860+08:00,10575.0,setting,10.0,0,998,0,104556,0,851625,4.23,405544960,439832576,4549,993,1040,698,717,36125,0.47,17920000,2789376,146,0,1,5,6,post_set,997,11351.9,44,8
2026-10-03T14:12:04.921+08:00,10585.1,setting,10.1,0,999,0,104556,0,852093,4.66,405405696,439496704,4550,993,1040,699,717,36156,0.31,17920000,2789376,146,0,1,5,6,post_set,998,11361.9,44,8
2026-10-03T14:12:14.885+08:00,10595.1,setting,10.0,0,1000,0,104556,0,852484,3.92,405368832,439439360,4550,993,1040,698,717,36171,0.16,17920000,2789376,146,0,1,5,6,post_set,999,11371.9,44,8
2026-10-03T14:12:24.858+08:00,10605.0,setting,10.0,0,1001,0,104556,0,852875,3.92,405274624,439562240,4550,993,1040,698,717,36203,0.31,17920000,2789376,146,0,1,5,6,post_set,1000,11381.9,44,8
2026-10-03T14:12:34.937+08:00,10615.1,setting,10.1,0,1002,0,104556,0,853296,4.19,405164032,439443456,4550,993,1040,698,717,36234,0.31,17920000,2789376,146,0,1,5,6,post_set,1001,11391.9,44,8
2026-10-03T14:12:44.914+08:00,10625.1,setting,10.0,0,1003,0,104556,0,853671,3.76,405311488,439590912,4549,993,1040,699,717,36265,0.31,17920000,2789376,146,0,1,5,6,post_set,1002,11401.9,44,8
2026-10-03T14:12:54.876+08:00,10635.1,setting,10.0,0,1004,0,104556,0,854109,4.39,405245952,439529472,4550,993,1040,699,717,36312,0.47,17920000,2789376,146,0,1,5,6,post_set,1003,11411.9,44,8
2026-10-03T14:13:04.837+08:00,10645.0,setting,10.0,0,1005,0,104556,0,854515,4.08,405606400,439648256,4550,993,1040,698,717,36359,0.47,17920000,2789376,146,0,1,5,6,post_set,1004,11421.8,44,8
2026-10-03T14:13:14.907+08:00,10655.1,setting,10.1,0,1006,0,104556,0,854906,3.88,405499904,439529472,4550,993,1040,698,717,36390,0.31,17920000,2789376,146,0,1,5,6,post_set,1005,11431.9,44,8
2026-10-03T14:13:24.877+08:00,10665.1,setting,10.0,0,1007,0,104556,0,855281,3.76,405377024,439648256,4550,993,1040,698,717,36421,0.31,17920000,2789376,146,0,1,5,6,post_set,1006,11441.9,44,8
2026-10-03T14:13:34.846+08:00,10675.0,setting,10.0,0,1008,0,104556,0,855687,4.07,405323776,439644160,4557,993,1040,699,717,36468,0.47,17920000,2789376,146,0,1,5,6,post_set,1007,11451.8,44,8
2026-10-03T14:13:44.907+08:00,10685.1,setting,10.1,0,1009,0,104556,0,856062,3.73,405471232,439791616,4557,993,1040,699,717,36500,0.31,17920000,2789376,146,0,1,5,6,post_set,1008,11461.9,44,8
2026-10-03T14:13:54.878+08:00,10695.1,setting,10.0,0,1010,0,104556,0,856453,3.92,405352448,439672832,4557,993,1040,699,717,36531,0.31,17920000,2789376,146,0,1,5,6,post_set,1009,11471.9,44,8
2026-10-03T14:14:04.849+08:00,10705.0,setting,10.0,0,1011,0,104556,0,856875,4.23,405712896,439791616,4557,993,1040,699,717,36562,0.31,17920000,2789376,146,0,1,5,6,post_set,1010,11481.8,44,8
2026-10-03T14:14:14.916+08:00,10715.1,setting,10.1,0,1012,0,104556,0,857234,3.57,405594112,439672832,4556,993,1040,699,717,36593,0.31,17920000,2789376,146,0,1,5,6,post_set,1011,11491.9,44,8
2026-10-03T14:14:24.885+08:00,10725.1,setting,10.0,0,1013,0,104556,0,857593,3.61,405471232,439791616,4556,993,1040,699,717,36625,0.31,17920000,2789376,146,0,1,5,6,post_set,1012,11501.9,44,8
2026-10-03T14:14:34.847+08:00,10735.0,setting,10.0,0,1014,0,104556,0,857953,3.61,405352448,439672832,4556,993,1040,699,717,36656,0.31,17920000,2789376,146,0,1,5,6,post_set,1013,11511.8,44,8
2026-10-03T14:14:44.918+08:00,10745.1,setting,10.1,0,1015,0,104556,0,858343,3.88,405471232,439791616,4556,993,1040,699,717,36671,0.16,17920000,2789376,146,0,1,5,6,post_set,1014,11521.9,44,8
2026-10-03T14:14:54.890+08:00,10755.1,setting,10.0,0,1016,0,104556,0,858734,3.92,405352448,439672832,4556,993,1040,699,717,36734,0.63,17920000,2789376,146,0,1,5,6,post_set,1015,11531.9,44,8
2026-10-03T14:15:04.862+08:00,10765.0,setting,10.0,0,1017,0,104556,0,859109,3.76,405712896,439791616,4556,993,1040,699,717,36765,0.31,17920000,2789376,146,0,1,5,6,post_set,1016,11541.9,44,8
2026-10-03T14:15:14.927+08:00,10775.1,setting,10.1,0,1018,0,104556,0,859500,3.88,405598208,439672832,4556,993,1040,699,717,36812,0.47,17920000,2789376,146,0,1,5,6,post_set,1017,11551.9,44,8
2026-10-03T14:15:24.890+08:00,10785.1,setting,10.0,0,1019,0,104556,0,859859,3.61,405561344,439881728,4556,993,1040,699,717,36828,0.16,17920000,2789376,146,0,1,5,6,post_set,1018,11561.9,44,8
2026-10-03T14:15:34.866+08:00,10795.0,setting,10.0,0,1020,0,104556,0,860265,4.07,405442560,439762944,4556,993,1040,699,717,36859,0.31,17920000,2789376,146,0,1,5,6,post_set,1019,11571.9,44,8
2026-10-03T14:15:44.938+08:00,10805.1,setting,10.1,0,1021,0,104556,0,860625,3.57,405565440,439881728,4556,993,1040,699,717,36906,0.47,17920000,2789376,146,0,1,5,6,post_set,1020,11581.9,44,8
2026-10-03T14:15:54.913+08:00,10815.1,setting,10.0,0,1022,0,104556,0,860968,3.45,405446656,439762944,4556,993,1040,699,717,36937,0.31,17920000,2789376,146,0,1,5,6,post_set,1021,11591.9,44,8
2026-10-03T14:16:04.881+08:00,10825.1,setting,10.0,0,1023,0,104556,0,861406,4.39,405807104,439881728,4556,993,1040,699,717,36984,0.47,17920000,2789376,146,0,1,5,6,post_set,1022,11601.9,44,8
2026-10-03T14:16:14.849+08:00,10835.0,setting,10.0,0,1024,0,104556,0,861781,3.76,405663744,439685120,4549,993,1040,698,717,37000,0.16,17920000,2789376,146,0,1,5,6,post_set,1023,11611.8,44,8
2026-10-03T14:16:24.918+08:00,10845.1,setting,10.1,0,1025,0,104556,0,862171,3.88,405540864,439803904,4549,993,1040,698,717,37031,0.31,18075648,3039232,146,0,1,5,6,post_set,1024,11621.9,44,8
2026-10-03T14:16:34.880+08:00,10855.1,setting,10.0,0,1026,0,104556,0,862578,4.08,405422080,439685120,4549,993,1040,698,717,37062,0.31,18075648,3039232,146,0,1,5,6,post_set,1025,11631.9,44,8
2026-10-03T14:16:44.837+08:00,10865.0,setting,10.0,0,1027,0,104556,0,862937,3.61,405540864,439803904,4549,993,1040,698,717,37078,0.16,18075648,3039232,146,0,1,5,6,post_set,1026,11641.8,44,8
2026-10-03T14:16:54.911+08:00,10875.1,setting,10.1,0,1028,0,104556,0,863312,3.73,405422080,439685120,4549,993,1040,698,717,37109,0.31,18075648,3039232,146,0,1,5,6,post_set,1027,11651.9,44,8
2026-10-03T14:17:04.881+08:00,10885.1,setting,10.0,0,1029,0,104556,0,863703,3.92,405045248,438431744,4549,993,1040,697,717,37140,0.31,18075648,3039232,146,0,1,5,6,post_set,1028,11661.9,44,8
2026-10-03T14:17:14.843+08:00,10895.0,setting,10.0,0,1030,0,104556,0,864109,4.08,405209088,439107584,4549,993,1040,697,717,37187,0.47,18075648,3039232,146,0,1,5,6,post_set,1029,11671.8,44,8
2026-10-03T14:17:24.920+08:00,10905.1,setting,10.1,0,1031,0,104556,0,864500,3.88,405209088,439349248,4549,993,1040,697,717,37218,0.31,18075648,3039232,146,0,1,5,6,post_set,1030,11681.9,44,8
2026-10-03T14:17:34.894+08:00,10915.1,setting,10.0,0,1032,0,104556,0,864890,3.91,405094400,439230464,4549,993,1040,697,717,37265,0.47,18075648,3039232,146,0,1,5,6,post_set,1031,11691.9,44,8
2026-10-03T14:17:44.856+08:00,10925.0,setting,10.0,0,1033,0,104556,0,865296,4.07,405270528,439410688,4549,993,1040,697,717,37296,0.31,18075648,3039232,146,0,1,5,6,post_set,1032,11701.8,44,8
2026-10-03T14:17:54.956+08:00,10935.1,setting,10.1,0,1034,0,104556,0,865703,4.04,405180416,439320576,4549,993,1040,697,717,37328,0.31,18075648,3039232,146,0,1,5,6,post_set,1033,11712.0,44,8
2026-10-03T14:18:04.926+08:00,10945.1,setting,10.0,0,1035,0,104556,0,866109,4.06,405540864,439439360,4549,993,1040,697,717,37390,0.62,18075648,3039232,146,0,1,5,6,post_set,1034,11721.9,44,8
2026-10-03T14:18:14.898+08:00,10955.1,setting,10.0,0,1036,0,104556,0,866484,3.76,405426176,439324672,4549,993,1040,697,717,37421,0.31,18075648,3039232,146,0,1,5,6,post_set,1035,11731.9,44,8
2026-10-03T14:18:24.860+08:00,10965.0,setting,10.0,0,1037,0,104556,0,867265,7.84,408588288,443256832,4647,993,1040,711,717,37468,0.47,18075648,3039232,146,0,1,5,6,post_set,1036,11741.9,44,8
2026-10-03T14:18:34.924+08:00,10975.1,setting,10.1,0,1038,0,104556,0,867671,4.04,408596480,443248640,4642,993,1040,710,717,37500,0.31,18075648,3039232,146,0,1,5,6,post_set,1037,11751.9,44,8
2026-10-03T14:18:44.892+08:00,10985.1,setting,10.0,0,1039,0,104556,0,868062,3.92,408735744,443457536,4642,993,1040,710,717,37531,0.31,18075648,3039232,146,0,1,5,6,post_set,1038,11761.9,44,8
2026-10-03T14:18:54.862+08:00,10995.0,setting,10.0,0,1040,0,104556,0,868437,3.76,408498176,443039744,4610,993,1040,703,717,37562,0.31,18075648,3039232,146,0,1,5,6,post_set,1039,11771.9,44,8
2026-10-03T14:19:04.931+08:00,11005.1,setting,10.1,0,1041,0,104556,0,868843,4.03,408858624,443158528,4610,993,1040,703,717,37593,0.31,18075648,3039232,146,0,1,5,6,post_set,1040,11781.9,44,8
2026-10-03T14:19:14.895+08:00,11015.1,setting,10.0,0,1042,0,104556,0,869250,4.07,408772608,443088896,4609,993,1040,703,717,37640,0.47,18075648,3039232,146,0,1,5,6,post_set,1041,11791.9,44,8
2026-10-03T14:19:24.869+08:00,11025.0,setting,10.0,0,1043,0,104556,0,869625,3.76,408653824,443207680,4609,993,1040,703,717,37656,0.16,18075648,3039232,146,0,1,5,6,post_set,1042,11801.9,44,8
2026-10-03T14:19:34.941+08:00,11035.1,setting,10.1,0,1044,0,104556,0,870046,4.19,408440832,442777600,4591,993,1040,703,717,37703,0.47,18075648,3039232,146,0,1,5,6,post_set,1043,11811.9,44,8
2026-10-03T14:19:44.935+08:00,11045.1,setting,10.0,0,1045,0,104556,0,870406,3.60,408559616,442896384,4591,993,1040,703,717,37734,0.31,18075648,3039232,146,0,1,5,6,post_set,1044,11821.9,44,8
2026-10-03T14:19:54.898+08:00,11055.1,setting,10.0,0,1046,0,104556,0,870765,3.60,408440832,442777600,4591,993,1040,703,717,37796,0.63,18075648,3039232,146,0,1,5,6,post_set,1045,11831.9,44,8
2026-10-03T14:20:04.858+08:00,11065.0,setting,10.0,0,1047,0,104556,0,871156,3.92,408801280,442896384,4591,993,1040,703,717,37828,0.31,18075648,3039232,146,0,1,5,6,post_set,1046,11841.9,44,8
2026-10-03T14:20:14.929+08:00,11075.1,setting,10.1,0,1048,0,104556,0,871515,3.57,408682496,442777600,4591,993,1040,703,717,37859,0.31,18075648,3039232,146,0,1,5,6,post_set,1047,11851.9,44,8
2026-10-03T14:20:24.890+08:00,11085.1,setting,10.0,0,1049,0,104556,0,871890,3.76,408559616,442896384,4591,993,1040,703,717,37906,0.47,18075648,3039232,146,0,1,5,6,post_set,1048,11861.9,44,8
2026-10-03T14:20:34.856+08:00,11095.0,setting,10.0,0,1050,0,104556,0,872250,3.61,408440832,442777600,4591,993,1040,703,717,37937,0.31,18075648,3039232,146,0,1,5,6,post_set,1049,11871.8,44,8
2026-10-03T14:20:44.932+08:00,11105.1,setting,10.1,0,1051,0,104556,0,872609,3.57,408453120,442662912,4570,993,1040,700,717,37984,0.47,18075648,3039232,146,0,1,5,6,post_set,1050,11881.9,44,8
2026-10-03T14:20:54.888+08:00,11115.1,setting,10.0,0,1052,0,104556,0,872953,3.45,408334336,442544128,4570,993,1040,700,717,38031,0.47,18075648,3039232,146,0,1,5,6,post_set,1051,11891.9,44,8
2026-10-03T14:21:04.844+08:00,11125.0,setting,10.0,0,1053,0,104556,0,873406,4.55,408735744,442740736,4574,993,1040,700,717,38046,0.16,18075648,3039232,146,0,1,5,6,post_set,1052,11901.8,44,8
2026-10-03T14:21:14.904+08:00,11135.1,setting,10.1,0,1054,0,104556,0,873781,3.73,408616960,442621952,4577,993,1040,701,717,38062,0.16,18075648,3039232,146,0,1,5,6,post_set,1053,11911.9,44,8
2026-10-03T14:21:24.866+08:00,11145.0,setting,10.0,0,1055,0,104556,0,874156,3.76,408494080,442740736,4577,993,1040,701,717,38093,0.31,18075648,3039232,146,0,1,5,6,post_set,1054,11921.9,44,8
2026-10-03T14:21:34.943+08:00,11155.1,setting,10.1,0,1056,0,104556,0,874562,4.04,408375296,442621952,4577,993,1040,701,717,38109,0.16,18075648,3039232,146,0,1,5,6,post_set,1055,11931.9,44,8
2026-10-03T14:21:44.911+08:00,11165.1,setting,10.0,0,1057,0,104556,0,874921,3.60,408498176,442740736,4577,993,1040,701,717,38156,0.47,18075648,3039232,146,0,1,5,6,post_set,1056,11941.9,44,8
2026-10-03T14:21:54.887+08:00,11175.1,setting,10.0,0,1058,0,104556,0,875343,4.23,408379392,442621952,4577,993,1040,701,717,38218,0.63,18075648,3039232,146,0,1,5,6,post_set,1057,11951.9,44,8
2026-10-03T14:22:04.847+08:00,11185.0,setting,10.0,0,1059,0,104556,0,875781,4.39,408002560,442728448,4575,993,1040,701,717,38265,0.47,18075648,3039232,146,0,1,5,6,post_set,1058,11961.8,44,8
2026-10-03T14:22:14.919+08:00,11195.1,setting,10.1,0,1060,0,104556,0,876187,4.04,407883776,442609664,4575,993,1040,701,717,38281,0.16,18075648,3039232,146,0,1,5,6,post_set,1059,11971.9,44,8
2026-10-03T14:22:24.884+08:00,11205.1,setting,10.0,0,1061,0,104556,0,876578,3.92,407760896,442728448,4575,993,1040,701,717,38328,0.47,18075648,3039232,146,0,1,5,6,post_set,1060,11981.9,44,8
2026-10-03T14:22:34.845+08:00,11215.0,setting,10.0,0,1062,0,104556,0,876921,3.45,407617536,442531840,4567,993,1040,700,717,38359,0.31,18075648,3039232,146,0,1,5,6,post_set,1061,11991.8,44,8
2026-10-03T14:22:44.916+08:00,11225.1,setting,10.1,0,1063,0,104556,0,877343,4.19,407736320,442650624,4567,993,1040,700,717,38390,0.31,18075648,3039232,146,0,1,5,6,post_set,1062,12001.9,44,8
2026-10-03T14:22:54.886+08:00,11235.1,setting,10.0,0,1064,0,104556,0,877734,3.92,407629824,442531840,4568,993,1040,701,717,38421,0.31,18075648,3039232,146,0,1,5,6,post_set,1063,12011.9,44,8
2026-10-03T14:23:04.855+08:00,11245.0,setting,10.0,0,1065,0,104556,0,878140,4.08,407994368,442650624,4568,993,1040,700,717,38468,0.47,18075648,3039232,146,0,1,5,6,post_set,1064,12021.8,44,8
2026-10-03T14:23:14.929+08:00,11255.1,setting,10.1,0,1066,0,104556,0,878531,3.88,407875584,442531840,4568,993,1040,700,717,38515,0.47,18075648,3039232,146,0,1,5,6,post_set,1065,12031.9,44,8
2026-10-03T14:23:24.900+08:00,11265.1,setting,10.0,0,1067,0,104556,0,878937,4.07,405336064,439795712,4573,993,1040,699,717,38562,0.47,18075648,3039232,146,0,1,5,6,post_set,1066,12041.9,44,8
2026-10-03T14:23:34.874+08:00,11275.0,setting,10.0,0,1068,0,104556,0,879312,3.76,405344256,439767040,4573,993,1040,699,717,38625,0.63,18075648,3039232,146,0,1,5,6,post_set,1067,12051.9,44,8
2026-10-03T14:23:44.925+08:00,11285.1,setting,10.1,0,1069,0,104556,0,879687,3.72,405499904,439885824,4573,993,1040,699,717,38656,0.31,18075648,3039232,146,0,1,5,6,post_set,1068,12061.9,44,8
2026-10-03T14:23:54.892+08:00,11295.1,setting,10.0,0,1070,0,104556,0,880078,3.92,405397504,439767040,4573,993,1040,699,717,38671,0.16,18075648,3039232,146,0,1,5,6,post_set,1069,12071.9,44,8
2026-10-03T14:24:04.863+08:00,11305.0,setting,10.0,0,1071,0,104556,0,880484,4.07,405676032,439758848,4559,993,1040,697,717,38703,0.31,18141184,3039232,146,0,1,5,6,post_set,1070,12081.9,44,8
2026-10-03T14:24:14.935+08:00,11315.1,setting,10.1,0,1072,0,104556,0,880843,3.57,405557248,439640064,4559,993,1040,697,717,38734,0.31,18141184,3039232,146,0,1,5,6,post_set,1071,12091.9,44,8
2026-10-03T14:24:24.897+08:00,11325.1,setting,10.0,0,1073,0,104556,0,881296,4.54,405438464,439758848,4558,993,1040,697,717,38765,0.31,18141184,3039232,146,0,1,5,6,post_set,1072,12101.9,44,8
2026-10-03T14:24:34.856+08:00,11335.0,setting,10.0,0,1074,0,104556,0,881687,3.92,405319680,439640064,4558,993,1040,697,717,38781,0.16,18141184,3039232,146,0,1,5,6,post_set,1073,12111.8,44,8
2026-10-03T14:24:44.928+08:00,11345.1,setting,10.1,0,1075,0,104556,0,882093,4.04,405520384,439832576,4559,993,1040,699,717,38796,0.16,18141184,3039232,146,0,1,5,6,post_set,1074,12121.9,44,8
2026-10-03T14:24:54.898+08:00,11355.1,setting,10.0,0,1076,0,104556,0,882515,4.23,405401600,439713792,4559,993,1040,698,717,38828,0.31,18141184,3039232,146,0,1,5,6,post_set,1075,12131.9,44,8
2026-10-03T14:25:04.862+08:00,11365.0,setting,10.0,0,1077,0,104556,0,882906,3.92,405762048,439832576,4559,993,1040,699,717,38875,0.47,18141184,3039232,146,0,1,5,6,post_set,1076,12141.9,44,8
2026-10-03T14:25:14.925+08:00,11375.1,setting,10.1,0,1078,0,104556,0,883281,3.73,405663744,439754752,4561,993,1040,699,717,38890,0.16,18141184,3039232,146,0,1,5,6,post_set,1077,12151.9,44,8
2026-10-03T14:25:24.890+08:00,11385.1,setting,10.0,0,1079,0,104556,0,883656,3.76,405540864,439873536,4561,993,1040,699,717,38921,0.31,18141184,3039232,146,0,1,5,6,post_set,1078,12161.9,44,8
2026-10-03T14:25:34.856+08:00,11395.0,setting,10.0,0,1080,0,104556,0,884046,3.92,405454848,439787520,4561,993,1040,699,717,38953,0.31,18141184,3039232,146,0,1,5,6,post_set,1079,12171.8,44,8
2026-10-03T14:25:44.922+08:00,11405.1,setting,10.1,0,1081,0,104556,0,884453,4.04,405585920,439918592,4561,993,1040,699,717,38984,0.31,18141184,3039232,146,0,1,5,6,post_set,1080,12181.9,44,8
2026-10-03T14:25:54.892+08:00,11415.1,setting,10.0,0,1082,0,104556,0,884828,3.76,405467136,439799808,4561,993,1040,699,717,39015,0.31,18141184,3039232,146,0,1,5,6,post_set,1081,12191.9,44,8
2026-10-03T14:26:04.854+08:00,11425.0,setting,10.0,0,1083,0,104556,0,885234,4.08,405827584,439918592,4561,993,1040,699,717,39046,0.31,18141184,3039232,146,0,1,5,6,post_set,1082,12201.8,44,8
2026-10-03T14:26:14.923+08:00,11435.1,setting,10.1,0,1084,0,104556,0,885671,4.35,405721088,439812096,4560,993,1040,699,717,39078,0.31,18141184,3039232,146,0,1,5,6,post_set,1083,12211.9,44,8
2026-10-03T14:26:24.882+08:00,11445.1,setting,10.0,0,1085,0,104556,0,886062,3.92,405598208,439930880,4560,993,1040,699,717,39109,0.31,18141184,3039232,146,0,1,5,6,post_set,1084,12221.9,44,8
2026-10-03T14:26:34.849+08:00,11455.0,setting,10.0,0,1086,0,104556,0,886484,4.24,405479424,439812096,4560,993,1040,699,717,39125,0.16,18141184,3039232,146,0,1,5,6,post_set,1085,12231.8,44,8
2026-10-03T14:26:44.923+08:00,11465.1,setting,10.1,0,1087,0,104556,0,886828,3.41,405692416,440037376,4560,993,1040,699,717,39156,0.31,18141184,3039232,146,0,1,5,6,post_set,1086,12241.9,44,8
2026-10-03T14:26:54.892+08:00,11475.1,setting,10.0,0,1088,0,104556,0,887234,4.07,405630976,439980032,4560,993,1040,699,717,39187,0.31,18141184,3039232,146,0,1,5,6,post_set,1087,12251.9,44,8
2026-10-03T14:27:04.897+08:00,11485.1,setting,10.0,0,1089,0,104556,0,887703,4.69,406052864,440160256,4560,993,1040,699,717,39218,0.31,18141184,3039232,146,0,1,5,6,post_set,1088,12261.9,44,8
2026-10-03T14:27:14.875+08:00,11495.0,setting,10.0,0,1090,0,104556,0,888046,3.44,405962752,440070144,4560,993,1040,699,717,39218,0.00,18141184,3039232,146,0,1,5,6,post_set,1089,12271.9,44,8
2026-10-03T14:27:24.844+08:00,11505.0,setting,10.0,0,1091,0,104556,0,888453,4.07,405901312,440258560,4560,993,1040,699,717,39250,0.31,18141184,3039232,146,0,1,5,6,post_set,1090,12281.8,44,8
2026-10-03T14:27:34.915+08:00,11515.1,setting,10.1,0,1092,0,104556,0,888828,3.72,405872640,440225792,4560,993,1040,699,717,39281,0.31,18141184,3039232,146,0,1,5,6,post_set,1091,12291.9,44,8
2026-10-03T14:27:44.882+08:00,11525.1,setting,10.0,0,1093,0,104556,0,889312,4.86,405991424,440344576,4560,993,1040,699,717,39328,0.47,18141184,3039232,146,0,1,5,6,post_set,1092,12301.9,44,8
2026-10-03T14:27:54.852+08:00,11535.0,setting,10.0,0,1094,0,104556,0,889640,3.29,405876736,440225792,4560,993,1040,699,717,39359,0.31,18141184,3039232,146,0,1,5,6,post_set,1093,12311.8,44,8
2026-10-03T14:28:04.925+08:00,11545.1,setting,10.1,0,1095,0,104556,0,890031,3.88,406237184,440344576,4560,993,1040,699,717,39406,0.47,18141184,3039232,146,0,1,5,6,post_set,1094,12321.9,44,8
2026-10-03T14:28:14.896+08:00,11555.1,setting,10.0,0,1096,0,104556,0,890421,3.92,406122496,440225792,4560,993,1040,699,717,39453,0.47,18141184,3039232,146,0,1,5,6,post_set,1095,12331.9,44,8
2026-10-03T14:28:24.865+08:00,11565.0,setting,10.0,0,1097,0,104556,0,890828,4.07,405999616,440344576,4561,993,1040,700,717,39484,0.31,18141184,3039232,146,0,1,5,6,post_set,1096,12341.9,44,8
2026-10-03T14:28:34.938+08:00,11575.1,setting,10.1,0,1098,0,104556,0,891218,3.88,405946368,440291328,4561,993,1040,699,717,39515,0.31,18141184,3039232,146,0,1,5,6,post_set,1097,12351.9,44,8
2026-10-03T14:28:44.906+08:00,11585.1,setting,10.0,0,1099,0,104556,0,891609,3.92,406065152,440410112,4561,993,1040,699,717,39546,0.31,18141184,3039232,146,0,1,5,6,post_set,1098,12361.9,44,8
2026-10-03T14:28:54.869+08:00,11595.1,setting,10.0,0,1100,0,104556,0,892000,3.92,405946368,440291328,4561,993,1040,699,717,39578,0.31,18141184,3039232,146,0,1,5,6,post_set,1099,12371.9,44,8
2026-10-03T14:29:04.928+08:00,11605.1,setting,10.1,0,1101,0,104556,0,892359,3.57,406306816,440410112,4561,993,1040,699,717,39609,0.31,18141184,3039232,146,0,1,5,6,post_set,1100,12381.9,44,8
2026-10-03T14:29:14.900+08:00,11615.1,setting,10.0,0,1102,0,104556,0,892750,3.92,406188032,440291328,4561,993,1040,699,717,39640,0.31,18141184,3039232,146,0,1,5,6,post_set,1101,12391.9,44,8
2026-10-03T14:29:24.860+08:00,11625.0,setting,10.0,0,1103,0,104556,0,893109,3.60,406065152,440410112,4561,993,1040,699,717,39703,0.63,18141184,3039232,146,0,1,5,6,post_set,1102,12401.9,44,8
2026-10-03T14:29:34.924+08:00,11635.1,setting,10.1,0,1104,0,104556,0,893468,3.57,406003712,440352768,4561,993,1040,699,717,39734,0.31,18141184,3039232,146,0,1,5,6,post_set,1103,12411.9,44,8
2026-10-03T14:29:44.880+08:00,11645.1,setting,10.0,0,1105,0,104556,0,893828,3.61,405180416,439336960,4554,993,1040,697,717,39765,0.31,18141184,3039232,146,0,1,5,6,post_set,1104,12421.9,44,8
2026-10-03T14:29:54.849+08:00,11655.0,setting,10.0,0,1106,0,104556,0,894187,3.61,405147648,439304192,4554,993,1040,697,717,39781,0.16,18141184,3039232,146,0,1,5,6,post_set,1105,12431.8,44,8
2026-10-03T14:30:04.919+08:00,11665.1,setting,10.1,0,1107,0,104556,0,894609,4.19,405524480,439439360,4554,993,1040,697,717,39812,0.31,18141184,3039232,146,0,1,5,6,post_set,1106,12441.9,44,8
2026-10-03T14:30:14.882+08:00,11675.1,setting,10.0,0,1108,0,104556,0,894984,3.76,405405696,439320576,4554,993,1040,699,717,39843,0.31,18141184,3039232,146,0,1,5,6,post_set,1107,12451.9,44,8
2026-10-03T14:30:24.854+08:00,11685.0,setting,10.0,0,1109,0,104556,0,895421,4.39,405401600,439570432,4554,993,1040,698,717,39859,0.16,18141184,3039232,146,0,1,5,6,post_set,1108,12461.8,44,8
2026-10-03T14:30:34.920+08:00,11695.1,setting,10.1,0,1110,0,104556,0,895843,4.19,405282816,439451648,4554,993,1040,699,717,39890,0.31,18141184,3039232,146,0,1,5,6,post_set,1109,12471.9,44,8
2026-10-03T14:30:44.891+08:00,11705.1,setting,10.0,0,1111,0,104556,0,896250,4.08,405401600,439570432,4554,993,1040,698,717,39921,0.31,18141184,3039232,146,0,1,5,6,post_set,1110,12481.9,44,8
2026-10-03T14:30:54.851+08:00,11715.0,setting,10.0,0,1112,0,104556,0,896640,3.92,405282816,439451648,4553,993,1040,698,717,39953,0.31,18141184,3039232,146,0,1,5,6,post_set,1111,12491.8,44,8
2026-10-03T14:31:04.924+08:00,11725.1,setting,10.1,0,1113,0,104556,0,897031,3.88,405643264,439570432,4553,993,1040,698,717,39984,0.31,18141184,3039232,146,0,1,5,6,post_set,1112,12501.9,44,8
2026-10-03T14:31:14.898+08:00,11735.1,setting,10.0,0,1114,0,104556,0,897437,4.07,405532672,439451648,4554,993,1040,699,717,40031,0.47,18141184,3039232,146,0,1,5,6,post_set,1113,12511.9,44,8
2026-10-03T14:31:24.862+08:00,11745.0,setting,10.0,0,1115,0,104556,0,897859,4.23,405413888,439570432,4554,993,1040,698,717,40078,0.47,18141184,3039232,146,0,1,5,6,post_set,1114,12521.9,44,8
2026-10-03T14:31:34.921+08:00,11755.1,setting,10.1,0,1116,0,104556,0,898218,3.57,405303296,439451648,4554,993,1040,698,717,40109,0.31,18141184,3039232,146,0,1,5,6,post_set,1115,12531.9,44,8
2026-10-03T14:31:44.891+08:00,11765.1,setting,10.0,0,1117,0,104556,0,898625,4.08,405454848,439603200,4554,993,1040,698,717,40125,0.16,18141184,3039232,146,0,1,5,6,post_set,1116,12541.9,44,8
2026-10-03T14:31:54.857+08:00,11775.0,setting,10.0,0,1118,0,104556,0,899000,3.76,405364736,439513088,4554,993,1040,698,717,40156,0.31,18141184,3039232,146,0,1,5,6,post_set,1117,12551.8,44,8
2026-10-03T14:32:04.925+08:00,11785.1,setting,10.1,0,1119,0,104556,0,899359,3.57,405725184,439631872,4554,993,1040,698,717,40187,0.31,18141184,3039232,146,0,1,5,6,post_set,1118,12561.9,44,8
2026-10-03T14:32:14.897+08:00,11795.1,setting,10.0,0,1120,0,104556,0,899765,4.07,405606400,439513088,4554,993,1040,698,717,40218,0.31,18141184,3039232,146,0,1,5,6,post_set,1119,12571.9,44,8
2026-10-03T14:32:24.870+08:00,11805.0,setting,10.0,0,1121,0,104556,0,900140,3.76,405483520,439631872,4554,993,1040,698,717,40250,0.31,18141184,3039232,146,0,1,5,6,post_set,1120,12581.9,44,8
2026-10-03T14:32:34.937+08:00,11815.1,setting,10.1,0,1122,0,104556,0,900531,3.88,405364736,439513088,4554,993,1040,698,717,40296,0.47,18141184,3039232,146,0,1,5,6,post_set,1121,12591.9,44,8
2026-10-03T14:32:44.893+08:00,11825.1,setting,10.0,0,1123,0,104556,0,900906,3.76,405483520,439631872,4554,993,1040,698,717,40328,0.31,18141184,3039232,146,0,1,5,6,post_set,1122,12601.9,44,8
2026-10-03T14:32:54.866+08:00,11835.0,setting,10.0,0,1124,0,104556,0,901312,4.08,405364736,439513088,4554,993,1040,698,717,40343,0.16,18141184,3039232,146,0,1,5,6,post_set,1123,12611.9,44,8
2026-10-03T14:33:04.938+08:00,11845.1,setting,10.1,0,1125,0,104556,0,901750,4.34,405725184,439631872,4553,993,1040,699,717,40375,0.31,18141184,3039232,146,0,1,5,6,post_set,1124,12621.9,44,8
2026-10-03T14:33:14.895+08:00,11855.1,setting,10.0,0,1126,0,104556,0,902125,3.76,405606400,439513088,4553,993,1040,698,717,40406,0.31,18141184,3039232,146,0,1,5,6,post_set,1125,12631.9,44,8
2026-10-03T14:33:24.856+08:00,11865.0,setting,10.0,0,1127,0,104556,0,902546,4.24,405483520,439631872,4553,993,1040,698,717,40421,0.16,18141184,3039232,146,0,1,5,6,post_set,1126,12641.8,44,8
2026-10-03T14:33:34.923+08:00,11875.1,setting,10.1,0,1128,0,104556,0,902937,3.88,405364736,439513088,4553,993,1040,698,717,40453,0.31,18141184,3039232,146,0,1,5,6,post_set,1127,12651.9,44,8
2026-10-03T14:33:44.893+08:00,11885.1,setting,10.0,0,1129,0,104556,0,903375,4.39,405565440,439721984,4553,993,1040,698,717,40468,0.16,18141184,3039232,146,0,1,5,6,post_set,1128,12661.9,44,8
2026-10-03T14:33:54.854+08:00,11895.0,setting,10.0,0,1130,0,104556,0,903734,3.61,405446656,439603200,4553,993,1040,698,717,40515,0.47,18141184,3039232,146,0,1,5,6,post_set,1129,12671.8,44,8
2026-10-03T14:34:04.920+08:00,11905.1,setting,10.1,0,1131,0,104556,0,904109,3.73,405807104,439721984,4553,993,1040,698,717,40531,0.16,18141184,3039232,146,0,1,5,6,post_set,1130,12681.9,44,8
2026-10-03T14:34:14.885+08:00,11915.1,setting,10.0,0,1132,0,104556,0,904500,3.92,405688320,439603200,4553,993,1040,698,717,40562,0.31,18141184,3039232,146,0,1,5,6,post_set,1131,12691.9,44,8
2026-10-03T14:34:24.860+08:00,11925.0,setting,10.0,0,1133,0,104556,0,904875,3.76,405565440,439721984,4553,993,1040,698,717,40593,0.31,18141184,3039232,146,0,1,5,6,post_set,1132,12701.9,44,8
2026-10-03T14:34:34.927+08:00,11935.1,setting,10.1,0,1134,0,104556,0,905296,4.19,405446656,439603200,4553,993,1040,698,717,40625,0.31,18141184,3039232,146,0,1,5,6,post_set,1133,12711.9,44,8
2026-10-03T14:34:44.899+08:00,11945.1,setting,10.0,0,1135,0,104556,0,905703,4.08,405565440,439721984,4553,993,1040,698,717,40656,0.31,18141184,3039232,146,0,1,5,6,post_set,1134,12721.9,44,8
2026-10-03T14:34:54.869+08:00,11955.0,setting,10.0,0,1136,0,104556,0,906093,3.92,405446656,439603200,4553,993,1040,698,717,40703,0.47,18141184,3039232,146,0,1,5,6,post_set,1135,12731.9,44,8
2026-10-03T14:35:04.941+08:00,11965.1,setting,10.1,0,1137,0,104556,0,906484,3.88,405815296,439730176,4553,993,1040,698,717,40750,0.47,18141184,3039232,146,0,1,5,6,post_set,1136,12741.9,44,8
2026-10-03T14:35:14.913+08:00,11975.1,setting,10.0,0,1138,0,104556,0,906937,4.54,404840448,438226944,4553,993,1040,697,717,40781,0.31,18141184,3039232,146,0,1,5,6,post_set,1137,12751.9,44,8
2026-10-03T14:35:24.881+08:00,11985.1,setting,10.0,0,1139,0,104556,0,907312,3.76,405082112,439439360,4553,993,1040,697,717,40812,0.31,18141184,3039232,146,0,1,5,6,post_set,1138,12761.9,44,8
2026-10-03T14:35:34.850+08:00,11995.0,setting,10.0,0,1140,0,104556,0,907671,3.60,405086208,439406592,4554,993,1040,697,717,40859,0.47,18141184,3039232,146,0,1,5,6,post_set,1139,12771.8,44,8
2026-10-03T14:35:44.919+08:00,12005.1,setting,10.1,0,1141,0,104556,0,908093,4.19,405278720,439582720,4554,993,1040,699,717,40875,0.16,18141184,3039232,146,0,1,5,6,post_set,1140,12781.9,44,8
2026-10-03T14:35:54.883+08:00,12015.1,setting,10.0,0,1142,0,104556,0,908531,4.39,405159936,439463936,4554,993,1040,698,717,40906,0.31,18141184,3039232,146,0,1,5,6,post_set,1141,12791.9,44,8
2026-10-03T14:36:04.841+08:00,12025.0,setting,10.0,0,1143,0,104556,0,909000,4.71,405561344,439590912,4554,993,1040,698,717,40937,0.31,18141184,3039232,146,0,1,5,6,post_set,1142,12801.8,44,8
2026-10-03T14:36:14.915+08:00,12035.1,setting,10.1,0,1144,0,104556,0,909359,3.57,405450752,439472128,4554,993,1040,698,717,40984,0.47,18141184,3039232,146,0,1,5,6,post_set,1143,12811.9,44,8
2026-10-03T14:36:24.876+08:00,12045.1,setting,10.0,0,1145,0,104556,0,909765,4.07,405401600,439676928,4554,993,1040,698,717,41031,0.47,18141184,3039232,146,0,1,5,6,post_set,1144,12821.9,44,8
2026-10-03T14:36:34.947+08:00,12055.1,setting,10.1,0,1146,0,104556,0,910156,3.88,405286912,439558144,4554,993,1040,698,717,41078,0.47,18141184,3039232,146,0,1,5,6,post_set,1145,12831.9,44,8
2026-10-03T14:36:44.903+08:00,12065.1,setting,10.0,0,1147,0,104556,0,910531,3.76,405405696,439676928,4554,993,1040,698,717,41140,0.63,18141184,3039232,146,0,1,5,6,post_set,1146,12841.9,44,8
2026-10-03T14:36:54.869+08:00,12075.0,setting,10.0,0,1148,0,104556,0,910937,4.08,405286912,439558144,4554,993,1040,698,717,41171,0.31,18141184,3039232,146,0,1,5,6,post_set,1147,12851.9,44,8
2026-10-03T14:37:04.941+08:00,12085.1,setting,10.1,0,1149,0,104556,0,911296,3.57,405700608,439738368,4554,993,1040,698,717,41203,0.31,18141184,3039232,146,0,1,5,6,post_set,1148,12861.9,44,8
2026-10-03T14:37:14.904+08:00,12095.1,setting,10.0,0,1150,0,104556,0,911703,4.07,405581824,439619584,4554,993,1040,698,717,41234,0.31,18141184,3039232,146,0,1,5,6,post_set,1149,12871.9,44,8
2026-10-03T14:37:24.867+08:00,12105.0,setting,10.0,0,1151,0,104556,0,912453,7.53,408559616,443269120,4650,993,1040,711,717,41265,0.31,18141184,3039232,146,0,1,5,6,post_set,1150,12881.9,44,8
2026-10-03T14:37:34.938+08:00,12115.1,setting,10.1,0,1152,0,104556,0,912921,4.66,408539136,443228160,4648,993,1040,712,717,41281,0.16,18145280,3039232,146,0,1,5,6,post_set,1151,12891.9,44,8
2026-10-03T14:37:44.906+08:00,12125.1,setting,10.0,0,1153,0,104556,0,913296,3.76,408662016,443428864,4649,993,1040,711,717,41312,0.31,18145280,3039232,146,0,1,5,6,post_set,1152,12901.9,44,8
2026-10-03T14:37:54.872+08:00,12135.1,setting,10.0,0,1154,0,104556,0,913687,3.92,408412160,442998784,4617,993,1040,704,717,41343,0.31,18145280,3039232,146,0,1,5,6,post_set,1153,12911.9,44,8
2026-10-03T14:38:04.944+08:00,12145.1,setting,10.1,0,1155,0,104556,0,914062,3.73,408797184,443117568,4617,993,1040,704,717,41406,0.62,18145280,3039232,146,0,1,5,6,post_set,1154,12921.9,44,8
2026-10-03T14:38:14.913+08:00,12155.1,setting,10.0,0,1156,0,104556,0,914468,4.08,408678400,442998784,4616,993,1040,704,717,41437,0.31,18145280,3039232,146,0,1,5,6,post_set,1155,12931.9,44,8
2026-10-03T14:38:24.887+08:00,12165.1,setting,10.0,0,1157,0,104556,0,914875,4.07,408563712,443117568,4616,993,1040,704,717,41468,0.31,18145280,3039232,146,0,1,5,6,post_set,1156,12941.9,44,8
2026-10-03T14:38:34.854+08:00,12175.0,setting,10.0,0,1158,0,104556,0,915265,3.92,408375296,442765312,4602,993,1040,704,717,41531,0.63,18145280,3039232,146,0,1,5,6,post_set,1157,12951.8,44,8
2026-10-03T14:38:44.928+08:00,12185.1,setting,10.1,0,1159,0,104556,0,915640,3.73,408494080,442884096,4602,993,1040,704,717,41578,0.47,18145280,3039232,146,0,1,5,6,post_set,1158,12961.9,44,8
2026-10-03T14:38:54.900+08:00,12195.1,setting,10.0,0,1160,0,104556,0,916000,3.60,408375296,442765312,4602,993,1040,704,717,41609,0.31,18145280,3039232,146,0,1,5,6,post_set,1159,12971.9,44,8
2026-10-03T14:39:04.863+08:00,12205.0,setting,10.0,0,1161,0,104556,0,916375,3.76,408735744,442884096,4602,993,1040,704,717,41656,0.47,18145280,3039232,146,0,1,5,6,post_set,1160,12981.9,44,8
2026-10-03T14:39:14.923+08:00,12215.1,setting,10.1,0,1162,0,104556,0,916750,3.73,408616960,442765312,4602,993,1040,704,717,41671,0.16,18145280,3039232,146,0,1,5,6,post_set,1161,12991.9,44,8
2026-10-03T14:39:24.879+08:00,12225.1,setting,10.0,0,1163,0,104556,0,917109,3.61,408494080,442884096,4602,993,1040,704,717,41687,0.16,18145280,3039232,146,0,1,5,6,post_set,1162,13001.9,44,8
2026-10-03T14:39:34.850+08:00,12235.0,setting,10.0,0,1164,0,104556,0,917515,4.08,408375296,442765312,4602,993,1040,704,717,41703,0.16,18145280,3039232,146,0,1,5,6,post_set,1163,13011.8,44,8
2026-10-03T14:39:44.922+08:00,12245.1,setting,10.1,0,1165,0,104556,0,917906,3.88,408363008,442572800,4574,993,1040,700,717,41750,0.47,18145280,3039232,146,0,1,5,6,post_set,1164,13021.9,44,8
2026-10-03T14:39:54.887+08:00,12255.1,setting,10.0,0,1166,0,104556,0,918281,3.76,408244224,442454016,4574,993,1040,700,717,41781,0.31,18145280,3039232,146,0,1,5,6,post_set,1165,13031.9,44,8
2026-10-03T14:40:04.846+08:00,12265.0,setting,10.0,0,1167,0,104556,0,918656,3.77,408604672,442572800,4574,993,1040,700,717,41812,0.31,18145280,3039232,146,0,1,5,6,post_set,1166,13041.8,44,8
2026-10-03T14:40:14.905+08:00,12275.1,setting,10.1,0,1168,0,104556,0,919078,4.19,408485888,442454016,4574,993,1040,700,717,41828,0.16,18145280,3039232,146,0,1,5,6,post_set,1167,13051.9,44,8
2026-10-03T14:40:24.869+08:00,12285.0,setting,10.0,0,1169,0,104556,0,919484,4.08,408363008,442572800,4574,993,1040,700,717,41875,0.47,18145280,3039232,146,0,1,5,6,post_set,1168,13061.9,44,8
2026-10-03T14:40:34.942+08:00,12295.1,setting,10.1,0,1170,0,104556,0,919890,4.04,408244224,442454016,4574,993,1040,700,717,41890,0.16,18145280,3039232,146,0,1,5,6,post_set,1169,13071.9,44,8
2026-10-03T14:40:44.911+08:00,12305.1,setting,10.0,0,1171,0,104556,0,920296,4.07,406171648,439812096,4574,993,1040,699,717,41921,0.31,18145280,3039232,146,0,1,5,6,post_set,1170,13081.9,44,8
2026-10-03T14:40:54.865+08:00,12315.0,setting,10.0,0,1172,0,104556,0,920687,3.92,406077440,439672832,4567,993,1040,698,717,41953,0.31,18145280,3039232,146,0,1,5,6,post_set,1171,13091.9,44,8
2026-10-03T14:41:04.930+08:00,12325.1,setting,10.1,0,1173,0,104556,0,921109,4.19,406491136,439853056,4567,993,1040,698,717,41968,0.16,18145280,3039232,146,0,1,5,6,post_set,1172,13101.9,44,8
2026-10-03T14:41:14.906+08:00,12335.1,setting,10.0,0,1174,0,104556,0,921468,3.61,406417408,439762944,4567,993,1040,698,717,41984,0.16,18145280,3039232,146,0,1,5,6,post_set,1173,13111.9,44,8
2026-10-03T14:41:24.871+08:00,12345.0,setting,10.0,0,1175,0,104556,0,921843,3.76,406294528,439881728,4567,993,1040,698,717,42015,0.31,18145280,3039232,146,0,1,5,6,post_set,1174,13121.9,44,8
2026-10-03T14:41:34.936+08:00,12355.1,setting,10.1,0,1176,0,104556,0,922234,3.88,406253568,439824384,4567,993,1040,698,717,42062,0.47,18145280,3039232,146,0,1,5,6,post_set,1175,13131.9,44,8
2026-10-03T14:41:44.907+08:00,12365.1,setting,10.0,0,1177,0,104556,0,922640,4.08,406376448,439943168,4567,993,1040,698,717,42109,0.47,18145280,3039232,146,0,1,5,6,post_set,1176,13141.9,44,8
2026-10-03T14:41:54.875+08:00,12375.1,setting,10.0,0,1178,0,104556,0,923015,3.76,406257664,439824384,4567,993,1040,698,717,42140,0.31,18145280,3039232,146,0,1,5,6,post_set,1177,13151.9,44,8
2026-10-03T14:42:04.850+08:00,12385.0,setting,10.0,0,1179,0,104556,0,923359,3.45,405921792,439959552,4565,993,1040,698,717,42156,0.16,18145280,3039232,146,0,1,5,6,post_set,1178,13161.8,44,8
2026-10-03T14:42:14.923+08:00,12395.1,setting,10.1,0,1180,0,104556,0,923765,4.03,405831680,439869440,4565,993,1040,698,717,42187,0.31,18145280,3039232,146,0,1,5,6,post_set,1179,13171.9,44,8
2026-10-03T14:42:24.887+08:00,12405.1,setting,10.0,0,1181,0,104556,0,924125,3.60,405778432,440090624,4570,993,1040,698,717,42218,0.31,18145280,3039232,146,0,1,5,6,post_set,1180,13181.9,44,8
2026-10-03T14:42:34.859+08:00,12415.0,setting,10.0,0,1182,0,104556,0,924484,3.61,405643264,439894016,4562,993,1040,697,717,42250,0.31,18145280,3039232,146,0,1,5,6,post_set,1181,13191.9,44,8
2026-10-03T14:42:44.929+08:00,12425.1,setting,10.1,0,1183,0,104556,0,924875,3.88,405762048,440012800,4562,993,1040,697,717,42281,0.31,18145280,3039232,146,0,1,5,6,post_set,1182,13201.9,44,8
2026-10-03T14:42:54.887+08:00,12435.1,setting,10.0,0,1184,0,104556,0,925265,3.92,405643264,439894016,4562,993,1040,697,717,42312,0.31,18145280,3039232,146,0,1,5,6,post_set,1183,13211.9,44,8
2026-10-03T14:43:04.850+08:00,12445.0,setting,10.0,0,1185,0,104556,0,925625,3.61,406003712,440012800,4562,993,1040,697,717,42343,0.31,18145280,3039232,146,0,1,5,6,post_set,1184,13221.8,44,8
2026-10-03T14:43:14.916+08:00,12455.1,setting,10.1,0,1186,0,104556,0,925968,3.41,405884928,439894016,4562,993,1040,697,717,42375,0.31,18145280,3039232,146,0,1,5,6,post_set,1185,13231.9,44,8
2026-10-03T14:43:24.879+08:00,12465.1,setting,10.0,0,1187,0,104556,0,926375,4.08,405762048,440012800,4562,993,1040,697,717,42406,0.31,18145280,3039232,146,0,1,5,6,post_set,1186,13241.9,44,8
2026-10-03T14:43:34.847+08:00,12475.0,setting,10.0,0,1188,0,104556,0,926781,4.08,405643264,439894016,4562,993,1040,697,717,42437,0.31,18145280,3039232,146,0,1,5,6,post_set,1187,13251.8,44,8
2026-10-03T14:43:44.920+08:00,12485.1,setting,10.1,0,1189,0,104556,0,927187,4.03,405762048,440012800,4562,993,1040,697,717,42468,0.31,18145280,3039232,146,0,1,5,6,post_set,1188,13261.9,44,8
2026-10-03T14:43:54.884+08:00,12495.1,setting,10.0,0,1190,0,104556,0,927625,4.39,405643264,439894016,4562,993,1040,697,717,42500,0.31,18145280,3039232,146,0,1,5,6,post_set,1189,13271.9,44,8
2026-10-03T14:44:04.847+08:00,12505.0,setting,10.0,0,1191,0,104556,0,928015,3.92,406003712,440012800,4562,993,1040,697,717,42531,0.31,18145280,3039232,146,0,1,5,6,post_set,1190,13281.8,44,8
2026-10-03T14:44:14.915+08:00,12515.1,setting,10.1,0,1192,0,104556,0,928421,4.04,405860352,439894016,4561,993,1040,697,717,42562,0.31,18145280,3039232,146,0,1,5,6,post_set,1191,13291.9,44,8
2026-10-03T14:44:24.878+08:00,12525.1,setting,10.0,0,1193,0,104556,0,928828,4.08,405745664,440012800,4564,993,1040,698,717,42593,0.31,18145280,3039232,146,0,1,5,6,post_set,1192,13301.9,44,8
2026-10-03T14:44:34.851+08:00,12535.0,setting,10.0,0,1194,0,104556,0,929187,3.61,405626880,439894016,4564,993,1040,698,717,42625,0.31,18145280,3039232,146,0,1,5,6,post_set,1193,13311.8,44,8
2026-10-03T14:44:44.921+08:00,12545.1,setting,10.1,0,1195,0,104556,0,929546,3.57,405749760,440012800,4564,993,1040,698,717,42656,0.31,18145280,3039232,146,0,1,5,6,post_set,1194,13321.9,44,8
2026-10-03T14:44:54.893+08:00,12555.1,setting,10.0,0,1196,0,104556,0,929921,3.76,405635072,439894016,4564,993,1040,698,717,42687,0.31,18145280,3039232,146,0,1,5,6,post_set,1195,13331.9,44,8
2026-10-03T14:45:04.858+08:00,12565.0,setting,10.0,0,1197,0,104556,0,930640,7.21,408883200,443207680,4655,993,1040,711,717,42718,0.31,18145280,3039232,146,0,1,5,6,post_set,1196,13341.8,44,8
2026-10-03T14:45:14.928+08:00,12575.1,setting,10.1,0,1198,0,104556,0,931015,3.73,408797184,443187200,4655,993,1040,710,717,42750,0.31,18145280,3039232,146,0,1,5,6,post_set,1197,13351.9,44,8
2026-10-03T14:45:24.899+08:00,12585.1,setting,10.0,0,1199,0,104556,0,931390,3.76,408707072,443351040,4650,993,1040,710,717,42781,0.31,18145280,3039232,146,0,1,5,6,post_set,1198,13361.9,44,8
2026-10-03T14:45:34.859+08:00,12595.0,setting,10.0,0,1200,0,104556,0,931781,3.92,408494080,442970112,4618,993,1040,703,717,42812,0.31,18145280,3039232,146,0,1,5,6,post_set,1199,13371.8,44,8
2026-10-03T14:45:44.927+08:00,12605.1,setting,10.1,0,1201,0,104556,0,932140,3.57,408616960,443088896,4617,993,1040,703,717,42843,0.31,18145280,3039232,146,0,1,5,6,post_set,1200,13381.9,44,8
2026-10-03T14:45:54.888+08:00,12615.1,setting,10.0,0,1202,0,104556,0,932515,3.76,408498176,442970112,4617,993,1040,703,717,42859,0.16,18145280,3039232,146,0,1,5,6,post_set,1201,13391.9,44,8
2026-10-03T14:46:04.848+08:00,12625.0,setting,10.0,0,1203,0,104556,0,932890,3.77,408862720,443088896,4617,993,1040,703,717,42890,0.31,18145280,3039232,146,0,1,5,6,post_set,1202,13401.8,44,8
2026-10-03T14:46:14.913+08:00,12635.1,setting,10.1,0,1204,0,104556,0,933250,3.57,408743936,442970112,4617,993,1040,703,717,42921,0.31,18145280,3039232,146,0,1,5,6,post_set,1203,13411.9,44,8
2026-10-03T14:46:24.878+08:00,12645.1,setting,10.0,0,1205,0,104556,0,933625,3.76,408494080,442699776,4592,993,1040,702,717,42953,0.31,18145280,3039232,146,0,1,5,6,post_set,1204,13421.9,44,8
2026-10-03T14:46:34.844+08:00,12655.0,setting,10.0,0,1206,0,104556,0,933984,3.61,408375296,442580992,4592,993,1040,702,717,42984,0.31,18145280,3039232,146,0,1,5,6,post_set,1205,13431.8,44,8
2026-10-03T14:46:44.910+08:00,12665.1,setting,10.1,0,1207,0,104556,0,934328,3.42,408494080,442699776,4592,993,1040,702,717,43015,0.31,18145280,3039232,146,0,1,5,6,post_set,1206,13441.9,44,8
2026-10-03T14:46:54.882+08:00,12675.1,setting,10.0,0,1208,0,104556,0,934687,3.61,408375296,442580992,4592,993,1040,702,717,43046,0.31,18145280,3039232,146,0,1,5,6,post_set,1207,13451.9,44,8
2026-10-03T14:47:04.868+08:00,12685.0,setting,10.0,0,1209,0,104556,0,935078,3.92,408735744,442699776,4592,993,1040,702,717,43093,0.47,18145280,3039232,146,0,1,5,6,post_set,1208,13461.9,44,8
2026-10-03T14:47:14.969+08:00,12695.1,setting,10.1,0,1210,0,104556,0,935484,4.02,408616960,442580992,4592,993,1040,702,717,43125,0.31,18145280,3039232,146,0,1,5,6,post_set,1209,13472.0,44,8
2026-10-03T14:47:24.858+08:00,12705.0,setting,9.9,0,1211,0,104556,0,935921,4.41,408494080,442699776,4592,993,1040,702,717,43187,0.63,18145280,3039232,146,0,1,5,6,post_set,1210,13481.8,44,8
2026-10-03T14:47:34.929+08:00,12715.1,setting,10.1,0,1212,0,104556,0,936359,4.35,408289280,442425344,4578,993,1040,700,717,43218,0.31,18145280,3039232,146,0,1,5,6,post_set,1211,13491.9,44,8
2026-10-03T14:47:44.898+08:00,12725.1,setting,10.0,0,1213,0,104556,0,936734,3.76,408408064,442544128,4578,993,1040,700,717,43250,0.31,18145280,3039232,146,0,1,5,6,post_set,1212,13501.9,44,8
2026-10-03T14:47:54.870+08:00,12735.0,setting,10.0,0,1214,0,104556,0,937140,4.07,408289280,442425344,4578,993,1040,700,717,43281,0.31,18145280,3039232,146,0,1,5,6,post_set,1213,13511.9,44,8
2026-10-03T14:48:04.935+08:00,12745.1,setting,10.1,0,1215,0,104556,0,937546,4.04,408649728,442544128,4578,993,1040,700,717,43328,0.47,18145280,3039232,146,0,1,5,6,post_set,1214,13521.9,44,8
2026-10-03T14:48:14.902+08:00,12755.1,setting,10.0,0,1216,0,104556,0,937953,4.07,408530944,442425344,4578,993,1040,700,717,43375,0.47,18145280,3039232,146,0,1,5,6,post_set,1215,13531.9,44,8
2026-10-03T14:48:24.875+08:00,12765.0,setting,10.0,0,1217,0,104556,0,938343,3.92,408408064,442544128,4578,993,1040,700,717,43406,0.31,18145280,3039232,146,0,1,5,6,post_set,1216,13541.9,44,8
2026-10-03T14:48:34.846+08:00,12775.0,setting,10.0,0,1218,0,104556,0,938750,4.07,408240128,442347520,4571,993,1040,699,717,43437,0.31,18145280,3039232,146,0,1,5,6,post_set,1217,13551.8,44,8
2026-10-03T14:48:44.915+08:00,12785.1,setting,10.1,0,1219,0,104556,0,939140,3.88,408358912,442466304,4571,993,1040,699,717,43468,0.31,18145280,3039232,146,0,1,5,6,post_set,1218,13561.9,44,8
2026-10-03T14:48:54.885+08:00,12795.1,setting,10.0,0,1220,0,104556,0,939546,4.08,408240128,442347520,4571,993,1040,699,717,43500,0.31,18145280,3039232,146,0,1,5,6,post_set,1219,13571.9,44,8
2026-10-03T14:49:04.851+08:00,12805.0,setting,10.0,0,1221,0,104556,0,939984,4.39,408616960,442544128,4573,993,1040,699,717,43546,0.47,18145280,3039232,146,0,1,5,6,post_set,1220,13581.8,44,8
2026-10-03T14:49:14.923+08:00,12815.1,setting,10.1,0,1222,0,104556,0,940375,3.88,408506368,442425344,4578,993,1040,700,717,43578,0.31,18145280,3039232,146,0,1,5,6,post_set,1221,13591.9,44,8
2026-10-03T14:49:24.913+08:00,12825.1,setting,10.0,0,1223,0,104556,0,941140,7.68,409739264,443916288,4657,993,1040,711,717,43609,0.31,18141184,3039232,146,0,1,5,6,post_set,1222,13601.9,44,8
2026-10-03T14:49:34.872+08:00,12835.1,setting,10.0,0,1224,0,104556,0,941500,3.60,409636864,443797504,4657,993,1040,710,717,43656,0.47,18141184,3039232,146,0,1,5,6,post_set,1223,13611.9,44,8
2026-10-03T14:49:44.946+08:00,12845.1,setting,10.1,0,1225,0,104556,0,941890,3.88,409690112,443916288,4652,993,1040,710,717,43703,0.47,18141184,3039232,146,0,1,5,6,post_set,1224,13621.9,44,8
2026-10-03T14:49:54.917+08:00,12855.1,setting,10.0,0,1226,0,104556,0,942281,3.92,409419776,443408384,4613,993,1040,702,717,43734,0.31,18141184,3039232,146,0,1,5,6,post_set,1225,13631.9,44,8
2026-10-03T14:50:04.887+08:00,12865.1,setting,10.0,0,1227,0,104556,0,942640,3.60,406990848,440692736,4613,993,1040,701,717,43781,0.47,18141184,3039232,146,0,1,5,6,post_set,1226,13641.9,44,8
2026-10-03T14:50:14.859+08:00,12875.0,setting,10.0,0,1228,0,104556,0,943000,3.60,406925312,440602624,4612,993,1040,701,717,43828,0.47,18141184,3039232,146,0,1,5,6,post_set,1227,13651.8,44,8
2026-10-03T14:50:24.925+08:00,12885.1,setting,10.1,0,1229,0,104556,0,943359,3.57,406814720,440721408,4612,993,1040,701,717,43859,0.31,18141184,3039232,146,0,1,5,6,post_set,1228,13661.9,44,8
2026-10-03T14:50:34.898+08:00,12895.1,setting,10.0,0,1230,0,104556,0,943750,3.92,406749184,440631296,4612,993,1040,701,717,43890,0.31,18141184,3039232,146,0,1,5,6,post_set,1229,13671.9,44,8
2026-10-03T14:50:44.870+08:00,12905.0,setting,10.0,0,1231,0,104556,0,944140,3.92,406908928,440778752,4612,993,1040,701,717,43921,0.31,18141184,3039232,146,0,1,5,6,post_set,1230,13681.9,44,8
2026-10-03T14:50:54.934+08:00,12915.1,setting,10.1,0,1232,0,104556,0,944515,3.72,406773760,440455168,4601,993,1040,701,717,43968,0.47,18206720,3039232,146,0,1,5,6,post_set,1231,13691.9,44,8
2026-10-03T14:51:04.893+08:00,12925.1,setting,10.0,0,1233,0,104556,0,944921,4.08,407138304,440578048,4601,993,1040,701,717,44000,0.31,18206720,3039232,146,0,1,5,6,post_set,1232,13701.9,44,8
2026-10-03T14:51:14.863+08:00,12935.0,setting,10.0,0,1234,0,104556,0,945328,4.08,407019520,440459264,4601,993,1040,701,717,44015,0.16,18206720,3039232,146,0,1,5,6,post_set,1233,13711.9,44,8
2026-10-03T14:51:24.934+08:00,12945.1,setting,10.1,0,1235,0,104556,0,945718,3.88,406925312,440606720,4601,993,1040,701,717,44046,0.31,18206720,3039232,146,0,1,5,6,post_set,1234,13721.9,44,8
2026-10-03T14:51:34.897+08:00,12955.1,setting,10.0,0,1236,0,104556,0,946109,3.92,406847488,440528896,4601,993,1040,701,717,44093,0.47,18206720,3039232,146,0,1,5,6,post_set,1235,13731.9,44,8
2026-10-03T14:51:44.855+08:00,12965.0,setting,10.0,0,1237,0,104556,0,946468,3.61,406966272,440647680,4601,993,1040,701,717,44109,0.16,18206720,3039232,146,0,1,5,6,post_set,1236,13741.8,44,8
2026-10-03T14:51:54.913+08:00,12975.1,setting,10.1,0,1238,0,104556,0,946937,4.66,406847488,440528896,4601,993,1040,701,717,44140,0.31,18206720,3039232,146,0,1,5,6,post_set,1237,13751.9,44,8
2026-10-03T14:52:04.869+08:00,12985.1,setting,10.0,0,1239,0,104556,0,947296,3.61,406286336,440291328,4573,993,1040,698,717,44156,0.16,18206720,3039232,146,0,1,5,6,post_set,1238,13761.9,44,8
2026-10-03T14:52:14.939+08:00,12995.1,setting,10.1,0,1240,0,104556,0,947640,3.42,406167552,440172544,4573,993,1040,698,717,44187,0.31,18206720,3039232,146,0,1,5,6,post_set,1239,13771.9,44,8
2026-10-03T14:52:24.899+08:00,13005.1,setting,10.0,0,1241,0,104556,0,948015,3.76,406048768,440291328,4573,993,1040,698,717,44234,0.47,18206720,3039232,146,0,1,5,6,post_set,1240,13781.9,44,8
2026-10-03T14:52:34.869+08:00,13015.0,setting,10.0,0,1242,0,104556,0,948406,3.92,405905408,440094720,4565,993,1040,697,717,44250,0.16,18206720,3039232,146,0,1,5,6,post_set,1241,13791.9,44,8
2026-10-03T14:52:44.931+08:00,13025.1,setting,10.1,0,1243,0,104556,0,948765,3.57,406024192,440213504,4565,993,1040,697,717,44281,0.31,18206720,3039232,146,0,1,5,6,post_set,1242,13801.9,44,8
2026-10-03T14:52:54.905+08:00,13035.1,setting,10.0,0,1244,0,104556,0,949140,3.76,405909504,440094720,4565,993,1040,697,717,44281,0.00,18206720,3039232,146,0,1,5,6,post_set,1243,13811.9,44,8
2026-10-03T14:53:04.868+08:00,13045.1,setting,10.0,0,1245,0,104556,0,949484,3.45,406269952,440213504,4565,993,1040,697,717,44328,0.47,18206720,3039232,146,0,1,5,6,post_set,1244,13821.9,44,8
2026-10-03T14:53:14.935+08:00,13055.1,setting,10.1,0,1246,0,104556,0,949890,4.04,406151168,440094720,4565,993,1040,697,717,44343,0.16,18206720,3039232,146,0,1,5,6,post_set,1245,13831.9,44,8
2026-10-03T14:53:24.892+08:00,13065.1,setting,10.0,0,1247,0,104556,0,950296,4.08,406052864,440291328,4572,993,1040,698,717,44359,0.16,18206720,3039232,146,0,1,5,6,post_set,1246,13841.9,44,8
2026-10-03T14:53:34.869+08:00,13075.0,setting,10.0,0,1248,0,104556,0,950687,3.92,405987328,440233984,4572,993,1040,698,717,44375,0.16,18206720,3039232,146,0,1,5,6,post_set,1247,13851.9,44,8
2026-10-03T14:53:44.937+08:00,13085.1,setting,10.1,0,1249,0,104556,0,951062,3.72,406106112,440352768,4572,993,1040,698,717,44406,0.31,18206720,3039232,146,0,1,5,6,post_set,1248,13861.9,44,8
2026-10-03T14:53:54.909+08:00,13095.1,setting,10.0,0,1250,0,104556,0,951437,3.76,405987328,440233984,4572,993,1040,698,717,44437,0.31,18206720,3039232,146,0,1,5,6,post_set,1249,13871.9,44,8
2026-10-03T14:54:04.880+08:00,13105.1,setting,10.0,0,1251,0,104556,0,951843,4.07,406360064,440369152,4572,993,1040,698,717,44468,0.31,18206720,3039232,146,0,1,5,6,post_set,1250,13881.9,44,8
2026-10-03T14:54:14.849+08:00,13115.0,setting,10.0,0,1252,0,104556,0,952250,4.07,406241280,440250368,4572,993,1040,698,717,44500,0.31,18206720,3039232,146,0,1,5,6,post_set,1251,13891.8,44,8
2026-10-03T14:54:24.913+08:00,13125.1,setting,10.1,0,1253,0,104556,0,952640,3.88,406118400,440369152,4572,993,1040,698,717,44531,0.31,18206720,3039232,146,0,1,5,6,post_set,1252,13901.9,44,8
2026-10-03T14:54:34.875+08:00,13135.1,setting,10.0,0,1254,0,104556,0,953015,3.76,406003712,440250368,4572,993,1040,698,717,44546,0.16,18206720,3039232,146,0,1,5,6,post_set,1253,13911.9,44,8
2026-10-03T14:54:44.937+08:00,13145.1,setting,10.1,0,1255,0,104556,0,953406,3.88,406122496,440369152,4572,993,1040,698,717,44578,0.31,18206720,3039232,146,0,1,5,6,post_set,1254,13921.9,44,8
2026-10-03T14:54:54.900+08:00,13155.1,setting,10.0,0,1256,0,104556,0,953796,3.92,406003712,440250368,4572,993,1040,698,717,44609,0.31,18206720,3039232,146,0,1,5,6,post_set,1255,13931.9,44,8
2026-10-03T14:55:04.861+08:00,13165.0,setting,10.0,0,1257,0,104556,0,954171,3.76,406364160,440369152,4572,993,1040,698,717,44625,0.16,18206720,3039232,146,0,1,5,6,post_set,1256,13941.8,44,8
2026-10-03T14:55:14.927+08:00,13175.1,setting,10.1,0,1258,0,104556,0,954562,3.88,406245376,440250368,4572,993,1040,698,717,44656,0.31,18206720,3039232,146,0,1,5,6,post_set,1257,13951.9,44,8
2026-10-03T14:55:24.887+08:00,13185.1,setting,10.0,0,1259,0,104556,0,954984,4.23,406188032,440442880,4572,993,1040,700,717,44687,0.31,18206720,3039232,146,0,1,5,6,post_set,1258,13961.9,44,8
2026-10-03T14:55:34.875+08:00,13195.0,setting,10.0,0,1260,0,104556,0,955359,3.77,406102016,440352768,4572,993,1040,699,717,44718,0.31,18206720,3039232,146,0,1,5,6,post_set,1259,13971.9,44,8
2026-10-03T14:55:44.940+08:00,13205.1,setting,10.1,0,1261,0,104556,0,955718,3.56,406220800,440471552,4572,993,1040,699,717,44765,0.46,18206720,3039232,146,0,1,5,6,post_set,1260,13981.9,44,8
2026-10-03T14:55:54.904+08:00,13215.1,setting,10.0,0,1262,0,104556,0,956062,3.45,406102016,440352768,4572,993,1040,699,717,44781,0.16,18206720,3039232,146,0,1,5,6,post_set,1261,13991.9,44,8
2026-10-03T14:56:04.876+08:00,13225.0,setting,10.0,0,1263,0,104556,0,956468,4.08,406462464,440471552,4572,993,1040,699,717,44812,0.31,18206720,3039232,146,0,1,5,6,post_set,1262,14001.9,44,8
2026-10-03T14:56:14.947+08:00,13235.1,setting,10.1,0,1264,0,104556,0,956828,3.57,406343680,440352768,4572,993,1040,699,717,44843,0.31,18206720,3039232,146,0,1,5,6,post_set,1263,14011.9,44,8
2026-10-03T14:56:24.919+08:00,13245.1,setting,10.0,0,1265,0,104556,0,957281,4.54,406196224,440393728,4565,993,1040,698,717,44890,0.47,18206720,3039232,146,0,1,5,6,post_set,1264,14021.9,44,8
2026-10-03T14:56:34.875+08:00,13255.1,setting,10.0,0,1266,0,104556,0,957703,4.23,406077440,440274944,4565,993,1040,698,717,44937,0.47,18206720,3039232,146,0,1,5,6,post_set,1265,14031.9,44,8
2026-10-03T14:56:44.934+08:00,13265.1,setting,10.1,0,1267,0,104556,0,958421,7.15,407347200,441495552,4656,993,1040,705,717,44968,0.31,18206720,3039232,146,0,1,5,6,post_set,1266,14041.9,44,8
2026-10-03T14:56:54.902+08:00,13275.1,setting,10.0,0,1268,0,104556,0,958812,3.92,407228416,441376768,4656,993,1040,704,717,45000,0.31,18206720,3039232,146,0,1,5,6,post_set,1267,14051.9,44,8
2026-10-03T14:57:04.868+08:00,13285.0,setting,10.0,0,1269,0,104556,0,959156,3.45,407597056,441495552,4659,993,1040,705,717,45031,0.31,18206720,3039232,146,0,1,5,6,post_set,1268,14061.9,44,8
2026-10-03T14:57:14.935+08:00,13295.1,setting,10.1,0,1270,0,104556,0,959609,4.50,407461888,441298944,4649,993,1040,704,717,45062,0.31,18206720,3039232,146,0,1,5,6,post_set,1269,14071.9,44,8
2026-10-03T14:57:24.901+08:00,13305.1,setting,10.0,0,1271,0,104556,0,960031,4.23,407339008,441417728,4649,993,1040,704,717,45093,0.31,18206720,3039232,146,0,1,5,6,post_set,1270,14081.9,44,8
2026-10-03T14:57:34.873+08:00,13315.0,setting,10.0,0,1272,0,104556,0,960390,3.61,407232512,441303040,4649,993,1040,704,717,45109,0.16,18206720,3039232,146,0,1,5,6,post_set,1271,14091.9,44,8
2026-10-03T14:57:44.941+08:00,13325.1,setting,10.1,0,1273,0,104556,0,960781,3.88,406863872,441413632,4581,993,1040,700,717,45140,0.31,18206720,3039232,146,0,1,5,6,post_set,1272,14101.9,44,8
2026-10-03T14:57:54.906+08:00,13335.1,setting,10.0,0,1274,0,104556,0,961171,3.92,406777856,441327616,4581,993,1040,700,717,45171,0.31,18206720,3039232,146,0,1,5,6,post_set,1273,14111.9,44,8
2026-10-03T14:58:04.871+08:00,13345.1,setting,10.0,0,1275,0,104556,0,961625,4.55,407138304,441446400,4581,993,1040,700,717,45218,0.47,18206720,3039232,146,0,1,5,6,post_set,1274,14121.9,44,8
2026-10-03T14:58:14.930+08:00,13355.1,setting,10.1,0,1276,0,104556,0,962078,4.50,407019520,441327616,4581,993,1040,700,717,45250,0.31,18206720,3039232,146,0,1,5,6,post_set,1275,14131.9,44,8
2026-10-03T14:58:24.899+08:00,13365.1,setting,10.0,0,1277,0,104556,0,962437,3.61,406896640,441446400,4581,993,1040,700,717,45265,0.16,18206720,3039232,146,0,1,5,6,post_set,1276,14141.9,44,8
2026-10-03T14:58:34.865+08:00,13375.0,setting,10.0,0,1278,0,104556,0,962875,4.39,406777856,441327616,4581,993,1040,700,717,45296,0.31,18206720,3039232,146,0,1,5,6,post_set,1277,14151.9,44,8
2026-10-03T14:58:44.930+08:00,13385.1,setting,10.1,0,1279,0,104556,0,963265,3.88,406872064,441368576,4573,993,1040,699,717,45328,0.31,18206720,3039232,146,0,1,5,6,post_set,1278,14161.9,44,8
2026-10-03T14:58:54.903+08:00,13395.1,setting,10.0,0,1280,0,104556,0,963687,4.24,406753280,441249792,4573,993,1040,699,717,45343,0.16,18206720,3039232,146,0,1,5,6,post_set,1279,14171.9,44,8
2026-10-03T14:59:04.866+08:00,13405.0,setting,10.0,0,1281,0,104556,0,964031,3.45,407113728,441368576,4573,993,1040,699,717,45390,0.47,18206720,3039232,146,0,1,5,6,post_set,1280,14181.9,44,8
2026-10-03T14:59:14.938+08:00,13415.1,setting,10.1,0,1282,0,104556,0,964453,4.19,406994944,441249792,4572,993,1040,699,717,45406,0.16,18206720,3039232,146,0,1,5,6,post_set,1281,14191.9,44,8
2026-10-03T14:59:24.912+08:00,13425.1,setting,10.0,0,1283,0,104556,0,964859,4.08,406872064,441368576,4572,993,1040,699,717,45437,0.31,18206720,3039232,146,0,1,5,6,post_set,1282,14201.9,44,8
2026-10-03T14:59:34.881+08:00,13435.1,setting,10.0,0,1284,0,104556,0,965250,3.92,406753280,441249792,4572,993,1040,699,717,45468,0.31,18206720,3039232,146,0,1,5,6,post_set,1283,14211.9,44,8
2026-10-03T14:59:44.855+08:00,13445.0,setting,10.0,0,1285,0,104556,0,965656,4.08,406847488,441290752,4565,993,1040,698,717,45500,0.31,18206720,3039232,146,0,1,5,6,post_set,1284,14221.8,44,8
2026-10-03T14:59:54.914+08:00,13455.1,setting,10.1,0,1286,0,104556,0,966046,3.88,406728704,441171968,4565,993,1040,698,717,45562,0.62,18206720,3039232,146,0,1,5,6,post_set,1285,14231.9,44,8
2026-10-03T15:00:04.869+08:00,13465.1,setting,10.0,0,1287,0,104556,0,966453,4.08,407089152,441290752,4565,993,1040,698,717,45562,0.00,18206720,3039232,146,0,1,5,6,post_set,1286,14241.9,44,8
2026-10-03T15:00:14.945+08:00,13475.1,setting,10.1,0,1288,0,104556,0,966843,3.88,406970368,441171968,4565,993,1040,698,717,45578,0.16,18206720,3039232,146,0,1,5,6,post_set,1287,14251.9,44,8
2026-10-03T15:00:24.913+08:00,13485.1,setting,10.0,0,1289,0,104556,0,967218,3.76,405037056,438665216,4565,993,1040,697,717,45609,0.31,18206720,3039232,146,0,1,5,6,post_set,1288,14261.9,44,8
2026-10-03T15:00:34.875+08:00,13495.1,setting,10.0,0,1290,0,104556,0,967640,4.23,405274624,439578624,4565,993,1040,697,717,45640,0.31,18206720,3039232,146,0,1,5,6,post_set,1289,14271.9,44,8
2026-10-03T15:00:44.939+08:00,13505.1,setting,10.1,0,1291,0,104556,0,968046,4.04,405504000,439844864,4569,993,1040,697,717,45671,0.31,18206720,3039232,146,0,1,5,6,post_set,1290,14281.9,44,8
2026-10-03T15:00:54.895+08:00,13515.1,setting,10.0,0,1292,0,104556,0,968390,3.45,405413888,439754752,4572,993,1040,698,717,45718,0.47,18206720,3039232,146,0,1,5,6,post_set,1291,14291.9,44,8
2026-10-03T15:01:04.872+08:00,13525.0,setting,10.0,0,1293,0,104556,0,968812,4.24,405819392,439898112,4572,993,1040,698,717,45734,0.16,18206720,3039232,146,0,1,5,6,post_set,1292,14301.9,44,8
2026-10-03T15:01:14.930+08:00,13535.1,setting,10.1,0,1294,0,104556,0,969187,3.72,405708800,439779328,4572,993,1040,698,717,45796,0.62,18206720,3039232,146,0,1,5,6,post_set,1293,14311.9,44,8
2026-10-03T15:01:24.901+08:00,13545.1,setting,10.0,0,1295,0,104556,0,969593,4.08,405602304,439898112,4572,993,1040,698,717,45812,0.16,18206720,3039232,146,0,1,5,6,post_set,1294,14321.9,44,8
2026-10-03T15:01:34.866+08:00,13555.0,setting,10.0,0,1296,0,104556,0,969984,3.92,405483520,439779328,4572,993,1040,698,717,45828,0.16,18206720,3039232,146,0,1,5,6,post_set,1295,14331.9,44,8
2026-10-03T15:01:44.941+08:00,13565.1,setting,10.1,0,1297,0,104556,0,970359,3.72,405602304,439898112,4572,993,1040,698,717,45843,0.16,18206720,3039232,146,0,1,5,6,post_set,1296,14341.9,44,8
2026-10-03T15:01:54.906+08:00,13575.1,setting,10.0,0,1298,0,104556,0,970750,3.92,405487616,439779328,4572,993,1040,698,717,45875,0.31,18206720,3039232,146,0,1,5,6,post_set,1297,14351.9,44,8
2026-10-03T15:02:04.872+08:00,13585.0,setting,10.0,0,1299,0,104556,0,971125,3.76,405876736,439930880,4572,993,1040,698,717,45906,0.31,18206720,3039232,146,0,1,5,6,post_set,1298,14361.9,44,8
2026-10-03T15:02:14.949+08:00,13595.1,setting,10.1,0,1300,0,104556,0,971515,3.88,405757952,439812096,4572,993,1040,698,717,45937,0.31,18206720,3039232,146,0,1,5,6,post_set,1299,14371.9,44,8
2026-10-03T15:02:24.914+08:00,13605.1,setting,10.0,0,1301,0,104556,0,971906,3.92,405639168,439930880,4572,993,1040,698,717,45984,0.47,18206720,3039232,146,0,1,5,6,post_set,1300,14381.9,44,8
2026-10-03T15:02:34.884+08:00,13615.1,setting,10.0,0,1302,0,104556,0,972281,3.77,405520384,439812096,4572,993,1040,698,717,46000,0.16,18206720,3039232,146,0,1,5,6,post_set,1301,14391.9,44,8
2026-10-03T15:02:44.875+08:00,13625.0,setting,10.0,0,1303,0,104556,0,972625,3.45,405626880,439930880,4572,993,1040,698,717,46015,0.16,18206720,3039232,146,0,1,5,6,post_set,1302,14401.9,44,8
2026-10-03T15:02:54.952+08:00,13635.1,setting,10.1,0,1304,0,104556,0,973234,6.04,408752128,443273216,4663,993,1040,710,717,46078,0.62,18206720,3039232,146,0,1,5,6,post_set,1303,14411.9,44,8
2026-10-03T15:03:04.911+08:00,13645.1,setting,10.0,0,1305,0,104556,0,973640,4.07,409149440,443437056,4658,993,1040,709,717,46125,0.47,18206720,3039232,146,0,1,5,6,post_set,1304,14421.9,44,8
2026-10-03T15:03:14.865+08:00,13655.0,setting,10.0,0,1306,0,104556,0,974031,3.92,408973312,443318272,4658,993,1040,709,717,46140,0.16,18206720,3039232,146,0,1,5,6,post_set,1305,14431.9,44,8
2026-10-03T15:03:24.933+08:00,13665.1,setting,10.1,0,1307,0,104556,0,974406,3.73,408780800,443252736,4633,993,1040,703,717,46171,0.31,18206720,3039232,146,0,1,5,6,post_set,1306,14441.9,44,8
2026-10-03T15:03:34.893+08:00,13675.1,setting,10.0,0,1308,0,104556,0,974781,3.76,408702976,443183104,4633,993,1040,703,717,46234,0.63,18206720,3039232,146,0,1,5,6,post_set,1307,14451.9,44,8
2026-10-03T15:03:44.856+08:00,13685.0,setting,10.0,0,1309,0,104556,0,975156,3.77,408821760,443301888,4632,993,1040,703,717,46265,0.31,18206720,3039232,146,0,1,5,6,post_set,1308,14461.8,44,8
2026-10-03T15:03:54.923+08:00,13695.1,setting,10.1,0,1310,0,104556,0,975546,3.88,408707072,443183104,4632,993,1040,703,717,46296,0.31,18206720,3039232,146,0,1,5,6,post_set,1309,14471.9,44,8
2026-10-03T15:04:04.888+08:00,13705.1,setting,10.0,0,1311,0,104556,0,975937,3.92,409067520,443301888,4632,993,1040,703,717,46312,0.16,18206720,3039232,146,0,1,5,6,post_set,1310,14481.9,44,8
2026-10-03T15:04:14.859+08:00,13715.0,setting,10.0,0,1312,0,104556,0,976328,3.92,408780800,442638336,4600,993,1040,702,717,46343,0.31,18206720,3039232,146,0,1,5,6,post_set,1311,14491.8,44,8
2026-10-03T15:04:24.935+08:00,13725.1,setting,10.1,0,1313,0,104556,0,976703,3.72,408657920,442757120,4600,993,1040,702,717,46375,0.31,18206720,3039232,146,0,1,5,6,post_set,1312,14501.9,44,8
2026-10-03T15:04:34.902+08:00,13735.1,setting,10.0,0,1314,0,104556,0,977093,3.92,408539136,442638336,4600,993,1040,702,717,46437,0.63,18206720,3039232,146,0,1,5,6,post_set,1313,14511.9,44,8
2026-10-03T15:04:44.863+08:00,13745.0,setting,10.0,0,1315,0,104556,0,977468,3.76,408657920,442757120,4600,993,1040,702,717,46468,0.31,18206720,3039232,146,0,1,5,6,post_set,1314,14521.9,44,8
2026-10-03T15:04:54.927+08:00,13755.1,setting,10.1,0,1316,0,104556,0,977843,3.73,408543232,442638336,4600,993,1040,702,717,46500,0.31,18206720,3039232,146,0,1,5,6,post_set,1315,14531.9,44,8
2026-10-03T15:05:04.881+08:00,13765.1,setting,10.0,0,1317,0,104556,0,978234,3.92,408903680,442757120,4600,993,1040,702,717,46531,0.31,18206720,3039232,146,0,1,5,6,post_set,1316,14541.9,44,8
2026-10-03T15:05:14.855+08:00,13775.0,setting,10.0,0,1318,0,104556,0,978609,3.77,408784896,442638336,4600,993,1040,702,717,46546,0.16,18206720,3039232,146,0,1,5,6,post_set,1317,14551.8,44,8
2026-10-03T15:05:24.921+08:00,13785.1,setting,10.1,0,1319,0,104556,0,978984,3.72,408625152,442638336,4579,993,1040,699,717,46593,0.47,18206720,3039232,146,0,1,5,6,post_set,1318,14561.9,44,8
2026-10-03T15:05:34.888+08:00,13795.1,setting,10.0,0,1320,0,104556,0,979406,4.23,408506368,442519552,4579,993,1040,699,717,46625,0.31,18206720,3039232,146,0,1,5,6,post_set,1319,14571.9,44,8
2026-10-03T15:05:44.847+08:00,13805.0,setting,10.0,0,1321,0,104556,0,979812,4.08,408625152,442638336,4579,993,1040,699,717,46656,0.31,18206720,3039232,146,0,1,5,6,post_set,1320,14581.8,44,8
2026-10-03T15:05:54.910+08:00,13815.1,setting,10.1,0,1322,0,104556,0,980171,3.57,408510464,442519552,4579,993,1040,699,717,46687,0.31,18206720,3039232,146,0,1,5,6,post_set,1321,14591.9,44,8
2026-10-03T15:06:04.882+08:00,13825.1,setting,10.0,0,1323,0,104556,0,980531,3.61,408870912,442638336,4579,993,1040,699,717,46703,0.16,18206720,3039232,146,0,1,5,6,post_set,1322,14601.9,44,8
2026-10-03T15:06:14.852+08:00,13835.0,setting,10.0,0,1324,0,104556,0,980921,3.92,408752128,442519552,4579,993,1040,699,717,46734,0.31,18206720,3039232,146,0,1,5,6,post_set,1323,14611.8,44,8
2026-10-03T15:06:24.922+08:00,13845.1,setting,10.1,0,1325,0,104556,0,981328,4.03,408629248,442638336,4579,993,1040,699,717,46765,0.31,18206720,3039232,146,0,1,5,6,post_set,1324,14621.9,44,8
2026-10-03T15:06:34.896+08:00,13855.1,setting,10.0,0,1326,0,104556,0,981671,3.45,408510464,442519552,4579,993,1040,699,717,46796,0.31,18206720,3039232,146,0,1,5,6,post_set,1325,14631.9,44,8
2026-10-03T15:06:44.863+08:00,13865.0,setting,10.0,0,1327,0,104556,0,982062,3.92,408629248,442638336,4579,993,1040,699,717,46828,0.31,18206720,3039232,146,0,1,5,6,post_set,1326,14641.9,44,8
2026-10-03T15:06:54.924+08:00,13875.1,setting,10.1,0,1328,0,104556,0,982453,3.88,408510464,442519552,4580,993,1040,699,717,46843,0.16,18206720,3039232,146,0,1,5,6,post_set,1327,14651.9,44,8
2026-10-03T15:07:04.899+08:00,13885.1,setting,10.0,0,1329,0,104556,0,982812,3.61,408129536,442597376,4578,993,1040,699,717,46890,0.47,18206720,3039232,146,0,1,5,6,post_set,1328,14661.9,44,8
2026-10-03T15:07:14.863+08:00,13895.0,setting,10.0,0,1330,0,104556,0,983218,4.07,408076288,442540032,4578,993,1040,699,717,46921,0.31,18206720,3039232,146,0,1,5,6,post_set,1329,14671.9,44,8
2026-10-03T15:07:24.937+08:00,13905.1,setting,10.1,0,1331,0,104556,0,983562,3.42,407953408,442658816,4578,993,1040,699,717,46937,0.16,18206720,3039232,146,0,1,5,6,post_set,1330,14681.9,44,8
2026-10-03T15:07:34.906+08:00,13915.1,setting,10.0,0,1332,0,104556,0,983953,3.92,407810048,442462208,4570,993,1040,698,717,46968,0.31,18206720,3039232,146,0,1,5,6,post_set,1331,14691.9,44,8
2026-10-03T15:07:44.874+08:00,13925.1,setting,10.0,0,1333,0,104556,0,984328,3.76,407928832,442580992,4569,993,1040,698,717,47000,0.31,18206720,3039232,146,0,1,5,6,post_set,1332,14701.9,44,8
2026-10-03T15:07:54.944+08:00,13935.1,setting,10.1,0,1334,0,104556,0,984750,4.19,405192704,439558144,4574,993,1040,697,717,47031,0.31,18206720,3039232,146,0,1,5,6,post_set,1333,14711.9,44,8
2026-10-03T15:08:04.909+08:00,13945.1,setting,10.0,0,1335,0,104556,0,985156,4.07,405770240,439922688,4574,993,1040,697,717,47062,0.31,18206720,3039232,146,0,1,5,6,post_set,1334,14721.9,44,8
2026-10-03T15:08:14.884+08:00,13955.1,setting,10.0,0,1336,0,104556,0,985531,3.76,405700608,439803904,4574,993,1040,697,717,47109,0.47,18206720,3039232,146,0,1,5,6,post_set,1335,14731.9,44,8
2026-10-03T15:08:24.847+08:00,13965.0,setting,10.0,0,1337,0,104556,0,985921,3.92,405581824,439922688,4574,993,1040,697,717,47140,0.31,18206720,3039232,146,0,1,5,6,post_set,1336,14741.8,44,8
2026-10-03T15:08:34.912+08:00,13975.1,setting,10.1,0,1338,0,104556,0,986328,4.04,405475328,439803904,4574,993,1040,697,717,47171,0.31,18206720,3039232,146,0,1,5,6,post_set,1337,14751.9,44,8
2026-10-03T15:08:44.876+08:00,13985.1,setting,10.0,0,1339,0,104556,0,986718,3.92,405610496,439922688,4574,993,1040,697,717,47203,0.31,18206720,3039232,146,0,1,5,6,post_set,1338,14761.9,44,8
2026-10-03T15:08:54.945+08:00,13995.1,setting,10.1,0,1340,0,104556,0,987093,3.72,405495808,439803904,4574,993,1040,697,717,47250,0.47,18206720,3039232,146,0,1,5,6,post_set,1339,14771.9,44,8
2026-10-03T15:09:04.920+08:00,14005.1,setting,10.0,0,1341,0,104556,0,987453,3.61,405856256,439922688,4574,993,1040,697,717,47281,0.31,18206720,3039232,146,0,1,5,6,post_set,1340,14781.9,44,8
2026-10-03T15:09:14.882+08:00,14015.1,setting,10.0,0,1342,0,104556,0,987843,3.92,405737472,439803904,4574,993,1040,697,717,47328,0.47,18206720,3039232,146,0,1,5,6,post_set,1341,14791.9,44,8
2026-10-03T15:09:24.847+08:00,14025.0,setting,10.0,0,1343,0,104556,0,988203,3.61,405614592,439922688,4574,993,1040,697,717,47359,0.31,18206720,3039232,146,0,1,5,6,post_set,1342,14801.8,44,8
2026-10-03T15:09:34.913+08:00,14035.1,setting,10.1,0,1344,0,104556,0,988625,4.19,405549056,439865344,4574,993,1040,697,717,47406,0.47,18206720,3039232,146,0,1,5,6,post_set,1343,14811.9,44,8
2026-10-03T15:09:44.880+08:00,14045.1,setting,10.0,0,1345,0,104556,0,988984,3.61,405671936,439984128,4574,993,1040,697,717,47437,0.31,18206720,3039232,146,0,1,5,6,post_set,1344,14821.9,44,8
2026-10-03T15:09:54.939+08:00,14055.1,setting,10.1,0,1346,0,104556,0,989343,3.57,405508096,439787520,4569,993,1040,697,717,47484,0.47,18206720,3039232,146,0,1,5,6,post_set,1345,14831.9,44,8
2026-10-03T15:10:04.906+08:00,14065.1,setting,10.0,0,1347,0,104556,0,989718,3.76,405868544,439906304,4569,993,1040,697,717,47515,0.31,18206720,3039232,146,0,1,5,6,post_set,1346,14841.9,44,8
2026-10-03T15:10:14.860+08:00,14075.0,setting,10.0,0,1348,0,104556,0,990109,3.92,405749760,439787520,4569,993,1040,697,717,47546,0.31,18206720,3039232,146,0,1,5,6,post_set,1347,14851.8,44,8
2026-10-03T15:10:24.931+08:00,14085.1,setting,10.1,0,1349,0,104556,0,990468,3.57,405626880,439906304,4569,993,1040,697,717,47578,0.31,18206720,3039232,146,0,1,5,6,post_set,1348,14861.9,44,8
2026-10-03T15:10:34.899+08:00,14095.1,setting,10.0,0,1350,0,104556,0,990843,3.76,405508096,439787520,4569,993,1040,697,717,47609,0.31,18206720,3039232,146,0,1,5,6,post_set,1349,14871.9,44,8
2026-10-03T15:10:44.864+08:00,14105.0,setting,10.0,0,1351,0,104556,0,991234,3.92,405647360,439988224,4573,993,1040,697,717,47640,0.31,18206720,3039232,146,0,1,5,6,post_set,1350,14881.9,44,8
2026-10-03T15:10:54.930+08:00,14115.1,setting,10.1,0,1352,0,104556,0,991578,3.41,405540864,439873536,4576,993,1040,698,717,47671,0.31,18206720,3039232,146,0,1,5,6,post_set,1351,14891.9,44,8
2026-10-03T15:11:04.898+08:00,14125.1,setting,10.0,0,1353,0,104556,0,991984,4.08,405901312,439992320,4576,993,1040,698,717,47687,0.16,18206720,3039232,146,0,1,5,6,post_set,1352,14901.9,44,8
2026-10-03T15:11:14.869+08:00,14135.0,setting,10.0,0,1354,0,104556,0,992375,3.92,405782528,439873536,4576,993,1040,698,717,47718,0.31,18206720,3039232,146,0,1,5,6,post_set,1353,14911.9,44,8
2026-10-03T15:11:24.935+08:00,14145.1,setting,10.1,0,1355,0,104556,0,992750,3.72,405659648,439992320,4576,993,1040,698,717,47750,0.31,18206720,3039232,146,0,1,5,6,post_set,1354,14921.9,44,8
2026-10-03T15:11:34.902+08:00,14155.1,setting,10.0,0,1356,0,104556,0,993109,3.61,405544960,439877632,4576,993,1040,698,717,47781,0.31,18206720,3039232,146,0,1,5,6,post_set,1355,14931.9,44,8
2026-10-03T15:11:44.869+08:00,14165.0,setting,10.0,0,1357,0,104556,0,993484,3.76,405663744,439996416,4576,993,1040,698,717,47796,0.16,18206720,3039232,146,0,1,5,6,post_set,1356,14941.9,44,8
2026-10-03T15:11:54.945+08:00,14175.1,setting,10.1,0,1358,0,104556,0,993812,3.26,405544960,439877632,4576,993,1040,698,717,47828,0.31,18206720,3039232,146,0,1,5,6,post_set,1357,14951.9,44,8
2026-10-03T15:12:04.921+08:00,14185.1,setting,10.0,0,1359,0,104556,0,994187,3.76,405909504,440029184,4576,993,1040,698,717,47890,0.63,18206720,3039232,146,0,1,5,6,post_set,1358,14961.9,44,8
2026-10-03T15:12:14.881+08:00,14195.1,setting,10.0,0,1360,0,104556,0,994578,3.92,405790720,439910400,4576,993,1040,698,717,47968,0.78,18206720,3039232,146,0,1,5,6,post_set,1359,14971.9,44,8
2026-10-03T15:12:24.850+08:00,14205.0,setting,10.0,0,1361,0,104556,0,994953,3.76,405667840,440029184,4576,993,1040,698,717,48000,0.31,18206720,3039232,146,0,1,5,6,post_set,1360,14981.8,44,8
2026-10-03T15:12:34.913+08:00,14215.1,setting,10.1,0,1362,0,104556,0,995375,4.19,405549056,439910400,4576,993,1040,698,717,48031,0.31,18206720,3039232,146,0,1,5,6,post_set,1361,14991.9,44,8
2026-10-03T15:12:44.886+08:00,14225.1,setting,10.0,0,1363,0,104556,0,995781,4.08,405671936,440033280,4576,993,1040,698,717,48046,0.16,18206720,3039232,146,0,1,5,6,post_set,1362,15001.9,44,8
2026-10-03T15:12:54.852+08:00,14235.0,setting,10.0,0,1364,0,104556,0,996171,3.92,405553152,439914496,4576,993,1040,698,717,48078,0.31,18206720,3039232,146,0,1,5,6,post_set,1363,15011.8,44,8
2026-10-03T15:13:04.913+08:00,14245.1,setting,10.1,0,1365,0,104556,0,996578,4.04,405929984,440061952,4576,993,1040,698,717,48093,0.16,18206720,3039232,146,0,1,5,6,post_set,1364,15021.9,44,8
2026-10-03T15:13:14.887+08:00,14255.1,setting,10.0,0,1366,0,104556,0,996953,3.77,405790720,439865344,4569,993,1040,697,717,48109,0.16,18206720,3039232,146,0,1,5,6,post_set,1365,15031.9,44,8
2026-10-03T15:13:24.855+08:00,14265.0,setting,10.0,0,1367,0,104556,0,997312,3.60,405721088,440045568,4569,993,1040,697,717,48156,0.47,18206720,3039232,146,0,1,5,6,post_set,1366,15041.8,44,8
2026-10-03T15:13:34.921+08:00,14275.1,setting,10.1,0,1368,0,104556,0,997703,3.88,405606400,439926784,4569,993,1040,697,717,48203,0.47,18206720,3039232,146,0,1,5,6,post_set,1367,15051.9,44,8
2026-10-03T15:13:44.879+08:00,14285.1,setting,10.0,0,1369,0,104556,0,998031,3.29,405745664,440074240,4569,993,1040,697,717,48234,0.31,18206720,3039232,146,0,1,5,6,post_set,1368,15061.9,44,8
2026-10-03T15:13:54.945+08:00,14295.1,setting,10.1,0,1370,0,104556,0,998421,3.88,405639168,439955456,4569,993,1040,697,717,48265,0.31,18206720,3039232,146,0,1,5,6,post_set,1369,15071.9,44,8
2026-10-03T15:14:04.913+08:00,14305.1,setting,10.0,0,1371,0,104556,0,998828,4.08,405999616,440074240,4569,993,1040,697,717,48296,0.31,18206720,3039232,146,0,1,5,6,post_set,1370,15081.9,44,8
2026-10-03T15:14:14.875+08:00,14315.1,setting,10.0,0,1372,0,104556,0,999203,3.76,405880832,439955456,4569,993,1040,697,717,48328,0.31,18206720,3039232,146,0,1,5,6,post_set,1371,15091.9,44,8
2026-10-03T15:14:24.941+08:00,14325.1,setting,10.1,0,1373,0,104556,0,999593,3.88,405762048,440074240,4569,993,1040,697,717,48359,0.31,18206720,3039232,146,0,1,5,6,post_set,1372,15101.9,44,8
2026-10-03T15:14:34.908+08:00,14335.1,setting,10.0,0,1374,0,104556,0,999984,3.92,405643264,439955456,4569,993,1040,697,717,48375,0.16,18206720,3039232,146,0,1,5,6,post_set,1373,15111.9,44,8
2026-10-03T15:14:44.875+08:00,14345.1,setting,10.0,0,1375,0,104556,0,1000343,3.61,405762048,440074240,4569,993,1040,697,717,48406,0.31,18206720,3039232,146,0,1,5,6,post_set,1374,15121.9,44,8
2026-10-03T15:14:54.943+08:00,14355.1,setting,10.1,0,1376,0,104556,0,1000765,4.19,405643264,439955456,4569,993,1040,697,717,48437,0.31,18206720,3039232,146,0,1,5,6,post_set,1375,15131.9,44,8
2026-10-03T15:15:04.905+08:00,14365.1,setting,10.0,0,1377,0,104556,0,1001171,4.08,406003712,440074240,4569,993,1040,697,717,48468,0.31,18206720,3039232,146,0,1,5,6,post_set,1376,15141.9,44,8
2026-10-03T15:15:14.881+08:00,14375.0,setting,10.0,0,1378,0,104556,0,1001593,4.23,405889024,439955456,4569,993,1040,697,717,48500,0.31,18206720,3039232,146,0,1,5,6,post_set,1377,15151.9,44,8
2026-10-03T15:15:24.845+08:00,14385.0,setting,10.0,0,1379,0,104556,0,1002000,4.07,405782528,440152064,4571,993,1040,697,717,48531,0.31,18206720,3039232,146,0,1,5,6,post_set,1378,15161.8,44,8
2026-10-03T15:15:34.914+08:00,14395.1,setting,10.1,0,1380,0,104556,0,1002375,3.73,405692416,440061952,4576,993,1040,698,717,48562,0.31,18206720,3039232,146,0,1,5,6,post_set,1379,15171.9,44,8
2026-10-03T15:15:44.884+08:00,14405.1,setting,10.0,0,1381,0,104556,0,1002765,3.92,405815296,440180736,4576,993,1040,698,717,48593,0.31,18206720,3039232,146,0,1,5,6,post_set,1380,15181.9,44,8
2026-10-03T15:15:54.851+08:00,14415.0,setting,10.0,0,1382,0,104556,0,1003171,4.07,405696512,440061952,4576,993,1040,698,717,48640,0.47,18206720,3039232,146,0,1,5,6,post_set,1381,15191.8,44,8
2026-10-03T15:16:04.924+08:00,14425.1,setting,10.1,0,1383,0,104556,0,1003546,3.73,406065152,440184832,4576,993,1040,698,717,48703,0.62,18206720,3039232,146,0,1,5,6,post_set,1382,15201.9,44,8
2026-10-03T15:16:14.885+08:00,14435.1,setting,10.0,0,1384,0,104556,0,1003906,3.60,405946368,440066048,4576,993,1040,698,717,48734,0.31,18206720,3039232,146,0,1,5,6,post_set,1383,15211.9,44,8
2026-10-03T15:16:24.859+08:00,14445.0,setting,10.0,0,1385,0,104556,0,1004296,3.92,405823488,440184832,4576,993,1040,698,717,48750,0.16,18206720,3039232,146,0,1,5,6,post_set,1384,15221.8,44,8
2026-10-03T15:16:34.932+08:00,14455.1,setting,10.1,0,1386,0,104556,0,1004703,4.03,406126592,440377344,4594,993,1040,700,717,48796,0.47,18206720,3039232,146,0,1,5,6,post_set,1385,15231.9,44,8
2026-10-03T15:16:44.905+08:00,14465.1,setting,10.0,0,1387,0,104556,0,1005140,4.39,406327296,440639488,4603,993,1040,701,717,48828,0.31,18206720,3039232,146,0,1,5,6,post_set,1386,15241.9,44,8
2026-10-03T15:16:54.875+08:00,14475.0,setting,10.0,0,1388,0,104556,0,1005500,3.60,405979136,440532992,4603,993,1040,701,717,48875,0.47,18206720,3039232,146,0,1,5,6,post_set,1387,15251.9,44,8
2026-10-03T15:17:04.943+08:00,14485.1,setting,10.1,0,1389,0,104556,0,1005890,3.88,406343680,440655872,4603,993,1040,701,717,48906,0.31,18206720,3039232,146,0,1,5,6,post_set,1388,15261.9,44,8
2026-10-03T15:17:14.912+08:00,14495.1,setting,10.0,0,1390,0,104556,0,1006281,3.92,406163456,440303616,4577,993,1040,698,717,48937,0.31,18206720,3039232,146,0,1,5,6,post_set,1389,15271.9,44,8
2026-10-03T15:17:24.884+08:00,14505.0,setting,10.0,0,1391,0,104556,0,1007015,7.37,409083904,443678720,4666,993,1040,710,717,48968,0.31,18206720,3039232,146,0,1,5,6,post_set,1390,15281.9,44,8
2026-10-03T15:17:34.839+08:00,14515.0,setting,10.0,0,1392,0,104556,0,1007390,3.76,409042944,443637760,4663,993,1040,710,717,49000,0.31,18206720,3039232,146,0,1,5,6,post_set,1391,15291.8,44,8
2026-10-03T15:17:44.917+08:00,14525.1,setting,10.1,0,1393,0,104556,0,1007796,4.04,409124864,443756544,4663,993,1040,710,717,49015,0.16,18206720,3039232,146,0,1,5,6,post_set,1392,15301.9,44,8
2026-10-03T15:17:54.887+08:00,14535.1,setting,10.0,0,1394,0,104556,0,1008187,3.92,408875008,443326464,4631,993,1040,703,717,49046,0.31,18206720,3039232,146,0,1,5,6,post_set,1393,15311.9,44,8
2026-10-03T15:18:04.861+08:00,14545.0,setting,10.0,0,1395,0,104556,0,1008593,4.07,409235456,443445248,4631,993,1040,703,717,49078,0.31,18206720,3039232,146,0,1,5,6,post_set,1394,15321.8,44,8
2026-10-03T15:18:14.940+08:00,14555.1,setting,10.1,0,1396,0,104556,0,1008968,3.72,409116672,443326464,4630,993,1040,703,717,49125,0.47,18206720,3039232,146,0,1,5,6,post_set,1395,15331.9,44,8
2026-10-03T15:18:24.899+08:00,14565.1,setting,10.0,0,1397,0,104556,0,1009375,4.07,408993792,443453440,4630,993,1040,703,717,49171,0.47,18206720,3039232,146,0,1,5,6,post_set,1396,15341.9,44,8
2026-10-03T15:18:34.874+08:00,14575.0,setting,10.0,0,1398,0,104556,0,1009781,4.08,408883200,443326464,4630,993,1040,703,717,49187,0.16,18206720,3039232,146,0,1,5,6,post_set,1397,15351.9,44,8
2026-10-03T15:18:44.939+08:00,14585.1,setting,10.1,0,1399,0,104556,0,1010171,3.88,408838144,442978304,4598,993,1040,701,717,49218,0.31,18206720,3039232,146,0,1,5,6,post_set,1398,15361.9,44,8
2026-10-03T15:18:54.912+08:00,14595.1,setting,10.0,0,1400,0,104556,0,1010593,4.23,408727552,442859520,4598,993,1040,701,717,49250,0.31,18206720,3039232,146,0,1,5,6,post_set,1399,15371.9,44,8
2026-10-03T15:19:04.878+08:00,14605.1,setting,10.0,0,1401,0,104556,0,1010968,3.76,409088000,442978304,4598,993,1040,701,717,49281,0.31,18206720,3039232,146,0,1,5,6,post_set,1400,15381.9,44,8
2026-10-03T15:19:14.946+08:00,14615.1,setting,10.1,0,1402,0,104556,0,1011312,3.41,408969216,442859520,4598,993,1040,701,717,49312,0.31,18206720,3039232,146,0,1,5,6,post_set,1401,15391.9,44,8
2026-10-03T15:19:24.902+08:00,14625.1,setting,10.0,0,1403,0,104556,0,1011671,3.61,408846336,442978304,4598,993,1040,701,717,49343,0.31,18206720,3039232,146,0,1,5,6,post_set,1402,15401.9,44,8
2026-10-03T15:19:34.873+08:00,14635.0,setting,10.0,0,1404,0,104556,0,1012031,3.61,408727552,442859520,4598,993,1040,701,717,49359,0.16,18206720,3039232,146,0,1,5,6,post_set,1403,15411.9,44,8
2026-10-03T15:19:44.944+08:00,14645.1,setting,10.1,0,1405,0,104556,0,1012390,3.57,408846336,442978304,4597,993,1040,701,717,49406,0.47,18206720,3039232,146,0,1,5,6,post_set,1404,15421.9,44,8
2026-10-03T15:19:54.917+08:00,14655.1,setting,10.0,0,1406,0,104556,0,1012750,3.61,408698880,442781696,4590,993,1040,700,717,49453,0.47,18206720,3039232,146,0,1,5,6,post_set,1405,15431.9,44,8
2026-10-03T15:20:04.876+08:00,14665.1,setting,10.0,0,1407,0,104556,0,1013140,3.92,409059328,442900480,4590,993,1040,700,717,49484,0.31,18206720,3039232,146,0,1,5,6,post_set,1406,15441.9,44,8
2026-10-03T15:20:14.943+08:00,14675.1,setting,10.1,0,1408,0,104556,0,1013562,4.19,408944640,442781696,4590,993,1040,700,717,49515,0.31,18206720,3039232,146,0,1,5,6,post_set,1407,15451.9,44,8
2026-10-03T15:20:24.902+08:00,14685.1,setting,10.0,0,1409,0,104556,0,1014000,4.39,408821760,442900480,4590,993,1040,700,717,49546,0.31,18206720,3039232,146,0,1,5,6,post_set,1408,15461.9,44,8
2026-10-03T15:20:34.867+08:00,14695.0,setting,10.0,0,1410,0,104556,0,1014406,4.08,408702976,442781696,4591,993,1040,700,717,49562,0.16,18206720,3039232,146,0,1,5,6,post_set,1409,15471.9,44,8
2026-10-03T15:20:44.938+08:00,14705.1,setting,10.1,0,1411,0,104556,0,1014828,4.19,408821760,442900480,4591,993,1040,700,717,49593,0.31,18206720,3039232,146,0,1,5,6,post_set,1410,15481.9,44,8
2026-10-03T15:20:54.933+08:00,14715.1,setting,10.0,0,1412,0,104556,0,1015250,4.23,408702976,442781696,4591,993,1040,700,717,49640,0.47,18206720,3039232,146,0,1,5,6,post_set,1411,15491.9,44,8
2026-10-03T15:21:04.902+08:00,14725.1,setting,10.0,0,1413,0,104556,0,1015671,4.22,409034752,442822656,4584,993,1040,699,717,49703,0.63,18206720,3039232,146,0,1,5,6,post_set,1412,15501.9,44,8
2026-10-03T15:21:14.870+08:00,14735.0,setting,10.0,0,1414,0,104556,0,1016046,3.76,408915968,442703872,4583,993,1040,699,717,49734,0.31,18206720,3039232,146,0,1,5,6,post_set,1413,15511.9,44,8
2026-10-03T15:21:24.934+08:00,14745.1,setting,10.1,0,1415,0,104556,0,1016468,4.19,408797184,442822656,4583,993,1040,699,717,49765,0.31,18206720,3039232,146,0,1,5,6,post_set,1414,15521.9,44,8
2026-10-03T15:21:34.900+08:00,14755.1,setting,10.0,0,1416,0,104556,0,1016843,3.76,408678400,442703872,4583,993,1040,699,717,49781,0.16,18206720,3039232,146,0,1,5,6,post_set,1415,15531.9,44,8
2026-10-03T15:21:44.860+08:00,14765.0,setting,10.0,0,1417,0,104556,0,1017218,3.76,408817664,442822656,4583,993,1040,699,717,49812,0.31,18206720,3039232,146,0,1,5,6,post_set,1416,15541.8,44,8
2026-10-03T15:21:54.920+08:00,14775.1,setting,10.1,0,1418,0,104556,0,1017609,3.88,408698880,442703872,4583,993,1040,699,717,49843,0.31,18206720,3039232,146,0,1,5,6,post_set,1417,15551.9,44,8
2026-10-03T15:22:04.889+08:00,14785.1,setting,10.0,0,1419,0,104556,0,1017984,3.77,408346624,442855424,4588,993,1040,700,717,49859,0.16,18206720,3039232,146,0,1,5,6,post_set,1418,15561.9,44,8
2026-10-03T15:22:14.845+08:00,14795.0,setting,10.0,0,1420,0,104556,0,1018359,3.76,408227840,442736640,4588,993,1040,700,717,49906,0.47,18206720,3039232,146,0,1,5,6,post_set,1419,15571.8,44,8
2026-10-03T15:22:24.914+08:00,14805.1,setting,10.1,0,1421,0,104556,0,1018781,4.19,405626880,439914496,4593,993,1040,699,717,49937,0.31,18206720,3039232,146,0,1,5,6,post_set,1420,15581.9,44,8
2026-10-03T15:22:34.872+08:00,14815.1,setting,10.0,0,1422,0,104556,0,1019171,3.92,405553152,439746560,4585,993,1040,698,717,49968,0.31,18206720,3039232,146,0,1,5,6,post_set,1421,15591.9,44,8
2026-10-03T15:22:44.943+08:00,14825.1,setting,10.1,0,1423,0,104556,0,1019546,3.73,405692416,440057856,4585,993,1040,698,717,49984,0.16,18206720,3039232,146,0,1,5,6,post_set,1422,15601.9,44,8
2026-10-03T15:22:54.911+08:00,14835.1,setting,10.0,0,1424,0,104556,0,1019921,3.76,405590016,439939072,4585,993,1040,698,717,50015,0.31,18206720,3039232,146,0,1,5,6,post_set,1423,15611.9,44,8
2026-10-03T15:23:04.879+08:00,14845.0,setting,10.0,0,1425,0,104556,0,1020312,3.92,405987328,440184832,4585,993,1040,698,717,50046,0.31,18206720,3039232,146,0,1,5,6,post_set,1424,15621.9,44,8
2026-10-03T15:23:14.951+08:00,14855.1,setting,10.1,0,1426,0,104556,0,1020734,4.19,405868544,440066048,4585,993,1040,698,717,50062,0.16,18206720,3039232,146,0,1,5,6,post_set,1425,15631.9,44,8
2026-10-03T15:23:24.921+08:00,14865.1,setting,10.0,0,1427,0,104556,0,1021125,3.92,405774336,440213504,4585,993,1040,698,717,50093,0.31,18206720,3039232,146,0,1,5,6,post_set,1426,15641.9,44,8
2026-10-03T15:23:34.890+08:00,14875.1,setting,10.0,0,1428,0,104556,0,1021500,3.76,405659648,440094720,4585,993,1040,698,717,50140,0.47,18206720,3039232,146,0,1,5,6,post_set,1427,15651.9,44,8
2026-10-03T15:23:44.864+08:00,14885.0,setting,10.0,0,1429,0,104556,0,1021890,3.92,405778432,440213504,4585,993,1040,698,717,50187,0.47,18206720,3039232,146,0,1,5,6,post_set,1428,15661.8,44,8
2026-10-03T15:23:54.931+08:00,14895.1,setting,10.1,0,1430,0,104556,0,1022296,4.03,405659648,440094720,4585,993,1040,698,717,50218,0.31,18206720,3039232,146,0,1,5,6,post_set,1429,15671.9,44,8
2026-10-03T15:24:04.899+08:00,14905.1,setting,10.0,0,1431,0,104556,0,1022750,4.54,406020096,440213504,4585,993,1040,698,717,50250,0.31,18206720,3039232,146,0,1,5,6,post_set,1430,15681.9,44,8
2026-10-03T15:24:14.864+08:00,14915.0,setting,10.0,0,1432,0,104556,0,1023109,3.61,405901312,440094720,4585,993,1040,698,717,50265,0.16,18206720,3039232,146,0,1,5,6,post_set,1431,15691.9,44,8
2026-10-03T15:24:24.940+08:00,14925.1,setting,10.1,0,1433,0,104556,0,1023437,3.26,405823488,440233984,4580,993,1040,698,717,50296,0.31,18206720,3039232,146,0,1,5,6,post_set,1432,15701.9,44,8
2026-10-03T15:24:34.902+08:00,14935.1,setting,10.0,0,1434,0,104556,0,1023875,4.39,405704704,440115200,4580,993,1040,698,717,50359,0.63,18206720,3039232,146,0,1,5,6,post_set,1433,15711.9,44,8
2026-10-03T15:24:44.870+08:00,14945.0,setting,10.0,0,1435,0,104556,0,1024234,3.61,405835776,440242176,4580,993,1040,698,717,50390,0.31,18206720,3039232,146,0,1,5,6,post_set,1434,15721.9,44,8
2026-10-03T15:24:54.935+08:00,14955.1,setting,10.1,0,1436,0,104556,0,1024562,3.26,405716992,440123392,4580,993,1040,698,717,50437,0.47,18206720,3039232,146,0,1,5,6,post_set,1435,15731.9,44,8
2026-10-03T15:25:04.902+08:00,14965.1,setting,10.0,0,1437,0,104556,0,1024968,4.08,406077440,440242176,4580,993,1040,698,717,50468,0.31,18206720,3039232,146,0,1,5,6,post_set,1436,15741.9,44,8
2026-10-03T15:25:14.874+08:00,14975.0,setting,10.0,0,1438,0,104556,0,1025312,3.45,405958656,440123392,4580,993,1040,698,717,50500,0.31,18206720,3039232,146,0,1,5,6,post_set,1437,15751.9,44,8
2026-10-03T15:25:24.939+08:00,14985.1,setting,10.1,0,1439,0,104556,0,1025703,3.88,405835776,440242176,4580,993,1040,698,717,50562,0.62,18206720,3039232,146,0,1,5,6,post_set,1438,15761.9,44,8
2026-10-03T15:25:34.900+08:00,14995.1,setting,10.0,0,1440,0,104556,0,1026109,4.08,405716992,440123392,4580,993,1040,698,717,50593,0.31,18206720,3039232,146,0,1,5,6,post_set,1439,15771.9,44,8
2026-10-03T15:25:44.872+08:00,15005.0,setting,10.0,0,1441,0,104556,0,1026593,4.86,406085632,441196544,4593,997,1040,703,717,50609,0.16,18202624,3039232,146,0,1,5,6,post_set,1440,15781.9,44,8
2026-10-03T15:25:54.938+08:00,15015.1,setting,10.1,0,1442,0,104556,0,1027156,5.59,408621056,443490304,4669,993,1040,710,717,50640,0.31,18202624,3039232,146,0,1,5,6,post_set,1441,15791.9,44,8
2026-10-03T15:26:04.905+08:00,15025.1,setting,10.0,0,1443,0,104556,0,1027562,4.07,409042944,443609088,4664,993,1040,709,717,50671,0.31,18202624,3039232,146,0,1,5,6,post_set,1442,15801.9,44,8
2026-10-03T15:26:14.873+08:00,15035.0,setting,10.0,0,1444,0,104556,0,1027968,4.08,408879104,443490304,4664,993,1040,709,717,50718,0.47,18202624,3039232,146,0,1,5,6,post_set,1443,15811.9,44,8
2026-10-03T15:26:24.948+08:00,15045.1,setting,10.1,0,1445,0,104556,0,1028312,3.41,408662016,443342848,4632,993,1040,702,717,50750,0.31,18202624,3039232,146,0,1,5,6,post_set,1444,15821.9,44,8
2026-10-03T15:26:34.917+08:00,15055.1,setting,10.0,0,1446,0,104556,0,1028718,4.07,408547328,443224064,4632,993,1040,702,717,50781,0.31,18202624,3039232,146,0,1,5,6,post_set,1445,15831.9,44,8
2026-10-03T15:26:44.888+08:00,15065.1,setting,10.0,0,1447,0,104556,0,1029125,4.08,408743936,443396096,4631,993,1040,702,717,50812,0.31,18202624,3039232,146,0,1,5,6,post_set,1446,15841.9,44,8
2026-10-03T15:26:54.861+08:00,15075.0,setting,10.0,0,1448,0,104556,0,1029453,3.29,408625152,443277312,4631,993,1040,702,717,50843,0.31,18202624,3039232,146,0,1,5,6,post_set,1447,15851.8,44,8
2026-10-03T15:27:04.928+08:00,15085.1,setting,10.1,0,1449,0,104556,0,1029828,3.72,408985600,443396096,4631,993,1040,702,717,50906,0.62,18202624,3039232,146,0,1,5,6,post_set,1448,15861.9,44,8
2026-10-03T15:27:14.900+08:00,15095.1,setting,10.0,0,1450,0,104556,0,1030218,3.92,408887296,443277312,4631,993,1040,702,717,50921,0.16,18202624,3039232,146,0,1,5,6,post_set,1449,15871.9,44,8
2026-10-03T15:27:24.860+08:00,15105.0,setting,10.0,0,1451,0,104556,0,1030593,3.76,408764416,443396096,4631,993,1040,702,717,50968,0.47,18202624,3039232,146,0,1,5,6,post_set,1450,15881.8,44,8
2026-10-03T15:27:34.930+08:00,15115.1,setting,10.1,0,1452,0,104556,0,1030968,3.73,408645632,443277312,4631,993,1040,702,717,51000,0.31,18202624,3039232,146,0,1,5,6,post_set,1451,15891.9,44,8
2026-10-03T15:27:44.891+08:00,15125.1,setting,10.0,0,1453,0,104556,0,1031328,3.60,408588288,442929152,4601,993,1040,701,717,51031,0.31,18202624,3039232,146,0,1,5,6,post_set,1452,15901.9,44,8
2026-10-03T15:27:54.861+08:00,15135.0,setting,10.0,0,1454,0,104556,0,1031765,4.39,408469504,442810368,4601,993,1040,701,717,51062,0.31,18202624,3039232,146,0,1,5,6,post_set,1453,15911.8,44,8
2026-10-03T15:28:04.930+08:00,15145.1,setting,10.1,0,1455,0,104556,0,1032156,3.88,408829952,442929152,4601,993,1040,701,717,51093,0.31,18202624,3039232,146,0,1,5,6,post_set,1454,15921.9,44,8
2026-10-03T15:28:14.892+08:00,15155.1,setting,10.0,0,1456,0,104556,0,1032515,3.61,408711168,442810368,4601,993,1040,701,717,51125,0.31,18202624,3039232,146,0,1,5,6,post_set,1455,15931.9,44,8
2026-10-03T15:28:24.858+08:00,15165.0,setting,10.0,0,1457,0,104556,0,1032921,4.08,408588288,442929152,4601,993,1040,701,717,51171,0.47,18202624,3039232,146,0,1,5,6,post_set,1456,15941.8,44,8
2026-10-03T15:28:34.923+08:00,15175.1,setting,10.1,0,1458,0,104556,0,1033312,3.88,408469504,442810368,4601,993,1040,701,717,51187,0.16,18202624,3039232,146,0,1,5,6,post_set,1457,15951.9,44,8
2026-10-03T15:28:44.892+08:00,15185.1,setting,10.0,0,1459,0,104556,0,1033671,3.61,408588288,442929152,4601,993,1040,701,717,51234,0.47,18202624,3039232,146,0,1,5,6,post_set,1458,15961.9,44,8
2026-10-03T15:28:54.853+08:00,15195.0,setting,10.0,0,1460,0,104556,0,1034062,3.92,408473600,442732544,4594,993,1040,700,717,51265,0.31,18202624,3039232,146,0,1,5,6,post_set,1459,15971.8,44,8
2026-10-03T15:29:04.915+08:00,15205.1,setting,10.1,0,1461,0,104556,0,1034453,3.88,408834048,442851328,4594,993,1040,700,717,51281,0.16,18202624,3039232,146,0,1,5,6,post_set,1460,15981.9,44,8
2026-10-03T15:29:14.880+08:00,15215.1,setting,10.0,0,1462,0,104556,0,1034812,3.61,408715264,442732544,4594,993,1040,700,717,51296,0.16,18202624,3039232,146,0,1,5,6,post_set,1461,15991.9,44,8
2026-10-03T15:29:24.946+08:00,15225.1,setting,10.1,0,1463,0,104556,0,1035218,4.04,408592384,442851328,4594,993,1040,700,717,51328,0.31,18202624,3039232,146,0,1,5,6,post_set,1462,16001.9,44,8
2026-10-03T15:29:34.913+08:00,15235.1,setting,10.0,0,1464,0,104556,0,1035625,4.08,408473600,442732544,4594,993,1040,700,717,51359,0.31,18202624,3039232,146,0,1,5,6,post_set,1463,16011.9,44,8
2026-10-03T15:29:44.883+08:00,15245.1,setting,10.0,0,1465,0,104556,0,1036000,3.76,408612864,442851328,4594,993,1040,700,717,51390,0.31,18202624,3039232,146,0,1,5,6,post_set,1464,16021.9,44,8
2026-10-03T15:29:54.853+08:00,15255.0,setting,10.0,0,1466,0,104556,0,1036375,3.76,408444928,442654720,4587,993,1040,699,717,51421,0.31,18202624,3039232,146,0,1,5,6,post_set,1465,16031.8,44,8
2026-10-03T15:30:04.912+08:00,15265.1,setting,10.1,0,1467,0,104556,0,1036781,4.04,408805376,442773504,4587,993,1040,699,717,51453,0.31,18202624,3039232,146,0,1,5,6,post_set,1466,16041.9,44,8
2026-10-03T15:30:14.885+08:00,15275.1,setting,10.0,0,1468,0,104556,0,1037109,3.29,408686592,442654720,4587,993,1040,699,717,51468,0.16,18202624,3039232,146,0,1,5,6,post_set,1467,16051.9,44,8
2026-10-03T15:30:24.866+08:00,15285.0,setting,10.0,0,1469,0,104556,0,1037531,4.23,408563712,442773504,4587,993,1040,699,717,51500,0.31,18202624,3039232,146,0,1,5,6,post_set,1468,16061.9,44,8
2026-10-03T15:30:34.927+08:00,15295.1,setting,10.1,0,1470,0,104556,0,1037921,3.87,408444928,442654720,4587,993,1040,699,717,51546,0.46,18202624,3039232,146,0,1,5,6,post_set,1469,16071.9,44,8
2026-10-03T15:30:44.888+08:00,15305.1,setting,10.0,0,1471,0,104556,0,1038296,3.77,408563712,442773504,4587,993,1040,699,717,51578,0.31,18198528,3039232,146,0,1,5,6,post_set,1470,16081.9,44,8
2026-10-03T15:30:54.855+08:00,15315.0,setting,10.0,0,1472,0,104556,0,1038718,4.24,406245376,440008704,4592,993,1040,698,717,51593,0.16,18198528,3039232,146,0,1,5,6,post_set,1471,16091.8,44,8
2026-10-03T15:31:04.919+08:00,15325.1,setting,10.1,0,1473,0,104556,0,1039140,4.19,406622208,440127488,4592,993,1040,698,717,51625,0.31,18198528,3039232,146,0,1,5,6,post_set,1472,16101.9,44,8
2026-10-03T15:31:14.890+08:00,15335.1,setting,10.0,0,1474,0,104556,0,1039546,4.08,406536192,440012800,4592,993,1040,698,717,51640,0.16,18198528,3039232,146,0,1,5,6,post_set,1473,16111.9,44,8
2026-10-03T15:31:24.848+08:00,15345.0,setting,10.0,0,1475,0,104556,0,1039968,4.23,406425600,440131584,4592,993,1040,698,717,51671,0.31,18198528,3039232,146,0,1,5,6,post_set,1474,16121.8,44,8
2026-10-03T15:31:34.914+08:00,15355.1,setting,10.1,0,1476,0,104556,0,1040343,3.73,406380544,440090624,4592,993,1040,698,717,51687,0.16,18198528,3039232,146,0,1,5,6,post_set,1475,16131.9,44,8
2026-10-03T15:31:44.886+08:00,15365.1,setting,10.0,0,1477,0,104556,0,1040718,3.76,406646784,440385536,4592,993,1040,698,717,51718,0.31,18198528,3039232,146,0,1,5,6,post_set,1476,16141.9,44,8
2026-10-03T15:31:54.844+08:00,15375.0,setting,10.0,0,1478,0,104556,0,1041125,4.07,406585344,440295424,4592,993,1040,698,717,51750,0.31,18198528,3039232,146,0,1,5,6,post_set,1477,16151.8,44,8
2026-10-03T15:32:04.901+08:00,15385.1,setting,10.1,0,1479,0,104556,0,1041546,4.20,406233088,440397824,4590,993,1040,698,717,51781,0.31,18198528,3039232,146,0,1,5,6,post_set,1478,16161.9,44,8
2026-10-03T15:32:14.865+08:00,15395.0,setting,10.0,0,1480,0,104556,0,1041921,3.77,406069248,440201216,4585,993,1040,698,717,51796,0.16,18198528,3039232,146,0,1,5,6,post_set,1479,16171.9,44,8
2026-10-03T15:32:24.924+08:00,15405.1,setting,10.1,0,1481,0,104556,0,1042265,3.42,405950464,440320000,4585,993,1040,698,717,51843,0.47,18198528,3039232,146,0,1,5,6,post_set,1480,16181.9,44,8
2026-10-03T15:32:34.895+08:00,15415.1,setting,10.0,0,1482,0,104556,0,1042656,3.92,405860352,440229888,4584,993,1040,698,717,51875,0.31,18198528,3039232,146,0,1,5,6,post_set,1481,16191.9,44,8
2026-10-03T15:32:44.865+08:00,15425.0,setting,10.0,0,1483,0,104556,0,1043046,3.92,405979136,440348672,4584,993,1040,698,717,51921,0.47,18198528,3039232,146,0,1,5,6,post_set,1482,16201.8,44,8
2026-10-03T15:32:54.925+08:00,15435.1,setting,10.1,0,1484,0,104556,0,1043390,3.41,405860352,440229888,4584,993,1040,698,717,51953,0.31,18198528,3039232,146,0,1,5,6,post_set,1483,16211.9,44,8
2026-10-03T15:33:04.897+08:00,15445.1,setting,10.0,0,1485,0,104556,0,1043796,4.08,406220800,440348672,4584,993,1040,698,717,52000,0.47,18198528,3039232,146,0,1,5,6,post_set,1484,16221.9,44,8
2026-10-03T15:33:14.867+08:00,15455.0,setting,10.0,0,1486,0,104556,0,1044250,4.54,406102016,440229888,4584,993,1040,698,717,52031,0.31,18198528,3039232,146,0,1,5,6,post_set,1485,16231.9,44,8
2026-10-03T15:33:24.938+08:00,15465.1,setting,10.1,0,1487,0,104556,0,1044625,3.72,406007808,440377344,4584,993,1040,698,717,52062,0.31,18198528,3039232,146,0,1,5,6,post_set,1486,16241.9,44,8
2026-10-03T15:33:34.899+08:00,15475.1,setting,10.0,0,1488,0,104556,0,1045000,3.76,405889024,440258560,4584,993,1040,698,717,52109,0.47,18198528,3039232,146,0,1,5,6,post_set,1487,16251.9,44,8
2026-10-03T15:33:44.867+08:00,15485.0,setting,10.0,0,1489,0,104556,0,1045390,3.92,406007808,440377344,4584,993,1040,698,717,52140,0.31,18198528,3039232,146,0,1,5,6,post_set,1488,16261.9,44,8
2026-10-03T15:33:54.923+08:00,15495.1,setting,10.1,0,1490,0,104556,0,1045765,3.72,405893120,440262656,4584,993,1040,698,717,52171,0.31,18198528,3039232,146,0,1,5,6,post_set,1489,16271.9,44,8
2026-10-03T15:34:04.892+08:00,15505.1,setting,10.0,0,1491,0,104556,0,1046171,4.08,406253568,440381440,4584,993,1040,698,717,52203,0.31,18198528,3039232,146,0,1,5,6,post_set,1490,16281.9,44,8
2026-10-03T15:34:14.852+08:00,15515.0,setting,10.0,0,1492,0,104556,0,1046546,3.76,406310912,440463360,4584,993,1040,698,717,52234,0.31,18198528,3039232,146,0,1,5,6,post_set,1491,16291.8,44,8
2026-10-03T15:34:24.918+08:00,15525.1,setting,10.1,0,1493,0,104556,0,1046906,3.57,406196224,440586240,4584,993,1040,698,717,52281,0.47,18198528,3039232,146,0,1,5,6,post_set,1492,16301.9,44,8
2026-10-03T15:34:34.890+08:00,15535.1,setting,10.0,0,1494,0,104556,0,1047265,3.61,406077440,440467456,4584,993,1040,698,717,52328,0.47,18198528,3039232,146,0,1,5,6,post_set,1493,16311.9,44,8
2026-10-03T15:34:44.861+08:00,15545.0,setting,10.0,0,1495,0,104556,0,1047640,3.76,406265856,440659968,4584,993,1040,698,717,52359,0.31,18198528,3039232,146,0,1,5,6,post_set,1494,16321.8,44,8
2026-10-03T15:34:54.922+08:00,15555.1,setting,10.1,0,1496,0,104556,0,1048046,4.03,406147072,440541184,4584,993,1040,698,717,52437,0.78,18198528,3039232,146,0,1,5,6,post_set,1495,16331.9,44,8
2026-10-03T15:35:04.879+08:00,15565.1,setting,10.0,0,1497,0,104556,0,1048453,4.08,406519808,440659968,4584,993,1040,698,717,52468,0.31,18198528,3039232,146,0,1,5,6,post_set,1496,16341.9,44,8
2026-10-03T15:35:14.938+08:00,15575.1,setting,10.1,0,1498,0,104556,0,1048812,3.57,406401024,440541184,4584,993,1040,698,717,52500,0.31,18198528,3039232,146,0,1,5,6,post_set,1497,16351.9,44,8
2026-10-03T15:35:24.905+08:00,15585.1,setting,10.0,0,1499,0,104556,0,1049218,4.08,406290432,440668160,4584,993,1040,698,717,52531,0.31,18198528,3039232,146,0,1,5,6,post_set,1498,16361.9,44,8
2026-10-03T15:35:34.859+08:00,15595.0,setting,10.0,0,1500,0,104556,0,1049593,3.76,406147072,440500224,4577,993,1040,697,717,52562,0.31,18198528,3039232,146,0,1,5,6,post_set,1499,16371.8,44,8
2026-10-03T15:35:44.925+08:00,15605.1,setting,10.1,0,1501,0,104556,0,1049968,3.73,406282240,440631296,4577,993,1040,699,717,52593,0.31,18198528,3039232,146,0,1,5,6,post_set,1500,16381.9,44,8
2026-10-03T15:35:54.888+08:00,15615.1,setting,10.0,0,1502,0,104556,0,1050359,3.92,406196224,440545280,4577,993,1040,698,717,52640,0.47,18198528,3039232,146,0,1,5,6,post_set,1501,16391.9,44,8
2026-10-03T15:36:04.854+08:00,15625.0,setting,10.0,0,1503,0,104556,0,1050750,3.92,406560768,440668160,4577,993,1040,698,717,52671,0.31,18198528,3039232,146,0,1,5,6,post_set,1502,16401.8,44,8
2026-10-03T15:36:14.926+08:00,15635.1,setting,10.1,0,1504,0,104556,0,1051109,3.57,406462464,440631296,4581,993,1040,698,717,52703,0.31,18198528,3039232,146,0,1,5,6,post_set,1503,16411.9,44,8
2026-10-03T15:36:24.893+08:00,15645.1,setting,10.0,0,1505,0,104556,0,1051531,4.23,406831104,441171968,4611,993,1040,702,717,52734,0.31,18198528,3039232,146,0,1,5,6,post_set,1504,16421.9,44,8
2026-10-03T15:36:34.855+08:00,15655.0,setting,10.0,0,1506,0,104556,0,1051937,4.08,406716416,441057280,4611,993,1040,702,717,52765,0.31,18198528,3039232,146,0,1,5,6,post_set,1505,16431.8,44,8
2026-10-03T15:36:44.917+08:00,15665.1,setting,10.1,0,1507,0,104556,0,1052312,3.73,406593536,441176064,4611,993,1040,702,717,52781,0.16,18198528,3039232,146,0,1,5,6,post_set,1506,16441.9,44,8
2026-10-03T15:36:54.883+08:00,15675.1,setting,10.0,0,1508,0,104556,0,1052687,3.76,406409216,440823808,4586,993,1040,699,717,52812,0.31,18198528,3039232,146,0,1,5,6,post_set,1507,16451.9,44,8
2026-10-03T15:37:04.857+08:00,15685.0,setting,10.0,0,1509,0,104556,0,1053046,3.61,406769664,440942592,4586,993,1040,699,717,52843,0.31,18198528,3039232,146,0,1,5,6,post_set,1508,16461.8,44,8
2026-10-03T15:37:14.933+08:00,15695.1,setting,10.1,0,1510,0,104556,0,1053437,3.88,406650880,440823808,4585,993,1040,699,717,52875,0.31,18198528,3039232,146,0,1,5,6,post_set,1509,16471.9,44,8
2026-10-03T15:37:24.903+08:00,15705.1,setting,10.0,0,1511,0,104556,0,1053796,3.60,406528000,440942592,4585,993,1040,699,717,52906,0.31,18198528,3039232,146,0,1,5,6,post_set,1510,16481.9,44,8
2026-10-03T15:37:34.865+08:00,15715.0,setting,10.0,0,1512,0,104556,0,1054218,4.23,406409216,440823808,4585,993,1040,699,717,52937,0.31,18198528,3039232,146,0,1,5,6,post_set,1511,16491.8,44,8
2026-10-03T15:37:44.928+08:00,15725.1,setting,10.1,0,1513,0,104556,0,1054625,4.04,406528000,440942592,4585,993,1040,699,717,52968,0.31,18198528,3039232,146,0,1,5,6,post_set,1512,16501.9,44,8
2026-10-03T15:37:54.900+08:00,15735.1,setting,10.0,0,1514,0,104556,0,1055031,4.08,406409216,440823808,4585,993,1040,699,717,53000,0.31,18198528,3039232,146,0,1,5,6,post_set,1513,16511.9,44,8
2026-10-03T15:38:04.870+08:00,15745.0,setting,10.0,0,1515,0,104556,0,1055406,3.76,406769664,440942592,4585,993,1040,699,717,53031,0.31,18198528,3039232,146,0,1,5,6,post_set,1514,16521.9,44,8
2026-10-03T15:38:14.937+08:00,15755.1,setting,10.1,0,1516,0,104556,0,1055843,4.35,406650880,440823808,4585,993,1040,699,717,53062,0.31,18198528,3039232,146,0,1,5,6,post_set,1515,16531.9,44,8
2026-10-03T15:38:24.902+08:00,15765.1,setting,10.0,0,1517,0,104556,0,1056234,3.92,406528000,440942592,4585,993,1040,699,717,53109,0.47,18198528,3039232,146,0,1,5,6,post_set,1516,16541.9,44,8
2026-10-03T15:38:34.863+08:00,15775.0,setting,10.0,0,1518,0,104556,0,1056609,3.76,406409216,440823808,4585,993,1040,699,717,53140,0.31,18198528,3039232,146,0,1,5,6,post_set,1517,16551.8,44,8
2026-10-03T15:38:44.926+08:00,15785.1,setting,10.1,0,1519,0,104556,0,1057015,4.04,406540288,440954880,4585,993,1040,699,717,53187,0.47,18198528,3039232,146,0,1,5,6,post_set,1518,16561.9,44,8
2026-10-03T15:38:54.895+08:00,15795.1,setting,10.0,0,1520,0,104556,0,1057421,4.08,406421504,440836096,4585,993,1040,699,717,53218,0.31,18198528,3039232,146,0,1,5,6,post_set,1519,16571.9,44,8
2026-10-03T15:39:04.862+08:00,15805.0,setting,10.0,0,1521,0,104556,0,1057812,3.92,406781952,440954880,4585,993,1040,699,717,53265,0.47,18198528,3039232,146,0,1,5,6,post_set,1520,16581.8,44,8
2026-10-03T15:39:14.928+08:00,15815.1,setting,10.1,0,1522,0,104556,0,1058187,3.72,406663168,440836096,4584,993,1040,699,717,53296,0.31,18198528,3039232,146,0,1,5,6,post_set,1521,16591.9,44,8
2026-10-03T15:39:24.897+08:00,15825.1,setting,10.0,0,1523,0,104556,0,1058578,3.92,406540288,440954880,4584,993,1040,699,717,53328,0.31,18198528,3039232,146,0,1,5,6,post_set,1522,16601.9,44,8
2026-10-03T15:39:34.860+08:00,15835.0,setting,10.0,0,1524,0,104556,0,1058984,4.08,406421504,440836096,4584,993,1040,699,717,53375,0.47,18198528,3039232,146,0,1,5,6,post_set,1523,16611.8,44,8
2026-10-03T15:39:44.927+08:00,15845.1,setting,10.1,0,1525,0,104556,0,1059375,3.88,406540288,440954880,4584,993,1040,699,717,53406,0.31,18198528,3039232,146,0,1,5,6,post_set,1524,16621.9,44,8
2026-10-03T15:39:54.890+08:00,15855.1,setting,10.0,0,1526,0,104556,0,1059781,4.08,406421504,440836096,4584,993,1040,699,717,53437,0.31,18198528,3039232,146,0,1,5,6,post_set,1525,16631.9,44,8
2026-10-03T15:40:04.860+08:00,15865.0,setting,10.0,0,1527,0,104556,0,1060156,3.76,406781952,440954880,4584,993,1040,699,717,53453,0.16,18198528,3039232,146,0,1,5,6,post_set,1526,16641.8,44,8
2026-10-03T15:40:14.932+08:00,15875.1,setting,10.1,0,1528,0,104556,0,1060531,3.72,406663168,440836096,4584,993,1040,699,717,53500,0.47,18198528,3039232,146,0,1,5,6,post_set,1527,16651.9,44,8
2026-10-03T15:40:24.889+08:00,15885.1,setting,10.0,0,1529,0,104556,0,1060921,3.92,406540288,440954880,4584,993,1040,699,717,53531,0.31,18198528,3039232,146,0,1,5,6,post_set,1528,16661.9,44,8
2026-10-03T15:40:34.862+08:00,15895.0,setting,10.0,0,1530,0,104556,0,1061343,4.24,406421504,440836096,4584,993,1040,699,717,53546,0.16,18198528,3039232,146,0,1,5,6,post_set,1529,16671.8,44,8
2026-10-03T15:40:44.938+08:00,15905.1,setting,10.1,0,1531,0,104556,0,1061765,4.19,405106688,438816768,4584,993,1040,698,717,53593,0.47,18198528,3039232,146,0,1,5,6,post_set,1530,16681.9,44,8
2026-10-03T15:40:54.918+08:00,15915.1,setting,10.0,0,1532,0,104556,0,1062140,3.76,405377024,439795712,4584,993,1040,698,717,53640,0.47,18198528,3039232,146,0,1,5,6,post_set,1531,16691.9,44,8
2026-10-03T15:41:04.883+08:00,15925.1,setting,10.0,0,1533,0,104556,0,1062578,4.39,405798912,439898112,4577,993,1040,697,717,53671,0.31,18198528,3039232,146,0,1,5,6,post_set,1532,16701.9,44,8
2026-10-03T15:41:14.852+08:00,15935.0,setting,10.0,0,1534,0,104556,0,1062953,3.76,405725184,439779328,4577,993,1040,697,717,53687,0.16,18198528,3039232,146,0,1,5,6,post_set,1533,16711.8,44,8
2026-10-03T15:41:24.925+08:00,15945.1,setting,10.1,0,1535,0,104556,0,1063375,4.19,405630976,439926784,4577,993,1040,697,717,53718,0.31,18198528,3039232,146,0,1,5,6,post_set,1534,16721.9,44,8
2026-10-03T15:41:34.899+08:00,15955.1,setting,10.0,0,1536,0,104556,0,1063750,3.76,405524480,439808000,4577,993,1040,697,717,53750,0.31,18198528,3039232,146,0,1,5,6,post_set,1535,16731.9,44,8
2026-10-03T15:41:44.861+08:00,15965.0,setting,10.0,0,1537,0,104556,0,1064171,4.23,405721088,440020992,4577,993,1040,697,717,53796,0.47,18198528,3039232,146,0,1,5,6,post_set,1536,16741.8,44,8
2026-10-03T15:41:54.925+08:00,15975.1,setting,10.1,0,1538,0,104556,0,1064562,3.88,405618688,439902208,4577,993,1040,697,717,53828,0.31,18198528,3039232,146,0,1,5,6,post_set,1537,16751.9,44,8
2026-10-03T15:42:04.895+08:00,15985.1,setting,10.0,0,1539,0,104556,0,1064937,3.76,405979136,440020992,4577,993,1040,697,717,53875,0.47,18198528,3039232,146,0,1,5,6,post_set,1538,16761.9,44,8
2026-10-03T15:42:14.866+08:00,15995.0,setting,10.0,0,1540,0,104556,0,1065359,4.23,405868544,439902208,4577,993,1040,697,717,53906,0.31,18198528,3039232,146,0,1,5,6,post_set,1539,16771.9,44,8
2026-10-03T15:42:24.937+08:00,16005.1,setting,10.1,0,1541,0,104556,0,1065750,3.88,405827584,440111104,4577,993,1040,697,717,53937,0.31,18198528,3039232,146,0,1,5,6,post_set,1540,16781.9,44,8
2026-10-03T15:42:34.908+08:00,16015.1,setting,10.0,0,1542,0,104556,0,1066156,4.07,405708800,439992320,4577,993,1040,697,717,53968,0.31,18198528,3039232,146,0,1,5,6,post_set,1541,16791.9,44,8
2026-10-03T15:42:44.885+08:00,16025.0,setting,10.0,0,1543,0,104556,0,1066531,3.76,405827584,440111104,4577,993,1040,697,717,54000,0.31,18198528,3039232,146,0,1,5,6,post_set,1542,16801.9,44,8
2026-10-03T15:42:54.857+08:00,16035.0,setting,10.0,0,1544,0,104556,0,1066859,3.29,405708800,439992320,4577,993,1040,697,717,54046,0.47,18198528,3039232,146,0,1,5,6,post_set,1543,16811.8,44,8
2026-10-03T15:43:04.920+08:00,16045.1,setting,10.1,0,1545,0,104556,0,1067234,3.72,406069248,440111104,4577,993,1040,697,717,54078,0.31,18198528,3039232,146,0,1,5,6,post_set,1544,16821.9,44,8
2026-10-03T15:43:14.887+08:00,16055.1,setting,10.0,0,1546,0,104556,0,1067640,4.08,405954560,439992320,4577,993,1040,697,717,54093,0.16,18198528,3039232,146,0,1,5,6,post_set,1545,16831.9,44,8
2026-10-03T15:43:24.860+08:00,16065.0,setting,10.0,0,1547,0,104556,0,1068015,3.76,405843968,440119296,4577,993,1040,697,717,54125,0.31,18198528,3039232,146,0,1,5,6,post_set,1546,16841.8,44,8
2026-10-03T15:43:34.930+08:00,16075.1,setting,10.1,0,1548,0,104556,0,1068406,3.88,405725184,440000512,4577,993,1040,697,717,54171,0.47,18198528,3039232,146,0,1,5,6,post_set,1547,16851.9,44,8
2026-10-03T15:43:44.905+08:00,16085.1,setting,10.0,0,1549,0,104556,0,1068781,3.76,405843968,440119296,4577,993,1040,697,717,54203,0.31,18198528,3039232,146,0,1,5,6,post_set,1548,16861.9,44,8
2026-10-03T15:43:54.870+08:00,16095.0,setting,10.0,0,1550,0,104556,0,1069171,3.92,405725184,440000512,4577,993,1040,697,717,54234,0.31,18198528,3039232,146,0,1,5,6,post_set,1549,16871.9,44,8
2026-10-03T15:44:04.951+08:00,16105.1,setting,10.1,0,1551,0,104556,0,1069546,3.73,406085632,440119296,4577,993,1040,697,717,54265,0.31,18198528,3039232,146,0,1,5,6,post_set,1550,16881.9,44,8
2026-10-03T15:44:14.926+08:00,16115.1,setting,10.0,0,1552,0,104556,0,1069968,4.23,405966848,440000512,4577,993,1040,697,717,54296,0.31,18198528,3039232,146,0,1,5,6,post_set,1551,16891.9,44,8
2026-10-03T15:44:24.897+08:00,16125.1,setting,10.0,0,1553,0,104556,0,1070375,4.07,405864448,440201216,4579,993,1040,697,717,54343,0.47,18198528,3039232,146,0,1,5,6,post_set,1552,16901.9,44,8
2026-10-03T15:44:34.870+08:00,16135.0,setting,10.0,0,1554,0,104556,0,1070734,3.60,405786624,440115200,4584,993,1040,698,717,54359,0.16,18198528,3039232,146,0,1,5,6,post_set,1553,16911.9,44,8
2026-10-03T15:44:44.928+08:00,16145.1,setting,10.1,0,1555,0,104556,0,1071109,3.72,405905408,440233984,4584,993,1040,698,717,54390,0.31,18198528,3039232,146,0,1,5,6,post_set,1554,16921.9,44,8
2026-10-03T15:44:54.894+08:00,16155.1,setting,10.0,0,1556,0,104556,0,1071484,3.77,405839872,440176640,4584,993,1040,698,717,54421,0.31,18198528,3039232,146,0,1,5,6,post_set,1555,16931.9,44,8
2026-10-03T15:45:04.863+08:00,16165.0,setting,10.0,0,1557,0,104556,0,1071875,3.92,406200320,440295424,4584,993,1040,698,717,54453,0.31,18198528,3039232,146,0,1,5,6,post_set,1556,16941.8,44,8
2026-10-03T15:45:14.934+08:00,16175.1,setting,10.1,0,1558,0,104556,0,1072218,3.41,406085632,440176640,4584,993,1040,698,717,54484,0.31,18198528,3039232,146,0,1,5,6,post_set,1557,16951.9,44,8
2026-10-03T15:45:24.904+08:00,16185.1,setting,10.0,0,1559,0,104556,0,1072578,3.61,405966848,440295424,4584,993,1040,698,717,54515,0.31,18198528,3039232,146,0,1,5,6,post_set,1558,16961.9,44,8
2026-10-03T15:45:34.869+08:00,16195.0,setting,10.0,0,1560,0,104556,0,1072968,3.92,405848064,440176640,4584,993,1040,698,717,54546,0.31,18198528,3039232,146,0,1,5,6,post_set,1559,16971.9,44,8
2026-10-03T15:45:44.938+08:00,16205.1,setting,10.1,0,1561,0,104556,0,1073343,3.73,405966848,440295424,4584,993,1040,698,717,54578,0.31,18198528,3039232,146,0,1,5,6,post_set,1560,16981.9,44,8
2026-10-03T15:45:54.906+08:00,16215.1,setting,10.0,0,1562,0,104556,0,1073718,3.76,405848064,440176640,4584,993,1040,698,717,54609,0.31,18198528,3039232,146,0,1,5,6,post_set,1561,16991.9,44,8
2026-10-03T15:46:04.872+08:00,16225.0,setting,10.0,0,1563,0,104556,0,1074109,3.92,406212608,440295424,4584,993,1040,698,717,54625,0.16,18198528,3039232,146,0,1,5,6,post_set,1562,17001.9,44,8
2026-10-03T15:46:14.947+08:00,16235.1,setting,10.1,0,1564,0,104556,0,1074515,4.04,406093824,440176640,4584,993,1040,698,717,54640,0.16,18198528,3039232,146,0,1,5,6,post_set,1563,17011.9,44,8
2026-10-03T15:46:24.918+08:00,16245.1,setting,10.0,0,1565,0,104556,0,1074875,3.60,405970944,440295424,4584,993,1040,698,717,54671,0.31,18198528,3039232,146,0,1,5,6,post_set,1564,17021.9,44,8
2026-10-03T15:46:34.880+08:00,16255.1,setting,10.0,0,1566,0,104556,0,1075265,3.92,405852160,440176640,4584,993,1040,698,717,54703,0.31,18198528,3039232,146,0,1,5,6,post_set,1565,17031.9,44,8
2026-10-03T15:46:44.939+08:00,16265.1,setting,10.1,0,1567,0,104556,0,1075656,3.88,405946368,440217600,4577,993,1040,697,717,54734,0.31,18198528,3039232,146,0,1,5,6,post_set,1566,17041.9,44,8
2026-10-03T15:46:54.913+08:00,16275.1,setting,10.0,0,1568,0,104556,0,1076062,4.08,405827584,440098816,4577,993,1040,697,717,54781,0.47,18198528,3039232,146,0,1,5,6,post_set,1567,17051.9,44,8
2026-10-03T15:47:04.875+08:00,16285.1,setting,10.0,0,1569,0,104556,0,1076515,4.54,406241280,440279040,4577,993,1040,697,717,54812,0.31,18198528,3039232,146,0,1,5,6,post_set,1568,17061.9,44,8
2026-10-03T15:47:14.946+08:00,16295.1,setting,10.1,0,1570,0,104556,0,1076906,3.88,406122496,440160256,4577,993,1040,697,717,54828,0.16,18198528,3039232,146,0,1,5,6,post_set,1569,17071.9,44,8
2026-10-03T15:47:24.904+08:00,16305.1,setting,10.0,0,1571,0,104556,0,1077296,3.92,406003712,440279040,4577,993,1040,697,717,54859,0.31,18198528,3039232,146,0,1,5,6,post_set,1570,17081.9,44,8
2026-10-03T15:47:34.869+08:00,16315.0,setting,10.0,0,1572,0,104556,0,1077671,3.76,405884928,440160256,4577,993,1040,697,717,54875,0.16,18198528,3039232,146,0,1,5,6,post_set,1571,17091.9,44,8
2026-10-03T15:47:44.936+08:00,16325.1,setting,10.1,0,1573,0,104556,0,1078046,3.73,406003712,440279040,4577,993,1040,697,717,54906,0.31,18198528,3039232,146,0,1,5,6,post_set,1572,17101.9,44,8
2026-10-03T15:47:54.904+08:00,16335.1,setting,10.0,0,1574,0,104556,0,1078421,3.76,405884928,440160256,4577,993,1040,697,717,54937,0.31,18198528,3039232,146,0,1,5,6,post_set,1573,17111.9,44,8
2026-10-03T15:48:04.870+08:00,16345.0,setting,10.0,0,1575,0,104556,0,1078796,3.76,406274048,440406016,4577,993,1040,697,717,54968,0.31,18198528,3039232,146,0,1,5,6,post_set,1574,17121.9,44,8
2026-10-03T15:48:14.944+08:00,16355.1,setting,10.1,0,1576,0,104556,0,1079156,3.57,406155264,440287232,4577,993,1040,697,717,55000,0.31,18198528,3039232,146,0,1,5,6,post_set,1575,17131.9,44,8
2026-10-03T15:48:24.902+08:00,16365.1,setting,10.0,0,1577,0,104556,0,1079562,4.08,406032384,440406016,4577,993,1040,697,717,55031,0.31,18198528,3039232,146,0,1,5,6,post_set,1576,17141.9,44,8
2026-10-03T15:48:34.867+08:00,16375.0,setting,10.0,0,1578,0,104556,0,1079968,4.08,405913600,440287232,4577,993,1040,697,717,55046,0.16,18198528,3039232,146,0,1,5,6,post_set,1577,17151.8,44,8
2026-10-03T15:48:44.933+08:00,16385.1,setting,10.1,0,1579,0,104556,0,1080359,3.88,406032384,440406016,4577,993,1040,697,717,55093,0.47,18198528,3039232,146,0,1,5,6,post_set,1578,17161.9,44,8
2026-10-03T15:48:54.893+08:00,16395.1,setting,10.0,0,1580,0,104556,0,1080750,3.92,405913600,440287232,4577,993,1040,697,717,55140,0.47,18198528,3039232,146,0,1,5,6,post_set,1579,17171.9,44,8
2026-10-03T15:49:04.850+08:00,16405.0,setting,10.0,0,1581,0,104556,0,1081125,3.77,406274048,440406016,4577,993,1040,697,717,55171,0.31,18198528,3039232,146,0,1,5,6,post_set,1580,17181.8,44,8
2026-10-03T15:49:14.913+08:00,16415.1,setting,10.1,0,1582,0,104556,0,1081515,3.88,406155264,440287232,4577,993,1040,697,717,55218,0.47,18198528,3039232,146,0,1,5,6,post_set,1581,17191.9,44,8
2026-10-03T15:49:24.882+08:00,16425.0,setting,10.0,0,1583,0,104556,0,1081906,3.92,406032384,440406016,4577,993,1040,697,717,55250,0.31,18198528,3039232,146,0,1,5,6,post_set,1582,17201.9,44,8
2026-10-03T15:49:34.947+08:00,16435.1,setting,10.1,0,1584,0,104556,0,1082281,3.72,405913600,440287232,4577,993,1040,697,717,55281,0.31,18198528,3039232,146,0,1,5,6,post_set,1583,17211.9,44,8
2026-10-03T15:49:44.917+08:00,16445.1,setting,10.0,0,1585,0,104556,0,1082671,3.92,406032384,440406016,4577,993,1040,697,717,55312,0.31,18198528,3039232,146,0,1,5,6,post_set,1584,17221.9,44,8
2026-10-03T15:49:54.877+08:00,16455.1,setting,10.0,0,1586,0,104556,0,1083031,3.61,405913600,440287232,4577,993,1040,697,717,55343,0.31,18198528,3039232,146,0,1,5,6,post_set,1585,17231.9,44,8
2026-10-03T15:50:04.952+08:00,16465.1,setting,10.1,0,1587,0,104556,0,1083421,3.88,406278144,440410112,4577,993,1040,697,717,55375,0.31,18198528,3039232,146,0,1,5,6,post_set,1586,17241.9,44,8
2026-10-03T15:50:14.927+08:00,16475.1,setting,10.0,0,1588,0,104556,0,1083812,3.92,406159360,440291328,4577,993,1040,697,717,55406,0.31,18198528,3039232,146,0,1,5,6,post_set,1587,17251.9,44,8
2026-10-03T15:50:24.900+08:00,16485.1,setting,10.0,0,1589,0,104556,0,1084218,4.07,406278144,440651776,4577,993,1040,697,717,55453,0.47,18198528,3039232,146,0,1,5,6,post_set,1588,17261.9,44,8
2026-10-03T15:50:34.861+08:00,16495.0,setting,10.0,0,1590,0,104556,0,1084734,5.17,406568960,441618432,4590,999,1040,705,717,55484,0.31,18198528,3039232,146,0,1,5,6,post_set,1589,17271.8,44,8
2026-10-03T15:50:44.927+08:00,16505.1,setting,10.1,0,1591,0,104556,0,1085234,4.97,409649152,444145664,4673,993,1040,710,717,55515,0.31,18198528,3039232,146,0,1,5,6,post_set,1590,17281.9,44,8
2026-10-03T15:50:54.899+08:00,16515.1,setting,10.0,0,1592,0,104556,0,1085625,3.92,409530368,444018688,4668,993,1040,709,717,55546,0.31,18198528,3039232,146,0,1,5,6,post_set,1591,17291.9,44,8
2026-10-03T15:51:04.864+08:00,16525.0,setting,10.0,0,1593,0,104556,0,1086000,3.76,409915392,444145664,4668,993,1040,709,717,55578,0.31,18198528,3039232,146,0,1,5,6,post_set,1592,17301.8,44,8
2026-10-03T15:51:14.929+08:00,16535.1,setting,10.1,0,1594,0,104556,0,1086421,4.19,409440256,443461632,4635,993,1040,702,717,55625,0.47,18198528,3039232,146,0,1,5,6,post_set,1593,17311.9,44,8
2026-10-03T15:51:24.895+08:00,16545.1,setting,10.0,0,1595,0,104556,0,1086812,3.92,409321472,443588608,4635,993,1040,702,717,55656,0.31,18198528,3039232,146,0,1,5,6,post_set,1594,17321.9,44,8
2026-10-03T15:51:34.865+08:00,16555.0,setting,10.0,0,1596,0,104556,0,1087218,4.08,409202688,443461632,4635,993,1040,702,717,55687,0.31,18198528,3039232,146,0,1,5,6,post_set,1595,17331.8,44,8
2026-10-03T15:51:44.933+08:00,16565.1,setting,10.1,0,1597,0,104556,0,1087593,3.72,409321472,443588608,4635,993,1040,702,717,55718,0.31,18198528,3039232,146,0,1,5,6,post_set,1596,17341.9,44,8
2026-10-03T15:51:54.901+08:00,16575.1,setting,10.0,0,1598,0,104556,0,1087968,3.76,409202688,443461632,4635,993,1040,702,717,55750,0.31,18198528,3039232,146,0,1,5,6,post_set,1597,17351.9,44,8
2026-10-03T15:52:04.863+08:00,16585.0,setting,10.0,0,1599,0,104556,0,1088375,4.08,409616384,443588608,4635,993,1040,702,717,55781,0.31,18198528,3039232,146,0,1,5,6,post_set,1598,17361.8,44,8
2026-10-03T15:52:14.934+08:00,16595.1,setting,10.1,0,1600,0,104556,0,1088750,3.73,409280512,442916864,4598,993,1040,700,717,55828,0.47,18198528,3039232,146,0,1,5,6,post_set,1599,17371.9,44,8
2026-10-03T15:52:24.899+08:00,16605.1,setting,10.0,0,1601,0,104556,0,1089156,4.07,409157632,443035648,4598,993,1040,700,717,55859,0.31,18198528,3039232,146,0,1,5,6,post_set,1600,17381.9,44,8
2026-10-03T15:52:34.870+08:00,16615.0,setting,10.0,0,1602,0,104556,0,1089531,3.76,409038848,442916864,4598,993,1040,700,717,55890,0.31,18198528,3039232,146,0,1,5,6,post_set,1601,17391.9,44,8
2026-10-03T15:52:44.940+08:00,16625.1,setting,10.1,0,1603,0,104556,0,1089890,3.57,409157632,443035648,4598,993,1040,700,717,55921,0.31,18198528,3039232,146,0,1,5,6,post_set,1602,17401.9,44,8
2026-10-03T15:52:54.909+08:00,16635.1,setting,10.0,0,1604,0,104556,0,1090203,3.13,409038848,442916864,4598,993,1040,700,717,55968,0.47,18198528,3039232,146,0,1,5,6,post_set,1603,17411.9,44,8
2026-10-03T15:53:04.874+08:00,16645.0,setting,10.0,0,1605,0,104556,0,1090562,3.61,409399296,443035648,4598,993,1040,700,717,56000,0.31,18198528,3039232,146,0,1,5,6,post_set,1604,17421.9,44,8
2026-10-03T15:53:14.942+08:00,16655.1,setting,10.1,0,1606,0,104556,0,1090953,3.88,409280512,442916864,4598,993,1040,700,717,56015,0.16,18198528,3039232,146,0,1,5,6,post_set,1605,17431.9,44,8
2026-10-03T15:53:24.916+08:00,16665.1,setting,10.0,0,1607,0,104556,0,1091359,4.07,409128960,442957824,4591,993,1040,699,717,56046,0.31,18198528,3039232,146,0,1,5,6,post_set,1606,17441.9,44,8
2026-10-03T15:53:34.889+08:00,16675.1,setting,10.0,0,1608,0,104556,0,1091750,3.92,409014272,442839040,4591,993,1040,699,717,56078,0.31,18198528,3039232,146,0,1,5,6,post_set,1607,17451.9,44,8
2026-10-03T15:53:44.847+08:00,16685.0,setting,10.0,0,1609,0,104556,0,1092187,4.39,409133056,442957824,4591,993,1040,699,717,56109,0.31,18198528,3039232,146,0,1,5,6,post_set,1608,17461.8,44,8
2026-10-03T15:53:54.917+08:00,16695.1,setting,10.1,0,1610,0,104556,0,1092593,4.04,409014272,442839040,4591,993,1040,699,717,56140,0.31,18198528,3039232,146,0,1,5,6,post_set,1609,17471.9,44,8
2026-10-03T15:54:04.878+08:00,16705.1,setting,10.0,0,1611,0,104556,0,1092984,3.92,409374720,442957824,4591,993,1040,699,717,56171,0.31,18198528,3039232,146,0,1,5,6,post_set,1610,17481.9,44,8
2026-10-03T15:54:14.955+08:00,16715.1,setting,10.1,0,1612,0,104556,0,1093343,3.57,409255936,442839040,4591,993,1040,699,717,56203,0.31,18198528,3039232,146,0,1,5,6,post_set,1611,17491.9,44,8
2026-10-03T15:54:24.927+08:00,16725.1,setting,10.0,0,1613,0,104556,0,1093703,3.60,409133056,442957824,4591,993,1040,699,717,56234,0.31,18198528,3039232,146,0,1,5,6,post_set,1612,17501.9,44,8
2026-10-03T15:54:34.886+08:00,16735.1,setting,10.0,0,1614,0,104556,0,1094093,3.92,409014272,442839040,4591,993,1040,699,717,56265,0.31,18198528,3039232,146,0,1,5,6,post_set,1613,17511.9,44,8
2026-10-03T15:54:44.863+08:00,16745.0,setting,10.0,0,1615,0,104556,0,1094546,4.55,409157632,443035648,4598,993,1040,700,717,56296,0.31,18198528,3039232,146,0,1,5,6,post_set,1614,17521.8,44,8
2026-10-03T15:54:54.920+08:00,16755.1,setting,10.1,0,1616,0,104556,0,1094921,3.72,409042944,442916864,4598,993,1040,700,717,56343,0.47,18198528,3039232,146,0,1,5,6,post_set,1615,17531.9,44,8
2026-10-03T15:55:04.896+08:00,16765.1,setting,10.0,0,1617,0,104556,0,1095281,3.61,409403392,443035648,4598,993,1040,700,717,56359,0.16,18202624,3039232,146,0,1,5,6,post_set,1616,17541.9,44,8
2026-10-03T15:55:14.873+08:00,16775.0,setting,10.0,0,1618,0,104556,0,1095703,4.23,409284608,442916864,4598,993,1040,700,717,56406,0.47,18202624,3039232,146,0,1,5,6,post_set,1617,17551.9,44,8
2026-10-03T15:55:24.938+08:00,16785.1,setting,10.1,0,1619,0,104556,0,1096093,3.88,409161728,443035648,4598,993,1040,700,717,56437,0.31,18202624,3039232,146,0,1,5,6,post_set,1618,17561.9,44,8
2026-10-03T15:55:34.909+08:00,16795.1,setting,10.0,0,1620,0,104556,0,1096453,3.61,406175744,439238656,4598,993,1040,699,717,56468,0.31,18202624,3039232,146,0,1,5,6,post_set,1619,17571.9,44,8
2026-10-03T15:55:44.869+08:00,16805.0,setting,10.0,0,1621,0,104556,0,1096875,4.23,406683648,440389632,4603,993,1040,699,717,56515,0.47,18202624,3039232,146,0,1,5,6,post_set,1620,17581.9,44,8
2026-10-03T15:55:54.944+08:00,16815.1,setting,10.1,0,1622,0,104556,0,1097250,3.73,406573056,440274944,4603,993,1040,699,717,56546,0.31,18202624,3039232,146,0,1,5,6,post_set,1621,17591.9,44,8
2026-10-03T15:56:04.912+08:00,16825.1,setting,10.0,0,1623,0,104556,0,1097656,4.07,406966272,440393728,4603,993,1040,699,717,56593,0.47,18202624,3039232,146,0,1,5,6,post_set,1622,17601.9,44,8
2026-10-03T15:56:14.873+08:00,16835.0,setting,10.0,0,1624,0,104556,0,1098046,3.92,406872064,440410112,4603,993,1040,699,717,56625,0.31,18202624,3039232,146,0,1,5,6,post_set,1623,17611.9,44,8
2026-10-03T15:56:24.947+08:00,16845.1,setting,10.1,0,1625,0,104556,0,1098437,3.88,406757376,440528896,4603,993,1040,699,717,56640,0.16,18202624,3039232,146,0,1,5,6,post_set,1624,17621.9,44,8
2026-10-03T15:56:34.918+08:00,16855.1,setting,10.0,0,1626,0,104556,0,1098796,3.60,406638592,440410112,4603,993,1040,699,717,56671,0.31,18202624,3039232,146,0,1,5,6,post_set,1625,17631.9,44,8
2026-10-03T15:56:44.879+08:00,16865.1,setting,10.0,0,1627,0,104556,0,1099656,8.62,408231936,441675776,4690,993,1040,707,717,56703,0.31,18202624,3039232,146,0,1,5,6,post_set,1626,17641.9,44,8
2026-10-03T15:56:54.945+08:00,16875.1,setting,10.1,0,1628,0,104556,0,1100062,4.04,408129536,441556992,4690,993,1040,706,717,56734,0.31,18202624,3039232,146,0,1,5,6,post_set,1627,17651.9,44,8
2026-10-03T15:57:04.916+08:00,16885.1,setting,10.0,0,1629,0,104556,0,1100421,3.61,407793664,441761792,4692,993,1040,706,717,56765,0.31,18202624,3039232,146,0,1,5,6,post_set,1628,17661.9,44,8
2026-10-03T15:57:14.884+08:00,16895.1,setting,10.0,0,1630,0,104556,0,1100812,3.92,407674880,441757696,4682,993,1040,705,717,56796,0.31,18202624,3039232,146,0,1,5,6,post_set,1629,17671.9,44,8
2026-10-03T15:57:24.948+08:00,16905.1,setting,10.1,0,1631,0,104556,0,1101187,3.72,407556096,441884672,4682,993,1040,705,717,56828,0.31,18202624,3039232,146,0,1,5,6,post_set,1630,17681.9,44,8
2026-10-03T15:57:34.909+08:00,16915.1,setting,10.0,0,1632,0,104556,0,1101578,3.92,407429120,441696256,4674,993,1040,704,717,56859,0.31,18202624,3039232,146,0,1,5,6,post_set,1631,17691.9,44,8
2026-10-03T15:57:44.870+08:00,16925.0,setting,10.0,0,1633,0,104556,0,1101968,3.92,407060480,441806848,4605,993,1040,700,717,56890,0.31,18202624,3039232,146,0,1,5,6,post_set,1632,17701.9,44,8
2026-10-03T15:57:54.938+08:00,16935.1,setting,10.1,0,1634,0,104556,0,1102343,3.73,406896640,441610240,4600,993,1040,700,717,56921,0.31,18202624,3039232,146,0,1,5,6,post_set,1633,17711.9,44,8
2026-10-03T15:58:04.903+08:00,16945.1,setting,10.0,0,1635,0,104556,0,1102703,3.60,407257088,441729024,4600,993,1040,700,717,56953,0.31,18202624,3039232,146,0,1,5,6,post_set,1634,17721.9,44,8
2026-10-03T15:58:14.867+08:00,16955.0,setting,10.0,0,1636,0,104556,0,1103093,3.92,407138304,441610240,4600,993,1040,700,717,56984,0.31,18202624,3039232,146,0,1,5,6,post_set,1635,17731.8,44,8
2026-10-03T15:58:24.929+08:00,16965.1,setting,10.1,0,1637,0,104556,0,1103500,4.04,407015424,441729024,4600,993,1040,700,717,57015,0.31,18202624,3039232,146,0,1,5,6,post_set,1636,17741.9,44,8
2026-10-03T15:58:34.897+08:00,16975.1,setting,10.0,0,1638,0,104556,0,1103843,3.45,406896640,441610240,4600,993,1040,700,717,57046,0.31,18202624,3039232,146,0,1,5,6,post_set,1637,17751.9,44,8
2026-10-03T15:58:44.868+08:00,16985.0,setting,10.0,0,1639,0,104556,0,1104203,3.61,407015424,441729024,4600,993,1040,700,717,57078,0.31,18202624,3039232,146,0,1,5,6,post_set,1638,17761.9,44,8
2026-10-03T15:58:54.942+08:00,16995.1,setting,10.1,0,1640,0,104556,0,1104593,3.88,406896640,441610240,4600,993,1040,700,717,57109,0.31,18202624,3039232,146,0,1,5,6,post_set,1639,17771.9,44,8
2026-10-03T15:59:04.906+08:00,17005.1,setting,10.0,0,1641,0,104556,0,1105046,4.54,407179264,441495552,4582,993,1040,698,717,57156,0.47,18202624,3039232,146,0,1,5,6,post_set,1640,17781.9,44,8
2026-10-03T15:59:14.870+08:00,17015.0,setting,10.0,0,1642,0,104556,0,1105421,3.76,407085056,441454592,4588,993,1040,699,717,57171,0.16,18202624,3039232,146,0,1,5,6,post_set,1641,17791.9,44,8
2026-10-03T15:59:24.931+08:00,17025.1,setting,10.1,0,1643,0,104556,0,1105828,4.04,406974464,441573376,4588,993,1040,699,717,57187,0.16,18202624,3039232,146,0,1,5,6,post_set,1642,17801.9,44,8
2026-10-03T15:59:34.893+08:00,17035.1,setting,10.0,0,1644,0,104556,0,1106281,4.55,406855680,441454592,4588,993,1040,699,717,57203,0.16,18202624,3039232,146,0,1,5,6,post_set,1643,17811.9,44,8
2026-10-03T15:59:44.861+08:00,17045.0,setting,10.0,0,1645,0,104556,0,1106640,3.61,406974464,441573376,4588,993,1040,699,717,57234,0.31,18202624,3039232,146,0,1,5,6,post_set,1644,17821.8,44,8
2026-10-03T15:59:54.922+08:00,17055.1,setting,10.1,0,1646,0,104556,0,1106984,3.41,406855680,441454592,4588,993,1040,699,717,57281,0.47,18202624,3039232,146,0,1,5,6,post_set,1645,17831.9,44,8
2026-10-03T16:00:04.887+08:00,17065.1,setting,10.0,0,1647,0,104556,0,1107375,3.92,407216128,441573376,4588,993,1040,699,717,57296,0.16,18202624,3039232,146,0,1,5,6,post_set,1646,17841.9,44,8
2026-10-03T16:00:14.854+08:00,17075.0,setting,10.0,0,1648,0,104556,0,1107750,3.76,407097344,441454592,4588,993,1040,699,717,57328,0.31,18202624,3039232,146,0,1,5,6,post_set,1647,17851.8,44,8
2026-10-03T16:00:24.925+08:00,17085.1,setting,10.1,0,1649,0,104556,0,1108140,3.88,406974464,441573376,4588,993,1040,699,717,57359,0.31,18202624,3039232,146,0,1,5,6,post_set,1648,17861.9,44,8
2026-10-03T16:00:34.894+08:00,17095.1,setting,10.0,0,1650,0,104556,0,1108546,4.07,406855680,441454592,4589,993,1040,699,717,57406,0.47,18202624,3039232,146,0,1,5,6,post_set,1649,17871.9,44,8
2026-10-03T16:00:44.864+08:00,17105.0,setting,10.0,0,1651,0,104556,0,1108906,3.60,406974464,441573376,4589,993,1040,699,717,57453,0.47,18206720,3039232,146,0,1,5,6,post_set,1650,17881.8,44,8
2026-10-03T16:00:54.931+08:00,17115.1,setting,10.1,0,1652,0,104556,0,1109250,3.41,406855680,441454592,4589,993,1040,699,717,57484,0.31,18206720,3039232,146,0,1,5,6,post_set,1651,17891.9,44,8
2026-10-03T16:01:04.892+08:00,17125.1,setting,10.0,0,1653,0,104556,0,1109625,3.76,407216128,441573376,4589,993,1040,699,717,57531,0.47,18206720,3039232,146,0,1,5,6,post_set,1652,17901.9,44,8
2026-10-03T16:01:14.865+08:00,17135.0,setting,10.0,0,1654,0,104556,0,1110000,3.76,407097344,441454592,4588,993,1040,699,717,57546,0.16,18206720,3039232,146,0,1,5,6,post_set,1653,17911.8,44,8
2026-10-03T16:01:24.936+08:00,17145.1,setting,10.1,0,1655,0,104556,0,1110375,3.72,406974464,441573376,4588,993,1040,699,717,57578,0.31,18206720,3039232,146,0,1,5,6,post_set,1654,17921.9,44,8
2026-10-03T16:01:34.906+08:00,17155.1,setting,10.0,0,1656,0,104556,0,1110750,3.76,406855680,441454592,4588,993,1040,699,717,57609,0.31,18206720,3039232,146,0,1,5,6,post_set,1655,17931.9,44,8
2026-10-03T16:01:44.877+08:00,17165.0,setting,10.0,0,1657,0,104556,0,1111140,3.92,405622784,440012800,4588,993,1040,698,717,57640,0.31,18206720,3039232,146,0,1,5,6,post_set,1656,17941.9,44,8
2026-10-03T16:01:54.949+08:00,17175.1,setting,10.1,0,1658,0,104556,0,1111515,3.72,405573632,439959552,4588,993,1040,698,717,57671,0.31,18206720,3039232,146,0,1,5,6,post_set,1657,17951.9,44,8
2026-10-03T16:02:04.908+08:00,17185.1,setting,10.0,0,1659,0,104556,0,1111875,3.60,405991424,440119296,4588,993,1040,698,717,57703,0.31,18206720,3039232,146,0,1,5,6,post_set,1658,17961.9,44,8
2026-10-03T16:02:14.869+08:00,17195.0,setting,10.0,0,1660,0,104556,0,1112234,3.61,405950464,440061952,4588,993,1040,698,717,57718,0.16,18206720,3039232,146,0,1,5,6,post_set,1659,17971.9,44,8
2026-10-03T16:02:24.937+08:00,17205.1,setting,10.1,0,1661,0,104556,0,1112625,3.88,405852160,440209408,4588,993,1040,698,717,57750,0.31,18206720,3039232,146,0,1,5,6,post_set,1660,17981.9,44,8
2026-10-03T16:02:34.905+08:00,17215.1,setting,10.0,0,1662,0,104556,0,1113015,3.92,405733376,440090624,4588,993,1040,698,717,57781,0.31,18206720,3039232,146,0,1,5,6,post_set,1661,17991.9,44,8
2026-10-03T16:02:44.878+08:00,17225.0,setting,10.0,0,1663,0,104556,0,1113390,3.76,405864448,440221696,4588,993,1040,698,717,57812,0.31,18206720,3039232,146,0,1,5,6,post_set,1662,18001.9,44,8
2026-10-03T16:02:54.950+08:00,17235.1,setting,10.1,0,1664,0,104556,0,1113750,3.57,405745664,440102912,4588,993,1040,698,717,57859,0.47,18206720,3039232,146,0,1,5,6,post_set,1663,18011.9,44,8
2026-10-03T16:03:04.920+08:00,17245.1,setting,10.0,0,1665,0,104556,0,1114171,4.23,406106112,440221696,4588,993,1040,698,717,57890,0.31,18206720,3039232,146,0,1,5,6,post_set,1664,18021.9,44,8
2026-10-03T16:03:14.883+08:00,17255.1,setting,10.0,0,1666,0,104556,0,1114578,4.07,405991424,440102912,4588,993,1040,698,717,57921,0.31,18206720,3039232,146,0,1,5,6,post_set,1665,18031.9,44,8
2026-10-03T16:03:24.945+08:00,17265.1,setting,10.1,0,1667,0,104556,0,1114937,3.57,405843968,440143872,4581,993,1040,697,717,57953,0.31,18206720,3039232,146,0,1,5,6,post_set,1666,18041.9,44,8
2026-10-03T16:03:34.914+08:00,17275.1,setting,10.0,0,1668,0,104556,0,1115343,4.08,405753856,440053760,4581,993,1040,697,717,58015,0.63,18206720,3039232,146,0,1,5,6,post_set,1667,18051.9,44,8
2026-10-03T16:03:44.878+08:00,17285.0,setting,10.0,0,1669,0,104556,0,1115734,3.92,405880832,440180736,4581,993,1040,697,717,58046,0.31,18206720,3039232,146,0,1,5,6,post_set,1668,18061.9,44,8
2026-10-03T16:03:54.939+08:00,17295.1,setting,10.1,0,1670,0,104556,0,1116109,3.73,405766144,440066048,4581,993,1040,697,717,58078,0.31,18206720,3039232,146,0,1,5,6,post_set,1669,18071.9,44,8
2026-10-03T16:04:04.910+08:00,17305.1,setting,10.0,0,1671,0,104556,0,1116500,3.92,406130688,440184832,4581,993,1040,697,717,58093,0.16,18206720,3039232,146,0,1,5,6,post_set,1670,18081.9,44,8
2026-10-03T16:04:14.879+08:00,17315.0,setting,10.0,0,1672,0,104556,0,1116890,3.92,406069248,440127488,4581,993,1040,697,717,58125,0.31,18206720,3039232,146,0,1,5,6,post_set,1671,18091.9,44,8
2026-10-03T16:04:24.946+08:00,17325.1,setting,10.1,0,1673,0,104556,0,1117296,4.04,405946368,440246272,4581,993,1040,697,717,58156,0.31,18206720,3039232,146,0,1,5,6,post_set,1672,18101.9,44,8
2026-10-03T16:04:34.920+08:00,17335.1,setting,10.0,0,1674,0,104556,0,1117671,3.76,405827584,440127488,4581,993,1040,697,717,58187,0.31,18206720,3039232,146,0,1,5,6,post_set,1673,18111.9,44,8
2026-10-03T16:04:44.887+08:00,17345.1,setting,10.0,0,1675,0,104556,0,1118031,3.60,405979136,440279040,4581,993,1040,697,717,58234,0.47,18206720,3039232,146,0,1,5,6,post_set,1674,18121.9,44,8
2026-10-03T16:04:54.851+08:00,17355.0,setting,10.0,0,1676,0,104556,0,1118406,3.76,405860352,440160256,4581,993,1040,697,717,58265,0.31,18206720,3039232,146,0,1,5,6,post_set,1675,18131.8,44,8
2026-10-03T16:05:04.906+08:00,17365.1,setting,10.1,0,1677,0,104556,0,1118812,4.04,406220800,440279040,4581,993,1040,697,717,58281,0.16,18206720,3039232,146,0,1,5,6,post_set,1676,18141.9,44,8
2026-10-03T16:05:14.871+08:00,17375.0,setting,10.0,0,1678,0,104556,0,1119203,3.92,406106112,440160256,4581,993,1040,697,717,58296,0.16,18206720,3039232,146,0,1,5,6,post_set,1677,18151.9,44,8
2026-10-03T16:05:24.944+08:00,17385.1,setting,10.1,0,1679,0,104556,0,1119609,4.04,405983232,440279040,4581,993,1040,697,717,58328,0.31,18206720,3039232,146,0,1,5,6,post_set,1678,18161.9,44,8
2026-10-03T16:05:34.909+08:00,17395.1,setting,10.0,0,1680,0,104556,0,1120031,4.23,405864448,440160256,4581,993,1040,697,717,58375,0.47,18206720,3039232,146,0,1,5,6,post_set,1679,18171.9,44,8
2026-10-03T16:05:44.882+08:00,17405.0,setting,10.0,0,1681,0,104556,0,1120453,4.23,405983232,440279040,4581,993,1040,697,717,58375,0.00,18206720,3039232,146,0,1,5,6,post_set,1680,18181.9,44,8
2026-10-03T16:05:54.949+08:00,17415.1,setting,10.1,0,1682,0,104556,0,1120828,3.72,405868544,440160256,4581,993,1040,697,717,58406,0.31,18206720,3039232,146,0,1,5,6,post_set,1681,18191.9,44,8
2026-10-03T16:06:04.922+08:00,17425.1,setting,10.0,0,1683,0,104556,0,1121203,3.76,406315008,440434688,4583,993,1040,697,717,58437,0.31,18206720,3039232,146,0,1,5,6,post_set,1682,18201.9,44,8
2026-10-03T16:06:14.904+08:00,17435.1,setting,10.0,0,1684,0,104556,0,1121578,3.76,406208512,440320000,4588,993,1040,698,717,58468,0.31,18206720,3039232,146,0,1,5,6,post_set,1683,18211.9,44,8
2026-10-03T16:06:24.868+08:00,17445.0,setting,10.0,0,1685,0,104556,0,1121968,3.92,406085632,440438784,4588,993,1040,698,717,58500,0.31,18210816,3039232,146,0,1,5,6,post_set,1684,18221.8,44,8
2026-10-03T16:06:34.931+08:00,17455.1,setting,10.1,0,1686,0,104556,0,1122375,4.04,405966848,440320000,4588,993,1040,698,717,58531,0.31,18210816,3039232,146,0,1,5,6,post_set,1685,18231.9,44,8
2026-10-03T16:06:44.895+08:00,17465.1,setting,10.0,0,1687,0,104556,0,1122781,4.08,406085632,440438784,4588,993,1040,698,717,58546,0.16,18210816,3039232,146,0,1,5,6,post_set,1686,18241.9,44,8
2026-10-03T16:06:54.863+08:00,17475.0,setting,10.0,0,1688,0,104556,0,1123187,4.08,405966848,440320000,4588,993,1040,698,717,58578,0.31,18210816,3039232,146,0,1,5,6,post_set,1687,18251.8,44,8
2026-10-03T16:07:04.934+08:00,17485.1,setting,10.1,0,1689,0,104556,0,1123609,4.19,406331392,440471552,4588,993,1040,698,717,58593,0.16,18210816,3039232,146,0,1,5,6,post_set,1688,18261.9,44,8
2026-10-03T16:07:14.897+08:00,17495.1,setting,10.0,0,1690,0,104556,0,1123968,3.60,406212608,440352768,4588,993,1040,698,717,58625,0.31,18210816,3039232,146,0,1,5,6,post_set,1689,18271.9,44,8
2026-10-03T16:07:24.873+08:00,17505.0,setting,10.0,0,1691,0,104556,0,1124328,3.61,406097920,440471552,4588,993,1040,698,717,58656,0.31,18210816,3039232,146,0,1,5,6,post_set,1690,18281.9,44,8
2026-10-03T16:07:34.950+08:00,17515.1,setting,10.1,0,1692,0,104556,0,1124718,3.88,405979136,440352768,4588,993,1040,698,717,58734,0.78,18210816,3039232,146,0,1,5,6,post_set,1691,18291.9,44,8
2026-10-03T16:07:44.927+08:00,17525.1,setting,10.0,0,1693,0,104556,0,1125109,3.91,406097920,440471552,4588,993,1040,698,717,58765,0.31,18210816,3039232,146,0,1,5,6,post_set,1692,18301.9,44,8
2026-10-03T16:07:54.890+08:00,17535.1,setting,10.0,0,1694,0,104556,0,1125484,3.76,405979136,440352768,4588,993,1040,698,717,58796,0.31,18210816,3039232,146,0,1,5,6,post_set,1693,18311.9,44,8
2026-10-03T16:08:04.863+08:00,17545.0,setting,10.0,0,1695,0,104556,0,1125875,3.92,406339584,440471552,4588,993,1040,698,717,58812,0.16,18210816,3039232,146,0,1,5,6,post_set,1694,18321.8,44,8
2026-10-03T16:08:14.920+08:00,17555.1,setting,10.1,0,1696,0,104556,0,1126250,3.72,406220800,440352768,4588,993,1040,698,717,58859,0.47,18210816,3039232,146,0,1,5,6,post_set,1695,18331.9,44,8
2026-10-03T16:08:24.887+08:00,17565.1,setting,10.0,0,1697,0,104556,0,1126656,4.08,406097920,440471552,4588,993,1040,698,717,58875,0.16,18210816,3039232,146,0,1,5,6,post_set,1696,18341.9,44,8
2026-10-03T16:08:34.860+08:00,17575.0,setting,10.0,0,1698,0,104556,0,1127015,3.61,405979136,440352768,4588,993,1040,698,717,58890,0.16,18210816,3039232,146,0,1,5,6,post_set,1697,18351.8,44,8
2026-10-03T16:08:44.930+08:00,17585.1,setting,10.1,0,1699,0,104556,0,1127390,3.72,406097920,440471552,4588,993,1040,698,717,58921,0.31,18210816,3039232,146,0,1,5,6,post_set,1698,18361.9,44,8
2026-10-03T16:08:54.895+08:00,17595.1,setting,10.0,0,1700,0,104556,0,1127765,3.76,405979136,440352768,4588,993,1040,698,717,58953,0.31,18210816,3039232,146,0,1,5,6,post_set,1699,18371.9,44,8
2026-10-03T16:09:04.854+08:00,17605.0,setting,10.0,0,1701,0,104556,0,1128171,4.08,406376448,440508416,4588,993,1040,698,717,59000,0.47,18210816,3039232,146,0,1,5,6,post_set,1700,18381.8,44,8
2026-10-03T16:09:14.921+08:00,17615.1,setting,10.1,0,1702,0,104556,0,1128500,3.26,406298624,440430592,4588,993,1040,698,717,59046,0.47,18210816,3039232,146,0,1,5,6,post_set,1701,18391.9,44,8
2026-10-03T16:09:24.889+08:00,17625.1,setting,10.0,0,1703,0,104556,0,1128843,3.45,406175744,440549376,4588,993,1040,698,717,59078,0.31,18210816,3039232,146,0,1,5,6,post_set,1702,18401.9,44,8
2026-10-03T16:09:34.866+08:00,17635.0,setting,10.0,0,1704,0,104556,0,1129218,3.76,406056960,440430592,4588,993,1040,698,717,59109,0.31,18210816,3039232,146,0,1,5,6,post_set,1703,18411.8,44,8
2026-10-03T16:09:44.939+08:00,17645.1,setting,10.1,0,1705,0,104556,0,1129578,3.57,406175744,440549376,4588,993,1040,698,717,59156,0.47,18210816,3039232,146,0,1,5,6,post_set,1704,18421.9,44,8
2026-10-03T16:09:54.903+08:00,17655.1,setting,10.0,0,1706,0,104556,0,1129953,3.76,406056960,440430592,4588,993,1040,698,717,59187,0.31,18210816,3039232,146,0,1,5,6,post_set,1705,18431.9,44,8
2026-10-03T16:10:04.870+08:00,17665.0,setting,10.0,0,1707,0,104556,0,1130343,3.92,406417408,440549376,4588,993,1040,698,717,59218,0.31,18210816,3039232,146,0,1,5,6,post_set,1706,18441.8,44,8
2026-10-03T16:10:14.935+08:00,17675.1,setting,10.1,0,1708,0,104556,0,1130734,3.88,406298624,440430592,4588,993,1040,698,717,59250,0.31,18210816,3039232,146,0,1,5,6,post_set,1707,18451.9,44,8
2026-10-03T16:10:24.909+08:00,17685.1,setting,10.0,0,1709,0,104556,0,1131078,3.45,406175744,440549376,4588,993,1040,698,717,59281,0.31,18210816,3039232,146,0,1,5,6,post_set,1708,18461.9,44,8
2026-10-03T16:10:34.877+08:00,17695.0,setting,10.0,0,1710,0,104556,0,1131468,3.92,406056960,440430592,4588,993,1040,698,717,59312,0.31,18210816,3039232,146,0,1,5,6,post_set,1709,18471.9,44,8
2026-10-03T16:10:44.948+08:00,17705.1,setting,10.1,0,1711,0,104556,0,1131828,3.57,406233088,440610816,4588,993,1040,698,717,59343,0.31,18210816,3039232,146,0,1,5,6,post_set,1710,18481.9,44,8
2026-10-03T16:10:54.907+08:00,17715.1,setting,10.0,0,1712,0,104556,0,1132171,3.45,406114304,440492032,4588,993,1040,698,717,59375,0.31,18210816,3039232,146,0,1,5,6,post_set,1711,18491.9,44,8
2026-10-03T16:11:04.872+08:00,17725.0,setting,10.0,0,1713,0,104556,0,1132531,3.61,406474752,440610816,4588,993,1040,698,717,59390,0.16,18210816,3039232,146,0,1,5,6,post_set,1712,18501.9,44,8
2026-10-03T16:11:14.946+08:00,17735.1,setting,10.1,0,1714,0,104556,0,1132968,4.34,406360064,440492032,4588,993,1040,698,717,59421,0.31,18210816,3039232,146,0,1,5,6,post_set,1713,18511.9,44,8
2026-10-03T16:11:24.912+08:00,17745.1,setting,10.0,0,1715,0,104556,0,1133406,4.39,406265856,440639488,4588,993,1040,698,717,59453,0.31,18210816,3039232,146,0,1,5,6,post_set,1714,18521.9,44,8
2026-10-03T16:11:34.889+08:00,17755.1,setting,10.0,0,1716,0,104556,0,1133765,3.60,406147072,440520704,4588,993,1040,698,717,59484,0.31,18210816,3039232,146,0,1,5,6,post_set,1715,18531.9,44,8
2026-10-03T16:11:44.853+08:00,17765.0,setting,10.0,0,1717,0,104556,0,1134187,4.23,406265856,440639488,4588,993,1040,698,717,59515,0.31,18210816,3039232,146,0,1,5,6,post_set,1716,18541.8,44,8
2026-10-03T16:11:54.918+08:00,17775.1,setting,10.1,0,1718,0,104556,0,1134546,3.57,406147072,440520704,4588,993,1040,698,717,59546,0.31,18210816,3039232,146,0,1,5,6,post_set,1717,18551.9,44,8
2026-10-03T16:12:04.885+08:00,17785.1,setting,10.0,0,1719,0,104556,0,1134937,3.92,406507520,440639488,4588,993,1040,698,717,59593,0.47,18214912,3039232,146,0,1,5,6,post_set,1718,18561.9,44,8
2026-10-03T16:12:14.957+08:00,17795.1,setting,10.1,0,1720,0,104556,0,1135312,3.72,406388736,440520704,4588,993,1040,698,717,59640,0.47,18255872,3096576,146,0,1,5,6,post_set,1719,18571.9,44,8
2026-10-03T16:12:24.924+08:00,17805.1,setting,10.0,0,1721,0,104556,0,1135703,3.92,406269952,440590336,4581,993,1040,697,717,59703,0.63,18255872,3096576,146,0,1,5,6,post_set,1720,18581.9,44,8
2026-10-03T16:12:34.884+08:00,17815.1,setting,10.0,0,1722,0,104556,0,1136125,4.23,406151168,440471552,4581,993,1040,697,717,59734,0.31,18255872,3096576,146,0,1,5,6,post_set,1721,18591.9,44,8
2026-10-03T16:12:44.948+08:00,17825.1,setting,10.1,0,1723,0,104556,0,1136562,4.35,406269952,440590336,4581,993,1040,697,717,59781,0.47,18255872,3096576,146,0,1,5,6,post_set,1722,18601.9,44,8
2026-10-03T16:12:54.918+08:00,17835.1,setting,10.0,0,1724,0,104556,0,1136937,3.76,406151168,440471552,4581,993,1040,697,717,59812,0.31,18255872,3096576,146,0,1,5,6,post_set,1723,18611.9,44,8
2026-10-03T16:13:04.881+08:00,17845.1,setting,10.0,0,1725,0,104556,0,1137359,4.23,406528000,440668160,4585,993,1040,697,717,59843,0.31,18255872,3096576,146,0,1,5,6,post_set,1724,18621.9,44,8
2026-10-03T16:13:14.955+08:00,17855.1,setting,10.1,0,1726,0,104556,0,1137765,4.04,406462464,440606720,4588,993,1040,698,717,59875,0.31,18255872,3096576,146,0,1,5,6,post_set,1725,18631.9,44,8
2026-10-03T16:13:24.915+08:00,17865.1,setting,10.0,0,1727,0,104556,0,1138171,4.07,406343680,440725504,4588,993,1040,698,717,59921,0.47,18255872,3096576,146,0,1,5,6,post_set,1726,18641.9,44,8
2026-10-03T16:13:34.876+08:00,17875.0,setting,10.0,0,1728,0,104556,0,1138562,3.92,406228992,440606720,4588,993,1040,698,717,59953,0.31,18255872,3096576,146,0,1,5,6,post_set,1727,18651.9,44,8
2026-10-03T16:13:44.949+08:00,17885.1,setting,10.1,0,1729,0,104556,0,1138937,3.73,406347776,440725504,4588,993,1040,698,717,59968,0.16,18255872,3096576,146,0,1,5,6,post_set,1728,18661.9,44,8
2026-10-03T16:13:54.924+08:00,17895.1,setting,10.0,0,1730,0,104556,0,1139359,4.23,406233088,440606720,4588,993,1040,698,717,60000,0.31,18255872,3096576,146,0,1,5,6,post_set,1729,18671.9,44,8
2026-10-03T16:14:04.894+08:00,17905.1,setting,10.0,0,1731,0,104556,0,1139734,3.76,406634496,440852480,4588,993,1040,698,717,60031,0.31,18255872,3096576,146,0,1,5,6,post_set,1730,18681.9,44,8
2026-10-03T16:14:14.869+08:00,17915.0,setting,10.0,0,1732,0,104556,0,1140156,4.23,406515712,440733696,4588,993,1040,698,717,60062,0.31,18255872,3096576,146,0,1,5,6,post_set,1731,18691.8,44,8
2026-10-03T16:14:24.935+08:00,17925.1,setting,10.1,0,1733,0,104556,0,1140546,3.88,406392832,440852480,4588,993,1040,698,717,60093,0.31,18255872,3096576,146,0,1,5,6,post_set,1732,18701.9,44,8
2026-10-03T16:14:34.906+08:00,17935.1,setting,10.0,0,1734,0,104556,0,1140968,4.23,406274048,440733696,4588,993,1040,698,717,60125,0.31,18255872,3096576,146,0,1,5,6,post_set,1733,18711.9,44,8
2026-10-03T16:14:44.875+08:00,17945.0,setting,10.0,0,1735,0,104556,0,1141312,3.45,406392832,440852480,4588,993,1040,698,717,60156,0.31,18255872,3096576,146,0,1,5,6,post_set,1734,18721.9,44,8
2026-10-03T16:14:54.941+08:00,17955.1,setting,10.1,0,1736,0,104556,0,1141703,3.88,406274048,440733696,4588,993,1040,698,717,60187,0.31,18255872,3096576,146,0,1,5,6,post_set,1735,18731.9,44,8
2026-10-03T16:15:04.906+08:00,17965.1,setting,10.0,0,1737,0,104556,0,1142109,4.08,406638592,440852480,4588,993,1040,698,717,60203,0.16,18255872,3096576,146,0,1,5,6,post_set,1736,18741.9,44,8
2026-10-03T16:15:14.876+08:00,17975.0,setting,10.0,0,1738,0,104556,0,1142484,3.76,406573056,440795136,4588,993,1040,698,717,60234,0.31,18255872,3096576,146,0,1,5,6,post_set,1737,18751.9,44,8
2026-10-03T16:15:24.940+08:00,17985.1,setting,10.1,0,1739,0,104556,0,1142875,3.88,406450176,440913920,4588,993,1040,698,717,60265,0.31,18255872,3096576,146,0,1,5,6,post_set,1738,18761.9,44,8
2026-10-03T16:15:34.904+08:00,17995.1,setting,10.0,0,1740,0,104556,0,1143250,3.76,406335488,440795136,4588,993,1040,698,717,60281,0.16,18255872,3096576,146,0,1,5,6,post_set,1739,18771.9,44,8
2026-10-03T16:15:44.873+08:00,18005.0,setting,10.0,0,1741,0,104556,0,1143625,3.76,406433792,440836096,4581,993,1040,697,717,60312,0.31,18255872,3096576,146,0,1,5,6,post_set,1740,18781.9,44,8
2026-10-03T16:15:54.933+08:00,18015.1,setting,10.1,0,1742,0,104556,0,1144062,4.35,406319104,440721408,4581,993,1040,697,717,60343,0.31,18255872,3096576,146,0,1,5,6,post_set,1741,18791.9,44,8
2026-10-03T16:16:04.901+08:00,18025.1,setting,10.0,0,1743,0,104556,0,1144468,4.08,406708224,440868864,4581,993,1040,697,717,60359,0.16,18255872,3096576,146,0,1,5,6,post_set,1742,18801.9,44,8
2026-10-03T16:16:14.867+08:00,18035.0,setting,10.0,0,1744,0,104556,0,1144843,3.76,406589440,440750080,4581,993,1040,697,717,60390,0.31,18255872,3096576,146,0,1,5,6,post_set,1743,18811.8,44,8
2026-10-03T16:16:24.942+08:00,18045.1,setting,10.1,0,1745,0,104556,0,1145203,3.57,406466560,440868864,4581,993,1040,697,717,60421,0.31,18255872,3096576,146,0,1,5,6,post_set,1744,18821.9,44,8
2026-10-03T16:16:34.913+08:00,18055.1,setting,10.0,0,1746,0,104556,0,1145562,3.60,406347776,440750080,4581,993,1040,697,717,60484,0.63,18255872,3096576,146,0,1,5,6,post_set,1745,18831.9,44,8
2026-10-03T16:16:44.890+08:00,18065.1,setting,10.0,0,1747,0,104556,0,1145984,4.23,406523904,440946688,4581,993,1040,697,717,60531,0.47,18255872,3096576,146,0,1,5,6,post_set,1746,18841.9,44,8
2026-10-03T16:16:54.861+08:00,18075.0,setting,10.0,0,1748,0,104556,0,1146343,3.60,406405120,440827904,4581,993,1040,697,717,60562,0.31,18255872,3096576,146,0,1,5,6,post_set,1747,18851.8,44,8
2026-10-03T16:17:04.932+08:00,18085.1,setting,10.1,0,1749,0,104556,0,1146734,3.88,406773760,440950784,4581,993,1040,697,717,60593,0.31,18255872,3096576,146,0,1,5,6,post_set,1748,18861.9,44,8
2026-10-03T16:17:14.899+08:00,18095.1,setting,10.0,0,1750,0,104556,0,1147125,3.92,406654976,440832000,4581,993,1040,697,717,60625,0.31,18255872,3096576,146,0,1,5,6,post_set,1749,18871.9,44,8
2026-10-03T16:17:24.871+08:00,18105.0,setting,10.0,0,1751,0,104556,0,1147515,3.92,406532096,440950784,4581,993,1040,697,717,60656,0.31,18255872,3096576,146,0,1,5,6,post_set,1750,18881.8,44,8
2026-10-03T16:17:34.942+08:00,18115.1,setting,10.1,0,1752,0,104556,0,1147890,3.72,406413312,440832000,4581,993,1040,697,717,60687,0.31,18255872,3096576,146,0,1,5,6,post_set,1751,18891.9,44,8
2026-10-03T16:17:44.916+08:00,18125.1,setting,10.0,0,1753,0,104556,0,1148265,3.76,406532096,440950784,4581,993,1040,697,717,60718,0.31,18255872,3096576,146,0,1,5,6,post_set,1752,18901.9,44,8
2026-10-03T16:17:54.899+08:00,18135.1,setting,10.0,0,1754,0,104556,0,1148671,4.07,406413312,440832000,4581,993,1040,697,717,60765,0.47,18259968,3096576,146,0,1,5,6,post_set,1753,18911.9,44,8
2026-10-03T16:18:04.856+08:00,18145.0,setting,10.0,0,1755,0,104556,0,1149046,3.76,406773760,440950784,4581,993,1040,697,717,60812,0.47,18259968,3096576,146,0,1,5,6,post_set,1754,18921.8,44,8
2026-10-03T16:18:14.917+08:00,18155.1,setting,10.1,0,1756,0,104556,0,1149437,3.88,406654976,440832000,4581,993,1040,697,717,60843,0.31,18259968,3096576,146,0,1,5,6,post_set,1755,18931.9,44,8
2026-10-03T16:18:24.881+08:00,18165.0,setting,10.0,0,1757,0,104556,0,1149812,3.77,406532096,440950784,4581,993,1040,697,717,60890,0.47,18259968,3096576,146,0,1,5,6,post_set,1756,18941.9,44,8
2026-10-03T16:18:34.953+08:00,18175.1,setting,10.1,0,1758,0,104556,0,1150218,4.04,406413312,440832000,4581,993,1040,697,717,60921,0.31,18259968,3096576,146,0,1,5,6,post_set,1757,18951.9,44,8
2026-10-03T16:18:44.912+08:00,18185.1,setting,10.0,0,1759,0,104556,0,1150578,3.60,406532096,440950784,4581,993,1040,697,717,60953,0.31,18259968,3096576,146,0,1,5,6,post_set,1758,18961.9,44,8
2026-10-03T16:18:54.878+08:00,18195.0,setting,10.0,0,1760,0,104556,0,1150968,3.92,406413312,440832000,4581,993,1040,697,717,60984,0.31,18259968,3096576,146,0,1,5,6,post_set,1759,18971.9,44,8
2026-10-03T16:19:04.941+08:00,18205.1,setting,10.1,0,1761,0,104556,0,1151359,3.88,406794240,441032704,4585,993,1040,697,717,60984,0.00,18259968,3096576,146,0,1,5,6,post_set,1760,18981.9,44,8
2026-10-03T16:19:14.908+08:00,18215.1,setting,10.0,0,1762,0,104556,0,1151750,3.92,406691840,440922112,4588,993,1040,698,717,61015,0.31,18259968,3096576,146,0,1,5,6,post_set,1761,18991.9,44,8
2026-10-03T16:19:24.884+08:00,18225.0,setting,10.0,0,1763,0,104556,0,1152140,3.92,406568960,441040896,4588,993,1040,698,717,61046,0.31,18259968,3096576,146,0,1,5,6,post_set,1762,19001.9,44,8
2026-10-03T16:19:34.948+08:00,18235.1,setting,10.1,0,1764,0,104556,0,1152531,3.88,406450176,440922112,4588,993,1040,698,717,61078,0.31,18259968,3096576,146,0,1,5,6,post_set,1763,19011.9,44,8
2026-10-03T16:19:44.913+08:00,18245.1,setting,10.0,0,1765,0,104556,0,1152937,4.08,406634496,441126912,4588,993,1040,698,717,61109,0.31,18259968,3096576,146,0,1,5,6,post_set,1764,19021.9,44,8
2026-10-03T16:19:54.879+08:00,18255.0,setting,10.0,0,1766,0,104556,0,1153375,4.39,406515712,441008128,4588,993,1040,698,717,61156,0.47,18259968,3096576,146,0,1,5,6,post_set,1765,19031.9,44,8
2026-10-03T16:20:04.944+08:00,18265.1,setting,10.1,0,1767,0,104556,0,1153671,2.95,406880256,441126912,4588,993,1040,698,717,61171,0.16,18259968,3096576,146,0,1,5,6,post_set,1766,19041.9,44,8
2026-10-03T16:20:14.908+08:00,18275.1,setting,10.0,0,1768,0,104556,0,1154062,3.92,406761472,441008128,4588,993,1040,698,717,61218,0.47,18259968,3096576,146,0,1,5,6,post_set,1767,19051.9,44,8
2026-10-03T16:20:24.873+08:00,18285.0,setting,10.0,0,1769,0,104556,0,1154453,3.92,406638592,441126912,4588,993,1040,698,717,61234,0.16,18259968,3096576,146,0,1,5,6,post_set,1768,19061.9,44,8
2026-10-03T16:20:34.943+08:00,18295.1,setting,10.1,0,1770,0,104556,0,1154828,3.72,406519808,441008128,4588,993,1040,698,717,61265,0.31,18259968,3096576,146,0,1,5,6,post_set,1769,19071.9,44,8
2026-10-03T16:20:44.921+08:00,18305.1,setting,10.0,0,1771,0,104556,0,1155234,4.07,406642688,441126912,4588,993,1040,698,717,61296,0.31,18259968,3096576,146,0,1,5,6,post_set,1770,19081.9,44,8
2026-10-03T16:20:54.891+08:00,18315.1,setting,10.0,0,1772,0,104556,0,1155609,3.76,406523904,441008128,4588,993,1040,698,717,61328,0.31,18259968,3096576,146,0,1,5,6,post_set,1771,19091.9,44,8
2026-10-03T16:21:04.853+08:00,18325.0,setting,10.0,0,1773,0,104556,0,1155984,3.76,406896640,441126912,4588,993,1040,698,717,61359,0.31,18259968,3096576,146,0,1,5,6,post_set,1772,19101.8,44,8
2026-10-03T16:21:14.925+08:00,18335.1,setting,10.1,0,1774,0,104556,0,1156328,3.42,406786048,441008128,4588,993,1040,698,717,61390,0.31,18259968,3096576,146,0,1,5,6,post_set,1773,19111.9,44,8
2026-10-03T16:21:24.903+08:00,18345.1,setting,10.0,0,1775,0,104556,0,1156734,4.07,406663168,441126912,4588,993,1040,698,717,61421,0.31,18259968,3096576,146,0,1,5,6,post_set,1774,19121.9,44,8
2026-10-03T16:21:34.881+08:00,18355.0,setting,10.0,0,1776,0,104556,0,1157109,3.76,406544384,441008128,4588,993,1040,698,717,61484,0.63,18259968,3096576,146,0,1,5,6,post_set,1775,19131.9,44,8
2026-10-03T16:21:44.944+08:00,18365.1,setting,10.1,0,1777,0,104556,0,1157500,3.88,406663168,441126912,4588,993,1040,698,717,61546,0.62,18259968,3096576,146,0,1,5,6,post_set,1776,19141.9,44,8
2026-10-03T16:21:54.921+08:00,18375.1,setting,10.0,0,1778,0,104556,0,1157890,3.92,406544384,441008128,4588,993,1040,698,717,61578,0.31,18264064,3096576,146,0,1,5,6,post_set,1777,19151.9,44,8
2026-10-03T16:22:04.882+08:00,18385.1,setting,10.0,0,1779,0,104556,0,1158281,3.92,406904832,441126912,4588,993,1040,698,717,61609,0.31,18264064,3096576,146,0,1,5,6,post_set,1778,19161.9,44,8
2026-10-03T16:22:14.949+08:00,18395.1,setting,10.1,0,1780,0,104556,0,1158718,4.35,406786048,441008128,4588,993,1040,698,717,61640,0.31,18264064,3096576,146,0,1,5,6,post_set,1779,19171.9,44,8
2026-10-03T16:22:24.916+08:00,18405.1,setting,10.0,0,1781,0,104556,0,1159125,4.08,406663168,441126912,4588,993,1040,698,717,61671,0.31,18264064,3096576,146,0,1,5,6,post_set,1780,19181.9,44,8
2026-10-03T16:22:34.889+08:00,18415.0,setting,10.0,0,1782,0,104556,0,1159500,3.76,406544384,441008128,4588,993,1040,698,717,61703,0.31,18264064,3096576,146,0,1,5,6,post_set,1781,19191.9,44,8
2026-10-03T16:22:44.848+08:00,18425.0,setting,10.0,0,1783,0,104556,0,1159875,3.76,406679552,441143296,4588,993,1040,698,717,61734,0.31,18264064,3096576,146,0,1,5,6,post_set,1782,19201.8,44,8
2026-10-03T16:22:54.908+08:00,18435.1,setting,10.1,0,1784,0,104556,0,1160250,3.73,406568960,441032704,4588,993,1040,698,717,61750,0.16,18264064,3096576,146,0,1,5,6,post_set,1783,19211.9,44,8
2026-10-03T16:23:04.877+08:00,18445.0,setting,10.0,0,1785,0,104556,0,1160640,3.92,406933504,441155584,4588,993,1040,698,717,61765,0.16,18264064,3096576,146,0,1,5,6,post_set,1784,19221.9,44,8
2026-10-03T16:23:14.946+08:00,18455.1,setting,10.1,0,1786,0,104556,0,1161046,4.04,406814720,441036800,4588,993,1040,698,717,61796,0.31,18264064,3096576,146,0,1,5,6,post_set,1785,19231.9,44,8
2026-10-03T16:23:24.911+08:00,18465.1,setting,10.0,0,1787,0,104556,0,1161437,3.92,406691840,441155584,4588,993,1040,698,717,61828,0.31,18264064,3096576,146,0,1,5,6,post_set,1786,19241.9,44,8
2026-10-03T16:23:34.870+08:00,18475.0,setting,10.0,0,1788,0,104556,0,1161859,4.24,406573056,441036800,4588,993,1040,698,717,61843,0.16,18268160,3096576,146,0,1,5,6,post_set,1787,19251.8,44,8
2026-10-03T16:23:44.935+08:00,18485.1,setting,10.1,0,1789,0,104556,0,1162265,4.04,406691840,441155584,4588,993,1040,698,717,61875,0.31,18268160,3096576,146,0,1,5,6,post_set,1788,19261.9,44,8
2026-10-03T16:23:54.898+08:00,18495.1,setting,10.0,0,1790,0,104556,0,1162640,3.76,406573056,441036800,4588,993,1040,698,717,61906,0.31,18268160,3096576,146,0,1,5,6,post_set,1789,19271.9,44,8
2026-10-03T16:24:04.861+08:00,18505.0,setting,10.0,0,1791,0,104556,0,1163031,3.92,406933504,441155584,4588,993,1040,698,717,61937,0.31,18268160,3096576,146,0,1,5,6,post_set,1790,19281.8,44,8
2026-10-03T16:24:14.924+08:00,18515.1,setting,10.1,0,1792,0,104556,0,1163421,3.88,406814720,441036800,4588,993,1040,698,717,61953,0.16,18268160,3096576,146,0,1,5,6,post_set,1791,19291.9,44,8
2026-10-03T16:24:24.890+08:00,18525.1,setting,10.0,0,1793,0,104556,0,1163828,4.08,406691840,441155584,4588,993,1040,698,717,62000,0.47,18268160,3096576,146,0,1,5,6,post_set,1792,19301.9,44,8
2026-10-03T16:24:34.946+08:00,18535.1,setting,10.1,0,1794,0,104556,0,1164171,3.42,406573056,441036800,4588,993,1040,698,717,62046,0.47,18268160,3096576,146,0,1,5,6,post_set,1793,19311.9,44,8
2026-10-03T16:24:44.909+08:00,18545.1,setting,10.0,0,1795,0,104556,0,1164578,4.08,406691840,441155584,4588,993,1040,698,717,62078,0.31,18268160,3096576,146,0,1,5,6,post_set,1794,19321.9,44,8
2026-10-03T16:24:54.872+08:00,18555.0,setting,10.0,0,1796,0,104556,0,1164968,3.92,406573056,441036800,4588,993,1040,698,717,62093,0.16,18268160,3096576,146,0,1,5,6,post_set,1795,19331.8,44,8
2026-10-03T16:25:04.935+08:00,18565.1,setting,10.1,0,1797,0,104556,0,1165343,3.73,406933504,441155584,4588,993,1040,698,717,62125,0.31,18268160,3096576,146,0,1,5,6,post_set,1796,19341.9,44,8
2026-10-03T16:25:14.907+08:00,18575.1,setting,10.0,0,1798,0,104556,0,1165750,4.08,406814720,441036800,4588,993,1040,698,717,62156,0.31,18268160,3096576,146,0,1,5,6,post_set,1797,19351.9,44,8
2026-10-03T16:25:24.875+08:00,18585.0,setting,10.0,0,1799,0,104556,0,1166109,3.60,406691840,441155584,4588,993,1040,698,717,62203,0.47,18268160,3096576,146,0,1,5,6,post_set,1798,19361.9,44,8
2026-10-03T16:25:34.949+08:00,18595.1,setting,10.1,0,1800,0,104556,0,1166515,4.04,406573056,441036800,4588,993,1040,698,717,62234,0.31,18268160,3096576,146,0,1,5,6,post_set,1799,19371.9,44,8
2026-10-03T16:25:44.919+08:00,18605.1,setting,10.0,0,1801,0,104556,0,1166890,3.76,406654976,441077760,4581,993,1040,697,717,62281,0.47,18268160,3096576,146,0,1,5,6,post_set,1800,19381.9,44,8
2026-10-03T16:25:54.883+08:00,18615.0,setting,10.0,0,1802,0,104556,0,1167250,3.61,406536192,440958976,4581,993,1040,697,717,62312,0.31,18268160,3096576,146,0,1,5,6,post_set,1801,19391.9,44,8
2026-10-03T16:26:04.948+08:00,18625.1,setting,10.1,0,1803,0,104556,0,1167656,4.04,406896640,441077760,4581,993,1040,697,717,62343,0.31,18268160,3096576,146,0,1,5,6,post_set,1802,19401.9,44,8
2026-10-03T16:26:14.915+08:00,18635.1,setting,10.0,0,1804,0,104556,0,1168046,3.92,406777856,440958976,4581,993,1040,697,717,62375,0.31,18268160,3096576,146,0,1,5,6,post_set,1803,19411.9,44,8
2026-10-03T16:26:24.882+08:00,18645.0,setting,10.0,0,1805,0,104556,0,1168437,3.92,406654976,441077760,4581,993,1040,697,717,62406,0.31,18268160,3096576,146,0,1,5,6,post_set,1804,19421.9,44,8
2026-10-03T16:26:34.950+08:00,18655.1,setting,10.1,0,1806,0,104556,0,1168781,3.41,406536192,440958976,4581,993,1040,697,717,62421,0.16,18268160,3096576,146,0,1,5,6,post_set,1805,19431.9,44,8
2026-10-03T16:26:44.916+08:00,18665.1,setting,10.0,0,1807,0,104556,0,1169156,3.76,406683648,441106432,4581,993,1040,697,717,62453,0.31,18268160,3096576,146,0,1,5,6,post_set,1806,19441.9,44,8
2026-10-03T16:26:54.881+08:00,18675.0,setting,10.0,0,1808,0,104556,0,1169515,3.61,406564864,440987648,4581,993,1040,697,717,62484,0.31,18268160,3096576,146,0,1,5,6,post_set,1807,19451.9,44,8
2026-10-03T16:27:04.953+08:00,18685.1,setting,10.1,0,1809,0,104556,0,1169906,3.88,406925312,441106432,4581,993,1040,697,717,62500,0.16,18268160,3096576,146,0,1,5,6,post_set,1808,19461.9,44,8
2026-10-03T16:27:14.911+08:00,18695.1,setting,10.0,0,1810,0,104556,0,1170296,3.92,406806528,440987648,4581,993,1040,697,717,62531,0.31,18268160,3096576,146,0,1,5,6,post_set,1809,19471.9,44,8
2026-10-03T16:27:24.879+08:00,18705.0,setting,10.0,0,1811,0,104556,0,1170703,4.08,406683648,441106432,4581,993,1040,697,717,62562,0.31,18268160,3096576,146,0,1,5,6,post_set,1810,19481.9,44,8
2026-10-03T16:27:34.950+08:00,18715.1,setting,10.1,0,1812,0,104556,0,1171046,3.41,406564864,440987648,4581,993,1040,697,717,62593,0.31,18272256,3096576,146,0,1,5,6,post_set,1811,19491.9,44,8
2026-10-03T16:27:44.921+08:00,18725.1,setting,10.0,0,1813,0,104556,0,1171437,3.92,406745088,441192448,4581,993,1040,697,717,62625,0.31,18272256,3096576,146,0,1,5,6,post_set,1812,19501.9,44,8
2026-10-03T16:27:54.888+08:00,18735.1,setting,10.0,0,1814,0,104556,0,1171812,3.76,406626304,441073664,4581,993,1040,697,717,62656,0.31,18272256,3096576,146,0,1,5,6,post_set,1813,19511.9,44,8
2026-10-03T16:28:04.959+08:00,18745.1,setting,10.1,0,1815,0,104556,0,1172171,3.57,406986752,441192448,4581,993,1040,697,717,62687,0.31,18272256,3096576,146,0,1,5,6,post_set,1814,19521.9,44,8
2026-10-03T16:28:14.917+08:00,18755.1,setting,10.0,0,1816,0,104556,0,1172578,4.07,406867968,441073664,4581,993,1040,697,717,62734,0.47,18272256,3096576,146,0,1,5,6,post_set,1815,19531.9,44,8
2026-10-03T16:28:24.881+08:00,18765.0,setting,10.0,0,1817,0,104556,0,1172968,3.92,406745088,441192448,4581,993,1040,697,717,62765,0.31,18272256,3096576,146,0,1,5,6,post_set,1816,19541.9,44,8
2026-10-03T16:28:34.945+08:00,18775.1,setting,10.1,0,1818,0,104556,0,1173343,3.72,406626304,441073664,4581,993,1040,697,717,62765,0.00,18272256,3096576,146,0,1,5,6,post_set,1817,19551.9,44,8
2026-10-03T16:28:44.913+08:00,18785.1,setting,10.0,0,1819,0,104556,0,1173734,3.92,406745088,441192448,4581,993,1040,697,717,62796,0.31,18272256,3096576,146,0,1,5,6,post_set,1818,19561.9,44,8
2026-10-03T16:28:54.878+08:00,18795.0,setting,10.0,0,1820,0,104556,0,1174125,3.92,406626304,441073664,4581,993,1040,697,717,62828,0.31,18272256,3096576,146,0,1,5,6,post_set,1819,19571.9,44,8
2026-10-03T16:29:04.948+08:00,18805.1,setting,10.1,0,1821,0,104556,0,1174484,3.57,406986752,441192448,4581,993,1040,697,717,62843,0.16,18272256,3096576,146,0,1,5,6,post_set,1820,19581.9,44,8
2026-10-03T16:29:14.919+08:00,18815.1,setting,10.0,0,1822,0,104556,0,1174890,4.08,406884352,441151488,4585,993,1040,697,717,62875,0.31,18276352,3096576,146,0,1,5,6,post_set,1821,19591.9,44,8
2026-10-03T16:29:24.888+08:00,18825.0,setting,10.0,0,1823,0,104556,0,1175296,4.08,406769664,441270272,4588,993,1040,698,717,62921,0.47,18276352,3096576,146,0,1,5,6,post_set,1822,19601.9,44,8
2026-10-03T16:29:34.853+08:00,18835.0,setting,10.0,0,1824,0,104556,0,1175687,3.92,406650880,441151488,4588,993,1040,698,717,62953,0.31,18276352,3096576,146,0,1,5,6,post_set,1823,19611.8,44,8
2026-10-03T16:29:44.920+08:00,18845.1,setting,10.1,0,1825,0,104556,0,1176093,4.04,406769664,441270272,4588,993,1040,698,717,62984,0.31,18276352,3096576,146,0,1,5,6,post_set,1824,19621.9,44,8
2026-10-03T16:29:54.879+08:00,18855.0,setting,10.0,0,1826,0,104556,0,1176468,3.76,406650880,441151488,4588,993,1040,698,717,63015,0.31,18276352,3096576,146,0,1,5,6,post_set,1825,19631.9,44,8
2026-10-03T16:30:04.940+08:00,18865.1,setting,10.1,0,1827,0,104556,0,1176875,4.04,407011328,441270272,4588,993,1040,698,717,63031,0.16,18276352,3096576,146,0,1,5,6,post_set,1826,19641.9,44,8
2026-10-03T16:30:14.900+08:00,18875.1,setting,10.0,0,1828,0,104556,0,1177250,3.77,406892544,441151488,4588,993,1040,698,717,63046,0.16,18276352,3096576,146,0,1,5,6,post_set,1827,19651.9,44,8
2026-10-03T16:30:24.869+08:00,18885.0,setting,10.0,0,1829,0,104556,0,1177687,4.39,406769664,441270272,4588,993,1040,698,717,63078,0.31,18276352,3096576,146,0,1,5,6,post_set,1828,19661.8,44,8
2026-10-03T16:30:34.937+08:00,18895.1,setting,10.1,0,1830,0,104556,0,1178062,3.73,406650880,441151488,4588,993,1040,698,717,63109,0.31,18276352,3096576,146,0,1,5,6,post_set,1829,19671.9,44,8
2026-10-03T16:30:44.904+08:00,18905.1,setting,10.0,0,1831,0,104556,0,1178468,4.08,406769664,441270272,4588,993,1040,698,717,63140,0.31,18276352,3096576,146,0,1,5,6,post_set,1830,19681.9,44,8
2026-10-03T16:30:54.867+08:00,18915.0,setting,10.0,0,1832,0,104556,0,1178812,3.45,406650880,441151488,4588,993,1040,698,717,63171,0.31,18276352,3096576,146,0,1,5,6,post_set,1831,19691.8,44,8
2026-10-03T16:31:04.932+08:00,18925.1,setting,10.1,0,1833,0,104556,0,1179203,3.88,407011328,441270272,4588,993,1040,698,717,63203,0.31,18276352,3096576,146,0,1,5,6,post_set,1832,19701.9,44,8
2026-10-03T16:31:14.891+08:00,18935.1,setting,10.0,0,1834,0,104556,0,1179578,3.77,406892544,441151488,4588,993,1040,698,717,63234,0.31,18276352,3096576,146,0,1,5,6,post_set,1833,19711.9,44,8
2026-10-03T16:31:24.865+08:00,18945.0,setting,10.0,0,1835,0,104556,0,1179984,4.08,406769664,441270272,4588,993,1040,698,717,63265,0.31,18276352,3096576,146,0,1,5,6,post_set,1834,19721.8,44,8
2026-10-03T16:31:34.934+08:00,18955.1,setting,10.1,0,1836,0,104556,0,1180359,3.72,406650880,441151488,4588,993,1040,698,717,63312,0.47,18276352,3096576,146,0,1,5,6,post_set,1835,19731.9,44,8
2026-10-03T16:31:44.907+08:00,18965.1,setting,10.0,0,1837,0,104556,0,1180734,3.76,406769664,441270272,4588,993,1040,698,717,63343,0.31,18276352,3096576,146,0,1,5,6,post_set,1836,19741.9,44,8
2026-10-03T16:31:54.871+08:00,18975.0,setting,10.0,0,1838,0,104556,0,1181125,3.92,406650880,441151488,4588,993,1040,698,717,63375,0.31,18276352,3096576,146,0,1,5,6,post_set,1837,19751.8,44,8
2026-10-03T16:32:04.934+08:00,18985.1,setting,10.1,0,1839,0,104556,0,1181484,3.57,407011328,441270272,4588,993,1040,698,717,63437,0.62,18276352,3096576,146,0,1,5,6,post_set,1838,19761.9,44,8
2026-10-03T16:32:14.893+08:00,18995.1,setting,10.0,0,1840,0,104556,0,1181875,3.92,406892544,441151488,4588,993,1040,698,717,63468,0.31,18276352,3096576,146,0,1,5,6,post_set,1839,19771.9,44,8
2026-10-03T16:32:24.871+08:00,19005.0,setting,10.0,0,1841,0,104556,0,1182281,4.08,406769664,441270272,4588,993,1040,698,717,63500,0.31,18276352,3096576,146,0,1,5,6,post_set,1840,19781.8,44,8
2026-10-03T16:32:34.943+08:00,19015.1,setting,10.1,0,1842,0,104556,0,1182625,3.41,406650880,441151488,4588,993,1040,698,717,63546,0.47,18276352,3096576,146,0,1,5,6,post_set,1841,19791.9,44,8
2026-10-03T16:32:44.916+08:00,19025.1,setting,10.0,0,1843,0,104556,0,1183015,3.92,406769664,441270272,4588,993,1040,698,717,63578,0.31,18276352,3096576,146,0,1,5,6,post_set,1842,19801.9,44,8
2026-10-03T16:32:54.887+08:00,19035.0,setting,10.0,0,1844,0,104556,0,1183390,3.76,406650880,441151488,4588,993,1040,698,717,63640,0.63,18276352,3096576,146,0,1,5,6,post_set,1843,19811.9,44,8
2026-10-03T16:33:04.952+08:00,19045.1,setting,10.1,0,1845,0,104556,0,1183750,3.57,407011328,441270272,4588,993,1040,698,717,63671,0.31,18276352,3096576,146,0,1,5,6,post_set,1844,19821.9,44,8
2026-10-03T16:33:14.919+08:00,19055.1,setting,10.0,0,1846,0,104556,0,1184093,3.45,406892544,441151488,4588,993,1040,698,717,63703,0.31,18280448,3096576,146,0,1,5,6,post_set,1845,19831.9,44,8
2026-10-03T16:33:24.893+08:00,19065.1,setting,10.0,0,1847,0,104556,0,1184515,4.23,406769664,441270272,4588,993,1040,698,717,63718,0.16,18280448,3096576,146,0,1,5,6,post_set,1846,19841.9,44,8
2026-10-03T16:33:34.863+08:00,19075.0,setting,10.0,0,1848,0,104556,0,1184875,3.60,406626304,441073664,4581,993,1040,697,717,63750,0.31,18280448,3096576,146,0,1,5,6,post_set,1847,19851.8,44,8
2026-10-03T16:33:44.932+08:00,19085.1,setting,10.1,0,1849,0,104556,0,1185250,3.72,406745088,441192448,4581,993,1040,697,717,63781,0.31,18280448,3096576,146,0,1,5,6,post_set,1848,19861.9,44,8
2026-10-03T16:33:54.904+08:00,19095.1,setting,10.0,0,1850,0,104556,0,1185671,4.23,406626304,441073664,4581,993,1040,697,717,63812,0.31,18280448,3096576,146,0,1,5,6,post_set,1849,19871.9,44,8
2026-10-03T16:34:04.873+08:00,19105.0,setting,10.0,0,1851,0,104556,0,1186093,4.23,406986752,441192448,4581,993,1040,697,717,63859,0.47,18280448,3096576,146,0,1,5,6,post_set,1850,19881.8,44,8
2026-10-03T16:34:14.941+08:00,19115.1,setting,10.1,0,1852,0,104556,0,1186437,3.41,406867968,441073664,4581,993,1040,697,717,63890,0.31,18280448,3096576,146,0,1,5,6,post_set,1851,19891.9,44,8
2026-10-03T16:34:24.906+08:00,19125.1,setting,10.0,0,1853,0,104556,0,1186828,3.92,406745088,441192448,4581,993,1040,697,717,63921,0.31,18280448,3096576,146,0,1,5,6,post_set,1852,19901.9,44,8
2026-10-03T16:34:34.870+08:00,19135.0,setting,10.0,0,1854,0,104556,0,1187203,3.76,406626304,441073664,4581,993,1040,697,717,63953,0.31,18280448,3096576,146,0,1,5,6,post_set,1853,19911.8,44,8
2026-10-03T16:34:44.940+08:00,19145.1,setting,10.1,0,1855,0,104556,0,1187578,3.73,406745088,441192448,4581,993,1040,697,717,63984,0.31,18280448,3096576,146,0,1,5,6,post_set,1854,19921.9,44,8
2026-10-03T16:34:54.901+08:00,19155.1,setting,10.0,0,1856,0,104556,0,1187953,3.76,406626304,441073664,4581,993,1040,697,717,64031,0.47,18284544,3096576,146,0,1,5,6,post_set,1855,19931.9,44,8
2026-10-03T16:35:04.869+08:00,19165.0,setting,10.0,0,1857,0,104556,0,1188375,4.24,406986752,441192448,4581,993,1040,697,717,64062,0.31,18284544,3096576,146,0,1,5,6,post_set,1856,19941.8,44,8
2026-10-03T16:35:14.944+08:00,19175.1,setting,10.1,0,1858,0,104556,0,1188750,3.72,406867968,441073664,4581,993,1040,697,717,64109,0.47,18284544,3096576,146,0,1,5,6,post_set,1857,19951.9,44,8
2026-10-03T16:35:24.913+08:00,19185.1,setting,10.0,0,1859,0,104556,0,1189109,3.60,406745088,441192448,4581,993,1040,697,717,64140,0.31,18284544,3096576,146,0,1,5,6,post_set,1858,19961.9,44,8
2026-10-03T16:35:34.880+08:00,19195.0,setting,10.0,0,1860,0,104556,0,1189515,4.07,406626304,441073664,4581,993,1040,697,717,64187,0.47,18284544,3096576,146,0,1,5,6,post_set,1859,19971.9,44,8
2026-10-03T16:35:44.941+08:00,19205.1,setting,10.1,0,1861,0,104556,0,1189890,3.72,406745088,441192448,4581,993,1040,697,717,64218,0.31,18284544,3096576,146,0,1,5,6,post_set,1860,19981.9,44,8
2026-10-03T16:35:54.908+08:00,19215.1,setting,10.0,0,1862,0,104556,0,1190296,4.08,406626304,441073664,4581,993,1040,697,717,64234,0.16,18284544,3096576,146,0,1,5,6,post_set,1861,19991.9,44,8
2026-10-03T16:36:04.878+08:00,19225.0,setting,10.0,0,1863,0,104556,0,1190656,3.61,406986752,441192448,4581,993,1040,697,717,64265,0.31,18284544,3096576,146,0,1,5,6,post_set,1862,20001.9,44,8
2026-10-03T16:36:14.946+08:00,19235.1,setting,10.1,0,1864,0,104556,0,1191062,4.03,406867968,441073664,4581,993,1040,697,717,64312,0.47,18284544,3096576,146,0,1,5,6,post_set,1863,20011.9,44,8
2026-10-03T16:36:24.911+08:00,19245.1,setting,10.0,0,1865,0,104556,0,1191406,3.45,406745088,441192448,4581,993,1040,697,717,64343,0.31,18284544,3096576,146,0,1,5,6,post_set,1864,20021.9,44,8
2026-10-03T16:36:34.884+08:00,19255.0,setting,10.0,0,1866,0,104556,0,1191781,3.76,406626304,441073664,4581,993,1040,697,717,64359,0.16,18284544,3096576,146,0,1,5,6,post_set,1865,20031.9,44,8
2026-10-03T16:36:44.949+08:00,19265.1,setting,10.1,0,1867,0,104556,0,1192218,4.34,406745088,441192448,4581,993,1040,697,717,64406,0.47,18284544,3096576,146,0,1,5,6,post_set,1866,20041.9,44,8
2026-10-03T16:36:54.922+08:00,19275.1,setting,10.0,0,1868,0,104556,0,1192546,3.29,406626304,441073664,4581,993,1040,697,717,64437,0.31,18284544,3096576,146,0,1,5,6,post_set,1867,20051.9,44,8
2026-10-03T16:37:04.884+08:00,19285.0,setting,10.0,0,1869,0,104556,0,1192953,4.07,406986752,441192448,4581,993,1040,697,717,64468,0.31,18284544,3096576,146,0,1,5,6,post_set,1868,20061.9,44,8
2026-10-03T16:37:14.946+08:00,19295.1,setting,10.1,0,1870,0,104556,0,1193328,3.73,406867968,441073664,4581,993,1040,697,717,64500,0.31,18284544,3096576,146,0,1,5,6,post_set,1869,20071.9,44,8
2026-10-03T16:37:24.909+08:00,19305.1,setting,10.0,0,1871,0,104556,0,1193734,4.08,406745088,441192448,4581,993,1040,697,717,64515,0.16,18284544,3096576,146,0,1,5,6,post_set,1870,20081.9,44,8
2026-10-03T16:37:34.871+08:00,19315.0,setting,10.0,0,1872,0,104556,0,1194125,3.92,406626304,441073664,4581,993,1040,697,717,64546,0.31,18284544,3096576,146,0,1,5,6,post_set,1871,20091.8,44,8
2026-10-03T16:37:44.942+08:00,19325.1,setting,10.1,0,1873,0,104556,0,1194484,3.57,406745088,441192448,4581,993,1040,697,717,64578,0.31,18284544,3096576,146,0,1,5,6,post_set,1872,20101.9,44,8
2026-10-03T16:37:54.905+08:00,19335.1,setting,10.0,0,1874,0,104556,0,1194875,3.92,406626304,441073664,4581,993,1040,697,717,64609,0.31,18284544,3096576,146,0,1,5,6,post_set,1873,20111.9,44,8
2026-10-03T16:38:04.863+08:00,19345.0,setting,10.0,0,1875,0,104556,0,1195281,4.08,406986752,441192448,4581,993,1040,697,717,64640,0.31,18284544,3096576,146,0,1,5,6,post_set,1874,20121.8,44,8
2026-10-03T16:38:14.924+08:00,19355.1,setting,10.1,0,1876,0,104556,0,1195687,4.04,406867968,441073664,4581,993,1040,697,717,64656,0.16,18284544,3096576,146,0,1,5,6,post_set,1875,20131.9,44,8
2026-10-03T16:38:24.882+08:00,19365.0,setting,10.0,0,1877,0,104556,0,1196046,3.61,406745088,441192448,4581,993,1040,697,717,64687,0.31,18284544,3096576,146,0,1,5,6,post_set,1876,20141.9,44,8
2026-10-03T16:38:34.942+08:00,19375.1,setting,10.1,0,1878,0,104556,0,1196406,3.57,406626304,441073664,4581,993,1040,697,717,64703,0.16,18284544,3096576,146,0,1,5,6,post_set,1877,20151.9,44,8
2026-10-03T16:38:44.910+08:00,19385.1,setting,10.0,0,1879,0,104556,0,1196781,3.77,406745088,441192448,4581,993,1040,697,717,64718,0.16,18284544,3096576,146,0,1,5,6,post_set,1878,20161.9,44,8
2026-10-03T16:38:54.885+08:00,19395.0,setting,10.0,0,1880,0,104556,0,1197562,7.84,407916544,442232832,4677,997,1040,706,717,64750,0.31,18284544,3096576,146,0,1,5,6,post_set,1879,20171.9,44,8
2026-10-03T16:39:04.955+08:00,19405.1,setting,10.1,0,1881,0,104556,0,1198000,4.34,408358912,442597376,4674,993,1040,706,717,64796,0.47,18288640,3096576,146,0,1,5,6,post_set,1880,20181.9,44,8
2026-10-03T16:39:14.921+08:00,19415.1,setting,10.0,0,1882,0,104556,0,1198390,3.92,408313856,442548224,4681,993,1040,706,717,64828,0.31,18288640,3096576,146,0,1,5,6,post_set,1881,20191.9,44,8
2026-10-03T16:39:24.873+08:00,19425.0,setting,10.0,0,1883,0,104556,0,1198765,3.77,408174592,442597376,4673,993,1040,705,717,64859,0.31,18288640,3096576,146,0,1,5,6,post_set,1882,20201.8,44,8
2026-10-03T16:39:34.940+08:00,19435.1,setting,10.1,0,1884,0,104556,0,1199156,3.88,408055808,442470400,4673,993,1040,705,717,64890,0.31,18288640,3096576,146,0,1,5,6,post_set,1883,20211.9,44,8
2026-10-03T16:39:44.899+08:00,19445.1,setting,10.0,0,1885,0,104556,0,1199531,3.76,408174592,442597376,4671,993,1040,705,717,64937,0.47,18288640,3096576,146,0,1,5,6,post_set,1884,20221.9,44,8
2026-10-03T16:39:54.858+08:00,19455.0,setting,10.0,0,1886,0,104556,0,1199921,3.92,407568384,442462208,4602,993,1040,701,717,64953,0.16,18288640,3096576,146,0,1,5,6,post_set,1885,20231.8,44,8
2026-10-03T16:40:04.922+08:00,19465.1,setting,10.1,0,1887,0,104556,0,1200312,3.88,407928832,442580992,4602,993,1040,701,717,64984,0.31,18288640,3096576,146,0,1,5,6,post_set,1886,20241.9,44,8
2026-10-03T16:40:14.878+08:00,19475.0,setting,10.0,0,1888,0,104556,0,1200703,3.92,407785472,442384384,4595,993,1040,700,717,65031,0.47,18288640,3096576,146,0,1,5,6,post_set,1887,20251.9,44,8
2026-10-03T16:40:24.938+08:00,19485.1,setting,10.1,0,1889,0,104556,0,1201046,3.42,407662592,442503168,4595,993,1040,700,717,65046,0.16,18288640,3096576,146,0,1,5,6,post_set,1888,20261.9,44,8
2026-10-03T16:40:34.915+08:00,19495.1,setting,10.0,0,1890,0,104556,0,1201437,3.92,407543808,442384384,4595,993,1040,700,717,65078,0.31,18292736,3096576,146,0,1,5,6,post_set,1889,20271.9,44,8
2026-10-03T16:40:44.891+08:00,19505.0,setting,10.0,0,1891,0,104556,0,1201843,4.07,407666688,442503168,4595,993,1040,700,717,65109,0.31,18292736,3096576,146,0,1,5,6,post_set,1890,20281.9,44,8
2026-10-03T16:40:54.855+08:00,19515.0,setting,10.0,0,1892,0,104556,0,1202265,4.23,407547904,442384384,4595,993,1040,700,717,65140,0.31,18292736,3096576,146,0,1,5,6,post_set,1891,20291.8,44,8
2026-10-03T16:41:04.927+08:00,19525.1,setting,10.1,0,1893,0,104556,0,1202656,3.88,407908352,442503168,4595,993,1040,700,717,65171,0.31,18292736,3096576,146,0,1,5,6,post_set,1892,20301.9,44,8
2026-10-03T16:41:14.896+08:00,19535.1,setting,10.0,0,1894,0,104556,0,1203031,3.76,407789568,442384384,4595,993,1040,700,717,65203,0.31,18292736,3096576,146,0,1,5,6,post_set,1893,20311.9,44,8
2026-10-03T16:41:24.873+08:00,19545.0,setting,10.0,0,1895,0,104556,0,1203390,3.60,407629824,442347520,4582,993,1040,698,717,65234,0.31,18292736,3096576,146,0,1,5,6,post_set,1894,20321.8,44,8
2026-10-03T16:41:34.934+08:00,19555.1,setting,10.1,0,1896,0,104556,0,1203812,4.19,407511040,442228736,4582,993,1040,698,717,65281,0.47,18292736,3096576,146,0,1,5,6,post_set,1895,20331.9,44,8
2026-10-03T16:41:44.909+08:00,19565.1,setting,10.0,0,1897,0,104556,0,1204203,3.92,407654400,442425344,4588,993,1040,699,717,65312,0.31,18292736,3096576,146,0,1,5,6,post_set,1896,20341.9,44,8
2026-10-03T16:41:54.867+08:00,19575.0,setting,10.0,0,1898,0,104556,0,1204593,3.92,407535616,442306560,4588,993,1040,699,717,65343,0.31,18292736,3096576,146,0,1,5,6,post_set,1897,20351.8,44,8
2026-10-03T16:42:04.926+08:00,19585.1,setting,10.1,0,1899,0,104556,0,1205000,4.04,407896064,442425344,4588,993,1040,699,717,65359,0.16,18292736,3096576,146,0,1,5,6,post_set,1898,20361.9,44,8
2026-10-03T16:42:14.892+08:00,19595.1,setting,10.0,0,1900,0,104556,0,1205390,3.92,407777280,442306560,4588,993,1040,699,717,65375,0.16,18292736,3096576,146,0,1,5,6,post_set,1899,20371.9,44,8
2026-10-03T16:42:24.855+08:00,19605.0,setting,10.0,0,1901,0,104556,0,1205781,3.92,407654400,442425344,4588,993,1040,699,717,65406,0.31,18292736,3096576,146,0,1,5,6,post_set,1900,20381.8,44,8
2026-10-03T16:42:34.924+08:00,19615.1,setting,10.1,0,1902,0,104556,0,1206187,4.04,407535616,442306560,4588,993,1040,699,717,65437,0.31,18292736,3096576,146,0,1,5,6,post_set,1901,20391.9,44,8
2026-10-03T16:42:44.886+08:00,19625.1,setting,10.0,0,1903,0,104556,0,1206656,4.70,407654400,442425344,4588,993,1040,699,717,65468,0.31,18292736,3096576,146,0,1,5,6,post_set,1902,20401.9,44,8
2026-10-03T16:42:54.954+08:00,19635.1,setting,10.1,0,1904,0,104556,0,1207031,3.73,407535616,442306560,4588,993,1040,699,717,65500,0.31,18292736,3096576,146,0,1,5,6,post_set,1903,20411.9,44,8
2026-10-03T16:43:04.921+08:00,19645.1,setting,10.0,0,1905,0,104556,0,1207421,3.92,407896064,442425344,4588,993,1040,699,717,65531,0.31,18292736,3096576,146,0,1,5,6,post_set,1904,20421.9,44,8
2026-10-03T16:43:14.892+08:00,19655.1,setting,10.0,0,1906,0,104556,0,1207796,3.76,407777280,442306560,4588,993,1040,699,717,65546,0.16,18292736,3096576,146,0,1,5,6,post_set,1905,20431.9,44,8
2026-10-03T16:43:24.959+08:00,19665.1,setting,10.1,0,1907,0,104556,0,1208187,3.88,407654400,442425344,4588,993,1040,699,717,65578,0.31,18292736,3096576,146,0,1,5,6,post_set,1906,20441.9,44,8
2026-10-03T16:43:34.927+08:00,19675.1,setting,10.0,0,1908,0,104556,0,1208593,4.08,407535616,442306560,4588,993,1040,699,717,65609,0.31,18292736,3096576,146,0,1,5,6,post_set,1907,20451.9,44,8
2026-10-03T16:43:44.900+08:00,19685.1,setting,10.0,0,1909,0,104556,0,1208984,3.92,407654400,442425344,4588,993,1040,699,717,65640,0.31,18292736,3096576,146,0,1,5,6,post_set,1908,20461.9,44,8
2026-10-03T16:43:54.866+08:00,19695.0,setting,10.0,0,1910,0,104556,0,1209359,3.76,405274624,439037952,4589,993,1040,698,717,65687,0.47,18292736,3096576,146,0,1,5,6,post_set,1909,20471.8,44,8
2026-10-03T16:44:04.922+08:00,19705.1,setting,10.1,0,1911,0,104556,0,1209750,3.88,406052864,440377344,4589,993,1040,698,717,65734,0.47,18292736,3096576,146,0,1,5,6,post_set,1910,20481.9,44,8
2026-10-03T16:44:14.887+08:00,19715.1,setting,10.0,0,1912,0,104556,0,1210125,3.76,405983232,440258560,4589,993,1040,698,717,65765,0.31,18292736,3096576,146,0,1,5,6,post_set,1911,20491.9,44,8
2026-10-03T16:44:24.951+08:00,19725.1,setting,10.1,0,1913,0,104556,0,1210515,3.88,405897216,440406016,4589,993,1040,698,717,65796,0.31,18292736,3096576,146,0,1,5,6,post_set,1912,20501.9,44,8
2026-10-03T16:44:34.924+08:00,19735.1,setting,10.0,0,1914,0,104556,0,1210859,3.45,405778432,440287232,4589,993,1040,698,717,65828,0.31,18292736,3096576,146,0,1,5,6,post_set,1913,20511.9,44,8
2026-10-03T16:44:44.895+08:00,19745.1,setting,10.0,0,1915,0,104556,0,1211250,3.92,405917696,440385536,4581,993,1040,697,717,65859,0.31,18296832,3096576,146,0,1,5,6,post_set,1914,20521.9,44,8
2026-10-03T16:44:54.857+08:00,19755.0,setting,10.0,0,1916,0,104556,0,1211593,3.45,405856256,440324096,4581,993,1040,697,717,65890,0.31,18296832,3096576,146,0,1,5,6,post_set,1915,20531.8,44,8
2026-10-03T16:45:04.916+08:00,19765.1,setting,10.1,0,1917,0,104556,0,1212000,4.04,406216704,440442880,4581,993,1040,697,717,65937,0.47,18296832,3096576,146,0,1,5,6,post_set,1916,20541.9,44,8
2026-10-03T16:45:14.878+08:00,19775.0,setting,10.0,0,1918,0,104556,0,1212390,3.92,406097920,440324096,4581,993,1040,697,717,65953,0.16,18296832,3096576,146,0,1,5,6,post_set,1917,20551.9,44,8
2026-10-03T16:45:24.943+08:00,19785.1,setting,10.1,0,1919,0,104556,0,1212765,3.73,405979136,440442880,4581,993,1040,697,717,65968,0.16,18296832,3096576,146,0,1,5,6,post_set,1918,20561.9,44,8
2026-10-03T16:45:34.915+08:00,19795.1,setting,10.0,0,1920,0,104556,0,1213203,4.39,405917696,440385536,4581,993,1040,697,717,66000,0.31,18296832,3096576,146,0,1,5,6,post_set,1919,20571.9,44,8
2026-10-03T16:45:44.885+08:00,19805.0,setting,10.0,0,1921,0,104556,0,1213593,3.92,406040576,440504320,4581,993,1040,697,717,66046,0.47,18296832,3096576,146,0,1,5,6,post_set,1920,20581.9,44,8
2026-10-03T16:45:54.947+08:00,19815.1,setting,10.1,0,1922,0,104556,0,1213968,3.72,405958656,440483840,4585,993,1040,697,717,66078,0.31,18296832,3096576,146,0,1,5,6,post_set,1921,20591.9,44,8
2026-10-03T16:46:04.923+08:00,19825.1,setting,10.0,0,1923,0,104556,0,1214359,3.92,406355968,440631296,4588,993,1040,698,717,66093,0.16,18296832,3096576,146,0,1,5,6,post_set,1922,20601.9,44,8
2026-10-03T16:46:14.897+08:00,19835.1,setting,10.0,0,1924,0,104556,0,1214750,3.92,406241280,440512512,4588,993,1040,698,717,66125,0.31,18300928,3096576,146,0,1,5,6,post_set,1923,20611.9,44,8
2026-10-03T16:46:24.871+08:00,19845.0,setting,10.0,0,1925,0,104556,0,1215140,3.92,406118400,440631296,4588,993,1040,698,717,66156,0.31,18300928,3096576,146,0,1,5,6,post_set,1924,20621.8,44,8
2026-10-03T16:46:34.944+08:00,19855.1,setting,10.1,0,1926,0,104556,0,1215531,3.88,405999616,440512512,4588,993,1040,698,717,66203,0.47,18300928,3096576,146,0,1,5,6,post_set,1925,20631.9,44,8
2026-10-03T16:46:44.906+08:00,19865.1,setting,10.0,0,1927,0,104556,0,1215937,4.07,406171648,440692736,4588,993,1040,698,717,66250,0.47,18300928,3096576,146,0,1,5,6,post_set,1926,20641.9,44,8
2026-10-03T16:46:54.877+08:00,19875.0,setting,10.0,0,1928,0,104556,0,1216328,3.92,406065152,440573952,4588,993,1040,698,717,66296,0.47,18300928,3096576,146,0,1,5,6,post_set,1927,20651.9,44,8
2026-10-03T16:47:04.940+08:00,19885.1,setting,10.1,0,1929,0,104556,0,1216687,3.57,406429696,440692736,4588,993,1040,698,717,66359,0.62,18300928,3096576,146,0,1,5,6,post_set,1928,20661.9,44,8
2026-10-03T16:47:14.900+08:00,19895.1,setting,10.0,0,1930,0,104556,0,1217062,3.76,406310912,440573952,4588,993,1040,698,717,66390,0.31,18300928,3096576,146,0,1,5,6,post_set,1929,20671.9,44,8
2026-10-03T16:47:24.866+08:00,19905.0,setting,10.0,0,1931,0,104556,0,1217468,4.08,406188032,440692736,4588,993,1040,698,717,66406,0.16,18300928,3096576,146,0,1,5,6,post_set,1930,20681.8,44,8
2026-10-03T16:47:34.933+08:00,19915.1,setting,10.1,0,1932,0,104556,0,1217859,3.88,406069248,440573952,4588,993,1040,698,717,66437,0.31,18300928,3096576,146,0,1,5,6,post_set,1931,20691.9,44,8
2026-10-03T16:47:44.900+08:00,19925.1,setting,10.0,0,1933,0,104556,0,1218250,3.92,406192128,440692736,4588,993,1040,698,717,66453,0.16,18313216,3096576,146,0,1,5,6,post_set,1932,20701.9,44,8
2026-10-03T16:47:54.856+08:00,19935.0,setting,10.0,0,1934,0,104556,0,1218640,3.92,406085632,440586240,4588,993,1040,698,717,66484,0.31,18313216,3096576,146,0,1,5,6,post_set,1933,20711.8,44,8
2026-10-03T16:48:04.919+08:00,19945.1,setting,10.1,0,1935,0,104556,0,1219062,4.20,406454272,440713216,4588,993,1040,698,717,66531,0.47,18313216,3096576,146,0,1,5,6,post_set,1934,20721.9,44,8
2026-10-03T16:48:14.890+08:00,19955.0,setting,10.0,0,1936,0,104556,0,1219453,3.92,406335488,440594432,4588,993,1040,698,717,66578,0.47,18313216,3096576,146,0,1,5,6,post_set,1935,20731.9,44,8
2026-10-03T16:48:24.964+08:00,19965.1,setting,10.1,0,1937,0,104556,0,1219890,4.34,406212608,440713216,4588,993,1040,698,717,66625,0.47,18313216,3096576,146,0,1,5,6,post_set,1936,20741.9,44,8
2026-10-03T16:48:34.931+08:00,19975.1,setting,10.0,0,1938,0,104556,0,1220312,4.23,406093824,440594432,4588,993,1040,698,717,66671,0.47,18313216,3096576,146,0,1,5,6,post_set,1937,20751.9,44,8
2026-10-03T16:48:44.889+08:00,19985.1,setting,10.0,0,1939,0,104556,0,1220687,3.76,406212608,440713216,4588,993,1040,698,717,66687,0.16,18313216,3096576,146,0,1,5,6,post_set,1938,20761.9,44,8
2026-10-03T16:48:54.950+08:00,19995.1,setting,10.1,0,1940,0,104556,0,1221078,3.88,406097920,440594432,4588,993,1040,698,717,66718,0.31,18313216,3096576,146,0,1,5,6,post_set,1939,20771.9,44,8
2026-10-03T16:49:04.917+08:00,20005.1,setting,10.0,0,1941,0,104556,0,1221468,3.92,406458368,440713216,4588,993,1040,698,717,66750,0.31,18313216,3096576,146,0,1,5,6,post_set,1940,20781.9,44,8
2026-10-03T16:49:14.884+08:00,20015.0,setting,10.0,0,1942,0,104556,0,1221843,3.76,406339584,440594432,4588,993,1040,698,717,66765,0.16,18313216,3096576,146,0,1,5,6,post_set,1941,20791.9,44,8
2026-10-03T16:49:24.943+08:00,20025.1,setting,10.1,0,1943,0,104556,0,1222218,3.73,406216704,440713216,4588,993,1040,698,717,66781,0.16,18313216,3096576,146,0,1,5,6,post_set,1942,20801.9,44,8
2026-10-03T16:49:34.907+08:00,20035.1,setting,10.0,0,1944,0,104556,0,1222625,4.08,406097920,440594432,4588,993,1040,698,717,66796,0.16,18313216,3096576,146,0,1,5,6,post_set,1943,20811.9,44,8
2026-10-03T16:49:44.875+08:00,20045.0,setting,10.0,0,1945,0,104556,0,1223046,4.24,406216704,440713216,4588,993,1040,698,717,66843,0.47,18313216,3096576,146,0,1,5,6,post_set,1944,20821.8,44,8
2026-10-03T16:49:54.941+08:00,20055.1,setting,10.1,0,1946,0,104556,0,1223468,4.19,406097920,440594432,4588,993,1040,698,717,66875,0.31,18313216,3096576,146,0,1,5,6,post_set,1945,20831.9,44,8
2026-10-03T16:50:04.915+08:00,20065.1,setting,10.0,0,1947,0,104556,0,1223828,3.61,406458368,440713216,4588,993,1040,698,717,66906,0.31,18313216,3096576,146,0,1,5,6,post_set,1946,20841.9,44,8
2026-10-03T16:50:14.881+08:00,20075.0,setting,10.0,0,1948,0,104556,0,1224171,3.45,406339584,440594432,4588,993,1040,698,717,66937,0.31,18313216,3096576,146,0,1,5,6,post_set,1947,20851.9,44,8
2026-10-03T16:50:24.947+08:00,20085.1,setting,10.1,0,1949,0,104556,0,1224562,3.88,406192128,440635392,4581,993,1040,697,717,66968,0.31,18317312,3096576,146,0,1,5,6,post_set,1948,20861.9,44,8
2026-10-03T16:50:34.919+08:00,20095.1,setting,10.0,0,1950,0,104556,0,1224906,3.45,406073344,440516608,4581,993,1040,697,717,66984,0.16,18317312,3096576,146,0,1,5,6,post_set,1949,20871.9,44,8
2026-10-03T16:50:44.890+08:00,20105.0,setting,10.0,0,1951,0,104556,0,1225250,3.45,406192128,440635392,4581,993,1040,697,717,67046,0.63,18317312,3096576,146,0,1,5,6,post_set,1950,20881.9,44,8
2026-10-03T16:50:54.953+08:00,20115.1,setting,10.1,0,1952,0,104556,0,1225656,4.03,406073344,440516608,4581,993,1040,697,717,67078,0.31,18317312,3096576,146,0,1,5,6,post_set,1951,20891.9,44,8
2026-10-03T16:51:04.921+08:00,20125.1,setting,10.0,0,1953,0,104556,0,1226031,3.76,406437888,440639488,4581,993,1040,697,717,67125,0.47,18317312,3096576,146,0,1,5,6,post_set,1952,20901.9,44,8
2026-10-03T16:51:14.886+08:00,20135.1,setting,10.0,0,1954,0,104556,0,1226421,3.92,406323200,440520704,4581,993,1040,697,717,67156,0.31,18317312,3096576,146,0,1,5,6,post_set,1953,20911.9,44,8
2026-10-03T16:51:24.954+08:00,20145.1,setting,10.1,0,1955,0,104556,0,1226843,4.19,406200320,440639488,4581,993,1040,697,717,67171,0.16,18317312,3096576,146,0,1,5,6,post_set,1954,20921.9,44,8
2026-10-03T16:51:34.912+08:00,20155.1,setting,10.0,0,1956,0,104556,0,1227265,4.23,406081536,440520704,4581,993,1040,697,717,67203,0.31,18317312,3096576,146,0,1,5,6,post_set,1955,20931.9,44,8
2026-10-03T16:51:44.880+08:00,20165.0,setting,10.0,0,1957,0,104556,0,1227687,4.23,406200320,440639488,4581,993,1040,697,717,67250,0.47,18317312,3096576,146,0,1,5,6,post_set,1956,20941.9,44,8
2026-10-03T16:51:54.943+08:00,20175.1,setting,10.1,0,1958,0,104556,0,1228078,3.88,406081536,440520704,4581,993,1040,697,717,67281,0.31,18317312,3096576,146,0,1,5,6,post_set,1957,20951.9,44,8
2026-10-03T16:52:04.905+08:00,20185.1,setting,10.0,0,1959,0,104556,0,1228515,4.39,406441984,440639488,4581,993,1040,697,717,67296,0.16,18317312,3096576,146,0,1,5,6,post_set,1958,20961.9,44,8
2026-10-03T16:52:14.870+08:00,20195.0,setting,10.0,0,1960,0,104556,0,1228906,3.92,406323200,440520704,4581,993,1040,697,717,67328,0.31,18317312,3096576,146,0,1,5,6,post_set,1959,20971.8,44,8
2026-10-03T16:52:24.946+08:00,20205.1,setting,10.1,0,1961,0,104556,0,1229281,3.72,406200320,440639488,4581,993,1040,697,717,67359,0.31,18317312,3096576,146,0,1,5,6,post_set,1960,20981.9,44,8
2026-10-03T16:52:34.909+08:00,20215.1,setting,10.0,0,1962,0,104556,0,1229671,3.92,406081536,440520704,4581,993,1040,697,717,67390,0.31,18317312,3096576,146,0,1,5,6,post_set,1961,20991.9,44,8
2026-10-03T16:52:44.875+08:00,20225.0,setting,10.0,0,1963,0,104556,0,1230093,4.23,406200320,440639488,4581,993,1040,697,717,67421,0.31,18317312,3096576,146,0,1,5,6,post_set,1962,21001.8,44,8
2026-10-03T16:52:54.947+08:00,20235.1,setting,10.1,0,1964,0,104556,0,1230468,3.72,406081536,440520704,4581,993,1040,697,717,67453,0.31,18317312,3096576,146,0,1,5,6,post_set,1963,21011.9,44,8
2026-10-03T16:53:04.905+08:00,20245.1,setting,10.0,0,1965,0,104556,0,1230843,3.76,406441984,440639488,4581,993,1040,697,717,67468,0.16,18317312,3096576,146,0,1,5,6,post_set,1964,21021.9,44,8
2026-10-03T16:53:14.866+08:00,20255.0,setting,10.0,0,1966,0,104556,0,1231234,3.92,406323200,440520704,4581,993,1040,697,717,67500,0.31,18317312,3096576,146,0,1,5,6,post_set,1965,21031.8,44,8
2026-10-03T16:53:24.924+08:00,20265.1,setting,10.1,0,1967,0,104556,0,1231609,3.73,406200320,440639488,4581,993,1040,697,717,67515,0.16,18317312,3096576,146,0,1,5,6,post_set,1966,21041.9,44,8
2026-10-03T16:53:34.897+08:00,20275.0,setting,10.0,0,1968,0,104556,0,1231968,3.61,406081536,440520704,4581,993,1040,697,717,67531,0.16,18317312,3096576,146,0,1,5,6,post_set,1967,21051.9,44,8
2026-10-03T16:53:44.867+08:00,20285.0,setting,10.0,0,1969,0,104556,0,1232406,4.39,406200320,440639488,4581,993,1040,697,717,67562,0.31,18317312,3096576,146,0,1,5,6,post_set,1968,21061.8,44,8
2026-10-03T16:53:54.933+08:00,20295.1,setting,10.1,0,1970,0,104556,0,1232781,3.72,406081536,440520704,4581,993,1040,697,717,67593,0.31,18317312,3096576,146,0,1,5,6,post_set,1969,21071.9,44,8
2026-10-03T16:54:04.902+08:00,20305.1,setting,10.0,0,1971,0,104556,0,1233187,4.08,406441984,440639488,4581,993,1040,697,717,67609,0.16,18317312,3096576,146,0,1,5,6,post_set,1970,21081.9,44,8
2026-10-03T16:54:14.875+08:00,20315.0,setting,10.0,0,1972,0,104556,0,1233593,4.07,406323200,440520704,4581,993,1040,697,717,67640,0.31,18317312,3096576,146,0,1,5,6,post_set,1971,21091.8,44,8
2026-10-03T16:54:24.949+08:00,20325.1,setting,10.1,0,1973,0,104556,0,1233984,3.88,406200320,440639488,4581,993,1040,697,717,67671,0.31,18317312,3096576,146,0,1,5,6,post_set,1972,21101.9,44,8
2026-10-03T16:54:34.924+08:00,20335.1,setting,10.0,0,1974,0,104556,0,1234359,3.76,406081536,440520704,4581,993,1040,697,717,67718,0.47,18317312,3096576,146,0,1,5,6,post_set,1973,21111.9,44,8
2026-10-03T16:54:44.902+08:00,20345.1,setting,10.0,0,1975,0,104556,0,1234750,3.92,406200320,440639488,4581,993,1040,697,717,67750,0.31,18317312,3096576,146,0,1,5,6,post_set,1974,21121.9,44,8
2026-10-03T16:54:54.871+08:00,20355.0,setting,10.0,0,1976,0,104556,0,1235125,3.76,406081536,440520704,4581,993,1040,697,717,67781,0.31,18317312,3096576,146,0,1,5,6,post_set,1975,21131.8,44,8
2026-10-03T16:55:04.942+08:00,20365.1,setting,10.1,0,1977,0,104556,0,1235546,4.19,406441984,440639488,4581,993,1040,697,717,67828,0.47,18317312,3096576,146,0,1,5,6,post_set,1976,21141.9,44,8
2026-10-03T16:55:14.919+08:00,20375.1,setting,10.0,0,1978,0,104556,0,1235890,3.45,406323200,440520704,4581,993,1040,697,717,67875,0.47,18317312,3096576,146,0,1,5,6,post_set,1977,21151.9,44,8
2026-10-03T16:55:24.886+08:00,20385.0,setting,10.0,0,1979,0,104556,0,1236296,4.07,406200320,440639488,4581,993,1040,697,717,67937,0.63,18317312,3096576,146,0,1,5,6,post_set,1978,21161.9,44,8
2026-10-03T16:55:34.963+08:00,20395.1,setting,10.1,0,1980,0,104556,0,1236671,3.72,406081536,440520704,4581,993,1040,697,717,67968,0.31,18317312,3096576,146,0,1,5,6,post_set,1979,21171.9,44,8
2026-10-03T16:55:44.932+08:00,20405.1,setting,10.0,0,1981,0,104556,0,1237046,3.76,406200320,440639488,4581,993,1040,697,717,67984,0.16,18317312,3096576,146,0,1,5,6,post_set,1980,21181.9,44,8
2026-10-03T16:55:54.894+08:00,20415.1,setting,10.0,0,1982,0,104556,0,1237453,4.07,406081536,440520704,4581,993,1040,697,717,68015,0.31,18317312,3096576,146,0,1,5,6,post_set,1981,21191.9,44,8
2026-10-03T16:56:04.958+08:00,20425.1,setting,10.1,0,1983,0,104556,0,1237875,4.19,406441984,440639488,4581,993,1040,697,717,68031,0.16,18321408,3096576,146,0,1,5,6,post_set,1982,21201.9,44,8
2026-10-03T16:56:14.932+08:00,20435.1,setting,10.0,0,1984,0,104556,0,1238250,3.76,406323200,440520704,4581,993,1040,697,717,68078,0.47,18321408,3096576,146,0,1,5,6,post_set,1983,21211.9,44,8
2026-10-03T16:56:24.892+08:00,20445.1,setting,10.0,0,1985,0,104556,0,1238609,3.60,406200320,440639488,4581,993,1040,697,717,68109,0.31,18321408,3096576,146,0,1,5,6,post_set,1984,21221.9,44,8
2026-10-03T16:56:34.967+08:00,20455.1,setting,10.1,0,1986,0,104556,0,1239000,3.88,406110208,440549376,4581,993,1040,697,717,68140,0.31,18321408,3096576,146,0,1,5,6,post_set,1985,21231.9,44,8
2026-10-03T16:56:44.933+08:00,20465.1,setting,10.0,0,1987,0,104556,0,1239734,7.37,407863296,442945536,4678,993,1040,706,717,68171,0.31,18321408,3096576,146,0,1,5,6,post_set,1986,21241.9,44,8
2026-10-03T16:56:54.896+08:00,20475.1,setting,10.0,0,1988,0,104556,0,1240125,3.92,407748608,442818560,4678,993,1040,705,717,68187,0.16,18321408,3096576,146,0,1,5,6,post_set,1987,21251.9,44,8
2026-10-03T16:57:04.862+08:00,20485.0,setting,10.0,0,1989,0,104556,0,1240562,4.39,408170496,443072512,4684,993,1040,706,717,68218,0.31,18321408,3096576,146,0,1,5,6,post_set,1988,21261.8,44,8
2026-10-03T16:57:14.930+08:00,20495.1,setting,10.1,0,1990,0,104556,0,1240968,4.04,408047616,442871808,4677,993,1040,706,717,68250,0.31,18591744,3600384,146,0,1,5,6,post_set,1989,21271.9,44,8
2026-10-03T16:57:24.895+08:00,20505.1,setting,10.0,0,1991,0,104556,0,1241343,3.76,407924736,442998784,4677,993,1040,706,717,68281,0.31,18591744,3600384,146,0,1,5,6,post_set,1990,21281.9,44,8
2026-10-03T16:57:34.857+08:00,20515.0,setting,10.0,0,1992,0,104556,0,1241734,3.92,407805952,442871808,4677,993,1040,706,717,68296,0.16,18591744,3600384,146,0,1,5,6,post_set,1991,21291.8,44,8
2026-10-03T16:57:44.920+08:00,20525.1,setting,10.1,0,1993,0,104556,0,1242156,4.19,407437312,442982400,4608,993,1040,702,717,68328,0.31,18591744,3600384,146,0,1,5,6,post_set,1992,21301.9,44,8
2026-10-03T16:57:54.898+08:00,20535.0,setting,10.0,0,1994,0,104556,0,1242562,4.08,407318528,442863616,4608,993,1040,702,717,68375,0.47,18591744,3600384,146,0,1,5,6,post_set,1993,21311.9,44,8
2026-10-03T16:58:04.863+08:00,20545.0,setting,10.0,0,1995,0,104556,0,1242937,3.76,407687168,442982400,4608,993,1040,702,717,68421,0.47,18591744,3600384,146,0,1,5,6,post_set,1994,21321.8,44,8
2026-10-03T16:58:14.928+08:00,20555.1,setting,10.1,0,1996,0,104556,0,1243328,3.88,407568384,442863616,4608,993,1040,702,717,68453,0.31,18591744,3600384,146,0,1,5,6,post_set,1995,21331.9,44,8
2026-10-03T16:58:24.900+08:00,20565.1,setting,10.0,0,1997,0,104556,0,1243703,3.76,407445504,442982400,4608,993,1040,702,717,68484,0.31,18591744,3600384,146,0,1,5,6,post_set,1996,21341.9,44,8
2026-10-03T16:58:34.865+08:00,20575.0,setting,10.0,0,1998,0,104556,0,1244109,4.08,407326720,442863616,4608,993,1040,702,717,68500,0.16,18591744,3600384,146,0,1,5,6,post_set,1997,21351.8,44,8
2026-10-03T16:58:44.937+08:00,20585.1,setting,10.1,0,1999,0,104556,0,1244468,3.57,407445504,442982400,4608,993,1040,702,717,68531,0.31,18591744,3600384,146,0,1,5,6,post_set,1998,21361.9,44,8
2026-10-03T16:58:54.909+08:00,20595.1,setting,10.0,0,2000,0,104556,0,1244812,3.45,407326720,442863616,4608,993,1040,702,717,68562,0.31,18591744,3600384,146,0,1,5,6,post_set,1999,21371.9,44,8
2026-10-03T16:59:04.875+08:00,20605.0,setting,10.0,0,2001,0,104556,0,1245218,4.07,407687168,442982400,4608,993,1040,702,717,68593,0.31,18591744,3600384,146,0,1,5,6,post_set,2000,21381.8,44,8
2026-10-03T16:59:14.944+08:00,20615.1,setting,10.1,0,2002,0,104556,0,1245593,3.72,407478272,442552320,4581,993,1040,698,717,68625,0.31,18591744,3600384,146,0,1,5,6,post_set,2001,21391.9,44,8
2026-10-03T16:59:24.929+08:00,20625.1,setting,10.0,0,2003,0,104556,0,1245968,3.76,407355392,442671104,4581,993,1040,698,717,68640,0.16,18591744,3600384,146,0,1,5,6,post_set,2002,21401.9,44,8
2026-10-03T16:59:34.896+08:00,20635.1,setting,10.0,0,2004,0,104556,0,1246343,3.76,407236608,442552320,4581,993,1040,698,717,68687,0.47,18591744,3600384,146,0,1,5,6,post_set,2003,21411.9,44,8
2026-10-03T16:59:44.864+08:00,20645.0,setting,10.0,0,2005,0,104556,0,1246734,3.92,407355392,442671104,4581,993,1040,698,717,68718,0.31,18591744,3600384,146,0,1,5,6,post_set,2004,21421.8,44,8
2026-10-03T16:59:54.938+08:00,20655.1,setting,10.1,0,2006,0,104556,0,1247125,3.88,407236608,442552320,4581,993,1040,698,717,68750,0.31,18591744,3600384,146,0,1,5,6,post_set,2005,21431.9,44,8
2026-10-03T17:00:04.903+08:00,20665.1,setting,10.0,0,2007,0,104556,0,1247515,3.92,407617536,442748928,4587,993,1040,699,717,68796,0.47,18591744,3600384,146,0,1,5,6,post_set,2006,21441.9,44,8
2026-10-03T17:00:14.888+08:00,20675.0,setting,10.0,0,2008,0,104556,0,1247921,4.08,407502848,442630144,4588,993,1040,699,717,68812,0.16,18591744,3600384,146,0,1,5,6,post_set,2007,21451.9,44,8
2026-10-03T17:00:24.956+08:00,20685.1,setting,10.1,0,2009,0,104556,0,1248296,3.72,407379968,442748928,4588,993,1040,699,717,68843,0.31,18591744,3600384,146,0,1,5,6,post_set,2008,21461.9,44,8
2026-10-03T17:00:34.912+08:00,20695.1,setting,10.0,0,2010,0,104556,0,1248656,3.61,407261184,442630144,4588,993,1040,699,717,68875,0.31,18591744,3600384,146,0,1,5,6,post_set,2009,21471.9,44,8
2026-10-03T17:00:44.875+08:00,20705.0,setting,10.0,0,2011,0,104556,0,1249062,4.08,407379968,442748928,4588,993,1040,699,717,68890,0.16,18591744,3600384,146,0,1,5,6,post_set,2010,21481.8,44,8
2026-10-03T17:00:54.948+08:00,20715.1,setting,10.1,0,2012,0,104556,0,1249468,4.04,407261184,442630144,4588,993,1040,699,717,68953,0.62,18591744,3600384,146,0,1,5,6,post_set,2011,21491.9,44,8
2026-10-03T17:01:04.917+08:00,20725.1,setting,10.0,0,2013,0,104556,0,1249875,4.07,407621632,442748928,4588,993,1040,699,717,68984,0.31,18591744,3600384,146,0,1,5,6,post_set,2012,21501.9,44,8
2026-10-03T17:01:14.891+08:00,20735.0,setting,10.0,0,2014,0,104556,0,1250250,3.76,407502848,442630144,4588,993,1040,699,717,68984,0.00,18591744,3600384,146,0,1,5,6,post_set,2013,21511.9,44,8
2026-10-03T17:01:24.968+08:00,20745.1,setting,10.1,0,2015,0,104556,0,1250640,3.88,407379968,442748928,4588,993,1040,699,717,69031,0.47,18591744,3600384,146,0,1,5,6,post_set,2014,21521.9,44,8
2026-10-03T17:01:34.937+08:00,20755.1,setting,10.0,0,2016,0,104556,0,1251046,4.07,407289856,442658816,4588,993,1040,699,717,69078,0.47,18591744,3600384,146,0,1,5,6,post_set,2015,21531.9,44,8
2026-10-03T17:01:44.908+08:00,20765.1,setting,10.0,0,2017,0,104556,0,1251406,3.60,405831680,440139776,4588,993,1040,698,717,69109,0.31,18591744,3600384,146,0,1,5,6,post_set,2016,21541.9,44,8
2026-10-03T17:01:54.868+08:00,20775.0,setting,10.0,0,2018,0,104556,0,1251765,3.60,405721088,440020992,4588,993,1040,698,717,69140,0.31,18591744,3600384,146,0,1,5,6,post_set,2017,21551.8,44,8
2026-10-03T17:02:04.936+08:00,20785.1,setting,10.1,0,2019,0,104556,0,1252156,3.88,406085632,440139776,4588,993,1040,698,717,69156,0.16,18591744,3600384,146,0,1,5,6,post_set,2018,21561.9,44,8
2026-10-03T17:02:14.907+08:00,20795.1,setting,10.0,0,2020,0,104556,0,1252546,3.92,405975040,440020992,4588,993,1040,698,717,69187,0.31,18591744,3600384,146,0,1,5,6,post_set,2019,21571.9,44,8
2026-10-03T17:02:24.875+08:00,20805.0,setting,10.0,0,2021,0,104556,0,1252937,3.92,405852160,440139776,4588,993,1040,698,717,69250,0.63,18591744,3600384,146,0,1,5,6,post_set,2020,21581.8,44,8
2026-10-03T17:02:34.938+08:00,20815.1,setting,10.1,0,2022,0,104556,0,1253281,3.41,405831680,440127488,4588,993,1040,698,717,69281,0.31,18591744,3600384,146,0,1,5,6,post_set,2021,21591.9,44,8
2026-10-03T17:02:44.904+08:00,20825.1,setting,10.0,0,2023,0,104556,0,1253656,3.76,405995520,440303616,4588,993,1040,698,717,69312,0.31,18591744,3600384,146,0,1,5,6,post_set,2022,21601.9,44,8
2026-10-03T17:02:54.876+08:00,20835.0,setting,10.0,0,2024,0,104556,0,1254000,3.45,405876736,440184832,4588,993,1040,698,717,69328,0.16,18591744,3600384,146,0,1,5,6,post_set,2023,21611.8,44,8
2026-10-03T17:03:04.945+08:00,20845.1,setting,10.1,0,2025,0,104556,0,1254406,4.03,406241280,440303616,4588,993,1040,698,717,69375,0.47,18591744,3600384,146,0,1,5,6,post_set,2024,21621.9,44,8
2026-10-03T17:03:14.913+08:00,20855.1,setting,10.0,0,2026,0,104556,0,1254781,3.76,406126592,440184832,4588,993,1040,698,717,69421,0.47,18591744,3600384,146,0,1,5,6,post_set,2025,21631.9,44,8
2026-10-03T17:03:24.882+08:00,20865.0,setting,10.0,0,2027,0,104556,0,1255156,3.76,406003712,440303616,4588,993,1040,698,717,69453,0.31,18591744,3600384,146,0,1,5,6,post_set,2026,21641.9,44,8
2026-10-03T17:03:34.955+08:00,20875.1,setting,10.1,0,2028,0,104556,0,1255578,4.19,405889024,440184832,4588,993,1040,698,717,69484,0.31,18591744,3600384,146,0,1,5,6,post_set,2027,21651.9,44,8
2026-10-03T17:03:44.913+08:00,20885.1,setting,10.0,0,2029,0,104556,0,1256015,4.39,406065152,440315904,4581,993,1040,697,717,69515,0.31,18591744,3600384,146,0,1,5,6,post_set,2028,21661.9,44,8
2026-10-03T17:03:54.881+08:00,20895.0,setting,10.0,0,2030,0,104556,0,1256359,3.45,405946368,440197120,4581,993,1040,697,717,69531,0.16,18591744,3600384,146,0,1,5,6,post_set,2029,21671.9,44,8
2026-10-03T17:04:04.952+08:00,20905.1,setting,10.1,0,2031,0,104556,0,1256750,3.88,406310912,440315904,4581,993,1040,697,717,69562,0.31,18591744,3600384,146,0,1,5,6,post_set,2030,21681.9,44,8
2026-10-03T17:04:14.915+08:00,20915.1,setting,10.0,0,2032,0,104556,0,1257171,4.24,406192128,440197120,4581,993,1040,697,717,69593,0.31,18591744,3600384,146,0,1,5,6,post_set,2031,21691.9,44,8
2026-10-03T17:04:24.883+08:00,20925.0,setting,10.0,0,2033,0,104556,0,1257562,3.92,406069248,440315904,4581,993,1040,697,717,69609,0.16,18591744,3600384,146,0,1,5,6,post_set,2032,21701.9,44,8
2026-10-03T17:04:34.952+08:00,20935.1,setting,10.1,0,2034,0,104556,0,1257906,3.41,405950464,440197120,4581,993,1040,697,717,69640,0.31,18591744,3600384,146,0,1,5,6,post_set,2033,21711.9,44,8
2026-10-03T17:04:44.919+08:00,20945.1,setting,10.0,0,2035,0,104556,0,1258312,4.08,406073344,440315904,4581,993,1040,697,717,69687,0.47,18591744,3600384,146,0,1,5,6,post_set,2034,21721.9,44,8
2026-10-03T17:04:54.884+08:00,20955.0,setting,10.0,0,2036,0,104556,0,1258750,4.39,405954560,440197120,4581,993,1040,697,717,69718,0.31,18591744,3600384,146,0,1,5,6,post_set,2035,21731.9,44,8
2026-10-03T17:05:04.960+08:00,20965.1,setting,10.1,0,2037,0,104556,0,1259109,3.57,406368256,440377344,4581,993,1040,697,717,69750,0.31,18591744,3600384,146,0,1,5,6,post_set,2036,21741.9,44,8
2026-10-03T17:05:14.924+08:00,20975.1,setting,10.0,0,2038,0,104556,0,1259453,3.45,406249472,440258560,4581,993,1040,697,717,69781,0.31,18591744,3600384,146,0,1,5,6,post_set,2037,21751.9,44,8
2026-10-03T17:05:24.888+08:00,20985.1,setting,10.0,0,2039,0,104556,0,1259828,3.76,406126592,440377344,4581,993,1040,697,717,69812,0.31,18591744,3600384,146,0,1,5,6,post_set,2038,21761.9,44,8
2026-10-03T17:05:34.947+08:00,20995.1,setting,10.1,0,2040,0,104556,0,1260218,3.88,406069248,440320000,4581,993,1040,697,717,69828,0.16,18591744,3600384,146,0,1,5,6,post_set,2039,21771.9,44,8
2026-10-03T17:05:44.909+08:00,21005.1,setting,10.0,0,2041,0,104556,0,1260609,3.92,406188032,440438784,4581,993,1040,697,717,69843,0.16,18591744,3600384,146,0,1,5,6,post_set,2040,21781.9,44,8
2026-10-03T17:05:54.872+08:00,21015.0,setting,10.0,0,2042,0,104556,0,1261000,3.92,406069248,440320000,4581,993,1040,697,717,69890,0.47,18591744,3600384,146,0,1,5,6,post_set,2041,21791.8,44,8
2026-10-03T17:06:04.946+08:00,21025.1,setting,10.1,0,2043,0,104556,0,1261359,3.57,406441984,440459264,4581,993,1040,697,717,69906,0.16,18591744,3600384,146,0,1,5,6,post_set,2042,21801.9,44,8
2026-10-03T17:06:14.922+08:00,21035.1,setting,10.0,0,2044,0,104556,0,1261734,3.76,406323200,440340480,4581,993,1040,697,717,69937,0.31,18591744,3600384,146,0,1,5,6,post_set,2043,21811.9,44,8
2026-10-03T17:06:24.890+08:00,21045.0,setting,10.0,0,2045,0,104556,0,1262125,3.92,406200320,440459264,4581,993,1040,697,717,70000,0.63,18591744,3600384,146,0,1,5,6,post_set,2044,21821.9,44,8
2026-10-03T17:06:34.964+08:00,21055.1,setting,10.1,0,2046,0,104556,0,1262484,3.57,406081536,440340480,4581,993,1040,697,717,70046,0.47,18591744,3600384,146,0,1,5,6,post_set,2045,21831.9,44,8
2026-10-03T17:06:44.925+08:00,21065.1,setting,10.0,0,2047,0,104556,0,1262875,3.92,406200320,440459264,4581,993,1040,697,717,70078,0.31,18591744,3600384,146,0,1,5,6,post_set,2046,21841.9,44,8
2026-10-03T17:06:54.896+08:00,21075.1,setting,10.0,0,2048,0,104556,0,1263250,3.76,406081536,440340480,4581,993,1040,697,717,70109,0.31,18591744,3600384,146,0,1,5,6,post_set,2047,21851.9,44,8
2026-10-03T17:07:04.960+08:00,21085.1,setting,10.1,0,2049,0,104556,0,1263640,3.88,406478848,440573952,4588,993,1040,698,717,70140,0.31,18886656,4096000,146,0,1,5,6,post_set,2048,21861.9,44,8
2026-10-03T17:07:14.930+08:00,21095.1,setting,10.0,0,2050,0,104556,0,1264015,3.76,406360064,440455168,4588,993,1040,698,717,70171,0.31,18886656,4096000,146,0,1,5,6,post_set,2049,21871.9,44,8
2026-10-03T17:07:24.888+08:00,21105.1,setting,10.0,0,2051,0,104556,0,1264390,3.76,406237184,440573952,4588,993,1040,698,717,70218,0.47,18886656,4096000,146,0,1,5,6,post_set,2050,21881.9,44,8
2026-10-03T17:07:34.964+08:00,21115.1,setting,10.1,0,2052,0,104556,0,1264781,3.88,406118400,440455168,4588,993,1040,698,717,70234,0.16,18886656,4096000,146,0,1,5,6,post_set,2051,21891.9,44,8
2026-10-03T17:07:44.937+08:00,21125.1,setting,10.0,0,2053,0,104556,0,1265171,3.91,406237184,440573952,4588,993,1040,698,717,70265,0.31,18886656,4096000,146,0,1,5,6,post_set,2052,21901.9,44,8
2026-10-03T17:07:54.894+08:00,21135.1,setting,10.0,0,2054,0,104556,0,1265578,4.08,406122496,440455168,4588,993,1040,698,717,70296,0.31,18886656,4096000,146,0,1,5,6,post_set,2053,21911.9,44,8
2026-10-03T17:08:04.957+08:00,21145.1,setting,10.1,0,2055,0,104556,0,1265937,3.57,406482944,440573952,4588,993,1040,698,717,70328,0.31,18886656,4096000,146,0,1,5,6,post_set,2054,21921.9,44,8
2026-10-03T17:08:14.929+08:00,21155.1,setting,10.0,0,2056,0,104556,0,1266359,4.23,406364160,440455168,4588,993,1040,698,717,70359,0.31,18886656,4096000,146,0,1,5,6,post_set,2055,21931.9,44,8
2026-10-03T17:08:24.890+08:00,21165.1,setting,10.0,0,2057,0,104556,0,1266718,3.61,406269952,440602624,4588,993,1040,698,717,70390,0.31,18886656,4096000,146,0,1,5,6,post_set,2056,21941.9,44,8
2026-10-03T17:08:34.962+08:00,21175.1,setting,10.1,0,2058,0,104556,0,1267109,3.88,406151168,440483840,4588,993,1040,698,717,70421,0.31,18886656,4096000,146,0,1,5,6,post_set,2057,21951.9,44,8
2026-10-03T17:08:44.932+08:00,21185.1,setting,10.0,0,2059,0,104556,0,1267500,3.92,406269952,440602624,4588,993,1040,698,717,70453,0.31,18886656,4096000,146,0,1,5,6,post_set,2058,21961.9,44,8
2026-10-03T17:08:54.893+08:00,21195.1,setting,10.0,0,2060,0,104556,0,1267906,4.07,406151168,440483840,4588,993,1040,698,717,70484,0.31,18886656,4096000,146,0,1,5,6,post_set,2059,21971.9,44,8
2026-10-03T17:09:04.964+08:00,21205.1,setting,10.1,0,2061,0,104556,0,1268312,4.04,406511616,440602624,4588,993,1040,698,717,70515,0.31,18886656,4096000,146,0,1,5,6,post_set,2060,21981.9,44,8
2026-10-03T17:09:14.932+08:00,21215.1,setting,10.0,0,2062,0,104556,0,1268703,3.92,406446080,440545280,4588,993,1040,698,717,70546,0.31,18886656,4096000,146,0,1,5,6,post_set,2061,21991.9,44,8
2026-10-03T17:09:24.903+08:00,21225.1,setting,10.0,0,2063,0,104556,0,1269078,3.76,406372352,440721408,4588,993,1040,698,717,70578,0.31,18886656,4096000,146,0,1,5,6,post_set,2062,22001.9,44,8
2026-10-03T17:09:34.879+08:00,21235.0,setting,10.0,0,2064,0,104556,0,1269468,3.92,406257664,440602624,4588,993,1040,698,717,70609,0.31,18886656,4096000,146,0,1,5,6,post_set,2063,22011.8,44,8
2026-10-03T17:09:44.945+08:00,21245.1,setting,10.1,0,2065,0,104556,0,1269828,3.57,406376448,440721408,4588,993,1040,698,717,70656,0.47,18886656,4096000,146,0,1,5,6,post_set,2064,22021.9,44,8
2026-10-03T17:09:54.914+08:00,21255.1,setting,10.0,0,2066,0,104556,0,1270203,3.76,406257664,440602624,4588,993,1040,698,717,70703,0.47,18886656,4096000,146,0,1,5,6,post_set,2065,22031.9,44,8
2026-10-03T17:10:04.881+08:00,21265.0,setting,10.0,0,2067,0,104556,0,1270562,3.60,406622208,440725504,4588,993,1040,698,717,70734,0.31,18886656,4096000,146,0,1,5,6,post_set,2066,22041.9,44,8
2026-10-03T17:10:14.943+08:00,21275.1,setting,10.1,0,2068,0,104556,0,1270953,3.88,406503424,440606720,4588,993,1040,698,717,70765,0.31,18886656,4096000,146,0,1,5,6,post_set,2067,22051.9,44,8
2026-10-03T17:10:24.909+08:00,21285.1,setting,10.0,0,2069,0,104556,0,1271343,3.92,406380544,440725504,4588,993,1040,698,717,70781,0.16,18886656,4096000,146,0,1,5,6,post_set,2068,22061.9,44,8
2026-10-03T17:10:34.878+08:00,21295.0,setting,10.0,0,2070,0,104556,0,1271750,4.08,406261760,440606720,4588,993,1040,698,717,70828,0.47,18886656,4096000,146,0,1,5,6,post_set,2069,22071.8,44,8
2026-10-03T17:10:44.942+08:00,21305.1,setting,10.1,0,2071,0,104556,0,1272125,3.72,406380544,440725504,4588,993,1040,698,717,70859,0.31,18886656,4096000,146,0,1,5,6,post_set,2070,22081.9,44,8
2026-10-03T17:10:54.912+08:00,21315.1,setting,10.0,0,2072,0,104556,0,1272562,4.39,406261760,440606720,4588,993,1040,698,717,70890,0.31,18886656,4096000,146,0,1,5,6,post_set,2071,22091.9,44,8
2026-10-03T17:11:04.873+08:00,21325.0,setting,10.0,0,2073,0,104556,0,1272953,3.92,406622208,440725504,4588,993,1040,698,717,70921,0.31,18886656,4096000,146,0,1,5,6,post_set,2072,22101.8,44,8
2026-10-03T17:11:14.942+08:00,21335.1,setting,10.1,0,2074,0,104556,0,1273343,3.88,406503424,440606720,4588,993,1040,698,717,70953,0.31,18886656,4096000,146,0,1,5,6,post_set,2073,22111.9,44,8
2026-10-03T17:11:24.913+08:00,21345.1,setting,10.0,0,2075,0,104556,0,1273750,4.08,406388736,440725504,4588,993,1040,698,717,70984,0.31,18886656,4096000,146,0,1,5,6,post_set,2074,22121.9,44,8
2026-10-03T17:11:34.874+08:00,21355.0,setting,10.0,0,2076,0,104556,0,1274203,4.54,406245376,440528896,4581,993,1040,697,717,71015,0.31,18886656,4096000,146,0,1,5,6,post_set,2075,22131.8,44,8
2026-10-03T17:11:44.937+08:00,21365.1,setting,10.1,0,2077,0,104556,0,1274578,3.73,406364160,440647680,4581,993,1040,697,717,71046,0.31,18886656,4096000,146,0,1,5,6,post_set,2076,22141.9,44,8
2026-10-03T17:11:54.894+08:00,21375.1,setting,10.0,0,2078,0,104556,0,1274921,3.45,406245376,440528896,4581,993,1040,697,717,71078,0.31,18886656,4096000,146,0,1,5,6,post_set,2077,22151.9,44,8
2026-10-03T17:12:04.862+08:00,21385.0,setting,10.0,0,2079,0,104556,0,1275281,3.61,406605824,440647680,4581,993,1040,697,717,71109,0.31,18886656,4096000,146,0,1,5,6,post_set,2078,22161.8,44,8
2026-10-03T17:12:14.933+08:00,21395.1,setting,10.1,0,2080,0,104556,0,1275671,3.88,406487040,440528896,4581,993,1040,697,717,71125,0.16,18886656,4096000,146,0,1,5,6,post_set,2079,22171.9,44,8
2026-10-03T17:12:24.899+08:00,21405.1,setting,10.0,0,2081,0,104556,0,1276093,4.23,406364160,440647680,4581,993,1040,697,717,71156,0.31,18886656,4096000,146,0,1,5,6,post_set,2080,22181.9,44,8
2026-10-03T17:12:34.873+08:00,21415.0,setting,10.0,0,2082,0,104556,0,1276515,4.23,406245376,440528896,4581,993,1040,697,717,71187,0.31,18886656,4096000,146,0,1,5,6,post_set,2081,22191.8,44,8
2026-10-03T17:12:44.937+08:00,21425.1,setting,10.1,0,2083,0,104556,0,1276890,3.72,406364160,440647680,4581,993,1040,697,717,71218,0.31,18886656,4096000,146,0,1,5,6,post_set,2082,22201.9,44,8
2026-10-03T17:12:54.900+08:00,21435.1,setting,10.0,0,2084,0,104556,0,1277250,3.61,406245376,440528896,4581,993,1040,697,717,71234,0.16,18886656,4096000,146,0,1,5,6,post_set,2083,22211.9,44,8
2026-10-03T17:13:04.864+08:00,21445.0,setting,10.0,0,2085,0,104556,0,1277671,4.23,406605824,440647680,4581,993,1040,697,717,71250,0.16,18886656,4096000,146,0,1,5,6,post_set,2084,22221.8,44,8
2026-10-03T17:13:14.931+08:00,21455.1,setting,10.1,0,2086,0,104556,0,1278046,3.73,406487040,440528896,4581,993,1040,697,717,71296,0.47,18886656,4096000,146,0,1,5,6,post_set,2085,22231.9,44,8
2026-10-03T17:13:24.900+08:00,21465.1,setting,10.0,0,2087,0,104556,0,1278406,3.61,406364160,440647680,4581,993,1040,697,717,71343,0.47,18886656,4096000,146,0,1,5,6,post_set,2086,22241.9,44,8
2026-10-03T17:13:34.874+08:00,21475.0,setting,10.0,0,2088,0,104556,0,1278812,4.07,406245376,440528896,4581,993,1040,697,717,71375,0.31,18886656,4096000,146,0,1,5,6,post_set,2087,22251.8,44,8
2026-10-03T17:13:44.944+08:00,21485.1,setting,10.1,0,2089,0,104556,0,1279187,3.72,406364160,440647680,4581,993,1040,697,717,71453,0.78,18886656,4096000,146,0,1,5,6,post_set,2088,22261.9,44,8
2026-10-03T17:13:54.910+08:00,21495.1,setting,10.0,0,2090,0,104556,0,1279531,3.45,406245376,440528896,4581,993,1040,697,717,71484,0.31,18886656,4096000,146,0,1,5,6,post_set,2089,22271.9,44,8
2026-10-03T17:14:04.873+08:00,21505.0,setting,10.0,0,2091,0,104556,0,1279875,3.45,406605824,440647680,4581,993,1040,697,717,71515,0.31,18886656,4096000,146,0,1,5,6,post_set,2090,22281.8,44,8
2026-10-03T17:14:14.935+08:00,21515.1,setting,10.1,0,2092,0,104556,0,1280203,3.26,406487040,440528896,4581,993,1040,697,717,71515,0.00,18886656,4096000,146,0,1,5,6,post_set,2091,22291.9,44,8
2026-10-03T17:14:24.904+08:00,21525.1,setting,10.0,0,2093,0,104556,0,1280593,3.92,406368256,440647680,4581,993,1040,697,717,71546,0.31,18886656,4096000,146,0,1,5,6,post_set,2092,22301.9,44,8
2026-10-03T17:14:34.869+08:00,21535.0,setting,10.0,0,2094,0,104556,0,1280953,3.61,406249472,440528896,4581,993,1040,697,717,71562,0.16,18886656,4096000,146,0,1,5,6,post_set,2093,22311.8,44,8
2026-10-03T17:14:44.936+08:00,21545.1,setting,10.1,0,2095,0,104556,0,1281359,4.04,406368256,440647680,4581,993,1040,697,717,71578,0.16,18886656,4096000,146,0,1,5,6,post_set,2094,22321.9,44,8
2026-10-03T17:14:54.904+08:00,21555.1,setting,10.0,0,2096,0,104556,0,1281734,3.76,406249472,440528896,4581,993,1040,697,717,71593,0.16,18886656,4096000,146,0,1,5,6,post_set,2095,22331.9,44,8
2026-10-03T17:15:04.868+08:00,21565.0,setting,10.0,0,2097,0,104556,0,1282156,4.23,406609920,440647680,4581,993,1040,697,717,71640,0.47,18886656,4096000,146,0,1,5,6,post_set,2096,22341.8,44,8
2026-10-03T17:15:14.948+08:00,21575.1,setting,10.1,0,2098,0,104556,0,1282531,3.73,406491136,440528896,4581,993,1040,697,717,71671,0.31,18886656,4096000,146,0,1,5,6,post_set,2097,22351.9,44,8
2026-10-03T17:15:24.911+08:00,21585.1,setting,10.0,0,2099,0,104556,0,1282890,3.60,406368256,440647680,4581,993,1040,697,717,71703,0.31,18886656,4096000,146,0,1,5,6,post_set,2098,22361.9,44,8
2026-10-03T17:15:34.882+08:00,21595.0,setting,10.0,0,2100,0,104556,0,1283312,4.23,406249472,440528896,4581,993,1040,697,717,71750,0.47,18886656,4096000,146,0,1,5,6,post_set,2099,22371.9,44,8
2026-10-03T17:15:44.950+08:00,21605.1,setting,10.1,0,2101,0,104556,0,1283687,3.72,406380544,440659968,4581,993,1040,697,717,71796,0.47,18886656,4096000,146,0,1,5,6,post_set,2100,22381.9,44,8
2026-10-03T17:15:54.922+08:00,21615.1,setting,10.0,0,2102,0,104556,0,1284062,3.76,406261760,440541184,4581,993,1040,697,717,71812,0.16,18886656,4096000,146,0,1,5,6,post_set,2101,22391.9,44,8
2026-10-03T17:16:04.879+08:00,21625.0,setting,10.0,0,2103,0,104556,0,1284453,3.92,406622208,440659968,4581,993,1040,697,717,71843,0.31,18886656,4096000,146,0,1,5,6,post_set,2102,22401.8,44,8
2026-10-03T17:16:14.951+08:00,21635.1,setting,10.1,0,2104,0,104556,0,1284843,3.88,406503424,440541184,4581,993,1040,697,717,71890,0.47,18886656,4096000,146,0,1,5,6,post_set,2103,22411.9,44,8
2026-10-03T17:16:24.915+08:00,21645.1,setting,10.0,0,2105,0,104556,0,1285218,3.76,406380544,440659968,4581,993,1040,697,717,71921,0.31,18886656,4096000,146,0,1,5,6,post_set,2104,22421.9,44,8
2026-10-03T17:16:34.880+08:00,21655.0,setting,10.0,0,2106,0,104556,0,1285593,3.76,406261760,440541184,4581,993,1040,697,717,71953,0.31,18886656,4096000,146,0,1,5,6,post_set,2105,22431.8,44,8
2026-10-03T17:16:44.944+08:00,21665.1,setting,10.1,0,2107,0,104556,0,1285937,3.42,406380544,440659968,4581,993,1040,697,717,71968,0.16,18886656,4096000,146,0,1,5,6,post_set,2106,22441.9,44,8
2026-10-03T17:16:54.905+08:00,21675.1,setting,10.0,0,2108,0,104556,0,1286296,3.61,406261760,440541184,4581,993,1040,697,717,72015,0.47,18886656,4096000,146,0,1,5,6,post_set,2107,22451.9,44,8
2026-10-03T17:17:04.870+08:00,21685.0,setting,10.0,0,2109,0,104556,0,1286671,3.76,406622208,440659968,4581,993,1040,697,717,72046,0.31,18886656,4096000,146,0,1,5,6,post_set,2108,22461.8,44,8
2026-10-03T17:17:14.935+08:00,21695.1,setting,10.1,0,2110,0,104556,0,1287046,3.73,406515712,440553472,4581,993,1040,697,717,72078,0.31,18886656,4096000,146,0,1,5,6,post_set,2109,22471.9,44,8
2026-10-03T17:17:24.898+08:00,21705.1,setting,10.0,0,2111,0,104556,0,1287406,3.61,406409216,440815616,4581,993,1040,697,717,72093,0.16,18886656,4096000,146,0,1,5,6,post_set,2110,22481.9,44,8
2026-10-03T17:17:34.865+08:00,21715.0,setting,10.0,0,2112,0,104556,0,1287812,4.08,406290432,440696832,4581,993,1040,697,717,72125,0.31,18886656,4096000,146,0,1,5,6,post_set,2111,22491.8,44,8
2026-10-03T17:17:44.942+08:00,21725.1,setting,10.1,0,2113,0,104556,0,1288203,3.88,406409216,440815616,4581,993,1040,697,717,72140,0.16,18886656,4096000,146,0,1,5,6,post_set,2112,22501.9,44,8
2026-10-03T17:17:54.913+08:00,21735.1,setting,10.0,0,2114,0,104556,0,1288578,3.76,406290432,440696832,4581,993,1040,697,717,72187,0.47,18886656,4096000,146,0,1,5,6,post_set,2113,22511.9,44,8
2026-10-03T17:18:04.886+08:00,21745.0,setting,10.0,0,2115,0,104556,0,1288968,3.92,406650880,440815616,4581,993,1040,697,717,72218,0.31,18886656,4096000,146,0,1,5,6,post_set,2114,22521.9,44,8
2026-10-03T17:18:14.957+08:00,21755.1,setting,10.1,0,2116,0,104556,0,1289406,4.35,406544384,440709120,4581,993,1040,697,717,72250,0.31,18886656,4096000,146,0,1,5,6,post_set,2115,22531.9,44,8
2026-10-03T17:18:24.913+08:00,21765.1,setting,10.0,0,2117,0,104556,0,1289812,4.07,406421504,440827904,4581,993,1040,697,717,72296,0.47,18886656,4096000,146,0,1,5,6,post_set,2116,22541.9,44,8
2026-10-03T17:18:34.890+08:00,21775.0,setting,10.0,0,2118,0,104556,0,1290171,3.61,406302720,440709120,4581,993,1040,697,717,72312,0.16,18886656,4096000,146,0,1,5,6,post_set,2117,22551.9,44,8
2026-10-03T17:18:44.955+08:00,21785.1,setting,10.1,0,2119,0,104556,0,1290562,3.88,406421504,440827904,4581,993,1040,697,717,72343,0.31,18886656,4096000,146,0,1,5,6,post_set,2118,22561.9,44,8
2026-10-03T17:18:54.924+08:00,21795.1,setting,10.0,0,2120,0,104556,0,1290968,4.08,406302720,440709120,4581,993,1040,697,717,72375,0.31,18886656,4096000,146,0,1,5,6,post_set,2119,22571.9,44,8
2026-10-03T17:19:04.893+08:00,21805.1,setting,10.0,0,2121,0,104556,0,1291343,3.76,406663168,440827904,4581,993,1040,697,717,72406,0.31,18886656,4096000,146,0,1,5,6,post_set,2120,22581.9,44,8
2026-10-03T17:19:14.965+08:00,21815.1,setting,10.1,0,2122,0,104556,0,1291703,3.57,406544384,440709120,4581,993,1040,697,717,72437,0.31,18886656,4096000,146,0,1,5,6,post_set,2121,22591.9,44,8
2026-10-03T17:19:24.932+08:00,21825.1,setting,10.0,0,2123,0,104556,0,1292062,3.60,406421504,440827904,4581,993,1040,697,717,72468,0.31,18886656,4096000,146,0,1,5,6,post_set,2122,22601.9,44,8
2026-10-03T17:19:34.900+08:00,21835.0,setting,10.0,0,2124,0,104556,0,1292453,3.92,406302720,440709120,4581,993,1040,697,717,72500,0.31,18886656,4096000,146,0,1,5,6,post_set,2123,22611.9,44,8
2026-10-03T17:19:44.865+08:00,21845.0,setting,10.0,0,2125,0,104556,0,1292812,3.60,406421504,440827904,4581,993,1040,697,717,72531,0.31,18952192,4096000,146,0,1,5,6,post_set,2124,22621.8,44,8
2026-10-03T17:19:54.933+08:00,21855.1,setting,10.1,0,2126,0,104556,0,1293234,4.19,406302720,440709120,4581,993,1040,697,717,72562,0.31,18952192,4096000,146,0,1,5,6,post_set,2125,22631.9,44,8
2026-10-03T17:20:04.900+08:00,21865.1,setting,10.0,0,2127,0,104556,0,1293625,3.92,406663168,440827904,4581,993,1040,697,717,72593,0.31,18952192,4096000,146,0,1,5,6,post_set,2126,22641.9,44,8
2026-10-03T17:20:14.865+08:00,21875.0,setting,10.0,0,2128,0,104556,0,1294000,3.76,406544384,440709120,4581,993,1040,697,717,72625,0.31,18952192,4096000,146,0,1,5,6,post_set,2127,22651.8,44,8
2026-10-03T17:20:24.940+08:00,21885.1,setting,10.1,0,2129,0,104556,0,1294375,3.73,406421504,440827904,4581,993,1040,697,717,72656,0.31,18952192,4096000,146,0,1,5,6,post_set,2128,22661.9,44,8
2026-10-03T17:20:34.914+08:00,21895.1,setting,10.0,0,2130,0,104556,0,1294750,3.76,406319104,440786944,4583,993,1040,697,717,72734,0.78,18952192,4096000,146,0,1,5,6,post_set,2129,22671.9,44,8
2026-10-03T17:20:44.879+08:00,21905.0,setting,10.0,0,2131,0,104556,0,1295140,3.92,406441984,440905728,4587,993,1040,698,717,72765,0.31,18952192,4096000,146,0,1,5,6,post_set,2130,22681.8,44,8
2026-10-03T17:20:54.944+08:00,21915.1,setting,10.1,0,2132,0,104556,0,1295515,3.72,406323200,440786944,4587,993,1040,698,717,72796,0.31,18952192,4096000,146,0,1,5,6,post_set,2131,22691.9,44,8
2026-10-03T17:21:04.910+08:00,21925.1,setting,10.0,0,2133,0,104556,0,1295890,3.76,406700032,440905728,4587,993,1040,698,717,72828,0.31,18952192,4096000,146,0,1,5,6,post_set,2132,22701.9,44,8
2026-10-03T17:21:14.887+08:00,21935.0,setting,10.0,0,2134,0,104556,0,1296250,3.61,406581248,440786944,4588,993,1040,698,717,72859,0.31,18952192,4096000,146,0,1,5,6,post_set,2133,22711.9,44,8
2026-10-03T17:21:24.960+08:00,21945.1,setting,10.1,0,2135,0,104556,0,1296671,4.19,406458368,440905728,4588,993,1040,698,717,72921,0.62,18952192,4096000,146,0,1,5,6,post_set,2134,22721.9,44,8
2026-10-03T17:21:34.937+08:00,21955.1,setting,10.0,0,2136,0,104556,0,1297062,3.92,406339584,440786944,4588,993,1040,698,717,72953,0.31,18952192,4096000,146,0,1,5,6,post_set,2135,22731.9,44,8
2026-10-03T17:21:44.904+08:00,21965.1,setting,10.0,0,2137,0,104556,0,1297468,4.07,406458368,440905728,4588,993,1040,698,717,72984,0.31,18952192,4096000,146,0,1,5,6,post_set,2136,22741.9,44,8
2026-10-03T17:21:54.867+08:00,21975.0,setting,10.0,0,2138,0,104556,0,1297859,3.92,406339584,440786944,4588,993,1040,698,717,73000,0.16,18952192,4096000,146,0,1,5,6,post_set,2137,22751.8,44,8
2026-10-03T17:22:04.937+08:00,21985.1,setting,10.1,0,2139,0,104556,0,1298296,4.35,406700032,440905728,4588,993,1040,698,717,73031,0.31,18952192,4096000,146,0,1,5,6,post_set,2138,22761.9,44,8
2026-10-03T17:22:14.924+08:00,21995.1,setting,10.0,0,2140,0,104556,0,1298671,3.76,406581248,440786944,4588,993,1040,698,717,73062,0.31,18952192,4096000,146,0,1,5,6,post_set,2139,22771.9,44,8
2026-10-03T17:22:24.894+08:00,22005.0,setting,10.0,0,2141,0,104556,0,1299093,4.22,406458368,440905728,4588,993,1040,698,717,73125,0.63,18952192,4096000,146,0,1,5,6,post_set,2140,22781.9,44,8
2026-10-03T17:22:34.968+08:00,22015.1,setting,10.1,0,2142,0,104556,0,1299500,4.03,406339584,440786944,4588,993,1040,698,717,73171,0.47,18952192,4096000,146,0,1,5,6,post_set,2141,22791.9,44,8
2026-10-03T17:22:44.935+08:00,22025.1,setting,10.0,0,2143,0,104556,0,1299906,4.07,406458368,440905728,4588,993,1040,698,717,73203,0.31,18952192,4096000,146,0,1,5,6,post_set,2142,22801.9,44,8
2026-10-03T17:22:54.901+08:00,22035.1,setting,10.0,0,2144,0,104556,0,1300265,3.60,406339584,440786944,4588,993,1040,698,717,73234,0.31,18952192,4096000,146,0,1,5,6,post_set,2143,22811.9,44,8
2026-10-03T17:23:04.865+08:00,22045.0,setting,10.0,0,2145,0,104556,0,1300656,3.92,406700032,440905728,4588,993,1040,698,717,73250,0.16,18952192,4096000,146,0,1,5,6,post_set,2144,22821.8,44,8
2026-10-03T17:23:14.939+08:00,22055.1,setting,10.1,0,2146,0,104556,0,1301046,3.88,406581248,440786944,4588,993,1040,698,717,73281,0.31,18952192,4096000,146,0,1,5,6,post_set,2145,22831.9,44,8
2026-10-03T17:23:24.901+08:00,22065.1,setting,10.0,0,2147,0,104556,0,1301453,4.07,406458368,440905728,4588,993,1040,698,717,73328,0.47,18952192,4096000,146,0,1,5,6,post_set,2146,22841.9,44,8
2026-10-03T17:23:34.871+08:00,22075.0,setting,10.0,0,2148,0,104556,0,1301796,3.45,406339584,440786944,4588,993,1040,698,717,73343,0.16,18952192,4096000,146,0,1,5,6,post_set,2147,22851.8,44,8
2026-10-03T17:23:44.935+08:00,22085.1,setting,10.1,0,2149,0,104556,0,1302203,4.04,406458368,440905728,4588,993,1040,698,717,73359,0.16,18952192,4096000,146,0,1,5,6,post_set,2148,22861.9,44,8
2026-10-03T17:23:54.900+08:00,22095.1,setting,10.0,0,2150,0,104556,0,1302593,3.92,406339584,440786944,4588,993,1040,698,717,73359,0.00,18952192,4096000,146,0,1,5,6,post_set,2149,22871.9,44,8
2026-10-03T17:24:04.871+08:00,22105.0,setting,10.0,0,2151,0,104556,0,1302968,3.76,406700032,440905728,4588,993,1040,698,717,73390,0.31,18952192,4096000,146,0,1,5,6,post_set,2150,22881.8,44,8
2026-10-03T17:24:14.947+08:00,22115.1,setting,10.1,0,2152,0,104556,0,1303375,4.03,406581248,440786944,4588,993,1040,698,717,73437,0.47,18952192,4096000,146,0,1,5,6,post_set,2151,22891.9,44,8
2026-10-03T17:24:24.908+08:00,22125.1,setting,10.0,0,2153,0,104556,0,1303750,3.76,406458368,440905728,4588,993,1040,698,717,73468,0.31,18952192,4096000,146,0,1,5,6,post_set,2152,22901.9,44,8
2026-10-03T17:24:34.876+08:00,22135.0,setting,10.0,0,2154,0,104556,0,1304156,4.08,406339584,440786944,4588,993,1040,698,717,73500,0.31,18952192,4096000,146,0,1,5,6,post_set,2153,22911.8,44,8
2026-10-03T17:24:44.951+08:00,22145.1,setting,10.1,0,2155,0,104556,0,1304593,4.35,406458368,440905728,4588,993,1040,698,717,73515,0.16,18952192,4096000,146,0,1,5,6,post_set,2154,22921.9,44,8
2026-10-03T17:24:54.924+08:00,22155.1,setting,10.0,0,2156,0,104556,0,1305015,4.23,406339584,440786944,4588,993,1040,698,717,73546,0.31,18952192,4096000,146,0,1,5,6,post_set,2155,22931.9,44,8
2026-10-03T17:25:04.890+08:00,22165.0,setting,10.0,0,2157,0,104556,0,1305421,4.07,406700032,440905728,4588,993,1040,698,717,73593,0.47,18952192,4096000,146,0,1,5,6,post_set,2156,22941.9,44,8
2026-10-03T17:25:14.958+08:00,22175.1,setting,10.1,0,2158,0,104556,0,1305812,3.88,406581248,440786944,4588,993,1040,698,717,73609,0.16,18952192,4096000,146,0,1,5,6,post_set,2157,22951.9,44,8
2026-10-03T17:25:24.927+08:00,22185.1,setting,10.0,0,2159,0,104556,0,1306203,3.92,406458368,440905728,4588,993,1040,698,717,73640,0.31,18952192,4096000,146,0,1,5,6,post_set,2158,22961.9,44,8
2026-10-03T17:25:34.894+08:00,22195.0,setting,10.0,0,2160,0,104556,0,1306593,3.92,406339584,440786944,4588,993,1040,698,717,73671,0.31,18952192,4096000,146,0,1,5,6,post_set,2159,22971.9,44,8
2026-10-03T17:25:44.862+08:00,22205.0,cooldown,10.0,0,2160,0,104556,0,1306593,0.00,356769792,391122944,4588,991,1040,697,717,73703,0.31,18952192,4096000,146,0,1,5,6,periodic,,22981.8,44,8
2026-10-03T17:25:54.835+08:00,22215.0,cooldown,10.0,0,2160,0,104556,0,1306593,0.00,356528128,391122944,4588,991,1040,697,717,73750,0.47,18952192,4096000,146,0,1,5,6,periodic,,22991.8,44,8
2026-10-03T17:26:04.797+08:00,22225.0,cooldown,10.0,0,2160,0,104556,0,1306593,0.00,356700160,390967296,4571,991,1040,695,717,73796,0.47,18952192,4096000,146,0,1,5,6,periodic,,23001.8,44,8
2026-10-03T17:26:14.867+08:00,22235.0,cooldown,10.1,0,2160,0,104556,0,1306593,0.00,356700160,390967296,4571,991,1040,695,717,73812,0.16,18952192,4096000,146,0,1,5,6,periodic,,23011.8,44,8
2026-10-03T17:26:24.829+08:00,22245.0,cooldown,10.0,0,2160,0,104556,0,1306593,0.00,356458496,390967296,4571,991,1040,695,717,73843,0.31,18952192,4096000,146,0,1,5,6,periodic,,23021.8,44,8
2026-10-03T17:26:34.811+08:00,22254.9,cooldown,10.0,0,2160,0,104556,0,1306593,0.00,356458496,390967296,4571,991,1040,695,717,73859,0.16,18952192,4096000,146,0,1,5,6,periodic,,23031.8,44,8
2026-10-03T17:26:44.881+08:00,22265.0,cooldown,10.1,0,2160,0,104556,0,1306593,0.00,356487168,390995968,4571,991,1040,695,717,73906,0.46,18952192,4096000,146,0,1,5,6,periodic,,23041.8,44,8
2026-10-03T17:26:54.847+08:00,22275.0,cooldown,10.0,0,2160,0,104556,0,1306593,0.00,356487168,390995968,4571,991,1040,695,717,73937,0.31,18952192,4096000,146,0,1,5,6,periodic,,23051.8,44,8
2026-10-03T17:27:04.814+08:00,22285.0,cooldown,10.0,0,2160,0,104556,0,1306609,0.16,356728832,390995968,4571,991,1040,695,717,73968,0.31,18952192,4096000,146,0,1,5,6,periodic,,23061.8,44,8
2026-10-03T17:27:14.886+08:00,22295.0,cooldown,10.1,0,2160,0,104556,0,1306625,0.16,356728832,390995968,4571,991,1040,695,717,74015,0.47,18952192,4096000,146,0,1,5,6,periodic,,23071.9,44,8
2026-10-03T17:27:24.848+08:00,22305.0,cooldown,10.0,0,2160,0,104556,0,1306640,0.16,356487168,390995968,4571,991,1040,695,717,74062,0.47,18952192,4096000,146,0,1,5,6,periodic,,23081.8,44,8
2026-10-03T17:27:34.804+08:00,22315.0,cooldown,10.0,0,2160,0,104556,0,1306640,0.00,356487168,390995968,4571,991,1040,695,717,74093,0.31,18931712,4059136,144,0,1,5,6,periodic,,23091.8,44,8
2026-10-03T17:27:44.871+08:00,22325.0,cooldown,10.1,0,2160,0,104556,0,1306640,0.00,356487168,390995968,4571,991,1040,695,717,74125,0.31,18931712,4059136,144,0,1,5,6,periodic,,23101.8,44,8
2026-10-03T17:27:54.840+08:00,22335.0,cooldown,10.0,0,2160,0,104556,0,1306640,0.00,356487168,390995968,4571,991,1040,695,717,74156,0.31,18931712,4059136,144,0,1,5,6,periodic,,23111.8,44,8
2026-10-03T17:28:04.812+08:00,22345.0,cooldown,10.0,0,2160,0,104556,0,1306656,0.16,356728832,390995968,4571,991,1040,695,717,74203,0.47,18931712,4059136,144,0,1,5,6,periodic,,23121.8,44,8
2026-10-03T17:28:14.878+08:00,22355.0,cooldown,10.1,0,2160,0,104556,0,1306656,0.00,356728832,390995968,4571,991,1040,695,717,74234,0.31,18931712,4059136,144,0,1,5,6,periodic,,23131.8,44,8
2026-10-03T17:28:24.840+08:00,22365.0,cooldown,10.0,0,2160,0,104556,0,1306656,0.00,356487168,390995968,4571,991,1040,695,717,74265,0.31,18931712,4059136,144,0,1,5,6,periodic,,23141.8,44,8
2026-10-03T17:28:34.798+08:00,22375.0,cooldown,10.0,0,2160,0,104556,0,1306656,0.00,356487168,390995968,4571,991,1040,695,717,74281,0.16,18931712,4059136,144,0,1,5,6,periodic,,23151.8,44,8
2026-10-03T17:28:44.864+08:00,22385.0,cooldown,10.1,0,2160,0,104556,0,1306671,0.16,356503552,391073792,4573,991,1040,695,717,74296,0.16,18931712,4059136,144,0,1,5,6,periodic,,23161.8,44,8
2026-10-03T17:28:54.836+08:00,22395.0,cooldown,10.0,0,2160,0,104556,0,1306718,0.47,356503552,391073792,4575,991,1040,695,717,74328,0.31,18931712,4059136,144,0,1,5,6,periodic,,23171.8,44,8
2026-10-03T17:29:04.794+08:00,22405.0,cooldown,10.0,0,2160,0,104556,0,1306718,0.00,356749312,391077888,4575,991,1040,695,717,74359,0.31,18931712,4059136,144,0,1,5,6,periodic,,23181.8,44,8
2026-10-03T17:29:14.861+08:00,22415.0,cooldown,10.1,0,2160,0,104556,0,1306718,0.00,356749312,391077888,4575,991,1040,695,717,74375,0.16,18931712,4059136,144,0,1,5,6,periodic,,23191.8,44,8
2026-10-03T17:29:24.825+08:00,22425.0,cooldown,10.0,0,2160,0,104556,0,1306718,0.00,356507648,391077888,4575,991,1040,695,717,74421,0.47,18931712,4059136,144,0,1,5,6,periodic,,23201.8,44,8
2026-10-03T17:29:34.888+08:00,22435.0,cooldown,10.1,0,2160,0,104556,0,1306718,0.00,356511744,391077888,4576,991,1040,695,717,74453,0.31,18931712,4059136,144,0,1,5,6,periodic,,23211.9,44,8
2026-10-03T17:29:44.854+08:00,22445.0,cooldown,10.0,0,2160,0,104556,0,1306718,0.00,356511744,391077888,4576,991,1040,695,717,74484,0.31,18931712,4059136,144,0,1,5,6,periodic,,23221.8,44,8
2026-10-03T17:29:54.815+08:00,22455.0,cooldown,10.0,0,2160,0,104556,0,1306718,0.00,356511744,391077888,4578,991,1040,696,717,74515,0.31,18931712,4059136,144,0,1,5,6,periodic,,23231.8,44,8
2026-10-03T17:30:04.873+08:00,22465.0,cooldown,10.1,0,2160,0,104556,0,1306734,0.16,356737024,391000064,4571,991,1040,696,717,74546,0.31,18931712,4059136,144,0,1,5,6,periodic,,23241.8,44,8
2026-10-03T17:30:14.837+08:00,22475.0,cooldown,10.0,0,2160,0,104556,0,1306750,0.16,356737024,391000064,4571,991,1040,696,717,74578,0.31,18931712,4059136,144,0,1,5,6,periodic,,23251.8,44,8
2026-10-03T17:30:24.812+08:00,22485.0,cooldown,10.0,0,2160,0,104556,0,1306750,0.00,356495360,391000064,4571,991,1040,696,717,74609,0.31,18931712,4059136,144,0,1,5,6,periodic,,23261.8,44,8
2026-10-03T17:30:34.879+08:00,22495.0,cooldown,10.1,0,2160,0,104556,0,1306765,0.16,356495360,391000064,4571,991,1040,696,717,74640,0.31,18931712,4059136,144,0,1,5,6,periodic,,23271.8,44,8
2026-10-03T17:30:44.833+08:00,22505.0,cooldown,10.0,0,2160,0,104556,0,1306765,0.00,356495360,391000064,4571,991,1040,696,717,74671,0.31,18931712,4059136,144,0,1,5,6,periodic,,23281.8,44,8
2026-10-03T17:30:54.798+08:00,22515.0,cooldown,10.0,0,2160,0,104556,0,1306765,0.00,356495360,391000064,4571,991,1040,696,717,74703,0.31,18931712,4059136,144,0,1,5,6,periodic,,23291.8,44,8
2026-10-03T17:31:04.866+08:00,22525.0,cooldown,10.1,0,2160,0,104556,0,1306765,0.00,356737024,391000064,4571,991,1040,696,717,74734,0.31,18931712,4059136,144,0,1,5,6,periodic,,23301.8,44,8
2026-10-03T17:31:14.831+08:00,22535.0,cooldown,10.0,0,2160,0,104556,0,1306765,0.00,356737024,391000064,4571,991,1040,696,717,74765,0.31,18931712,4059136,144,0,1,5,6,periodic,,23311.8,44,8
2026-10-03T17:31:24.801+08:00,22545.0,cooldown,10.0,0,2160,0,104556,0,1306765,0.00,356495360,391000064,4571,991,1040,696,717,74781,0.16,18931712,4059136,144,0,1,5,6,periodic,,23321.8,44,8
2026-10-03T17:31:34.866+08:00,22555.0,cooldown,10.1,0,2160,0,104556,0,1306765,0.00,356495360,391000064,4571,991,1040,696,717,74828,0.47,18931712,4059136,144,0,1,5,6,periodic,,23331.8,44,8
2026-10-03T17:31:44.823+08:00,22565.0,cooldown,10.0,0,2160,0,104556,0,1306796,0.31,356478976,390918144,4565,991,1040,695,717,74890,0.63,18931712,4059136,144,0,1,5,6,periodic,,23341.8,44,8
2026-10-03T17:31:54.885+08:00,22575.0,cooldown,10.1,0,2160,0,104556,0,1306828,0.31,356478976,390918144,4565,991,1040,695,717,74906,0.16,18931712,4059136,144,0,1,5,6,periodic,,23351.9,44,8
2026-10-03T17:32:04.850+08:00,22585.0,cooldown,10.0,0,2160,0,104556,0,1306828,0.00,356720640,390918144,4565,991,1040,695,717,74937,0.31,18931712,4059136,144,0,1,5,6,periodic,,23361.8,44,8
2026-10-03T17:32:14.822+08:00,22595.0,cooldown,10.0,0,2160,0,104556,0,1306828,0.00,356720640,390918144,4565,991,1040,695,717,75000,0.63,18931712,4059136,144,0,1,5,6,periodic,,23371.8,44,8
2026-10-03T17:32:24.882+08:00,22605.0,cooldown,10.1,0,2160,0,104556,0,1306828,0.00,356478976,390918144,4565,991,1040,695,717,75031,0.31,18931712,4059136,144,0,1,5,6,periodic,,23381.8,44,8
2026-10-03T17:32:34.848+08:00,22615.0,cooldown,10.0,0,2160,0,104556,0,1306828,0.00,356478976,390918144,4565,991,1040,695,717,75062,0.31,18931712,4059136,144,0,1,5,6,periodic,,23391.8,44,8
2026-10-03T17:32:44.811+08:00,22625.0,cooldown,10.0,0,2160,0,104556,0,1306859,0.31,356478976,390918144,4565,991,1040,695,717,75109,0.47,18931712,4059136,144,0,1,5,6,periodic,,23401.8,44,8
2026-10-03T17:32:54.868+08:00,22635.0,cooldown,10.1,0,2160,0,104556,0,1306875,0.16,356478976,390918144,4565,991,1040,695,717,75140,0.31,18931712,4059136,144,0,1,5,6,periodic,,23411.8,44,8
2026-10-03T17:33:04.830+08:00,22645.0,cooldown,10.0,0,2160,0,104556,0,1306906,0.31,356720640,390918144,4565,991,1040,695,717,75156,0.16,18931712,4059136,144,0,1,5,6,periodic,,23421.8,44,8
2026-10-03T17:33:14.899+08:00,22655.0,cooldown,10.1,0,2160,0,104556,0,1306921,0.16,356720640,390918144,4565,991,1040,695,717,75187,0.31,18931712,4059136,144,0,1,5,6,periodic,,23431.9,44,8
2026-10-03T17:33:24.853+08:00,22665.0,cooldown,10.0,0,2160,0,104556,0,1306937,0.16,356478976,390918144,4565,991,1040,695,717,75218,0.31,18931712,4059136,144,0,1,5,6,periodic,,23441.8,44,8
2026-10-03T17:33:34.818+08:00,22675.0,cooldown,10.0,0,2160,0,104556,0,1306968,0.31,356478976,390918144,4565,991,1040,695,717,75250,0.31,18931712,4059136,144,0,1,5,6,periodic,,23451.8,44,8
2026-10-03T17:33:44.884+08:00,22685.0,cooldown,10.1,0,2160,0,104556,0,1306984,0.16,356478976,390918144,4565,991,1040,695,717,75281,0.31,18931712,4059136,144,0,1,5,6,periodic,,23461.8,44,8
2026-10-03T17:33:54.843+08:00,22695.0,cooldown,10.0,0,2160,0,104556,0,1307000,0.16,356478976,390918144,4565,991,1040,695,717,75312,0.31,18931712,4059136,144,0,1,5,6,periodic,,23471.8,44,8
2026-10-03T17:34:04.806+08:00,22705.0,cooldown,10.0,0,2160,0,104556,0,1307031,0.31,356720640,390918144,4565,991,1040,695,717,75328,0.16,18931712,4059136,144,0,1,5,6,periodic,,23481.8,44,8
2026-10-03T17:34:14.870+08:00,22715.0,cooldown,10.1,0,2160,0,104556,0,1307031,0.00,356720640,390918144,4565,991,1040,695,717,75359,0.31,18931712,4059136,144,0,1,5,6,periodic,,23491.8,44,8
2026-10-03T17:34:24.837+08:00,22725.0,cooldown,10.0,0,2160,0,104556,0,1307046,0.16,356478976,390918144,4565,991,1040,695,717,75390,0.31,18931712,4059136,144,0,1,5,6,periodic,,23501.8,44,8
2026-10-03T17:34:34.803+08:00,22735.0,cooldown,10.0,0,2160,0,104556,0,1307046,0.00,356478976,390918144,4565,991,1040,695,717,75421,0.31,18931712,4059136,144,0,1,5,6,periodic,,23511.8,44,8
2026-10-03T17:34:44.871+08:00,22745.0,cooldown,10.1,0,2160,0,104556,0,1307046,0.00,356478976,390918144,4565,991,1040,695,717,75468,0.47,18931712,4059136,144,0,1,5,6,periodic,,23521.8,44,8
2026-10-03T17:34:54.833+08:00,22755.0,cooldown,10.0,0,2160,0,104556,0,1307046,0.00,356478976,390918144,4565,991,1040,695,717,75500,0.31,18931712,4059136,144,0,1,5,6,periodic,,23531.8,44,8
2026-10-03T17:35:04.815+08:00,22764.9,cooldown,10.0,0,2160,0,104556,0,1307046,0.00,356720640,390918144,4565,991,1040,695,717,75531,0.31,18931712,4059136,144,0,1,5,6,periodic,,23541.8,44,8
2026-10-03T17:35:14.891+08:00,22775.0,cooldown,10.1,0,2160,0,104556,0,1307046,0.00,356720640,390918144,4565,991,1040,695,717,75578,0.46,18931712,4059136,144,0,1,5,6,periodic,,23551.9,44,8
2026-10-03T17:35:24.855+08:00,22785.0,cooldown,10.0,0,2160,0,104556,0,1307046,0.00,356478976,390918144,4565,991,1040,695,717,75609,0.31,18931712,4059136,144,0,1,5,6,periodic,,23561.8,44,8
2026-10-03T17:35:34.817+08:00,22795.0,cooldown,10.0,0,2160,0,104556,0,1307062,0.16,356478976,390918144,4565,991,1040,695,717,75640,0.31,18931712,4059136,144,0,1,5,6,periodic,,23571.8,44,8
2026-10-03T17:35:39.861+08:00,22800.0,cooldown,5.0,0,2160,0,104556,0,1307062,0.00,356478976,390918144,4565,991,1040,695,717,75671,0.62,18931712,4059136,144,0,1,5,6,final,,23576.8,44,8
