2026-10-03T11:15:39.755+08:00 START dw-1.2 隱藏頂層視窗訊息計數（tag=1.7-full，視窗 3s）；與 dw-1.1-1.7-full.log 的 SET 行時間戳可交叉對照。注意：CYCLE／OUTSIDE 行是視窗期結束後才寫檔，行首時間戳為寫檔時間，事件時間看 start=／t+ 欄位
2026-10-03T11:15:39.759+08:00 SINK 隱藏頂層視窗已建立（非 message-only），訊息迴圈執行緒運行中
2026-10-03T11:15:41.883+08:00 CONTROL 已廣播對照訊息 WM_SETTINGCHANGE lParam="fc-probe-control"（SendMessageTimeout 回傳 1，耗時 94ms）；之後應在下方出現一筆 OUTSIDE ... text="fc-probe-control"，沒有就代表隱藏視窗收不到廣播
2026-10-03T11:25:42.808+08:00 OUTSIDE phase=baseline t+2.050s WM_SETTINGCHANGE wParam=0x0 lParam=0x7CFF6FF9B8 text="fc-probe-control"
2026-10-03T11:25:42.809+08:00 CYCLE n=0 label=set start=2026-10-03T11:25:39.797+08:00 sets=[mon1=B@+0.7ms/1.8ms/hr=0x00000000] window_ms=3003 total=0 WM_SETTINGCHANGE=0 WM_DISPLAYCHANGE=0 WM_THEMECHANGED=0 WM_DWMCOLORIZATIONCOLORCHANGED=0 WM_SYSCOLORCHANGE=0 other=0
2026-10-03T11:25:52.774+08:00 CYCLE n=1 label=set start=2026-10-03T11:25:49.762+08:00 sets=[mon1=A@+0.8ms/1.4ms/hr=0x00000000] window_ms=3002 total=0 WM_SETTINGCHANGE=0 WM_DISPLAYCHANGE=0 WM_THEMECHANGED=0 WM_DWMCOLORIZATIONCOLORCHANGED=0 WM_SYSCOLORCHANGE=0 other=0
2026-10-03T11:26:02.829+08:00 CYCLE n=2 label=set start=2026-10-03T11:25:59.816+08:00 sets=[mon1=B@+0.6ms/1.7ms/hr=0x00000000] window_ms=3002 total=0 WM_SETTINGCHANGE=0 WM_DISPLAYCHANGE=0 WM_THEMECHANGED=0 WM_DWMCOLORIZATIONCOLORCHANGED=0 WM_SYSCOLORCHANGE=0 other=0
2026-10-03T11:26:12.787+08:00 CYCLE n=3 label=set start=2026-10-03T11:26:09.775+08:00 sets=[mon1=A@+0.5ms/2.0ms/hr=0x00000000] window_ms=3003 total=0 WM_SETTINGCHANGE=0 WM_DISPLAYCHANGE=0 WM_THEMECHANGED=0 WM_DWMCOLORIZATIONCOLORCHANGED=0 WM_SYSCOLORCHANGE=0 other=0
2026-10-03T11:26:22.857+08:00 CYCLE n=4 label=set start=2026-10-03T11:26:19.843+08:00 sets=[mon1=B@+0.5ms/2.0ms/hr=0x00000000] window_ms=3003 total=0 WM_SETTINGCHANGE=0 WM_DISPLAYCHANGE=0 WM_THEMECHANGED=0 WM_DWMCOLORIZATIONCOLORCHANGED=0 WM_SYSCOLORCHANGE=0 other=0
2026-10-03T11:26:32.820+08:00 CYCLE n=5 label=set start=2026-10-03T11:26:29.809+08:00 sets=[mon1=A@+0.4ms/1.5ms/hr=0x00000000] window_ms=3002 total=0 WM_SETTINGCHANGE=0 WM_DISPLAYCHANGE=0 WM_THEMECHANGED=0 WM_DWMCOLORIZATIONCOLORCHANGED=0 WM_SYSCOLORCHANGE=0 other=0
2026-10-03T11:26:42.780+08:00 CYCLE n=6 label=set start=2026-10-03T11:26:39.770+08:00 sets=[mon1=B@+0.4ms/1.6ms/hr=0x00000000] window_ms=3002 total=0 WM_SETTINGCHANGE=0 WM_DISPLAYCHANGE=0 WM_THEMECHANGED=0 WM_DWMCOLORIZATIONCOLORCHANGED=0 WM_SYSCOLORCHANGE=0 other=0
2026-10-03T11:26:52.856+08:00 CYCLE n=7 label=set start=2026-10-03T11:26:49.838+08:00 sets=[mon1=A@+0.9ms/4.8ms/hr=0x00000000] window_ms=3006 total=0 WM_SETTINGCHANGE=0 WM_DISPLAYCHANGE=0 WM_THEMECHANGED=0 WM_DWMCOLORIZATIONCOLORCHANGED=0 WM_SYSCOLORCHANGE=0 other=0
2026-10-03T11:27:02.852+08:00 CYCLE n=8 label=set start=2026-10-03T11:26:59.819+08:00 sets=[mon1=B@+0.6ms/2.4ms/hr=0x00000000] window_ms=3003 total=0 WM_SETTINGCHANGE=0 WM_DISPLAYCHANGE=0 WM_THEMECHANGED=0 WM_DWMCOLORIZATIONCOLORCHANGED=0 WM_SYSCOLORCHANGE=0 other=0
2026-10-03T11:27:12.806+08:00 CYCLE n=9 label=set start=2026-10-03T11:27:09.794+08:00 sets=[mon1=A@+0.5ms/2.2ms/hr=0x00000000] window_ms=3003 total=0 WM_SETTINGCHANGE=0 WM_DISPLAYCHANGE=0 WM_THEMECHANGED=0 WM_DWMCOLORIZATIONCOLORCHANGED=0 WM_SYSCOLORCHANGE=0 other=0
2026-10-03T11:27:22.778+08:00 CYCLE n=10 label=set start=2026-10-03T11:27:19.767+08:00 sets=[mon1=B@+0.6ms/1.6ms/hr=0x00000000] window_ms=3002 total=0 WM_SETTINGCHANGE=0 WM_DISPLAYCHANGE=0 WM_THEMECHANGED=0 WM_DWMCOLORIZATIONCOLORCHANGED=0 WM_SYSCOLORCHANGE=0 other=0
2026-10-03T11:27:32.843+08:00 CYCLE n=11 label=set start=2026-10-03T11:27:29.831+08:00 sets=[mon1=A@+0.4ms/2.2ms/hr=0x00000000] window_ms=3003 total=0 WM_SETTINGCHANGE=0 WM_DISPLAYCHANGE=0 WM_THEMECHANGED=0 WM_DWMCOLORIZATIONCOLORCHANGED=0 WM_SYSCOLORCHANGE=0 other=0
2026-10-03T11:27:42.806+08:00 CYCLE n=12 label=set start=2026-10-03T11:27:39.794+08:00 sets=[mon1=B@+0.5ms/2.0ms/hr=0x00000000] window_ms=3003 total=0 WM_SETTINGCHANGE=0 WM_DISPLAYCHANGE=0 WM_THEMECHANGED=0 WM_DWMCOLORIZATIONCOLORCHANGED=0 WM_SYSCOLORCHANGE=0 other=0
2026-10-03T11:27:52.864+08:00 CYCLE n=13 label=set start=2026-10-03T11:27:49.854+08:00 sets=[mon1=A@+0.6ms/1.7ms/hr=0x00000000] window_ms=3002 total=0 WM_SETTINGCHANGE=0 WM_DISPLAYCHANGE=0 WM_THEMECHANGED=0 WM_DWMCOLORIZATIONCOLORCHANGED=0 WM_SYSCOLORCHANGE=0 other=0
2026-10-03T11:28:02.825+08:00 CYCLE n=14 label=set start=2026-10-03T11:27:59.813+08:00 sets=[mon1=B@+0.5ms/1.8ms/hr=0x00000000] window_ms=3003 total=0 WM_SETTINGCHANGE=0 WM_DISPLAYCHANGE=0 WM_THEMECHANGED=0 WM_DWMCOLORIZATIONCOLORCHANGED=0 WM_SYSCOLORCHANGE=0 other=0
2026-10-03T11:28:12.797+08:00 CYCLE n=15 label=set start=2026-10-03T11:28:09.786+08:00 sets=[mon1=A@+0.4ms/1.9ms/hr=0x00000000] window_ms=3003 total=0 WM_SETTINGCHANGE=0 WM_DISPLAYCHANGE=0 WM_THEMECHANGED=0 WM_DWMCOLORIZATIONCOLORCHANGED=0 WM_SYSCOLORCHANGE=0 other=0
2026-10-03T11:28:22.779+08:00 CYCLE n=16 label=set start=2026-10-03T11:28:19.766+08:00 sets=[mon1=B@+0.6ms/1.9ms/hr=0x00000000] window_ms=3003 total=0 WM_SETTINGCHANGE=0 WM_DISPLAYCHANGE=0 WM_THEMECHANGED=0 WM_DWMCOLORIZATIONCOLORCHANGED=0 WM_SYSCOLORCHANGE=0 other=0
2026-10-03T11:28:32.857+08:00 CYCLE n=17 label=set start=2026-10-03T11:28:29.846+08:00 sets=[mon1=A@+0.4ms/1.6ms/hr=0x00000000] window_ms=3002 total=0 WM_SETTINGCHANGE=0 WM_DISPLAYCHANGE=0 WM_THEMECHANGED=0 WM_DWMCOLORIZATIONCOLORCHANGED=0 WM_SYSCOLORCHANGE=0 other=0
2026-10-03T11:28:42.823+08:00 CYCLE n=18 label=set start=2026-10-03T11:28:39.813+08:00 sets=[mon1=B@+0.5ms/1.8ms/hr=0x00000000] window_ms=3002 total=0 WM_SETTINGCHANGE=0 WM_DISPLAYCHANGE=0 WM_THEMECHANGED=0 WM_DWMCOLORIZATIONCOLORCHANGED=0 WM_SYSCOLORCHANGE=0 other=0
2026-10-03T11:28:52.793+08:00 CYCLE n=19 label=set start=2026-10-03T11:28:49.780+08:00 sets=[mon1=A@+0.9ms/2.3ms/hr=0x00000000] window_ms=3004 total=0 WM_SETTINGCHANGE=0 WM_DISPLAYCHANGE=0 WM_THEMECHANGED=0 WM_DWMCOLORIZATIONCOLORCHANGED=0 WM_SYSCOLORCHANGE=0 other=0
2026-10-03T11:29:02.854+08:00 CYCLE n=20 label=set start=2026-10-03T11:28:59.844+08:00 sets=[mon1=B@+0.4ms/2.0ms/hr=0x00000000] window_ms=3003 total=0 WM_SETTINGCHANGE=0 WM_DISPLAYCHANGE=0 WM_THEMECHANGED=0 WM_DWMCOLORIZATIONCOLORCHANGED=0 WM_SYSCOLORCHANGE=0 other=0
2026-10-03T11:29:12.821+08:00 CYCLE n=21 label=set start=2026-10-03T11:29:09.807+08:00 sets=[mon1=A@+0.4ms/2.2ms/hr=0x00000000] window_ms=3003 total=0 WM_SETTINGCHANGE=0 WM_DISPLAYCHANGE=0 WM_THEMECHANGED=0 WM_DWMCOLORIZATIONCOLORCHANGED=0 WM_SYSCOLORCHANGE=0 other=0
2026-10-03T11:29:22.776+08:00 CYCLE n=22 label=set start=2026-10-03T11:29:19.765+08:00 sets=[mon1=B@+0.5ms/1.8ms/hr=0x00000000] window_ms=3002 total=0 WM_SETTINGCHANGE=0 WM_DISPLAYCHANGE=0 WM_THEMECHANGED=0 WM_DWMCOLORIZATIONCOLORCHANGED=0 WM_SYSCOLORCHANGE=0 other=0
2026-10-03T11:29:32.843+08:00 CYCLE n=23 label=set start=2026-10-03T11:29:29.831+08:00 sets=[mon1=A@+0.8ms/2.2ms/hr=0x00000000] window_ms=3003 total=0 WM_SETTINGCHANGE=0 WM_DISPLAYCHANGE=0 WM_THEMECHANGED=0 WM_DWMCOLORIZATIONCOLORCHANGED=0 WM_SYSCOLORCHANGE=0 other=0
2026-10-03T11:29:42.799+08:00 CYCLE n=24 label=set start=2026-10-03T11:29:39.785+08:00 sets=[mon1=B@+0.6ms/1.4ms/hr=0x00000000] window_ms=3002 total=0 WM_SETTINGCHANGE=0 WM_DISPLAYCHANGE=0 WM_THEMECHANGED=0 WM_DWMCOLORIZATIONCOLORCHANGED=0 WM_SYSCOLORCHANGE=0 other=0
2026-10-03T11:29:52.867+08:00 CYCLE n=25 label=set start=2026-10-03T11:29:49.855+08:00 sets=[mon1=A@+0.4ms/1.5ms/hr=0x00000000] window_ms=3002 total=0 WM_SETTINGCHANGE=0 WM_DISPLAYCHANGE=0 WM_THEMECHANGED=0 WM_DWMCOLORIZATIONCOLORCHANGED=0 WM_SYSCOLORCHANGE=0 other=0
2026-10-03T11:30:02.838+08:00 CYCLE n=26 label=set start=2026-10-03T11:29:59.826+08:00 sets=[mon1=B@+0.7ms/1.6ms/hr=0x00000000] window_ms=3003 total=0 WM_SETTINGCHANGE=0 WM_DISPLAYCHANGE=0 WM_THEMECHANGED=0 WM_DWMCOLORIZATIONCOLORCHANGED=0 WM_SYSCOLORCHANGE=0 other=0
2026-10-03T11:30:12.802+08:00 CYCLE n=27 label=set start=2026-10-03T11:30:09.790+08:00 sets=[mon1=A@+0.4ms/1.5ms/hr=0x00000000] window_ms=3002 total=0 WM_SETTINGCHANGE=0 WM_DISPLAYCHANGE=0 WM_THEMECHANGED=0 WM_DWMCOLORIZATIONCOLORCHANGED=0 WM_SYSCOLORCHANGE=0 other=0
2026-10-03T11:30:22.857+08:00 CYCLE n=28 label=set start=2026-10-03T11:30:19.845+08:00 sets=[mon1=B@+0.6ms/1.8ms/hr=0x00000000] window_ms=3003 total=0 WM_SETTINGCHANGE=0 WM_DISPLAYCHANGE=0 WM_THEMECHANGED=0 WM_DWMCOLORIZATIONCOLORCHANGED=0 WM_SYSCOLORCHANGE=0 other=0
2026-10-03T11:30:32.823+08:00 CYCLE n=29 label=set start=2026-10-03T11:30:29.810+08:00 sets=[mon1=A@+0.4ms/2.0ms/hr=0x00000000] window_ms=3003 total=0 WM_SETTINGCHANGE=0 WM_DISPLAYCHANGE=0 WM_THEMECHANGED=0 WM_DWMCOLORIZATIONCOLORCHANGED=0 WM_SYSCOLORCHANGE=0 other=0
2026-10-03T11:30:42.794+08:00 CYCLE n=30 label=set start=2026-10-03T11:30:39.781+08:00 sets=[mon1=B@+0.4ms/1.6ms/hr=0x00000000] window_ms=3002 total=0 WM_SETTINGCHANGE=0 WM_DISPLAYCHANGE=0 WM_THEMECHANGED=0 WM_DWMCOLORIZATIONCOLORCHANGED=0 WM_SYSCOLORCHANGE=0 other=0
2026-10-03T11:30:52.867+08:00 CYCLE n=31 label=set start=2026-10-03T11:30:49.855+08:00 sets=[mon1=A@+0.5ms/2.6ms/hr=0x00000000] window_ms=3003 total=0 WM_SETTINGCHANGE=0 WM_DISPLAYCHANGE=0 WM_THEMECHANGED=0 WM_DWMCOLORIZATIONCOLORCHANGED=0 WM_SYSCOLORCHANGE=0 other=0
2026-10-03T11:31:02.872+08:00 CYCLE n=32 label=set start=2026-10-03T11:30:59.860+08:00 sets=[mon1=B@+0.4ms/1.8ms/hr=0x00000000] window_ms=3002 total=0 WM_SETTINGCHANGE=0 WM_DISPLAYCHANGE=0 WM_THEMECHANGED=0 WM_DWMCOLORIZATIONCOLORCHANGED=0 WM_SYSCOLORCHANGE=0 other=0
2026-10-03T11:31:12.839+08:00 CYCLE n=33 label=set start=2026-10-03T11:31:09.826+08:00 sets=[mon1=A@+0.5ms/1.9ms/hr=0x00000000] window_ms=3003 total=0 WM_SETTINGCHANGE=0 WM_DISPLAYCHANGE=0 WM_THEMECHANGED=0 WM_DWMCOLORIZATIONCOLORCHANGED=0 WM_SYSCOLORCHANGE=0 other=0
2026-10-03T11:31:22.822+08:00 CYCLE n=34 label=set start=2026-10-03T11:31:19.809+08:00 sets=[mon1=B@+0.7ms/1.7ms/hr=0x00000000] window_ms=3003 total=0 WM_SETTINGCHANGE=0 WM_DISPLAYCHANGE=0 WM_THEMECHANGED=0 WM_DWMCOLORIZATIONCOLORCHANGED=0 WM_SYSCOLORCHANGE=0 other=0
2026-10-03T11:31:32.791+08:00 CYCLE n=35 label=set start=2026-10-03T11:31:29.777+08:00 sets=[mon1=A@+0.4ms/2.0ms/hr=0x00000000] window_ms=3003 total=0 WM_SETTINGCHANGE=0 WM_DISPLAYCHANGE=0 WM_THEMECHANGED=0 WM_DWMCOLORIZATIONCOLORCHANGED=0 WM_SYSCOLORCHANGE=0 other=0
2026-10-03T11:31:42.858+08:00 CYCLE n=36 label=set start=2026-10-03T11:31:39.845+08:00 sets=[mon1=B@+0.5ms/2.3ms/hr=0x00000000] window_ms=3003 total=0 WM_SETTINGCHANGE=0 WM_DISPLAYCHANGE=0 WM_THEMECHANGED=0 WM_DWMCOLORIZATIONCOLORCHANGED=0 WM_SYSCOLORCHANGE=0 other=0
2026-10-03T11:31:52.826+08:00 CYCLE n=37 label=set start=2026-10-03T11:31:49.813+08:00 sets=[mon1=A@+0.5ms/1.6ms/hr=0x00000000] window_ms=3002 total=0 WM_SETTINGCHANGE=0 WM_DISPLAYCHANGE=0 WM_THEMECHANGED=0 WM_DWMCOLORIZATIONCOLORCHANGED=0 WM_SYSCOLORCHANGE=0 other=0
2026-10-03T11:32:02.783+08:00 CYCLE n=38 label=set start=2026-10-03T11:31:59.771+08:00 sets=[mon1=B@+0.4ms/1.6ms/hr=0x00000000] window_ms=3002 total=0 WM_SETTINGCHANGE=0 WM_DISPLAYCHANGE=0 WM_THEMECHANGED=0 WM_DWMCOLORIZATIONCOLORCHANGED=0 WM_SYSCOLORCHANGE=0 other=0
2026-10-03T11:32:12.840+08:00 CYCLE n=39 label=set start=2026-10-03T11:32:09.831+08:00 sets=[mon1=A@+0.5ms/1.9ms/hr=0x00000000] window_ms=3003 total=0 WM_SETTINGCHANGE=0 WM_DISPLAYCHANGE=0 WM_THEMECHANGED=0 WM_DWMCOLORIZATIONCOLORCHANGED=0 WM_SYSCOLORCHANGE=0 other=0
2026-10-03T11:32:22.808+08:00 CYCLE n=40 label=set start=2026-10-03T11:32:19.798+08:00 sets=[mon1=B@+0.5ms/1.5ms/hr=0x00000000] window_ms=3002 total=0 WM_SETTINGCHANGE=0 WM_DISPLAYCHANGE=0 WM_THEMECHANGED=0 WM_DWMCOLORIZATIONCOLORCHANGED=0 WM_SYSCOLORCHANGE=0 other=0
2026-10-03T11:32:32.781+08:00 CYCLE n=41 label=set start=2026-10-03T11:32:29.769+08:00 sets=[mon1=A@+0.5ms/1.4ms/hr=0x00000000] window_ms=3002 total=0 WM_SETTINGCHANGE=0 WM_DISPLAYCHANGE=0 WM_THEMECHANGED=0 WM_DWMCOLORIZATIONCOLORCHANGED=0 WM_SYSCOLORCHANGE=0 other=0
2026-10-03T11:32:42.845+08:00 CYCLE n=42 label=set start=2026-10-03T11:32:39.831+08:00 sets=[mon1=B@+0.7ms/2.4ms/hr=0x00000000] window_ms=3003 total=0 WM_SETTINGCHANGE=0 WM_DISPLAYCHANGE=0 WM_THEMECHANGED=0 WM_DWMCOLORIZATIONCOLORCHANGED=0 WM_SYSCOLORCHANGE=0 other=0
2026-10-03T11:32:52.800+08:00 CYCLE n=43 label=set start=2026-10-03T11:32:49.786+08:00 sets=[mon1=A@+0.8ms/2.0ms/hr=0x00000000] window_ms=3003 total=0 WM_SETTINGCHANGE=0 WM_DISPLAYCHANGE=0 WM_THEMECHANGED=0 WM_DWMCOLORIZATIONCOLORCHANGED=0 WM_SYSCOLORCHANGE=0 other=0
2026-10-03T11:33:02.873+08:00 CYCLE n=44 label=set start=2026-10-03T11:32:59.860+08:00 sets=[mon1=B@+0.6ms/2.1ms/hr=0x00000000] window_ms=3003 total=0 WM_SETTINGCHANGE=0 WM_DISPLAYCHANGE=0 WM_THEMECHANGED=0 WM_DWMCOLORIZATIONCOLORCHANGED=0 WM_SYSCOLORCHANGE=0 other=0
2026-10-03T11:33:12.845+08:00 CYCLE n=45 label=set start=2026-10-03T11:33:09.833+08:00 sets=[mon1=A@+0.4ms/1.7ms/hr=0x00000000] window_ms=3002 total=0 WM_SETTINGCHANGE=0 WM_DISPLAYCHANGE=0 WM_THEMECHANGED=0 WM_DWMCOLORIZATIONCOLORCHANGED=0 WM_SYSCOLORCHANGE=0 other=0
2026-10-03T11:33:22.802+08:00 CYCLE n=46 label=set start=2026-10-03T11:33:19.789+08:00 sets=[mon1=B@+0.7ms/1.8ms/hr=0x00000000] window_ms=3003 total=0 WM_SETTINGCHANGE=0 WM_DISPLAYCHANGE=0 WM_THEMECHANGED=0 WM_DWMCOLORIZATIONCOLORCHANGED=0 WM_SYSCOLORCHANGE=0 other=0
2026-10-03T11:33:32.870+08:00 CYCLE n=47 label=set start=2026-10-03T11:33:29.857+08:00 sets=[mon1=A@+0.6ms/1.7ms/hr=0x00000000] window_ms=3002 total=0 WM_SETTINGCHANGE=0 WM_DISPLAYCHANGE=0 WM_THEMECHANGED=0 WM_DWMCOLORIZATIONCOLORCHANGED=0 WM_SYSCOLORCHANGE=0 other=0
2026-10-03T11:33:42.836+08:00 CYCLE n=48 label=set start=2026-10-03T11:33:39.823+08:00 sets=[mon1=B@+0.4ms/2.2ms/hr=0x00000000] window_ms=3003 total=0 WM_SETTINGCHANGE=0 WM_DISPLAYCHANGE=0 WM_THEMECHANGED=0 WM_DWMCOLORIZATIONCOLORCHANGED=0 WM_SYSCOLORCHANGE=0 other=0
2026-10-03T11:33:52.799+08:00 CYCLE n=49 label=set start=2026-10-03T11:33:49.786+08:00 sets=[mon1=A@+0.7ms/1.9ms/hr=0x00000000] window_ms=3003 total=0 WM_SETTINGCHANGE=0 WM_DISPLAYCHANGE=0 WM_THEMECHANGED=0 WM_DWMCOLORIZATIONCOLORCHANGED=0 WM_SYSCOLORCHANGE=0 other=0
2026-10-03T11:34:02.869+08:00 CYCLE n=50 label=set start=2026-10-03T11:33:59.858+08:00 sets=[mon1=B@+0.5ms/1.9ms/hr=0x00000000] window_ms=3003 total=0 WM_SETTINGCHANGE=0 WM_DISPLAYCHANGE=0 WM_THEMECHANGED=0 WM_DWMCOLORIZATIONCOLORCHANGED=0 WM_SYSCOLORCHANGE=0 other=0
2026-10-03T11:34:12.832+08:00 CYCLE n=51 label=set start=2026-10-03T11:34:09.818+08:00 sets=[mon1=A@+1.0ms/1.7ms/hr=0x00000000] window_ms=3003 total=0 WM_SETTINGCHANGE=0 WM_DISPLAYCHANGE=0 WM_THEMECHANGED=0 WM_DWMCOLORIZATIONCOLORCHANGED=0 WM_SYSCOLORCHANGE=0 other=0
2026-10-03T11:34:22.803+08:00 CYCLE n=52 label=set start=2026-10-03T11:34:19.791+08:00 sets=[mon1=B@+0.8ms/2.3ms/hr=0x00000000] window_ms=3003 total=0 WM_SETTINGCHANGE=0 WM_DISPLAYCHANGE=0 WM_THEMECHANGED=0 WM_DWMCOLORIZATIONCOLORCHANGED=0 WM_SYSCOLORCHANGE=0 other=0
2026-10-03T11:34:32.869+08:00 CYCLE n=53 label=set start=2026-10-03T11:34:29.860+08:00 sets=[mon1=A@+0.7ms/1.8ms/hr=0x00000000] window_ms=3003 total=0 WM_SETTINGCHANGE=0 WM_DISPLAYCHANGE=0 WM_THEMECHANGED=0 WM_DWMCOLORIZATIONCOLORCHANGED=0 WM_SYSCOLORCHANGE=0 other=0
2026-10-03T11:34:42.858+08:00 CYCLE n=54 label=set start=2026-10-03T11:34:39.842+08:00 sets=[mon1=B@+0.4ms/1.8ms/hr=0x00000000] window_ms=3002 total=0 WM_SETTINGCHANGE=0 WM_DISPLAYCHANGE=0 WM_THEMECHANGED=0 WM_DWMCOLORIZATIONCOLORCHANGED=0 WM_SYSCOLORCHANGE=0 other=0
2026-10-03T11:34:52.822+08:00 CYCLE n=55 label=set start=2026-10-03T11:34:49.810+08:00 sets=[mon1=A@+0.5ms/1.6ms/hr=0x00000000] window_ms=3002 total=0 WM_SETTINGCHANGE=0 WM_DISPLAYCHANGE=0 WM_THEMECHANGED=0 WM_DWMCOLORIZATIONCOLORCHANGED=0 WM_SYSCOLORCHANGE=0 other=0
2026-10-03T11:35:02.789+08:00 CYCLE n=56 label=set start=2026-10-03T11:34:59.778+08:00 sets=[mon1=B@+0.7ms/1.8ms/hr=0x00000000] window_ms=3003 total=0 WM_SETTINGCHANGE=0 WM_DISPLAYCHANGE=0 WM_THEMECHANGED=0 WM_DWMCOLORIZATIONCOLORCHANGED=0 WM_SYSCOLORCHANGE=0 other=0
2026-10-03T11:35:12.853+08:00 CYCLE n=57 label=set start=2026-10-03T11:35:09.842+08:00 sets=[mon1=A@+0.5ms/1.7ms/hr=0x00000000] window_ms=3002 total=0 WM_SETTINGCHANGE=0 WM_DISPLAYCHANGE=0 WM_THEMECHANGED=0 WM_DWMCOLORIZATIONCOLORCHANGED=0 WM_SYSCOLORCHANGE=0 other=0
2026-10-03T11:35:22.820+08:00 CYCLE n=58 label=set start=2026-10-03T11:35:19.805+08:00 sets=[mon1=B@+0.8ms/3.3ms/hr=0x00000000] window_ms=3004 total=0 WM_SETTINGCHANGE=0 WM_DISPLAYCHANGE=0 WM_THEMECHANGED=0 WM_DWMCOLORIZATIONCOLORCHANGED=0 WM_SYSCOLORCHANGE=0 other=0
2026-10-03T11:35:32.779+08:00 CYCLE n=59 label=set start=2026-10-03T11:35:29.768+08:00 sets=[mon1=A@+0.5ms/1.9ms/hr=0x00000000] window_ms=3003 total=0 WM_SETTINGCHANGE=0 WM_DISPLAYCHANGE=0 WM_THEMECHANGED=0 WM_DWMCOLORIZATIONCOLORCHANGED=0 WM_SYSCOLORCHANGE=0 other=0
2026-10-03T11:35:42.846+08:00 CYCLE n=60 label=set start=2026-10-03T11:35:39.833+08:00 sets=[mon1=B@+0.4ms/2.1ms/hr=0x00000000] window_ms=3003 total=0 WM_SETTINGCHANGE=0 WM_DISPLAYCHANGE=0 WM_THEMECHANGED=0 WM_DWMCOLORIZATIONCOLORCHANGED=0 WM_SYSCOLORCHANGE=0 other=0
2026-10-03T11:35:52.821+08:00 CYCLE n=61 label=set start=2026-10-03T11:35:49.808+08:00 sets=[mon1=A@+0.4ms/1.7ms/hr=0x00000000] window_ms=3002 total=0 WM_SETTINGCHANGE=0 WM_DISPLAYCHANGE=0 WM_THEMECHANGED=0 WM_DWMCOLORIZATIONCOLORCHANGED=0 WM_SYSCOLORCHANGE=0 other=0
2026-10-03T11:36:02.791+08:00 CYCLE n=62 label=set start=2026-10-03T11:35:59.778+08:00 sets=[mon1=B@+0.6ms/2.0ms/hr=0x00000000] window_ms=3003 total=0 WM_SETTINGCHANGE=0 WM_DISPLAYCHANGE=0 WM_THEMECHANGED=0 WM_DWMCOLORIZATIONCOLORCHANGED=0 WM_SYSCOLORCHANGE=0 other=0
2026-10-03T11:36:12.858+08:00 CYCLE n=63 label=set start=2026-10-03T11:36:09.844+08:00 sets=[mon1=A@+1.1ms/2.6ms/hr=0x00000000] window_ms=3004 total=0 WM_SETTINGCHANGE=0 WM_DISPLAYCHANGE=0 WM_THEMECHANGED=0 WM_DWMCOLORIZATIONCOLORCHANGED=0 WM_SYSCOLORCHANGE=0 other=0
2026-10-03T11:36:22.828+08:00 CYCLE n=64 label=set start=2026-10-03T11:36:19.815+08:00 sets=[mon1=B@+0.7ms/1.9ms/hr=0x00000000] window_ms=3003 total=0 WM_SETTINGCHANGE=0 WM_DISPLAYCHANGE=0 WM_THEMECHANGED=0 WM_DWMCOLORIZATIONCOLORCHANGED=0 WM_SYSCOLORCHANGE=0 other=0
2026-10-03T11:36:32.800+08:00 CYCLE n=65 label=set start=2026-10-03T11:36:29.786+08:00 sets=[mon1=A@+0.6ms/1.7ms/hr=0x00000000] window_ms=3003 total=0 WM_SETTINGCHANGE=0 WM_DISPLAYCHANGE=0 WM_THEMECHANGED=0 WM_DWMCOLORIZATIONCOLORCHANGED=0 WM_SYSCOLORCHANGE=0 other=0
2026-10-03T11:36:42.865+08:00 CYCLE n=66 label=set start=2026-10-03T11:36:39.853+08:00 sets=[mon1=B@+0.5ms/1.8ms/hr=0x00000000] window_ms=3003 total=0 WM_SETTINGCHANGE=0 WM_DISPLAYCHANGE=0 WM_THEMECHANGED=0 WM_DWMCOLORIZATIONCOLORCHANGED=0 WM_SYSCOLORCHANGE=0 other=0
2026-10-03T11:36:52.823+08:00 CYCLE n=67 label=set start=2026-10-03T11:36:49.812+08:00 sets=[mon1=A@+0.7ms/1.3ms/hr=0x00000000] window_ms=3002 total=0 WM_SETTINGCHANGE=0 WM_DISPLAYCHANGE=0 WM_THEMECHANGED=0 WM_DWMCOLORIZATIONCOLORCHANGED=0 WM_SYSCOLORCHANGE=0 other=0
2026-10-03T11:37:02.783+08:00 CYCLE n=68 label=set start=2026-10-03T11:36:59.771+08:00 sets=[mon1=B@+0.4ms/1.6ms/hr=0x00000000] window_ms=3002 total=0 WM_SETTINGCHANGE=0 WM_DISPLAYCHANGE=0 WM_THEMECHANGED=0 WM_DWMCOLORIZATIONCOLORCHANGED=0 WM_SYSCOLORCHANGE=0 other=0
2026-10-03T11:37:12.852+08:00 CYCLE n=69 label=set start=2026-10-03T11:37:09.842+08:00 sets=[mon1=A@+0.6ms/1.8ms/hr=0x00000000] window_ms=3003 total=0 WM_SETTINGCHANGE=0 WM_DISPLAYCHANGE=0 WM_THEMECHANGED=0 WM_DWMCOLORIZATIONCOLORCHANGED=0 WM_SYSCOLORCHANGE=0 other=0
2026-10-03T11:37:22.808+08:00 CYCLE n=70 label=set start=2026-10-03T11:37:19.798+08:00 sets=[mon1=B@+0.9ms/1.5ms/hr=0x00000000] window_ms=3003 total=0 WM_SETTINGCHANGE=0 WM_DISPLAYCHANGE=0 WM_THEMECHANGED=0 WM_DWMCOLORIZATIONCOLORCHANGED=0 WM_SYSCOLORCHANGE=0 other=0
2026-10-03T11:37:32.875+08:00 CYCLE n=71 label=set start=2026-10-03T11:37:29.864+08:00 sets=[mon1=A@+0.4ms/1.5ms/hr=0x00000000] window_ms=3002 total=0 WM_SETTINGCHANGE=0 WM_DISPLAYCHANGE=0 WM_THEMECHANGED=0 WM_DWMCOLORIZATIONCOLORCHANGED=0 WM_SYSCOLORCHANGE=0 other=0
2026-10-03T11:37:42.842+08:00 CYCLE n=72 label=set start=2026-10-03T11:37:39.830+08:00 sets=[mon1=B@+0.6ms/1.9ms/hr=0x00000000] window_ms=3003 total=0 WM_SETTINGCHANGE=0 WM_DISPLAYCHANGE=0 WM_THEMECHANGED=0 WM_DWMCOLORIZATIONCOLORCHANGED=0 WM_SYSCOLORCHANGE=0 other=0
2026-10-03T11:37:52.806+08:00 CYCLE n=73 label=set start=2026-10-03T11:37:49.791+08:00 sets=[mon1=A@+0.6ms/2.2ms/hr=0x00000000] window_ms=3003 total=0 WM_SETTINGCHANGE=0 WM_DISPLAYCHANGE=0 WM_THEMECHANGED=0 WM_DWMCOLORIZATIONCOLORCHANGED=0 WM_SYSCOLORCHANGE=0 other=0
2026-10-03T11:38:02.877+08:00 CYCLE n=74 label=set start=2026-10-03T11:37:59.864+08:00 sets=[mon1=B@+1.3ms/1.8ms/hr=0x00000000] window_ms=3003 total=0 WM_SETTINGCHANGE=0 WM_DISPLAYCHANGE=0 WM_THEMECHANGED=0 WM_DWMCOLORIZATIONCOLORCHANGED=0 WM_SYSCOLORCHANGE=0 other=0
2026-10-03T11:38:12.844+08:00 CYCLE n=75 label=set start=2026-10-03T11:38:09.832+08:00 sets=[mon1=A@+0.4ms/2.1ms/hr=0x00000000] window_ms=3003 total=0 WM_SETTINGCHANGE=0 WM_DISPLAYCHANGE=0 WM_THEMECHANGED=0 WM_DWMCOLORIZATIONCOLORCHANGED=0 WM_SYSCOLORCHANGE=0 other=0
2026-10-03T11:38:22.810+08:00 CYCLE n=76 label=set start=2026-10-03T11:38:19.799+08:00 sets=[mon1=B@+0.5ms/1.9ms/hr=0x00000000] window_ms=3003 total=0 WM_SETTINGCHANGE=0 WM_DISPLAYCHANGE=0 WM_THEMECHANGED=0 WM_DWMCOLORIZATIONCOLORCHANGED=0 WM_SYSCOLORCHANGE=0 other=0
2026-10-03T11:38:32.778+08:00 CYCLE n=77 label=set start=2026-10-03T11:38:29.768+08:00 sets=[mon1=A@+0.4ms/1.6ms/hr=0x00000000] window_ms=3002 total=0 WM_SETTINGCHANGE=0 WM_DISPLAYCHANGE=0 WM_THEMECHANGED=0 WM_DWMCOLORIZATIONCOLORCHANGED=0 WM_SYSCOLORCHANGE=0 other=0
2026-10-03T11:38:42.847+08:00 CYCLE n=78 label=set start=2026-10-03T11:38:39.834+08:00 sets=[mon1=B@+0.5ms/2.3ms/hr=0x00000000] window_ms=3004 total=0 WM_SETTINGCHANGE=0 WM_DISPLAYCHANGE=0 WM_THEMECHANGED=0 WM_DWMCOLORIZATIONCOLORCHANGED=0 WM_SYSCOLORCHANGE=0 other=0
2026-10-03T11:38:52.806+08:00 CYCLE n=79 label=set start=2026-10-03T11:38:49.794+08:00 sets=[mon1=A@+0.5ms/1.5ms/hr=0x00000000] window_ms=3002 total=0 WM_SETTINGCHANGE=0 WM_DISPLAYCHANGE=0 WM_THEMECHANGED=0 WM_DWMCOLORIZATIONCOLORCHANGED=0 WM_SYSCOLORCHANGE=0 other=0
2026-10-03T11:39:02.877+08:00 CYCLE n=80 label=set start=2026-10-03T11:38:59.864+08:00 sets=[mon1=B@+0.6ms/2.2ms/hr=0x00000000] window_ms=3003 total=0 WM_SETTINGCHANGE=0 WM_DISPLAYCHANGE=0 WM_THEMECHANGED=0 WM_DWMCOLORIZATIONCOLORCHANGED=0 WM_SYSCOLORCHANGE=0 other=0
2026-10-03T11:39:12.852+08:00 CYCLE n=81 label=set start=2026-10-03T11:39:09.841+08:00 sets=[mon1=A@+0.4ms/1.6ms/hr=0x00000000] window_ms=3002 total=0 WM_SETTINGCHANGE=0 WM_DISPLAYCHANGE=0 WM_THEMECHANGED=0 WM_DWMCOLORIZATIONCOLORCHANGED=0 WM_SYSCOLORCHANGE=0 other=0
2026-10-03T11:39:22.839+08:00 CYCLE n=82 label=set start=2026-10-03T11:39:19.827+08:00 sets=[mon1=B@+0.4ms/1.6ms/hr=0x00000000] window_ms=3002 total=0 WM_SETTINGCHANGE=0 WM_DISPLAYCHANGE=0 WM_THEMECHANGED=0 WM_DWMCOLORIZATIONCOLORCHANGED=0 WM_SYSCOLORCHANGE=0 other=0
2026-10-03T11:39:32.811+08:00 CYCLE n=83 label=set start=2026-10-03T11:39:29.799+08:00 sets=[mon1=A@+0.4ms/2.0ms/hr=0x00000000] window_ms=3003 total=0 WM_SETTINGCHANGE=0 WM_DISPLAYCHANGE=0 WM_THEMECHANGED=0 WM_DWMCOLORIZATIONCOLORCHANGED=0 WM_SYSCOLORCHANGE=0 other=0
2026-10-03T11:39:42.874+08:00 CYCLE n=84 label=set start=2026-10-03T11:39:39.860+08:00 sets=[mon1=B@+1.1ms/2.0ms/hr=0x00000000] window_ms=3003 total=0 WM_SETTINGCHANGE=0 WM_DISPLAYCHANGE=0 WM_THEMECHANGED=0 WM_DWMCOLORIZATIONCOLORCHANGED=0 WM_SYSCOLORCHANGE=0 other=0
2026-10-03T11:39:52.849+08:00 CYCLE n=85 label=set start=2026-10-03T11:39:49.836+08:00 sets=[mon1=A@+0.5ms/2.1ms/hr=0x00000000] window_ms=3003 total=0 WM_SETTINGCHANGE=0 WM_DISPLAYCHANGE=0 WM_THEMECHANGED=0 WM_DWMCOLORIZATIONCOLORCHANGED=0 WM_SYSCOLORCHANGE=0 other=0
2026-10-03T11:40:02.816+08:00 CYCLE n=86 label=set start=2026-10-03T11:39:59.803+08:00 sets=[mon1=B@+0.5ms/2.0ms/hr=0x00000000] window_ms=3003 total=0 WM_SETTINGCHANGE=0 WM_DISPLAYCHANGE=0 WM_THEMECHANGED=0 WM_DWMCOLORIZATIONCOLORCHANGED=0 WM_SYSCOLORCHANGE=0 other=0
2026-10-03T11:40:12.788+08:00 CYCLE n=87 label=set start=2026-10-03T11:40:09.773+08:00 sets=[mon1=A@+1.0ms/2.2ms/hr=0x00000000] window_ms=3003 total=0 WM_SETTINGCHANGE=0 WM_DISPLAYCHANGE=0 WM_THEMECHANGED=0 WM_DWMCOLORIZATIONCOLORCHANGED=0 WM_SYSCOLORCHANGE=0 other=0
2026-10-03T11:40:22.855+08:00 CYCLE n=88 label=set start=2026-10-03T11:40:19.843+08:00 sets=[mon1=B@+0.5ms/1.6ms/hr=0x00000000] window_ms=3002 total=0 WM_SETTINGCHANGE=0 WM_DISPLAYCHANGE=0 WM_THEMECHANGED=0 WM_DWMCOLORIZATIONCOLORCHANGED=0 WM_SYSCOLORCHANGE=0 other=0
2026-10-03T11:40:32.834+08:00 CYCLE n=89 label=set start=2026-10-03T11:40:29.822+08:00 sets=[mon1=A@+0.5ms/1.6ms/hr=0x00000000] window_ms=3002 total=0 WM_SETTINGCHANGE=0 WM_DISPLAYCHANGE=0 WM_THEMECHANGED=0 WM_DWMCOLORIZATIONCOLORCHANGED=0 WM_SYSCOLORCHANGE=0 other=0
2026-10-03T11:40:42.834+08:00 CYCLE n=90 label=set start=2026-10-03T11:40:39.821+08:00 sets=[mon1=B@+0.6ms/2.0ms/hr=0x00000000] window_ms=3003 total=0 WM_SETTINGCHANGE=0 WM_DISPLAYCHANGE=0 WM_THEMECHANGED=0 WM_DWMCOLORIZATIONCOLORCHANGED=0 WM_SYSCOLORCHANGE=0 other=0
2026-10-03T11:40:52.828+08:00 CYCLE n=91 label=set start=2026-10-03T11:40:49.815+08:00 sets=[mon1=A@+0.5ms/1.7ms/hr=0x00000000] window_ms=3002 total=0 WM_SETTINGCHANGE=0 WM_DISPLAYCHANGE=0 WM_THEMECHANGED=0 WM_DWMCOLORIZATIONCOLORCHANGED=0 WM_SYSCOLORCHANGE=0 other=0
2026-10-03T11:41:02.791+08:00 CYCLE n=92 label=set start=2026-10-03T11:40:59.777+08:00 sets=[mon1=B@+0.6ms/2.0ms/hr=0x00000000] window_ms=3003 total=0 WM_SETTINGCHANGE=0 WM_DISPLAYCHANGE=0 WM_THEMECHANGED=0 WM_DWMCOLORIZATIONCOLORCHANGED=0 WM_SYSCOLORCHANGE=0 other=0
2026-10-03T11:41:12.870+08:00 CYCLE n=93 label=set start=2026-10-03T11:41:09.858+08:00 sets=[mon1=A@+0.7ms/2.4ms/hr=0x00000000] window_ms=3003 total=0 WM_SETTINGCHANGE=0 WM_DISPLAYCHANGE=0 WM_THEMECHANGED=0 WM_DWMCOLORIZATIONCOLORCHANGED=0 WM_SYSCOLORCHANGE=0 other=0
2026-10-03T11:41:22.852+08:00 CYCLE n=94 label=set start=2026-10-03T11:41:19.842+08:00 sets=[mon1=B@+0.5ms/1.6ms/hr=0x00000000] window_ms=3002 total=0 WM_SETTINGCHANGE=0 WM_DISPLAYCHANGE=0 WM_THEMECHANGED=0 WM_DWMCOLORIZATIONCOLORCHANGED=0 WM_SYSCOLORCHANGE=0 other=0
2026-10-03T11:41:32.815+08:00 CYCLE n=95 label=set start=2026-10-03T11:41:29.802+08:00 sets=[mon1=A@+0.5ms/2.2ms/hr=0x00000000] window_ms=3003 total=0 WM_SETTINGCHANGE=0 WM_DISPLAYCHANGE=0 WM_THEMECHANGED=0 WM_DWMCOLORIZATIONCOLORCHANGED=0 WM_SYSCOLORCHANGE=0 other=0
2026-10-03T11:41:42.783+08:00 CYCLE n=96 label=set start=2026-10-03T11:41:39.772+08:00 sets=[mon1=B@+0.4ms/2.6ms/hr=0x00000000] window_ms=3003 total=0 WM_SETTINGCHANGE=0 WM_DISPLAYCHANGE=0 WM_THEMECHANGED=0 WM_DWMCOLORIZATIONCOLORCHANGED=0 WM_SYSCOLORCHANGE=0 other=0
2026-10-03T11:41:52.854+08:00 CYCLE n=97 label=set start=2026-10-03T11:41:49.842+08:00 sets=[mon1=A@+0.4ms/1.3ms/hr=0x00000000] window_ms=3002 total=0 WM_SETTINGCHANGE=0 WM_DISPLAYCHANGE=0 WM_THEMECHANGED=0 WM_DWMCOLORIZATIONCOLORCHANGED=0 WM_SYSCOLORCHANGE=0 other=0
2026-10-03T11:42:02.823+08:00 CYCLE n=98 label=set start=2026-10-03T11:41:59.811+08:00 sets=[mon1=B@+0.7ms/2.0ms/hr=0x00000000] window_ms=3003 total=0 WM_SETTINGCHANGE=0 WM_DISPLAYCHANGE=0 WM_THEMECHANGED=0 WM_DWMCOLORIZATIONCOLORCHANGED=0 WM_SYSCOLORCHANGE=0 other=0
2026-10-03T11:42:12.787+08:00 CYCLE n=99 label=set start=2026-10-03T11:42:09.776+08:00 sets=[mon1=A@+0.5ms/2.2ms/hr=0x00000000] window_ms=3003 total=0 WM_SETTINGCHANGE=0 WM_DISPLAYCHANGE=0 WM_THEMECHANGED=0 WM_DWMCOLORIZATIONCOLORCHANGED=0 WM_SYSCOLORCHANGE=0 other=0
2026-10-03T11:42:22.783+08:00 CYCLE n=100 label=set start=2026-10-03T11:42:19.769+08:00 sets=[mon1=B@+0.5ms/1.6ms/hr=0x00000000] window_ms=3002 total=0 WM_SETTINGCHANGE=0 WM_DISPLAYCHANGE=0 WM_THEMECHANGED=0 WM_DWMCOLORIZATIONCOLORCHANGED=0 WM_SYSCOLORCHANGE=0 other=0
2026-10-03T11:42:32.839+08:00 CYCLE n=101 label=set start=2026-10-03T11:42:29.826+08:00 sets=[mon1=A@+1.1ms/1.7ms/hr=0x00000000] window_ms=3003 total=0 WM_SETTINGCHANGE=0 WM_DISPLAYCHANGE=0 WM_THEMECHANGED=0 WM_DWMCOLORIZATIONCOLORCHANGED=0 WM_SYSCOLORCHANGE=0 other=0
2026-10-03T11:42:42.822+08:00 CYCLE n=102 label=set start=2026-10-03T11:42:39.809+08:00 sets=[mon1=B@+0.4ms/2.1ms/hr=0x00000000] window_ms=3003 total=0 WM_SETTINGCHANGE=0 WM_DISPLAYCHANGE=0 WM_THEMECHANGED=0 WM_DWMCOLORIZATIONCOLORCHANGED=0 WM_SYSCOLORCHANGE=0 other=0
2026-10-03T11:42:52.799+08:00 CYCLE n=103 label=set start=2026-10-03T11:42:49.784+08:00 sets=[mon1=A@+1.5ms/1.6ms/hr=0x00000000] window_ms=3003 total=0 WM_SETTINGCHANGE=0 WM_DISPLAYCHANGE=0 WM_THEMECHANGED=0 WM_DWMCOLORIZATIONCOLORCHANGED=0 WM_SYSCOLORCHANGE=0 other=0
2026-10-03T11:43:02.862+08:00 CYCLE n=104 label=set start=2026-10-03T11:42:59.849+08:00 sets=[mon1=B@+0.5ms/2.2ms/hr=0x00000000] window_ms=3003 total=0 WM_SETTINGCHANGE=0 WM_DISPLAYCHANGE=0 WM_THEMECHANGED=0 WM_DWMCOLORIZATIONCOLORCHANGED=0 WM_SYSCOLORCHANGE=0 other=0
2026-10-03T11:43:12.831+08:00 CYCLE n=105 label=set start=2026-10-03T11:43:09.818+08:00 sets=[mon1=A@+0.6ms/1.4ms/hr=0x00000000] window_ms=3002 total=0 WM_SETTINGCHANGE=0 WM_DISPLAYCHANGE=0 WM_THEMECHANGED=0 WM_DWMCOLORIZATIONCOLORCHANGED=0 WM_SYSCOLORCHANGE=0 other=0
2026-10-03T11:43:22.797+08:00 CYCLE n=106 label=set start=2026-10-03T11:43:19.787+08:00 sets=[mon1=B@+0.5ms/1.5ms/hr=0x00000000] window_ms=3002 total=0 WM_SETTINGCHANGE=0 WM_DISPLAYCHANGE=0 WM_THEMECHANGED=0 WM_DWMCOLORIZATIONCOLORCHANGED=0 WM_SYSCOLORCHANGE=0 other=0
2026-10-03T11:43:32.864+08:00 CYCLE n=107 label=set start=2026-10-03T11:43:29.852+08:00 sets=[mon1=A@+0.7ms/1.7ms/hr=0x00000000] window_ms=3003 total=0 WM_SETTINGCHANGE=0 WM_DISPLAYCHANGE=0 WM_THEMECHANGED=0 WM_DWMCOLORIZATIONCOLORCHANGED=0 WM_SYSCOLORCHANGE=0 other=0
2026-10-03T11:43:42.824+08:00 CYCLE n=108 label=set start=2026-10-03T11:43:39.812+08:00 sets=[mon1=B@+0.5ms/1.7ms/hr=0x00000000] window_ms=3002 total=0 WM_SETTINGCHANGE=0 WM_DISPLAYCHANGE=0 WM_THEMECHANGED=0 WM_DWMCOLORIZATIONCOLORCHANGED=0 WM_SYSCOLORCHANGE=0 other=0
2026-10-03T11:43:52.783+08:00 CYCLE n=109 label=set start=2026-10-03T11:43:49.772+08:00 sets=[mon1=A@+0.4ms/1.7ms/hr=0x00000000] window_ms=3002 total=0 WM_SETTINGCHANGE=0 WM_DISPLAYCHANGE=0 WM_THEMECHANGED=0 WM_DWMCOLORIZATIONCOLORCHANGED=0 WM_SYSCOLORCHANGE=0 other=0
2026-10-03T11:44:02.850+08:00 CYCLE n=110 label=set start=2026-10-03T11:43:59.839+08:00 sets=[mon1=B@+0.5ms/1.6ms/hr=0x00000000] window_ms=3002 total=0 WM_SETTINGCHANGE=0 WM_DISPLAYCHANGE=0 WM_THEMECHANGED=0 WM_DWMCOLORIZATIONCOLORCHANGED=0 WM_SYSCOLORCHANGE=0 other=0
2026-10-03T11:44:12.821+08:00 CYCLE n=111 label=set start=2026-10-03T11:44:09.808+08:00 sets=[mon1=A@+0.4ms/2.0ms/hr=0x00000000] window_ms=3003 total=0 WM_SETTINGCHANGE=0 WM_DISPLAYCHANGE=0 WM_THEMECHANGED=0 WM_DWMCOLORIZATIONCOLORCHANGED=0 WM_SYSCOLORCHANGE=0 other=0
2026-10-03T11:44:22.781+08:00 CYCLE n=112 label=set start=2026-10-03T11:44:19.769+08:00 sets=[mon1=B@+0.4ms/1.9ms/hr=0x00000000] window_ms=3003 total=0 WM_SETTINGCHANGE=0 WM_DISPLAYCHANGE=0 WM_THEMECHANGED=0 WM_DWMCOLORIZATIONCOLORCHANGED=0 WM_SYSCOLORCHANGE=0 other=0
2026-10-03T11:44:32.847+08:00 CYCLE n=113 label=set start=2026-10-03T11:44:29.835+08:00 sets=[mon1=A@+0.5ms/1.5ms/hr=0x00000000] window_ms=3002 total=0 WM_SETTINGCHANGE=0 WM_DISPLAYCHANGE=0 WM_THEMECHANGED=0 WM_DWMCOLORIZATIONCOLORCHANGED=0 WM_SYSCOLORCHANGE=0 other=0
2026-10-03T11:44:42.819+08:00 CYCLE n=114 label=set start=2026-10-03T11:44:39.807+08:00 sets=[mon1=B@+0.9ms/2.3ms/hr=0x00000000] window_ms=3004 total=0 WM_SETTINGCHANGE=0 WM_DISPLAYCHANGE=0 WM_THEMECHANGED=0 WM_DWMCOLORIZATIONCOLORCHANGED=0 WM_SYSCOLORCHANGE=0 other=0
2026-10-03T11:44:52.783+08:00 CYCLE n=115 label=set start=2026-10-03T11:44:49.771+08:00 sets=[mon1=A@+0.4ms/1.6ms/hr=0x00000000] window_ms=3002 total=0 WM_SETTINGCHANGE=0 WM_DISPLAYCHANGE=0 WM_THEMECHANGED=0 WM_DWMCOLORIZATIONCOLORCHANGED=0 WM_SYSCOLORCHANGE=0 other=0
2026-10-03T11:45:02.842+08:00 CYCLE n=116 label=set start=2026-10-03T11:44:59.830+08:00 sets=[mon1=B@+0.6ms/1.5ms/hr=0x00000000] window_ms=3002 total=0 WM_SETTINGCHANGE=0 WM_DISPLAYCHANGE=0 WM_THEMECHANGED=0 WM_DWMCOLORIZATIONCOLORCHANGED=0 WM_SYSCOLORCHANGE=0 other=0
2026-10-03T11:45:12.814+08:00 CYCLE n=117 label=set start=2026-10-03T11:45:09.802+08:00 sets=[mon1=A@+0.4ms/2.3ms/hr=0x00000000] window_ms=3003 total=0 WM_SETTINGCHANGE=0 WM_DISPLAYCHANGE=0 WM_THEMECHANGED=0 WM_DWMCOLORIZATIONCOLORCHANGED=0 WM_SYSCOLORCHANGE=0 other=0
2026-10-03T11:45:22.876+08:00 CYCLE n=118 label=set start=2026-10-03T11:45:19.864+08:00 sets=[mon1=B@+0.6ms/2.0ms/hr=0x00000000] window_ms=3003 total=0 WM_SETTINGCHANGE=0 WM_DISPLAYCHANGE=0 WM_THEMECHANGED=0 WM_DWMCOLORIZATIONCOLORCHANGED=0 WM_SYSCOLORCHANGE=0 other=0
2026-10-03T11:45:32.843+08:00 CYCLE n=119 label=set start=2026-10-03T11:45:29.833+08:00 sets=[mon1=A@+0.5ms/1.7ms/hr=0x00000000] window_ms=3002 total=0 WM_SETTINGCHANGE=0 WM_DISPLAYCHANGE=0 WM_THEMECHANGED=0 WM_DWMCOLORIZATIONCOLORCHANGED=0 WM_SYSCOLORCHANGE=0 other=0
2026-10-03T11:45:42.810+08:00 CYCLE n=120 label=set start=2026-10-03T11:45:39.798+08:00 sets=[mon1=B@+0.6ms/1.5ms/hr=0x00000000] window_ms=3002 total=0 WM_SETTINGCHANGE=0 WM_DISPLAYCHANGE=0 WM_THEMECHANGED=0 WM_DWMCOLORIZATIONCOLORCHANGED=0 WM_SYSCOLORCHANGE=0 other=0
2026-10-03T11:45:52.876+08:00 CYCLE n=121 label=set start=2026-10-03T11:45:49.862+08:00 sets=[mon1=A@+0.5ms/2.0ms/hr=0x00000000] window_ms=3003 total=0 WM_SETTINGCHANGE=0 WM_DISPLAYCHANGE=0 WM_THEMECHANGED=0 WM_DWMCOLORIZATIONCOLORCHANGED=0 WM_SYSCOLORCHANGE=0 other=0
2026-10-03T11:46:02.845+08:00 CYCLE n=122 label=set start=2026-10-03T11:45:59.833+08:00 sets=[mon1=B@+0.4ms/2.6ms/hr=0x00000000] window_ms=3003 total=0 WM_SETTINGCHANGE=0 WM_DISPLAYCHANGE=0 WM_THEMECHANGED=0 WM_DWMCOLORIZATIONCOLORCHANGED=0 WM_SYSCOLORCHANGE=0 other=0
2026-10-03T11:46:12.817+08:00 CYCLE n=123 label=set start=2026-10-03T11:46:09.805+08:00 sets=[mon1=A@+0.6ms/1.7ms/hr=0x00000000] window_ms=3002 total=0 WM_SETTINGCHANGE=0 WM_DISPLAYCHANGE=0 WM_THEMECHANGED=0 WM_DWMCOLORIZATIONCOLORCHANGED=0 WM_SYSCOLORCHANGE=0 other=0
2026-10-03T11:46:22.787+08:00 CYCLE n=124 label=set start=2026-10-03T11:46:19.773+08:00 sets=[mon1=B@+0.5ms/1.9ms/hr=0x00000000] window_ms=3003 total=0 WM_SETTINGCHANGE=0 WM_DISPLAYCHANGE=0 WM_THEMECHANGED=0 WM_DWMCOLORIZATIONCOLORCHANGED=0 WM_SYSCOLORCHANGE=0 other=0
2026-10-03T11:46:32.874+08:00 CYCLE n=125 label=set start=2026-10-03T11:46:29.862+08:00 sets=[mon1=A@+0.5ms/1.9ms/hr=0x00000000] window_ms=3003 total=0 WM_SETTINGCHANGE=0 WM_DISPLAYCHANGE=0 WM_THEMECHANGED=0 WM_DWMCOLORIZATIONCOLORCHANGED=0 WM_SYSCOLORCHANGE=0 other=0
2026-10-03T11:46:42.860+08:00 CYCLE n=126 label=set start=2026-10-03T11:46:39.846+08:00 sets=[mon1=B@+0.6ms/2.0ms/hr=0x00000000] window_ms=3003 total=0 WM_SETTINGCHANGE=0 WM_DISPLAYCHANGE=0 WM_THEMECHANGED=0 WM_DWMCOLORIZATIONCOLORCHANGED=0 WM_SYSCOLORCHANGE=0 other=0
2026-10-03T11:46:52.821+08:00 CYCLE n=127 label=set start=2026-10-03T11:46:49.809+08:00 sets=[mon1=A@+0.7ms/1.7ms/hr=0x00000000] window_ms=3003 total=0 WM_SETTINGCHANGE=0 WM_DISPLAYCHANGE=0 WM_THEMECHANGED=0 WM_DWMCOLORIZATIONCOLORCHANGED=0 WM_SYSCOLORCHANGE=0 other=0
2026-10-03T11:47:02.791+08:00 CYCLE n=128 label=set start=2026-10-03T11:46:59.779+08:00 sets=[mon1=B@+0.5ms/1.9ms/hr=0x00000000] window_ms=3003 total=0 WM_SETTINGCHANGE=0 WM_DISPLAYCHANGE=0 WM_THEMECHANGED=0 WM_DWMCOLORIZATIONCOLORCHANGED=0 WM_SYSCOLORCHANGE=0 other=0
2026-10-03T11:47:12.858+08:00 CYCLE n=129 label=set start=2026-10-03T11:47:09.845+08:00 sets=[mon1=A@+0.4ms/1.6ms/hr=0x00000000] window_ms=3002 total=0 WM_SETTINGCHANGE=0 WM_DISPLAYCHANGE=0 WM_THEMECHANGED=0 WM_DWMCOLORIZATIONCOLORCHANGED=0 WM_SYSCOLORCHANGE=0 other=0
2026-10-03T11:47:22.834+08:00 CYCLE n=130 label=set start=2026-10-03T11:47:19.821+08:00 sets=[mon1=B@+0.6ms/1.5ms/hr=0x00000000] window_ms=3002 total=0 WM_SETTINGCHANGE=0 WM_DISPLAYCHANGE=0 WM_THEMECHANGED=0 WM_DWMCOLORIZATIONCOLORCHANGED=0 WM_SYSCOLORCHANGE=0 other=0
2026-10-03T11:47:32.822+08:00 CYCLE n=131 label=set start=2026-10-03T11:47:29.810+08:00 sets=[mon1=A@+0.4ms/1.7ms/hr=0x00000000] window_ms=3002 total=0 WM_SETTINGCHANGE=0 WM_DISPLAYCHANGE=0 WM_THEMECHANGED=0 WM_DWMCOLORIZATIONCOLORCHANGED=0 WM_SYSCOLORCHANGE=0 other=0
2026-10-03T11:47:42.786+08:00 CYCLE n=132 label=set start=2026-10-03T11:47:39.773+08:00 sets=[mon1=B@+0.8ms/2.4ms/hr=0x00000000] window_ms=3004 total=0 WM_SETTINGCHANGE=0 WM_DISPLAYCHANGE=0 WM_THEMECHANGED=0 WM_DWMCOLORIZATIONCOLORCHANGED=0 WM_SYSCOLORCHANGE=0 other=0
2026-10-03T11:47:52.857+08:00 CYCLE n=133 label=set start=2026-10-03T11:47:49.844+08:00 sets=[mon1=A@+0.4ms/1.6ms/hr=0x00000000] window_ms=3002 total=0 WM_SETTINGCHANGE=0 WM_DISPLAYCHANGE=0 WM_THEMECHANGED=0 WM_DWMCOLORIZATIONCOLORCHANGED=0 WM_SYSCOLORCHANGE=0 other=0
2026-10-03T11:48:02.830+08:00 CYCLE n=134 label=set start=2026-10-03T11:47:59.817+08:00 sets=[mon1=B@+0.6ms/3.0ms/hr=0x00000000] window_ms=3004 total=0 WM_SETTINGCHANGE=0 WM_DISPLAYCHANGE=0 WM_THEMECHANGED=0 WM_DWMCOLORIZATIONCOLORCHANGED=0 WM_SYSCOLORCHANGE=0 other=0
2026-10-03T11:48:12.786+08:00 CYCLE n=135 label=set start=2026-10-03T11:48:09.774+08:00 sets=[mon1=A@+0.4ms/1.9ms/hr=0x00000000] window_ms=3003 total=0 WM_SETTINGCHANGE=0 WM_DISPLAYCHANGE=0 WM_THEMECHANGED=0 WM_DWMCOLORIZATIONCOLORCHANGED=0 WM_SYSCOLORCHANGE=0 other=0
2026-10-03T11:48:22.849+08:00 CYCLE n=136 label=set start=2026-10-03T11:48:19.839+08:00 sets=[mon1=B@+0.5ms/1.9ms/hr=0x00000000] window_ms=3003 total=0 WM_SETTINGCHANGE=0 WM_DISPLAYCHANGE=0 WM_THEMECHANGED=0 WM_DWMCOLORIZATIONCOLORCHANGED=0 WM_SYSCOLORCHANGE=0 other=0
2026-10-03T11:48:32.819+08:00 CYCLE n=137 label=set start=2026-10-03T11:48:29.807+08:00 sets=[mon1=A@+0.6ms/1.7ms/hr=0x00000000] window_ms=3003 total=0 WM_SETTINGCHANGE=0 WM_DISPLAYCHANGE=0 WM_THEMECHANGED=0 WM_DWMCOLORIZATIONCOLORCHANGED=0 WM_SYSCOLORCHANGE=0 other=0
2026-10-03T11:48:42.876+08:00 CYCLE n=138 label=set start=2026-10-03T11:48:39.865+08:00 sets=[mon1=B@+0.5ms/1.5ms/hr=0x00000000] window_ms=3002 total=0 WM_SETTINGCHANGE=0 WM_DISPLAYCHANGE=0 WM_THEMECHANGED=0 WM_DWMCOLORIZATIONCOLORCHANGED=0 WM_SYSCOLORCHANGE=0 other=0
2026-10-03T11:48:52.849+08:00 CYCLE n=139 label=set start=2026-10-03T11:48:49.835+08:00 sets=[mon1=A@+0.4ms/2.3ms/hr=0x00000000] window_ms=3003 total=0 WM_SETTINGCHANGE=0 WM_DISPLAYCHANGE=0 WM_THEMECHANGED=0 WM_DWMCOLORIZATIONCOLORCHANGED=0 WM_SYSCOLORCHANGE=0 other=0
2026-10-03T11:49:02.819+08:00 CYCLE n=140 label=set start=2026-10-03T11:48:59.805+08:00 sets=[mon1=B@+0.7ms/1.6ms/hr=0x00000000] window_ms=3003 total=0 WM_SETTINGCHANGE=0 WM_DISPLAYCHANGE=0 WM_THEMECHANGED=0 WM_DWMCOLORIZATIONCOLORCHANGED=0 WM_SYSCOLORCHANGE=0 other=0
2026-10-03T11:49:12.791+08:00 CYCLE n=141 label=set start=2026-10-03T11:49:09.778+08:00 sets=[mon1=A@+0.4ms/1.7ms/hr=0x00000000] window_ms=3002 total=0 WM_SETTINGCHANGE=0 WM_DISPLAYCHANGE=0 WM_THEMECHANGED=0 WM_DWMCOLORIZATIONCOLORCHANGED=0 WM_SYSCOLORCHANGE=0 other=0
2026-10-03T11:49:22.859+08:00 CYCLE n=142 label=set start=2026-10-03T11:49:19.847+08:00 sets=[mon1=B@+0.7ms/2.0ms/hr=0x00000000] window_ms=3003 total=0 WM_SETTINGCHANGE=0 WM_DISPLAYCHANGE=0 WM_THEMECHANGED=0 WM_DWMCOLORIZATIONCOLORCHANGED=0 WM_SYSCOLORCHANGE=0 other=0
2026-10-03T11:49:32.833+08:00 CYCLE n=143 label=set start=2026-10-03T11:49:29.821+08:00 sets=[mon1=A@+0.4ms/1.9ms/hr=0x00000000] window_ms=3003 total=0 WM_SETTINGCHANGE=0 WM_DISPLAYCHANGE=0 WM_THEMECHANGED=0 WM_DWMCOLORIZATIONCOLORCHANGED=0 WM_SYSCOLORCHANGE=0 other=0
2026-10-03T11:49:42.793+08:00 CYCLE n=144 label=set start=2026-10-03T11:49:39.782+08:00 sets=[mon1=B@+0.4ms/1.5ms/hr=0x00000000] window_ms=3002 total=0 WM_SETTINGCHANGE=0 WM_DISPLAYCHANGE=0 WM_THEMECHANGED=0 WM_DWMCOLORIZATIONCOLORCHANGED=0 WM_SYSCOLORCHANGE=0 other=0
2026-10-03T11:49:52.857+08:00 CYCLE n=145 label=set start=2026-10-03T11:49:49.844+08:00 sets=[mon1=A@+0.4ms/1.5ms/hr=0x00000000] window_ms=3002 total=0 WM_SETTINGCHANGE=0 WM_DISPLAYCHANGE=0 WM_THEMECHANGED=0 WM_DWMCOLORIZATIONCOLORCHANGED=0 WM_SYSCOLORCHANGE=0 other=0
2026-10-03T11:50:02.824+08:00 CYCLE n=146 label=set start=2026-10-03T11:49:59.811+08:00 sets=[mon1=B@+0.4ms/1.9ms/hr=0x00000000] window_ms=3003 total=0 WM_SETTINGCHANGE=0 WM_DISPLAYCHANGE=0 WM_THEMECHANGED=0 WM_DWMCOLORIZATIONCOLORCHANGED=0 WM_SYSCOLORCHANGE=0 other=0
2026-10-03T11:50:12.796+08:00 CYCLE n=147 label=set start=2026-10-03T11:50:09.783+08:00 sets=[mon1=A@+0.5ms/1.9ms/hr=0x00000000] window_ms=3003 total=0 WM_SETTINGCHANGE=0 WM_DISPLAYCHANGE=0 WM_THEMECHANGED=0 WM_DWMCOLORIZATIONCOLORCHANGED=0 WM_SYSCOLORCHANGE=0 other=0
2026-10-03T11:50:22.861+08:00 CYCLE n=148 label=set start=2026-10-03T11:50:19.850+08:00 sets=[mon1=B@+0.5ms/1.8ms/hr=0x00000000] window_ms=3002 total=0 WM_SETTINGCHANGE=0 WM_DISPLAYCHANGE=0 WM_THEMECHANGED=0 WM_DWMCOLORIZATIONCOLORCHANGED=0 WM_SYSCOLORCHANGE=0 other=0
2026-10-03T11:50:32.825+08:00 CYCLE n=149 label=set start=2026-10-03T11:50:29.814+08:00 sets=[mon1=A@+0.4ms/1.6ms/hr=0x00000000] window_ms=3002 total=0 WM_SETTINGCHANGE=0 WM_DISPLAYCHANGE=0 WM_THEMECHANGED=0 WM_DWMCOLORIZATIONCOLORCHANGED=0 WM_SYSCOLORCHANGE=0 other=0
2026-10-03T11:50:42.791+08:00 CYCLE n=150 label=set start=2026-10-03T11:50:39.779+08:00 sets=[mon1=B@+0.4ms/1.6ms/hr=0x00000000] window_ms=3002 total=0 WM_SETTINGCHANGE=0 WM_DISPLAYCHANGE=0 WM_THEMECHANGED=0 WM_DWMCOLORIZATIONCOLORCHANGED=0 WM_SYSCOLORCHANGE=0 other=0
2026-10-03T11:50:52.858+08:00 CYCLE n=151 label=set start=2026-10-03T11:50:49.848+08:00 sets=[mon1=A@+0.6ms/1.4ms/hr=0x00000000] window_ms=3002 total=0 WM_SETTINGCHANGE=0 WM_DISPLAYCHANGE=0 WM_THEMECHANGED=0 WM_DWMCOLORIZATIONCOLORCHANGED=0 WM_SYSCOLORCHANGE=0 other=0
2026-10-03T11:51:02.823+08:00 CYCLE n=152 label=set start=2026-10-03T11:50:59.811+08:00 sets=[mon1=B@+0.5ms/2.3ms/hr=0x00000000] window_ms=3003 total=0 WM_SETTINGCHANGE=0 WM_DISPLAYCHANGE=0 WM_THEMECHANGED=0 WM_DWMCOLORIZATIONCOLORCHANGED=0 WM_SYSCOLORCHANGE=0 other=0
2026-10-03T11:51:12.782+08:00 CYCLE n=153 label=set start=2026-10-03T11:51:09.770+08:00 sets=[mon1=A@+0.4ms/2.2ms/hr=0x00000000] window_ms=3003 total=0 WM_SETTINGCHANGE=0 WM_DISPLAYCHANGE=0 WM_THEMECHANGED=0 WM_DWMCOLORIZATIONCOLORCHANGED=0 WM_SYSCOLORCHANGE=0 other=0
2026-10-03T11:51:22.837+08:00 CYCLE n=154 label=set start=2026-10-03T11:51:19.826+08:00 sets=[mon1=B@+0.5ms/1.5ms/hr=0x00000000] window_ms=3002 total=0 WM_SETTINGCHANGE=0 WM_DISPLAYCHANGE=0 WM_THEMECHANGED=0 WM_DWMCOLORIZATIONCOLORCHANGED=0 WM_SYSCOLORCHANGE=0 other=0
2026-10-03T11:51:32.791+08:00 CYCLE n=155 label=set start=2026-10-03T11:51:29.779+08:00 sets=[mon1=A@+0.7ms/1.9ms/hr=0x00000000] window_ms=3003 total=0 WM_SETTINGCHANGE=0 WM_DISPLAYCHANGE=0 WM_THEMECHANGED=0 WM_DWMCOLORIZATIONCOLORCHANGED=0 WM_SYSCOLORCHANGE=0 other=0
2026-10-03T11:51:42.855+08:00 CYCLE n=156 label=set start=2026-10-03T11:51:39.843+08:00 sets=[mon1=B@+0.3ms/1.8ms/hr=0x00000000] window_ms=3002 total=0 WM_SETTINGCHANGE=0 WM_DISPLAYCHANGE=0 WM_THEMECHANGED=0 WM_DWMCOLORIZATIONCOLORCHANGED=0 WM_SYSCOLORCHANGE=0 other=0
2026-10-03T11:51:52.825+08:00 CYCLE n=157 label=set start=2026-10-03T11:51:49.813+08:00 sets=[mon1=A@+0.7ms/1.4ms/hr=0x00000000] window_ms=3002 total=0 WM_SETTINGCHANGE=0 WM_DISPLAYCHANGE=0 WM_THEMECHANGED=0 WM_DWMCOLORIZATIONCOLORCHANGED=0 WM_SYSCOLORCHANGE=0 other=0
2026-10-03T11:52:02.783+08:00 CYCLE n=158 label=set start=2026-10-03T11:51:59.773+08:00 sets=[mon1=B@+0.5ms/1.4ms/hr=0x00000000] window_ms=3002 total=0 WM_SETTINGCHANGE=0 WM_DISPLAYCHANGE=0 WM_THEMECHANGED=0 WM_DWMCOLORIZATIONCOLORCHANGED=0 WM_SYSCOLORCHANGE=0 other=0
2026-10-03T11:52:12.840+08:00 CYCLE n=159 label=set start=2026-10-03T11:52:09.827+08:00 sets=[mon1=A@+1.1ms/1.7ms/hr=0x00000000] window_ms=3003 total=0 WM_SETTINGCHANGE=0 WM_DISPLAYCHANGE=0 WM_THEMECHANGED=0 WM_DWMCOLORIZATIONCOLORCHANGED=0 WM_SYSCOLORCHANGE=0 other=0
2026-10-03T11:52:22.791+08:00 CYCLE n=160 label=set start=2026-10-03T11:52:19.780+08:00 sets=[mon1=B@+0.6ms/1.6ms/hr=0x00000000] window_ms=3002 total=0 WM_SETTINGCHANGE=0 WM_DISPLAYCHANGE=0 WM_THEMECHANGED=0 WM_DWMCOLORIZATIONCOLORCHANGED=0 WM_SYSCOLORCHANGE=0 other=0
2026-10-03T11:52:32.863+08:00 CYCLE n=161 label=set start=2026-10-03T11:52:29.850+08:00 sets=[mon1=A@+0.5ms/1.5ms/hr=0x00000000] window_ms=3002 total=0 WM_SETTINGCHANGE=0 WM_DISPLAYCHANGE=0 WM_THEMECHANGED=0 WM_DWMCOLORIZATIONCOLORCHANGED=0 WM_SYSCOLORCHANGE=0 other=0
2026-10-03T11:52:42.830+08:00 CYCLE n=162 label=set start=2026-10-03T11:52:39.818+08:00 sets=[mon1=B@+0.4ms/1.8ms/hr=0x00000000] window_ms=3003 total=0 WM_SETTINGCHANGE=0 WM_DISPLAYCHANGE=0 WM_THEMECHANGED=0 WM_DWMCOLORIZATIONCOLORCHANGED=0 WM_SYSCOLORCHANGE=0 other=0
2026-10-03T11:52:52.789+08:00 CYCLE n=163 label=set start=2026-10-03T11:52:49.777+08:00 sets=[mon1=A@+0.4ms/1.9ms/hr=0x00000000] window_ms=3003 total=0 WM_SETTINGCHANGE=0 WM_DISPLAYCHANGE=0 WM_THEMECHANGED=0 WM_DWMCOLORIZATIONCOLORCHANGED=0 WM_SYSCOLORCHANGE=0 other=0
2026-10-03T11:53:02.859+08:00 CYCLE n=164 label=set start=2026-10-03T11:52:59.848+08:00 sets=[mon1=B@+0.4ms/1.5ms/hr=0x00000000] window_ms=3002 total=0 WM_SETTINGCHANGE=0 WM_DISPLAYCHANGE=0 WM_THEMECHANGED=0 WM_DWMCOLORIZATIONCOLORCHANGED=0 WM_SYSCOLORCHANGE=0 other=0
2026-10-03T11:53:12.822+08:00 CYCLE n=165 label=set start=2026-10-03T11:53:09.810+08:00 sets=[mon1=A@+0.4ms/1.9ms/hr=0x00000000] window_ms=3002 total=0 WM_SETTINGCHANGE=0 WM_DISPLAYCHANGE=0 WM_THEMECHANGED=0 WM_DWMCOLORIZATIONCOLORCHANGED=0 WM_SYSCOLORCHANGE=0 other=0
2026-10-03T11:53:22.784+08:00 CYCLE n=166 label=set start=2026-10-03T11:53:19.772+08:00 sets=[mon1=B@+0.7ms/1.9ms/hr=0x00000000] window_ms=3003 total=0 WM_SETTINGCHANGE=0 WM_DISPLAYCHANGE=0 WM_THEMECHANGED=0 WM_DWMCOLORIZATIONCOLORCHANGED=0 WM_SYSCOLORCHANGE=0 other=0
2026-10-03T11:53:32.850+08:00 CYCLE n=167 label=set start=2026-10-03T11:53:29.837+08:00 sets=[mon1=A@+0.6ms/1.8ms/hr=0x00000000] window_ms=3003 total=0 WM_SETTINGCHANGE=0 WM_DISPLAYCHANGE=0 WM_THEMECHANGED=0 WM_DWMCOLORIZATIONCOLORCHANGED=0 WM_SYSCOLORCHANGE=0 other=0
2026-10-03T11:53:42.816+08:00 CYCLE n=168 label=set start=2026-10-03T11:53:39.804+08:00 sets=[mon1=B@+0.4ms/1.6ms/hr=0x00000000] window_ms=3002 total=0 WM_SETTINGCHANGE=0 WM_DISPLAYCHANGE=0 WM_THEMECHANGED=0 WM_DWMCOLORIZATIONCOLORCHANGED=0 WM_SYSCOLORCHANGE=0 other=0
2026-10-03T11:53:52.874+08:00 CYCLE n=169 label=set start=2026-10-03T11:53:49.862+08:00 sets=[mon1=A@+0.6ms/1.9ms/hr=0x00000000] window_ms=3003 total=0 WM_SETTINGCHANGE=0 WM_DISPLAYCHANGE=0 WM_THEMECHANGED=0 WM_DWMCOLORIZATIONCOLORCHANGED=0 WM_SYSCOLORCHANGE=0 other=0
2026-10-03T11:54:02.843+08:00 CYCLE n=170 label=set start=2026-10-03T11:53:59.829+08:00 sets=[mon1=B@+0.5ms/1.7ms/hr=0x00000000] window_ms=3002 total=0 WM_SETTINGCHANGE=0 WM_DISPLAYCHANGE=0 WM_THEMECHANGED=0 WM_DWMCOLORIZATIONCOLORCHANGED=0 WM_SYSCOLORCHANGE=0 other=0
2026-10-03T11:54:12.815+08:00 CYCLE n=171 label=set start=2026-10-03T11:54:09.803+08:00 sets=[mon1=A@+0.4ms/1.9ms/hr=0x00000000] window_ms=3003 total=0 WM_SETTINGCHANGE=0 WM_DISPLAYCHANGE=0 WM_THEMECHANGED=0 WM_DWMCOLORIZATIONCOLORCHANGED=0 WM_SYSCOLORCHANGE=0 other=0
2026-10-03T11:54:22.879+08:00 CYCLE n=172 label=set start=2026-10-03T11:54:19.867+08:00 sets=[mon1=B@+0.4ms/1.4ms/hr=0x00000000] window_ms=3002 total=0 WM_SETTINGCHANGE=0 WM_DISPLAYCHANGE=0 WM_THEMECHANGED=0 WM_DWMCOLORIZATIONCOLORCHANGED=0 WM_SYSCOLORCHANGE=0 other=0
2026-10-03T11:54:32.841+08:00 CYCLE n=173 label=set start=2026-10-03T11:54:29.829+08:00 sets=[mon1=A@+0.5ms/1.7ms/hr=0x00000000] window_ms=3002 total=0 WM_SETTINGCHANGE=0 WM_DISPLAYCHANGE=0 WM_THEMECHANGED=0 WM_DWMCOLORIZATIONCOLORCHANGED=0 WM_SYSCOLORCHANGE=0 other=0
2026-10-03T11:54:42.814+08:00 CYCLE n=174 label=set start=2026-10-03T11:54:39.801+08:00 sets=[mon1=B@+0.4ms/1.6ms/hr=0x00000000] window_ms=3002 total=0 WM_SETTINGCHANGE=0 WM_DISPLAYCHANGE=0 WM_THEMECHANGED=0 WM_DWMCOLORIZATIONCOLORCHANGED=0 WM_SYSCOLORCHANGE=0 other=0
2026-10-03T11:54:52.784+08:00 CYCLE n=175 label=set start=2026-10-03T11:54:49.772+08:00 sets=[mon1=A@+0.5ms/2.3ms/hr=0x00000000] window_ms=3003 total=0 WM_SETTINGCHANGE=0 WM_DISPLAYCHANGE=0 WM_THEMECHANGED=0 WM_DWMCOLORIZATIONCOLORCHANGED=0 WM_SYSCOLORCHANGE=0 other=0
2026-10-03T11:55:02.854+08:00 CYCLE n=176 label=set start=2026-10-03T11:54:59.845+08:00 sets=[mon1=B@+0.4ms/1.6ms/hr=0x00000000] window_ms=3002 total=0 WM_SETTINGCHANGE=0 WM_DISPLAYCHANGE=0 WM_THEMECHANGED=0 WM_DWMCOLORIZATIONCOLORCHANGED=0 WM_SYSCOLORCHANGE=0 other=0
2026-10-03T11:55:12.815+08:00 CYCLE n=177 label=set start=2026-10-03T11:55:09.803+08:00 sets=[mon1=A@+0.4ms/1.9ms/hr=0x00000000] window_ms=3002 total=0 WM_SETTINGCHANGE=0 WM_DISPLAYCHANGE=0 WM_THEMECHANGED=0 WM_DWMCOLORIZATIONCOLORCHANGED=0 WM_SYSCOLORCHANGE=0 other=0
2026-10-03T11:55:22.877+08:00 CYCLE n=178 label=set start=2026-10-03T11:55:19.866+08:00 sets=[mon1=B@+0.5ms/1.5ms/hr=0x00000000] window_ms=3002 total=0 WM_SETTINGCHANGE=0 WM_DISPLAYCHANGE=0 WM_THEMECHANGED=0 WM_DWMCOLORIZATIONCOLORCHANGED=0 WM_SYSCOLORCHANGE=0 other=0
2026-10-03T11:55:32.850+08:00 CYCLE n=179 label=set start=2026-10-03T11:55:29.831+08:00 sets=[mon1=A@+0.4ms/10.8ms/hr=0x00000000] window_ms=3011 total=0 WM_SETTINGCHANGE=0 WM_DISPLAYCHANGE=0 WM_THEMECHANGED=0 WM_DWMCOLORIZATIONCOLORCHANGED=0 WM_SYSCOLORCHANGE=0 other=0
2026-10-03T11:55:42.816+08:00 CYCLE n=180 label=set start=2026-10-03T11:55:39.804+08:00 sets=[mon1=B@+0.5ms/2.0ms/hr=0x00000000] window_ms=3003 total=0 WM_SETTINGCHANGE=0 WM_DISPLAYCHANGE=0 WM_THEMECHANGED=0 WM_DWMCOLORIZATIONCOLORCHANGED=0 WM_SYSCOLORCHANGE=0 other=0
2026-10-03T11:55:52.871+08:00 CYCLE n=181 label=set start=2026-10-03T11:55:49.859+08:00 sets=[mon1=A@+0.7ms/1.2ms/hr=0x00000000] window_ms=3002 total=0 WM_SETTINGCHANGE=0 WM_DISPLAYCHANGE=0 WM_THEMECHANGED=0 WM_DWMCOLORIZATIONCOLORCHANGED=0 WM_SYSCOLORCHANGE=0 other=0
2026-10-03T11:56:02.824+08:00 CYCLE n=182 label=set start=2026-10-03T11:55:59.812+08:00 sets=[mon1=B@+0.4ms/1.5ms/hr=0x00000000] window_ms=3002 total=0 WM_SETTINGCHANGE=0 WM_DISPLAYCHANGE=0 WM_THEMECHANGED=0 WM_DWMCOLORIZATIONCOLORCHANGED=0 WM_SYSCOLORCHANGE=0 other=0
2026-10-03T11:56:12.788+08:00 CYCLE n=183 label=set start=2026-10-03T11:56:09.778+08:00 sets=[mon1=A@+0.4ms/1.9ms/hr=0x00000000] window_ms=3003 total=0 WM_SETTINGCHANGE=0 WM_DISPLAYCHANGE=0 WM_THEMECHANGED=0 WM_DWMCOLORIZATIONCOLORCHANGED=0 WM_SYSCOLORCHANGE=0 other=0
2026-10-03T11:56:22.859+08:00 CYCLE n=184 label=set start=2026-10-03T11:56:19.847+08:00 sets=[mon1=B@+0.5ms/1.9ms/hr=0x00000000] window_ms=3003 total=0 WM_SETTINGCHANGE=0 WM_DISPLAYCHANGE=0 WM_THEMECHANGED=0 WM_DWMCOLORIZATIONCOLORCHANGED=0 WM_SYSCOLORCHANGE=0 other=0
2026-10-03T11:56:32.827+08:00 CYCLE n=185 label=set start=2026-10-03T11:56:29.816+08:00 sets=[mon1=A@+0.5ms/1.8ms/hr=0x00000000] window_ms=3003 total=0 WM_SETTINGCHANGE=0 WM_DISPLAYCHANGE=0 WM_THEMECHANGED=0 WM_DWMCOLORIZATIONCOLORCHANGED=0 WM_SYSCOLORCHANGE=0 other=0
2026-10-03T11:56:42.796+08:00 CYCLE n=186 label=set start=2026-10-03T11:56:39.786+08:00 sets=[mon1=B@+0.5ms/1.9ms/hr=0x00000000] window_ms=3003 total=0 WM_SETTINGCHANGE=0 WM_DISPLAYCHANGE=0 WM_THEMECHANGED=0 WM_DWMCOLORIZATIONCOLORCHANGED=0 WM_SYSCOLORCHANGE=0 other=0
2026-10-03T11:56:52.868+08:00 CYCLE n=187 label=set start=2026-10-03T11:56:49.857+08:00 sets=[mon1=A@+0.4ms/2.0ms/hr=0x00000000] window_ms=3003 total=0 WM_SETTINGCHANGE=0 WM_DISPLAYCHANGE=0 WM_THEMECHANGED=0 WM_DWMCOLORIZATIONCOLORCHANGED=0 WM_SYSCOLORCHANGE=0 other=0
2026-10-03T11:57:02.842+08:00 CYCLE n=188 label=set start=2026-10-03T11:56:59.829+08:00 sets=[mon1=B@+0.8ms/1.8ms/hr=0x00000000] window_ms=3003 total=0 WM_SETTINGCHANGE=0 WM_DISPLAYCHANGE=0 WM_THEMECHANGED=0 WM_DWMCOLORIZATIONCOLORCHANGED=0 WM_SYSCOLORCHANGE=0 other=0
2026-10-03T11:57:12.810+08:00 CYCLE n=189 label=set start=2026-10-03T11:57:09.799+08:00 sets=[mon1=A@+0.5ms/1.9ms/hr=0x00000000] window_ms=3003 total=0 WM_SETTINGCHANGE=0 WM_DISPLAYCHANGE=0 WM_THEMECHANGED=0 WM_DWMCOLORIZATIONCOLORCHANGED=0 WM_SYSCOLORCHANGE=0 other=0
2026-10-03T11:57:22.878+08:00 CYCLE n=190 label=set start=2026-10-03T11:57:19.867+08:00 sets=[mon1=B@+0.5ms/1.5ms/hr=0x00000000] window_ms=3002 total=0 WM_SETTINGCHANGE=0 WM_DISPLAYCHANGE=0 WM_THEMECHANGED=0 WM_DWMCOLORIZATIONCOLORCHANGED=0 WM_SYSCOLORCHANGE=0 other=0
2026-10-03T11:57:32.851+08:00 CYCLE n=191 label=set start=2026-10-03T11:57:29.838+08:00 sets=[mon1=A@+0.4ms/1.7ms/hr=0x00000000] window_ms=3002 total=0 WM_SETTINGCHANGE=0 WM_DISPLAYCHANGE=0 WM_THEMECHANGED=0 WM_DWMCOLORIZATIONCOLORCHANGED=0 WM_SYSCOLORCHANGE=0 other=0
2026-10-03T11:57:42.804+08:00 CYCLE n=192 label=set start=2026-10-03T11:57:39.792+08:00 sets=[mon1=B@+0.5ms/1.8ms/hr=0x00000000] window_ms=3003 total=0 WM_SETTINGCHANGE=0 WM_DISPLAYCHANGE=0 WM_THEMECHANGED=0 WM_DWMCOLORIZATIONCOLORCHANGED=0 WM_SYSCOLORCHANGE=0 other=0
2026-10-03T11:57:52.877+08:00 CYCLE n=193 label=set start=2026-10-03T11:57:49.866+08:00 sets=[mon1=A@+0.5ms/1.9ms/hr=0x00000000] window_ms=3003 total=0 WM_SETTINGCHANGE=0 WM_DISPLAYCHANGE=0 WM_THEMECHANGED=0 WM_DWMCOLORIZATIONCOLORCHANGED=0 WM_SYSCOLORCHANGE=0 other=0
2026-10-03T11:58:02.850+08:00 CYCLE n=194 label=set start=2026-10-03T11:57:59.836+08:00 sets=[mon1=B@+0.6ms/1.6ms/hr=0x00000000] window_ms=3002 total=0 WM_SETTINGCHANGE=0 WM_DISPLAYCHANGE=0 WM_THEMECHANGED=0 WM_DWMCOLORIZATIONCOLORCHANGED=0 WM_SYSCOLORCHANGE=0 other=0
2026-10-03T11:58:12.825+08:00 CYCLE n=195 label=set start=2026-10-03T11:58:09.811+08:00 sets=[mon1=A@+0.4ms/1.6ms/hr=0x00000000] window_ms=3002 total=0 WM_SETTINGCHANGE=0 WM_DISPLAYCHANGE=0 WM_THEMECHANGED=0 WM_DWMCOLORIZATIONCOLORCHANGED=0 WM_SYSCOLORCHANGE=0 other=0
2026-10-03T11:58:22.793+08:00 CYCLE n=196 label=set start=2026-10-03T11:58:19.781+08:00 sets=[mon1=B@+0.5ms/2.1ms/hr=0x00000000] window_ms=3003 total=0 WM_SETTINGCHANGE=0 WM_DISPLAYCHANGE=0 WM_THEMECHANGED=0 WM_DWMCOLORIZATIONCOLORCHANGED=0 WM_SYSCOLORCHANGE=0 other=0
2026-10-03T11:58:32.864+08:00 CYCLE n=197 label=set start=2026-10-03T11:58:29.853+08:00 sets=[mon1=A@+0.4ms/1.8ms/hr=0x00000000] window_ms=3002 total=0 WM_SETTINGCHANGE=0 WM_DISPLAYCHANGE=0 WM_THEMECHANGED=0 WM_DWMCOLORIZATIONCOLORCHANGED=0 WM_SYSCOLORCHANGE=0 other=0
2026-10-03T11:58:42.829+08:00 CYCLE n=198 label=set start=2026-10-03T11:58:39.817+08:00 sets=[mon1=B@+0.4ms/1.9ms/hr=0x00000000] window_ms=3002 total=0 WM_SETTINGCHANGE=0 WM_DISPLAYCHANGE=0 WM_THEMECHANGED=0 WM_DWMCOLORIZATIONCOLORCHANGED=0 WM_SYSCOLORCHANGE=0 other=0
2026-10-03T11:58:52.816+08:00 CYCLE n=199 label=set start=2026-10-03T11:58:49.803+08:00 sets=[mon1=A@+0.6ms/1.6ms/hr=0x00000000] window_ms=3002 total=0 WM_SETTINGCHANGE=0 WM_DISPLAYCHANGE=0 WM_THEMECHANGED=0 WM_DWMCOLORIZATIONCOLORCHANGED=0 WM_SYSCOLORCHANGE=0 other=0
2026-10-03T11:59:02.864+08:00 CYCLE n=200 label=set start=2026-10-03T11:58:59.797+08:00 sets=[mon1=B@+10.2ms/5.8ms/hr=0x00000000] window_ms=3017 total=0 WM_SETTINGCHANGE=0 WM_DISPLAYCHANGE=0 WM_THEMECHANGED=0 WM_DWMCOLORIZATIONCOLORCHANGED=0 WM_SYSCOLORCHANGE=0 other=0
2026-10-03T11:59:12.829+08:00 CYCLE n=201 label=set start=2026-10-03T11:59:09.815+08:00 sets=[mon1=A@+3.4ms/1.6ms/hr=0x00000000] window_ms=3005 total=0 WM_SETTINGCHANGE=0 WM_DISPLAYCHANGE=0 WM_THEMECHANGED=0 WM_DWMCOLORIZATIONCOLORCHANGED=0 WM_SYSCOLORCHANGE=0 other=0
2026-10-03T11:59:22.793+08:00 CYCLE n=202 label=set start=2026-10-03T11:59:19.781+08:00 sets=[mon1=B@+0.5ms/1.8ms/hr=0x00000000] window_ms=3002 total=0 WM_SETTINGCHANGE=0 WM_DISPLAYCHANGE=0 WM_THEMECHANGED=0 WM_DWMCOLORIZATIONCOLORCHANGED=0 WM_SYSCOLORCHANGE=0 other=0
2026-10-03T11:59:32.860+08:00 CYCLE n=203 label=set start=2026-10-03T11:59:29.845+08:00 sets=[mon1=A@+0.9ms/2.0ms/hr=0x00000000] window_ms=3003 total=0 WM_SETTINGCHANGE=0 WM_DISPLAYCHANGE=0 WM_THEMECHANGED=0 WM_DWMCOLORIZATIONCOLORCHANGED=0 WM_SYSCOLORCHANGE=0 other=0
2026-10-03T11:59:42.833+08:00 CYCLE n=204 label=set start=2026-10-03T11:59:39.820+08:00 sets=[mon1=B@+0.5ms/1.5ms/hr=0x00000000] window_ms=3002 total=0 WM_SETTINGCHANGE=0 WM_DISPLAYCHANGE=0 WM_THEMECHANGED=0 WM_DWMCOLORIZATIONCOLORCHANGED=0 WM_SYSCOLORCHANGE=0 other=0
2026-10-03T11:59:52.951+08:00 CYCLE n=205 label=set start=2026-10-03T11:59:49.871+08:00 sets=[mon1=A@+0.6ms/2.2ms/hr=0x00000000] window_ms=3003 total=0 WM_SETTINGCHANGE=0 WM_DISPLAYCHANGE=0 WM_THEMECHANGED=0 WM_DWMCOLORIZATIONCOLORCHANGED=0 WM_SYSCOLORCHANGE=0 other=0
2026-10-03T12:00:02.840+08:00 CYCLE n=206 label=set start=2026-10-03T11:59:59.827+08:00 sets=[mon1=B@+0.9ms/2.2ms/hr=0x00000000] window_ms=3004 total=0 WM_SETTINGCHANGE=0 WM_DISPLAYCHANGE=0 WM_THEMECHANGED=0 WM_DWMCOLORIZATIONCOLORCHANGED=0 WM_SYSCOLORCHANGE=0 other=0
2026-10-03T12:00:12.838+08:00 CYCLE n=207 label=set start=2026-10-03T12:00:09.823+08:00 sets=[mon1=A@+0.6ms/2.7ms/hr=0x00000000] window_ms=3004 total=0 WM_SETTINGCHANGE=0 WM_DISPLAYCHANGE=0 WM_THEMECHANGED=0 WM_DWMCOLORIZATIONCOLORCHANGED=0 WM_SYSCOLORCHANGE=0 other=0
2026-10-03T12:00:22.811+08:00 CYCLE n=208 label=set start=2026-10-03T12:00:19.798+08:00 sets=[mon1=B@+0.4ms/1.7ms/hr=0x00000000] window_ms=3002 total=0 WM_SETTINGCHANGE=0 WM_DISPLAYCHANGE=0 WM_THEMECHANGED=0 WM_DWMCOLORIZATIONCOLORCHANGED=0 WM_SYSCOLORCHANGE=0 other=0
2026-10-03T12:00:32.858+08:00 CYCLE n=209 label=set start=2026-10-03T12:00:29.823+08:00 sets=[mon1=A@+0.6ms/2.1ms/hr=0x00000000] window_ms=3003 total=0 WM_SETTINGCHANGE=0 WM_DISPLAYCHANGE=0 WM_THEMECHANGED=0 WM_DWMCOLORIZATIONCOLORCHANGED=0 WM_SYSCOLORCHANGE=0 other=0
2026-10-03T12:00:42.785+08:00 CYCLE n=210 label=set start=2026-10-03T12:00:39.775+08:00 sets=[mon1=B@+0.5ms/1.7ms/hr=0x00000000] window_ms=3002 total=0 WM_SETTINGCHANGE=0 WM_DISPLAYCHANGE=0 WM_THEMECHANGED=0 WM_DWMCOLORIZATIONCOLORCHANGED=0 WM_SYSCOLORCHANGE=0 other=0
2026-10-03T12:00:52.860+08:00 CYCLE n=211 label=set start=2026-10-03T12:00:49.848+08:00 sets=[mon1=A@+0.5ms/2.1ms/hr=0x00000000] window_ms=3003 total=0 WM_SETTINGCHANGE=0 WM_DISPLAYCHANGE=0 WM_THEMECHANGED=0 WM_DWMCOLORIZATIONCOLORCHANGED=0 WM_SYSCOLORCHANGE=0 other=0
2026-10-03T12:01:02.829+08:00 CYCLE n=212 label=set start=2026-10-03T12:00:59.819+08:00 sets=[mon1=B@+0.5ms/1.6ms/hr=0x00000000] window_ms=3002 total=0 WM_SETTINGCHANGE=0 WM_DISPLAYCHANGE=0 WM_THEMECHANGED=0 WM_DWMCOLORIZATIONCOLORCHANGED=0 WM_SYSCOLORCHANGE=0 other=0
2026-10-03T12:01:12.821+08:00 CYCLE n=213 label=set start=2026-10-03T12:01:09.807+08:00 sets=[mon1=A@+0.5ms/2.1ms/hr=0x00000000] window_ms=3003 total=0 WM_SETTINGCHANGE=0 WM_DISPLAYCHANGE=0 WM_THEMECHANGED=0 WM_DWMCOLORIZATIONCOLORCHANGED=0 WM_SYSCOLORCHANGE=0 other=0
2026-10-03T12:01:22.792+08:00 CYCLE n=214 label=set start=2026-10-03T12:01:19.778+08:00 sets=[mon1=B@+0.7ms/2.6ms/hr=0x00000000] window_ms=3004 total=0 WM_SETTINGCHANGE=0 WM_DISPLAYCHANGE=0 WM_THEMECHANGED=0 WM_DWMCOLORIZATIONCOLORCHANGED=0 WM_SYSCOLORCHANGE=0 other=0
2026-10-03T12:01:32.860+08:00 CYCLE n=215 label=set start=2026-10-03T12:01:29.846+08:00 sets=[mon1=A@+0.6ms/2.1ms/hr=0x00000000] window_ms=3003 total=0 WM_SETTINGCHANGE=0 WM_DISPLAYCHANGE=0 WM_THEMECHANGED=0 WM_DWMCOLORIZATIONCOLORCHANGED=0 WM_SYSCOLORCHANGE=0 other=0
2026-10-03T12:01:42.833+08:00 CYCLE n=216 label=set start=2026-10-03T12:01:39.820+08:00 sets=[mon1=B@+0.3ms/1.8ms/hr=0x00000000] window_ms=3002 total=0 WM_SETTINGCHANGE=0 WM_DISPLAYCHANGE=0 WM_THEMECHANGED=0 WM_DWMCOLORIZATIONCOLORCHANGED=0 WM_SYSCOLORCHANGE=0 other=0
2026-10-03T12:01:52.800+08:00 CYCLE n=217 label=set start=2026-10-03T12:01:49.789+08:00 sets=[mon1=A@+0.4ms/1.4ms/hr=0x00000000] window_ms=3002 total=0 WM_SETTINGCHANGE=0 WM_DISPLAYCHANGE=0 WM_THEMECHANGED=0 WM_DWMCOLORIZATIONCOLORCHANGED=0 WM_SYSCOLORCHANGE=0 other=0
2026-10-03T12:02:02.862+08:00 CYCLE n=218 label=set start=2026-10-03T12:01:59.850+08:00 sets=[mon1=B@+0.4ms/1.7ms/hr=0x00000000] window_ms=3002 total=0 WM_SETTINGCHANGE=0 WM_DISPLAYCHANGE=0 WM_THEMECHANGED=0 WM_DWMCOLORIZATIONCOLORCHANGED=0 WM_SYSCOLORCHANGE=0 other=0
2026-10-03T12:02:12.831+08:00 CYCLE n=219 label=set start=2026-10-03T12:02:09.820+08:00 sets=[mon1=A@+0.5ms/1.9ms/hr=0x00000000] window_ms=3003 total=0 WM_SETTINGCHANGE=0 WM_DISPLAYCHANGE=0 WM_THEMECHANGED=0 WM_DWMCOLORIZATIONCOLORCHANGED=0 WM_SYSCOLORCHANGE=0 other=0
2026-10-03T12:02:22.796+08:00 CYCLE n=220 label=set start=2026-10-03T12:02:19.784+08:00 sets=[mon1=B@+0.5ms/1.7ms/hr=0x00000000] window_ms=3002 total=0 WM_SETTINGCHANGE=0 WM_DISPLAYCHANGE=0 WM_THEMECHANGED=0 WM_DWMCOLORIZATIONCOLORCHANGED=0 WM_SYSCOLORCHANGE=0 other=0
2026-10-03T12:02:32.867+08:00 CYCLE n=221 label=set start=2026-10-03T12:02:29.856+08:00 sets=[mon1=A@+0.5ms/1.5ms/hr=0x00000000] window_ms=3002 total=0 WM_SETTINGCHANGE=0 WM_DISPLAYCHANGE=0 WM_THEMECHANGED=0 WM_DWMCOLORIZATIONCOLORCHANGED=0 WM_SYSCOLORCHANGE=0 other=0
2026-10-03T12:02:42.828+08:00 CYCLE n=222 label=set start=2026-10-03T12:02:39.816+08:00 sets=[mon1=B@+0.3ms/1.4ms/hr=0x00000000] window_ms=3002 total=0 WM_SETTINGCHANGE=0 WM_DISPLAYCHANGE=0 WM_THEMECHANGED=0 WM_DWMCOLORIZATIONCOLORCHANGED=0 WM_SYSCOLORCHANGE=0 other=0
2026-10-03T12:02:52.802+08:00 CYCLE n=223 label=set start=2026-10-03T12:02:49.789+08:00 sets=[mon1=A@+0.5ms/1.9ms/hr=0x00000000] window_ms=3003 total=0 WM_SETTINGCHANGE=0 WM_DISPLAYCHANGE=0 WM_THEMECHANGED=0 WM_DWMCOLORIZATIONCOLORCHANGED=0 WM_SYSCOLORCHANGE=0 other=0
2026-10-03T12:03:02.869+08:00 CYCLE n=224 label=set start=2026-10-03T12:02:59.855+08:00 sets=[mon1=B@+0.4ms/2.1ms/hr=0x00000000] window_ms=3003 total=0 WM_SETTINGCHANGE=0 WM_DISPLAYCHANGE=0 WM_THEMECHANGED=0 WM_DWMCOLORIZATIONCOLORCHANGED=0 WM_SYSCOLORCHANGE=0 other=0
2026-10-03T12:03:12.836+08:00 CYCLE n=225 label=set start=2026-10-03T12:03:09.824+08:00 sets=[mon1=A@+0.4ms/1.4ms/hr=0x00000000] window_ms=3002 total=0 WM_SETTINGCHANGE=0 WM_DISPLAYCHANGE=0 WM_THEMECHANGED=0 WM_DWMCOLORIZATIONCOLORCHANGED=0 WM_SYSCOLORCHANGE=0 other=0
2026-10-03T12:03:22.804+08:00 CYCLE n=226 label=set start=2026-10-03T12:03:19.792+08:00 sets=[mon1=B@+0.4ms/1.8ms/hr=0x00000000] window_ms=3002 total=0 WM_SETTINGCHANGE=0 WM_DISPLAYCHANGE=0 WM_THEMECHANGED=0 WM_DWMCOLORIZATIONCOLORCHANGED=0 WM_SYSCOLORCHANGE=0 other=0
2026-10-03T12:03:32.868+08:00 CYCLE n=227 label=set start=2026-10-03T12:03:29.855+08:00 sets=[mon1=A@+0.5ms/2.0ms/hr=0x00000000] window_ms=3003 total=0 WM_SETTINGCHANGE=0 WM_DISPLAYCHANGE=0 WM_THEMECHANGED=0 WM_DWMCOLORIZATIONCOLORCHANGED=0 WM_SYSCOLORCHANGE=0 other=0
2026-10-03T12:03:42.827+08:00 CYCLE n=228 label=set start=2026-10-03T12:03:39.814+08:00 sets=[mon1=B@+0.4ms/1.8ms/hr=0x00000000] window_ms=3002 total=0 WM_SETTINGCHANGE=0 WM_DISPLAYCHANGE=0 WM_THEMECHANGED=0 WM_DWMCOLORIZATIONCOLORCHANGED=0 WM_SYSCOLORCHANGE=0 other=0
2026-10-03T12:03:52.783+08:00 CYCLE n=229 label=set start=2026-10-03T12:03:49.773+08:00 sets=[mon1=A@+0.4ms/1.9ms/hr=0x00000000] window_ms=3002 total=0 WM_SETTINGCHANGE=0 WM_DISPLAYCHANGE=0 WM_THEMECHANGED=0 WM_DWMCOLORIZATIONCOLORCHANGED=0 WM_SYSCOLORCHANGE=0 other=0
2026-10-03T12:04:02.840+08:00 CYCLE n=230 label=set start=2026-10-03T12:03:59.829+08:00 sets=[mon1=B@+0.4ms/1.8ms/hr=0x00000000] window_ms=3002 total=0 WM_SETTINGCHANGE=0 WM_DISPLAYCHANGE=0 WM_THEMECHANGED=0 WM_DWMCOLORIZATIONCOLORCHANGED=0 WM_SYSCOLORCHANGE=0 other=0
2026-10-03T12:04:12.800+08:00 CYCLE n=231 label=set start=2026-10-03T12:04:09.790+08:00 sets=[mon1=A@+0.5ms/1.6ms/hr=0x00000000] window_ms=3002 total=0 WM_SETTINGCHANGE=0 WM_DISPLAYCHANGE=0 WM_THEMECHANGED=0 WM_DWMCOLORIZATIONCOLORCHANGED=0 WM_SYSCOLORCHANGE=0 other=0
2026-10-03T12:04:22.872+08:00 CYCLE n=232 label=set start=2026-10-03T12:04:19.860+08:00 sets=[mon1=B@+0.5ms/1.9ms/hr=0x00000000] window_ms=3003 total=0 WM_SETTINGCHANGE=0 WM_DISPLAYCHANGE=0 WM_THEMECHANGED=0 WM_DWMCOLORIZATIONCOLORCHANGED=0 WM_SYSCOLORCHANGE=0 other=0
2026-10-03T12:04:32.840+08:00 CYCLE n=233 label=set start=2026-10-03T12:04:29.829+08:00 sets=[mon1=A@+0.5ms/2.0ms/hr=0x00000000] window_ms=3003 total=0 WM_SETTINGCHANGE=0 WM_DISPLAYCHANGE=0 WM_THEMECHANGED=0 WM_DWMCOLORIZATIONCOLORCHANGED=0 WM_SYSCOLORCHANGE=0 other=0
2026-10-03T12:04:42.810+08:00 CYCLE n=234 label=set start=2026-10-03T12:04:39.799+08:00 sets=[mon1=B@+0.5ms/1.8ms/hr=0x00000000] window_ms=3002 total=0 WM_SETTINGCHANGE=0 WM_DISPLAYCHANGE=0 WM_THEMECHANGED=0 WM_DWMCOLORIZATIONCOLORCHANGED=0 WM_SYSCOLORCHANGE=0 other=0
2026-10-03T12:04:52.877+08:00 CYCLE n=235 label=set start=2026-10-03T12:04:49.866+08:00 sets=[mon1=A@+0.5ms/1.8ms/hr=0x00000000] window_ms=3003 total=0 WM_SETTINGCHANGE=0 WM_DISPLAYCHANGE=0 WM_THEMECHANGED=0 WM_DWMCOLORIZATIONCOLORCHANGED=0 WM_SYSCOLORCHANGE=0 other=0
2026-10-03T12:05:02.836+08:00 CYCLE n=236 label=set start=2026-10-03T12:04:59.824+08:00 sets=[mon1=B@+0.8ms/2.1ms/hr=0x00000000] window_ms=3003 total=0 WM_SETTINGCHANGE=0 WM_DISPLAYCHANGE=0 WM_THEMECHANGED=0 WM_DWMCOLORIZATIONCOLORCHANGED=0 WM_SYSCOLORCHANGE=0 other=0
2026-10-03T12:05:12.801+08:00 CYCLE n=237 label=set start=2026-10-03T12:05:09.787+08:00 sets=[mon1=A@+0.5ms/1.5ms/hr=0x00000000] window_ms=3002 total=0 WM_SETTINGCHANGE=0 WM_DISPLAYCHANGE=0 WM_THEMECHANGED=0 WM_DWMCOLORIZATIONCOLORCHANGED=0 WM_SYSCOLORCHANGE=0 other=0
2026-10-03T12:05:22.868+08:00 CYCLE n=238 label=set start=2026-10-03T12:05:19.855+08:00 sets=[mon1=B@+0.7ms/2.1ms/hr=0x00000000] window_ms=3003 total=0 WM_SETTINGCHANGE=0 WM_DISPLAYCHANGE=0 WM_THEMECHANGED=0 WM_DWMCOLORIZATIONCOLORCHANGED=0 WM_SYSCOLORCHANGE=0 other=0
2026-10-03T12:05:32.830+08:00 CYCLE n=239 label=set start=2026-10-03T12:05:29.818+08:00 sets=[mon1=A@+0.5ms/1.5ms/hr=0x00000000] window_ms=3002 total=0 WM_SETTINGCHANGE=0 WM_DISPLAYCHANGE=0 WM_THEMECHANGED=0 WM_DWMCOLORIZATIONCOLORCHANGED=0 WM_SYSCOLORCHANGE=0 other=0
2026-10-03T12:05:42.799+08:00 CYCLE n=240 label=set start=2026-10-03T12:05:39.786+08:00 sets=[mon1=B@+0.8ms/2.3ms/hr=0x00000000] window_ms=3004 total=0 WM_SETTINGCHANGE=0 WM_DISPLAYCHANGE=0 WM_THEMECHANGED=0 WM_DWMCOLORIZATIONCOLORCHANGED=0 WM_SYSCOLORCHANGE=0 other=0
2026-10-03T12:05:52.870+08:00 CYCLE n=241 label=set start=2026-10-03T12:05:49.857+08:00 sets=[mon1=A@+0.4ms/1.8ms/hr=0x00000000] window_ms=3002 total=0 WM_SETTINGCHANGE=0 WM_DISPLAYCHANGE=0 WM_THEMECHANGED=0 WM_DWMCOLORIZATIONCOLORCHANGED=0 WM_SYSCOLORCHANGE=0 other=0
2026-10-03T12:06:02.829+08:00 CYCLE n=242 label=set start=2026-10-03T12:05:59.816+08:00 sets=[mon1=B@+0.6ms/1.7ms/hr=0x00000000] window_ms=3003 total=0 WM_SETTINGCHANGE=0 WM_DISPLAYCHANGE=0 WM_THEMECHANGED=0 WM_DWMCOLORIZATIONCOLORCHANGED=0 WM_SYSCOLORCHANGE=0 other=0
2026-10-03T12:06:12.829+08:00 CYCLE n=243 label=set start=2026-10-03T12:06:09.816+08:00 sets=[mon1=A@+0.5ms/1.9ms/hr=0x00000000] window_ms=3003 total=0 WM_SETTINGCHANGE=0 WM_DISPLAYCHANGE=0 WM_THEMECHANGED=0 WM_DWMCOLORIZATIONCOLORCHANGED=0 WM_SYSCOLORCHANGE=0 other=0
2026-10-03T12:06:22.892+08:00 CYCLE n=244 label=set start=2026-10-03T12:06:19.834+08:00 sets=[mon1=B@+0.6ms/2.3ms/hr=0x00000000] window_ms=3003 total=0 WM_SETTINGCHANGE=0 WM_DISPLAYCHANGE=0 WM_THEMECHANGED=0 WM_DWMCOLORIZATIONCOLORCHANGED=0 WM_SYSCOLORCHANGE=0 other=0
2026-10-03T12:06:32.800+08:00 CYCLE n=245 label=set start=2026-10-03T12:06:29.787+08:00 sets=[mon1=A@+0.6ms/1.9ms/hr=0x00000000] window_ms=3003 total=0 WM_SETTINGCHANGE=0 WM_DISPLAYCHANGE=0 WM_THEMECHANGED=0 WM_DWMCOLORIZATIONCOLORCHANGED=0 WM_SYSCOLORCHANGE=0 other=0
2026-10-03T12:06:42.872+08:00 CYCLE n=246 label=set start=2026-10-03T12:06:39.860+08:00 sets=[mon1=B@+0.7ms/1.8ms/hr=0x00000000] window_ms=3003 total=0 WM_SETTINGCHANGE=0 WM_DISPLAYCHANGE=0 WM_THEMECHANGED=0 WM_DWMCOLORIZATIONCOLORCHANGED=0 WM_SYSCOLORCHANGE=0 other=0
2026-10-03T12:06:52.839+08:00 CYCLE n=247 label=set start=2026-10-03T12:06:49.828+08:00 sets=[mon1=A@+0.5ms/1.5ms/hr=0x00000000] window_ms=3002 total=0 WM_SETTINGCHANGE=0 WM_DISPLAYCHANGE=0 WM_THEMECHANGED=0 WM_DWMCOLORIZATIONCOLORCHANGED=0 WM_SYSCOLORCHANGE=0 other=0
2026-10-03T12:07:02.813+08:00 CYCLE n=248 label=set start=2026-10-03T12:06:59.801+08:00 sets=[mon1=B@+0.5ms/2.3ms/hr=0x00000000] window_ms=3003 total=0 WM_SETTINGCHANGE=0 WM_DISPLAYCHANGE=0 WM_THEMECHANGED=0 WM_DWMCOLORIZATIONCOLORCHANGED=0 WM_SYSCOLORCHANGE=0 other=0
2026-10-03T12:07:12.815+08:00 CYCLE n=249 label=set start=2026-10-03T12:07:09.802+08:00 sets=[mon1=A@+0.9ms/1.6ms/hr=0x00000000] window_ms=3003 total=0 WM_SETTINGCHANGE=0 WM_DISPLAYCHANGE=0 WM_THEMECHANGED=0 WM_DWMCOLORIZATIONCOLORCHANGED=0 WM_SYSCOLORCHANGE=0 other=0
2026-10-03T12:07:22.880+08:00 CYCLE n=250 label=set start=2026-10-03T12:07:19.866+08:00 sets=[mon1=B@+0.9ms/2.1ms/hr=0x00000000] window_ms=3003 total=0 WM_SETTINGCHANGE=0 WM_DISPLAYCHANGE=0 WM_THEMECHANGED=0 WM_DWMCOLORIZATIONCOLORCHANGED=0 WM_SYSCOLORCHANGE=0 other=0
2026-10-03T12:07:32.840+08:00 CYCLE n=251 label=set start=2026-10-03T12:07:29.828+08:00 sets=[mon1=A@+0.5ms/1.8ms/hr=0x00000000] window_ms=3003 total=0 WM_SETTINGCHANGE=0 WM_DISPLAYCHANGE=0 WM_THEMECHANGED=0 WM_DWMCOLORIZATIONCOLORCHANGED=0 WM_SYSCOLORCHANGE=0 other=0
2026-10-03T12:07:42.804+08:00 CYCLE n=252 label=set start=2026-10-03T12:07:39.792+08:00 sets=[mon1=B@+0.4ms/2.1ms/hr=0x00000000] window_ms=3003 total=0 WM_SETTINGCHANGE=0 WM_DISPLAYCHANGE=0 WM_THEMECHANGED=0 WM_DWMCOLORIZATIONCOLORCHANGED=0 WM_SYSCOLORCHANGE=0 other=0
2026-10-03T12:07:52.874+08:00 CYCLE n=253 label=set start=2026-10-03T12:07:49.863+08:00 sets=[mon1=A@+0.5ms/1.8ms/hr=0x00000000] window_ms=3002 total=0 WM_SETTINGCHANGE=0 WM_DISPLAYCHANGE=0 WM_THEMECHANGED=0 WM_DWMCOLORIZATIONCOLORCHANGED=0 WM_SYSCOLORCHANGE=0 other=0
2026-10-03T12:08:02.841+08:00 CYCLE n=254 label=set start=2026-10-03T12:07:59.826+08:00 sets=[mon1=B@+1.4ms/1.9ms/hr=0x00000000] window_ms=3004 total=0 WM_SETTINGCHANGE=0 WM_DISPLAYCHANGE=0 WM_THEMECHANGED=0 WM_DWMCOLORIZATIONCOLORCHANGED=0 WM_SYSCOLORCHANGE=0 other=0
2026-10-03T12:08:12.802+08:00 CYCLE n=255 label=set start=2026-10-03T12:08:09.791+08:00 sets=[mon1=A@+0.6ms/1.6ms/hr=0x00000000] window_ms=3002 total=0 WM_SETTINGCHANGE=0 WM_DISPLAYCHANGE=0 WM_THEMECHANGED=0 WM_DWMCOLORIZATIONCOLORCHANGED=0 WM_SYSCOLORCHANGE=0 other=0
2026-10-03T12:08:22.864+08:00 CYCLE n=256 label=set start=2026-10-03T12:08:19.853+08:00 sets=[mon1=B@+0.5ms/1.8ms/hr=0x00000000] window_ms=3003 total=0 WM_SETTINGCHANGE=0 WM_DISPLAYCHANGE=0 WM_THEMECHANGED=0 WM_DWMCOLORIZATIONCOLORCHANGED=0 WM_SYSCOLORCHANGE=0 other=0
2026-10-03T12:08:32.822+08:00 CYCLE n=257 label=set start=2026-10-03T12:08:29.809+08:00 sets=[mon1=A@+0.6ms/1.9ms/hr=0x00000000] window_ms=3003 total=0 WM_SETTINGCHANGE=0 WM_DISPLAYCHANGE=0 WM_THEMECHANGED=0 WM_DWMCOLORIZATIONCOLORCHANGED=0 WM_SYSCOLORCHANGE=0 other=0
2026-10-03T12:08:42.794+08:00 CYCLE n=258 label=set start=2026-10-03T12:08:39.782+08:00 sets=[mon1=B@+0.7ms/1.8ms/hr=0x00000000] window_ms=3003 total=0 WM_SETTINGCHANGE=0 WM_DISPLAYCHANGE=0 WM_THEMECHANGED=0 WM_DWMCOLORIZATIONCOLORCHANGED=0 WM_SYSCOLORCHANGE=0 other=0
2026-10-03T12:08:52.790+08:00 CYCLE n=259 label=set start=2026-10-03T12:08:49.778+08:00 sets=[mon1=A@+0.4ms/2.0ms/hr=0x00000000] window_ms=3003 total=0 WM_SETTINGCHANGE=0 WM_DISPLAYCHANGE=0 WM_THEMECHANGED=0 WM_DWMCOLORIZATIONCOLORCHANGED=0 WM_SYSCOLORCHANGE=0 other=0
2026-10-03T12:09:02.859+08:00 CYCLE n=260 label=set start=2026-10-03T12:08:59.846+08:00 sets=[mon1=B@+0.8ms/2.2ms/hr=0x00000000] window_ms=3003 total=0 WM_SETTINGCHANGE=0 WM_DISPLAYCHANGE=0 WM_THEMECHANGED=0 WM_DWMCOLORIZATIONCOLORCHANGED=0 WM_SYSCOLORCHANGE=0 other=0
2026-10-03T12:09:12.830+08:00 CYCLE n=261 label=set start=2026-10-03T12:09:09.817+08:00 sets=[mon1=A@+1.5ms/2.6ms/hr=0x00000000] window_ms=3004 total=0 WM_SETTINGCHANGE=0 WM_DISPLAYCHANGE=0 WM_THEMECHANGED=0 WM_DWMCOLORIZATIONCOLORCHANGED=0 WM_SYSCOLORCHANGE=0 other=0
2026-10-03T12:09:22.796+08:00 CYCLE n=262 label=set start=2026-10-03T12:09:19.784+08:00 sets=[mon1=B@+0.7ms/1.6ms/hr=0x00000000] window_ms=3002 total=0 WM_SETTINGCHANGE=0 WM_DISPLAYCHANGE=0 WM_THEMECHANGED=0 WM_DWMCOLORIZATIONCOLORCHANGED=0 WM_SYSCOLORCHANGE=0 other=0
2026-10-03T12:09:32.864+08:00 CYCLE n=263 label=set start=2026-10-03T12:09:29.851+08:00 sets=[mon1=A@+0.6ms/1.7ms/hr=0x00000000] window_ms=3002 total=0 WM_SETTINGCHANGE=0 WM_DISPLAYCHANGE=0 WM_THEMECHANGED=0 WM_DWMCOLORIZATIONCOLORCHANGED=0 WM_SYSCOLORCHANGE=0 other=0
2026-10-03T12:09:42.858+08:00 CYCLE n=264 label=set start=2026-10-03T12:09:39.845+08:00 sets=[mon1=B@+0.9ms/2.5ms/hr=0x00000000] window_ms=3004 total=0 WM_SETTINGCHANGE=0 WM_DISPLAYCHANGE=0 WM_THEMECHANGED=0 WM_DWMCOLORIZATIONCOLORCHANGED=0 WM_SYSCOLORCHANGE=0 other=0
2026-10-03T12:09:52.827+08:00 CYCLE n=265 label=set start=2026-10-03T12:09:49.814+08:00 sets=[mon1=A@+0.6ms/2.0ms/hr=0x00000000] window_ms=3003 total=0 WM_SETTINGCHANGE=0 WM_DISPLAYCHANGE=0 WM_THEMECHANGED=0 WM_DWMCOLORIZATIONCOLORCHANGED=0 WM_SYSCOLORCHANGE=0 other=0
2026-10-03T12:10:02.786+08:00 CYCLE n=266 label=set start=2026-10-03T12:09:59.775+08:00 sets=[mon1=B@+0.5ms/1.9ms/hr=0x00000000] window_ms=3003 total=0 WM_SETTINGCHANGE=0 WM_DISPLAYCHANGE=0 WM_THEMECHANGED=0 WM_DWMCOLORIZATIONCOLORCHANGED=0 WM_SYSCOLORCHANGE=0 other=0
2026-10-03T12:10:12.841+08:00 CYCLE n=267 label=set start=2026-10-03T12:10:09.829+08:00 sets=[mon1=A@+0.4ms/2.4ms/hr=0x00000000] window_ms=3003 total=0 WM_SETTINGCHANGE=0 WM_DISPLAYCHANGE=0 WM_THEMECHANGED=0 WM_DWMCOLORIZATIONCOLORCHANGED=0 WM_SYSCOLORCHANGE=0 other=0
2026-10-03T12:10:22.824+08:00 CYCLE n=268 label=set start=2026-10-03T12:10:19.812+08:00 sets=[mon1=B@+0.4ms/2.0ms/hr=0x00000000] window_ms=3003 total=0 WM_SETTINGCHANGE=0 WM_DISPLAYCHANGE=0 WM_THEMECHANGED=0 WM_DWMCOLORIZATIONCOLORCHANGED=0 WM_SYSCOLORCHANGE=0 other=0
2026-10-03T12:10:32.788+08:00 CYCLE n=269 label=set start=2026-10-03T12:10:29.777+08:00 sets=[mon1=A@+0.4ms/1.6ms/hr=0x00000000] window_ms=3002 total=0 WM_SETTINGCHANGE=0 WM_DISPLAYCHANGE=0 WM_THEMECHANGED=0 WM_DWMCOLORIZATIONCOLORCHANGED=0 WM_SYSCOLORCHANGE=0 other=0
2026-10-03T12:10:42.857+08:00 CYCLE n=270 label=set start=2026-10-03T12:10:39.844+08:00 sets=[mon1=B@+0.5ms/2.2ms/hr=0x00000000] window_ms=3003 total=0 WM_SETTINGCHANGE=0 WM_DISPLAYCHANGE=0 WM_THEMECHANGED=0 WM_DWMCOLORIZATIONCOLORCHANGED=0 WM_SYSCOLORCHANGE=0 other=0
2026-10-03T12:10:52.824+08:00 CYCLE n=271 label=set start=2026-10-03T12:10:49.811+08:00 sets=[mon1=A@+0.5ms/1.6ms/hr=0x00000000] window_ms=3002 total=0 WM_SETTINGCHANGE=0 WM_DISPLAYCHANGE=0 WM_THEMECHANGED=0 WM_DWMCOLORIZATIONCOLORCHANGED=0 WM_SYSCOLORCHANGE=0 other=0
2026-10-03T12:11:02.793+08:00 CYCLE n=272 label=set start=2026-10-03T12:10:59.780+08:00 sets=[mon1=B@+1.1ms/1.7ms/hr=0x00000000] window_ms=3003 total=0 WM_SETTINGCHANGE=0 WM_DISPLAYCHANGE=0 WM_THEMECHANGED=0 WM_DWMCOLORIZATIONCOLORCHANGED=0 WM_SYSCOLORCHANGE=0 other=0
2026-10-03T12:11:12.860+08:00 CYCLE n=273 label=set start=2026-10-03T12:11:09.847+08:00 sets=[mon1=A@+0.6ms/1.6ms/hr=0x00000000] window_ms=3002 total=0 WM_SETTINGCHANGE=0 WM_DISPLAYCHANGE=0 WM_THEMECHANGED=0 WM_DWMCOLORIZATIONCOLORCHANGED=0 WM_SYSCOLORCHANGE=0 other=0
2026-10-03T12:11:22.828+08:00 CYCLE n=274 label=set start=2026-10-03T12:11:19.815+08:00 sets=[mon1=B@+0.4ms/1.9ms/hr=0x00000000] window_ms=3003 total=0 WM_SETTINGCHANGE=0 WM_DISPLAYCHANGE=0 WM_THEMECHANGED=0 WM_DWMCOLORIZATIONCOLORCHANGED=0 WM_SYSCOLORCHANGE=0 other=0
2026-10-03T12:11:32.787+08:00 CYCLE n=275 label=set start=2026-10-03T12:11:29.774+08:00 sets=[mon1=A@+0.5ms/1.8ms/hr=0x00000000] window_ms=3003 total=0 WM_SETTINGCHANGE=0 WM_DISPLAYCHANGE=0 WM_THEMECHANGED=0 WM_DWMCOLORIZATIONCOLORCHANGED=0 WM_SYSCOLORCHANGE=0 other=0
2026-10-03T12:11:42.843+08:00 CYCLE n=276 label=set start=2026-10-03T12:11:39.832+08:00 sets=[mon1=B@+0.4ms/2.0ms/hr=0x00000000] window_ms=3003 total=0 WM_SETTINGCHANGE=0 WM_DISPLAYCHANGE=0 WM_THEMECHANGED=0 WM_DWMCOLORIZATIONCOLORCHANGED=0 WM_SYSCOLORCHANGE=0 other=0
2026-10-03T12:11:52.808+08:00 CYCLE n=277 label=set start=2026-10-03T12:11:49.796+08:00 sets=[mon1=A@+0.5ms/1.9ms/hr=0x00000000] window_ms=3003 total=0 WM_SETTINGCHANGE=0 WM_DISPLAYCHANGE=0 WM_THEMECHANGED=0 WM_DWMCOLORIZATIONCOLORCHANGED=0 WM_SYSCOLORCHANGE=0 other=0
2026-10-03T12:12:02.868+08:00 CYCLE n=278 label=set start=2026-10-03T12:11:59.856+08:00 sets=[mon1=B@+0.4ms/1.9ms/hr=0x00000000] window_ms=3003 total=0 WM_SETTINGCHANGE=0 WM_DISPLAYCHANGE=0 WM_THEMECHANGED=0 WM_DWMCOLORIZATIONCOLORCHANGED=0 WM_SYSCOLORCHANGE=0 other=0
2026-10-03T12:12:12.826+08:00 CYCLE n=279 label=set start=2026-10-03T12:12:09.814+08:00 sets=[mon1=A@+0.7ms/1.6ms/hr=0x00000000] window_ms=3002 total=0 WM_SETTINGCHANGE=0 WM_DISPLAYCHANGE=0 WM_THEMECHANGED=0 WM_DWMCOLORIZATIONCOLORCHANGED=0 WM_SYSCOLORCHANGE=0 other=0
2026-10-03T12:12:22.792+08:00 CYCLE n=280 label=set start=2026-10-03T12:12:19.782+08:00 sets=[mon1=B@+0.5ms/1.9ms/hr=0x00000000] window_ms=3003 total=0 WM_SETTINGCHANGE=0 WM_DISPLAYCHANGE=0 WM_THEMECHANGED=0 WM_DWMCOLORIZATIONCOLORCHANGED=0 WM_SYSCOLORCHANGE=0 other=0
2026-10-03T12:12:32.853+08:00 CYCLE n=281 label=set start=2026-10-03T12:12:29.842+08:00 sets=[mon1=A@+0.9ms/2.0ms/hr=0x00000000] window_ms=3004 total=0 WM_SETTINGCHANGE=0 WM_DISPLAYCHANGE=0 WM_THEMECHANGED=0 WM_DWMCOLORIZATIONCOLORCHANGED=0 WM_SYSCOLORCHANGE=0 other=0
2026-10-03T12:12:42.824+08:00 CYCLE n=282 label=set start=2026-10-03T12:12:39.811+08:00 sets=[mon1=B@+0.5ms/1.9ms/hr=0x00000000] window_ms=3003 total=0 WM_SETTINGCHANGE=0 WM_DISPLAYCHANGE=0 WM_THEMECHANGED=0 WM_DWMCOLORIZATIONCOLORCHANGED=0 WM_SYSCOLORCHANGE=0 other=0
2026-10-03T12:12:52.788+08:00 CYCLE n=283 label=set start=2026-10-03T12:12:49.776+08:00 sets=[mon1=A@+0.6ms/1.5ms/hr=0x00000000] window_ms=3002 total=0 WM_SETTINGCHANGE=0 WM_DISPLAYCHANGE=0 WM_THEMECHANGED=0 WM_DWMCOLORIZATIONCOLORCHANGED=0 WM_SYSCOLORCHANGE=0 other=0
2026-10-03T12:13:02.857+08:00 CYCLE n=284 label=set start=2026-10-03T12:12:59.845+08:00 sets=[mon1=B@+0.5ms/1.8ms/hr=0x00000000] window_ms=3002 total=0 WM_SETTINGCHANGE=0 WM_DISPLAYCHANGE=0 WM_THEMECHANGED=0 WM_DWMCOLORIZATIONCOLORCHANGED=0 WM_SYSCOLORCHANGE=0 other=0
2026-10-03T12:13:12.818+08:00 CYCLE n=285 label=set start=2026-10-03T12:13:09.807+08:00 sets=[mon1=A@+0.6ms/1.3ms/hr=0x00000000] window_ms=3002 total=0 WM_SETTINGCHANGE=0 WM_DISPLAYCHANGE=0 WM_THEMECHANGED=0 WM_DWMCOLORIZATIONCOLORCHANGED=0 WM_SYSCOLORCHANGE=0 other=0
2026-10-03T12:13:22.791+08:00 CYCLE n=286 label=set start=2026-10-03T12:13:19.777+08:00 sets=[mon1=B@+0.4ms/2.2ms/hr=0x00000000] window_ms=3003 total=0 WM_SETTINGCHANGE=0 WM_DISPLAYCHANGE=0 WM_THEMECHANGED=0 WM_DWMCOLORIZATIONCOLORCHANGED=0 WM_SYSCOLORCHANGE=0 other=0
2026-10-03T12:13:32.847+08:00 CYCLE n=287 label=set start=2026-10-03T12:13:29.835+08:00 sets=[mon1=A@+0.4ms/2.1ms/hr=0x00000000] window_ms=3003 total=0 WM_SETTINGCHANGE=0 WM_DISPLAYCHANGE=0 WM_THEMECHANGED=0 WM_DWMCOLORIZATIONCOLORCHANGED=0 WM_SYSCOLORCHANGE=0 other=0
2026-10-03T12:13:42.804+08:00 CYCLE n=288 label=set start=2026-10-03T12:13:39.791+08:00 sets=[mon1=B@+0.4ms/1.4ms/hr=0x00000000] window_ms=3002 total=0 WM_SETTINGCHANGE=0 WM_DISPLAYCHANGE=0 WM_THEMECHANGED=0 WM_DWMCOLORIZATIONCOLORCHANGED=0 WM_SYSCOLORCHANGE=0 other=0
2026-10-03T12:13:52.860+08:00 CYCLE n=289 label=set start=2026-10-03T12:13:49.849+08:00 sets=[mon1=A@+0.4ms/1.3ms/hr=0x00000000] window_ms=3002 total=0 WM_SETTINGCHANGE=0 WM_DISPLAYCHANGE=0 WM_THEMECHANGED=0 WM_DWMCOLORIZATIONCOLORCHANGED=0 WM_SYSCOLORCHANGE=0 other=0
2026-10-03T12:14:02.829+08:00 CYCLE n=290 label=set start=2026-10-03T12:13:59.818+08:00 sets=[mon1=B@+0.5ms/2.3ms/hr=0x00000000] window_ms=3003 total=0 WM_SETTINGCHANGE=0 WM_DISPLAYCHANGE=0 WM_THEMECHANGED=0 WM_DWMCOLORIZATIONCOLORCHANGED=0 WM_SYSCOLORCHANGE=0 other=0
2026-10-03T12:14:12.788+08:00 CYCLE n=291 label=set start=2026-10-03T12:14:09.776+08:00 sets=[mon1=A@+0.5ms/1.8ms/hr=0x00000000] window_ms=3002 total=0 WM_SETTINGCHANGE=0 WM_DISPLAYCHANGE=0 WM_THEMECHANGED=0 WM_DWMCOLORIZATIONCOLORCHANGED=0 WM_SYSCOLORCHANGE=0 other=0
2026-10-03T12:14:22.845+08:00 CYCLE n=292 label=set start=2026-10-03T12:14:19.835+08:00 sets=[mon1=B@+0.5ms/1.5ms/hr=0x00000000] window_ms=3002 total=0 WM_SETTINGCHANGE=0 WM_DISPLAYCHANGE=0 WM_THEMECHANGED=0 WM_DWMCOLORIZATIONCOLORCHANGED=0 WM_SYSCOLORCHANGE=0 other=0
2026-10-03T12:14:32.815+08:00 CYCLE n=293 label=set start=2026-10-03T12:14:29.803+08:00 sets=[mon1=A@+0.6ms/1.7ms/hr=0x00000000] window_ms=3003 total=0 WM_SETTINGCHANGE=0 WM_DISPLAYCHANGE=0 WM_THEMECHANGED=0 WM_DWMCOLORIZATIONCOLORCHANGED=0 WM_SYSCOLORCHANGE=0 other=0
2026-10-03T12:14:42.884+08:00 CYCLE n=294 label=set start=2026-10-03T12:14:39.872+08:00 sets=[mon1=B@+0.4ms/1.7ms/hr=0x00000000] window_ms=3002 total=0 WM_SETTINGCHANGE=0 WM_DISPLAYCHANGE=0 WM_THEMECHANGED=0 WM_DWMCOLORIZATIONCOLORCHANGED=0 WM_SYSCOLORCHANGE=0 other=0
2026-10-03T12:14:52.845+08:00 CYCLE n=295 label=set start=2026-10-03T12:14:49.834+08:00 sets=[mon1=A@+0.7ms/1.6ms/hr=0x00000000] window_ms=3003 total=0 WM_SETTINGCHANGE=0 WM_DISPLAYCHANGE=0 WM_THEMECHANGED=0 WM_DWMCOLORIZATIONCOLORCHANGED=0 WM_SYSCOLORCHANGE=0 other=0
2026-10-03T12:15:02.803+08:00 CYCLE n=296 label=set start=2026-10-03T12:14:59.791+08:00 sets=[mon1=B@+0.6ms/1.4ms/hr=0x00000000] window_ms=3002 total=0 WM_SETTINGCHANGE=0 WM_DISPLAYCHANGE=0 WM_THEMECHANGED=0 WM_DWMCOLORIZATIONCOLORCHANGED=0 WM_SYSCOLORCHANGE=0 other=0
2026-10-03T12:15:12.864+08:00 CYCLE n=297 label=set start=2026-10-03T12:15:09.854+08:00 sets=[mon1=A@+0.5ms/1.7ms/hr=0x00000000] window_ms=3002 total=0 WM_SETTINGCHANGE=0 WM_DISPLAYCHANGE=0 WM_THEMECHANGED=0 WM_DWMCOLORIZATIONCOLORCHANGED=0 WM_SYSCOLORCHANGE=0 other=0
2026-10-03T12:15:22.829+08:00 CYCLE n=298 label=set start=2026-10-03T12:15:19.815+08:00 sets=[mon1=B@+0.4ms/1.7ms/hr=0x00000000] window_ms=3002 total=0 WM_SETTINGCHANGE=0 WM_DISPLAYCHANGE=0 WM_THEMECHANGED=0 WM_DWMCOLORIZATIONCOLORCHANGED=0 WM_SYSCOLORCHANGE=0 other=0
2026-10-03T12:15:32.800+08:00 CYCLE n=299 label=set start=2026-10-03T12:15:29.788+08:00 sets=[mon1=A@+0.8ms/2.1ms/hr=0x00000000] window_ms=3003 total=0 WM_SETTINGCHANGE=0 WM_DISPLAYCHANGE=0 WM_THEMECHANGED=0 WM_DWMCOLORIZATIONCOLORCHANGED=0 WM_SYSCOLORCHANGE=0 other=0
2026-10-03T12:15:42.873+08:00 CYCLE n=300 label=set start=2026-10-03T12:15:39.860+08:00 sets=[mon1=B@+0.4ms/1.7ms/hr=0x00000000] window_ms=3002 total=0 WM_SETTINGCHANGE=0 WM_DISPLAYCHANGE=0 WM_THEMECHANGED=0 WM_DWMCOLORIZATIONCOLORCHANGED=0 WM_SYSCOLORCHANGE=0 other=0
2026-10-03T12:15:52.843+08:00 CYCLE n=301 label=set start=2026-10-03T12:15:49.830+08:00 sets=[mon1=A@+0.7ms/2.2ms/hr=0x00000000] window_ms=3003 total=0 WM_SETTINGCHANGE=0 WM_DISPLAYCHANGE=0 WM_THEMECHANGED=0 WM_DWMCOLORIZATIONCOLORCHANGED=0 WM_SYSCOLORCHANGE=0 other=0
2026-10-03T12:16:02.808+08:00 CYCLE n=302 label=set start=2026-10-03T12:15:59.796+08:00 sets=[mon1=B@+0.6ms/1.9ms/hr=0x00000000] window_ms=3003 total=0 WM_SETTINGCHANGE=0 WM_DISPLAYCHANGE=0 WM_THEMECHANGED=0 WM_DWMCOLORIZATIONCOLORCHANGED=0 WM_SYSCOLORCHANGE=0 other=0
2026-10-03T12:16:12.877+08:00 CYCLE n=303 label=set start=2026-10-03T12:16:09.867+08:00 sets=[mon1=A@+0.4ms/1.3ms/hr=0x00000000] window_ms=3002 total=0 WM_SETTINGCHANGE=0 WM_DISPLAYCHANGE=0 WM_THEMECHANGED=0 WM_DWMCOLORIZATIONCOLORCHANGED=0 WM_SYSCOLORCHANGE=0 other=0
2026-10-03T12:16:22.837+08:00 CYCLE n=304 label=set start=2026-10-03T12:16:19.826+08:00 sets=[mon1=B@+0.6ms/1.6ms/hr=0x00000000] window_ms=3002 total=0 WM_SETTINGCHANGE=0 WM_DISPLAYCHANGE=0 WM_THEMECHANGED=0 WM_DWMCOLORIZATIONCOLORCHANGED=0 WM_SYSCOLORCHANGE=0 other=0
2026-10-03T12:16:32.806+08:00 CYCLE n=305 label=set start=2026-10-03T12:16:29.796+08:00 sets=[mon1=A@+0.6ms/1.5ms/hr=0x00000000] window_ms=3002 total=0 WM_SETTINGCHANGE=0 WM_DISPLAYCHANGE=0 WM_THEMECHANGED=0 WM_DWMCOLORIZATIONCOLORCHANGED=0 WM_SYSCOLORCHANGE=0 other=0
2026-10-03T12:16:42.875+08:00 CYCLE n=306 label=set start=2026-10-03T12:16:39.864+08:00 sets=[mon1=B@+0.4ms/1.2ms/hr=0x00000000] window_ms=3002 total=0 WM_SETTINGCHANGE=0 WM_DISPLAYCHANGE=0 WM_THEMECHANGED=0 WM_DWMCOLORIZATIONCOLORCHANGED=0 WM_SYSCOLORCHANGE=0 other=0
2026-10-03T12:16:52.849+08:00 CYCLE n=307 label=set start=2026-10-03T12:16:49.834+08:00 sets=[mon1=A@+1.3ms/2.0ms/hr=0x00000000] window_ms=3003 total=0 WM_SETTINGCHANGE=0 WM_DISPLAYCHANGE=0 WM_THEMECHANGED=0 WM_DWMCOLORIZATIONCOLORCHANGED=0 WM_SYSCOLORCHANGE=0 other=0
2026-10-03T12:17:02.843+08:00 CYCLE n=308 label=set start=2026-10-03T12:16:59.807+08:00 sets=[mon1=B@+6.5ms/2.6ms/hr=0x00000000] window_ms=3012 total=0 WM_SETTINGCHANGE=0 WM_DISPLAYCHANGE=0 WM_THEMECHANGED=0 WM_DWMCOLORIZATIONCOLORCHANGED=0 WM_SYSCOLORCHANGE=0 other=0
2026-10-03T12:17:12.806+08:00 CYCLE n=309 label=set start=2026-10-03T12:17:09.795+08:00 sets=[mon1=A@+0.7ms/1.5ms/hr=0x00000000] window_ms=3003 total=0 WM_SETTINGCHANGE=0 WM_DISPLAYCHANGE=0 WM_THEMECHANGED=0 WM_DWMCOLORIZATIONCOLORCHANGED=0 WM_SYSCOLORCHANGE=0 other=0
2026-10-03T12:17:22.879+08:00 CYCLE n=310 label=set start=2026-10-03T12:17:19.797+08:00 sets=[mon1=B@+0.6ms/2.7ms/hr=0x00000000] window_ms=3004 total=0 WM_SETTINGCHANGE=0 WM_DISPLAYCHANGE=0 WM_THEMECHANGED=0 WM_DWMCOLORIZATIONCOLORCHANGED=0 WM_SYSCOLORCHANGE=0 other=0
2026-10-03T12:17:32.850+08:00 CYCLE n=311 label=set start=2026-10-03T12:17:29.836+08:00 sets=[mon1=A@+0.7ms/1.9ms/hr=0x00000000] window_ms=3003 total=0 WM_SETTINGCHANGE=0 WM_DISPLAYCHANGE=0 WM_THEMECHANGED=0 WM_DWMCOLORIZATIONCOLORCHANGED=0 WM_SYSCOLORCHANGE=0 other=0
2026-10-03T12:17:42.813+08:00 CYCLE n=312 label=set start=2026-10-03T12:17:39.802+08:00 sets=[mon1=B@+0.5ms/1.7ms/hr=0x00000000] window_ms=3002 total=0 WM_SETTINGCHANGE=0 WM_DISPLAYCHANGE=0 WM_THEMECHANGED=0 WM_DWMCOLORIZATIONCOLORCHANGED=0 WM_SYSCOLORCHANGE=0 other=0
2026-10-03T12:17:52.886+08:00 CYCLE n=313 label=set start=2026-10-03T12:17:49.869+08:00 sets=[mon1=A@+0.7ms/1.4ms/hr=0x00000000] window_ms=3002 total=0 WM_SETTINGCHANGE=0 WM_DISPLAYCHANGE=0 WM_THEMECHANGED=0 WM_DWMCOLORIZATIONCOLORCHANGED=0 WM_SYSCOLORCHANGE=0 other=0
2026-10-03T12:18:02.858+08:00 CYCLE n=314 label=set start=2026-10-03T12:17:59.847+08:00 sets=[mon1=B@+0.5ms/1.8ms/hr=0x00000000] window_ms=3002 total=0 WM_SETTINGCHANGE=0 WM_DISPLAYCHANGE=0 WM_THEMECHANGED=0 WM_DWMCOLORIZATIONCOLORCHANGED=0 WM_SYSCOLORCHANGE=0 other=0
2026-10-03T12:18:12.828+08:00 CYCLE n=315 label=set start=2026-10-03T12:18:09.816+08:00 sets=[mon1=A@+0.3ms/1.7ms/hr=0x00000000] window_ms=3002 total=0 WM_SETTINGCHANGE=0 WM_DISPLAYCHANGE=0 WM_THEMECHANGED=0 WM_DWMCOLORIZATIONCOLORCHANGED=0 WM_SYSCOLORCHANGE=0 other=0
2026-10-03T12:18:22.799+08:00 CYCLE n=316 label=set start=2026-10-03T12:18:19.788+08:00 sets=[mon1=B@+0.5ms/1.8ms/hr=0x00000000] window_ms=3002 total=0 WM_SETTINGCHANGE=0 WM_DISPLAYCHANGE=0 WM_THEMECHANGED=0 WM_DWMCOLORIZATIONCOLORCHANGED=0 WM_SYSCOLORCHANGE=0 other=0
2026-10-03T12:18:32.860+08:00 CYCLE n=317 label=set start=2026-10-03T12:18:29.846+08:00 sets=[mon1=A@+0.5ms/2.3ms/hr=0x00000000] window_ms=3003 total=0 WM_SETTINGCHANGE=0 WM_DISPLAYCHANGE=0 WM_THEMECHANGED=0 WM_DWMCOLORIZATIONCOLORCHANGED=0 WM_SYSCOLORCHANGE=0 other=0
2026-10-03T12:18:42.822+08:00 CYCLE n=318 label=set start=2026-10-03T12:18:39.810+08:00 sets=[mon1=B@+0.6ms/2.0ms/hr=0x00000000] window_ms=3003 total=0 WM_SETTINGCHANGE=0 WM_DISPLAYCHANGE=0 WM_THEMECHANGED=0 WM_DWMCOLORIZATIONCOLORCHANGED=0 WM_SYSCOLORCHANGE=0 other=0
2026-10-03T12:18:52.790+08:00 CYCLE n=319 label=set start=2026-10-03T12:18:49.781+08:00 sets=[mon1=A@+0.4ms/1.6ms/hr=0x00000000] window_ms=3002 total=0 WM_SETTINGCHANGE=0 WM_DISPLAYCHANGE=0 WM_THEMECHANGED=0 WM_DWMCOLORIZATIONCOLORCHANGED=0 WM_SYSCOLORCHANGE=0 other=0
2026-10-03T12:19:02.852+08:00 CYCLE n=320 label=set start=2026-10-03T12:18:59.837+08:00 sets=[mon1=B@+1.3ms/2.4ms/hr=0x00000000] window_ms=3004 total=0 WM_SETTINGCHANGE=0 WM_DISPLAYCHANGE=0 WM_THEMECHANGED=0 WM_DWMCOLORIZATIONCOLORCHANGED=0 WM_SYSCOLORCHANGE=0 other=0
2026-10-03T12:19:12.824+08:00 CYCLE n=321 label=set start=2026-10-03T12:19:09.813+08:00 sets=[mon1=A@+0.6ms/1.8ms/hr=0x00000000] window_ms=3003 total=0 WM_SETTINGCHANGE=0 WM_DISPLAYCHANGE=0 WM_THEMECHANGED=0 WM_DWMCOLORIZATIONCOLORCHANGED=0 WM_SYSCOLORCHANGE=0 other=0
2026-10-03T12:19:22.806+08:00 CYCLE n=322 label=set start=2026-10-03T12:19:19.792+08:00 sets=[mon1=B@+0.5ms/2.9ms/hr=0x00000000] window_ms=3004 total=0 WM_SETTINGCHANGE=0 WM_DISPLAYCHANGE=0 WM_THEMECHANGED=0 WM_DWMCOLORIZATIONCOLORCHANGED=0 WM_SYSCOLORCHANGE=0 other=0
2026-10-03T12:19:32.871+08:00 CYCLE n=323 label=set start=2026-10-03T12:19:29.859+08:00 sets=[mon1=A@+0.5ms/2.2ms/hr=0x00000000] window_ms=3003 total=0 WM_SETTINGCHANGE=0 WM_DISPLAYCHANGE=0 WM_THEMECHANGED=0 WM_DWMCOLORIZATIONCOLORCHANGED=0 WM_SYSCOLORCHANGE=0 other=0
2026-10-03T12:19:42.837+08:00 CYCLE n=324 label=set start=2026-10-03T12:19:39.826+08:00 sets=[mon1=B@+0.4ms/1.8ms/hr=0x00000000] window_ms=3002 total=0 WM_SETTINGCHANGE=0 WM_DISPLAYCHANGE=0 WM_THEMECHANGED=0 WM_DWMCOLORIZATIONCOLORCHANGED=0 WM_SYSCOLORCHANGE=0 other=0
2026-10-03T12:19:52.803+08:00 CYCLE n=325 label=set start=2026-10-03T12:19:49.792+08:00 sets=[mon1=A@+0.5ms/1.2ms/hr=0x00000000] window_ms=3002 total=0 WM_SETTINGCHANGE=0 WM_DISPLAYCHANGE=0 WM_THEMECHANGED=0 WM_DWMCOLORIZATIONCOLORCHANGED=0 WM_SYSCOLORCHANGE=0 other=0
2026-10-03T12:20:02.869+08:00 CYCLE n=326 label=set start=2026-10-03T12:19:59.857+08:00 sets=[mon1=B@+0.6ms/1.8ms/hr=0x00000000] window_ms=3003 total=0 WM_SETTINGCHANGE=0 WM_DISPLAYCHANGE=0 WM_THEMECHANGED=0 WM_DWMCOLORIZATIONCOLORCHANGED=0 WM_SYSCOLORCHANGE=0 other=0
2026-10-03T12:20:12.832+08:00 CYCLE n=327 label=set start=2026-10-03T12:20:09.819+08:00 sets=[mon1=A@+0.4ms/2.1ms/hr=0x00000000] window_ms=3003 total=0 WM_SETTINGCHANGE=0 WM_DISPLAYCHANGE=0 WM_THEMECHANGED=0 WM_DWMCOLORIZATIONCOLORCHANGED=0 WM_SYSCOLORCHANGE=0 other=0
2026-10-03T12:20:22.831+08:00 CYCLE n=328 label=set start=2026-10-03T12:20:19.819+08:00 sets=[mon1=B@+0.6ms/1.6ms/hr=0x00000000] window_ms=3002 total=0 WM_SETTINGCHANGE=0 WM_DISPLAYCHANGE=0 WM_THEMECHANGED=0 WM_DWMCOLORIZATIONCOLORCHANGED=0 WM_SYSCOLORCHANGE=0 other=0
2026-10-03T12:20:32.790+08:00 CYCLE n=329 label=set start=2026-10-03T12:20:29.777+08:00 sets=[mon1=A@+0.4ms/2.8ms/hr=0x00000000] window_ms=3003 total=0 WM_SETTINGCHANGE=0 WM_DISPLAYCHANGE=0 WM_THEMECHANGED=0 WM_DWMCOLORIZATIONCOLORCHANGED=0 WM_SYSCOLORCHANGE=0 other=0
2026-10-03T12:20:42.858+08:00 CYCLE n=330 label=set start=2026-10-03T12:20:39.847+08:00 sets=[mon1=B@+0.4ms/1.6ms/hr=0x00000000] window_ms=3002 total=0 WM_SETTINGCHANGE=0 WM_DISPLAYCHANGE=0 WM_THEMECHANGED=0 WM_DWMCOLORIZATIONCOLORCHANGED=0 WM_SYSCOLORCHANGE=0 other=0
2026-10-03T12:20:52.826+08:00 CYCLE n=331 label=set start=2026-10-03T12:20:49.813+08:00 sets=[mon1=A@+0.4ms/1.8ms/hr=0x00000000] window_ms=3002 total=0 WM_SETTINGCHANGE=0 WM_DISPLAYCHANGE=0 WM_THEMECHANGED=0 WM_DWMCOLORIZATIONCOLORCHANGED=0 WM_SYSCOLORCHANGE=0 other=0
2026-10-03T12:21:02.800+08:00 CYCLE n=332 label=set start=2026-10-03T12:20:59.786+08:00 sets=[mon1=B@+0.6ms/1.8ms/hr=0x00000000] window_ms=3003 total=0 WM_SETTINGCHANGE=0 WM_DISPLAYCHANGE=0 WM_THEMECHANGED=0 WM_DWMCOLORIZATIONCOLORCHANGED=0 WM_SYSCOLORCHANGE=0 other=0
2026-10-03T12:21:12.880+08:00 CYCLE n=333 label=set start=2026-10-03T12:21:09.865+08:00 sets=[mon1=A@+0.4ms/2.4ms/hr=0x00000000] window_ms=3003 total=0 WM_SETTINGCHANGE=0 WM_DISPLAYCHANGE=0 WM_THEMECHANGED=0 WM_DWMCOLORIZATIONCOLORCHANGED=0 WM_SYSCOLORCHANGE=0 other=0
2026-10-03T12:21:22.851+08:00 CYCLE n=334 label=set start=2026-10-03T12:21:19.838+08:00 sets=[mon1=B@+0.5ms/1.7ms/hr=0x00000000] window_ms=3002 total=0 WM_SETTINGCHANGE=0 WM_DISPLAYCHANGE=0 WM_THEMECHANGED=0 WM_DWMCOLORIZATIONCOLORCHANGED=0 WM_SYSCOLORCHANGE=0 other=0
2026-10-03T12:21:32.815+08:00 CYCLE n=335 label=set start=2026-10-03T12:21:29.801+08:00 sets=[mon1=A@+0.5ms/2.1ms/hr=0x00000000] window_ms=3003 total=0 WM_SETTINGCHANGE=0 WM_DISPLAYCHANGE=0 WM_THEMECHANGED=0 WM_DWMCOLORIZATIONCOLORCHANGED=0 WM_SYSCOLORCHANGE=0 other=0
2026-10-03T12:21:42.888+08:00 CYCLE n=336 label=set start=2026-10-03T12:21:39.876+08:00 sets=[mon1=B@+0.6ms/2.1ms/hr=0x00000000] window_ms=3003 total=0 WM_SETTINGCHANGE=0 WM_DISPLAYCHANGE=0 WM_THEMECHANGED=0 WM_DWMCOLORIZATIONCOLORCHANGED=0 WM_SYSCOLORCHANGE=0 other=0
2026-10-03T12:21:52.859+08:00 CYCLE n=337 label=set start=2026-10-03T12:21:49.847+08:00 sets=[mon1=A@+0.4ms/1.6ms/hr=0x00000000] window_ms=3002 total=0 WM_SETTINGCHANGE=0 WM_DISPLAYCHANGE=0 WM_THEMECHANGED=0 WM_DWMCOLORIZATIONCOLORCHANGED=0 WM_SYSCOLORCHANGE=0 other=0
2026-10-03T12:22:02.816+08:00 CYCLE n=338 label=set start=2026-10-03T12:21:59.803+08:00 sets=[mon1=B@+0.5ms/1.4ms/hr=0x00000000] window_ms=3002 total=0 WM_SETTINGCHANGE=0 WM_DISPLAYCHANGE=0 WM_THEMECHANGED=0 WM_DWMCOLORIZATIONCOLORCHANGED=0 WM_SYSCOLORCHANGE=0 other=0
2026-10-03T12:22:12.889+08:00 CYCLE n=339 label=set start=2026-10-03T12:22:09.874+08:00 sets=[mon1=A@+0.4ms/2.1ms/hr=0x00000000] window_ms=3003 total=0 WM_SETTINGCHANGE=0 WM_DISPLAYCHANGE=0 WM_THEMECHANGED=0 WM_DWMCOLORIZATIONCOLORCHANGED=0 WM_SYSCOLORCHANGE=0 other=0
2026-10-03T12:22:22.850+08:00 CYCLE n=340 label=set start=2026-10-03T12:22:19.836+08:00 sets=[mon1=B@+0.4ms/1.6ms/hr=0x00000000] window_ms=3002 total=0 WM_SETTINGCHANGE=0 WM_DISPLAYCHANGE=0 WM_THEMECHANGED=0 WM_DWMCOLORIZATIONCOLORCHANGED=0 WM_SYSCOLORCHANGE=0 other=0
2026-10-03T12:22:32.818+08:00 CYCLE n=341 label=set start=2026-10-03T12:22:29.804+08:00 sets=[mon1=A@+0.7ms/2.0ms/hr=0x00000000] window_ms=3003 total=0 WM_SETTINGCHANGE=0 WM_DISPLAYCHANGE=0 WM_THEMECHANGED=0 WM_DWMCOLORIZATIONCOLORCHANGED=0 WM_SYSCOLORCHANGE=0 other=0
2026-10-03T12:22:42.890+08:00 CYCLE n=342 label=set start=2026-10-03T12:22:39.875+08:00 sets=[mon1=B@+0.7ms/2.3ms/hr=0x00000000] window_ms=3003 total=0 WM_SETTINGCHANGE=0 WM_DISPLAYCHANGE=0 WM_THEMECHANGED=0 WM_DWMCOLORIZATIONCOLORCHANGED=0 WM_SYSCOLORCHANGE=0 other=0
2026-10-03T12:22:52.863+08:00 CYCLE n=343 label=set start=2026-10-03T12:22:49.852+08:00 sets=[mon1=A@+0.6ms/1.6ms/hr=0x00000000] window_ms=3002 total=0 WM_SETTINGCHANGE=0 WM_DISPLAYCHANGE=0 WM_THEMECHANGED=0 WM_DWMCOLORIZATIONCOLORCHANGED=0 WM_SYSCOLORCHANGE=0 other=0
2026-10-03T12:23:02.829+08:00 CYCLE n=344 label=set start=2026-10-03T12:22:59.815+08:00 sets=[mon1=B@+0.6ms/2.1ms/hr=0x00000000] window_ms=3003 total=0 WM_SETTINGCHANGE=0 WM_DISPLAYCHANGE=0 WM_THEMECHANGED=0 WM_DWMCOLORIZATIONCOLORCHANGED=0 WM_SYSCOLORCHANGE=0 other=0
2026-10-03T12:23:12.798+08:00 CYCLE n=345 label=set start=2026-10-03T12:23:09.785+08:00 sets=[mon1=A@+0.5ms/1.8ms/hr=0x00000000] window_ms=3003 total=0 WM_SETTINGCHANGE=0 WM_DISPLAYCHANGE=0 WM_THEMECHANGED=0 WM_DWMCOLORIZATIONCOLORCHANGED=0 WM_SYSCOLORCHANGE=0 other=0
2026-10-03T12:23:22.857+08:00 CYCLE n=346 label=set start=2026-10-03T12:23:19.846+08:00 sets=[mon1=B@+0.4ms/1.3ms/hr=0x00000000] window_ms=3002 total=0 WM_SETTINGCHANGE=0 WM_DISPLAYCHANGE=0 WM_THEMECHANGED=0 WM_DWMCOLORIZATIONCOLORCHANGED=0 WM_SYSCOLORCHANGE=0 other=0
2026-10-03T12:23:32.821+08:00 CYCLE n=347 label=set start=2026-10-03T12:23:29.809+08:00 sets=[mon1=A@+0.8ms/2.3ms/hr=0x00000000] window_ms=3003 total=0 WM_SETTINGCHANGE=0 WM_DISPLAYCHANGE=0 WM_THEMECHANGED=0 WM_DWMCOLORIZATIONCOLORCHANGED=0 WM_SYSCOLORCHANGE=0 other=0
2026-10-03T12:23:42.792+08:00 CYCLE n=348 label=set start=2026-10-03T12:23:39.779+08:00 sets=[mon1=B@+0.4ms/1.7ms/hr=0x00000000] window_ms=3002 total=0 WM_SETTINGCHANGE=0 WM_DISPLAYCHANGE=0 WM_THEMECHANGED=0 WM_DWMCOLORIZATIONCOLORCHANGED=0 WM_SYSCOLORCHANGE=0 other=0
2026-10-03T12:23:52.864+08:00 CYCLE n=349 label=set start=2026-10-03T12:23:49.851+08:00 sets=[mon1=A@+0.6ms/2.1ms/hr=0x00000000] window_ms=3003 total=0 WM_SETTINGCHANGE=0 WM_DISPLAYCHANGE=0 WM_THEMECHANGED=0 WM_DWMCOLORIZATIONCOLORCHANGED=0 WM_SYSCOLORCHANGE=0 other=0
2026-10-03T12:24:02.831+08:00 CYCLE n=350 label=set start=2026-10-03T12:23:59.816+08:00 sets=[mon1=B@+0.8ms/2.5ms/hr=0x00000000] window_ms=3003 total=0 WM_SETTINGCHANGE=0 WM_DISPLAYCHANGE=0 WM_THEMECHANGED=0 WM_DWMCOLORIZATIONCOLORCHANGED=0 WM_SYSCOLORCHANGE=0 other=0
2026-10-03T12:24:12.802+08:00 CYCLE n=351 label=set start=2026-10-03T12:24:09.790+08:00 sets=[mon1=A@+0.5ms/1.5ms/hr=0x00000000] window_ms=3002 total=0 WM_SETTINGCHANGE=0 WM_DISPLAYCHANGE=0 WM_THEMECHANGED=0 WM_DWMCOLORIZATIONCOLORCHANGED=0 WM_SYSCOLORCHANGE=0 other=0
2026-10-03T12:24:22.856+08:00 CYCLE n=352 label=set start=2026-10-03T12:24:19.846+08:00 sets=[mon1=B@+0.4ms/1.5ms/hr=0x00000000] window_ms=3002 total=0 WM_SETTINGCHANGE=0 WM_DISPLAYCHANGE=0 WM_THEMECHANGED=0 WM_DWMCOLORIZATIONCOLORCHANGED=0 WM_SYSCOLORCHANGE=0 other=0
2026-10-03T12:24:32.824+08:00 CYCLE n=353 label=set start=2026-10-03T12:24:29.812+08:00 sets=[mon1=A@+0.4ms/1.7ms/hr=0x00000000] window_ms=3002 total=0 WM_SETTINGCHANGE=0 WM_DISPLAYCHANGE=0 WM_THEMECHANGED=0 WM_DWMCOLORIZATIONCOLORCHANGED=0 WM_SYSCOLORCHANGE=0 other=0
2026-10-03T12:24:42.888+08:00 CYCLE n=354 label=set start=2026-10-03T12:24:39.875+08:00 sets=[mon1=B@+0.6ms/2.0ms/hr=0x00000000] window_ms=3003 total=0 WM_SETTINGCHANGE=0 WM_DISPLAYCHANGE=0 WM_THEMECHANGED=0 WM_DWMCOLORIZATIONCOLORCHANGED=0 WM_SYSCOLORCHANGE=0 other=0
2026-10-03T12:24:52.857+08:00 CYCLE n=355 label=set start=2026-10-03T12:24:49.845+08:00 sets=[mon1=A@+0.7ms/1.4ms/hr=0x00000000] window_ms=3002 total=0 WM_SETTINGCHANGE=0 WM_DISPLAYCHANGE=0 WM_THEMECHANGED=0 WM_DWMCOLORIZATIONCOLORCHANGED=0 WM_SYSCOLORCHANGE=0 other=0
2026-10-03T12:25:02.821+08:00 CYCLE n=356 label=set start=2026-10-03T12:24:59.808+08:00 sets=[mon1=B@+0.5ms/1.3ms/hr=0x00000000] window_ms=3002 total=0 WM_SETTINGCHANGE=0 WM_DISPLAYCHANGE=0 WM_THEMECHANGED=0 WM_DWMCOLORIZATIONCOLORCHANGED=0 WM_SYSCOLORCHANGE=0 other=0
2026-10-03T12:25:12.790+08:00 CYCLE n=357 label=set start=2026-10-03T12:25:09.779+08:00 sets=[mon1=A@+0.5ms/1.7ms/hr=0x00000000] window_ms=3002 total=0 WM_SETTINGCHANGE=0 WM_DISPLAYCHANGE=0 WM_THEMECHANGED=0 WM_DWMCOLORIZATIONCOLORCHANGED=0 WM_SYSCOLORCHANGE=0 other=0
2026-10-03T12:25:22.855+08:00 CYCLE n=358 label=set start=2026-10-03T12:25:19.841+08:00 sets=[mon1=B@+0.4ms/1.9ms/hr=0x00000000] window_ms=3003 total=0 WM_SETTINGCHANGE=0 WM_DISPLAYCHANGE=0 WM_THEMECHANGED=0 WM_DWMCOLORIZATIONCOLORCHANGED=0 WM_SYSCOLORCHANGE=0 other=0
2026-10-03T12:25:32.816+08:00 CYCLE n=359 label=set start=2026-10-03T12:25:29.803+08:00 sets=[mon1=A@+0.5ms/1.4ms/hr=0x00000000] window_ms=3002 total=0 WM_SETTINGCHANGE=0 WM_DISPLAYCHANGE=0 WM_THEMECHANGED=0 WM_DWMCOLORIZATIONCOLORCHANGED=0 WM_SYSCOLORCHANGE=0 other=0
2026-10-03T12:25:42.886+08:00 CYCLE n=360 label=set start=2026-10-03T12:25:39.873+08:00 sets=[mon1=B@+0.6ms/1.6ms/hr=0x00000000] window_ms=3002 total=0 WM_SETTINGCHANGE=0 WM_DISPLAYCHANGE=0 WM_THEMECHANGED=0 WM_DWMCOLORIZATIONCOLORCHANGED=0 WM_SYSCOLORCHANGE=0 other=0
2026-10-03T12:25:52.853+08:00 CYCLE n=361 label=set start=2026-10-03T12:25:49.841+08:00 sets=[mon1=A@+0.6ms/2.1ms/hr=0x00000000] window_ms=3003 total=0 WM_SETTINGCHANGE=0 WM_DISPLAYCHANGE=0 WM_THEMECHANGED=0 WM_DWMCOLORIZATIONCOLORCHANGED=0 WM_SYSCOLORCHANGE=0 other=0
2026-10-03T12:26:02.819+08:00 CYCLE n=362 label=set start=2026-10-03T12:25:59.809+08:00 sets=[mon1=B@+0.4ms/1.4ms/hr=0x00000000] window_ms=3002 total=0 WM_SETTINGCHANGE=0 WM_DISPLAYCHANGE=0 WM_THEMECHANGED=0 WM_DWMCOLORIZATIONCOLORCHANGED=0 WM_SYSCOLORCHANGE=0 other=0
2026-10-03T12:26:12.795+08:00 CYCLE n=363 label=set start=2026-10-03T12:26:09.782+08:00 sets=[mon1=A@+0.6ms/1.6ms/hr=0x00000000] window_ms=3002 total=0 WM_SETTINGCHANGE=0 WM_DISPLAYCHANGE=0 WM_THEMECHANGED=0 WM_DWMCOLORIZATIONCOLORCHANGED=0 WM_SYSCOLORCHANGE=0 other=0
2026-10-03T12:26:22.870+08:00 CYCLE n=364 label=set start=2026-10-03T12:26:19.852+08:00 sets=[mon1=B@+0.9ms/6.8ms/hr=0x00000000] window_ms=3008 total=0 WM_SETTINGCHANGE=0 WM_DISPLAYCHANGE=0 WM_THEMECHANGED=0 WM_DWMCOLORIZATIONCOLORCHANGED=0 WM_SYSCOLORCHANGE=0 other=0
2026-10-03T12:26:32.841+08:00 CYCLE n=365 label=set start=2026-10-03T12:26:29.828+08:00 sets=[mon1=A@+0.7ms/1.9ms/hr=0x00000000] window_ms=3003 total=0 WM_SETTINGCHANGE=0 WM_DISPLAYCHANGE=0 WM_THEMECHANGED=0 WM_DWMCOLORIZATIONCOLORCHANGED=0 WM_SYSCOLORCHANGE=0 other=0
2026-10-03T12:26:42.807+08:00 CYCLE n=366 label=set start=2026-10-03T12:26:39.795+08:00 sets=[mon1=B@+0.6ms/1.8ms/hr=0x00000000] window_ms=3003 total=0 WM_SETTINGCHANGE=0 WM_DISPLAYCHANGE=0 WM_THEMECHANGED=0 WM_DWMCOLORIZATIONCOLORCHANGED=0 WM_SYSCOLORCHANGE=0 other=0
2026-10-03T12:26:52.878+08:00 CYCLE n=367 label=set start=2026-10-03T12:26:49.866+08:00 sets=[mon1=A@+0.9ms/2.3ms/hr=0x00000000] window_ms=3003 total=0 WM_SETTINGCHANGE=0 WM_DISPLAYCHANGE=0 WM_THEMECHANGED=0 WM_DWMCOLORIZATIONCOLORCHANGED=0 WM_SYSCOLORCHANGE=0 other=0
2026-10-03T12:27:02.838+08:00 CYCLE n=368 label=set start=2026-10-03T12:26:59.826+08:00 sets=[mon1=B@+0.5ms/1.6ms/hr=0x00000000] window_ms=3003 total=0 WM_SETTINGCHANGE=0 WM_DISPLAYCHANGE=0 WM_THEMECHANGED=0 WM_DWMCOLORIZATIONCOLORCHANGED=0 WM_SYSCOLORCHANGE=0 other=0
2026-10-03T12:27:12.806+08:00 CYCLE n=369 label=set start=2026-10-03T12:27:09.794+08:00 sets=[mon1=A@+0.7ms/1.9ms/hr=0x00000000] window_ms=3003 total=0 WM_SETTINGCHANGE=0 WM_DISPLAYCHANGE=0 WM_THEMECHANGED=0 WM_DWMCOLORIZATIONCOLORCHANGED=0 WM_SYSCOLORCHANGE=0 other=0
2026-10-03T12:27:22.879+08:00 CYCLE n=370 label=set start=2026-10-03T12:27:19.867+08:00 sets=[mon1=B@+0.5ms/1.7ms/hr=0x00000000] window_ms=3002 total=0 WM_SETTINGCHANGE=0 WM_DISPLAYCHANGE=0 WM_THEMECHANGED=0 WM_DWMCOLORIZATIONCOLORCHANGED=0 WM_SYSCOLORCHANGE=0 other=0
2026-10-03T12:27:32.835+08:00 CYCLE n=371 label=set start=2026-10-03T12:27:29.822+08:00 sets=[mon1=A@+0.4ms/1.7ms/hr=0x00000000] window_ms=3002 total=0 WM_SETTINGCHANGE=0 WM_DISPLAYCHANGE=0 WM_THEMECHANGED=0 WM_DWMCOLORIZATIONCOLORCHANGED=0 WM_SYSCOLORCHANGE=0 other=0
2026-10-03T12:27:42.797+08:00 CYCLE n=372 label=set start=2026-10-03T12:27:39.784+08:00 sets=[mon1=B@+0.9ms/2.4ms/hr=0x00000000] window_ms=3004 total=0 WM_SETTINGCHANGE=0 WM_DISPLAYCHANGE=0 WM_THEMECHANGED=0 WM_DWMCOLORIZATIONCOLORCHANGED=0 WM_SYSCOLORCHANGE=0 other=0
2026-10-03T12:27:52.856+08:00 CYCLE n=373 label=set start=2026-10-03T12:27:49.842+08:00 sets=[mon1=A@+0.4ms/1.8ms/hr=0x00000000] window_ms=3002 total=0 WM_SETTINGCHANGE=0 WM_DISPLAYCHANGE=0 WM_THEMECHANGED=0 WM_DWMCOLORIZATIONCOLORCHANGED=0 WM_SYSCOLORCHANGE=0 other=0
2026-10-03T12:28:02.829+08:00 CYCLE n=374 label=set start=2026-10-03T12:27:59.815+08:00 sets=[mon1=B@+0.7ms/2.2ms/hr=0x00000000] window_ms=3003 total=0 WM_SETTINGCHANGE=0 WM_DISPLAYCHANGE=0 WM_THEMECHANGED=0 WM_DWMCOLORIZATIONCOLORCHANGED=0 WM_SYSCOLORCHANGE=0 other=0
2026-10-03T12:28:12.797+08:00 CYCLE n=375 label=set start=2026-10-03T12:28:09.784+08:00 sets=[mon1=A@+0.7ms/1.7ms/hr=0x00000000] window_ms=3003 total=0 WM_SETTINGCHANGE=0 WM_DISPLAYCHANGE=0 WM_THEMECHANGED=0 WM_DWMCOLORIZATIONCOLORCHANGED=0 WM_SYSCOLORCHANGE=0 other=0
2026-10-03T12:28:22.862+08:00 CYCLE n=376 label=set start=2026-10-03T12:28:19.850+08:00 sets=[mon1=B@+0.5ms/1.9ms/hr=0x00000000] window_ms=3003 total=0 WM_SETTINGCHANGE=0 WM_DISPLAYCHANGE=0 WM_THEMECHANGED=0 WM_DWMCOLORIZATIONCOLORCHANGED=0 WM_SYSCOLORCHANGE=0 other=0
2026-10-03T12:28:32.830+08:00 CYCLE n=377 label=set start=2026-10-03T12:28:29.819+08:00 sets=[mon1=A@+0.5ms/1.4ms/hr=0x00000000] window_ms=3002 total=0 WM_SETTINGCHANGE=0 WM_DISPLAYCHANGE=0 WM_THEMECHANGED=0 WM_DWMCOLORIZATIONCOLORCHANGED=0 WM_SYSCOLORCHANGE=0 other=0
2026-10-03T12:28:42.796+08:00 CYCLE n=378 label=set start=2026-10-03T12:28:39.784+08:00 sets=[mon1=B@+0.5ms/1.4ms/hr=0x00000000] window_ms=3002 total=0 WM_SETTINGCHANGE=0 WM_DISPLAYCHANGE=0 WM_THEMECHANGED=0 WM_DWMCOLORIZATIONCOLORCHANGED=0 WM_SYSCOLORCHANGE=0 other=0
2026-10-03T12:28:52.867+08:00 CYCLE n=379 label=set start=2026-10-03T12:28:49.855+08:00 sets=[mon1=A@+0.4ms/2.1ms/hr=0x00000000] window_ms=3003 total=0 WM_SETTINGCHANGE=0 WM_DISPLAYCHANGE=0 WM_THEMECHANGED=0 WM_DWMCOLORIZATIONCOLORCHANGED=0 WM_SYSCOLORCHANGE=0 other=0
2026-10-03T12:29:02.828+08:00 CYCLE n=380 label=set start=2026-10-03T12:28:59.817+08:00 sets=[mon1=B@+0.4ms/1.6ms/hr=0x00000000] window_ms=3002 total=0 WM_SETTINGCHANGE=0 WM_DISPLAYCHANGE=0 WM_THEMECHANGED=0 WM_DWMCOLORIZATIONCOLORCHANGED=0 WM_SYSCOLORCHANGE=0 other=0
2026-10-03T12:29:12.797+08:00 CYCLE n=381 label=set start=2026-10-03T12:29:09.785+08:00 sets=[mon1=A@+0.5ms/2.0ms/hr=0x00000000] window_ms=3003 total=0 WM_SETTINGCHANGE=0 WM_DISPLAYCHANGE=0 WM_THEMECHANGED=0 WM_DWMCOLORIZATIONCOLORCHANGED=0 WM_SYSCOLORCHANGE=0 other=0
2026-10-03T12:29:22.879+08:00 CYCLE n=382 label=set start=2026-10-03T12:29:19.865+08:00 sets=[mon1=B@+0.5ms/1.9ms/hr=0x00000000] window_ms=3003 total=0 WM_SETTINGCHANGE=0 WM_DISPLAYCHANGE=0 WM_THEMECHANGED=0 WM_DWMCOLORIZATIONCOLORCHANGED=0 WM_SYSCOLORCHANGE=0 other=0
2026-10-03T12:29:32.862+08:00 CYCLE n=383 label=set start=2026-10-03T12:29:29.851+08:00 sets=[mon1=A@+0.6ms/3.1ms/hr=0x00000000] window_ms=3004 total=0 WM_SETTINGCHANGE=0 WM_DISPLAYCHANGE=0 WM_THEMECHANGED=0 WM_DWMCOLORIZATIONCOLORCHANGED=0 WM_SYSCOLORCHANGE=0 other=0
2026-10-03T12:29:42.834+08:00 CYCLE n=384 label=set start=2026-10-03T12:29:39.820+08:00 sets=[mon1=B@+1.0ms/3.6ms/hr=0x00000000] window_ms=3005 total=0 WM_SETTINGCHANGE=0 WM_DISPLAYCHANGE=0 WM_THEMECHANGED=0 WM_DWMCOLORIZATIONCOLORCHANGED=0 WM_SYSCOLORCHANGE=0 other=0
2026-10-03T12:29:52.807+08:00 CYCLE n=385 label=set start=2026-10-03T12:29:49.794+08:00 sets=[mon1=A@+0.5ms/1.7ms/hr=0x00000000] window_ms=3002 total=0 WM_SETTINGCHANGE=0 WM_DISPLAYCHANGE=0 WM_THEMECHANGED=0 WM_DWMCOLORIZATIONCOLORCHANGED=0 WM_SYSCOLORCHANGE=0 other=0
2026-10-03T12:30:02.868+08:00 CYCLE n=386 label=set start=2026-10-03T12:29:59.858+08:00 sets=[mon1=B@+0.4ms/1.4ms/hr=0x00000000] window_ms=3002 total=0 WM_SETTINGCHANGE=0 WM_DISPLAYCHANGE=0 WM_THEMECHANGED=0 WM_DWMCOLORIZATIONCOLORCHANGED=0 WM_SYSCOLORCHANGE=0 other=0
2026-10-03T12:30:12.842+08:00 CYCLE n=387 label=set start=2026-10-03T12:30:09.828+08:00 sets=[mon1=A@+0.8ms/1.8ms/hr=0x00000000] window_ms=3003 total=0 WM_SETTINGCHANGE=0 WM_DISPLAYCHANGE=0 WM_THEMECHANGED=0 WM_DWMCOLORIZATIONCOLORCHANGED=0 WM_SYSCOLORCHANGE=0 other=0
2026-10-03T12:30:22.803+08:00 CYCLE n=388 label=set start=2026-10-03T12:30:19.791+08:00 sets=[mon1=B@+0.9ms/1.6ms/hr=0x00000000] window_ms=3003 total=0 WM_SETTINGCHANGE=0 WM_DISPLAYCHANGE=0 WM_THEMECHANGED=0 WM_DWMCOLORIZATIONCOLORCHANGED=0 WM_SYSCOLORCHANGE=0 other=0
2026-10-03T12:30:32.888+08:00 CYCLE n=389 label=set start=2026-10-03T12:30:29.875+08:00 sets=[mon1=A@+0.4ms/2.0ms/hr=0x00000000] window_ms=3003 total=0 WM_SETTINGCHANGE=0 WM_DISPLAYCHANGE=0 WM_THEMECHANGED=0 WM_DWMCOLORIZATIONCOLORCHANGED=0 WM_SYSCOLORCHANGE=0 other=0
2026-10-03T12:30:42.850+08:00 CYCLE n=390 label=set start=2026-10-03T12:30:39.836+08:00 sets=[mon1=B@+0.4ms/1.9ms/hr=0x00000000] window_ms=3003 total=0 WM_SETTINGCHANGE=0 WM_DISPLAYCHANGE=0 WM_THEMECHANGED=0 WM_DWMCOLORIZATIONCOLORCHANGED=0 WM_SYSCOLORCHANGE=0 other=0
2026-10-03T12:30:52.823+08:00 CYCLE n=391 label=set start=2026-10-03T12:30:49.812+08:00 sets=[mon1=A@+0.4ms/1.8ms/hr=0x00000000] window_ms=3002 total=0 WM_SETTINGCHANGE=0 WM_DISPLAYCHANGE=0 WM_THEMECHANGED=0 WM_DWMCOLORIZATIONCOLORCHANGED=0 WM_SYSCOLORCHANGE=0 other=0
2026-10-03T12:31:02.940+08:00 CYCLE n=392 label=set start=2026-10-03T12:30:59.847+08:00 sets=[mon1=B@+9.1ms/6.0ms/hr=0x00000000] window_ms=3031 total=0 WM_SETTINGCHANGE=0 WM_DISPLAYCHANGE=0 WM_THEMECHANGED=0 WM_DWMCOLORIZATIONCOLORCHANGED=0 WM_SYSCOLORCHANGE=0 other=0
2026-10-03T12:31:12.879+08:00 CYCLE n=393 label=set start=2026-10-03T12:31:09.817+08:00 sets=[mon1=A@+2.7ms/2.7ms/hr=0x00000000] window_ms=3006 total=0 WM_SETTINGCHANGE=0 WM_DISPLAYCHANGE=0 WM_THEMECHANGED=0 WM_DWMCOLORIZATIONCOLORCHANGED=0 WM_SYSCOLORCHANGE=0 other=0
2026-10-03T12:31:22.816+08:00 CYCLE n=394 label=set start=2026-10-03T12:31:19.803+08:00 sets=[mon1=B@+0.6ms/2.0ms/hr=0x00000000] window_ms=3003 total=0 WM_SETTINGCHANGE=0 WM_DISPLAYCHANGE=0 WM_THEMECHANGED=0 WM_DWMCOLORIZATIONCOLORCHANGED=0 WM_SYSCOLORCHANGE=0 other=0
2026-10-03T12:31:32.877+08:00 CYCLE n=395 label=set start=2026-10-03T12:31:29.872+08:00 sets=[mon1=A@+0.6ms/2.2ms/hr=0x00000000] window_ms=3003 total=0 WM_SETTINGCHANGE=0 WM_DISPLAYCHANGE=0 WM_THEMECHANGED=0 WM_DWMCOLORIZATIONCOLORCHANGED=0 WM_SYSCOLORCHANGE=0 other=0
2026-10-03T12:31:42.888+08:00 CYCLE n=396 label=set start=2026-10-03T12:31:39.849+08:00 sets=[mon1=B@+0.5ms/2.4ms/hr=0x00000000] window_ms=3004 total=0 WM_SETTINGCHANGE=0 WM_DISPLAYCHANGE=0 WM_THEMECHANGED=0 WM_DWMCOLORIZATIONCOLORCHANGED=0 WM_SYSCOLORCHANGE=0 other=0
2026-10-03T12:31:52.851+08:00 CYCLE n=397 label=set start=2026-10-03T12:31:49.840+08:00 sets=[mon1=A@+0.4ms/1.7ms/hr=0x00000000] window_ms=3002 total=0 WM_SETTINGCHANGE=0 WM_DISPLAYCHANGE=0 WM_THEMECHANGED=0 WM_DWMCOLORIZATIONCOLORCHANGED=0 WM_SYSCOLORCHANGE=0 other=0
2026-10-03T12:32:02.818+08:00 CYCLE n=398 label=set start=2026-10-03T12:31:59.806+08:00 sets=[mon1=B@+0.9ms/1.9ms/hr=0x00000000] window_ms=3003 total=0 WM_SETTINGCHANGE=0 WM_DISPLAYCHANGE=0 WM_THEMECHANGED=0 WM_DWMCOLORIZATIONCOLORCHANGED=0 WM_SYSCOLORCHANGE=0 other=0
2026-10-03T12:32:12.883+08:00 CYCLE n=399 label=set start=2026-10-03T12:32:09.872+08:00 sets=[mon1=A@+0.8ms/1.7ms/hr=0x00000000] window_ms=3003 total=0 WM_SETTINGCHANGE=0 WM_DISPLAYCHANGE=0 WM_THEMECHANGED=0 WM_DWMCOLORIZATIONCOLORCHANGED=0 WM_SYSCOLORCHANGE=0 other=0
2026-10-03T12:32:22.846+08:00 CYCLE n=400 label=set start=2026-10-03T12:32:19.832+08:00 sets=[mon1=B@+0.6ms/1.9ms/hr=0x00000000] window_ms=3003 total=0 WM_SETTINGCHANGE=0 WM_DISPLAYCHANGE=0 WM_THEMECHANGED=0 WM_DWMCOLORIZATIONCOLORCHANGED=0 WM_SYSCOLORCHANGE=0 other=0
2026-10-03T12:32:32.814+08:00 CYCLE n=401 label=set start=2026-10-03T12:32:29.801+08:00 sets=[mon1=A@+0.6ms/1.8ms/hr=0x00000000] window_ms=3003 total=0 WM_SETTINGCHANGE=0 WM_DISPLAYCHANGE=0 WM_THEMECHANGED=0 WM_DWMCOLORIZATIONCOLORCHANGED=0 WM_SYSCOLORCHANGE=0 other=0
2026-10-03T12:32:42.884+08:00 CYCLE n=402 label=set start=2026-10-03T12:32:39.872+08:00 sets=[mon1=B@+0.5ms/2.0ms/hr=0x00000000] window_ms=3003 total=0 WM_SETTINGCHANGE=0 WM_DISPLAYCHANGE=0 WM_THEMECHANGED=0 WM_DWMCOLORIZATIONCOLORCHANGED=0 WM_SYSCOLORCHANGE=0 other=0
2026-10-03T12:32:52.855+08:00 CYCLE n=403 label=set start=2026-10-03T12:32:49.842+08:00 sets=[mon1=A@+0.5ms/1.9ms/hr=0x00000000] window_ms=3003 total=0 WM_SETTINGCHANGE=0 WM_DISPLAYCHANGE=0 WM_THEMECHANGED=0 WM_DWMCOLORIZATIONCOLORCHANGED=0 WM_SYSCOLORCHANGE=0 other=0
2026-10-03T12:33:02.819+08:00 CYCLE n=404 label=set start=2026-10-03T12:32:59.807+08:00 sets=[mon1=B@+0.4ms/2.1ms/hr=0x00000000] window_ms=3003 total=0 WM_SETTINGCHANGE=0 WM_DISPLAYCHANGE=0 WM_THEMECHANGED=0 WM_DWMCOLORIZATIONCOLORCHANGED=0 WM_SYSCOLORCHANGE=0 other=0
2026-10-03T12:33:12.798+08:00 CYCLE n=405 label=set start=2026-10-03T12:33:09.784+08:00 sets=[mon1=A@+0.6ms/2.4ms/hr=0x00000000] window_ms=3003 total=0 WM_SETTINGCHANGE=0 WM_DISPLAYCHANGE=0 WM_THEMECHANGED=0 WM_DWMCOLORIZATIONCOLORCHANGED=0 WM_SYSCOLORCHANGE=0 other=0
2026-10-03T12:33:22.867+08:00 CYCLE n=406 label=set start=2026-10-03T12:33:19.855+08:00 sets=[mon1=B@+0.5ms/1.6ms/hr=0x00000000] window_ms=3002 total=0 WM_SETTINGCHANGE=0 WM_DISPLAYCHANGE=0 WM_THEMECHANGED=0 WM_DWMCOLORIZATIONCOLORCHANGED=0 WM_SYSCOLORCHANGE=0 other=0
2026-10-03T12:33:32.837+08:00 CYCLE n=407 label=set start=2026-10-03T12:33:29.823+08:00 sets=[mon1=A@+1.1ms/2.4ms/hr=0x00000000] window_ms=3004 total=0 WM_SETTINGCHANGE=0 WM_DISPLAYCHANGE=0 WM_THEMECHANGED=0 WM_DWMCOLORIZATIONCOLORCHANGED=0 WM_SYSCOLORCHANGE=0 other=0
2026-10-03T12:33:42.797+08:00 CYCLE n=408 label=set start=2026-10-03T12:33:39.784+08:00 sets=[mon1=B@+1.0ms/2.5ms/hr=0x00000000] window_ms=3004 total=0 WM_SETTINGCHANGE=0 WM_DISPLAYCHANGE=0 WM_THEMECHANGED=0 WM_DWMCOLORIZATIONCOLORCHANGED=0 WM_SYSCOLORCHANGE=0 other=0
2026-10-03T12:33:52.888+08:00 CYCLE n=409 label=set start=2026-10-03T12:33:49.876+08:00 sets=[mon1=A@+0.6ms/2.2ms/hr=0x00000000] window_ms=3003 total=0 WM_SETTINGCHANGE=0 WM_DISPLAYCHANGE=0 WM_THEMECHANGED=0 WM_DWMCOLORIZATIONCOLORCHANGED=0 WM_SYSCOLORCHANGE=0 other=0
2026-10-03T12:34:02.861+08:00 CYCLE n=410 label=set start=2026-10-03T12:33:59.847+08:00 sets=[mon1=B@+0.7ms/2.1ms/hr=0x00000000] window_ms=3003 total=0 WM_SETTINGCHANGE=0 WM_DISPLAYCHANGE=0 WM_THEMECHANGED=0 WM_DWMCOLORIZATIONCOLORCHANGED=0 WM_SYSCOLORCHANGE=0 other=0
2026-10-03T12:34:12.824+08:00 CYCLE n=411 label=set start=2026-10-03T12:34:09.812+08:00 sets=[mon1=A@+0.4ms/2.0ms/hr=0x00000000] window_ms=3003 total=0 WM_SETTINGCHANGE=0 WM_DISPLAYCHANGE=0 WM_THEMECHANGED=0 WM_DWMCOLORIZATIONCOLORCHANGED=0 WM_SYSCOLORCHANGE=0 other=0
2026-10-03T12:34:22.885+08:00 CYCLE n=412 label=set start=2026-10-03T12:34:19.874+08:00 sets=[mon1=B@+0.5ms/1.5ms/hr=0x00000000] window_ms=3002 total=0 WM_SETTINGCHANGE=0 WM_DISPLAYCHANGE=0 WM_THEMECHANGED=0 WM_DWMCOLORIZATIONCOLORCHANGED=0 WM_SYSCOLORCHANGE=0 other=0
2026-10-03T12:34:32.859+08:00 CYCLE n=413 label=set start=2026-10-03T12:34:29.847+08:00 sets=[mon1=A@+0.8ms/1.6ms/hr=0x00000000] window_ms=3003 total=0 WM_SETTINGCHANGE=0 WM_DISPLAYCHANGE=0 WM_THEMECHANGED=0 WM_DWMCOLORIZATIONCOLORCHANGED=0 WM_SYSCOLORCHANGE=0 other=0
2026-10-03T12:34:42.830+08:00 CYCLE n=414 label=set start=2026-10-03T12:34:39.817+08:00 sets=[mon1=B@+0.8ms/2.3ms/hr=0x00000000] window_ms=3003 total=0 WM_SETTINGCHANGE=0 WM_DISPLAYCHANGE=0 WM_THEMECHANGED=0 WM_DWMCOLORIZATIONCOLORCHANGED=0 WM_SYSCOLORCHANGE=0 other=0
2026-10-03T12:34:52.797+08:00 CYCLE n=415 label=set start=2026-10-03T12:34:49.783+08:00 sets=[mon1=A@+0.7ms/2.1ms/hr=0x00000000] window_ms=3003 total=0 WM_SETTINGCHANGE=0 WM_DISPLAYCHANGE=0 WM_THEMECHANGED=0 WM_DWMCOLORIZATIONCOLORCHANGED=0 WM_SYSCOLORCHANGE=0 other=0
2026-10-03T12:35:02.862+08:00 CYCLE n=416 label=set start=2026-10-03T12:34:59.847+08:00 sets=[mon1=B@+0.3ms/1.7ms/hr=0x00000000] window_ms=3002 total=0 WM_SETTINGCHANGE=0 WM_DISPLAYCHANGE=0 WM_THEMECHANGED=0 WM_DWMCOLORIZATIONCOLORCHANGED=0 WM_SYSCOLORCHANGE=0 other=0
2026-10-03T12:35:12.834+08:00 CYCLE n=417 label=set start=2026-10-03T12:35:09.820+08:00 sets=[mon1=A@+0.4ms/2.0ms/hr=0x00000000] window_ms=3003 total=0 WM_SETTINGCHANGE=0 WM_DISPLAYCHANGE=0 WM_THEMECHANGED=0 WM_DWMCOLORIZATIONCOLORCHANGED=0 WM_SYSCOLORCHANGE=0 other=0
2026-10-03T12:35:22.803+08:00 CYCLE n=418 label=set start=2026-10-03T12:35:19.789+08:00 sets=[mon1=B@+0.4ms/2.0ms/hr=0x00000000] window_ms=3003 total=0 WM_SETTINGCHANGE=0 WM_DISPLAYCHANGE=0 WM_THEMECHANGED=0 WM_DWMCOLORIZATIONCOLORCHANGED=0 WM_SYSCOLORCHANGE=0 other=0
2026-10-03T12:35:32.875+08:00 CYCLE n=419 label=set start=2026-10-03T12:35:29.863+08:00 sets=[mon1=A@+0.5ms/1.4ms/hr=0x00000000] window_ms=3002 total=0 WM_SETTINGCHANGE=0 WM_DISPLAYCHANGE=0 WM_THEMECHANGED=0 WM_DWMCOLORIZATIONCOLORCHANGED=0 WM_SYSCOLORCHANGE=0 other=0
2026-10-03T12:35:42.844+08:00 CYCLE n=420 label=set start=2026-10-03T12:35:39.832+08:00 sets=[mon1=B@+0.4ms/1.4ms/hr=0x00000000] window_ms=3002 total=0 WM_SETTINGCHANGE=0 WM_DISPLAYCHANGE=0 WM_THEMECHANGED=0 WM_DWMCOLORIZATIONCOLORCHANGED=0 WM_SYSCOLORCHANGE=0 other=0
2026-10-03T12:35:52.838+08:00 CYCLE n=421 label=set start=2026-10-03T12:35:49.825+08:00 sets=[mon1=A@+0.6ms/1.8ms/hr=0x00000000] window_ms=3003 total=0 WM_SETTINGCHANGE=0 WM_DISPLAYCHANGE=0 WM_THEMECHANGED=0 WM_DWMCOLORIZATIONCOLORCHANGED=0 WM_SYSCOLORCHANGE=0 other=0
2026-10-03T12:36:02.801+08:00 CYCLE n=422 label=set start=2026-10-03T12:35:59.790+08:00 sets=[mon1=B@+0.6ms/1.6ms/hr=0x00000000] window_ms=3002 total=0 WM_SETTINGCHANGE=0 WM_DISPLAYCHANGE=0 WM_THEMECHANGED=0 WM_DWMCOLORIZATIONCOLORCHANGED=0 WM_SYSCOLORCHANGE=0 other=0
2026-10-03T12:36:12.867+08:00 CYCLE n=423 label=set start=2026-10-03T12:36:09.855+08:00 sets=[mon1=A@+0.4ms/1.7ms/hr=0x00000000] window_ms=3002 total=0 WM_SETTINGCHANGE=0 WM_DISPLAYCHANGE=0 WM_THEMECHANGED=0 WM_DWMCOLORIZATIONCOLORCHANGED=0 WM_SYSCOLORCHANGE=0 other=0
2026-10-03T12:36:22.839+08:00 CYCLE n=424 label=set start=2026-10-03T12:36:19.826+08:00 sets=[mon1=B@+0.5ms/1.6ms/hr=0x00000000] window_ms=3002 total=0 WM_SETTINGCHANGE=0 WM_DISPLAYCHANGE=0 WM_THEMECHANGED=0 WM_DWMCOLORIZATIONCOLORCHANGED=0 WM_SYSCOLORCHANGE=0 other=0
2026-10-03T12:36:32.809+08:00 CYCLE n=425 label=set start=2026-10-03T12:36:29.794+08:00 sets=[mon1=A@+0.5ms/1.7ms/hr=0x00000000] window_ms=3002 total=0 WM_SETTINGCHANGE=0 WM_DISPLAYCHANGE=0 WM_THEMECHANGED=0 WM_DWMCOLORIZATIONCOLORCHANGED=0 WM_SYSCOLORCHANGE=0 other=0
2026-10-03T12:36:42.872+08:00 CYCLE n=426 label=set start=2026-10-03T12:36:39.859+08:00 sets=[mon1=B@+0.5ms/2.0ms/hr=0x00000000] window_ms=3003 total=0 WM_SETTINGCHANGE=0 WM_DISPLAYCHANGE=0 WM_THEMECHANGED=0 WM_DWMCOLORIZATIONCOLORCHANGED=0 WM_SYSCOLORCHANGE=0 other=0
2026-10-03T12:36:52.838+08:00 CYCLE n=427 label=set start=2026-10-03T12:36:49.827+08:00 sets=[mon1=A@+0.4ms/1.6ms/hr=0x00000000] window_ms=3002 total=0 WM_SETTINGCHANGE=0 WM_DISPLAYCHANGE=0 WM_THEMECHANGED=0 WM_DWMCOLORIZATIONCOLORCHANGED=0 WM_SYSCOLORCHANGE=0 other=0
2026-10-03T12:37:02.814+08:00 CYCLE n=428 label=set start=2026-10-03T12:36:59.801+08:00 sets=[mon1=B@+0.4ms/1.7ms/hr=0x00000000] window_ms=3002 total=0 WM_SETTINGCHANGE=0 WM_DISPLAYCHANGE=0 WM_THEMECHANGED=0 WM_DWMCOLORIZATIONCOLORCHANGED=0 WM_SYSCOLORCHANGE=0 other=0
2026-10-03T12:37:12.889+08:00 CYCLE n=429 label=set start=2026-10-03T12:37:09.876+08:00 sets=[mon1=A@+0.5ms/1.9ms/hr=0x00000000] window_ms=3003 total=0 WM_SETTINGCHANGE=0 WM_DISPLAYCHANGE=0 WM_THEMECHANGED=0 WM_DWMCOLORIZATIONCOLORCHANGED=0 WM_SYSCOLORCHANGE=0 other=0
2026-10-03T12:37:22.995+08:00 CYCLE n=430 label=set start=2026-10-03T12:37:19.867+08:00 sets=[mon1=B@+35.8ms/6.3ms/hr=0x00000000] window_ms=3054 total=0 WM_SETTINGCHANGE=0 WM_DISPLAYCHANGE=0 WM_THEMECHANGED=0 WM_DWMCOLORIZATIONCOLORCHANGED=0 WM_SYSCOLORCHANGE=0 other=0
2026-10-03T12:37:32.858+08:00 CYCLE n=431 label=set start=2026-10-03T12:37:29.839+08:00 sets=[mon1=A@+0.7ms/2.3ms/hr=0x00000000] window_ms=3003 total=0 WM_SETTINGCHANGE=0 WM_DISPLAYCHANGE=0 WM_THEMECHANGED=0 WM_DWMCOLORIZATIONCOLORCHANGED=0 WM_SYSCOLORCHANGE=0 other=0
2026-10-03T12:37:42.835+08:00 CYCLE n=432 label=set start=2026-10-03T12:37:39.823+08:00 sets=[mon1=B@+0.4ms/1.9ms/hr=0x00000000] window_ms=3003 total=0 WM_SETTINGCHANGE=0 WM_DISPLAYCHANGE=0 WM_THEMECHANGED=0 WM_DWMCOLORIZATIONCOLORCHANGED=0 WM_SYSCOLORCHANGE=0 other=0
2026-10-03T12:37:52.810+08:00 CYCLE n=433 label=set start=2026-10-03T12:37:49.797+08:00 sets=[mon1=A@+0.5ms/1.6ms/hr=0x00000000] window_ms=3002 total=0 WM_SETTINGCHANGE=0 WM_DISPLAYCHANGE=0 WM_THEMECHANGED=0 WM_DWMCOLORIZATIONCOLORCHANGED=0 WM_SYSCOLORCHANGE=0 other=0
2026-10-03T12:38:02.880+08:00 CYCLE n=434 label=set start=2026-10-03T12:37:59.867+08:00 sets=[mon1=B@+0.7ms/1.7ms/hr=0x00000000] window_ms=3003 total=0 WM_SETTINGCHANGE=0 WM_DISPLAYCHANGE=0 WM_THEMECHANGED=0 WM_DWMCOLORIZATIONCOLORCHANGED=0 WM_SYSCOLORCHANGE=0 other=0
2026-10-03T12:38:12.845+08:00 CYCLE n=435 label=set start=2026-10-03T12:38:09.832+08:00 sets=[mon1=A@+1.0ms/1.8ms/hr=0x00000000] window_ms=3003 total=0 WM_SETTINGCHANGE=0 WM_DISPLAYCHANGE=0 WM_THEMECHANGED=0 WM_DWMCOLORIZATIONCOLORCHANGED=0 WM_SYSCOLORCHANGE=0 other=0
2026-10-03T12:38:22.809+08:00 CYCLE n=436 label=set start=2026-10-03T12:38:19.796+08:00 sets=[mon1=B@+0.4ms/1.9ms/hr=0x00000000] window_ms=3002 total=0 WM_SETTINGCHANGE=0 WM_DISPLAYCHANGE=0 WM_THEMECHANGED=0 WM_DWMCOLORIZATIONCOLORCHANGED=0 WM_SYSCOLORCHANGE=0 other=0
2026-10-03T12:38:32.874+08:00 CYCLE n=437 label=set start=2026-10-03T12:38:29.862+08:00 sets=[mon1=A@+0.9ms/1.7ms/hr=0x00000000] window_ms=3003 total=0 WM_SETTINGCHANGE=0 WM_DISPLAYCHANGE=0 WM_THEMECHANGED=0 WM_DWMCOLORIZATIONCOLORCHANGED=0 WM_SYSCOLORCHANGE=0 other=0
2026-10-03T12:38:42.843+08:00 CYCLE n=438 label=set start=2026-10-03T12:38:39.830+08:00 sets=[mon1=B@+0.4ms/2.0ms/hr=0x00000000] window_ms=3003 total=0 WM_SETTINGCHANGE=0 WM_DISPLAYCHANGE=0 WM_THEMECHANGED=0 WM_DWMCOLORIZATIONCOLORCHANGED=0 WM_SYSCOLORCHANGE=0 other=0
2026-10-03T12:38:52.810+08:00 CYCLE n=439 label=set start=2026-10-03T12:38:49.798+08:00 sets=[mon1=A@+0.4ms/1.9ms/hr=0x00000000] window_ms=3003 total=0 WM_SETTINGCHANGE=0 WM_DISPLAYCHANGE=0 WM_THEMECHANGED=0 WM_DWMCOLORIZATIONCOLORCHANGED=0 WM_SYSCOLORCHANGE=0 other=0
2026-10-03T12:39:02.879+08:00 CYCLE n=440 label=set start=2026-10-03T12:38:59.867+08:00 sets=[mon1=B@+0.4ms/1.9ms/hr=0x00000000] window_ms=3003 total=0 WM_SETTINGCHANGE=0 WM_DISPLAYCHANGE=0 WM_THEMECHANGED=0 WM_DWMCOLORIZATIONCOLORCHANGED=0 WM_SYSCOLORCHANGE=0 other=0
2026-10-03T12:39:12.849+08:00 CYCLE n=441 label=set start=2026-10-03T12:39:09.838+08:00 sets=[mon1=A@+0.5ms/1.5ms/hr=0x00000000] window_ms=3002 total=0 WM_SETTINGCHANGE=0 WM_DISPLAYCHANGE=0 WM_THEMECHANGED=0 WM_DWMCOLORIZATIONCOLORCHANGED=0 WM_SYSCOLORCHANGE=0 other=0
2026-10-03T12:39:22.811+08:00 CYCLE n=442 label=set start=2026-10-03T12:39:19.799+08:00 sets=[mon1=B@+0.5ms/1.7ms/hr=0x00000000] window_ms=3002 total=0 WM_SETTINGCHANGE=0 WM_DISPLAYCHANGE=0 WM_THEMECHANGED=0 WM_DWMCOLORIZATIONCOLORCHANGED=0 WM_SYSCOLORCHANGE=0 other=0
2026-10-03T12:39:32.883+08:00 CYCLE n=443 label=set start=2026-10-03T12:39:29.870+08:00 sets=[mon1=A@+1.1ms/2.6ms/hr=0x00000000] window_ms=3004 total=0 WM_SETTINGCHANGE=0 WM_DISPLAYCHANGE=0 WM_THEMECHANGED=0 WM_DWMCOLORIZATIONCOLORCHANGED=0 WM_SYSCOLORCHANGE=0 other=0
2026-10-03T12:39:42.852+08:00 CYCLE n=444 label=set start=2026-10-03T12:39:39.840+08:00 sets=[mon1=B@+0.5ms/1.6ms/hr=0x00000000] window_ms=3002 total=0 WM_SETTINGCHANGE=0 WM_DISPLAYCHANGE=0 WM_THEMECHANGED=0 WM_DWMCOLORIZATIONCOLORCHANGED=0 WM_SYSCOLORCHANGE=0 other=0
2026-10-03T12:39:52.819+08:00 CYCLE n=445 label=set start=2026-10-03T12:39:49.806+08:00 sets=[mon1=A@+0.4ms/1.8ms/hr=0x00000000] window_ms=3002 total=0 WM_SETTINGCHANGE=0 WM_DISPLAYCHANGE=0 WM_THEMECHANGED=0 WM_DWMCOLORIZATIONCOLORCHANGED=0 WM_SYSCOLORCHANGE=0 other=0
2026-10-03T12:40:02.887+08:00 CYCLE n=446 label=set start=2026-10-03T12:39:59.876+08:00 sets=[mon1=B@+0.7ms/2.1ms/hr=0x00000000] window_ms=3003 total=0 WM_SETTINGCHANGE=0 WM_DISPLAYCHANGE=0 WM_THEMECHANGED=0 WM_DWMCOLORIZATIONCOLORCHANGED=0 WM_SYSCOLORCHANGE=0 other=0
2026-10-03T12:40:12.849+08:00 CYCLE n=447 label=set start=2026-10-03T12:40:09.839+08:00 sets=[mon1=A@+0.4ms/1.6ms/hr=0x00000000] window_ms=3002 total=0 WM_SETTINGCHANGE=0 WM_DISPLAYCHANGE=0 WM_THEMECHANGED=0 WM_DWMCOLORIZATIONCOLORCHANGED=0 WM_SYSCOLORCHANGE=0 other=0
2026-10-03T12:40:22.823+08:00 CYCLE n=448 label=set start=2026-10-03T12:40:19.810+08:00 sets=[mon1=B@+0.4ms/1.9ms/hr=0x00000000] window_ms=3003 total=0 WM_SETTINGCHANGE=0 WM_DISPLAYCHANGE=0 WM_THEMECHANGED=0 WM_DWMCOLORIZATIONCOLORCHANGED=0 WM_SYSCOLORCHANGE=0 other=0
2026-10-03T12:40:32.891+08:00 CYCLE n=449 label=set start=2026-10-03T12:40:29.879+08:00 sets=[mon1=A@+0.5ms/1.6ms/hr=0x00000000] window_ms=3002 total=0 WM_SETTINGCHANGE=0 WM_DISPLAYCHANGE=0 WM_THEMECHANGED=0 WM_DWMCOLORIZATIONCOLORCHANGED=0 WM_SYSCOLORCHANGE=0 other=0
2026-10-03T12:40:42.863+08:00 CYCLE n=450 label=set start=2026-10-03T12:40:39.851+08:00 sets=[mon1=B@+0.7ms/1.6ms/hr=0x00000000] window_ms=3002 total=0 WM_SETTINGCHANGE=0 WM_DISPLAYCHANGE=0 WM_THEMECHANGED=0 WM_DWMCOLORIZATIONCOLORCHANGED=0 WM_SYSCOLORCHANGE=0 other=0
2026-10-03T12:40:52.835+08:00 CYCLE n=451 label=set start=2026-10-03T12:40:49.823+08:00 sets=[mon1=A@+0.6ms/1.5ms/hr=0x00000000] window_ms=3002 total=0 WM_SETTINGCHANGE=0 WM_DISPLAYCHANGE=0 WM_THEMECHANGED=0 WM_DWMCOLORIZATIONCOLORCHANGED=0 WM_SYSCOLORCHANGE=0 other=0
2026-10-03T12:41:02.797+08:00 CYCLE n=452 label=set start=2026-10-03T12:40:59.786+08:00 sets=[mon1=B@+0.8ms/2.2ms/hr=0x00000000] window_ms=3003 total=0 WM_SETTINGCHANGE=0 WM_DISPLAYCHANGE=0 WM_THEMECHANGED=0 WM_DWMCOLORIZATIONCOLORCHANGED=0 WM_SYSCOLORCHANGE=0 other=0
2026-10-03T12:41:12.867+08:00 CYCLE n=453 label=set start=2026-10-03T12:41:09.854+08:00 sets=[mon1=A@+0.4ms/2.0ms/hr=0x00000000] window_ms=3003 total=0 WM_SETTINGCHANGE=0 WM_DISPLAYCHANGE=0 WM_THEMECHANGED=0 WM_DWMCOLORIZATIONCOLORCHANGED=0 WM_SYSCOLORCHANGE=0 other=0
2026-10-03T12:41:22.829+08:00 CYCLE n=454 label=set start=2026-10-03T12:41:19.820+08:00 sets=[mon1=B@+0.4ms/1.8ms/hr=0x00000000] window_ms=3002 total=0 WM_SETTINGCHANGE=0 WM_DISPLAYCHANGE=0 WM_THEMECHANGED=0 WM_DWMCOLORIZATIONCOLORCHANGED=0 WM_SYSCOLORCHANGE=0 other=0
2026-10-03T12:41:32.890+08:00 CYCLE n=455 label=set start=2026-10-03T12:41:29.877+08:00 sets=[mon1=A@+0.6ms/2.7ms/hr=0x00000000] window_ms=3003 total=0 WM_SETTINGCHANGE=0 WM_DISPLAYCHANGE=0 WM_THEMECHANGED=0 WM_DWMCOLORIZATIONCOLORCHANGED=0 WM_SYSCOLORCHANGE=0 other=0
2026-10-03T12:41:42.859+08:00 CYCLE n=456 label=set start=2026-10-03T12:41:39.846+08:00 sets=[mon1=B@+0.7ms/1.9ms/hr=0x00000000] window_ms=3003 total=0 WM_SETTINGCHANGE=0 WM_DISPLAYCHANGE=0 WM_THEMECHANGED=0 WM_DWMCOLORIZATIONCOLORCHANGED=0 WM_SYSCOLORCHANGE=0 other=0
2026-10-03T12:41:52.816+08:00 CYCLE n=457 label=set start=2026-10-03T12:41:49.805+08:00 sets=[mon1=A@+0.4ms/1.7ms/hr=0x00000000] window_ms=3002 total=0 WM_SETTINGCHANGE=0 WM_DISPLAYCHANGE=0 WM_THEMECHANGED=0 WM_DWMCOLORIZATIONCOLORCHANGED=0 WM_SYSCOLORCHANGE=0 other=0
2026-10-03T12:42:02.874+08:00 CYCLE n=458 label=set start=2026-10-03T12:41:59.863+08:00 sets=[mon1=B@+0.5ms/1.6ms/hr=0x00000000] window_ms=3002 total=0 WM_SETTINGCHANGE=0 WM_DISPLAYCHANGE=0 WM_THEMECHANGED=0 WM_DWMCOLORIZATIONCOLORCHANGED=0 WM_SYSCOLORCHANGE=0 other=0
2026-10-03T12:42:12.842+08:00 CYCLE n=459 label=set start=2026-10-03T12:42:09.830+08:00 sets=[mon1=A@+0.4ms/2.0ms/hr=0x00000000] window_ms=3003 total=0 WM_SETTINGCHANGE=0 WM_DISPLAYCHANGE=0 WM_THEMECHANGED=0 WM_DWMCOLORIZATIONCOLORCHANGED=0 WM_SYSCOLORCHANGE=0 other=0
2026-10-03T12:42:22.811+08:00 CYCLE n=460 label=set start=2026-10-03T12:42:19.799+08:00 sets=[mon1=B@+0.5ms/2.0ms/hr=0x00000000] window_ms=3003 total=0 WM_SETTINGCHANGE=0 WM_DISPLAYCHANGE=0 WM_THEMECHANGED=0 WM_DWMCOLORIZATIONCOLORCHANGED=0 WM_SYSCOLORCHANGE=0 other=0
2026-10-03T12:42:32.883+08:00 CYCLE n=461 label=set start=2026-10-03T12:42:29.872+08:00 sets=[mon1=A@+0.4ms/1.7ms/hr=0x00000000] window_ms=3002 total=0 WM_SETTINGCHANGE=0 WM_DISPLAYCHANGE=0 WM_THEMECHANGED=0 WM_DWMCOLORIZATIONCOLORCHANGED=0 WM_SYSCOLORCHANGE=0 other=0
2026-10-03T12:42:42.848+08:00 CYCLE n=462 label=set start=2026-10-03T12:42:39.837+08:00 sets=[mon1=B@+0.5ms/1.6ms/hr=0x00000000] window_ms=3002 total=0 WM_SETTINGCHANGE=0 WM_DISPLAYCHANGE=0 WM_THEMECHANGED=0 WM_DWMCOLORIZATIONCOLORCHANGED=0 WM_SYSCOLORCHANGE=0 other=0
2026-10-03T12:42:52.825+08:00 CYCLE n=463 label=set start=2026-10-03T12:42:49.813+08:00 sets=[mon1=A@+0.4ms/1.4ms/hr=0x00000000] window_ms=3002 total=0 WM_SETTINGCHANGE=0 WM_DISPLAYCHANGE=0 WM_THEMECHANGED=0 WM_DWMCOLORIZATIONCOLORCHANGED=0 WM_SYSCOLORCHANGE=0 other=0
2026-10-03T12:43:02.795+08:00 CYCLE n=464 label=set start=2026-10-03T12:42:59.783+08:00 sets=[mon1=B@+0.5ms/2.0ms/hr=0x00000000] window_ms=3003 total=0 WM_SETTINGCHANGE=0 WM_DISPLAYCHANGE=0 WM_THEMECHANGED=0 WM_DWMCOLORIZATIONCOLORCHANGED=0 WM_SYSCOLORCHANGE=0 other=0
2026-10-03T12:43:12.859+08:00 CYCLE n=465 label=set start=2026-10-03T12:43:09.847+08:00 sets=[mon1=A@+0.4ms/1.7ms/hr=0x00000000] window_ms=3002 total=0 WM_SETTINGCHANGE=0 WM_DISPLAYCHANGE=0 WM_THEMECHANGED=0 WM_DWMCOLORIZATIONCOLORCHANGED=0 WM_SYSCOLORCHANGE=0 other=0
2026-10-03T12:43:22.827+08:00 CYCLE n=466 label=set start=2026-10-03T12:43:19.815+08:00 sets=[mon1=B@+0.5ms/1.7ms/hr=0x00000000] window_ms=3002 total=0 WM_SETTINGCHANGE=0 WM_DISPLAYCHANGE=0 WM_THEMECHANGED=0 WM_DWMCOLORIZATIONCOLORCHANGED=0 WM_SYSCOLORCHANGE=0 other=0
2026-10-03T12:43:32.891+08:00 CYCLE n=467 label=set start=2026-10-03T12:43:29.879+08:00 sets=[mon1=A@+0.5ms/1.5ms/hr=0x00000000] window_ms=3002 total=0 WM_SETTINGCHANGE=0 WM_DISPLAYCHANGE=0 WM_THEMECHANGED=0 WM_DWMCOLORIZATIONCOLORCHANGED=0 WM_SYSCOLORCHANGE=0 other=0
2026-10-03T12:43:42.850+08:00 CYCLE n=468 label=set start=2026-10-03T12:43:39.837+08:00 sets=[mon1=B@+0.4ms/1.7ms/hr=0x00000000] window_ms=3002 total=0 WM_SETTINGCHANGE=0 WM_DISPLAYCHANGE=0 WM_THEMECHANGED=0 WM_DWMCOLORIZATIONCOLORCHANGED=0 WM_SYSCOLORCHANGE=0 other=0
2026-10-03T12:43:52.822+08:00 CYCLE n=469 label=set start=2026-10-03T12:43:49.810+08:00 sets=[mon1=A@+0.5ms/1.4ms/hr=0x00000000] window_ms=3002 total=0 WM_SETTINGCHANGE=0 WM_DISPLAYCHANGE=0 WM_THEMECHANGED=0 WM_DWMCOLORIZATIONCOLORCHANGED=0 WM_SYSCOLORCHANGE=0 other=0
2026-10-03T12:44:02.890+08:00 CYCLE n=470 label=set start=2026-10-03T12:43:59.879+08:00 sets=[mon1=B@+0.5ms/1.5ms/hr=0x00000000] window_ms=3002 total=0 WM_SETTINGCHANGE=0 WM_DISPLAYCHANGE=0 WM_THEMECHANGED=0 WM_DWMCOLORIZATIONCOLORCHANGED=0 WM_SYSCOLORCHANGE=0 other=0
2026-10-03T12:44:12.859+08:00 CYCLE n=471 label=set start=2026-10-03T12:44:09.847+08:00 sets=[mon1=A@+0.6ms/1.8ms/hr=0x00000000] window_ms=3003 total=0 WM_SETTINGCHANGE=0 WM_DISPLAYCHANGE=0 WM_THEMECHANGED=0 WM_DWMCOLORIZATIONCOLORCHANGED=0 WM_SYSCOLORCHANGE=0 other=0
2026-10-03T12:44:22.830+08:00 CYCLE n=472 label=set start=2026-10-03T12:44:19.817+08:00 sets=[mon1=B@+0.4ms/1.9ms/hr=0x00000000] window_ms=3003 total=0 WM_SETTINGCHANGE=0 WM_DISPLAYCHANGE=0 WM_THEMECHANGED=0 WM_DWMCOLORIZATIONCOLORCHANGED=0 WM_SYSCOLORCHANGE=0 other=0
2026-10-03T12:44:32.798+08:00 CYCLE n=473 label=set start=2026-10-03T12:44:29.785+08:00 sets=[mon1=A@+0.5ms/1.6ms/hr=0x00000000] window_ms=3002 total=0 WM_SETTINGCHANGE=0 WM_DISPLAYCHANGE=0 WM_THEMECHANGED=0 WM_DWMCOLORIZATIONCOLORCHANGED=0 WM_SYSCOLORCHANGE=0 other=0
2026-10-03T12:44:42.866+08:00 CYCLE n=474 label=set start=2026-10-03T12:44:39.854+08:00 sets=[mon1=B@+0.5ms/2.1ms/hr=0x00000000] window_ms=3003 total=0 WM_SETTINGCHANGE=0 WM_DISPLAYCHANGE=0 WM_THEMECHANGED=0 WM_DWMCOLORIZATIONCOLORCHANGED=0 WM_SYSCOLORCHANGE=0 other=0
2026-10-03T12:44:52.825+08:00 CYCLE n=475 label=set start=2026-10-03T12:44:49.813+08:00 sets=[mon1=A@+0.5ms/1.8ms/hr=0x00000000] window_ms=3003 total=0 WM_SETTINGCHANGE=0 WM_DISPLAYCHANGE=0 WM_THEMECHANGED=0 WM_DWMCOLORIZATIONCOLORCHANGED=0 WM_SYSCOLORCHANGE=0 other=0
2026-10-03T12:45:02.838+08:00 CYCLE n=476 label=set start=2026-10-03T12:44:59.785+08:00 sets=[mon1=B@+0.7ms/2.2ms/hr=0x00000000] window_ms=3003 total=0 WM_SETTINGCHANGE=0 WM_DISPLAYCHANGE=0 WM_THEMECHANGED=0 WM_DWMCOLORIZATIONCOLORCHANGED=0 WM_SYSCOLORCHANGE=0 other=0
2026-10-03T12:45:12.809+08:00 CYCLE n=477 label=set start=2026-10-03T12:45:09.791+08:00 sets=[mon1=A@+0.5ms/1.5ms/hr=0x00000000] window_ms=3002 total=0 WM_SETTINGCHANGE=0 WM_DISPLAYCHANGE=0 WM_THEMECHANGED=0 WM_DWMCOLORIZATIONCOLORCHANGED=0 WM_SYSCOLORCHANGE=0 other=0
2026-10-03T12:45:22.872+08:00 CYCLE n=478 label=set start=2026-10-03T12:45:19.860+08:00 sets=[mon1=B@+0.7ms/1.4ms/hr=0x00000000] window_ms=3002 total=0 WM_SETTINGCHANGE=0 WM_DISPLAYCHANGE=0 WM_THEMECHANGED=0 WM_DWMCOLORIZATIONCOLORCHANGED=0 WM_SYSCOLORCHANGE=0 other=0
2026-10-03T12:45:32.842+08:00 CYCLE n=479 label=set start=2026-10-03T12:45:29.829+08:00 sets=[mon1=A@+0.8ms/1.5ms/hr=0x00000000] window_ms=3003 total=0 WM_SETTINGCHANGE=0 WM_DISPLAYCHANGE=0 WM_THEMECHANGED=0 WM_DWMCOLORIZATIONCOLORCHANGED=0 WM_SYSCOLORCHANGE=0 other=0
2026-10-03T12:45:42.812+08:00 CYCLE n=480 label=set start=2026-10-03T12:45:39.800+08:00 sets=[mon1=B@+0.5ms/2.1ms/hr=0x00000000] window_ms=3003 total=0 WM_SETTINGCHANGE=0 WM_DISPLAYCHANGE=0 WM_THEMECHANGED=0 WM_DWMCOLORIZATIONCOLORCHANGED=0 WM_SYSCOLORCHANGE=0 other=0
2026-10-03T12:45:52.881+08:00 CYCLE n=481 label=set start=2026-10-03T12:45:49.868+08:00 sets=[mon1=A@+0.7ms/2.1ms/hr=0x00000000] window_ms=3003 total=0 WM_SETTINGCHANGE=0 WM_DISPLAYCHANGE=0 WM_THEMECHANGED=0 WM_DWMCOLORIZATIONCOLORCHANGED=0 WM_SYSCOLORCHANGE=0 other=0
2026-10-03T12:46:02.851+08:00 CYCLE n=482 label=set start=2026-10-03T12:45:59.838+08:00 sets=[mon1=B@+0.8ms/1.9ms/hr=0x00000000] window_ms=3003 total=0 WM_SETTINGCHANGE=0 WM_DISPLAYCHANGE=0 WM_THEMECHANGED=0 WM_DWMCOLORIZATIONCOLORCHANGED=0 WM_SYSCOLORCHANGE=0 other=0
2026-10-03T12:46:12.818+08:00 CYCLE n=483 label=set start=2026-10-03T12:46:09.805+08:00 sets=[mon1=A@+0.4ms/2.1ms/hr=0x00000000] window_ms=3003 total=0 WM_SETTINGCHANGE=0 WM_DISPLAYCHANGE=0 WM_THEMECHANGED=0 WM_DWMCOLORIZATIONCOLORCHANGED=0 WM_SYSCOLORCHANGE=0 other=0
2026-10-03T12:46:22.892+08:00 CYCLE n=484 label=set start=2026-10-03T12:46:19.879+08:00 sets=[mon1=B@+0.4ms/1.6ms/hr=0x00000000] window_ms=3002 total=0 WM_SETTINGCHANGE=0 WM_DISPLAYCHANGE=0 WM_THEMECHANGED=0 WM_DWMCOLORIZATIONCOLORCHANGED=0 WM_SYSCOLORCHANGE=0 other=0
2026-10-03T12:46:32.860+08:00 CYCLE n=485 label=set start=2026-10-03T12:46:29.848+08:00 sets=[mon1=A@+0.4ms/1.4ms/hr=0x00000000] window_ms=3002 total=0 WM_SETTINGCHANGE=0 WM_DISPLAYCHANGE=0 WM_THEMECHANGED=0 WM_DWMCOLORIZATIONCOLORCHANGED=0 WM_SYSCOLORCHANGE=0 other=0
2026-10-03T12:46:42.826+08:00 CYCLE n=486 label=set start=2026-10-03T12:46:39.814+08:00 sets=[mon1=B@+0.5ms/1.9ms/hr=0x00000000] window_ms=3003 total=0 WM_SETTINGCHANGE=0 WM_DISPLAYCHANGE=0 WM_THEMECHANGED=0 WM_DWMCOLORIZATIONCOLORCHANGED=0 WM_SYSCOLORCHANGE=0 other=0
2026-10-03T12:46:52.795+08:00 CYCLE n=487 label=set start=2026-10-03T12:46:49.782+08:00 sets=[mon1=A@+0.7ms/1.5ms/hr=0x00000000] window_ms=3002 total=0 WM_SETTINGCHANGE=0 WM_DISPLAYCHANGE=0 WM_THEMECHANGED=0 WM_DWMCOLORIZATIONCOLORCHANGED=0 WM_SYSCOLORCHANGE=0 other=0
2026-10-03T12:47:02.863+08:00 CYCLE n=488 label=set start=2026-10-03T12:46:59.849+08:00 sets=[mon1=B@+0.4ms/2.2ms/hr=0x00000000] window_ms=3003 total=0 WM_SETTINGCHANGE=0 WM_DISPLAYCHANGE=0 WM_THEMECHANGED=0 WM_DWMCOLORIZATIONCOLORCHANGED=0 WM_SYSCOLORCHANGE=0 other=0
2026-10-03T12:47:12.834+08:00 CYCLE n=489 label=set start=2026-10-03T12:47:09.823+08:00 sets=[mon1=A@+0.5ms/1.3ms/hr=0x00000000] window_ms=3002 total=0 WM_SETTINGCHANGE=0 WM_DISPLAYCHANGE=0 WM_THEMECHANGED=0 WM_DWMCOLORIZATIONCOLORCHANGED=0 WM_SYSCOLORCHANGE=0 other=0
2026-10-03T12:47:22.798+08:00 CYCLE n=490 label=set start=2026-10-03T12:47:19.787+08:00 sets=[mon1=B@+0.7ms/1.5ms/hr=0x00000000] window_ms=3002 total=0 WM_SETTINGCHANGE=0 WM_DISPLAYCHANGE=0 WM_THEMECHANGED=0 WM_DWMCOLORIZATIONCOLORCHANGED=0 WM_SYSCOLORCHANGE=0 other=0
2026-10-03T12:47:32.872+08:00 CYCLE n=491 label=set start=2026-10-03T12:47:29.857+08:00 sets=[mon1=A@+0.5ms/1.6ms/hr=0x00000000] window_ms=3002 total=0 WM_SETTINGCHANGE=0 WM_DISPLAYCHANGE=0 WM_THEMECHANGED=0 WM_DWMCOLORIZATIONCOLORCHANGED=0 WM_SYSCOLORCHANGE=0 other=0
2026-10-03T12:47:42.835+08:00 CYCLE n=492 label=set start=2026-10-03T12:47:39.821+08:00 sets=[mon1=B@+0.6ms/1.8ms/hr=0x00000000] window_ms=3003 total=0 WM_SETTINGCHANGE=0 WM_DISPLAYCHANGE=0 WM_THEMECHANGED=0 WM_DWMCOLORIZATIONCOLORCHANGED=0 WM_SYSCOLORCHANGE=0 other=0
2026-10-03T12:47:52.798+08:00 CYCLE n=493 label=set start=2026-10-03T12:47:49.785+08:00 sets=[mon1=A@+0.7ms/2.2ms/hr=0x00000000] window_ms=3003 total=0 WM_SETTINGCHANGE=0 WM_DISPLAYCHANGE=0 WM_THEMECHANGED=0 WM_DWMCOLORIZATIONCOLORCHANGED=0 WM_SYSCOLORCHANGE=0 other=0
2026-10-03T12:48:02.863+08:00 CYCLE n=494 label=set start=2026-10-03T12:47:59.850+08:00 sets=[mon1=B@+0.6ms/2.1ms/hr=0x00000000] window_ms=3003 total=0 WM_SETTINGCHANGE=0 WM_DISPLAYCHANGE=0 WM_THEMECHANGED=0 WM_DWMCOLORIZATIONCOLORCHANGED=0 WM_SYSCOLORCHANGE=0 other=0
2026-10-03T12:48:12.833+08:00 CYCLE n=495 label=set start=2026-10-03T12:48:09.820+08:00 sets=[mon1=A@+0.4ms/1.9ms/hr=0x00000000] window_ms=3003 total=0 WM_SETTINGCHANGE=0 WM_DISPLAYCHANGE=0 WM_THEMECHANGED=0 WM_DWMCOLORIZATIONCOLORCHANGED=0 WM_SYSCOLORCHANGE=0 other=0
2026-10-03T12:48:22.802+08:00 CYCLE n=496 label=set start=2026-10-03T12:48:19.788+08:00 sets=[mon1=B@+0.5ms/2.1ms/hr=0x00000000] window_ms=3003 total=0 WM_SETTINGCHANGE=0 WM_DISPLAYCHANGE=0 WM_THEMECHANGED=0 WM_DWMCOLORIZATIONCOLORCHANGED=0 WM_SYSCOLORCHANGE=0 other=0
2026-10-03T12:48:32.872+08:00 CYCLE n=497 label=set start=2026-10-03T12:48:29.858+08:00 sets=[mon1=A@+0.4ms/2.1ms/hr=0x00000000] window_ms=3003 total=0 WM_SETTINGCHANGE=0 WM_DISPLAYCHANGE=0 WM_THEMECHANGED=0 WM_DWMCOLORIZATIONCOLORCHANGED=0 WM_SYSCOLORCHANGE=0 other=0
2026-10-03T12:48:42.834+08:00 CYCLE n=498 label=set start=2026-10-03T12:48:39.822+08:00 sets=[mon1=B@+0.4ms/1.9ms/hr=0x00000000] window_ms=3002 total=0 WM_SETTINGCHANGE=0 WM_DISPLAYCHANGE=0 WM_THEMECHANGED=0 WM_DWMCOLORIZATIONCOLORCHANGED=0 WM_SYSCOLORCHANGE=0 other=0
2026-10-03T12:48:52.797+08:00 CYCLE n=499 label=set start=2026-10-03T12:48:49.784+08:00 sets=[mon1=A@+0.5ms/1.6ms/hr=0x00000000] window_ms=3003 total=0 WM_SETTINGCHANGE=0 WM_DISPLAYCHANGE=0 WM_THEMECHANGED=0 WM_DWMCOLORIZATIONCOLORCHANGED=0 WM_SYSCOLORCHANGE=0 other=0
2026-10-03T12:49:02.869+08:00 CYCLE n=500 label=set start=2026-10-03T12:48:59.857+08:00 sets=[mon1=B@+0.3ms/1.8ms/hr=0x00000000] window_ms=3002 total=0 WM_SETTINGCHANGE=0 WM_DISPLAYCHANGE=0 WM_THEMECHANGED=0 WM_DWMCOLORIZATIONCOLORCHANGED=0 WM_SYSCOLORCHANGE=0 other=0
2026-10-03T12:49:12.840+08:00 CYCLE n=501 label=set start=2026-10-03T12:49:09.828+08:00 sets=[mon1=A@+0.4ms/2.1ms/hr=0x00000000] window_ms=3003 total=0 WM_SETTINGCHANGE=0 WM_DISPLAYCHANGE=0 WM_THEMECHANGED=0 WM_DWMCOLORIZATIONCOLORCHANGED=0 WM_SYSCOLORCHANGE=0 other=0
2026-10-03T12:49:22.805+08:00 CYCLE n=502 label=set start=2026-10-03T12:49:19.792+08:00 sets=[mon1=B@+0.7ms/1.6ms/hr=0x00000000] window_ms=3003 total=0 WM_SETTINGCHANGE=0 WM_DISPLAYCHANGE=0 WM_THEMECHANGED=0 WM_DWMCOLORIZATIONCOLORCHANGED=0 WM_SYSCOLORCHANGE=0 other=0
2026-10-03T12:49:32.878+08:00 CYCLE n=503 label=set start=2026-10-03T12:49:29.864+08:00 sets=[mon1=A@+0.4ms/2.0ms/hr=0x00000000] window_ms=3003 total=0 WM_SETTINGCHANGE=0 WM_DISPLAYCHANGE=0 WM_THEMECHANGED=0 WM_DWMCOLORIZATIONCOLORCHANGED=0 WM_SYSCOLORCHANGE=0 other=0
2026-10-03T12:49:42.841+08:00 CYCLE n=504 label=set start=2026-10-03T12:49:39.828+08:00 sets=[mon1=B@+0.8ms/2.1ms/hr=0x00000000] window_ms=3003 total=0 WM_SETTINGCHANGE=0 WM_DISPLAYCHANGE=0 WM_THEMECHANGED=0 WM_DWMCOLORIZATIONCOLORCHANGED=0 WM_SYSCOLORCHANGE=0 other=0
2026-10-03T12:49:52.815+08:00 CYCLE n=505 label=set start=2026-10-03T12:49:49.801+08:00 sets=[mon1=A@+0.4ms/2.2ms/hr=0x00000000] window_ms=3003 total=0 WM_SETTINGCHANGE=0 WM_DISPLAYCHANGE=0 WM_THEMECHANGED=0 WM_DWMCOLORIZATIONCOLORCHANGED=0 WM_SYSCOLORCHANGE=0 other=0
2026-10-03T12:50:02.871+08:00 CYCLE n=506 label=set start=2026-10-03T12:49:59.858+08:00 sets=[mon1=B@+0.4ms/2.2ms/hr=0x00000000] window_ms=3003 total=0 WM_SETTINGCHANGE=0 WM_DISPLAYCHANGE=0 WM_THEMECHANGED=0 WM_DWMCOLORIZATIONCOLORCHANGED=0 WM_SYSCOLORCHANGE=0 other=0
2026-10-03T12:50:12.831+08:00 CYCLE n=507 label=set start=2026-10-03T12:50:09.817+08:00 sets=[mon1=A@+0.5ms/1.6ms/hr=0x00000000] window_ms=3002 total=0 WM_SETTINGCHANGE=0 WM_DISPLAYCHANGE=0 WM_THEMECHANGED=0 WM_DWMCOLORIZATIONCOLORCHANGED=0 WM_SYSCOLORCHANGE=0 other=0
2026-10-03T12:50:22.801+08:00 CYCLE n=508 label=set start=2026-10-03T12:50:19.789+08:00 sets=[mon1=B@+0.6ms/1.3ms/hr=0x00000000] window_ms=3002 total=0 WM_SETTINGCHANGE=0 WM_DISPLAYCHANGE=0 WM_THEMECHANGED=0 WM_DWMCOLORIZATIONCOLORCHANGED=0 WM_SYSCOLORCHANGE=0 other=0
2026-10-03T12:50:32.864+08:00 CYCLE n=509 label=set start=2026-10-03T12:50:29.852+08:00 sets=[mon1=A@+0.8ms/2.3ms/hr=0x00000000] window_ms=3003 total=0 WM_SETTINGCHANGE=0 WM_DISPLAYCHANGE=0 WM_THEMECHANGED=0 WM_DWMCOLORIZATIONCOLORCHANGED=0 WM_SYSCOLORCHANGE=0 other=0
2026-10-03T12:50:42.822+08:00 CYCLE n=510 label=set start=2026-10-03T12:50:39.808+08:00 sets=[mon1=B@+0.9ms/2.4ms/hr=0x00000000] window_ms=3004 total=0 WM_SETTINGCHANGE=0 WM_DISPLAYCHANGE=0 WM_THEMECHANGED=0 WM_DWMCOLORIZATIONCOLORCHANGED=0 WM_SYSCOLORCHANGE=0 other=0
2026-10-03T12:50:52.889+08:00 CYCLE n=511 label=set start=2026-10-03T12:50:49.874+08:00 sets=[mon1=A@+0.7ms/2.5ms/hr=0x00000000] window_ms=3004 total=0 WM_SETTINGCHANGE=0 WM_DISPLAYCHANGE=0 WM_THEMECHANGED=0 WM_DWMCOLORIZATIONCOLORCHANGED=0 WM_SYSCOLORCHANGE=0 other=0
2026-10-03T12:51:02.862+08:00 CYCLE n=512 label=set start=2026-10-03T12:50:59.848+08:00 sets=[mon1=B@+0.4ms/2.0ms/hr=0x00000000] window_ms=3003 total=0 WM_SETTINGCHANGE=0 WM_DISPLAYCHANGE=0 WM_THEMECHANGED=0 WM_DWMCOLORIZATIONCOLORCHANGED=0 WM_SYSCOLORCHANGE=0 other=0
2026-10-03T12:51:12.820+08:00 CYCLE n=513 label=set start=2026-10-03T12:51:09.809+08:00 sets=[mon1=A@+0.6ms/1.9ms/hr=0x00000000] window_ms=3003 total=0 WM_SETTINGCHANGE=0 WM_DISPLAYCHANGE=0 WM_THEMECHANGED=0 WM_DWMCOLORIZATIONCOLORCHANGED=0 WM_SYSCOLORCHANGE=0 other=0
2026-10-03T12:51:22.889+08:00 CYCLE n=514 label=set start=2026-10-03T12:51:19.877+08:00 sets=[mon1=B@+0.4ms/1.5ms/hr=0x00000000] window_ms=3002 total=0 WM_SETTINGCHANGE=0 WM_DISPLAYCHANGE=0 WM_THEMECHANGED=0 WM_DWMCOLORIZATIONCOLORCHANGED=0 WM_SYSCOLORCHANGE=0 other=0
2026-10-03T12:51:32.855+08:00 CYCLE n=515 label=set start=2026-10-03T12:51:29.842+08:00 sets=[mon1=A@+0.4ms/2.4ms/hr=0x00000000] window_ms=3003 total=0 WM_SETTINGCHANGE=0 WM_DISPLAYCHANGE=0 WM_THEMECHANGED=0 WM_DWMCOLORIZATIONCOLORCHANGED=0 WM_SYSCOLORCHANGE=0 other=0
2026-10-03T12:51:42.827+08:00 CYCLE n=516 label=set start=2026-10-03T12:51:39.816+08:00 sets=[mon1=B@+0.8ms/2.5ms/hr=0x00000000] window_ms=3004 total=0 WM_SETTINGCHANGE=0 WM_DISPLAYCHANGE=0 WM_THEMECHANGED=0 WM_DWMCOLORIZATIONCOLORCHANGED=0 WM_SYSCOLORCHANGE=0 other=0
2026-10-03T12:51:52.797+08:00 CYCLE n=517 label=set start=2026-10-03T12:51:49.783+08:00 sets=[mon1=A@+0.8ms/2.2ms/hr=0x00000000] window_ms=3003 total=0 WM_SETTINGCHANGE=0 WM_DISPLAYCHANGE=0 WM_THEMECHANGED=0 WM_DWMCOLORIZATIONCOLORCHANGED=0 WM_SYSCOLORCHANGE=0 other=0
2026-10-03T12:52:02.860+08:00 CYCLE n=518 label=set start=2026-10-03T12:51:59.847+08:00 sets=[mon1=B@+0.5ms/1.7ms/hr=0x00000000] window_ms=3002 total=0 WM_SETTINGCHANGE=0 WM_DISPLAYCHANGE=0 WM_THEMECHANGED=0 WM_DWMCOLORIZATIONCOLORCHANGED=0 WM_SYSCOLORCHANGE=0 other=0
2026-10-03T12:52:12.835+08:00 CYCLE n=519 label=set start=2026-10-03T12:52:09.820+08:00 sets=[mon1=A@+0.9ms/2.6ms/hr=0x00000000] window_ms=3004 total=0 WM_SETTINGCHANGE=0 WM_DISPLAYCHANGE=0 WM_THEMECHANGED=0 WM_DWMCOLORIZATIONCOLORCHANGED=0 WM_SYSCOLORCHANGE=0 other=0
2026-10-03T12:52:22.804+08:00 CYCLE n=520 label=set start=2026-10-03T12:52:19.791+08:00 sets=[mon1=B@+0.5ms/1.9ms/hr=0x00000000] window_ms=3003 total=0 WM_SETTINGCHANGE=0 WM_DISPLAYCHANGE=0 WM_THEMECHANGED=0 WM_DWMCOLORIZATIONCOLORCHANGED=0 WM_SYSCOLORCHANGE=0 other=0
2026-10-03T12:52:32.866+08:00 CYCLE n=521 label=set start=2026-10-03T12:52:29.854+08:00 sets=[mon1=A@+0.5ms/2.0ms/hr=0x00000000] window_ms=3003 total=0 WM_SETTINGCHANGE=0 WM_DISPLAYCHANGE=0 WM_THEMECHANGED=0 WM_DWMCOLORIZATIONCOLORCHANGED=0 WM_SYSCOLORCHANGE=0 other=0
2026-10-03T12:52:42.866+08:00 CYCLE n=522 label=set start=2026-10-03T12:52:39.824+08:00 sets=[mon1=B@+0.7ms/2.1ms/hr=0x00000000] window_ms=3003 total=0 WM_SETTINGCHANGE=0 WM_DISPLAYCHANGE=0 WM_THEMECHANGED=0 WM_DWMCOLORIZATIONCOLORCHANGED=0 WM_SYSCOLORCHANGE=0 other=0
2026-10-03T12:52:52.850+08:00 CYCLE n=523 label=set start=2026-10-03T12:52:49.837+08:00 sets=[mon1=A@+0.4ms/1.8ms/hr=0x00000000] window_ms=3002 total=0 WM_SETTINGCHANGE=0 WM_DISPLAYCHANGE=0 WM_THEMECHANGED=0 WM_DWMCOLORIZATIONCOLORCHANGED=0 WM_SYSCOLORCHANGE=0 other=0
2026-10-03T12:53:02.821+08:00 CYCLE n=524 label=set start=2026-10-03T12:52:59.809+08:00 sets=[mon1=B@+0.6ms/1.7ms/hr=0x00000000] window_ms=3003 total=0 WM_SETTINGCHANGE=0 WM_DISPLAYCHANGE=0 WM_THEMECHANGED=0 WM_DWMCOLORIZATIONCOLORCHANGED=0 WM_SYSCOLORCHANGE=0 other=0
2026-10-03T12:53:12.889+08:00 CYCLE n=525 label=set start=2026-10-03T12:53:09.876+08:00 sets=[mon1=A@+0.4ms/1.8ms/hr=0x00000000] window_ms=3002 total=0 WM_SETTINGCHANGE=0 WM_DISPLAYCHANGE=0 WM_THEMECHANGED=0 WM_DWMCOLORIZATIONCOLORCHANGED=0 WM_SYSCOLORCHANGE=0 other=0
2026-10-03T12:53:22.858+08:00 CYCLE n=526 label=set start=2026-10-03T12:53:19.847+08:00 sets=[mon1=B@+0.5ms/1.8ms/hr=0x00000000] window_ms=3002 total=0 WM_SETTINGCHANGE=0 WM_DISPLAYCHANGE=0 WM_THEMECHANGED=0 WM_DWMCOLORIZATIONCOLORCHANGED=0 WM_SYSCOLORCHANGE=0 other=0
2026-10-03T12:53:32.830+08:00 CYCLE n=527 label=set start=2026-10-03T12:53:29.816+08:00 sets=[mon1=A@+1.1ms/1.7ms/hr=0x00000000] window_ms=3003 total=0 WM_SETTINGCHANGE=0 WM_DISPLAYCHANGE=0 WM_THEMECHANGED=0 WM_DWMCOLORIZATIONCOLORCHANGED=0 WM_SYSCOLORCHANGE=0 other=0
2026-10-03T12:53:42.817+08:00 CYCLE n=528 label=set start=2026-10-03T12:53:39.805+08:00 sets=[mon1=B@+0.5ms/2.0ms/hr=0x00000000] window_ms=3003 total=0 WM_SETTINGCHANGE=0 WM_DISPLAYCHANGE=0 WM_THEMECHANGED=0 WM_DWMCOLORIZATIONCOLORCHANGED=0 WM_SYSCOLORCHANGE=0 other=0
2026-10-03T12:53:52.888+08:00 CYCLE n=529 label=set start=2026-10-03T12:53:49.877+08:00 sets=[mon1=A@+0.5ms/1.7ms/hr=0x00000000] window_ms=3002 total=0 WM_SETTINGCHANGE=0 WM_DISPLAYCHANGE=0 WM_THEMECHANGED=0 WM_DWMCOLORIZATIONCOLORCHANGED=0 WM_SYSCOLORCHANGE=0 other=0
2026-10-03T12:54:02.934+08:00 CYCLE n=530 label=set start=2026-10-03T12:53:59.858+08:00 sets=[mon1=B@+0.7ms/2.7ms/hr=0x00000000] window_ms=3004 total=0 WM_SETTINGCHANGE=0 WM_DISPLAYCHANGE=0 WM_THEMECHANGED=0 WM_DWMCOLORIZATIONCOLORCHANGED=0 WM_SYSCOLORCHANGE=0 other=0
2026-10-03T12:54:12.807+08:00 CYCLE n=531 label=set start=2026-10-03T12:54:09.791+08:00 sets=[mon1=A@+1.1ms/2.4ms/hr=0x00000000] window_ms=3004 total=0 WM_SETTINGCHANGE=0 WM_DISPLAYCHANGE=0 WM_THEMECHANGED=0 WM_DWMCOLORIZATIONCOLORCHANGED=0 WM_SYSCOLORCHANGE=0 other=0
2026-10-03T12:54:22.884+08:00 CYCLE n=532 label=set start=2026-10-03T12:54:19.870+08:00 sets=[mon1=B@+1.0ms/2.7ms/hr=0x00000000] window_ms=3004 total=0 WM_SETTINGCHANGE=0 WM_DISPLAYCHANGE=0 WM_THEMECHANGED=0 WM_DWMCOLORIZATIONCOLORCHANGED=0 WM_SYSCOLORCHANGE=0 other=0
2026-10-03T12:54:32.846+08:00 CYCLE n=533 label=set start=2026-10-03T12:54:29.834+08:00 sets=[mon1=A@+0.5ms/1.9ms/hr=0x00000000] window_ms=3003 total=0 WM_SETTINGCHANGE=0 WM_DISPLAYCHANGE=0 WM_THEMECHANGED=0 WM_DWMCOLORIZATIONCOLORCHANGED=0 WM_SYSCOLORCHANGE=0 other=0
2026-10-03T12:54:42.811+08:00 CYCLE n=534 label=set start=2026-10-03T12:54:39.796+08:00 sets=[mon1=B@+0.4ms/2.6ms/hr=0x00000000] window_ms=3004 total=0 WM_SETTINGCHANGE=0 WM_DISPLAYCHANGE=0 WM_THEMECHANGED=0 WM_DWMCOLORIZATIONCOLORCHANGED=0 WM_SYSCOLORCHANGE=0 other=0
2026-10-03T12:54:52.880+08:00 CYCLE n=535 label=set start=2026-10-03T12:54:49.868+08:00 sets=[mon1=A@+0.5ms/2.0ms/hr=0x00000000] window_ms=3003 total=0 WM_SETTINGCHANGE=0 WM_DISPLAYCHANGE=0 WM_THEMECHANGED=0 WM_DWMCOLORIZATIONCOLORCHANGED=0 WM_SYSCOLORCHANGE=0 other=0
2026-10-03T12:55:02.849+08:00 CYCLE n=536 label=set start=2026-10-03T12:54:59.836+08:00 sets=[mon1=B@+0.5ms/2.6ms/hr=0x00000000] window_ms=3003 total=0 WM_SETTINGCHANGE=0 WM_DISPLAYCHANGE=0 WM_THEMECHANGED=0 WM_DWMCOLORIZATIONCOLORCHANGED=0 WM_SYSCOLORCHANGE=0 other=0
2026-10-03T12:55:12.815+08:00 CYCLE n=537 label=set start=2026-10-03T12:55:09.803+08:00 sets=[mon1=A@+0.4ms/1.4ms/hr=0x00000000] window_ms=3002 total=0 WM_SETTINGCHANGE=0 WM_DISPLAYCHANGE=0 WM_THEMECHANGED=0 WM_DWMCOLORIZATIONCOLORCHANGED=0 WM_SYSCOLORCHANGE=0 other=0
2026-10-03T12:55:22.886+08:00 CYCLE n=538 label=set start=2026-10-03T12:55:19.873+08:00 sets=[mon1=B@+0.5ms/2.0ms/hr=0x00000000] window_ms=3003 total=0 WM_SETTINGCHANGE=0 WM_DISPLAYCHANGE=0 WM_THEMECHANGED=0 WM_DWMCOLORIZATIONCOLORCHANGED=0 WM_SYSCOLORCHANGE=0 other=0
2026-10-03T12:55:32.857+08:00 CYCLE n=539 label=set start=2026-10-03T12:55:29.846+08:00 sets=[mon1=A@+0.4ms/1.4ms/hr=0x00000000] window_ms=3002 total=0 WM_SETTINGCHANGE=0 WM_DISPLAYCHANGE=0 WM_THEMECHANGED=0 WM_DWMCOLORIZATIONCOLORCHANGED=0 WM_SYSCOLORCHANGE=0 other=0
2026-10-03T12:55:42.826+08:00 CYCLE n=540 label=set start=2026-10-03T12:55:39.813+08:00 sets=[mon1=B@+0.5ms/1.3ms/hr=0x00000000] window_ms=3002 total=0 WM_SETTINGCHANGE=0 WM_DISPLAYCHANGE=0 WM_THEMECHANGED=0 WM_DWMCOLORIZATIONCOLORCHANGED=0 WM_SYSCOLORCHANGE=0 other=0
2026-10-03T12:55:52.798+08:00 CYCLE n=541 label=set start=2026-10-03T12:55:49.785+08:00 sets=[mon1=A@+0.4ms/2.0ms/hr=0x00000000] window_ms=3003 total=0 WM_SETTINGCHANGE=0 WM_DISPLAYCHANGE=0 WM_THEMECHANGED=0 WM_DWMCOLORIZATIONCOLORCHANGED=0 WM_SYSCOLORCHANGE=0 other=0
2026-10-03T12:56:02.870+08:00 CYCLE n=542 label=set start=2026-10-03T12:55:59.858+08:00 sets=[mon1=B@+0.9ms/1.7ms/hr=0x00000000] window_ms=3003 total=0 WM_SETTINGCHANGE=0 WM_DISPLAYCHANGE=0 WM_THEMECHANGED=0 WM_DWMCOLORIZATIONCOLORCHANGED=0 WM_SYSCOLORCHANGE=0 other=0
2026-10-03T12:56:12.840+08:00 CYCLE n=543 label=set start=2026-10-03T12:56:09.827+08:00 sets=[mon1=A@+0.4ms/2.0ms/hr=0x00000000] window_ms=3003 total=0 WM_SETTINGCHANGE=0 WM_DISPLAYCHANGE=0 WM_THEMECHANGED=0 WM_DWMCOLORIZATIONCOLORCHANGED=0 WM_SYSCOLORCHANGE=0 other=0
2026-10-03T12:56:22.813+08:00 CYCLE n=544 label=set start=2026-10-03T12:56:19.800+08:00 sets=[mon1=B@+0.6ms/1.4ms/hr=0x00000000] window_ms=3002 total=0 WM_SETTINGCHANGE=0 WM_DISPLAYCHANGE=0 WM_THEMECHANGED=0 WM_DWMCOLORIZATIONCOLORCHANGED=0 WM_SYSCOLORCHANGE=0 other=0
2026-10-03T12:56:32.874+08:00 CYCLE n=545 label=set start=2026-10-03T12:56:29.860+08:00 sets=[mon1=A@+0.4ms/1.9ms/hr=0x00000000] window_ms=3003 total=0 WM_SETTINGCHANGE=0 WM_DISPLAYCHANGE=0 WM_THEMECHANGED=0 WM_DWMCOLORIZATIONCOLORCHANGED=0 WM_SYSCOLORCHANGE=0 other=0
2026-10-03T12:56:42.840+08:00 CYCLE n=546 label=set start=2026-10-03T12:56:39.828+08:00 sets=[mon1=B@+0.4ms/1.9ms/hr=0x00000000] window_ms=3003 total=0 WM_SETTINGCHANGE=0 WM_DISPLAYCHANGE=0 WM_THEMECHANGED=0 WM_DWMCOLORIZATIONCOLORCHANGED=0 WM_SYSCOLORCHANGE=0 other=0
2026-10-03T12:56:52.814+08:00 CYCLE n=547 label=set start=2026-10-03T12:56:49.803+08:00 sets=[mon1=A@+0.4ms/1.6ms/hr=0x00000000] window_ms=3002 total=0 WM_SETTINGCHANGE=0 WM_DISPLAYCHANGE=0 WM_THEMECHANGED=0 WM_DWMCOLORIZATIONCOLORCHANGED=0 WM_SYSCOLORCHANGE=0 other=0
2026-10-03T12:57:02.888+08:00 CYCLE n=548 label=set start=2026-10-03T12:56:59.876+08:00 sets=[mon1=B@+0.5ms/1.3ms/hr=0x00000000] window_ms=3002 total=0 WM_SETTINGCHANGE=0 WM_DISPLAYCHANGE=0 WM_THEMECHANGED=0 WM_DWMCOLORIZATIONCOLORCHANGED=0 WM_SYSCOLORCHANGE=0 other=0
2026-10-03T12:57:12.862+08:00 CYCLE n=549 label=set start=2026-10-03T12:57:09.850+08:00 sets=[mon1=A@+0.5ms/1.8ms/hr=0x00000000] window_ms=3003 total=0 WM_SETTINGCHANGE=0 WM_DISPLAYCHANGE=0 WM_THEMECHANGED=0 WM_DWMCOLORIZATIONCOLORCHANGED=0 WM_SYSCOLORCHANGE=0 other=0
2026-10-03T12:57:22.835+08:00 CYCLE n=550 label=set start=2026-10-03T12:57:19.822+08:00 sets=[mon1=B@+0.8ms/2.1ms/hr=0x00000000] window_ms=3003 total=0 WM_SETTINGCHANGE=0 WM_DISPLAYCHANGE=0 WM_THEMECHANGED=0 WM_DWMCOLORIZATIONCOLORCHANGED=0 WM_SYSCOLORCHANGE=0 other=0
2026-10-03T12:57:32.800+08:00 CYCLE n=551 label=set start=2026-10-03T12:57:29.788+08:00 sets=[mon1=A@+0.5ms/1.8ms/hr=0x00000000] window_ms=3003 total=0 WM_SETTINGCHANGE=0 WM_DISPLAYCHANGE=0 WM_THEMECHANGED=0 WM_DWMCOLORIZATIONCOLORCHANGED=0 WM_SYSCOLORCHANGE=0 other=0
2026-10-03T12:57:42.867+08:00 CYCLE n=552 label=set start=2026-10-03T12:57:39.853+08:00 sets=[mon1=B@+0.9ms/2.3ms/hr=0x00000000] window_ms=3003 total=0 WM_SETTINGCHANGE=0 WM_DISPLAYCHANGE=0 WM_THEMECHANGED=0 WM_DWMCOLORIZATIONCOLORCHANGED=0 WM_SYSCOLORCHANGE=0 other=0
2026-10-03T12:57:52.835+08:00 CYCLE n=553 label=set start=2026-10-03T12:57:49.823+08:00 sets=[mon1=A@+0.9ms/1.8ms/hr=0x00000000] window_ms=3003 total=0 WM_SETTINGCHANGE=0 WM_DISPLAYCHANGE=0 WM_THEMECHANGED=0 WM_DWMCOLORIZATIONCOLORCHANGED=0 WM_SYSCOLORCHANGE=0 other=0
2026-10-03T12:58:02.893+08:00 CYCLE n=554 label=set start=2026-10-03T12:57:59.881+08:00 sets=[mon1=B@+0.3ms/1.4ms/hr=0x00000000] window_ms=3002 total=0 WM_SETTINGCHANGE=0 WM_DISPLAYCHANGE=0 WM_THEMECHANGED=0 WM_DWMCOLORIZATIONCOLORCHANGED=0 WM_SYSCOLORCHANGE=0 other=0
2026-10-03T12:58:12.864+08:00 CYCLE n=555 label=set start=2026-10-03T12:58:09.852+08:00 sets=[mon1=A@+0.7ms/2.1ms/hr=0x00000000] window_ms=3003 total=0 WM_SETTINGCHANGE=0 WM_DISPLAYCHANGE=0 WM_THEMECHANGED=0 WM_DWMCOLORIZATIONCOLORCHANGED=0 WM_SYSCOLORCHANGE=0 other=0
2026-10-03T12:58:22.829+08:00 CYCLE n=556 label=set start=2026-10-03T12:58:19.816+08:00 sets=[mon1=B@+0.5ms/1.6ms/hr=0x00000000] window_ms=3002 total=0 WM_SETTINGCHANGE=0 WM_DISPLAYCHANGE=0 WM_THEMECHANGED=0 WM_DWMCOLORIZATIONCOLORCHANGED=0 WM_SYSCOLORCHANGE=0 other=0
2026-10-03T12:58:32.798+08:00 CYCLE n=557 label=set start=2026-10-03T12:58:29.787+08:00 sets=[mon1=A@+0.5ms/1.7ms/hr=0x00000000] window_ms=3002 total=0 WM_SETTINGCHANGE=0 WM_DISPLAYCHANGE=0 WM_THEMECHANGED=0 WM_DWMCOLORIZATIONCOLORCHANGED=0 WM_SYSCOLORCHANGE=0 other=0
2026-10-03T12:58:42.859+08:00 CYCLE n=558 label=set start=2026-10-03T12:58:39.847+08:00 sets=[mon1=B@+0.6ms/1.7ms/hr=0x00000000] window_ms=3002 total=0 WM_SETTINGCHANGE=0 WM_DISPLAYCHANGE=0 WM_THEMECHANGED=0 WM_DWMCOLORIZATIONCOLORCHANGED=0 WM_SYSCOLORCHANGE=0 other=0
2026-10-03T12:58:52.834+08:00 CYCLE n=559 label=set start=2026-10-03T12:58:49.820+08:00 sets=[mon1=A@+0.6ms/1.8ms/hr=0x00000000] window_ms=3003 total=0 WM_SETTINGCHANGE=0 WM_DISPLAYCHANGE=0 WM_THEMECHANGED=0 WM_DWMCOLORIZATIONCOLORCHANGED=0 WM_SYSCOLORCHANGE=0 other=0
2026-10-03T12:59:02.804+08:00 CYCLE n=560 label=set start=2026-10-03T12:58:59.792+08:00 sets=[mon1=B@+0.5ms/1.6ms/hr=0x00000000] window_ms=3002 total=0 WM_SETTINGCHANGE=0 WM_DISPLAYCHANGE=0 WM_THEMECHANGED=0 WM_DWMCOLORIZATIONCOLORCHANGED=0 WM_SYSCOLORCHANGE=0 other=0
2026-10-03T12:59:12.878+08:00 CYCLE n=561 label=set start=2026-10-03T12:59:09.863+08:00 sets=[mon1=A@+3.0ms/1.7ms/hr=0x00000000] window_ms=3005 total=0 WM_SETTINGCHANGE=0 WM_DISPLAYCHANGE=0 WM_THEMECHANGED=0 WM_DWMCOLORIZATIONCOLORCHANGED=0 WM_SYSCOLORCHANGE=0 other=0
2026-10-03T12:59:22.845+08:00 CYCLE n=562 label=set start=2026-10-03T12:59:19.832+08:00 sets=[mon1=B@+0.8ms/2.4ms/hr=0x00000000] window_ms=3003 total=0 WM_SETTINGCHANGE=0 WM_DISPLAYCHANGE=0 WM_THEMECHANGED=0 WM_DWMCOLORIZATIONCOLORCHANGED=0 WM_SYSCOLORCHANGE=0 other=0
2026-10-03T12:59:32.817+08:00 CYCLE n=563 label=set start=2026-10-03T12:59:29.803+08:00 sets=[mon1=A@+0.8ms/2.1ms/hr=0x00000000] window_ms=3003 total=0 WM_SETTINGCHANGE=0 WM_DISPLAYCHANGE=0 WM_THEMECHANGED=0 WM_DWMCOLORIZATIONCOLORCHANGED=0 WM_SYSCOLORCHANGE=0 other=0
2026-10-03T12:59:42.879+08:00 CYCLE n=564 label=set start=2026-10-03T12:59:39.868+08:00 sets=[mon1=B@+0.5ms/1.5ms/hr=0x00000000] window_ms=3002 total=0 WM_SETTINGCHANGE=0 WM_DISPLAYCHANGE=0 WM_THEMECHANGED=0 WM_DWMCOLORIZATIONCOLORCHANGED=0 WM_SYSCOLORCHANGE=0 other=0
2026-10-03T12:59:52.839+08:00 CYCLE n=565 label=set start=2026-10-03T12:59:49.826+08:00 sets=[mon1=A@+0.4ms/1.8ms/hr=0x00000000] window_ms=3002 total=0 WM_SETTINGCHANGE=0 WM_DISPLAYCHANGE=0 WM_THEMECHANGED=0 WM_DWMCOLORIZATIONCOLORCHANGED=0 WM_SYSCOLORCHANGE=0 other=0
2026-10-03T13:00:02.811+08:00 CYCLE n=566 label=set start=2026-10-03T12:59:59.796+08:00 sets=[mon1=B@+0.3ms/2.2ms/hr=0x00000000] window_ms=3003 total=0 WM_SETTINGCHANGE=0 WM_DISPLAYCHANGE=0 WM_THEMECHANGED=0 WM_DWMCOLORIZATIONCOLORCHANGED=0 WM_SYSCOLORCHANGE=0 other=0
2026-10-03T13:00:12.886+08:00 CYCLE n=567 label=set start=2026-10-03T13:00:09.873+08:00 sets=[mon1=A@+0.8ms/2.1ms/hr=0x00000000] window_ms=3003 total=0 WM_SETTINGCHANGE=0 WM_DISPLAYCHANGE=0 WM_THEMECHANGED=0 WM_DWMCOLORIZATIONCOLORCHANGED=0 WM_SYSCOLORCHANGE=0 other=0
2026-10-03T13:00:22.851+08:00 CYCLE n=568 label=set start=2026-10-03T13:00:19.840+08:00 sets=[mon1=B@+0.8ms/1.5ms/hr=0x00000000] window_ms=3002 total=0 WM_SETTINGCHANGE=0 WM_DISPLAYCHANGE=0 WM_THEMECHANGED=0 WM_DWMCOLORIZATIONCOLORCHANGED=0 WM_SYSCOLORCHANGE=0 other=0
2026-10-03T13:00:32.810+08:00 CYCLE n=569 label=set start=2026-10-03T13:00:29.797+08:00 sets=[mon1=A@+0.4ms/1.7ms/hr=0x00000000] window_ms=3002 total=0 WM_SETTINGCHANGE=0 WM_DISPLAYCHANGE=0 WM_THEMECHANGED=0 WM_DWMCOLORIZATIONCOLORCHANGED=0 WM_SYSCOLORCHANGE=0 other=0
2026-10-03T13:00:42.876+08:00 CYCLE n=570 label=set start=2026-10-03T13:00:39.863+08:00 sets=[mon1=B@+0.6ms/2.2ms/hr=0x00000000] window_ms=3003 total=0 WM_SETTINGCHANGE=0 WM_DISPLAYCHANGE=0 WM_THEMECHANGED=0 WM_DWMCOLORIZATIONCOLORCHANGED=0 WM_SYSCOLORCHANGE=0 other=0
2026-10-03T13:00:52.843+08:00 CYCLE n=571 label=set start=2026-10-03T13:00:49.831+08:00 sets=[mon1=A@+0.5ms/1.5ms/hr=0x00000000] window_ms=3002 total=0 WM_SETTINGCHANGE=0 WM_DISPLAYCHANGE=0 WM_THEMECHANGED=0 WM_DWMCOLORIZATIONCOLORCHANGED=0 WM_SYSCOLORCHANGE=0 other=0
2026-10-03T13:01:02.810+08:00 CYCLE n=572 label=set start=2026-10-03T13:00:59.798+08:00 sets=[mon1=B@+0.9ms/1.8ms/hr=0x00000000] window_ms=3003 total=0 WM_SETTINGCHANGE=0 WM_DISPLAYCHANGE=0 WM_THEMECHANGED=0 WM_DWMCOLORIZATIONCOLORCHANGED=0 WM_SYSCOLORCHANGE=0 other=0
2026-10-03T13:01:12.880+08:00 CYCLE n=573 label=set start=2026-10-03T13:01:09.869+08:00 sets=[mon1=A@+0.6ms/1.7ms/hr=0x00000000] window_ms=3002 total=0 WM_SETTINGCHANGE=0 WM_DISPLAYCHANGE=0 WM_THEMECHANGED=0 WM_DWMCOLORIZATIONCOLORCHANGED=0 WM_SYSCOLORCHANGE=0 other=0
2026-10-03T13:01:22.842+08:00 CYCLE n=574 label=set start=2026-10-03T13:01:19.831+08:00 sets=[mon1=B@+0.7ms/1.9ms/hr=0x00000000] window_ms=3003 total=0 WM_SETTINGCHANGE=0 WM_DISPLAYCHANGE=0 WM_THEMECHANGED=0 WM_DWMCOLORIZATIONCOLORCHANGED=0 WM_SYSCOLORCHANGE=0 other=0
2026-10-03T13:01:32.816+08:00 CYCLE n=575 label=set start=2026-10-03T13:01:29.803+08:00 sets=[mon1=A@+0.9ms/2.8ms/hr=0x00000000] window_ms=3004 total=0 WM_SETTINGCHANGE=0 WM_DISPLAYCHANGE=0 WM_THEMECHANGED=0 WM_DWMCOLORIZATIONCOLORCHANGED=0 WM_SYSCOLORCHANGE=0 other=0
2026-10-03T13:01:42.881+08:00 CYCLE n=576 label=set start=2026-10-03T13:01:39.869+08:00 sets=[mon1=B@+0.4ms/2.0ms/hr=0x00000000] window_ms=3003 total=0 WM_SETTINGCHANGE=0 WM_DISPLAYCHANGE=0 WM_THEMECHANGED=0 WM_DWMCOLORIZATIONCOLORCHANGED=0 WM_SYSCOLORCHANGE=0 other=0
2026-10-03T13:01:52.846+08:00 CYCLE n=577 label=set start=2026-10-03T13:01:49.835+08:00 sets=[mon1=A@+0.4ms/2.3ms/hr=0x00000000] window_ms=3003 total=0 WM_SETTINGCHANGE=0 WM_DISPLAYCHANGE=0 WM_THEMECHANGED=0 WM_DWMCOLORIZATIONCOLORCHANGED=0 WM_SYSCOLORCHANGE=0 other=0
2026-10-03T13:02:02.813+08:00 CYCLE n=578 label=set start=2026-10-03T13:01:59.802+08:00 sets=[mon1=B@+0.5ms/1.5ms/hr=0x00000000] window_ms=3002 total=0 WM_SETTINGCHANGE=0 WM_DISPLAYCHANGE=0 WM_THEMECHANGED=0 WM_DWMCOLORIZATIONCOLORCHANGED=0 WM_SYSCOLORCHANGE=0 other=0
2026-10-03T13:02:12.876+08:00 CYCLE n=579 label=set start=2026-10-03T13:02:09.863+08:00 sets=[mon1=A@+0.5ms/1.8ms/hr=0x00000000] window_ms=3002 total=0 WM_SETTINGCHANGE=0 WM_DISPLAYCHANGE=0 WM_THEMECHANGED=0 WM_DWMCOLORIZATIONCOLORCHANGED=0 WM_SYSCOLORCHANGE=0 other=0
2026-10-03T13:02:22.839+08:00 CYCLE n=580 label=set start=2026-10-03T13:02:19.826+08:00 sets=[mon1=B@+0.4ms/1.7ms/hr=0x00000000] window_ms=3002 total=0 WM_SETTINGCHANGE=0 WM_DISPLAYCHANGE=0 WM_THEMECHANGED=0 WM_DWMCOLORIZATIONCOLORCHANGED=0 WM_SYSCOLORCHANGE=0 other=0
2026-10-03T13:02:32.801+08:00 CYCLE n=581 label=set start=2026-10-03T13:02:29.788+08:00 sets=[mon1=A@+0.8ms/2.3ms/hr=0x00000000] window_ms=3003 total=0 WM_SETTINGCHANGE=0 WM_DISPLAYCHANGE=0 WM_THEMECHANGED=0 WM_DWMCOLORIZATIONCOLORCHANGED=0 WM_SYSCOLORCHANGE=0 other=0
2026-10-03T13:02:42.861+08:00 CYCLE n=582 label=set start=2026-10-03T13:02:39.850+08:00 sets=[mon1=B@+0.4ms/1.6ms/hr=0x00000000] window_ms=3002 total=0 WM_SETTINGCHANGE=0 WM_DISPLAYCHANGE=0 WM_THEMECHANGED=0 WM_DWMCOLORIZATIONCOLORCHANGED=0 WM_SYSCOLORCHANGE=0 other=0
2026-10-03T13:02:52.825+08:00 CYCLE n=583 label=set start=2026-10-03T13:02:49.812+08:00 sets=[mon1=A@+0.5ms/1.8ms/hr=0x00000000] window_ms=3002 total=0 WM_SETTINGCHANGE=0 WM_DISPLAYCHANGE=0 WM_THEMECHANGED=0 WM_DWMCOLORIZATIONCOLORCHANGED=0 WM_SYSCOLORCHANGE=0 other=0
2026-10-03T13:03:02.820+08:00 CYCLE n=584 label=set start=2026-10-03T13:02:59.806+08:00 sets=[mon1=B@+0.9ms/2.5ms/hr=0x00000000] window_ms=3004 total=0 WM_SETTINGCHANGE=0 WM_DISPLAYCHANGE=0 WM_THEMECHANGED=0 WM_DWMCOLORIZATIONCOLORCHANGED=0 WM_SYSCOLORCHANGE=0 other=0
2026-10-03T13:03:12.885+08:00 CYCLE n=585 label=set start=2026-10-03T13:03:09.872+08:00 sets=[mon1=A@+0.4ms/1.5ms/hr=0x00000000] window_ms=3002 total=0 WM_SETTINGCHANGE=0 WM_DISPLAYCHANGE=0 WM_THEMECHANGED=0 WM_DWMCOLORIZATIONCOLORCHANGED=0 WM_SYSCOLORCHANGE=0 other=0
2026-10-03T13:03:22.845+08:00 CYCLE n=586 label=set start=2026-10-03T13:03:19.832+08:00 sets=[mon1=B@+0.5ms/2.2ms/hr=0x00000000] window_ms=3003 total=0 WM_SETTINGCHANGE=0 WM_DISPLAYCHANGE=0 WM_THEMECHANGED=0 WM_DWMCOLORIZATIONCOLORCHANGED=0 WM_SYSCOLORCHANGE=0 other=0
2026-10-03T13:03:32.818+08:00 CYCLE n=587 label=set start=2026-10-03T13:03:29.805+08:00 sets=[mon1=A@+0.6ms/2.2ms/hr=0x00000000] window_ms=3003 total=0 WM_SETTINGCHANGE=0 WM_DISPLAYCHANGE=0 WM_THEMECHANGED=0 WM_DWMCOLORIZATIONCOLORCHANGED=0 WM_SYSCOLORCHANGE=0 other=0
2026-10-03T13:03:42.879+08:00 CYCLE n=588 label=set start=2026-10-03T13:03:39.866+08:00 sets=[mon1=B@+0.5ms/2.3ms/hr=0x00000000] window_ms=3003 total=0 WM_SETTINGCHANGE=0 WM_DISPLAYCHANGE=0 WM_THEMECHANGED=0 WM_DWMCOLORIZATIONCOLORCHANGED=0 WM_SYSCOLORCHANGE=0 other=0
2026-10-03T13:03:52.838+08:00 CYCLE n=589 label=set start=2026-10-03T13:03:49.825+08:00 sets=[mon1=A@+0.5ms/2.0ms/hr=0x00000000] window_ms=3003 total=0 WM_SETTINGCHANGE=0 WM_DISPLAYCHANGE=0 WM_THEMECHANGED=0 WM_DWMCOLORIZATIONCOLORCHANGED=0 WM_SYSCOLORCHANGE=0 other=0
2026-10-03T13:04:02.799+08:00 CYCLE n=590 label=set start=2026-10-03T13:03:59.786+08:00 sets=[mon1=B@+0.4ms/1.8ms/hr=0x00000000] window_ms=3002 total=0 WM_SETTINGCHANGE=0 WM_DISPLAYCHANGE=0 WM_THEMECHANGED=0 WM_DWMCOLORIZATIONCOLORCHANGED=0 WM_SYSCOLORCHANGE=0 other=0
2026-10-03T13:04:12.862+08:00 CYCLE n=591 label=set start=2026-10-03T13:04:09.850+08:00 sets=[mon1=A@+0.4ms/1.6ms/hr=0x00000000] window_ms=3002 total=0 WM_SETTINGCHANGE=0 WM_DISPLAYCHANGE=0 WM_THEMECHANGED=0 WM_DWMCOLORIZATIONCOLORCHANGED=0 WM_SYSCOLORCHANGE=0 other=0
2026-10-03T13:04:22.822+08:00 CYCLE n=592 label=set start=2026-10-03T13:04:19.809+08:00 sets=[mon1=B@+0.6ms/2.0ms/hr=0x00000000] window_ms=3003 total=0 WM_SETTINGCHANGE=0 WM_DISPLAYCHANGE=0 WM_THEMECHANGED=0 WM_DWMCOLORIZATIONCOLORCHANGED=0 WM_SYSCOLORCHANGE=0 other=0
2026-10-03T13:04:32.880+08:00 CYCLE n=593 label=set start=2026-10-03T13:04:29.868+08:00 sets=[mon1=A@+0.4ms/2.1ms/hr=0x00000000] window_ms=3003 total=0 WM_SETTINGCHANGE=0 WM_DISPLAYCHANGE=0 WM_THEMECHANGED=0 WM_DWMCOLORIZATIONCOLORCHANGED=0 WM_SYSCOLORCHANGE=0 other=0
2026-10-03T13:04:42.873+08:00 CYCLE n=594 label=set start=2026-10-03T13:04:39.861+08:00 sets=[mon1=B@+0.8ms/1.9ms/hr=0x00000000] window_ms=3003 total=0 WM_SETTINGCHANGE=0 WM_DISPLAYCHANGE=0 WM_THEMECHANGED=0 WM_DWMCOLORIZATIONCOLORCHANGED=0 WM_SYSCOLORCHANGE=0 other=0
2026-10-03T13:04:52.849+08:00 CYCLE n=595 label=set start=2026-10-03T13:04:49.837+08:00 sets=[mon1=A@+0.4ms/2.4ms/hr=0x00000000] window_ms=3003 total=0 WM_SETTINGCHANGE=0 WM_DISPLAYCHANGE=0 WM_THEMECHANGED=0 WM_DWMCOLORIZATIONCOLORCHANGED=0 WM_SYSCOLORCHANGE=0 other=0
2026-10-03T13:05:02.808+08:00 CYCLE n=596 label=set start=2026-10-03T13:04:59.794+08:00 sets=[mon1=B@+1.0ms/1.8ms/hr=0x00000000] window_ms=3003 total=0 WM_SETTINGCHANGE=0 WM_DISPLAYCHANGE=0 WM_THEMECHANGED=0 WM_DWMCOLORIZATIONCOLORCHANGED=0 WM_SYSCOLORCHANGE=0 other=0
2026-10-03T13:05:12.882+08:00 CYCLE n=597 label=set start=2026-10-03T13:05:09.869+08:00 sets=[mon1=A@+0.5ms/1.4ms/hr=0x00000000] window_ms=3002 total=0 WM_SETTINGCHANGE=0 WM_DISPLAYCHANGE=0 WM_THEMECHANGED=0 WM_DWMCOLORIZATIONCOLORCHANGED=0 WM_SYSCOLORCHANGE=0 other=0
2026-10-03T13:05:22.857+08:00 CYCLE n=598 label=set start=2026-10-03T13:05:19.843+08:00 sets=[mon1=B@+0.4ms/2.7ms/hr=0x00000000] window_ms=3003 total=0 WM_SETTINGCHANGE=0 WM_DISPLAYCHANGE=0 WM_THEMECHANGED=0 WM_DWMCOLORIZATIONCOLORCHANGED=0 WM_SYSCOLORCHANGE=0 other=0
2026-10-03T13:05:32.827+08:00 CYCLE n=599 label=set start=2026-10-03T13:05:29.814+08:00 sets=[mon1=A@+1.0ms/2.4ms/hr=0x00000000] window_ms=3004 total=0 WM_SETTINGCHANGE=0 WM_DISPLAYCHANGE=0 WM_THEMECHANGED=0 WM_DWMCOLORIZATIONCOLORCHANGED=0 WM_SYSCOLORCHANGE=0 other=0
2026-10-03T13:05:42.800+08:00 CYCLE n=600 label=set start=2026-10-03T13:05:39.787+08:00 sets=[mon1=B@+0.4ms/1.7ms/hr=0x00000000] window_ms=3002 total=0 WM_SETTINGCHANGE=0 WM_DISPLAYCHANGE=0 WM_THEMECHANGED=0 WM_DWMCOLORIZATIONCOLORCHANGED=0 WM_SYSCOLORCHANGE=0 other=0
2026-10-03T13:05:52.870+08:00 CYCLE n=601 label=set start=2026-10-03T13:05:49.856+08:00 sets=[mon1=A@+0.5ms/2.2ms/hr=0x00000000] window_ms=3003 total=0 WM_SETTINGCHANGE=0 WM_DISPLAYCHANGE=0 WM_THEMECHANGED=0 WM_DWMCOLORIZATIONCOLORCHANGED=0 WM_SYSCOLORCHANGE=0 other=0
2026-10-03T13:06:02.828+08:00 CYCLE n=602 label=set start=2026-10-03T13:05:59.817+08:00 sets=[mon1=B@+0.7ms/2.0ms/hr=0x00000000] window_ms=3003 total=0 WM_SETTINGCHANGE=0 WM_DISPLAYCHANGE=0 WM_THEMECHANGED=0 WM_DWMCOLORIZATIONCOLORCHANGED=0 WM_SYSCOLORCHANGE=0 other=0
2026-10-03T13:06:12.801+08:00 CYCLE n=603 label=set start=2026-10-03T13:06:09.788+08:00 sets=[mon1=A@+0.5ms/2.6ms/hr=0x00000000] window_ms=3003 total=0 WM_SETTINGCHANGE=0 WM_DISPLAYCHANGE=0 WM_THEMECHANGED=0 WM_DWMCOLORIZATIONCOLORCHANGED=0 WM_SYSCOLORCHANGE=0 other=0
2026-10-03T13:06:22.865+08:00 CYCLE n=604 label=set start=2026-10-03T13:06:19.853+08:00 sets=[mon1=B@+0.5ms/2.3ms/hr=0x00000000] window_ms=3003 total=0 WM_SETTINGCHANGE=0 WM_DISPLAYCHANGE=0 WM_THEMECHANGED=0 WM_DWMCOLORIZATIONCOLORCHANGED=0 WM_SYSCOLORCHANGE=0 other=0
2026-10-03T13:06:32.827+08:00 CYCLE n=605 label=set start=2026-10-03T13:06:29.816+08:00 sets=[mon1=A@+0.5ms/1.7ms/hr=0x00000000] window_ms=3002 total=0 WM_SETTINGCHANGE=0 WM_DISPLAYCHANGE=0 WM_THEMECHANGED=0 WM_DWMCOLORIZATIONCOLORCHANGED=0 WM_SYSCOLORCHANGE=0 other=0
2026-10-03T13:06:42.892+08:00 CYCLE n=606 label=set start=2026-10-03T13:06:39.879+08:00 sets=[mon1=B@+0.4ms/2.1ms/hr=0x00000000] window_ms=3003 total=0 WM_SETTINGCHANGE=0 WM_DISPLAYCHANGE=0 WM_THEMECHANGED=0 WM_DWMCOLORIZATIONCOLORCHANGED=0 WM_SYSCOLORCHANGE=0 other=0
2026-10-03T13:06:52.858+08:00 CYCLE n=607 label=set start=2026-10-03T13:06:49.847+08:00 sets=[mon1=A@+0.4ms/1.6ms/hr=0x00000000] window_ms=3002 total=0 WM_SETTINGCHANGE=0 WM_DISPLAYCHANGE=0 WM_THEMECHANGED=0 WM_DWMCOLORIZATIONCOLORCHANGED=0 WM_SYSCOLORCHANGE=0 other=0
2026-10-03T13:07:02.817+08:00 CYCLE n=608 label=set start=2026-10-03T13:06:59.806+08:00 sets=[mon1=B@+0.4ms/2.4ms/hr=0x00000000] window_ms=3003 total=0 WM_SETTINGCHANGE=0 WM_DISPLAYCHANGE=0 WM_THEMECHANGED=0 WM_DWMCOLORIZATIONCOLORCHANGED=0 WM_SYSCOLORCHANGE=0 other=0
2026-10-03T13:07:12.883+08:00 CYCLE n=609 label=set start=2026-10-03T13:07:09.869+08:00 sets=[mon1=A@+0.5ms/1.3ms/hr=0x00000000] window_ms=3002 total=0 WM_SETTINGCHANGE=0 WM_DISPLAYCHANGE=0 WM_THEMECHANGED=0 WM_DWMCOLORIZATIONCOLORCHANGED=0 WM_SYSCOLORCHANGE=0 other=0
2026-10-03T13:07:22.846+08:00 CYCLE n=610 label=set start=2026-10-03T13:07:19.833+08:00 sets=[mon1=B@+0.7ms/1.8ms/hr=0x00000000] window_ms=3003 total=0 WM_SETTINGCHANGE=0 WM_DISPLAYCHANGE=0 WM_THEMECHANGED=0 WM_DWMCOLORIZATIONCOLORCHANGED=0 WM_SYSCOLORCHANGE=0 other=0
2026-10-03T13:07:32.818+08:00 CYCLE n=611 label=set start=2026-10-03T13:07:29.805+08:00 sets=[mon1=A@+0.5ms/1.9ms/hr=0x00000000] window_ms=3003 total=0 WM_SETTINGCHANGE=0 WM_DISPLAYCHANGE=0 WM_THEMECHANGED=0 WM_DWMCOLORIZATIONCOLORCHANGED=0 WM_SYSCOLORCHANGE=0 other=0
2026-10-03T13:07:42.892+08:00 CYCLE n=612 label=set start=2026-10-03T13:07:39.879+08:00 sets=[mon1=B@+0.4ms/1.9ms/hr=0x00000000] window_ms=3003 total=0 WM_SETTINGCHANGE=0 WM_DISPLAYCHANGE=0 WM_THEMECHANGED=0 WM_DWMCOLORIZATIONCOLORCHANGED=0 WM_SYSCOLORCHANGE=0 other=0
2026-10-03T13:07:52.856+08:00 CYCLE n=613 label=set start=2026-10-03T13:07:49.847+08:00 sets=[mon1=A@+0.4ms/2.0ms/hr=0x00000000] window_ms=3003 total=0 WM_SETTINGCHANGE=0 WM_DISPLAYCHANGE=0 WM_THEMECHANGED=0 WM_DWMCOLORIZATIONCOLORCHANGED=0 WM_SYSCOLORCHANGE=0 other=0
2026-10-03T13:08:02.824+08:00 CYCLE n=614 label=set start=2026-10-03T13:07:59.812+08:00 sets=[mon1=B@+0.5ms/2.1ms/hr=0x00000000] window_ms=3003 total=0 WM_SETTINGCHANGE=0 WM_DISPLAYCHANGE=0 WM_THEMECHANGED=0 WM_DWMCOLORIZATIONCOLORCHANGED=0 WM_SYSCOLORCHANGE=0 other=0
2026-10-03T13:08:12.893+08:00 CYCLE n=615 label=set start=2026-10-03T13:08:09.879+08:00 sets=[mon1=A@+0.4ms/1.7ms/hr=0x00000000] window_ms=3002 total=0 WM_SETTINGCHANGE=0 WM_DISPLAYCHANGE=0 WM_THEMECHANGED=0 WM_DWMCOLORIZATIONCOLORCHANGED=0 WM_SYSCOLORCHANGE=0 other=0
2026-10-03T13:08:22.865+08:00 CYCLE n=616 label=set start=2026-10-03T13:08:19.852+08:00 sets=[mon1=B@+0.5ms/1.8ms/hr=0x00000000] window_ms=3003 total=0 WM_SETTINGCHANGE=0 WM_DISPLAYCHANGE=0 WM_THEMECHANGED=0 WM_DWMCOLORIZATIONCOLORCHANGED=0 WM_SYSCOLORCHANGE=0 other=0
2026-10-03T13:08:32.825+08:00 CYCLE n=617 label=set start=2026-10-03T13:08:29.812+08:00 sets=[mon1=A@+0.9ms/1.9ms/hr=0x00000000] window_ms=3003 total=0 WM_SETTINGCHANGE=0 WM_DISPLAYCHANGE=0 WM_THEMECHANGED=0 WM_DWMCOLORIZATIONCOLORCHANGED=0 WM_SYSCOLORCHANGE=0 other=0
2026-10-03T13:08:42.890+08:00 CYCLE n=618 label=set start=2026-10-03T13:08:39.876+08:00 sets=[mon1=B@+0.6ms/1.8ms/hr=0x00000000] window_ms=3003 total=0 WM_SETTINGCHANGE=0 WM_DISPLAYCHANGE=0 WM_THEMECHANGED=0 WM_DWMCOLORIZATIONCOLORCHANGED=0 WM_SYSCOLORCHANGE=0 other=0
2026-10-03T13:08:52.859+08:00 CYCLE n=619 label=set start=2026-10-03T13:08:49.847+08:00 sets=[mon1=A@+0.5ms/1.3ms/hr=0x00000000] window_ms=3002 total=0 WM_SETTINGCHANGE=0 WM_DISPLAYCHANGE=0 WM_THEMECHANGED=0 WM_DWMCOLORIZATIONCOLORCHANGED=0 WM_SYSCOLORCHANGE=0 other=0
2026-10-03T13:09:02.818+08:00 CYCLE n=620 label=set start=2026-10-03T13:08:59.804+08:00 sets=[mon1=B@+0.7ms/1.5ms/hr=0x00000000] window_ms=3002 total=0 WM_SETTINGCHANGE=0 WM_DISPLAYCHANGE=0 WM_THEMECHANGED=0 WM_DWMCOLORIZATIONCOLORCHANGED=0 WM_SYSCOLORCHANGE=0 other=0
2026-10-03T13:09:12.880+08:00 CYCLE n=621 label=set start=2026-10-03T13:09:09.869+08:00 sets=[mon1=A@+0.4ms/1.6ms/hr=0x00000000] window_ms=3002 total=0 WM_SETTINGCHANGE=0 WM_DISPLAYCHANGE=0 WM_THEMECHANGED=0 WM_DWMCOLORIZATIONCOLORCHANGED=0 WM_SYSCOLORCHANGE=0 other=0
2026-10-03T13:09:22.850+08:00 CYCLE n=622 label=set start=2026-10-03T13:09:19.837+08:00 sets=[mon1=B@+0.9ms/1.6ms/hr=0x00000000] window_ms=3003 total=0 WM_SETTINGCHANGE=0 WM_DISPLAYCHANGE=0 WM_THEMECHANGED=0 WM_DWMCOLORIZATIONCOLORCHANGED=0 WM_SYSCOLORCHANGE=0 other=0
2026-10-03T13:09:32.813+08:00 CYCLE n=623 label=set start=2026-10-03T13:09:29.802+08:00 sets=[mon1=A@+0.5ms/1.4ms/hr=0x00000000] window_ms=3002 total=0 WM_SETTINGCHANGE=0 WM_DISPLAYCHANGE=0 WM_THEMECHANGED=0 WM_DWMCOLORIZATIONCOLORCHANGED=0 WM_SYSCOLORCHANGE=0 other=0
2026-10-03T13:09:42.872+08:00 CYCLE n=624 label=set start=2026-10-03T13:09:39.859+08:00 sets=[mon1=B@+0.4ms/1.6ms/hr=0x00000000] window_ms=3002 total=0 WM_SETTINGCHANGE=0 WM_DISPLAYCHANGE=0 WM_THEMECHANGED=0 WM_DWMCOLORIZATIONCOLORCHANGED=0 WM_SYSCOLORCHANGE=0 other=0
2026-10-03T13:09:52.833+08:00 CYCLE n=625 label=set start=2026-10-03T13:09:49.822+08:00 sets=[mon1=A@+0.8ms/1.5ms/hr=0x00000000] window_ms=3003 total=0 WM_SETTINGCHANGE=0 WM_DISPLAYCHANGE=0 WM_THEMECHANGED=0 WM_DWMCOLORIZATIONCOLORCHANGED=0 WM_SYSCOLORCHANGE=0 other=0
2026-10-03T13:10:02.807+08:00 CYCLE n=626 label=set start=2026-10-03T13:09:59.794+08:00 sets=[mon1=B@+0.4ms/2.4ms/hr=0x00000000] window_ms=3003 total=0 WM_SETTINGCHANGE=0 WM_DISPLAYCHANGE=0 WM_THEMECHANGED=0 WM_DWMCOLORIZATIONCOLORCHANGED=0 WM_SYSCOLORCHANGE=0 other=0
2026-10-03T13:10:12.870+08:00 CYCLE n=627 label=set start=2026-10-03T13:10:09.854+08:00 sets=[mon1=A@+1.2ms/2.9ms/hr=0x00000000] window_ms=3005 total=0 WM_SETTINGCHANGE=0 WM_DISPLAYCHANGE=0 WM_THEMECHANGED=0 WM_DWMCOLORIZATIONCOLORCHANGED=0 WM_SYSCOLORCHANGE=0 other=0
2026-10-03T13:10:22.842+08:00 CYCLE n=628 label=set start=2026-10-03T13:10:19.830+08:00 sets=[mon1=B@+0.7ms/1.5ms/hr=0x00000000] window_ms=3002 total=0 WM_SETTINGCHANGE=0 WM_DISPLAYCHANGE=0 WM_THEMECHANGED=0 WM_DWMCOLORIZATIONCOLORCHANGED=0 WM_SYSCOLORCHANGE=0 other=0
2026-10-03T13:10:32.812+08:00 CYCLE n=629 label=set start=2026-10-03T13:10:29.798+08:00 sets=[mon1=A@+0.4ms/2.5ms/hr=0x00000000] window_ms=3003 total=0 WM_SETTINGCHANGE=0 WM_DISPLAYCHANGE=0 WM_THEMECHANGED=0 WM_DWMCOLORIZATIONCOLORCHANGED=0 WM_SYSCOLORCHANGE=0 other=0
2026-10-03T13:10:42.879+08:00 CYCLE n=630 label=set start=2026-10-03T13:10:39.867+08:00 sets=[mon1=B@+1.2ms/1.5ms/hr=0x00000000] window_ms=3003 total=0 WM_SETTINGCHANGE=0 WM_DISPLAYCHANGE=0 WM_THEMECHANGED=0 WM_DWMCOLORIZATIONCOLORCHANGED=0 WM_SYSCOLORCHANGE=0 other=0
2026-10-03T13:10:52.842+08:00 CYCLE n=631 label=set start=2026-10-03T13:10:49.830+08:00 sets=[mon1=A@+0.6ms/1.6ms/hr=0x00000000] window_ms=3002 total=0 WM_SETTINGCHANGE=0 WM_DISPLAYCHANGE=0 WM_THEMECHANGED=0 WM_DWMCOLORIZATIONCOLORCHANGED=0 WM_SYSCOLORCHANGE=0 other=0
2026-10-03T13:11:02.811+08:00 CYCLE n=632 label=set start=2026-10-03T13:10:59.796+08:00 sets=[mon1=B@+0.8ms/1.9ms/hr=0x00000000] window_ms=3003 total=0 WM_SETTINGCHANGE=0 WM_DISPLAYCHANGE=0 WM_THEMECHANGED=0 WM_DWMCOLORIZATIONCOLORCHANGED=0 WM_SYSCOLORCHANGE=0 other=0
2026-10-03T13:11:12.886+08:00 CYCLE n=633 label=set start=2026-10-03T13:11:09.872+08:00 sets=[mon1=A@+0.5ms/1.9ms/hr=0x00000000] window_ms=3003 total=0 WM_SETTINGCHANGE=0 WM_DISPLAYCHANGE=0 WM_THEMECHANGED=0 WM_DWMCOLORIZATIONCOLORCHANGED=0 WM_SYSCOLORCHANGE=0 other=0
2026-10-03T13:11:22.855+08:00 CYCLE n=634 label=set start=2026-10-03T13:11:19.841+08:00 sets=[mon1=B@+0.5ms/1.6ms/hr=0x00000000] window_ms=3002 total=0 WM_SETTINGCHANGE=0 WM_DISPLAYCHANGE=0 WM_THEMECHANGED=0 WM_DWMCOLORIZATIONCOLORCHANGED=0 WM_SYSCOLORCHANGE=0 other=0
2026-10-03T13:11:32.822+08:00 CYCLE n=635 label=set start=2026-10-03T13:11:29.810+08:00 sets=[mon1=A@+0.4ms/1.8ms/hr=0x00000000] window_ms=3002 total=0 WM_SETTINGCHANGE=0 WM_DISPLAYCHANGE=0 WM_THEMECHANGED=0 WM_DWMCOLORIZATIONCOLORCHANGED=0 WM_SYSCOLORCHANGE=0 other=0
2026-10-03T13:11:42.880+08:00 CYCLE n=636 label=set start=2026-10-03T13:11:39.869+08:00 sets=[mon1=B@+0.5ms/2.3ms/hr=0x00000000] window_ms=3003 total=0 WM_SETTINGCHANGE=0 WM_DISPLAYCHANGE=0 WM_THEMECHANGED=0 WM_DWMCOLORIZATIONCOLORCHANGED=0 WM_SYSCOLORCHANGE=0 other=0
2026-10-03T13:11:52.852+08:00 CYCLE n=637 label=set start=2026-10-03T13:11:49.834+08:00 sets=[mon1=A@+0.6ms/7.3ms/hr=0x00000000] window_ms=3008 total=0 WM_SETTINGCHANGE=0 WM_DISPLAYCHANGE=0 WM_THEMECHANGED=0 WM_DWMCOLORIZATIONCOLORCHANGED=0 WM_SYSCOLORCHANGE=0 other=0
2026-10-03T13:12:02.813+08:00 CYCLE n=638 label=set start=2026-10-03T13:11:59.801+08:00 sets=[mon1=B@+0.4ms/1.4ms/hr=0x00000000] window_ms=3002 total=0 WM_SETTINGCHANGE=0 WM_DISPLAYCHANGE=0 WM_THEMECHANGED=0 WM_DWMCOLORIZATIONCOLORCHANGED=0 WM_SYSCOLORCHANGE=0 other=0
2026-10-03T13:12:12.874+08:00 CYCLE n=639 label=set start=2026-10-03T13:12:09.862+08:00 sets=[mon1=A@+0.5ms/1.6ms/hr=0x00000000] window_ms=3002 total=0 WM_SETTINGCHANGE=0 WM_DISPLAYCHANGE=0 WM_THEMECHANGED=0 WM_DWMCOLORIZATIONCOLORCHANGED=0 WM_SYSCOLORCHANGE=0 other=0
2026-10-03T13:12:22.838+08:00 CYCLE n=640 label=set start=2026-10-03T13:12:19.827+08:00 sets=[mon1=B@+0.4ms/1.6ms/hr=0x00000000] window_ms=3002 total=0 WM_SETTINGCHANGE=0 WM_DISPLAYCHANGE=0 WM_THEMECHANGED=0 WM_DWMCOLORIZATIONCOLORCHANGED=0 WM_SYSCOLORCHANGE=0 other=0
2026-10-03T13:12:32.803+08:00 CYCLE n=641 label=set start=2026-10-03T13:12:29.792+08:00 sets=[mon1=A@+0.7ms/2.2ms/hr=0x00000000] window_ms=3003 total=0 WM_SETTINGCHANGE=0 WM_DISPLAYCHANGE=0 WM_THEMECHANGED=0 WM_DWMCOLORIZATIONCOLORCHANGED=0 WM_SYSCOLORCHANGE=0 other=0
2026-10-03T13:12:42.873+08:00 CYCLE n=642 label=set start=2026-10-03T13:12:39.860+08:00 sets=[mon1=B@+0.4ms/1.8ms/hr=0x00000000] window_ms=3002 total=0 WM_SETTINGCHANGE=0 WM_DISPLAYCHANGE=0 WM_THEMECHANGED=0 WM_DWMCOLORIZATIONCOLORCHANGED=0 WM_SYSCOLORCHANGE=0 other=0
2026-10-03T13:12:52.844+08:00 CYCLE n=643 label=set start=2026-10-03T13:12:49.831+08:00 sets=[mon1=A@+0.6ms/1.8ms/hr=0x00000000] window_ms=3003 total=0 WM_SETTINGCHANGE=0 WM_DISPLAYCHANGE=0 WM_THEMECHANGED=0 WM_DWMCOLORIZATIONCOLORCHANGED=0 WM_SYSCOLORCHANGE=0 other=0
2026-10-03T13:13:02.802+08:00 CYCLE n=644 label=set start=2026-10-03T13:12:59.789+08:00 sets=[mon1=B@+0.4ms/1.8ms/hr=0x00000000] window_ms=3002 total=0 WM_SETTINGCHANGE=0 WM_DISPLAYCHANGE=0 WM_THEMECHANGED=0 WM_DWMCOLORIZATIONCOLORCHANGED=0 WM_SYSCOLORCHANGE=0 other=0
2026-10-03T13:13:12.871+08:00 CYCLE n=645 label=set start=2026-10-03T13:13:09.860+08:00 sets=[mon1=A@+0.4ms/1.7ms/hr=0x00000000] window_ms=3002 total=0 WM_SETTINGCHANGE=0 WM_DISPLAYCHANGE=0 WM_THEMECHANGED=0 WM_DWMCOLORIZATIONCOLORCHANGED=0 WM_SYSCOLORCHANGE=0 other=0
2026-10-03T13:13:22.827+08:00 CYCLE n=646 label=set start=2026-10-03T13:13:19.814+08:00 sets=[mon1=B@+0.4ms/1.7ms/hr=0x00000000] window_ms=3002 total=0 WM_SETTINGCHANGE=0 WM_DISPLAYCHANGE=0 WM_THEMECHANGED=0 WM_DWMCOLORIZATIONCOLORCHANGED=0 WM_SYSCOLORCHANGE=0 other=0
2026-10-03T13:13:32.882+08:00 CYCLE n=647 label=set start=2026-10-03T13:13:29.871+08:00 sets=[mon1=A@+0.5ms/2.1ms/hr=0x00000000] window_ms=3003 total=0 WM_SETTINGCHANGE=0 WM_DISPLAYCHANGE=0 WM_THEMECHANGED=0 WM_DWMCOLORIZATIONCOLORCHANGED=0 WM_SYSCOLORCHANGE=0 other=0
2026-10-03T13:13:42.849+08:00 CYCLE n=648 label=set start=2026-10-03T13:13:39.837+08:00 sets=[mon1=B@+0.4ms/1.7ms/hr=0x00000000] window_ms=3002 total=0 WM_SETTINGCHANGE=0 WM_DISPLAYCHANGE=0 WM_THEMECHANGED=0 WM_DWMCOLORIZATIONCOLORCHANGED=0 WM_SYSCOLORCHANGE=0 other=0
2026-10-03T13:13:52.821+08:00 CYCLE n=649 label=set start=2026-10-03T13:13:49.808+08:00 sets=[mon1=A@+0.8ms/1.5ms/hr=0x00000000] window_ms=3003 total=0 WM_SETTINGCHANGE=0 WM_DISPLAYCHANGE=0 WM_THEMECHANGED=0 WM_DWMCOLORIZATIONCOLORCHANGED=0 WM_SYSCOLORCHANGE=0 other=0
2026-10-03T13:14:02.884+08:00 CYCLE n=650 label=set start=2026-10-03T13:13:59.870+08:00 sets=[mon1=B@+1.0ms/1.5ms/hr=0x00000000] window_ms=3003 total=0 WM_SETTINGCHANGE=0 WM_DISPLAYCHANGE=0 WM_THEMECHANGED=0 WM_DWMCOLORIZATIONCOLORCHANGED=0 WM_SYSCOLORCHANGE=0 other=0
2026-10-03T13:14:12.852+08:00 CYCLE n=651 label=set start=2026-10-03T13:14:09.841+08:00 sets=[mon1=A@+0.4ms/1.8ms/hr=0x00000000] window_ms=3002 total=0 WM_SETTINGCHANGE=0 WM_DISPLAYCHANGE=0 WM_THEMECHANGED=0 WM_DWMCOLORIZATIONCOLORCHANGED=0 WM_SYSCOLORCHANGE=0 other=0
2026-10-03T13:14:22.823+08:00 CYCLE n=652 label=set start=2026-10-03T13:14:19.812+08:00 sets=[mon1=B@+0.4ms/1.9ms/hr=0x00000000] window_ms=3003 total=0 WM_SETTINGCHANGE=0 WM_DISPLAYCHANGE=0 WM_THEMECHANGED=0 WM_DWMCOLORIZATIONCOLORCHANGED=0 WM_SYSCOLORCHANGE=0 other=0
2026-10-03T13:14:32.883+08:00 CYCLE n=653 label=set start=2026-10-03T13:14:29.871+08:00 sets=[mon1=A@+0.4ms/1.7ms/hr=0x00000000] window_ms=3002 total=0 WM_SETTINGCHANGE=0 WM_DISPLAYCHANGE=0 WM_THEMECHANGED=0 WM_DWMCOLORIZATIONCOLORCHANGED=0 WM_SYSCOLORCHANGE=0 other=0
2026-10-03T13:14:42.893+08:00 CYCLE n=654 label=set start=2026-10-03T13:14:39.851+08:00 sets=[mon1=B@+0.4ms/1.6ms/hr=0x00000000] window_ms=3002 total=0 WM_SETTINGCHANGE=0 WM_DISPLAYCHANGE=0 WM_THEMECHANGED=0 WM_DWMCOLORIZATIONCOLORCHANGED=0 WM_SYSCOLORCHANGE=0 other=0
2026-10-03T13:14:52.819+08:00 CYCLE n=655 label=set start=2026-10-03T13:14:49.807+08:00 sets=[mon1=A@+1.0ms/2.3ms/hr=0x00000000] window_ms=3004 total=0 WM_SETTINGCHANGE=0 WM_DISPLAYCHANGE=0 WM_THEMECHANGED=0 WM_DWMCOLORIZATIONCOLORCHANGED=0 WM_SYSCOLORCHANGE=0 other=0
2026-10-03T13:15:02.893+08:00 CYCLE n=656 label=set start=2026-10-03T13:14:59.882+08:00 sets=[mon1=B@+0.4ms/1.4ms/hr=0x00000000] window_ms=3002 total=0 WM_SETTINGCHANGE=0 WM_DISPLAYCHANGE=0 WM_THEMECHANGED=0 WM_DWMCOLORIZATIONCOLORCHANGED=0 WM_SYSCOLORCHANGE=0 other=0
2026-10-03T13:15:12.862+08:00 CYCLE n=657 label=set start=2026-10-03T13:15:09.850+08:00 sets=[mon1=A@+0.5ms/1.9ms/hr=0x00000000] window_ms=3003 total=0 WM_SETTINGCHANGE=0 WM_DISPLAYCHANGE=0 WM_THEMECHANGED=0 WM_DWMCOLORIZATIONCOLORCHANGED=0 WM_SYSCOLORCHANGE=0 other=0
2026-10-03T13:15:22.833+08:00 CYCLE n=658 label=set start=2026-10-03T13:15:19.819+08:00 sets=[mon1=B@+0.5ms/1.8ms/hr=0x00000000] window_ms=3003 total=0 WM_SETTINGCHANGE=0 WM_DISPLAYCHANGE=0 WM_THEMECHANGED=0 WM_DWMCOLORIZATIONCOLORCHANGED=0 WM_SYSCOLORCHANGE=0 other=0
2026-10-03T13:15:32.800+08:00 CYCLE n=659 label=set start=2026-10-03T13:15:29.788+08:00 sets=[mon1=A@+0.4ms/1.9ms/hr=0x00000000] window_ms=3003 total=0 WM_SETTINGCHANGE=0 WM_DISPLAYCHANGE=0 WM_THEMECHANGED=0 WM_DWMCOLORIZATIONCOLORCHANGED=0 WM_SYSCOLORCHANGE=0 other=0
2026-10-03T13:15:42.858+08:00 CYCLE n=660 label=set start=2026-10-03T13:15:39.847+08:00 sets=[mon1=B@+0.5ms/1.4ms/hr=0x00000000] window_ms=3002 total=0 WM_SETTINGCHANGE=0 WM_DISPLAYCHANGE=0 WM_THEMECHANGED=0 WM_DWMCOLORIZATIONCOLORCHANGED=0 WM_SYSCOLORCHANGE=0 other=0
2026-10-03T13:15:52.827+08:00 CYCLE n=661 label=set start=2026-10-03T13:15:49.815+08:00 sets=[mon1=A@+1.4ms/1.4ms/hr=0x00000000] window_ms=3003 total=0 WM_SETTINGCHANGE=0 WM_DISPLAYCHANGE=0 WM_THEMECHANGED=0 WM_DWMCOLORIZATIONCOLORCHANGED=0 WM_SYSCOLORCHANGE=0 other=0
2026-10-03T13:16:02.890+08:00 CYCLE n=662 label=set start=2026-10-03T13:15:59.879+08:00 sets=[mon1=B@+0.4ms/1.4ms/hr=0x00000000] window_ms=3002 total=0 WM_SETTINGCHANGE=0 WM_DISPLAYCHANGE=0 WM_THEMECHANGED=0 WM_DWMCOLORIZATIONCOLORCHANGED=0 WM_SYSCOLORCHANGE=0 other=0
2026-10-03T13:16:12.856+08:00 CYCLE n=663 label=set start=2026-10-03T13:16:09.843+08:00 sets=[mon1=A@+0.6ms/1.7ms/hr=0x00000000] window_ms=3003 total=0 WM_SETTINGCHANGE=0 WM_DISPLAYCHANGE=0 WM_THEMECHANGED=0 WM_DWMCOLORIZATIONCOLORCHANGED=0 WM_SYSCOLORCHANGE=0 other=0
2026-10-03T13:16:22.821+08:00 CYCLE n=664 label=set start=2026-10-03T13:16:19.807+08:00 sets=[mon1=B@+0.4ms/1.9ms/hr=0x00000000] window_ms=3003 total=0 WM_SETTINGCHANGE=0 WM_DISPLAYCHANGE=0 WM_THEMECHANGED=0 WM_DWMCOLORIZATIONCOLORCHANGED=0 WM_SYSCOLORCHANGE=0 other=0
2026-10-03T13:16:32.891+08:00 CYCLE n=665 label=set start=2026-10-03T13:16:29.879+08:00 sets=[mon1=A@+0.4ms/1.8ms/hr=0x00000000] window_ms=3002 total=0 WM_SETTINGCHANGE=0 WM_DISPLAYCHANGE=0 WM_THEMECHANGED=0 WM_DWMCOLORIZATIONCOLORCHANGED=0 WM_SYSCOLORCHANGE=0 other=0
2026-10-03T13:16:42.854+08:00 CYCLE n=666 label=set start=2026-10-03T13:16:39.842+08:00 sets=[mon1=B@+0.5ms/1.9ms/hr=0x00000000] window_ms=3003 total=0 WM_SETTINGCHANGE=0 WM_DISPLAYCHANGE=0 WM_THEMECHANGED=0 WM_DWMCOLORIZATIONCOLORCHANGED=0 WM_SYSCOLORCHANGE=0 other=0
2026-10-03T13:16:52.825+08:00 CYCLE n=667 label=set start=2026-10-03T13:16:49.813+08:00 sets=[mon1=A@+0.4ms/1.7ms/hr=0x00000000] window_ms=3002 total=0 WM_SETTINGCHANGE=0 WM_DISPLAYCHANGE=0 WM_THEMECHANGED=0 WM_DWMCOLORIZATIONCOLORCHANGED=0 WM_SYSCOLORCHANGE=0 other=0
2026-10-03T13:17:02.893+08:00 CYCLE n=668 label=set start=2026-10-03T13:16:59.882+08:00 sets=[mon1=B@+0.4ms/1.7ms/hr=0x00000000] window_ms=3002 total=0 WM_SETTINGCHANGE=0 WM_DISPLAYCHANGE=0 WM_THEMECHANGED=0 WM_DWMCOLORIZATIONCOLORCHANGED=0 WM_SYSCOLORCHANGE=0 other=0
2026-10-03T13:17:12.859+08:00 CYCLE n=669 label=set start=2026-10-03T13:17:09.847+08:00 sets=[mon1=A@+0.4ms/1.4ms/hr=0x00000000] window_ms=3002 total=0 WM_SETTINGCHANGE=0 WM_DISPLAYCHANGE=0 WM_THEMECHANGED=0 WM_DWMCOLORIZATIONCOLORCHANGED=0 WM_SYSCOLORCHANGE=0 other=0
2026-10-03T13:17:22.830+08:00 CYCLE n=670 label=set start=2026-10-03T13:17:19.817+08:00 sets=[mon1=B@+0.5ms/1.8ms/hr=0x00000000] window_ms=3003 total=0 WM_SETTINGCHANGE=0 WM_DISPLAYCHANGE=0 WM_THEMECHANGED=0 WM_DWMCOLORIZATIONCOLORCHANGED=0 WM_SYSCOLORCHANGE=0 other=0
2026-10-03T13:17:32.795+08:00 CYCLE n=671 label=set start=2026-10-03T13:17:29.785+08:00 sets=[mon1=A@+0.5ms/1.3ms/hr=0x00000000] window_ms=3002 total=0 WM_SETTINGCHANGE=0 WM_DISPLAYCHANGE=0 WM_THEMECHANGED=0 WM_DWMCOLORIZATIONCOLORCHANGED=0 WM_SYSCOLORCHANGE=0 other=0
2026-10-03T13:17:42.852+08:00 CYCLE n=672 label=set start=2026-10-03T13:17:39.841+08:00 sets=[mon1=B@+0.4ms/1.6ms/hr=0x00000000] window_ms=3002 total=0 WM_SETTINGCHANGE=0 WM_DISPLAYCHANGE=0 WM_THEMECHANGED=0 WM_DWMCOLORIZATIONCOLORCHANGED=0 WM_SYSCOLORCHANGE=0 other=0
2026-10-03T13:17:52.813+08:00 CYCLE n=673 label=set start=2026-10-03T13:17:49.800+08:00 sets=[mon1=A@+1.0ms/2.4ms/hr=0x00000000] window_ms=3004 total=0 WM_SETTINGCHANGE=0 WM_DISPLAYCHANGE=0 WM_THEMECHANGED=0 WM_DWMCOLORIZATIONCOLORCHANGED=0 WM_SYSCOLORCHANGE=0 other=0
2026-10-03T13:18:02.887+08:00 CYCLE n=674 label=set start=2026-10-03T13:17:59.873+08:00 sets=[mon1=B@+0.8ms/1.7ms/hr=0x00000000] window_ms=3003 total=0 WM_SETTINGCHANGE=0 WM_DISPLAYCHANGE=0 WM_THEMECHANGED=0 WM_DWMCOLORIZATIONCOLORCHANGED=0 WM_SYSCOLORCHANGE=0 other=0
2026-10-03T13:18:12.851+08:00 CYCLE n=675 label=set start=2026-10-03T13:18:09.838+08:00 sets=[mon1=A@+0.5ms/2.4ms/hr=0x00000000] window_ms=3003 total=0 WM_SETTINGCHANGE=0 WM_DISPLAYCHANGE=0 WM_THEMECHANGED=0 WM_DWMCOLORIZATIONCOLORCHANGED=0 WM_SYSCOLORCHANGE=0 other=0
2026-10-03T13:18:22.814+08:00 CYCLE n=676 label=set start=2026-10-03T13:18:19.802+08:00 sets=[mon1=B@+0.8ms/1.7ms/hr=0x00000000] window_ms=3003 total=0 WM_SETTINGCHANGE=0 WM_DISPLAYCHANGE=0 WM_THEMECHANGED=0 WM_DWMCOLORIZATIONCOLORCHANGED=0 WM_SYSCOLORCHANGE=0 other=0
2026-10-03T13:18:32.881+08:00 CYCLE n=677 label=set start=2026-10-03T13:18:29.869+08:00 sets=[mon1=A@+0.4ms/1.7ms/hr=0x00000000] window_ms=3002 total=0 WM_SETTINGCHANGE=0 WM_DISPLAYCHANGE=0 WM_THEMECHANGED=0 WM_DWMCOLORIZATIONCOLORCHANGED=0 WM_SYSCOLORCHANGE=0 other=0
2026-10-03T13:18:42.841+08:00 CYCLE n=678 label=set start=2026-10-03T13:18:39.828+08:00 sets=[mon1=B@+0.3ms/1.8ms/hr=0x00000000] window_ms=3002 total=0 WM_SETTINGCHANGE=0 WM_DISPLAYCHANGE=0 WM_THEMECHANGED=0 WM_DWMCOLORIZATIONCOLORCHANGED=0 WM_SYSCOLORCHANGE=0 other=0
2026-10-03T13:18:52.813+08:00 CYCLE n=679 label=set start=2026-10-03T13:18:49.801+08:00 sets=[mon1=A@+0.5ms/1.9ms/hr=0x00000000] window_ms=3003 total=0 WM_SETTINGCHANGE=0 WM_DISPLAYCHANGE=0 WM_THEMECHANGED=0 WM_DWMCOLORIZATIONCOLORCHANGED=0 WM_SYSCOLORCHANGE=0 other=0
2026-10-03T13:19:02.879+08:00 CYCLE n=680 label=set start=2026-10-03T13:18:59.868+08:00 sets=[mon1=B@+0.4ms/1.9ms/hr=0x00000000] window_ms=3003 total=0 WM_SETTINGCHANGE=0 WM_DISPLAYCHANGE=0 WM_THEMECHANGED=0 WM_DWMCOLORIZATIONCOLORCHANGED=0 WM_SYSCOLORCHANGE=0 other=0
2026-10-03T13:19:12.845+08:00 CYCLE n=681 label=set start=2026-10-03T13:19:09.832+08:00 sets=[mon1=A@+0.5ms/1.4ms/hr=0x00000000] window_ms=3002 total=0 WM_SETTINGCHANGE=0 WM_DISPLAYCHANGE=0 WM_THEMECHANGED=0 WM_DWMCOLORIZATIONCOLORCHANGED=0 WM_SYSCOLORCHANGE=0 other=0
2026-10-03T13:19:22.814+08:00 CYCLE n=682 label=set start=2026-10-03T13:19:19.802+08:00 sets=[mon1=B@+0.6ms/1.6ms/hr=0x00000000] window_ms=3002 total=0 WM_SETTINGCHANGE=0 WM_DISPLAYCHANGE=0 WM_THEMECHANGED=0 WM_DWMCOLORIZATIONCOLORCHANGED=0 WM_SYSCOLORCHANGE=0 other=0
2026-10-03T13:19:32.876+08:00 CYCLE n=683 label=set start=2026-10-03T13:19:29.864+08:00 sets=[mon1=A@+0.5ms/1.3ms/hr=0x00000000] window_ms=3002 total=0 WM_SETTINGCHANGE=0 WM_DISPLAYCHANGE=0 WM_THEMECHANGED=0 WM_DWMCOLORIZATIONCOLORCHANGED=0 WM_SYSCOLORCHANGE=0 other=0
2026-10-03T13:19:42.841+08:00 CYCLE n=684 label=set start=2026-10-03T13:19:39.830+08:00 sets=[mon1=B@+0.4ms/1.5ms/hr=0x00000000] window_ms=3002 total=0 WM_SETTINGCHANGE=0 WM_DISPLAYCHANGE=0 WM_THEMECHANGED=0 WM_DWMCOLORIZATIONCOLORCHANGED=0 WM_SYSCOLORCHANGE=0 other=0
2026-10-03T13:19:52.809+08:00 CYCLE n=685 label=set start=2026-10-03T13:19:49.799+08:00 sets=[mon1=A@+0.4ms/1.6ms/hr=0x00000000] window_ms=3002 total=0 WM_SETTINGCHANGE=0 WM_DISPLAYCHANGE=0 WM_THEMECHANGED=0 WM_DWMCOLORIZATIONCOLORCHANGED=0 WM_SYSCOLORCHANGE=0 other=0
2026-10-03T13:20:02.874+08:00 CYCLE n=686 label=set start=2026-10-03T13:19:59.861+08:00 sets=[mon1=B@+0.6ms/2.4ms/hr=0x00000000] window_ms=3003 total=0 WM_SETTINGCHANGE=0 WM_DISPLAYCHANGE=0 WM_THEMECHANGED=0 WM_DWMCOLORIZATIONCOLORCHANGED=0 WM_SYSCOLORCHANGE=0 other=0
2026-10-03T13:20:12.846+08:00 CYCLE n=687 label=set start=2026-10-03T13:20:09.835+08:00 sets=[mon1=A@+0.5ms/1.7ms/hr=0x00000000] window_ms=3002 total=0 WM_SETTINGCHANGE=0 WM_DISPLAYCHANGE=0 WM_THEMECHANGED=0 WM_DWMCOLORIZATIONCOLORCHANGED=0 WM_SYSCOLORCHANGE=0 other=0
2026-10-03T13:20:22.809+08:00 CYCLE n=688 label=set start=2026-10-03T13:20:19.796+08:00 sets=[mon1=B@+0.5ms/1.5ms/hr=0x00000000] window_ms=3002 total=0 WM_SETTINGCHANGE=0 WM_DISPLAYCHANGE=0 WM_THEMECHANGED=0 WM_DWMCOLORIZATIONCOLORCHANGED=0 WM_SYSCOLORCHANGE=0 other=0
2026-10-03T13:20:32.879+08:00 CYCLE n=689 label=set start=2026-10-03T13:20:29.869+08:00 sets=[mon1=A@+0.5ms/1.7ms/hr=0x00000000] window_ms=3002 total=0 WM_SETTINGCHANGE=0 WM_DISPLAYCHANGE=0 WM_THEMECHANGED=0 WM_DWMCOLORIZATIONCOLORCHANGED=0 WM_SYSCOLORCHANGE=0 other=0
2026-10-03T13:20:42.843+08:00 CYCLE n=690 label=set start=2026-10-03T13:20:39.832+08:00 sets=[mon1=B@+0.5ms/1.8ms/hr=0x00000000] window_ms=3003 total=0 WM_SETTINGCHANGE=0 WM_DISPLAYCHANGE=0 WM_THEMECHANGED=0 WM_DWMCOLORIZATIONCOLORCHANGED=0 WM_SYSCOLORCHANGE=0 other=0
2026-10-03T13:20:52.814+08:00 CYCLE n=691 label=set start=2026-10-03T13:20:49.804+08:00 sets=[mon1=A@+0.5ms/1.5ms/hr=0x00000000] window_ms=3002 total=0 WM_SETTINGCHANGE=0 WM_DISPLAYCHANGE=0 WM_THEMECHANGED=0 WM_DWMCOLORIZATIONCOLORCHANGED=0 WM_SYSCOLORCHANGE=0 other=0
2026-10-03T13:21:02.889+08:00 CYCLE n=692 label=set start=2026-10-03T13:20:59.877+08:00 sets=[mon1=B@+0.6ms/1.9ms/hr=0x00000000] window_ms=3003 total=0 WM_SETTINGCHANGE=0 WM_DISPLAYCHANGE=0 WM_THEMECHANGED=0 WM_DWMCOLORIZATIONCOLORCHANGED=0 WM_SYSCOLORCHANGE=0 other=0
2026-10-03T13:21:12.857+08:00 CYCLE n=693 label=set start=2026-10-03T13:21:09.846+08:00 sets=[mon1=A@+0.5ms/1.9ms/hr=0x00000000] window_ms=3003 total=0 WM_SETTINGCHANGE=0 WM_DISPLAYCHANGE=0 WM_THEMECHANGED=0 WM_DWMCOLORIZATIONCOLORCHANGED=0 WM_SYSCOLORCHANGE=0 other=0
2026-10-03T13:21:22.824+08:00 CYCLE n=694 label=set start=2026-10-03T13:21:19.812+08:00 sets=[mon1=B@+0.5ms/1.5ms/hr=0x00000000] window_ms=3002 total=0 WM_SETTINGCHANGE=0 WM_DISPLAYCHANGE=0 WM_THEMECHANGED=0 WM_DWMCOLORIZATIONCOLORCHANGED=0 WM_SYSCOLORCHANGE=0 other=0
2026-10-03T13:21:32.895+08:00 CYCLE n=695 label=set start=2026-10-03T13:21:29.883+08:00 sets=[mon1=A@+0.5ms/2.5ms/hr=0x00000000] window_ms=3003 total=0 WM_SETTINGCHANGE=0 WM_DISPLAYCHANGE=0 WM_THEMECHANGED=0 WM_DWMCOLORIZATIONCOLORCHANGED=0 WM_SYSCOLORCHANGE=0 other=0
2026-10-03T13:21:42.867+08:00 CYCLE n=696 label=set start=2026-10-03T13:21:39.853+08:00 sets=[mon1=B@+0.9ms/2.7ms/hr=0x00000000] window_ms=3004 total=0 WM_SETTINGCHANGE=0 WM_DISPLAYCHANGE=0 WM_THEMECHANGED=0 WM_DWMCOLORIZATIONCOLORCHANGED=0 WM_SYSCOLORCHANGE=0 other=0
2026-10-03T13:21:52.843+08:00 CYCLE n=697 label=set start=2026-10-03T13:21:49.829+08:00 sets=[mon1=A@+0.4ms/2.3ms/hr=0x00000000] window_ms=3003 total=0 WM_SETTINGCHANGE=0 WM_DISPLAYCHANGE=0 WM_THEMECHANGED=0 WM_DWMCOLORIZATIONCOLORCHANGED=0 WM_SYSCOLORCHANGE=0 other=0
2026-10-03T13:22:02.813+08:00 CYCLE n=698 label=set start=2026-10-03T13:21:59.801+08:00 sets=[mon1=B@+0.5ms/1.4ms/hr=0x00000000] window_ms=3002 total=0 WM_SETTINGCHANGE=0 WM_DISPLAYCHANGE=0 WM_THEMECHANGED=0 WM_DWMCOLORIZATIONCOLORCHANGED=0 WM_SYSCOLORCHANGE=0 other=0
2026-10-03T13:22:12.876+08:00 CYCLE n=699 label=set start=2026-10-03T13:22:09.866+08:00 sets=[mon1=A@+0.3ms/1.7ms/hr=0x00000000] window_ms=3002 total=0 WM_SETTINGCHANGE=0 WM_DISPLAYCHANGE=0 WM_THEMECHANGED=0 WM_DWMCOLORIZATIONCOLORCHANGED=0 WM_SYSCOLORCHANGE=0 other=0
2026-10-03T13:22:22.836+08:00 CYCLE n=700 label=set start=2026-10-03T13:22:19.823+08:00 sets=[mon1=B@+0.6ms/1.9ms/hr=0x00000000] window_ms=3003 total=0 WM_SETTINGCHANGE=0 WM_DISPLAYCHANGE=0 WM_THEMECHANGED=0 WM_DWMCOLORIZATIONCOLORCHANGED=0 WM_SYSCOLORCHANGE=0 other=0
2026-10-03T13:22:32.804+08:00 CYCLE n=701 label=set start=2026-10-03T13:22:29.792+08:00 sets=[mon1=A@+0.4ms/2.1ms/hr=0x00000000] window_ms=3003 total=0 WM_SETTINGCHANGE=0 WM_DISPLAYCHANGE=0 WM_THEMECHANGED=0 WM_DWMCOLORIZATIONCOLORCHANGED=0 WM_SYSCOLORCHANGE=0 other=0
2026-10-03T13:22:42.873+08:00 CYCLE n=702 label=set start=2026-10-03T13:22:39.860+08:00 sets=[mon1=B@+0.5ms/1.9ms/hr=0x00000000] window_ms=3003 total=0 WM_SETTINGCHANGE=0 WM_DISPLAYCHANGE=0 WM_THEMECHANGED=0 WM_DWMCOLORIZATIONCOLORCHANGED=0 WM_SYSCOLORCHANGE=0 other=0
2026-10-03T13:22:52.840+08:00 CYCLE n=703 label=set start=2026-10-03T13:22:49.829+08:00 sets=[mon1=A@+0.3ms/1.6ms/hr=0x00000000] window_ms=3002 total=0 WM_SETTINGCHANGE=0 WM_DISPLAYCHANGE=0 WM_THEMECHANGED=0 WM_DWMCOLORIZATIONCOLORCHANGED=0 WM_SYSCOLORCHANGE=0 other=0
2026-10-03T13:23:02.896+08:00 CYCLE n=704 label=set start=2026-10-03T13:22:59.883+08:00 sets=[mon1=B@+0.4ms/2.2ms/hr=0x00000000] window_ms=3003 total=0 WM_SETTINGCHANGE=0 WM_DISPLAYCHANGE=0 WM_THEMECHANGED=0 WM_DWMCOLORIZATIONCOLORCHANGED=0 WM_SYSCOLORCHANGE=0 other=0
2026-10-03T13:23:12.858+08:00 CYCLE n=705 label=set start=2026-10-03T13:23:09.846+08:00 sets=[mon1=A@+0.8ms/1.5ms/hr=0x00000000] window_ms=3003 total=0 WM_SETTINGCHANGE=0 WM_DISPLAYCHANGE=0 WM_THEMECHANGED=0 WM_DWMCOLORIZATIONCOLORCHANGED=0 WM_SYSCOLORCHANGE=0 other=0
2026-10-03T13:23:22.829+08:00 CYCLE n=706 label=set start=2026-10-03T13:23:19.817+08:00 sets=[mon1=B@+0.6ms/1.8ms/hr=0x00000000] window_ms=3003 total=0 WM_SETTINGCHANGE=0 WM_DISPLAYCHANGE=0 WM_THEMECHANGED=0 WM_DWMCOLORIZATIONCOLORCHANGED=0 WM_SYSCOLORCHANGE=0 other=0
2026-10-03T13:23:32.887+08:00 CYCLE n=707 label=set start=2026-10-03T13:23:29.876+08:00 sets=[mon1=A@+0.7ms/1.9ms/hr=0x00000000] window_ms=3003 total=0 WM_SETTINGCHANGE=0 WM_DISPLAYCHANGE=0 WM_THEMECHANGED=0 WM_DWMCOLORIZATIONCOLORCHANGED=0 WM_SYSCOLORCHANGE=0 other=0
2026-10-03T13:23:42.871+08:00 CYCLE n=708 label=set start=2026-10-03T13:23:39.858+08:00 sets=[mon1=B@+0.4ms/1.9ms/hr=0x00000000] window_ms=3003 total=0 WM_SETTINGCHANGE=0 WM_DISPLAYCHANGE=0 WM_THEMECHANGED=0 WM_DWMCOLORIZATIONCOLORCHANGED=0 WM_SYSCOLORCHANGE=0 other=0
2026-10-03T13:23:52.835+08:00 CYCLE n=709 label=set start=2026-10-03T13:23:49.821+08:00 sets=[mon1=A@+0.6ms/2.0ms/hr=0x00000000] window_ms=3003 total=0 WM_SETTINGCHANGE=0 WM_DISPLAYCHANGE=0 WM_THEMECHANGED=0 WM_DWMCOLORIZATIONCOLORCHANGED=0 WM_SYSCOLORCHANGE=0 other=0
2026-10-03T13:24:02.806+08:00 CYCLE n=710 label=set start=2026-10-03T13:23:59.794+08:00 sets=[mon1=B@+0.4ms/1.9ms/hr=0x00000000] window_ms=3003 total=0 WM_SETTINGCHANGE=0 WM_DISPLAYCHANGE=0 WM_THEMECHANGED=0 WM_DWMCOLORIZATIONCOLORCHANGED=0 WM_SYSCOLORCHANGE=0 other=0
2026-10-03T13:24:12.879+08:00 CYCLE n=711 label=set start=2026-10-03T13:24:09.864+08:00 sets=[mon1=A@+0.9ms/2.7ms/hr=0x00000000] window_ms=3004 total=0 WM_SETTINGCHANGE=0 WM_DISPLAYCHANGE=0 WM_THEMECHANGED=0 WM_DWMCOLORIZATIONCOLORCHANGED=0 WM_SYSCOLORCHANGE=0 other=0
2026-10-03T13:24:22.846+08:00 CYCLE n=712 label=set start=2026-10-03T13:24:19.834+08:00 sets=[mon1=B@+0.5ms/1.4ms/hr=0x00000000] window_ms=3002 total=0 WM_SETTINGCHANGE=0 WM_DISPLAYCHANGE=0 WM_THEMECHANGED=0 WM_DWMCOLORIZATIONCOLORCHANGED=0 WM_SYSCOLORCHANGE=0 other=0
2026-10-03T13:24:32.810+08:00 CYCLE n=713 label=set start=2026-10-03T13:24:29.799+08:00 sets=[mon1=A@+0.5ms/1.5ms/hr=0x00000000] window_ms=3002 total=0 WM_SETTINGCHANGE=0 WM_DISPLAYCHANGE=0 WM_THEMECHANGED=0 WM_DWMCOLORIZATIONCOLORCHANGED=0 WM_SYSCOLORCHANGE=0 other=0
2026-10-03T13:24:42.881+08:00 CYCLE n=714 label=set start=2026-10-03T13:24:39.869+08:00 sets=[mon1=B@+0.5ms/1.6ms/hr=0x00000000] window_ms=3002 total=0 WM_SETTINGCHANGE=0 WM_DISPLAYCHANGE=0 WM_THEMECHANGED=0 WM_DWMCOLORIZATIONCOLORCHANGED=0 WM_SYSCOLORCHANGE=0 other=0
2026-10-03T13:24:52.851+08:00 CYCLE n=715 label=set start=2026-10-03T13:24:49.839+08:00 sets=[mon1=A@+0.5ms/2.0ms/hr=0x00000000] window_ms=3003 total=0 WM_SETTINGCHANGE=0 WM_DISPLAYCHANGE=0 WM_THEMECHANGED=0 WM_DWMCOLORIZATIONCOLORCHANGED=0 WM_SYSCOLORCHANGE=0 other=0
2026-10-03T13:25:02.808+08:00 CYCLE n=716 label=set start=2026-10-03T13:24:59.795+08:00 sets=[mon1=B@+0.6ms/1.8ms/hr=0x00000000] window_ms=3003 total=0 WM_SETTINGCHANGE=0 WM_DISPLAYCHANGE=0 WM_THEMECHANGED=0 WM_DWMCOLORIZATIONCOLORCHANGED=0 WM_SYSCOLORCHANGE=0 other=0
2026-10-03T13:25:12.886+08:00 CYCLE n=717 label=set start=2026-10-03T13:25:09.873+08:00 sets=[mon1=A@+0.4ms/1.9ms/hr=0x00000000] window_ms=3003 total=0 WM_SETTINGCHANGE=0 WM_DISPLAYCHANGE=0 WM_THEMECHANGED=0 WM_DWMCOLORIZATIONCOLORCHANGED=0 WM_SYSCOLORCHANGE=0 other=0
2026-10-03T13:25:22.853+08:00 CYCLE n=718 label=set start=2026-10-03T13:25:19.840+08:00 sets=[mon1=B@+0.8ms/1.9ms/hr=0x00000000] window_ms=3003 total=0 WM_SETTINGCHANGE=0 WM_DISPLAYCHANGE=0 WM_THEMECHANGED=0 WM_DWMCOLORIZATIONCOLORCHANGED=0 WM_SYSCOLORCHANGE=0 other=0
2026-10-03T13:25:32.810+08:00 CYCLE n=719 label=set start=2026-10-03T13:25:29.796+08:00 sets=[mon1=A@+0.6ms/1.6ms/hr=0x00000000] window_ms=3002 total=0 WM_SETTINGCHANGE=0 WM_DISPLAYCHANGE=0 WM_THEMECHANGED=0 WM_DWMCOLORIZATIONCOLORCHANGED=0 WM_SYSCOLORCHANGE=0 other=0
2026-10-03T13:25:42.870+08:00 CYCLE n=720 label=set start=2026-10-03T13:25:39.858+08:00 sets=[mon1=B@+0.5ms/1.8ms/hr=0x00000000] window_ms=3002 total=0 WM_SETTINGCHANGE=0 WM_DISPLAYCHANGE=0 WM_THEMECHANGED=0 WM_DWMCOLORIZATIONCOLORCHANGED=0 WM_SYSCOLORCHANGE=0 other=0
2026-10-03T13:25:52.847+08:00 CYCLE n=721 label=set start=2026-10-03T13:25:49.834+08:00 sets=[mon1=A@+0.6ms/2.0ms/hr=0x00000000] window_ms=3003 total=0 WM_SETTINGCHANGE=0 WM_DISPLAYCHANGE=0 WM_THEMECHANGED=0 WM_DWMCOLORIZATIONCOLORCHANGED=0 WM_SYSCOLORCHANGE=0 other=0
2026-10-03T13:26:02.823+08:00 CYCLE n=722 label=set start=2026-10-03T13:25:59.810+08:00 sets=[mon1=B@+1.0ms/2.4ms/hr=0x00000000] window_ms=3004 total=0 WM_SETTINGCHANGE=0 WM_DISPLAYCHANGE=0 WM_THEMECHANGED=0 WM_DWMCOLORIZATIONCOLORCHANGED=0 WM_SYSCOLORCHANGE=0 other=0
2026-10-03T13:26:12.895+08:00 CYCLE n=723 label=set start=2026-10-03T13:26:09.884+08:00 sets=[mon1=A@+0.4ms/2.0ms/hr=0x00000000] window_ms=3003 total=0 WM_SETTINGCHANGE=0 WM_DISPLAYCHANGE=0 WM_THEMECHANGED=0 WM_DWMCOLORIZATIONCOLORCHANGED=0 WM_SYSCOLORCHANGE=0 other=0
2026-10-03T13:26:22.867+08:00 CYCLE n=724 label=set start=2026-10-03T13:26:19.856+08:00 sets=[mon1=B@+0.3ms/1.7ms/hr=0x00000000] window_ms=3002 total=0 WM_SETTINGCHANGE=0 WM_DISPLAYCHANGE=0 WM_THEMECHANGED=0 WM_DWMCOLORIZATIONCOLORCHANGED=0 WM_SYSCOLORCHANGE=0 other=0
2026-10-03T13:26:32.830+08:00 CYCLE n=725 label=set start=2026-10-03T13:26:29.818+08:00 sets=[mon1=A@+0.4ms/1.3ms/hr=0x00000000] window_ms=3002 total=0 WM_SETTINGCHANGE=0 WM_DISPLAYCHANGE=0 WM_THEMECHANGED=0 WM_DWMCOLORIZATIONCOLORCHANGED=0 WM_SYSCOLORCHANGE=0 other=0
2026-10-03T13:26:42.893+08:00 CYCLE n=726 label=set start=2026-10-03T13:26:39.882+08:00 sets=[mon1=B@+0.4ms/1.7ms/hr=0x00000000] window_ms=3002 total=0 WM_SETTINGCHANGE=0 WM_DISPLAYCHANGE=0 WM_THEMECHANGED=0 WM_DWMCOLORIZATIONCOLORCHANGED=0 WM_SYSCOLORCHANGE=0 other=0
2026-10-03T13:26:52.863+08:00 CYCLE n=727 label=set start=2026-10-03T13:26:49.850+08:00 sets=[mon1=A@+0.4ms/2.0ms/hr=0x00000000] window_ms=3003 total=0 WM_SETTINGCHANGE=0 WM_DISPLAYCHANGE=0 WM_THEMECHANGED=0 WM_DWMCOLORIZATIONCOLORCHANGED=0 WM_SYSCOLORCHANGE=0 other=0
2026-10-03T13:27:02.831+08:00 CYCLE n=728 label=set start=2026-10-03T13:26:59.818+08:00 sets=[mon1=B@+0.7ms/1.8ms/hr=0x00000000] window_ms=3003 total=0 WM_SETTINGCHANGE=0 WM_DISPLAYCHANGE=0 WM_THEMECHANGED=0 WM_DWMCOLORIZATIONCOLORCHANGED=0 WM_SYSCOLORCHANGE=0 other=0
2026-10-03T13:27:12.895+08:00 CYCLE n=729 label=set start=2026-10-03T13:27:09.881+08:00 sets=[mon1=A@+0.4ms/2.1ms/hr=0x00000000] window_ms=3003 total=0 WM_SETTINGCHANGE=0 WM_DISPLAYCHANGE=0 WM_THEMECHANGED=0 WM_DWMCOLORIZATIONCOLORCHANGED=0 WM_SYSCOLORCHANGE=0 other=0
2026-10-03T13:27:22.865+08:00 CYCLE n=730 label=set start=2026-10-03T13:27:19.853+08:00 sets=[mon1=B@+0.4ms/2.0ms/hr=0x00000000] window_ms=3003 total=0 WM_SETTINGCHANGE=0 WM_DISPLAYCHANGE=0 WM_THEMECHANGED=0 WM_DWMCOLORIZATIONCOLORCHANGED=0 WM_SYSCOLORCHANGE=0 other=0
2026-10-03T13:27:32.822+08:00 CYCLE n=731 label=set start=2026-10-03T13:27:29.812+08:00 sets=[mon1=A@+0.4ms/1.5ms/hr=0x00000000] window_ms=3002 total=0 WM_SETTINGCHANGE=0 WM_DISPLAYCHANGE=0 WM_THEMECHANGED=0 WM_DWMCOLORIZATIONCOLORCHANGED=0 WM_SYSCOLORCHANGE=0 other=0
2026-10-03T13:27:42.885+08:00 CYCLE n=732 label=set start=2026-10-03T13:27:39.872+08:00 sets=[mon1=B@+0.5ms/1.4ms/hr=0x00000000] window_ms=3002 total=0 WM_SETTINGCHANGE=0 WM_DISPLAYCHANGE=0 WM_THEMECHANGED=0 WM_DWMCOLORIZATIONCOLORCHANGED=0 WM_SYSCOLORCHANGE=0 other=0
2026-10-03T13:27:52.854+08:00 CYCLE n=733 label=set start=2026-10-03T13:27:49.842+08:00 sets=[mon1=A@+0.5ms/1.5ms/hr=0x00000000] window_ms=3002 total=0 WM_SETTINGCHANGE=0 WM_DISPLAYCHANGE=0 WM_THEMECHANGED=0 WM_DWMCOLORIZATIONCOLORCHANGED=0 WM_SYSCOLORCHANGE=0 other=0
2026-10-03T13:28:02.817+08:00 CYCLE n=734 label=set start=2026-10-03T13:27:59.807+08:00 sets=[mon1=B@+0.5ms/1.4ms/hr=0x00000000] window_ms=3002 total=0 WM_SETTINGCHANGE=0 WM_DISPLAYCHANGE=0 WM_THEMECHANGED=0 WM_DWMCOLORIZATIONCOLORCHANGED=0 WM_SYSCOLORCHANGE=0 other=0
2026-10-03T13:28:12.878+08:00 CYCLE n=735 label=set start=2026-10-03T13:28:09.867+08:00 sets=[mon1=A@+0.5ms/1.7ms/hr=0x00000000] window_ms=3002 total=0 WM_SETTINGCHANGE=0 WM_DISPLAYCHANGE=0 WM_THEMECHANGED=0 WM_DWMCOLORIZATIONCOLORCHANGED=0 WM_SYSCOLORCHANGE=0 other=0
2026-10-03T13:28:22.854+08:00 CYCLE n=736 label=set start=2026-10-03T13:28:19.841+08:00 sets=[mon1=B@+0.6ms/1.6ms/hr=0x00000000] window_ms=3002 total=0 WM_SETTINGCHANGE=0 WM_DISPLAYCHANGE=0 WM_THEMECHANGED=0 WM_DWMCOLORIZATIONCOLORCHANGED=0 WM_SYSCOLORCHANGE=0 other=0
2026-10-03T13:28:32.827+08:00 CYCLE n=737 label=set start=2026-10-03T13:28:29.814+08:00 sets=[mon1=A@+0.6ms/1.6ms/hr=0x00000000] window_ms=3002 total=0 WM_SETTINGCHANGE=0 WM_DISPLAYCHANGE=0 WM_THEMECHANGED=0 WM_DWMCOLORIZATIONCOLORCHANGED=0 WM_SYSCOLORCHANGE=0 other=0
2026-10-03T13:28:42.897+08:00 CYCLE n=738 label=set start=2026-10-03T13:28:39.883+08:00 sets=[mon1=B@+1.2ms/1.6ms/hr=0x00000000] window_ms=3003 total=0 WM_SETTINGCHANGE=0 WM_DISPLAYCHANGE=0 WM_THEMECHANGED=0 WM_DWMCOLORIZATIONCOLORCHANGED=0 WM_SYSCOLORCHANGE=0 other=0
2026-10-03T13:28:52.865+08:00 CYCLE n=739 label=set start=2026-10-03T13:28:49.854+08:00 sets=[mon1=A@+0.5ms/1.6ms/hr=0x00000000] window_ms=3002 total=0 WM_SETTINGCHANGE=0 WM_DISPLAYCHANGE=0 WM_THEMECHANGED=0 WM_DWMCOLORIZATIONCOLORCHANGED=0 WM_SYSCOLORCHANGE=0 other=0
2026-10-03T13:29:02.826+08:00 CYCLE n=740 label=set start=2026-10-03T13:28:59.813+08:00 sets=[mon1=B@+0.4ms/1.7ms/hr=0x00000000] window_ms=3002 total=0 WM_SETTINGCHANGE=0 WM_DISPLAYCHANGE=0 WM_THEMECHANGED=0 WM_DWMCOLORIZATIONCOLORCHANGED=0 WM_SYSCOLORCHANGE=0 other=0
2026-10-03T13:29:12.888+08:00 CYCLE n=741 label=set start=2026-10-03T13:29:09.876+08:00 sets=[mon1=A@+1.4ms/1.9ms/hr=0x00000000] window_ms=3003 total=0 WM_SETTINGCHANGE=0 WM_DISPLAYCHANGE=0 WM_THEMECHANGED=0 WM_DWMCOLORIZATIONCOLORCHANGED=0 WM_SYSCOLORCHANGE=0 other=0
2026-10-03T13:29:22.859+08:00 CYCLE n=742 label=set start=2026-10-03T13:29:19.845+08:00 sets=[mon1=B@+1.3ms/1.4ms/hr=0x00000000] window_ms=3003 total=0 WM_SETTINGCHANGE=0 WM_DISPLAYCHANGE=0 WM_THEMECHANGED=0 WM_DWMCOLORIZATIONCOLORCHANGED=0 WM_SYSCOLORCHANGE=0 other=0
2026-10-03T13:29:32.827+08:00 CYCLE n=743 label=set start=2026-10-03T13:29:29.815+08:00 sets=[mon1=A@+0.4ms/2.4ms/hr=0x00000000] window_ms=3003 total=0 WM_SETTINGCHANGE=0 WM_DISPLAYCHANGE=0 WM_THEMECHANGED=0 WM_DWMCOLORIZATIONCOLORCHANGED=0 WM_SYSCOLORCHANGE=0 other=0
2026-10-03T13:29:42.887+08:00 CYCLE n=744 label=set start=2026-10-03T13:29:39.876+08:00 sets=[mon1=B@+0.8ms/1.9ms/hr=0x00000000] window_ms=3003 total=0 WM_SETTINGCHANGE=0 WM_DISPLAYCHANGE=0 WM_THEMECHANGED=0 WM_DWMCOLORIZATIONCOLORCHANGED=0 WM_SYSCOLORCHANGE=0 other=0
2026-10-03T13:29:52.853+08:00 CYCLE n=745 label=set start=2026-10-03T13:29:49.839+08:00 sets=[mon1=A@+0.4ms/1.7ms/hr=0x00000000] window_ms=3002 total=0 WM_SETTINGCHANGE=0 WM_DISPLAYCHANGE=0 WM_THEMECHANGED=0 WM_DWMCOLORIZATIONCOLORCHANGED=0 WM_SYSCOLORCHANGE=0 other=0
2026-10-03T13:30:02.827+08:00 CYCLE n=746 label=set start=2026-10-03T13:29:59.813+08:00 sets=[mon1=B@+1.0ms/2.6ms/hr=0x00000000] window_ms=3004 total=0 WM_SETTINGCHANGE=0 WM_DISPLAYCHANGE=0 WM_THEMECHANGED=0 WM_DWMCOLORIZATIONCOLORCHANGED=0 WM_SYSCOLORCHANGE=0 other=0
2026-10-03T13:30:12.897+08:00 CYCLE n=747 label=set start=2026-10-03T13:30:09.884+08:00 sets=[mon1=A@+0.8ms/1.8ms/hr=0x00000000] window_ms=3003 total=0 WM_SETTINGCHANGE=0 WM_DISPLAYCHANGE=0 WM_THEMECHANGED=0 WM_DWMCOLORIZATIONCOLORCHANGED=0 WM_SYSCOLORCHANGE=0 other=0
2026-10-03T13:30:22.862+08:00 CYCLE n=748 label=set start=2026-10-03T13:30:19.847+08:00 sets=[mon1=B@+1.5ms/2.0ms/hr=0x00000000] window_ms=3004 total=0 WM_SETTINGCHANGE=0 WM_DISPLAYCHANGE=0 WM_THEMECHANGED=0 WM_DWMCOLORIZATIONCOLORCHANGED=0 WM_SYSCOLORCHANGE=0 other=0
2026-10-03T13:30:32.821+08:00 CYCLE n=749 label=set start=2026-10-03T13:30:29.809+08:00 sets=[mon1=A@+0.6ms/2.0ms/hr=0x00000000] window_ms=3003 total=0 WM_SETTINGCHANGE=0 WM_DISPLAYCHANGE=0 WM_THEMECHANGED=0 WM_DWMCOLORIZATIONCOLORCHANGED=0 WM_SYSCOLORCHANGE=0 other=0
2026-10-03T13:30:42.887+08:00 CYCLE n=750 label=set start=2026-10-03T13:30:39.874+08:00 sets=[mon1=B@+0.4ms/1.6ms/hr=0x00000000] window_ms=3002 total=0 WM_SETTINGCHANGE=0 WM_DISPLAYCHANGE=0 WM_THEMECHANGED=0 WM_DWMCOLORIZATIONCOLORCHANGED=0 WM_SYSCOLORCHANGE=0 other=0
2026-10-03T13:30:52.851+08:00 CYCLE n=751 label=set start=2026-10-03T13:30:49.839+08:00 sets=[mon1=A@+0.5ms/1.7ms/hr=0x00000000] window_ms=3003 total=0 WM_SETTINGCHANGE=0 WM_DISPLAYCHANGE=0 WM_THEMECHANGED=0 WM_DWMCOLORIZATIONCOLORCHANGED=0 WM_SYSCOLORCHANGE=0 other=0
2026-10-03T13:31:02.821+08:00 CYCLE n=752 label=set start=2026-10-03T13:30:59.810+08:00 sets=[mon1=B@+0.5ms/1.8ms/hr=0x00000000] window_ms=3002 total=0 WM_SETTINGCHANGE=0 WM_DISPLAYCHANGE=0 WM_THEMECHANGED=0 WM_DWMCOLORIZATIONCOLORCHANGED=0 WM_SYSCOLORCHANGE=0 other=0
2026-10-03T13:31:12.881+08:00 CYCLE n=753 label=set start=2026-10-03T13:31:09.868+08:00 sets=[mon1=A@+0.4ms/1.7ms/hr=0x00000000] window_ms=3002 total=0 WM_SETTINGCHANGE=0 WM_DISPLAYCHANGE=0 WM_THEMECHANGED=0 WM_DWMCOLORIZATIONCOLORCHANGED=0 WM_SYSCOLORCHANGE=0 other=0
2026-10-03T13:31:22.848+08:00 CYCLE n=754 label=set start=2026-10-03T13:31:19.834+08:00 sets=[mon1=B@+0.6ms/1.6ms/hr=0x00000000] window_ms=3002 total=0 WM_SETTINGCHANGE=0 WM_DISPLAYCHANGE=0 WM_THEMECHANGED=0 WM_DWMCOLORIZATIONCOLORCHANGED=0 WM_SYSCOLORCHANGE=0 other=0
2026-10-03T13:31:32.819+08:00 CYCLE n=755 label=set start=2026-10-03T13:31:29.806+08:00 sets=[mon1=A@+0.4ms/2.3ms/hr=0x00000000] window_ms=3003 total=0 WM_SETTINGCHANGE=0 WM_DISPLAYCHANGE=0 WM_THEMECHANGED=0 WM_DWMCOLORIZATIONCOLORCHANGED=0 WM_SYSCOLORCHANGE=0 other=0
2026-10-03T13:31:42.884+08:00 CYCLE n=756 label=set start=2026-10-03T13:31:39.871+08:00 sets=[mon1=B@+0.4ms/2.1ms/hr=0x00000000] window_ms=3003 total=0 WM_SETTINGCHANGE=0 WM_DISPLAYCHANGE=0 WM_THEMECHANGED=0 WM_DWMCOLORIZATIONCOLORCHANGED=0 WM_SYSCOLORCHANGE=0 other=0
2026-10-03T13:31:52.850+08:00 CYCLE n=757 label=set start=2026-10-03T13:31:49.838+08:00 sets=[mon1=A@+0.6ms/1.6ms/hr=0x00000000] window_ms=3002 total=0 WM_SETTINGCHANGE=0 WM_DISPLAYCHANGE=0 WM_THEMECHANGED=0 WM_DWMCOLORIZATIONCOLORCHANGED=0 WM_SYSCOLORCHANGE=0 other=0
2026-10-03T13:32:02.807+08:00 CYCLE n=758 label=set start=2026-10-03T13:31:59.792+08:00 sets=[mon1=B@+0.7ms/1.8ms/hr=0x00000000] window_ms=3003 total=0 WM_SETTINGCHANGE=0 WM_DISPLAYCHANGE=0 WM_THEMECHANGED=0 WM_DWMCOLORIZATIONCOLORCHANGED=0 WM_SYSCOLORCHANGE=0 other=0
2026-10-03T13:32:12.876+08:00 CYCLE n=759 label=set start=2026-10-03T13:32:09.864+08:00 sets=[mon1=A@+0.9ms/1.7ms/hr=0x00000000] window_ms=3003 total=0 WM_SETTINGCHANGE=0 WM_DISPLAYCHANGE=0 WM_THEMECHANGED=0 WM_DWMCOLORIZATIONCOLORCHANGED=0 WM_SYSCOLORCHANGE=0 other=0
2026-10-03T13:32:22.920+08:00 CYCLE n=760 label=set start=2026-10-03T13:32:19.837+08:00 sets=[mon1=B@+0.5ms/2.1ms/hr=0x00000000] window_ms=3008 total=0 WM_SETTINGCHANGE=0 WM_DISPLAYCHANGE=0 WM_THEMECHANGED=0 WM_DWMCOLORIZATIONCOLORCHANGED=0 WM_SYSCOLORCHANGE=0 other=0
2026-10-03T13:32:32.895+08:00 CYCLE n=761 label=set start=2026-10-03T13:32:29.880+08:00 sets=[mon1=A@+0.6ms/1.8ms/hr=0x00000000] window_ms=3003 total=0 WM_SETTINGCHANGE=0 WM_DISPLAYCHANGE=0 WM_THEMECHANGED=0 WM_DWMCOLORIZATIONCOLORCHANGED=0 WM_SYSCOLORCHANGE=0 other=0
2026-10-03T13:32:42.861+08:00 CYCLE n=762 label=set start=2026-10-03T13:32:39.849+08:00 sets=[mon1=B@+0.6ms/1.8ms/hr=0x00000000] window_ms=3003 total=0 WM_SETTINGCHANGE=0 WM_DISPLAYCHANGE=0 WM_THEMECHANGED=0 WM_DWMCOLORIZATIONCOLORCHANGED=0 WM_SYSCOLORCHANGE=0 other=0
2026-10-03T13:32:52.853+08:00 CYCLE n=763 label=set start=2026-10-03T13:32:49.840+08:00 sets=[mon1=A@+0.3ms/1.3ms/hr=0x00000000] window_ms=3002 total=0 WM_SETTINGCHANGE=0 WM_DISPLAYCHANGE=0 WM_THEMECHANGED=0 WM_DWMCOLORIZATIONCOLORCHANGED=0 WM_SYSCOLORCHANGE=0 other=0
2026-10-03T13:33:02.819+08:00 CYCLE n=764 label=set start=2026-10-03T13:32:59.806+08:00 sets=[mon1=B@+0.6ms/1.9ms/hr=0x00000000] window_ms=3003 total=0 WM_SETTINGCHANGE=0 WM_DISPLAYCHANGE=0 WM_THEMECHANGED=0 WM_DWMCOLORIZATIONCOLORCHANGED=0 WM_SYSCOLORCHANGE=0 other=0
2026-10-03T13:33:12.884+08:00 CYCLE n=765 label=set start=2026-10-03T13:33:09.871+08:00 sets=[mon1=A@+0.6ms/2.1ms/hr=0x00000000] window_ms=3003 total=0 WM_SETTINGCHANGE=0 WM_DISPLAYCHANGE=0 WM_THEMECHANGED=0 WM_DWMCOLORIZATIONCOLORCHANGED=0 WM_SYSCOLORCHANGE=0 other=0
2026-10-03T13:33:22.862+08:00 CYCLE n=766 label=set start=2026-10-03T13:33:19.846+08:00 sets=[mon1=B@+1.5ms/2.2ms/hr=0x00000000] window_ms=3004 total=0 WM_SETTINGCHANGE=0 WM_DISPLAYCHANGE=0 WM_THEMECHANGED=0 WM_DWMCOLORIZATIONCOLORCHANGED=0 WM_SYSCOLORCHANGE=0 other=0
2026-10-03T13:33:32.830+08:00 CYCLE n=767 label=set start=2026-10-03T13:33:29.817+08:00 sets=[mon1=A@+0.9ms/2.3ms/hr=0x00000000] window_ms=3003 total=0 WM_SETTINGCHANGE=0 WM_DISPLAYCHANGE=0 WM_THEMECHANGED=0 WM_DWMCOLORIZATIONCOLORCHANGED=0 WM_SYSCOLORCHANGE=0 other=0
2026-10-03T13:33:42.899+08:00 CYCLE n=768 label=set start=2026-10-03T13:33:39.886+08:00 sets=[mon1=B@+0.8ms/1.4ms/hr=0x00000000] window_ms=3002 total=0 WM_SETTINGCHANGE=0 WM_DISPLAYCHANGE=0 WM_THEMECHANGED=0 WM_DWMCOLORIZATIONCOLORCHANGED=0 WM_SYSCOLORCHANGE=0 other=0
2026-10-03T13:33:52.869+08:00 CYCLE n=769 label=set start=2026-10-03T13:33:49.855+08:00 sets=[mon1=A@+0.4ms/2.3ms/hr=0x00000000] window_ms=3003 total=0 WM_SETTINGCHANGE=0 WM_DISPLAYCHANGE=0 WM_THEMECHANGED=0 WM_DWMCOLORIZATIONCOLORCHANGED=0 WM_SYSCOLORCHANGE=0 other=0
2026-10-03T13:34:02.841+08:00 CYCLE n=770 label=set start=2026-10-03T13:33:59.828+08:00 sets=[mon1=B@+0.4ms/1.7ms/hr=0x00000000] window_ms=3002 total=0 WM_SETTINGCHANGE=0 WM_DISPLAYCHANGE=0 WM_THEMECHANGED=0 WM_DWMCOLORIZATIONCOLORCHANGED=0 WM_SYSCOLORCHANGE=0 other=0
2026-10-03T13:34:12.808+08:00 CYCLE n=771 label=set start=2026-10-03T13:34:09.795+08:00 sets=[mon1=A@+0.4ms/1.7ms/hr=0x00000000] window_ms=3002 total=0 WM_SETTINGCHANGE=0 WM_DISPLAYCHANGE=0 WM_THEMECHANGED=0 WM_DWMCOLORIZATIONCOLORCHANGED=0 WM_SYSCOLORCHANGE=0 other=0
2026-10-03T13:34:22.880+08:00 CYCLE n=772 label=set start=2026-10-03T13:34:19.869+08:00 sets=[mon1=B@+0.4ms/1.8ms/hr=0x00000000] window_ms=3002 total=0 WM_SETTINGCHANGE=0 WM_DISPLAYCHANGE=0 WM_THEMECHANGED=0 WM_DWMCOLORIZATIONCOLORCHANGED=0 WM_SYSCOLORCHANGE=0 other=0
2026-10-03T13:34:32.840+08:00 CYCLE n=773 label=set start=2026-10-03T13:34:29.830+08:00 sets=[mon1=A@+0.4ms/2.0ms/hr=0x00000000] window_ms=3003 total=0 WM_SETTINGCHANGE=0 WM_DISPLAYCHANGE=0 WM_THEMECHANGED=0 WM_DWMCOLORIZATIONCOLORCHANGED=0 WM_SYSCOLORCHANGE=0 other=0
2026-10-03T13:34:42.811+08:00 CYCLE n=774 label=set start=2026-10-03T13:34:39.796+08:00 sets=[mon1=B@+0.5ms/1.6ms/hr=0x00000000] window_ms=3002 total=0 WM_SETTINGCHANGE=0 WM_DISPLAYCHANGE=0 WM_THEMECHANGED=0 WM_DWMCOLORIZATIONCOLORCHANGED=0 WM_SYSCOLORCHANGE=0 other=0
2026-10-03T13:34:52.877+08:00 CYCLE n=775 label=set start=2026-10-03T13:34:49.863+08:00 sets=[mon1=A@+0.4ms/2.2ms/hr=0x00000000] window_ms=3003 total=0 WM_SETTINGCHANGE=0 WM_DISPLAYCHANGE=0 WM_THEMECHANGED=0 WM_DWMCOLORIZATIONCOLORCHANGED=0 WM_SYSCOLORCHANGE=0 other=0
2026-10-03T13:35:02.838+08:00 CYCLE n=776 label=set start=2026-10-03T13:34:59.824+08:00 sets=[mon1=B@+0.4ms/1.9ms/hr=0x00000000] window_ms=3002 total=0 WM_SETTINGCHANGE=0 WM_DISPLAYCHANGE=0 WM_THEMECHANGED=0 WM_DWMCOLORIZATIONCOLORCHANGED=0 WM_SYSCOLORCHANGE=0 other=0
2026-10-03T13:35:12.799+08:00 CYCLE n=777 label=set start=2026-10-03T13:35:09.788+08:00 sets=[mon1=A@+0.4ms/1.6ms/hr=0x00000000] window_ms=3002 total=0 WM_SETTINGCHANGE=0 WM_DISPLAYCHANGE=0 WM_THEMECHANGED=0 WM_DWMCOLORIZATIONCOLORCHANGED=0 WM_SYSCOLORCHANGE=0 other=0
2026-10-03T13:35:22.860+08:00 CYCLE n=778 label=set start=2026-10-03T13:35:19.849+08:00 sets=[mon1=B@+0.5ms/1.6ms/hr=0x00000000] window_ms=3002 total=0 WM_SETTINGCHANGE=0 WM_DISPLAYCHANGE=0 WM_THEMECHANGED=0 WM_DWMCOLORIZATIONCOLORCHANGED=0 WM_SYSCOLORCHANGE=0 other=0
2026-10-03T13:35:32.823+08:00 CYCLE n=779 label=set start=2026-10-03T13:35:29.810+08:00 sets=[mon1=A@+0.4ms/1.5ms/hr=0x00000000] window_ms=3002 total=0 WM_SETTINGCHANGE=0 WM_DISPLAYCHANGE=0 WM_THEMECHANGED=0 WM_DWMCOLORIZATIONCOLORCHANGED=0 WM_SYSCOLORCHANGE=0 other=0
2026-10-03T13:35:42.895+08:00 CYCLE n=780 label=set start=2026-10-03T13:35:39.882+08:00 sets=[mon1=B@+1.1ms/2.3ms/hr=0x00000000] window_ms=3004 total=0 WM_SETTINGCHANGE=0 WM_DISPLAYCHANGE=0 WM_THEMECHANGED=0 WM_DWMCOLORIZATIONCOLORCHANGED=0 WM_SYSCOLORCHANGE=0 other=0
2026-10-03T13:35:52.855+08:00 CYCLE n=781 label=set start=2026-10-03T13:35:49.844+08:00 sets=[mon1=A@+0.5ms/1.3ms/hr=0x00000000] window_ms=3002 total=0 WM_SETTINGCHANGE=0 WM_DISPLAYCHANGE=0 WM_THEMECHANGED=0 WM_DWMCOLORIZATIONCOLORCHANGED=0 WM_SYSCOLORCHANGE=0 other=0
2026-10-03T13:36:02.824+08:00 CYCLE n=782 label=set start=2026-10-03T13:35:59.812+08:00 sets=[mon1=B@+0.6ms/1.6ms/hr=0x00000000] window_ms=3002 total=0 WM_SETTINGCHANGE=0 WM_DISPLAYCHANGE=0 WM_THEMECHANGED=0 WM_DWMCOLORIZATIONCOLORCHANGED=0 WM_SYSCOLORCHANGE=0 other=0
2026-10-03T13:36:12.895+08:00 CYCLE n=783 label=set start=2026-10-03T13:36:09.882+08:00 sets=[mon1=A@+0.7ms/2.5ms/hr=0x00000000] window_ms=3003 total=0 WM_SETTINGCHANGE=0 WM_DISPLAYCHANGE=0 WM_THEMECHANGED=0 WM_DWMCOLORIZATIONCOLORCHANGED=0 WM_SYSCOLORCHANGE=0 other=0
2026-10-03T13:36:22.858+08:00 CYCLE n=784 label=set start=2026-10-03T13:36:19.845+08:00 sets=[mon1=B@+0.4ms/1.9ms/hr=0x00000000] window_ms=3003 total=0 WM_SETTINGCHANGE=0 WM_DISPLAYCHANGE=0 WM_THEMECHANGED=0 WM_DWMCOLORIZATIONCOLORCHANGED=0 WM_SYSCOLORCHANGE=0 other=0
2026-10-03T13:36:32.829+08:00 CYCLE n=785 label=set start=2026-10-03T13:36:29.817+08:00 sets=[mon1=A@+0.6ms/1.8ms/hr=0x00000000] window_ms=3003 total=0 WM_SETTINGCHANGE=0 WM_DISPLAYCHANGE=0 WM_THEMECHANGED=0 WM_DWMCOLORIZATIONCOLORCHANGED=0 WM_SYSCOLORCHANGE=0 other=0
2026-10-03T13:36:42.803+08:00 CYCLE n=786 label=set start=2026-10-03T13:36:39.790+08:00 sets=[mon1=B@+0.4ms/1.6ms/hr=0x00000000] window_ms=3002 total=0 WM_SETTINGCHANGE=0 WM_DISPLAYCHANGE=0 WM_THEMECHANGED=0 WM_DWMCOLORIZATIONCOLORCHANGED=0 WM_SYSCOLORCHANGE=0 other=0
2026-10-03T13:36:52.863+08:00 CYCLE n=787 label=set start=2026-10-03T13:36:49.851+08:00 sets=[mon1=A@+0.4ms/1.8ms/hr=0x00000000] window_ms=3002 total=0 WM_SETTINGCHANGE=0 WM_DISPLAYCHANGE=0 WM_THEMECHANGED=0 WM_DWMCOLORIZATIONCOLORCHANGED=0 WM_SYSCOLORCHANGE=0 other=0
2026-10-03T13:37:02.830+08:00 CYCLE n=788 label=set start=2026-10-03T13:36:59.817+08:00 sets=[mon1=B@+0.5ms/1.6ms/hr=0x00000000] window_ms=3003 total=0 WM_SETTINGCHANGE=0 WM_DISPLAYCHANGE=0 WM_THEMECHANGED=0 WM_DWMCOLORIZATIONCOLORCHANGED=0 WM_SYSCOLORCHANGE=0 other=0
2026-10-03T13:37:12.895+08:00 CYCLE n=789 label=set start=2026-10-03T13:37:09.882+08:00 sets=[mon1=A@+0.4ms/1.6ms/hr=0x00000000] window_ms=3002 total=0 WM_SETTINGCHANGE=0 WM_DISPLAYCHANGE=0 WM_THEMECHANGED=0 WM_DWMCOLORIZATIONCOLORCHANGED=0 WM_SYSCOLORCHANGE=0 other=0
2026-10-03T13:37:22.865+08:00 CYCLE n=790 label=set start=2026-10-03T13:37:19.851+08:00 sets=[mon1=B@+0.4ms/1.7ms/hr=0x00000000] window_ms=3002 total=0 WM_SETTINGCHANGE=0 WM_DISPLAYCHANGE=0 WM_THEMECHANGED=0 WM_DWMCOLORIZATIONCOLORCHANGED=0 WM_SYSCOLORCHANGE=0 other=0
2026-10-03T13:37:32.839+08:00 CYCLE n=791 label=set start=2026-10-03T13:37:29.826+08:00 sets=[mon1=A@+0.4ms/1.8ms/hr=0x00000000] window_ms=3002 total=0 WM_SETTINGCHANGE=0 WM_DISPLAYCHANGE=0 WM_THEMECHANGED=0 WM_DWMCOLORIZATIONCOLORCHANGED=0 WM_SYSCOLORCHANGE=0 other=0
2026-10-03T13:37:42.804+08:00 CYCLE n=792 label=set start=2026-10-03T13:37:39.789+08:00 sets=[mon1=B@+1.4ms/2.5ms/hr=0x00000000] window_ms=3004 total=0 WM_SETTINGCHANGE=0 WM_DISPLAYCHANGE=0 WM_THEMECHANGED=0 WM_DWMCOLORIZATIONCOLORCHANGED=0 WM_SYSCOLORCHANGE=0 other=0
2026-10-03T13:37:52.868+08:00 CYCLE n=793 label=set start=2026-10-03T13:37:49.856+08:00 sets=[mon1=A@+0.4ms/1.9ms/hr=0x00000000] window_ms=3003 total=0 WM_SETTINGCHANGE=0 WM_DISPLAYCHANGE=0 WM_THEMECHANGED=0 WM_DWMCOLORIZATIONCOLORCHANGED=0 WM_SYSCOLORCHANGE=0 other=0
2026-10-03T13:38:02.829+08:00 CYCLE n=794 label=set start=2026-10-03T13:37:59.816+08:00 sets=[mon1=B@+0.4ms/2.1ms/hr=0x00000000] window_ms=3003 total=0 WM_SETTINGCHANGE=0 WM_DISPLAYCHANGE=0 WM_THEMECHANGED=0 WM_DWMCOLORIZATIONCOLORCHANGED=0 WM_SYSCOLORCHANGE=0 other=0
2026-10-03T13:38:12.893+08:00 CYCLE n=795 label=set start=2026-10-03T13:38:09.882+08:00 sets=[mon1=A@+0.5ms/1.7ms/hr=0x00000000] window_ms=3003 total=0 WM_SETTINGCHANGE=0 WM_DISPLAYCHANGE=0 WM_THEMECHANGED=0 WM_DWMCOLORIZATIONCOLORCHANGED=0 WM_SYSCOLORCHANGE=0 other=0
2026-10-03T13:38:22.858+08:00 CYCLE n=796 label=set start=2026-10-03T13:38:19.846+08:00 sets=[mon1=B@+0.4ms/2.1ms/hr=0x00000000] window_ms=3003 total=0 WM_SETTINGCHANGE=0 WM_DISPLAYCHANGE=0 WM_THEMECHANGED=0 WM_DWMCOLORIZATIONCOLORCHANGED=0 WM_SYSCOLORCHANGE=0 other=0
2026-10-03T13:38:32.836+08:00 CYCLE n=797 label=set start=2026-10-03T13:38:29.824+08:00 sets=[mon1=A@+0.5ms/1.5ms/hr=0x00000000] window_ms=3002 total=0 WM_SETTINGCHANGE=0 WM_DISPLAYCHANGE=0 WM_THEMECHANGED=0 WM_DWMCOLORIZATIONCOLORCHANGED=0 WM_SYSCOLORCHANGE=0 other=0
2026-10-03T13:38:42.810+08:00 CYCLE n=798 label=set start=2026-10-03T13:38:39.797+08:00 sets=[mon1=B@+0.7ms/2.2ms/hr=0x00000000] window_ms=3003 total=0 WM_SETTINGCHANGE=0 WM_DISPLAYCHANGE=0 WM_THEMECHANGED=0 WM_DWMCOLORIZATIONCOLORCHANGED=0 WM_SYSCOLORCHANGE=0 other=0
2026-10-03T13:38:52.875+08:00 CYCLE n=799 label=set start=2026-10-03T13:38:49.864+08:00 sets=[mon1=A@+0.4ms/1.7ms/hr=0x00000000] window_ms=3002 total=0 WM_SETTINGCHANGE=0 WM_DISPLAYCHANGE=0 WM_THEMECHANGED=0 WM_DWMCOLORIZATIONCOLORCHANGED=0 WM_SYSCOLORCHANGE=0 other=0
2026-10-03T13:39:02.842+08:00 CYCLE n=800 label=set start=2026-10-03T13:38:59.831+08:00 sets=[mon1=B@+0.5ms/2.1ms/hr=0x00000000] window_ms=3003 total=0 WM_SETTINGCHANGE=0 WM_DISPLAYCHANGE=0 WM_THEMECHANGED=0 WM_DWMCOLORIZATIONCOLORCHANGED=0 WM_SYSCOLORCHANGE=0 other=0
2026-10-03T13:39:12.808+08:00 CYCLE n=801 label=set start=2026-10-03T13:39:09.797+08:00 sets=[mon1=A@+0.9ms/1.7ms/hr=0x00000000] window_ms=3003 total=0 WM_SETTINGCHANGE=0 WM_DISPLAYCHANGE=0 WM_THEMECHANGED=0 WM_DWMCOLORIZATIONCOLORCHANGED=0 WM_SYSCOLORCHANGE=0 other=0
2026-10-03T13:39:22.866+08:00 CYCLE n=802 label=set start=2026-10-03T13:39:19.853+08:00 sets=[mon1=B@+0.4ms/1.9ms/hr=0x00000000] window_ms=3003 total=0 WM_SETTINGCHANGE=0 WM_DISPLAYCHANGE=0 WM_THEMECHANGED=0 WM_DWMCOLORIZATIONCOLORCHANGED=0 WM_SYSCOLORCHANGE=0 other=0
2026-10-03T13:39:32.838+08:00 CYCLE n=803 label=set start=2026-10-03T13:39:29.823+08:00 sets=[mon1=A@+0.5ms/1.8ms/hr=0x00000000] window_ms=3003 total=0 WM_SETTINGCHANGE=0 WM_DISPLAYCHANGE=0 WM_THEMECHANGED=0 WM_DWMCOLORIZATIONCOLORCHANGED=0 WM_SYSCOLORCHANGE=0 other=0
2026-10-03T13:39:42.810+08:00 CYCLE n=804 label=set start=2026-10-03T13:39:39.796+08:00 sets=[mon1=B@+0.9ms/1.9ms/hr=0x00000000] window_ms=3003 total=0 WM_SETTINGCHANGE=0 WM_DISPLAYCHANGE=0 WM_THEMECHANGED=0 WM_DWMCOLORIZATIONCOLORCHANGED=0 WM_SYSCOLORCHANGE=0 other=0
2026-10-03T13:39:52.884+08:00 CYCLE n=805 label=set start=2026-10-03T13:39:49.872+08:00 sets=[mon1=A@+0.4ms/1.9ms/hr=0x00000000] window_ms=3003 total=0 WM_SETTINGCHANGE=0 WM_DISPLAYCHANGE=0 WM_THEMECHANGED=0 WM_DWMCOLORIZATIONCOLORCHANGED=0 WM_SYSCOLORCHANGE=0 other=0
2026-10-03T13:40:02.859+08:00 CYCLE n=806 label=set start=2026-10-03T13:39:59.845+08:00 sets=[mon1=B@+0.5ms/1.5ms/hr=0x00000000] window_ms=3002 total=0 WM_SETTINGCHANGE=0 WM_DISPLAYCHANGE=0 WM_THEMECHANGED=0 WM_DWMCOLORIZATIONCOLORCHANGED=0 WM_SYSCOLORCHANGE=0 other=0
2026-10-03T13:40:12.829+08:00 CYCLE n=807 label=set start=2026-10-03T13:40:09.815+08:00 sets=[mon1=A@+0.9ms/2.3ms/hr=0x00000000] window_ms=3004 total=0 WM_SETTINGCHANGE=0 WM_DISPLAYCHANGE=0 WM_THEMECHANGED=0 WM_DWMCOLORIZATIONCOLORCHANGED=0 WM_SYSCOLORCHANGE=0 other=0
2026-10-03T13:40:22.896+08:00 CYCLE n=808 label=set start=2026-10-03T13:40:19.883+08:00 sets=[mon1=B@+1.3ms/1.6ms/hr=0x00000000] window_ms=3003 total=0 WM_SETTINGCHANGE=0 WM_DISPLAYCHANGE=0 WM_THEMECHANGED=0 WM_DWMCOLORIZATIONCOLORCHANGED=0 WM_SYSCOLORCHANGE=0 other=0
2026-10-03T13:40:32.864+08:00 CYCLE n=809 label=set start=2026-10-03T13:40:29.850+08:00 sets=[mon1=A@+0.6ms/2.4ms/hr=0x00000000] window_ms=3003 total=0 WM_SETTINGCHANGE=0 WM_DISPLAYCHANGE=0 WM_THEMECHANGED=0 WM_DWMCOLORIZATIONCOLORCHANGED=0 WM_SYSCOLORCHANGE=0 other=0
2026-10-03T13:40:42.837+08:00 CYCLE n=810 label=set start=2026-10-03T13:40:39.826+08:00 sets=[mon1=B@+0.4ms/1.9ms/hr=0x00000000] window_ms=3002 total=0 WM_SETTINGCHANGE=0 WM_DISPLAYCHANGE=0 WM_THEMECHANGED=0 WM_DWMCOLORIZATIONCOLORCHANGED=0 WM_SYSCOLORCHANGE=0 other=0
2026-10-03T13:40:52.838+08:00 CYCLE n=811 label=set start=2026-10-03T13:40:49.826+08:00 sets=[mon1=A@+0.8ms/1.7ms/hr=0x00000000] window_ms=3003 total=0 WM_SETTINGCHANGE=0 WM_DISPLAYCHANGE=0 WM_THEMECHANGED=0 WM_DWMCOLORIZATIONCOLORCHANGED=0 WM_SYSCOLORCHANGE=0 other=0
2026-10-03T13:41:02.898+08:00 CYCLE n=812 label=set start=2026-10-03T13:40:59.886+08:00 sets=[mon1=B@+0.5ms/1.7ms/hr=0x00000000] window_ms=3002 total=0 WM_SETTINGCHANGE=0 WM_DISPLAYCHANGE=0 WM_THEMECHANGED=0 WM_DWMCOLORIZATIONCOLORCHANGED=0 WM_SYSCOLORCHANGE=0 other=0
2026-10-03T13:41:12.867+08:00 CYCLE n=813 label=set start=2026-10-03T13:41:09.853+08:00 sets=[mon1=A@+0.4ms/2.3ms/hr=0x00000000] window_ms=3003 total=0 WM_SETTINGCHANGE=0 WM_DISPLAYCHANGE=0 WM_THEMECHANGED=0 WM_DWMCOLORIZATIONCOLORCHANGED=0 WM_SYSCOLORCHANGE=0 other=0
2026-10-03T13:41:22.839+08:00 CYCLE n=814 label=set start=2026-10-03T13:41:19.827+08:00 sets=[mon1=B@+0.5ms/2.0ms/hr=0x00000000] window_ms=3003 total=0 WM_SETTINGCHANGE=0 WM_DISPLAYCHANGE=0 WM_THEMECHANGED=0 WM_DWMCOLORIZATIONCOLORCHANGED=0 WM_SYSCOLORCHANGE=0 other=0
2026-10-03T13:41:32.808+08:00 CYCLE n=815 label=set start=2026-10-03T13:41:29.795+08:00 sets=[mon1=A@+0.5ms/1.6ms/hr=0x00000000] window_ms=3002 total=0 WM_SETTINGCHANGE=0 WM_DISPLAYCHANGE=0 WM_THEMECHANGED=0 WM_DWMCOLORIZATIONCOLORCHANGED=0 WM_SYSCOLORCHANGE=0 other=0
2026-10-03T13:41:42.873+08:00 CYCLE n=816 label=set start=2026-10-03T13:41:39.858+08:00 sets=[mon1=B@+1.3ms/2.8ms/hr=0x00000000] window_ms=3004 total=0 WM_SETTINGCHANGE=0 WM_DISPLAYCHANGE=0 WM_THEMECHANGED=0 WM_DWMCOLORIZATIONCOLORCHANGED=0 WM_SYSCOLORCHANGE=0 other=0
2026-10-03T13:41:52.845+08:00 CYCLE n=817 label=set start=2026-10-03T13:41:49.832+08:00 sets=[mon1=A@+0.8ms/1.5ms/hr=0x00000000] window_ms=3002 total=0 WM_SETTINGCHANGE=0 WM_DISPLAYCHANGE=0 WM_THEMECHANGED=0 WM_DWMCOLORIZATIONCOLORCHANGED=0 WM_SYSCOLORCHANGE=0 other=0
2026-10-03T13:42:02.808+08:00 CYCLE n=818 label=set start=2026-10-03T13:41:59.795+08:00 sets=[mon1=B@+0.8ms/1.5ms/hr=0x00000000] window_ms=3003 total=0 WM_SETTINGCHANGE=0 WM_DISPLAYCHANGE=0 WM_THEMECHANGED=0 WM_DWMCOLORIZATIONCOLORCHANGED=0 WM_SYSCOLORCHANGE=0 other=0
2026-10-03T13:42:12.874+08:00 CYCLE n=819 label=set start=2026-10-03T13:42:09.862+08:00 sets=[mon1=A@+0.8ms/1.9ms/hr=0x00000000] window_ms=3003 total=0 WM_SETTINGCHANGE=0 WM_DISPLAYCHANGE=0 WM_THEMECHANGED=0 WM_DWMCOLORIZATIONCOLORCHANGED=0 WM_SYSCOLORCHANGE=0 other=0
2026-10-03T13:42:22.843+08:00 CYCLE n=820 label=set start=2026-10-03T13:42:19.830+08:00 sets=[mon1=B@+0.4ms/1.9ms/hr=0x00000000] window_ms=3003 total=0 WM_SETTINGCHANGE=0 WM_DISPLAYCHANGE=0 WM_THEMECHANGED=0 WM_DWMCOLORIZATIONCOLORCHANGED=0 WM_SYSCOLORCHANGE=0 other=0
2026-10-03T13:42:32.804+08:00 CYCLE n=821 label=set start=2026-10-03T13:42:29.793+08:00 sets=[mon1=A@+0.5ms/1.5ms/hr=0x00000000] window_ms=3002 total=0 WM_SETTINGCHANGE=0 WM_DISPLAYCHANGE=0 WM_THEMECHANGED=0 WM_DWMCOLORIZATIONCOLORCHANGED=0 WM_SYSCOLORCHANGE=0 other=0
2026-10-03T13:42:42.869+08:00 CYCLE n=822 label=set start=2026-10-03T13:42:39.855+08:00 sets=[mon1=B@+0.5ms/1.7ms/hr=0x00000000] window_ms=3002 total=0 WM_SETTINGCHANGE=0 WM_DISPLAYCHANGE=0 WM_THEMECHANGED=0 WM_DWMCOLORIZATIONCOLORCHANGED=0 WM_SYSCOLORCHANGE=0 other=0
2026-10-03T13:42:52.836+08:00 CYCLE n=823 label=set start=2026-10-03T13:42:49.825+08:00 sets=[mon1=A@+0.4ms/1.8ms/hr=0x00000000] window_ms=3002 total=0 WM_SETTINGCHANGE=0 WM_DISPLAYCHANGE=0 WM_THEMECHANGED=0 WM_DWMCOLORIZATIONCOLORCHANGED=0 WM_SYSCOLORCHANGE=0 other=0
2026-10-03T13:43:02.802+08:00 CYCLE n=824 label=set start=2026-10-03T13:42:59.789+08:00 sets=[mon1=B@+0.5ms/2.5ms/hr=0x00000000] window_ms=3003 total=0 WM_SETTINGCHANGE=0 WM_DISPLAYCHANGE=0 WM_THEMECHANGED=0 WM_DWMCOLORIZATIONCOLORCHANGED=0 WM_SYSCOLORCHANGE=0 other=0
2026-10-03T13:43:12.864+08:00 CYCLE n=825 label=set start=2026-10-03T13:43:09.852+08:00 sets=[mon1=A@+0.5ms/1.8ms/hr=0x00000000] window_ms=3003 total=0 WM_SETTINGCHANGE=0 WM_DISPLAYCHANGE=0 WM_THEMECHANGED=0 WM_DWMCOLORIZATIONCOLORCHANGED=0 WM_SYSCOLORCHANGE=0 other=0
2026-10-03T13:43:22.821+08:00 CYCLE n=826 label=set start=2026-10-03T13:43:19.809+08:00 sets=[mon1=B@+0.4ms/1.8ms/hr=0x00000000] window_ms=3003 total=0 WM_SETTINGCHANGE=0 WM_DISPLAYCHANGE=0 WM_THEMECHANGED=0 WM_DWMCOLORIZATIONCOLORCHANGED=0 WM_SYSCOLORCHANGE=0 other=0
2026-10-03T13:43:32.894+08:00 CYCLE n=827 label=set start=2026-10-03T13:43:29.882+08:00 sets=[mon1=A@+0.4ms/1.3ms/hr=0x00000000] window_ms=3002 total=0 WM_SETTINGCHANGE=0 WM_DISPLAYCHANGE=0 WM_THEMECHANGED=0 WM_DWMCOLORIZATIONCOLORCHANGED=0 WM_SYSCOLORCHANGE=0 other=0
2026-10-03T13:43:42.867+08:00 CYCLE n=828 label=set start=2026-10-03T13:43:39.853+08:00 sets=[mon1=B@+0.6ms/1.8ms/hr=0x00000000] window_ms=3003 total=0 WM_SETTINGCHANGE=0 WM_DISPLAYCHANGE=0 WM_THEMECHANGED=0 WM_DWMCOLORIZATIONCOLORCHANGED=0 WM_SYSCOLORCHANGE=0 other=0
2026-10-03T13:43:52.829+08:00 CYCLE n=829 label=set start=2026-10-03T13:43:49.817+08:00 sets=[mon1=A@+0.4ms/1.6ms/hr=0x00000000] window_ms=3002 total=0 WM_SETTINGCHANGE=0 WM_DISPLAYCHANGE=0 WM_THEMECHANGED=0 WM_DWMCOLORIZATIONCOLORCHANGED=0 WM_SYSCOLORCHANGE=0 other=0
2026-10-03T13:44:02.887+08:00 CYCLE n=830 label=set start=2026-10-03T13:43:59.875+08:00 sets=[mon1=B@+0.4ms/1.6ms/hr=0x00000000] window_ms=3002 total=0 WM_SETTINGCHANGE=0 WM_DISPLAYCHANGE=0 WM_THEMECHANGED=0 WM_DWMCOLORIZATIONCOLORCHANGED=0 WM_SYSCOLORCHANGE=0 other=0
2026-10-03T13:44:12.851+08:00 CYCLE n=831 label=set start=2026-10-03T13:44:09.839+08:00 sets=[mon1=A@+0.4ms/1.5ms/hr=0x00000000] window_ms=3002 total=0 WM_SETTINGCHANGE=0 WM_DISPLAYCHANGE=0 WM_THEMECHANGED=0 WM_DWMCOLORIZATIONCOLORCHANGED=0 WM_SYSCOLORCHANGE=0 other=0
2026-10-03T13:44:22.808+08:00 CYCLE n=832 label=set start=2026-10-03T13:44:19.797+08:00 sets=[mon1=B@+0.4ms/1.4ms/hr=0x00000000] window_ms=3002 total=0 WM_SETTINGCHANGE=0 WM_DISPLAYCHANGE=0 WM_THEMECHANGED=0 WM_DWMCOLORIZATIONCOLORCHANGED=0 WM_SYSCOLORCHANGE=0 other=0
2026-10-03T13:44:32.873+08:00 CYCLE n=833 label=set start=2026-10-03T13:44:29.860+08:00 sets=[mon1=A@+0.6ms/1.4ms/hr=0x00000000] window_ms=3002 total=0 WM_SETTINGCHANGE=0 WM_DISPLAYCHANGE=0 WM_THEMECHANGED=0 WM_DWMCOLORIZATIONCOLORCHANGED=0 WM_SYSCOLORCHANGE=0 other=0
2026-10-03T13:44:42.831+08:00 CYCLE n=834 label=set start=2026-10-03T13:44:39.819+08:00 sets=[mon1=B@+0.5ms/1.7ms/hr=0x00000000] window_ms=3002 total=0 WM_SETTINGCHANGE=0 WM_DISPLAYCHANGE=0 WM_THEMECHANGED=0 WM_DWMCOLORIZATIONCOLORCHANGED=0 WM_SYSCOLORCHANGE=0 other=0
2026-10-03T13:44:52.900+08:00 CYCLE n=835 label=set start=2026-10-03T13:44:49.887+08:00 sets=[mon1=A@+1.1ms/1.4ms/hr=0x00000000] window_ms=3003 total=0 WM_SETTINGCHANGE=0 WM_DISPLAYCHANGE=0 WM_THEMECHANGED=0 WM_DWMCOLORIZATIONCOLORCHANGED=0 WM_SYSCOLORCHANGE=0 other=0
2026-10-03T13:45:02.873+08:00 CYCLE n=836 label=set start=2026-10-03T13:44:59.862+08:00 sets=[mon1=B@+0.6ms/1.4ms/hr=0x00000000] window_ms=3002 total=0 WM_SETTINGCHANGE=0 WM_DISPLAYCHANGE=0 WM_THEMECHANGED=0 WM_DWMCOLORIZATIONCOLORCHANGED=0 WM_SYSCOLORCHANGE=0 other=0
2026-10-03T13:45:12.834+08:00 CYCLE n=837 label=set start=2026-10-03T13:45:09.822+08:00 sets=[mon1=A@+0.6ms/2.1ms/hr=0x00000000] window_ms=3003 total=0 WM_SETTINGCHANGE=0 WM_DISPLAYCHANGE=0 WM_THEMECHANGED=0 WM_DWMCOLORIZATIONCOLORCHANGED=0 WM_SYSCOLORCHANGE=0 other=0
2026-10-03T13:45:22.897+08:00 CYCLE n=838 label=set start=2026-10-03T13:45:19.883+08:00 sets=[mon1=B@+0.4ms/1.9ms/hr=0x00000000] window_ms=3003 total=0 WM_SETTINGCHANGE=0 WM_DISPLAYCHANGE=0 WM_THEMECHANGED=0 WM_DWMCOLORIZATIONCOLORCHANGED=0 WM_SYSCOLORCHANGE=0 other=0
2026-10-03T13:45:32.863+08:00 CYCLE n=839 label=set start=2026-10-03T13:45:29.851+08:00 sets=[mon1=A@+0.4ms/1.7ms/hr=0x00000000] window_ms=3002 total=0 WM_SETTINGCHANGE=0 WM_DISPLAYCHANGE=0 WM_THEMECHANGED=0 WM_DWMCOLORIZATIONCOLORCHANGED=0 WM_SYSCOLORCHANGE=0 other=0
2026-10-03T13:45:42.826+08:00 CYCLE n=840 label=set start=2026-10-03T13:45:39.813+08:00 sets=[mon1=B@+0.5ms/1.4ms/hr=0x00000000] window_ms=3002 total=0 WM_SETTINGCHANGE=0 WM_DISPLAYCHANGE=0 WM_THEMECHANGED=0 WM_DWMCOLORIZATIONCOLORCHANGED=0 WM_SYSCOLORCHANGE=0 other=0
2026-10-03T13:45:52.882+08:00 CYCLE n=841 label=set start=2026-10-03T13:45:49.870+08:00 sets=[mon1=A@+0.5ms/1.8ms/hr=0x00000000] window_ms=3002 total=0 WM_SETTINGCHANGE=0 WM_DISPLAYCHANGE=0 WM_THEMECHANGED=0 WM_DWMCOLORIZATIONCOLORCHANGED=0 WM_SYSCOLORCHANGE=0 other=0
2026-10-03T13:46:02.844+08:00 CYCLE n=842 label=set start=2026-10-03T13:45:59.831+08:00 sets=[mon1=B@+0.4ms/1.3ms/hr=0x00000000] window_ms=3002 total=0 WM_SETTINGCHANGE=0 WM_DISPLAYCHANGE=0 WM_THEMECHANGED=0 WM_DWMCOLORIZATIONCOLORCHANGED=0 WM_SYSCOLORCHANGE=0 other=0
2026-10-03T13:46:12.806+08:00 CYCLE n=843 label=set start=2026-10-03T13:46:09.794+08:00 sets=[mon1=A@+0.8ms/2.3ms/hr=0x00000000] window_ms=3003 total=0 WM_SETTINGCHANGE=0 WM_DISPLAYCHANGE=0 WM_THEMECHANGED=0 WM_DWMCOLORIZATIONCOLORCHANGED=0 WM_SYSCOLORCHANGE=0 other=0
2026-10-03T13:46:22.877+08:00 CYCLE n=844 label=set start=2026-10-03T13:46:19.865+08:00 sets=[mon1=B@+0.7ms/2.2ms/hr=0x00000000] window_ms=3003 total=0 WM_SETTINGCHANGE=0 WM_DISPLAYCHANGE=0 WM_THEMECHANGED=0 WM_DWMCOLORIZATIONCOLORCHANGED=0 WM_SYSCOLORCHANGE=0 other=0
2026-10-03T13:46:32.868+08:00 CYCLE n=845 label=set start=2026-10-03T13:46:29.855+08:00 sets=[mon1=A@+0.8ms/1.9ms/hr=0x00000000] window_ms=3003 total=0 WM_SETTINGCHANGE=0 WM_DISPLAYCHANGE=0 WM_THEMECHANGED=0 WM_DWMCOLORIZATIONCOLORCHANGED=0 WM_SYSCOLORCHANGE=0 other=0
2026-10-03T13:46:42.841+08:00 CYCLE n=846 label=set start=2026-10-03T13:46:39.829+08:00 sets=[mon1=B@+0.6ms/1.9ms/hr=0x00000000] window_ms=3003 total=0 WM_SETTINGCHANGE=0 WM_DISPLAYCHANGE=0 WM_THEMECHANGED=0 WM_DWMCOLORIZATIONCOLORCHANGED=0 WM_SYSCOLORCHANGE=0 other=0
2026-10-03T13:46:52.809+08:00 CYCLE n=847 label=set start=2026-10-03T13:46:49.797+08:00 sets=[mon1=A@+0.5ms/1.9ms/hr=0x00000000] window_ms=3003 total=0 WM_SETTINGCHANGE=0 WM_DISPLAYCHANGE=0 WM_THEMECHANGED=0 WM_DWMCOLORIZATIONCOLORCHANGED=0 WM_SYSCOLORCHANGE=0 other=0
2026-10-03T13:47:02.875+08:00 CYCLE n=848 label=set start=2026-10-03T13:46:59.862+08:00 sets=[mon1=B@+0.5ms/1.3ms/hr=0x00000000] window_ms=3002 total=0 WM_SETTINGCHANGE=0 WM_DISPLAYCHANGE=0 WM_THEMECHANGED=0 WM_DWMCOLORIZATIONCOLORCHANGED=0 WM_SYSCOLORCHANGE=0 other=0
2026-10-03T13:47:12.834+08:00 CYCLE n=849 label=set start=2026-10-03T13:47:09.821+08:00 sets=[mon1=A@+0.4ms/2.5ms/hr=0x00000000] window_ms=3003 total=0 WM_SETTINGCHANGE=0 WM_DISPLAYCHANGE=0 WM_THEMECHANGED=0 WM_DWMCOLORIZATIONCOLORCHANGED=0 WM_SYSCOLORCHANGE=0 other=0
2026-10-03T13:47:22.802+08:00 CYCLE n=850 label=set start=2026-10-03T13:47:19.791+08:00 sets=[mon1=B@+0.8ms/1.8ms/hr=0x00000000] window_ms=3003 total=0 WM_SETTINGCHANGE=0 WM_DISPLAYCHANGE=0 WM_THEMECHANGED=0 WM_DWMCOLORIZATIONCOLORCHANGED=0 WM_SYSCOLORCHANGE=0 other=0
2026-10-03T13:47:32.866+08:00 CYCLE n=851 label=set start=2026-10-03T13:47:29.854+08:00 sets=[mon1=A@+0.6ms/2.1ms/hr=0x00000000] window_ms=3003 total=0 WM_SETTINGCHANGE=0 WM_DISPLAYCHANGE=0 WM_THEMECHANGED=0 WM_DWMCOLORIZATIONCOLORCHANGED=0 WM_SYSCOLORCHANGE=0 other=0
2026-10-03T13:47:42.848+08:00 CYCLE n=852 label=set start=2026-10-03T13:47:39.827+08:00 sets=[mon1=B@+0.5ms/1.4ms/hr=0x00000000] window_ms=3002 total=0 WM_SETTINGCHANGE=0 WM_DISPLAYCHANGE=0 WM_THEMECHANGED=0 WM_DWMCOLORIZATIONCOLORCHANGED=0 WM_SYSCOLORCHANGE=0 other=0
2026-10-03T13:47:52.851+08:00 CYCLE n=853 label=set start=2026-10-03T13:47:49.838+08:00 sets=[mon1=A@+0.8ms/1.9ms/hr=0x00000000] window_ms=3003 total=0 WM_SETTINGCHANGE=0 WM_DISPLAYCHANGE=0 WM_THEMECHANGED=0 WM_DWMCOLORIZATIONCOLORCHANGED=0 WM_SYSCOLORCHANGE=0 other=0
2026-10-03T13:48:02.818+08:00 CYCLE n=854 label=set start=2026-10-03T13:47:59.806+08:00 sets=[mon1=B@+0.5ms/2.1ms/hr=0x00000000] window_ms=3003 total=0 WM_SETTINGCHANGE=0 WM_DISPLAYCHANGE=0 WM_THEMECHANGED=0 WM_DWMCOLORIZATIONCOLORCHANGED=0 WM_SYSCOLORCHANGE=0 other=0
2026-10-03T13:48:12.890+08:00 CYCLE n=855 label=set start=2026-10-03T13:48:09.877+08:00 sets=[mon1=A@+0.5ms/1.9ms/hr=0x00000000] window_ms=3003 total=0 WM_SETTINGCHANGE=0 WM_DISPLAYCHANGE=0 WM_THEMECHANGED=0 WM_DWMCOLORIZATIONCOLORCHANGED=0 WM_SYSCOLORCHANGE=0 other=0
2026-10-03T13:48:22.861+08:00 CYCLE n=856 label=set start=2026-10-03T13:48:19.848+08:00 sets=[mon1=B@+0.4ms/1.3ms/hr=0x00000000] window_ms=3002 total=0 WM_SETTINGCHANGE=0 WM_DISPLAYCHANGE=0 WM_THEMECHANGED=0 WM_DWMCOLORIZATIONCOLORCHANGED=0 WM_SYSCOLORCHANGE=0 other=0
2026-10-03T13:48:32.820+08:00 CYCLE n=857 label=set start=2026-10-03T13:48:29.809+08:00 sets=[mon1=A@+0.4ms/1.6ms/hr=0x00000000] window_ms=3002 total=0 WM_SETTINGCHANGE=0 WM_DISPLAYCHANGE=0 WM_THEMECHANGED=0 WM_DWMCOLORIZATIONCOLORCHANGED=0 WM_SYSCOLORCHANGE=0 other=0
2026-10-03T13:48:42.888+08:00 CYCLE n=858 label=set start=2026-10-03T13:48:39.875+08:00 sets=[mon1=B@+1.0ms/1.5ms/hr=0x00000000] window_ms=3003 total=0 WM_SETTINGCHANGE=0 WM_DISPLAYCHANGE=0 WM_THEMECHANGED=0 WM_DWMCOLORIZATIONCOLORCHANGED=0 WM_SYSCOLORCHANGE=0 other=0
2026-10-03T13:48:52.857+08:00 CYCLE n=859 label=set start=2026-10-03T13:48:49.845+08:00 sets=[mon1=A@+0.5ms/1.7ms/hr=0x00000000] window_ms=3002 total=0 WM_SETTINGCHANGE=0 WM_DISPLAYCHANGE=0 WM_THEMECHANGED=0 WM_DWMCOLORIZATIONCOLORCHANGED=0 WM_SYSCOLORCHANGE=0 other=0
2026-10-03T13:49:02.820+08:00 CYCLE n=860 label=set start=2026-10-03T13:48:59.806+08:00 sets=[mon1=B@+0.3ms/1.9ms/hr=0x00000000] window_ms=3002 total=0 WM_SETTINGCHANGE=0 WM_DISPLAYCHANGE=0 WM_THEMECHANGED=0 WM_DWMCOLORIZATIONCOLORCHANGED=0 WM_SYSCOLORCHANGE=0 other=0
2026-10-03T13:49:12.892+08:00 CYCLE n=861 label=set start=2026-10-03T13:49:09.879+08:00 sets=[mon1=A@+0.7ms/1.7ms/hr=0x00000000] window_ms=3003 total=0 WM_SETTINGCHANGE=0 WM_DISPLAYCHANGE=0 WM_THEMECHANGED=0 WM_DWMCOLORIZATIONCOLORCHANGED=0 WM_SYSCOLORCHANGE=0 other=0
2026-10-03T13:49:22.860+08:00 CYCLE n=862 label=set start=2026-10-03T13:49:19.847+08:00 sets=[mon1=B@+0.6ms/1.3ms/hr=0x00000000] window_ms=3002 total=0 WM_SETTINGCHANGE=0 WM_DISPLAYCHANGE=0 WM_THEMECHANGED=0 WM_DWMCOLORIZATIONCOLORCHANGED=0 WM_SYSCOLORCHANGE=0 other=0
2026-10-03T13:49:32.821+08:00 CYCLE n=863 label=set start=2026-10-03T13:49:29.809+08:00 sets=[mon1=A@+0.5ms/2.0ms/hr=0x00000000] window_ms=3003 total=0 WM_SETTINGCHANGE=0 WM_DISPLAYCHANGE=0 WM_THEMECHANGED=0 WM_DWMCOLORIZATIONCOLORCHANGED=0 WM_SYSCOLORCHANGE=0 other=0
2026-10-03T13:49:42.883+08:00 CYCLE n=864 label=set start=2026-10-03T13:49:39.868+08:00 sets=[mon1=B@+1.1ms/2.0ms/hr=0x00000000] window_ms=3003 total=0 WM_SETTINGCHANGE=0 WM_DISPLAYCHANGE=0 WM_THEMECHANGED=0 WM_DWMCOLORIZATIONCOLORCHANGED=0 WM_SYSCOLORCHANGE=0 other=0
2026-10-03T13:49:52.841+08:00 CYCLE n=865 label=set start=2026-10-03T13:49:49.827+08:00 sets=[mon1=A@+0.4ms/1.4ms/hr=0x00000000] window_ms=3002 total=0 WM_SETTINGCHANGE=0 WM_DISPLAYCHANGE=0 WM_THEMECHANGED=0 WM_DWMCOLORIZATIONCOLORCHANGED=0 WM_SYSCOLORCHANGE=0 other=0
2026-10-03T13:50:02.817+08:00 CYCLE n=866 label=set start=2026-10-03T13:49:59.794+08:00 sets=[mon1=B@+0.7ms/9.1ms/hr=0x00000000] window_ms=3010 total=0 WM_SETTINGCHANGE=0 WM_DISPLAYCHANGE=0 WM_THEMECHANGED=0 WM_DWMCOLORIZATIONCOLORCHANGED=0 WM_SYSCOLORCHANGE=0 other=0
2026-10-03T13:50:12.878+08:00 CYCLE n=867 label=set start=2026-10-03T13:50:09.864+08:00 sets=[mon1=A@+0.5ms/2.2ms/hr=0x00000000] window_ms=3003 total=0 WM_SETTINGCHANGE=0 WM_DISPLAYCHANGE=0 WM_THEMECHANGED=0 WM_DWMCOLORIZATIONCOLORCHANGED=0 WM_SYSCOLORCHANGE=0 other=0
2026-10-03T13:50:22.849+08:00 CYCLE n=868 label=set start=2026-10-03T13:50:19.837+08:00 sets=[mon1=B@+0.7ms/1.6ms/hr=0x00000000] window_ms=3002 total=0 WM_SETTINGCHANGE=0 WM_DISPLAYCHANGE=0 WM_THEMECHANGED=0 WM_DWMCOLORIZATIONCOLORCHANGED=0 WM_SYSCOLORCHANGE=0 other=0
2026-10-03T13:50:32.822+08:00 CYCLE n=869 label=set start=2026-10-03T13:50:29.809+08:00 sets=[mon1=A@+0.5ms/2.0ms/hr=0x00000000] window_ms=3003 total=0 WM_SETTINGCHANGE=0 WM_DISPLAYCHANGE=0 WM_THEMECHANGED=0 WM_DWMCOLORIZATIONCOLORCHANGED=0 WM_SYSCOLORCHANGE=0 other=0
2026-10-03T13:50:42.880+08:00 CYCLE n=870 label=set start=2026-10-03T13:50:39.867+08:00 sets=[mon1=B@+0.7ms/2.1ms/hr=0x00000000] window_ms=3003 total=0 WM_SETTINGCHANGE=0 WM_DISPLAYCHANGE=0 WM_THEMECHANGED=0 WM_DWMCOLORIZATIONCOLORCHANGED=0 WM_SYSCOLORCHANGE=0 other=0
2026-10-03T13:50:52.844+08:00 CYCLE n=871 label=set start=2026-10-03T13:50:49.831+08:00 sets=[mon1=A@+0.5ms/2.0ms/hr=0x00000000] window_ms=3003 total=0 WM_SETTINGCHANGE=0 WM_DISPLAYCHANGE=0 WM_THEMECHANGED=0 WM_DWMCOLORIZATIONCOLORCHANGED=0 WM_SYSCOLORCHANGE=0 other=0
2026-10-03T13:51:02.824+08:00 CYCLE n=872 label=set start=2026-10-03T13:50:59.804+08:00 sets=[mon1=B@+0.8ms/6.8ms/hr=0x00000000] window_ms=3008 total=0 WM_SETTINGCHANGE=0 WM_DISPLAYCHANGE=0 WM_THEMECHANGED=0 WM_DWMCOLORIZATIONCOLORCHANGED=0 WM_SYSCOLORCHANGE=0 other=0
2026-10-03T13:51:12.896+08:00 CYCLE n=873 label=set start=2026-10-03T13:51:09.883+08:00 sets=[mon1=A@+0.4ms/2.2ms/hr=0x00000000] window_ms=3003 total=0 WM_SETTINGCHANGE=0 WM_DISPLAYCHANGE=0 WM_THEMECHANGED=0 WM_DWMCOLORIZATIONCOLORCHANGED=0 WM_SYSCOLORCHANGE=0 other=0
2026-10-03T13:51:22.864+08:00 CYCLE n=874 label=set start=2026-10-03T13:51:19.852+08:00 sets=[mon1=B@+0.4ms/1.6ms/hr=0x00000000] window_ms=3002 total=0 WM_SETTINGCHANGE=0 WM_DISPLAYCHANGE=0 WM_THEMECHANGED=0 WM_DWMCOLORIZATIONCOLORCHANGED=0 WM_SYSCOLORCHANGE=0 other=0
2026-10-03T13:51:32.835+08:00 CYCLE n=875 label=set start=2026-10-03T13:51:29.821+08:00 sets=[mon1=A@+0.7ms/1.9ms/hr=0x00000000] window_ms=3003 total=0 WM_SETTINGCHANGE=0 WM_DISPLAYCHANGE=0 WM_THEMECHANGED=0 WM_DWMCOLORIZATIONCOLORCHANGED=0 WM_SYSCOLORCHANGE=0 other=0
2026-10-03T13:51:42.895+08:00 CYCLE n=876 label=set start=2026-10-03T13:51:39.882+08:00 sets=[mon1=B@+0.5ms/2.0ms/hr=0x00000000] window_ms=3003 total=0 WM_SETTINGCHANGE=0 WM_DISPLAYCHANGE=0 WM_THEMECHANGED=0 WM_DWMCOLORIZATIONCOLORCHANGED=0 WM_SYSCOLORCHANGE=0 other=0
2026-10-03T13:51:52.864+08:00 CYCLE n=877 label=set start=2026-10-03T13:51:49.850+08:00 sets=[mon1=A@+0.6ms/1.8ms/hr=0x00000000] window_ms=3003 total=0 WM_SETTINGCHANGE=0 WM_DISPLAYCHANGE=0 WM_THEMECHANGED=0 WM_DWMCOLORIZATIONCOLORCHANGED=0 WM_SYSCOLORCHANGE=0 other=0
2026-10-03T13:52:02.834+08:00 CYCLE n=878 label=set start=2026-10-03T13:51:59.815+08:00 sets=[mon1=B@+0.6ms/7.3ms/hr=0x00000000] window_ms=3008 total=0 WM_SETTINGCHANGE=0 WM_DISPLAYCHANGE=0 WM_THEMECHANGED=0 WM_DWMCOLORIZATIONCOLORCHANGED=0 WM_SYSCOLORCHANGE=0 other=0
2026-10-03T13:52:12.900+08:00 CYCLE n=879 label=set start=2026-10-03T13:52:09.885+08:00 sets=[mon1=A@+0.3ms/2.3ms/hr=0x00000000] window_ms=3003 total=0 WM_SETTINGCHANGE=0 WM_DISPLAYCHANGE=0 WM_THEMECHANGED=0 WM_DWMCOLORIZATIONCOLORCHANGED=0 WM_SYSCOLORCHANGE=0 other=0
2026-10-03T13:52:22.865+08:00 CYCLE n=880 label=set start=2026-10-03T13:52:19.852+08:00 sets=[mon1=B@+0.4ms/2.0ms/hr=0x00000000] window_ms=3003 total=0 WM_SETTINGCHANGE=0 WM_DISPLAYCHANGE=0 WM_THEMECHANGED=0 WM_DWMCOLORIZATIONCOLORCHANGED=0 WM_SYSCOLORCHANGE=0 other=0
2026-10-03T13:52:32.832+08:00 CYCLE n=881 label=set start=2026-10-03T13:52:29.821+08:00 sets=[mon1=A@+0.5ms/1.4ms/hr=0x00000000] window_ms=3002 total=0 WM_SETTINGCHANGE=0 WM_DISPLAYCHANGE=0 WM_THEMECHANGED=0 WM_DWMCOLORIZATIONCOLORCHANGED=0 WM_SYSCOLORCHANGE=0 other=0
2026-10-03T13:52:42.892+08:00 CYCLE n=882 label=set start=2026-10-03T13:52:39.879+08:00 sets=[mon1=B@+0.9ms/1.7ms/hr=0x00000000] window_ms=3003 total=0 WM_SETTINGCHANGE=0 WM_DISPLAYCHANGE=0 WM_THEMECHANGED=0 WM_DWMCOLORIZATIONCOLORCHANGED=0 WM_SYSCOLORCHANGE=0 other=0
2026-10-03T13:52:52.859+08:00 CYCLE n=883 label=set start=2026-10-03T13:52:49.847+08:00 sets=[mon1=A@+0.4ms/1.6ms/hr=0x00000000] window_ms=3002 total=0 WM_SETTINGCHANGE=0 WM_DISPLAYCHANGE=0 WM_THEMECHANGED=0 WM_DWMCOLORIZATIONCOLORCHANGED=0 WM_SYSCOLORCHANGE=0 other=0
2026-10-03T13:53:02.838+08:00 CYCLE n=884 label=set start=2026-10-03T13:52:59.818+08:00 sets=[mon1=B@+1.1ms/9.1ms/hr=0x00000000] window_ms=3010 total=0 WM_SETTINGCHANGE=0 WM_DISPLAYCHANGE=0 WM_THEMECHANGED=0 WM_DWMCOLORIZATIONCOLORCHANGED=0 WM_SYSCOLORCHANGE=0 other=0
2026-10-03T13:53:12.800+08:00 CYCLE n=885 label=set start=2026-10-03T13:53:09.789+08:00 sets=[mon1=A@+0.5ms/1.7ms/hr=0x00000000] window_ms=3003 total=0 WM_SETTINGCHANGE=0 WM_DISPLAYCHANGE=0 WM_THEMECHANGED=0 WM_DWMCOLORIZATIONCOLORCHANGED=0 WM_SYSCOLORCHANGE=0 other=0
2026-10-03T13:53:22.874+08:00 CYCLE n=886 label=set start=2026-10-03T13:53:19.862+08:00 sets=[mon1=B@+0.5ms/2.0ms/hr=0x00000000] window_ms=3003 total=0 WM_SETTINGCHANGE=0 WM_DISPLAYCHANGE=0 WM_THEMECHANGED=0 WM_DWMCOLORIZATIONCOLORCHANGED=0 WM_SYSCOLORCHANGE=0 other=0
2026-10-03T13:53:32.831+08:00 CYCLE n=887 label=set start=2026-10-03T13:53:29.821+08:00 sets=[mon1=A@+0.5ms/2.0ms/hr=0x00000000] window_ms=3003 total=0 WM_SETTINGCHANGE=0 WM_DISPLAYCHANGE=0 WM_THEMECHANGED=0 WM_DWMCOLORIZATIONCOLORCHANGED=0 WM_SYSCOLORCHANGE=0 other=0
2026-10-03T13:53:42.889+08:00 CYCLE n=888 label=set start=2026-10-03T13:53:39.878+08:00 sets=[mon1=B@+0.5ms/1.4ms/hr=0x00000000] window_ms=3002 total=0 WM_SETTINGCHANGE=0 WM_DISPLAYCHANGE=0 WM_THEMECHANGED=0 WM_DWMCOLORIZATIONCOLORCHANGED=0 WM_SYSCOLORCHANGE=0 other=0
2026-10-03T13:53:52.847+08:00 CYCLE n=889 label=set start=2026-10-03T13:53:49.836+08:00 sets=[mon1=A@+0.6ms/2.0ms/hr=0x00000000] window_ms=3003 total=0 WM_SETTINGCHANGE=0 WM_DISPLAYCHANGE=0 WM_THEMECHANGED=0 WM_DWMCOLORIZATIONCOLORCHANGED=0 WM_SYSCOLORCHANGE=0 other=0
2026-10-03T13:54:02.819+08:00 CYCLE n=890 label=set start=2026-10-03T13:53:59.807+08:00 sets=[mon1=B@+0.4ms/1.9ms/hr=0x00000000] window_ms=3002 total=0 WM_SETTINGCHANGE=0 WM_DISPLAYCHANGE=0 WM_THEMECHANGED=0 WM_DWMCOLORIZATIONCOLORCHANGED=0 WM_SYSCOLORCHANGE=0 other=0
2026-10-03T13:54:12.881+08:00 CYCLE n=891 label=set start=2026-10-03T13:54:09.869+08:00 sets=[mon1=A@+0.4ms/1.9ms/hr=0x00000000] window_ms=3003 total=0 WM_SETTINGCHANGE=0 WM_DISPLAYCHANGE=0 WM_THEMECHANGED=0 WM_DWMCOLORIZATIONCOLORCHANGED=0 WM_SYSCOLORCHANGE=0 other=0
2026-10-03T13:54:22.840+08:00 CYCLE n=892 label=set start=2026-10-03T13:54:19.827+08:00 sets=[mon1=B@+0.9ms/2.2ms/hr=0x00000000] window_ms=3003 total=0 WM_SETTINGCHANGE=0 WM_DISPLAYCHANGE=0 WM_THEMECHANGED=0 WM_DWMCOLORIZATIONCOLORCHANGED=0 WM_SYSCOLORCHANGE=0 other=0
2026-10-03T13:54:32.809+08:00 CYCLE n=893 label=set start=2026-10-03T13:54:29.798+08:00 sets=[mon1=A@+0.4ms/1.3ms/hr=0x00000000] window_ms=3002 total=0 WM_SETTINGCHANGE=0 WM_DISPLAYCHANGE=0 WM_THEMECHANGED=0 WM_DWMCOLORIZATIONCOLORCHANGED=0 WM_SYSCOLORCHANGE=0 other=0
2026-10-03T13:54:42.879+08:00 CYCLE n=894 label=set start=2026-10-03T13:54:39.867+08:00 sets=[mon1=B@+0.5ms/1.9ms/hr=0x00000000] window_ms=3003 total=0 WM_SETTINGCHANGE=0 WM_DISPLAYCHANGE=0 WM_THEMECHANGED=0 WM_DWMCOLORIZATIONCOLORCHANGED=0 WM_SYSCOLORCHANGE=0 other=0
2026-10-03T13:54:52.844+08:00 CYCLE n=895 label=set start=2026-10-03T13:54:49.831+08:00 sets=[mon1=A@+0.4ms/1.8ms/hr=0x00000000] window_ms=3002 total=0 WM_SETTINGCHANGE=0 WM_DISPLAYCHANGE=0 WM_THEMECHANGED=0 WM_DWMCOLORIZATIONCOLORCHANGED=0 WM_SYSCOLORCHANGE=0 other=0
2026-10-03T13:55:02.807+08:00 CYCLE n=896 label=set start=2026-10-03T13:54:59.793+08:00 sets=[mon1=B@+1.4ms/2.1ms/hr=0x00000000] window_ms=3004 total=0 WM_SETTINGCHANGE=0 WM_DISPLAYCHANGE=0 WM_THEMECHANGED=0 WM_DWMCOLORIZATIONCOLORCHANGED=0 WM_SYSCOLORCHANGE=0 other=0
2026-10-03T13:55:12.876+08:00 CYCLE n=897 label=set start=2026-10-03T13:55:09.864+08:00 sets=[mon1=A@+0.4ms/1.5ms/hr=0x00000000] window_ms=3002 total=0 WM_SETTINGCHANGE=0 WM_DISPLAYCHANGE=0 WM_THEMECHANGED=0 WM_DWMCOLORIZATIONCOLORCHANGED=0 WM_SYSCOLORCHANGE=0 other=0
2026-10-03T13:55:22.840+08:00 CYCLE n=898 label=set start=2026-10-03T13:55:19.828+08:00 sets=[mon1=B@+0.7ms/2.0ms/hr=0x00000000] window_ms=3003 total=0 WM_SETTINGCHANGE=0 WM_DISPLAYCHANGE=0 WM_THEMECHANGED=0 WM_DWMCOLORIZATIONCOLORCHANGED=0 WM_SYSCOLORCHANGE=0 other=0
2026-10-03T13:55:32.812+08:00 CYCLE n=899 label=set start=2026-10-03T13:55:29.799+08:00 sets=[mon1=A@+0.6ms/1.5ms/hr=0x00000000] window_ms=3002 total=0 WM_SETTINGCHANGE=0 WM_DISPLAYCHANGE=0 WM_THEMECHANGED=0 WM_DWMCOLORIZATIONCOLORCHANGED=0 WM_SYSCOLORCHANGE=0 other=0
2026-10-03T13:55:42.878+08:00 CYCLE n=900 label=set start=2026-10-03T13:55:39.866+08:00 sets=[mon1=B@+0.5ms/2.2ms/hr=0x00000000] window_ms=3003 total=0 WM_SETTINGCHANGE=0 WM_DISPLAYCHANGE=0 WM_THEMECHANGED=0 WM_DWMCOLORIZATIONCOLORCHANGED=0 WM_SYSCOLORCHANGE=0 other=0
2026-10-03T13:55:52.846+08:00 CYCLE n=901 label=set start=2026-10-03T13:55:49.834+08:00 sets=[mon1=A@+0.6ms/1.5ms/hr=0x00000000] window_ms=3002 total=0 WM_SETTINGCHANGE=0 WM_DISPLAYCHANGE=0 WM_THEMECHANGED=0 WM_DWMCOLORIZATIONCOLORCHANGED=0 WM_SYSCOLORCHANGE=0 other=0
2026-10-03T13:56:02.819+08:00 CYCLE n=902 label=set start=2026-10-03T13:55:59.807+08:00 sets=[mon1=B@+0.5ms/1.4ms/hr=0x00000000] window_ms=3002 total=0 WM_SETTINGCHANGE=0 WM_DISPLAYCHANGE=0 WM_THEMECHANGED=0 WM_DWMCOLORIZATIONCOLORCHANGED=0 WM_SYSCOLORCHANGE=0 other=0
2026-10-03T13:56:12.879+08:00 CYCLE n=903 label=set start=2026-10-03T13:56:09.865+08:00 sets=[mon1=A@+0.7ms/2.0ms/hr=0x00000000] window_ms=3003 total=0 WM_SETTINGCHANGE=0 WM_DISPLAYCHANGE=0 WM_THEMECHANGED=0 WM_DWMCOLORIZATIONCOLORCHANGED=0 WM_SYSCOLORCHANGE=0 other=0
2026-10-03T13:56:22.847+08:00 CYCLE n=904 label=set start=2026-10-03T13:56:19.837+08:00 sets=[mon1=B@+0.5ms/1.4ms/hr=0x00000000] window_ms=3002 total=0 WM_SETTINGCHANGE=0 WM_DISPLAYCHANGE=0 WM_THEMECHANGED=0 WM_DWMCOLORIZATIONCOLORCHANGED=0 WM_SYSCOLORCHANGE=0 other=0
2026-10-03T13:56:32.808+08:00 CYCLE n=905 label=set start=2026-10-03T13:56:29.795+08:00 sets=[mon1=A@+0.5ms/1.9ms/hr=0x00000000] window_ms=3003 total=0 WM_SETTINGCHANGE=0 WM_DISPLAYCHANGE=0 WM_THEMECHANGED=0 WM_DWMCOLORIZATIONCOLORCHANGED=0 WM_SYSCOLORCHANGE=0 other=0
2026-10-03T13:56:42.881+08:00 CYCLE n=906 label=set start=2026-10-03T13:56:39.870+08:00 sets=[mon1=B@+0.5ms/2.0ms/hr=0x00000000] window_ms=3003 total=0 WM_SETTINGCHANGE=0 WM_DISPLAYCHANGE=0 WM_THEMECHANGED=0 WM_DWMCOLORIZATIONCOLORCHANGED=0 WM_SYSCOLORCHANGE=0 other=0
2026-10-03T13:56:52.852+08:00 CYCLE n=907 label=set start=2026-10-03T13:56:49.839+08:00 sets=[mon1=A@+0.5ms/1.8ms/hr=0x00000000] window_ms=3002 total=0 WM_SETTINGCHANGE=0 WM_DISPLAYCHANGE=0 WM_THEMECHANGED=0 WM_DWMCOLORIZATIONCOLORCHANGED=0 WM_SYSCOLORCHANGE=0 other=0
2026-10-03T13:57:02.821+08:00 CYCLE n=908 label=set start=2026-10-03T13:56:59.808+08:00 sets=[mon1=B@+1.0ms/1.8ms/hr=0x00000000] window_ms=3003 total=0 WM_SETTINGCHANGE=0 WM_DISPLAYCHANGE=0 WM_THEMECHANGED=0 WM_DWMCOLORIZATIONCOLORCHANGED=0 WM_SYSCOLORCHANGE=0 other=0
2026-10-03T13:57:12.883+08:00 CYCLE n=909 label=set start=2026-10-03T13:57:09.871+08:00 sets=[mon1=A@+0.6ms/1.7ms/hr=0x00000000] window_ms=3002 total=0 WM_SETTINGCHANGE=0 WM_DISPLAYCHANGE=0 WM_THEMECHANGED=0 WM_DWMCOLORIZATIONCOLORCHANGED=0 WM_SYSCOLORCHANGE=0 other=0
2026-10-03T13:57:22.848+08:00 CYCLE n=910 label=set start=2026-10-03T13:57:19.835+08:00 sets=[mon1=B@+0.5ms/2.2ms/hr=0x00000000] window_ms=3003 total=0 WM_SETTINGCHANGE=0 WM_DISPLAYCHANGE=0 WM_THEMECHANGED=0 WM_DWMCOLORIZATIONCOLORCHANGED=0 WM_SYSCOLORCHANGE=0 other=0
2026-10-03T13:57:32.811+08:00 CYCLE n=911 label=set start=2026-10-03T13:57:29.799+08:00 sets=[mon1=A@+0.4ms/1.9ms/hr=0x00000000] window_ms=3003 total=0 WM_SETTINGCHANGE=0 WM_DISPLAYCHANGE=0 WM_THEMECHANGED=0 WM_DWMCOLORIZATIONCOLORCHANGED=0 WM_SYSCOLORCHANGE=0 other=0
2026-10-03T13:57:42.876+08:00 CYCLE n=912 label=set start=2026-10-03T13:57:39.863+08:00 sets=[mon1=B@+0.4ms/2.0ms/hr=0x00000000] window_ms=3003 total=0 WM_SETTINGCHANGE=0 WM_DISPLAYCHANGE=0 WM_THEMECHANGED=0 WM_DWMCOLORIZATIONCOLORCHANGED=0 WM_SYSCOLORCHANGE=0 other=0
2026-10-03T13:57:52.847+08:00 CYCLE n=913 label=set start=2026-10-03T13:57:49.834+08:00 sets=[mon1=A@+0.4ms/1.9ms/hr=0x00000000] window_ms=3003 total=0 WM_SETTINGCHANGE=0 WM_DISPLAYCHANGE=0 WM_THEMECHANGED=0 WM_DWMCOLORIZATIONCOLORCHANGED=0 WM_SYSCOLORCHANGE=0 other=0
2026-10-03T13:58:02.818+08:00 CYCLE n=914 label=set start=2026-10-03T13:57:59.806+08:00 sets=[mon1=B@+0.5ms/1.9ms/hr=0x00000000] window_ms=3003 total=0 WM_SETTINGCHANGE=0 WM_DISPLAYCHANGE=0 WM_THEMECHANGED=0 WM_DWMCOLORIZATIONCOLORCHANGED=0 WM_SYSCOLORCHANGE=0 other=0
2026-10-03T13:58:12.880+08:00 CYCLE n=915 label=set start=2026-10-03T13:58:09.869+08:00 sets=[mon1=A@+0.5ms/1.7ms/hr=0x00000000] window_ms=3002 total=0 WM_SETTINGCHANGE=0 WM_DISPLAYCHANGE=0 WM_THEMECHANGED=0 WM_DWMCOLORIZATIONCOLORCHANGED=0 WM_SYSCOLORCHANGE=0 other=0
2026-10-03T13:58:22.848+08:00 CYCLE n=916 label=set start=2026-10-03T13:58:19.837+08:00 sets=[mon1=B@+0.5ms/1.4ms/hr=0x00000000] window_ms=3002 total=0 WM_SETTINGCHANGE=0 WM_DISPLAYCHANGE=0 WM_THEMECHANGED=0 WM_DWMCOLORIZATIONCOLORCHANGED=0 WM_SYSCOLORCHANGE=0 other=0
2026-10-03T13:58:32.812+08:00 CYCLE n=917 label=set start=2026-10-03T13:58:29.800+08:00 sets=[mon1=A@+0.4ms/1.5ms/hr=0x00000000] window_ms=3002 total=0 WM_SETTINGCHANGE=0 WM_DISPLAYCHANGE=0 WM_THEMECHANGED=0 WM_DWMCOLORIZATIONCOLORCHANGED=0 WM_SYSCOLORCHANGE=0 other=0
2026-10-03T13:58:42.879+08:00 CYCLE n=918 label=set start=2026-10-03T13:58:39.867+08:00 sets=[mon1=B@+0.4ms/1.6ms/hr=0x00000000] window_ms=3002 total=0 WM_SETTINGCHANGE=0 WM_DISPLAYCHANGE=0 WM_THEMECHANGED=0 WM_DWMCOLORIZATIONCOLORCHANGED=0 WM_SYSCOLORCHANGE=0 other=0
2026-10-03T13:58:52.853+08:00 CYCLE n=919 label=set start=2026-10-03T13:58:49.839+08:00 sets=[mon1=A@+0.7ms/1.6ms/hr=0x00000000] window_ms=3003 total=0 WM_SETTINGCHANGE=0 WM_DISPLAYCHANGE=0 WM_THEMECHANGED=0 WM_DWMCOLORIZATIONCOLORCHANGED=0 WM_SYSCOLORCHANGE=0 other=0
2026-10-03T13:59:02.825+08:00 CYCLE n=920 label=set start=2026-10-03T13:58:59.812+08:00 sets=[mon1=B@+0.6ms/1.5ms/hr=0x00000000] window_ms=3002 total=0 WM_SETTINGCHANGE=0 WM_DISPLAYCHANGE=0 WM_THEMECHANGED=0 WM_DWMCOLORIZATIONCOLORCHANGED=0 WM_SYSCOLORCHANGE=0 other=0
2026-10-03T13:59:12.890+08:00 CYCLE n=921 label=set start=2026-10-03T13:59:09.878+08:00 sets=[mon1=A@+0.4ms/1.8ms/hr=0x00000000] window_ms=3003 total=0 WM_SETTINGCHANGE=0 WM_DISPLAYCHANGE=0 WM_THEMECHANGED=0 WM_DWMCOLORIZATIONCOLORCHANGED=0 WM_SYSCOLORCHANGE=0 other=0
2026-10-03T13:59:22.853+08:00 CYCLE n=922 label=set start=2026-10-03T13:59:19.840+08:00 sets=[mon1=B@+0.4ms/1.8ms/hr=0x00000000] window_ms=3002 total=0 WM_SETTINGCHANGE=0 WM_DISPLAYCHANGE=0 WM_THEMECHANGED=0 WM_DWMCOLORIZATIONCOLORCHANGED=0 WM_SYSCOLORCHANGE=0 other=0
2026-10-03T13:59:32.811+08:00 CYCLE n=923 label=set start=2026-10-03T13:59:29.798+08:00 sets=[mon1=A@+0.9ms/2.7ms/hr=0x00000000] window_ms=3004 total=0 WM_SETTINGCHANGE=0 WM_DISPLAYCHANGE=0 WM_THEMECHANGED=0 WM_DWMCOLORIZATIONCOLORCHANGED=0 WM_SYSCOLORCHANGE=0 other=0
2026-10-03T13:59:42.873+08:00 CYCLE n=924 label=set start=2026-10-03T13:59:39.860+08:00 sets=[mon1=B@+0.4ms/1.5ms/hr=0x00000000] window_ms=3002 total=0 WM_SETTINGCHANGE=0 WM_DISPLAYCHANGE=0 WM_THEMECHANGED=0 WM_DWMCOLORIZATIONCOLORCHANGED=0 WM_SYSCOLORCHANGE=0 other=0
2026-10-03T13:59:52.840+08:00 CYCLE n=925 label=set start=2026-10-03T13:59:49.830+08:00 sets=[mon1=A@+0.6ms/1.5ms/hr=0x00000000] window_ms=3002 total=0 WM_SETTINGCHANGE=0 WM_DISPLAYCHANGE=0 WM_THEMECHANGED=0 WM_DWMCOLORIZATIONCOLORCHANGED=0 WM_SYSCOLORCHANGE=0 other=0
2026-10-03T14:00:02.807+08:00 CYCLE n=926 label=set start=2026-10-03T13:59:59.794+08:00 sets=[mon1=B@+0.4ms/1.4ms/hr=0x00000000] window_ms=3002 total=0 WM_SETTINGCHANGE=0 WM_DISPLAYCHANGE=0 WM_THEMECHANGED=0 WM_DWMCOLORIZATIONCOLORCHANGED=0 WM_SYSCOLORCHANGE=0 other=0
2026-10-03T14:00:12.873+08:00 CYCLE n=927 label=set start=2026-10-03T14:00:09.863+08:00 sets=[mon1=A@+0.3ms/1.3ms/hr=0x00000000] window_ms=3002 total=0 WM_SETTINGCHANGE=0 WM_DISPLAYCHANGE=0 WM_THEMECHANGED=0 WM_DWMCOLORIZATIONCOLORCHANGED=0 WM_SYSCOLORCHANGE=0 other=0
2026-10-03T14:00:22.842+08:00 CYCLE n=928 label=set start=2026-10-03T14:00:19.828+08:00 sets=[mon1=B@+0.4ms/2.0ms/hr=0x00000000] window_ms=3003 total=0 WM_SETTINGCHANGE=0 WM_DISPLAYCHANGE=0 WM_THEMECHANGED=0 WM_DWMCOLORIZATIONCOLORCHANGED=0 WM_SYSCOLORCHANGE=0 other=0
2026-10-03T14:00:32.814+08:00 CYCLE n=929 label=set start=2026-10-03T14:00:29.804+08:00 sets=[mon1=A@+0.5ms/1.2ms/hr=0x00000000] window_ms=3002 total=0 WM_SETTINGCHANGE=0 WM_DISPLAYCHANGE=0 WM_THEMECHANGED=0 WM_DWMCOLORIZATIONCOLORCHANGED=0 WM_SYSCOLORCHANGE=0 other=0
2026-10-03T14:00:42.879+08:00 CYCLE n=930 label=set start=2026-10-03T14:00:39.869+08:00 sets=[mon1=B@+0.4ms/2.4ms/hr=0x00000000] window_ms=3003 total=0 WM_SETTINGCHANGE=0 WM_DISPLAYCHANGE=0 WM_THEMECHANGED=0 WM_DWMCOLORIZATIONCOLORCHANGED=0 WM_SYSCOLORCHANGE=0 other=0
2026-10-03T14:00:52.845+08:00 CYCLE n=931 label=set start=2026-10-03T14:00:49.835+08:00 sets=[mon1=A@+0.5ms/1.7ms/hr=0x00000000] window_ms=3002 total=0 WM_SETTINGCHANGE=0 WM_DISPLAYCHANGE=0 WM_THEMECHANGED=0 WM_DWMCOLORIZATIONCOLORCHANGED=0 WM_SYSCOLORCHANGE=0 other=0
2026-10-03T14:01:02.900+08:00 CYCLE n=932 label=set start=2026-10-03T14:00:59.887+08:00 sets=[mon1=B@+0.8ms/1.9ms/hr=0x00000000] window_ms=3003 total=0 WM_SETTINGCHANGE=0 WM_DISPLAYCHANGE=0 WM_THEMECHANGED=0 WM_DWMCOLORIZATIONCOLORCHANGED=0 WM_SYSCOLORCHANGE=0 other=0
2026-10-03T14:01:12.861+08:00 CYCLE n=933 label=set start=2026-10-03T14:01:09.850+08:00 sets=[mon1=A@+0.3ms/1.4ms/hr=0x00000000] window_ms=3002 total=0 WM_SETTINGCHANGE=0 WM_DISPLAYCHANGE=0 WM_THEMECHANGED=0 WM_DWMCOLORIZATIONCOLORCHANGED=0 WM_SYSCOLORCHANGE=0 other=0
2026-10-03T14:01:22.830+08:00 CYCLE n=934 label=set start=2026-10-03T14:01:19.819+08:00 sets=[mon1=B@+0.5ms/1.5ms/hr=0x00000000] window_ms=3002 total=0 WM_SETTINGCHANGE=0 WM_DISPLAYCHANGE=0 WM_THEMECHANGED=0 WM_DWMCOLORIZATIONCOLORCHANGED=0 WM_SYSCOLORCHANGE=0 other=0
2026-10-03T14:01:32.802+08:00 CYCLE n=935 label=set start=2026-10-03T14:01:29.790+08:00 sets=[mon1=A@+0.4ms/2.2ms/hr=0x00000000] window_ms=3003 total=0 WM_SETTINGCHANGE=0 WM_DISPLAYCHANGE=0 WM_THEMECHANGED=0 WM_DWMCOLORIZATIONCOLORCHANGED=0 WM_SYSCOLORCHANGE=0 other=0
2026-10-03T14:01:42.868+08:00 CYCLE n=936 label=set start=2026-10-03T14:01:39.856+08:00 sets=[mon1=B@+0.6ms/1.9ms/hr=0x00000000] window_ms=3003 total=0 WM_SETTINGCHANGE=0 WM_DISPLAYCHANGE=0 WM_THEMECHANGED=0 WM_DWMCOLORIZATIONCOLORCHANGED=0 WM_SYSCOLORCHANGE=0 other=0
2026-10-03T14:01:52.841+08:00 CYCLE n=937 label=set start=2026-10-03T14:01:49.827+08:00 sets=[mon1=A@+0.5ms/2.9ms/hr=0x00000000] window_ms=3004 total=0 WM_SETTINGCHANGE=0 WM_DISPLAYCHANGE=0 WM_THEMECHANGED=0 WM_DWMCOLORIZATIONCOLORCHANGED=0 WM_SYSCOLORCHANGE=0 other=0
2026-10-03T14:02:02.805+08:00 CYCLE n=938 label=set start=2026-10-03T14:01:59.794+08:00 sets=[mon1=B@+0.4ms/1.9ms/hr=0x00000000] window_ms=3002 total=0 WM_SETTINGCHANGE=0 WM_DISPLAYCHANGE=0 WM_THEMECHANGED=0 WM_DWMCOLORIZATIONCOLORCHANGED=0 WM_SYSCOLORCHANGE=0 other=0
2026-10-03T14:02:12.874+08:00 CYCLE n=939 label=set start=2026-10-03T14:02:09.863+08:00 sets=[mon1=A@+0.4ms/1.8ms/hr=0x00000000] window_ms=3002 total=0 WM_SETTINGCHANGE=0 WM_DISPLAYCHANGE=0 WM_THEMECHANGED=0 WM_DWMCOLORIZATIONCOLORCHANGED=0 WM_SYSCOLORCHANGE=0 other=0
2026-10-03T14:02:22.845+08:00 CYCLE n=940 label=set start=2026-10-03T14:02:19.834+08:00 sets=[mon1=B@+0.4ms/1.3ms/hr=0x00000000] window_ms=3002 total=0 WM_SETTINGCHANGE=0 WM_DISPLAYCHANGE=0 WM_THEMECHANGED=0 WM_DWMCOLORIZATIONCOLORCHANGED=0 WM_SYSCOLORCHANGE=0 other=0
2026-10-03T14:02:32.811+08:00 CYCLE n=941 label=set start=2026-10-03T14:02:29.797+08:00 sets=[mon1=A@+0.4ms/1.9ms/hr=0x00000000] window_ms=3002 total=0 WM_SETTINGCHANGE=0 WM_DISPLAYCHANGE=0 WM_THEMECHANGED=0 WM_DWMCOLORIZATIONCOLORCHANGED=0 WM_SYSCOLORCHANGE=0 other=0
2026-10-03T14:02:42.869+08:00 CYCLE n=942 label=set start=2026-10-03T14:02:39.856+08:00 sets=[mon1=B@+0.4ms/1.7ms/hr=0x00000000] window_ms=3002 total=0 WM_SETTINGCHANGE=0 WM_DISPLAYCHANGE=0 WM_THEMECHANGED=0 WM_DWMCOLORIZATIONCOLORCHANGED=0 WM_SYSCOLORCHANGE=0 other=0
2026-10-03T14:02:52.843+08:00 CYCLE n=943 label=set start=2026-10-03T14:02:49.826+08:00 sets=[mon1=A@+0.4ms/2.4ms/hr=0x00000000] window_ms=3003 total=0 WM_SETTINGCHANGE=0 WM_DISPLAYCHANGE=0 WM_THEMECHANGED=0 WM_DWMCOLORIZATIONCOLORCHANGED=0 WM_SYSCOLORCHANGE=0 other=0
2026-10-03T14:03:02.815+08:00 CYCLE n=944 label=set start=2026-10-03T14:02:59.804+08:00 sets=[mon1=B@+0.4ms/1.6ms/hr=0x00000000] window_ms=3002 total=0 WM_SETTINGCHANGE=0 WM_DISPLAYCHANGE=0 WM_THEMECHANGED=0 WM_DWMCOLORIZATIONCOLORCHANGED=0 WM_SYSCOLORCHANGE=0 other=0
2026-10-03T14:03:12.879+08:00 CYCLE n=945 label=set start=2026-10-03T14:03:09.867+08:00 sets=[mon1=A@+0.6ms/1.4ms/hr=0x00000000] window_ms=3002 total=0 WM_SETTINGCHANGE=0 WM_DISPLAYCHANGE=0 WM_THEMECHANGED=0 WM_DWMCOLORIZATIONCOLORCHANGED=0 WM_SYSCOLORCHANGE=0 other=0
2026-10-03T14:03:22.848+08:00 CYCLE n=946 label=set start=2026-10-03T14:03:19.836+08:00 sets=[mon1=B@+0.9ms/1.9ms/hr=0x00000000] window_ms=3003 total=0 WM_SETTINGCHANGE=0 WM_DISPLAYCHANGE=0 WM_THEMECHANGED=0 WM_DWMCOLORIZATIONCOLORCHANGED=0 WM_SYSCOLORCHANGE=0 other=0
2026-10-03T14:03:32.813+08:00 CYCLE n=947 label=set start=2026-10-03T14:03:29.802+08:00 sets=[mon1=A@+0.6ms/1.5ms/hr=0x00000000] window_ms=3002 total=0 WM_SETTINGCHANGE=0 WM_DISPLAYCHANGE=0 WM_THEMECHANGED=0 WM_DWMCOLORIZATIONCOLORCHANGED=0 WM_SYSCOLORCHANGE=0 other=0
2026-10-03T14:03:42.879+08:00 CYCLE n=948 label=set start=2026-10-03T14:03:39.867+08:00 sets=[mon1=B@+0.6ms/2.4ms/hr=0x00000000] window_ms=3003 total=0 WM_SETTINGCHANGE=0 WM_DISPLAYCHANGE=0 WM_THEMECHANGED=0 WM_DWMCOLORIZATIONCOLORCHANGED=0 WM_SYSCOLORCHANGE=0 other=0
2026-10-03T14:03:52.841+08:00 CYCLE n=949 label=set start=2026-10-03T14:03:49.831+08:00 sets=[mon1=A@+0.4ms/1.7ms/hr=0x00000000] window_ms=3002 total=0 WM_SETTINGCHANGE=0 WM_DISPLAYCHANGE=0 WM_THEMECHANGED=0 WM_DWMCOLORIZATIONCOLORCHANGED=0 WM_SYSCOLORCHANGE=0 other=0
2026-10-03T14:04:02.815+08:00 CYCLE n=950 label=set start=2026-10-03T14:03:59.802+08:00 sets=[mon1=B@+0.4ms/1.8ms/hr=0x00000000] window_ms=3003 total=0 WM_SETTINGCHANGE=0 WM_DISPLAYCHANGE=0 WM_THEMECHANGED=0 WM_DWMCOLORIZATIONCOLORCHANGED=0 WM_SYSCOLORCHANGE=0 other=0
2026-10-03T14:04:12.877+08:00 CYCLE n=951 label=set start=2026-10-03T14:04:09.865+08:00 sets=[mon1=A@+0.4ms/2.0ms/hr=0x00000000] window_ms=3003 total=0 WM_SETTINGCHANGE=0 WM_DISPLAYCHANGE=0 WM_THEMECHANGED=0 WM_DWMCOLORIZATIONCOLORCHANGED=0 WM_SYSCOLORCHANGE=0 other=0
2026-10-03T14:04:22.848+08:00 CYCLE n=952 label=set start=2026-10-03T14:04:19.834+08:00 sets=[mon1=B@+2.0ms/1.8ms/hr=0x00000000] window_ms=3004 total=0 WM_SETTINGCHANGE=0 WM_DISPLAYCHANGE=0 WM_THEMECHANGED=0 WM_DWMCOLORIZATIONCOLORCHANGED=0 WM_SYSCOLORCHANGE=0 other=0
2026-10-03T14:04:32.824+08:00 CYCLE n=953 label=set start=2026-10-03T14:04:29.813+08:00 sets=[mon1=A@+0.6ms/1.8ms/hr=0x00000000] window_ms=3003 total=0 WM_SETTINGCHANGE=0 WM_DISPLAYCHANGE=0 WM_THEMECHANGED=0 WM_DWMCOLORIZATIONCOLORCHANGED=0 WM_SYSCOLORCHANGE=0 other=0
2026-10-03T14:04:42.896+08:00 CYCLE n=954 label=set start=2026-10-03T14:04:39.884+08:00 sets=[mon1=B@+0.5ms/1.5ms/hr=0x00000000] window_ms=3002 total=0 WM_SETTINGCHANGE=0 WM_DISPLAYCHANGE=0 WM_THEMECHANGED=0 WM_DWMCOLORIZATIONCOLORCHANGED=0 WM_SYSCOLORCHANGE=0 other=0
2026-10-03T14:04:52.861+08:00 CYCLE n=955 label=set start=2026-10-03T14:04:49.848+08:00 sets=[mon1=A@+0.5ms/1.4ms/hr=0x00000000] window_ms=3002 total=0 WM_SETTINGCHANGE=0 WM_DISPLAYCHANGE=0 WM_THEMECHANGED=0 WM_DWMCOLORIZATIONCOLORCHANGED=0 WM_SYSCOLORCHANGE=0 other=0
2026-10-03T14:05:02.818+08:00 CYCLE n=956 label=set start=2026-10-03T14:04:59.807+08:00 sets=[mon1=B@+0.5ms/2.3ms/hr=0x00000000] window_ms=3003 total=0 WM_SETTINGCHANGE=0 WM_DISPLAYCHANGE=0 WM_THEMECHANGED=0 WM_DWMCOLORIZATIONCOLORCHANGED=0 WM_SYSCOLORCHANGE=0 other=0
2026-10-03T14:05:12.870+08:00 CYCLE n=957 label=set start=2026-10-03T14:05:09.859+08:00 sets=[mon1=A@+0.4ms/1.7ms/hr=0x00000000] window_ms=3002 total=0 WM_SETTINGCHANGE=0 WM_DISPLAYCHANGE=0 WM_THEMECHANGED=0 WM_DWMCOLORIZATIONCOLORCHANGED=0 WM_SYSCOLORCHANGE=0 other=0
2026-10-03T14:05:22.839+08:00 CYCLE n=958 label=set start=2026-10-03T14:05:19.826+08:00 sets=[mon1=B@+0.7ms/1.6ms/hr=0x00000000] window_ms=3003 total=0 WM_SETTINGCHANGE=0 WM_DISPLAYCHANGE=0 WM_THEMECHANGED=0 WM_DWMCOLORIZATIONCOLORCHANGED=0 WM_SYSCOLORCHANGE=0 other=0
2026-10-03T14:05:32.804+08:00 CYCLE n=959 label=set start=2026-10-03T14:05:29.793+08:00 sets=[mon1=A@+1.6ms/2.4ms/hr=0x00000000] window_ms=3004 total=0 WM_SETTINGCHANGE=0 WM_DISPLAYCHANGE=0 WM_THEMECHANGED=0 WM_DWMCOLORIZATIONCOLORCHANGED=0 WM_SYSCOLORCHANGE=0 other=0
2026-10-03T14:05:42.863+08:00 CYCLE n=960 label=set start=2026-10-03T14:05:39.850+08:00 sets=[mon1=B@+0.6ms/1.8ms/hr=0x00000000] window_ms=3003 total=0 WM_SETTINGCHANGE=0 WM_DISPLAYCHANGE=0 WM_THEMECHANGED=0 WM_DWMCOLORIZATIONCOLORCHANGED=0 WM_SYSCOLORCHANGE=0 other=0
2026-10-03T14:05:52.826+08:00 CYCLE n=961 label=set start=2026-10-03T14:05:49.815+08:00 sets=[mon1=A@+0.4ms/1.7ms/hr=0x00000000] window_ms=3002 total=0 WM_SETTINGCHANGE=0 WM_DISPLAYCHANGE=0 WM_THEMECHANGED=0 WM_DWMCOLORIZATIONCOLORCHANGED=0 WM_SYSCOLORCHANGE=0 other=0
2026-10-03T14:06:02.897+08:00 CYCLE n=962 label=set start=2026-10-03T14:05:59.884+08:00 sets=[mon1=B@+0.4ms/2.2ms/hr=0x00000000] window_ms=3003 total=0 WM_SETTINGCHANGE=0 WM_DISPLAYCHANGE=0 WM_THEMECHANGED=0 WM_DWMCOLORIZATIONCOLORCHANGED=0 WM_SYSCOLORCHANGE=0 other=0
2026-10-03T14:06:12.861+08:00 CYCLE n=963 label=set start=2026-10-03T14:06:09.850+08:00 sets=[mon1=A@+0.5ms/1.5ms/hr=0x00000000] window_ms=3002 total=0 WM_SETTINGCHANGE=0 WM_DISPLAYCHANGE=0 WM_THEMECHANGED=0 WM_DWMCOLORIZATIONCOLORCHANGED=0 WM_SYSCOLORCHANGE=0 other=0
2026-10-03T14:06:22.837+08:00 CYCLE n=964 label=set start=2026-10-03T14:06:19.823+08:00 sets=[mon1=B@+0.8ms/2.2ms/hr=0x00000000] window_ms=3003 total=0 WM_SETTINGCHANGE=0 WM_DISPLAYCHANGE=0 WM_THEMECHANGED=0 WM_DWMCOLORIZATIONCOLORCHANGED=0 WM_SYSCOLORCHANGE=0 other=0
2026-10-03T14:06:32.896+08:00 CYCLE n=965 label=set start=2026-10-03T14:06:29.882+08:00 sets=[mon1=A@+0.6ms/1.4ms/hr=0x00000000] window_ms=3002 total=0 WM_SETTINGCHANGE=0 WM_DISPLAYCHANGE=0 WM_THEMECHANGED=0 WM_DWMCOLORIZATIONCOLORCHANGED=0 WM_SYSCOLORCHANGE=0 other=0
2026-10-03T14:06:42.856+08:00 CYCLE n=966 label=set start=2026-10-03T14:06:39.843+08:00 sets=[mon1=B@+0.7ms/1.6ms/hr=0x00000000] window_ms=3003 total=0 WM_SETTINGCHANGE=0 WM_DISPLAYCHANGE=0 WM_THEMECHANGED=0 WM_DWMCOLORIZATIONCOLORCHANGED=0 WM_SYSCOLORCHANGE=0 other=0
2026-10-03T14:06:52.815+08:00 CYCLE n=967 label=set start=2026-10-03T14:06:49.804+08:00 sets=[mon1=A@+0.5ms/1.8ms/hr=0x00000000] window_ms=3002 total=0 WM_SETTINGCHANGE=0 WM_DISPLAYCHANGE=0 WM_THEMECHANGED=0 WM_DWMCOLORIZATIONCOLORCHANGED=0 WM_SYSCOLORCHANGE=0 other=0
2026-10-03T14:07:02.880+08:00 CYCLE n=968 label=set start=2026-10-03T14:06:59.868+08:00 sets=[mon1=B@+0.6ms/1.7ms/hr=0x00000000] window_ms=3002 total=0 WM_SETTINGCHANGE=0 WM_DISPLAYCHANGE=0 WM_THEMECHANGED=0 WM_DWMCOLORIZATIONCOLORCHANGED=0 WM_SYSCOLORCHANGE=0 other=0
2026-10-03T14:07:12.852+08:00 CYCLE n=969 label=set start=2026-10-03T14:07:09.840+08:00 sets=[mon1=A@+0.4ms/1.8ms/hr=0x00000000] window_ms=3002 total=0 WM_SETTINGCHANGE=0 WM_DISPLAYCHANGE=0 WM_THEMECHANGED=0 WM_DWMCOLORIZATIONCOLORCHANGED=0 WM_SYSCOLORCHANGE=0 other=0
2026-10-03T14:07:22.822+08:00 CYCLE n=970 label=set start=2026-10-03T14:07:19.811+08:00 sets=[mon1=B@+0.5ms/1.5ms/hr=0x00000000] window_ms=3002 total=0 WM_SETTINGCHANGE=0 WM_DISPLAYCHANGE=0 WM_THEMECHANGED=0 WM_DWMCOLORIZATIONCOLORCHANGED=0 WM_SYSCOLORCHANGE=0 other=0
2026-10-03T14:07:32.885+08:00 CYCLE n=971 label=set start=2026-10-03T14:07:29.871+08:00 sets=[mon1=A@+0.4ms/1.7ms/hr=0x00000000] window_ms=3002 total=0 WM_SETTINGCHANGE=0 WM_DISPLAYCHANGE=0 WM_THEMECHANGED=0 WM_DWMCOLORIZATIONCOLORCHANGED=0 WM_SYSCOLORCHANGE=0 other=0
2026-10-03T14:07:42.844+08:00 CYCLE n=972 label=set start=2026-10-03T14:07:39.832+08:00 sets=[mon1=B@+0.4ms/1.5ms/hr=0x00000000] window_ms=3002 total=0 WM_SETTINGCHANGE=0 WM_DISPLAYCHANGE=0 WM_THEMECHANGED=0 WM_DWMCOLORIZATIONCOLORCHANGED=0 WM_SYSCOLORCHANGE=0 other=0
2026-10-03T14:07:52.813+08:00 CYCLE n=973 label=set start=2026-10-03T14:07:49.801+08:00 sets=[mon1=A@+0.6ms/1.8ms/hr=0x00000000] window_ms=3003 total=0 WM_SETTINGCHANGE=0 WM_DISPLAYCHANGE=0 WM_THEMECHANGED=0 WM_DWMCOLORIZATIONCOLORCHANGED=0 WM_SYSCOLORCHANGE=0 other=0
2026-10-03T14:08:02.886+08:00 CYCLE n=974 label=set start=2026-10-03T14:07:59.874+08:00 sets=[mon1=B@+0.4ms/1.6ms/hr=0x00000000] window_ms=3002 total=0 WM_SETTINGCHANGE=0 WM_DISPLAYCHANGE=0 WM_THEMECHANGED=0 WM_DWMCOLORIZATIONCOLORCHANGED=0 WM_SYSCOLORCHANGE=0 other=0
2026-10-03T14:08:12.850+08:00 CYCLE n=975 label=set start=2026-10-03T14:08:09.837+08:00 sets=[mon1=A@+0.8ms/2.5ms/hr=0x00000000] window_ms=3004 total=0 WM_SETTINGCHANGE=0 WM_DISPLAYCHANGE=0 WM_THEMECHANGED=0 WM_DWMCOLORIZATIONCOLORCHANGED=0 WM_SYSCOLORCHANGE=0 other=0
2026-10-03T14:08:22.811+08:00 CYCLE n=976 label=set start=2026-10-03T14:08:19.799+08:00 sets=[mon1=B@+0.5ms/1.8ms/hr=0x00000000] window_ms=3002 total=0 WM_SETTINGCHANGE=0 WM_DISPLAYCHANGE=0 WM_THEMECHANGED=0 WM_DWMCOLORIZATIONCOLORCHANGED=0 WM_SYSCOLORCHANGE=0 other=0
2026-10-03T14:08:32.882+08:00 CYCLE n=977 label=set start=2026-10-03T14:08:29.869+08:00 sets=[mon1=A@+0.4ms/1.9ms/hr=0x00000000] window_ms=3003 total=0 WM_SETTINGCHANGE=0 WM_DISPLAYCHANGE=0 WM_THEMECHANGED=0 WM_DWMCOLORIZATIONCOLORCHANGED=0 WM_SYSCOLORCHANGE=0 other=0
2026-10-03T14:08:42.838+08:00 CYCLE n=978 label=set start=2026-10-03T14:08:39.827+08:00 sets=[mon1=B@+0.4ms/1.9ms/hr=0x00000000] window_ms=3002 total=0 WM_SETTINGCHANGE=0 WM_DISPLAYCHANGE=0 WM_THEMECHANGED=0 WM_DWMCOLORIZATIONCOLORCHANGED=0 WM_SYSCOLORCHANGE=0 other=0
2026-10-03T14:08:52.808+08:00 CYCLE n=979 label=set start=2026-10-03T14:08:49.795+08:00 sets=[mon1=A@+0.4ms/2.0ms/hr=0x00000000] window_ms=3003 total=0 WM_SETTINGCHANGE=0 WM_DISPLAYCHANGE=0 WM_THEMECHANGED=0 WM_DWMCOLORIZATIONCOLORCHANGED=0 WM_SYSCOLORCHANGE=0 other=0
2026-10-03T14:09:02.878+08:00 CYCLE n=980 label=set start=2026-10-03T14:08:59.866+08:00 sets=[mon1=B@+0.4ms/1.6ms/hr=0x00000000] window_ms=3002 total=0 WM_SETTINGCHANGE=0 WM_DISPLAYCHANGE=0 WM_THEMECHANGED=0 WM_DWMCOLORIZATIONCOLORCHANGED=0 WM_SYSCOLORCHANGE=0 other=0
2026-10-03T14:09:12.837+08:00 CYCLE n=981 label=set start=2026-10-03T14:09:09.823+08:00 sets=[mon1=A@+0.5ms/1.4ms/hr=0x00000000] window_ms=3002 total=0 WM_SETTINGCHANGE=0 WM_DISPLAYCHANGE=0 WM_THEMECHANGED=0 WM_DWMCOLORIZATIONCOLORCHANGED=0 WM_SYSCOLORCHANGE=0 other=0
2026-10-03T14:09:22.902+08:00 CYCLE n=982 label=set start=2026-10-03T14:09:19.890+08:00 sets=[mon1=B@+0.5ms/1.5ms/hr=0x00000000] window_ms=3002 total=0 WM_SETTINGCHANGE=0 WM_DISPLAYCHANGE=0 WM_THEMECHANGED=0 WM_DWMCOLORIZATIONCOLORCHANGED=0 WM_SYSCOLORCHANGE=0 other=0
2026-10-03T14:09:32.872+08:00 CYCLE n=983 label=set start=2026-10-03T14:09:29.861+08:00 sets=[mon1=A@+1.0ms/1.9ms/hr=0x00000000] window_ms=3003 total=0 WM_SETTINGCHANGE=0 WM_DISPLAYCHANGE=0 WM_THEMECHANGED=0 WM_DWMCOLORIZATIONCOLORCHANGED=0 WM_SYSCOLORCHANGE=0 other=0
2026-10-03T14:09:42.869+08:00 CYCLE n=984 label=set start=2026-10-03T14:09:39.857+08:00 sets=[mon1=B@+0.6ms/1.5ms/hr=0x00000000] window_ms=3002 total=0 WM_SETTINGCHANGE=0 WM_DISPLAYCHANGE=0 WM_THEMECHANGED=0 WM_DWMCOLORIZATIONCOLORCHANGED=0 WM_SYSCOLORCHANGE=0 other=0
2026-10-03T14:09:52.843+08:00 CYCLE n=985 label=set start=2026-10-03T14:09:49.830+08:00 sets=[mon1=A@+0.5ms/1.9ms/hr=0x00000000] window_ms=3003 total=0 WM_SETTINGCHANGE=0 WM_DISPLAYCHANGE=0 WM_THEMECHANGED=0 WM_DWMCOLORIZATIONCOLORCHANGED=0 WM_SYSCOLORCHANGE=0 other=0
2026-10-03T14:10:02.812+08:00 CYCLE n=986 label=set start=2026-10-03T14:09:59.798+08:00 sets=[mon1=B@+0.7ms/2.3ms/hr=0x00000000] window_ms=3003 total=0 WM_SETTINGCHANGE=0 WM_DISPLAYCHANGE=0 WM_THEMECHANGED=0 WM_DWMCOLORIZATIONCOLORCHANGED=0 WM_SYSCOLORCHANGE=0 other=0
2026-10-03T14:10:12.871+08:00 CYCLE n=987 label=set start=2026-10-03T14:10:09.857+08:00 sets=[mon1=A@+0.4ms/2.2ms/hr=0x00000000] window_ms=3003 total=0 WM_SETTINGCHANGE=0 WM_DISPLAYCHANGE=0 WM_THEMECHANGED=0 WM_DWMCOLORIZATIONCOLORCHANGED=0 WM_SYSCOLORCHANGE=0 other=0
2026-10-03T14:10:22.838+08:00 CYCLE n=988 label=set start=2026-10-03T14:10:19.828+08:00 sets=[mon1=B@+0.4ms/1.5ms/hr=0x00000000] window_ms=3002 total=0 WM_SETTINGCHANGE=0 WM_DISPLAYCHANGE=0 WM_THEMECHANGED=0 WM_DWMCOLORIZATIONCOLORCHANGED=0 WM_SYSCOLORCHANGE=0 other=0
2026-10-03T14:10:32.893+08:00 CYCLE n=989 label=set start=2026-10-03T14:10:29.881+08:00 sets=[mon1=A@+0.6ms/1.7ms/hr=0x00000000] window_ms=3002 total=0 WM_SETTINGCHANGE=0 WM_DISPLAYCHANGE=0 WM_THEMECHANGED=0 WM_DWMCOLORIZATIONCOLORCHANGED=0 WM_SYSCOLORCHANGE=0 other=0
2026-10-03T14:10:42.867+08:00 CYCLE n=990 label=set start=2026-10-03T14:10:39.855+08:00 sets=[mon1=B@+0.4ms/1.9ms/hr=0x00000000] window_ms=3002 total=0 WM_SETTINGCHANGE=0 WM_DISPLAYCHANGE=0 WM_THEMECHANGED=0 WM_DWMCOLORIZATIONCOLORCHANGED=0 WM_SYSCOLORCHANGE=0 other=0
2026-10-03T14:10:52.838+08:00 CYCLE n=991 label=set start=2026-10-03T14:10:49.825+08:00 sets=[mon1=A@+0.6ms/1.9ms/hr=0x00000000] window_ms=3003 total=0 WM_SETTINGCHANGE=0 WM_DISPLAYCHANGE=0 WM_THEMECHANGED=0 WM_DWMCOLORIZATIONCOLORCHANGED=0 WM_SYSCOLORCHANGE=0 other=0
2026-10-03T14:11:02.805+08:00 CYCLE n=992 label=set start=2026-10-03T14:10:59.794+08:00 sets=[mon1=B@+0.8ms/2.0ms/hr=0x00000000] window_ms=3003 total=0 WM_SETTINGCHANGE=0 WM_DISPLAYCHANGE=0 WM_THEMECHANGED=0 WM_DWMCOLORIZATIONCOLORCHANGED=0 WM_SYSCOLORCHANGE=0 other=0
2026-10-03T14:11:12.864+08:00 CYCLE n=993 label=set start=2026-10-03T14:11:09.854+08:00 sets=[mon1=A@+0.4ms/1.9ms/hr=0x00000000] window_ms=3003 total=0 WM_SETTINGCHANGE=0 WM_DISPLAYCHANGE=0 WM_THEMECHANGED=0 WM_DWMCOLORIZATIONCOLORCHANGED=0 WM_SYSCOLORCHANGE=0 other=0
2026-10-03T14:11:22.823+08:00 CYCLE n=994 label=set start=2026-10-03T14:11:19.811+08:00 sets=[mon1=B@+0.4ms/1.8ms/hr=0x00000000] window_ms=3002 total=0 WM_SETTINGCHANGE=0 WM_DISPLAYCHANGE=0 WM_THEMECHANGED=0 WM_DWMCOLORIZATIONCOLORCHANGED=0 WM_SYSCOLORCHANGE=0 other=0
2026-10-03T14:11:32.882+08:00 CYCLE n=995 label=set start=2026-10-03T14:11:29.869+08:00 sets=[mon1=A@+0.4ms/2.1ms/hr=0x00000000] window_ms=3003 total=0 WM_SETTINGCHANGE=0 WM_DISPLAYCHANGE=0 WM_THEMECHANGED=0 WM_DWMCOLORIZATIONCOLORCHANGED=0 WM_SYSCOLORCHANGE=0 other=0
2026-10-03T14:11:42.854+08:00 CYCLE n=996 label=set start=2026-10-03T14:11:39.842+08:00 sets=[mon1=B@+0.6ms/2.3ms/hr=0x00000000] window_ms=3003 total=0 WM_SETTINGCHANGE=0 WM_DISPLAYCHANGE=0 WM_THEMECHANGED=0 WM_DWMCOLORIZATIONCOLORCHANGED=0 WM_SYSCOLORCHANGE=0 other=0
2026-10-03T14:11:52.828+08:00 CYCLE n=997 label=set start=2026-10-03T14:11:49.816+08:00 sets=[mon1=A@+0.4ms/1.4ms/hr=0x00000000] window_ms=3002 total=0 WM_SETTINGCHANGE=0 WM_DISPLAYCHANGE=0 WM_THEMECHANGED=0 WM_DWMCOLORIZATIONCOLORCHANGED=0 WM_SYSCOLORCHANGE=0 other=0
2026-10-03T14:12:02.891+08:00 CYCLE n=998 label=set start=2026-10-03T14:11:59.878+08:00 sets=[mon1=B@+0.5ms/1.7ms/hr=0x00000000] window_ms=3002 total=0 WM_SETTINGCHANGE=0 WM_DISPLAYCHANGE=0 WM_THEMECHANGED=0 WM_DWMCOLORIZATIONCOLORCHANGED=0 WM_SYSCOLORCHANGE=0 other=0
2026-10-03T14:12:12.851+08:00 CYCLE n=999 label=set start=2026-10-03T14:12:09.838+08:00 sets=[mon1=A@+0.4ms/1.9ms/hr=0x00000000] window_ms=3002 total=0 WM_SETTINGCHANGE=0 WM_DISPLAYCHANGE=0 WM_THEMECHANGED=0 WM_DWMCOLORIZATIONCOLORCHANGED=0 WM_SYSCOLORCHANGE=0 other=0
2026-10-03T14:12:22.814+08:00 CYCLE n=1000 label=set start=2026-10-03T14:12:19.803+08:00 sets=[mon1=B@+0.5ms/1.6ms/hr=0x00000000] window_ms=3002 total=0 WM_SETTINGCHANGE=0 WM_DISPLAYCHANGE=0 WM_THEMECHANGED=0 WM_DWMCOLORIZATIONCOLORCHANGED=0 WM_SYSCOLORCHANGE=0 other=0
2026-10-03T14:12:32.890+08:00 CYCLE n=1001 label=set start=2026-10-03T14:12:29.879+08:00 sets=[mon1=A@+0.5ms/1.7ms/hr=0x00000000] window_ms=3002 total=0 WM_SETTINGCHANGE=0 WM_DISPLAYCHANGE=0 WM_THEMECHANGED=0 WM_DWMCOLORIZATIONCOLORCHANGED=0 WM_SYSCOLORCHANGE=0 other=0
2026-10-03T14:12:42.869+08:00 CYCLE n=1002 label=set start=2026-10-03T14:12:39.856+08:00 sets=[mon1=B@+0.5ms/1.5ms/hr=0x00000000] window_ms=3002 total=0 WM_SETTINGCHANGE=0 WM_DISPLAYCHANGE=0 WM_THEMECHANGED=0 WM_DWMCOLORIZATIONCOLORCHANGED=0 WM_SYSCOLORCHANGE=0 other=0
2026-10-03T14:12:52.843+08:00 CYCLE n=1003 label=set start=2026-10-03T14:12:49.833+08:00 sets=[mon1=A@+0.4ms/1.6ms/hr=0x00000000] window_ms=3002 total=0 WM_SETTINGCHANGE=0 WM_DISPLAYCHANGE=0 WM_THEMECHANGED=0 WM_DWMCOLORIZATIONCOLORCHANGED=0 WM_SYSCOLORCHANGE=0 other=0
2026-10-03T14:13:02.806+08:00 CYCLE n=1004 label=set start=2026-10-03T14:12:59.794+08:00 sets=[mon1=B@+0.4ms/1.9ms/hr=0x00000000] window_ms=3002 total=0 WM_SETTINGCHANGE=0 WM_DISPLAYCHANGE=0 WM_THEMECHANGED=0 WM_DWMCOLORIZATIONCOLORCHANGED=0 WM_SYSCOLORCHANGE=0 other=0
2026-10-03T14:13:12.870+08:00 CYCLE n=1005 label=set start=2026-10-03T14:13:09.856+08:00 sets=[mon1=A@+0.7ms/2.1ms/hr=0x00000000] window_ms=3003 total=0 WM_SETTINGCHANGE=0 WM_DISPLAYCHANGE=0 WM_THEMECHANGED=0 WM_DWMCOLORIZATIONCOLORCHANGED=0 WM_SYSCOLORCHANGE=0 other=0
2026-10-03T14:13:22.836+08:00 CYCLE n=1006 label=set start=2026-10-03T14:13:19.822+08:00 sets=[mon1=B@+1.0ms/2.4ms/hr=0x00000000] window_ms=3004 total=0 WM_SETTINGCHANGE=0 WM_DISPLAYCHANGE=0 WM_THEMECHANGED=0 WM_DWMCOLORIZATIONCOLORCHANGED=0 WM_SYSCOLORCHANGE=0 other=0
2026-10-03T14:13:32.807+08:00 CYCLE n=1007 label=set start=2026-10-03T14:13:29.796+08:00 sets=[mon1=A@+0.7ms/1.4ms/hr=0x00000000] window_ms=3002 total=0 WM_SETTINGCHANGE=0 WM_DISPLAYCHANGE=0 WM_THEMECHANGED=0 WM_DWMCOLORIZATIONCOLORCHANGED=0 WM_SYSCOLORCHANGE=0 other=0
2026-10-03T14:13:42.873+08:00 CYCLE n=1008 label=set start=2026-10-03T14:13:39.861+08:00 sets=[mon1=B@+0.4ms/1.6ms/hr=0x00000000] window_ms=3002 total=0 WM_SETTINGCHANGE=0 WM_DISPLAYCHANGE=0 WM_THEMECHANGED=0 WM_DWMCOLORIZATIONCOLORCHANGED=0 WM_SYSCOLORCHANGE=0 other=0
2026-10-03T14:13:52.836+08:00 CYCLE n=1009 label=set start=2026-10-03T14:13:49.824+08:00 sets=[mon1=A@+0.7ms/1.7ms/hr=0x00000000] window_ms=3003 total=0 WM_SETTINGCHANGE=0 WM_DISPLAYCHANGE=0 WM_THEMECHANGED=0 WM_DWMCOLORIZATIONCOLORCHANGED=0 WM_SYSCOLORCHANGE=0 other=0
2026-10-03T14:14:02.806+08:00 CYCLE n=1010 label=set start=2026-10-03T14:13:59.795+08:00 sets=[mon1=B@+0.5ms/1.6ms/hr=0x00000000] window_ms=3002 total=0 WM_SETTINGCHANGE=0 WM_DISPLAYCHANGE=0 WM_THEMECHANGED=0 WM_DWMCOLORIZATIONCOLORCHANGED=0 WM_SYSCOLORCHANGE=0 other=0
2026-10-03T14:14:12.881+08:00 CYCLE n=1011 label=set start=2026-10-03T14:14:09.867+08:00 sets=[mon1=A@+0.4ms/2.3ms/hr=0x00000000] window_ms=3003 total=0 WM_SETTINGCHANGE=0 WM_DISPLAYCHANGE=0 WM_THEMECHANGED=0 WM_DWMCOLORIZATIONCOLORCHANGED=0 WM_SYSCOLORCHANGE=0 other=0
2026-10-03T14:14:22.849+08:00 CYCLE n=1012 label=set start=2026-10-03T14:14:19.835+08:00 sets=[mon1=B@+0.4ms/1.7ms/hr=0x00000000] window_ms=3002 total=0 WM_SETTINGCHANGE=0 WM_DISPLAYCHANGE=0 WM_THEMECHANGED=0 WM_DWMCOLORIZATIONCOLORCHANGED=0 WM_SYSCOLORCHANGE=0 other=0
2026-10-03T14:14:32.819+08:00 CYCLE n=1013 label=set start=2026-10-03T14:14:29.804+08:00 sets=[mon1=A@+0.4ms/2.1ms/hr=0x00000000] window_ms=3003 total=0 WM_SETTINGCHANGE=0 WM_DISPLAYCHANGE=0 WM_THEMECHANGED=0 WM_DWMCOLORIZATIONCOLORCHANGED=0 WM_SYSCOLORCHANGE=0 other=0
2026-10-03T14:14:42.873+08:00 CYCLE n=1014 label=set start=2026-10-03T14:14:39.862+08:00 sets=[mon1=B@+0.5ms/1.4ms/hr=0x00000000] window_ms=3002 total=0 WM_SETTINGCHANGE=0 WM_DISPLAYCHANGE=0 WM_THEMECHANGED=0 WM_DWMCOLORIZATIONCOLORCHANGED=0 WM_SYSCOLORCHANGE=0 other=0
2026-10-03T14:14:52.848+08:00 CYCLE n=1015 label=set start=2026-10-03T14:14:49.835+08:00 sets=[mon1=A@+0.6ms/1.8ms/hr=0x00000000] window_ms=3003 total=0 WM_SETTINGCHANGE=0 WM_DISPLAYCHANGE=0 WM_THEMECHANGED=0 WM_DWMCOLORIZATIONCOLORCHANGED=0 WM_SYSCOLORCHANGE=0 other=0
2026-10-03T14:15:02.824+08:00 CYCLE n=1016 label=set start=2026-10-03T14:14:59.808+08:00 sets=[mon1=B@+0.9ms/2.8ms/hr=0x00000000] window_ms=3004 total=0 WM_SETTINGCHANGE=0 WM_DISPLAYCHANGE=0 WM_THEMECHANGED=0 WM_DWMCOLORIZATIONCOLORCHANGED=0 WM_SYSCOLORCHANGE=0 other=0
2026-10-03T14:15:12.891+08:00 CYCLE n=1017 label=set start=2026-10-03T14:15:09.880+08:00 sets=[mon1=A@+0.6ms/1.8ms/hr=0x00000000] window_ms=3003 total=0 WM_SETTINGCHANGE=0 WM_DISPLAYCHANGE=0 WM_THEMECHANGED=0 WM_DWMCOLORIZATIONCOLORCHANGED=0 WM_SYSCOLORCHANGE=0 other=0
2026-10-03T14:15:22.857+08:00 CYCLE n=1018 label=set start=2026-10-03T14:15:19.844+08:00 sets=[mon1=B@+0.6ms/1.8ms/hr=0x00000000] window_ms=3003 total=0 WM_SETTINGCHANGE=0 WM_DISPLAYCHANGE=0 WM_THEMECHANGED=0 WM_DWMCOLORIZATIONCOLORCHANGED=0 WM_SYSCOLORCHANGE=0 other=0
2026-10-03T14:15:32.824+08:00 CYCLE n=1019 label=set start=2026-10-03T14:15:29.808+08:00 sets=[mon1=A@+0.9ms/2.1ms/hr=0x00000000] window_ms=3003 total=0 WM_SETTINGCHANGE=0 WM_DISPLAYCHANGE=0 WM_THEMECHANGED=0 WM_DWMCOLORIZATIONCOLORCHANGED=0 WM_SYSCOLORCHANGE=0 other=0
2026-10-03T14:15:42.897+08:00 CYCLE n=1020 label=set start=2026-10-03T14:15:39.885+08:00 sets=[mon1=B@+0.4ms/1.7ms/hr=0x00000000] window_ms=3002 total=0 WM_SETTINGCHANGE=0 WM_DISPLAYCHANGE=0 WM_THEMECHANGED=0 WM_DWMCOLORIZATIONCOLORCHANGED=0 WM_SYSCOLORCHANGE=0 other=0
2026-10-03T14:15:52.871+08:00 CYCLE n=1021 label=set start=2026-10-03T14:15:49.857+08:00 sets=[mon1=A@+0.8ms/2.6ms/hr=0x00000000] window_ms=3004 total=0 WM_SETTINGCHANGE=0 WM_DISPLAYCHANGE=0 WM_THEMECHANGED=0 WM_DWMCOLORIZATIONCOLORCHANGED=0 WM_SYSCOLORCHANGE=0 other=0
2026-10-03T14:16:02.845+08:00 CYCLE n=1022 label=set start=2026-10-03T14:15:59.832+08:00 sets=[mon1=B@+0.5ms/2.0ms/hr=0x00000000] window_ms=3003 total=0 WM_SETTINGCHANGE=0 WM_DISPLAYCHANGE=0 WM_THEMECHANGED=0 WM_DWMCOLORIZATIONCOLORCHANGED=0 WM_SYSCOLORCHANGE=0 other=0
2026-10-03T14:16:12.809+08:00 CYCLE n=1023 label=set start=2026-10-03T14:16:09.797+08:00 sets=[mon1=A@+0.5ms/1.8ms/hr=0x00000000] window_ms=3003 total=0 WM_SETTINGCHANGE=0 WM_DISPLAYCHANGE=0 WM_THEMECHANGED=0 WM_DWMCOLORIZATIONCOLORCHANGED=0 WM_SYSCOLORCHANGE=0 other=0
2026-10-03T14:16:22.880+08:00 CYCLE n=1024 label=set start=2026-10-03T14:16:19.866+08:00 sets=[mon1=B@+0.4ms/2.0ms/hr=0x00000000] window_ms=3003 total=0 WM_SETTINGCHANGE=0 WM_DISPLAYCHANGE=0 WM_THEMECHANGED=0 WM_DWMCOLORIZATIONCOLORCHANGED=0 WM_SYSCOLORCHANGE=0 other=0
2026-10-03T14:16:32.845+08:00 CYCLE n=1025 label=set start=2026-10-03T14:16:29.833+08:00 sets=[mon1=A@+0.7ms/1.7ms/hr=0x00000000] window_ms=3003 total=0 WM_SETTINGCHANGE=0 WM_DISPLAYCHANGE=0 WM_THEMECHANGED=0 WM_DWMCOLORIZATIONCOLORCHANGED=0 WM_SYSCOLORCHANGE=0 other=0
2026-10-03T14:16:42.809+08:00 CYCLE n=1026 label=set start=2026-10-03T14:16:39.796+08:00 sets=[mon1=B@+0.7ms/1.7ms/hr=0x00000000] window_ms=3003 total=0 WM_SETTINGCHANGE=0 WM_DISPLAYCHANGE=0 WM_THEMECHANGED=0 WM_DWMCOLORIZATIONCOLORCHANGED=0 WM_SYSCOLORCHANGE=0 other=0
2026-10-03T14:16:52.869+08:00 CYCLE n=1027 label=set start=2026-10-03T14:16:49.855+08:00 sets=[mon1=A@+0.7ms/2.2ms/hr=0x00000000] window_ms=3003 total=0 WM_SETTINGCHANGE=0 WM_DISPLAYCHANGE=0 WM_THEMECHANGED=0 WM_DWMCOLORIZATIONCOLORCHANGED=0 WM_SYSCOLORCHANGE=0 other=0
2026-10-03T14:17:02.842+08:00 CYCLE n=1028 label=set start=2026-10-03T14:16:59.831+08:00 sets=[mon1=B@+0.5ms/1.9ms/hr=0x00000000] window_ms=3003 total=0 WM_SETTINGCHANGE=0 WM_DISPLAYCHANGE=0 WM_THEMECHANGED=0 WM_DWMCOLORIZATIONCOLORCHANGED=0 WM_SYSCOLORCHANGE=0 other=0
2026-10-03T14:17:12.813+08:00 CYCLE n=1029 label=set start=2026-10-03T14:17:09.801+08:00 sets=[mon1=A@+0.6ms/1.9ms/hr=0x00000000] window_ms=3003 total=0 WM_SETTINGCHANGE=0 WM_DISPLAYCHANGE=0 WM_THEMECHANGED=0 WM_DWMCOLORIZATIONCOLORCHANGED=0 WM_SYSCOLORCHANGE=0 other=0
2026-10-03T14:17:22.873+08:00 CYCLE n=1030 label=set start=2026-10-03T14:17:19.859+08:00 sets=[mon1=B@+0.4ms/1.7ms/hr=0x00000000] window_ms=3002 total=0 WM_SETTINGCHANGE=0 WM_DISPLAYCHANGE=0 WM_THEMECHANGED=0 WM_DWMCOLORIZATIONCOLORCHANGED=0 WM_SYSCOLORCHANGE=0 other=0
2026-10-03T14:17:32.851+08:00 CYCLE n=1031 label=set start=2026-10-03T14:17:29.837+08:00 sets=[mon1=A@+0.5ms/1.9ms/hr=0x00000000] window_ms=3003 total=0 WM_SETTINGCHANGE=0 WM_DISPLAYCHANGE=0 WM_THEMECHANGED=0 WM_DWMCOLORIZATIONCOLORCHANGED=0 WM_SYSCOLORCHANGE=0 other=0
2026-10-03T14:17:42.823+08:00 CYCLE n=1032 label=set start=2026-10-03T14:17:39.811+08:00 sets=[mon1=B@+0.4ms/1.5ms/hr=0x00000000] window_ms=3002 total=0 WM_SETTINGCHANGE=0 WM_DISPLAYCHANGE=0 WM_THEMECHANGED=0 WM_DWMCOLORIZATIONCOLORCHANGED=0 WM_SYSCOLORCHANGE=0 other=0
2026-10-03T14:17:52.885+08:00 CYCLE n=1033 label=set start=2026-10-03T14:17:49.873+08:00 sets=[mon1=A@+0.5ms/2.1ms/hr=0x00000000] window_ms=3003 total=0 WM_SETTINGCHANGE=0 WM_DISPLAYCHANGE=0 WM_THEMECHANGED=0 WM_DWMCOLORIZATIONCOLORCHANGED=0 WM_SYSCOLORCHANGE=0 other=0
2026-10-03T14:18:02.887+08:00 CYCLE n=1034 label=set start=2026-10-03T14:17:59.874+08:00 sets=[mon1=B@+0.4ms/1.7ms/hr=0x00000000] window_ms=3002 total=0 WM_SETTINGCHANGE=0 WM_DISPLAYCHANGE=0 WM_THEMECHANGED=0 WM_DWMCOLORIZATIONCOLORCHANGED=0 WM_SYSCOLORCHANGE=0 other=0
2026-10-03T14:18:12.856+08:00 CYCLE n=1035 label=set start=2026-10-03T14:18:09.843+08:00 sets=[mon1=A@+0.9ms/1.6ms/hr=0x00000000] window_ms=3003 total=0 WM_SETTINGCHANGE=0 WM_DISPLAYCHANGE=0 WM_THEMECHANGED=0 WM_DWMCOLORIZATIONCOLORCHANGED=0 WM_SYSCOLORCHANGE=0 other=0
2026-10-03T14:18:22.828+08:00 CYCLE n=1036 label=set start=2026-10-03T14:18:19.815+08:00 sets=[mon1=B@+0.4ms/1.9ms/hr=0x00000000] window_ms=3002 total=0 WM_SETTINGCHANGE=0 WM_DISPLAYCHANGE=0 WM_THEMECHANGED=0 WM_DWMCOLORIZATIONCOLORCHANGED=0 WM_SYSCOLORCHANGE=0 other=0
2026-10-03T14:18:32.888+08:00 CYCLE n=1037 label=set start=2026-10-03T14:18:29.875+08:00 sets=[mon1=A@+0.4ms/2.3ms/hr=0x00000000] window_ms=3003 total=0 WM_SETTINGCHANGE=0 WM_DISPLAYCHANGE=0 WM_THEMECHANGED=0 WM_DWMCOLORIZATIONCOLORCHANGED=0 WM_SYSCOLORCHANGE=0 other=0
2026-10-03T14:18:42.851+08:00 CYCLE n=1038 label=set start=2026-10-03T14:18:39.839+08:00 sets=[mon1=B@+0.5ms/1.9ms/hr=0x00000000] window_ms=3003 total=0 WM_SETTINGCHANGE=0 WM_DISPLAYCHANGE=0 WM_THEMECHANGED=0 WM_DWMCOLORIZATIONCOLORCHANGED=0 WM_SYSCOLORCHANGE=0 other=0
2026-10-03T14:18:52.822+08:00 CYCLE n=1039 label=set start=2026-10-03T14:18:49.809+08:00 sets=[mon1=A@+0.4ms/1.6ms/hr=0x00000000] window_ms=3002 total=0 WM_SETTINGCHANGE=0 WM_DISPLAYCHANGE=0 WM_THEMECHANGED=0 WM_DWMCOLORIZATIONCOLORCHANGED=0 WM_SYSCOLORCHANGE=0 other=0
2026-10-03T14:19:02.890+08:00 CYCLE n=1040 label=set start=2026-10-03T14:18:59.879+08:00 sets=[mon1=B@+0.6ms/1.4ms/hr=0x00000000] window_ms=3002 total=0 WM_SETTINGCHANGE=0 WM_DISPLAYCHANGE=0 WM_THEMECHANGED=0 WM_DWMCOLORIZATIONCOLORCHANGED=0 WM_SYSCOLORCHANGE=0 other=0
2026-10-03T14:19:12.862+08:00 CYCLE n=1041 label=set start=2026-10-03T14:19:09.850+08:00 sets=[mon1=A@+0.9ms/2.4ms/hr=0x00000000] window_ms=3004 total=0 WM_SETTINGCHANGE=0 WM_DISPLAYCHANGE=0 WM_THEMECHANGED=0 WM_DWMCOLORIZATIONCOLORCHANGED=0 WM_SYSCOLORCHANGE=0 other=0
2026-10-03T14:19:22.826+08:00 CYCLE n=1042 label=set start=2026-10-03T14:19:19.813+08:00 sets=[mon1=B@+0.4ms/1.3ms/hr=0x00000000] window_ms=3002 total=0 WM_SETTINGCHANGE=0 WM_DISPLAYCHANGE=0 WM_THEMECHANGED=0 WM_DWMCOLORIZATIONCOLORCHANGED=0 WM_SYSCOLORCHANGE=0 other=0
2026-10-03T14:19:32.900+08:00 CYCLE n=1043 label=set start=2026-10-03T14:19:29.887+08:00 sets=[mon1=A@+0.5ms/1.4ms/hr=0x00000000] window_ms=3002 total=0 WM_SETTINGCHANGE=0 WM_DISPLAYCHANGE=0 WM_THEMECHANGED=0 WM_DWMCOLORIZATIONCOLORCHANGED=0 WM_SYSCOLORCHANGE=0 other=0
2026-10-03T14:19:42.869+08:00 CYCLE n=1044 label=set start=2026-10-03T14:19:39.858+08:00 sets=[mon1=B@+0.5ms/1.7ms/hr=0x00000000] window_ms=3002 total=0 WM_SETTINGCHANGE=0 WM_DISPLAYCHANGE=0 WM_THEMECHANGED=0 WM_DWMCOLORIZATIONCOLORCHANGED=0 WM_SYSCOLORCHANGE=0 other=0
2026-10-03T14:19:52.862+08:00 CYCLE n=1045 label=set start=2026-10-03T14:19:49.851+08:00 sets=[mon1=A@+0.4ms/1.7ms/hr=0x00000000] window_ms=3002 total=0 WM_SETTINGCHANGE=0 WM_DISPLAYCHANGE=0 WM_THEMECHANGED=0 WM_DWMCOLORIZATIONCOLORCHANGED=0 WM_SYSCOLORCHANGE=0 other=0
2026-10-03T14:20:02.826+08:00 CYCLE n=1046 label=set start=2026-10-03T14:19:59.814+08:00 sets=[mon1=B@+0.4ms/2.3ms/hr=0x00000000] window_ms=3003 total=0 WM_SETTINGCHANGE=0 WM_DISPLAYCHANGE=0 WM_THEMECHANGED=0 WM_DWMCOLORIZATIONCOLORCHANGED=0 WM_SYSCOLORCHANGE=0 other=0
2026-10-03T14:20:12.887+08:00 CYCLE n=1047 label=set start=2026-10-03T14:20:09.874+08:00 sets=[mon1=A@+0.8ms/1.5ms/hr=0x00000000] window_ms=3003 total=0 WM_SETTINGCHANGE=0 WM_DISPLAYCHANGE=0 WM_THEMECHANGED=0 WM_DWMCOLORIZATIONCOLORCHANGED=0 WM_SYSCOLORCHANGE=0 other=0
2026-10-03T14:20:22.858+08:00 CYCLE n=1048 label=set start=2026-10-03T14:20:19.847+08:00 sets=[mon1=B@+0.4ms/1.6ms/hr=0x00000000] window_ms=3002 total=0 WM_SETTINGCHANGE=0 WM_DISPLAYCHANGE=0 WM_THEMECHANGED=0 WM_DWMCOLORIZATIONCOLORCHANGED=0 WM_SYSCOLORCHANGE=0 other=0
2026-10-03T14:20:32.822+08:00 CYCLE n=1049 label=set start=2026-10-03T14:20:29.810+08:00 sets=[mon1=A@+1.0ms/2.3ms/hr=0x00000000] window_ms=3004 total=0 WM_SETTINGCHANGE=0 WM_DISPLAYCHANGE=0 WM_THEMECHANGED=0 WM_DWMCOLORIZATIONCOLORCHANGED=0 WM_SYSCOLORCHANGE=0 other=0
2026-10-03T14:20:42.886+08:00 CYCLE n=1050 label=set start=2026-10-03T14:20:39.874+08:00 sets=[mon1=B@+0.6ms/1.7ms/hr=0x00000000] window_ms=3003 total=0 WM_SETTINGCHANGE=0 WM_DISPLAYCHANGE=0 WM_THEMECHANGED=0 WM_DWMCOLORIZATIONCOLORCHANGED=0 WM_SYSCOLORCHANGE=0 other=0
2026-10-03T14:20:52.862+08:00 CYCLE n=1051 label=set start=2026-10-03T14:20:49.848+08:00 sets=[mon1=A@+0.8ms/1.4ms/hr=0x00000000] window_ms=3002 total=0 WM_SETTINGCHANGE=0 WM_DISPLAYCHANGE=0 WM_THEMECHANGED=0 WM_DWMCOLORIZATIONCOLORCHANGED=0 WM_SYSCOLORCHANGE=0 other=0
2026-10-03T14:21:02.815+08:00 CYCLE n=1052 label=set start=2026-10-03T14:20:59.804+08:00 sets=[mon1=B@+0.4ms/1.9ms/hr=0x00000000] window_ms=3003 total=0 WM_SETTINGCHANGE=0 WM_DISPLAYCHANGE=0 WM_THEMECHANGED=0 WM_DWMCOLORIZATIONCOLORCHANGED=0 WM_SYSCOLORCHANGE=0 other=0
2026-10-03T14:21:12.874+08:00 CYCLE n=1053 label=set start=2026-10-03T14:21:09.860+08:00 sets=[mon1=A@+1.2ms/2.3ms/hr=0x00000000] window_ms=3004 total=0 WM_SETTINGCHANGE=0 WM_DISPLAYCHANGE=0 WM_THEMECHANGED=0 WM_DWMCOLORIZATIONCOLORCHANGED=0 WM_SYSCOLORCHANGE=0 other=0
2026-10-03T14:21:22.833+08:00 CYCLE n=1054 label=set start=2026-10-03T14:21:19.820+08:00 sets=[mon1=B@+0.6ms/1.7ms/hr=0x00000000] window_ms=3003 total=0 WM_SETTINGCHANGE=0 WM_DISPLAYCHANGE=0 WM_THEMECHANGED=0 WM_DWMCOLORIZATIONCOLORCHANGED=0 WM_SYSCOLORCHANGE=0 other=0
2026-10-03T14:21:32.898+08:00 CYCLE n=1055 label=set start=2026-10-03T14:21:29.883+08:00 sets=[mon1=A@+0.8ms/3.1ms/hr=0x00000000] window_ms=3004 total=0 WM_SETTINGCHANGE=0 WM_DISPLAYCHANGE=0 WM_THEMECHANGED=0 WM_DWMCOLORIZATIONCOLORCHANGED=0 WM_SYSCOLORCHANGE=0 other=0
2026-10-03T14:21:42.872+08:00 CYCLE n=1056 label=set start=2026-10-03T14:21:39.859+08:00 sets=[mon1=B@+0.5ms/1.8ms/hr=0x00000000] window_ms=3002 total=0 WM_SETTINGCHANGE=0 WM_DISPLAYCHANGE=0 WM_THEMECHANGED=0 WM_DWMCOLORIZATIONCOLORCHANGED=0 WM_SYSCOLORCHANGE=0 other=0
2026-10-03T14:21:52.843+08:00 CYCLE n=1057 label=set start=2026-10-03T14:21:49.830+08:00 sets=[mon1=A@+0.5ms/2.0ms/hr=0x00000000] window_ms=3003 total=0 WM_SETTINGCHANGE=0 WM_DISPLAYCHANGE=0 WM_THEMECHANGED=0 WM_DWMCOLORIZATIONCOLORCHANGED=0 WM_SYSCOLORCHANGE=0 other=0
2026-10-03T14:22:02.817+08:00 CYCLE n=1058 label=set start=2026-10-03T14:21:59.805+08:00 sets=[mon1=B@+0.5ms/1.7ms/hr=0x00000000] window_ms=3002 total=0 WM_SETTINGCHANGE=0 WM_DISPLAYCHANGE=0 WM_THEMECHANGED=0 WM_DWMCOLORIZATIONCOLORCHANGED=0 WM_SYSCOLORCHANGE=0 other=0
2026-10-03T14:22:12.875+08:00 CYCLE n=1059 label=set start=2026-10-03T14:22:09.863+08:00 sets=[mon1=A@+0.5ms/2.0ms/hr=0x00000000] window_ms=3003 total=0 WM_SETTINGCHANGE=0 WM_DISPLAYCHANGE=0 WM_THEMECHANGED=0 WM_DWMCOLORIZATIONCOLORCHANGED=0 WM_SYSCOLORCHANGE=0 other=0
2026-10-03T14:22:22.850+08:00 CYCLE n=1060 label=set start=2026-10-03T14:22:19.838+08:00 sets=[mon1=B@+0.6ms/1.5ms/hr=0x00000000] window_ms=3002 total=0 WM_SETTINGCHANGE=0 WM_DISPLAYCHANGE=0 WM_THEMECHANGED=0 WM_DWMCOLORIZATIONCOLORCHANGED=0 WM_SYSCOLORCHANGE=0 other=0
2026-10-03T14:22:32.812+08:00 CYCLE n=1061 label=set start=2026-10-03T14:22:29.799+08:00 sets=[mon1=A@+0.6ms/2.1ms/hr=0x00000000] window_ms=3003 total=0 WM_SETTINGCHANGE=0 WM_DISPLAYCHANGE=0 WM_THEMECHANGED=0 WM_DWMCOLORIZATIONCOLORCHANGED=0 WM_SYSCOLORCHANGE=0 other=0
2026-10-03T14:22:42.877+08:00 CYCLE n=1062 label=set start=2026-10-03T14:22:39.866+08:00 sets=[mon1=B@+0.5ms/2.0ms/hr=0x00000000] window_ms=3003 total=0 WM_SETTINGCHANGE=0 WM_DISPLAYCHANGE=0 WM_THEMECHANGED=0 WM_DWMCOLORIZATIONCOLORCHANGED=0 WM_SYSCOLORCHANGE=0 other=0
2026-10-03T14:22:52.844+08:00 CYCLE n=1063 label=set start=2026-10-03T14:22:49.833+08:00 sets=[mon1=A@+0.4ms/1.8ms/hr=0x00000000] window_ms=3002 total=0 WM_SETTINGCHANGE=0 WM_DISPLAYCHANGE=0 WM_THEMECHANGED=0 WM_DWMCOLORIZATIONCOLORCHANGED=0 WM_SYSCOLORCHANGE=0 other=0
2026-10-03T14:23:02.813+08:00 CYCLE n=1064 label=set start=2026-10-03T14:22:59.802+08:00 sets=[mon1=B@+0.5ms/1.9ms/hr=0x00000000] window_ms=3003 total=0 WM_SETTINGCHANGE=0 WM_DISPLAYCHANGE=0 WM_THEMECHANGED=0 WM_DWMCOLORIZATIONCOLORCHANGED=0 WM_SYSCOLORCHANGE=0 other=0
2026-10-03T14:23:12.887+08:00 CYCLE n=1065 label=set start=2026-10-03T14:23:09.874+08:00 sets=[mon1=A@+0.5ms/1.8ms/hr=0x00000000] window_ms=3003 total=0 WM_SETTINGCHANGE=0 WM_DISPLAYCHANGE=0 WM_THEMECHANGED=0 WM_DWMCOLORIZATIONCOLORCHANGED=0 WM_SYSCOLORCHANGE=0 other=0
2026-10-03T14:23:22.859+08:00 CYCLE n=1066 label=set start=2026-10-03T14:23:19.847+08:00 sets=[mon1=B@+0.5ms/1.9ms/hr=0x00000000] window_ms=3003 total=0 WM_SETTINGCHANGE=0 WM_DISPLAYCHANGE=0 WM_THEMECHANGED=0 WM_DWMCOLORIZATIONCOLORCHANGED=0 WM_SYSCOLORCHANGE=0 other=0
2026-10-03T14:23:32.832+08:00 CYCLE n=1067 label=set start=2026-10-03T14:23:29.818+08:00 sets=[mon1=A@+0.8ms/2.2ms/hr=0x00000000] window_ms=3003 total=0 WM_SETTINGCHANGE=0 WM_DISPLAYCHANGE=0 WM_THEMECHANGED=0 WM_DWMCOLORIZATIONCOLORCHANGED=0 WM_SYSCOLORCHANGE=0 other=0
2026-10-03T14:23:42.901+08:00 CYCLE n=1068 label=set start=2026-10-03T14:23:39.889+08:00 sets=[mon1=B@+0.4ms/1.8ms/hr=0x00000000] window_ms=3002 total=0 WM_SETTINGCHANGE=0 WM_DISPLAYCHANGE=0 WM_THEMECHANGED=0 WM_DWMCOLORIZATIONCOLORCHANGED=0 WM_SYSCOLORCHANGE=0 other=0
2026-10-03T14:23:52.855+08:00 CYCLE n=1069 label=set start=2026-10-03T14:23:49.842+08:00 sets=[mon1=A@+0.8ms/2.2ms/hr=0x00000000] window_ms=3003 total=0 WM_SETTINGCHANGE=0 WM_DISPLAYCHANGE=0 WM_THEMECHANGED=0 WM_DWMCOLORIZATIONCOLORCHANGED=0 WM_SYSCOLORCHANGE=0 other=0
2026-10-03T14:24:02.824+08:00 CYCLE n=1070 label=set start=2026-10-03T14:23:59.810+08:00 sets=[mon1=B@+0.5ms/1.7ms/hr=0x00000000] window_ms=3002 total=0 WM_SETTINGCHANGE=0 WM_DISPLAYCHANGE=0 WM_THEMECHANGED=0 WM_DWMCOLORIZATIONCOLORCHANGED=0 WM_SYSCOLORCHANGE=0 other=0
2026-10-03T14:24:12.893+08:00 CYCLE n=1071 label=set start=2026-10-03T14:24:09.880+08:00 sets=[mon1=A@+0.4ms/1.8ms/hr=0x00000000] window_ms=3002 total=0 WM_SETTINGCHANGE=0 WM_DISPLAYCHANGE=0 WM_THEMECHANGED=0 WM_DWMCOLORIZATIONCOLORCHANGED=0 WM_SYSCOLORCHANGE=0 other=0
2026-10-03T14:24:22.865+08:00 CYCLE n=1072 label=set start=2026-10-03T14:24:19.851+08:00 sets=[mon1=B@+0.5ms/1.9ms/hr=0x00000000] window_ms=3003 total=0 WM_SETTINGCHANGE=0 WM_DISPLAYCHANGE=0 WM_THEMECHANGED=0 WM_DWMCOLORIZATIONCOLORCHANGED=0 WM_SYSCOLORCHANGE=0 other=0
2026-10-03T14:24:32.824+08:00 CYCLE n=1073 label=set start=2026-10-03T14:24:29.814+08:00 sets=[mon1=A@+0.5ms/1.4ms/hr=0x00000000] window_ms=3002 total=0 WM_SETTINGCHANGE=0 WM_DISPLAYCHANGE=0 WM_THEMECHANGED=0 WM_DWMCOLORIZATIONCOLORCHANGED=0 WM_SYSCOLORCHANGE=0 other=0
2026-10-03T14:24:42.884+08:00 CYCLE n=1074 label=set start=2026-10-03T14:24:39.874+08:00 sets=[mon1=B@+0.6ms/1.7ms/hr=0x00000000] window_ms=3002 total=0 WM_SETTINGCHANGE=0 WM_DISPLAYCHANGE=0 WM_THEMECHANGED=0 WM_DWMCOLORIZATIONCOLORCHANGED=0 WM_SYSCOLORCHANGE=0 other=0
2026-10-03T14:24:52.856+08:00 CYCLE n=1075 label=set start=2026-10-03T14:24:49.844+08:00 sets=[mon1=A@+0.5ms/1.5ms/hr=0x00000000] window_ms=3002 total=0 WM_SETTINGCHANGE=0 WM_DISPLAYCHANGE=0 WM_THEMECHANGED=0 WM_DWMCOLORIZATIONCOLORCHANGED=0 WM_SYSCOLORCHANGE=0 other=0
2026-10-03T14:25:02.829+08:00 CYCLE n=1076 label=set start=2026-10-03T14:24:59.816+08:00 sets=[mon1=B@+0.8ms/2.4ms/hr=0x00000000] window_ms=3003 total=0 WM_SETTINGCHANGE=0 WM_DISPLAYCHANGE=0 WM_THEMECHANGED=0 WM_DWMCOLORIZATIONCOLORCHANGED=0 WM_SYSCOLORCHANGE=0 other=0
2026-10-03T14:25:12.891+08:00 CYCLE n=1077 label=set start=2026-10-03T14:25:09.880+08:00 sets=[mon1=A@+0.8ms/1.7ms/hr=0x00000000] window_ms=3003 total=0 WM_SETTINGCHANGE=0 WM_DISPLAYCHANGE=0 WM_THEMECHANGED=0 WM_DWMCOLORIZATIONCOLORCHANGED=0 WM_SYSCOLORCHANGE=0 other=0
2026-10-03T14:25:22.853+08:00 CYCLE n=1078 label=set start=2026-10-03T14:25:19.842+08:00 sets=[mon1=B@+0.7ms/1.5ms/hr=0x00000000] window_ms=3002 total=0 WM_SETTINGCHANGE=0 WM_DISPLAYCHANGE=0 WM_THEMECHANGED=0 WM_DWMCOLORIZATIONCOLORCHANGED=0 WM_SYSCOLORCHANGE=0 other=0
2026-10-03T14:25:32.818+08:00 CYCLE n=1079 label=set start=2026-10-03T14:25:29.805+08:00 sets=[mon1=A@+0.9ms/1.6ms/hr=0x00000000] window_ms=3003 total=0 WM_SETTINGCHANGE=0 WM_DISPLAYCHANGE=0 WM_THEMECHANGED=0 WM_DWMCOLORIZATIONCOLORCHANGED=0 WM_SYSCOLORCHANGE=0 other=0
2026-10-03T14:25:42.887+08:00 CYCLE n=1080 label=set start=2026-10-03T14:25:39.874+08:00 sets=[mon1=B@+0.9ms/2.4ms/hr=0x00000000] window_ms=3004 total=0 WM_SETTINGCHANGE=0 WM_DISPLAYCHANGE=0 WM_THEMECHANGED=0 WM_DWMCOLORIZATIONCOLORCHANGED=0 WM_SYSCOLORCHANGE=0 other=0
2026-10-03T14:25:52.853+08:00 CYCLE n=1081 label=set start=2026-10-03T14:25:49.842+08:00 sets=[mon1=A@+0.4ms/1.6ms/hr=0x00000000] window_ms=3002 total=0 WM_SETTINGCHANGE=0 WM_DISPLAYCHANGE=0 WM_THEMECHANGED=0 WM_DWMCOLORIZATIONCOLORCHANGED=0 WM_SYSCOLORCHANGE=0 other=0
2026-10-03T14:26:02.820+08:00 CYCLE n=1082 label=set start=2026-10-03T14:25:59.808+08:00 sets=[mon1=B@+0.7ms/2.0ms/hr=0x00000000] window_ms=3003 total=0 WM_SETTINGCHANGE=0 WM_DISPLAYCHANGE=0 WM_THEMECHANGED=0 WM_DWMCOLORIZATIONCOLORCHANGED=0 WM_SYSCOLORCHANGE=0 other=0
2026-10-03T14:26:12.882+08:00 CYCLE n=1083 label=set start=2026-10-03T14:26:09.870+08:00 sets=[mon1=A@+0.8ms/1.8ms/hr=0x00000000] window_ms=3003 total=0 WM_SETTINGCHANGE=0 WM_DISPLAYCHANGE=0 WM_THEMECHANGED=0 WM_DWMCOLORIZATIONCOLORCHANGED=0 WM_SYSCOLORCHANGE=0 other=0
2026-10-03T14:26:22.851+08:00 CYCLE n=1084 label=set start=2026-10-03T14:26:19.838+08:00 sets=[mon1=B@+0.5ms/2.0ms/hr=0x00000000] window_ms=3003 total=0 WM_SETTINGCHANGE=0 WM_DISPLAYCHANGE=0 WM_THEMECHANGED=0 WM_DWMCOLORIZATIONCOLORCHANGED=0 WM_SYSCOLORCHANGE=0 other=0
2026-10-03T14:26:32.810+08:00 CYCLE n=1085 label=set start=2026-10-03T14:26:29.798+08:00 sets=[mon1=A@+0.4ms/1.8ms/hr=0x00000000] window_ms=3002 total=0 WM_SETTINGCHANGE=0 WM_DISPLAYCHANGE=0 WM_THEMECHANGED=0 WM_DWMCOLORIZATIONCOLORCHANGED=0 WM_SYSCOLORCHANGE=0 other=0
2026-10-03T14:26:42.882+08:00 CYCLE n=1086 label=set start=2026-10-03T14:26:39.868+08:00 sets=[mon1=B@+0.8ms/1.8ms/hr=0x00000000] window_ms=3003 total=0 WM_SETTINGCHANGE=0 WM_DISPLAYCHANGE=0 WM_THEMECHANGED=0 WM_DWMCOLORIZATIONCOLORCHANGED=0 WM_SYSCOLORCHANGE=0 other=0
2026-10-03T14:26:52.853+08:00 CYCLE n=1087 label=set start=2026-10-03T14:26:49.840+08:00 sets=[mon1=A@+0.4ms/1.6ms/hr=0x00000000] window_ms=3002 total=0 WM_SETTINGCHANGE=0 WM_DISPLAYCHANGE=0 WM_THEMECHANGED=0 WM_DWMCOLORIZATIONCOLORCHANGED=0 WM_SYSCOLORCHANGE=0 other=0
2026-10-03T14:27:02.826+08:00 CYCLE n=1088 label=set start=2026-10-03T14:26:59.810+08:00 sets=[mon1=B@+0.5ms/2.1ms/hr=0x00000000] window_ms=3003 total=0 WM_SETTINGCHANGE=0 WM_DISPLAYCHANGE=0 WM_THEMECHANGED=0 WM_DWMCOLORIZATIONCOLORCHANGED=0 WM_SYSCOLORCHANGE=0 other=0
2026-10-03T14:27:12.829+08:00 CYCLE n=1089 label=set start=2026-10-03T14:27:09.816+08:00 sets=[mon1=A@+0.4ms/2.0ms/hr=0x00000000] window_ms=3003 total=0 WM_SETTINGCHANGE=0 WM_DISPLAYCHANGE=0 WM_THEMECHANGED=0 WM_DWMCOLORIZATIONCOLORCHANGED=0 WM_SYSCOLORCHANGE=0 other=0
2026-10-03T14:27:22.804+08:00 CYCLE n=1090 label=set start=2026-10-03T14:27:19.793+08:00 sets=[mon1=B@+0.6ms/1.8ms/hr=0x00000000] window_ms=3003 total=0 WM_SETTINGCHANGE=0 WM_DISPLAYCHANGE=0 WM_THEMECHANGED=0 WM_DWMCOLORIZATIONCOLORCHANGED=0 WM_SYSCOLORCHANGE=0 other=0
2026-10-03T14:27:32.873+08:00 CYCLE n=1091 label=set start=2026-10-03T14:27:29.862+08:00 sets=[mon1=A@+0.6ms/2.0ms/hr=0x00000000] window_ms=3003 total=0 WM_SETTINGCHANGE=0 WM_DISPLAYCHANGE=0 WM_THEMECHANGED=0 WM_DWMCOLORIZATIONCOLORCHANGED=0 WM_SYSCOLORCHANGE=0 other=0
2026-10-03T14:27:42.843+08:00 CYCLE n=1092 label=set start=2026-10-03T14:27:39.831+08:00 sets=[mon1=B@+1.5ms/2.1ms/hr=0x00000000] window_ms=3004 total=0 WM_SETTINGCHANGE=0 WM_DISPLAYCHANGE=0 WM_THEMECHANGED=0 WM_DWMCOLORIZATIONCOLORCHANGED=0 WM_SYSCOLORCHANGE=0 other=0
2026-10-03T14:27:52.813+08:00 CYCLE n=1093 label=set start=2026-10-03T14:27:49.801+08:00 sets=[mon1=A@+0.7ms/1.9ms/hr=0x00000000] window_ms=3003 total=0 WM_SETTINGCHANGE=0 WM_DISPLAYCHANGE=0 WM_THEMECHANGED=0 WM_DWMCOLORIZATIONCOLORCHANGED=0 WM_SYSCOLORCHANGE=0 other=0
2026-10-03T14:28:02.882+08:00 CYCLE n=1094 label=set start=2026-10-03T14:27:59.870+08:00 sets=[mon1=B@+0.5ms/1.8ms/hr=0x00000000] window_ms=3003 total=0 WM_SETTINGCHANGE=0 WM_DISPLAYCHANGE=0 WM_THEMECHANGED=0 WM_DWMCOLORIZATIONCOLORCHANGED=0 WM_SYSCOLORCHANGE=0 other=0
2026-10-03T14:28:12.852+08:00 CYCLE n=1095 label=set start=2026-10-03T14:28:09.841+08:00 sets=[mon1=A@+0.4ms/1.8ms/hr=0x00000000] window_ms=3002 total=0 WM_SETTINGCHANGE=0 WM_DISPLAYCHANGE=0 WM_THEMECHANGED=0 WM_DWMCOLORIZATIONCOLORCHANGED=0 WM_SYSCOLORCHANGE=0 other=0
2026-10-03T14:28:22.825+08:00 CYCLE n=1096 label=set start=2026-10-03T14:28:19.812+08:00 sets=[mon1=B@+0.5ms/1.7ms/hr=0x00000000] window_ms=3002 total=0 WM_SETTINGCHANGE=0 WM_DISPLAYCHANGE=0 WM_THEMECHANGED=0 WM_DWMCOLORIZATIONCOLORCHANGED=0 WM_SYSCOLORCHANGE=0 other=0
2026-10-03T14:28:32.894+08:00 CYCLE n=1097 label=set start=2026-10-03T14:28:29.882+08:00 sets=[mon1=A@+0.5ms/1.7ms/hr=0x00000000] window_ms=3002 total=0 WM_SETTINGCHANGE=0 WM_DISPLAYCHANGE=0 WM_THEMECHANGED=0 WM_DWMCOLORIZATIONCOLORCHANGED=0 WM_SYSCOLORCHANGE=0 other=0
2026-10-03T14:28:42.869+08:00 CYCLE n=1098 label=set start=2026-10-03T14:28:39.856+08:00 sets=[mon1=B@+0.5ms/1.5ms/hr=0x00000000] window_ms=3002 total=0 WM_SETTINGCHANGE=0 WM_DISPLAYCHANGE=0 WM_THEMECHANGED=0 WM_DWMCOLORIZATIONCOLORCHANGED=0 WM_SYSCOLORCHANGE=0 other=0
2026-10-03T14:28:52.837+08:00 CYCLE n=1099 label=set start=2026-10-03T14:28:49.823+08:00 sets=[mon1=A@+0.7ms/2.4ms/hr=0x00000000] window_ms=3003 total=0 WM_SETTINGCHANGE=0 WM_DISPLAYCHANGE=0 WM_THEMECHANGED=0 WM_DWMCOLORIZATIONCOLORCHANGED=0 WM_SYSCOLORCHANGE=0 other=0
2026-10-03T14:29:02.897+08:00 CYCLE n=1100 label=set start=2026-10-03T14:28:59.885+08:00 sets=[mon1=B@+0.5ms/1.9ms/hr=0x00000000] window_ms=3003 total=0 WM_SETTINGCHANGE=0 WM_DISPLAYCHANGE=0 WM_THEMECHANGED=0 WM_DWMCOLORIZATIONCOLORCHANGED=0 WM_SYSCOLORCHANGE=0 other=0
2026-10-03T14:29:12.858+08:00 CYCLE n=1101 label=set start=2026-10-03T14:29:09.845+08:00 sets=[mon1=A@+0.4ms/1.8ms/hr=0x00000000] window_ms=3002 total=0 WM_SETTINGCHANGE=0 WM_DISPLAYCHANGE=0 WM_THEMECHANGED=0 WM_DWMCOLORIZATIONCOLORCHANGED=0 WM_SYSCOLORCHANGE=0 other=0
2026-10-03T14:29:22.828+08:00 CYCLE n=1102 label=set start=2026-10-03T14:29:19.816+08:00 sets=[mon1=B@+0.6ms/1.9ms/hr=0x00000000] window_ms=3003 total=0 WM_SETTINGCHANGE=0 WM_DISPLAYCHANGE=0 WM_THEMECHANGED=0 WM_DWMCOLORIZATIONCOLORCHANGED=0 WM_SYSCOLORCHANGE=0 other=0
2026-10-03T14:29:32.890+08:00 CYCLE n=1103 label=set start=2026-10-03T14:29:29.877+08:00 sets=[mon1=A@+0.6ms/1.7ms/hr=0x00000000] window_ms=3003 total=0 WM_SETTINGCHANGE=0 WM_DISPLAYCHANGE=0 WM_THEMECHANGED=0 WM_DWMCOLORIZATIONCOLORCHANGED=0 WM_SYSCOLORCHANGE=0 other=0
2026-10-03T14:29:42.851+08:00 CYCLE n=1104 label=set start=2026-10-03T14:29:39.840+08:00 sets=[mon1=B@+0.5ms/1.4ms/hr=0x00000000] window_ms=3002 total=0 WM_SETTINGCHANGE=0 WM_DISPLAYCHANGE=0 WM_THEMECHANGED=0 WM_DWMCOLORIZATIONCOLORCHANGED=0 WM_SYSCOLORCHANGE=0 other=0
2026-10-03T14:29:52.809+08:00 CYCLE n=1105 label=set start=2026-10-03T14:29:49.797+08:00 sets=[mon1=A@+0.4ms/1.7ms/hr=0x00000000] window_ms=3002 total=0 WM_SETTINGCHANGE=0 WM_DISPLAYCHANGE=0 WM_THEMECHANGED=0 WM_DWMCOLORIZATIONCOLORCHANGED=0 WM_SYSCOLORCHANGE=0 other=0
2026-10-03T14:30:02.879+08:00 CYCLE n=1106 label=set start=2026-10-03T14:29:59.867+08:00 sets=[mon1=B@+0.6ms/1.6ms/hr=0x00000000] window_ms=3002 total=0 WM_SETTINGCHANGE=0 WM_DISPLAYCHANGE=0 WM_THEMECHANGED=0 WM_DWMCOLORIZATIONCOLORCHANGED=0 WM_SYSCOLORCHANGE=0 other=0
2026-10-03T14:30:12.848+08:00 CYCLE n=1107 label=set start=2026-10-03T14:30:09.836+08:00 sets=[mon1=A@+1.0ms/2.7ms/hr=0x00000000] window_ms=3004 total=0 WM_SETTINGCHANGE=0 WM_DISPLAYCHANGE=0 WM_THEMECHANGED=0 WM_DWMCOLORIZATIONCOLORCHANGED=0 WM_SYSCOLORCHANGE=0 other=0
2026-10-03T14:30:22.810+08:00 CYCLE n=1108 label=set start=2026-10-03T14:30:19.798+08:00 sets=[mon1=B@+0.5ms/2.0ms/hr=0x00000000] window_ms=3003 total=0 WM_SETTINGCHANGE=0 WM_DISPLAYCHANGE=0 WM_THEMECHANGED=0 WM_DWMCOLORIZATIONCOLORCHANGED=0 WM_SYSCOLORCHANGE=0 other=0
2026-10-03T14:30:32.882+08:00 CYCLE n=1109 label=set start=2026-10-03T14:30:29.870+08:00 sets=[mon1=A@+0.4ms/1.8ms/hr=0x00000000] window_ms=3002 total=0 WM_SETTINGCHANGE=0 WM_DISPLAYCHANGE=0 WM_THEMECHANGED=0 WM_DWMCOLORIZATIONCOLORCHANGED=0 WM_SYSCOLORCHANGE=0 other=0
2026-10-03T14:30:42.849+08:00 CYCLE n=1110 label=set start=2026-10-03T14:30:39.836+08:00 sets=[mon1=B@+0.6ms/2.2ms/hr=0x00000000] window_ms=3003 total=0 WM_SETTINGCHANGE=0 WM_DISPLAYCHANGE=0 WM_THEMECHANGED=0 WM_DWMCOLORIZATIONCOLORCHANGED=0 WM_SYSCOLORCHANGE=0 other=0
2026-10-03T14:30:52.821+08:00 CYCLE n=1111 label=set start=2026-10-03T14:30:49.808+08:00 sets=[mon1=A@+0.6ms/1.8ms/hr=0x00000000] window_ms=3003 total=0 WM_SETTINGCHANGE=0 WM_DISPLAYCHANGE=0 WM_THEMECHANGED=0 WM_DWMCOLORIZATIONCOLORCHANGED=0 WM_SYSCOLORCHANGE=0 other=0
2026-10-03T14:31:02.882+08:00 CYCLE n=1112 label=set start=2026-10-03T14:30:59.870+08:00 sets=[mon1=B@+0.4ms/1.6ms/hr=0x00000000] window_ms=3002 total=0 WM_SETTINGCHANGE=0 WM_DISPLAYCHANGE=0 WM_THEMECHANGED=0 WM_DWMCOLORIZATIONCOLORCHANGED=0 WM_SYSCOLORCHANGE=0 other=0
2026-10-03T14:31:12.854+08:00 CYCLE n=1113 label=set start=2026-10-03T14:31:09.841+08:00 sets=[mon1=A@+0.5ms/2.5ms/hr=0x00000000] window_ms=3003 total=0 WM_SETTINGCHANGE=0 WM_DISPLAYCHANGE=0 WM_THEMECHANGED=0 WM_DWMCOLORIZATIONCOLORCHANGED=0 WM_SYSCOLORCHANGE=0 other=0
2026-10-03T14:31:22.828+08:00 CYCLE n=1114 label=set start=2026-10-03T14:31:19.815+08:00 sets=[mon1=B@+0.5ms/1.9ms/hr=0x00000000] window_ms=3003 total=0 WM_SETTINGCHANGE=0 WM_DISPLAYCHANGE=0 WM_THEMECHANGED=0 WM_DWMCOLORIZATIONCOLORCHANGED=0 WM_SYSCOLORCHANGE=0 other=0
2026-10-03T14:31:32.891+08:00 CYCLE n=1115 label=set start=2026-10-03T14:31:29.879+08:00 sets=[mon1=A@+0.9ms/2.0ms/hr=0x00000000] window_ms=3003 total=0 WM_SETTINGCHANGE=0 WM_DISPLAYCHANGE=0 WM_THEMECHANGED=0 WM_DWMCOLORIZATIONCOLORCHANGED=0 WM_SYSCOLORCHANGE=0 other=0
2026-10-03T14:31:42.850+08:00 CYCLE n=1116 label=set start=2026-10-03T14:31:39.836+08:00 sets=[mon1=B@+0.4ms/2.2ms/hr=0x00000000] window_ms=3003 total=0 WM_SETTINGCHANGE=0 WM_DISPLAYCHANGE=0 WM_THEMECHANGED=0 WM_DWMCOLORIZATIONCOLORCHANGED=0 WM_SYSCOLORCHANGE=0 other=0
2026-10-03T14:31:52.822+08:00 CYCLE n=1117 label=set start=2026-10-03T14:31:49.810+08:00 sets=[mon1=A@+0.4ms/1.7ms/hr=0x00000000] window_ms=3002 total=0 WM_SETTINGCHANGE=0 WM_DISPLAYCHANGE=0 WM_THEMECHANGED=0 WM_DWMCOLORIZATIONCOLORCHANGED=0 WM_SYSCOLORCHANGE=0 other=0
2026-10-03T14:32:02.885+08:00 CYCLE n=1118 label=set start=2026-10-03T14:31:59.874+08:00 sets=[mon1=B@+0.4ms/1.8ms/hr=0x00000000] window_ms=3002 total=0 WM_SETTINGCHANGE=0 WM_DISPLAYCHANGE=0 WM_THEMECHANGED=0 WM_DWMCOLORIZATIONCOLORCHANGED=0 WM_SYSCOLORCHANGE=0 other=0
2026-10-03T14:32:12.856+08:00 CYCLE n=1119 label=set start=2026-10-03T14:32:09.844+08:00 sets=[mon1=A@+0.7ms/1.6ms/hr=0x00000000] window_ms=3002 total=0 WM_SETTINGCHANGE=0 WM_DISPLAYCHANGE=0 WM_THEMECHANGED=0 WM_DWMCOLORIZATIONCOLORCHANGED=0 WM_SYSCOLORCHANGE=0 other=0
2026-10-03T14:32:22.829+08:00 CYCLE n=1120 label=set start=2026-10-03T14:32:19.815+08:00 sets=[mon1=B@+0.8ms/2.4ms/hr=0x00000000] window_ms=3004 total=0 WM_SETTINGCHANGE=0 WM_DISPLAYCHANGE=0 WM_THEMECHANGED=0 WM_DWMCOLORIZATIONCOLORCHANGED=0 WM_SYSCOLORCHANGE=0 other=0
2026-10-03T14:32:32.896+08:00 CYCLE n=1121 label=set start=2026-10-03T14:32:29.885+08:00 sets=[mon1=A@+0.4ms/1.9ms/hr=0x00000000] window_ms=3002 total=0 WM_SETTINGCHANGE=0 WM_DISPLAYCHANGE=0 WM_THEMECHANGED=0 WM_DWMCOLORIZATIONCOLORCHANGED=0 WM_SYSCOLORCHANGE=0 other=0
2026-10-03T14:32:42.867+08:00 CYCLE n=1122 label=set start=2026-10-03T14:32:39.856+08:00 sets=[mon1=B@+0.5ms/1.4ms/hr=0x00000000] window_ms=3002 total=0 WM_SETTINGCHANGE=0 WM_DISPLAYCHANGE=0 WM_THEMECHANGED=0 WM_DWMCOLORIZATIONCOLORCHANGED=0 WM_SYSCOLORCHANGE=0 other=0
2026-10-03T14:32:52.822+08:00 CYCLE n=1123 label=set start=2026-10-03T14:32:49.810+08:00 sets=[mon1=A@+0.4ms/2.0ms/hr=0x00000000] window_ms=3003 total=0 WM_SETTINGCHANGE=0 WM_DISPLAYCHANGE=0 WM_THEMECHANGED=0 WM_DWMCOLORIZATIONCOLORCHANGED=0 WM_SYSCOLORCHANGE=0 other=0
2026-10-03T14:33:02.896+08:00 CYCLE n=1124 label=set start=2026-10-03T14:32:59.884+08:00 sets=[mon1=B@+0.4ms/1.6ms/hr=0x00000000] window_ms=3002 total=0 WM_SETTINGCHANGE=0 WM_DISPLAYCHANGE=0 WM_THEMECHANGED=0 WM_DWMCOLORIZATIONCOLORCHANGED=0 WM_SYSCOLORCHANGE=0 other=0
2026-10-03T14:33:12.866+08:00 CYCLE n=1125 label=set start=2026-10-03T14:33:09.855+08:00 sets=[mon1=A@+0.4ms/1.3ms/hr=0x00000000] window_ms=3002 total=0 WM_SETTINGCHANGE=0 WM_DISPLAYCHANGE=0 WM_THEMECHANGED=0 WM_DWMCOLORIZATIONCOLORCHANGED=0 WM_SYSCOLORCHANGE=0 other=0
2026-10-03T14:33:22.822+08:00 CYCLE n=1126 label=set start=2026-10-03T14:33:19.810+08:00 sets=[mon1=B@+0.4ms/2.0ms/hr=0x00000000] window_ms=3003 total=0 WM_SETTINGCHANGE=0 WM_DISPLAYCHANGE=0 WM_THEMECHANGED=0 WM_DWMCOLORIZATIONCOLORCHANGED=0 WM_SYSCOLORCHANGE=0 other=0
2026-10-03T14:33:32.889+08:00 CYCLE n=1127 label=set start=2026-10-03T14:33:29.875+08:00 sets=[mon1=A@+0.8ms/2.2ms/hr=0x00000000] window_ms=3003 total=0 WM_SETTINGCHANGE=0 WM_DISPLAYCHANGE=0 WM_THEMECHANGED=0 WM_DWMCOLORIZATIONCOLORCHANGED=0 WM_SYSCOLORCHANGE=0 other=0
2026-10-03T14:33:42.852+08:00 CYCLE n=1128 label=set start=2026-10-03T14:33:39.838+08:00 sets=[mon1=B@+1.3ms/1.7ms/hr=0x00000000] window_ms=3004 total=0 WM_SETTINGCHANGE=0 WM_DISPLAYCHANGE=0 WM_THEMECHANGED=0 WM_DWMCOLORIZATIONCOLORCHANGED=0 WM_SYSCOLORCHANGE=0 other=0
2026-10-03T14:33:52.820+08:00 CYCLE n=1129 label=set start=2026-10-03T14:33:49.809+08:00 sets=[mon1=A@+0.7ms/2.1ms/hr=0x00000000] window_ms=3003 total=0 WM_SETTINGCHANGE=0 WM_DISPLAYCHANGE=0 WM_THEMECHANGED=0 WM_DWMCOLORIZATIONCOLORCHANGED=0 WM_SYSCOLORCHANGE=0 other=0
2026-10-03T14:34:02.885+08:00 CYCLE n=1130 label=set start=2026-10-03T14:33:59.873+08:00 sets=[mon1=B@+0.8ms/1.8ms/hr=0x00000000] window_ms=3003 total=0 WM_SETTINGCHANGE=0 WM_DISPLAYCHANGE=0 WM_THEMECHANGED=0 WM_DWMCOLORIZATIONCOLORCHANGED=0 WM_SYSCOLORCHANGE=0 other=0
2026-10-03T14:34:12.850+08:00 CYCLE n=1131 label=set start=2026-10-03T14:34:09.837+08:00 sets=[mon1=A@+0.8ms/2.3ms/hr=0x00000000] window_ms=3003 total=0 WM_SETTINGCHANGE=0 WM_DISPLAYCHANGE=0 WM_THEMECHANGED=0 WM_DWMCOLORIZATIONCOLORCHANGED=0 WM_SYSCOLORCHANGE=0 other=0
2026-10-03T14:34:22.815+08:00 CYCLE n=1132 label=set start=2026-10-03T14:34:19.803+08:00 sets=[mon1=B@+0.4ms/1.4ms/hr=0x00000000] window_ms=3002 total=0 WM_SETTINGCHANGE=0 WM_DISPLAYCHANGE=0 WM_THEMECHANGED=0 WM_DWMCOLORIZATIONCOLORCHANGED=0 WM_SYSCOLORCHANGE=0 other=0
2026-10-03T14:34:32.891+08:00 CYCLE n=1133 label=set start=2026-10-03T14:34:29.879+08:00 sets=[mon1=A@+0.5ms/2.1ms/hr=0x00000000] window_ms=3003 total=0 WM_SETTINGCHANGE=0 WM_DISPLAYCHANGE=0 WM_THEMECHANGED=0 WM_DWMCOLORIZATIONCOLORCHANGED=0 WM_SYSCOLORCHANGE=0 other=0
2026-10-03T14:34:42.859+08:00 CYCLE n=1134 label=set start=2026-10-03T14:34:39.846+08:00 sets=[mon1=B@+0.5ms/1.7ms/hr=0x00000000] window_ms=3002 total=0 WM_SETTINGCHANGE=0 WM_DISPLAYCHANGE=0 WM_THEMECHANGED=0 WM_DWMCOLORIZATIONCOLORCHANGED=0 WM_SYSCOLORCHANGE=0 other=0
2026-10-03T14:34:52.827+08:00 CYCLE n=1135 label=set start=2026-10-03T14:34:49.816+08:00 sets=[mon1=A@+0.5ms/1.3ms/hr=0x00000000] window_ms=3002 total=0 WM_SETTINGCHANGE=0 WM_DISPLAYCHANGE=0 WM_THEMECHANGED=0 WM_DWMCOLORIZATIONCOLORCHANGED=0 WM_SYSCOLORCHANGE=0 other=0
2026-10-03T14:35:02.900+08:00 CYCLE n=1136 label=set start=2026-10-03T14:34:59.886+08:00 sets=[mon1=B@+1.7ms/2.8ms/hr=0x00000000] window_ms=3005 total=0 WM_SETTINGCHANGE=0 WM_DISPLAYCHANGE=0 WM_THEMECHANGED=0 WM_DWMCOLORIZATIONCOLORCHANGED=0 WM_SYSCOLORCHANGE=0 other=0
2026-10-03T14:35:12.873+08:00 CYCLE n=1137 label=set start=2026-10-03T14:35:09.861+08:00 sets=[mon1=A@+0.7ms/1.9ms/hr=0x00000000] window_ms=3003 total=0 WM_SETTINGCHANGE=0 WM_DISPLAYCHANGE=0 WM_THEMECHANGED=0 WM_DWMCOLORIZATIONCOLORCHANGED=0 WM_SYSCOLORCHANGE=0 other=0
2026-10-03T14:35:22.841+08:00 CYCLE n=1138 label=set start=2026-10-03T14:35:19.829+08:00 sets=[mon1=B@+0.4ms/1.6ms/hr=0x00000000] window_ms=3002 total=0 WM_SETTINGCHANGE=0 WM_DISPLAYCHANGE=0 WM_THEMECHANGED=0 WM_DWMCOLORIZATIONCOLORCHANGED=0 WM_SYSCOLORCHANGE=0 other=0
2026-10-03T14:35:32.812+08:00 CYCLE n=1139 label=set start=2026-10-03T14:35:29.799+08:00 sets=[mon1=A@+0.6ms/2.0ms/hr=0x00000000] window_ms=3003 total=0 WM_SETTINGCHANGE=0 WM_DISPLAYCHANGE=0 WM_THEMECHANGED=0 WM_DWMCOLORIZATIONCOLORCHANGED=0 WM_SYSCOLORCHANGE=0 other=0
2026-10-03T14:35:42.878+08:00 CYCLE n=1140 label=set start=2026-10-03T14:35:39.867+08:00 sets=[mon1=B@+0.4ms/2.0ms/hr=0x00000000] window_ms=3003 total=0 WM_SETTINGCHANGE=0 WM_DISPLAYCHANGE=0 WM_THEMECHANGED=0 WM_DWMCOLORIZATIONCOLORCHANGED=0 WM_SYSCOLORCHANGE=0 other=0
2026-10-03T14:35:52.848+08:00 CYCLE n=1141 label=set start=2026-10-03T14:35:49.838+08:00 sets=[mon1=A@+0.4ms/1.8ms/hr=0x00000000] window_ms=3002 total=0 WM_SETTINGCHANGE=0 WM_DISPLAYCHANGE=0 WM_THEMECHANGED=0 WM_DWMCOLORIZATIONCOLORCHANGED=0 WM_SYSCOLORCHANGE=0 other=0
2026-10-03T14:36:02.812+08:00 CYCLE n=1142 label=set start=2026-10-03T14:35:59.800+08:00 sets=[mon1=B@+0.4ms/2.7ms/hr=0x00000000] window_ms=3003 total=0 WM_SETTINGCHANGE=0 WM_DISPLAYCHANGE=0 WM_THEMECHANGED=0 WM_DWMCOLORIZATIONCOLORCHANGED=0 WM_SYSCOLORCHANGE=0 other=0
2026-10-03T14:36:12.871+08:00 CYCLE n=1143 label=set start=2026-10-03T14:36:09.859+08:00 sets=[mon1=A@+0.5ms/2.0ms/hr=0x00000000] window_ms=3003 total=0 WM_SETTINGCHANGE=0 WM_DISPLAYCHANGE=0 WM_THEMECHANGED=0 WM_DWMCOLORIZATIONCOLORCHANGED=0 WM_SYSCOLORCHANGE=0 other=0
2026-10-03T14:36:22.844+08:00 CYCLE n=1144 label=set start=2026-10-03T14:36:19.833+08:00 sets=[mon1=B@+0.4ms/1.4ms/hr=0x00000000] window_ms=3002 total=0 WM_SETTINGCHANGE=0 WM_DISPLAYCHANGE=0 WM_THEMECHANGED=0 WM_DWMCOLORIZATIONCOLORCHANGED=0 WM_SYSCOLORCHANGE=0 other=0
2026-10-03T14:36:32.905+08:00 CYCLE n=1145 label=set start=2026-10-03T14:36:29.893+08:00 sets=[mon1=A@+0.7ms/1.8ms/hr=0x00000000] window_ms=3003 total=0 WM_SETTINGCHANGE=0 WM_DISPLAYCHANGE=0 WM_THEMECHANGED=0 WM_DWMCOLORIZATIONCOLORCHANGED=0 WM_SYSCOLORCHANGE=0 other=0
2026-10-03T14:36:42.875+08:00 CYCLE n=1146 label=set start=2026-10-03T14:36:39.864+08:00 sets=[mon1=B@+0.5ms/1.6ms/hr=0x00000000] window_ms=3002 total=0 WM_SETTINGCHANGE=0 WM_DISPLAYCHANGE=0 WM_THEMECHANGED=0 WM_DWMCOLORIZATIONCOLORCHANGED=0 WM_SYSCOLORCHANGE=0 other=0
2026-10-03T14:36:52.834+08:00 CYCLE n=1147 label=set start=2026-10-03T14:36:49.821+08:00 sets=[mon1=A@+0.5ms/2.0ms/hr=0x00000000] window_ms=3003 total=0 WM_SETTINGCHANGE=0 WM_DISPLAYCHANGE=0 WM_THEMECHANGED=0 WM_DWMCOLORIZATIONCOLORCHANGED=0 WM_SYSCOLORCHANGE=0 other=0
2026-10-03T14:37:02.899+08:00 CYCLE n=1148 label=set start=2026-10-03T14:36:59.886+08:00 sets=[mon1=B@+0.8ms/1.9ms/hr=0x00000000] window_ms=3003 total=0 WM_SETTINGCHANGE=0 WM_DISPLAYCHANGE=0 WM_THEMECHANGED=0 WM_DWMCOLORIZATIONCOLORCHANGED=0 WM_SYSCOLORCHANGE=0 other=0
2026-10-03T14:37:12.869+08:00 CYCLE n=1149 label=set start=2026-10-03T14:37:09.857+08:00 sets=[mon1=A@+0.6ms/1.4ms/hr=0x00000000] window_ms=3002 total=0 WM_SETTINGCHANGE=0 WM_DISPLAYCHANGE=0 WM_THEMECHANGED=0 WM_DWMCOLORIZATIONCOLORCHANGED=0 WM_SYSCOLORCHANGE=0 other=0
2026-10-03T14:37:22.834+08:00 CYCLE n=1150 label=set start=2026-10-03T14:37:19.821+08:00 sets=[mon1=B@+0.7ms/1.5ms/hr=0x00000000] window_ms=3002 total=0 WM_SETTINGCHANGE=0 WM_DISPLAYCHANGE=0 WM_THEMECHANGED=0 WM_DWMCOLORIZATIONCOLORCHANGED=0 WM_SYSCOLORCHANGE=0 other=0
2026-10-03T14:37:32.898+08:00 CYCLE n=1151 label=set start=2026-10-03T14:37:29.884+08:00 sets=[mon1=A@+0.4ms/2.1ms/hr=0x00000000] window_ms=3003 total=0 WM_SETTINGCHANGE=0 WM_DISPLAYCHANGE=0 WM_THEMECHANGED=0 WM_DWMCOLORIZATIONCOLORCHANGED=0 WM_SYSCOLORCHANGE=0 other=0
2026-10-03T14:37:42.868+08:00 CYCLE n=1152 label=set start=2026-10-03T14:37:39.856+08:00 sets=[mon1=B@+0.5ms/1.9ms/hr=0x00000000] window_ms=3003 total=0 WM_SETTINGCHANGE=0 WM_DISPLAYCHANGE=0 WM_THEMECHANGED=0 WM_DWMCOLORIZATIONCOLORCHANGED=0 WM_SYSCOLORCHANGE=0 other=0
2026-10-03T14:37:52.839+08:00 CYCLE n=1153 label=set start=2026-10-03T14:37:49.824+08:00 sets=[mon1=A@+0.8ms/2.1ms/hr=0x00000000] window_ms=3003 total=0 WM_SETTINGCHANGE=0 WM_DISPLAYCHANGE=0 WM_THEMECHANGED=0 WM_DWMCOLORIZATIONCOLORCHANGED=0 WM_SYSCOLORCHANGE=0 other=0
2026-10-03T14:38:02.904+08:00 CYCLE n=1154 label=set start=2026-10-03T14:37:59.890+08:00 sets=[mon1=B@+1.3ms/1.8ms/hr=0x00000000] window_ms=3003 total=0 WM_SETTINGCHANGE=0 WM_DISPLAYCHANGE=0 WM_THEMECHANGED=0 WM_DWMCOLORIZATIONCOLORCHANGED=0 WM_SYSCOLORCHANGE=0 other=0
2026-10-03T14:38:12.872+08:00 CYCLE n=1155 label=set start=2026-10-03T14:38:09.860+08:00 sets=[mon1=A@+0.6ms/1.7ms/hr=0x00000000] window_ms=3003 total=0 WM_SETTINGCHANGE=0 WM_DISPLAYCHANGE=0 WM_THEMECHANGED=0 WM_DWMCOLORIZATIONCOLORCHANGED=0 WM_SYSCOLORCHANGE=0 other=0
2026-10-03T14:38:22.845+08:00 CYCLE n=1156 label=set start=2026-10-03T14:38:19.832+08:00 sets=[mon1=B@+0.5ms/1.7ms/hr=0x00000000] window_ms=3002 total=0 WM_SETTINGCHANGE=0 WM_DISPLAYCHANGE=0 WM_THEMECHANGED=0 WM_DWMCOLORIZATIONCOLORCHANGED=0 WM_SYSCOLORCHANGE=0 other=0
2026-10-03T14:38:32.819+08:00 CYCLE n=1157 label=set start=2026-10-03T14:38:29.805+08:00 sets=[mon1=A@+1.1ms/2.2ms/hr=0x00000000] window_ms=3004 total=0 WM_SETTINGCHANGE=0 WM_DISPLAYCHANGE=0 WM_THEMECHANGED=0 WM_DWMCOLORIZATIONCOLORCHANGED=0 WM_SYSCOLORCHANGE=0 other=0
2026-10-03T14:38:42.886+08:00 CYCLE n=1158 label=set start=2026-10-03T14:38:39.872+08:00 sets=[mon1=B@+0.8ms/1.8ms/hr=0x00000000] window_ms=3003 total=0 WM_SETTINGCHANGE=0 WM_DISPLAYCHANGE=0 WM_THEMECHANGED=0 WM_DWMCOLORIZATIONCOLORCHANGED=0 WM_SYSCOLORCHANGE=0 other=0
2026-10-03T14:38:52.859+08:00 CYCLE n=1159 label=set start=2026-10-03T14:38:49.846+08:00 sets=[mon1=A@+0.6ms/1.8ms/hr=0x00000000] window_ms=3003 total=0 WM_SETTINGCHANGE=0 WM_DISPLAYCHANGE=0 WM_THEMECHANGED=0 WM_DWMCOLORIZATIONCOLORCHANGED=0 WM_SYSCOLORCHANGE=0 other=0
2026-10-03T14:39:02.831+08:00 CYCLE n=1160 label=set start=2026-10-03T14:38:59.817+08:00 sets=[mon1=B@+0.8ms/1.9ms/hr=0x00000000] window_ms=3003 total=0 WM_SETTINGCHANGE=0 WM_DISPLAYCHANGE=0 WM_THEMECHANGED=0 WM_DWMCOLORIZATIONCOLORCHANGED=0 WM_SYSCOLORCHANGE=0 other=0
2026-10-03T14:39:12.895+08:00 CYCLE n=1161 label=set start=2026-10-03T14:39:09.883+08:00 sets=[mon1=A@+0.4ms/1.9ms/hr=0x00000000] window_ms=3003 total=0 WM_SETTINGCHANGE=0 WM_DISPLAYCHANGE=0 WM_THEMECHANGED=0 WM_DWMCOLORIZATIONCOLORCHANGED=0 WM_SYSCOLORCHANGE=0 other=0
2026-10-03T14:39:22.852+08:00 CYCLE n=1162 label=set start=2026-10-03T14:39:19.841+08:00 sets=[mon1=B@+0.5ms/1.4ms/hr=0x00000000] window_ms=3002 total=0 WM_SETTINGCHANGE=0 WM_DISPLAYCHANGE=0 WM_THEMECHANGED=0 WM_DWMCOLORIZATIONCOLORCHANGED=0 WM_SYSCOLORCHANGE=0 other=0
2026-10-03T14:39:32.810+08:00 CYCLE n=1163 label=set start=2026-10-03T14:39:29.798+08:00 sets=[mon1=A@+0.8ms/1.9ms/hr=0x00000000] window_ms=3003 total=0 WM_SETTINGCHANGE=0 WM_DISPLAYCHANGE=0 WM_THEMECHANGED=0 WM_DWMCOLORIZATIONCOLORCHANGED=0 WM_SYSCOLORCHANGE=0 other=0
2026-10-03T14:39:42.882+08:00 CYCLE n=1164 label=set start=2026-10-03T14:39:39.870+08:00 sets=[mon1=B@+0.6ms/1.7ms/hr=0x00000000] window_ms=3003 total=0 WM_SETTINGCHANGE=0 WM_DISPLAYCHANGE=0 WM_THEMECHANGED=0 WM_DWMCOLORIZATIONCOLORCHANGED=0 WM_SYSCOLORCHANGE=0 other=0
2026-10-03T14:39:52.854+08:00 CYCLE n=1165 label=set start=2026-10-03T14:39:49.841+08:00 sets=[mon1=A@+0.9ms/2.3ms/hr=0x00000000] window_ms=3004 total=0 WM_SETTINGCHANGE=0 WM_DISPLAYCHANGE=0 WM_THEMECHANGED=0 WM_DWMCOLORIZATIONCOLORCHANGED=0 WM_SYSCOLORCHANGE=0 other=0
2026-10-03T14:40:02.814+08:00 CYCLE n=1166 label=set start=2026-10-03T14:39:59.802+08:00 sets=[mon1=B@+0.4ms/1.5ms/hr=0x00000000] window_ms=3002 total=0 WM_SETTINGCHANGE=0 WM_DISPLAYCHANGE=0 WM_THEMECHANGED=0 WM_DWMCOLORIZATIONCOLORCHANGED=0 WM_SYSCOLORCHANGE=0 other=0
2026-10-03T14:40:12.877+08:00 CYCLE n=1167 label=set start=2026-10-03T14:40:09.863+08:00 sets=[mon1=A@+0.9ms/2.1ms/hr=0x00000000] window_ms=3003 total=0 WM_SETTINGCHANGE=0 WM_DISPLAYCHANGE=0 WM_THEMECHANGED=0 WM_DWMCOLORIZATIONCOLORCHANGED=0 WM_SYSCOLORCHANGE=0 other=0
2026-10-03T14:40:22.835+08:00 CYCLE n=1168 label=set start=2026-10-03T14:40:19.822+08:00 sets=[mon1=B@+0.5ms/1.4ms/hr=0x00000000] window_ms=3002 total=0 WM_SETTINGCHANGE=0 WM_DISPLAYCHANGE=0 WM_THEMECHANGED=0 WM_DWMCOLORIZATIONCOLORCHANGED=0 WM_SYSCOLORCHANGE=0 other=0
2026-10-03T14:40:32.902+08:00 CYCLE n=1169 label=set start=2026-10-03T14:40:29.889+08:00 sets=[mon1=A@+0.7ms/1.8ms/hr=0x00000000] window_ms=3003 total=0 WM_SETTINGCHANGE=0 WM_DISPLAYCHANGE=0 WM_THEMECHANGED=0 WM_DWMCOLORIZATIONCOLORCHANGED=0 WM_SYSCOLORCHANGE=0 other=0
2026-10-03T14:40:42.872+08:00 CYCLE n=1170 label=set start=2026-10-03T14:40:39.859+08:00 sets=[mon1=B@+0.5ms/1.7ms/hr=0x00000000] window_ms=3002 total=0 WM_SETTINGCHANGE=0 WM_DISPLAYCHANGE=0 WM_THEMECHANGED=0 WM_DWMCOLORIZATIONCOLORCHANGED=0 WM_SYSCOLORCHANGE=0 other=0
2026-10-03T14:40:52.838+08:00 CYCLE n=1171 label=set start=2026-10-03T14:40:49.827+08:00 sets=[mon1=A@+0.4ms/1.7ms/hr=0x00000000] window_ms=3002 total=0 WM_SETTINGCHANGE=0 WM_DISPLAYCHANGE=0 WM_THEMECHANGED=0 WM_DWMCOLORIZATIONCOLORCHANGED=0 WM_SYSCOLORCHANGE=0 other=0
2026-10-03T14:41:02.896+08:00 CYCLE n=1172 label=set start=2026-10-03T14:40:59.883+08:00 sets=[mon1=B@+1.0ms/2.5ms/hr=0x00000000] window_ms=3004 total=0 WM_SETTINGCHANGE=0 WM_DISPLAYCHANGE=0 WM_THEMECHANGED=0 WM_DWMCOLORIZATIONCOLORCHANGED=0 WM_SYSCOLORCHANGE=0 other=0
2026-10-03T14:41:12.863+08:00 CYCLE n=1173 label=set start=2026-10-03T14:41:09.850+08:00 sets=[mon1=A@+0.4ms/1.8ms/hr=0x00000000] window_ms=3002 total=0 WM_SETTINGCHANGE=0 WM_DISPLAYCHANGE=0 WM_THEMECHANGED=0 WM_DWMCOLORIZATIONCOLORCHANGED=0 WM_SYSCOLORCHANGE=0 other=0
2026-10-03T14:41:22.835+08:00 CYCLE n=1174 label=set start=2026-10-03T14:41:19.822+08:00 sets=[mon1=B@+0.5ms/1.9ms/hr=0x00000000] window_ms=3003 total=0 WM_SETTINGCHANGE=0 WM_DISPLAYCHANGE=0 WM_THEMECHANGED=0 WM_DWMCOLORIZATIONCOLORCHANGED=0 WM_SYSCOLORCHANGE=0 other=0
2026-10-03T14:41:32.904+08:00 CYCLE n=1175 label=set start=2026-10-03T14:41:29.889+08:00 sets=[mon1=A@+0.9ms/2.8ms/hr=0x00000000] window_ms=3004 total=0 WM_SETTINGCHANGE=0 WM_DISPLAYCHANGE=0 WM_THEMECHANGED=0 WM_DWMCOLORIZATIONCOLORCHANGED=0 WM_SYSCOLORCHANGE=0 other=0
2026-10-03T14:41:42.864+08:00 CYCLE n=1176 label=set start=2026-10-03T14:41:39.852+08:00 sets=[mon1=B@+0.7ms/2.4ms/hr=0x00000000] window_ms=3003 total=0 WM_SETTINGCHANGE=0 WM_DISPLAYCHANGE=0 WM_THEMECHANGED=0 WM_DWMCOLORIZATIONCOLORCHANGED=0 WM_SYSCOLORCHANGE=0 other=0
2026-10-03T14:41:52.839+08:00 CYCLE n=1177 label=set start=2026-10-03T14:41:49.827+08:00 sets=[mon1=A@+0.5ms/1.3ms/hr=0x00000000] window_ms=3002 total=0 WM_SETTINGCHANGE=0 WM_DISPLAYCHANGE=0 WM_THEMECHANGED=0 WM_DWMCOLORIZATIONCOLORCHANGED=0 WM_SYSCOLORCHANGE=0 other=0
2026-10-03T14:42:02.809+08:00 CYCLE n=1178 label=set start=2026-10-03T14:41:59.795+08:00 sets=[mon1=B@+0.4ms/1.8ms/hr=0x00000000] window_ms=3002 total=0 WM_SETTINGCHANGE=0 WM_DISPLAYCHANGE=0 WM_THEMECHANGED=0 WM_DWMCOLORIZATIONCOLORCHANGED=0 WM_SYSCOLORCHANGE=0 other=0
2026-10-03T14:42:12.882+08:00 CYCLE n=1179 label=set start=2026-10-03T14:42:09.868+08:00 sets=[mon1=A@+0.8ms/2.4ms/hr=0x00000000] window_ms=3004 total=0 WM_SETTINGCHANGE=0 WM_DISPLAYCHANGE=0 WM_THEMECHANGED=0 WM_DWMCOLORIZATIONCOLORCHANGED=0 WM_SYSCOLORCHANGE=0 other=0
2026-10-03T14:42:22.853+08:00 CYCLE n=1180 label=set start=2026-10-03T14:42:19.840+08:00 sets=[mon1=B@+0.7ms/1.6ms/hr=0x00000000] window_ms=3003 total=0 WM_SETTINGCHANGE=0 WM_DISPLAYCHANGE=0 WM_THEMECHANGED=0 WM_DWMCOLORIZATIONCOLORCHANGED=0 WM_SYSCOLORCHANGE=0 other=0
2026-10-03T14:42:32.819+08:00 CYCLE n=1181 label=set start=2026-10-03T14:42:29.807+08:00 sets=[mon1=A@+0.4ms/1.4ms/hr=0x00000000] window_ms=3002 total=0 WM_SETTINGCHANGE=0 WM_DISPLAYCHANGE=0 WM_THEMECHANGED=0 WM_DWMCOLORIZATIONCOLORCHANGED=0 WM_SYSCOLORCHANGE=0 other=0
2026-10-03T14:42:42.890+08:00 CYCLE n=1182 label=set start=2026-10-03T14:42:39.878+08:00 sets=[mon1=B@+0.4ms/1.9ms/hr=0x00000000] window_ms=3002 total=0 WM_SETTINGCHANGE=0 WM_DISPLAYCHANGE=0 WM_THEMECHANGED=0 WM_DWMCOLORIZATIONCOLORCHANGED=0 WM_SYSCOLORCHANGE=0 other=0
2026-10-03T14:42:52.860+08:00 CYCLE n=1183 label=set start=2026-10-03T14:42:49.846+08:00 sets=[mon1=A@+0.7ms/1.7ms/hr=0x00000000] window_ms=3003 total=0 WM_SETTINGCHANGE=0 WM_DISPLAYCHANGE=0 WM_THEMECHANGED=0 WM_DWMCOLORIZATIONCOLORCHANGED=0 WM_SYSCOLORCHANGE=0 other=0
2026-10-03T14:43:02.815+08:00 CYCLE n=1184 label=set start=2026-10-03T14:42:59.803+08:00 sets=[mon1=B@+0.7ms/1.5ms/hr=0x00000000] window_ms=3002 total=0 WM_SETTINGCHANGE=0 WM_DISPLAYCHANGE=0 WM_THEMECHANGED=0 WM_DWMCOLORIZATIONCOLORCHANGED=0 WM_SYSCOLORCHANGE=0 other=0
2026-10-03T14:43:12.884+08:00 CYCLE n=1185 label=set start=2026-10-03T14:43:09.869+08:00 sets=[mon1=A@+1.0ms/2.6ms/hr=0x00000000] window_ms=3004 total=0 WM_SETTINGCHANGE=0 WM_DISPLAYCHANGE=0 WM_THEMECHANGED=0 WM_DWMCOLORIZATIONCOLORCHANGED=0 WM_SYSCOLORCHANGE=0 other=0
2026-10-03T14:43:22.848+08:00 CYCLE n=1186 label=set start=2026-10-03T14:43:19.835+08:00 sets=[mon1=B@+0.5ms/1.6ms/hr=0x00000000] window_ms=3002 total=0 WM_SETTINGCHANGE=0 WM_DISPLAYCHANGE=0 WM_THEMECHANGED=0 WM_DWMCOLORIZATIONCOLORCHANGED=0 WM_SYSCOLORCHANGE=0 other=0
2026-10-03T14:43:32.811+08:00 CYCLE n=1187 label=set start=2026-10-03T14:43:29.797+08:00 sets=[mon1=A@+0.3ms/1.9ms/hr=0x00000000] window_ms=3003 total=0 WM_SETTINGCHANGE=0 WM_DISPLAYCHANGE=0 WM_THEMECHANGED=0 WM_DWMCOLORIZATIONCOLORCHANGED=0 WM_SYSCOLORCHANGE=0 other=0
2026-10-03T14:43:42.881+08:00 CYCLE n=1188 label=set start=2026-10-03T14:43:39.867+08:00 sets=[mon1=B@+0.8ms/2.6ms/hr=0x00000000] window_ms=3004 total=0 WM_SETTINGCHANGE=0 WM_DISPLAYCHANGE=0 WM_THEMECHANGED=0 WM_DWMCOLORIZATIONCOLORCHANGED=0 WM_SYSCOLORCHANGE=0 other=0
2026-10-03T14:43:52.849+08:00 CYCLE n=1189 label=set start=2026-10-03T14:43:49.836+08:00 sets=[mon1=A@+0.8ms/1.9ms/hr=0x00000000] window_ms=3003 total=0 WM_SETTINGCHANGE=0 WM_DISPLAYCHANGE=0 WM_THEMECHANGED=0 WM_DWMCOLORIZATIONCOLORCHANGED=0 WM_SYSCOLORCHANGE=0 other=0
2026-10-03T14:44:02.813+08:00 CYCLE n=1190 label=set start=2026-10-03T14:43:59.800+08:00 sets=[mon1=B@+0.8ms/2.0ms/hr=0x00000000] window_ms=3003 total=0 WM_SETTINGCHANGE=0 WM_DISPLAYCHANGE=0 WM_THEMECHANGED=0 WM_DWMCOLORIZATIONCOLORCHANGED=0 WM_SYSCOLORCHANGE=0 other=0
2026-10-03T14:44:12.878+08:00 CYCLE n=1191 label=set start=2026-10-03T14:44:09.864+08:00 sets=[mon1=A@+0.9ms/1.7ms/hr=0x00000000] window_ms=3003 total=0 WM_SETTINGCHANGE=0 WM_DISPLAYCHANGE=0 WM_THEMECHANGED=0 WM_DWMCOLORIZATIONCOLORCHANGED=0 WM_SYSCOLORCHANGE=0 other=0
2026-10-03T14:44:22.846+08:00 CYCLE n=1192 label=set start=2026-10-03T14:44:19.833+08:00 sets=[mon1=B@+0.6ms/2.0ms/hr=0x00000000] window_ms=3003 total=0 WM_SETTINGCHANGE=0 WM_DISPLAYCHANGE=0 WM_THEMECHANGED=0 WM_DWMCOLORIZATIONCOLORCHANGED=0 WM_SYSCOLORCHANGE=0 other=0
2026-10-03T14:44:32.809+08:00 CYCLE n=1193 label=set start=2026-10-03T14:44:29.796+08:00 sets=[mon1=A@+0.6ms/1.8ms/hr=0x00000000] window_ms=3003 total=0 WM_SETTINGCHANGE=0 WM_DISPLAYCHANGE=0 WM_THEMECHANGED=0 WM_DWMCOLORIZATIONCOLORCHANGED=0 WM_SYSCOLORCHANGE=0 other=0
2026-10-03T14:44:42.881+08:00 CYCLE n=1194 label=set start=2026-10-03T14:44:39.868+08:00 sets=[mon1=B@+0.4ms/2.0ms/hr=0x00000000] window_ms=3003 total=0 WM_SETTINGCHANGE=0 WM_DISPLAYCHANGE=0 WM_THEMECHANGED=0 WM_DWMCOLORIZATIONCOLORCHANGED=0 WM_SYSCOLORCHANGE=0 other=0
2026-10-03T14:44:52.850+08:00 CYCLE n=1195 label=set start=2026-10-03T14:44:49.839+08:00 sets=[mon1=A@+0.5ms/1.8ms/hr=0x00000000] window_ms=3003 total=0 WM_SETTINGCHANGE=0 WM_DISPLAYCHANGE=0 WM_THEMECHANGED=0 WM_DWMCOLORIZATIONCOLORCHANGED=0 WM_SYSCOLORCHANGE=0 other=0
2026-10-03T14:45:02.822+08:00 CYCLE n=1196 label=set start=2026-10-03T14:44:59.811+08:00 sets=[mon1=B@+0.4ms/1.9ms/hr=0x00000000] window_ms=3003 total=0 WM_SETTINGCHANGE=0 WM_DISPLAYCHANGE=0 WM_THEMECHANGED=0 WM_DWMCOLORIZATIONCOLORCHANGED=0 WM_SYSCOLORCHANGE=0 other=0
2026-10-03T14:45:12.887+08:00 CYCLE n=1197 label=set start=2026-10-03T14:45:09.875+08:00 sets=[mon1=A@+0.6ms/1.9ms/hr=0x00000000] window_ms=3003 total=0 WM_SETTINGCHANGE=0 WM_DISPLAYCHANGE=0 WM_THEMECHANGED=0 WM_DWMCOLORIZATIONCOLORCHANGED=0 WM_SYSCOLORCHANGE=0 other=0
2026-10-03T14:45:22.857+08:00 CYCLE n=1198 label=set start=2026-10-03T14:45:19.846+08:00 sets=[mon1=B@+0.4ms/1.5ms/hr=0x00000000] window_ms=3002 total=0 WM_SETTINGCHANGE=0 WM_DISPLAYCHANGE=0 WM_THEMECHANGED=0 WM_DWMCOLORIZATIONCOLORCHANGED=0 WM_SYSCOLORCHANGE=0 other=0
2026-10-03T14:45:32.829+08:00 CYCLE n=1199 label=set start=2026-10-03T14:45:29.817+08:00 sets=[mon1=A@+0.4ms/1.5ms/hr=0x00000000] window_ms=3002 total=0 WM_SETTINGCHANGE=0 WM_DISPLAYCHANGE=0 WM_THEMECHANGED=0 WM_DWMCOLORIZATIONCOLORCHANGED=0 WM_SYSCOLORCHANGE=0 other=0
2026-10-03T14:45:42.891+08:00 CYCLE n=1200 label=set start=2026-10-03T14:45:39.877+08:00 sets=[mon1=B@+0.8ms/1.9ms/hr=0x00000000] window_ms=3003 total=0 WM_SETTINGCHANGE=0 WM_DISPLAYCHANGE=0 WM_THEMECHANGED=0 WM_DWMCOLORIZATIONCOLORCHANGED=0 WM_SYSCOLORCHANGE=0 other=0
2026-10-03T14:45:52.857+08:00 CYCLE n=1201 label=set start=2026-10-03T14:45:49.847+08:00 sets=[mon1=A@+0.4ms/1.5ms/hr=0x00000000] window_ms=3002 total=0 WM_SETTINGCHANGE=0 WM_DISPLAYCHANGE=0 WM_THEMECHANGED=0 WM_DWMCOLORIZATIONCOLORCHANGED=0 WM_SYSCOLORCHANGE=0 other=0
2026-10-03T14:46:02.816+08:00 CYCLE n=1202 label=set start=2026-10-03T14:45:59.804+08:00 sets=[mon1=B@+0.8ms/2.1ms/hr=0x00000000] window_ms=3003 total=0 WM_SETTINGCHANGE=0 WM_DISPLAYCHANGE=0 WM_THEMECHANGED=0 WM_DWMCOLORIZATIONCOLORCHANGED=0 WM_SYSCOLORCHANGE=0 other=0
2026-10-03T14:46:12.878+08:00 CYCLE n=1203 label=set start=2026-10-03T14:46:09.867+08:00 sets=[mon1=A@+0.4ms/1.8ms/hr=0x00000000] window_ms=3002 total=0 WM_SETTINGCHANGE=0 WM_DISPLAYCHANGE=0 WM_THEMECHANGED=0 WM_DWMCOLORIZATIONCOLORCHANGED=0 WM_SYSCOLORCHANGE=0 other=0
2026-10-03T14:46:22.845+08:00 CYCLE n=1204 label=set start=2026-10-03T14:46:19.833+08:00 sets=[mon1=B@+0.6ms/1.5ms/hr=0x00000000] window_ms=3002 total=0 WM_SETTINGCHANGE=0 WM_DISPLAYCHANGE=0 WM_THEMECHANGED=0 WM_DWMCOLORIZATIONCOLORCHANGED=0 WM_SYSCOLORCHANGE=0 other=0
2026-10-03T14:46:32.810+08:00 CYCLE n=1205 label=set start=2026-10-03T14:46:29.796+08:00 sets=[mon1=A@+0.7ms/2.6ms/hr=0x00000000] window_ms=3004 total=0 WM_SETTINGCHANGE=0 WM_DISPLAYCHANGE=0 WM_THEMECHANGED=0 WM_DWMCOLORIZATIONCOLORCHANGED=0 WM_SYSCOLORCHANGE=0 other=0
2026-10-03T14:46:42.875+08:00 CYCLE n=1206 label=set start=2026-10-03T14:46:39.863+08:00 sets=[mon1=B@+0.4ms/1.9ms/hr=0x00000000] window_ms=3003 total=0 WM_SETTINGCHANGE=0 WM_DISPLAYCHANGE=0 WM_THEMECHANGED=0 WM_DWMCOLORIZATIONCOLORCHANGED=0 WM_SYSCOLORCHANGE=0 other=0
2026-10-03T14:46:52.840+08:00 CYCLE n=1207 label=set start=2026-10-03T14:46:49.827+08:00 sets=[mon1=A@+0.6ms/1.7ms/hr=0x00000000] window_ms=3003 total=0 WM_SETTINGCHANGE=0 WM_DISPLAYCHANGE=0 WM_THEMECHANGED=0 WM_DWMCOLORIZATIONCOLORCHANGED=0 WM_SYSCOLORCHANGE=0 other=0
2026-10-03T14:47:02.811+08:00 CYCLE n=1208 label=set start=2026-10-03T14:46:59.797+08:00 sets=[mon1=B@+0.4ms/2.0ms/hr=0x00000000] window_ms=3003 total=0 WM_SETTINGCHANGE=0 WM_DISPLAYCHANGE=0 WM_THEMECHANGED=0 WM_DWMCOLORIZATIONCOLORCHANGED=0 WM_SYSCOLORCHANGE=0 other=0
2026-10-03T14:47:12.902+08:00 CYCLE n=1209 label=set start=2026-10-03T14:47:09.889+08:00 sets=[mon1=A@+0.7ms/1.4ms/hr=0x00000000] window_ms=3002 total=0 WM_SETTINGCHANGE=0 WM_DISPLAYCHANGE=0 WM_THEMECHANGED=0 WM_DWMCOLORIZATIONCOLORCHANGED=0 WM_SYSCOLORCHANGE=0 other=0
2026-10-03T14:47:22.828+08:00 CYCLE n=1210 label=set start=2026-10-03T14:47:19.814+08:00 sets=[mon1=B@+0.6ms/2.6ms/hr=0x00000000] window_ms=3004 total=0 WM_SETTINGCHANGE=0 WM_DISPLAYCHANGE=0 WM_THEMECHANGED=0 WM_DWMCOLORIZATIONCOLORCHANGED=0 WM_SYSCOLORCHANGE=0 other=0
2026-10-03T14:47:32.893+08:00 CYCLE n=1211 label=set start=2026-10-03T14:47:29.879+08:00 sets=[mon1=A@+0.5ms/1.7ms/hr=0x00000000] window_ms=3002 total=0 WM_SETTINGCHANGE=0 WM_DISPLAYCHANGE=0 WM_THEMECHANGED=0 WM_DWMCOLORIZATIONCOLORCHANGED=0 WM_SYSCOLORCHANGE=0 other=0
2026-10-03T14:47:42.857+08:00 CYCLE n=1212 label=set start=2026-10-03T14:47:39.847+08:00 sets=[mon1=B@+0.4ms/1.5ms/hr=0x00000000] window_ms=3002 total=0 WM_SETTINGCHANGE=0 WM_DISPLAYCHANGE=0 WM_THEMECHANGED=0 WM_DWMCOLORIZATIONCOLORCHANGED=0 WM_SYSCOLORCHANGE=0 other=0
2026-10-03T14:47:52.827+08:00 CYCLE n=1213 label=set start=2026-10-03T14:47:49.815+08:00 sets=[mon1=A@+0.7ms/1.6ms/hr=0x00000000] window_ms=3002 total=0 WM_SETTINGCHANGE=0 WM_DISPLAYCHANGE=0 WM_THEMECHANGED=0 WM_DWMCOLORIZATIONCOLORCHANGED=0 WM_SYSCOLORCHANGE=0 other=0
2026-10-03T14:48:02.897+08:00 CYCLE n=1214 label=set start=2026-10-03T14:47:59.884+08:00 sets=[mon1=B@+0.4ms/1.7ms/hr=0x00000000] window_ms=3002 total=0 WM_SETTINGCHANGE=0 WM_DISPLAYCHANGE=0 WM_THEMECHANGED=0 WM_DWMCOLORIZATIONCOLORCHANGED=0 WM_SYSCOLORCHANGE=0 other=0
2026-10-03T14:48:12.867+08:00 CYCLE n=1215 label=set start=2026-10-03T14:48:09.852+08:00 sets=[mon1=A@+0.6ms/2.9ms/hr=0x00000000] window_ms=3004 total=0 WM_SETTINGCHANGE=0 WM_DISPLAYCHANGE=0 WM_THEMECHANGED=0 WM_DWMCOLORIZATIONCOLORCHANGED=0 WM_SYSCOLORCHANGE=0 other=0
2026-10-03T14:48:22.833+08:00 CYCLE n=1216 label=set start=2026-10-03T14:48:19.821+08:00 sets=[mon1=B@+0.3ms/2.1ms/hr=0x00000000] window_ms=3003 total=0 WM_SETTINGCHANGE=0 WM_DISPLAYCHANGE=0 WM_THEMECHANGED=0 WM_DWMCOLORIZATIONCOLORCHANGED=0 WM_SYSCOLORCHANGE=0 other=0
2026-10-03T14:48:32.809+08:00 CYCLE n=1217 label=set start=2026-10-03T14:48:29.794+08:00 sets=[mon1=A@+0.8ms/2.3ms/hr=0x00000000] window_ms=3003 total=0 WM_SETTINGCHANGE=0 WM_DISPLAYCHANGE=0 WM_THEMECHANGED=0 WM_DWMCOLORIZATIONCOLORCHANGED=0 WM_SYSCOLORCHANGE=0 other=0
2026-10-03T14:48:42.876+08:00 CYCLE n=1218 label=set start=2026-10-03T14:48:39.862+08:00 sets=[mon1=B@+0.5ms/1.7ms/hr=0x00000000] window_ms=3002 total=0 WM_SETTINGCHANGE=0 WM_DISPLAYCHANGE=0 WM_THEMECHANGED=0 WM_DWMCOLORIZATIONCOLORCHANGED=0 WM_SYSCOLORCHANGE=0 other=0
2026-10-03T14:48:52.842+08:00 CYCLE n=1219 label=set start=2026-10-03T14:48:49.832+08:00 sets=[mon1=A@+0.8ms/1.5ms/hr=0x00000000] window_ms=3002 total=0 WM_SETTINGCHANGE=0 WM_DISPLAYCHANGE=0 WM_THEMECHANGED=0 WM_DWMCOLORIZATIONCOLORCHANGED=0 WM_SYSCOLORCHANGE=0 other=0
2026-10-03T14:49:02.813+08:00 CYCLE n=1220 label=set start=2026-10-03T14:48:59.802+08:00 sets=[mon1=B@+1.2ms/2.0ms/hr=0x00000000] window_ms=3003 total=0 WM_SETTINGCHANGE=0 WM_DISPLAYCHANGE=0 WM_THEMECHANGED=0 WM_DWMCOLORIZATIONCOLORCHANGED=0 WM_SYSCOLORCHANGE=0 other=0
2026-10-03T14:49:12.880+08:00 CYCLE n=1221 label=set start=2026-10-03T14:49:09.867+08:00 sets=[mon1=A@+0.5ms/1.7ms/hr=0x00000000] window_ms=3002 total=0 WM_SETTINGCHANGE=0 WM_DISPLAYCHANGE=0 WM_THEMECHANGED=0 WM_DWMCOLORIZATIONCOLORCHANGED=0 WM_SYSCOLORCHANGE=0 other=0
2026-10-03T14:49:22.852+08:00 CYCLE n=1222 label=set start=2026-10-03T14:49:19.838+08:00 sets=[mon1=B@+0.4ms/1.5ms/hr=0x00000000] window_ms=3002 total=0 WM_SETTINGCHANGE=0 WM_DISPLAYCHANGE=0 WM_THEMECHANGED=0 WM_DWMCOLORIZATIONCOLORCHANGED=0 WM_SYSCOLORCHANGE=0 other=0
2026-10-03T14:49:32.845+08:00 CYCLE n=1223 label=set start=2026-10-03T14:49:29.829+08:00 sets=[mon1=A@+0.5ms/2.7ms/hr=0x00000000] window_ms=3003 total=0 WM_SETTINGCHANGE=0 WM_DISPLAYCHANGE=0 WM_THEMECHANGED=0 WM_DWMCOLORIZATIONCOLORCHANGED=0 WM_SYSCOLORCHANGE=0 other=0
2026-10-03T14:49:42.901+08:00 CYCLE n=1224 label=set start=2026-10-03T14:49:39.888+08:00 sets=[mon1=B@+0.5ms/1.3ms/hr=0x00000000] window_ms=3002 total=0 WM_SETTINGCHANGE=0 WM_DISPLAYCHANGE=0 WM_THEMECHANGED=0 WM_DWMCOLORIZATIONCOLORCHANGED=0 WM_SYSCOLORCHANGE=0 other=0
2026-10-03T14:49:52.875+08:00 CYCLE n=1225 label=set start=2026-10-03T14:49:49.862+08:00 sets=[mon1=A@+0.4ms/1.7ms/hr=0x00000000] window_ms=3002 total=0 WM_SETTINGCHANGE=0 WM_DISPLAYCHANGE=0 WM_THEMECHANGED=0 WM_DWMCOLORIZATIONCOLORCHANGED=0 WM_SYSCOLORCHANGE=0 other=0
2026-10-03T14:50:02.847+08:00 CYCLE n=1226 label=set start=2026-10-03T14:49:59.835+08:00 sets=[mon1=B@+0.9ms/1.7ms/hr=0x00000000] window_ms=3003 total=0 WM_SETTINGCHANGE=0 WM_DISPLAYCHANGE=0 WM_THEMECHANGED=0 WM_DWMCOLORIZATIONCOLORCHANGED=0 WM_SYSCOLORCHANGE=0 other=0
2026-10-03T14:50:12.818+08:00 CYCLE n=1227 label=set start=2026-10-03T14:50:09.805+08:00 sets=[mon1=A@+0.6ms/2.5ms/hr=0x00000000] window_ms=3003 total=0 WM_SETTINGCHANGE=0 WM_DISPLAYCHANGE=0 WM_THEMECHANGED=0 WM_DWMCOLORIZATIONCOLORCHANGED=0 WM_SYSCOLORCHANGE=0 other=0
2026-10-03T14:50:22.893+08:00 CYCLE n=1228 label=set start=2026-10-03T14:50:19.878+08:00 sets=[mon1=B@+1.0ms/2.5ms/hr=0x00000000] window_ms=3004 total=0 WM_SETTINGCHANGE=0 WM_DISPLAYCHANGE=0 WM_THEMECHANGED=0 WM_DWMCOLORIZATIONCOLORCHANGED=0 WM_SYSCOLORCHANGE=0 other=0
2026-10-03T14:50:32.858+08:00 CYCLE n=1229 label=set start=2026-10-03T14:50:29.843+08:00 sets=[mon1=A@+0.4ms/1.9ms/hr=0x00000000] window_ms=3002 total=0 WM_SETTINGCHANGE=0 WM_DISPLAYCHANGE=0 WM_THEMECHANGED=0 WM_DWMCOLORIZATIONCOLORCHANGED=0 WM_SYSCOLORCHANGE=0 other=0
2026-10-03T14:50:42.827+08:00 CYCLE n=1230 label=set start=2026-10-03T14:50:39.816+08:00 sets=[mon1=B@+0.8ms/1.5ms/hr=0x00000000] window_ms=3002 total=0 WM_SETTINGCHANGE=0 WM_DISPLAYCHANGE=0 WM_THEMECHANGED=0 WM_DWMCOLORIZATIONCOLORCHANGED=0 WM_SYSCOLORCHANGE=0 other=0
2026-10-03T14:50:52.902+08:00 CYCLE n=1231 label=set start=2026-10-03T14:50:49.891+08:00 sets=[mon1=A@+0.4ms/2.1ms/hr=0x00000000] window_ms=3003 total=0 WM_SETTINGCHANGE=0 WM_DISPLAYCHANGE=0 WM_THEMECHANGED=0 WM_DWMCOLORIZATIONCOLORCHANGED=0 WM_SYSCOLORCHANGE=0 other=0
2026-10-03T14:51:02.865+08:00 CYCLE n=1232 label=set start=2026-10-03T14:50:59.852+08:00 sets=[mon1=B@+0.5ms/2.3ms/hr=0x00000000] window_ms=3003 total=0 WM_SETTINGCHANGE=0 WM_DISPLAYCHANGE=0 WM_THEMECHANGED=0 WM_DWMCOLORIZATIONCOLORCHANGED=0 WM_SYSCOLORCHANGE=0 other=0
2026-10-03T14:51:12.824+08:00 CYCLE n=1233 label=set start=2026-10-03T14:51:09.812+08:00 sets=[mon1=A@+0.4ms/2.1ms/hr=0x00000000] window_ms=3003 total=0 WM_SETTINGCHANGE=0 WM_DISPLAYCHANGE=0 WM_THEMECHANGED=0 WM_DWMCOLORIZATIONCOLORCHANGED=0 WM_SYSCOLORCHANGE=0 other=0
2026-10-03T14:51:22.891+08:00 CYCLE n=1234 label=set start=2026-10-03T14:51:19.879+08:00 sets=[mon1=B@+0.4ms/1.6ms/hr=0x00000000] window_ms=3002 total=0 WM_SETTINGCHANGE=0 WM_DISPLAYCHANGE=0 WM_THEMECHANGED=0 WM_DWMCOLORIZATIONCOLORCHANGED=0 WM_SYSCOLORCHANGE=0 other=0
2026-10-03T14:51:32.864+08:00 CYCLE n=1235 label=set start=2026-10-03T14:51:29.851+08:00 sets=[mon1=A@+0.5ms/1.8ms/hr=0x00000000] window_ms=3002 total=0 WM_SETTINGCHANGE=0 WM_DISPLAYCHANGE=0 WM_THEMECHANGED=0 WM_DWMCOLORIZATIONCOLORCHANGED=0 WM_SYSCOLORCHANGE=0 other=0
2026-10-03T14:51:42.828+08:00 CYCLE n=1236 label=set start=2026-10-03T14:51:39.815+08:00 sets=[mon1=B@+0.4ms/1.8ms/hr=0x00000000] window_ms=3002 total=0 WM_SETTINGCHANGE=0 WM_DISPLAYCHANGE=0 WM_THEMECHANGED=0 WM_DWMCOLORIZATIONCOLORCHANGED=0 WM_SYSCOLORCHANGE=0 other=0
2026-10-03T14:51:52.885+08:00 CYCLE n=1237 label=set start=2026-10-03T14:51:49.874+08:00 sets=[mon1=A@+0.7ms/2.0ms/hr=0x00000000] window_ms=3003 total=0 WM_SETTINGCHANGE=0 WM_DISPLAYCHANGE=0 WM_THEMECHANGED=0 WM_DWMCOLORIZATIONCOLORCHANGED=0 WM_SYSCOLORCHANGE=0 other=0
2026-10-03T14:52:02.843+08:00 CYCLE n=1238 label=set start=2026-10-03T14:51:59.832+08:00 sets=[mon1=B@+0.5ms/1.4ms/hr=0x00000000] window_ms=3002 total=0 WM_SETTINGCHANGE=0 WM_DISPLAYCHANGE=0 WM_THEMECHANGED=0 WM_DWMCOLORIZATIONCOLORCHANGED=0 WM_SYSCOLORCHANGE=0 other=0
2026-10-03T14:52:12.899+08:00 CYCLE n=1239 label=set start=2026-10-03T14:52:09.886+08:00 sets=[mon1=A@+0.4ms/2.1ms/hr=0x00000000] window_ms=3003 total=0 WM_SETTINGCHANGE=0 WM_DISPLAYCHANGE=0 WM_THEMECHANGED=0 WM_DWMCOLORIZATIONCOLORCHANGED=0 WM_SYSCOLORCHANGE=0 other=0
2026-10-03T14:52:22.869+08:00 CYCLE n=1240 label=set start=2026-10-03T14:52:19.856+08:00 sets=[mon1=B@+0.4ms/1.6ms/hr=0x00000000] window_ms=3002 total=0 WM_SETTINGCHANGE=0 WM_DISPLAYCHANGE=0 WM_THEMECHANGED=0 WM_DWMCOLORIZATIONCOLORCHANGED=0 WM_SYSCOLORCHANGE=0 other=0
2026-10-03T14:52:32.828+08:00 CYCLE n=1241 label=set start=2026-10-03T14:52:29.816+08:00 sets=[mon1=A@+0.6ms/1.5ms/hr=0x00000000] window_ms=3002 total=0 WM_SETTINGCHANGE=0 WM_DISPLAYCHANGE=0 WM_THEMECHANGED=0 WM_DWMCOLORIZATIONCOLORCHANGED=0 WM_SYSCOLORCHANGE=0 other=0
2026-10-03T14:52:42.902+08:00 CYCLE n=1242 label=set start=2026-10-03T14:52:39.887+08:00 sets=[mon1=B@+0.4ms/2.2ms/hr=0x00000000] window_ms=3003 total=0 WM_SETTINGCHANGE=0 WM_DISPLAYCHANGE=0 WM_THEMECHANGED=0 WM_DWMCOLORIZATIONCOLORCHANGED=0 WM_SYSCOLORCHANGE=0 other=0
2026-10-03T14:52:52.864+08:00 CYCLE n=1243 label=set start=2026-10-03T14:52:49.850+08:00 sets=[mon1=A@+0.5ms/1.8ms/hr=0x00000000] window_ms=3003 total=0 WM_SETTINGCHANGE=0 WM_DISPLAYCHANGE=0 WM_THEMECHANGED=0 WM_DWMCOLORIZATIONCOLORCHANGED=0 WM_SYSCOLORCHANGE=0 other=0
2026-10-03T14:53:02.839+08:00 CYCLE n=1244 label=set start=2026-10-03T14:52:59.825+08:00 sets=[mon1=B@+0.8ms/2.4ms/hr=0x00000000] window_ms=3003 total=0 WM_SETTINGCHANGE=0 WM_DISPLAYCHANGE=0 WM_THEMECHANGED=0 WM_DWMCOLORIZATIONCOLORCHANGED=0 WM_SYSCOLORCHANGE=0 other=0
2026-10-03T14:53:12.899+08:00 CYCLE n=1245 label=set start=2026-10-03T14:53:09.885+08:00 sets=[mon1=A@+0.4ms/1.7ms/hr=0x00000000] window_ms=3002 total=0 WM_SETTINGCHANGE=0 WM_DISPLAYCHANGE=0 WM_THEMECHANGED=0 WM_DWMCOLORIZATIONCOLORCHANGED=0 WM_SYSCOLORCHANGE=0 other=0
2026-10-03T14:53:22.864+08:00 CYCLE n=1246 label=set start=2026-10-03T14:53:19.854+08:00 sets=[mon1=B@+0.4ms/1.8ms/hr=0x00000000] window_ms=3002 total=0 WM_SETTINGCHANGE=0 WM_DISPLAYCHANGE=0 WM_THEMECHANGED=0 WM_DWMCOLORIZATIONCOLORCHANGED=0 WM_SYSCOLORCHANGE=0 other=0
2026-10-03T14:53:32.826+08:00 CYCLE n=1247 label=set start=2026-10-03T14:53:29.812+08:00 sets=[mon1=A@+0.7ms/1.9ms/hr=0x00000000] window_ms=3003 total=0 WM_SETTINGCHANGE=0 WM_DISPLAYCHANGE=0 WM_THEMECHANGED=0 WM_DWMCOLORIZATIONCOLORCHANGED=0 WM_SYSCOLORCHANGE=0 other=0
2026-10-03T14:53:42.899+08:00 CYCLE n=1248 label=set start=2026-10-03T14:53:39.886+08:00 sets=[mon1=B@+0.8ms/2.2ms/hr=0x00000000] window_ms=3003 total=0 WM_SETTINGCHANGE=0 WM_DISPLAYCHANGE=0 WM_THEMECHANGED=0 WM_DWMCOLORIZATIONCOLORCHANGED=0 WM_SYSCOLORCHANGE=0 other=0
2026-10-03T14:53:52.872+08:00 CYCLE n=1249 label=set start=2026-10-03T14:53:49.859+08:00 sets=[mon1=A@+0.5ms/1.6ms/hr=0x00000000] window_ms=3002 total=0 WM_SETTINGCHANGE=0 WM_DISPLAYCHANGE=0 WM_THEMECHANGED=0 WM_DWMCOLORIZATIONCOLORCHANGED=0 WM_SYSCOLORCHANGE=0 other=0
2026-10-03T14:54:02.841+08:00 CYCLE n=1250 label=set start=2026-10-03T14:53:59.827+08:00 sets=[mon1=B@+0.4ms/1.8ms/hr=0x00000000] window_ms=3002 total=0 WM_SETTINGCHANGE=0 WM_DISPLAYCHANGE=0 WM_THEMECHANGED=0 WM_DWMCOLORIZATIONCOLORCHANGED=0 WM_SYSCOLORCHANGE=0 other=0
2026-10-03T14:54:12.812+08:00 CYCLE n=1251 label=set start=2026-10-03T14:54:09.799+08:00 sets=[mon1=A@+0.8ms/1.9ms/hr=0x00000000] window_ms=3003 total=0 WM_SETTINGCHANGE=0 WM_DISPLAYCHANGE=0 WM_THEMECHANGED=0 WM_DWMCOLORIZATIONCOLORCHANGED=0 WM_SYSCOLORCHANGE=0 other=0
2026-10-03T14:54:22.881+08:00 CYCLE n=1252 label=set start=2026-10-03T14:54:19.868+08:00 sets=[mon1=B@+0.8ms/2.4ms/hr=0x00000000] window_ms=3003 total=0 WM_SETTINGCHANGE=0 WM_DISPLAYCHANGE=0 WM_THEMECHANGED=0 WM_DWMCOLORIZATIONCOLORCHANGED=0 WM_SYSCOLORCHANGE=0 other=0
2026-10-03T14:54:32.843+08:00 CYCLE n=1253 label=set start=2026-10-03T14:54:29.831+08:00 sets=[mon1=A@+0.7ms/1.6ms/hr=0x00000000] window_ms=3002 total=0 WM_SETTINGCHANGE=0 WM_DISPLAYCHANGE=0 WM_THEMECHANGED=0 WM_DWMCOLORIZATIONCOLORCHANGED=0 WM_SYSCOLORCHANGE=0 other=0
2026-10-03T14:54:42.910+08:00 CYCLE n=1254 label=set start=2026-10-03T14:54:39.895+08:00 sets=[mon1=B@+0.8ms/2.4ms/hr=0x00000000] window_ms=3004 total=0 WM_SETTINGCHANGE=0 WM_DISPLAYCHANGE=0 WM_THEMECHANGED=0 WM_DWMCOLORIZATIONCOLORCHANGED=0 WM_SYSCOLORCHANGE=0 other=0
2026-10-03T14:54:52.868+08:00 CYCLE n=1255 label=set start=2026-10-03T14:54:49.855+08:00 sets=[mon1=A@+0.6ms/1.8ms/hr=0x00000000] window_ms=3003 total=0 WM_SETTINGCHANGE=0 WM_DISPLAYCHANGE=0 WM_THEMECHANGED=0 WM_DWMCOLORIZATIONCOLORCHANGED=0 WM_SYSCOLORCHANGE=0 other=0
2026-10-03T14:55:02.832+08:00 CYCLE n=1256 label=set start=2026-10-03T14:54:59.818+08:00 sets=[mon1=B@+0.7ms/2.1ms/hr=0x00000000] window_ms=3003 total=0 WM_SETTINGCHANGE=0 WM_DISPLAYCHANGE=0 WM_THEMECHANGED=0 WM_DWMCOLORIZATIONCOLORCHANGED=0 WM_SYSCOLORCHANGE=0 other=0
2026-10-03T14:55:12.889+08:00 CYCLE n=1257 label=set start=2026-10-03T14:55:09.878+08:00 sets=[mon1=A@+0.5ms/1.6ms/hr=0x00000000] window_ms=3002 total=0 WM_SETTINGCHANGE=0 WM_DISPLAYCHANGE=0 WM_THEMECHANGED=0 WM_DWMCOLORIZATIONCOLORCHANGED=0 WM_SYSCOLORCHANGE=0 other=0
2026-10-03T14:55:22.858+08:00 CYCLE n=1258 label=set start=2026-10-03T14:55:19.846+08:00 sets=[mon1=B@+0.8ms/1.8ms/hr=0x00000000] window_ms=3003 total=0 WM_SETTINGCHANGE=0 WM_DISPLAYCHANGE=0 WM_THEMECHANGED=0 WM_DWMCOLORIZATIONCOLORCHANGED=0 WM_SYSCOLORCHANGE=0 other=0
2026-10-03T14:55:32.817+08:00 CYCLE n=1259 label=set start=2026-10-03T14:55:29.804+08:00 sets=[mon1=A@+0.7ms/1.4ms/hr=0x00000000] window_ms=3002 total=0 WM_SETTINGCHANGE=0 WM_DISPLAYCHANGE=0 WM_THEMECHANGED=0 WM_DWMCOLORIZATIONCOLORCHANGED=0 WM_SYSCOLORCHANGE=0 other=0
2026-10-03T14:55:42.908+08:00 CYCLE n=1260 label=set start=2026-10-03T14:55:39.893+08:00 sets=[mon1=B@+0.6ms/2.1ms/hr=0x00000000] window_ms=3003 total=0 WM_SETTINGCHANGE=0 WM_DISPLAYCHANGE=0 WM_THEMECHANGED=0 WM_DWMCOLORIZATIONCOLORCHANGED=0 WM_SYSCOLORCHANGE=0 other=0
2026-10-03T14:55:52.873+08:00 CYCLE n=1261 label=set start=2026-10-03T14:55:49.859+08:00 sets=[mon1=A@+0.4ms/1.9ms/hr=0x00000000] window_ms=3002 total=0 WM_SETTINGCHANGE=0 WM_DISPLAYCHANGE=0 WM_THEMECHANGED=0 WM_DWMCOLORIZATIONCOLORCHANGED=0 WM_SYSCOLORCHANGE=0 other=0
2026-10-03T14:56:02.837+08:00 CYCLE n=1262 label=set start=2026-10-03T14:55:59.823+08:00 sets=[mon1=B@+0.8ms/2.8ms/hr=0x00000000] window_ms=3004 total=0 WM_SETTINGCHANGE=0 WM_DISPLAYCHANGE=0 WM_THEMECHANGED=0 WM_DWMCOLORIZATIONCOLORCHANGED=0 WM_SYSCOLORCHANGE=0 other=0
2026-10-03T14:56:12.909+08:00 CYCLE n=1263 label=set start=2026-10-03T14:56:09.894+08:00 sets=[mon1=A@+0.9ms/2.6ms/hr=0x00000000] window_ms=3004 total=0 WM_SETTINGCHANGE=0 WM_DISPLAYCHANGE=0 WM_THEMECHANGED=0 WM_DWMCOLORIZATIONCOLORCHANGED=0 WM_SYSCOLORCHANGE=0 other=0
2026-10-03T14:56:22.879+08:00 CYCLE n=1264 label=set start=2026-10-03T14:56:19.865+08:00 sets=[mon1=B@+0.4ms/1.9ms/hr=0x00000000] window_ms=3003 total=0 WM_SETTINGCHANGE=0 WM_DISPLAYCHANGE=0 WM_THEMECHANGED=0 WM_DWMCOLORIZATIONCOLORCHANGED=0 WM_SYSCOLORCHANGE=0 other=0
2026-10-03T14:56:32.849+08:00 CYCLE n=1265 label=set start=2026-10-03T14:56:29.838+08:00 sets=[mon1=A@+0.4ms/1.6ms/hr=0x00000000] window_ms=3002 total=0 WM_SETTINGCHANGE=0 WM_DISPLAYCHANGE=0 WM_THEMECHANGED=0 WM_DWMCOLORIZATIONCOLORCHANGED=0 WM_SYSCOLORCHANGE=0 other=0
2026-10-03T14:56:42.907+08:00 CYCLE n=1266 label=set start=2026-10-03T14:56:39.894+08:00 sets=[mon1=B@+0.5ms/2.1ms/hr=0x00000000] window_ms=3003 total=0 WM_SETTINGCHANGE=0 WM_DISPLAYCHANGE=0 WM_THEMECHANGED=0 WM_DWMCOLORIZATIONCOLORCHANGED=0 WM_SYSCOLORCHANGE=0 other=0
2026-10-03T14:56:52.866+08:00 CYCLE n=1267 label=set start=2026-10-03T14:56:49.853+08:00 sets=[mon1=A@+0.6ms/2.6ms/hr=0x00000000] window_ms=3003 total=0 WM_SETTINGCHANGE=0 WM_DISPLAYCHANGE=0 WM_THEMECHANGED=0 WM_DWMCOLORIZATIONCOLORCHANGED=0 WM_SYSCOLORCHANGE=0 other=0
2026-10-03T14:57:02.833+08:00 CYCLE n=1268 label=set start=2026-10-03T14:56:59.821+08:00 sets=[mon1=B@+0.5ms/1.3ms/hr=0x00000000] window_ms=3002 total=0 WM_SETTINGCHANGE=0 WM_DISPLAYCHANGE=0 WM_THEMECHANGED=0 WM_DWMCOLORIZATIONCOLORCHANGED=0 WM_SYSCOLORCHANGE=0 other=0
2026-10-03T14:57:12.903+08:00 CYCLE n=1269 label=set start=2026-10-03T14:57:09.888+08:00 sets=[mon1=A@+0.7ms/2.4ms/hr=0x00000000] window_ms=3003 total=0 WM_SETTINGCHANGE=0 WM_DISPLAYCHANGE=0 WM_THEMECHANGED=0 WM_DWMCOLORIZATIONCOLORCHANGED=0 WM_SYSCOLORCHANGE=0 other=0
2026-10-03T14:57:22.869+08:00 CYCLE n=1270 label=set start=2026-10-03T14:57:19.855+08:00 sets=[mon1=B@+0.4ms/1.9ms/hr=0x00000000] window_ms=3003 total=0 WM_SETTINGCHANGE=0 WM_DISPLAYCHANGE=0 WM_THEMECHANGED=0 WM_DWMCOLORIZATIONCOLORCHANGED=0 WM_SYSCOLORCHANGE=0 other=0
2026-10-03T14:57:32.833+08:00 CYCLE n=1271 label=set start=2026-10-03T14:57:29.819+08:00 sets=[mon1=A@+0.4ms/1.9ms/hr=0x00000000] window_ms=3003 total=0 WM_SETTINGCHANGE=0 WM_DISPLAYCHANGE=0 WM_THEMECHANGED=0 WM_DWMCOLORIZATIONCOLORCHANGED=0 WM_SYSCOLORCHANGE=0 other=0
2026-10-03T14:57:42.905+08:00 CYCLE n=1272 label=set start=2026-10-03T14:57:39.891+08:00 sets=[mon1=B@+0.4ms/2.3ms/hr=0x00000000] window_ms=3003 total=0 WM_SETTINGCHANGE=0 WM_DISPLAYCHANGE=0 WM_THEMECHANGED=0 WM_DWMCOLORIZATIONCOLORCHANGED=0 WM_SYSCOLORCHANGE=0 other=0
2026-10-03T14:57:52.875+08:00 CYCLE n=1273 label=set start=2026-10-03T14:57:49.859+08:00 sets=[mon1=A@+1.0ms/3.3ms/hr=0x00000000] window_ms=3005 total=0 WM_SETTINGCHANGE=0 WM_DISPLAYCHANGE=0 WM_THEMECHANGED=0 WM_DWMCOLORIZATIONCOLORCHANGED=0 WM_SYSCOLORCHANGE=0 other=0
2026-10-03T14:58:02.839+08:00 CYCLE n=1274 label=set start=2026-10-03T14:57:59.824+08:00 sets=[mon1=B@+0.5ms/1.6ms/hr=0x00000000] window_ms=3002 total=0 WM_SETTINGCHANGE=0 WM_DISPLAYCHANGE=0 WM_THEMECHANGED=0 WM_DWMCOLORIZATIONCOLORCHANGED=0 WM_SYSCOLORCHANGE=0 other=0
2026-10-03T14:58:12.903+08:00 CYCLE n=1275 label=set start=2026-10-03T14:58:09.891+08:00 sets=[mon1=A@+0.4ms/2.1ms/hr=0x00000000] window_ms=3003 total=0 WM_SETTINGCHANGE=0 WM_DISPLAYCHANGE=0 WM_THEMECHANGED=0 WM_DWMCOLORIZATIONCOLORCHANGED=0 WM_SYSCOLORCHANGE=0 other=0
2026-10-03T14:58:22.862+08:00 CYCLE n=1276 label=set start=2026-10-03T14:58:19.850+08:00 sets=[mon1=B@+0.3ms/1.8ms/hr=0x00000000] window_ms=3002 total=0 WM_SETTINGCHANGE=0 WM_DISPLAYCHANGE=0 WM_THEMECHANGED=0 WM_DWMCOLORIZATIONCOLORCHANGED=0 WM_SYSCOLORCHANGE=0 other=0
2026-10-03T14:58:32.830+08:00 CYCLE n=1277 label=set start=2026-10-03T14:58:29.816+08:00 sets=[mon1=A@+0.4ms/2.2ms/hr=0x00000000] window_ms=3003 total=0 WM_SETTINGCHANGE=0 WM_DISPLAYCHANGE=0 WM_THEMECHANGED=0 WM_DWMCOLORIZATIONCOLORCHANGED=0 WM_SYSCOLORCHANGE=0 other=0
2026-10-03T14:58:42.899+08:00 CYCLE n=1278 label=set start=2026-10-03T14:58:39.886+08:00 sets=[mon1=B@+0.4ms/2.2ms/hr=0x00000000] window_ms=3003 total=0 WM_SETTINGCHANGE=0 WM_DISPLAYCHANGE=0 WM_THEMECHANGED=0 WM_DWMCOLORIZATIONCOLORCHANGED=0 WM_SYSCOLORCHANGE=0 other=0
2026-10-03T14:58:52.863+08:00 CYCLE n=1279 label=set start=2026-10-03T14:58:49.848+08:00 sets=[mon1=A@+0.4ms/2.2ms/hr=0x00000000] window_ms=3003 total=0 WM_SETTINGCHANGE=0 WM_DISPLAYCHANGE=0 WM_THEMECHANGED=0 WM_DWMCOLORIZATIONCOLORCHANGED=0 WM_SYSCOLORCHANGE=0 other=0
2026-10-03T14:59:02.837+08:00 CYCLE n=1280 label=set start=2026-10-03T14:58:59.823+08:00 sets=[mon1=B@+0.7ms/1.8ms/hr=0x00000000] window_ms=3003 total=0 WM_SETTINGCHANGE=0 WM_DISPLAYCHANGE=0 WM_THEMECHANGED=0 WM_DWMCOLORIZATIONCOLORCHANGED=0 WM_SYSCOLORCHANGE=0 other=0
2026-10-03T14:59:12.902+08:00 CYCLE n=1281 label=set start=2026-10-03T14:59:09.885+08:00 sets=[mon1=A@+0.4ms/2.3ms/hr=0x00000000] window_ms=3003 total=0 WM_SETTINGCHANGE=0 WM_DISPLAYCHANGE=0 WM_THEMECHANGED=0 WM_DWMCOLORIZATIONCOLORCHANGED=0 WM_SYSCOLORCHANGE=0 other=0
2026-10-03T14:59:22.871+08:00 CYCLE n=1282 label=set start=2026-10-03T14:59:19.856+08:00 sets=[mon1=B@+0.5ms/1.3ms/hr=0x00000000] window_ms=3002 total=0 WM_SETTINGCHANGE=0 WM_DISPLAYCHANGE=0 WM_THEMECHANGED=0 WM_DWMCOLORIZATIONCOLORCHANGED=0 WM_SYSCOLORCHANGE=0 other=0
2026-10-03T14:59:32.845+08:00 CYCLE n=1283 label=set start=2026-10-03T14:59:29.829+08:00 sets=[mon1=A@+0.7ms/2.7ms/hr=0x00000000] window_ms=3004 total=0 WM_SETTINGCHANGE=0 WM_DISPLAYCHANGE=0 WM_THEMECHANGED=0 WM_DWMCOLORIZATIONCOLORCHANGED=0 WM_SYSCOLORCHANGE=0 other=0
2026-10-03T14:59:42.813+08:00 CYCLE n=1284 label=set start=2026-10-03T14:59:39.799+08:00 sets=[mon1=B@+0.7ms/2.7ms/hr=0x00000000] window_ms=3004 total=0 WM_SETTINGCHANGE=0 WM_DISPLAYCHANGE=0 WM_THEMECHANGED=0 WM_DWMCOLORIZATIONCOLORCHANGED=0 WM_SYSCOLORCHANGE=0 other=0
2026-10-03T14:59:52.886+08:00 CYCLE n=1285 label=set start=2026-10-03T14:59:49.872+08:00 sets=[mon1=A@+0.9ms/2.9ms/hr=0x00000000] window_ms=3004 total=0 WM_SETTINGCHANGE=0 WM_DISPLAYCHANGE=0 WM_THEMECHANGED=0 WM_DWMCOLORIZATIONCOLORCHANGED=0 WM_SYSCOLORCHANGE=0 other=0
2026-10-03T15:00:02.844+08:00 CYCLE n=1286 label=set start=2026-10-03T14:59:59.831+08:00 sets=[mon1=B@+0.3ms/1.7ms/hr=0x00000000] window_ms=3002 total=0 WM_SETTINGCHANGE=0 WM_DISPLAYCHANGE=0 WM_THEMECHANGED=0 WM_DWMCOLORIZATIONCOLORCHANGED=0 WM_SYSCOLORCHANGE=0 other=0
2026-10-03T15:00:12.902+08:00 CYCLE n=1287 label=set start=2026-10-03T15:00:09.889+08:00 sets=[mon1=A@+0.4ms/2.2ms/hr=0x00000000] window_ms=3003 total=0 WM_SETTINGCHANGE=0 WM_DISPLAYCHANGE=0 WM_THEMECHANGED=0 WM_DWMCOLORIZATIONCOLORCHANGED=0 WM_SYSCOLORCHANGE=0 other=0
2026-10-03T15:00:22.872+08:00 CYCLE n=1288 label=set start=2026-10-03T15:00:19.861+08:00 sets=[mon1=B@+0.4ms/1.8ms/hr=0x00000000] window_ms=3002 total=0 WM_SETTINGCHANGE=0 WM_DISPLAYCHANGE=0 WM_THEMECHANGED=0 WM_DWMCOLORIZATIONCOLORCHANGED=0 WM_SYSCOLORCHANGE=0 other=0
2026-10-03T15:00:32.843+08:00 CYCLE n=1289 label=set start=2026-10-03T15:00:29.830+08:00 sets=[mon1=A@+0.4ms/1.3ms/hr=0x00000000] window_ms=3002 total=0 WM_SETTINGCHANGE=0 WM_DISPLAYCHANGE=0 WM_THEMECHANGED=0 WM_DWMCOLORIZATIONCOLORCHANGED=0 WM_SYSCOLORCHANGE=0 other=0
2026-10-03T15:00:42.907+08:00 CYCLE n=1290 label=set start=2026-10-03T15:00:39.893+08:00 sets=[mon1=B@+0.3ms/2.0ms/hr=0x00000000] window_ms=3003 total=0 WM_SETTINGCHANGE=0 WM_DISPLAYCHANGE=0 WM_THEMECHANGED=0 WM_DWMCOLORIZATIONCOLORCHANGED=0 WM_SYSCOLORCHANGE=0 other=0
2026-10-03T15:00:52.869+08:00 CYCLE n=1291 label=set start=2026-10-03T15:00:49.857+08:00 sets=[mon1=A@+0.5ms/1.7ms/hr=0x00000000] window_ms=3002 total=0 WM_SETTINGCHANGE=0 WM_DISPLAYCHANGE=0 WM_THEMECHANGED=0 WM_DWMCOLORIZATIONCOLORCHANGED=0 WM_SYSCOLORCHANGE=0 other=0
2026-10-03T15:01:02.828+08:00 CYCLE n=1292 label=set start=2026-10-03T15:00:59.813+08:00 sets=[mon1=B@+0.8ms/2.0ms/hr=0x00000000] window_ms=3003 total=0 WM_SETTINGCHANGE=0 WM_DISPLAYCHANGE=0 WM_THEMECHANGED=0 WM_DWMCOLORIZATIONCOLORCHANGED=0 WM_SYSCOLORCHANGE=0 other=0
2026-10-03T15:01:12.902+08:00 CYCLE n=1293 label=set start=2026-10-03T15:01:09.890+08:00 sets=[mon1=A@+0.4ms/1.2ms/hr=0x00000000] window_ms=3002 total=0 WM_SETTINGCHANGE=0 WM_DISPLAYCHANGE=0 WM_THEMECHANGED=0 WM_DWMCOLORIZATIONCOLORCHANGED=0 WM_SYSCOLORCHANGE=0 other=0
2026-10-03T15:01:22.869+08:00 CYCLE n=1294 label=set start=2026-10-03T15:01:19.853+08:00 sets=[mon1=B@+1.2ms/2.5ms/hr=0x00000000] window_ms=3004 total=0 WM_SETTINGCHANGE=0 WM_DISPLAYCHANGE=0 WM_THEMECHANGED=0 WM_DWMCOLORIZATIONCOLORCHANGED=0 WM_SYSCOLORCHANGE=0 other=0
2026-10-03T15:01:32.835+08:00 CYCLE n=1295 label=set start=2026-10-03T15:01:29.821+08:00 sets=[mon1=A@+0.8ms/2.4ms/hr=0x00000000] window_ms=3003 total=0 WM_SETTINGCHANGE=0 WM_DISPLAYCHANGE=0 WM_THEMECHANGED=0 WM_DWMCOLORIZATIONCOLORCHANGED=0 WM_SYSCOLORCHANGE=0 other=0
2026-10-03T15:01:42.902+08:00 CYCLE n=1296 label=set start=2026-10-03T15:01:39.887+08:00 sets=[mon1=B@+0.8ms/3.5ms/hr=0x00000000] window_ms=3005 total=0 WM_SETTINGCHANGE=0 WM_DISPLAYCHANGE=0 WM_THEMECHANGED=0 WM_DWMCOLORIZATIONCOLORCHANGED=0 WM_SYSCOLORCHANGE=0 other=0
2026-10-03T15:01:52.877+08:00 CYCLE n=1297 label=set start=2026-10-03T15:01:49.862+08:00 sets=[mon1=A@+0.7ms/3.5ms/hr=0x00000000] window_ms=3004 total=0 WM_SETTINGCHANGE=0 WM_DISPLAYCHANGE=0 WM_THEMECHANGED=0 WM_DWMCOLORIZATIONCOLORCHANGED=0 WM_SYSCOLORCHANGE=0 other=0
2026-10-03T15:02:02.838+08:00 CYCLE n=1298 label=set start=2026-10-03T15:01:59.825+08:00 sets=[mon1=B@+0.5ms/1.8ms/hr=0x00000000] window_ms=3003 total=0 WM_SETTINGCHANGE=0 WM_DISPLAYCHANGE=0 WM_THEMECHANGED=0 WM_DWMCOLORIZATIONCOLORCHANGED=0 WM_SYSCOLORCHANGE=0 other=0
2026-10-03T15:02:12.907+08:00 CYCLE n=1299 label=set start=2026-10-03T15:02:09.892+08:00 sets=[mon1=A@+0.8ms/3.0ms/hr=0x00000000] window_ms=3004 total=0 WM_SETTINGCHANGE=0 WM_DISPLAYCHANGE=0 WM_THEMECHANGED=0 WM_DWMCOLORIZATIONCOLORCHANGED=0 WM_SYSCOLORCHANGE=0 other=0
2026-10-03T15:02:22.884+08:00 CYCLE n=1300 label=set start=2026-10-03T15:02:19.868+08:00 sets=[mon1=B@+1.2ms/2.6ms/hr=0x00000000] window_ms=3004 total=0 WM_SETTINGCHANGE=0 WM_DISPLAYCHANGE=0 WM_THEMECHANGED=0 WM_DWMCOLORIZATIONCOLORCHANGED=0 WM_SYSCOLORCHANGE=0 other=0
2026-10-03T15:02:32.842+08:00 CYCLE n=1301 label=set start=2026-10-03T15:02:29.830+08:00 sets=[mon1=A@+0.4ms/1.7ms/hr=0x00000000] window_ms=3002 total=0 WM_SETTINGCHANGE=0 WM_DISPLAYCHANGE=0 WM_THEMECHANGED=0 WM_DWMCOLORIZATIONCOLORCHANGED=0 WM_SYSCOLORCHANGE=0 other=0
2026-10-03T15:02:42.813+08:00 CYCLE n=1302 label=set start=2026-10-03T15:02:39.799+08:00 sets=[mon1=B@+0.5ms/1.8ms/hr=0x00000000] window_ms=3003 total=0 WM_SETTINGCHANGE=0 WM_DISPLAYCHANGE=0 WM_THEMECHANGED=0 WM_DWMCOLORIZATIONCOLORCHANGED=0 WM_SYSCOLORCHANGE=0 other=0
2026-10-03T15:02:52.908+08:00 CYCLE n=1303 label=set start=2026-10-03T15:02:49.894+08:00 sets=[mon1=A@+0.9ms/2.1ms/hr=0x00000000] window_ms=3003 total=0 WM_SETTINGCHANGE=0 WM_DISPLAYCHANGE=0 WM_THEMECHANGED=0 WM_DWMCOLORIZATIONCOLORCHANGED=0 WM_SYSCOLORCHANGE=0 other=0
2026-10-03T15:03:02.882+08:00 CYCLE n=1304 label=set start=2026-10-03T15:02:59.869+08:00 sets=[mon1=B@+0.4ms/1.7ms/hr=0x00000000] window_ms=3002 total=0 WM_SETTINGCHANGE=0 WM_DISPLAYCHANGE=0 WM_THEMECHANGED=0 WM_DWMCOLORIZATIONCOLORCHANGED=0 WM_SYSCOLORCHANGE=0 other=0
2026-10-03T15:03:12.838+08:00 CYCLE n=1305 label=set start=2026-10-03T15:03:09.828+08:00 sets=[mon1=A@+0.5ms/1.5ms/hr=0x00000000] window_ms=3002 total=0 WM_SETTINGCHANGE=0 WM_DISPLAYCHANGE=0 WM_THEMECHANGED=0 WM_DWMCOLORIZATIONCOLORCHANGED=0 WM_SYSCOLORCHANGE=0 other=0
2026-10-03T15:03:22.894+08:00 CYCLE n=1306 label=set start=2026-10-03T15:03:19.882+08:00 sets=[mon1=B@+0.4ms/1.9ms/hr=0x00000000] window_ms=3002 total=0 WM_SETTINGCHANGE=0 WM_DISPLAYCHANGE=0 WM_THEMECHANGED=0 WM_DWMCOLORIZATIONCOLORCHANGED=0 WM_SYSCOLORCHANGE=0 other=0
2026-10-03T15:03:32.865+08:00 CYCLE n=1307 label=set start=2026-10-03T15:03:29.852+08:00 sets=[mon1=A@+0.4ms/1.8ms/hr=0x00000000] window_ms=3002 total=0 WM_SETTINGCHANGE=0 WM_DISPLAYCHANGE=0 WM_THEMECHANGED=0 WM_DWMCOLORIZATIONCOLORCHANGED=0 WM_SYSCOLORCHANGE=0 other=0
2026-10-03T15:03:42.825+08:00 CYCLE n=1308 label=set start=2026-10-03T15:03:39.810+08:00 sets=[mon1=B@+0.7ms/1.9ms/hr=0x00000000] window_ms=3003 total=0 WM_SETTINGCHANGE=0 WM_DISPLAYCHANGE=0 WM_THEMECHANGED=0 WM_DWMCOLORIZATIONCOLORCHANGED=0 WM_SYSCOLORCHANGE=0 other=0
2026-10-03T15:03:52.886+08:00 CYCLE n=1309 label=set start=2026-10-03T15:03:49.874+08:00 sets=[mon1=A@+0.4ms/2.0ms/hr=0x00000000] window_ms=3003 total=0 WM_SETTINGCHANGE=0 WM_DISPLAYCHANGE=0 WM_THEMECHANGED=0 WM_DWMCOLORIZATIONCOLORCHANGED=0 WM_SYSCOLORCHANGE=0 other=0
2026-10-03T15:04:02.856+08:00 CYCLE n=1310 label=set start=2026-10-03T15:03:59.841+08:00 sets=[mon1=B@+0.5ms/1.7ms/hr=0x00000000] window_ms=3002 total=0 WM_SETTINGCHANGE=0 WM_DISPLAYCHANGE=0 WM_THEMECHANGED=0 WM_DWMCOLORIZATIONCOLORCHANGED=0 WM_SYSCOLORCHANGE=0 other=0
2026-10-03T15:04:12.821+08:00 CYCLE n=1311 label=set start=2026-10-03T15:04:09.808+08:00 sets=[mon1=A@+0.4ms/2.2ms/hr=0x00000000] window_ms=3003 total=0 WM_SETTINGCHANGE=0 WM_DISPLAYCHANGE=0 WM_THEMECHANGED=0 WM_DWMCOLORIZATIONCOLORCHANGED=0 WM_SYSCOLORCHANGE=0 other=0
2026-10-03T15:04:22.892+08:00 CYCLE n=1312 label=set start=2026-10-03T15:04:19.879+08:00 sets=[mon1=B@+0.4ms/2.0ms/hr=0x00000000] window_ms=3003 total=0 WM_SETTINGCHANGE=0 WM_DISPLAYCHANGE=0 WM_THEMECHANGED=0 WM_DWMCOLORIZATIONCOLORCHANGED=0 WM_SYSCOLORCHANGE=0 other=0
2026-10-03T15:04:32.869+08:00 CYCLE n=1313 label=set start=2026-10-03T15:04:29.854+08:00 sets=[mon1=A@+0.8ms/2.7ms/hr=0x00000000] window_ms=3004 total=0 WM_SETTINGCHANGE=0 WM_DISPLAYCHANGE=0 WM_THEMECHANGED=0 WM_DWMCOLORIZATIONCOLORCHANGED=0 WM_SYSCOLORCHANGE=0 other=0
2026-10-03T15:04:42.833+08:00 CYCLE n=1314 label=set start=2026-10-03T15:04:39.819+08:00 sets=[mon1=B@+0.3ms/1.9ms/hr=0x00000000] window_ms=3002 total=0 WM_SETTINGCHANGE=0 WM_DISPLAYCHANGE=0 WM_THEMECHANGED=0 WM_DWMCOLORIZATIONCOLORCHANGED=0 WM_SYSCOLORCHANGE=0 other=0
2026-10-03T15:04:52.892+08:00 CYCLE n=1315 label=set start=2026-10-03T15:04:49.880+08:00 sets=[mon1=A@+0.6ms/1.8ms/hr=0x00000000] window_ms=3003 total=0 WM_SETTINGCHANGE=0 WM_DISPLAYCHANGE=0 WM_THEMECHANGED=0 WM_DWMCOLORIZATIONCOLORCHANGED=0 WM_SYSCOLORCHANGE=0 other=0
2026-10-03T15:05:02.856+08:00 CYCLE n=1316 label=set start=2026-10-03T15:04:59.843+08:00 sets=[mon1=B@+0.3ms/2.5ms/hr=0x00000000] window_ms=3003 total=0 WM_SETTINGCHANGE=0 WM_DISPLAYCHANGE=0 WM_THEMECHANGED=0 WM_DWMCOLORIZATIONCOLORCHANGED=0 WM_SYSCOLORCHANGE=0 other=0
2026-10-03T15:05:12.815+08:00 CYCLE n=1317 label=set start=2026-10-03T15:05:09.799+08:00 sets=[mon1=A@+0.8ms/2.8ms/hr=0x00000000] window_ms=3004 total=0 WM_SETTINGCHANGE=0 WM_DISPLAYCHANGE=0 WM_THEMECHANGED=0 WM_DWMCOLORIZATIONCOLORCHANGED=0 WM_SYSCOLORCHANGE=0 other=0
2026-10-03T15:05:22.885+08:00 CYCLE n=1318 label=set start=2026-10-03T15:05:19.873+08:00 sets=[mon1=B@+0.5ms/2.3ms/hr=0x00000000] window_ms=3003 total=0 WM_SETTINGCHANGE=0 WM_DISPLAYCHANGE=0 WM_THEMECHANGED=0 WM_DWMCOLORIZATIONCOLORCHANGED=0 WM_SYSCOLORCHANGE=0 other=0
2026-10-03T15:05:32.851+08:00 CYCLE n=1319 label=set start=2026-10-03T15:05:29.839+08:00 sets=[mon1=A@+0.5ms/1.2ms/hr=0x00000000] window_ms=3002 total=0 WM_SETTINGCHANGE=0 WM_DISPLAYCHANGE=0 WM_THEMECHANGED=0 WM_DWMCOLORIZATIONCOLORCHANGED=0 WM_SYSCOLORCHANGE=0 other=0
2026-10-03T15:05:42.817+08:00 CYCLE n=1320 label=set start=2026-10-03T15:05:39.805+08:00 sets=[mon1=B@+0.6ms/1.5ms/hr=0x00000000] window_ms=3002 total=0 WM_SETTINGCHANGE=0 WM_DISPLAYCHANGE=0 WM_THEMECHANGED=0 WM_DWMCOLORIZATIONCOLORCHANGED=0 WM_SYSCOLORCHANGE=0 other=0
2026-10-03T15:05:52.880+08:00 CYCLE n=1321 label=set start=2026-10-03T15:05:49.865+08:00 sets=[mon1=A@+0.6ms/2.3ms/hr=0x00000000] window_ms=3003 total=0 WM_SETTINGCHANGE=0 WM_DISPLAYCHANGE=0 WM_THEMECHANGED=0 WM_DWMCOLORIZATIONCOLORCHANGED=0 WM_SYSCOLORCHANGE=0 other=0
2026-10-03T15:06:02.844+08:00 CYCLE n=1322 label=set start=2026-10-03T15:05:59.831+08:00 sets=[mon1=B@+0.4ms/1.7ms/hr=0x00000000] window_ms=3002 total=0 WM_SETTINGCHANGE=0 WM_DISPLAYCHANGE=0 WM_THEMECHANGED=0 WM_DWMCOLORIZATIONCOLORCHANGED=0 WM_SYSCOLORCHANGE=0 other=0
2026-10-03T15:06:12.812+08:00 CYCLE n=1323 label=set start=2026-10-03T15:06:09.800+08:00 sets=[mon1=A@+0.5ms/1.8ms/hr=0x00000000] window_ms=3002 total=0 WM_SETTINGCHANGE=0 WM_DISPLAYCHANGE=0 WM_THEMECHANGED=0 WM_DWMCOLORIZATIONCOLORCHANGED=0 WM_SYSCOLORCHANGE=0 other=0
2026-10-03T15:06:22.884+08:00 CYCLE n=1324 label=set start=2026-10-03T15:06:19.870+08:00 sets=[mon1=B@+0.4ms/1.9ms/hr=0x00000000] window_ms=3003 total=0 WM_SETTINGCHANGE=0 WM_DISPLAYCHANGE=0 WM_THEMECHANGED=0 WM_DWMCOLORIZATIONCOLORCHANGED=0 WM_SYSCOLORCHANGE=0 other=0
2026-10-03T15:06:32.854+08:00 CYCLE n=1325 label=set start=2026-10-03T15:06:29.841+08:00 sets=[mon1=A@+0.4ms/2.1ms/hr=0x00000000] window_ms=3003 total=0 WM_SETTINGCHANGE=0 WM_DISPLAYCHANGE=0 WM_THEMECHANGED=0 WM_DWMCOLORIZATIONCOLORCHANGED=0 WM_SYSCOLORCHANGE=0 other=0
2026-10-03T15:06:42.829+08:00 CYCLE n=1326 label=set start=2026-10-03T15:06:39.815+08:00 sets=[mon1=B@+0.5ms/1.8ms/hr=0x00000000] window_ms=3003 total=0 WM_SETTINGCHANGE=0 WM_DISPLAYCHANGE=0 WM_THEMECHANGED=0 WM_DWMCOLORIZATIONCOLORCHANGED=0 WM_SYSCOLORCHANGE=0 other=0
2026-10-03T15:06:52.896+08:00 CYCLE n=1327 label=set start=2026-10-03T15:06:49.882+08:00 sets=[mon1=A@+0.9ms/2.6ms/hr=0x00000000] window_ms=3004 total=0 WM_SETTINGCHANGE=0 WM_DISPLAYCHANGE=0 WM_THEMECHANGED=0 WM_DWMCOLORIZATIONCOLORCHANGED=0 WM_SYSCOLORCHANGE=0 other=0
2026-10-03T15:07:02.858+08:00 CYCLE n=1328 label=set start=2026-10-03T15:06:59.841+08:00 sets=[mon1=B@+1.0ms/2.6ms/hr=0x00000000] window_ms=3004 total=0 WM_SETTINGCHANGE=0 WM_DISPLAYCHANGE=0 WM_THEMECHANGED=0 WM_DWMCOLORIZATIONCOLORCHANGED=0 WM_SYSCOLORCHANGE=0 other=0
2026-10-03T15:07:12.833+08:00 CYCLE n=1329 label=set start=2026-10-03T15:07:09.819+08:00 sets=[mon1=A@+0.6ms/2.2ms/hr=0x00000000] window_ms=3003 total=0 WM_SETTINGCHANGE=0 WM_DISPLAYCHANGE=0 WM_THEMECHANGED=0 WM_DWMCOLORIZATIONCOLORCHANGED=0 WM_SYSCOLORCHANGE=0 other=0
2026-10-03T15:07:22.897+08:00 CYCLE n=1330 label=set start=2026-10-03T15:07:19.883+08:00 sets=[mon1=B@+0.6ms/2.0ms/hr=0x00000000] window_ms=3003 total=0 WM_SETTINGCHANGE=0 WM_DISPLAYCHANGE=0 WM_THEMECHANGED=0 WM_DWMCOLORIZATIONCOLORCHANGED=0 WM_SYSCOLORCHANGE=0 other=0
2026-10-03T15:07:32.872+08:00 CYCLE n=1331 label=set start=2026-10-03T15:07:29.858+08:00 sets=[mon1=A@+0.6ms/2.2ms/hr=0x00000000] window_ms=3003 total=0 WM_SETTINGCHANGE=0 WM_DISPLAYCHANGE=0 WM_THEMECHANGED=0 WM_DWMCOLORIZATIONCOLORCHANGED=0 WM_SYSCOLORCHANGE=0 other=0
2026-10-03T15:07:42.841+08:00 CYCLE n=1332 label=set start=2026-10-03T15:07:39.826+08:00 sets=[mon1=B@+0.9ms/2.8ms/hr=0x00000000] window_ms=3004 total=0 WM_SETTINGCHANGE=0 WM_DISPLAYCHANGE=0 WM_THEMECHANGED=0 WM_DWMCOLORIZATIONCOLORCHANGED=0 WM_SYSCOLORCHANGE=0 other=0
2026-10-03T15:07:52.905+08:00 CYCLE n=1333 label=set start=2026-10-03T15:07:49.892+08:00 sets=[mon1=A@+0.3ms/1.9ms/hr=0x00000000] window_ms=3002 total=0 WM_SETTINGCHANGE=0 WM_DISPLAYCHANGE=0 WM_THEMECHANGED=0 WM_DWMCOLORIZATIONCOLORCHANGED=0 WM_SYSCOLORCHANGE=0 other=0
2026-10-03T15:08:02.876+08:00 CYCLE n=1334 label=set start=2026-10-03T15:07:59.861+08:00 sets=[mon1=B@+0.4ms/1.6ms/hr=0x00000000] window_ms=3002 total=0 WM_SETTINGCHANGE=0 WM_DISPLAYCHANGE=0 WM_THEMECHANGED=0 WM_DWMCOLORIZATIONCOLORCHANGED=0 WM_SYSCOLORCHANGE=0 other=0
2026-10-03T15:08:12.843+08:00 CYCLE n=1335 label=set start=2026-10-03T15:08:09.828+08:00 sets=[mon1=A@+0.4ms/2.0ms/hr=0x00000000] window_ms=3003 total=0 WM_SETTINGCHANGE=0 WM_DISPLAYCHANGE=0 WM_THEMECHANGED=0 WM_DWMCOLORIZATIONCOLORCHANGED=0 WM_SYSCOLORCHANGE=0 other=0
2026-10-03T15:08:22.816+08:00 CYCLE n=1336 label=set start=2026-10-03T15:08:19.802+08:00 sets=[mon1=B@+0.6ms/1.9ms/hr=0x00000000] window_ms=3003 total=0 WM_SETTINGCHANGE=0 WM_DISPLAYCHANGE=0 WM_THEMECHANGED=0 WM_DWMCOLORIZATIONCOLORCHANGED=0 WM_SYSCOLORCHANGE=0 other=0
2026-10-03T15:08:32.880+08:00 CYCLE n=1337 label=set start=2026-10-03T15:08:29.865+08:00 sets=[mon1=A@+0.9ms/2.2ms/hr=0x00000000] window_ms=3003 total=0 WM_SETTINGCHANGE=0 WM_DISPLAYCHANGE=0 WM_THEMECHANGED=0 WM_DWMCOLORIZATIONCOLORCHANGED=0 WM_SYSCOLORCHANGE=0 other=0
2026-10-03T15:08:42.844+08:00 CYCLE n=1338 label=set start=2026-10-03T15:08:39.831+08:00 sets=[mon1=B@+0.7ms/2.1ms/hr=0x00000000] window_ms=3003 total=0 WM_SETTINGCHANGE=0 WM_DISPLAYCHANGE=0 WM_THEMECHANGED=0 WM_DWMCOLORIZATIONCOLORCHANGED=0 WM_SYSCOLORCHANGE=0 other=0
2026-10-03T15:08:52.911+08:00 CYCLE n=1339 label=set start=2026-10-03T15:08:49.895+08:00 sets=[mon1=A@+1.2ms/2.7ms/hr=0x00000000] window_ms=3004 total=0 WM_SETTINGCHANGE=0 WM_DISPLAYCHANGE=0 WM_THEMECHANGED=0 WM_DWMCOLORIZATIONCOLORCHANGED=0 WM_SYSCOLORCHANGE=0 other=0
2026-10-03T15:09:02.877+08:00 CYCLE n=1340 label=set start=2026-10-03T15:08:59.865+08:00 sets=[mon1=B@+0.4ms/2.3ms/hr=0x00000000] window_ms=3003 total=0 WM_SETTINGCHANGE=0 WM_DISPLAYCHANGE=0 WM_THEMECHANGED=0 WM_DWMCOLORIZATIONCOLORCHANGED=0 WM_SYSCOLORCHANGE=0 other=0
2026-10-03T15:09:12.850+08:00 CYCLE n=1341 label=set start=2026-10-03T15:09:09.838+08:00 sets=[mon1=A@+0.5ms/1.7ms/hr=0x00000000] window_ms=3002 total=0 WM_SETTINGCHANGE=0 WM_DISPLAYCHANGE=0 WM_THEMECHANGED=0 WM_DWMCOLORIZATIONCOLORCHANGED=0 WM_SYSCOLORCHANGE=0 other=0
2026-10-03T15:09:22.813+08:00 CYCLE n=1342 label=set start=2026-10-03T15:09:19.801+08:00 sets=[mon1=B@+0.4ms/2.0ms/hr=0x00000000] window_ms=3003 total=0 WM_SETTINGCHANGE=0 WM_DISPLAYCHANGE=0 WM_THEMECHANGED=0 WM_DWMCOLORIZATIONCOLORCHANGED=0 WM_SYSCOLORCHANGE=0 other=0
2026-10-03T15:09:32.880+08:00 CYCLE n=1343 label=set start=2026-10-03T15:09:29.867+08:00 sets=[mon1=A@+0.9ms/2.6ms/hr=0x00000000] window_ms=3004 total=0 WM_SETTINGCHANGE=0 WM_DISPLAYCHANGE=0 WM_THEMECHANGED=0 WM_DWMCOLORIZATIONCOLORCHANGED=0 WM_SYSCOLORCHANGE=0 other=0
2026-10-03T15:09:42.846+08:00 CYCLE n=1344 label=set start=2026-10-03T15:09:39.832+08:00 sets=[mon1=B@+1.0ms/2.3ms/hr=0x00000000] window_ms=3003 total=0 WM_SETTINGCHANGE=0 WM_DISPLAYCHANGE=0 WM_THEMECHANGED=0 WM_DWMCOLORIZATIONCOLORCHANGED=0 WM_SYSCOLORCHANGE=0 other=0
2026-10-03T15:09:52.909+08:00 CYCLE n=1345 label=set start=2026-10-03T15:09:49.896+08:00 sets=[mon1=A@+0.8ms/2.6ms/hr=0x00000000] window_ms=3004 total=0 WM_SETTINGCHANGE=0 WM_DISPLAYCHANGE=0 WM_THEMECHANGED=0 WM_DWMCOLORIZATIONCOLORCHANGED=0 WM_SYSCOLORCHANGE=0 other=0
2026-10-03T15:10:02.871+08:00 CYCLE n=1346 label=set start=2026-10-03T15:09:59.857+08:00 sets=[mon1=B@+0.3ms/2.2ms/hr=0x00000000] window_ms=3003 total=0 WM_SETTINGCHANGE=0 WM_DISPLAYCHANGE=0 WM_THEMECHANGED=0 WM_DWMCOLORIZATIONCOLORCHANGED=0 WM_SYSCOLORCHANGE=0 other=0
2026-10-03T15:10:12.832+08:00 CYCLE n=1347 label=set start=2026-10-03T15:10:09.822+08:00 sets=[mon1=A@+0.4ms/2.2ms/hr=0x00000000] window_ms=3003 total=0 WM_SETTINGCHANGE=0 WM_DISPLAYCHANGE=0 WM_THEMECHANGED=0 WM_DWMCOLORIZATIONCOLORCHANGED=0 WM_SYSCOLORCHANGE=0 other=0
2026-10-03T15:10:22.896+08:00 CYCLE n=1348 label=set start=2026-10-03T15:10:19.881+08:00 sets=[mon1=B@+0.4ms/2.3ms/hr=0x00000000] window_ms=3003 total=0 WM_SETTINGCHANGE=0 WM_DISPLAYCHANGE=0 WM_THEMECHANGED=0 WM_DWMCOLORIZATIONCOLORCHANGED=0 WM_SYSCOLORCHANGE=0 other=0
2026-10-03T15:10:32.864+08:00 CYCLE n=1349 label=set start=2026-10-03T15:10:29.850+08:00 sets=[mon1=A@+0.9ms/2.4ms/hr=0x00000000] window_ms=3004 total=0 WM_SETTINGCHANGE=0 WM_DISPLAYCHANGE=0 WM_THEMECHANGED=0 WM_DWMCOLORIZATIONCOLORCHANGED=0 WM_SYSCOLORCHANGE=0 other=0
2026-10-03T15:10:42.831+08:00 CYCLE n=1350 label=set start=2026-10-03T15:10:39.817+08:00 sets=[mon1=B@+0.8ms/2.3ms/hr=0x00000000] window_ms=3003 total=0 WM_SETTINGCHANGE=0 WM_DISPLAYCHANGE=0 WM_THEMECHANGED=0 WM_DWMCOLORIZATIONCOLORCHANGED=0 WM_SYSCOLORCHANGE=0 other=0
2026-10-03T15:10:52.897+08:00 CYCLE n=1351 label=set start=2026-10-03T15:10:49.883+08:00 sets=[mon1=A@+0.9ms/2.4ms/hr=0x00000000] window_ms=3004 total=0 WM_SETTINGCHANGE=0 WM_DISPLAYCHANGE=0 WM_THEMECHANGED=0 WM_DWMCOLORIZATIONCOLORCHANGED=0 WM_SYSCOLORCHANGE=0 other=0
2026-10-03T15:11:02.864+08:00 CYCLE n=1352 label=set start=2026-10-03T15:10:59.849+08:00 sets=[mon1=B@+0.4ms/2.0ms/hr=0x00000000] window_ms=3003 total=0 WM_SETTINGCHANGE=0 WM_DISPLAYCHANGE=0 WM_THEMECHANGED=0 WM_DWMCOLORIZATIONCOLORCHANGED=0 WM_SYSCOLORCHANGE=0 other=0
2026-10-03T15:11:12.832+08:00 CYCLE n=1353 label=set start=2026-10-03T15:11:09.817+08:00 sets=[mon1=A@+0.4ms/2.0ms/hr=0x00000000] window_ms=3003 total=0 WM_SETTINGCHANGE=0 WM_DISPLAYCHANGE=0 WM_THEMECHANGED=0 WM_DWMCOLORIZATIONCOLORCHANGED=0 WM_SYSCOLORCHANGE=0 other=0
2026-10-03T15:11:22.902+08:00 CYCLE n=1354 label=set start=2026-10-03T15:11:19.888+08:00 sets=[mon1=B@+0.8ms/1.7ms/hr=0x00000000] window_ms=3003 total=0 WM_SETTINGCHANGE=0 WM_DISPLAYCHANGE=0 WM_THEMECHANGED=0 WM_DWMCOLORIZATIONCOLORCHANGED=0 WM_SYSCOLORCHANGE=0 other=0
2026-10-03T15:11:32.867+08:00 CYCLE n=1355 label=set start=2026-10-03T15:11:29.853+08:00 sets=[mon1=A@+0.4ms/2.6ms/hr=0x00000000] window_ms=3003 total=0 WM_SETTINGCHANGE=0 WM_DISPLAYCHANGE=0 WM_THEMECHANGED=0 WM_DWMCOLORIZATIONCOLORCHANGED=0 WM_SYSCOLORCHANGE=0 other=0
2026-10-03T15:11:42.834+08:00 CYCLE n=1356 label=set start=2026-10-03T15:11:39.821+08:00 sets=[mon1=B@+0.4ms/1.6ms/hr=0x00000000] window_ms=3002 total=0 WM_SETTINGCHANGE=0 WM_DISPLAYCHANGE=0 WM_THEMECHANGED=0 WM_DWMCOLORIZATIONCOLORCHANGED=0 WM_SYSCOLORCHANGE=0 other=0
2026-10-03T15:11:52.904+08:00 CYCLE n=1357 label=set start=2026-10-03T15:11:49.890+08:00 sets=[mon1=A@+0.6ms/2.4ms/hr=0x00000000] window_ms=3003 total=0 WM_SETTINGCHANGE=0 WM_DISPLAYCHANGE=0 WM_THEMECHANGED=0 WM_DWMCOLORIZATIONCOLORCHANGED=0 WM_SYSCOLORCHANGE=0 other=0
2026-10-03T15:12:02.877+08:00 CYCLE n=1358 label=set start=2026-10-03T15:11:59.863+08:00 sets=[mon1=B@+0.4ms/1.6ms/hr=0x00000000] window_ms=3002 total=0 WM_SETTINGCHANGE=0 WM_DISPLAYCHANGE=0 WM_THEMECHANGED=0 WM_DWMCOLORIZATIONCOLORCHANGED=0 WM_SYSCOLORCHANGE=0 other=0
2026-10-03T15:12:12.851+08:00 CYCLE n=1359 label=set start=2026-10-03T15:12:09.839+08:00 sets=[mon1=A@+0.5ms/1.8ms/hr=0x00000000] window_ms=3002 total=0 WM_SETTINGCHANGE=0 WM_DISPLAYCHANGE=0 WM_THEMECHANGED=0 WM_DWMCOLORIZATIONCOLORCHANGED=0 WM_SYSCOLORCHANGE=0 other=0
2026-10-03T15:12:22.812+08:00 CYCLE n=1360 label=set start=2026-10-03T15:12:19.799+08:00 sets=[mon1=B@+0.4ms/1.7ms/hr=0x00000000] window_ms=3002 total=0 WM_SETTINGCHANGE=0 WM_DISPLAYCHANGE=0 WM_THEMECHANGED=0 WM_DWMCOLORIZATIONCOLORCHANGED=0 WM_SYSCOLORCHANGE=0 other=0
2026-10-03T15:12:32.882+08:00 CYCLE n=1361 label=set start=2026-10-03T15:12:29.869+08:00 sets=[mon1=A@+0.4ms/1.8ms/hr=0x00000000] window_ms=3002 total=0 WM_SETTINGCHANGE=0 WM_DISPLAYCHANGE=0 WM_THEMECHANGED=0 WM_DWMCOLORIZATIONCOLORCHANGED=0 WM_SYSCOLORCHANGE=0 other=0
2026-10-03T15:12:42.848+08:00 CYCLE n=1362 label=set start=2026-10-03T15:12:39.833+08:00 sets=[mon1=B@+1.2ms/2.7ms/hr=0x00000000] window_ms=3004 total=0 WM_SETTINGCHANGE=0 WM_DISPLAYCHANGE=0 WM_THEMECHANGED=0 WM_DWMCOLORIZATIONCOLORCHANGED=0 WM_SYSCOLORCHANGE=0 other=0
2026-10-03T15:12:52.819+08:00 CYCLE n=1363 label=set start=2026-10-03T15:12:49.805+08:00 sets=[mon1=A@+0.3ms/1.9ms/hr=0x00000000] window_ms=3002 total=0 WM_SETTINGCHANGE=0 WM_DISPLAYCHANGE=0 WM_THEMECHANGED=0 WM_DWMCOLORIZATIONCOLORCHANGED=0 WM_SYSCOLORCHANGE=0 other=0
2026-10-03T15:13:02.886+08:00 CYCLE n=1364 label=set start=2026-10-03T15:12:59.872+08:00 sets=[mon1=B@+0.4ms/2.1ms/hr=0x00000000] window_ms=3003 total=0 WM_SETTINGCHANGE=0 WM_DISPLAYCHANGE=0 WM_THEMECHANGED=0 WM_DWMCOLORIZATIONCOLORCHANGED=0 WM_SYSCOLORCHANGE=0 other=0
2026-10-03T15:13:12.845+08:00 CYCLE n=1365 label=set start=2026-10-03T15:13:09.832+08:00 sets=[mon1=A@+0.4ms/1.3ms/hr=0x00000000] window_ms=3002 total=0 WM_SETTINGCHANGE=0 WM_DISPLAYCHANGE=0 WM_THEMECHANGED=0 WM_DWMCOLORIZATIONCOLORCHANGED=0 WM_SYSCOLORCHANGE=0 other=0
2026-10-03T15:13:22.816+08:00 CYCLE n=1366 label=set start=2026-10-03T15:13:19.805+08:00 sets=[mon1=B@+0.4ms/2.1ms/hr=0x00000000] window_ms=3003 total=0 WM_SETTINGCHANGE=0 WM_DISPLAYCHANGE=0 WM_THEMECHANGED=0 WM_DWMCOLORIZATIONCOLORCHANGED=0 WM_SYSCOLORCHANGE=0 other=0
2026-10-03T15:13:32.887+08:00 CYCLE n=1367 label=set start=2026-10-03T15:13:29.873+08:00 sets=[mon1=A@+0.7ms/2.8ms/hr=0x00000000] window_ms=3004 total=0 WM_SETTINGCHANGE=0 WM_DISPLAYCHANGE=0 WM_THEMECHANGED=0 WM_DWMCOLORIZATIONCOLORCHANGED=0 WM_SYSCOLORCHANGE=0 other=0
2026-10-03T15:13:42.850+08:00 CYCLE n=1368 label=set start=2026-10-03T15:13:39.836+08:00 sets=[mon1=B@+0.7ms/2.1ms/hr=0x00000000] window_ms=3003 total=0 WM_SETTINGCHANGE=0 WM_DISPLAYCHANGE=0 WM_THEMECHANGED=0 WM_DWMCOLORIZATIONCOLORCHANGED=0 WM_SYSCOLORCHANGE=0 other=0
2026-10-03T15:13:52.910+08:00 CYCLE n=1369 label=set start=2026-10-03T15:13:49.897+08:00 sets=[mon1=A@+0.7ms/2.5ms/hr=0x00000000] window_ms=3003 total=0 WM_SETTINGCHANGE=0 WM_DISPLAYCHANGE=0 WM_THEMECHANGED=0 WM_DWMCOLORIZATIONCOLORCHANGED=0 WM_SYSCOLORCHANGE=0 other=0
2026-10-03T15:14:02.880+08:00 CYCLE n=1370 label=set start=2026-10-03T15:13:59.866+08:00 sets=[mon1=B@+0.4ms/1.8ms/hr=0x00000000] window_ms=3003 total=0 WM_SETTINGCHANGE=0 WM_DISPLAYCHANGE=0 WM_THEMECHANGED=0 WM_DWMCOLORIZATIONCOLORCHANGED=0 WM_SYSCOLORCHANGE=0 other=0
2026-10-03T15:14:12.845+08:00 CYCLE n=1371 label=set start=2026-10-03T15:14:09.829+08:00 sets=[mon1=A@+0.7ms/3.4ms/hr=0x00000000] window_ms=3004 total=0 WM_SETTINGCHANGE=0 WM_DISPLAYCHANGE=0 WM_THEMECHANGED=0 WM_DWMCOLORIZATIONCOLORCHANGED=0 WM_SYSCOLORCHANGE=0 other=0
2026-10-03T15:14:22.905+08:00 CYCLE n=1372 label=set start=2026-10-03T15:14:19.892+08:00 sets=[mon1=B@+0.5ms/1.3ms/hr=0x00000000] window_ms=3002 total=0 WM_SETTINGCHANGE=0 WM_DISPLAYCHANGE=0 WM_THEMECHANGED=0 WM_DWMCOLORIZATIONCOLORCHANGED=0 WM_SYSCOLORCHANGE=0 other=0
2026-10-03T15:14:32.875+08:00 CYCLE n=1373 label=set start=2026-10-03T15:14:29.861+08:00 sets=[mon1=A@+0.8ms/2.2ms/hr=0x00000000] window_ms=3003 total=0 WM_SETTINGCHANGE=0 WM_DISPLAYCHANGE=0 WM_THEMECHANGED=0 WM_DWMCOLORIZATIONCOLORCHANGED=0 WM_SYSCOLORCHANGE=0 other=0
2026-10-03T15:14:42.840+08:00 CYCLE n=1374 label=set start=2026-10-03T15:14:39.827+08:00 sets=[mon1=B@+0.4ms/1.6ms/hr=0x00000000] window_ms=3002 total=0 WM_SETTINGCHANGE=0 WM_DISPLAYCHANGE=0 WM_THEMECHANGED=0 WM_DWMCOLORIZATIONCOLORCHANGED=0 WM_SYSCOLORCHANGE=0 other=0
2026-10-03T15:14:52.908+08:00 CYCLE n=1375 label=set start=2026-10-03T15:14:49.893+08:00 sets=[mon1=A@+0.7ms/1.9ms/hr=0x00000000] window_ms=3003 total=0 WM_SETTINGCHANGE=0 WM_DISPLAYCHANGE=0 WM_THEMECHANGED=0 WM_DWMCOLORIZATIONCOLORCHANGED=0 WM_SYSCOLORCHANGE=0 other=0
2026-10-03T15:15:02.875+08:00 CYCLE n=1376 label=set start=2026-10-03T15:14:59.861+08:00 sets=[mon1=B@+1.2ms/2.5ms/hr=0x00000000] window_ms=3004 total=0 WM_SETTINGCHANGE=0 WM_DISPLAYCHANGE=0 WM_THEMECHANGED=0 WM_DWMCOLORIZATIONCOLORCHANGED=0 WM_SYSCOLORCHANGE=0 other=0
2026-10-03T15:15:12.838+08:00 CYCLE n=1377 label=set start=2026-10-03T15:15:09.825+08:00 sets=[mon1=A@+0.4ms/2.9ms/hr=0x00000000] window_ms=3004 total=0 WM_SETTINGCHANGE=0 WM_DISPLAYCHANGE=0 WM_THEMECHANGED=0 WM_DWMCOLORIZATIONCOLORCHANGED=0 WM_SYSCOLORCHANGE=0 other=0
2026-10-03T15:15:22.813+08:00 CYCLE n=1378 label=set start=2026-10-03T15:15:19.800+08:00 sets=[mon1=B@+0.5ms/1.6ms/hr=0x00000000] window_ms=3002 total=0 WM_SETTINGCHANGE=0 WM_DISPLAYCHANGE=0 WM_THEMECHANGED=0 WM_DWMCOLORIZATIONCOLORCHANGED=0 WM_SYSCOLORCHANGE=0 other=0
2026-10-03T15:15:32.880+08:00 CYCLE n=1379 label=set start=2026-10-03T15:15:29.865+08:00 sets=[mon1=A@+0.8ms/2.4ms/hr=0x00000000] window_ms=3004 total=0 WM_SETTINGCHANGE=0 WM_DISPLAYCHANGE=0 WM_THEMECHANGED=0 WM_DWMCOLORIZATIONCOLORCHANGED=0 WM_SYSCOLORCHANGE=0 other=0
2026-10-03T15:15:42.844+08:00 CYCLE n=1380 label=set start=2026-10-03T15:15:39.832+08:00 sets=[mon1=B@+0.5ms/1.8ms/hr=0x00000000] window_ms=3002 total=0 WM_SETTINGCHANGE=0 WM_DISPLAYCHANGE=0 WM_THEMECHANGED=0 WM_DWMCOLORIZATIONCOLORCHANGED=0 WM_SYSCOLORCHANGE=0 other=0
2026-10-03T15:15:52.816+08:00 CYCLE n=1381 label=set start=2026-10-03T15:15:49.801+08:00 sets=[mon1=A@+0.5ms/2.3ms/hr=0x00000000] window_ms=3003 total=0 WM_SETTINGCHANGE=0 WM_DISPLAYCHANGE=0 WM_THEMECHANGED=0 WM_DWMCOLORIZATIONCOLORCHANGED=0 WM_SYSCOLORCHANGE=0 other=0
2026-10-03T15:16:02.883+08:00 CYCLE n=1382 label=set start=2026-10-03T15:15:59.870+08:00 sets=[mon1=B@+0.4ms/1.9ms/hr=0x00000000] window_ms=3003 total=0 WM_SETTINGCHANGE=0 WM_DISPLAYCHANGE=0 WM_THEMECHANGED=0 WM_DWMCOLORIZATIONCOLORCHANGED=0 WM_SYSCOLORCHANGE=0 other=0
2026-10-03T15:16:12.855+08:00 CYCLE n=1383 label=set start=2026-10-03T15:16:09.842+08:00 sets=[mon1=A@+1.1ms/2.0ms/hr=0x00000000] window_ms=3004 total=0 WM_SETTINGCHANGE=0 WM_DISPLAYCHANGE=0 WM_THEMECHANGED=0 WM_DWMCOLORIZATIONCOLORCHANGED=0 WM_SYSCOLORCHANGE=0 other=0
2026-10-03T15:16:22.818+08:00 CYCLE n=1384 label=set start=2026-10-03T15:16:19.803+08:00 sets=[mon1=B@+0.4ms/1.4ms/hr=0x00000000] window_ms=3002 total=0 WM_SETTINGCHANGE=0 WM_DISPLAYCHANGE=0 WM_THEMECHANGED=0 WM_DWMCOLORIZATIONCOLORCHANGED=0 WM_SYSCOLORCHANGE=0 other=0
2026-10-03T15:16:32.891+08:00 CYCLE n=1385 label=set start=2026-10-03T15:16:29.878+08:00 sets=[mon1=A@+0.4ms/2.0ms/hr=0x00000000] window_ms=3003 total=0 WM_SETTINGCHANGE=0 WM_DISPLAYCHANGE=0 WM_THEMECHANGED=0 WM_DWMCOLORIZATIONCOLORCHANGED=0 WM_SYSCOLORCHANGE=0 other=0
2026-10-03T15:16:42.865+08:00 CYCLE n=1386 label=set start=2026-10-03T15:16:39.851+08:00 sets=[mon1=B@+1.5ms/2.5ms/hr=0x00000000] window_ms=3004 total=0 WM_SETTINGCHANGE=0 WM_DISPLAYCHANGE=0 WM_THEMECHANGED=0 WM_DWMCOLORIZATIONCOLORCHANGED=0 WM_SYSCOLORCHANGE=0 other=0
2026-10-03T15:16:52.838+08:00 CYCLE n=1387 label=set start=2026-10-03T15:16:49.824+08:00 sets=[mon1=A@+0.5ms/1.7ms/hr=0x00000000] window_ms=3002 total=0 WM_SETTINGCHANGE=0 WM_DISPLAYCHANGE=0 WM_THEMECHANGED=0 WM_DWMCOLORIZATIONCOLORCHANGED=0 WM_SYSCOLORCHANGE=0 other=0
2026-10-03T15:17:02.904+08:00 CYCLE n=1388 label=set start=2026-10-03T15:16:59.893+08:00 sets=[mon1=B@+0.5ms/1.8ms/hr=0x00000000] window_ms=3002 total=0 WM_SETTINGCHANGE=0 WM_DISPLAYCHANGE=0 WM_THEMECHANGED=0 WM_DWMCOLORIZATIONCOLORCHANGED=0 WM_SYSCOLORCHANGE=0 other=0
2026-10-03T15:17:12.871+08:00 CYCLE n=1389 label=set start=2026-10-03T15:17:09.859+08:00 sets=[mon1=A@+0.5ms/1.6ms/hr=0x00000000] window_ms=3002 total=0 WM_SETTINGCHANGE=0 WM_DISPLAYCHANGE=0 WM_THEMECHANGED=0 WM_DWMCOLORIZATIONCOLORCHANGED=0 WM_SYSCOLORCHANGE=0 other=0
2026-10-03T15:17:22.839+08:00 CYCLE n=1390 label=set start=2026-10-03T15:17:19.828+08:00 sets=[mon1=B@+0.5ms/1.7ms/hr=0x00000000] window_ms=3002 total=0 WM_SETTINGCHANGE=0 WM_DISPLAYCHANGE=0 WM_THEMECHANGED=0 WM_DWMCOLORIZATIONCOLORCHANGED=0 WM_SYSCOLORCHANGE=0 other=0
2026-10-03T15:17:32.812+08:00 CYCLE n=1391 label=set start=2026-10-03T15:17:29.800+08:00 sets=[mon1=A@+0.5ms/1.6ms/hr=0x00000000] window_ms=3002 total=0 WM_SETTINGCHANGE=0 WM_DISPLAYCHANGE=0 WM_THEMECHANGED=0 WM_DWMCOLORIZATIONCOLORCHANGED=0 WM_SYSCOLORCHANGE=0 other=0
2026-10-03T15:17:42.873+08:00 CYCLE n=1392 label=set start=2026-10-03T15:17:39.858+08:00 sets=[mon1=B@+1.1ms/2.1ms/hr=0x00000000] window_ms=3004 total=0 WM_SETTINGCHANGE=0 WM_DISPLAYCHANGE=0 WM_THEMECHANGED=0 WM_DWMCOLORIZATIONCOLORCHANGED=0 WM_SYSCOLORCHANGE=0 other=0
2026-10-03T15:17:52.847+08:00 CYCLE n=1393 label=set start=2026-10-03T15:17:49.835+08:00 sets=[mon1=A@+0.3ms/1.6ms/hr=0x00000000] window_ms=3002 total=0 WM_SETTINGCHANGE=0 WM_DISPLAYCHANGE=0 WM_THEMECHANGED=0 WM_DWMCOLORIZATIONCOLORCHANGED=0 WM_SYSCOLORCHANGE=0 other=0
2026-10-03T15:18:02.818+08:00 CYCLE n=1394 label=set start=2026-10-03T15:17:59.804+08:00 sets=[mon1=B@+0.5ms/1.6ms/hr=0x00000000] window_ms=3002 total=0 WM_SETTINGCHANGE=0 WM_DISPLAYCHANGE=0 WM_THEMECHANGED=0 WM_DWMCOLORIZATIONCOLORCHANGED=0 WM_SYSCOLORCHANGE=0 other=0
2026-10-03T15:18:12.894+08:00 CYCLE n=1395 label=set start=2026-10-03T15:18:09.878+08:00 sets=[mon1=A@+0.8ms/2.9ms/hr=0x00000000] window_ms=3004 total=0 WM_SETTINGCHANGE=0 WM_DISPLAYCHANGE=0 WM_THEMECHANGED=0 WM_DWMCOLORIZATIONCOLORCHANGED=0 WM_SYSCOLORCHANGE=0 other=0
2026-10-03T15:18:22.871+08:00 CYCLE n=1396 label=set start=2026-10-03T15:18:19.858+08:00 sets=[mon1=B@+0.7ms/2.1ms/hr=0x00000000] window_ms=3003 total=0 WM_SETTINGCHANGE=0 WM_DISPLAYCHANGE=0 WM_THEMECHANGED=0 WM_DWMCOLORIZATIONCOLORCHANGED=0 WM_SYSCOLORCHANGE=0 other=0
2026-10-03T15:18:32.835+08:00 CYCLE n=1397 label=set start=2026-10-03T15:18:29.818+08:00 sets=[mon1=A@+0.7ms/2.7ms/hr=0x00000000] window_ms=3004 total=0 WM_SETTINGCHANGE=0 WM_DISPLAYCHANGE=0 WM_THEMECHANGED=0 WM_DWMCOLORIZATIONCOLORCHANGED=0 WM_SYSCOLORCHANGE=0 other=0
2026-10-03T15:18:42.907+08:00 CYCLE n=1398 label=set start=2026-10-03T15:18:39.891+08:00 sets=[mon1=B@+1.2ms/2.4ms/hr=0x00000000] window_ms=3004 total=0 WM_SETTINGCHANGE=0 WM_DISPLAYCHANGE=0 WM_THEMECHANGED=0 WM_DWMCOLORIZATIONCOLORCHANGED=0 WM_SYSCOLORCHANGE=0 other=0
2026-10-03T15:18:52.869+08:00 CYCLE n=1399 label=set start=2026-10-03T15:18:49.856+08:00 sets=[mon1=A@+0.4ms/1.8ms/hr=0x00000000] window_ms=3002 total=0 WM_SETTINGCHANGE=0 WM_DISPLAYCHANGE=0 WM_THEMECHANGED=0 WM_DWMCOLORIZATIONCOLORCHANGED=0 WM_SYSCOLORCHANGE=0 other=0
2026-10-03T15:19:02.842+08:00 CYCLE n=1400 label=set start=2026-10-03T15:18:59.829+08:00 sets=[mon1=B@+0.4ms/2.1ms/hr=0x00000000] window_ms=3003 total=0 WM_SETTINGCHANGE=0 WM_DISPLAYCHANGE=0 WM_THEMECHANGED=0 WM_DWMCOLORIZATIONCOLORCHANGED=0 WM_SYSCOLORCHANGE=0 other=0
2026-10-03T15:19:12.910+08:00 CYCLE n=1401 label=set start=2026-10-03T15:19:09.896+08:00 sets=[mon1=A@+0.8ms/2.5ms/hr=0x00000000] window_ms=3004 total=0 WM_SETTINGCHANGE=0 WM_DISPLAYCHANGE=0 WM_THEMECHANGED=0 WM_DWMCOLORIZATIONCOLORCHANGED=0 WM_SYSCOLORCHANGE=0 other=0
2026-10-03T15:19:22.876+08:00 CYCLE n=1402 label=set start=2026-10-03T15:19:19.863+08:00 sets=[mon1=B@+0.7ms/2.2ms/hr=0x00000000] window_ms=3003 total=0 WM_SETTINGCHANGE=0 WM_DISPLAYCHANGE=0 WM_THEMECHANGED=0 WM_DWMCOLORIZATIONCOLORCHANGED=0 WM_SYSCOLORCHANGE=0 other=0
2026-10-03T15:19:32.833+08:00 CYCLE n=1403 label=set start=2026-10-03T15:19:29.820+08:00 sets=[mon1=A@+0.5ms/1.2ms/hr=0x00000000] window_ms=3002 total=0 WM_SETTINGCHANGE=0 WM_DISPLAYCHANGE=0 WM_THEMECHANGED=0 WM_DWMCOLORIZATIONCOLORCHANGED=0 WM_SYSCOLORCHANGE=0 other=0
2026-10-03T15:19:42.905+08:00 CYCLE n=1404 label=set start=2026-10-03T15:19:39.890+08:00 sets=[mon1=B@+0.8ms/2.2ms/hr=0x00000000] window_ms=3003 total=0 WM_SETTINGCHANGE=0 WM_DISPLAYCHANGE=0 WM_THEMECHANGED=0 WM_DWMCOLORIZATIONCOLORCHANGED=0 WM_SYSCOLORCHANGE=0 other=0
2026-10-03T15:19:52.874+08:00 CYCLE n=1405 label=set start=2026-10-03T15:19:49.862+08:00 sets=[mon1=A@+0.5ms/1.5ms/hr=0x00000000] window_ms=3002 total=0 WM_SETTINGCHANGE=0 WM_DISPLAYCHANGE=0 WM_THEMECHANGED=0 WM_DWMCOLORIZATIONCOLORCHANGED=0 WM_SYSCOLORCHANGE=0 other=0
2026-10-03T15:20:02.842+08:00 CYCLE n=1406 label=set start=2026-10-03T15:19:59.831+08:00 sets=[mon1=B@+0.5ms/2.1ms/hr=0x00000000] window_ms=3003 total=0 WM_SETTINGCHANGE=0 WM_DISPLAYCHANGE=0 WM_THEMECHANGED=0 WM_DWMCOLORIZATIONCOLORCHANGED=0 WM_SYSCOLORCHANGE=0 other=0
2026-10-03T15:20:12.908+08:00 CYCLE n=1407 label=set start=2026-10-03T15:20:09.896+08:00 sets=[mon1=A@+0.7ms/2.0ms/hr=0x00000000] window_ms=3003 total=0 WM_SETTINGCHANGE=0 WM_DISPLAYCHANGE=0 WM_THEMECHANGED=0 WM_DWMCOLORIZATIONCOLORCHANGED=0 WM_SYSCOLORCHANGE=0 other=0
2026-10-03T15:20:22.870+08:00 CYCLE n=1408 label=set start=2026-10-03T15:20:19.859+08:00 sets=[mon1=B@+0.7ms/1.5ms/hr=0x00000000] window_ms=3002 total=0 WM_SETTINGCHANGE=0 WM_DISPLAYCHANGE=0 WM_THEMECHANGED=0 WM_DWMCOLORIZATIONCOLORCHANGED=0 WM_SYSCOLORCHANGE=0 other=0
2026-10-03T15:20:32.831+08:00 CYCLE n=1409 label=set start=2026-10-03T15:20:29.820+08:00 sets=[mon1=A@+0.4ms/1.6ms/hr=0x00000000] window_ms=3002 total=0 WM_SETTINGCHANGE=0 WM_DISPLAYCHANGE=0 WM_THEMECHANGED=0 WM_DWMCOLORIZATIONCOLORCHANGED=0 WM_SYSCOLORCHANGE=0 other=0
2026-10-03T15:20:42.897+08:00 CYCLE n=1410 label=set start=2026-10-03T15:20:39.885+08:00 sets=[mon1=B@+0.4ms/1.7ms/hr=0x00000000] window_ms=3002 total=0 WM_SETTINGCHANGE=0 WM_DISPLAYCHANGE=0 WM_THEMECHANGED=0 WM_DWMCOLORIZATIONCOLORCHANGED=0 WM_SYSCOLORCHANGE=0 other=0
2026-10-03T15:20:52.867+08:00 CYCLE n=1411 label=set start=2026-10-03T15:20:49.855+08:00 sets=[mon1=A@+0.4ms/1.4ms/hr=0x00000000] window_ms=3002 total=0 WM_SETTINGCHANGE=0 WM_DISPLAYCHANGE=0 WM_THEMECHANGED=0 WM_DWMCOLORIZATIONCOLORCHANGED=0 WM_SYSCOLORCHANGE=0 other=0
2026-10-03T15:21:02.862+08:00 CYCLE n=1412 label=set start=2026-10-03T15:20:59.851+08:00 sets=[mon1=B@+0.5ms/1.6ms/hr=0x00000000] window_ms=3002 total=0 WM_SETTINGCHANGE=0 WM_DISPLAYCHANGE=0 WM_THEMECHANGED=0 WM_DWMCOLORIZATIONCOLORCHANGED=0 WM_SYSCOLORCHANGE=0 other=0
2026-10-03T15:21:12.831+08:00 CYCLE n=1413 label=set start=2026-10-03T15:21:09.819+08:00 sets=[mon1=A@+0.5ms/1.6ms/hr=0x00000000] window_ms=3002 total=0 WM_SETTINGCHANGE=0 WM_DISPLAYCHANGE=0 WM_THEMECHANGED=0 WM_DWMCOLORIZATIONCOLORCHANGED=0 WM_SYSCOLORCHANGE=0 other=0
2026-10-03T15:21:22.898+08:00 CYCLE n=1414 label=set start=2026-10-03T15:21:19.886+08:00 sets=[mon1=B@+0.4ms/1.5ms/hr=0x00000000] window_ms=3002 total=0 WM_SETTINGCHANGE=0 WM_DISPLAYCHANGE=0 WM_THEMECHANGED=0 WM_DWMCOLORIZATIONCOLORCHANGED=0 WM_SYSCOLORCHANGE=0 other=0
2026-10-03T15:21:32.866+08:00 CYCLE n=1415 label=set start=2026-10-03T15:21:29.852+08:00 sets=[mon1=A@+0.4ms/2.2ms/hr=0x00000000] window_ms=3003 total=0 WM_SETTINGCHANGE=0 WM_DISPLAYCHANGE=0 WM_THEMECHANGED=0 WM_DWMCOLORIZATIONCOLORCHANGED=0 WM_SYSCOLORCHANGE=0 other=0
2026-10-03T15:21:42.832+08:00 CYCLE n=1416 label=set start=2026-10-03T15:21:39.819+08:00 sets=[mon1=B@+0.5ms/1.7ms/hr=0x00000000] window_ms=3002 total=0 WM_SETTINGCHANGE=0 WM_DISPLAYCHANGE=0 WM_THEMECHANGED=0 WM_DWMCOLORIZATIONCOLORCHANGED=0 WM_SYSCOLORCHANGE=0 other=0
2026-10-03T15:21:52.889+08:00 CYCLE n=1417 label=set start=2026-10-03T15:21:49.876+08:00 sets=[mon1=A@+0.8ms/2.7ms/hr=0x00000000] window_ms=3004 total=0 WM_SETTINGCHANGE=0 WM_DISPLAYCHANGE=0 WM_THEMECHANGED=0 WM_DWMCOLORIZATIONCOLORCHANGED=0 WM_SYSCOLORCHANGE=0 other=0
2026-10-03T15:22:02.849+08:00 CYCLE n=1418 label=set start=2026-10-03T15:21:59.837+08:00 sets=[mon1=B@+0.9ms/2.1ms/hr=0x00000000] window_ms=3003 total=0 WM_SETTINGCHANGE=0 WM_DISPLAYCHANGE=0 WM_THEMECHANGED=0 WM_DWMCOLORIZATIONCOLORCHANGED=0 WM_SYSCOLORCHANGE=0 other=0
2026-10-03T15:22:12.818+08:00 CYCLE n=1419 label=set start=2026-10-03T15:22:09.806+08:00 sets=[mon1=A@+0.6ms/1.9ms/hr=0x00000000] window_ms=3003 total=0 WM_SETTINGCHANGE=0 WM_DISPLAYCHANGE=0 WM_THEMECHANGED=0 WM_DWMCOLORIZATIONCOLORCHANGED=0 WM_SYSCOLORCHANGE=0 other=0
2026-10-03T15:22:22.876+08:00 CYCLE n=1420 label=set start=2026-10-03T15:22:19.864+08:00 sets=[mon1=B@+0.4ms/1.7ms/hr=0x00000000] window_ms=3002 total=0 WM_SETTINGCHANGE=0 WM_DISPLAYCHANGE=0 WM_THEMECHANGED=0 WM_DWMCOLORIZATIONCOLORCHANGED=0 WM_SYSCOLORCHANGE=0 other=0
2026-10-03T15:22:32.844+08:00 CYCLE n=1421 label=set start=2026-10-03T15:22:29.832+08:00 sets=[mon1=A@+0.4ms/2.1ms/hr=0x00000000] window_ms=3003 total=0 WM_SETTINGCHANGE=0 WM_DISPLAYCHANGE=0 WM_THEMECHANGED=0 WM_DWMCOLORIZATIONCOLORCHANGED=0 WM_SYSCOLORCHANGE=0 other=0
2026-10-03T15:22:42.901+08:00 CYCLE n=1422 label=set start=2026-10-03T15:22:39.891+08:00 sets=[mon1=B@+0.6ms/1.3ms/hr=0x00000000] window_ms=3002 total=0 WM_SETTINGCHANGE=0 WM_DISPLAYCHANGE=0 WM_THEMECHANGED=0 WM_DWMCOLORIZATIONCOLORCHANGED=0 WM_SYSCOLORCHANGE=0 other=0
2026-10-03T15:22:52.870+08:00 CYCLE n=1423 label=set start=2026-10-03T15:22:49.859+08:00 sets=[mon1=A@+0.4ms/1.4ms/hr=0x00000000] window_ms=3002 total=0 WM_SETTINGCHANGE=0 WM_DISPLAYCHANGE=0 WM_THEMECHANGED=0 WM_DWMCOLORIZATIONCOLORCHANGED=0 WM_SYSCOLORCHANGE=0 other=0
2026-10-03T15:23:02.840+08:00 CYCLE n=1424 label=set start=2026-10-03T15:22:59.829+08:00 sets=[mon1=B@+0.6ms/1.3ms/hr=0x00000000] window_ms=3002 total=0 WM_SETTINGCHANGE=0 WM_DISPLAYCHANGE=0 WM_THEMECHANGED=0 WM_DWMCOLORIZATIONCOLORCHANGED=0 WM_SYSCOLORCHANGE=0 other=0
2026-10-03T15:23:12.908+08:00 CYCLE n=1425 label=set start=2026-10-03T15:23:09.895+08:00 sets=[mon1=A@+0.5ms/1.7ms/hr=0x00000000] window_ms=3002 total=0 WM_SETTINGCHANGE=0 WM_DISPLAYCHANGE=0 WM_THEMECHANGED=0 WM_DWMCOLORIZATIONCOLORCHANGED=0 WM_SYSCOLORCHANGE=0 other=0
2026-10-03T15:23:22.879+08:00 CYCLE n=1426 label=set start=2026-10-03T15:23:19.867+08:00 sets=[mon1=B@+0.4ms/1.7ms/hr=0x00000000] window_ms=3002 total=0 WM_SETTINGCHANGE=0 WM_DISPLAYCHANGE=0 WM_THEMECHANGED=0 WM_DWMCOLORIZATIONCOLORCHANGED=0 WM_SYSCOLORCHANGE=0 other=0
2026-10-03T15:23:32.853+08:00 CYCLE n=1427 label=set start=2026-10-03T15:23:29.838+08:00 sets=[mon1=A@+0.7ms/2.4ms/hr=0x00000000] window_ms=3004 total=0 WM_SETTINGCHANGE=0 WM_DISPLAYCHANGE=0 WM_THEMECHANGED=0 WM_DWMCOLORIZATIONCOLORCHANGED=0 WM_SYSCOLORCHANGE=0 other=0
2026-10-03T15:23:42.822+08:00 CYCLE n=1428 label=set start=2026-10-03T15:23:39.809+08:00 sets=[mon1=B@+0.4ms/1.5ms/hr=0x00000000] window_ms=3002 total=0 WM_SETTINGCHANGE=0 WM_DISPLAYCHANGE=0 WM_THEMECHANGED=0 WM_DWMCOLORIZATIONCOLORCHANGED=0 WM_SYSCOLORCHANGE=0 other=0
2026-10-03T15:23:52.894+08:00 CYCLE n=1429 label=set start=2026-10-03T15:23:49.881+08:00 sets=[mon1=A@+0.3ms/1.6ms/hr=0x00000000] window_ms=3002 total=0 WM_SETTINGCHANGE=0 WM_DISPLAYCHANGE=0 WM_THEMECHANGED=0 WM_DWMCOLORIZATIONCOLORCHANGED=0 WM_SYSCOLORCHANGE=0 other=0
2026-10-03T15:24:02.864+08:00 CYCLE n=1430 label=set start=2026-10-03T15:23:59.851+08:00 sets=[mon1=B@+0.4ms/1.8ms/hr=0x00000000] window_ms=3003 total=0 WM_SETTINGCHANGE=0 WM_DISPLAYCHANGE=0 WM_THEMECHANGED=0 WM_DWMCOLORIZATIONCOLORCHANGED=0 WM_SYSCOLORCHANGE=0 other=0
2026-10-03T15:24:12.829+08:00 CYCLE n=1431 label=set start=2026-10-03T15:24:09.817+08:00 sets=[mon1=A@+0.5ms/1.3ms/hr=0x00000000] window_ms=3002 total=0 WM_SETTINGCHANGE=0 WM_DISPLAYCHANGE=0 WM_THEMECHANGED=0 WM_DWMCOLORIZATIONCOLORCHANGED=0 WM_SYSCOLORCHANGE=0 other=0
2026-10-03T15:24:22.897+08:00 CYCLE n=1432 label=set start=2026-10-03T15:24:19.882+08:00 sets=[mon1=B@+0.5ms/2.4ms/hr=0x00000000] window_ms=3003 total=0 WM_SETTINGCHANGE=0 WM_DISPLAYCHANGE=0 WM_THEMECHANGED=0 WM_DWMCOLORIZATIONCOLORCHANGED=0 WM_SYSCOLORCHANGE=0 other=0
2026-10-03T15:24:32.870+08:00 CYCLE n=1433 label=set start=2026-10-03T15:24:29.858+08:00 sets=[mon1=A@+0.4ms/1.9ms/hr=0x00000000] window_ms=3003 total=0 WM_SETTINGCHANGE=0 WM_DISPLAYCHANGE=0 WM_THEMECHANGED=0 WM_DWMCOLORIZATIONCOLORCHANGED=0 WM_SYSCOLORCHANGE=0 other=0
2026-10-03T15:24:42.834+08:00 CYCLE n=1434 label=set start=2026-10-03T15:24:39.821+08:00 sets=[mon1=B@+0.4ms/1.6ms/hr=0x00000000] window_ms=3002 total=0 WM_SETTINGCHANGE=0 WM_DISPLAYCHANGE=0 WM_THEMECHANGED=0 WM_DWMCOLORIZATIONCOLORCHANGED=0 WM_SYSCOLORCHANGE=0 other=0
2026-10-03T15:24:52.903+08:00 CYCLE n=1435 label=set start=2026-10-03T15:24:49.887+08:00 sets=[mon1=A@+0.8ms/3.1ms/hr=0x00000000] window_ms=3004 total=0 WM_SETTINGCHANGE=0 WM_DISPLAYCHANGE=0 WM_THEMECHANGED=0 WM_DWMCOLORIZATIONCOLORCHANGED=0 WM_SYSCOLORCHANGE=0 other=0
2026-10-03T15:25:02.865+08:00 CYCLE n=1436 label=set start=2026-10-03T15:24:59.852+08:00 sets=[mon1=B@+0.4ms/1.7ms/hr=0x00000000] window_ms=3002 total=0 WM_SETTINGCHANGE=0 WM_DISPLAYCHANGE=0 WM_THEMECHANGED=0 WM_DWMCOLORIZATIONCOLORCHANGED=0 WM_SYSCOLORCHANGE=0 other=0
2026-10-03T15:25:12.831+08:00 CYCLE n=1437 label=set start=2026-10-03T15:25:09.820+08:00 sets=[mon1=A@+0.4ms/1.9ms/hr=0x00000000] window_ms=3002 total=0 WM_SETTINGCHANGE=0 WM_DISPLAYCHANGE=0 WM_THEMECHANGED=0 WM_DWMCOLORIZATIONCOLORCHANGED=0 WM_SYSCOLORCHANGE=0 other=0
2026-10-03T15:25:22.907+08:00 CYCLE n=1438 label=set start=2026-10-03T15:25:19.893+08:00 sets=[mon1=B@+0.8ms/1.5ms/hr=0x00000000] window_ms=3003 total=0 WM_SETTINGCHANGE=0 WM_DISPLAYCHANGE=0 WM_THEMECHANGED=0 WM_DWMCOLORIZATIONCOLORCHANGED=0 WM_SYSCOLORCHANGE=0 other=0
2026-10-03T15:25:32.870+08:00 CYCLE n=1439 label=set start=2026-10-03T15:25:29.858+08:00 sets=[mon1=A@+0.4ms/1.5ms/hr=0x00000000] window_ms=3002 total=0 WM_SETTINGCHANGE=0 WM_DISPLAYCHANGE=0 WM_THEMECHANGED=0 WM_DWMCOLORIZATIONCOLORCHANGED=0 WM_SYSCOLORCHANGE=0 other=0
2026-10-03T15:25:42.832+08:00 CYCLE n=1440 label=set start=2026-10-03T15:25:39.820+08:00 sets=[mon1=B@+0.4ms/1.7ms/hr=0x00000000] window_ms=3002 total=0 WM_SETTINGCHANGE=0 WM_DISPLAYCHANGE=0 WM_THEMECHANGED=0 WM_DWMCOLORIZATIONCOLORCHANGED=0 WM_SYSCOLORCHANGE=0 other=0
2026-10-03T15:25:52.901+08:00 CYCLE n=1441 label=set start=2026-10-03T15:25:49.889+08:00 sets=[mon1=A@+0.5ms/2.1ms/hr=0x00000000] window_ms=3003 total=0 WM_SETTINGCHANGE=0 WM_DISPLAYCHANGE=0 WM_THEMECHANGED=0 WM_DWMCOLORIZATIONCOLORCHANGED=0 WM_SYSCOLORCHANGE=0 other=0
2026-10-03T15:26:02.870+08:00 CYCLE n=1442 label=set start=2026-10-03T15:25:59.856+08:00 sets=[mon1=B@+0.4ms/1.8ms/hr=0x00000000] window_ms=3003 total=0 WM_SETTINGCHANGE=0 WM_DISPLAYCHANGE=0 WM_THEMECHANGED=0 WM_DWMCOLORIZATIONCOLORCHANGED=0 WM_SYSCOLORCHANGE=0 other=0
2026-10-03T15:26:12.838+08:00 CYCLE n=1443 label=set start=2026-10-03T15:26:09.825+08:00 sets=[mon1=A@+1.0ms/2.0ms/hr=0x00000000] window_ms=3003 total=0 WM_SETTINGCHANGE=0 WM_DISPLAYCHANGE=0 WM_THEMECHANGED=0 WM_DWMCOLORIZATIONCOLORCHANGED=0 WM_SYSCOLORCHANGE=0 other=0
2026-10-03T15:26:22.907+08:00 CYCLE n=1444 label=set start=2026-10-03T15:26:19.893+08:00 sets=[mon1=B@+0.7ms/2.3ms/hr=0x00000000] window_ms=3003 total=0 WM_SETTINGCHANGE=0 WM_DISPLAYCHANGE=0 WM_THEMECHANGED=0 WM_DWMCOLORIZATIONCOLORCHANGED=0 WM_SYSCOLORCHANGE=0 other=0
2026-10-03T15:26:32.880+08:00 CYCLE n=1445 label=set start=2026-10-03T15:26:29.866+08:00 sets=[mon1=A@+0.8ms/2.1ms/hr=0x00000000] window_ms=3003 total=0 WM_SETTINGCHANGE=0 WM_DISPLAYCHANGE=0 WM_THEMECHANGED=0 WM_DWMCOLORIZATIONCOLORCHANGED=0 WM_SYSCOLORCHANGE=0 other=0
2026-10-03T15:26:42.845+08:00 CYCLE n=1446 label=set start=2026-10-03T15:26:39.833+08:00 sets=[mon1=B@+0.4ms/1.4ms/hr=0x00000000] window_ms=3002 total=0 WM_SETTINGCHANGE=0 WM_DISPLAYCHANGE=0 WM_THEMECHANGED=0 WM_DWMCOLORIZATIONCOLORCHANGED=0 WM_SYSCOLORCHANGE=0 other=0
2026-10-03T15:26:52.819+08:00 CYCLE n=1447 label=set start=2026-10-03T15:26:49.806+08:00 sets=[mon1=A@+0.4ms/1.8ms/hr=0x00000000] window_ms=3002 total=0 WM_SETTINGCHANGE=0 WM_DISPLAYCHANGE=0 WM_THEMECHANGED=0 WM_DWMCOLORIZATIONCOLORCHANGED=0 WM_SYSCOLORCHANGE=0 other=0
2026-10-03T15:27:02.896+08:00 CYCLE n=1448 label=set start=2026-10-03T15:26:59.883+08:00 sets=[mon1=B@+0.4ms/1.9ms/hr=0x00000000] window_ms=3003 total=0 WM_SETTINGCHANGE=0 WM_DISPLAYCHANGE=0 WM_THEMECHANGED=0 WM_DWMCOLORIZATIONCOLORCHANGED=0 WM_SYSCOLORCHANGE=0 other=0
2026-10-03T15:27:12.858+08:00 CYCLE n=1449 label=set start=2026-10-03T15:27:09.844+08:00 sets=[mon1=A@+0.4ms/2.0ms/hr=0x00000000] window_ms=3003 total=0 WM_SETTINGCHANGE=0 WM_DISPLAYCHANGE=0 WM_THEMECHANGED=0 WM_DWMCOLORIZATIONCOLORCHANGED=0 WM_SYSCOLORCHANGE=0 other=0
2026-10-03T15:27:22.828+08:00 CYCLE n=1450 label=set start=2026-10-03T15:27:19.817+08:00 sets=[mon1=B@+0.4ms/1.8ms/hr=0x00000000] window_ms=3002 total=0 WM_SETTINGCHANGE=0 WM_DISPLAYCHANGE=0 WM_THEMECHANGED=0 WM_DWMCOLORIZATIONCOLORCHANGED=0 WM_SYSCOLORCHANGE=0 other=0
2026-10-03T15:27:32.892+08:00 CYCLE n=1451 label=set start=2026-10-03T15:27:29.879+08:00 sets=[mon1=A@+0.4ms/1.6ms/hr=0x00000000] window_ms=3002 total=0 WM_SETTINGCHANGE=0 WM_DISPLAYCHANGE=0 WM_THEMECHANGED=0 WM_DWMCOLORIZATIONCOLORCHANGED=0 WM_SYSCOLORCHANGE=0 other=0
2026-10-03T15:27:42.860+08:00 CYCLE n=1452 label=set start=2026-10-03T15:27:39.848+08:00 sets=[mon1=B@+0.4ms/1.2ms/hr=0x00000000] window_ms=3002 total=0 WM_SETTINGCHANGE=0 WM_DISPLAYCHANGE=0 WM_THEMECHANGED=0 WM_DWMCOLORIZATIONCOLORCHANGED=0 WM_SYSCOLORCHANGE=0 other=0
2026-10-03T15:27:52.821+08:00 CYCLE n=1453 label=set start=2026-10-03T15:27:49.808+08:00 sets=[mon1=A@+0.5ms/1.7ms/hr=0x00000000] window_ms=3002 total=0 WM_SETTINGCHANGE=0 WM_DISPLAYCHANGE=0 WM_THEMECHANGED=0 WM_DWMCOLORIZATIONCOLORCHANGED=0 WM_SYSCOLORCHANGE=0 other=0
2026-10-03T15:28:02.891+08:00 CYCLE n=1454 label=set start=2026-10-03T15:27:59.878+08:00 sets=[mon1=B@+0.6ms/2.1ms/hr=0x00000000] window_ms=3003 total=0 WM_SETTINGCHANGE=0 WM_DISPLAYCHANGE=0 WM_THEMECHANGED=0 WM_DWMCOLORIZATIONCOLORCHANGED=0 WM_SYSCOLORCHANGE=0 other=0
2026-10-03T15:28:12.859+08:00 CYCLE n=1455 label=set start=2026-10-03T15:28:09.847+08:00 sets=[mon1=A@+0.4ms/1.4ms/hr=0x00000000] window_ms=3002 total=0 WM_SETTINGCHANGE=0 WM_DISPLAYCHANGE=0 WM_THEMECHANGED=0 WM_DWMCOLORIZATIONCOLORCHANGED=0 WM_SYSCOLORCHANGE=0 other=0
2026-10-03T15:28:22.822+08:00 CYCLE n=1456 label=set start=2026-10-03T15:28:19.810+08:00 sets=[mon1=B@+0.7ms/1.4ms/hr=0x00000000] window_ms=3002 total=0 WM_SETTINGCHANGE=0 WM_DISPLAYCHANGE=0 WM_THEMECHANGED=0 WM_DWMCOLORIZATIONCOLORCHANGED=0 WM_SYSCOLORCHANGE=0 other=0
2026-10-03T15:28:32.889+08:00 CYCLE n=1457 label=set start=2026-10-03T15:28:29.878+08:00 sets=[mon1=A@+0.4ms/1.3ms/hr=0x00000000] window_ms=3002 total=0 WM_SETTINGCHANGE=0 WM_DISPLAYCHANGE=0 WM_THEMECHANGED=0 WM_DWMCOLORIZATIONCOLORCHANGED=0 WM_SYSCOLORCHANGE=0 other=0
2026-10-03T15:28:42.853+08:00 CYCLE n=1458 label=set start=2026-10-03T15:28:39.841+08:00 sets=[mon1=B@+0.4ms/1.8ms/hr=0x00000000] window_ms=3002 total=0 WM_SETTINGCHANGE=0 WM_DISPLAYCHANGE=0 WM_THEMECHANGED=0 WM_DWMCOLORIZATIONCOLORCHANGED=0 WM_SYSCOLORCHANGE=0 other=0
2026-10-03T15:28:52.824+08:00 CYCLE n=1459 label=set start=2026-10-03T15:28:49.810+08:00 sets=[mon1=A@+0.8ms/1.9ms/hr=0x00000000] window_ms=3003 total=0 WM_SETTINGCHANGE=0 WM_DISPLAYCHANGE=0 WM_THEMECHANGED=0 WM_DWMCOLORIZATIONCOLORCHANGED=0 WM_SYSCOLORCHANGE=0 other=0
2026-10-03T15:29:02.885+08:00 CYCLE n=1460 label=set start=2026-10-03T15:28:59.871+08:00 sets=[mon1=B@+0.7ms/2.3ms/hr=0x00000000] window_ms=3003 total=0 WM_SETTINGCHANGE=0 WM_DISPLAYCHANGE=0 WM_THEMECHANGED=0 WM_DWMCOLORIZATIONCOLORCHANGED=0 WM_SYSCOLORCHANGE=0 other=0
2026-10-03T15:29:12.847+08:00 CYCLE n=1461 label=set start=2026-10-03T15:29:09.833+08:00 sets=[mon1=A@+0.7ms/2.3ms/hr=0x00000000] window_ms=3003 total=0 WM_SETTINGCHANGE=0 WM_DISPLAYCHANGE=0 WM_THEMECHANGED=0 WM_DWMCOLORIZATIONCOLORCHANGED=0 WM_SYSCOLORCHANGE=0 other=0
2026-10-03T15:29:22.912+08:00 CYCLE n=1462 label=set start=2026-10-03T15:29:19.899+08:00 sets=[mon1=B@+0.4ms/1.9ms/hr=0x00000000] window_ms=3003 total=0 WM_SETTINGCHANGE=0 WM_DISPLAYCHANGE=0 WM_THEMECHANGED=0 WM_DWMCOLORIZATIONCOLORCHANGED=0 WM_SYSCOLORCHANGE=0 other=0
2026-10-03T15:29:32.877+08:00 CYCLE n=1463 label=set start=2026-10-03T15:29:29.864+08:00 sets=[mon1=A@+0.9ms/2.2ms/hr=0x00000000] window_ms=3003 total=0 WM_SETTINGCHANGE=0 WM_DISPLAYCHANGE=0 WM_THEMECHANGED=0 WM_DWMCOLORIZATIONCOLORCHANGED=0 WM_SYSCOLORCHANGE=0 other=0
2026-10-03T15:29:42.848+08:00 CYCLE n=1464 label=set start=2026-10-03T15:29:39.832+08:00 sets=[mon1=B@+1.0ms/2.5ms/hr=0x00000000] window_ms=3004 total=0 WM_SETTINGCHANGE=0 WM_DISPLAYCHANGE=0 WM_THEMECHANGED=0 WM_DWMCOLORIZATIONCOLORCHANGED=0 WM_SYSCOLORCHANGE=0 other=0
2026-10-03T15:29:52.818+08:00 CYCLE n=1465 label=set start=2026-10-03T15:29:49.802+08:00 sets=[mon1=A@+1.1ms/3.2ms/hr=0x00000000] window_ms=3005 total=0 WM_SETTINGCHANGE=0 WM_DISPLAYCHANGE=0 WM_THEMECHANGED=0 WM_DWMCOLORIZATIONCOLORCHANGED=0 WM_SYSCOLORCHANGE=0 other=0
2026-10-03T15:30:02.884+08:00 CYCLE n=1466 label=set start=2026-10-03T15:29:59.871+08:00 sets=[mon1=B@+0.5ms/1.3ms/hr=0x00000000] window_ms=3002 total=0 WM_SETTINGCHANGE=0 WM_DISPLAYCHANGE=0 WM_THEMECHANGED=0 WM_DWMCOLORIZATIONCOLORCHANGED=0 WM_SYSCOLORCHANGE=0 other=0
2026-10-03T15:30:12.843+08:00 CYCLE n=1467 label=set start=2026-10-03T15:30:09.829+08:00 sets=[mon1=A@+0.7ms/2.1ms/hr=0x00000000] window_ms=3003 total=0 WM_SETTINGCHANGE=0 WM_DISPLAYCHANGE=0 WM_THEMECHANGED=0 WM_DWMCOLORIZATIONCOLORCHANGED=0 WM_SYSCOLORCHANGE=0 other=0
2026-10-03T15:30:22.816+08:00 CYCLE n=1468 label=set start=2026-10-03T15:30:19.803+08:00 sets=[mon1=B@+0.6ms/1.8ms/hr=0x00000000] window_ms=3003 total=0 WM_SETTINGCHANGE=0 WM_DISPLAYCHANGE=0 WM_THEMECHANGED=0 WM_DWMCOLORIZATIONCOLORCHANGED=0 WM_SYSCOLORCHANGE=0 other=0
2026-10-03T15:30:32.898+08:00 CYCLE n=1469 label=set start=2026-10-03T15:30:29.886+08:00 sets=[mon1=A@+0.4ms/2.2ms/hr=0x00000000] window_ms=3003 total=0 WM_SETTINGCHANGE=0 WM_DISPLAYCHANGE=0 WM_THEMECHANGED=0 WM_DWMCOLORIZATIONCOLORCHANGED=0 WM_SYSCOLORCHANGE=0 other=0
2026-10-03T15:30:42.856+08:00 CYCLE n=1470 label=set start=2026-10-03T15:30:39.844+08:00 sets=[mon1=B@+0.5ms/1.7ms/hr=0x00000000] window_ms=3002 total=0 WM_SETTINGCHANGE=0 WM_DISPLAYCHANGE=0 WM_THEMECHANGED=0 WM_DWMCOLORIZATIONCOLORCHANGED=0 WM_SYSCOLORCHANGE=0 other=0
2026-10-03T15:30:52.817+08:00 CYCLE n=1471 label=set start=2026-10-03T15:30:49.805+08:00 sets=[mon1=A@+0.7ms/1.6ms/hr=0x00000000] window_ms=3003 total=0 WM_SETTINGCHANGE=0 WM_DISPLAYCHANGE=0 WM_THEMECHANGED=0 WM_DWMCOLORIZATIONCOLORCHANGED=0 WM_SYSCOLORCHANGE=0 other=0
2026-10-03T15:31:02.888+08:00 CYCLE n=1472 label=set start=2026-10-03T15:30:59.874+08:00 sets=[mon1=B@+0.4ms/1.8ms/hr=0x00000000] window_ms=3002 total=0 WM_SETTINGCHANGE=0 WM_DISPLAYCHANGE=0 WM_THEMECHANGED=0 WM_DWMCOLORIZATIONCOLORCHANGED=0 WM_SYSCOLORCHANGE=0 other=0
2026-10-03T15:31:12.850+08:00 CYCLE n=1473 label=set start=2026-10-03T15:31:09.835+08:00 sets=[mon1=A@+0.6ms/2.4ms/hr=0x00000000] window_ms=3003 total=0 WM_SETTINGCHANGE=0 WM_DISPLAYCHANGE=0 WM_THEMECHANGED=0 WM_DWMCOLORIZATIONCOLORCHANGED=0 WM_SYSCOLORCHANGE=0 other=0
2026-10-03T15:31:22.822+08:00 CYCLE n=1474 label=set start=2026-10-03T15:31:19.810+08:00 sets=[mon1=B@+0.4ms/2.0ms/hr=0x00000000] window_ms=3003 total=0 WM_SETTINGCHANGE=0 WM_DISPLAYCHANGE=0 WM_THEMECHANGED=0 WM_DWMCOLORIZATIONCOLORCHANGED=0 WM_SYSCOLORCHANGE=0 other=0
2026-10-03T15:31:32.877+08:00 CYCLE n=1475 label=set start=2026-10-03T15:31:29.864+08:00 sets=[mon1=A@+0.4ms/1.9ms/hr=0x00000000] window_ms=3003 total=0 WM_SETTINGCHANGE=0 WM_DISPLAYCHANGE=0 WM_THEMECHANGED=0 WM_DWMCOLORIZATIONCOLORCHANGED=0 WM_SYSCOLORCHANGE=0 other=0
2026-10-03T15:31:42.844+08:00 CYCLE n=1476 label=set start=2026-10-03T15:31:39.831+08:00 sets=[mon1=B@+0.4ms/2.2ms/hr=0x00000000] window_ms=3003 total=0 WM_SETTINGCHANGE=0 WM_DISPLAYCHANGE=0 WM_THEMECHANGED=0 WM_DWMCOLORIZATIONCOLORCHANGED=0 WM_SYSCOLORCHANGE=0 other=0
2026-10-03T15:31:52.815+08:00 CYCLE n=1477 label=set start=2026-10-03T15:31:49.803+08:00 sets=[mon1=A@+0.5ms/1.4ms/hr=0x00000000] window_ms=3002 total=0 WM_SETTINGCHANGE=0 WM_DISPLAYCHANGE=0 WM_THEMECHANGED=0 WM_DWMCOLORIZATIONCOLORCHANGED=0 WM_SYSCOLORCHANGE=0 other=0
2026-10-03T15:32:02.873+08:00 CYCLE n=1478 label=set start=2026-10-03T15:31:59.859+08:00 sets=[mon1=B@+1.0ms/3.2ms/hr=0x00000000] window_ms=3005 total=0 WM_SETTINGCHANGE=0 WM_DISPLAYCHANGE=0 WM_THEMECHANGED=0 WM_DWMCOLORIZATIONCOLORCHANGED=0 WM_SYSCOLORCHANGE=0 other=0
2026-10-03T15:32:12.832+08:00 CYCLE n=1479 label=set start=2026-10-03T15:32:09.818+08:00 sets=[mon1=A@+0.8ms/2.4ms/hr=0x00000000] window_ms=3004 total=0 WM_SETTINGCHANGE=0 WM_DISPLAYCHANGE=0 WM_THEMECHANGED=0 WM_DWMCOLORIZATIONCOLORCHANGED=0 WM_SYSCOLORCHANGE=0 other=0
2026-10-03T15:32:22.895+08:00 CYCLE n=1480 label=set start=2026-10-03T15:32:19.882+08:00 sets=[mon1=B@+0.7ms/2.4ms/hr=0x00000000] window_ms=3003 total=0 WM_SETTINGCHANGE=0 WM_DISPLAYCHANGE=0 WM_THEMECHANGED=0 WM_DWMCOLORIZATIONCOLORCHANGED=0 WM_SYSCOLORCHANGE=0 other=0
2026-10-03T15:32:32.853+08:00 CYCLE n=1481 label=set start=2026-10-03T15:32:29.840+08:00 sets=[mon1=A@+0.5ms/1.7ms/hr=0x00000000] window_ms=3003 total=0 WM_SETTINGCHANGE=0 WM_DISPLAYCHANGE=0 WM_THEMECHANGED=0 WM_DWMCOLORIZATIONCOLORCHANGED=0 WM_SYSCOLORCHANGE=0 other=0
2026-10-03T15:32:42.824+08:00 CYCLE n=1482 label=set start=2026-10-03T15:32:39.812+08:00 sets=[mon1=B@+0.6ms/1.6ms/hr=0x00000000] window_ms=3002 total=0 WM_SETTINGCHANGE=0 WM_DISPLAYCHANGE=0 WM_THEMECHANGED=0 WM_DWMCOLORIZATIONCOLORCHANGED=0 WM_SYSCOLORCHANGE=0 other=0
2026-10-03T15:32:52.893+08:00 CYCLE n=1483 label=set start=2026-10-03T15:32:49.881+08:00 sets=[mon1=A@+0.5ms/1.5ms/hr=0x00000000] window_ms=3002 total=0 WM_SETTINGCHANGE=0 WM_DISPLAYCHANGE=0 WM_THEMECHANGED=0 WM_DWMCOLORIZATIONCOLORCHANGED=0 WM_SYSCOLORCHANGE=0 other=0
2026-10-03T15:33:02.854+08:00 CYCLE n=1484 label=set start=2026-10-03T15:32:59.841+08:00 sets=[mon1=B@+0.5ms/1.8ms/hr=0x00000000] window_ms=3003 total=0 WM_SETTINGCHANGE=0 WM_DISPLAYCHANGE=0 WM_THEMECHANGED=0 WM_DWMCOLORIZATIONCOLORCHANGED=0 WM_SYSCOLORCHANGE=0 other=0
2026-10-03T15:33:12.824+08:00 CYCLE n=1485 label=set start=2026-10-03T15:33:09.812+08:00 sets=[mon1=A@+0.4ms/1.7ms/hr=0x00000000] window_ms=3002 total=0 WM_SETTINGCHANGE=0 WM_DISPLAYCHANGE=0 WM_THEMECHANGED=0 WM_DWMCOLORIZATIONCOLORCHANGED=0 WM_SYSCOLORCHANGE=0 other=0
2026-10-03T15:33:22.896+08:00 CYCLE n=1486 label=set start=2026-10-03T15:33:19.883+08:00 sets=[mon1=B@+0.6ms/1.9ms/hr=0x00000000] window_ms=3003 total=0 WM_SETTINGCHANGE=0 WM_DISPLAYCHANGE=0 WM_THEMECHANGED=0 WM_DWMCOLORIZATIONCOLORCHANGED=0 WM_SYSCOLORCHANGE=0 other=0
2026-10-03T15:33:32.868+08:00 CYCLE n=1487 label=set start=2026-10-03T15:33:29.856+08:00 sets=[mon1=A@+0.6ms/1.4ms/hr=0x00000000] window_ms=3002 total=0 WM_SETTINGCHANGE=0 WM_DISPLAYCHANGE=0 WM_THEMECHANGED=0 WM_DWMCOLORIZATIONCOLORCHANGED=0 WM_SYSCOLORCHANGE=0 other=0
2026-10-03T15:33:42.825+08:00 CYCLE n=1488 label=set start=2026-10-03T15:33:39.815+08:00 sets=[mon1=B@+0.8ms/1.3ms/hr=0x00000000] window_ms=3002 total=0 WM_SETTINGCHANGE=0 WM_DISPLAYCHANGE=0 WM_THEMECHANGED=0 WM_DWMCOLORIZATIONCOLORCHANGED=0 WM_SYSCOLORCHANGE=0 other=0
2026-10-03T15:33:52.894+08:00 CYCLE n=1489 label=set start=2026-10-03T15:33:49.882+08:00 sets=[mon1=A@+0.5ms/1.8ms/hr=0x00000000] window_ms=3002 total=0 WM_SETTINGCHANGE=0 WM_DISPLAYCHANGE=0 WM_THEMECHANGED=0 WM_DWMCOLORIZATIONCOLORCHANGED=0 WM_SYSCOLORCHANGE=0 other=0
2026-10-03T15:34:02.854+08:00 CYCLE n=1490 label=set start=2026-10-03T15:33:59.843+08:00 sets=[mon1=B@+0.5ms/1.7ms/hr=0x00000000] window_ms=3002 total=0 WM_SETTINGCHANGE=0 WM_DISPLAYCHANGE=0 WM_THEMECHANGED=0 WM_DWMCOLORIZATIONCOLORCHANGED=0 WM_SYSCOLORCHANGE=0 other=0
2026-10-03T15:34:12.817+08:00 CYCLE n=1491 label=set start=2026-10-03T15:34:09.806+08:00 sets=[mon1=A@+0.4ms/1.4ms/hr=0x00000000] window_ms=3002 total=0 WM_SETTINGCHANGE=0 WM_DISPLAYCHANGE=0 WM_THEMECHANGED=0 WM_DWMCOLORIZATIONCOLORCHANGED=0 WM_SYSCOLORCHANGE=0 other=0
2026-10-03T15:34:22.883+08:00 CYCLE n=1492 label=set start=2026-10-03T15:34:19.868+08:00 sets=[mon1=B@+0.7ms/2.3ms/hr=0x00000000] window_ms=3003 total=0 WM_SETTINGCHANGE=0 WM_DISPLAYCHANGE=0 WM_THEMECHANGED=0 WM_DWMCOLORIZATIONCOLORCHANGED=0 WM_SYSCOLORCHANGE=0 other=0
2026-10-03T15:34:32.848+08:00 CYCLE n=1493 label=set start=2026-10-03T15:34:29.835+08:00 sets=[mon1=A@+0.5ms/2.0ms/hr=0x00000000] window_ms=3003 total=0 WM_SETTINGCHANGE=0 WM_DISPLAYCHANGE=0 WM_THEMECHANGED=0 WM_DWMCOLORIZATIONCOLORCHANGED=0 WM_SYSCOLORCHANGE=0 other=0
2026-10-03T15:34:42.821+08:00 CYCLE n=1494 label=set start=2026-10-03T15:34:39.808+08:00 sets=[mon1=B@+0.5ms/1.6ms/hr=0x00000000] window_ms=3003 total=0 WM_SETTINGCHANGE=0 WM_DISPLAYCHANGE=0 WM_THEMECHANGED=0 WM_DWMCOLORIZATIONCOLORCHANGED=0 WM_SYSCOLORCHANGE=0 other=0
2026-10-03T15:34:52.890+08:00 CYCLE n=1495 label=set start=2026-10-03T15:34:49.876+08:00 sets=[mon1=A@+0.8ms/2.2ms/hr=0x00000000] window_ms=3003 total=0 WM_SETTINGCHANGE=0 WM_DISPLAYCHANGE=0 WM_THEMECHANGED=0 WM_DWMCOLORIZATIONCOLORCHANGED=0 WM_SYSCOLORCHANGE=0 other=0
2026-10-03T15:35:02.851+08:00 CYCLE n=1496 label=set start=2026-10-03T15:34:59.837+08:00 sets=[mon1=B@+1.1ms/3.0ms/hr=0x00000000] window_ms=3004 total=0 WM_SETTINGCHANGE=0 WM_DISPLAYCHANGE=0 WM_THEMECHANGED=0 WM_DWMCOLORIZATIONCOLORCHANGED=0 WM_SYSCOLORCHANGE=0 other=0
2026-10-03T15:35:12.902+08:00 CYCLE n=1497 label=set start=2026-10-03T15:35:09.892+08:00 sets=[mon1=A@+0.4ms/1.3ms/hr=0x00000000] window_ms=3002 total=0 WM_SETTINGCHANGE=0 WM_DISPLAYCHANGE=0 WM_THEMECHANGED=0 WM_DWMCOLORIZATIONCOLORCHANGED=0 WM_SYSCOLORCHANGE=0 other=0
2026-10-03T15:35:22.867+08:00 CYCLE n=1498 label=set start=2026-10-03T15:35:19.855+08:00 sets=[mon1=B@+0.5ms/1.7ms/hr=0x00000000] window_ms=3002 total=0 WM_SETTINGCHANGE=0 WM_DISPLAYCHANGE=0 WM_THEMECHANGED=0 WM_DWMCOLORIZATIONCOLORCHANGED=0 WM_SYSCOLORCHANGE=0 other=0
2026-10-03T15:35:32.833+08:00 CYCLE n=1499 label=set start=2026-10-03T15:35:29.822+08:00 sets=[mon1=A@+0.4ms/1.6ms/hr=0x00000000] window_ms=3002 total=0 WM_SETTINGCHANGE=0 WM_DISPLAYCHANGE=0 WM_THEMECHANGED=0 WM_DWMCOLORIZATIONCOLORCHANGED=0 WM_SYSCOLORCHANGE=0 other=0
2026-10-03T15:35:42.889+08:00 CYCLE n=1500 label=set start=2026-10-03T15:35:39.877+08:00 sets=[mon1=B@+0.5ms/1.9ms/hr=0x00000000] window_ms=3003 total=0 WM_SETTINGCHANGE=0 WM_DISPLAYCHANGE=0 WM_THEMECHANGED=0 WM_DWMCOLORIZATIONCOLORCHANGED=0 WM_SYSCOLORCHANGE=0 other=0
2026-10-03T15:35:52.853+08:00 CYCLE n=1501 label=set start=2026-10-03T15:35:49.840+08:00 sets=[mon1=A@+0.8ms/1.9ms/hr=0x00000000] window_ms=3003 total=0 WM_SETTINGCHANGE=0 WM_DISPLAYCHANGE=0 WM_THEMECHANGED=0 WM_DWMCOLORIZATIONCOLORCHANGED=0 WM_SYSCOLORCHANGE=0 other=0
2026-10-03T15:36:02.819+08:00 CYCLE n=1502 label=set start=2026-10-03T15:35:59.805+08:00 sets=[mon1=B@+0.4ms/2.0ms/hr=0x00000000] window_ms=3003 total=0 WM_SETTINGCHANGE=0 WM_DISPLAYCHANGE=0 WM_THEMECHANGED=0 WM_DWMCOLORIZATIONCOLORCHANGED=0 WM_SYSCOLORCHANGE=0 other=0
2026-10-03T15:36:12.885+08:00 CYCLE n=1503 label=set start=2026-10-03T15:36:09.872+08:00 sets=[mon1=A@+0.5ms/2.0ms/hr=0x00000000] window_ms=3003 total=0 WM_SETTINGCHANGE=0 WM_DISPLAYCHANGE=0 WM_THEMECHANGED=0 WM_DWMCOLORIZATIONCOLORCHANGED=0 WM_SYSCOLORCHANGE=0 other=0
2026-10-03T15:36:22.856+08:00 CYCLE n=1504 label=set start=2026-10-03T15:36:19.844+08:00 sets=[mon1=B@+0.4ms/1.6ms/hr=0x00000000] window_ms=3002 total=0 WM_SETTINGCHANGE=0 WM_DISPLAYCHANGE=0 WM_THEMECHANGED=0 WM_DWMCOLORIZATIONCOLORCHANGED=0 WM_SYSCOLORCHANGE=0 other=0
2026-10-03T15:36:32.823+08:00 CYCLE n=1505 label=set start=2026-10-03T15:36:29.809+08:00 sets=[mon1=A@+0.3ms/2.3ms/hr=0x00000000] window_ms=3003 total=0 WM_SETTINGCHANGE=0 WM_DISPLAYCHANGE=0 WM_THEMECHANGED=0 WM_DWMCOLORIZATIONCOLORCHANGED=0 WM_SYSCOLORCHANGE=0 other=0
2026-10-03T15:36:42.883+08:00 CYCLE n=1506 label=set start=2026-10-03T15:36:39.872+08:00 sets=[mon1=B@+0.5ms/1.4ms/hr=0x00000000] window_ms=3002 total=0 WM_SETTINGCHANGE=0 WM_DISPLAYCHANGE=0 WM_THEMECHANGED=0 WM_DWMCOLORIZATIONCOLORCHANGED=0 WM_SYSCOLORCHANGE=0 other=0
2026-10-03T15:36:52.848+08:00 CYCLE n=1507 label=set start=2026-10-03T15:36:49.835+08:00 sets=[mon1=A@+0.4ms/1.9ms/hr=0x00000000] window_ms=3002 total=0 WM_SETTINGCHANGE=0 WM_DISPLAYCHANGE=0 WM_THEMECHANGED=0 WM_DWMCOLORIZATIONCOLORCHANGED=0 WM_SYSCOLORCHANGE=0 other=0
2026-10-03T15:37:02.814+08:00 CYCLE n=1508 label=set start=2026-10-03T15:36:59.800+08:00 sets=[mon1=B@+0.3ms/1.9ms/hr=0x00000000] window_ms=3002 total=0 WM_SETTINGCHANGE=0 WM_DISPLAYCHANGE=0 WM_THEMECHANGED=0 WM_DWMCOLORIZATIONCOLORCHANGED=0 WM_SYSCOLORCHANGE=0 other=0
2026-10-03T15:37:12.888+08:00 CYCLE n=1509 label=set start=2026-10-03T15:37:09.875+08:00 sets=[mon1=A@+0.9ms/2.2ms/hr=0x00000000] window_ms=3003 total=0 WM_SETTINGCHANGE=0 WM_DISPLAYCHANGE=0 WM_THEMECHANGED=0 WM_DWMCOLORIZATIONCOLORCHANGED=0 WM_SYSCOLORCHANGE=0 other=0
2026-10-03T15:37:22.867+08:00 CYCLE n=1510 label=set start=2026-10-03T15:37:19.852+08:00 sets=[mon1=B@+0.9ms/3.1ms/hr=0x00000000] window_ms=3004 total=0 WM_SETTINGCHANGE=0 WM_DISPLAYCHANGE=0 WM_THEMECHANGED=0 WM_DWMCOLORIZATIONCOLORCHANGED=0 WM_SYSCOLORCHANGE=0 other=0
2026-10-03T15:37:32.835+08:00 CYCLE n=1511 label=set start=2026-10-03T15:37:29.823+08:00 sets=[mon1=A@+0.5ms/1.3ms/hr=0x00000000] window_ms=3002 total=0 WM_SETTINGCHANGE=0 WM_DISPLAYCHANGE=0 WM_THEMECHANGED=0 WM_DWMCOLORIZATIONCOLORCHANGED=0 WM_SYSCOLORCHANGE=0 other=0
2026-10-03T15:37:42.896+08:00 CYCLE n=1512 label=set start=2026-10-03T15:37:39.882+08:00 sets=[mon1=B@+1.2ms/2.1ms/hr=0x00000000] window_ms=3004 total=0 WM_SETTINGCHANGE=0 WM_DISPLAYCHANGE=0 WM_THEMECHANGED=0 WM_DWMCOLORIZATIONCOLORCHANGED=0 WM_SYSCOLORCHANGE=0 other=0
2026-10-03T15:37:52.860+08:00 CYCLE n=1513 label=set start=2026-10-03T15:37:49.848+08:00 sets=[mon1=A@+0.6ms/1.5ms/hr=0x00000000] window_ms=3002 total=0 WM_SETTINGCHANGE=0 WM_DISPLAYCHANGE=0 WM_THEMECHANGED=0 WM_DWMCOLORIZATIONCOLORCHANGED=0 WM_SYSCOLORCHANGE=0 other=0
2026-10-03T15:38:02.830+08:00 CYCLE n=1514 label=set start=2026-10-03T15:37:59.816+08:00 sets=[mon1=B@+0.4ms/1.6ms/hr=0x00000000] window_ms=3002 total=0 WM_SETTINGCHANGE=0 WM_DISPLAYCHANGE=0 WM_THEMECHANGED=0 WM_DWMCOLORIZATIONCOLORCHANGED=0 WM_SYSCOLORCHANGE=0 other=0
2026-10-03T15:38:12.900+08:00 CYCLE n=1515 label=set start=2026-10-03T15:38:09.887+08:00 sets=[mon1=A@+0.6ms/1.9ms/hr=0x00000000] window_ms=3003 total=0 WM_SETTINGCHANGE=0 WM_DISPLAYCHANGE=0 WM_THEMECHANGED=0 WM_DWMCOLORIZATIONCOLORCHANGED=0 WM_SYSCOLORCHANGE=0 other=0
2026-10-03T15:38:22.869+08:00 CYCLE n=1516 label=set start=2026-10-03T15:38:19.855+08:00 sets=[mon1=B@+0.6ms/1.3ms/hr=0x00000000] window_ms=3002 total=0 WM_SETTINGCHANGE=0 WM_DISPLAYCHANGE=0 WM_THEMECHANGED=0 WM_DWMCOLORIZATIONCOLORCHANGED=0 WM_SYSCOLORCHANGE=0 other=0
2026-10-03T15:38:32.833+08:00 CYCLE n=1517 label=set start=2026-10-03T15:38:29.821+08:00 sets=[mon1=A@+0.5ms/2.1ms/hr=0x00000000] window_ms=3003 total=0 WM_SETTINGCHANGE=0 WM_DISPLAYCHANGE=0 WM_THEMECHANGED=0 WM_DWMCOLORIZATIONCOLORCHANGED=0 WM_SYSCOLORCHANGE=0 other=0
2026-10-03T15:38:42.891+08:00 CYCLE n=1518 label=set start=2026-10-03T15:38:39.880+08:00 sets=[mon1=B@+0.5ms/1.4ms/hr=0x00000000] window_ms=3002 total=0 WM_SETTINGCHANGE=0 WM_DISPLAYCHANGE=0 WM_THEMECHANGED=0 WM_DWMCOLORIZATIONCOLORCHANGED=0 WM_SYSCOLORCHANGE=0 other=0
2026-10-03T15:38:52.857+08:00 CYCLE n=1519 label=set start=2026-10-03T15:38:49.844+08:00 sets=[mon1=A@+0.3ms/1.9ms/hr=0x00000000] window_ms=3002 total=0 WM_SETTINGCHANGE=0 WM_DISPLAYCHANGE=0 WM_THEMECHANGED=0 WM_DWMCOLORIZATIONCOLORCHANGED=0 WM_SYSCOLORCHANGE=0 other=0
2026-10-03T15:39:02.825+08:00 CYCLE n=1520 label=set start=2026-10-03T15:38:59.812+08:00 sets=[mon1=B@+0.4ms/1.3ms/hr=0x00000000] window_ms=3002 total=0 WM_SETTINGCHANGE=0 WM_DISPLAYCHANGE=0 WM_THEMECHANGED=0 WM_DWMCOLORIZATIONCOLORCHANGED=0 WM_SYSCOLORCHANGE=0 other=0
2026-10-03T15:39:12.893+08:00 CYCLE n=1521 label=set start=2026-10-03T15:39:09.881+08:00 sets=[mon1=A@+0.5ms/2.0ms/hr=0x00000000] window_ms=3003 total=0 WM_SETTINGCHANGE=0 WM_DISPLAYCHANGE=0 WM_THEMECHANGED=0 WM_DWMCOLORIZATIONCOLORCHANGED=0 WM_SYSCOLORCHANGE=0 other=0
2026-10-03T15:39:22.860+08:00 CYCLE n=1522 label=set start=2026-10-03T15:39:19.846+08:00 sets=[mon1=B@+0.9ms/2.7ms/hr=0x00000000] window_ms=3004 total=0 WM_SETTINGCHANGE=0 WM_DISPLAYCHANGE=0 WM_THEMECHANGED=0 WM_DWMCOLORIZATIONCOLORCHANGED=0 WM_SYSCOLORCHANGE=0 other=0
2026-10-03T15:39:32.829+08:00 CYCLE n=1523 label=set start=2026-10-03T15:39:29.814+08:00 sets=[mon1=A@+0.7ms/2.3ms/hr=0x00000000] window_ms=3003 total=0 WM_SETTINGCHANGE=0 WM_DISPLAYCHANGE=0 WM_THEMECHANGED=0 WM_DWMCOLORIZATIONCOLORCHANGED=0 WM_SYSCOLORCHANGE=0 other=0
2026-10-03T15:39:42.892+08:00 CYCLE n=1524 label=set start=2026-10-03T15:39:39.877+08:00 sets=[mon1=B@+1.1ms/2.7ms/hr=0x00000000] window_ms=3004 total=0 WM_SETTINGCHANGE=0 WM_DISPLAYCHANGE=0 WM_THEMECHANGED=0 WM_DWMCOLORIZATIONCOLORCHANGED=0 WM_SYSCOLORCHANGE=0 other=0
2026-10-03T15:39:52.857+08:00 CYCLE n=1525 label=set start=2026-10-03T15:39:49.844+08:00 sets=[mon1=A@+0.4ms/1.9ms/hr=0x00000000] window_ms=3003 total=0 WM_SETTINGCHANGE=0 WM_DISPLAYCHANGE=0 WM_THEMECHANGED=0 WM_DWMCOLORIZATIONCOLORCHANGED=0 WM_SYSCOLORCHANGE=0 other=0
2026-10-03T15:40:02.822+08:00 CYCLE n=1526 label=set start=2026-10-03T15:39:59.810+08:00 sets=[mon1=B@+0.4ms/2.1ms/hr=0x00000000] window_ms=3003 total=0 WM_SETTINGCHANGE=0 WM_DISPLAYCHANGE=0 WM_THEMECHANGED=0 WM_DWMCOLORIZATIONCOLORCHANGED=0 WM_SYSCOLORCHANGE=0 other=0
2026-10-03T15:40:12.892+08:00 CYCLE n=1527 label=set start=2026-10-03T15:40:09.878+08:00 sets=[mon1=A@+0.9ms/2.9ms/hr=0x00000000] window_ms=3004 total=0 WM_SETTINGCHANGE=0 WM_DISPLAYCHANGE=0 WM_THEMECHANGED=0 WM_DWMCOLORIZATIONCOLORCHANGED=0 WM_SYSCOLORCHANGE=0 other=0
2026-10-03T15:40:22.865+08:00 CYCLE n=1528 label=set start=2026-10-03T15:40:19.851+08:00 sets=[mon1=B@+0.4ms/1.8ms/hr=0x00000000] window_ms=3003 total=0 WM_SETTINGCHANGE=0 WM_DISPLAYCHANGE=0 WM_THEMECHANGED=0 WM_DWMCOLORIZATIONCOLORCHANGED=0 WM_SYSCOLORCHANGE=0 other=0
2026-10-03T15:40:32.821+08:00 CYCLE n=1529 label=set start=2026-10-03T15:40:29.809+08:00 sets=[mon1=A@+0.5ms/1.8ms/hr=0x00000000] window_ms=3002 total=0 WM_SETTINGCHANGE=0 WM_DISPLAYCHANGE=0 WM_THEMECHANGED=0 WM_DWMCOLORIZATIONCOLORCHANGED=0 WM_SYSCOLORCHANGE=0 other=0
2026-10-03T15:40:42.896+08:00 CYCLE n=1530 label=set start=2026-10-03T15:40:39.880+08:00 sets=[mon1=B@+0.6ms/2.9ms/hr=0x00000000] window_ms=3004 total=0 WM_SETTINGCHANGE=0 WM_DISPLAYCHANGE=0 WM_THEMECHANGED=0 WM_DWMCOLORIZATIONCOLORCHANGED=0 WM_SYSCOLORCHANGE=0 other=0
2026-10-03T15:40:52.872+08:00 CYCLE n=1531 label=set start=2026-10-03T15:40:49.859+08:00 sets=[mon1=A@+0.4ms/1.7ms/hr=0x00000000] window_ms=3002 total=0 WM_SETTINGCHANGE=0 WM_DISPLAYCHANGE=0 WM_THEMECHANGED=0 WM_DWMCOLORIZATIONCOLORCHANGED=0 WM_SYSCOLORCHANGE=0 other=0
2026-10-03T15:41:02.850+08:00 CYCLE n=1532 label=set start=2026-10-03T15:40:59.837+08:00 sets=[mon1=B@+0.5ms/1.8ms/hr=0x00000000] window_ms=3002 total=0 WM_SETTINGCHANGE=0 WM_DISPLAYCHANGE=0 WM_THEMECHANGED=0 WM_DWMCOLORIZATIONCOLORCHANGED=0 WM_SYSCOLORCHANGE=0 other=0
2026-10-03T15:41:12.814+08:00 CYCLE n=1533 label=set start=2026-10-03T15:41:09.801+08:00 sets=[mon1=A@+0.8ms/2.2ms/hr=0x00000000] window_ms=3003 total=0 WM_SETTINGCHANGE=0 WM_DISPLAYCHANGE=0 WM_THEMECHANGED=0 WM_DWMCOLORIZATIONCOLORCHANGED=0 WM_SYSCOLORCHANGE=0 other=0
2026-10-03T15:41:22.887+08:00 CYCLE n=1534 label=set start=2026-10-03T15:41:19.872+08:00 sets=[mon1=B@+0.4ms/2.3ms/hr=0x00000000] window_ms=3003 total=0 WM_SETTINGCHANGE=0 WM_DISPLAYCHANGE=0 WM_THEMECHANGED=0 WM_DWMCOLORIZATIONCOLORCHANGED=0 WM_SYSCOLORCHANGE=0 other=0
2026-10-03T15:41:32.858+08:00 CYCLE n=1535 label=set start=2026-10-03T15:41:29.844+08:00 sets=[mon1=A@+0.4ms/2.2ms/hr=0x00000000] window_ms=3003 total=0 WM_SETTINGCHANGE=0 WM_DISPLAYCHANGE=0 WM_THEMECHANGED=0 WM_DWMCOLORIZATIONCOLORCHANGED=0 WM_SYSCOLORCHANGE=0 other=0
2026-10-03T15:41:42.833+08:00 CYCLE n=1536 label=set start=2026-10-03T15:41:39.817+08:00 sets=[mon1=B@+0.7ms/2.5ms/hr=0x00000000] window_ms=3004 total=0 WM_SETTINGCHANGE=0 WM_DISPLAYCHANGE=0 WM_THEMECHANGED=0 WM_DWMCOLORIZATIONCOLORCHANGED=0 WM_SYSCOLORCHANGE=0 other=0
2026-10-03T15:41:52.895+08:00 CYCLE n=1537 label=set start=2026-10-03T15:41:49.881+08:00 sets=[mon1=A@+0.4ms/2.1ms/hr=0x00000000] window_ms=3003 total=0 WM_SETTINGCHANGE=0 WM_DISPLAYCHANGE=0 WM_THEMECHANGED=0 WM_DWMCOLORIZATIONCOLORCHANGED=0 WM_SYSCOLORCHANGE=0 other=0
2026-10-03T15:42:02.860+08:00 CYCLE n=1538 label=set start=2026-10-03T15:41:59.844+08:00 sets=[mon1=B@+1.3ms/3.1ms/hr=0x00000000] window_ms=3005 total=0 WM_SETTINGCHANGE=0 WM_DISPLAYCHANGE=0 WM_THEMECHANGED=0 WM_DWMCOLORIZATIONCOLORCHANGED=0 WM_SYSCOLORCHANGE=0 other=0
2026-10-03T15:42:12.830+08:00 CYCLE n=1539 label=set start=2026-10-03T15:42:09.815+08:00 sets=[mon1=A@+0.9ms/3.1ms/hr=0x00000000] window_ms=3004 total=0 WM_SETTINGCHANGE=0 WM_DISPLAYCHANGE=0 WM_THEMECHANGED=0 WM_DWMCOLORIZATIONCOLORCHANGED=0 WM_SYSCOLORCHANGE=0 other=0
2026-10-03T15:42:22.899+08:00 CYCLE n=1540 label=set start=2026-10-03T15:42:19.885+08:00 sets=[mon1=B@+1.0ms/2.4ms/hr=0x00000000] window_ms=3004 total=0 WM_SETTINGCHANGE=0 WM_DISPLAYCHANGE=0 WM_THEMECHANGED=0 WM_DWMCOLORIZATIONCOLORCHANGED=0 WM_SYSCOLORCHANGE=0 other=0
2026-10-03T15:42:32.872+08:00 CYCLE n=1541 label=set start=2026-10-03T15:42:29.857+08:00 sets=[mon1=A@+0.4ms/1.9ms/hr=0x00000000] window_ms=3003 total=0 WM_SETTINGCHANGE=0 WM_DISPLAYCHANGE=0 WM_THEMECHANGED=0 WM_DWMCOLORIZATIONCOLORCHANGED=0 WM_SYSCOLORCHANGE=0 other=0
2026-10-03T15:42:42.840+08:00 CYCLE n=1542 label=set start=2026-10-03T15:42:39.827+08:00 sets=[mon1=B@+0.4ms/1.8ms/hr=0x00000000] window_ms=3002 total=0 WM_SETTINGCHANGE=0 WM_DISPLAYCHANGE=0 WM_THEMECHANGED=0 WM_DWMCOLORIZATIONCOLORCHANGED=0 WM_SYSCOLORCHANGE=0 other=0
2026-10-03T15:42:52.814+08:00 CYCLE n=1543 label=set start=2026-10-03T15:42:49.802+08:00 sets=[mon1=A@+0.5ms/1.3ms/hr=0x00000000] window_ms=3002 total=0 WM_SETTINGCHANGE=0 WM_DISPLAYCHANGE=0 WM_THEMECHANGED=0 WM_DWMCOLORIZATIONCOLORCHANGED=0 WM_SYSCOLORCHANGE=0 other=0
2026-10-03T15:43:02.888+08:00 CYCLE n=1544 label=set start=2026-10-03T15:42:59.876+08:00 sets=[mon1=B@+0.8ms/1.9ms/hr=0x00000000] window_ms=3003 total=0 WM_SETTINGCHANGE=0 WM_DISPLAYCHANGE=0 WM_THEMECHANGED=0 WM_DWMCOLORIZATIONCOLORCHANGED=0 WM_SYSCOLORCHANGE=0 other=0
2026-10-03T15:43:12.853+08:00 CYCLE n=1545 label=set start=2026-10-03T15:43:09.839+08:00 sets=[mon1=A@+0.4ms/2.1ms/hr=0x00000000] window_ms=3003 total=0 WM_SETTINGCHANGE=0 WM_DISPLAYCHANGE=0 WM_THEMECHANGED=0 WM_DWMCOLORIZATIONCOLORCHANGED=0 WM_SYSCOLORCHANGE=0 other=0
2026-10-03T15:43:22.819+08:00 CYCLE n=1546 label=set start=2026-10-03T15:43:19.808+08:00 sets=[mon1=B@+0.4ms/1.7ms/hr=0x00000000] window_ms=3002 total=0 WM_SETTINGCHANGE=0 WM_DISPLAYCHANGE=0 WM_THEMECHANGED=0 WM_DWMCOLORIZATIONCOLORCHANGED=0 WM_SYSCOLORCHANGE=0 other=0
2026-10-03T15:43:32.892+08:00 CYCLE n=1547 label=set start=2026-10-03T15:43:29.879+08:00 sets=[mon1=A@+0.4ms/1.9ms/hr=0x00000000] window_ms=3002 total=0 WM_SETTINGCHANGE=0 WM_DISPLAYCHANGE=0 WM_THEMECHANGED=0 WM_DWMCOLORIZATIONCOLORCHANGED=0 WM_SYSCOLORCHANGE=0 other=0
2026-10-03T15:43:42.862+08:00 CYCLE n=1548 label=set start=2026-10-03T15:43:39.848+08:00 sets=[mon1=B@+0.6ms/1.8ms/hr=0x00000000] window_ms=3003 total=0 WM_SETTINGCHANGE=0 WM_DISPLAYCHANGE=0 WM_THEMECHANGED=0 WM_DWMCOLORIZATIONCOLORCHANGED=0 WM_SYSCOLORCHANGE=0 other=0
2026-10-03T15:43:52.836+08:00 CYCLE n=1549 label=set start=2026-10-03T15:43:49.822+08:00 sets=[mon1=A@+0.6ms/2.0ms/hr=0x00000000] window_ms=3003 total=0 WM_SETTINGCHANGE=0 WM_DISPLAYCHANGE=0 WM_THEMECHANGED=0 WM_DWMCOLORIZATIONCOLORCHANGED=0 WM_SYSCOLORCHANGE=0 other=0
2026-10-03T15:44:02.902+08:00 CYCLE n=1550 label=set start=2026-10-03T15:43:59.888+08:00 sets=[mon1=B@+0.4ms/2.0ms/hr=0x00000000] window_ms=3003 total=0 WM_SETTINGCHANGE=0 WM_DISPLAYCHANGE=0 WM_THEMECHANGED=0 WM_DWMCOLORIZATIONCOLORCHANGED=0 WM_SYSCOLORCHANGE=0 other=0
2026-10-03T15:44:12.882+08:00 CYCLE n=1551 label=set start=2026-10-03T15:44:09.869+08:00 sets=[mon1=A@+0.4ms/2.2ms/hr=0x00000000] window_ms=3003 total=0 WM_SETTINGCHANGE=0 WM_DISPLAYCHANGE=0 WM_THEMECHANGED=0 WM_DWMCOLORIZATIONCOLORCHANGED=0 WM_SYSCOLORCHANGE=0 other=0
2026-10-03T15:44:22.856+08:00 CYCLE n=1552 label=set start=2026-10-03T15:44:19.843+08:00 sets=[mon1=B@+0.3ms/1.7ms/hr=0x00000000] window_ms=3002 total=0 WM_SETTINGCHANGE=0 WM_DISPLAYCHANGE=0 WM_THEMECHANGED=0 WM_DWMCOLORIZATIONCOLORCHANGED=0 WM_SYSCOLORCHANGE=0 other=0
2026-10-03T15:44:32.828+08:00 CYCLE n=1553 label=set start=2026-10-03T15:44:29.815+08:00 sets=[mon1=A@+0.5ms/2.0ms/hr=0x00000000] window_ms=3003 total=0 WM_SETTINGCHANGE=0 WM_DISPLAYCHANGE=0 WM_THEMECHANGED=0 WM_DWMCOLORIZATIONCOLORCHANGED=0 WM_SYSCOLORCHANGE=0 other=0
2026-10-03T15:44:42.901+08:00 CYCLE n=1554 label=set start=2026-10-03T15:44:39.888+08:00 sets=[mon1=B@+0.5ms/1.9ms/hr=0x00000000] window_ms=3003 total=0 WM_SETTINGCHANGE=0 WM_DISPLAYCHANGE=0 WM_THEMECHANGED=0 WM_DWMCOLORIZATIONCOLORCHANGED=0 WM_SYSCOLORCHANGE=0 other=0
2026-10-03T15:44:52.859+08:00 CYCLE n=1555 label=set start=2026-10-03T15:44:49.847+08:00 sets=[mon1=A@+0.6ms/2.0ms/hr=0x00000000] window_ms=3003 total=0 WM_SETTINGCHANGE=0 WM_DISPLAYCHANGE=0 WM_THEMECHANGED=0 WM_DWMCOLORIZATIONCOLORCHANGED=0 WM_SYSCOLORCHANGE=0 other=0
2026-10-03T15:45:02.824+08:00 CYCLE n=1556 label=set start=2026-10-03T15:44:59.811+08:00 sets=[mon1=B@+0.8ms/2.7ms/hr=0x00000000] window_ms=3004 total=0 WM_SETTINGCHANGE=0 WM_DISPLAYCHANGE=0 WM_THEMECHANGED=0 WM_DWMCOLORIZATIONCOLORCHANGED=0 WM_SYSCOLORCHANGE=0 other=0
2026-10-03T15:45:12.898+08:00 CYCLE n=1557 label=set start=2026-10-03T15:45:09.881+08:00 sets=[mon1=A@+0.7ms/3.3ms/hr=0x00000000] window_ms=3004 total=0 WM_SETTINGCHANGE=0 WM_DISPLAYCHANGE=0 WM_THEMECHANGED=0 WM_DWMCOLORIZATIONCOLORCHANGED=0 WM_SYSCOLORCHANGE=0 other=0
2026-10-03T15:45:22.865+08:00 CYCLE n=1558 label=set start=2026-10-03T15:45:19.853+08:00 sets=[mon1=B@+0.4ms/1.7ms/hr=0x00000000] window_ms=3002 total=0 WM_SETTINGCHANGE=0 WM_DISPLAYCHANGE=0 WM_THEMECHANGED=0 WM_DWMCOLORIZATIONCOLORCHANGED=0 WM_SYSCOLORCHANGE=0 other=0
2026-10-03T15:45:32.836+08:00 CYCLE n=1559 label=set start=2026-10-03T15:45:29.821+08:00 sets=[mon1=A@+0.8ms/1.4ms/hr=0x00000000] window_ms=3002 total=0 WM_SETTINGCHANGE=0 WM_DISPLAYCHANGE=0 WM_THEMECHANGED=0 WM_DWMCOLORIZATIONCOLORCHANGED=0 WM_SYSCOLORCHANGE=0 other=0
2026-10-03T15:45:42.900+08:00 CYCLE n=1560 label=set start=2026-10-03T15:45:39.888+08:00 sets=[mon1=B@+0.4ms/1.2ms/hr=0x00000000] window_ms=3002 total=0 WM_SETTINGCHANGE=0 WM_DISPLAYCHANGE=0 WM_THEMECHANGED=0 WM_DWMCOLORIZATIONCOLORCHANGED=0 WM_SYSCOLORCHANGE=0 other=0
2026-10-03T15:45:52.871+08:00 CYCLE n=1561 label=set start=2026-10-03T15:45:49.858+08:00 sets=[mon1=A@+0.7ms/1.3ms/hr=0x00000000] window_ms=3002 total=0 WM_SETTINGCHANGE=0 WM_DISPLAYCHANGE=0 WM_THEMECHANGED=0 WM_DWMCOLORIZATIONCOLORCHANGED=0 WM_SYSCOLORCHANGE=0 other=0
2026-10-03T15:46:02.839+08:00 CYCLE n=1562 label=set start=2026-10-03T15:45:59.827+08:00 sets=[mon1=B@+0.6ms/1.5ms/hr=0x00000000] window_ms=3002 total=0 WM_SETTINGCHANGE=0 WM_DISPLAYCHANGE=0 WM_THEMECHANGED=0 WM_DWMCOLORIZATIONCOLORCHANGED=0 WM_SYSCOLORCHANGE=0 other=0
2026-10-03T15:46:12.906+08:00 CYCLE n=1563 label=set start=2026-10-03T15:46:09.890+08:00 sets=[mon1=A@+0.5ms/2.1ms/hr=0x00000000] window_ms=3003 total=0 WM_SETTINGCHANGE=0 WM_DISPLAYCHANGE=0 WM_THEMECHANGED=0 WM_DWMCOLORIZATIONCOLORCHANGED=0 WM_SYSCOLORCHANGE=0 other=0
2026-10-03T15:46:22.876+08:00 CYCLE n=1564 label=set start=2026-10-03T15:46:19.864+08:00 sets=[mon1=B@+0.4ms/1.3ms/hr=0x00000000] window_ms=3002 total=0 WM_SETTINGCHANGE=0 WM_DISPLAYCHANGE=0 WM_THEMECHANGED=0 WM_DWMCOLORIZATIONCOLORCHANGED=0 WM_SYSCOLORCHANGE=0 other=0
2026-10-03T15:46:32.851+08:00 CYCLE n=1565 label=set start=2026-10-03T15:46:29.837+08:00 sets=[mon1=A@+0.4ms/2.0ms/hr=0x00000000] window_ms=3003 total=0 WM_SETTINGCHANGE=0 WM_DISPLAYCHANGE=0 WM_THEMECHANGED=0 WM_DWMCOLORIZATIONCOLORCHANGED=0 WM_SYSCOLORCHANGE=0 other=0
2026-10-03T15:46:42.911+08:00 CYCLE n=1566 label=set start=2026-10-03T15:46:39.898+08:00 sets=[mon1=B@+0.5ms/1.8ms/hr=0x00000000] window_ms=3002 total=0 WM_SETTINGCHANGE=0 WM_DISPLAYCHANGE=0 WM_THEMECHANGED=0 WM_DWMCOLORIZATIONCOLORCHANGED=0 WM_SYSCOLORCHANGE=0 other=0
2026-10-03T15:46:52.871+08:00 CYCLE n=1567 label=set start=2026-10-03T15:46:49.858+08:00 sets=[mon1=A@+0.4ms/1.3ms/hr=0x00000000] window_ms=3002 total=0 WM_SETTINGCHANGE=0 WM_DISPLAYCHANGE=0 WM_THEMECHANGED=0 WM_DWMCOLORIZATIONCOLORCHANGED=0 WM_SYSCOLORCHANGE=0 other=0
2026-10-03T15:47:02.848+08:00 CYCLE n=1568 label=set start=2026-10-03T15:46:59.834+08:00 sets=[mon1=B@+0.6ms/2.3ms/hr=0x00000000] window_ms=3003 total=0 WM_SETTINGCHANGE=0 WM_DISPLAYCHANGE=0 WM_THEMECHANGED=0 WM_DWMCOLORIZATIONCOLORCHANGED=0 WM_SYSCOLORCHANGE=0 other=0
2026-10-03T15:47:12.907+08:00 CYCLE n=1569 label=set start=2026-10-03T15:47:09.893+08:00 sets=[mon1=A@+0.5ms/1.8ms/hr=0x00000000] window_ms=3003 total=0 WM_SETTINGCHANGE=0 WM_DISPLAYCHANGE=0 WM_THEMECHANGED=0 WM_DWMCOLORIZATIONCOLORCHANGED=0 WM_SYSCOLORCHANGE=0 other=0
2026-10-03T15:47:22.872+08:00 CYCLE n=1570 label=set start=2026-10-03T15:47:19.862+08:00 sets=[mon1=B@+0.5ms/1.4ms/hr=0x00000000] window_ms=3002 total=0 WM_SETTINGCHANGE=0 WM_DISPLAYCHANGE=0 WM_THEMECHANGED=0 WM_DWMCOLORIZATIONCOLORCHANGED=0 WM_SYSCOLORCHANGE=0 other=0
2026-10-03T15:47:32.835+08:00 CYCLE n=1571 label=set start=2026-10-03T15:47:29.822+08:00 sets=[mon1=A@+0.8ms/1.6ms/hr=0x00000000] window_ms=3003 total=0 WM_SETTINGCHANGE=0 WM_DISPLAYCHANGE=0 WM_THEMECHANGED=0 WM_DWMCOLORIZATIONCOLORCHANGED=0 WM_SYSCOLORCHANGE=0 other=0
2026-10-03T15:47:42.901+08:00 CYCLE n=1572 label=set start=2026-10-03T15:47:39.888+08:00 sets=[mon1=B@+0.8ms/2.2ms/hr=0x00000000] window_ms=3003 total=0 WM_SETTINGCHANGE=0 WM_DISPLAYCHANGE=0 WM_THEMECHANGED=0 WM_DWMCOLORIZATIONCOLORCHANGED=0 WM_SYSCOLORCHANGE=0 other=0
2026-10-03T15:47:52.868+08:00 CYCLE n=1573 label=set start=2026-10-03T15:47:49.855+08:00 sets=[mon1=A@+0.8ms/2.3ms/hr=0x00000000] window_ms=3003 total=0 WM_SETTINGCHANGE=0 WM_DISPLAYCHANGE=0 WM_THEMECHANGED=0 WM_DWMCOLORIZATIONCOLORCHANGED=0 WM_SYSCOLORCHANGE=0 other=0
2026-10-03T15:48:02.838+08:00 CYCLE n=1574 label=set start=2026-10-03T15:47:59.823+08:00 sets=[mon1=B@+0.8ms/3.0ms/hr=0x00000000] window_ms=3004 total=0 WM_SETTINGCHANGE=0 WM_DISPLAYCHANGE=0 WM_THEMECHANGED=0 WM_DWMCOLORIZATIONCOLORCHANGED=0 WM_SYSCOLORCHANGE=0 other=0
2026-10-03T15:48:12.905+08:00 CYCLE n=1575 label=set start=2026-10-03T15:48:09.889+08:00 sets=[mon1=A@+0.5ms/1.8ms/hr=0x00000000] window_ms=3003 total=0 WM_SETTINGCHANGE=0 WM_DISPLAYCHANGE=0 WM_THEMECHANGED=0 WM_DWMCOLORIZATIONCOLORCHANGED=0 WM_SYSCOLORCHANGE=0 other=0
2026-10-03T15:48:22.873+08:00 CYCLE n=1576 label=set start=2026-10-03T15:48:19.860+08:00 sets=[mon1=B@+0.4ms/1.6ms/hr=0x00000000] window_ms=3002 total=0 WM_SETTINGCHANGE=0 WM_DISPLAYCHANGE=0 WM_THEMECHANGED=0 WM_DWMCOLORIZATIONCOLORCHANGED=0 WM_SYSCOLORCHANGE=0 other=0
2026-10-03T15:48:32.833+08:00 CYCLE n=1577 label=set start=2026-10-03T15:48:29.819+08:00 sets=[mon1=A@+0.4ms/1.9ms/hr=0x00000000] window_ms=3003 total=0 WM_SETTINGCHANGE=0 WM_DISPLAYCHANGE=0 WM_THEMECHANGED=0 WM_DWMCOLORIZATIONCOLORCHANGED=0 WM_SYSCOLORCHANGE=0 other=0
2026-10-03T15:48:42.900+08:00 CYCLE n=1578 label=set start=2026-10-03T15:48:39.887+08:00 sets=[mon1=B@+0.4ms/1.7ms/hr=0x00000000] window_ms=3002 total=0 WM_SETTINGCHANGE=0 WM_DISPLAYCHANGE=0 WM_THEMECHANGED=0 WM_DWMCOLORIZATIONCOLORCHANGED=0 WM_SYSCOLORCHANGE=0 other=0
2026-10-03T15:48:52.863+08:00 CYCLE n=1579 label=set start=2026-10-03T15:48:49.851+08:00 sets=[mon1=A@+0.5ms/1.4ms/hr=0x00000000] window_ms=3002 total=0 WM_SETTINGCHANGE=0 WM_DISPLAYCHANGE=0 WM_THEMECHANGED=0 WM_DWMCOLORIZATIONCOLORCHANGED=0 WM_SYSCOLORCHANGE=0 other=0
2026-10-03T15:49:02.821+08:00 CYCLE n=1580 label=set start=2026-10-03T15:48:59.811+08:00 sets=[mon1=B@+0.3ms/1.4ms/hr=0x00000000] window_ms=3002 total=0 WM_SETTINGCHANGE=0 WM_DISPLAYCHANGE=0 WM_THEMECHANGED=0 WM_DWMCOLORIZATIONCOLORCHANGED=0 WM_SYSCOLORCHANGE=0 other=0
2026-10-03T15:49:12.881+08:00 CYCLE n=1581 label=set start=2026-10-03T15:49:09.868+08:00 sets=[mon1=A@+0.7ms/1.8ms/hr=0x00000000] window_ms=3003 total=0 WM_SETTINGCHANGE=0 WM_DISPLAYCHANGE=0 WM_THEMECHANGED=0 WM_DWMCOLORIZATIONCOLORCHANGED=0 WM_SYSCOLORCHANGE=0 other=0
2026-10-03T15:49:22.845+08:00 CYCLE n=1582 label=set start=2026-10-03T15:49:19.833+08:00 sets=[mon1=B@+0.5ms/1.6ms/hr=0x00000000] window_ms=3002 total=0 WM_SETTINGCHANGE=0 WM_DISPLAYCHANGE=0 WM_THEMECHANGED=0 WM_DWMCOLORIZATIONCOLORCHANGED=0 WM_SYSCOLORCHANGE=0 other=0
2026-10-03T15:49:32.913+08:00 CYCLE n=1583 label=set start=2026-10-03T15:49:29.901+08:00 sets=[mon1=A@+0.5ms/1.4ms/hr=0x00000000] window_ms=3002 total=0 WM_SETTINGCHANGE=0 WM_DISPLAYCHANGE=0 WM_THEMECHANGED=0 WM_DWMCOLORIZATIONCOLORCHANGED=0 WM_SYSCOLORCHANGE=0 other=0
2026-10-03T15:49:42.880+08:00 CYCLE n=1584 label=set start=2026-10-03T15:49:39.867+08:00 sets=[mon1=B@+0.6ms/2.0ms/hr=0x00000000] window_ms=3003 total=0 WM_SETTINGCHANGE=0 WM_DISPLAYCHANGE=0 WM_THEMECHANGED=0 WM_DWMCOLORIZATIONCOLORCHANGED=0 WM_SYSCOLORCHANGE=0 other=0
2026-10-03T15:49:52.847+08:00 CYCLE n=1585 label=set start=2026-10-03T15:49:49.836+08:00 sets=[mon1=A@+0.4ms/1.9ms/hr=0x00000000] window_ms=3003 total=0 WM_SETTINGCHANGE=0 WM_DISPLAYCHANGE=0 WM_THEMECHANGED=0 WM_DWMCOLORIZATIONCOLORCHANGED=0 WM_SYSCOLORCHANGE=0 other=0
2026-10-03T15:50:02.908+08:00 CYCLE n=1586 label=set start=2026-10-03T15:49:59.894+08:00 sets=[mon1=B@+0.7ms/2.0ms/hr=0x00000000] window_ms=3003 total=0 WM_SETTINGCHANGE=0 WM_DISPLAYCHANGE=0 WM_THEMECHANGED=0 WM_DWMCOLORIZATIONCOLORCHANGED=0 WM_SYSCOLORCHANGE=0 other=0
2026-10-03T15:50:12.884+08:00 CYCLE n=1587 label=set start=2026-10-03T15:50:09.871+08:00 sets=[mon1=A@+0.4ms/1.4ms/hr=0x00000000] window_ms=3002 total=0 WM_SETTINGCHANGE=0 WM_DISPLAYCHANGE=0 WM_THEMECHANGED=0 WM_DWMCOLORIZATIONCOLORCHANGED=0 WM_SYSCOLORCHANGE=0 other=0
2026-10-03T15:50:22.856+08:00 CYCLE n=1588 label=set start=2026-10-03T15:50:19.844+08:00 sets=[mon1=B@+0.4ms/1.7ms/hr=0x00000000] window_ms=3002 total=0 WM_SETTINGCHANGE=0 WM_DISPLAYCHANGE=0 WM_THEMECHANGED=0 WM_DWMCOLORIZATIONCOLORCHANGED=0 WM_SYSCOLORCHANGE=0 other=0
2026-10-03T15:50:32.830+08:00 CYCLE n=1589 label=set start=2026-10-03T15:50:29.817+08:00 sets=[mon1=A@+0.5ms/1.3ms/hr=0x00000000] window_ms=3002 total=0 WM_SETTINGCHANGE=0 WM_DISPLAYCHANGE=0 WM_THEMECHANGED=0 WM_DWMCOLORIZATIONCOLORCHANGED=0 WM_SYSCOLORCHANGE=0 other=0
2026-10-03T15:50:42.892+08:00 CYCLE n=1590 label=set start=2026-10-03T15:50:39.880+08:00 sets=[mon1=B@+0.6ms/1.5ms/hr=0x00000000] window_ms=3002 total=0 WM_SETTINGCHANGE=0 WM_DISPLAYCHANGE=0 WM_THEMECHANGED=0 WM_DWMCOLORIZATIONCOLORCHANGED=0 WM_SYSCOLORCHANGE=0 other=0
2026-10-03T15:50:52.857+08:00 CYCLE n=1591 label=set start=2026-10-03T15:50:49.845+08:00 sets=[mon1=A@+0.9ms/1.8ms/hr=0x00000000] window_ms=3003 total=0 WM_SETTINGCHANGE=0 WM_DISPLAYCHANGE=0 WM_THEMECHANGED=0 WM_DWMCOLORIZATIONCOLORCHANGED=0 WM_SYSCOLORCHANGE=0 other=0
2026-10-03T15:51:02.830+08:00 CYCLE n=1592 label=set start=2026-10-03T15:50:59.815+08:00 sets=[mon1=B@+0.6ms/3.1ms/hr=0x00000000] window_ms=3004 total=0 WM_SETTINGCHANGE=0 WM_DISPLAYCHANGE=0 WM_THEMECHANGED=0 WM_DWMCOLORIZATIONCOLORCHANGED=0 WM_SYSCOLORCHANGE=0 other=0
2026-10-03T15:51:12.894+08:00 CYCLE n=1593 label=set start=2026-10-03T15:51:09.881+08:00 sets=[mon1=A@+0.5ms/2.5ms/hr=0x00000000] window_ms=3003 total=0 WM_SETTINGCHANGE=0 WM_DISPLAYCHANGE=0 WM_THEMECHANGED=0 WM_DWMCOLORIZATIONCOLORCHANGED=0 WM_SYSCOLORCHANGE=0 other=0
2026-10-03T15:51:22.858+08:00 CYCLE n=1594 label=set start=2026-10-03T15:51:19.845+08:00 sets=[mon1=B@+0.9ms/2.5ms/hr=0x00000000] window_ms=3004 total=0 WM_SETTINGCHANGE=0 WM_DISPLAYCHANGE=0 WM_THEMECHANGED=0 WM_DWMCOLORIZATIONCOLORCHANGED=0 WM_SYSCOLORCHANGE=0 other=0
2026-10-03T15:51:32.826+08:00 CYCLE n=1595 label=set start=2026-10-03T15:51:29.814+08:00 sets=[mon1=A@+0.4ms/1.9ms/hr=0x00000000] window_ms=3003 total=0 WM_SETTINGCHANGE=0 WM_DISPLAYCHANGE=0 WM_THEMECHANGED=0 WM_DWMCOLORIZATIONCOLORCHANGED=0 WM_SYSCOLORCHANGE=0 other=0
2026-10-03T15:51:42.894+08:00 CYCLE n=1596 label=set start=2026-10-03T15:51:39.883+08:00 sets=[mon1=B@+0.6ms/1.6ms/hr=0x00000000] window_ms=3002 total=0 WM_SETTINGCHANGE=0 WM_DISPLAYCHANGE=0 WM_THEMECHANGED=0 WM_DWMCOLORIZATIONCOLORCHANGED=0 WM_SYSCOLORCHANGE=0 other=0
2026-10-03T15:51:52.865+08:00 CYCLE n=1597 label=set start=2026-10-03T15:51:49.851+08:00 sets=[mon1=A@+0.8ms/2.6ms/hr=0x00000000] window_ms=3004 total=0 WM_SETTINGCHANGE=0 WM_DISPLAYCHANGE=0 WM_THEMECHANGED=0 WM_DWMCOLORIZATIONCOLORCHANGED=0 WM_SYSCOLORCHANGE=0 other=0
2026-10-03T15:52:02.830+08:00 CYCLE n=1598 label=set start=2026-10-03T15:51:59.818+08:00 sets=[mon1=B@+0.4ms/1.4ms/hr=0x00000000] window_ms=3002 total=0 WM_SETTINGCHANGE=0 WM_DISPLAYCHANGE=0 WM_THEMECHANGED=0 WM_DWMCOLORIZATIONCOLORCHANGED=0 WM_SYSCOLORCHANGE=0 other=0
2026-10-03T15:52:12.892+08:00 CYCLE n=1599 label=set start=2026-10-03T15:52:09.879+08:00 sets=[mon1=A@+0.9ms/2.7ms/hr=0x00000000] window_ms=3004 total=0 WM_SETTINGCHANGE=0 WM_DISPLAYCHANGE=0 WM_THEMECHANGED=0 WM_DWMCOLORIZATIONCOLORCHANGED=0 WM_SYSCOLORCHANGE=0 other=0
2026-10-03T15:52:22.864+08:00 CYCLE n=1600 label=set start=2026-10-03T15:52:19.850+08:00 sets=[mon1=B@+0.4ms/1.9ms/hr=0x00000000] window_ms=3003 total=0 WM_SETTINGCHANGE=0 WM_DISPLAYCHANGE=0 WM_THEMECHANGED=0 WM_DWMCOLORIZATIONCOLORCHANGED=0 WM_SYSCOLORCHANGE=0 other=0
2026-10-03T15:52:32.829+08:00 CYCLE n=1601 label=set start=2026-10-03T15:52:29.817+08:00 sets=[mon1=A@+0.4ms/1.7ms/hr=0x00000000] window_ms=3002 total=0 WM_SETTINGCHANGE=0 WM_DISPLAYCHANGE=0 WM_THEMECHANGED=0 WM_DWMCOLORIZATIONCOLORCHANGED=0 WM_SYSCOLORCHANGE=0 other=0
2026-10-03T15:52:42.900+08:00 CYCLE n=1602 label=set start=2026-10-03T15:52:39.888+08:00 sets=[mon1=B@+0.4ms/1.8ms/hr=0x00000000] window_ms=3003 total=0 WM_SETTINGCHANGE=0 WM_DISPLAYCHANGE=0 WM_THEMECHANGED=0 WM_DWMCOLORIZATIONCOLORCHANGED=0 WM_SYSCOLORCHANGE=0 other=0
2026-10-03T15:52:52.871+08:00 CYCLE n=1603 label=set start=2026-10-03T15:52:49.858+08:00 sets=[mon1=A@+0.4ms/1.9ms/hr=0x00000000] window_ms=3003 total=0 WM_SETTINGCHANGE=0 WM_DISPLAYCHANGE=0 WM_THEMECHANGED=0 WM_DWMCOLORIZATIONCOLORCHANGED=0 WM_SYSCOLORCHANGE=0 other=0
2026-10-03T15:53:02.840+08:00 CYCLE n=1604 label=set start=2026-10-03T15:52:59.827+08:00 sets=[mon1=B@+0.6ms/1.5ms/hr=0x00000000] window_ms=3002 total=0 WM_SETTINGCHANGE=0 WM_DISPLAYCHANGE=0 WM_THEMECHANGED=0 WM_DWMCOLORIZATIONCOLORCHANGED=0 WM_SYSCOLORCHANGE=0 other=0
2026-10-03T15:53:12.905+08:00 CYCLE n=1605 label=set start=2026-10-03T15:53:09.893+08:00 sets=[mon1=A@+0.7ms/2.3ms/hr=0x00000000] window_ms=3003 total=0 WM_SETTINGCHANGE=0 WM_DISPLAYCHANGE=0 WM_THEMECHANGED=0 WM_DWMCOLORIZATIONCOLORCHANGED=0 WM_SYSCOLORCHANGE=0 other=0
2026-10-03T15:53:22.874+08:00 CYCLE n=1606 label=set start=2026-10-03T15:53:19.862+08:00 sets=[mon1=B@+0.4ms/1.5ms/hr=0x00000000] window_ms=3002 total=0 WM_SETTINGCHANGE=0 WM_DISPLAYCHANGE=0 WM_THEMECHANGED=0 WM_DWMCOLORIZATIONCOLORCHANGED=0 WM_SYSCOLORCHANGE=0 other=0
2026-10-03T15:53:32.847+08:00 CYCLE n=1607 label=set start=2026-10-03T15:53:29.834+08:00 sets=[mon1=A@+0.4ms/1.7ms/hr=0x00000000] window_ms=3002 total=0 WM_SETTINGCHANGE=0 WM_DISPLAYCHANGE=0 WM_THEMECHANGED=0 WM_DWMCOLORIZATIONCOLORCHANGED=0 WM_SYSCOLORCHANGE=0 other=0
2026-10-03T15:53:42.817+08:00 CYCLE n=1608 label=set start=2026-10-03T15:53:39.805+08:00 sets=[mon1=B@+0.4ms/2.1ms/hr=0x00000000] window_ms=3003 total=0 WM_SETTINGCHANGE=0 WM_DISPLAYCHANGE=0 WM_THEMECHANGED=0 WM_DWMCOLORIZATIONCOLORCHANGED=0 WM_SYSCOLORCHANGE=0 other=0
2026-10-03T15:53:52.879+08:00 CYCLE n=1609 label=set start=2026-10-03T15:53:49.866+08:00 sets=[mon1=A@+0.4ms/1.9ms/hr=0x00000000] window_ms=3003 total=0 WM_SETTINGCHANGE=0 WM_DISPLAYCHANGE=0 WM_THEMECHANGED=0 WM_DWMCOLORIZATIONCOLORCHANGED=0 WM_SYSCOLORCHANGE=0 other=0
2026-10-03T15:54:02.848+08:00 CYCLE n=1610 label=set start=2026-10-03T15:53:59.837+08:00 sets=[mon1=B@+0.4ms/1.7ms/hr=0x00000000] window_ms=3002 total=0 WM_SETTINGCHANGE=0 WM_DISPLAYCHANGE=0 WM_THEMECHANGED=0 WM_DWMCOLORIZATIONCOLORCHANGED=0 WM_SYSCOLORCHANGE=0 other=0
2026-10-03T15:54:12.911+08:00 CYCLE n=1611 label=set start=2026-10-03T15:54:09.896+08:00 sets=[mon1=A@+1.0ms/2.5ms/hr=0x00000000] window_ms=3004 total=0 WM_SETTINGCHANGE=0 WM_DISPLAYCHANGE=0 WM_THEMECHANGED=0 WM_DWMCOLORIZATIONCOLORCHANGED=0 WM_SYSCOLORCHANGE=0 other=0
2026-10-03T15:54:22.888+08:00 CYCLE n=1612 label=set start=2026-10-03T15:54:19.874+08:00 sets=[mon1=B@+0.4ms/1.6ms/hr=0x00000000] window_ms=3002 total=0 WM_SETTINGCHANGE=0 WM_DISPLAYCHANGE=0 WM_THEMECHANGED=0 WM_DWMCOLORIZATIONCOLORCHANGED=0 WM_SYSCOLORCHANGE=0 other=0
2026-10-03T15:54:32.855+08:00 CYCLE n=1613 label=set start=2026-10-03T15:54:29.845+08:00 sets=[mon1=A@+0.4ms/1.5ms/hr=0x00000000] window_ms=3002 total=0 WM_SETTINGCHANGE=0 WM_DISPLAYCHANGE=0 WM_THEMECHANGED=0 WM_DWMCOLORIZATIONCOLORCHANGED=0 WM_SYSCOLORCHANGE=0 other=0
2026-10-03T15:54:42.820+08:00 CYCLE n=1614 label=set start=2026-10-03T15:54:39.805+08:00 sets=[mon1=B@+0.4ms/1.4ms/hr=0x00000000] window_ms=3002 total=0 WM_SETTINGCHANGE=0 WM_DISPLAYCHANGE=0 WM_THEMECHANGED=0 WM_DWMCOLORIZATIONCOLORCHANGED=0 WM_SYSCOLORCHANGE=0 other=0
2026-10-03T15:54:52.893+08:00 CYCLE n=1615 label=set start=2026-10-03T15:54:49.879+08:00 sets=[mon1=A@+1.0ms/2.3ms/hr=0x00000000] window_ms=3004 total=0 WM_SETTINGCHANGE=0 WM_DISPLAYCHANGE=0 WM_THEMECHANGED=0 WM_DWMCOLORIZATIONCOLORCHANGED=0 WM_SYSCOLORCHANGE=0 other=0
2026-10-03T15:55:02.853+08:00 CYCLE n=1616 label=set start=2026-10-03T15:54:59.838+08:00 sets=[mon1=B@+0.7ms/3.1ms/hr=0x00000000] window_ms=3004 total=0 WM_SETTINGCHANGE=0 WM_DISPLAYCHANGE=0 WM_THEMECHANGED=0 WM_DWMCOLORIZATIONCOLORCHANGED=0 WM_SYSCOLORCHANGE=0 other=0
2026-10-03T15:55:12.828+08:00 CYCLE n=1617 label=set start=2026-10-03T15:55:09.814+08:00 sets=[mon1=A@+0.6ms/1.7ms/hr=0x00000000] window_ms=3002 total=0 WM_SETTINGCHANGE=0 WM_DISPLAYCHANGE=0 WM_THEMECHANGED=0 WM_DWMCOLORIZATIONCOLORCHANGED=0 WM_SYSCOLORCHANGE=0 other=0
2026-10-03T15:55:22.900+08:00 CYCLE n=1618 label=set start=2026-10-03T15:55:19.890+08:00 sets=[mon1=B@+0.7ms/2.3ms/hr=0x00000000] window_ms=3003 total=0 WM_SETTINGCHANGE=0 WM_DISPLAYCHANGE=0 WM_THEMECHANGED=0 WM_DWMCOLORIZATIONCOLORCHANGED=0 WM_SYSCOLORCHANGE=0 other=0
2026-10-03T15:55:32.867+08:00 CYCLE n=1619 label=set start=2026-10-03T15:55:29.854+08:00 sets=[mon1=A@+0.4ms/1.6ms/hr=0x00000000] window_ms=3002 total=0 WM_SETTINGCHANGE=0 WM_DISPLAYCHANGE=0 WM_THEMECHANGED=0 WM_DWMCOLORIZATIONCOLORCHANGED=0 WM_SYSCOLORCHANGE=0 other=0
2026-10-03T15:55:42.839+08:00 CYCLE n=1620 label=set start=2026-10-03T15:55:39.826+08:00 sets=[mon1=B@+0.8ms/1.9ms/hr=0x00000000] window_ms=3003 total=0 WM_SETTINGCHANGE=0 WM_DISPLAYCHANGE=0 WM_THEMECHANGED=0 WM_DWMCOLORIZATIONCOLORCHANGED=0 WM_SYSCOLORCHANGE=0 other=0
2026-10-03T15:55:52.899+08:00 CYCLE n=1621 label=set start=2026-10-03T15:55:49.887+08:00 sets=[mon1=A@+0.6ms/1.4ms/hr=0x00000000] window_ms=3002 total=0 WM_SETTINGCHANGE=0 WM_DISPLAYCHANGE=0 WM_THEMECHANGED=0 WM_DWMCOLORIZATIONCOLORCHANGED=0 WM_SYSCOLORCHANGE=0 other=0
2026-10-03T15:56:02.875+08:00 CYCLE n=1622 label=set start=2026-10-03T15:55:59.862+08:00 sets=[mon1=B@+0.9ms/2.3ms/hr=0x00000000] window_ms=3003 total=0 WM_SETTINGCHANGE=0 WM_DISPLAYCHANGE=0 WM_THEMECHANGED=0 WM_DWMCOLORIZATIONCOLORCHANGED=0 WM_SYSCOLORCHANGE=0 other=0
2026-10-03T15:56:12.842+08:00 CYCLE n=1623 label=set start=2026-10-03T15:56:09.829+08:00 sets=[mon1=A@+0.7ms/2.1ms/hr=0x00000000] window_ms=3003 total=0 WM_SETTINGCHANGE=0 WM_DISPLAYCHANGE=0 WM_THEMECHANGED=0 WM_DWMCOLORIZATIONCOLORCHANGED=0 WM_SYSCOLORCHANGE=0 other=0
2026-10-03T15:56:22.906+08:00 CYCLE n=1624 label=set start=2026-10-03T15:56:19.895+08:00 sets=[mon1=B@+0.4ms/1.8ms/hr=0x00000000] window_ms=3002 total=0 WM_SETTINGCHANGE=0 WM_DISPLAYCHANGE=0 WM_THEMECHANGED=0 WM_DWMCOLORIZATIONCOLORCHANGED=0 WM_SYSCOLORCHANGE=0 other=0
2026-10-03T15:56:32.876+08:00 CYCLE n=1625 label=set start=2026-10-03T15:56:29.864+08:00 sets=[mon1=A@+0.5ms/1.8ms/hr=0x00000000] window_ms=3003 total=0 WM_SETTINGCHANGE=0 WM_DISPLAYCHANGE=0 WM_THEMECHANGED=0 WM_DWMCOLORIZATIONCOLORCHANGED=0 WM_SYSCOLORCHANGE=0 other=0
2026-10-03T15:56:42.848+08:00 CYCLE n=1626 label=set start=2026-10-03T15:56:39.835+08:00 sets=[mon1=B@+0.5ms/2.3ms/hr=0x00000000] window_ms=3003 total=0 WM_SETTINGCHANGE=0 WM_DISPLAYCHANGE=0 WM_THEMECHANGED=0 WM_DWMCOLORIZATIONCOLORCHANGED=0 WM_SYSCOLORCHANGE=0 other=0
2026-10-03T15:56:52.910+08:00 CYCLE n=1627 label=set start=2026-10-03T15:56:49.898+08:00 sets=[mon1=A@+0.8ms/2.4ms/hr=0x00000000] window_ms=3003 total=0 WM_SETTINGCHANGE=0 WM_DISPLAYCHANGE=0 WM_THEMECHANGED=0 WM_DWMCOLORIZATIONCOLORCHANGED=0 WM_SYSCOLORCHANGE=0 other=0
2026-10-03T15:57:02.874+08:00 CYCLE n=1628 label=set start=2026-10-03T15:56:59.863+08:00 sets=[mon1=B@+0.4ms/1.4ms/hr=0x00000000] window_ms=3002 total=0 WM_SETTINGCHANGE=0 WM_DISPLAYCHANGE=0 WM_THEMECHANGED=0 WM_DWMCOLORIZATIONCOLORCHANGED=0 WM_SYSCOLORCHANGE=0 other=0
2026-10-03T15:57:12.848+08:00 CYCLE n=1629 label=set start=2026-10-03T15:57:09.835+08:00 sets=[mon1=A@+0.4ms/1.5ms/hr=0x00000000] window_ms=3002 total=0 WM_SETTINGCHANGE=0 WM_DISPLAYCHANGE=0 WM_THEMECHANGED=0 WM_DWMCOLORIZATIONCOLORCHANGED=0 WM_SYSCOLORCHANGE=0 other=0
2026-10-03T15:57:22.914+08:00 CYCLE n=1630 label=set start=2026-10-03T15:57:19.900+08:00 sets=[mon1=B@+0.5ms/2.0ms/hr=0x00000000] window_ms=3003 total=0 WM_SETTINGCHANGE=0 WM_DISPLAYCHANGE=0 WM_THEMECHANGED=0 WM_DWMCOLORIZATIONCOLORCHANGED=0 WM_SYSCOLORCHANGE=0 other=0
2026-10-03T15:57:32.879+08:00 CYCLE n=1631 label=set start=2026-10-03T15:57:29.865+08:00 sets=[mon1=A@+0.6ms/2.1ms/hr=0x00000000] window_ms=3003 total=0 WM_SETTINGCHANGE=0 WM_DISPLAYCHANGE=0 WM_THEMECHANGED=0 WM_DWMCOLORIZATIONCOLORCHANGED=0 WM_SYSCOLORCHANGE=0 other=0
2026-10-03T15:57:42.838+08:00 CYCLE n=1632 label=set start=2026-10-03T15:57:39.826+08:00 sets=[mon1=B@+0.4ms/1.6ms/hr=0x00000000] window_ms=3002 total=0 WM_SETTINGCHANGE=0 WM_DISPLAYCHANGE=0 WM_THEMECHANGED=0 WM_DWMCOLORIZATIONCOLORCHANGED=0 WM_SYSCOLORCHANGE=0 other=0
2026-10-03T15:57:52.900+08:00 CYCLE n=1633 label=set start=2026-10-03T15:57:49.888+08:00 sets=[mon1=A@+0.7ms/1.6ms/hr=0x00000000] window_ms=3003 total=0 WM_SETTINGCHANGE=0 WM_DISPLAYCHANGE=0 WM_THEMECHANGED=0 WM_DWMCOLORIZATIONCOLORCHANGED=0 WM_SYSCOLORCHANGE=0 other=0
2026-10-03T15:58:02.870+08:00 CYCLE n=1634 label=set start=2026-10-03T15:57:59.856+08:00 sets=[mon1=B@+0.7ms/2.2ms/hr=0x00000000] window_ms=3003 total=0 WM_SETTINGCHANGE=0 WM_DISPLAYCHANGE=0 WM_THEMECHANGED=0 WM_DWMCOLORIZATIONCOLORCHANGED=0 WM_SYSCOLORCHANGE=0 other=0
2026-10-03T15:58:12.832+08:00 CYCLE n=1635 label=set start=2026-10-03T15:58:09.819+08:00 sets=[mon1=A@+0.7ms/2.1ms/hr=0x00000000] window_ms=3003 total=0 WM_SETTINGCHANGE=0 WM_DISPLAYCHANGE=0 WM_THEMECHANGED=0 WM_DWMCOLORIZATIONCOLORCHANGED=0 WM_SYSCOLORCHANGE=0 other=0
2026-10-03T15:58:22.900+08:00 CYCLE n=1636 label=set start=2026-10-03T15:58:19.887+08:00 sets=[mon1=B@+0.8ms/1.9ms/hr=0x00000000] window_ms=3003 total=0 WM_SETTINGCHANGE=0 WM_DISPLAYCHANGE=0 WM_THEMECHANGED=0 WM_DWMCOLORIZATIONCOLORCHANGED=0 WM_SYSCOLORCHANGE=0 other=0
2026-10-03T15:58:32.860+08:00 CYCLE n=1637 label=set start=2026-10-03T15:58:29.849+08:00 sets=[mon1=A@+0.5ms/1.4ms/hr=0x00000000] window_ms=3002 total=0 WM_SETTINGCHANGE=0 WM_DISPLAYCHANGE=0 WM_THEMECHANGED=0 WM_DWMCOLORIZATIONCOLORCHANGED=0 WM_SYSCOLORCHANGE=0 other=0
2026-10-03T15:58:42.830+08:00 CYCLE n=1638 label=set start=2026-10-03T15:58:39.817+08:00 sets=[mon1=B@+0.4ms/1.7ms/hr=0x00000000] window_ms=3002 total=0 WM_SETTINGCHANGE=0 WM_DISPLAYCHANGE=0 WM_THEMECHANGED=0 WM_DWMCOLORIZATIONCOLORCHANGED=0 WM_SYSCOLORCHANGE=0 other=0
2026-10-03T15:58:52.900+08:00 CYCLE n=1639 label=set start=2026-10-03T15:58:49.887+08:00 sets=[mon1=A@+0.8ms/2.5ms/hr=0x00000000] window_ms=3004 total=0 WM_SETTINGCHANGE=0 WM_DISPLAYCHANGE=0 WM_THEMECHANGED=0 WM_DWMCOLORIZATIONCOLORCHANGED=0 WM_SYSCOLORCHANGE=0 other=0
2026-10-03T15:59:02.873+08:00 CYCLE n=1640 label=set start=2026-10-03T15:58:59.861+08:00 sets=[mon1=B@+0.4ms/1.4ms/hr=0x00000000] window_ms=3002 total=0 WM_SETTINGCHANGE=0 WM_DISPLAYCHANGE=0 WM_THEMECHANGED=0 WM_DWMCOLORIZATIONCOLORCHANGED=0 WM_SYSCOLORCHANGE=0 other=0
2026-10-03T15:59:12.840+08:00 CYCLE n=1641 label=set start=2026-10-03T15:59:09.827+08:00 sets=[mon1=A@+0.8ms/1.9ms/hr=0x00000000] window_ms=3003 total=0 WM_SETTINGCHANGE=0 WM_DISPLAYCHANGE=0 WM_THEMECHANGED=0 WM_DWMCOLORIZATIONCOLORCHANGED=0 WM_SYSCOLORCHANGE=0 other=0
2026-10-03T15:59:22.902+08:00 CYCLE n=1642 label=set start=2026-10-03T15:59:19.888+08:00 sets=[mon1=B@+0.5ms/1.6ms/hr=0x00000000] window_ms=3002 total=0 WM_SETTINGCHANGE=0 WM_DISPLAYCHANGE=0 WM_THEMECHANGED=0 WM_DWMCOLORIZATIONCOLORCHANGED=0 WM_SYSCOLORCHANGE=0 other=0
2026-10-03T15:59:32.864+08:00 CYCLE n=1643 label=set start=2026-10-03T15:59:29.850+08:00 sets=[mon1=A@+0.6ms/1.7ms/hr=0x00000000] window_ms=3003 total=0 WM_SETTINGCHANGE=0 WM_DISPLAYCHANGE=0 WM_THEMECHANGED=0 WM_DWMCOLORIZATIONCOLORCHANGED=0 WM_SYSCOLORCHANGE=0 other=0
2026-10-03T15:59:42.822+08:00 CYCLE n=1644 label=set start=2026-10-03T15:59:39.809+08:00 sets=[mon1=B@+1.0ms/2.5ms/hr=0x00000000] window_ms=3004 total=0 WM_SETTINGCHANGE=0 WM_DISPLAYCHANGE=0 WM_THEMECHANGED=0 WM_DWMCOLORIZATIONCOLORCHANGED=0 WM_SYSCOLORCHANGE=0 other=0
2026-10-03T15:59:52.894+08:00 CYCLE n=1645 label=set start=2026-10-03T15:59:49.880+08:00 sets=[mon1=A@+0.8ms/2.4ms/hr=0x00000000] window_ms=3003 total=0 WM_SETTINGCHANGE=0 WM_DISPLAYCHANGE=0 WM_THEMECHANGED=0 WM_DWMCOLORIZATIONCOLORCHANGED=0 WM_SYSCOLORCHANGE=0 other=0
2026-10-03T16:00:02.853+08:00 CYCLE n=1646 label=set start=2026-10-03T15:59:59.840+08:00 sets=[mon1=B@+0.5ms/1.3ms/hr=0x00000000] window_ms=3002 total=0 WM_SETTINGCHANGE=0 WM_DISPLAYCHANGE=0 WM_THEMECHANGED=0 WM_DWMCOLORIZATIONCOLORCHANGED=0 WM_SYSCOLORCHANGE=0 other=0
2026-10-03T16:00:12.817+08:00 CYCLE n=1647 label=set start=2026-10-03T16:00:09.803+08:00 sets=[mon1=A@+0.7ms/1.9ms/hr=0x00000000] window_ms=3003 total=0 WM_SETTINGCHANGE=0 WM_DISPLAYCHANGE=0 WM_THEMECHANGED=0 WM_DWMCOLORIZATIONCOLORCHANGED=0 WM_SYSCOLORCHANGE=0 other=0
2026-10-03T16:00:22.883+08:00 CYCLE n=1648 label=set start=2026-10-03T16:00:19.872+08:00 sets=[mon1=B@+0.5ms/1.5ms/hr=0x00000000] window_ms=3002 total=0 WM_SETTINGCHANGE=0 WM_DISPLAYCHANGE=0 WM_THEMECHANGED=0 WM_DWMCOLORIZATIONCOLORCHANGED=0 WM_SYSCOLORCHANGE=0 other=0
2026-10-03T16:00:32.856+08:00 CYCLE n=1649 label=set start=2026-10-03T16:00:29.841+08:00 sets=[mon1=A@+1.2ms/2.2ms/hr=0x00000000] window_ms=3004 total=0 WM_SETTINGCHANGE=0 WM_DISPLAYCHANGE=0 WM_THEMECHANGED=0 WM_DWMCOLORIZATIONCOLORCHANGED=0 WM_SYSCOLORCHANGE=0 other=0
2026-10-03T16:00:42.826+08:00 CYCLE n=1650 label=set start=2026-10-03T16:00:39.812+08:00 sets=[mon1=B@+0.6ms/2.1ms/hr=0x00000000] window_ms=3003 total=0 WM_SETTINGCHANGE=0 WM_DISPLAYCHANGE=0 WM_THEMECHANGED=0 WM_DWMCOLORIZATIONCOLORCHANGED=0 WM_SYSCOLORCHANGE=0 other=0
2026-10-03T16:00:52.896+08:00 CYCLE n=1651 label=set start=2026-10-03T16:00:49.882+08:00 sets=[mon1=A@+0.4ms/1.8ms/hr=0x00000000] window_ms=3002 total=0 WM_SETTINGCHANGE=0 WM_DISPLAYCHANGE=0 WM_THEMECHANGED=0 WM_DWMCOLORIZATIONCOLORCHANGED=0 WM_SYSCOLORCHANGE=0 other=0
2026-10-03T16:01:02.861+08:00 CYCLE n=1652 label=set start=2026-10-03T16:00:59.850+08:00 sets=[mon1=B@+0.6ms/1.6ms/hr=0x00000000] window_ms=3003 total=0 WM_SETTINGCHANGE=0 WM_DISPLAYCHANGE=0 WM_THEMECHANGED=0 WM_DWMCOLORIZATIONCOLORCHANGED=0 WM_SYSCOLORCHANGE=0 other=0
2026-10-03T16:01:12.828+08:00 CYCLE n=1653 label=set start=2026-10-03T16:01:09.812+08:00 sets=[mon1=A@+1.0ms/2.1ms/hr=0x00000000] window_ms=3003 total=0 WM_SETTINGCHANGE=0 WM_DISPLAYCHANGE=0 WM_THEMECHANGED=0 WM_DWMCOLORIZATIONCOLORCHANGED=0 WM_SYSCOLORCHANGE=0 other=0
2026-10-03T16:01:22.896+08:00 CYCLE n=1654 label=set start=2026-10-03T16:01:19.883+08:00 sets=[mon1=B@+1.1ms/1.5ms/hr=0x00000000] window_ms=3003 total=0 WM_SETTINGCHANGE=0 WM_DISPLAYCHANGE=0 WM_THEMECHANGED=0 WM_DWMCOLORIZATIONCOLORCHANGED=0 WM_SYSCOLORCHANGE=0 other=0
2026-10-03T16:01:32.866+08:00 CYCLE n=1655 label=set start=2026-10-03T16:01:29.852+08:00 sets=[mon1=A@+0.4ms/1.4ms/hr=0x00000000] window_ms=3002 total=0 WM_SETTINGCHANGE=0 WM_DISPLAYCHANGE=0 WM_THEMECHANGED=0 WM_DWMCOLORIZATIONCOLORCHANGED=0 WM_SYSCOLORCHANGE=0 other=0
2026-10-03T16:01:42.835+08:00 CYCLE n=1656 label=set start=2026-10-03T16:01:39.823+08:00 sets=[mon1=B@+0.8ms/2.5ms/hr=0x00000000] window_ms=3004 total=0 WM_SETTINGCHANGE=0 WM_DISPLAYCHANGE=0 WM_THEMECHANGED=0 WM_DWMCOLORIZATIONCOLORCHANGED=0 WM_SYSCOLORCHANGE=0 other=0
2026-10-03T16:01:52.907+08:00 CYCLE n=1657 label=set start=2026-10-03T16:01:49.894+08:00 sets=[mon1=A@+0.5ms/2.0ms/hr=0x00000000] window_ms=3003 total=0 WM_SETTINGCHANGE=0 WM_DISPLAYCHANGE=0 WM_THEMECHANGED=0 WM_DWMCOLORIZATIONCOLORCHANGED=0 WM_SYSCOLORCHANGE=0 other=0
2026-10-03T16:02:02.878+08:00 CYCLE n=1658 label=set start=2026-10-03T16:01:59.867+08:00 sets=[mon1=B@+0.4ms/1.7ms/hr=0x00000000] window_ms=3002 total=0 WM_SETTINGCHANGE=0 WM_DISPLAYCHANGE=0 WM_THEMECHANGED=0 WM_DWMCOLORIZATIONCOLORCHANGED=0 WM_SYSCOLORCHANGE=0 other=0
2026-10-03T16:02:12.838+08:00 CYCLE n=1659 label=set start=2026-10-03T16:02:09.825+08:00 sets=[mon1=A@+0.5ms/1.8ms/hr=0x00000000] window_ms=3003 total=0 WM_SETTINGCHANGE=0 WM_DISPLAYCHANGE=0 WM_THEMECHANGED=0 WM_DWMCOLORIZATIONCOLORCHANGED=0 WM_SYSCOLORCHANGE=0 other=0
2026-10-03T16:02:22.903+08:00 CYCLE n=1660 label=set start=2026-10-03T16:02:19.888+08:00 sets=[mon1=B@+0.4ms/1.5ms/hr=0x00000000] window_ms=3002 total=0 WM_SETTINGCHANGE=0 WM_DISPLAYCHANGE=0 WM_THEMECHANGED=0 WM_DWMCOLORIZATIONCOLORCHANGED=0 WM_SYSCOLORCHANGE=0 other=0
2026-10-03T16:02:32.864+08:00 CYCLE n=1661 label=set start=2026-10-03T16:02:29.853+08:00 sets=[mon1=A@+0.8ms/1.9ms/hr=0x00000000] window_ms=3003 total=0 WM_SETTINGCHANGE=0 WM_DISPLAYCHANGE=0 WM_THEMECHANGED=0 WM_DWMCOLORIZATIONCOLORCHANGED=0 WM_SYSCOLORCHANGE=0 other=0
2026-10-03T16:02:42.834+08:00 CYCLE n=1662 label=set start=2026-10-03T16:02:39.822+08:00 sets=[mon1=B@+0.5ms/1.4ms/hr=0x00000000] window_ms=3002 total=0 WM_SETTINGCHANGE=0 WM_DISPLAYCHANGE=0 WM_THEMECHANGED=0 WM_DWMCOLORIZATIONCOLORCHANGED=0 WM_SYSCOLORCHANGE=0 other=0
2026-10-03T16:02:52.910+08:00 CYCLE n=1663 label=set start=2026-10-03T16:02:49.897+08:00 sets=[mon1=A@+0.5ms/1.5ms/hr=0x00000000] window_ms=3002 total=0 WM_SETTINGCHANGE=0 WM_DISPLAYCHANGE=0 WM_THEMECHANGED=0 WM_DWMCOLORIZATIONCOLORCHANGED=0 WM_SYSCOLORCHANGE=0 other=0
2026-10-03T16:03:02.879+08:00 CYCLE n=1664 label=set start=2026-10-03T16:02:59.867+08:00 sets=[mon1=B@+0.7ms/2.5ms/hr=0x00000000] window_ms=3004 total=0 WM_SETTINGCHANGE=0 WM_DISPLAYCHANGE=0 WM_THEMECHANGED=0 WM_DWMCOLORIZATIONCOLORCHANGED=0 WM_SYSCOLORCHANGE=0 other=0
2026-10-03T16:03:12.851+08:00 CYCLE n=1665 label=set start=2026-10-03T16:03:09.838+08:00 sets=[mon1=A@+0.4ms/1.8ms/hr=0x00000000] window_ms=3002 total=0 WM_SETTINGCHANGE=0 WM_DISPLAYCHANGE=0 WM_THEMECHANGED=0 WM_DWMCOLORIZATIONCOLORCHANGED=0 WM_SYSCOLORCHANGE=0 other=0
2026-10-03T16:03:22.914+08:00 CYCLE n=1666 label=set start=2026-10-03T16:03:19.899+08:00 sets=[mon1=B@+1.3ms/2.4ms/hr=0x00000000] window_ms=3004 total=0 WM_SETTINGCHANGE=0 WM_DISPLAYCHANGE=0 WM_THEMECHANGED=0 WM_DWMCOLORIZATIONCOLORCHANGED=0 WM_SYSCOLORCHANGE=0 other=0
2026-10-03T16:03:32.876+08:00 CYCLE n=1667 label=set start=2026-10-03T16:03:29.863+08:00 sets=[mon1=A@+0.3ms/1.6ms/hr=0x00000000] window_ms=3002 total=0 WM_SETTINGCHANGE=0 WM_DISPLAYCHANGE=0 WM_THEMECHANGED=0 WM_DWMCOLORIZATIONCOLORCHANGED=0 WM_SYSCOLORCHANGE=0 other=0
2026-10-03T16:03:42.845+08:00 CYCLE n=1668 label=set start=2026-10-03T16:03:39.833+08:00 sets=[mon1=B@+0.4ms/2.0ms/hr=0x00000000] window_ms=3003 total=0 WM_SETTINGCHANGE=0 WM_DISPLAYCHANGE=0 WM_THEMECHANGED=0 WM_DWMCOLORIZATIONCOLORCHANGED=0 WM_SYSCOLORCHANGE=0 other=0
2026-10-03T16:03:52.907+08:00 CYCLE n=1669 label=set start=2026-10-03T16:03:49.895+08:00 sets=[mon1=A@+0.5ms/1.6ms/hr=0x00000000] window_ms=3002 total=0 WM_SETTINGCHANGE=0 WM_DISPLAYCHANGE=0 WM_THEMECHANGED=0 WM_DWMCOLORIZATIONCOLORCHANGED=0 WM_SYSCOLORCHANGE=0 other=0
2026-10-03T16:04:02.871+08:00 CYCLE n=1670 label=set start=2026-10-03T16:03:59.858+08:00 sets=[mon1=B@+0.4ms/2.0ms/hr=0x00000000] window_ms=3003 total=0 WM_SETTINGCHANGE=0 WM_DISPLAYCHANGE=0 WM_THEMECHANGED=0 WM_DWMCOLORIZATIONCOLORCHANGED=0 WM_SYSCOLORCHANGE=0 other=0
2026-10-03T16:04:12.843+08:00 CYCLE n=1671 label=set start=2026-10-03T16:04:09.829+08:00 sets=[mon1=A@+0.8ms/2.0ms/hr=0x00000000] window_ms=3003 total=0 WM_SETTINGCHANGE=0 WM_DISPLAYCHANGE=0 WM_THEMECHANGED=0 WM_DWMCOLORIZATIONCOLORCHANGED=0 WM_SYSCOLORCHANGE=0 other=0
2026-10-03T16:04:22.909+08:00 CYCLE n=1672 label=set start=2026-10-03T16:04:19.898+08:00 sets=[mon1=B@+0.8ms/1.4ms/hr=0x00000000] window_ms=3002 total=0 WM_SETTINGCHANGE=0 WM_DISPLAYCHANGE=0 WM_THEMECHANGED=0 WM_DWMCOLORIZATIONCOLORCHANGED=0 WM_SYSCOLORCHANGE=0 other=0
2026-10-03T16:04:32.879+08:00 CYCLE n=1673 label=set start=2026-10-03T16:04:29.865+08:00 sets=[mon1=A@+1.0ms/2.7ms/hr=0x00000000] window_ms=3004 total=0 WM_SETTINGCHANGE=0 WM_DISPLAYCHANGE=0 WM_THEMECHANGED=0 WM_DWMCOLORIZATIONCOLORCHANGED=0 WM_SYSCOLORCHANGE=0 other=0
2026-10-03T16:04:42.851+08:00 CYCLE n=1674 label=set start=2026-10-03T16:04:39.838+08:00 sets=[mon1=B@+0.4ms/1.2ms/hr=0x00000000] window_ms=3002 total=0 WM_SETTINGCHANGE=0 WM_DISPLAYCHANGE=0 WM_THEMECHANGED=0 WM_DWMCOLORIZATIONCOLORCHANGED=0 WM_SYSCOLORCHANGE=0 other=0
2026-10-03T16:04:52.820+08:00 CYCLE n=1675 label=set start=2026-10-03T16:04:49.805+08:00 sets=[mon1=A@+1.1ms/1.4ms/hr=0x00000000] window_ms=3003 total=0 WM_SETTINGCHANGE=0 WM_DISPLAYCHANGE=0 WM_THEMECHANGED=0 WM_DWMCOLORIZATIONCOLORCHANGED=0 WM_SYSCOLORCHANGE=0 other=0
2026-10-03T16:05:02.880+08:00 CYCLE n=1676 label=set start=2026-10-03T16:04:59.867+08:00 sets=[mon1=B@+0.7ms/2.2ms/hr=0x00000000] window_ms=3003 total=0 WM_SETTINGCHANGE=0 WM_DISPLAYCHANGE=0 WM_THEMECHANGED=0 WM_DWMCOLORIZATIONCOLORCHANGED=0 WM_SYSCOLORCHANGE=0 other=0
2026-10-03T16:05:12.836+08:00 CYCLE n=1677 label=set start=2026-10-03T16:05:09.824+08:00 sets=[mon1=A@+0.7ms/1.5ms/hr=0x00000000] window_ms=3002 total=0 WM_SETTINGCHANGE=0 WM_DISPLAYCHANGE=0 WM_THEMECHANGED=0 WM_DWMCOLORIZATIONCOLORCHANGED=0 WM_SYSCOLORCHANGE=0 other=0
2026-10-03T16:05:22.903+08:00 CYCLE n=1678 label=set start=2026-10-03T16:05:19.889+08:00 sets=[mon1=B@+0.6ms/2.0ms/hr=0x00000000] window_ms=3003 total=0 WM_SETTINGCHANGE=0 WM_DISPLAYCHANGE=0 WM_THEMECHANGED=0 WM_DWMCOLORIZATIONCOLORCHANGED=0 WM_SYSCOLORCHANGE=0 other=0
2026-10-03T16:05:32.875+08:00 CYCLE n=1679 label=set start=2026-10-03T16:05:29.860+08:00 sets=[mon1=A@+0.5ms/2.2ms/hr=0x00000000] window_ms=3003 total=0 WM_SETTINGCHANGE=0 WM_DISPLAYCHANGE=0 WM_THEMECHANGED=0 WM_DWMCOLORIZATIONCOLORCHANGED=0 WM_SYSCOLORCHANGE=0 other=0
2026-10-03T16:05:42.844+08:00 CYCLE n=1680 label=set start=2026-10-03T16:05:39.829+08:00 sets=[mon1=B@+1.0ms/2.7ms/hr=0x00000000] window_ms=3004 total=0 WM_SETTINGCHANGE=0 WM_DISPLAYCHANGE=0 WM_THEMECHANGED=0 WM_DWMCOLORIZATIONCOLORCHANGED=0 WM_SYSCOLORCHANGE=0 other=0
2026-10-03T16:05:52.915+08:00 CYCLE n=1681 label=set start=2026-10-03T16:05:49.902+08:00 sets=[mon1=A@+0.7ms/2.2ms/hr=0x00000000] window_ms=3003 total=0 WM_SETTINGCHANGE=0 WM_DISPLAYCHANGE=0 WM_THEMECHANGED=0 WM_DWMCOLORIZATIONCOLORCHANGED=0 WM_SYSCOLORCHANGE=0 other=0
2026-10-03T16:06:02.879+08:00 CYCLE n=1682 label=set start=2026-10-03T16:05:59.868+08:00 sets=[mon1=B@+0.4ms/2.0ms/hr=0x00000000] window_ms=3003 total=0 WM_SETTINGCHANGE=0 WM_DISPLAYCHANGE=0 WM_THEMECHANGED=0 WM_DWMCOLORIZATIONCOLORCHANGED=0 WM_SYSCOLORCHANGE=0 other=0
2026-10-03T16:06:12.859+08:00 CYCLE n=1683 label=set start=2026-10-03T16:06:09.843+08:00 sets=[mon1=A@+1.0ms/3.4ms/hr=0x00000000] window_ms=3005 total=0 WM_SETTINGCHANGE=0 WM_DISPLAYCHANGE=0 WM_THEMECHANGED=0 WM_DWMCOLORIZATIONCOLORCHANGED=0 WM_SYSCOLORCHANGE=0 other=0
2026-10-03T16:06:22.835+08:00 CYCLE n=1684 label=set start=2026-10-03T16:06:19.821+08:00 sets=[mon1=B@+0.4ms/2.2ms/hr=0x00000000] window_ms=3003 total=0 WM_SETTINGCHANGE=0 WM_DISPLAYCHANGE=0 WM_THEMECHANGED=0 WM_DWMCOLORIZATIONCOLORCHANGED=0 WM_SYSCOLORCHANGE=0 other=0
2026-10-03T16:06:32.901+08:00 CYCLE n=1685 label=set start=2026-10-03T16:06:29.886+08:00 sets=[mon1=A@+0.4ms/1.8ms/hr=0x00000000] window_ms=3003 total=0 WM_SETTINGCHANGE=0 WM_DISPLAYCHANGE=0 WM_THEMECHANGED=0 WM_DWMCOLORIZATIONCOLORCHANGED=0 WM_SYSCOLORCHANGE=0 other=0
2026-10-03T16:06:42.861+08:00 CYCLE n=1686 label=set start=2026-10-03T16:06:39.847+08:00 sets=[mon1=B@+0.6ms/2.0ms/hr=0x00000000] window_ms=3003 total=0 WM_SETTINGCHANGE=0 WM_DISPLAYCHANGE=0 WM_THEMECHANGED=0 WM_DWMCOLORIZATIONCOLORCHANGED=0 WM_SYSCOLORCHANGE=0 other=0
2026-10-03T16:06:52.827+08:00 CYCLE n=1687 label=set start=2026-10-03T16:06:49.813+08:00 sets=[mon1=A@+0.7ms/2.0ms/hr=0x00000000] window_ms=3003 total=0 WM_SETTINGCHANGE=0 WM_DISPLAYCHANGE=0 WM_THEMECHANGED=0 WM_DWMCOLORIZATIONCOLORCHANGED=0 WM_SYSCOLORCHANGE=0 other=0
2026-10-03T16:07:02.896+08:00 CYCLE n=1688 label=set start=2026-10-03T16:06:59.882+08:00 sets=[mon1=B@+0.4ms/2.4ms/hr=0x00000000] window_ms=3003 total=0 WM_SETTINGCHANGE=0 WM_DISPLAYCHANGE=0 WM_THEMECHANGED=0 WM_DWMCOLORIZATIONCOLORCHANGED=0 WM_SYSCOLORCHANGE=0 other=0
2026-10-03T16:07:12.869+08:00 CYCLE n=1689 label=set start=2026-10-03T16:07:09.855+08:00 sets=[mon1=A@+0.7ms/1.8ms/hr=0x00000000] window_ms=3003 total=0 WM_SETTINGCHANGE=0 WM_DISPLAYCHANGE=0 WM_THEMECHANGED=0 WM_DWMCOLORIZATIONCOLORCHANGED=0 WM_SYSCOLORCHANGE=0 other=0
2026-10-03T16:07:22.828+08:00 CYCLE n=1690 label=set start=2026-10-03T16:07:19.814+08:00 sets=[mon1=B@+0.6ms/1.4ms/hr=0x00000000] window_ms=3002 total=0 WM_SETTINGCHANGE=0 WM_DISPLAYCHANGE=0 WM_THEMECHANGED=0 WM_DWMCOLORIZATIONCOLORCHANGED=0 WM_SYSCOLORCHANGE=0 other=0
2026-10-03T16:07:32.908+08:00 CYCLE n=1691 label=set start=2026-10-03T16:07:29.895+08:00 sets=[mon1=A@+0.9ms/2.1ms/hr=0x00000000] window_ms=3003 total=0 WM_SETTINGCHANGE=0 WM_DISPLAYCHANGE=0 WM_THEMECHANGED=0 WM_DWMCOLORIZATIONCOLORCHANGED=0 WM_SYSCOLORCHANGE=0 other=0
2026-10-03T16:07:42.883+08:00 CYCLE n=1692 label=set start=2026-10-03T16:07:39.870+08:00 sets=[mon1=B@+0.3ms/1.8ms/hr=0x00000000] window_ms=3002 total=0 WM_SETTINGCHANGE=0 WM_DISPLAYCHANGE=0 WM_THEMECHANGED=0 WM_DWMCOLORIZATIONCOLORCHANGED=0 WM_SYSCOLORCHANGE=0 other=0
2026-10-03T16:07:52.860+08:00 CYCLE n=1693 label=set start=2026-10-03T16:07:49.845+08:00 sets=[mon1=A@+0.5ms/1.9ms/hr=0x00000000] window_ms=3003 total=0 WM_SETTINGCHANGE=0 WM_DISPLAYCHANGE=0 WM_THEMECHANGED=0 WM_DWMCOLORIZATIONCOLORCHANGED=0 WM_SYSCOLORCHANGE=0 other=0
2026-10-03T16:08:02.823+08:00 CYCLE n=1694 label=set start=2026-10-03T16:07:59.809+08:00 sets=[mon1=B@+0.7ms/1.6ms/hr=0x00000000] window_ms=3002 total=0 WM_SETTINGCHANGE=0 WM_DISPLAYCHANGE=0 WM_THEMECHANGED=0 WM_DWMCOLORIZATIONCOLORCHANGED=0 WM_SYSCOLORCHANGE=0 other=0
2026-10-03T16:08:12.892+08:00 CYCLE n=1695 label=set start=2026-10-03T16:08:09.879+08:00 sets=[mon1=A@+0.4ms/1.4ms/hr=0x00000000] window_ms=3002 total=0 WM_SETTINGCHANGE=0 WM_DISPLAYCHANGE=0 WM_THEMECHANGED=0 WM_DWMCOLORIZATIONCOLORCHANGED=0 WM_SYSCOLORCHANGE=0 other=0
2026-10-03T16:08:22.855+08:00 CYCLE n=1696 label=set start=2026-10-03T16:08:19.841+08:00 sets=[mon1=B@+0.9ms/2.5ms/hr=0x00000000] window_ms=3004 total=0 WM_SETTINGCHANGE=0 WM_DISPLAYCHANGE=0 WM_THEMECHANGED=0 WM_DWMCOLORIZATIONCOLORCHANGED=0 WM_SYSCOLORCHANGE=0 other=0
2026-10-03T16:08:32.820+08:00 CYCLE n=1697 label=set start=2026-10-03T16:08:29.806+08:00 sets=[mon1=A@+0.4ms/1.8ms/hr=0x00000000] window_ms=3002 total=0 WM_SETTINGCHANGE=0 WM_DISPLAYCHANGE=0 WM_THEMECHANGED=0 WM_DWMCOLORIZATIONCOLORCHANGED=0 WM_SYSCOLORCHANGE=0 other=0
2026-10-03T16:08:42.892+08:00 CYCLE n=1698 label=set start=2026-10-03T16:08:39.878+08:00 sets=[mon1=B@+0.4ms/2.0ms/hr=0x00000000] window_ms=3003 total=0 WM_SETTINGCHANGE=0 WM_DISPLAYCHANGE=0 WM_THEMECHANGED=0 WM_DWMCOLORIZATIONCOLORCHANGED=0 WM_SYSCOLORCHANGE=0 other=0
2026-10-03T16:08:52.862+08:00 CYCLE n=1699 label=set start=2026-10-03T16:08:49.848+08:00 sets=[mon1=A@+0.9ms/2.4ms/hr=0x00000000] window_ms=3004 total=0 WM_SETTINGCHANGE=0 WM_DISPLAYCHANGE=0 WM_THEMECHANGED=0 WM_DWMCOLORIZATIONCOLORCHANGED=0 WM_SYSCOLORCHANGE=0 other=0
2026-10-03T16:09:02.827+08:00 CYCLE n=1700 label=set start=2026-10-03T16:08:59.814+08:00 sets=[mon1=B@+0.6ms/2.2ms/hr=0x00000000] window_ms=3003 total=0 WM_SETTINGCHANGE=0 WM_DISPLAYCHANGE=0 WM_THEMECHANGED=0 WM_DWMCOLORIZATIONCOLORCHANGED=0 WM_SYSCOLORCHANGE=0 other=0
2026-10-03T16:09:12.884+08:00 CYCLE n=1701 label=set start=2026-10-03T16:09:09.872+08:00 sets=[mon1=A@+0.6ms/2.3ms/hr=0x00000000] window_ms=3003 total=0 WM_SETTINGCHANGE=0 WM_DISPLAYCHANGE=0 WM_THEMECHANGED=0 WM_DWMCOLORIZATIONCOLORCHANGED=0 WM_SYSCOLORCHANGE=0 other=0
2026-10-03T16:09:22.854+08:00 CYCLE n=1702 label=set start=2026-10-03T16:09:19.841+08:00 sets=[mon1=B@+0.4ms/2.1ms/hr=0x00000000] window_ms=3003 total=0 WM_SETTINGCHANGE=0 WM_DISPLAYCHANGE=0 WM_THEMECHANGED=0 WM_DWMCOLORIZATIONCOLORCHANGED=0 WM_SYSCOLORCHANGE=0 other=0
2026-10-03T16:09:32.822+08:00 CYCLE n=1703 label=set start=2026-10-03T16:09:29.808+08:00 sets=[mon1=A@+0.4ms/1.6ms/hr=0x00000000] window_ms=3002 total=0 WM_SETTINGCHANGE=0 WM_DISPLAYCHANGE=0 WM_THEMECHANGED=0 WM_DWMCOLORIZATIONCOLORCHANGED=0 WM_SYSCOLORCHANGE=0 other=0
2026-10-03T16:09:42.896+08:00 CYCLE n=1704 label=set start=2026-10-03T16:09:39.883+08:00 sets=[mon1=B@+0.4ms/1.5ms/hr=0x00000000] window_ms=3002 total=0 WM_SETTINGCHANGE=0 WM_DISPLAYCHANGE=0 WM_THEMECHANGED=0 WM_DWMCOLORIZATIONCOLORCHANGED=0 WM_SYSCOLORCHANGE=0 other=0
2026-10-03T16:09:52.867+08:00 CYCLE n=1705 label=set start=2026-10-03T16:09:49.854+08:00 sets=[mon1=A@+0.4ms/1.4ms/hr=0x00000000] window_ms=3002 total=0 WM_SETTINGCHANGE=0 WM_DISPLAYCHANGE=0 WM_THEMECHANGED=0 WM_DWMCOLORIZATIONCOLORCHANGED=0 WM_SYSCOLORCHANGE=0 other=0
2026-10-03T16:10:02.834+08:00 CYCLE n=1706 label=set start=2026-10-03T16:09:59.820+08:00 sets=[mon1=B@+0.5ms/2.1ms/hr=0x00000000] window_ms=3003 total=0 WM_SETTINGCHANGE=0 WM_DISPLAYCHANGE=0 WM_THEMECHANGED=0 WM_DWMCOLORIZATIONCOLORCHANGED=0 WM_SYSCOLORCHANGE=0 other=0
2026-10-03T16:10:12.906+08:00 CYCLE n=1707 label=set start=2026-10-03T16:10:09.891+08:00 sets=[mon1=A@+1.0ms/3.2ms/hr=0x00000000] window_ms=3004 total=0 WM_SETTINGCHANGE=0 WM_DISPLAYCHANGE=0 WM_THEMECHANGED=0 WM_DWMCOLORIZATIONCOLORCHANGED=0 WM_SYSCOLORCHANGE=0 other=0
2026-10-03T16:10:22.869+08:00 CYCLE n=1708 label=set start=2026-10-03T16:10:19.856+08:00 sets=[mon1=B@+0.3ms/1.9ms/hr=0x00000000] window_ms=3002 total=0 WM_SETTINGCHANGE=0 WM_DISPLAYCHANGE=0 WM_THEMECHANGED=0 WM_DWMCOLORIZATIONCOLORCHANGED=0 WM_SYSCOLORCHANGE=0 other=0
2026-10-03T16:10:32.841+08:00 CYCLE n=1709 label=set start=2026-10-03T16:10:29.826+08:00 sets=[mon1=A@+0.6ms/1.4ms/hr=0x00000000] window_ms=3002 total=0 WM_SETTINGCHANGE=0 WM_DISPLAYCHANGE=0 WM_THEMECHANGED=0 WM_DWMCOLORIZATIONCOLORCHANGED=0 WM_SYSCOLORCHANGE=0 other=0
2026-10-03T16:10:42.912+08:00 CYCLE n=1710 label=set start=2026-10-03T16:10:39.898+08:00 sets=[mon1=B@+0.7ms/2.4ms/hr=0x00000000] window_ms=3003 total=0 WM_SETTINGCHANGE=0 WM_DISPLAYCHANGE=0 WM_THEMECHANGED=0 WM_DWMCOLORIZATIONCOLORCHANGED=0 WM_SYSCOLORCHANGE=0 other=0
2026-10-03T16:10:52.879+08:00 CYCLE n=1711 label=set start=2026-10-03T16:10:49.865+08:00 sets=[mon1=A@+0.5ms/2.2ms/hr=0x00000000] window_ms=3003 total=0 WM_SETTINGCHANGE=0 WM_DISPLAYCHANGE=0 WM_THEMECHANGED=0 WM_DWMCOLORIZATIONCOLORCHANGED=0 WM_SYSCOLORCHANGE=0 other=0
2026-10-03T16:11:02.837+08:00 CYCLE n=1712 label=set start=2026-10-03T16:10:59.824+08:00 sets=[mon1=B@+0.5ms/2.5ms/hr=0x00000000] window_ms=3003 total=0 WM_SETTINGCHANGE=0 WM_DISPLAYCHANGE=0 WM_THEMECHANGED=0 WM_DWMCOLORIZATIONCOLORCHANGED=0 WM_SYSCOLORCHANGE=0 other=0
2026-10-03T16:11:12.907+08:00 CYCLE n=1713 label=set start=2026-10-03T16:11:09.893+08:00 sets=[mon1=A@+0.7ms/2.5ms/hr=0x00000000] window_ms=3003 total=0 WM_SETTINGCHANGE=0 WM_DISPLAYCHANGE=0 WM_THEMECHANGED=0 WM_DWMCOLORIZATIONCOLORCHANGED=0 WM_SYSCOLORCHANGE=0 other=0
2026-10-03T16:11:22.878+08:00 CYCLE n=1714 label=set start=2026-10-03T16:11:19.865+08:00 sets=[mon1=B@+0.4ms/2.5ms/hr=0x00000000] window_ms=3003 total=0 WM_SETTINGCHANGE=0 WM_DISPLAYCHANGE=0 WM_THEMECHANGED=0 WM_DWMCOLORIZATIONCOLORCHANGED=0 WM_SYSCOLORCHANGE=0 other=0
2026-10-03T16:11:32.848+08:00 CYCLE n=1715 label=set start=2026-10-03T16:11:29.832+08:00 sets=[mon1=A@+0.8ms/3.2ms/hr=0x00000000] window_ms=3004 total=0 WM_SETTINGCHANGE=0 WM_DISPLAYCHANGE=0 WM_THEMECHANGED=0 WM_DWMCOLORIZATIONCOLORCHANGED=0 WM_SYSCOLORCHANGE=0 other=0
2026-10-03T16:11:42.819+08:00 CYCLE n=1716 label=set start=2026-10-03T16:11:39.808+08:00 sets=[mon1=B@+0.7ms/1.7ms/hr=0x00000000] window_ms=3003 total=0 WM_SETTINGCHANGE=0 WM_DISPLAYCHANGE=0 WM_THEMECHANGED=0 WM_DWMCOLORIZATIONCOLORCHANGED=0 WM_SYSCOLORCHANGE=0 other=0
2026-10-03T16:11:52.886+08:00 CYCLE n=1717 label=set start=2026-10-03T16:11:49.874+08:00 sets=[mon1=A@+1.2ms/2.0ms/hr=0x00000000] window_ms=3003 total=0 WM_SETTINGCHANGE=0 WM_DISPLAYCHANGE=0 WM_THEMECHANGED=0 WM_DWMCOLORIZATIONCOLORCHANGED=0 WM_SYSCOLORCHANGE=0 other=0
2026-10-03T16:12:02.850+08:00 CYCLE n=1718 label=set start=2026-10-03T16:11:59.836+08:00 sets=[mon1=B@+0.4ms/1.6ms/hr=0x00000000] window_ms=3002 total=0 WM_SETTINGCHANGE=0 WM_DISPLAYCHANGE=0 WM_THEMECHANGED=0 WM_DWMCOLORIZATIONCOLORCHANGED=0 WM_SYSCOLORCHANGE=0 other=0
2026-10-03T16:12:12.918+08:00 CYCLE n=1719 label=set start=2026-10-03T16:12:09.905+08:00 sets=[mon1=A@+0.4ms/1.6ms/hr=0x00000000] window_ms=3002 total=0 WM_SETTINGCHANGE=0 WM_DISPLAYCHANGE=0 WM_THEMECHANGED=0 WM_DWMCOLORIZATIONCOLORCHANGED=0 WM_SYSCOLORCHANGE=0 other=0
2026-10-03T16:12:22.891+08:00 CYCLE n=1720 label=set start=2026-10-03T16:12:19.878+08:00 sets=[mon1=B@+0.5ms/1.6ms/hr=0x00000000] window_ms=3003 total=0 WM_SETTINGCHANGE=0 WM_DISPLAYCHANGE=0 WM_THEMECHANGED=0 WM_DWMCOLORIZATIONCOLORCHANGED=0 WM_SYSCOLORCHANGE=0 other=0
2026-10-03T16:12:32.858+08:00 CYCLE n=1721 label=set start=2026-10-03T16:12:29.842+08:00 sets=[mon1=A@+0.6ms/1.6ms/hr=0x00000000] window_ms=3002 total=0 WM_SETTINGCHANGE=0 WM_DISPLAYCHANGE=0 WM_THEMECHANGED=0 WM_DWMCOLORIZATIONCOLORCHANGED=0 WM_SYSCOLORCHANGE=0 other=0
2026-10-03T16:12:42.919+08:00 CYCLE n=1722 label=set start=2026-10-03T16:12:39.904+08:00 sets=[mon1=B@+0.8ms/2.6ms/hr=0x00000000] window_ms=3004 total=0 WM_SETTINGCHANGE=0 WM_DISPLAYCHANGE=0 WM_THEMECHANGED=0 WM_DWMCOLORIZATIONCOLORCHANGED=0 WM_SYSCOLORCHANGE=0 other=0
2026-10-03T16:12:52.880+08:00 CYCLE n=1723 label=set start=2026-10-03T16:12:49.868+08:00 sets=[mon1=A@+0.4ms/2.1ms/hr=0x00000000] window_ms=3003 total=0 WM_SETTINGCHANGE=0 WM_DISPLAYCHANGE=0 WM_THEMECHANGED=0 WM_DWMCOLORIZATIONCOLORCHANGED=0 WM_SYSCOLORCHANGE=0 other=0
2026-10-03T16:13:02.848+08:00 CYCLE n=1724 label=set start=2026-10-03T16:12:59.837+08:00 sets=[mon1=B@+0.6ms/1.3ms/hr=0x00000000] window_ms=3002 total=0 WM_SETTINGCHANGE=0 WM_DISPLAYCHANGE=0 WM_THEMECHANGED=0 WM_DWMCOLORIZATIONCOLORCHANGED=0 WM_SYSCOLORCHANGE=0 other=0
2026-10-03T16:13:12.914+08:00 CYCLE n=1725 label=set start=2026-10-03T16:13:09.900+08:00 sets=[mon1=A@+0.4ms/1.8ms/hr=0x00000000] window_ms=3002 total=0 WM_SETTINGCHANGE=0 WM_DISPLAYCHANGE=0 WM_THEMECHANGED=0 WM_DWMCOLORIZATIONCOLORCHANGED=0 WM_SYSCOLORCHANGE=0 other=0
2026-10-03T16:13:22.888+08:00 CYCLE n=1726 label=set start=2026-10-03T16:13:19.874+08:00 sets=[mon1=B@+0.6ms/2.2ms/hr=0x00000000] window_ms=3003 total=0 WM_SETTINGCHANGE=0 WM_DISPLAYCHANGE=0 WM_THEMECHANGED=0 WM_DWMCOLORIZATIONCOLORCHANGED=0 WM_SYSCOLORCHANGE=0 other=0
2026-10-03T16:13:32.847+08:00 CYCLE n=1727 label=set start=2026-10-03T16:13:29.834+08:00 sets=[mon1=A@+0.9ms/2.7ms/hr=0x00000000] window_ms=3004 total=0 WM_SETTINGCHANGE=0 WM_DISPLAYCHANGE=0 WM_THEMECHANGED=0 WM_DWMCOLORIZATIONCOLORCHANGED=0 WM_SYSCOLORCHANGE=0 other=0
2026-10-03T16:13:42.911+08:00 CYCLE n=1728 label=set start=2026-10-03T16:13:39.896+08:00 sets=[mon1=B@+1.1ms/2.8ms/hr=0x00000000] window_ms=3005 total=0 WM_SETTINGCHANGE=0 WM_DISPLAYCHANGE=0 WM_THEMECHANGED=0 WM_DWMCOLORIZATIONCOLORCHANGED=0 WM_SYSCOLORCHANGE=0 other=0
2026-10-03T16:13:52.884+08:00 CYCLE n=1729 label=set start=2026-10-03T16:13:49.869+08:00 sets=[mon1=A@+1.0ms/2.9ms/hr=0x00000000] window_ms=3004 total=0 WM_SETTINGCHANGE=0 WM_DISPLAYCHANGE=0 WM_THEMECHANGED=0 WM_DWMCOLORIZATIONCOLORCHANGED=0 WM_SYSCOLORCHANGE=0 other=0
2026-10-03T16:14:02.857+08:00 CYCLE n=1730 label=set start=2026-10-03T16:13:59.843+08:00 sets=[mon1=B@+0.5ms/1.9ms/hr=0x00000000] window_ms=3003 total=0 WM_SETTINGCHANGE=0 WM_DISPLAYCHANGE=0 WM_THEMECHANGED=0 WM_DWMCOLORIZATIONCOLORCHANGED=0 WM_SYSCOLORCHANGE=0 other=0
2026-10-03T16:14:12.828+08:00 CYCLE n=1731 label=set start=2026-10-03T16:14:09.814+08:00 sets=[mon1=A@+0.4ms/2.3ms/hr=0x00000000] window_ms=3003 total=0 WM_SETTINGCHANGE=0 WM_DISPLAYCHANGE=0 WM_THEMECHANGED=0 WM_DWMCOLORIZATIONCOLORCHANGED=0 WM_SYSCOLORCHANGE=0 other=0
2026-10-03T16:14:22.905+08:00 CYCLE n=1732 label=set start=2026-10-03T16:14:19.890+08:00 sets=[mon1=B@+1.0ms/3.1ms/hr=0x00000000] window_ms=3004 total=0 WM_SETTINGCHANGE=0 WM_DISPLAYCHANGE=0 WM_THEMECHANGED=0 WM_DWMCOLORIZATIONCOLORCHANGED=0 WM_SYSCOLORCHANGE=0 other=0
2026-10-03T16:14:32.869+08:00 CYCLE n=1733 label=set start=2026-10-03T16:14:29.855+08:00 sets=[mon1=A@+0.8ms/3.0ms/hr=0x00000000] window_ms=3004 total=0 WM_SETTINGCHANGE=0 WM_DISPLAYCHANGE=0 WM_THEMECHANGED=0 WM_DWMCOLORIZATIONCOLORCHANGED=0 WM_SYSCOLORCHANGE=0 other=0
2026-10-03T16:14:42.838+08:00 CYCLE n=1734 label=set start=2026-10-03T16:14:39.825+08:00 sets=[mon1=B@+0.5ms/1.6ms/hr=0x00000000] window_ms=3003 total=0 WM_SETTINGCHANGE=0 WM_DISPLAYCHANGE=0 WM_THEMECHANGED=0 WM_DWMCOLORIZATIONCOLORCHANGED=0 WM_SYSCOLORCHANGE=0 other=0
2026-10-03T16:14:52.908+08:00 CYCLE n=1735 label=set start=2026-10-03T16:14:49.895+08:00 sets=[mon1=A@+0.4ms/1.3ms/hr=0x00000000] window_ms=3002 total=0 WM_SETTINGCHANGE=0 WM_DISPLAYCHANGE=0 WM_THEMECHANGED=0 WM_DWMCOLORIZATIONCOLORCHANGED=0 WM_SYSCOLORCHANGE=0 other=0
2026-10-03T16:15:02.874+08:00 CYCLE n=1736 label=set start=2026-10-03T16:14:59.862+08:00 sets=[mon1=B@+0.4ms/1.8ms/hr=0x00000000] window_ms=3002 total=0 WM_SETTINGCHANGE=0 WM_DISPLAYCHANGE=0 WM_THEMECHANGED=0 WM_DWMCOLORIZATIONCOLORCHANGED=0 WM_SYSCOLORCHANGE=0 other=0
2026-10-03T16:15:12.839+08:00 CYCLE n=1737 label=set start=2026-10-03T16:15:09.826+08:00 sets=[mon1=A@+0.7ms/2.6ms/hr=0x00000000] window_ms=3004 total=0 WM_SETTINGCHANGE=0 WM_DISPLAYCHANGE=0 WM_THEMECHANGED=0 WM_DWMCOLORIZATIONCOLORCHANGED=0 WM_SYSCOLORCHANGE=0 other=0
2026-10-03T16:15:22.912+08:00 CYCLE n=1738 label=set start=2026-10-03T16:15:19.897+08:00 sets=[mon1=B@+1.0ms/3.0ms/hr=0x00000000] window_ms=3004 total=0 WM_SETTINGCHANGE=0 WM_DISPLAYCHANGE=0 WM_THEMECHANGED=0 WM_DWMCOLORIZATIONCOLORCHANGED=0 WM_SYSCOLORCHANGE=0 other=0
2026-10-03T16:15:32.873+08:00 CYCLE n=1739 label=set start=2026-10-03T16:15:29.860+08:00 sets=[mon1=A@+0.5ms/2.0ms/hr=0x00000000] window_ms=3003 total=0 WM_SETTINGCHANGE=0 WM_DISPLAYCHANGE=0 WM_THEMECHANGED=0 WM_DWMCOLORIZATIONCOLORCHANGED=0 WM_SYSCOLORCHANGE=0 other=0
2026-10-03T16:15:42.839+08:00 CYCLE n=1740 label=set start=2026-10-03T16:15:39.823+08:00 sets=[mon1=B@+1.2ms/2.7ms/hr=0x00000000] window_ms=3004 total=0 WM_SETTINGCHANGE=0 WM_DISPLAYCHANGE=0 WM_THEMECHANGED=0 WM_DWMCOLORIZATIONCOLORCHANGED=0 WM_SYSCOLORCHANGE=0 other=0
2026-10-03T16:15:52.905+08:00 CYCLE n=1741 label=set start=2026-10-03T16:15:49.892+08:00 sets=[mon1=A@+0.5ms/1.7ms/hr=0x00000000] window_ms=3002 total=0 WM_SETTINGCHANGE=0 WM_DISPLAYCHANGE=0 WM_THEMECHANGED=0 WM_DWMCOLORIZATIONCOLORCHANGED=0 WM_SYSCOLORCHANGE=0 other=0
2026-10-03T16:16:02.867+08:00 CYCLE n=1742 label=set start=2026-10-03T16:15:59.854+08:00 sets=[mon1=B@+0.4ms/1.6ms/hr=0x00000000] window_ms=3002 total=0 WM_SETTINGCHANGE=0 WM_DISPLAYCHANGE=0 WM_THEMECHANGED=0 WM_DWMCOLORIZATIONCOLORCHANGED=0 WM_SYSCOLORCHANGE=0 other=0
2026-10-03T16:16:12.834+08:00 CYCLE n=1743 label=set start=2026-10-03T16:16:09.820+08:00 sets=[mon1=A@+1.3ms/2.8ms/hr=0x00000000] window_ms=3004 total=0 WM_SETTINGCHANGE=0 WM_DISPLAYCHANGE=0 WM_THEMECHANGED=0 WM_DWMCOLORIZATIONCOLORCHANGED=0 WM_SYSCOLORCHANGE=0 other=0
2026-10-03T16:16:22.904+08:00 CYCLE n=1744 label=set start=2026-10-03T16:16:19.888+08:00 sets=[mon1=B@+0.9ms/2.9ms/hr=0x00000000] window_ms=3004 total=0 WM_SETTINGCHANGE=0 WM_DISPLAYCHANGE=0 WM_THEMECHANGED=0 WM_DWMCOLORIZATIONCOLORCHANGED=0 WM_SYSCOLORCHANGE=0 other=0
2026-10-03T16:16:32.877+08:00 CYCLE n=1745 label=set start=2026-10-03T16:16:29.862+08:00 sets=[mon1=A@+1.0ms/2.8ms/hr=0x00000000] window_ms=3004 total=0 WM_SETTINGCHANGE=0 WM_DISPLAYCHANGE=0 WM_THEMECHANGED=0 WM_DWMCOLORIZATIONCOLORCHANGED=0 WM_SYSCOLORCHANGE=0 other=0
2026-10-03T16:16:42.849+08:00 CYCLE n=1746 label=set start=2026-10-03T16:16:39.833+08:00 sets=[mon1=B@+1.4ms/2.8ms/hr=0x00000000] window_ms=3004 total=0 WM_SETTINGCHANGE=0 WM_DISPLAYCHANGE=0 WM_THEMECHANGED=0 WM_DWMCOLORIZATIONCOLORCHANGED=0 WM_SYSCOLORCHANGE=0 other=0
2026-10-03T16:16:52.823+08:00 CYCLE n=1747 label=set start=2026-10-03T16:16:49.809+08:00 sets=[mon1=A@+0.4ms/1.3ms/hr=0x00000000] window_ms=3002 total=0 WM_SETTINGCHANGE=0 WM_DISPLAYCHANGE=0 WM_THEMECHANGED=0 WM_DWMCOLORIZATIONCOLORCHANGED=0 WM_SYSCOLORCHANGE=0 other=0
2026-10-03T16:17:02.894+08:00 CYCLE n=1748 label=set start=2026-10-03T16:16:59.881+08:00 sets=[mon1=B@+0.3ms/2.1ms/hr=0x00000000] window_ms=3003 total=0 WM_SETTINGCHANGE=0 WM_DISPLAYCHANGE=0 WM_THEMECHANGED=0 WM_DWMCOLORIZATIONCOLORCHANGED=0 WM_SYSCOLORCHANGE=0 other=0
2026-10-03T16:17:12.865+08:00 CYCLE n=1749 label=set start=2026-10-03T16:17:09.851+08:00 sets=[mon1=A@+0.7ms/2.8ms/hr=0x00000000] window_ms=3004 total=0 WM_SETTINGCHANGE=0 WM_DISPLAYCHANGE=0 WM_THEMECHANGED=0 WM_DWMCOLORIZATIONCOLORCHANGED=0 WM_SYSCOLORCHANGE=0 other=0
2026-10-03T16:17:22.832+08:00 CYCLE n=1750 label=set start=2026-10-03T16:17:19.817+08:00 sets=[mon1=B@+0.5ms/1.9ms/hr=0x00000000] window_ms=3003 total=0 WM_SETTINGCHANGE=0 WM_DISPLAYCHANGE=0 WM_THEMECHANGED=0 WM_DWMCOLORIZATIONCOLORCHANGED=0 WM_SYSCOLORCHANGE=0 other=0
2026-10-03T16:17:32.903+08:00 CYCLE n=1751 label=set start=2026-10-03T16:17:29.890+08:00 sets=[mon1=A@+0.7ms/2.5ms/hr=0x00000000] window_ms=3004 total=0 WM_SETTINGCHANGE=0 WM_DISPLAYCHANGE=0 WM_THEMECHANGED=0 WM_DWMCOLORIZATIONCOLORCHANGED=0 WM_SYSCOLORCHANGE=0 other=0
2026-10-03T16:17:42.875+08:00 CYCLE n=1752 label=set start=2026-10-03T16:17:39.861+08:00 sets=[mon1=B@+0.6ms/1.8ms/hr=0x00000000] window_ms=3003 total=0 WM_SETTINGCHANGE=0 WM_DISPLAYCHANGE=0 WM_THEMECHANGED=0 WM_DWMCOLORIZATIONCOLORCHANGED=0 WM_SYSCOLORCHANGE=0 other=0
2026-10-03T16:17:52.850+08:00 CYCLE n=1753 label=set start=2026-10-03T16:17:49.836+08:00 sets=[mon1=A@+1.3ms/1.7ms/hr=0x00000000] window_ms=3003 total=0 WM_SETTINGCHANGE=0 WM_DISPLAYCHANGE=0 WM_THEMECHANGED=0 WM_DWMCOLORIZATIONCOLORCHANGED=0 WM_SYSCOLORCHANGE=0 other=0
2026-10-03T16:18:02.827+08:00 CYCLE n=1754 label=set start=2026-10-03T16:17:59.817+08:00 sets=[mon1=B@+0.5ms/1.8ms/hr=0x00000000] window_ms=3003 total=0 WM_SETTINGCHANGE=0 WM_DISPLAYCHANGE=0 WM_THEMECHANGED=0 WM_DWMCOLORIZATIONCOLORCHANGED=0 WM_SYSCOLORCHANGE=0 other=0
2026-10-03T16:18:12.889+08:00 CYCLE n=1755 label=set start=2026-10-03T16:18:09.876+08:00 sets=[mon1=A@+0.9ms/2.3ms/hr=0x00000000] window_ms=3003 total=0 WM_SETTINGCHANGE=0 WM_DISPLAYCHANGE=0 WM_THEMECHANGED=0 WM_DWMCOLORIZATIONCOLORCHANGED=0 WM_SYSCOLORCHANGE=0 other=0
2026-10-03T16:18:22.848+08:00 CYCLE n=1756 label=set start=2026-10-03T16:18:19.834+08:00 sets=[mon1=B@+0.4ms/1.8ms/hr=0x00000000] window_ms=3003 total=0 WM_SETTINGCHANGE=0 WM_DISPLAYCHANGE=0 WM_THEMECHANGED=0 WM_DWMCOLORIZATIONCOLORCHANGED=0 WM_SYSCOLORCHANGE=0 other=0
2026-10-03T16:18:32.913+08:00 CYCLE n=1757 label=set start=2026-10-03T16:18:29.900+08:00 sets=[mon1=A@+0.4ms/1.7ms/hr=0x00000000] window_ms=3002 total=0 WM_SETTINGCHANGE=0 WM_DISPLAYCHANGE=0 WM_THEMECHANGED=0 WM_DWMCOLORIZATIONCOLORCHANGED=0 WM_SYSCOLORCHANGE=0 other=0
2026-10-03T16:18:42.886+08:00 CYCLE n=1758 label=set start=2026-10-03T16:18:39.872+08:00 sets=[mon1=B@+0.5ms/2.0ms/hr=0x00000000] window_ms=3003 total=0 WM_SETTINGCHANGE=0 WM_DISPLAYCHANGE=0 WM_THEMECHANGED=0 WM_DWMCOLORIZATIONCOLORCHANGED=0 WM_SYSCOLORCHANGE=0 other=0
2026-10-03T16:18:52.846+08:00 CYCLE n=1759 label=set start=2026-10-03T16:18:49.834+08:00 sets=[mon1=A@+0.5ms/1.9ms/hr=0x00000000] window_ms=3003 total=0 WM_SETTINGCHANGE=0 WM_DISPLAYCHANGE=0 WM_THEMECHANGED=0 WM_DWMCOLORIZATIONCOLORCHANGED=0 WM_SYSCOLORCHANGE=0 other=0
2026-10-03T16:19:02.912+08:00 CYCLE n=1760 label=set start=2026-10-03T16:18:59.896+08:00 sets=[mon1=B@+0.9ms/2.9ms/hr=0x00000000] window_ms=3004 total=0 WM_SETTINGCHANGE=0 WM_DISPLAYCHANGE=0 WM_THEMECHANGED=0 WM_DWMCOLORIZATIONCOLORCHANGED=0 WM_SYSCOLORCHANGE=0 other=0
2026-10-03T16:19:12.875+08:00 CYCLE n=1761 label=set start=2026-10-03T16:19:09.861+08:00 sets=[mon1=A@+0.7ms/2.4ms/hr=0x00000000] window_ms=3003 total=0 WM_SETTINGCHANGE=0 WM_DISPLAYCHANGE=0 WM_THEMECHANGED=0 WM_DWMCOLORIZATIONCOLORCHANGED=0 WM_SYSCOLORCHANGE=0 other=0
2026-10-03T16:19:22.841+08:00 CYCLE n=1762 label=set start=2026-10-03T16:19:19.827+08:00 sets=[mon1=B@+0.9ms/2.6ms/hr=0x00000000] window_ms=3004 total=0 WM_SETTINGCHANGE=0 WM_DISPLAYCHANGE=0 WM_THEMECHANGED=0 WM_DWMCOLORIZATIONCOLORCHANGED=0 WM_SYSCOLORCHANGE=0 other=0
2026-10-03T16:19:32.915+08:00 CYCLE n=1763 label=set start=2026-10-03T16:19:29.902+08:00 sets=[mon1=A@+0.6ms/2.0ms/hr=0x00000000] window_ms=3003 total=0 WM_SETTINGCHANGE=0 WM_DISPLAYCHANGE=0 WM_THEMECHANGED=0 WM_DWMCOLORIZATIONCOLORCHANGED=0 WM_SYSCOLORCHANGE=0 other=0
2026-10-03T16:19:42.884+08:00 CYCLE n=1764 label=set start=2026-10-03T16:19:39.868+08:00 sets=[mon1=B@+0.4ms/1.9ms/hr=0x00000000] window_ms=3003 total=0 WM_SETTINGCHANGE=0 WM_DISPLAYCHANGE=0 WM_THEMECHANGED=0 WM_DWMCOLORIZATIONCOLORCHANGED=0 WM_SYSCOLORCHANGE=0 other=0
2026-10-03T16:19:52.847+08:00 CYCLE n=1765 label=set start=2026-10-03T16:19:49.833+08:00 sets=[mon1=A@+0.4ms/1.8ms/hr=0x00000000] window_ms=3002 total=0 WM_SETTINGCHANGE=0 WM_DISPLAYCHANGE=0 WM_THEMECHANGED=0 WM_DWMCOLORIZATIONCOLORCHANGED=0 WM_SYSCOLORCHANGE=0 other=0
2026-10-03T16:20:02.911+08:00 CYCLE n=1766 label=set start=2026-10-03T16:19:59.898+08:00 sets=[mon1=B@+0.4ms/1.4ms/hr=0x00000000] window_ms=3002 total=0 WM_SETTINGCHANGE=0 WM_DISPLAYCHANGE=0 WM_THEMECHANGED=0 WM_DWMCOLORIZATIONCOLORCHANGED=0 WM_SYSCOLORCHANGE=0 other=0
2026-10-03T16:20:12.876+08:00 CYCLE n=1767 label=set start=2026-10-03T16:20:09.864+08:00 sets=[mon1=A@+0.4ms/1.8ms/hr=0x00000000] window_ms=3002 total=0 WM_SETTINGCHANGE=0 WM_DISPLAYCHANGE=0 WM_THEMECHANGED=0 WM_DWMCOLORIZATIONCOLORCHANGED=0 WM_SYSCOLORCHANGE=0 other=0
2026-10-03T16:20:22.841+08:00 CYCLE n=1768 label=set start=2026-10-03T16:20:19.827+08:00 sets=[mon1=B@+0.5ms/1.9ms/hr=0x00000000] window_ms=3003 total=0 WM_SETTINGCHANGE=0 WM_DISPLAYCHANGE=0 WM_THEMECHANGED=0 WM_DWMCOLORIZATIONCOLORCHANGED=0 WM_SYSCOLORCHANGE=0 other=0
2026-10-03T16:20:32.909+08:00 CYCLE n=1769 label=set start=2026-10-03T16:20:29.893+08:00 sets=[mon1=A@+0.5ms/2.3ms/hr=0x00000000] window_ms=3003 total=0 WM_SETTINGCHANGE=0 WM_DISPLAYCHANGE=0 WM_THEMECHANGED=0 WM_DWMCOLORIZATIONCOLORCHANGED=0 WM_SYSCOLORCHANGE=0 other=0
2026-10-03T16:20:42.877+08:00 CYCLE n=1770 label=set start=2026-10-03T16:20:39.863+08:00 sets=[mon1=B@+0.4ms/2.0ms/hr=0x00000000] window_ms=3003 total=0 WM_SETTINGCHANGE=0 WM_DISPLAYCHANGE=0 WM_THEMECHANGED=0 WM_DWMCOLORIZATIONCOLORCHANGED=0 WM_SYSCOLORCHANGE=0 other=0
2026-10-03T16:20:52.857+08:00 CYCLE n=1771 label=set start=2026-10-03T16:20:49.843+08:00 sets=[mon1=A@+1.0ms/2.6ms/hr=0x00000000] window_ms=3004 total=0 WM_SETTINGCHANGE=0 WM_DISPLAYCHANGE=0 WM_THEMECHANGED=0 WM_DWMCOLORIZATIONCOLORCHANGED=0 WM_SYSCOLORCHANGE=0 other=0
2026-10-03T16:21:02.825+08:00 CYCLE n=1772 label=set start=2026-10-03T16:20:59.809+08:00 sets=[mon1=B@+1.3ms/3.2ms/hr=0x00000000] window_ms=3005 total=0 WM_SETTINGCHANGE=0 WM_DISPLAYCHANGE=0 WM_THEMECHANGED=0 WM_DWMCOLORIZATIONCOLORCHANGED=0 WM_SYSCOLORCHANGE=0 other=0
2026-10-03T16:21:12.883+08:00 CYCLE n=1773 label=set start=2026-10-03T16:21:09.870+08:00 sets=[mon1=A@+0.6ms/2.4ms/hr=0x00000000] window_ms=3003 total=0 WM_SETTINGCHANGE=0 WM_DISPLAYCHANGE=0 WM_THEMECHANGED=0 WM_DWMCOLORIZATIONCOLORCHANGED=0 WM_SYSCOLORCHANGE=0 other=0
2026-10-03T16:21:22.859+08:00 CYCLE n=1774 label=set start=2026-10-03T16:21:19.844+08:00 sets=[mon1=B@+1.1ms/2.5ms/hr=0x00000000] window_ms=3004 total=0 WM_SETTINGCHANGE=0 WM_DISPLAYCHANGE=0 WM_THEMECHANGED=0 WM_DWMCOLORIZATIONCOLORCHANGED=0 WM_SYSCOLORCHANGE=0 other=0
2026-10-03T16:21:32.837+08:00 CYCLE n=1775 label=set start=2026-10-03T16:21:29.823+08:00 sets=[mon1=A@+0.5ms/2.2ms/hr=0x00000000] window_ms=3003 total=0 WM_SETTINGCHANGE=0 WM_DISPLAYCHANGE=0 WM_THEMECHANGED=0 WM_DWMCOLORIZATIONCOLORCHANGED=0 WM_SYSCOLORCHANGE=0 other=0
2026-10-03T16:21:42.914+08:00 CYCLE n=1776 label=set start=2026-10-03T16:21:39.901+08:00 sets=[mon1=B@+0.6ms/1.8ms/hr=0x00000000] window_ms=3003 total=0 WM_SETTINGCHANGE=0 WM_DISPLAYCHANGE=0 WM_THEMECHANGED=0 WM_DWMCOLORIZATIONCOLORCHANGED=0 WM_SYSCOLORCHANGE=0 other=0
2026-10-03T16:21:52.880+08:00 CYCLE n=1777 label=set start=2026-10-03T16:21:49.863+08:00 sets=[mon1=A@+0.9ms/2.9ms/hr=0x00000000] window_ms=3004 total=0 WM_SETTINGCHANGE=0 WM_DISPLAYCHANGE=0 WM_THEMECHANGED=0 WM_DWMCOLORIZATIONCOLORCHANGED=0 WM_SYSCOLORCHANGE=0 other=0
2026-10-03T16:22:02.850+08:00 CYCLE n=1778 label=set start=2026-10-03T16:21:59.837+08:00 sets=[mon1=B@+0.5ms/1.5ms/hr=0x00000000] window_ms=3002 total=0 WM_SETTINGCHANGE=0 WM_DISPLAYCHANGE=0 WM_THEMECHANGED=0 WM_DWMCOLORIZATIONCOLORCHANGED=0 WM_SYSCOLORCHANGE=0 other=0
2026-10-03T16:22:12.917+08:00 CYCLE n=1779 label=set start=2026-10-03T16:22:09.903+08:00 sets=[mon1=A@+1.2ms/2.5ms/hr=0x00000000] window_ms=3004 total=0 WM_SETTINGCHANGE=0 WM_DISPLAYCHANGE=0 WM_THEMECHANGED=0 WM_DWMCOLORIZATIONCOLORCHANGED=0 WM_SYSCOLORCHANGE=0 other=0
2026-10-03T16:22:22.880+08:00 CYCLE n=1780 label=set start=2026-10-03T16:22:19.868+08:00 sets=[mon1=B@+0.6ms/1.3ms/hr=0x00000000] window_ms=3002 total=0 WM_SETTINGCHANGE=0 WM_DISPLAYCHANGE=0 WM_THEMECHANGED=0 WM_DWMCOLORIZATIONCOLORCHANGED=0 WM_SYSCOLORCHANGE=0 other=0
2026-10-03T16:22:32.847+08:00 CYCLE n=1781 label=set start=2026-10-03T16:22:29.834+08:00 sets=[mon1=A@+0.4ms/1.9ms/hr=0x00000000] window_ms=3002 total=0 WM_SETTINGCHANGE=0 WM_DISPLAYCHANGE=0 WM_THEMECHANGED=0 WM_DWMCOLORIZATIONCOLORCHANGED=0 WM_SYSCOLORCHANGE=0 other=0
2026-10-03T16:22:42.818+08:00 CYCLE n=1782 label=set start=2026-10-03T16:22:39.807+08:00 sets=[mon1=B@+0.5ms/1.5ms/hr=0x00000000] window_ms=3002 total=0 WM_SETTINGCHANGE=0 WM_DISPLAYCHANGE=0 WM_THEMECHANGED=0 WM_DWMCOLORIZATIONCOLORCHANGED=0 WM_SYSCOLORCHANGE=0 other=0
2026-10-03T16:22:52.877+08:00 CYCLE n=1783 label=set start=2026-10-03T16:22:49.863+08:00 sets=[mon1=A@+0.4ms/2.2ms/hr=0x00000000] window_ms=3003 total=0 WM_SETTINGCHANGE=0 WM_DISPLAYCHANGE=0 WM_THEMECHANGED=0 WM_DWMCOLORIZATIONCOLORCHANGED=0 WM_SYSCOLORCHANGE=0 other=0
2026-10-03T16:23:02.843+08:00 CYCLE n=1784 label=set start=2026-10-03T16:22:59.828+08:00 sets=[mon1=B@+0.7ms/2.7ms/hr=0x00000000] window_ms=3004 total=0 WM_SETTINGCHANGE=0 WM_DISPLAYCHANGE=0 WM_THEMECHANGED=0 WM_DWMCOLORIZATIONCOLORCHANGED=0 WM_SYSCOLORCHANGE=0 other=0
2026-10-03T16:23:12.908+08:00 CYCLE n=1785 label=set start=2026-10-03T16:23:09.895+08:00 sets=[mon1=A@+0.4ms/1.7ms/hr=0x00000000] window_ms=3002 total=0 WM_SETTINGCHANGE=0 WM_DISPLAYCHANGE=0 WM_THEMECHANGED=0 WM_DWMCOLORIZATIONCOLORCHANGED=0 WM_SYSCOLORCHANGE=0 other=0
2026-10-03T16:23:22.879+08:00 CYCLE n=1786 label=set start=2026-10-03T16:23:19.866+08:00 sets=[mon1=B@+0.9ms/1.9ms/hr=0x00000000] window_ms=3003 total=0 WM_SETTINGCHANGE=0 WM_DISPLAYCHANGE=0 WM_THEMECHANGED=0 WM_DWMCOLORIZATIONCOLORCHANGED=0 WM_SYSCOLORCHANGE=0 other=0
2026-10-03T16:23:32.842+08:00 CYCLE n=1787 label=set start=2026-10-03T16:23:29.830+08:00 sets=[mon1=A@+0.3ms/1.9ms/hr=0x00000000] window_ms=3002 total=0 WM_SETTINGCHANGE=0 WM_DISPLAYCHANGE=0 WM_THEMECHANGED=0 WM_DWMCOLORIZATIONCOLORCHANGED=0 WM_SYSCOLORCHANGE=0 other=0
2026-10-03T16:23:42.902+08:00 CYCLE n=1788 label=set start=2026-10-03T16:23:39.888+08:00 sets=[mon1=B@+0.3ms/1.8ms/hr=0x00000000] window_ms=3002 total=0 WM_SETTINGCHANGE=0 WM_DISPLAYCHANGE=0 WM_THEMECHANGED=0 WM_DWMCOLORIZATIONCOLORCHANGED=0 WM_SYSCOLORCHANGE=0 other=0
2026-10-03T16:23:52.863+08:00 CYCLE n=1789 label=set start=2026-10-03T16:23:49.851+08:00 sets=[mon1=A@+0.6ms/2.1ms/hr=0x00000000] window_ms=3003 total=0 WM_SETTINGCHANGE=0 WM_DISPLAYCHANGE=0 WM_THEMECHANGED=0 WM_DWMCOLORIZATIONCOLORCHANGED=0 WM_SYSCOLORCHANGE=0 other=0
2026-10-03T16:24:02.830+08:00 CYCLE n=1790 label=set start=2026-10-03T16:23:59.817+08:00 sets=[mon1=B@+0.4ms/1.7ms/hr=0x00000000] window_ms=3002 total=0 WM_SETTINGCHANGE=0 WM_DISPLAYCHANGE=0 WM_THEMECHANGED=0 WM_DWMCOLORIZATIONCOLORCHANGED=0 WM_SYSCOLORCHANGE=0 other=0
2026-10-03T16:24:12.892+08:00 CYCLE n=1791 label=set start=2026-10-03T16:24:09.879+08:00 sets=[mon1=A@+0.5ms/2.2ms/hr=0x00000000] window_ms=3003 total=0 WM_SETTINGCHANGE=0 WM_DISPLAYCHANGE=0 WM_THEMECHANGED=0 WM_DWMCOLORIZATIONCOLORCHANGED=0 WM_SYSCOLORCHANGE=0 other=0
2026-10-03T16:24:22.854+08:00 CYCLE n=1792 label=set start=2026-10-03T16:24:19.843+08:00 sets=[mon1=B@+0.7ms/2.5ms/hr=0x00000000] window_ms=3004 total=0 WM_SETTINGCHANGE=0 WM_DISPLAYCHANGE=0 WM_THEMECHANGED=0 WM_DWMCOLORIZATIONCOLORCHANGED=0 WM_SYSCOLORCHANGE=0 other=0
2026-10-03T16:24:32.917+08:00 CYCLE n=1793 label=set start=2026-10-03T16:24:29.906+08:00 sets=[mon1=A@+0.4ms/1.8ms/hr=0x00000000] window_ms=3002 total=0 WM_SETTINGCHANGE=0 WM_DISPLAYCHANGE=0 WM_THEMECHANGED=0 WM_DWMCOLORIZATIONCOLORCHANGED=0 WM_SYSCOLORCHANGE=0 other=0
2026-10-03T16:24:42.876+08:00 CYCLE n=1794 label=set start=2026-10-03T16:24:39.864+08:00 sets=[mon1=B@+0.8ms/2.4ms/hr=0x00000000] window_ms=3004 total=0 WM_SETTINGCHANGE=0 WM_DISPLAYCHANGE=0 WM_THEMECHANGED=0 WM_DWMCOLORIZATIONCOLORCHANGED=0 WM_SYSCOLORCHANGE=0 other=0
2026-10-03T16:24:52.839+08:00 CYCLE n=1795 label=set start=2026-10-03T16:24:49.827+08:00 sets=[mon1=A@+0.5ms/1.9ms/hr=0x00000000] window_ms=3003 total=0 WM_SETTINGCHANGE=0 WM_DISPLAYCHANGE=0 WM_THEMECHANGED=0 WM_DWMCOLORIZATIONCOLORCHANGED=0 WM_SYSCOLORCHANGE=0 other=0
2026-10-03T16:25:02.903+08:00 CYCLE n=1796 label=set start=2026-10-03T16:24:59.890+08:00 sets=[mon1=B@+1.0ms/2.9ms/hr=0x00000000] window_ms=3004 total=0 WM_SETTINGCHANGE=0 WM_DISPLAYCHANGE=0 WM_THEMECHANGED=0 WM_DWMCOLORIZATIONCOLORCHANGED=0 WM_SYSCOLORCHANGE=0 other=0
2026-10-03T16:25:12.868+08:00 CYCLE n=1797 label=set start=2026-10-03T16:25:09.854+08:00 sets=[mon1=A@+1.3ms/2.9ms/hr=0x00000000] window_ms=3004 total=0 WM_SETTINGCHANGE=0 WM_DISPLAYCHANGE=0 WM_THEMECHANGED=0 WM_DWMCOLORIZATIONCOLORCHANGED=0 WM_SYSCOLORCHANGE=0 other=0
2026-10-03T16:25:22.838+08:00 CYCLE n=1798 label=set start=2026-10-03T16:25:19.824+08:00 sets=[mon1=B@+0.3ms/1.5ms/hr=0x00000000] window_ms=3002 total=0 WM_SETTINGCHANGE=0 WM_DISPLAYCHANGE=0 WM_THEMECHANGED=0 WM_DWMCOLORIZATIONCOLORCHANGED=0 WM_SYSCOLORCHANGE=0 other=0
2026-10-03T16:25:32.906+08:00 CYCLE n=1799 label=set start=2026-10-03T16:25:29.894+08:00 sets=[mon1=A@+0.3ms/1.9ms/hr=0x00000000] window_ms=3002 total=0 WM_SETTINGCHANGE=0 WM_DISPLAYCHANGE=0 WM_THEMECHANGED=0 WM_DWMCOLORIZATIONCOLORCHANGED=0 WM_SYSCOLORCHANGE=0 other=0
2026-10-03T16:25:42.885+08:00 CYCLE n=1800 label=set start=2026-10-03T16:25:39.869+08:00 sets=[mon1=B@+0.8ms/2.4ms/hr=0x00000000] window_ms=3004 total=0 WM_SETTINGCHANGE=0 WM_DISPLAYCHANGE=0 WM_THEMECHANGED=0 WM_DWMCOLORIZATIONCOLORCHANGED=0 WM_SYSCOLORCHANGE=0 other=0
2026-10-03T16:25:52.850+08:00 CYCLE n=1801 label=set start=2026-10-03T16:25:49.837+08:00 sets=[mon1=A@+0.5ms/1.7ms/hr=0x00000000] window_ms=3002 total=0 WM_SETTINGCHANGE=0 WM_DISPLAYCHANGE=0 WM_THEMECHANGED=0 WM_DWMCOLORIZATIONCOLORCHANGED=0 WM_SYSCOLORCHANGE=0 other=0
2026-10-03T16:26:02.916+08:00 CYCLE n=1802 label=set start=2026-10-03T16:25:59.902+08:00 sets=[mon1=B@+0.5ms/2.0ms/hr=0x00000000] window_ms=3003 total=0 WM_SETTINGCHANGE=0 WM_DISPLAYCHANGE=0 WM_THEMECHANGED=0 WM_DWMCOLORIZATIONCOLORCHANGED=0 WM_SYSCOLORCHANGE=0 other=0
2026-10-03T16:26:12.880+08:00 CYCLE n=1803 label=set start=2026-10-03T16:26:09.866+08:00 sets=[mon1=A@+0.7ms/2.6ms/hr=0x00000000] window_ms=3003 total=0 WM_SETTINGCHANGE=0 WM_DISPLAYCHANGE=0 WM_THEMECHANGED=0 WM_DWMCOLORIZATIONCOLORCHANGED=0 WM_SYSCOLORCHANGE=0 other=0
2026-10-03T16:26:22.846+08:00 CYCLE n=1804 label=set start=2026-10-03T16:26:19.834+08:00 sets=[mon1=B@+0.5ms/1.7ms/hr=0x00000000] window_ms=3003 total=0 WM_SETTINGCHANGE=0 WM_DISPLAYCHANGE=0 WM_THEMECHANGED=0 WM_DWMCOLORIZATIONCOLORCHANGED=0 WM_SYSCOLORCHANGE=0 other=0
2026-10-03T16:26:32.912+08:00 CYCLE n=1805 label=set start=2026-10-03T16:26:29.900+08:00 sets=[mon1=A@+0.3ms/2.3ms/hr=0x00000000] window_ms=3003 total=0 WM_SETTINGCHANGE=0 WM_DISPLAYCHANGE=0 WM_THEMECHANGED=0 WM_DWMCOLORIZATIONCOLORCHANGED=0 WM_SYSCOLORCHANGE=0 other=0
2026-10-03T16:26:42.881+08:00 CYCLE n=1806 label=set start=2026-10-03T16:26:39.869+08:00 sets=[mon1=B@+0.4ms/2.1ms/hr=0x00000000] window_ms=3003 total=0 WM_SETTINGCHANGE=0 WM_DISPLAYCHANGE=0 WM_THEMECHANGED=0 WM_DWMCOLORIZATIONCOLORCHANGED=0 WM_SYSCOLORCHANGE=0 other=0
2026-10-03T16:26:52.848+08:00 CYCLE n=1807 label=set start=2026-10-03T16:26:49.833+08:00 sets=[mon1=A@+0.9ms/2.8ms/hr=0x00000000] window_ms=3004 total=0 WM_SETTINGCHANGE=0 WM_DISPLAYCHANGE=0 WM_THEMECHANGED=0 WM_DWMCOLORIZATIONCOLORCHANGED=0 WM_SYSCOLORCHANGE=0 other=0
2026-10-03T16:27:02.914+08:00 CYCLE n=1808 label=set start=2026-10-03T16:26:59.900+08:00 sets=[mon1=B@+0.4ms/1.7ms/hr=0x00000000] window_ms=3002 total=0 WM_SETTINGCHANGE=0 WM_DISPLAYCHANGE=0 WM_THEMECHANGED=0 WM_DWMCOLORIZATIONCOLORCHANGED=0 WM_SYSCOLORCHANGE=0 other=0
2026-10-03T16:27:12.883+08:00 CYCLE n=1809 label=set start=2026-10-03T16:27:09.871+08:00 sets=[mon1=A@+0.8ms/2.8ms/hr=0x00000000] window_ms=3004 total=0 WM_SETTINGCHANGE=0 WM_DISPLAYCHANGE=0 WM_THEMECHANGED=0 WM_DWMCOLORIZATIONCOLORCHANGED=0 WM_SYSCOLORCHANGE=0 other=0
2026-10-03T16:27:22.841+08:00 CYCLE n=1810 label=set start=2026-10-03T16:27:19.829+08:00 sets=[mon1=B@+0.3ms/1.4ms/hr=0x00000000] window_ms=3002 total=0 WM_SETTINGCHANGE=0 WM_DISPLAYCHANGE=0 WM_THEMECHANGED=0 WM_DWMCOLORIZATIONCOLORCHANGED=0 WM_SYSCOLORCHANGE=0 other=0
2026-10-03T16:27:32.910+08:00 CYCLE n=1811 label=set start=2026-10-03T16:27:29.898+08:00 sets=[mon1=A@+0.5ms/1.7ms/hr=0x00000000] window_ms=3002 total=0 WM_SETTINGCHANGE=0 WM_DISPLAYCHANGE=0 WM_THEMECHANGED=0 WM_DWMCOLORIZATIONCOLORCHANGED=0 WM_SYSCOLORCHANGE=0 other=0
2026-10-03T16:27:42.882+08:00 CYCLE n=1812 label=set start=2026-10-03T16:27:39.869+08:00 sets=[mon1=B@+0.7ms/2.0ms/hr=0x00000000] window_ms=3003 total=0 WM_SETTINGCHANGE=0 WM_DISPLAYCHANGE=0 WM_THEMECHANGED=0 WM_DWMCOLORIZATIONCOLORCHANGED=0 WM_SYSCOLORCHANGE=0 other=0
2026-10-03T16:27:52.856+08:00 CYCLE n=1813 label=set start=2026-10-03T16:27:49.841+08:00 sets=[mon1=A@+0.7ms/2.8ms/hr=0x00000000] window_ms=3004 total=0 WM_SETTINGCHANGE=0 WM_DISPLAYCHANGE=0 WM_THEMECHANGED=0 WM_DWMCOLORIZATIONCOLORCHANGED=0 WM_SYSCOLORCHANGE=0 other=0
2026-10-03T16:28:02.919+08:00 CYCLE n=1814 label=set start=2026-10-03T16:27:59.905+08:00 sets=[mon1=B@+1.0ms/2.2ms/hr=0x00000000] window_ms=3003 total=0 WM_SETTINGCHANGE=0 WM_DISPLAYCHANGE=0 WM_THEMECHANGED=0 WM_DWMCOLORIZATIONCOLORCHANGED=0 WM_SYSCOLORCHANGE=0 other=0
2026-10-03T16:28:12.890+08:00 CYCLE n=1815 label=set start=2026-10-03T16:28:09.877+08:00 sets=[mon1=A@+0.5ms/1.3ms/hr=0x00000000] window_ms=3002 total=0 WM_SETTINGCHANGE=0 WM_DISPLAYCHANGE=0 WM_THEMECHANGED=0 WM_DWMCOLORIZATIONCOLORCHANGED=0 WM_SYSCOLORCHANGE=0 other=0
2026-10-03T16:28:22.846+08:00 CYCLE n=1816 label=set start=2026-10-03T16:28:19.834+08:00 sets=[mon1=B@+0.8ms/2.0ms/hr=0x00000000] window_ms=3003 total=0 WM_SETTINGCHANGE=0 WM_DISPLAYCHANGE=0 WM_THEMECHANGED=0 WM_DWMCOLORIZATIONCOLORCHANGED=0 WM_SYSCOLORCHANGE=0 other=0
2026-10-03T16:28:32.913+08:00 CYCLE n=1817 label=set start=2026-10-03T16:28:29.901+08:00 sets=[mon1=A@+0.6ms/1.7ms/hr=0x00000000] window_ms=3003 total=0 WM_SETTINGCHANGE=0 WM_DISPLAYCHANGE=0 WM_THEMECHANGED=0 WM_DWMCOLORIZATIONCOLORCHANGED=0 WM_SYSCOLORCHANGE=0 other=0
2026-10-03T16:28:42.878+08:00 CYCLE n=1818 label=set start=2026-10-03T16:28:39.864+08:00 sets=[mon1=B@+0.4ms/1.5ms/hr=0x00000000] window_ms=3002 total=0 WM_SETTINGCHANGE=0 WM_DISPLAYCHANGE=0 WM_THEMECHANGED=0 WM_DWMCOLORIZATIONCOLORCHANGED=0 WM_SYSCOLORCHANGE=0 other=0
2026-10-03T16:28:52.846+08:00 CYCLE n=1819 label=set start=2026-10-03T16:28:49.834+08:00 sets=[mon1=A@+0.3ms/2.2ms/hr=0x00000000] window_ms=3003 total=0 WM_SETTINGCHANGE=0 WM_DISPLAYCHANGE=0 WM_THEMECHANGED=0 WM_DWMCOLORIZATIONCOLORCHANGED=0 WM_SYSCOLORCHANGE=0 other=0
2026-10-03T16:29:02.913+08:00 CYCLE n=1820 label=set start=2026-10-03T16:28:59.897+08:00 sets=[mon1=B@+0.9ms/2.9ms/hr=0x00000000] window_ms=3004 total=0 WM_SETTINGCHANGE=0 WM_DISPLAYCHANGE=0 WM_THEMECHANGED=0 WM_DWMCOLORIZATIONCOLORCHANGED=0 WM_SYSCOLORCHANGE=0 other=0
2026-10-03T16:29:12.883+08:00 CYCLE n=1821 label=set start=2026-10-03T16:29:09.869+08:00 sets=[mon1=A@+0.9ms/2.3ms/hr=0x00000000] window_ms=3003 total=0 WM_SETTINGCHANGE=0 WM_DISPLAYCHANGE=0 WM_THEMECHANGED=0 WM_DWMCOLORIZATIONCOLORCHANGED=0 WM_SYSCOLORCHANGE=0 other=0
2026-10-03T16:29:22.849+08:00 CYCLE n=1822 label=set start=2026-10-03T16:29:19.836+08:00 sets=[mon1=B@+0.6ms/2.3ms/hr=0x00000000] window_ms=3003 total=0 WM_SETTINGCHANGE=0 WM_DISPLAYCHANGE=0 WM_THEMECHANGED=0 WM_DWMCOLORIZATIONCOLORCHANGED=0 WM_SYSCOLORCHANGE=0 other=0
2026-10-03T16:29:32.822+08:00 CYCLE n=1823 label=set start=2026-10-03T16:29:29.808+08:00 sets=[mon1=A@+0.4ms/2.1ms/hr=0x00000000] window_ms=3003 total=0 WM_SETTINGCHANGE=0 WM_DISPLAYCHANGE=0 WM_THEMECHANGED=0 WM_DWMCOLORIZATIONCOLORCHANGED=0 WM_SYSCOLORCHANGE=0 other=0
2026-10-03T16:29:42.886+08:00 CYCLE n=1824 label=set start=2026-10-03T16:29:39.872+08:00 sets=[mon1=B@+0.8ms/2.4ms/hr=0x00000000] window_ms=3003 total=0 WM_SETTINGCHANGE=0 WM_DISPLAYCHANGE=0 WM_THEMECHANGED=0 WM_DWMCOLORIZATIONCOLORCHANGED=0 WM_SYSCOLORCHANGE=0 other=0
2026-10-03T16:29:52.851+08:00 CYCLE n=1825 label=set start=2026-10-03T16:29:49.838+08:00 sets=[mon1=A@+0.4ms/1.3ms/hr=0x00000000] window_ms=3002 total=0 WM_SETTINGCHANGE=0 WM_DISPLAYCHANGE=0 WM_THEMECHANGED=0 WM_DWMCOLORIZATIONCOLORCHANGED=0 WM_SYSCOLORCHANGE=0 other=0
2026-10-03T16:30:02.913+08:00 CYCLE n=1826 label=set start=2026-10-03T16:29:59.899+08:00 sets=[mon1=B@+1.1ms/2.0ms/hr=0x00000000] window_ms=3003 total=0 WM_SETTINGCHANGE=0 WM_DISPLAYCHANGE=0 WM_THEMECHANGED=0 WM_DWMCOLORIZATIONCOLORCHANGED=0 WM_SYSCOLORCHANGE=0 other=0
2026-10-03T16:30:12.871+08:00 CYCLE n=1827 label=set start=2026-10-03T16:30:09.856+08:00 sets=[mon1=A@+1.2ms/2.2ms/hr=0x00000000] window_ms=3004 total=0 WM_SETTINGCHANGE=0 WM_DISPLAYCHANGE=0 WM_THEMECHANGED=0 WM_DWMCOLORIZATIONCOLORCHANGED=0 WM_SYSCOLORCHANGE=0 other=0
2026-10-03T16:30:22.833+08:00 CYCLE n=1828 label=set start=2026-10-03T16:30:19.819+08:00 sets=[mon1=B@+1.4ms/2.8ms/hr=0x00000000] window_ms=3004 total=0 WM_SETTINGCHANGE=0 WM_DISPLAYCHANGE=0 WM_THEMECHANGED=0 WM_DWMCOLORIZATIONCOLORCHANGED=0 WM_SYSCOLORCHANGE=0 other=0
2026-10-03T16:30:32.900+08:00 CYCLE n=1829 label=set start=2026-10-03T16:30:29.888+08:00 sets=[mon1=A@+0.5ms/2.1ms/hr=0x00000000] window_ms=3003 total=0 WM_SETTINGCHANGE=0 WM_DISPLAYCHANGE=0 WM_THEMECHANGED=0 WM_DWMCOLORIZATIONCOLORCHANGED=0 WM_SYSCOLORCHANGE=0 other=0
2026-10-03T16:30:42.869+08:00 CYCLE n=1830 label=set start=2026-10-03T16:30:39.857+08:00 sets=[mon1=B@+0.7ms/2.0ms/hr=0x00000000] window_ms=3003 total=0 WM_SETTINGCHANGE=0 WM_DISPLAYCHANGE=0 WM_THEMECHANGED=0 WM_DWMCOLORIZATIONCOLORCHANGED=0 WM_SYSCOLORCHANGE=0 other=0
2026-10-03T16:30:52.837+08:00 CYCLE n=1831 label=set start=2026-10-03T16:30:49.824+08:00 sets=[mon1=A@+0.4ms/1.9ms/hr=0x00000000] window_ms=3002 total=0 WM_SETTINGCHANGE=0 WM_DISPLAYCHANGE=0 WM_THEMECHANGED=0 WM_DWMCOLORIZATIONCOLORCHANGED=0 WM_SYSCOLORCHANGE=0 other=0
2026-10-03T16:31:02.903+08:00 CYCLE n=1832 label=set start=2026-10-03T16:30:59.888+08:00 sets=[mon1=B@+0.8ms/2.9ms/hr=0x00000000] window_ms=3004 total=0 WM_SETTINGCHANGE=0 WM_DISPLAYCHANGE=0 WM_THEMECHANGED=0 WM_DWMCOLORIZATIONCOLORCHANGED=0 WM_SYSCOLORCHANGE=0 other=0
2026-10-03T16:31:12.864+08:00 CYCLE n=1833 label=set start=2026-10-03T16:31:09.850+08:00 sets=[mon1=A@+0.5ms/1.4ms/hr=0x00000000] window_ms=3002 total=0 WM_SETTINGCHANGE=0 WM_DISPLAYCHANGE=0 WM_THEMECHANGED=0 WM_DWMCOLORIZATIONCOLORCHANGED=0 WM_SYSCOLORCHANGE=0 other=0
2026-10-03T16:31:22.823+08:00 CYCLE n=1834 label=set start=2026-10-03T16:31:19.809+08:00 sets=[mon1=B@+0.5ms/2.3ms/hr=0x00000000] window_ms=3003 total=0 WM_SETTINGCHANGE=0 WM_DISPLAYCHANGE=0 WM_THEMECHANGED=0 WM_DWMCOLORIZATIONCOLORCHANGED=0 WM_SYSCOLORCHANGE=0 other=0
2026-10-03T16:31:32.896+08:00 CYCLE n=1835 label=set start=2026-10-03T16:31:29.884+08:00 sets=[mon1=A@+0.5ms/1.7ms/hr=0x00000000] window_ms=3002 total=0 WM_SETTINGCHANGE=0 WM_DISPLAYCHANGE=0 WM_THEMECHANGED=0 WM_DWMCOLORIZATIONCOLORCHANGED=0 WM_SYSCOLORCHANGE=0 other=0
2026-10-03T16:31:42.867+08:00 CYCLE n=1836 label=set start=2026-10-03T16:31:39.853+08:00 sets=[mon1=B@+0.4ms/2.2ms/hr=0x00000000] window_ms=3003 total=0 WM_SETTINGCHANGE=0 WM_DISPLAYCHANGE=0 WM_THEMECHANGED=0 WM_DWMCOLORIZATIONCOLORCHANGED=0 WM_SYSCOLORCHANGE=0 other=0
2026-10-03T16:31:52.839+08:00 CYCLE n=1837 label=set start=2026-10-03T16:31:49.826+08:00 sets=[mon1=A@+0.3ms/1.9ms/hr=0x00000000] window_ms=3002 total=0 WM_SETTINGCHANGE=0 WM_DISPLAYCHANGE=0 WM_THEMECHANGED=0 WM_DWMCOLORIZATIONCOLORCHANGED=0 WM_SYSCOLORCHANGE=0 other=0
2026-10-03T16:32:02.903+08:00 CYCLE n=1838 label=set start=2026-10-03T16:31:59.891+08:00 sets=[mon1=B@+0.4ms/2.0ms/hr=0x00000000] window_ms=3003 total=0 WM_SETTINGCHANGE=0 WM_DISPLAYCHANGE=0 WM_THEMECHANGED=0 WM_DWMCOLORIZATIONCOLORCHANGED=0 WM_SYSCOLORCHANGE=0 other=0
2026-10-03T16:32:12.868+08:00 CYCLE n=1839 label=set start=2026-10-03T16:32:09.853+08:00 sets=[mon1=A@+0.5ms/2.1ms/hr=0x00000000] window_ms=3003 total=0 WM_SETTINGCHANGE=0 WM_DISPLAYCHANGE=0 WM_THEMECHANGED=0 WM_DWMCOLORIZATIONCOLORCHANGED=0 WM_SYSCOLORCHANGE=0 other=0
2026-10-03T16:32:22.829+08:00 CYCLE n=1840 label=set start=2026-10-03T16:32:19.813+08:00 sets=[mon1=B@+0.7ms/3.2ms/hr=0x00000000] window_ms=3004 total=0 WM_SETTINGCHANGE=0 WM_DISPLAYCHANGE=0 WM_THEMECHANGED=0 WM_DWMCOLORIZATIONCOLORCHANGED=0 WM_SYSCOLORCHANGE=0 other=0
2026-10-03T16:32:32.904+08:00 CYCLE n=1841 label=set start=2026-10-03T16:32:29.891+08:00 sets=[mon1=A@+0.9ms/3.0ms/hr=0x00000000] window_ms=3004 total=0 WM_SETTINGCHANGE=0 WM_DISPLAYCHANGE=0 WM_THEMECHANGED=0 WM_DWMCOLORIZATIONCOLORCHANGED=0 WM_SYSCOLORCHANGE=0 other=0
2026-10-03T16:32:42.873+08:00 CYCLE n=1842 label=set start=2026-10-03T16:32:39.860+08:00 sets=[mon1=B@+0.5ms/2.1ms/hr=0x00000000] window_ms=3003 total=0 WM_SETTINGCHANGE=0 WM_DISPLAYCHANGE=0 WM_THEMECHANGED=0 WM_DWMCOLORIZATIONCOLORCHANGED=0 WM_SYSCOLORCHANGE=0 other=0
2026-10-03T16:32:52.849+08:00 CYCLE n=1843 label=set start=2026-10-03T16:32:49.837+08:00 sets=[mon1=A@+0.4ms/1.8ms/hr=0x00000000] window_ms=3002 total=0 WM_SETTINGCHANGE=0 WM_DISPLAYCHANGE=0 WM_THEMECHANGED=0 WM_DWMCOLORIZATIONCOLORCHANGED=0 WM_SYSCOLORCHANGE=0 other=0
2026-10-03T16:33:02.917+08:00 CYCLE n=1844 label=set start=2026-10-03T16:32:59.903+08:00 sets=[mon1=B@+0.4ms/2.0ms/hr=0x00000000] window_ms=3003 total=0 WM_SETTINGCHANGE=0 WM_DISPLAYCHANGE=0 WM_THEMECHANGED=0 WM_DWMCOLORIZATIONCOLORCHANGED=0 WM_SYSCOLORCHANGE=0 other=0
2026-10-03T16:33:12.882+08:00 CYCLE n=1845 label=set start=2026-10-03T16:33:09.870+08:00 sets=[mon1=A@+0.8ms/2.0ms/hr=0x00000000] window_ms=3003 total=0 WM_SETTINGCHANGE=0 WM_DISPLAYCHANGE=0 WM_THEMECHANGED=0 WM_DWMCOLORIZATIONCOLORCHANGED=0 WM_SYSCOLORCHANGE=0 other=0
2026-10-03T16:33:22.854+08:00 CYCLE n=1846 label=set start=2026-10-03T16:33:19.839+08:00 sets=[mon1=B@+0.8ms/3.0ms/hr=0x00000000] window_ms=3004 total=0 WM_SETTINGCHANGE=0 WM_DISPLAYCHANGE=0 WM_THEMECHANGED=0 WM_DWMCOLORIZATIONCOLORCHANGED=0 WM_SYSCOLORCHANGE=0 other=0
2026-10-03T16:33:32.826+08:00 CYCLE n=1847 label=set start=2026-10-03T16:33:29.811+08:00 sets=[mon1=A@+0.4ms/2.1ms/hr=0x00000000] window_ms=3003 total=0 WM_SETTINGCHANGE=0 WM_DISPLAYCHANGE=0 WM_THEMECHANGED=0 WM_DWMCOLORIZATIONCOLORCHANGED=0 WM_SYSCOLORCHANGE=0 other=0
2026-10-03T16:33:42.898+08:00 CYCLE n=1848 label=set start=2026-10-03T16:33:39.883+08:00 sets=[mon1=B@+0.4ms/2.2ms/hr=0x00000000] window_ms=3003 total=0 WM_SETTINGCHANGE=0 WM_DISPLAYCHANGE=0 WM_THEMECHANGED=0 WM_DWMCOLORIZATIONCOLORCHANGED=0 WM_SYSCOLORCHANGE=0 other=0
2026-10-03T16:33:52.865+08:00 CYCLE n=1849 label=set start=2026-10-03T16:33:49.851+08:00 sets=[mon1=A@+0.4ms/1.3ms/hr=0x00000000] window_ms=3002 total=0 WM_SETTINGCHANGE=0 WM_DISPLAYCHANGE=0 WM_THEMECHANGED=0 WM_DWMCOLORIZATIONCOLORCHANGED=0 WM_SYSCOLORCHANGE=0 other=0
2026-10-03T16:34:02.834+08:00 CYCLE n=1850 label=set start=2026-10-03T16:33:59.822+08:00 sets=[mon1=B@+0.7ms/1.3ms/hr=0x00000000] window_ms=3002 total=0 WM_SETTINGCHANGE=0 WM_DISPLAYCHANGE=0 WM_THEMECHANGED=0 WM_DWMCOLORIZATIONCOLORCHANGED=0 WM_SYSCOLORCHANGE=0 other=0
2026-10-03T16:34:12.908+08:00 CYCLE n=1851 label=set start=2026-10-03T16:34:09.894+08:00 sets=[mon1=A@+0.4ms/2.3ms/hr=0x00000000] window_ms=3003 total=0 WM_SETTINGCHANGE=0 WM_DISPLAYCHANGE=0 WM_THEMECHANGED=0 WM_DWMCOLORIZATIONCOLORCHANGED=0 WM_SYSCOLORCHANGE=0 other=0
2026-10-03T16:34:22.871+08:00 CYCLE n=1852 label=set start=2026-10-03T16:34:19.857+08:00 sets=[mon1=B@+0.4ms/1.9ms/hr=0x00000000] window_ms=3002 total=0 WM_SETTINGCHANGE=0 WM_DISPLAYCHANGE=0 WM_THEMECHANGED=0 WM_DWMCOLORIZATIONCOLORCHANGED=0 WM_SYSCOLORCHANGE=0 other=0
2026-10-03T16:34:32.838+08:00 CYCLE n=1853 label=set start=2026-10-03T16:34:29.824+08:00 sets=[mon1=A@+0.7ms/2.4ms/hr=0x00000000] window_ms=3003 total=0 WM_SETTINGCHANGE=0 WM_DISPLAYCHANGE=0 WM_THEMECHANGED=0 WM_DWMCOLORIZATIONCOLORCHANGED=0 WM_SYSCOLORCHANGE=0 other=0
2026-10-03T16:34:42.899+08:00 CYCLE n=1854 label=set start=2026-10-03T16:34:39.887+08:00 sets=[mon1=B@+0.4ms/1.9ms/hr=0x00000000] window_ms=3003 total=0 WM_SETTINGCHANGE=0 WM_DISPLAYCHANGE=0 WM_THEMECHANGED=0 WM_DWMCOLORIZATIONCOLORCHANGED=0 WM_SYSCOLORCHANGE=0 other=0
2026-10-03T16:34:52.868+08:00 CYCLE n=1855 label=set start=2026-10-03T16:34:49.857+08:00 sets=[mon1=A@+0.5ms/1.3ms/hr=0x00000000] window_ms=3002 total=0 WM_SETTINGCHANGE=0 WM_DISPLAYCHANGE=0 WM_THEMECHANGED=0 WM_DWMCOLORIZATIONCOLORCHANGED=0 WM_SYSCOLORCHANGE=0 other=0
2026-10-03T16:35:02.828+08:00 CYCLE n=1856 label=set start=2026-10-03T16:34:59.817+08:00 sets=[mon1=B@+0.5ms/1.5ms/hr=0x00000000] window_ms=3002 total=0 WM_SETTINGCHANGE=0 WM_DISPLAYCHANGE=0 WM_THEMECHANGED=0 WM_DWMCOLORIZATIONCOLORCHANGED=0 WM_SYSCOLORCHANGE=0 other=0
2026-10-03T16:35:12.901+08:00 CYCLE n=1857 label=set start=2026-10-03T16:35:09.887+08:00 sets=[mon1=A@+1.1ms/2.2ms/hr=0x00000000] window_ms=3004 total=0 WM_SETTINGCHANGE=0 WM_DISPLAYCHANGE=0 WM_THEMECHANGED=0 WM_DWMCOLORIZATIONCOLORCHANGED=0 WM_SYSCOLORCHANGE=0 other=0
2026-10-03T16:35:22.873+08:00 CYCLE n=1858 label=set start=2026-10-03T16:35:19.861+08:00 sets=[mon1=B@+1.1ms/1.5ms/hr=0x00000000] window_ms=3003 total=0 WM_SETTINGCHANGE=0 WM_DISPLAYCHANGE=0 WM_THEMECHANGED=0 WM_DWMCOLORIZATIONCOLORCHANGED=0 WM_SYSCOLORCHANGE=0 other=0
2026-10-03T16:35:32.844+08:00 CYCLE n=1859 label=set start=2026-10-03T16:35:29.830+08:00 sets=[mon1=A@+0.9ms/2.7ms/hr=0x00000000] window_ms=3004 total=0 WM_SETTINGCHANGE=0 WM_DISPLAYCHANGE=0 WM_THEMECHANGED=0 WM_DWMCOLORIZATIONCOLORCHANGED=0 WM_SYSCOLORCHANGE=0 other=0
2026-10-03T16:35:42.910+08:00 CYCLE n=1860 label=set start=2026-10-03T16:35:39.900+08:00 sets=[mon1=B@+0.6ms/1.4ms/hr=0x00000000] window_ms=3002 total=0 WM_SETTINGCHANGE=0 WM_DISPLAYCHANGE=0 WM_THEMECHANGED=0 WM_DWMCOLORIZATIONCOLORCHANGED=0 WM_SYSCOLORCHANGE=0 other=0
2026-10-03T16:35:52.871+08:00 CYCLE n=1861 label=set start=2026-10-03T16:35:49.858+08:00 sets=[mon1=A@+0.4ms/1.6ms/hr=0x00000000] window_ms=3002 total=0 WM_SETTINGCHANGE=0 WM_DISPLAYCHANGE=0 WM_THEMECHANGED=0 WM_DWMCOLORIZATIONCOLORCHANGED=0 WM_SYSCOLORCHANGE=0 other=0
2026-10-03T16:36:02.840+08:00 CYCLE n=1862 label=set start=2026-10-03T16:35:59.827+08:00 sets=[mon1=B@+0.4ms/2.3ms/hr=0x00000000] window_ms=3003 total=0 WM_SETTINGCHANGE=0 WM_DISPLAYCHANGE=0 WM_THEMECHANGED=0 WM_DWMCOLORIZATIONCOLORCHANGED=0 WM_SYSCOLORCHANGE=0 other=0
2026-10-03T16:36:12.910+08:00 CYCLE n=1863 label=set start=2026-10-03T16:36:09.895+08:00 sets=[mon1=A@+1.0ms/3.1ms/hr=0x00000000] window_ms=3004 total=0 WM_SETTINGCHANGE=0 WM_DISPLAYCHANGE=0 WM_THEMECHANGED=0 WM_DWMCOLORIZATIONCOLORCHANGED=0 WM_SYSCOLORCHANGE=0 other=0
2026-10-03T16:36:22.881+08:00 CYCLE n=1864 label=set start=2026-10-03T16:36:19.865+08:00 sets=[mon1=B@+0.9ms/2.8ms/hr=0x00000000] window_ms=3004 total=0 WM_SETTINGCHANGE=0 WM_DISPLAYCHANGE=0 WM_THEMECHANGED=0 WM_DWMCOLORIZATIONCOLORCHANGED=0 WM_SYSCOLORCHANGE=0 other=0
2026-10-03T16:36:32.843+08:00 CYCLE n=1865 label=set start=2026-10-03T16:36:29.829+08:00 sets=[mon1=A@+0.4ms/1.5ms/hr=0x00000000] window_ms=3002 total=0 WM_SETTINGCHANGE=0 WM_DISPLAYCHANGE=0 WM_THEMECHANGED=0 WM_DWMCOLORIZATIONCOLORCHANGED=0 WM_SYSCOLORCHANGE=0 other=0
2026-10-03T16:36:42.917+08:00 CYCLE n=1866 label=set start=2026-10-03T16:36:39.903+08:00 sets=[mon1=B@+0.5ms/2.1ms/hr=0x00000000] window_ms=3003 total=0 WM_SETTINGCHANGE=0 WM_DISPLAYCHANGE=0 WM_THEMECHANGED=0 WM_DWMCOLORIZATIONCOLORCHANGED=0 WM_SYSCOLORCHANGE=0 other=0
2026-10-03T16:36:52.880+08:00 CYCLE n=1867 label=set start=2026-10-03T16:36:49.867+08:00 sets=[mon1=A@+0.4ms/1.6ms/hr=0x00000000] window_ms=3002 total=0 WM_SETTINGCHANGE=0 WM_DISPLAYCHANGE=0 WM_THEMECHANGED=0 WM_DWMCOLORIZATIONCOLORCHANGED=0 WM_SYSCOLORCHANGE=0 other=0
2026-10-03T16:37:02.854+08:00 CYCLE n=1868 label=set start=2026-10-03T16:36:59.840+08:00 sets=[mon1=B@+0.5ms/1.8ms/hr=0x00000000] window_ms=3002 total=0 WM_SETTINGCHANGE=0 WM_DISPLAYCHANGE=0 WM_THEMECHANGED=0 WM_DWMCOLORIZATIONCOLORCHANGED=0 WM_SYSCOLORCHANGE=0 other=0
2026-10-03T16:37:12.914+08:00 CYCLE n=1869 label=set start=2026-10-03T16:37:09.902+08:00 sets=[mon1=A@+0.5ms/1.9ms/hr=0x00000000] window_ms=3003 total=0 WM_SETTINGCHANGE=0 WM_DISPLAYCHANGE=0 WM_THEMECHANGED=0 WM_DWMCOLORIZATIONCOLORCHANGED=0 WM_SYSCOLORCHANGE=0 other=0
2026-10-03T16:37:22.876+08:00 CYCLE n=1870 label=set start=2026-10-03T16:37:19.864+08:00 sets=[mon1=B@+0.8ms/2.3ms/hr=0x00000000] window_ms=3003 total=0 WM_SETTINGCHANGE=0 WM_DISPLAYCHANGE=0 WM_THEMECHANGED=0 WM_DWMCOLORIZATIONCOLORCHANGED=0 WM_SYSCOLORCHANGE=0 other=0
2026-10-03T16:37:32.839+08:00 CYCLE n=1871 label=set start=2026-10-03T16:37:29.827+08:00 sets=[mon1=A@+0.8ms/2.5ms/hr=0x00000000] window_ms=3004 total=0 WM_SETTINGCHANGE=0 WM_DISPLAYCHANGE=0 WM_THEMECHANGED=0 WM_DWMCOLORIZATIONCOLORCHANGED=0 WM_SYSCOLORCHANGE=0 other=0
2026-10-03T16:37:42.900+08:00 CYCLE n=1872 label=set start=2026-10-03T16:37:39.889+08:00 sets=[mon1=B@+0.3ms/1.9ms/hr=0x00000000] window_ms=3002 total=0 WM_SETTINGCHANGE=0 WM_DISPLAYCHANGE=0 WM_THEMECHANGED=0 WM_DWMCOLORIZATIONCOLORCHANGED=0 WM_SYSCOLORCHANGE=0 other=0
2026-10-03T16:37:52.873+08:00 CYCLE n=1873 label=set start=2026-10-03T16:37:49.860+08:00 sets=[mon1=A@+0.7ms/1.5ms/hr=0x00000000] window_ms=3002 total=0 WM_SETTINGCHANGE=0 WM_DISPLAYCHANGE=0 WM_THEMECHANGED=0 WM_DWMCOLORIZATIONCOLORCHANGED=0 WM_SYSCOLORCHANGE=0 other=0
2026-10-03T16:38:02.836+08:00 CYCLE n=1874 label=set start=2026-10-03T16:37:59.823+08:00 sets=[mon1=B@+0.6ms/2.4ms/hr=0x00000000] window_ms=3003 total=0 WM_SETTINGCHANGE=0 WM_DISPLAYCHANGE=0 WM_THEMECHANGED=0 WM_DWMCOLORIZATIONCOLORCHANGED=0 WM_SYSCOLORCHANGE=0 other=0
2026-10-03T16:38:12.893+08:00 CYCLE n=1875 label=set start=2026-10-03T16:38:09.879+08:00 sets=[mon1=A@+0.5ms/2.1ms/hr=0x00000000] window_ms=3003 total=0 WM_SETTINGCHANGE=0 WM_DISPLAYCHANGE=0 WM_THEMECHANGED=0 WM_DWMCOLORIZATIONCOLORCHANGED=0 WM_SYSCOLORCHANGE=0 other=0
2026-10-03T16:38:22.851+08:00 CYCLE n=1876 label=set start=2026-10-03T16:38:19.840+08:00 sets=[mon1=B@+0.6ms/1.5ms/hr=0x00000000] window_ms=3002 total=0 WM_SETTINGCHANGE=0 WM_DISPLAYCHANGE=0 WM_THEMECHANGED=0 WM_DWMCOLORIZATIONCOLORCHANGED=0 WM_SYSCOLORCHANGE=0 other=0
2026-10-03T16:38:32.914+08:00 CYCLE n=1877 label=set start=2026-10-03T16:38:29.900+08:00 sets=[mon1=A@+0.6ms/1.3ms/hr=0x00000000] window_ms=3002 total=0 WM_SETTINGCHANGE=0 WM_DISPLAYCHANGE=0 WM_THEMECHANGED=0 WM_DWMCOLORIZATIONCOLORCHANGED=0 WM_SYSCOLORCHANGE=0 other=0
2026-10-03T16:38:42.873+08:00 CYCLE n=1878 label=set start=2026-10-03T16:38:39.861+08:00 sets=[mon1=B@+0.4ms/2.0ms/hr=0x00000000] window_ms=3003 total=0 WM_SETTINGCHANGE=0 WM_DISPLAYCHANGE=0 WM_THEMECHANGED=0 WM_DWMCOLORIZATIONCOLORCHANGED=0 WM_SYSCOLORCHANGE=0 other=0
2026-10-03T16:38:52.841+08:00 CYCLE n=1879 label=set start=2026-10-03T16:38:49.827+08:00 sets=[mon1=A@+0.8ms/2.1ms/hr=0x00000000] window_ms=3003 total=0 WM_SETTINGCHANGE=0 WM_DISPLAYCHANGE=0 WM_THEMECHANGED=0 WM_DWMCOLORIZATIONCOLORCHANGED=0 WM_SYSCOLORCHANGE=0 other=0
2026-10-03T16:39:02.914+08:00 CYCLE n=1880 label=set start=2026-10-03T16:38:59.902+08:00 sets=[mon1=B@+0.5ms/2.4ms/hr=0x00000000] window_ms=3003 total=0 WM_SETTINGCHANGE=0 WM_DISPLAYCHANGE=0 WM_THEMECHANGED=0 WM_DWMCOLORIZATIONCOLORCHANGED=0 WM_SYSCOLORCHANGE=0 other=0
2026-10-03T16:39:12.886+08:00 CYCLE n=1881 label=set start=2026-10-03T16:39:09.873+08:00 sets=[mon1=A@+0.8ms/2.5ms/hr=0x00000000] window_ms=3004 total=0 WM_SETTINGCHANGE=0 WM_DISPLAYCHANGE=0 WM_THEMECHANGED=0 WM_DWMCOLORIZATIONCOLORCHANGED=0 WM_SYSCOLORCHANGE=0 other=0
2026-10-03T16:39:22.848+08:00 CYCLE n=1882 label=set start=2026-10-03T16:39:19.836+08:00 sets=[mon1=B@+0.4ms/2.1ms/hr=0x00000000] window_ms=3003 total=0 WM_SETTINGCHANGE=0 WM_DISPLAYCHANGE=0 WM_THEMECHANGED=0 WM_DWMCOLORIZATIONCOLORCHANGED=0 WM_SYSCOLORCHANGE=0 other=0
2026-10-03T16:39:32.905+08:00 CYCLE n=1883 label=set start=2026-10-03T16:39:29.892+08:00 sets=[mon1=A@+0.4ms/1.7ms/hr=0x00000000] window_ms=3002 total=0 WM_SETTINGCHANGE=0 WM_DISPLAYCHANGE=0 WM_THEMECHANGED=0 WM_DWMCOLORIZATIONCOLORCHANGED=0 WM_SYSCOLORCHANGE=0 other=0
2026-10-03T16:39:42.869+08:00 CYCLE n=1884 label=set start=2026-10-03T16:39:39.858+08:00 sets=[mon1=B@+0.5ms/1.4ms/hr=0x00000000] window_ms=3002 total=0 WM_SETTINGCHANGE=0 WM_DISPLAYCHANGE=0 WM_THEMECHANGED=0 WM_DWMCOLORIZATIONCOLORCHANGED=0 WM_SYSCOLORCHANGE=0 other=0
2026-10-03T16:39:52.826+08:00 CYCLE n=1885 label=set start=2026-10-03T16:39:49.815+08:00 sets=[mon1=A@+0.4ms/1.5ms/hr=0x00000000] window_ms=3002 total=0 WM_SETTINGCHANGE=0 WM_DISPLAYCHANGE=0 WM_THEMECHANGED=0 WM_DWMCOLORIZATIONCOLORCHANGED=0 WM_SYSCOLORCHANGE=0 other=0
2026-10-03T16:40:02.888+08:00 CYCLE n=1886 label=set start=2026-10-03T16:39:59.874+08:00 sets=[mon1=B@+0.5ms/2.5ms/hr=0x00000000] window_ms=3003 total=0 WM_SETTINGCHANGE=0 WM_DISPLAYCHANGE=0 WM_THEMECHANGED=0 WM_DWMCOLORIZATIONCOLORCHANGED=0 WM_SYSCOLORCHANGE=0 other=0
2026-10-03T16:40:12.850+08:00 CYCLE n=1887 label=set start=2026-10-03T16:40:09.838+08:00 sets=[mon1=A@+0.7ms/1.9ms/hr=0x00000000] window_ms=3003 total=0 WM_SETTINGCHANGE=0 WM_DISPLAYCHANGE=0 WM_THEMECHANGED=0 WM_DWMCOLORIZATIONCOLORCHANGED=0 WM_SYSCOLORCHANGE=0 other=0
2026-10-03T16:40:22.908+08:00 CYCLE n=1888 label=set start=2026-10-03T16:40:19.895+08:00 sets=[mon1=B@+0.4ms/1.8ms/hr=0x00000000] window_ms=3003 total=0 WM_SETTINGCHANGE=0 WM_DISPLAYCHANGE=0 WM_THEMECHANGED=0 WM_DWMCOLORIZATIONCOLORCHANGED=0 WM_SYSCOLORCHANGE=0 other=0
2026-10-03T16:40:32.873+08:00 CYCLE n=1889 label=set start=2026-10-03T16:40:29.858+08:00 sets=[mon1=A@+0.9ms/2.9ms/hr=0x00000000] window_ms=3004 total=0 WM_SETTINGCHANGE=0 WM_DISPLAYCHANGE=0 WM_THEMECHANGED=0 WM_DWMCOLORIZATIONCOLORCHANGED=0 WM_SYSCOLORCHANGE=0 other=0
2026-10-03T16:40:42.848+08:00 CYCLE n=1890 label=set start=2026-10-03T16:40:39.836+08:00 sets=[mon1=B@+0.4ms/1.7ms/hr=0x00000000] window_ms=3002 total=0 WM_SETTINGCHANGE=0 WM_DISPLAYCHANGE=0 WM_THEMECHANGED=0 WM_DWMCOLORIZATIONCOLORCHANGED=0 WM_SYSCOLORCHANGE=0 other=0
2026-10-03T16:40:52.825+08:00 CYCLE n=1891 label=set start=2026-10-03T16:40:49.811+08:00 sets=[mon1=A@+0.4ms/2.2ms/hr=0x00000000] window_ms=3003 total=0 WM_SETTINGCHANGE=0 WM_DISPLAYCHANGE=0 WM_THEMECHANGED=0 WM_DWMCOLORIZATIONCOLORCHANGED=0 WM_SYSCOLORCHANGE=0 other=0
2026-10-03T16:41:02.887+08:00 CYCLE n=1892 label=set start=2026-10-03T16:40:59.874+08:00 sets=[mon1=B@+1.1ms/2.3ms/hr=0x00000000] window_ms=3004 total=0 WM_SETTINGCHANGE=0 WM_DISPLAYCHANGE=0 WM_THEMECHANGED=0 WM_DWMCOLORIZATIONCOLORCHANGED=0 WM_SYSCOLORCHANGE=0 other=0
2026-10-03T16:41:12.857+08:00 CYCLE n=1893 label=set start=2026-10-03T16:41:09.845+08:00 sets=[mon1=A@+0.4ms/1.8ms/hr=0x00000000] window_ms=3002 total=0 WM_SETTINGCHANGE=0 WM_DISPLAYCHANGE=0 WM_THEMECHANGED=0 WM_DWMCOLORIZATIONCOLORCHANGED=0 WM_SYSCOLORCHANGE=0 other=0
2026-10-03T16:41:22.829+08:00 CYCLE n=1894 label=set start=2026-10-03T16:41:19.816+08:00 sets=[mon1=B@+0.4ms/2.0ms/hr=0x00000000] window_ms=3003 total=0 WM_SETTINGCHANGE=0 WM_DISPLAYCHANGE=0 WM_THEMECHANGED=0 WM_DWMCOLORIZATIONCOLORCHANGED=0 WM_SYSCOLORCHANGE=0 other=0
2026-10-03T16:41:32.904+08:00 CYCLE n=1895 label=set start=2026-10-03T16:41:29.889+08:00 sets=[mon1=A@+0.9ms/3.3ms/hr=0x00000000] window_ms=3004 total=0 WM_SETTINGCHANGE=0 WM_DISPLAYCHANGE=0 WM_THEMECHANGED=0 WM_DWMCOLORIZATIONCOLORCHANGED=0 WM_SYSCOLORCHANGE=0 other=0
2026-10-03T16:41:42.867+08:00 CYCLE n=1896 label=set start=2026-10-03T16:41:39.854+08:00 sets=[mon1=B@+0.6ms/1.6ms/hr=0x00000000] window_ms=3002 total=0 WM_SETTINGCHANGE=0 WM_DISPLAYCHANGE=0 WM_THEMECHANGED=0 WM_DWMCOLORIZATIONCOLORCHANGED=0 WM_SYSCOLORCHANGE=0 other=0
2026-10-03T16:41:52.838+08:00 CYCLE n=1897 label=set start=2026-10-03T16:41:49.825+08:00 sets=[mon1=A@+0.3ms/1.8ms/hr=0x00000000] window_ms=3002 total=0 WM_SETTINGCHANGE=0 WM_DISPLAYCHANGE=0 WM_THEMECHANGED=0 WM_DWMCOLORIZATIONCOLORCHANGED=0 WM_SYSCOLORCHANGE=0 other=0
2026-10-03T16:42:02.896+08:00 CYCLE n=1898 label=set start=2026-10-03T16:41:59.883+08:00 sets=[mon1=B@+1.0ms/2.6ms/hr=0x00000000] window_ms=3004 total=0 WM_SETTINGCHANGE=0 WM_DISPLAYCHANGE=0 WM_THEMECHANGED=0 WM_DWMCOLORIZATIONCOLORCHANGED=0 WM_SYSCOLORCHANGE=0 other=0
2026-10-03T16:42:12.859+08:00 CYCLE n=1899 label=set start=2026-10-03T16:42:09.844+08:00 sets=[mon1=A@+0.8ms/2.2ms/hr=0x00000000] window_ms=3003 total=0 WM_SETTINGCHANGE=0 WM_DISPLAYCHANGE=0 WM_THEMECHANGED=0 WM_DWMCOLORIZATIONCOLORCHANGED=0 WM_SYSCOLORCHANGE=0 other=0
2026-10-03T16:42:22.824+08:00 CYCLE n=1900 label=set start=2026-10-03T16:42:19.811+08:00 sets=[mon1=B@+0.4ms/1.5ms/hr=0x00000000] window_ms=3002 total=0 WM_SETTINGCHANGE=0 WM_DISPLAYCHANGE=0 WM_THEMECHANGED=0 WM_DWMCOLORIZATIONCOLORCHANGED=0 WM_SYSCOLORCHANGE=0 other=0
2026-10-03T16:42:32.887+08:00 CYCLE n=1901 label=set start=2026-10-03T16:42:29.874+08:00 sets=[mon1=A@+0.4ms/1.9ms/hr=0x00000000] window_ms=3003 total=0 WM_SETTINGCHANGE=0 WM_DISPLAYCHANGE=0 WM_THEMECHANGED=0 WM_DWMCOLORIZATIONCOLORCHANGED=0 WM_SYSCOLORCHANGE=0 other=0
2026-10-03T16:42:42.858+08:00 CYCLE n=1902 label=set start=2026-10-03T16:42:39.845+08:00 sets=[mon1=B@+0.5ms/1.6ms/hr=0x00000000] window_ms=3002 total=0 WM_SETTINGCHANGE=0 WM_DISPLAYCHANGE=0 WM_THEMECHANGED=0 WM_DWMCOLORIZATIONCOLORCHANGED=0 WM_SYSCOLORCHANGE=0 other=0
2026-10-03T16:42:52.916+08:00 CYCLE n=1903 label=set start=2026-10-03T16:42:49.903+08:00 sets=[mon1=A@+0.4ms/1.7ms/hr=0x00000000] window_ms=3002 total=0 WM_SETTINGCHANGE=0 WM_DISPLAYCHANGE=0 WM_THEMECHANGED=0 WM_DWMCOLORIZATIONCOLORCHANGED=0 WM_SYSCOLORCHANGE=0 other=0
2026-10-03T16:43:02.886+08:00 CYCLE n=1904 label=set start=2026-10-03T16:42:59.872+08:00 sets=[mon1=B@+0.8ms/2.5ms/hr=0x00000000] window_ms=3003 total=0 WM_SETTINGCHANGE=0 WM_DISPLAYCHANGE=0 WM_THEMECHANGED=0 WM_DWMCOLORIZATIONCOLORCHANGED=0 WM_SYSCOLORCHANGE=0 other=0
2026-10-03T16:43:12.856+08:00 CYCLE n=1905 label=set start=2026-10-03T16:43:09.840+08:00 sets=[mon1=A@+0.7ms/2.3ms/hr=0x00000000] window_ms=3003 total=0 WM_SETTINGCHANGE=0 WM_DISPLAYCHANGE=0 WM_THEMECHANGED=0 WM_DWMCOLORIZATIONCOLORCHANGED=0 WM_SYSCOLORCHANGE=0 other=0
2026-10-03T16:43:22.922+08:00 CYCLE n=1906 label=set start=2026-10-03T16:43:19.909+08:00 sets=[mon1=B@+0.4ms/1.8ms/hr=0x00000000] window_ms=3002 total=0 WM_SETTINGCHANGE=0 WM_DISPLAYCHANGE=0 WM_THEMECHANGED=0 WM_DWMCOLORIZATIONCOLORCHANGED=0 WM_SYSCOLORCHANGE=0 other=0
2026-10-03T16:43:32.886+08:00 CYCLE n=1907 label=set start=2026-10-03T16:43:29.876+08:00 sets=[mon1=A@+0.4ms/1.9ms/hr=0x00000000] window_ms=3002 total=0 WM_SETTINGCHANGE=0 WM_DISPLAYCHANGE=0 WM_THEMECHANGED=0 WM_DWMCOLORIZATIONCOLORCHANGED=0 WM_SYSCOLORCHANGE=0 other=0
2026-10-03T16:43:42.862+08:00 CYCLE n=1908 label=set start=2026-10-03T16:43:39.847+08:00 sets=[mon1=B@+0.6ms/2.2ms/hr=0x00000000] window_ms=3003 total=0 WM_SETTINGCHANGE=0 WM_DISPLAYCHANGE=0 WM_THEMECHANGED=0 WM_DWMCOLORIZATIONCOLORCHANGED=0 WM_SYSCOLORCHANGE=0 other=0
2026-10-03T16:43:52.832+08:00 CYCLE n=1909 label=set start=2026-10-03T16:43:49.817+08:00 sets=[mon1=A@+1.2ms/3.4ms/hr=0x00000000] window_ms=3005 total=0 WM_SETTINGCHANGE=0 WM_DISPLAYCHANGE=0 WM_THEMECHANGED=0 WM_DWMCOLORIZATIONCOLORCHANGED=0 WM_SYSCOLORCHANGE=0 other=0
2026-10-03T16:44:02.895+08:00 CYCLE n=1910 label=set start=2026-10-03T16:43:59.882+08:00 sets=[mon1=B@+0.9ms/3.1ms/hr=0x00000000] window_ms=3004 total=0 WM_SETTINGCHANGE=0 WM_DISPLAYCHANGE=0 WM_THEMECHANGED=0 WM_DWMCOLORIZATIONCOLORCHANGED=0 WM_SYSCOLORCHANGE=0 other=0
2026-10-03T16:44:12.857+08:00 CYCLE n=1911 label=set start=2026-10-03T16:44:09.841+08:00 sets=[mon1=A@+0.9ms/2.8ms/hr=0x00000000] window_ms=3004 total=0 WM_SETTINGCHANGE=0 WM_DISPLAYCHANGE=0 WM_THEMECHANGED=0 WM_DWMCOLORIZATIONCOLORCHANGED=0 WM_SYSCOLORCHANGE=0 other=0
2026-10-03T16:44:22.922+08:00 CYCLE n=1912 label=set start=2026-10-03T16:44:19.908+08:00 sets=[mon1=B@+0.9ms/2.5ms/hr=0x00000000] window_ms=3004 total=0 WM_SETTINGCHANGE=0 WM_DISPLAYCHANGE=0 WM_THEMECHANGED=0 WM_DWMCOLORIZATIONCOLORCHANGED=0 WM_SYSCOLORCHANGE=0 other=0
2026-10-03T16:44:32.882+08:00 CYCLE n=1913 label=set start=2026-10-03T16:44:29.869+08:00 sets=[mon1=A@+0.4ms/1.6ms/hr=0x00000000] window_ms=3002 total=0 WM_SETTINGCHANGE=0 WM_DISPLAYCHANGE=0 WM_THEMECHANGED=0 WM_DWMCOLORIZATIONCOLORCHANGED=0 WM_SYSCOLORCHANGE=0 other=0
2026-10-03T16:44:42.858+08:00 CYCLE n=1914 label=set start=2026-10-03T16:44:39.842+08:00 sets=[mon1=B@+0.8ms/3.3ms/hr=0x00000000] window_ms=3004 total=0 WM_SETTINGCHANGE=0 WM_DISPLAYCHANGE=0 WM_THEMECHANGED=0 WM_DWMCOLORIZATIONCOLORCHANGED=0 WM_SYSCOLORCHANGE=0 other=0
2026-10-03T16:44:52.829+08:00 CYCLE n=1915 label=set start=2026-10-03T16:44:49.813+08:00 sets=[mon1=A@+1.0ms/3.1ms/hr=0x00000000] window_ms=3004 total=0 WM_SETTINGCHANGE=0 WM_DISPLAYCHANGE=0 WM_THEMECHANGED=0 WM_DWMCOLORIZATIONCOLORCHANGED=0 WM_SYSCOLORCHANGE=0 other=0
2026-10-03T16:45:02.889+08:00 CYCLE n=1916 label=set start=2026-10-03T16:44:59.876+08:00 sets=[mon1=B@+0.4ms/1.4ms/hr=0x00000000] window_ms=3002 total=0 WM_SETTINGCHANGE=0 WM_DISPLAYCHANGE=0 WM_THEMECHANGED=0 WM_DWMCOLORIZATIONCOLORCHANGED=0 WM_SYSCOLORCHANGE=0 other=0
2026-10-03T16:45:12.848+08:00 CYCLE n=1917 label=set start=2026-10-03T16:45:09.835+08:00 sets=[mon1=A@+1.2ms/2.6ms/hr=0x00000000] window_ms=3004 total=0 WM_SETTINGCHANGE=0 WM_DISPLAYCHANGE=0 WM_THEMECHANGED=0 WM_DWMCOLORIZATIONCOLORCHANGED=0 WM_SYSCOLORCHANGE=0 other=0
2026-10-03T16:45:22.910+08:00 CYCLE n=1918 label=set start=2026-10-03T16:45:19.894+08:00 sets=[mon1=B@+0.6ms/2.5ms/hr=0x00000000] window_ms=3003 total=0 WM_SETTINGCHANGE=0 WM_DISPLAYCHANGE=0 WM_THEMECHANGED=0 WM_DWMCOLORIZATIONCOLORCHANGED=0 WM_SYSCOLORCHANGE=0 other=0
2026-10-03T16:45:32.878+08:00 CYCLE n=1919 label=set start=2026-10-03T16:45:29.864+08:00 sets=[mon1=A@+0.4ms/1.9ms/hr=0x00000000] window_ms=3003 total=0 WM_SETTINGCHANGE=0 WM_DISPLAYCHANGE=0 WM_THEMECHANGED=0 WM_DWMCOLORIZATIONCOLORCHANGED=0 WM_SYSCOLORCHANGE=0 other=0
2026-10-03T16:45:42.847+08:00 CYCLE n=1920 label=set start=2026-10-03T16:45:39.834+08:00 sets=[mon1=B@+0.4ms/1.6ms/hr=0x00000000] window_ms=3002 total=0 WM_SETTINGCHANGE=0 WM_DISPLAYCHANGE=0 WM_THEMECHANGED=0 WM_DWMCOLORIZATIONCOLORCHANGED=0 WM_SYSCOLORCHANGE=0 other=0
2026-10-03T16:45:52.916+08:00 CYCLE n=1921 label=set start=2026-10-03T16:45:49.902+08:00 sets=[mon1=A@+0.4ms/1.8ms/hr=0x00000000] window_ms=3002 total=0 WM_SETTINGCHANGE=0 WM_DISPLAYCHANGE=0 WM_THEMECHANGED=0 WM_DWMCOLORIZATIONCOLORCHANGED=0 WM_SYSCOLORCHANGE=0 other=0
2026-10-03T16:46:02.880+08:00 CYCLE n=1922 label=set start=2026-10-03T16:45:59.864+08:00 sets=[mon1=B@+0.5ms/2.5ms/hr=0x00000000] window_ms=3004 total=0 WM_SETTINGCHANGE=0 WM_DISPLAYCHANGE=0 WM_THEMECHANGED=0 WM_DWMCOLORIZATIONCOLORCHANGED=0 WM_SYSCOLORCHANGE=0 other=0
2026-10-03T16:46:12.856+08:00 CYCLE n=1923 label=set start=2026-10-03T16:46:09.842+08:00 sets=[mon1=A@+0.9ms/2.1ms/hr=0x00000000] window_ms=3003 total=0 WM_SETTINGCHANGE=0 WM_DISPLAYCHANGE=0 WM_THEMECHANGED=0 WM_DWMCOLORIZATIONCOLORCHANGED=0 WM_SYSCOLORCHANGE=0 other=0
2026-10-03T16:46:22.831+08:00 CYCLE n=1924 label=set start=2026-10-03T16:46:19.816+08:00 sets=[mon1=B@+0.5ms/2.1ms/hr=0x00000000] window_ms=3003 total=0 WM_SETTINGCHANGE=0 WM_DISPLAYCHANGE=0 WM_THEMECHANGED=0 WM_DWMCOLORIZATIONCOLORCHANGED=0 WM_SYSCOLORCHANGE=0 other=0
2026-10-03T16:46:32.903+08:00 CYCLE n=1925 label=set start=2026-10-03T16:46:29.891+08:00 sets=[mon1=A@+0.4ms/1.8ms/hr=0x00000000] window_ms=3003 total=0 WM_SETTINGCHANGE=0 WM_DISPLAYCHANGE=0 WM_THEMECHANGED=0 WM_DWMCOLORIZATIONCOLORCHANGED=0 WM_SYSCOLORCHANGE=0 other=0
2026-10-03T16:46:42.875+08:00 CYCLE n=1926 label=set start=2026-10-03T16:46:39.862+08:00 sets=[mon1=B@+0.7ms/1.8ms/hr=0x00000000] window_ms=3003 total=0 WM_SETTINGCHANGE=0 WM_DISPLAYCHANGE=0 WM_THEMECHANGED=0 WM_DWMCOLORIZATIONCOLORCHANGED=0 WM_SYSCOLORCHANGE=0 other=0
2026-10-03T16:46:52.842+08:00 CYCLE n=1927 label=set start=2026-10-03T16:46:49.827+08:00 sets=[mon1=A@+1.0ms/2.4ms/hr=0x00000000] window_ms=3004 total=0 WM_SETTINGCHANGE=0 WM_DISPLAYCHANGE=0 WM_THEMECHANGED=0 WM_DWMCOLORIZATIONCOLORCHANGED=0 WM_SYSCOLORCHANGE=0 other=0
2026-10-03T16:47:02.910+08:00 CYCLE n=1928 label=set start=2026-10-03T16:46:59.896+08:00 sets=[mon1=B@+0.6ms/2.5ms/hr=0x00000000] window_ms=3003 total=0 WM_SETTINGCHANGE=0 WM_DISPLAYCHANGE=0 WM_THEMECHANGED=0 WM_DWMCOLORIZATIONCOLORCHANGED=0 WM_SYSCOLORCHANGE=0 other=0
2026-10-03T16:47:12.870+08:00 CYCLE n=1929 label=set start=2026-10-03T16:47:09.860+08:00 sets=[mon1=A@+0.4ms/1.8ms/hr=0x00000000] window_ms=3002 total=0 WM_SETTINGCHANGE=0 WM_DISPLAYCHANGE=0 WM_THEMECHANGED=0 WM_DWMCOLORIZATIONCOLORCHANGED=0 WM_SYSCOLORCHANGE=0 other=0
2026-10-03T16:47:22.830+08:00 CYCLE n=1930 label=set start=2026-10-03T16:47:19.816+08:00 sets=[mon1=B@+0.5ms/1.9ms/hr=0x00000000] window_ms=3003 total=0 WM_SETTINGCHANGE=0 WM_DISPLAYCHANGE=0 WM_THEMECHANGED=0 WM_DWMCOLORIZATIONCOLORCHANGED=0 WM_SYSCOLORCHANGE=0 other=0
2026-10-03T16:47:32.895+08:00 CYCLE n=1931 label=set start=2026-10-03T16:47:29.882+08:00 sets=[mon1=A@+0.7ms/2.1ms/hr=0x00000000] window_ms=3003 total=0 WM_SETTINGCHANGE=0 WM_DISPLAYCHANGE=0 WM_THEMECHANGED=0 WM_DWMCOLORIZATIONCOLORCHANGED=0 WM_SYSCOLORCHANGE=0 other=0
2026-10-03T16:47:42.863+08:00 CYCLE n=1932 label=set start=2026-10-03T16:47:39.851+08:00 sets=[mon1=B@+0.4ms/1.4ms/hr=0x00000000] window_ms=3002 total=0 WM_SETTINGCHANGE=0 WM_DISPLAYCHANGE=0 WM_THEMECHANGED=0 WM_DWMCOLORIZATIONCOLORCHANGED=0 WM_SYSCOLORCHANGE=0 other=0
2026-10-03T16:47:52.828+08:00 CYCLE n=1933 label=set start=2026-10-03T16:47:49.816+08:00 sets=[mon1=A@+0.6ms/2.0ms/hr=0x00000000] window_ms=3003 total=0 WM_SETTINGCHANGE=0 WM_DISPLAYCHANGE=0 WM_THEMECHANGED=0 WM_DWMCOLORIZATIONCOLORCHANGED=0 WM_SYSCOLORCHANGE=0 other=0
2026-10-03T16:48:02.885+08:00 CYCLE n=1934 label=set start=2026-10-03T16:47:59.874+08:00 sets=[mon1=B@+0.3ms/2.0ms/hr=0x00000000] window_ms=3003 total=0 WM_SETTINGCHANGE=0 WM_DISPLAYCHANGE=0 WM_THEMECHANGED=0 WM_DWMCOLORIZATIONCOLORCHANGED=0 WM_SYSCOLORCHANGE=0 other=0
2026-10-03T16:48:12.849+08:00 CYCLE n=1935 label=set start=2026-10-03T16:48:09.838+08:00 sets=[mon1=A@+0.4ms/2.0ms/hr=0x00000000] window_ms=3003 total=0 WM_SETTINGCHANGE=0 WM_DISPLAYCHANGE=0 WM_THEMECHANGED=0 WM_DWMCOLORIZATIONCOLORCHANGED=0 WM_SYSCOLORCHANGE=0 other=0
2026-10-03T16:48:22.922+08:00 CYCLE n=1936 label=set start=2026-10-03T16:48:19.910+08:00 sets=[mon1=B@+0.4ms/1.7ms/hr=0x00000000] window_ms=3002 total=0 WM_SETTINGCHANGE=0 WM_DISPLAYCHANGE=0 WM_THEMECHANGED=0 WM_DWMCOLORIZATIONCOLORCHANGED=0 WM_SYSCOLORCHANGE=0 other=0
2026-10-03T16:48:32.896+08:00 CYCLE n=1937 label=set start=2026-10-03T16:48:29.882+08:00 sets=[mon1=A@+0.9ms/2.3ms/hr=0x00000000] window_ms=3004 total=0 WM_SETTINGCHANGE=0 WM_DISPLAYCHANGE=0 WM_THEMECHANGED=0 WM_DWMCOLORIZATIONCOLORCHANGED=0 WM_SYSCOLORCHANGE=0 other=0
2026-10-03T16:48:42.863+08:00 CYCLE n=1938 label=set start=2026-10-03T16:48:39.850+08:00 sets=[mon1=B@+0.9ms/2.8ms/hr=0x00000000] window_ms=3004 total=0 WM_SETTINGCHANGE=0 WM_DISPLAYCHANGE=0 WM_THEMECHANGED=0 WM_DWMCOLORIZATIONCOLORCHANGED=0 WM_SYSCOLORCHANGE=0 other=0
2026-10-03T16:48:52.923+08:00 CYCLE n=1939 label=set start=2026-10-03T16:48:49.908+08:00 sets=[mon1=A@+0.9ms/2.1ms/hr=0x00000000] window_ms=3003 total=0 WM_SETTINGCHANGE=0 WM_DISPLAYCHANGE=0 WM_THEMECHANGED=0 WM_DWMCOLORIZATIONCOLORCHANGED=0 WM_SYSCOLORCHANGE=0 other=0
2026-10-03T16:49:02.879+08:00 CYCLE n=1940 label=set start=2026-10-03T16:48:59.867+08:00 sets=[mon1=B@+0.5ms/1.2ms/hr=0x00000000] window_ms=3002 total=0 WM_SETTINGCHANGE=0 WM_DISPLAYCHANGE=0 WM_THEMECHANGED=0 WM_DWMCOLORIZATIONCOLORCHANGED=0 WM_SYSCOLORCHANGE=0 other=0
2026-10-03T16:49:12.850+08:00 CYCLE n=1941 label=set start=2026-10-03T16:49:09.835+08:00 sets=[mon1=A@+0.7ms/1.7ms/hr=0x00000000] window_ms=3003 total=0 WM_SETTINGCHANGE=0 WM_DISPLAYCHANGE=0 WM_THEMECHANGED=0 WM_DWMCOLORIZATIONCOLORCHANGED=0 WM_SYSCOLORCHANGE=0 other=0
2026-10-03T16:49:22.915+08:00 CYCLE n=1942 label=set start=2026-10-03T16:49:19.902+08:00 sets=[mon1=B@+0.5ms/2.0ms/hr=0x00000000] window_ms=3003 total=0 WM_SETTINGCHANGE=0 WM_DISPLAYCHANGE=0 WM_THEMECHANGED=0 WM_DWMCOLORIZATIONCOLORCHANGED=0 WM_SYSCOLORCHANGE=0 other=0
2026-10-03T16:49:32.877+08:00 CYCLE n=1943 label=set start=2026-10-03T16:49:29.863+08:00 sets=[mon1=A@+0.4ms/2.2ms/hr=0x00000000] window_ms=3003 total=0 WM_SETTINGCHANGE=0 WM_DISPLAYCHANGE=0 WM_THEMECHANGED=0 WM_DWMCOLORIZATIONCOLORCHANGED=0 WM_SYSCOLORCHANGE=0 other=0
2026-10-03T16:49:42.838+08:00 CYCLE n=1944 label=set start=2026-10-03T16:49:39.826+08:00 sets=[mon1=B@+0.5ms/1.8ms/hr=0x00000000] window_ms=3003 total=0 WM_SETTINGCHANGE=0 WM_DISPLAYCHANGE=0 WM_THEMECHANGED=0 WM_DWMCOLORIZATIONCOLORCHANGED=0 WM_SYSCOLORCHANGE=0 other=0
2026-10-03T16:49:52.909+08:00 CYCLE n=1945 label=set start=2026-10-03T16:49:49.895+08:00 sets=[mon1=A@+0.4ms/2.1ms/hr=0x00000000] window_ms=3003 total=0 WM_SETTINGCHANGE=0 WM_DISPLAYCHANGE=0 WM_THEMECHANGED=0 WM_DWMCOLORIZATIONCOLORCHANGED=0 WM_SYSCOLORCHANGE=0 other=0
2026-10-03T16:50:02.875+08:00 CYCLE n=1946 label=set start=2026-10-03T16:49:59.862+08:00 sets=[mon1=B@+0.8ms/2.7ms/hr=0x00000000] window_ms=3004 total=0 WM_SETTINGCHANGE=0 WM_DISPLAYCHANGE=0 WM_THEMECHANGED=0 WM_DWMCOLORIZATIONCOLORCHANGED=0 WM_SYSCOLORCHANGE=0 other=0
2026-10-03T16:50:12.845+08:00 CYCLE n=1947 label=set start=2026-10-03T16:50:09.831+08:00 sets=[mon1=A@+0.6ms/1.4ms/hr=0x00000000] window_ms=3002 total=0 WM_SETTINGCHANGE=0 WM_DISPLAYCHANGE=0 WM_THEMECHANGED=0 WM_DWMCOLORIZATIONCOLORCHANGED=0 WM_SYSCOLORCHANGE=0 other=0
2026-10-03T16:50:22.914+08:00 CYCLE n=1948 label=set start=2026-10-03T16:50:19.900+08:00 sets=[mon1=B@+0.8ms/2.0ms/hr=0x00000000] window_ms=3003 total=0 WM_SETTINGCHANGE=0 WM_DISPLAYCHANGE=0 WM_THEMECHANGED=0 WM_DWMCOLORIZATIONCOLORCHANGED=0 WM_SYSCOLORCHANGE=0 other=0
2026-10-03T16:50:32.880+08:00 CYCLE n=1949 label=set start=2026-10-03T16:50:29.866+08:00 sets=[mon1=A@+0.6ms/1.5ms/hr=0x00000000] window_ms=3002 total=0 WM_SETTINGCHANGE=0 WM_DISPLAYCHANGE=0 WM_THEMECHANGED=0 WM_DWMCOLORIZATIONCOLORCHANGED=0 WM_SYSCOLORCHANGE=0 other=0
2026-10-03T16:50:42.850+08:00 CYCLE n=1950 label=set start=2026-10-03T16:50:39.837+08:00 sets=[mon1=B@+0.4ms/2.0ms/hr=0x00000000] window_ms=3003 total=0 WM_SETTINGCHANGE=0 WM_DISPLAYCHANGE=0 WM_THEMECHANGED=0 WM_DWMCOLORIZATIONCOLORCHANGED=0 WM_SYSCOLORCHANGE=0 other=0
2026-10-03T16:50:52.922+08:00 CYCLE n=1951 label=set start=2026-10-03T16:50:49.910+08:00 sets=[mon1=A@+0.4ms/2.3ms/hr=0x00000000] window_ms=3003 total=0 WM_SETTINGCHANGE=0 WM_DISPLAYCHANGE=0 WM_THEMECHANGED=0 WM_DWMCOLORIZATIONCOLORCHANGED=0 WM_SYSCOLORCHANGE=0 other=0
2026-10-03T16:51:02.886+08:00 CYCLE n=1952 label=set start=2026-10-03T16:50:59.873+08:00 sets=[mon1=B@+0.7ms/3.2ms/hr=0x00000000] window_ms=3004 total=0 WM_SETTINGCHANGE=0 WM_DISPLAYCHANGE=0 WM_THEMECHANGED=0 WM_DWMCOLORIZATIONCOLORCHANGED=0 WM_SYSCOLORCHANGE=0 other=0
2026-10-03T16:51:12.856+08:00 CYCLE n=1953 label=set start=2026-10-03T16:51:09.843+08:00 sets=[mon1=A@+0.6ms/2.7ms/hr=0x00000000] window_ms=3003 total=0 WM_SETTINGCHANGE=0 WM_DISPLAYCHANGE=0 WM_THEMECHANGED=0 WM_DWMCOLORIZATIONCOLORCHANGED=0 WM_SYSCOLORCHANGE=0 other=0
2026-10-03T16:51:22.917+08:00 CYCLE n=1954 label=set start=2026-10-03T16:51:19.903+08:00 sets=[mon1=B@+0.5ms/2.2ms/hr=0x00000000] window_ms=3003 total=0 WM_SETTINGCHANGE=0 WM_DISPLAYCHANGE=0 WM_THEMECHANGED=0 WM_DWMCOLORIZATIONCOLORCHANGED=0 WM_SYSCOLORCHANGE=0 other=0
2026-10-03T16:51:32.883+08:00 CYCLE n=1955 label=set start=2026-10-03T16:51:29.872+08:00 sets=[mon1=A@+0.5ms/1.6ms/hr=0x00000000] window_ms=3002 total=0 WM_SETTINGCHANGE=0 WM_DISPLAYCHANGE=0 WM_THEMECHANGED=0 WM_DWMCOLORIZATIONCOLORCHANGED=0 WM_SYSCOLORCHANGE=0 other=0
2026-10-03T16:51:42.847+08:00 CYCLE n=1956 label=set start=2026-10-03T16:51:39.832+08:00 sets=[mon1=B@+0.5ms/2.2ms/hr=0x00000000] window_ms=3003 total=0 WM_SETTINGCHANGE=0 WM_DISPLAYCHANGE=0 WM_THEMECHANGED=0 WM_DWMCOLORIZATIONCOLORCHANGED=0 WM_SYSCOLORCHANGE=0 other=0
2026-10-03T16:51:52.913+08:00 CYCLE n=1957 label=set start=2026-10-03T16:51:49.900+08:00 sets=[mon1=A@+0.4ms/2.1ms/hr=0x00000000] window_ms=3003 total=0 WM_SETTINGCHANGE=0 WM_DISPLAYCHANGE=0 WM_THEMECHANGED=0 WM_DWMCOLORIZATIONCOLORCHANGED=0 WM_SYSCOLORCHANGE=0 other=0
2026-10-03T16:52:02.879+08:00 CYCLE n=1958 label=set start=2026-10-03T16:51:59.864+08:00 sets=[mon1=B@+0.7ms/2.8ms/hr=0x00000000] window_ms=3004 total=0 WM_SETTINGCHANGE=0 WM_DISPLAYCHANGE=0 WM_THEMECHANGED=0 WM_DWMCOLORIZATIONCOLORCHANGED=0 WM_SYSCOLORCHANGE=0 other=0
2026-10-03T16:52:12.837+08:00 CYCLE n=1959 label=set start=2026-10-03T16:52:09.825+08:00 sets=[mon1=A@+0.4ms/2.0ms/hr=0x00000000] window_ms=3003 total=0 WM_SETTINGCHANGE=0 WM_DISPLAYCHANGE=0 WM_THEMECHANGED=0 WM_DWMCOLORIZATIONCOLORCHANGED=0 WM_SYSCOLORCHANGE=0 other=0
2026-10-03T16:52:22.906+08:00 CYCLE n=1960 label=set start=2026-10-03T16:52:19.891+08:00 sets=[mon1=B@+0.8ms/3.2ms/hr=0x00000000] window_ms=3004 total=0 WM_SETTINGCHANGE=0 WM_DISPLAYCHANGE=0 WM_THEMECHANGED=0 WM_DWMCOLORIZATIONCOLORCHANGED=0 WM_SYSCOLORCHANGE=0 other=0
2026-10-03T16:52:32.876+08:00 CYCLE n=1961 label=set start=2026-10-03T16:52:29.864+08:00 sets=[mon1=A@+0.3ms/1.9ms/hr=0x00000000] window_ms=3003 total=0 WM_SETTINGCHANGE=0 WM_DISPLAYCHANGE=0 WM_THEMECHANGED=0 WM_DWMCOLORIZATIONCOLORCHANGED=0 WM_SYSCOLORCHANGE=0 other=0
2026-10-03T16:52:42.841+08:00 CYCLE n=1962 label=set start=2026-10-03T16:52:39.828+08:00 sets=[mon1=B@+0.4ms/2.0ms/hr=0x00000000] window_ms=3003 total=0 WM_SETTINGCHANGE=0 WM_DISPLAYCHANGE=0 WM_THEMECHANGED=0 WM_DWMCOLORIZATIONCOLORCHANGED=0 WM_SYSCOLORCHANGE=0 other=0
2026-10-03T16:52:52.912+08:00 CYCLE n=1963 label=set start=2026-10-03T16:52:49.895+08:00 sets=[mon1=A@+0.9ms/2.7ms/hr=0x00000000] window_ms=3004 total=0 WM_SETTINGCHANGE=0 WM_DISPLAYCHANGE=0 WM_THEMECHANGED=0 WM_DWMCOLORIZATIONCOLORCHANGED=0 WM_SYSCOLORCHANGE=0 other=0
2026-10-03T16:53:02.877+08:00 CYCLE n=1964 label=set start=2026-10-03T16:52:59.864+08:00 sets=[mon1=B@+1.2ms/1.8ms/hr=0x00000000] window_ms=3003 total=0 WM_SETTINGCHANGE=0 WM_DISPLAYCHANGE=0 WM_THEMECHANGED=0 WM_DWMCOLORIZATIONCOLORCHANGED=0 WM_SYSCOLORCHANGE=0 other=0
2026-10-03T16:53:12.837+08:00 CYCLE n=1965 label=set start=2026-10-03T16:53:09.822+08:00 sets=[mon1=A@+0.8ms/2.5ms/hr=0x00000000] window_ms=3003 total=0 WM_SETTINGCHANGE=0 WM_DISPLAYCHANGE=0 WM_THEMECHANGED=0 WM_DWMCOLORIZATIONCOLORCHANGED=0 WM_SYSCOLORCHANGE=0 other=0
2026-10-03T16:53:22.897+08:00 CYCLE n=1966 label=set start=2026-10-03T16:53:19.885+08:00 sets=[mon1=B@+0.4ms/1.4ms/hr=0x00000000] window_ms=3002 total=0 WM_SETTINGCHANGE=0 WM_DISPLAYCHANGE=0 WM_THEMECHANGED=0 WM_DWMCOLORIZATIONCOLORCHANGED=0 WM_SYSCOLORCHANGE=0 other=0
2026-10-03T16:53:32.855+08:00 CYCLE n=1967 label=set start=2026-10-03T16:53:29.841+08:00 sets=[mon1=A@+0.5ms/1.7ms/hr=0x00000000] window_ms=3002 total=0 WM_SETTINGCHANGE=0 WM_DISPLAYCHANGE=0 WM_THEMECHANGED=0 WM_DWMCOLORIZATIONCOLORCHANGED=0 WM_SYSCOLORCHANGE=0 other=0
2026-10-03T16:53:42.828+08:00 CYCLE n=1968 label=set start=2026-10-03T16:53:39.815+08:00 sets=[mon1=B@+0.9ms/2.9ms/hr=0x00000000] window_ms=3004 total=0 WM_SETTINGCHANGE=0 WM_DISPLAYCHANGE=0 WM_THEMECHANGED=0 WM_DWMCOLORIZATIONCOLORCHANGED=0 WM_SYSCOLORCHANGE=0 other=0
2026-10-03T16:53:52.900+08:00 CYCLE n=1969 label=set start=2026-10-03T16:53:49.886+08:00 sets=[mon1=A@+1.0ms/2.6ms/hr=0x00000000] window_ms=3004 total=0 WM_SETTINGCHANGE=0 WM_DISPLAYCHANGE=0 WM_THEMECHANGED=0 WM_DWMCOLORIZATIONCOLORCHANGED=0 WM_SYSCOLORCHANGE=0 other=0
2026-10-03T16:54:02.865+08:00 CYCLE n=1970 label=set start=2026-10-03T16:53:59.851+08:00 sets=[mon1=B@+1.2ms/1.5ms/hr=0x00000000] window_ms=3003 total=0 WM_SETTINGCHANGE=0 WM_DISPLAYCHANGE=0 WM_THEMECHANGED=0 WM_DWMCOLORIZATIONCOLORCHANGED=0 WM_SYSCOLORCHANGE=0 other=0
2026-10-03T16:54:12.834+08:00 CYCLE n=1971 label=set start=2026-10-03T16:54:09.821+08:00 sets=[mon1=A@+1.0ms/2.4ms/hr=0x00000000] window_ms=3004 total=0 WM_SETTINGCHANGE=0 WM_DISPLAYCHANGE=0 WM_THEMECHANGED=0 WM_DWMCOLORIZATIONCOLORCHANGED=0 WM_SYSCOLORCHANGE=0 other=0
2026-10-03T16:54:22.907+08:00 CYCLE n=1972 label=set start=2026-10-03T16:54:19.894+08:00 sets=[mon1=B@+0.4ms/1.8ms/hr=0x00000000] window_ms=3002 total=0 WM_SETTINGCHANGE=0 WM_DISPLAYCHANGE=0 WM_THEMECHANGED=0 WM_DWMCOLORIZATIONCOLORCHANGED=0 WM_SYSCOLORCHANGE=0 other=0
2026-10-03T16:54:32.882+08:00 CYCLE n=1973 label=set start=2026-10-03T16:54:29.868+08:00 sets=[mon1=A@+0.8ms/2.1ms/hr=0x00000000] window_ms=3003 total=0 WM_SETTINGCHANGE=0 WM_DISPLAYCHANGE=0 WM_THEMECHANGED=0 WM_DWMCOLORIZATIONCOLORCHANGED=0 WM_SYSCOLORCHANGE=0 other=0
2026-10-03T16:54:42.859+08:00 CYCLE n=1974 label=set start=2026-10-03T16:54:39.845+08:00 sets=[mon1=B@+1.2ms/2.8ms/hr=0x00000000] window_ms=3004 total=0 WM_SETTINGCHANGE=0 WM_DISPLAYCHANGE=0 WM_THEMECHANGED=0 WM_DWMCOLORIZATIONCOLORCHANGED=0 WM_SYSCOLORCHANGE=0 other=0
2026-10-03T16:54:52.833+08:00 CYCLE n=1975 label=set start=2026-10-03T16:54:49.819+08:00 sets=[mon1=A@+0.4ms/2.1ms/hr=0x00000000] window_ms=3003 total=0 WM_SETTINGCHANGE=0 WM_DISPLAYCHANGE=0 WM_THEMECHANGED=0 WM_DWMCOLORIZATIONCOLORCHANGED=0 WM_SYSCOLORCHANGE=0 other=0
2026-10-03T16:55:02.905+08:00 CYCLE n=1976 label=set start=2026-10-03T16:54:59.890+08:00 sets=[mon1=B@+0.9ms/4.0ms/hr=0x00000000] window_ms=3005 total=0 WM_SETTINGCHANGE=0 WM_DISPLAYCHANGE=0 WM_THEMECHANGED=0 WM_DWMCOLORIZATIONCOLORCHANGED=0 WM_SYSCOLORCHANGE=0 other=0
2026-10-03T16:55:12.877+08:00 CYCLE n=1977 label=set start=2026-10-03T16:55:09.862+08:00 sets=[mon1=A@+0.9ms/2.3ms/hr=0x00000000] window_ms=3003 total=0 WM_SETTINGCHANGE=0 WM_DISPLAYCHANGE=0 WM_THEMECHANGED=0 WM_DWMCOLORIZATIONCOLORCHANGED=0 WM_SYSCOLORCHANGE=0 other=0
2026-10-03T16:55:22.848+08:00 CYCLE n=1978 label=set start=2026-10-03T16:55:19.837+08:00 sets=[mon1=B@+0.4ms/1.9ms/hr=0x00000000] window_ms=3003 total=0 WM_SETTINGCHANGE=0 WM_DISPLAYCHANGE=0 WM_THEMECHANGED=0 WM_DWMCOLORIZATIONCOLORCHANGED=0 WM_SYSCOLORCHANGE=0 other=0
2026-10-03T16:55:32.920+08:00 CYCLE n=1979 label=set start=2026-10-03T16:55:29.906+08:00 sets=[mon1=A@+0.8ms/3.0ms/hr=0x00000000] window_ms=3004 total=0 WM_SETTINGCHANGE=0 WM_DISPLAYCHANGE=0 WM_THEMECHANGED=0 WM_DWMCOLORIZATIONCOLORCHANGED=0 WM_SYSCOLORCHANGE=0 other=0
2026-10-03T16:55:42.894+08:00 CYCLE n=1980 label=set start=2026-10-03T16:55:39.880+08:00 sets=[mon1=B@+0.9ms/2.8ms/hr=0x00000000] window_ms=3004 total=0 WM_SETTINGCHANGE=0 WM_DISPLAYCHANGE=0 WM_THEMECHANGED=0 WM_DWMCOLORIZATIONCOLORCHANGED=0 WM_SYSCOLORCHANGE=0 other=0
2026-10-03T16:55:52.867+08:00 CYCLE n=1981 label=set start=2026-10-03T16:55:49.853+08:00 sets=[mon1=A@+1.0ms/2.5ms/hr=0x00000000] window_ms=3004 total=0 WM_SETTINGCHANGE=0 WM_DISPLAYCHANGE=0 WM_THEMECHANGED=0 WM_DWMCOLORIZATIONCOLORCHANGED=0 WM_SYSCOLORCHANGE=0 other=0
2026-10-03T16:56:02.925+08:00 CYCLE n=1982 label=set start=2026-10-03T16:55:59.912+08:00 sets=[mon1=B@+0.4ms/2.2ms/hr=0x00000000] window_ms=3003 total=0 WM_SETTINGCHANGE=0 WM_DISPLAYCHANGE=0 WM_THEMECHANGED=0 WM_DWMCOLORIZATIONCOLORCHANGED=0 WM_SYSCOLORCHANGE=0 other=0
2026-10-03T16:56:12.890+08:00 CYCLE n=1983 label=set start=2026-10-03T16:56:09.876+08:00 sets=[mon1=A@+0.4ms/1.6ms/hr=0x00000000] window_ms=3002 total=0 WM_SETTINGCHANGE=0 WM_DISPLAYCHANGE=0 WM_THEMECHANGED=0 WM_DWMCOLORIZATIONCOLORCHANGED=0 WM_SYSCOLORCHANGE=0 other=0
2026-10-03T16:56:22.864+08:00 CYCLE n=1984 label=set start=2026-10-03T16:56:19.851+08:00 sets=[mon1=B@+0.4ms/1.7ms/hr=0x00000000] window_ms=3002 total=0 WM_SETTINGCHANGE=0 WM_DISPLAYCHANGE=0 WM_THEMECHANGED=0 WM_DWMCOLORIZATIONCOLORCHANGED=0 WM_SYSCOLORCHANGE=0 other=0
2026-10-03T16:56:32.928+08:00 CYCLE n=1985 label=set start=2026-10-03T16:56:29.913+08:00 sets=[mon1=A@+0.7ms/1.8ms/hr=0x00000000] window_ms=3003 total=0 WM_SETTINGCHANGE=0 WM_DISPLAYCHANGE=0 WM_THEMECHANGED=0 WM_DWMCOLORIZATIONCOLORCHANGED=0 WM_SYSCOLORCHANGE=0 other=0
2026-10-03T16:56:42.899+08:00 CYCLE n=1986 label=set start=2026-10-03T16:56:39.886+08:00 sets=[mon1=B@+0.6ms/1.6ms/hr=0x00000000] window_ms=3003 total=0 WM_SETTINGCHANGE=0 WM_DISPLAYCHANGE=0 WM_THEMECHANGED=0 WM_DWMCOLORIZATIONCOLORCHANGED=0 WM_SYSCOLORCHANGE=0 other=0
2026-10-03T16:56:52.864+08:00 CYCLE n=1987 label=set start=2026-10-03T16:56:49.851+08:00 sets=[mon1=A@+0.8ms/2.5ms/hr=0x00000000] window_ms=3004 total=0 WM_SETTINGCHANGE=0 WM_DISPLAYCHANGE=0 WM_THEMECHANGED=0 WM_DWMCOLORIZATIONCOLORCHANGED=0 WM_SYSCOLORCHANGE=0 other=0
2026-10-03T16:57:02.829+08:00 CYCLE n=1988 label=set start=2026-10-03T16:56:59.817+08:00 sets=[mon1=B@+0.4ms/2.1ms/hr=0x00000000] window_ms=3003 total=0 WM_SETTINGCHANGE=0 WM_DISPLAYCHANGE=0 WM_THEMECHANGED=0 WM_DWMCOLORIZATIONCOLORCHANGED=0 WM_SYSCOLORCHANGE=0 other=0
2026-10-03T16:57:12.895+08:00 CYCLE n=1989 label=set start=2026-10-03T16:57:09.880+08:00 sets=[mon1=A@+0.4ms/2.0ms/hr=0x00000000] window_ms=3003 total=0 WM_SETTINGCHANGE=0 WM_DISPLAYCHANGE=0 WM_THEMECHANGED=0 WM_DWMCOLORIZATIONCOLORCHANGED=0 WM_SYSCOLORCHANGE=0 other=0
2026-10-03T16:57:22.867+08:00 CYCLE n=1990 label=set start=2026-10-03T16:57:19.851+08:00 sets=[mon1=B@+0.9ms/2.5ms/hr=0x00000000] window_ms=3004 total=0 WM_SETTINGCHANGE=0 WM_DISPLAYCHANGE=0 WM_THEMECHANGED=0 WM_DWMCOLORIZATIONCOLORCHANGED=0 WM_SYSCOLORCHANGE=0 other=0
2026-10-03T16:57:32.829+08:00 CYCLE n=1991 label=set start=2026-10-03T16:57:29.816+08:00 sets=[mon1=A@+0.6ms/1.9ms/hr=0x00000000] window_ms=3003 total=0 WM_SETTINGCHANGE=0 WM_DISPLAYCHANGE=0 WM_THEMECHANGED=0 WM_DWMCOLORIZATIONCOLORCHANGED=0 WM_SYSCOLORCHANGE=0 other=0
2026-10-03T16:57:42.891+08:00 CYCLE n=1992 label=set start=2026-10-03T16:57:39.877+08:00 sets=[mon1=B@+0.8ms/2.8ms/hr=0x00000000] window_ms=3004 total=0 WM_SETTINGCHANGE=0 WM_DISPLAYCHANGE=0 WM_THEMECHANGED=0 WM_DWMCOLORIZATIONCOLORCHANGED=0 WM_SYSCOLORCHANGE=0 other=0
2026-10-03T16:57:52.854+08:00 CYCLE n=1993 label=set start=2026-10-03T16:57:49.841+08:00 sets=[mon1=A@+0.8ms/2.1ms/hr=0x00000000] window_ms=3003 total=0 WM_SETTINGCHANGE=0 WM_DISPLAYCHANGE=0 WM_THEMECHANGED=0 WM_DWMCOLORIZATIONCOLORCHANGED=0 WM_SYSCOLORCHANGE=0 other=0
2026-10-03T16:58:02.830+08:00 CYCLE n=1994 label=set start=2026-10-03T16:57:59.817+08:00 sets=[mon1=B@+0.4ms/1.8ms/hr=0x00000000] window_ms=3002 total=0 WM_SETTINGCHANGE=0 WM_DISPLAYCHANGE=0 WM_THEMECHANGED=0 WM_DWMCOLORIZATIONCOLORCHANGED=0 WM_SYSCOLORCHANGE=0 other=0
2026-10-03T16:58:12.896+08:00 CYCLE n=1995 label=set start=2026-10-03T16:58:09.884+08:00 sets=[mon1=A@+0.6ms/1.8ms/hr=0x00000000] window_ms=3003 total=0 WM_SETTINGCHANGE=0 WM_DISPLAYCHANGE=0 WM_THEMECHANGED=0 WM_DWMCOLORIZATIONCOLORCHANGED=0 WM_SYSCOLORCHANGE=0 other=0
2026-10-03T16:58:22.868+08:00 CYCLE n=1996 label=set start=2026-10-03T16:58:19.845+08:00 sets=[mon1=B@+0.5ms/9.8ms/hr=0x00000000] window_ms=3010 total=0 WM_SETTINGCHANGE=0 WM_DISPLAYCHANGE=0 WM_THEMECHANGED=0 WM_DWMCOLORIZATIONCOLORCHANGED=0 WM_SYSCOLORCHANGE=0 other=0
2026-10-03T16:58:32.833+08:00 CYCLE n=1997 label=set start=2026-10-03T16:58:29.819+08:00 sets=[mon1=A@+0.7ms/2.2ms/hr=0x00000000] window_ms=3003 total=0 WM_SETTINGCHANGE=0 WM_DISPLAYCHANGE=0 WM_THEMECHANGED=0 WM_DWMCOLORIZATIONCOLORCHANGED=0 WM_SYSCOLORCHANGE=0 other=0
2026-10-03T16:58:42.901+08:00 CYCLE n=1998 label=set start=2026-10-03T16:58:39.886+08:00 sets=[mon1=B@+0.4ms/2.2ms/hr=0x00000000] window_ms=3003 total=0 WM_SETTINGCHANGE=0 WM_DISPLAYCHANGE=0 WM_THEMECHANGED=0 WM_DWMCOLORIZATIONCOLORCHANGED=0 WM_SYSCOLORCHANGE=0 other=0
2026-10-03T16:58:52.865+08:00 CYCLE n=1999 label=set start=2026-10-03T16:58:49.853+08:00 sets=[mon1=A@+0.4ms/1.8ms/hr=0x00000000] window_ms=3002 total=0 WM_SETTINGCHANGE=0 WM_DISPLAYCHANGE=0 WM_THEMECHANGED=0 WM_DWMCOLORIZATIONCOLORCHANGED=0 WM_SYSCOLORCHANGE=0 other=0
2026-10-03T16:59:02.840+08:00 CYCLE n=2000 label=set start=2026-10-03T16:58:59.827+08:00 sets=[mon1=B@+0.4ms/1.7ms/hr=0x00000000] window_ms=3002 total=0 WM_SETTINGCHANGE=0 WM_DISPLAYCHANGE=0 WM_THEMECHANGED=0 WM_DWMCOLORIZATIONCOLORCHANGED=0 WM_SYSCOLORCHANGE=0 other=0
2026-10-03T16:59:12.909+08:00 CYCLE n=2001 label=set start=2026-10-03T16:59:09.896+08:00 sets=[mon1=A@+0.8ms/2.3ms/hr=0x00000000] window_ms=3003 total=0 WM_SETTINGCHANGE=0 WM_DISPLAYCHANGE=0 WM_THEMECHANGED=0 WM_DWMCOLORIZATIONCOLORCHANGED=0 WM_SYSCOLORCHANGE=0 other=0
2026-10-03T16:59:22.887+08:00 CYCLE n=2002 label=set start=2026-10-03T16:59:19.864+08:00 sets=[mon1=B@+0.8ms/10.6ms/hr=0x00000000] window_ms=3012 total=0 WM_SETTINGCHANGE=0 WM_DISPLAYCHANGE=0 WM_THEMECHANGED=0 WM_DWMCOLORIZATIONCOLORCHANGED=0 WM_SYSCOLORCHANGE=0 other=0
2026-10-03T16:59:32.864+08:00 CYCLE n=2003 label=set start=2026-10-03T16:59:29.848+08:00 sets=[mon1=A@+0.4ms/2.0ms/hr=0x00000000] window_ms=3003 total=0 WM_SETTINGCHANGE=0 WM_DISPLAYCHANGE=0 WM_THEMECHANGED=0 WM_DWMCOLORIZATIONCOLORCHANGED=0 WM_SYSCOLORCHANGE=0 other=0
2026-10-03T16:59:42.829+08:00 CYCLE n=2004 label=set start=2026-10-03T16:59:39.814+08:00 sets=[mon1=B@+0.3ms/2.0ms/hr=0x00000000] window_ms=3003 total=0 WM_SETTINGCHANGE=0 WM_DISPLAYCHANGE=0 WM_THEMECHANGED=0 WM_DWMCOLORIZATIONCOLORCHANGED=0 WM_SYSCOLORCHANGE=0 other=0
2026-10-03T16:59:52.896+08:00 CYCLE n=2005 label=set start=2026-10-03T16:59:49.883+08:00 sets=[mon1=A@+0.4ms/2.1ms/hr=0x00000000] window_ms=3003 total=0 WM_SETTINGCHANGE=0 WM_DISPLAYCHANGE=0 WM_THEMECHANGED=0 WM_DWMCOLORIZATIONCOLORCHANGED=0 WM_SYSCOLORCHANGE=0 other=0
2026-10-03T17:00:02.868+08:00 CYCLE n=2006 label=set start=2026-10-03T16:59:59.854+08:00 sets=[mon1=B@+0.4ms/2.0ms/hr=0x00000000] window_ms=3003 total=0 WM_SETTINGCHANGE=0 WM_DISPLAYCHANGE=0 WM_THEMECHANGED=0 WM_DWMCOLORIZATIONCOLORCHANGED=0 WM_SYSCOLORCHANGE=0 other=0
2026-10-03T17:00:12.836+08:00 CYCLE n=2007 label=set start=2026-10-03T17:00:09.822+08:00 sets=[mon1=A@+0.5ms/2.6ms/hr=0x00000000] window_ms=3003 total=0 WM_SETTINGCHANGE=0 WM_DISPLAYCHANGE=0 WM_THEMECHANGED=0 WM_DWMCOLORIZATIONCOLORCHANGED=0 WM_SYSCOLORCHANGE=0 other=0
2026-10-03T17:00:22.928+08:00 CYCLE n=2008 label=set start=2026-10-03T17:00:19.907+08:00 sets=[mon1=B@+0.4ms/9.1ms/hr=0x00000000] window_ms=3010 total=0 WM_SETTINGCHANGE=0 WM_DISPLAYCHANGE=0 WM_THEMECHANGED=0 WM_DWMCOLORIZATIONCOLORCHANGED=0 WM_SYSCOLORCHANGE=0 other=0
2026-10-03T17:00:32.886+08:00 CYCLE n=2009 label=set start=2026-10-03T17:00:29.872+08:00 sets=[mon1=A@+0.4ms/2.4ms/hr=0x00000000] window_ms=3003 total=0 WM_SETTINGCHANGE=0 WM_DISPLAYCHANGE=0 WM_THEMECHANGED=0 WM_DWMCOLORIZATIONCOLORCHANGED=0 WM_SYSCOLORCHANGE=0 other=0
2026-10-03T17:00:42.843+08:00 CYCLE n=2010 label=set start=2026-10-03T17:00:39.831+08:00 sets=[mon1=B@+0.4ms/1.9ms/hr=0x00000000] window_ms=3003 total=0 WM_SETTINGCHANGE=0 WM_DISPLAYCHANGE=0 WM_THEMECHANGED=0 WM_DWMCOLORIZATIONCOLORCHANGED=0 WM_SYSCOLORCHANGE=0 other=0
2026-10-03T17:00:52.907+08:00 CYCLE n=2011 label=set start=2026-10-03T17:00:49.895+08:00 sets=[mon1=A@+0.8ms/2.8ms/hr=0x00000000] window_ms=3004 total=0 WM_SETTINGCHANGE=0 WM_DISPLAYCHANGE=0 WM_THEMECHANGED=0 WM_DWMCOLORIZATIONCOLORCHANGED=0 WM_SYSCOLORCHANGE=0 other=0
2026-10-03T17:01:02.883+08:00 CYCLE n=2012 label=set start=2026-10-03T17:00:59.867+08:00 sets=[mon1=B@+1.3ms/2.1ms/hr=0x00000000] window_ms=3004 total=0 WM_SETTINGCHANGE=0 WM_DISPLAYCHANGE=0 WM_THEMECHANGED=0 WM_DWMCOLORIZATIONCOLORCHANGED=0 WM_SYSCOLORCHANGE=0 other=0
2026-10-03T17:01:12.849+08:00 CYCLE n=2013 label=set start=2026-10-03T17:01:09.834+08:00 sets=[mon1=A@+0.4ms/2.1ms/hr=0x00000000] window_ms=3003 total=0 WM_SETTINGCHANGE=0 WM_DISPLAYCHANGE=0 WM_THEMECHANGED=0 WM_DWMCOLORIZATIONCOLORCHANGED=0 WM_SYSCOLORCHANGE=0 other=0
2026-10-03T17:01:22.926+08:00 CYCLE n=2014 label=set start=2026-10-03T17:01:19.909+08:00 sets=[mon1=B@+1.1ms/5.1ms/hr=0x00000000] window_ms=3006 total=0 WM_SETTINGCHANGE=0 WM_DISPLAYCHANGE=0 WM_THEMECHANGED=0 WM_DWMCOLORIZATIONCOLORCHANGED=0 WM_SYSCOLORCHANGE=0 other=0
2026-10-03T17:01:32.901+08:00 CYCLE n=2015 label=set start=2026-10-03T17:01:29.886+08:00 sets=[mon1=A@+0.7ms/3.3ms/hr=0x00000000] window_ms=3004 total=0 WM_SETTINGCHANGE=0 WM_DISPLAYCHANGE=0 WM_THEMECHANGED=0 WM_DWMCOLORIZATIONCOLORCHANGED=0 WM_SYSCOLORCHANGE=0 other=0
2026-10-03T17:01:42.868+08:00 CYCLE n=2016 label=set start=2026-10-03T17:01:39.855+08:00 sets=[mon1=B@+0.7ms/1.6ms/hr=0x00000000] window_ms=3002 total=0 WM_SETTINGCHANGE=0 WM_DISPLAYCHANGE=0 WM_THEMECHANGED=0 WM_DWMCOLORIZATIONCOLORCHANGED=0 WM_SYSCOLORCHANGE=0 other=0
2026-10-03T17:01:52.837+08:00 CYCLE n=2017 label=set start=2026-10-03T17:01:49.824+08:00 sets=[mon1=A@+0.4ms/1.4ms/hr=0x00000000] window_ms=3002 total=0 WM_SETTINGCHANGE=0 WM_DISPLAYCHANGE=0 WM_THEMECHANGED=0 WM_DWMCOLORIZATIONCOLORCHANGED=0 WM_SYSCOLORCHANGE=0 other=0
2026-10-03T17:02:02.902+08:00 CYCLE n=2018 label=set start=2026-10-03T17:01:59.889+08:00 sets=[mon1=B@+0.5ms/1.7ms/hr=0x00000000] window_ms=3002 total=0 WM_SETTINGCHANGE=0 WM_DISPLAYCHANGE=0 WM_THEMECHANGED=0 WM_DWMCOLORIZATIONCOLORCHANGED=0 WM_SYSCOLORCHANGE=0 other=0
2026-10-03T17:02:12.867+08:00 CYCLE n=2019 label=set start=2026-10-03T17:02:09.853+08:00 sets=[mon1=A@+0.5ms/2.4ms/hr=0x00000000] window_ms=3003 total=0 WM_SETTINGCHANGE=0 WM_DISPLAYCHANGE=0 WM_THEMECHANGED=0 WM_DWMCOLORIZATIONCOLORCHANGED=0 WM_SYSCOLORCHANGE=0 other=0
2026-10-03T17:02:22.841+08:00 CYCLE n=2020 label=set start=2026-10-03T17:02:19.826+08:00 sets=[mon1=B@+1.2ms/2.8ms/hr=0x00000000] window_ms=3004 total=0 WM_SETTINGCHANGE=0 WM_DISPLAYCHANGE=0 WM_THEMECHANGED=0 WM_DWMCOLORIZATIONCOLORCHANGED=0 WM_SYSCOLORCHANGE=0 other=0
2026-10-03T17:02:32.909+08:00 CYCLE n=2021 label=set start=2026-10-03T17:02:29.897+08:00 sets=[mon1=A@+0.3ms/1.9ms/hr=0x00000000] window_ms=3002 total=0 WM_SETTINGCHANGE=0 WM_DISPLAYCHANGE=0 WM_THEMECHANGED=0 WM_DWMCOLORIZATIONCOLORCHANGED=0 WM_SYSCOLORCHANGE=0 other=0
2026-10-03T17:02:42.875+08:00 CYCLE n=2022 label=set start=2026-10-03T17:02:39.859+08:00 sets=[mon1=B@+1.1ms/2.7ms/hr=0x00000000] window_ms=3004 total=0 WM_SETTINGCHANGE=0 WM_DISPLAYCHANGE=0 WM_THEMECHANGED=0 WM_DWMCOLORIZATIONCOLORCHANGED=0 WM_SYSCOLORCHANGE=0 other=0
2026-10-03T17:02:52.833+08:00 CYCLE n=2023 label=set start=2026-10-03T17:02:49.821+08:00 sets=[mon1=A@+0.5ms/1.4ms/hr=0x00000000] window_ms=3002 total=0 WM_SETTINGCHANGE=0 WM_DISPLAYCHANGE=0 WM_THEMECHANGED=0 WM_DWMCOLORIZATIONCOLORCHANGED=0 WM_SYSCOLORCHANGE=0 other=0
2026-10-03T17:03:02.909+08:00 CYCLE n=2024 label=set start=2026-10-03T17:02:59.895+08:00 sets=[mon1=B@+0.4ms/1.9ms/hr=0x00000000] window_ms=3002 total=0 WM_SETTINGCHANGE=0 WM_DISPLAYCHANGE=0 WM_THEMECHANGED=0 WM_DWMCOLORIZATIONCOLORCHANGED=0 WM_SYSCOLORCHANGE=0 other=0
2026-10-03T17:03:12.878+08:00 CYCLE n=2025 label=set start=2026-10-03T17:03:09.863+08:00 sets=[mon1=A@+0.9ms/2.9ms/hr=0x00000000] window_ms=3004 total=0 WM_SETTINGCHANGE=0 WM_DISPLAYCHANGE=0 WM_THEMECHANGED=0 WM_DWMCOLORIZATIONCOLORCHANGED=0 WM_SYSCOLORCHANGE=0 other=0
2026-10-03T17:03:22.844+08:00 CYCLE n=2026 label=set start=2026-10-03T17:03:19.832+08:00 sets=[mon1=B@+0.7ms/2.0ms/hr=0x00000000] window_ms=3003 total=0 WM_SETTINGCHANGE=0 WM_DISPLAYCHANGE=0 WM_THEMECHANGED=0 WM_DWMCOLORIZATIONCOLORCHANGED=0 WM_SYSCOLORCHANGE=0 other=0
2026-10-03T17:03:32.917+08:00 CYCLE n=2027 label=set start=2026-10-03T17:03:29.902+08:00 sets=[mon1=A@+0.8ms/2.9ms/hr=0x00000000] window_ms=3004 total=0 WM_SETTINGCHANGE=0 WM_DISPLAYCHANGE=0 WM_THEMECHANGED=0 WM_DWMCOLORIZATIONCOLORCHANGED=0 WM_SYSCOLORCHANGE=0 other=0
2026-10-03T17:03:42.884+08:00 CYCLE n=2028 label=set start=2026-10-03T17:03:39.871+08:00 sets=[mon1=B@+0.9ms/2.1ms/hr=0x00000000] window_ms=3003 total=0 WM_SETTINGCHANGE=0 WM_DISPLAYCHANGE=0 WM_THEMECHANGED=0 WM_DWMCOLORIZATIONCOLORCHANGED=0 WM_SYSCOLORCHANGE=0 other=0
2026-10-03T17:03:52.842+08:00 CYCLE n=2029 label=set start=2026-10-03T17:03:49.830+08:00 sets=[mon1=A@+0.5ms/1.6ms/hr=0x00000000] window_ms=3002 total=0 WM_SETTINGCHANGE=0 WM_DISPLAYCHANGE=0 WM_THEMECHANGED=0 WM_DWMCOLORIZATIONCOLORCHANGED=0 WM_SYSCOLORCHANGE=0 other=0
2026-10-03T17:04:02.918+08:00 CYCLE n=2030 label=set start=2026-10-03T17:03:59.903+08:00 sets=[mon1=B@+0.5ms/1.8ms/hr=0x00000000] window_ms=3003 total=0 WM_SETTINGCHANGE=0 WM_DISPLAYCHANGE=0 WM_THEMECHANGED=0 WM_DWMCOLORIZATIONCOLORCHANGED=0 WM_SYSCOLORCHANGE=0 other=0
2026-10-03T17:04:12.880+08:00 CYCLE n=2031 label=set start=2026-10-03T17:04:09.867+08:00 sets=[mon1=A@+0.4ms/2.0ms/hr=0x00000000] window_ms=3003 total=0 WM_SETTINGCHANGE=0 WM_DISPLAYCHANGE=0 WM_THEMECHANGED=0 WM_DWMCOLORIZATIONCOLORCHANGED=0 WM_SYSCOLORCHANGE=0 other=0
2026-10-03T17:04:22.847+08:00 CYCLE n=2032 label=set start=2026-10-03T17:04:19.833+08:00 sets=[mon1=B@+1.1ms/2.7ms/hr=0x00000000] window_ms=3004 total=0 WM_SETTINGCHANGE=0 WM_DISPLAYCHANGE=0 WM_THEMECHANGED=0 WM_DWMCOLORIZATIONCOLORCHANGED=0 WM_SYSCOLORCHANGE=0 other=0
2026-10-03T17:04:32.913+08:00 CYCLE n=2033 label=set start=2026-10-03T17:04:29.901+08:00 sets=[mon1=A@+0.3ms/1.2ms/hr=0x00000000] window_ms=3002 total=0 WM_SETTINGCHANGE=0 WM_DISPLAYCHANGE=0 WM_THEMECHANGED=0 WM_DWMCOLORIZATIONCOLORCHANGED=0 WM_SYSCOLORCHANGE=0 other=0
2026-10-03T17:04:42.881+08:00 CYCLE n=2034 label=set start=2026-10-03T17:04:39.869+08:00 sets=[mon1=B@+0.4ms/1.8ms/hr=0x00000000] window_ms=3003 total=0 WM_SETTINGCHANGE=0 WM_DISPLAYCHANGE=0 WM_THEMECHANGED=0 WM_DWMCOLORIZATIONCOLORCHANGED=0 WM_SYSCOLORCHANGE=0 other=0
2026-10-03T17:04:52.849+08:00 CYCLE n=2035 label=set start=2026-10-03T17:04:49.835+08:00 sets=[mon1=A@+0.5ms/1.3ms/hr=0x00000000] window_ms=3002 total=0 WM_SETTINGCHANGE=0 WM_DISPLAYCHANGE=0 WM_THEMECHANGED=0 WM_DWMCOLORIZATIONCOLORCHANGED=0 WM_SYSCOLORCHANGE=0 other=0
2026-10-03T17:05:02.920+08:00 CYCLE n=2036 label=set start=2026-10-03T17:04:59.904+08:00 sets=[mon1=B@+0.8ms/3.5ms/hr=0x00000000] window_ms=3005 total=0 WM_SETTINGCHANGE=0 WM_DISPLAYCHANGE=0 WM_THEMECHANGED=0 WM_DWMCOLORIZATIONCOLORCHANGED=0 WM_SYSCOLORCHANGE=0 other=0
2026-10-03T17:05:12.891+08:00 CYCLE n=2037 label=set start=2026-10-03T17:05:09.878+08:00 sets=[mon1=A@+0.9ms/1.6ms/hr=0x00000000] window_ms=3003 total=0 WM_SETTINGCHANGE=0 WM_DISPLAYCHANGE=0 WM_THEMECHANGED=0 WM_DWMCOLORIZATIONCOLORCHANGED=0 WM_SYSCOLORCHANGE=0 other=0
2026-10-03T17:05:22.858+08:00 CYCLE n=2038 label=set start=2026-10-03T17:05:19.842+08:00 sets=[mon1=B@+0.9ms/2.2ms/hr=0x00000000] window_ms=3003 total=0 WM_SETTINGCHANGE=0 WM_DISPLAYCHANGE=0 WM_THEMECHANGED=0 WM_DWMCOLORIZATIONCOLORCHANGED=0 WM_SYSCOLORCHANGE=0 other=0
2026-10-03T17:05:32.920+08:00 CYCLE n=2039 label=set start=2026-10-03T17:05:29.908+08:00 sets=[mon1=A@+0.6ms/1.9ms/hr=0x00000000] window_ms=3003 total=0 WM_SETTINGCHANGE=0 WM_DISPLAYCHANGE=0 WM_THEMECHANGED=0 WM_DWMCOLORIZATIONCOLORCHANGED=0 WM_SYSCOLORCHANGE=0 other=0
2026-10-03T17:05:42.879+08:00 CYCLE n=2040 label=set start=2026-10-03T17:05:39.866+08:00 sets=[mon1=B@+0.4ms/1.9ms/hr=0x00000000] window_ms=3002 total=0 WM_SETTINGCHANGE=0 WM_DISPLAYCHANGE=0 WM_THEMECHANGED=0 WM_DWMCOLORIZATIONCOLORCHANGED=0 WM_SYSCOLORCHANGE=0 other=0
2026-10-03T17:05:52.841+08:00 CYCLE n=2041 label=set start=2026-10-03T17:05:49.826+08:00 sets=[mon1=A@+1.0ms/2.4ms/hr=0x00000000] window_ms=3004 total=0 WM_SETTINGCHANGE=0 WM_DISPLAYCHANGE=0 WM_THEMECHANGED=0 WM_DWMCOLORIZATIONCOLORCHANGED=0 WM_SYSCOLORCHANGE=0 other=0
2026-10-03T17:06:02.907+08:00 CYCLE n=2042 label=set start=2026-10-03T17:05:59.891+08:00 sets=[mon1=B@+0.9ms/2.7ms/hr=0x00000000] window_ms=3004 total=0 WM_SETTINGCHANGE=0 WM_DISPLAYCHANGE=0 WM_THEMECHANGED=0 WM_DWMCOLORIZATIONCOLORCHANGED=0 WM_SYSCOLORCHANGE=0 other=0
2026-10-03T17:06:12.880+08:00 CYCLE n=2043 label=set start=2026-10-03T17:06:09.864+08:00 sets=[mon1=A@+0.5ms/2.3ms/hr=0x00000000] window_ms=3003 total=0 WM_SETTINGCHANGE=0 WM_DISPLAYCHANGE=0 WM_THEMECHANGED=0 WM_DWMCOLORIZATIONCOLORCHANGED=0 WM_SYSCOLORCHANGE=0 other=0
2026-10-03T17:06:22.853+08:00 CYCLE n=2044 label=set start=2026-10-03T17:06:19.841+08:00 sets=[mon1=B@+0.7ms/1.9ms/hr=0x00000000] window_ms=3003 total=0 WM_SETTINGCHANGE=0 WM_DISPLAYCHANGE=0 WM_THEMECHANGED=0 WM_DWMCOLORIZATIONCOLORCHANGED=0 WM_SYSCOLORCHANGE=0 other=0
2026-10-03T17:06:32.924+08:00 CYCLE n=2045 label=set start=2026-10-03T17:06:29.909+08:00 sets=[mon1=A@+0.4ms/1.9ms/hr=0x00000000] window_ms=3003 total=0 WM_SETTINGCHANGE=0 WM_DISPLAYCHANGE=0 WM_THEMECHANGED=0 WM_DWMCOLORIZATIONCOLORCHANGED=0 WM_SYSCOLORCHANGE=0 other=0
2026-10-03T17:06:42.895+08:00 CYCLE n=2046 label=set start=2026-10-03T17:06:39.882+08:00 sets=[mon1=B@+0.4ms/1.8ms/hr=0x00000000] window_ms=3002 total=0 WM_SETTINGCHANGE=0 WM_DISPLAYCHANGE=0 WM_THEMECHANGED=0 WM_DWMCOLORIZATIONCOLORCHANGED=0 WM_SYSCOLORCHANGE=0 other=0
2026-10-03T17:06:52.859+08:00 CYCLE n=2047 label=set start=2026-10-03T17:06:49.846+08:00 sets=[mon1=A@+0.3ms/1.3ms/hr=0x00000000] window_ms=3002 total=0 WM_SETTINGCHANGE=0 WM_DISPLAYCHANGE=0 WM_THEMECHANGED=0 WM_DWMCOLORIZATIONCOLORCHANGED=0 WM_SYSCOLORCHANGE=0 other=0
2026-10-03T17:07:02.927+08:00 CYCLE n=2048 label=set start=2026-10-03T17:06:59.913+08:00 sets=[mon1=B@+1.2ms/1.9ms/hr=0x00000000] window_ms=3003 total=0 WM_SETTINGCHANGE=0 WM_DISPLAYCHANGE=0 WM_THEMECHANGED=0 WM_DWMCOLORIZATIONCOLORCHANGED=0 WM_SYSCOLORCHANGE=0 other=0
2026-10-03T17:07:12.889+08:00 CYCLE n=2049 label=set start=2026-10-03T17:07:09.876+08:00 sets=[mon1=A@+0.4ms/1.5ms/hr=0x00000000] window_ms=3002 total=0 WM_SETTINGCHANGE=0 WM_DISPLAYCHANGE=0 WM_THEMECHANGED=0 WM_DWMCOLORIZATIONCOLORCHANGED=0 WM_SYSCOLORCHANGE=0 other=0
2026-10-03T17:07:22.861+08:00 CYCLE n=2050 label=set start=2026-10-03T17:07:19.847+08:00 sets=[mon1=B@+0.4ms/1.2ms/hr=0x00000000] window_ms=3002 total=0 WM_SETTINGCHANGE=0 WM_DISPLAYCHANGE=0 WM_THEMECHANGED=0 WM_DWMCOLORIZATIONCOLORCHANGED=0 WM_SYSCOLORCHANGE=0 other=0
2026-10-03T17:07:32.921+08:00 CYCLE n=2051 label=set start=2026-10-03T17:07:29.907+08:00 sets=[mon1=A@+0.5ms/1.9ms/hr=0x00000000] window_ms=3003 total=0 WM_SETTINGCHANGE=0 WM_DISPLAYCHANGE=0 WM_THEMECHANGED=0 WM_DWMCOLORIZATIONCOLORCHANGED=0 WM_SYSCOLORCHANGE=0 other=0
2026-10-03T17:07:42.899+08:00 CYCLE n=2052 label=set start=2026-10-03T17:07:39.884+08:00 sets=[mon1=B@+0.8ms/2.7ms/hr=0x00000000] window_ms=3004 total=0 WM_SETTINGCHANGE=0 WM_DISPLAYCHANGE=0 WM_THEMECHANGED=0 WM_DWMCOLORIZATIONCOLORCHANGED=0 WM_SYSCOLORCHANGE=0 other=0
2026-10-03T17:07:52.867+08:00 CYCLE n=2053 label=set start=2026-10-03T17:07:49.854+08:00 sets=[mon1=A@+0.5ms/2.1ms/hr=0x00000000] window_ms=3003 total=0 WM_SETTINGCHANGE=0 WM_DISPLAYCHANGE=0 WM_THEMECHANGED=0 WM_DWMCOLORIZATIONCOLORCHANGED=0 WM_SYSCOLORCHANGE=0 other=0
2026-10-03T17:08:02.924+08:00 CYCLE n=2054 label=set start=2026-10-03T17:07:59.911+08:00 sets=[mon1=B@+1.1ms/2.0ms/hr=0x00000000] window_ms=3003 total=0 WM_SETTINGCHANGE=0 WM_DISPLAYCHANGE=0 WM_THEMECHANGED=0 WM_DWMCOLORIZATIONCOLORCHANGED=0 WM_SYSCOLORCHANGE=0 other=0
2026-10-03T17:08:12.892+08:00 CYCLE n=2055 label=set start=2026-10-03T17:08:09.878+08:00 sets=[mon1=A@+0.7ms/2.5ms/hr=0x00000000] window_ms=3004 total=0 WM_SETTINGCHANGE=0 WM_DISPLAYCHANGE=0 WM_THEMECHANGED=0 WM_DWMCOLORIZATIONCOLORCHANGED=0 WM_SYSCOLORCHANGE=0 other=0
2026-10-03T17:08:22.859+08:00 CYCLE n=2056 label=set start=2026-10-03T17:08:19.847+08:00 sets=[mon1=B@+0.5ms/2.1ms/hr=0x00000000] window_ms=3003 total=0 WM_SETTINGCHANGE=0 WM_DISPLAYCHANGE=0 WM_THEMECHANGED=0 WM_DWMCOLORIZATIONCOLORCHANGED=0 WM_SYSCOLORCHANGE=0 other=0
2026-10-03T17:08:32.923+08:00 CYCLE n=2057 label=set start=2026-10-03T17:08:29.910+08:00 sets=[mon1=A@+0.4ms/1.8ms/hr=0x00000000] window_ms=3002 total=0 WM_SETTINGCHANGE=0 WM_DISPLAYCHANGE=0 WM_THEMECHANGED=0 WM_DWMCOLORIZATIONCOLORCHANGED=0 WM_SYSCOLORCHANGE=0 other=0
2026-10-03T17:08:42.893+08:00 CYCLE n=2058 label=set start=2026-10-03T17:08:39.880+08:00 sets=[mon1=B@+0.8ms/1.8ms/hr=0x00000000] window_ms=3003 total=0 WM_SETTINGCHANGE=0 WM_DISPLAYCHANGE=0 WM_THEMECHANGED=0 WM_DWMCOLORIZATIONCOLORCHANGED=0 WM_SYSCOLORCHANGE=0 other=0
2026-10-03T17:08:52.865+08:00 CYCLE n=2059 label=set start=2026-10-03T17:08:49.852+08:00 sets=[mon1=A@+0.8ms/2.0ms/hr=0x00000000] window_ms=3003 total=0 WM_SETTINGCHANGE=0 WM_DISPLAYCHANGE=0 WM_THEMECHANGED=0 WM_DWMCOLORIZATIONCOLORCHANGED=0 WM_SYSCOLORCHANGE=0 other=0
2026-10-03T17:09:02.925+08:00 CYCLE n=2060 label=set start=2026-10-03T17:08:59.911+08:00 sets=[mon1=B@+0.8ms/2.3ms/hr=0x00000000] window_ms=3003 total=0 WM_SETTINGCHANGE=0 WM_DISPLAYCHANGE=0 WM_THEMECHANGED=0 WM_DWMCOLORIZATIONCOLORCHANGED=0 WM_SYSCOLORCHANGE=0 other=0
2026-10-03T17:09:12.896+08:00 CYCLE n=2061 label=set start=2026-10-03T17:09:09.882+08:00 sets=[mon1=A@+1.0ms/2.6ms/hr=0x00000000] window_ms=3004 total=0 WM_SETTINGCHANGE=0 WM_DISPLAYCHANGE=0 WM_THEMECHANGED=0 WM_DWMCOLORIZATIONCOLORCHANGED=0 WM_SYSCOLORCHANGE=0 other=0
2026-10-03T17:09:22.864+08:00 CYCLE n=2062 label=set start=2026-10-03T17:09:19.851+08:00 sets=[mon1=B@+0.4ms/1.3ms/hr=0x00000000] window_ms=3002 total=0 WM_SETTINGCHANGE=0 WM_DISPLAYCHANGE=0 WM_THEMECHANGED=0 WM_DWMCOLORIZATIONCOLORCHANGED=0 WM_SYSCOLORCHANGE=0 other=0
2026-10-03T17:09:32.837+08:00 CYCLE n=2063 label=set start=2026-10-03T17:09:29.822+08:00 sets=[mon1=A@+0.4ms/2.0ms/hr=0x00000000] window_ms=3003 total=0 WM_SETTINGCHANGE=0 WM_DISPLAYCHANGE=0 WM_THEMECHANGED=0 WM_DWMCOLORIZATIONCOLORCHANGED=0 WM_SYSCOLORCHANGE=0 other=0
2026-10-03T17:09:42.914+08:00 CYCLE n=2064 label=set start=2026-10-03T17:09:39.898+08:00 sets=[mon1=B@+1.0ms/3.0ms/hr=0x00000000] window_ms=3004 total=0 WM_SETTINGCHANGE=0 WM_DISPLAYCHANGE=0 WM_THEMECHANGED=0 WM_DWMCOLORIZATIONCOLORCHANGED=0 WM_SYSCOLORCHANGE=0 other=0
2026-10-03T17:09:52.878+08:00 CYCLE n=2065 label=set start=2026-10-03T17:09:49.865+08:00 sets=[mon1=A@+0.9ms/3.0ms/hr=0x00000000] window_ms=3004 total=0 WM_SETTINGCHANGE=0 WM_DISPLAYCHANGE=0 WM_THEMECHANGED=0 WM_DWMCOLORIZATIONCOLORCHANGED=0 WM_SYSCOLORCHANGE=0 other=0
2026-10-03T17:10:02.849+08:00 CYCLE n=2066 label=set start=2026-10-03T17:09:59.835+08:00 sets=[mon1=B@+0.6ms/2.2ms/hr=0x00000000] window_ms=3003 total=0 WM_SETTINGCHANGE=0 WM_DISPLAYCHANGE=0 WM_THEMECHANGED=0 WM_DWMCOLORIZATIONCOLORCHANGED=0 WM_SYSCOLORCHANGE=0 other=0
2026-10-03T17:10:12.916+08:00 CYCLE n=2067 label=set start=2026-10-03T17:10:09.902+08:00 sets=[mon1=A@+0.7ms/2.4ms/hr=0x00000000] window_ms=3003 total=0 WM_SETTINGCHANGE=0 WM_DISPLAYCHANGE=0 WM_THEMECHANGED=0 WM_DWMCOLORIZATIONCOLORCHANGED=0 WM_SYSCOLORCHANGE=0 other=0
2026-10-03T17:10:22.876+08:00 CYCLE n=2068 label=set start=2026-10-03T17:10:19.861+08:00 sets=[mon1=B@+0.3ms/1.9ms/hr=0x00000000] window_ms=3002 total=0 WM_SETTINGCHANGE=0 WM_DISPLAYCHANGE=0 WM_THEMECHANGED=0 WM_DWMCOLORIZATIONCOLORCHANGED=0 WM_SYSCOLORCHANGE=0 other=0
2026-10-03T17:10:32.840+08:00 CYCLE n=2069 label=set start=2026-10-03T17:10:29.828+08:00 sets=[mon1=A@+0.7ms/2.2ms/hr=0x00000000] window_ms=3003 total=0 WM_SETTINGCHANGE=0 WM_DISPLAYCHANGE=0 WM_THEMECHANGED=0 WM_DWMCOLORIZATIONCOLORCHANGED=0 WM_SYSCOLORCHANGE=0 other=0
2026-10-03T17:10:42.911+08:00 CYCLE n=2070 label=set start=2026-10-03T17:10:39.897+08:00 sets=[mon1=B@+0.5ms/2.3ms/hr=0x00000000] window_ms=3003 total=0 WM_SETTINGCHANGE=0 WM_DISPLAYCHANGE=0 WM_THEMECHANGED=0 WM_DWMCOLORIZATIONCOLORCHANGED=0 WM_SYSCOLORCHANGE=0 other=0
2026-10-03T17:10:52.874+08:00 CYCLE n=2071 label=set start=2026-10-03T17:10:49.861+08:00 sets=[mon1=A@+0.4ms/2.1ms/hr=0x00000000] window_ms=3003 total=0 WM_SETTINGCHANGE=0 WM_DISPLAYCHANGE=0 WM_THEMECHANGED=0 WM_DWMCOLORIZATIONCOLORCHANGED=0 WM_SYSCOLORCHANGE=0 other=0
2026-10-03T17:11:02.845+08:00 CYCLE n=2072 label=set start=2026-10-03T17:10:59.830+08:00 sets=[mon1=B@+0.8ms/2.7ms/hr=0x00000000] window_ms=3004 total=0 WM_SETTINGCHANGE=0 WM_DISPLAYCHANGE=0 WM_THEMECHANGED=0 WM_DWMCOLORIZATIONCOLORCHANGED=0 WM_SYSCOLORCHANGE=0 other=0
2026-10-03T17:11:12.907+08:00 CYCLE n=2073 label=set start=2026-10-03T17:11:09.894+08:00 sets=[mon1=A@+0.9ms/3.0ms/hr=0x00000000] window_ms=3004 total=0 WM_SETTINGCHANGE=0 WM_DISPLAYCHANGE=0 WM_THEMECHANGED=0 WM_DWMCOLORIZATIONCOLORCHANGED=0 WM_SYSCOLORCHANGE=0 other=0
2026-10-03T17:11:22.872+08:00 CYCLE n=2074 label=set start=2026-10-03T17:11:19.860+08:00 sets=[mon1=B@+0.8ms/1.4ms/hr=0x00000000] window_ms=3002 total=0 WM_SETTINGCHANGE=0 WM_DISPLAYCHANGE=0 WM_THEMECHANGED=0 WM_DWMCOLORIZATIONCOLORCHANGED=0 WM_SYSCOLORCHANGE=0 other=0
2026-10-03T17:11:32.844+08:00 CYCLE n=2075 label=set start=2026-10-03T17:11:29.830+08:00 sets=[mon1=A@+0.4ms/2.1ms/hr=0x00000000] window_ms=3003 total=0 WM_SETTINGCHANGE=0 WM_DISPLAYCHANGE=0 WM_THEMECHANGED=0 WM_DWMCOLORIZATIONCOLORCHANGED=0 WM_SYSCOLORCHANGE=0 other=0
2026-10-03T17:11:42.906+08:00 CYCLE n=2076 label=set start=2026-10-03T17:11:39.894+08:00 sets=[mon1=B@+0.5ms/1.4ms/hr=0x00000000] window_ms=3002 total=0 WM_SETTINGCHANGE=0 WM_DISPLAYCHANGE=0 WM_THEMECHANGED=0 WM_DWMCOLORIZATIONCOLORCHANGED=0 WM_SYSCOLORCHANGE=0 other=0
2026-10-03T17:11:52.867+08:00 CYCLE n=2077 label=set start=2026-10-03T17:11:49.853+08:00 sets=[mon1=A@+0.5ms/2.1ms/hr=0x00000000] window_ms=3003 total=0 WM_SETTINGCHANGE=0 WM_DISPLAYCHANGE=0 WM_THEMECHANGED=0 WM_DWMCOLORIZATIONCOLORCHANGED=0 WM_SYSCOLORCHANGE=0 other=0
2026-10-03T17:12:02.829+08:00 CYCLE n=2078 label=set start=2026-10-03T17:11:59.815+08:00 sets=[mon1=B@+0.4ms/2.0ms/hr=0x00000000] window_ms=3003 total=0 WM_SETTINGCHANGE=0 WM_DISPLAYCHANGE=0 WM_THEMECHANGED=0 WM_DWMCOLORIZATIONCOLORCHANGED=0 WM_SYSCOLORCHANGE=0 other=0
2026-10-03T17:12:12.894+08:00 CYCLE n=2079 label=set start=2026-10-03T17:12:09.880+08:00 sets=[mon1=A@+0.4ms/2.1ms/hr=0x00000000] window_ms=3003 total=0 WM_SETTINGCHANGE=0 WM_DISPLAYCHANGE=0 WM_THEMECHANGED=0 WM_DWMCOLORIZATIONCOLORCHANGED=0 WM_SYSCOLORCHANGE=0 other=0
2026-10-03T17:12:22.864+08:00 CYCLE n=2080 label=set start=2026-10-03T17:12:19.851+08:00 sets=[mon1=B@+0.4ms/1.6ms/hr=0x00000000] window_ms=3002 total=0 WM_SETTINGCHANGE=0 WM_DISPLAYCHANGE=0 WM_THEMECHANGED=0 WM_DWMCOLORIZATIONCOLORCHANGED=0 WM_SYSCOLORCHANGE=0 other=0
2026-10-03T17:12:32.830+08:00 CYCLE n=2081 label=set start=2026-10-03T17:12:29.818+08:00 sets=[mon1=A@+0.6ms/1.7ms/hr=0x00000000] window_ms=3003 total=0 WM_SETTINGCHANGE=0 WM_DISPLAYCHANGE=0 WM_THEMECHANGED=0 WM_DWMCOLORIZATIONCOLORCHANGED=0 WM_SYSCOLORCHANGE=0 other=0
2026-10-03T17:12:42.908+08:00 CYCLE n=2082 label=set start=2026-10-03T17:12:39.893+08:00 sets=[mon1=B@+0.4ms/2.3ms/hr=0x00000000] window_ms=3003 total=0 WM_SETTINGCHANGE=0 WM_DISPLAYCHANGE=0 WM_THEMECHANGED=0 WM_DWMCOLORIZATIONCOLORCHANGED=0 WM_SYSCOLORCHANGE=0 other=0
2026-10-03T17:12:52.868+08:00 CYCLE n=2083 label=set start=2026-10-03T17:12:49.852+08:00 sets=[mon1=A@+1.2ms/2.2ms/hr=0x00000000] window_ms=3004 total=0 WM_SETTINGCHANGE=0 WM_DISPLAYCHANGE=0 WM_THEMECHANGED=0 WM_DWMCOLORIZATIONCOLORCHANGED=0 WM_SYSCOLORCHANGE=0 other=0
2026-10-03T17:13:02.831+08:00 CYCLE n=2084 label=set start=2026-10-03T17:12:59.817+08:00 sets=[mon1=B@+0.7ms/3.1ms/hr=0x00000000] window_ms=3004 total=0 WM_SETTINGCHANGE=0 WM_DISPLAYCHANGE=0 WM_THEMECHANGED=0 WM_DWMCOLORIZATIONCOLORCHANGED=0 WM_SYSCOLORCHANGE=0 other=0
2026-10-03T17:13:12.893+08:00 CYCLE n=2085 label=set start=2026-10-03T17:13:09.882+08:00 sets=[mon1=A@+0.3ms/2.0ms/hr=0x00000000] window_ms=3003 total=0 WM_SETTINGCHANGE=0 WM_DISPLAYCHANGE=0 WM_THEMECHANGED=0 WM_DWMCOLORIZATIONCOLORCHANGED=0 WM_SYSCOLORCHANGE=0 other=0
2026-10-03T17:13:22.860+08:00 CYCLE n=2086 label=set start=2026-10-03T17:13:19.848+08:00 sets=[mon1=B@+0.4ms/1.7ms/hr=0x00000000] window_ms=3002 total=0 WM_SETTINGCHANGE=0 WM_DISPLAYCHANGE=0 WM_THEMECHANGED=0 WM_DWMCOLORIZATIONCOLORCHANGED=0 WM_SYSCOLORCHANGE=0 other=0
2026-10-03T17:13:32.834+08:00 CYCLE n=2087 label=set start=2026-10-03T17:13:29.820+08:00 sets=[mon1=A@+0.5ms/2.0ms/hr=0x00000000] window_ms=3003 total=0 WM_SETTINGCHANGE=0 WM_DISPLAYCHANGE=0 WM_THEMECHANGED=0 WM_DWMCOLORIZATIONCOLORCHANGED=0 WM_SYSCOLORCHANGE=0 other=0
2026-10-03T17:13:42.911+08:00 CYCLE n=2088 label=set start=2026-10-03T17:13:39.897+08:00 sets=[mon1=B@+1.1ms/2.5ms/hr=0x00000000] window_ms=3004 total=0 WM_SETTINGCHANGE=0 WM_DISPLAYCHANGE=0 WM_THEMECHANGED=0 WM_DWMCOLORIZATIONCOLORCHANGED=0 WM_SYSCOLORCHANGE=0 other=0
2026-10-03T17:13:52.877+08:00 CYCLE n=2089 label=set start=2026-10-03T17:13:49.863+08:00 sets=[mon1=A@+1.3ms/2.8ms/hr=0x00000000] window_ms=3004 total=0 WM_SETTINGCHANGE=0 WM_DISPLAYCHANGE=0 WM_THEMECHANGED=0 WM_DWMCOLORIZATIONCOLORCHANGED=0 WM_SYSCOLORCHANGE=0 other=0
2026-10-03T17:14:02.843+08:00 CYCLE n=2090 label=set start=2026-10-03T17:13:59.830+08:00 sets=[mon1=B@+0.6ms/2.4ms/hr=0x00000000] window_ms=3003 total=0 WM_SETTINGCHANGE=0 WM_DISPLAYCHANGE=0 WM_THEMECHANGED=0 WM_DWMCOLORIZATIONCOLORCHANGED=0 WM_SYSCOLORCHANGE=0 other=0
2026-10-03T17:14:12.907+08:00 CYCLE n=2091 label=set start=2026-10-03T17:14:09.893+08:00 sets=[mon1=A@+0.3ms/2.4ms/hr=0x00000000] window_ms=3003 total=0 WM_SETTINGCHANGE=0 WM_DISPLAYCHANGE=0 WM_THEMECHANGED=0 WM_DWMCOLORIZATIONCOLORCHANGED=0 WM_SYSCOLORCHANGE=0 other=0
2026-10-03T17:14:22.869+08:00 CYCLE n=2092 label=set start=2026-10-03T17:14:19.855+08:00 sets=[mon1=B@+0.7ms/1.6ms/hr=0x00000000] window_ms=3002 total=0 WM_SETTINGCHANGE=0 WM_DISPLAYCHANGE=0 WM_THEMECHANGED=0 WM_DWMCOLORIZATIONCOLORCHANGED=0 WM_SYSCOLORCHANGE=0 other=0
2026-10-03T17:14:32.837+08:00 CYCLE n=2093 label=set start=2026-10-03T17:14:29.824+08:00 sets=[mon1=A@+0.6ms/1.6ms/hr=0x00000000] window_ms=3002 total=0 WM_SETTINGCHANGE=0 WM_DISPLAYCHANGE=0 WM_THEMECHANGED=0 WM_DWMCOLORIZATIONCOLORCHANGED=0 WM_SYSCOLORCHANGE=0 other=0
2026-10-03T17:14:42.903+08:00 CYCLE n=2094 label=set start=2026-10-03T17:14:39.888+08:00 sets=[mon1=B@+0.5ms/1.7ms/hr=0x00000000] window_ms=3002 total=0 WM_SETTINGCHANGE=0 WM_DISPLAYCHANGE=0 WM_THEMECHANGED=0 WM_DWMCOLORIZATIONCOLORCHANGED=0 WM_SYSCOLORCHANGE=0 other=0
2026-10-03T17:14:52.866+08:00 CYCLE n=2095 label=set start=2026-10-03T17:14:49.854+08:00 sets=[mon1=A@+0.4ms/2.0ms/hr=0x00000000] window_ms=3003 total=0 WM_SETTINGCHANGE=0 WM_DISPLAYCHANGE=0 WM_THEMECHANGED=0 WM_DWMCOLORIZATIONCOLORCHANGED=0 WM_SYSCOLORCHANGE=0 other=0
2026-10-03T17:15:02.835+08:00 CYCLE n=2096 label=set start=2026-10-03T17:14:59.822+08:00 sets=[mon1=B@+0.4ms/1.8ms/hr=0x00000000] window_ms=3002 total=0 WM_SETTINGCHANGE=0 WM_DISPLAYCHANGE=0 WM_THEMECHANGED=0 WM_DWMCOLORIZATIONCOLORCHANGED=0 WM_SYSCOLORCHANGE=0 other=0
2026-10-03T17:15:12.899+08:00 CYCLE n=2097 label=set start=2026-10-03T17:15:09.885+08:00 sets=[mon1=A@+0.9ms/3.3ms/hr=0x00000000] window_ms=3005 total=0 WM_SETTINGCHANGE=0 WM_DISPLAYCHANGE=0 WM_THEMECHANGED=0 WM_DWMCOLORIZATIONCOLORCHANGED=0 WM_SYSCOLORCHANGE=0 other=0
2026-10-03T17:15:22.878+08:00 CYCLE n=2098 label=set start=2026-10-03T17:15:19.866+08:00 sets=[mon1=B@+0.7ms/2.2ms/hr=0x00000000] window_ms=3003 total=0 WM_SETTINGCHANGE=0 WM_DISPLAYCHANGE=0 WM_THEMECHANGED=0 WM_DWMCOLORIZATIONCOLORCHANGED=0 WM_SYSCOLORCHANGE=0 other=0
2026-10-03T17:15:32.845+08:00 CYCLE n=2099 label=set start=2026-10-03T17:15:29.829+08:00 sets=[mon1=A@+0.8ms/2.7ms/hr=0x00000000] window_ms=3004 total=0 WM_SETTINGCHANGE=0 WM_DISPLAYCHANGE=0 WM_THEMECHANGED=0 WM_DWMCOLORIZATIONCOLORCHANGED=0 WM_SYSCOLORCHANGE=0 other=0
2026-10-03T17:15:42.916+08:00 CYCLE n=2100 label=set start=2026-10-03T17:15:39.904+08:00 sets=[mon1=B@+0.7ms/2.5ms/hr=0x00000000] window_ms=3004 total=0 WM_SETTINGCHANGE=0 WM_DISPLAYCHANGE=0 WM_THEMECHANGED=0 WM_DWMCOLORIZATIONCOLORCHANGED=0 WM_SYSCOLORCHANGE=0 other=0
2026-10-03T17:15:52.880+08:00 CYCLE n=2101 label=set start=2026-10-03T17:15:49.871+08:00 sets=[mon1=A@+0.4ms/1.4ms/hr=0x00000000] window_ms=3002 total=0 WM_SETTINGCHANGE=0 WM_DISPLAYCHANGE=0 WM_THEMECHANGED=0 WM_DWMCOLORIZATIONCOLORCHANGED=0 WM_SYSCOLORCHANGE=0 other=0
2026-10-03T17:16:02.852+08:00 CYCLE n=2102 label=set start=2026-10-03T17:15:59.840+08:00 sets=[mon1=B@+0.4ms/1.8ms/hr=0x00000000] window_ms=3002 total=0 WM_SETTINGCHANGE=0 WM_DISPLAYCHANGE=0 WM_THEMECHANGED=0 WM_DWMCOLORIZATIONCOLORCHANGED=0 WM_SYSCOLORCHANGE=0 other=0
2026-10-03T17:16:12.912+08:00 CYCLE n=2103 label=set start=2026-10-03T17:16:09.898+08:00 sets=[mon1=A@+0.7ms/2.1ms/hr=0x00000000] window_ms=3003 total=0 WM_SETTINGCHANGE=0 WM_DISPLAYCHANGE=0 WM_THEMECHANGED=0 WM_DWMCOLORIZATIONCOLORCHANGED=0 WM_SYSCOLORCHANGE=0 other=0
2026-10-03T17:16:22.881+08:00 CYCLE n=2104 label=set start=2026-10-03T17:16:19.868+08:00 sets=[mon1=B@+0.9ms/2.3ms/hr=0x00000000] window_ms=3004 total=0 WM_SETTINGCHANGE=0 WM_DISPLAYCHANGE=0 WM_THEMECHANGED=0 WM_DWMCOLORIZATIONCOLORCHANGED=0 WM_SYSCOLORCHANGE=0 other=0
2026-10-03T17:16:32.848+08:00 CYCLE n=2105 label=set start=2026-10-03T17:16:29.831+08:00 sets=[mon1=A@+1.1ms/3.2ms/hr=0x00000000] window_ms=3005 total=0 WM_SETTINGCHANGE=0 WM_DISPLAYCHANGE=0 WM_THEMECHANGED=0 WM_DWMCOLORIZATIONCOLORCHANGED=0 WM_SYSCOLORCHANGE=0 other=0
2026-10-03T17:16:42.910+08:00 CYCLE n=2106 label=set start=2026-10-03T17:16:39.898+08:00 sets=[mon1=B@+0.9ms/2.2ms/hr=0x00000000] window_ms=3003 total=0 WM_SETTINGCHANGE=0 WM_DISPLAYCHANGE=0 WM_THEMECHANGED=0 WM_DWMCOLORIZATIONCOLORCHANGED=0 WM_SYSCOLORCHANGE=0 other=0
2026-10-03T17:16:52.874+08:00 CYCLE n=2107 label=set start=2026-10-03T17:16:49.860+08:00 sets=[mon1=A@+0.5ms/1.3ms/hr=0x00000000] window_ms=3002 total=0 WM_SETTINGCHANGE=0 WM_DISPLAYCHANGE=0 WM_THEMECHANGED=0 WM_DWMCOLORIZATIONCOLORCHANGED=0 WM_SYSCOLORCHANGE=0 other=0
2026-10-03T17:17:02.837+08:00 CYCLE n=2108 label=set start=2026-10-03T17:16:59.824+08:00 sets=[mon1=B@+0.4ms/2.1ms/hr=0x00000000] window_ms=3003 total=0 WM_SETTINGCHANGE=0 WM_DISPLAYCHANGE=0 WM_THEMECHANGED=0 WM_DWMCOLORIZATIONCOLORCHANGED=0 WM_SYSCOLORCHANGE=0 other=0
2026-10-03T17:17:12.902+08:00 CYCLE n=2109 label=set start=2026-10-03T17:17:09.890+08:00 sets=[mon1=A@+0.4ms/2.1ms/hr=0x00000000] window_ms=3003 total=0 WM_SETTINGCHANGE=0 WM_DISPLAYCHANGE=0 WM_THEMECHANGED=0 WM_DWMCOLORIZATIONCOLORCHANGED=0 WM_SYSCOLORCHANGE=0 other=0
2026-10-03T17:17:22.864+08:00 CYCLE n=2110 label=set start=2026-10-03T17:17:19.853+08:00 sets=[mon1=B@+0.5ms/1.7ms/hr=0x00000000] window_ms=3002 total=0 WM_SETTINGCHANGE=0 WM_DISPLAYCHANGE=0 WM_THEMECHANGED=0 WM_DWMCOLORIZATIONCOLORCHANGED=0 WM_SYSCOLORCHANGE=0 other=0
2026-10-03T17:17:32.831+08:00 CYCLE n=2111 label=set start=2026-10-03T17:17:29.819+08:00 sets=[mon1=A@+0.4ms/1.7ms/hr=0x00000000] window_ms=3002 total=0 WM_SETTINGCHANGE=0 WM_DISPLAYCHANGE=0 WM_THEMECHANGED=0 WM_DWMCOLORIZATIONCOLORCHANGED=0 WM_SYSCOLORCHANGE=0 other=0
2026-10-03T17:17:42.899+08:00 CYCLE n=2112 label=set start=2026-10-03T17:17:39.885+08:00 sets=[mon1=B@+0.9ms/2.8ms/hr=0x00000000] window_ms=3004 total=0 WM_SETTINGCHANGE=0 WM_DISPLAYCHANGE=0 WM_THEMECHANGED=0 WM_DWMCOLORIZATIONCOLORCHANGED=0 WM_SYSCOLORCHANGE=0 other=0
2026-10-03T17:17:52.874+08:00 CYCLE n=2113 label=set start=2026-10-03T17:17:49.860+08:00 sets=[mon1=A@+0.4ms/1.7ms/hr=0x00000000] window_ms=3002 total=0 WM_SETTINGCHANGE=0 WM_DISPLAYCHANGE=0 WM_THEMECHANGED=0 WM_DWMCOLORIZATIONCOLORCHANGED=0 WM_SYSCOLORCHANGE=0 other=0
2026-10-03T17:18:02.845+08:00 CYCLE n=2114 label=set start=2026-10-03T17:17:59.831+08:00 sets=[mon1=B@+0.5ms/1.7ms/hr=0x00000000] window_ms=3002 total=0 WM_SETTINGCHANGE=0 WM_DISPLAYCHANGE=0 WM_THEMECHANGED=0 WM_DWMCOLORIZATIONCOLORCHANGED=0 WM_SYSCOLORCHANGE=0 other=0
2026-10-03T17:18:12.917+08:00 CYCLE n=2115 label=set start=2026-10-03T17:18:09.905+08:00 sets=[mon1=A@+0.5ms/1.4ms/hr=0x00000000] window_ms=3002 total=0 WM_SETTINGCHANGE=0 WM_DISPLAYCHANGE=0 WM_THEMECHANGED=0 WM_DWMCOLORIZATIONCOLORCHANGED=0 WM_SYSCOLORCHANGE=0 other=0
2026-10-03T17:18:22.888+08:00 CYCLE n=2116 label=set start=2026-10-03T17:18:19.875+08:00 sets=[mon1=B@+0.5ms/1.6ms/hr=0x00000000] window_ms=3002 total=0 WM_SETTINGCHANGE=0 WM_DISPLAYCHANGE=0 WM_THEMECHANGED=0 WM_DWMCOLORIZATIONCOLORCHANGED=0 WM_SYSCOLORCHANGE=0 other=0
2026-10-03T17:18:32.847+08:00 CYCLE n=2117 label=set start=2026-10-03T17:18:29.833+08:00 sets=[mon1=A@+0.7ms/2.6ms/hr=0x00000000] window_ms=3003 total=0 WM_SETTINGCHANGE=0 WM_DISPLAYCHANGE=0 WM_THEMECHANGED=0 WM_DWMCOLORIZATIONCOLORCHANGED=0 WM_SYSCOLORCHANGE=0 other=0
2026-10-03T17:18:42.920+08:00 CYCLE n=2118 label=set start=2026-10-03T17:18:39.907+08:00 sets=[mon1=B@+0.4ms/2.3ms/hr=0x00000000] window_ms=3003 total=0 WM_SETTINGCHANGE=0 WM_DISPLAYCHANGE=0 WM_THEMECHANGED=0 WM_DWMCOLORIZATIONCOLORCHANGED=0 WM_SYSCOLORCHANGE=0 other=0
2026-10-03T17:18:52.886+08:00 CYCLE n=2119 label=set start=2026-10-03T17:18:49.873+08:00 sets=[mon1=A@+0.4ms/1.9ms/hr=0x00000000] window_ms=3002 total=0 WM_SETTINGCHANGE=0 WM_DISPLAYCHANGE=0 WM_THEMECHANGED=0 WM_DWMCOLORIZATIONCOLORCHANGED=0 WM_SYSCOLORCHANGE=0 other=0
2026-10-03T17:19:02.860+08:00 CYCLE n=2120 label=set start=2026-10-03T17:18:59.846+08:00 sets=[mon1=B@+0.6ms/2.4ms/hr=0x00000000] window_ms=3003 total=0 WM_SETTINGCHANGE=0 WM_DISPLAYCHANGE=0 WM_THEMECHANGED=0 WM_DWMCOLORIZATIONCOLORCHANGED=0 WM_SYSCOLORCHANGE=0 other=0
2026-10-03T17:19:12.924+08:00 CYCLE n=2121 label=set start=2026-10-03T17:19:09.911+08:00 sets=[mon1=A@+0.8ms/2.3ms/hr=0x00000000] window_ms=3003 total=0 WM_SETTINGCHANGE=0 WM_DISPLAYCHANGE=0 WM_THEMECHANGED=0 WM_DWMCOLORIZATIONCOLORCHANGED=0 WM_SYSCOLORCHANGE=0 other=0
2026-10-03T17:19:22.897+08:00 CYCLE n=2122 label=set start=2026-10-03T17:19:19.883+08:00 sets=[mon1=B@+0.7ms/1.3ms/hr=0x00000000] window_ms=3002 total=0 WM_SETTINGCHANGE=0 WM_DISPLAYCHANGE=0 WM_THEMECHANGED=0 WM_DWMCOLORIZATIONCOLORCHANGED=0 WM_SYSCOLORCHANGE=0 other=0
2026-10-03T17:19:32.858+08:00 CYCLE n=2123 label=set start=2026-10-03T17:19:29.847+08:00 sets=[mon1=A@+0.3ms/1.8ms/hr=0x00000000] window_ms=3002 total=0 WM_SETTINGCHANGE=0 WM_DISPLAYCHANGE=0 WM_THEMECHANGED=0 WM_DWMCOLORIZATIONCOLORCHANGED=0 WM_SYSCOLORCHANGE=0 other=0
2026-10-03T17:19:42.835+08:00 CYCLE n=2124 label=set start=2026-10-03T17:19:39.819+08:00 sets=[mon1=B@+0.9ms/3.0ms/hr=0x00000000] window_ms=3004 total=0 WM_SETTINGCHANGE=0 WM_DISPLAYCHANGE=0 WM_THEMECHANGED=0 WM_DWMCOLORIZATIONCOLORCHANGED=0 WM_SYSCOLORCHANGE=0 other=0
2026-10-03T17:19:52.898+08:00 CYCLE n=2125 label=set start=2026-10-03T17:19:49.884+08:00 sets=[mon1=A@+1.0ms/2.3ms/hr=0x00000000] window_ms=3004 total=0 WM_SETTINGCHANGE=0 WM_DISPLAYCHANGE=0 WM_THEMECHANGED=0 WM_DWMCOLORIZATIONCOLORCHANGED=0 WM_SYSCOLORCHANGE=0 other=0
2026-10-03T17:20:02.867+08:00 CYCLE n=2126 label=set start=2026-10-03T17:19:59.852+08:00 sets=[mon1=B@+0.7ms/2.6ms/hr=0x00000000] window_ms=3003 total=0 WM_SETTINGCHANGE=0 WM_DISPLAYCHANGE=0 WM_THEMECHANGED=0 WM_DWMCOLORIZATIONCOLORCHANGED=0 WM_SYSCOLORCHANGE=0 other=0
2026-10-03T17:20:12.832+08:00 CYCLE n=2127 label=set start=2026-10-03T17:20:09.819+08:00 sets=[mon1=A@+0.4ms/1.7ms/hr=0x00000000] window_ms=3002 total=0 WM_SETTINGCHANGE=0 WM_DISPLAYCHANGE=0 WM_THEMECHANGED=0 WM_DWMCOLORIZATIONCOLORCHANGED=0 WM_SYSCOLORCHANGE=0 other=0
2026-10-03T17:20:22.896+08:00 CYCLE n=2128 label=set start=2026-10-03T17:20:19.884+08:00 sets=[mon1=B@+0.4ms/1.8ms/hr=0x00000000] window_ms=3002 total=0 WM_SETTINGCHANGE=0 WM_DISPLAYCHANGE=0 WM_THEMECHANGED=0 WM_DWMCOLORIZATIONCOLORCHANGED=0 WM_SYSCOLORCHANGE=0 other=0
2026-10-03T17:20:32.874+08:00 CYCLE n=2129 label=set start=2026-10-03T17:20:29.860+08:00 sets=[mon1=A@+0.5ms/1.9ms/hr=0x00000000] window_ms=3003 total=0 WM_SETTINGCHANGE=0 WM_DISPLAYCHANGE=0 WM_THEMECHANGED=0 WM_DWMCOLORIZATIONCOLORCHANGED=0 WM_SYSCOLORCHANGE=0 other=0
2026-10-03T17:20:42.842+08:00 CYCLE n=2130 label=set start=2026-10-03T17:20:39.830+08:00 sets=[mon1=B@+0.4ms/1.9ms/hr=0x00000000] window_ms=3002 total=0 WM_SETTINGCHANGE=0 WM_DISPLAYCHANGE=0 WM_THEMECHANGED=0 WM_DWMCOLORIZATIONCOLORCHANGED=0 WM_SYSCOLORCHANGE=0 other=0
2026-10-03T17:20:52.912+08:00 CYCLE n=2131 label=set start=2026-10-03T17:20:49.899+08:00 sets=[mon1=A@+0.7ms/1.9ms/hr=0x00000000] window_ms=3003 total=0 WM_SETTINGCHANGE=0 WM_DISPLAYCHANGE=0 WM_THEMECHANGED=0 WM_DWMCOLORIZATIONCOLORCHANGED=0 WM_SYSCOLORCHANGE=0 other=0
2026-10-03T17:21:02.879+08:00 CYCLE n=2132 label=set start=2026-10-03T17:20:59.865+08:00 sets=[mon1=B@+0.5ms/2.3ms/hr=0x00000000] window_ms=3003 total=0 WM_SETTINGCHANGE=0 WM_DISPLAYCHANGE=0 WM_THEMECHANGED=0 WM_DWMCOLORIZATIONCOLORCHANGED=0 WM_SYSCOLORCHANGE=0 other=0
2026-10-03T17:21:12.841+08:00 CYCLE n=2133 label=set start=2026-10-03T17:21:09.829+08:00 sets=[mon1=A@+0.4ms/1.7ms/hr=0x00000000] window_ms=3002 total=0 WM_SETTINGCHANGE=0 WM_DISPLAYCHANGE=0 WM_THEMECHANGED=0 WM_DWMCOLORIZATIONCOLORCHANGED=0 WM_SYSCOLORCHANGE=0 other=0
2026-10-03T17:21:22.920+08:00 CYCLE n=2134 label=set start=2026-10-03T17:21:19.905+08:00 sets=[mon1=B@+0.4ms/1.9ms/hr=0x00000000] window_ms=3002 total=0 WM_SETTINGCHANGE=0 WM_DISPLAYCHANGE=0 WM_THEMECHANGED=0 WM_DWMCOLORIZATIONCOLORCHANGED=0 WM_SYSCOLORCHANGE=0 other=0
2026-10-03T17:21:32.893+08:00 CYCLE n=2135 label=set start=2026-10-03T17:21:29.881+08:00 sets=[mon1=A@+0.6ms/2.3ms/hr=0x00000000] window_ms=3003 total=0 WM_SETTINGCHANGE=0 WM_DISPLAYCHANGE=0 WM_THEMECHANGED=0 WM_DWMCOLORIZATIONCOLORCHANGED=0 WM_SYSCOLORCHANGE=0 other=0
2026-10-03T17:21:42.870+08:00 CYCLE n=2136 label=set start=2026-10-03T17:21:39.856+08:00 sets=[mon1=B@+0.8ms/3.1ms/hr=0x00000000] window_ms=3004 total=0 WM_SETTINGCHANGE=0 WM_DISPLAYCHANGE=0 WM_THEMECHANGED=0 WM_DWMCOLORIZATIONCOLORCHANGED=0 WM_SYSCOLORCHANGE=0 other=0
2026-10-03T17:21:52.837+08:00 CYCLE n=2137 label=set start=2026-10-03T17:21:49.822+08:00 sets=[mon1=A@+0.8ms/2.8ms/hr=0x00000000] window_ms=3004 total=0 WM_SETTINGCHANGE=0 WM_DISPLAYCHANGE=0 WM_THEMECHANGED=0 WM_DWMCOLORIZATIONCOLORCHANGED=0 WM_SYSCOLORCHANGE=0 other=0
2026-10-03T17:22:02.898+08:00 CYCLE n=2138 label=set start=2026-10-03T17:21:59.884+08:00 sets=[mon1=B@+0.4ms/1.8ms/hr=0x00000000] window_ms=3003 total=0 WM_SETTINGCHANGE=0 WM_DISPLAYCHANGE=0 WM_THEMECHANGED=0 WM_DWMCOLORIZATIONCOLORCHANGED=0 WM_SYSCOLORCHANGE=0 other=0
2026-10-03T17:22:12.868+08:00 CYCLE n=2139 label=set start=2026-10-03T17:22:09.855+08:00 sets=[mon1=A@+0.6ms/1.8ms/hr=0x00000000] window_ms=3003 total=0 WM_SETTINGCHANGE=0 WM_DISPLAYCHANGE=0 WM_THEMECHANGED=0 WM_DWMCOLORIZATIONCOLORCHANGED=0 WM_SYSCOLORCHANGE=0 other=0
2026-10-03T17:22:22.859+08:00 CYCLE n=2140 label=set start=2026-10-03T17:22:19.844+08:00 sets=[mon1=B@+0.8ms/2.2ms/hr=0x00000000] window_ms=3003 total=0 WM_SETTINGCHANGE=0 WM_DISPLAYCHANGE=0 WM_THEMECHANGED=0 WM_DWMCOLORIZATIONCOLORCHANGED=0 WM_SYSCOLORCHANGE=0 other=0
2026-10-03T17:22:32.927+08:00 CYCLE n=2141 label=set start=2026-10-03T17:22:29.914+08:00 sets=[mon1=A@+0.5ms/2.6ms/hr=0x00000000] window_ms=3003 total=0 WM_SETTINGCHANGE=0 WM_DISPLAYCHANGE=0 WM_THEMECHANGED=0 WM_DWMCOLORIZATIONCOLORCHANGED=0 WM_SYSCOLORCHANGE=0 other=0
2026-10-03T17:22:42.900+08:00 CYCLE n=2142 label=set start=2026-10-03T17:22:39.888+08:00 sets=[mon1=B@+0.5ms/2.0ms/hr=0x00000000] window_ms=3003 total=0 WM_SETTINGCHANGE=0 WM_DISPLAYCHANGE=0 WM_THEMECHANGED=0 WM_DWMCOLORIZATIONCOLORCHANGED=0 WM_SYSCOLORCHANGE=0 other=0
2026-10-03T17:22:52.870+08:00 CYCLE n=2143 label=set start=2026-10-03T17:22:49.854+08:00 sets=[mon1=A@+0.9ms/2.5ms/hr=0x00000000] window_ms=3004 total=0 WM_SETTINGCHANGE=0 WM_DISPLAYCHANGE=0 WM_THEMECHANGED=0 WM_DWMCOLORIZATIONCOLORCHANGED=0 WM_SYSCOLORCHANGE=0 other=0
2026-10-03T17:23:02.834+08:00 CYCLE n=2144 label=set start=2026-10-03T17:22:59.821+08:00 sets=[mon1=B@+0.4ms/1.4ms/hr=0x00000000] window_ms=3002 total=0 WM_SETTINGCHANGE=0 WM_DISPLAYCHANGE=0 WM_THEMECHANGED=0 WM_DWMCOLORIZATIONCOLORCHANGED=0 WM_SYSCOLORCHANGE=0 other=0
2026-10-03T17:23:12.898+08:00 CYCLE n=2145 label=set start=2026-10-03T17:23:09.885+08:00 sets=[mon1=A@+0.8ms/1.7ms/hr=0x00000000] window_ms=3003 total=0 WM_SETTINGCHANGE=0 WM_DISPLAYCHANGE=0 WM_THEMECHANGED=0 WM_DWMCOLORIZATIONCOLORCHANGED=0 WM_SYSCOLORCHANGE=0 other=0
2026-10-03T17:23:22.871+08:00 CYCLE n=2146 label=set start=2026-10-03T17:23:19.857+08:00 sets=[mon1=B@+0.4ms/1.3ms/hr=0x00000000] window_ms=3002 total=0 WM_SETTINGCHANGE=0 WM_DISPLAYCHANGE=0 WM_THEMECHANGED=0 WM_DWMCOLORIZATIONCOLORCHANGED=0 WM_SYSCOLORCHANGE=0 other=0
2026-10-03T17:23:32.836+08:00 CYCLE n=2147 label=set start=2026-10-03T17:23:29.821+08:00 sets=[mon1=A@+0.8ms/2.0ms/hr=0x00000000] window_ms=3003 total=0 WM_SETTINGCHANGE=0 WM_DISPLAYCHANGE=0 WM_THEMECHANGED=0 WM_DWMCOLORIZATIONCOLORCHANGED=0 WM_SYSCOLORCHANGE=0 other=0
2026-10-03T17:23:42.903+08:00 CYCLE n=2148 label=set start=2026-10-03T17:23:39.891+08:00 sets=[mon1=B@+0.5ms/1.8ms/hr=0x00000000] window_ms=3002 total=0 WM_SETTINGCHANGE=0 WM_DISPLAYCHANGE=0 WM_THEMECHANGED=0 WM_DWMCOLORIZATIONCOLORCHANGED=0 WM_SYSCOLORCHANGE=0 other=0
2026-10-03T17:23:52.865+08:00 CYCLE n=2149 label=set start=2026-10-03T17:23:49.851+08:00 sets=[mon1=A@+0.4ms/1.6ms/hr=0x00000000] window_ms=3002 total=0 WM_SETTINGCHANGE=0 WM_DISPLAYCHANGE=0 WM_THEMECHANGED=0 WM_DWMCOLORIZATIONCOLORCHANGED=0 WM_SYSCOLORCHANGE=0 other=0
2026-10-03T17:24:02.832+08:00 CYCLE n=2150 label=set start=2026-10-03T17:23:59.819+08:00 sets=[mon1=B@+0.4ms/1.6ms/hr=0x00000000] window_ms=3002 total=0 WM_SETTINGCHANGE=0 WM_DISPLAYCHANGE=0 WM_THEMECHANGED=0 WM_DWMCOLORIZATIONCOLORCHANGED=0 WM_SYSCOLORCHANGE=0 other=0
2026-10-03T17:24:12.904+08:00 CYCLE n=2151 label=set start=2026-10-03T17:24:09.890+08:00 sets=[mon1=A@+0.3ms/1.8ms/hr=0x00000000] window_ms=3002 total=0 WM_SETTINGCHANGE=0 WM_DISPLAYCHANGE=0 WM_THEMECHANGED=0 WM_DWMCOLORIZATIONCOLORCHANGED=0 WM_SYSCOLORCHANGE=0 other=0
2026-10-03T17:24:22.878+08:00 CYCLE n=2152 label=set start=2026-10-03T17:24:19.864+08:00 sets=[mon1=B@+0.5ms/2.4ms/hr=0x00000000] window_ms=3003 total=0 WM_SETTINGCHANGE=0 WM_DISPLAYCHANGE=0 WM_THEMECHANGED=0 WM_DWMCOLORIZATIONCOLORCHANGED=0 WM_SYSCOLORCHANGE=0 other=0
2026-10-03T17:24:32.844+08:00 CYCLE n=2153 label=set start=2026-10-03T17:24:29.829+08:00 sets=[mon1=A@+0.8ms/3.2ms/hr=0x00000000] window_ms=3004 total=0 WM_SETTINGCHANGE=0 WM_DISPLAYCHANGE=0 WM_THEMECHANGED=0 WM_DWMCOLORIZATIONCOLORCHANGED=0 WM_SYSCOLORCHANGE=0 other=0
2026-10-03T17:24:42.907+08:00 CYCLE n=2154 label=set start=2026-10-03T17:24:39.894+08:00 sets=[mon1=B@+0.6ms/1.8ms/hr=0x00000000] window_ms=3003 total=0 WM_SETTINGCHANGE=0 WM_DISPLAYCHANGE=0 WM_THEMECHANGED=0 WM_DWMCOLORIZATIONCOLORCHANGED=0 WM_SYSCOLORCHANGE=0 other=0
2026-10-03T17:24:52.884+08:00 CYCLE n=2155 label=set start=2026-10-03T17:24:49.870+08:00 sets=[mon1=A@+0.5ms/1.8ms/hr=0x00000000] window_ms=3003 total=0 WM_SETTINGCHANGE=0 WM_DISPLAYCHANGE=0 WM_THEMECHANGED=0 WM_DWMCOLORIZATIONCOLORCHANGED=0 WM_SYSCOLORCHANGE=0 other=0
2026-10-03T17:25:02.856+08:00 CYCLE n=2156 label=set start=2026-10-03T17:24:59.843+08:00 sets=[mon1=B@+0.4ms/1.7ms/hr=0x00000000] window_ms=3002 total=0 WM_SETTINGCHANGE=0 WM_DISPLAYCHANGE=0 WM_THEMECHANGED=0 WM_DWMCOLORIZATIONCOLORCHANGED=0 WM_SYSCOLORCHANGE=0 other=0
2026-10-03T17:25:12.924+08:00 CYCLE n=2157 label=set start=2026-10-03T17:25:09.910+08:00 sets=[mon1=A@+0.6ms/2.9ms/hr=0x00000000] window_ms=3004 total=0 WM_SETTINGCHANGE=0 WM_DISPLAYCHANGE=0 WM_THEMECHANGED=0 WM_DWMCOLORIZATIONCOLORCHANGED=0 WM_SYSCOLORCHANGE=0 other=0
2026-10-03T17:25:22.889+08:00 CYCLE n=2158 label=set start=2026-10-03T17:25:19.876+08:00 sets=[mon1=B@+0.5ms/2.1ms/hr=0x00000000] window_ms=3003 total=0 WM_SETTINGCHANGE=0 WM_DISPLAYCHANGE=0 WM_THEMECHANGED=0 WM_DWMCOLORIZATIONCOLORCHANGED=0 WM_SYSCOLORCHANGE=0 other=0
2026-10-03T17:25:32.857+08:00 CYCLE n=2159 label=set start=2026-10-03T17:25:29.846+08:00 sets=[mon1=A@+0.5ms/2.0ms/hr=0x00000000] window_ms=3003 total=0 WM_SETTINGCHANGE=0 WM_DISPLAYCHANGE=0 WM_THEMECHANGED=0 WM_DWMCOLORIZATIONCOLORCHANGED=0 WM_SYSCOLORCHANGE=0 other=0
2026-10-03T17:35:44.057+08:00 CYCLE n=2160 label=restore start=2026-10-03T17:35:39.862+08:00 sets=[] window_ms=3693 total=0 WM_SETTINGCHANGE=0 WM_DISPLAYCHANGE=0 WM_THEMECHANGED=0 WM_DWMCOLORIZATIONCOLORCHANGED=0 WM_SYSCOLORCHANGE=0 other=0
2026-10-03T17:35:44.057+08:00 SUMMARY ===== 訊息計數摘要 =====
2026-10-03T17:35:44.057+08:00 SUMMARY phase=baseline approx_duration_s=600 all_received: WM_SETTINGCHANGE=1
2026-10-03T17:35:44.057+08:00 SUMMARY phase=setting approx_duration_s=21600 all_received: （無）
2026-10-03T17:35:44.057+08:00 SUMMARY phase=cooldown approx_duration_s=600 all_received: （無）
2026-10-03T17:35:44.057+08:00 SUMMARY phase=restore approx_duration_s=1 all_received: （無）
2026-10-03T17:35:44.057+08:00 SUMMARY 設桌布後視窗內（共 2161 個週期，含還原週期 1；其中有收到任何訊息的週期 0）：（無）
2026-10-03T17:35:44.057+08:00 SUMMARY WM_SETTINGCHANGE lParam 字串（視窗內）：（無）
2026-10-03T17:35:44.057+08:00 SUMMARY WM_SETTINGCHANGE lParam 字串（視窗外）："fc-probe-control"×1
