2026-10-03T11:15:39.753+08:00 START probe_wallpaper tag=1.7-full baseline=600s setting=21600s cooldown=600s interval=10s sample=10s window=3s
2026-10-03T11:15:39.753+08:00 OPTIONS monitor=1 sample_after_set=5s extra_cols=true（1.7 參數；monitor=all、sample_after_set=off、extra_cols=false 即 1.1 預設行為）
2026-10-03T11:15:39.754+08:00 MONITOR 只設定 monitor[1] id=\\?\DISPLAY#AUSAA34#5&1091fafa&0&UID4356#{e6f07b5f-ee97-4a90-b076-33f57bf4eaa7} rect=Some([0, 0, 3840, 2160])；其餘螢幕不呼叫 SetWallpaper
2026-10-03T11:15:39.754+08:00 BACKUP 備份 JSON：%LOCALAPPDATA%\fc-probe-wallpaper\backup-20261003-111539.json（還原：probe_wallpaper --restore <此檔>）
2026-10-03T11:15:39.754+08:00 A=%LOCALAPPDATA%\fc-probe-wallpaper\a.png B=%LOCALAPPDATA%\fc-probe-wallpaper\b.png
2026-10-03T11:15:39.755+08:00 BACKUP monitor[0] id=\\?\DISPLAY#BOE0CDF#4&102fce2&0&UID8388688#{e6f07b5f-ee97-4a90-b076-33f57bf4eaa7} online=true rect=Some([3840, 4, 6400, 1604]) wallpaper=Some("C:\\Windows\\asus\\wallpapers\\asus.jpg")
2026-10-03T11:15:39.755+08:00 BACKUP monitor[1] id=\\?\DISPLAY#AUSAA34#5&1091fafa&0&UID4356#{e6f07b5f-ee97-4a90-b076-33f57bf4eaa7} online=true rect=Some([0, 0, 3840, 2160]) wallpaper=Some("C:\\Windows\\asus\\wallpapers\\asus.jpg")
2026-10-03T11:15:39.755+08:00 BACKUP position=Some(4) background_color=Some(0) status=Some(1) registry={"TileWallpaper": Some("0"), "Wallpaper": Some("c:\\windows\\asus\\wallpapers\\asus.jpg"), "WallpaperStyle": Some("10")}
2026-10-03T11:15:39.755+08:00 POWER SetThreadExecutionState(CONTINUOUS|DISPLAY_REQUIRED|SYSTEM_REQUIRED) -> prev=0x80000000（0＝失敗）
2026-10-03T11:15:39.759+08:00 PHASE -> baseline (elapsed 0.0s)
2026-10-03T11:25:39.797+08:00 PHASE -> setting (elapsed 600.0s)
2026-10-03T11:25:39.799+08:00 SET cycle=0 mon=1 img=B hr=0x00000000 dur_ms=1.8
2026-10-03T11:25:49.764+08:00 SET cycle=1 mon=1 img=A hr=0x00000000 dur_ms=1.4
2026-10-03T11:25:59.817+08:00 SET cycle=2 mon=1 img=B hr=0x00000000 dur_ms=1.7
2026-10-03T11:26:09.777+08:00 SET cycle=3 mon=1 img=A hr=0x00000000 dur_ms=2.0
2026-10-03T11:26:19.845+08:00 SET cycle=4 mon=1 img=B hr=0x00000000 dur_ms=2.0
2026-10-03T11:26:29.810+08:00 SET cycle=5 mon=1 img=A hr=0x00000000 dur_ms=1.5
2026-10-03T11:26:39.771+08:00 SET cycle=6 mon=1 img=B hr=0x00000000 dur_ms=1.6
2026-10-03T11:26:49.844+08:00 SET cycle=7 mon=1 img=A hr=0x00000000 dur_ms=4.8
2026-10-03T11:26:59.822+08:00 SET cycle=8 mon=1 img=B hr=0x00000000 dur_ms=2.4
2026-10-03T11:27:09.796+08:00 SET cycle=9 mon=1 img=A hr=0x00000000 dur_ms=2.2
2026-10-03T11:27:19.769+08:00 SET cycle=10 mon=1 img=B hr=0x00000000 dur_ms=1.6
2026-10-03T11:27:29.832+08:00 SET cycle=11 mon=1 img=A hr=0x00000000 dur_ms=2.2
2026-10-03T11:27:39.795+08:00 SET cycle=12 mon=1 img=B hr=0x00000000 dur_ms=2.0
2026-10-03T11:27:49.855+08:00 SET cycle=13 mon=1 img=A hr=0x00000000 dur_ms=1.7
2026-10-03T11:27:59.814+08:00 SET cycle=14 mon=1 img=B hr=0x00000000 dur_ms=1.8
2026-10-03T11:28:09.787+08:00 SET cycle=15 mon=1 img=A hr=0x00000000 dur_ms=1.9
2026-10-03T11:28:19.768+08:00 SET cycle=16 mon=1 img=B hr=0x00000000 dur_ms=1.9
2026-10-03T11:28:29.848+08:00 SET cycle=17 mon=1 img=A hr=0x00000000 dur_ms=1.6
2026-10-03T11:28:39.814+08:00 SET cycle=18 mon=1 img=B hr=0x00000000 dur_ms=1.8
2026-10-03T11:28:49.783+08:00 SET cycle=19 mon=1 img=A hr=0x00000000 dur_ms=2.3
2026-10-03T11:28:59.846+08:00 SET cycle=20 mon=1 img=B hr=0x00000000 dur_ms=2.0
2026-10-03T11:29:09.809+08:00 SET cycle=21 mon=1 img=A hr=0x00000000 dur_ms=2.2
2026-10-03T11:29:19.767+08:00 SET cycle=22 mon=1 img=B hr=0x00000000 dur_ms=1.8
2026-10-03T11:29:29.833+08:00 SET cycle=23 mon=1 img=A hr=0x00000000 dur_ms=2.2
2026-10-03T11:29:39.787+08:00 SET cycle=24 mon=1 img=B hr=0x00000000 dur_ms=1.4
2026-10-03T11:29:49.856+08:00 SET cycle=25 mon=1 img=A hr=0x00000000 dur_ms=1.5
2026-10-03T11:29:59.827+08:00 SET cycle=26 mon=1 img=B hr=0x00000000 dur_ms=1.6
2026-10-03T11:30:09.791+08:00 SET cycle=27 mon=1 img=A hr=0x00000000 dur_ms=1.5
2026-10-03T11:30:19.847+08:00 SET cycle=28 mon=1 img=B hr=0x00000000 dur_ms=1.8
2026-10-03T11:30:29.812+08:00 SET cycle=29 mon=1 img=A hr=0x00000000 dur_ms=2.0
2026-10-03T11:30:39.782+08:00 SET cycle=30 mon=1 img=B hr=0x00000000 dur_ms=1.6
2026-10-03T11:30:49.857+08:00 SET cycle=31 mon=1 img=A hr=0x00000000 dur_ms=2.6
2026-10-03T11:30:59.862+08:00 SET cycle=32 mon=1 img=B hr=0x00000000 dur_ms=1.8
2026-10-03T11:31:09.827+08:00 SET cycle=33 mon=1 img=A hr=0x00000000 dur_ms=1.9
2026-10-03T11:31:19.810+08:00 SET cycle=34 mon=1 img=B hr=0x00000000 dur_ms=1.7
2026-10-03T11:31:29.779+08:00 SET cycle=35 mon=1 img=A hr=0x00000000 dur_ms=2.0
2026-10-03T11:31:39.848+08:00 SET cycle=36 mon=1 img=B hr=0x00000000 dur_ms=2.3
2026-10-03T11:31:49.814+08:00 SET cycle=37 mon=1 img=A hr=0x00000000 dur_ms=1.6
2026-10-03T11:31:59.772+08:00 SET cycle=38 mon=1 img=B hr=0x00000000 dur_ms=1.6
2026-10-03T11:32:09.832+08:00 SET cycle=39 mon=1 img=A hr=0x00000000 dur_ms=1.9
2026-10-03T11:32:19.799+08:00 SET cycle=40 mon=1 img=B hr=0x00000000 dur_ms=1.5
2026-10-03T11:32:29.770+08:00 SET cycle=41 mon=1 img=A hr=0x00000000 dur_ms=1.4
2026-10-03T11:32:39.834+08:00 SET cycle=42 mon=1 img=B hr=0x00000000 dur_ms=2.4
2026-10-03T11:32:49.788+08:00 SET cycle=43 mon=1 img=A hr=0x00000000 dur_ms=2.0
2026-10-03T11:32:59.862+08:00 SET cycle=44 mon=1 img=B hr=0x00000000 dur_ms=2.1
2026-10-03T11:33:09.835+08:00 SET cycle=45 mon=1 img=A hr=0x00000000 dur_ms=1.7
2026-10-03T11:33:19.792+08:00 SET cycle=46 mon=1 img=B hr=0x00000000 dur_ms=1.8
2026-10-03T11:33:29.859+08:00 SET cycle=47 mon=1 img=A hr=0x00000000 dur_ms=1.7
2026-10-03T11:33:39.825+08:00 SET cycle=48 mon=1 img=B hr=0x00000000 dur_ms=2.2
2026-10-03T11:33:49.788+08:00 SET cycle=49 mon=1 img=A hr=0x00000000 dur_ms=1.9
2026-10-03T11:33:59.859+08:00 SET cycle=50 mon=1 img=B hr=0x00000000 dur_ms=1.9
2026-10-03T11:34:09.821+08:00 SET cycle=51 mon=1 img=A hr=0x00000000 dur_ms=1.7
2026-10-03T11:34:19.794+08:00 SET cycle=52 mon=1 img=B hr=0x00000000 dur_ms=2.3
2026-10-03T11:34:29.862+08:00 SET cycle=53 mon=1 img=A hr=0x00000000 dur_ms=1.8
2026-10-03T11:34:39.844+08:00 SET cycle=54 mon=1 img=B hr=0x00000000 dur_ms=1.8
2026-10-03T11:34:49.812+08:00 SET cycle=55 mon=1 img=A hr=0x00000000 dur_ms=1.6
2026-10-03T11:34:59.779+08:00 SET cycle=56 mon=1 img=B hr=0x00000000 dur_ms=1.8
2026-10-03T11:35:09.843+08:00 SET cycle=57 mon=1 img=A hr=0x00000000 dur_ms=1.7
2026-10-03T11:35:19.809+08:00 SET cycle=58 mon=1 img=B hr=0x00000000 dur_ms=3.3
2026-10-03T11:35:29.770+08:00 SET cycle=59 mon=1 img=A hr=0x00000000 dur_ms=1.9
2026-10-03T11:35:39.835+08:00 SET cycle=60 mon=1 img=B hr=0x00000000 dur_ms=2.1
2026-10-03T11:35:49.810+08:00 SET cycle=61 mon=1 img=A hr=0x00000000 dur_ms=1.7
2026-10-03T11:35:59.780+08:00 SET cycle=62 mon=1 img=B hr=0x00000000 dur_ms=2.0
2026-10-03T11:36:09.848+08:00 SET cycle=63 mon=1 img=A hr=0x00000000 dur_ms=2.6
2026-10-03T11:36:19.816+08:00 SET cycle=64 mon=1 img=B hr=0x00000000 dur_ms=1.9
2026-10-03T11:36:29.788+08:00 SET cycle=65 mon=1 img=A hr=0x00000000 dur_ms=1.7
2026-10-03T11:36:39.854+08:00 SET cycle=66 mon=1 img=B hr=0x00000000 dur_ms=1.8
2026-10-03T11:36:49.813+08:00 SET cycle=67 mon=1 img=A hr=0x00000000 dur_ms=1.3
2026-10-03T11:36:59.772+08:00 SET cycle=68 mon=1 img=B hr=0x00000000 dur_ms=1.6
2026-10-03T11:37:09.843+08:00 SET cycle=69 mon=1 img=A hr=0x00000000 dur_ms=1.8
2026-10-03T11:37:19.800+08:00 SET cycle=70 mon=1 img=B hr=0x00000000 dur_ms=1.5
2026-10-03T11:37:29.865+08:00 SET cycle=71 mon=1 img=A hr=0x00000000 dur_ms=1.5
2026-10-03T11:37:39.833+08:00 SET cycle=72 mon=1 img=B hr=0x00000000 dur_ms=1.9
2026-10-03T11:37:49.793+08:00 SET cycle=73 mon=1 img=A hr=0x00000000 dur_ms=2.2
2026-10-03T11:37:59.867+08:00 SET cycle=74 mon=1 img=B hr=0x00000000 dur_ms=1.8
2026-10-03T11:38:09.834+08:00 SET cycle=75 mon=1 img=A hr=0x00000000 dur_ms=2.1
2026-10-03T11:38:19.800+08:00 SET cycle=76 mon=1 img=B hr=0x00000000 dur_ms=1.9
2026-10-03T11:38:29.769+08:00 SET cycle=77 mon=1 img=A hr=0x00000000 dur_ms=1.6
2026-10-03T11:38:39.836+08:00 SET cycle=78 mon=1 img=B hr=0x00000000 dur_ms=2.3
2026-10-03T11:38:49.795+08:00 SET cycle=79 mon=1 img=A hr=0x00000000 dur_ms=1.5
2026-10-03T11:38:59.866+08:00 SET cycle=80 mon=1 img=B hr=0x00000000 dur_ms=2.2
2026-10-03T11:39:09.842+08:00 SET cycle=81 mon=1 img=A hr=0x00000000 dur_ms=1.6
2026-10-03T11:39:19.828+08:00 SET cycle=82 mon=1 img=B hr=0x00000000 dur_ms=1.6
2026-10-03T11:39:29.801+08:00 SET cycle=83 mon=1 img=A hr=0x00000000 dur_ms=2.0
2026-10-03T11:39:39.863+08:00 SET cycle=84 mon=1 img=B hr=0x00000000 dur_ms=2.0
2026-10-03T11:39:49.838+08:00 SET cycle=85 mon=1 img=A hr=0x00000000 dur_ms=2.1
2026-10-03T11:39:59.805+08:00 SET cycle=86 mon=1 img=B hr=0x00000000 dur_ms=2.0
2026-10-03T11:40:09.775+08:00 SET cycle=87 mon=1 img=A hr=0x00000000 dur_ms=2.2
2026-10-03T11:40:19.845+08:00 SET cycle=88 mon=1 img=B hr=0x00000000 dur_ms=1.6
2026-10-03T11:40:29.824+08:00 SET cycle=89 mon=1 img=A hr=0x00000000 dur_ms=1.6
2026-10-03T11:40:39.823+08:00 SET cycle=90 mon=1 img=B hr=0x00000000 dur_ms=2.0
2026-10-03T11:40:49.817+08:00 SET cycle=91 mon=1 img=A hr=0x00000000 dur_ms=1.7
2026-10-03T11:40:59.779+08:00 SET cycle=92 mon=1 img=B hr=0x00000000 dur_ms=2.0
2026-10-03T11:41:09.860+08:00 SET cycle=93 mon=1 img=A hr=0x00000000 dur_ms=2.4
2026-10-03T11:41:19.844+08:00 SET cycle=94 mon=1 img=B hr=0x00000000 dur_ms=1.6
2026-10-03T11:41:29.805+08:00 SET cycle=95 mon=1 img=A hr=0x00000000 dur_ms=2.2
2026-10-03T11:41:39.774+08:00 SET cycle=96 mon=1 img=B hr=0x00000000 dur_ms=2.6
2026-10-03T11:41:49.843+08:00 SET cycle=97 mon=1 img=A hr=0x00000000 dur_ms=1.3
2026-10-03T11:41:59.812+08:00 SET cycle=98 mon=1 img=B hr=0x00000000 dur_ms=2.0
2026-10-03T11:42:09.778+08:00 SET cycle=99 mon=1 img=A hr=0x00000000 dur_ms=2.2
2026-10-03T11:42:19.770+08:00 SET cycle=100 mon=1 img=B hr=0x00000000 dur_ms=1.6
2026-10-03T11:42:29.828+08:00 SET cycle=101 mon=1 img=A hr=0x00000000 dur_ms=1.7
2026-10-03T11:42:39.811+08:00 SET cycle=102 mon=1 img=B hr=0x00000000 dur_ms=2.1
2026-10-03T11:42:49.787+08:00 SET cycle=103 mon=1 img=A hr=0x00000000 dur_ms=1.6
2026-10-03T11:42:59.851+08:00 SET cycle=104 mon=1 img=B hr=0x00000000 dur_ms=2.2
2026-10-03T11:43:09.820+08:00 SET cycle=105 mon=1 img=A hr=0x00000000 dur_ms=1.4
2026-10-03T11:43:19.789+08:00 SET cycle=106 mon=1 img=B hr=0x00000000 dur_ms=1.5
2026-10-03T11:43:29.853+08:00 SET cycle=107 mon=1 img=A hr=0x00000000 dur_ms=1.7
2026-10-03T11:43:39.813+08:00 SET cycle=108 mon=1 img=B hr=0x00000000 dur_ms=1.7
2026-10-03T11:43:49.774+08:00 SET cycle=109 mon=1 img=A hr=0x00000000 dur_ms=1.7
2026-10-03T11:43:59.841+08:00 SET cycle=110 mon=1 img=B hr=0x00000000 dur_ms=1.6
2026-10-03T11:44:09.810+08:00 SET cycle=111 mon=1 img=A hr=0x00000000 dur_ms=2.0
2026-10-03T11:44:19.770+08:00 SET cycle=112 mon=1 img=B hr=0x00000000 dur_ms=1.9
2026-10-03T11:44:29.836+08:00 SET cycle=113 mon=1 img=A hr=0x00000000 dur_ms=1.5
2026-10-03T11:44:39.809+08:00 SET cycle=114 mon=1 img=B hr=0x00000000 dur_ms=2.3
2026-10-03T11:44:49.772+08:00 SET cycle=115 mon=1 img=A hr=0x00000000 dur_ms=1.6
2026-10-03T11:44:59.832+08:00 SET cycle=116 mon=1 img=B hr=0x00000000 dur_ms=1.5
2026-10-03T11:45:09.804+08:00 SET cycle=117 mon=1 img=A hr=0x00000000 dur_ms=2.3
2026-10-03T11:45:19.867+08:00 SET cycle=118 mon=1 img=B hr=0x00000000 dur_ms=2.0
2026-10-03T11:45:29.835+08:00 SET cycle=119 mon=1 img=A hr=0x00000000 dur_ms=1.7
2026-10-03T11:45:39.800+08:00 SET cycle=120 mon=1 img=B hr=0x00000000 dur_ms=1.5
2026-10-03T11:45:49.865+08:00 SET cycle=121 mon=1 img=A hr=0x00000000 dur_ms=2.0
2026-10-03T11:45:59.836+08:00 SET cycle=122 mon=1 img=B hr=0x00000000 dur_ms=2.6
2026-10-03T11:46:09.806+08:00 SET cycle=123 mon=1 img=A hr=0x00000000 dur_ms=1.7
2026-10-03T11:46:19.774+08:00 SET cycle=124 mon=1 img=B hr=0x00000000 dur_ms=1.9
2026-10-03T11:46:29.864+08:00 SET cycle=125 mon=1 img=A hr=0x00000000 dur_ms=1.9
2026-10-03T11:46:39.848+08:00 SET cycle=126 mon=1 img=B hr=0x00000000 dur_ms=2.0
2026-10-03T11:46:49.811+08:00 SET cycle=127 mon=1 img=A hr=0x00000000 dur_ms=1.7
2026-10-03T11:46:59.781+08:00 SET cycle=128 mon=1 img=B hr=0x00000000 dur_ms=1.9
2026-10-03T11:47:09.847+08:00 SET cycle=129 mon=1 img=A hr=0x00000000 dur_ms=1.6
2026-10-03T11:47:19.823+08:00 SET cycle=130 mon=1 img=B hr=0x00000000 dur_ms=1.5
2026-10-03T11:47:29.812+08:00 SET cycle=131 mon=1 img=A hr=0x00000000 dur_ms=1.7
2026-10-03T11:47:39.776+08:00 SET cycle=132 mon=1 img=B hr=0x00000000 dur_ms=2.4
2026-10-03T11:47:49.846+08:00 SET cycle=133 mon=1 img=A hr=0x00000000 dur_ms=1.6
2026-10-03T11:47:59.820+08:00 SET cycle=134 mon=1 img=B hr=0x00000000 dur_ms=3.0
2026-10-03T11:48:09.776+08:00 SET cycle=135 mon=1 img=A hr=0x00000000 dur_ms=1.9
2026-10-03T11:48:19.840+08:00 SET cycle=136 mon=1 img=B hr=0x00000000 dur_ms=1.9
2026-10-03T11:48:29.809+08:00 SET cycle=137 mon=1 img=A hr=0x00000000 dur_ms=1.7
2026-10-03T11:48:39.867+08:00 SET cycle=138 mon=1 img=B hr=0x00000000 dur_ms=1.5
2026-10-03T11:48:49.838+08:00 SET cycle=139 mon=1 img=A hr=0x00000000 dur_ms=2.3
2026-10-03T11:48:59.807+08:00 SET cycle=140 mon=1 img=B hr=0x00000000 dur_ms=1.6
2026-10-03T11:49:09.779+08:00 SET cycle=141 mon=1 img=A hr=0x00000000 dur_ms=1.7
2026-10-03T11:49:19.849+08:00 SET cycle=142 mon=1 img=B hr=0x00000000 dur_ms=2.0
2026-10-03T11:49:29.822+08:00 SET cycle=143 mon=1 img=A hr=0x00000000 dur_ms=1.9
2026-10-03T11:49:39.783+08:00 SET cycle=144 mon=1 img=B hr=0x00000000 dur_ms=1.5
2026-10-03T11:49:49.846+08:00 SET cycle=145 mon=1 img=A hr=0x00000000 dur_ms=1.5
2026-10-03T11:49:59.812+08:00 SET cycle=146 mon=1 img=B hr=0x00000000 dur_ms=1.9
2026-10-03T11:50:09.785+08:00 SET cycle=147 mon=1 img=A hr=0x00000000 dur_ms=1.9
2026-10-03T11:50:19.851+08:00 SET cycle=148 mon=1 img=B hr=0x00000000 dur_ms=1.8
2026-10-03T11:50:29.815+08:00 SET cycle=149 mon=1 img=A hr=0x00000000 dur_ms=1.6
2026-10-03T11:50:39.781+08:00 SET cycle=150 mon=1 img=B hr=0x00000000 dur_ms=1.6
2026-10-03T11:50:49.849+08:00 SET cycle=151 mon=1 img=A hr=0x00000000 dur_ms=1.4
2026-10-03T11:50:59.813+08:00 SET cycle=152 mon=1 img=B hr=0x00000000 dur_ms=2.3
2026-10-03T11:51:09.772+08:00 SET cycle=153 mon=1 img=A hr=0x00000000 dur_ms=2.2
2026-10-03T11:51:19.827+08:00 SET cycle=154 mon=1 img=B hr=0x00000000 dur_ms=1.5
2026-10-03T11:51:29.781+08:00 SET cycle=155 mon=1 img=A hr=0x00000000 dur_ms=1.9
2026-10-03T11:51:39.844+08:00 SET cycle=156 mon=1 img=B hr=0x00000000 dur_ms=1.8
2026-10-03T11:51:49.814+08:00 SET cycle=157 mon=1 img=A hr=0x00000000 dur_ms=1.4
2026-10-03T11:51:59.774+08:00 SET cycle=158 mon=1 img=B hr=0x00000000 dur_ms=1.4
2026-10-03T11:52:09.829+08:00 SET cycle=159 mon=1 img=A hr=0x00000000 dur_ms=1.7
2026-10-03T11:52:19.782+08:00 SET cycle=160 mon=1 img=B hr=0x00000000 dur_ms=1.6
2026-10-03T11:52:29.852+08:00 SET cycle=161 mon=1 img=A hr=0x00000000 dur_ms=1.5
2026-10-03T11:52:39.820+08:00 SET cycle=162 mon=1 img=B hr=0x00000000 dur_ms=1.8
2026-10-03T11:52:49.779+08:00 SET cycle=163 mon=1 img=A hr=0x00000000 dur_ms=1.9
2026-10-03T11:52:59.849+08:00 SET cycle=164 mon=1 img=B hr=0x00000000 dur_ms=1.5
2026-10-03T11:53:09.811+08:00 SET cycle=165 mon=1 img=A hr=0x00000000 dur_ms=1.9
2026-10-03T11:53:19.774+08:00 SET cycle=166 mon=1 img=B hr=0x00000000 dur_ms=1.9
2026-10-03T11:53:29.839+08:00 SET cycle=167 mon=1 img=A hr=0x00000000 dur_ms=1.8
2026-10-03T11:53:39.807+08:00 SET cycle=168 mon=1 img=B hr=0x00000000 dur_ms=1.6
2026-10-03T11:53:49.864+08:00 SET cycle=169 mon=1 img=A hr=0x00000000 dur_ms=1.9
2026-10-03T11:53:59.831+08:00 SET cycle=170 mon=1 img=B hr=0x00000000 dur_ms=1.7
2026-10-03T11:54:09.804+08:00 SET cycle=171 mon=1 img=A hr=0x00000000 dur_ms=1.9
2026-10-03T11:54:19.868+08:00 SET cycle=172 mon=1 img=B hr=0x00000000 dur_ms=1.4
2026-10-03T11:54:29.831+08:00 SET cycle=173 mon=1 img=A hr=0x00000000 dur_ms=1.7
2026-10-03T11:54:39.802+08:00 SET cycle=174 mon=1 img=B hr=0x00000000 dur_ms=1.6
2026-10-03T11:54:49.773+08:00 SET cycle=175 mon=1 img=A hr=0x00000000 dur_ms=2.3
2026-10-03T11:54:59.846+08:00 SET cycle=176 mon=1 img=B hr=0x00000000 dur_ms=1.6
2026-10-03T11:55:09.804+08:00 SET cycle=177 mon=1 img=A hr=0x00000000 dur_ms=1.9
2026-10-03T11:55:19.867+08:00 SET cycle=178 mon=1 img=B hr=0x00000000 dur_ms=1.5
2026-10-03T11:55:29.841+08:00 SET cycle=179 mon=1 img=A hr=0x00000000 dur_ms=10.8
2026-10-03T11:55:39.806+08:00 SET cycle=180 mon=1 img=B hr=0x00000000 dur_ms=2.0
2026-10-03T11:55:49.861+08:00 SET cycle=181 mon=1 img=A hr=0x00000000 dur_ms=1.2
2026-10-03T11:55:59.814+08:00 SET cycle=182 mon=1 img=B hr=0x00000000 dur_ms=1.5
2026-10-03T11:56:09.780+08:00 SET cycle=183 mon=1 img=A hr=0x00000000 dur_ms=1.9
2026-10-03T11:56:19.849+08:00 SET cycle=184 mon=1 img=B hr=0x00000000 dur_ms=1.9
2026-10-03T11:56:29.817+08:00 SET cycle=185 mon=1 img=A hr=0x00000000 dur_ms=1.8
2026-10-03T11:56:39.787+08:00 SET cycle=186 mon=1 img=B hr=0x00000000 dur_ms=1.9
2026-10-03T11:56:49.858+08:00 SET cycle=187 mon=1 img=A hr=0x00000000 dur_ms=2.0
2026-10-03T11:56:59.831+08:00 SET cycle=188 mon=1 img=B hr=0x00000000 dur_ms=1.8
2026-10-03T11:57:09.801+08:00 SET cycle=189 mon=1 img=A hr=0x00000000 dur_ms=1.9
2026-10-03T11:57:19.868+08:00 SET cycle=190 mon=1 img=B hr=0x00000000 dur_ms=1.5
2026-10-03T11:57:29.840+08:00 SET cycle=191 mon=1 img=A hr=0x00000000 dur_ms=1.7
2026-10-03T11:57:39.794+08:00 SET cycle=192 mon=1 img=B hr=0x00000000 dur_ms=1.8
2026-10-03T11:57:49.867+08:00 SET cycle=193 mon=1 img=A hr=0x00000000 dur_ms=1.9
2026-10-03T11:57:59.838+08:00 SET cycle=194 mon=1 img=B hr=0x00000000 dur_ms=1.6
2026-10-03T11:58:09.812+08:00 SET cycle=195 mon=1 img=A hr=0x00000000 dur_ms=1.6
2026-10-03T11:58:19.783+08:00 SET cycle=196 mon=1 img=B hr=0x00000000 dur_ms=2.1
2026-10-03T11:58:29.855+08:00 SET cycle=197 mon=1 img=A hr=0x00000000 dur_ms=1.8
2026-10-03T11:58:39.819+08:00 SET cycle=198 mon=1 img=B hr=0x00000000 dur_ms=1.9
2026-10-03T11:58:49.804+08:00 SET cycle=199 mon=1 img=A hr=0x00000000 dur_ms=1.6
2026-10-03T11:58:59.813+08:00 SET cycle=200 mon=1 img=B hr=0x00000000 dur_ms=5.8
2026-10-03T11:59:09.819+08:00 SET cycle=201 mon=1 img=A hr=0x00000000 dur_ms=1.6
2026-10-03T11:59:19.783+08:00 SET cycle=202 mon=1 img=B hr=0x00000000 dur_ms=1.8
2026-10-03T11:59:29.846+08:00 SET cycle=203 mon=1 img=A hr=0x00000000 dur_ms=2.0
2026-10-03T11:59:39.822+08:00 SET cycle=204 mon=1 img=B hr=0x00000000 dur_ms=1.5
2026-10-03T11:59:49.873+08:00 SET cycle=205 mon=1 img=A hr=0x00000000 dur_ms=2.2
2026-10-03T11:59:59.830+08:00 SET cycle=206 mon=1 img=B hr=0x00000000 dur_ms=2.2
2026-10-03T12:00:09.826+08:00 SET cycle=207 mon=1 img=A hr=0x00000000 dur_ms=2.7
2026-10-03T12:00:19.799+08:00 SET cycle=208 mon=1 img=B hr=0x00000000 dur_ms=1.7
2026-10-03T12:00:29.825+08:00 SET cycle=209 mon=1 img=A hr=0x00000000 dur_ms=2.1
2026-10-03T12:00:39.776+08:00 SET cycle=210 mon=1 img=B hr=0x00000000 dur_ms=1.7
2026-10-03T12:00:49.850+08:00 SET cycle=211 mon=1 img=A hr=0x00000000 dur_ms=2.1
2026-10-03T12:00:59.821+08:00 SET cycle=212 mon=1 img=B hr=0x00000000 dur_ms=1.6
2026-10-03T12:01:09.809+08:00 SET cycle=213 mon=1 img=A hr=0x00000000 dur_ms=2.1
2026-10-03T12:01:19.781+08:00 SET cycle=214 mon=1 img=B hr=0x00000000 dur_ms=2.6
2026-10-03T12:01:29.849+08:00 SET cycle=215 mon=1 img=A hr=0x00000000 dur_ms=2.1
2026-10-03T12:01:39.822+08:00 SET cycle=216 mon=1 img=B hr=0x00000000 dur_ms=1.8
2026-10-03T12:01:49.790+08:00 SET cycle=217 mon=1 img=A hr=0x00000000 dur_ms=1.4
2026-10-03T12:01:59.851+08:00 SET cycle=218 mon=1 img=B hr=0x00000000 dur_ms=1.7
2026-10-03T12:02:09.821+08:00 SET cycle=219 mon=1 img=A hr=0x00000000 dur_ms=1.9
2026-10-03T12:02:19.785+08:00 SET cycle=220 mon=1 img=B hr=0x00000000 dur_ms=1.7
2026-10-03T12:02:29.857+08:00 SET cycle=221 mon=1 img=A hr=0x00000000 dur_ms=1.5
2026-10-03T12:02:39.817+08:00 SET cycle=222 mon=1 img=B hr=0x00000000 dur_ms=1.4
2026-10-03T12:02:49.790+08:00 SET cycle=223 mon=1 img=A hr=0x00000000 dur_ms=1.9
2026-10-03T12:02:59.858+08:00 SET cycle=224 mon=1 img=B hr=0x00000000 dur_ms=2.1
2026-10-03T12:03:09.826+08:00 SET cycle=225 mon=1 img=A hr=0x00000000 dur_ms=1.4
2026-10-03T12:03:19.793+08:00 SET cycle=226 mon=1 img=B hr=0x00000000 dur_ms=1.8
2026-10-03T12:03:29.856+08:00 SET cycle=227 mon=1 img=A hr=0x00000000 dur_ms=2.0
2026-10-03T12:03:39.815+08:00 SET cycle=228 mon=1 img=B hr=0x00000000 dur_ms=1.8
2026-10-03T12:03:49.775+08:00 SET cycle=229 mon=1 img=A hr=0x00000000 dur_ms=1.9
2026-10-03T12:03:59.831+08:00 SET cycle=230 mon=1 img=B hr=0x00000000 dur_ms=1.8
2026-10-03T12:04:09.792+08:00 SET cycle=231 mon=1 img=A hr=0x00000000 dur_ms=1.6
2026-10-03T12:04:19.861+08:00 SET cycle=232 mon=1 img=B hr=0x00000000 dur_ms=1.9
2026-10-03T12:04:29.831+08:00 SET cycle=233 mon=1 img=A hr=0x00000000 dur_ms=2.0
2026-10-03T12:04:39.801+08:00 SET cycle=234 mon=1 img=B hr=0x00000000 dur_ms=1.8
2026-10-03T12:04:49.867+08:00 SET cycle=235 mon=1 img=A hr=0x00000000 dur_ms=1.8
2026-10-03T12:04:59.826+08:00 SET cycle=236 mon=1 img=B hr=0x00000000 dur_ms=2.1
2026-10-03T12:05:09.788+08:00 SET cycle=237 mon=1 img=A hr=0x00000000 dur_ms=1.5
2026-10-03T12:05:19.856+08:00 SET cycle=238 mon=1 img=B hr=0x00000000 dur_ms=2.1
2026-10-03T12:05:29.819+08:00 SET cycle=239 mon=1 img=A hr=0x00000000 dur_ms=1.5
2026-10-03T12:05:39.789+08:00 SET cycle=240 mon=1 img=B hr=0x00000000 dur_ms=2.3
2026-10-03T12:05:49.859+08:00 SET cycle=241 mon=1 img=A hr=0x00000000 dur_ms=1.8
2026-10-03T12:05:59.818+08:00 SET cycle=242 mon=1 img=B hr=0x00000000 dur_ms=1.7
2026-10-03T12:06:09.818+08:00 SET cycle=243 mon=1 img=A hr=0x00000000 dur_ms=1.9
2026-10-03T12:06:19.837+08:00 SET cycle=244 mon=1 img=B hr=0x00000000 dur_ms=2.3
2026-10-03T12:06:29.789+08:00 SET cycle=245 mon=1 img=A hr=0x00000000 dur_ms=1.9
2026-10-03T12:06:39.861+08:00 SET cycle=246 mon=1 img=B hr=0x00000000 dur_ms=1.8
2026-10-03T12:06:49.830+08:00 SET cycle=247 mon=1 img=A hr=0x00000000 dur_ms=1.5
2026-10-03T12:06:59.803+08:00 SET cycle=248 mon=1 img=B hr=0x00000000 dur_ms=2.3
2026-10-03T12:07:09.804+08:00 SET cycle=249 mon=1 img=A hr=0x00000000 dur_ms=1.6
2026-10-03T12:07:19.869+08:00 SET cycle=250 mon=1 img=B hr=0x00000000 dur_ms=2.1
2026-10-03T12:07:29.830+08:00 SET cycle=251 mon=1 img=A hr=0x00000000 dur_ms=1.8
2026-10-03T12:07:39.794+08:00 SET cycle=252 mon=1 img=B hr=0x00000000 dur_ms=2.1
2026-10-03T12:07:49.865+08:00 SET cycle=253 mon=1 img=A hr=0x00000000 dur_ms=1.8
2026-10-03T12:07:59.829+08:00 SET cycle=254 mon=1 img=B hr=0x00000000 dur_ms=1.9
2026-10-03T12:08:09.792+08:00 SET cycle=255 mon=1 img=A hr=0x00000000 dur_ms=1.6
2026-10-03T12:08:19.855+08:00 SET cycle=256 mon=1 img=B hr=0x00000000 dur_ms=1.8
2026-10-03T12:08:29.812+08:00 SET cycle=257 mon=1 img=A hr=0x00000000 dur_ms=1.9
2026-10-03T12:08:39.784+08:00 SET cycle=258 mon=1 img=B hr=0x00000000 dur_ms=1.8
2026-10-03T12:08:49.779+08:00 SET cycle=259 mon=1 img=A hr=0x00000000 dur_ms=2.0
2026-10-03T12:08:59.848+08:00 SET cycle=260 mon=1 img=B hr=0x00000000 dur_ms=2.2
2026-10-03T12:09:09.821+08:00 SET cycle=261 mon=1 img=A hr=0x00000000 dur_ms=2.6
2026-10-03T12:09:19.786+08:00 SET cycle=262 mon=1 img=B hr=0x00000000 dur_ms=1.6
2026-10-03T12:09:29.853+08:00 SET cycle=263 mon=1 img=A hr=0x00000000 dur_ms=1.7
2026-10-03T12:09:39.847+08:00 SET cycle=264 mon=1 img=B hr=0x00000000 dur_ms=2.5
2026-10-03T12:09:49.816+08:00 SET cycle=265 mon=1 img=A hr=0x00000000 dur_ms=2.0
2026-10-03T12:09:59.777+08:00 SET cycle=266 mon=1 img=B hr=0x00000000 dur_ms=1.9
2026-10-03T12:10:09.830+08:00 SET cycle=267 mon=1 img=A hr=0x00000000 dur_ms=2.4
2026-10-03T12:10:19.814+08:00 SET cycle=268 mon=1 img=B hr=0x00000000 dur_ms=2.0
2026-10-03T12:10:29.778+08:00 SET cycle=269 mon=1 img=A hr=0x00000000 dur_ms=1.6
2026-10-03T12:10:39.847+08:00 SET cycle=270 mon=1 img=B hr=0x00000000 dur_ms=2.2
2026-10-03T12:10:49.813+08:00 SET cycle=271 mon=1 img=A hr=0x00000000 dur_ms=1.6
2026-10-03T12:10:59.783+08:00 SET cycle=272 mon=1 img=B hr=0x00000000 dur_ms=1.7
2026-10-03T12:11:09.849+08:00 SET cycle=273 mon=1 img=A hr=0x00000000 dur_ms=1.6
2026-10-03T12:11:19.817+08:00 SET cycle=274 mon=1 img=B hr=0x00000000 dur_ms=1.9
2026-10-03T12:11:29.776+08:00 SET cycle=275 mon=1 img=A hr=0x00000000 dur_ms=1.8
2026-10-03T12:11:39.833+08:00 SET cycle=276 mon=1 img=B hr=0x00000000 dur_ms=2.0
2026-10-03T12:11:49.797+08:00 SET cycle=277 mon=1 img=A hr=0x00000000 dur_ms=1.9
2026-10-03T12:11:59.857+08:00 SET cycle=278 mon=1 img=B hr=0x00000000 dur_ms=1.9
2026-10-03T12:12:09.816+08:00 SET cycle=279 mon=1 img=A hr=0x00000000 dur_ms=1.6
2026-10-03T12:12:19.783+08:00 SET cycle=280 mon=1 img=B hr=0x00000000 dur_ms=1.9
2026-10-03T12:12:29.843+08:00 SET cycle=281 mon=1 img=A hr=0x00000000 dur_ms=2.0
2026-10-03T12:12:39.813+08:00 SET cycle=282 mon=1 img=B hr=0x00000000 dur_ms=1.9
2026-10-03T12:12:49.777+08:00 SET cycle=283 mon=1 img=A hr=0x00000000 dur_ms=1.5
2026-10-03T12:12:59.847+08:00 SET cycle=284 mon=1 img=B hr=0x00000000 dur_ms=1.8
2026-10-03T12:13:09.808+08:00 SET cycle=285 mon=1 img=A hr=0x00000000 dur_ms=1.3
2026-10-03T12:13:19.780+08:00 SET cycle=286 mon=1 img=B hr=0x00000000 dur_ms=2.2
2026-10-03T12:13:29.837+08:00 SET cycle=287 mon=1 img=A hr=0x00000000 dur_ms=2.1
2026-10-03T12:13:39.793+08:00 SET cycle=288 mon=1 img=B hr=0x00000000 dur_ms=1.4
2026-10-03T12:13:49.850+08:00 SET cycle=289 mon=1 img=A hr=0x00000000 dur_ms=1.3
2026-10-03T12:13:59.819+08:00 SET cycle=290 mon=1 img=B hr=0x00000000 dur_ms=2.3
2026-10-03T12:14:09.778+08:00 SET cycle=291 mon=1 img=A hr=0x00000000 dur_ms=1.8
2026-10-03T12:14:19.836+08:00 SET cycle=292 mon=1 img=B hr=0x00000000 dur_ms=1.5
2026-10-03T12:14:29.806+08:00 SET cycle=293 mon=1 img=A hr=0x00000000 dur_ms=1.7
2026-10-03T12:14:39.874+08:00 SET cycle=294 mon=1 img=B hr=0x00000000 dur_ms=1.7
2026-10-03T12:14:49.836+08:00 SET cycle=295 mon=1 img=A hr=0x00000000 dur_ms=1.6
2026-10-03T12:14:59.792+08:00 SET cycle=296 mon=1 img=B hr=0x00000000 dur_ms=1.4
2026-10-03T12:15:09.855+08:00 SET cycle=297 mon=1 img=A hr=0x00000000 dur_ms=1.7
2026-10-03T12:15:19.816+08:00 SET cycle=298 mon=1 img=B hr=0x00000000 dur_ms=1.7
2026-10-03T12:15:29.789+08:00 SET cycle=299 mon=1 img=A hr=0x00000000 dur_ms=2.1
2026-10-03T12:15:39.862+08:00 SET cycle=300 mon=1 img=B hr=0x00000000 dur_ms=1.7
2026-10-03T12:15:49.832+08:00 SET cycle=301 mon=1 img=A hr=0x00000000 dur_ms=2.2
2026-10-03T12:15:59.798+08:00 SET cycle=302 mon=1 img=B hr=0x00000000 dur_ms=1.9
2026-10-03T12:16:09.868+08:00 SET cycle=303 mon=1 img=A hr=0x00000000 dur_ms=1.3
2026-10-03T12:16:19.827+08:00 SET cycle=304 mon=1 img=B hr=0x00000000 dur_ms=1.6
2026-10-03T12:16:29.797+08:00 SET cycle=305 mon=1 img=A hr=0x00000000 dur_ms=1.5
2026-10-03T12:16:39.866+08:00 SET cycle=306 mon=1 img=B hr=0x00000000 dur_ms=1.2
2026-10-03T12:16:49.837+08:00 SET cycle=307 mon=1 img=A hr=0x00000000 dur_ms=2.0
2026-10-03T12:16:59.816+08:00 SET cycle=308 mon=1 img=B hr=0x00000000 dur_ms=2.6
2026-10-03T12:17:09.796+08:00 SET cycle=309 mon=1 img=A hr=0x00000000 dur_ms=1.5
2026-10-03T12:17:19.800+08:00 SET cycle=310 mon=1 img=B hr=0x00000000 dur_ms=2.7
2026-10-03T12:17:29.839+08:00 SET cycle=311 mon=1 img=A hr=0x00000000 dur_ms=1.9
2026-10-03T12:17:39.803+08:00 SET cycle=312 mon=1 img=B hr=0x00000000 dur_ms=1.7
2026-10-03T12:17:49.870+08:00 SET cycle=313 mon=1 img=A hr=0x00000000 dur_ms=1.4
2026-10-03T12:17:59.848+08:00 SET cycle=314 mon=1 img=B hr=0x00000000 dur_ms=1.8
2026-10-03T12:18:09.817+08:00 SET cycle=315 mon=1 img=A hr=0x00000000 dur_ms=1.7
2026-10-03T12:18:19.790+08:00 SET cycle=316 mon=1 img=B hr=0x00000000 dur_ms=1.8
2026-10-03T12:18:29.849+08:00 SET cycle=317 mon=1 img=A hr=0x00000000 dur_ms=2.3
2026-10-03T12:18:39.812+08:00 SET cycle=318 mon=1 img=B hr=0x00000000 dur_ms=2.0
2026-10-03T12:18:49.782+08:00 SET cycle=319 mon=1 img=A hr=0x00000000 dur_ms=1.6
2026-10-03T12:18:59.841+08:00 SET cycle=320 mon=1 img=B hr=0x00000000 dur_ms=2.4
2026-10-03T12:19:09.815+08:00 SET cycle=321 mon=1 img=A hr=0x00000000 dur_ms=1.8
2026-10-03T12:19:19.794+08:00 SET cycle=322 mon=1 img=B hr=0x00000000 dur_ms=2.9
2026-10-03T12:19:29.861+08:00 SET cycle=323 mon=1 img=A hr=0x00000000 dur_ms=2.2
2026-10-03T12:19:39.827+08:00 SET cycle=324 mon=1 img=B hr=0x00000000 dur_ms=1.8
2026-10-03T12:19:49.793+08:00 SET cycle=325 mon=1 img=A hr=0x00000000 dur_ms=1.2
2026-10-03T12:19:59.859+08:00 SET cycle=326 mon=1 img=B hr=0x00000000 dur_ms=1.8
2026-10-03T12:20:09.822+08:00 SET cycle=327 mon=1 img=A hr=0x00000000 dur_ms=2.1
2026-10-03T12:20:19.821+08:00 SET cycle=328 mon=1 img=B hr=0x00000000 dur_ms=1.6
2026-10-03T12:20:29.780+08:00 SET cycle=329 mon=1 img=A hr=0x00000000 dur_ms=2.8
2026-10-03T12:20:39.849+08:00 SET cycle=330 mon=1 img=B hr=0x00000000 dur_ms=1.6
2026-10-03T12:20:49.815+08:00 SET cycle=331 mon=1 img=A hr=0x00000000 dur_ms=1.8
2026-10-03T12:20:59.787+08:00 SET cycle=332 mon=1 img=B hr=0x00000000 dur_ms=1.8
2026-10-03T12:21:09.867+08:00 SET cycle=333 mon=1 img=A hr=0x00000000 dur_ms=2.4
2026-10-03T12:21:19.839+08:00 SET cycle=334 mon=1 img=B hr=0x00000000 dur_ms=1.7
2026-10-03T12:21:29.803+08:00 SET cycle=335 mon=1 img=A hr=0x00000000 dur_ms=2.1
2026-10-03T12:21:39.879+08:00 SET cycle=336 mon=1 img=B hr=0x00000000 dur_ms=2.1
2026-10-03T12:21:49.849+08:00 SET cycle=337 mon=1 img=A hr=0x00000000 dur_ms=1.6
2026-10-03T12:21:59.805+08:00 SET cycle=338 mon=1 img=B hr=0x00000000 dur_ms=1.4
2026-10-03T12:22:09.875+08:00 SET cycle=339 mon=1 img=A hr=0x00000000 dur_ms=2.1
2026-10-03T12:22:19.838+08:00 SET cycle=340 mon=1 img=B hr=0x00000000 dur_ms=1.6
2026-10-03T12:22:29.807+08:00 SET cycle=341 mon=1 img=A hr=0x00000000 dur_ms=2.0
2026-10-03T12:22:39.878+08:00 SET cycle=342 mon=1 img=B hr=0x00000000 dur_ms=2.3
2026-10-03T12:22:49.854+08:00 SET cycle=343 mon=1 img=A hr=0x00000000 dur_ms=1.6
2026-10-03T12:22:59.817+08:00 SET cycle=344 mon=1 img=B hr=0x00000000 dur_ms=2.1
2026-10-03T12:23:09.787+08:00 SET cycle=345 mon=1 img=A hr=0x00000000 dur_ms=1.8
2026-10-03T12:23:19.847+08:00 SET cycle=346 mon=1 img=B hr=0x00000000 dur_ms=1.3
2026-10-03T12:23:29.812+08:00 SET cycle=347 mon=1 img=A hr=0x00000000 dur_ms=2.3
2026-10-03T12:23:39.781+08:00 SET cycle=348 mon=1 img=B hr=0x00000000 dur_ms=1.7
2026-10-03T12:23:49.854+08:00 SET cycle=349 mon=1 img=A hr=0x00000000 dur_ms=2.1
2026-10-03T12:23:59.819+08:00 SET cycle=350 mon=1 img=B hr=0x00000000 dur_ms=2.5
2026-10-03T12:24:09.791+08:00 SET cycle=351 mon=1 img=A hr=0x00000000 dur_ms=1.5
2026-10-03T12:24:19.847+08:00 SET cycle=352 mon=1 img=B hr=0x00000000 dur_ms=1.5
2026-10-03T12:24:29.814+08:00 SET cycle=353 mon=1 img=A hr=0x00000000 dur_ms=1.7
2026-10-03T12:24:39.878+08:00 SET cycle=354 mon=1 img=B hr=0x00000000 dur_ms=2.0
2026-10-03T12:24:49.846+08:00 SET cycle=355 mon=1 img=A hr=0x00000000 dur_ms=1.4
2026-10-03T12:24:59.810+08:00 SET cycle=356 mon=1 img=B hr=0x00000000 dur_ms=1.3
2026-10-03T12:25:09.781+08:00 SET cycle=357 mon=1 img=A hr=0x00000000 dur_ms=1.7
2026-10-03T12:25:19.843+08:00 SET cycle=358 mon=1 img=B hr=0x00000000 dur_ms=1.9
2026-10-03T12:25:29.805+08:00 SET cycle=359 mon=1 img=A hr=0x00000000 dur_ms=1.4
2026-10-03T12:25:39.874+08:00 SET cycle=360 mon=1 img=B hr=0x00000000 dur_ms=1.6
2026-10-03T12:25:49.843+08:00 SET cycle=361 mon=1 img=A hr=0x00000000 dur_ms=2.1
2026-10-03T12:25:59.810+08:00 SET cycle=362 mon=1 img=B hr=0x00000000 dur_ms=1.4
2026-10-03T12:26:09.784+08:00 SET cycle=363 mon=1 img=A hr=0x00000000 dur_ms=1.6
2026-10-03T12:26:19.860+08:00 SET cycle=364 mon=1 img=B hr=0x00000000 dur_ms=6.8
2026-10-03T12:26:29.830+08:00 SET cycle=365 mon=1 img=A hr=0x00000000 dur_ms=1.9
2026-10-03T12:26:39.797+08:00 SET cycle=366 mon=1 img=B hr=0x00000000 dur_ms=1.8
2026-10-03T12:26:49.869+08:00 SET cycle=367 mon=1 img=A hr=0x00000000 dur_ms=2.3
2026-10-03T12:26:59.828+08:00 SET cycle=368 mon=1 img=B hr=0x00000000 dur_ms=1.6
2026-10-03T12:27:09.796+08:00 SET cycle=369 mon=1 img=A hr=0x00000000 dur_ms=1.9
2026-10-03T12:27:19.869+08:00 SET cycle=370 mon=1 img=B hr=0x00000000 dur_ms=1.7
2026-10-03T12:27:29.824+08:00 SET cycle=371 mon=1 img=A hr=0x00000000 dur_ms=1.7
2026-10-03T12:27:39.787+08:00 SET cycle=372 mon=1 img=B hr=0x00000000 dur_ms=2.4
2026-10-03T12:27:49.845+08:00 SET cycle=373 mon=1 img=A hr=0x00000000 dur_ms=1.8
2026-10-03T12:27:59.818+08:00 SET cycle=374 mon=1 img=B hr=0x00000000 dur_ms=2.2
2026-10-03T12:28:09.785+08:00 SET cycle=375 mon=1 img=A hr=0x00000000 dur_ms=1.7
2026-10-03T12:28:19.851+08:00 SET cycle=376 mon=1 img=B hr=0x00000000 dur_ms=1.9
2026-10-03T12:28:29.820+08:00 SET cycle=377 mon=1 img=A hr=0x00000000 dur_ms=1.4
2026-10-03T12:28:39.786+08:00 SET cycle=378 mon=1 img=B hr=0x00000000 dur_ms=1.4
2026-10-03T12:28:49.857+08:00 SET cycle=379 mon=1 img=A hr=0x00000000 dur_ms=2.1
2026-10-03T12:28:59.818+08:00 SET cycle=380 mon=1 img=B hr=0x00000000 dur_ms=1.6
2026-10-03T12:29:09.788+08:00 SET cycle=381 mon=1 img=A hr=0x00000000 dur_ms=2.0
2026-10-03T12:29:19.867+08:00 SET cycle=382 mon=1 img=B hr=0x00000000 dur_ms=1.9
2026-10-03T12:29:29.854+08:00 SET cycle=383 mon=1 img=A hr=0x00000000 dur_ms=3.1
2026-10-03T12:29:39.824+08:00 SET cycle=384 mon=1 img=B hr=0x00000000 dur_ms=3.6
2026-10-03T12:29:49.796+08:00 SET cycle=385 mon=1 img=A hr=0x00000000 dur_ms=1.7
2026-10-03T12:29:59.859+08:00 SET cycle=386 mon=1 img=B hr=0x00000000 dur_ms=1.4
2026-10-03T12:30:09.831+08:00 SET cycle=387 mon=1 img=A hr=0x00000000 dur_ms=1.8
2026-10-03T12:30:19.793+08:00 SET cycle=388 mon=1 img=B hr=0x00000000 dur_ms=1.6
2026-10-03T12:30:29.877+08:00 SET cycle=389 mon=1 img=A hr=0x00000000 dur_ms=2.0
2026-10-03T12:30:39.838+08:00 SET cycle=390 mon=1 img=B hr=0x00000000 dur_ms=1.9
2026-10-03T12:30:49.814+08:00 SET cycle=391 mon=1 img=A hr=0x00000000 dur_ms=1.8
2026-10-03T12:30:59.862+08:00 SET cycle=392 mon=1 img=B hr=0x00000000 dur_ms=6.0
2026-10-03T12:31:09.822+08:00 SET cycle=393 mon=1 img=A hr=0x00000000 dur_ms=2.7
2026-10-03T12:31:19.805+08:00 SET cycle=394 mon=1 img=B hr=0x00000000 dur_ms=2.0
2026-10-03T12:31:29.874+08:00 SET cycle=395 mon=1 img=A hr=0x00000000 dur_ms=2.2
2026-10-03T12:31:39.852+08:00 SET cycle=396 mon=1 img=B hr=0x00000000 dur_ms=2.4
2026-10-03T12:31:49.841+08:00 SET cycle=397 mon=1 img=A hr=0x00000000 dur_ms=1.7
2026-10-03T12:31:59.808+08:00 SET cycle=398 mon=1 img=B hr=0x00000000 dur_ms=1.9
2026-10-03T12:32:09.875+08:00 SET cycle=399 mon=1 img=A hr=0x00000000 dur_ms=1.7
2026-10-03T12:32:19.834+08:00 SET cycle=400 mon=1 img=B hr=0x00000000 dur_ms=1.9
2026-10-03T12:32:29.803+08:00 SET cycle=401 mon=1 img=A hr=0x00000000 dur_ms=1.8
2026-10-03T12:32:39.874+08:00 SET cycle=402 mon=1 img=B hr=0x00000000 dur_ms=2.0
2026-10-03T12:32:49.844+08:00 SET cycle=403 mon=1 img=A hr=0x00000000 dur_ms=1.9
2026-10-03T12:32:59.810+08:00 SET cycle=404 mon=1 img=B hr=0x00000000 dur_ms=2.1
2026-10-03T12:33:09.787+08:00 SET cycle=405 mon=1 img=A hr=0x00000000 dur_ms=2.4
2026-10-03T12:33:19.857+08:00 SET cycle=406 mon=1 img=B hr=0x00000000 dur_ms=1.6
2026-10-03T12:33:29.827+08:00 SET cycle=407 mon=1 img=A hr=0x00000000 dur_ms=2.4
2026-10-03T12:33:39.788+08:00 SET cycle=408 mon=1 img=B hr=0x00000000 dur_ms=2.5
2026-10-03T12:33:49.878+08:00 SET cycle=409 mon=1 img=A hr=0x00000000 dur_ms=2.2
2026-10-03T12:33:59.849+08:00 SET cycle=410 mon=1 img=B hr=0x00000000 dur_ms=2.1
2026-10-03T12:34:09.814+08:00 SET cycle=411 mon=1 img=A hr=0x00000000 dur_ms=2.0
2026-10-03T12:34:19.876+08:00 SET cycle=412 mon=1 img=B hr=0x00000000 dur_ms=1.5
2026-10-03T12:34:29.849+08:00 SET cycle=413 mon=1 img=A hr=0x00000000 dur_ms=1.6
2026-10-03T12:34:39.820+08:00 SET cycle=414 mon=1 img=B hr=0x00000000 dur_ms=2.3
2026-10-03T12:34:49.785+08:00 SET cycle=415 mon=1 img=A hr=0x00000000 dur_ms=2.1
2026-10-03T12:34:59.848+08:00 SET cycle=416 mon=1 img=B hr=0x00000000 dur_ms=1.7
2026-10-03T12:35:09.822+08:00 SET cycle=417 mon=1 img=A hr=0x00000000 dur_ms=2.0
2026-10-03T12:35:19.791+08:00 SET cycle=418 mon=1 img=B hr=0x00000000 dur_ms=2.0
2026-10-03T12:35:29.864+08:00 SET cycle=419 mon=1 img=A hr=0x00000000 dur_ms=1.4
2026-10-03T12:35:39.834+08:00 SET cycle=420 mon=1 img=B hr=0x00000000 dur_ms=1.4
2026-10-03T12:35:49.827+08:00 SET cycle=421 mon=1 img=A hr=0x00000000 dur_ms=1.8
2026-10-03T12:35:59.792+08:00 SET cycle=422 mon=1 img=B hr=0x00000000 dur_ms=1.6
2026-10-03T12:36:09.857+08:00 SET cycle=423 mon=1 img=A hr=0x00000000 dur_ms=1.7
2026-10-03T12:36:19.827+08:00 SET cycle=424 mon=1 img=B hr=0x00000000 dur_ms=1.6
2026-10-03T12:36:29.795+08:00 SET cycle=425 mon=1 img=A hr=0x00000000 dur_ms=1.7
2026-10-03T12:36:39.862+08:00 SET cycle=426 mon=1 img=B hr=0x00000000 dur_ms=2.0
2026-10-03T12:36:49.829+08:00 SET cycle=427 mon=1 img=A hr=0x00000000 dur_ms=1.6
2026-10-03T12:36:59.803+08:00 SET cycle=428 mon=1 img=B hr=0x00000000 dur_ms=1.7
2026-10-03T12:37:09.878+08:00 SET cycle=429 mon=1 img=A hr=0x00000000 dur_ms=1.9
2026-10-03T12:37:19.909+08:00 SET cycle=430 mon=1 img=B hr=0x00000000 dur_ms=6.3
2026-10-03T12:37:29.842+08:00 SET cycle=431 mon=1 img=A hr=0x00000000 dur_ms=2.3
2026-10-03T12:37:39.825+08:00 SET cycle=432 mon=1 img=B hr=0x00000000 dur_ms=1.9
2026-10-03T12:37:49.798+08:00 SET cycle=433 mon=1 img=A hr=0x00000000 dur_ms=1.6
2026-10-03T12:37:59.868+08:00 SET cycle=434 mon=1 img=B hr=0x00000000 dur_ms=1.7
2026-10-03T12:38:09.834+08:00 SET cycle=435 mon=1 img=A hr=0x00000000 dur_ms=1.8
2026-10-03T12:38:19.798+08:00 SET cycle=436 mon=1 img=B hr=0x00000000 dur_ms=1.9
2026-10-03T12:38:29.865+08:00 SET cycle=437 mon=1 img=A hr=0x00000000 dur_ms=1.7
2026-10-03T12:38:39.832+08:00 SET cycle=438 mon=1 img=B hr=0x00000000 dur_ms=2.0
2026-10-03T12:38:49.800+08:00 SET cycle=439 mon=1 img=A hr=0x00000000 dur_ms=1.9
2026-10-03T12:38:59.868+08:00 SET cycle=440 mon=1 img=B hr=0x00000000 dur_ms=1.9
2026-10-03T12:39:09.839+08:00 SET cycle=441 mon=1 img=A hr=0x00000000 dur_ms=1.5
2026-10-03T12:39:19.801+08:00 SET cycle=442 mon=1 img=B hr=0x00000000 dur_ms=1.7
2026-10-03T12:39:29.873+08:00 SET cycle=443 mon=1 img=A hr=0x00000000 dur_ms=2.6
2026-10-03T12:39:39.842+08:00 SET cycle=444 mon=1 img=B hr=0x00000000 dur_ms=1.6
2026-10-03T12:39:49.807+08:00 SET cycle=445 mon=1 img=A hr=0x00000000 dur_ms=1.8
2026-10-03T12:39:59.878+08:00 SET cycle=446 mon=1 img=B hr=0x00000000 dur_ms=2.1
2026-10-03T12:40:09.840+08:00 SET cycle=447 mon=1 img=A hr=0x00000000 dur_ms=1.6
2026-10-03T12:40:19.811+08:00 SET cycle=448 mon=1 img=B hr=0x00000000 dur_ms=1.9
2026-10-03T12:40:29.881+08:00 SET cycle=449 mon=1 img=A hr=0x00000000 dur_ms=1.6
2026-10-03T12:40:39.853+08:00 SET cycle=450 mon=1 img=B hr=0x00000000 dur_ms=1.6
2026-10-03T12:40:49.825+08:00 SET cycle=451 mon=1 img=A hr=0x00000000 dur_ms=1.5
2026-10-03T12:40:59.788+08:00 SET cycle=452 mon=1 img=B hr=0x00000000 dur_ms=2.2
2026-10-03T12:41:09.855+08:00 SET cycle=453 mon=1 img=A hr=0x00000000 dur_ms=2.0
2026-10-03T12:41:19.821+08:00 SET cycle=454 mon=1 img=B hr=0x00000000 dur_ms=1.8
2026-10-03T12:41:29.879+08:00 SET cycle=455 mon=1 img=A hr=0x00000000 dur_ms=2.7
2026-10-03T12:41:39.847+08:00 SET cycle=456 mon=1 img=B hr=0x00000000 dur_ms=1.9
2026-10-03T12:41:49.806+08:00 SET cycle=457 mon=1 img=A hr=0x00000000 dur_ms=1.7
2026-10-03T12:41:59.865+08:00 SET cycle=458 mon=1 img=B hr=0x00000000 dur_ms=1.6
2026-10-03T12:42:09.832+08:00 SET cycle=459 mon=1 img=A hr=0x00000000 dur_ms=2.0
2026-10-03T12:42:19.801+08:00 SET cycle=460 mon=1 img=B hr=0x00000000 dur_ms=2.0
2026-10-03T12:42:29.873+08:00 SET cycle=461 mon=1 img=A hr=0x00000000 dur_ms=1.7
2026-10-03T12:42:39.838+08:00 SET cycle=462 mon=1 img=B hr=0x00000000 dur_ms=1.6
2026-10-03T12:42:49.815+08:00 SET cycle=463 mon=1 img=A hr=0x00000000 dur_ms=1.4
2026-10-03T12:42:59.785+08:00 SET cycle=464 mon=1 img=B hr=0x00000000 dur_ms=2.0
2026-10-03T12:43:09.848+08:00 SET cycle=465 mon=1 img=A hr=0x00000000 dur_ms=1.7
2026-10-03T12:43:19.817+08:00 SET cycle=466 mon=1 img=B hr=0x00000000 dur_ms=1.7
2026-10-03T12:43:29.881+08:00 SET cycle=467 mon=1 img=A hr=0x00000000 dur_ms=1.5
2026-10-03T12:43:39.839+08:00 SET cycle=468 mon=1 img=B hr=0x00000000 dur_ms=1.7
2026-10-03T12:43:49.811+08:00 SET cycle=469 mon=1 img=A hr=0x00000000 dur_ms=1.4
2026-10-03T12:43:59.880+08:00 SET cycle=470 mon=1 img=B hr=0x00000000 dur_ms=1.5
2026-10-03T12:44:09.849+08:00 SET cycle=471 mon=1 img=A hr=0x00000000 dur_ms=1.8
2026-10-03T12:44:19.818+08:00 SET cycle=472 mon=1 img=B hr=0x00000000 dur_ms=1.9
2026-10-03T12:44:29.786+08:00 SET cycle=473 mon=1 img=A hr=0x00000000 dur_ms=1.6
2026-10-03T12:44:39.856+08:00 SET cycle=474 mon=1 img=B hr=0x00000000 dur_ms=2.1
2026-10-03T12:44:49.814+08:00 SET cycle=475 mon=1 img=A hr=0x00000000 dur_ms=1.8
2026-10-03T12:44:59.787+08:00 SET cycle=476 mon=1 img=B hr=0x00000000 dur_ms=2.2
2026-10-03T12:45:09.793+08:00 SET cycle=477 mon=1 img=A hr=0x00000000 dur_ms=1.5
2026-10-03T12:45:19.862+08:00 SET cycle=478 mon=1 img=B hr=0x00000000 dur_ms=1.4
2026-10-03T12:45:29.831+08:00 SET cycle=479 mon=1 img=A hr=0x00000000 dur_ms=1.5
2026-10-03T12:45:39.803+08:00 SET cycle=480 mon=1 img=B hr=0x00000000 dur_ms=2.1
2026-10-03T12:45:49.870+08:00 SET cycle=481 mon=1 img=A hr=0x00000000 dur_ms=2.1
2026-10-03T12:45:59.840+08:00 SET cycle=482 mon=1 img=B hr=0x00000000 dur_ms=1.9
2026-10-03T12:46:09.807+08:00 SET cycle=483 mon=1 img=A hr=0x00000000 dur_ms=2.1
2026-10-03T12:46:19.880+08:00 SET cycle=484 mon=1 img=B hr=0x00000000 dur_ms=1.6
2026-10-03T12:46:29.850+08:00 SET cycle=485 mon=1 img=A hr=0x00000000 dur_ms=1.4
2026-10-03T12:46:39.815+08:00 SET cycle=486 mon=1 img=B hr=0x00000000 dur_ms=1.9
2026-10-03T12:46:49.784+08:00 SET cycle=487 mon=1 img=A hr=0x00000000 dur_ms=1.5
2026-10-03T12:46:59.852+08:00 SET cycle=488 mon=1 img=B hr=0x00000000 dur_ms=2.2
2026-10-03T12:47:09.824+08:00 SET cycle=489 mon=1 img=A hr=0x00000000 dur_ms=1.3
2026-10-03T12:47:19.789+08:00 SET cycle=490 mon=1 img=B hr=0x00000000 dur_ms=1.5
2026-10-03T12:47:29.859+08:00 SET cycle=491 mon=1 img=A hr=0x00000000 dur_ms=1.6
2026-10-03T12:47:39.822+08:00 SET cycle=492 mon=1 img=B hr=0x00000000 dur_ms=1.8
2026-10-03T12:47:49.788+08:00 SET cycle=493 mon=1 img=A hr=0x00000000 dur_ms=2.2
2026-10-03T12:47:59.852+08:00 SET cycle=494 mon=1 img=B hr=0x00000000 dur_ms=2.1
2026-10-03T12:48:09.822+08:00 SET cycle=495 mon=1 img=A hr=0x00000000 dur_ms=1.9
2026-10-03T12:48:19.789+08:00 SET cycle=496 mon=1 img=B hr=0x00000000 dur_ms=2.1
2026-10-03T12:48:29.860+08:00 SET cycle=497 mon=1 img=A hr=0x00000000 dur_ms=2.1
2026-10-03T12:48:39.823+08:00 SET cycle=498 mon=1 img=B hr=0x00000000 dur_ms=1.9
2026-10-03T12:48:49.784+08:00 SET cycle=499 mon=1 img=A hr=0x00000000 dur_ms=1.6
2026-10-03T12:48:59.859+08:00 SET cycle=500 mon=1 img=B hr=0x00000000 dur_ms=1.8
2026-10-03T12:49:09.830+08:00 SET cycle=501 mon=1 img=A hr=0x00000000 dur_ms=2.1
2026-10-03T12:49:19.793+08:00 SET cycle=502 mon=1 img=B hr=0x00000000 dur_ms=1.6
2026-10-03T12:49:29.866+08:00 SET cycle=503 mon=1 img=A hr=0x00000000 dur_ms=2.0
2026-10-03T12:49:39.831+08:00 SET cycle=504 mon=1 img=B hr=0x00000000 dur_ms=2.1
2026-10-03T12:49:49.803+08:00 SET cycle=505 mon=1 img=A hr=0x00000000 dur_ms=2.2
2026-10-03T12:49:59.861+08:00 SET cycle=506 mon=1 img=B hr=0x00000000 dur_ms=2.2
2026-10-03T12:50:09.818+08:00 SET cycle=507 mon=1 img=A hr=0x00000000 dur_ms=1.6
2026-10-03T12:50:19.791+08:00 SET cycle=508 mon=1 img=B hr=0x00000000 dur_ms=1.3
2026-10-03T12:50:29.855+08:00 SET cycle=509 mon=1 img=A hr=0x00000000 dur_ms=2.3
2026-10-03T12:50:39.810+08:00 SET cycle=510 mon=1 img=B hr=0x00000000 dur_ms=2.4
2026-10-03T12:50:49.877+08:00 SET cycle=511 mon=1 img=A hr=0x00000000 dur_ms=2.5
2026-10-03T12:50:59.849+08:00 SET cycle=512 mon=1 img=B hr=0x00000000 dur_ms=2.0
2026-10-03T12:51:09.810+08:00 SET cycle=513 mon=1 img=A hr=0x00000000 dur_ms=1.9
2026-10-03T12:51:19.879+08:00 SET cycle=514 mon=1 img=B hr=0x00000000 dur_ms=1.5
2026-10-03T12:51:29.844+08:00 SET cycle=515 mon=1 img=A hr=0x00000000 dur_ms=2.4
2026-10-03T12:51:39.818+08:00 SET cycle=516 mon=1 img=B hr=0x00000000 dur_ms=2.5
2026-10-03T12:51:49.786+08:00 SET cycle=517 mon=1 img=A hr=0x00000000 dur_ms=2.2
2026-10-03T12:51:59.849+08:00 SET cycle=518 mon=1 img=B hr=0x00000000 dur_ms=1.7
2026-10-03T12:52:09.824+08:00 SET cycle=519 mon=1 img=A hr=0x00000000 dur_ms=2.6
2026-10-03T12:52:19.793+08:00 SET cycle=520 mon=1 img=B hr=0x00000000 dur_ms=1.9
2026-10-03T12:52:29.856+08:00 SET cycle=521 mon=1 img=A hr=0x00000000 dur_ms=2.0
2026-10-03T12:52:39.826+08:00 SET cycle=522 mon=1 img=B hr=0x00000000 dur_ms=2.1
2026-10-03T12:52:49.838+08:00 SET cycle=523 mon=1 img=A hr=0x00000000 dur_ms=1.8
2026-10-03T12:52:59.811+08:00 SET cycle=524 mon=1 img=B hr=0x00000000 dur_ms=1.7
2026-10-03T12:53:09.878+08:00 SET cycle=525 mon=1 img=A hr=0x00000000 dur_ms=1.8
2026-10-03T12:53:19.849+08:00 SET cycle=526 mon=1 img=B hr=0x00000000 dur_ms=1.8
2026-10-03T12:53:29.818+08:00 SET cycle=527 mon=1 img=A hr=0x00000000 dur_ms=1.7
2026-10-03T12:53:39.807+08:00 SET cycle=528 mon=1 img=B hr=0x00000000 dur_ms=2.0
2026-10-03T12:53:49.879+08:00 SET cycle=529 mon=1 img=A hr=0x00000000 dur_ms=1.7
2026-10-03T12:53:59.861+08:00 SET cycle=530 mon=1 img=B hr=0x00000000 dur_ms=2.7
2026-10-03T12:54:09.794+08:00 SET cycle=531 mon=1 img=A hr=0x00000000 dur_ms=2.4
2026-10-03T12:54:19.873+08:00 SET cycle=532 mon=1 img=B hr=0x00000000 dur_ms=2.7
2026-10-03T12:54:29.836+08:00 SET cycle=533 mon=1 img=A hr=0x00000000 dur_ms=1.9
2026-10-03T12:54:39.799+08:00 SET cycle=534 mon=1 img=B hr=0x00000000 dur_ms=2.6
2026-10-03T12:54:49.869+08:00 SET cycle=535 mon=1 img=A hr=0x00000000 dur_ms=2.0
2026-10-03T12:54:59.838+08:00 SET cycle=536 mon=1 img=B hr=0x00000000 dur_ms=2.6
2026-10-03T12:55:09.804+08:00 SET cycle=537 mon=1 img=A hr=0x00000000 dur_ms=1.4
2026-10-03T12:55:19.874+08:00 SET cycle=538 mon=1 img=B hr=0x00000000 dur_ms=2.0
2026-10-03T12:55:29.847+08:00 SET cycle=539 mon=1 img=A hr=0x00000000 dur_ms=1.4
2026-10-03T12:55:39.815+08:00 SET cycle=540 mon=1 img=B hr=0x00000000 dur_ms=1.3
2026-10-03T12:55:49.787+08:00 SET cycle=541 mon=1 img=A hr=0x00000000 dur_ms=2.0
2026-10-03T12:55:59.859+08:00 SET cycle=542 mon=1 img=B hr=0x00000000 dur_ms=1.7
2026-10-03T12:56:09.829+08:00 SET cycle=543 mon=1 img=A hr=0x00000000 dur_ms=2.0
2026-10-03T12:56:19.802+08:00 SET cycle=544 mon=1 img=B hr=0x00000000 dur_ms=1.4
2026-10-03T12:56:29.862+08:00 SET cycle=545 mon=1 img=A hr=0x00000000 dur_ms=1.9
2026-10-03T12:56:39.830+08:00 SET cycle=546 mon=1 img=B hr=0x00000000 dur_ms=1.9
2026-10-03T12:56:49.804+08:00 SET cycle=547 mon=1 img=A hr=0x00000000 dur_ms=1.6
2026-10-03T12:56:59.877+08:00 SET cycle=548 mon=1 img=B hr=0x00000000 dur_ms=1.3
2026-10-03T12:57:09.851+08:00 SET cycle=549 mon=1 img=A hr=0x00000000 dur_ms=1.8
2026-10-03T12:57:19.825+08:00 SET cycle=550 mon=1 img=B hr=0x00000000 dur_ms=2.1
2026-10-03T12:57:29.790+08:00 SET cycle=551 mon=1 img=A hr=0x00000000 dur_ms=1.8
2026-10-03T12:57:39.856+08:00 SET cycle=552 mon=1 img=B hr=0x00000000 dur_ms=2.3
2026-10-03T12:57:49.824+08:00 SET cycle=553 mon=1 img=A hr=0x00000000 dur_ms=1.8
2026-10-03T12:57:59.883+08:00 SET cycle=554 mon=1 img=B hr=0x00000000 dur_ms=1.4
2026-10-03T12:58:09.854+08:00 SET cycle=555 mon=1 img=A hr=0x00000000 dur_ms=2.1
2026-10-03T12:58:19.818+08:00 SET cycle=556 mon=1 img=B hr=0x00000000 dur_ms=1.6
2026-10-03T12:58:29.789+08:00 SET cycle=557 mon=1 img=A hr=0x00000000 dur_ms=1.7
2026-10-03T12:58:39.848+08:00 SET cycle=558 mon=1 img=B hr=0x00000000 dur_ms=1.7
2026-10-03T12:58:49.821+08:00 SET cycle=559 mon=1 img=A hr=0x00000000 dur_ms=1.8
2026-10-03T12:58:59.793+08:00 SET cycle=560 mon=1 img=B hr=0x00000000 dur_ms=1.6
2026-10-03T12:59:09.866+08:00 SET cycle=561 mon=1 img=A hr=0x00000000 dur_ms=1.7
2026-10-03T12:59:19.835+08:00 SET cycle=562 mon=1 img=B hr=0x00000000 dur_ms=2.4
2026-10-03T12:59:29.805+08:00 SET cycle=563 mon=1 img=A hr=0x00000000 dur_ms=2.1
2026-10-03T12:59:39.870+08:00 SET cycle=564 mon=1 img=B hr=0x00000000 dur_ms=1.5
2026-10-03T12:59:49.828+08:00 SET cycle=565 mon=1 img=A hr=0x00000000 dur_ms=1.8
2026-10-03T12:59:59.799+08:00 SET cycle=566 mon=1 img=B hr=0x00000000 dur_ms=2.2
2026-10-03T13:00:09.876+08:00 SET cycle=567 mon=1 img=A hr=0x00000000 dur_ms=2.1
2026-10-03T13:00:19.841+08:00 SET cycle=568 mon=1 img=B hr=0x00000000 dur_ms=1.5
2026-10-03T13:00:29.799+08:00 SET cycle=569 mon=1 img=A hr=0x00000000 dur_ms=1.7
2026-10-03T13:00:39.865+08:00 SET cycle=570 mon=1 img=B hr=0x00000000 dur_ms=2.2
2026-10-03T13:00:49.833+08:00 SET cycle=571 mon=1 img=A hr=0x00000000 dur_ms=1.5
2026-10-03T13:00:59.800+08:00 SET cycle=572 mon=1 img=B hr=0x00000000 dur_ms=1.8
2026-10-03T13:01:09.871+08:00 SET cycle=573 mon=1 img=A hr=0x00000000 dur_ms=1.7
2026-10-03T13:01:19.832+08:00 SET cycle=574 mon=1 img=B hr=0x00000000 dur_ms=1.9
2026-10-03T13:01:29.806+08:00 SET cycle=575 mon=1 img=A hr=0x00000000 dur_ms=2.8
2026-10-03T13:01:39.871+08:00 SET cycle=576 mon=1 img=B hr=0x00000000 dur_ms=2.0
2026-10-03T13:01:49.837+08:00 SET cycle=577 mon=1 img=A hr=0x00000000 dur_ms=2.3
2026-10-03T13:01:59.803+08:00 SET cycle=578 mon=1 img=B hr=0x00000000 dur_ms=1.5
2026-10-03T13:02:09.864+08:00 SET cycle=579 mon=1 img=A hr=0x00000000 dur_ms=1.8
2026-10-03T13:02:19.828+08:00 SET cycle=580 mon=1 img=B hr=0x00000000 dur_ms=1.7
2026-10-03T13:02:29.790+08:00 SET cycle=581 mon=1 img=A hr=0x00000000 dur_ms=2.3
2026-10-03T13:02:39.851+08:00 SET cycle=582 mon=1 img=B hr=0x00000000 dur_ms=1.6
2026-10-03T13:02:49.814+08:00 SET cycle=583 mon=1 img=A hr=0x00000000 dur_ms=1.8
2026-10-03T13:02:59.810+08:00 SET cycle=584 mon=1 img=B hr=0x00000000 dur_ms=2.5
2026-10-03T13:03:09.874+08:00 SET cycle=585 mon=1 img=A hr=0x00000000 dur_ms=1.5
2026-10-03T13:03:19.835+08:00 SET cycle=586 mon=1 img=B hr=0x00000000 dur_ms=2.2
2026-10-03T13:03:29.808+08:00 SET cycle=587 mon=1 img=A hr=0x00000000 dur_ms=2.2
2026-10-03T13:03:39.869+08:00 SET cycle=588 mon=1 img=B hr=0x00000000 dur_ms=2.3
2026-10-03T13:03:49.827+08:00 SET cycle=589 mon=1 img=A hr=0x00000000 dur_ms=2.0
2026-10-03T13:03:59.787+08:00 SET cycle=590 mon=1 img=B hr=0x00000000 dur_ms=1.8
2026-10-03T13:04:09.852+08:00 SET cycle=591 mon=1 img=A hr=0x00000000 dur_ms=1.6
2026-10-03T13:04:19.812+08:00 SET cycle=592 mon=1 img=B hr=0x00000000 dur_ms=2.0
2026-10-03T13:04:29.870+08:00 SET cycle=593 mon=1 img=A hr=0x00000000 dur_ms=2.1
2026-10-03T13:04:39.864+08:00 SET cycle=594 mon=1 img=B hr=0x00000000 dur_ms=1.9
2026-10-03T13:04:49.838+08:00 SET cycle=595 mon=1 img=A hr=0x00000000 dur_ms=2.4
2026-10-03T13:04:59.796+08:00 SET cycle=596 mon=1 img=B hr=0x00000000 dur_ms=1.8
2026-10-03T13:05:09.871+08:00 SET cycle=597 mon=1 img=A hr=0x00000000 dur_ms=1.4
2026-10-03T13:05:19.846+08:00 SET cycle=598 mon=1 img=B hr=0x00000000 dur_ms=2.7
2026-10-03T13:05:29.816+08:00 SET cycle=599 mon=1 img=A hr=0x00000000 dur_ms=2.4
2026-10-03T13:05:39.788+08:00 SET cycle=600 mon=1 img=B hr=0x00000000 dur_ms=1.7
2026-10-03T13:05:49.858+08:00 SET cycle=601 mon=1 img=A hr=0x00000000 dur_ms=2.2
2026-10-03T13:05:59.819+08:00 SET cycle=602 mon=1 img=B hr=0x00000000 dur_ms=2.0
2026-10-03T13:06:09.791+08:00 SET cycle=603 mon=1 img=A hr=0x00000000 dur_ms=2.6
2026-10-03T13:06:19.856+08:00 SET cycle=604 mon=1 img=B hr=0x00000000 dur_ms=2.3
2026-10-03T13:06:29.818+08:00 SET cycle=605 mon=1 img=A hr=0x00000000 dur_ms=1.7
2026-10-03T13:06:39.881+08:00 SET cycle=606 mon=1 img=B hr=0x00000000 dur_ms=2.1
2026-10-03T13:06:49.848+08:00 SET cycle=607 mon=1 img=A hr=0x00000000 dur_ms=1.6
2026-10-03T13:06:59.808+08:00 SET cycle=608 mon=1 img=B hr=0x00000000 dur_ms=2.4
2026-10-03T13:07:09.871+08:00 SET cycle=609 mon=1 img=A hr=0x00000000 dur_ms=1.3
2026-10-03T13:07:19.836+08:00 SET cycle=610 mon=1 img=B hr=0x00000000 dur_ms=1.8
2026-10-03T13:07:29.807+08:00 SET cycle=611 mon=1 img=A hr=0x00000000 dur_ms=1.9
2026-10-03T13:07:39.882+08:00 SET cycle=612 mon=1 img=B hr=0x00000000 dur_ms=1.9
2026-10-03T13:07:49.849+08:00 SET cycle=613 mon=1 img=A hr=0x00000000 dur_ms=2.0
2026-10-03T13:07:59.815+08:00 SET cycle=614 mon=1 img=B hr=0x00000000 dur_ms=2.1
2026-10-03T13:08:09.880+08:00 SET cycle=615 mon=1 img=A hr=0x00000000 dur_ms=1.7
2026-10-03T13:08:19.854+08:00 SET cycle=616 mon=1 img=B hr=0x00000000 dur_ms=1.8
2026-10-03T13:08:29.814+08:00 SET cycle=617 mon=1 img=A hr=0x00000000 dur_ms=1.9
2026-10-03T13:08:39.878+08:00 SET cycle=618 mon=1 img=B hr=0x00000000 dur_ms=1.8
2026-10-03T13:08:49.849+08:00 SET cycle=619 mon=1 img=A hr=0x00000000 dur_ms=1.3
2026-10-03T13:08:59.805+08:00 SET cycle=620 mon=1 img=B hr=0x00000000 dur_ms=1.5
2026-10-03T13:09:09.871+08:00 SET cycle=621 mon=1 img=A hr=0x00000000 dur_ms=1.6
2026-10-03T13:09:19.840+08:00 SET cycle=622 mon=1 img=B hr=0x00000000 dur_ms=1.6
2026-10-03T13:09:29.803+08:00 SET cycle=623 mon=1 img=A hr=0x00000000 dur_ms=1.4
2026-10-03T13:09:39.860+08:00 SET cycle=624 mon=1 img=B hr=0x00000000 dur_ms=1.6
2026-10-03T13:09:49.823+08:00 SET cycle=625 mon=1 img=A hr=0x00000000 dur_ms=1.5
2026-10-03T13:09:59.797+08:00 SET cycle=626 mon=1 img=B hr=0x00000000 dur_ms=2.4
2026-10-03T13:10:09.858+08:00 SET cycle=627 mon=1 img=A hr=0x00000000 dur_ms=2.9
2026-10-03T13:10:19.831+08:00 SET cycle=628 mon=1 img=B hr=0x00000000 dur_ms=1.5
2026-10-03T13:10:29.801+08:00 SET cycle=629 mon=1 img=A hr=0x00000000 dur_ms=2.5
2026-10-03T13:10:39.868+08:00 SET cycle=630 mon=1 img=B hr=0x00000000 dur_ms=1.5
2026-10-03T13:10:49.831+08:00 SET cycle=631 mon=1 img=A hr=0x00000000 dur_ms=1.6
2026-10-03T13:10:59.798+08:00 SET cycle=632 mon=1 img=B hr=0x00000000 dur_ms=1.9
2026-10-03T13:11:09.874+08:00 SET cycle=633 mon=1 img=A hr=0x00000000 dur_ms=1.9
2026-10-03T13:11:19.842+08:00 SET cycle=634 mon=1 img=B hr=0x00000000 dur_ms=1.6
2026-10-03T13:11:29.811+08:00 SET cycle=635 mon=1 img=A hr=0x00000000 dur_ms=1.8
2026-10-03T13:11:39.872+08:00 SET cycle=636 mon=1 img=B hr=0x00000000 dur_ms=2.3
2026-10-03T13:11:49.842+08:00 SET cycle=637 mon=1 img=A hr=0x00000000 dur_ms=7.3
2026-10-03T13:11:59.803+08:00 SET cycle=638 mon=1 img=B hr=0x00000000 dur_ms=1.4
2026-10-03T13:12:09.864+08:00 SET cycle=639 mon=1 img=A hr=0x00000000 dur_ms=1.6
2026-10-03T13:12:19.829+08:00 SET cycle=640 mon=1 img=B hr=0x00000000 dur_ms=1.6
2026-10-03T13:12:29.794+08:00 SET cycle=641 mon=1 img=A hr=0x00000000 dur_ms=2.2
2026-10-03T13:12:39.862+08:00 SET cycle=642 mon=1 img=B hr=0x00000000 dur_ms=1.8
2026-10-03T13:12:49.833+08:00 SET cycle=643 mon=1 img=A hr=0x00000000 dur_ms=1.8
2026-10-03T13:12:59.791+08:00 SET cycle=644 mon=1 img=B hr=0x00000000 dur_ms=1.8
2026-10-03T13:13:09.861+08:00 SET cycle=645 mon=1 img=A hr=0x00000000 dur_ms=1.7
2026-10-03T13:13:19.815+08:00 SET cycle=646 mon=1 img=B hr=0x00000000 dur_ms=1.7
2026-10-03T13:13:29.872+08:00 SET cycle=647 mon=1 img=A hr=0x00000000 dur_ms=2.1
2026-10-03T13:13:39.838+08:00 SET cycle=648 mon=1 img=B hr=0x00000000 dur_ms=1.7
2026-10-03T13:13:49.810+08:00 SET cycle=649 mon=1 img=A hr=0x00000000 dur_ms=1.5
2026-10-03T13:13:59.871+08:00 SET cycle=650 mon=1 img=B hr=0x00000000 dur_ms=1.5
2026-10-03T13:14:09.843+08:00 SET cycle=651 mon=1 img=A hr=0x00000000 dur_ms=1.8
2026-10-03T13:14:19.813+08:00 SET cycle=652 mon=1 img=B hr=0x00000000 dur_ms=1.9
2026-10-03T13:14:29.873+08:00 SET cycle=653 mon=1 img=A hr=0x00000000 dur_ms=1.7
2026-10-03T13:14:39.853+08:00 SET cycle=654 mon=1 img=B hr=0x00000000 dur_ms=1.6
2026-10-03T13:14:49.809+08:00 SET cycle=655 mon=1 img=A hr=0x00000000 dur_ms=2.3
2026-10-03T13:14:59.883+08:00 SET cycle=656 mon=1 img=B hr=0x00000000 dur_ms=1.4
2026-10-03T13:15:09.851+08:00 SET cycle=657 mon=1 img=A hr=0x00000000 dur_ms=1.9
2026-10-03T13:15:19.821+08:00 SET cycle=658 mon=1 img=B hr=0x00000000 dur_ms=1.8
2026-10-03T13:15:29.789+08:00 SET cycle=659 mon=1 img=A hr=0x00000000 dur_ms=1.9
2026-10-03T13:15:39.849+08:00 SET cycle=660 mon=1 img=B hr=0x00000000 dur_ms=1.4
2026-10-03T13:15:49.817+08:00 SET cycle=661 mon=1 img=A hr=0x00000000 dur_ms=1.4
2026-10-03T13:15:59.880+08:00 SET cycle=662 mon=1 img=B hr=0x00000000 dur_ms=1.4
2026-10-03T13:16:09.846+08:00 SET cycle=663 mon=1 img=A hr=0x00000000 dur_ms=1.7
2026-10-03T13:16:19.809+08:00 SET cycle=664 mon=1 img=B hr=0x00000000 dur_ms=1.9
2026-10-03T13:16:29.881+08:00 SET cycle=665 mon=1 img=A hr=0x00000000 dur_ms=1.8
2026-10-03T13:16:39.843+08:00 SET cycle=666 mon=1 img=B hr=0x00000000 dur_ms=1.9
2026-10-03T13:16:49.814+08:00 SET cycle=667 mon=1 img=A hr=0x00000000 dur_ms=1.7
2026-10-03T13:16:59.883+08:00 SET cycle=668 mon=1 img=B hr=0x00000000 dur_ms=1.7
2026-10-03T13:17:09.848+08:00 SET cycle=669 mon=1 img=A hr=0x00000000 dur_ms=1.4
2026-10-03T13:17:19.818+08:00 SET cycle=670 mon=1 img=B hr=0x00000000 dur_ms=1.8
2026-10-03T13:17:29.786+08:00 SET cycle=671 mon=1 img=A hr=0x00000000 dur_ms=1.3
2026-10-03T13:17:39.843+08:00 SET cycle=672 mon=1 img=B hr=0x00000000 dur_ms=1.6
2026-10-03T13:17:49.803+08:00 SET cycle=673 mon=1 img=A hr=0x00000000 dur_ms=2.4
2026-10-03T13:17:59.875+08:00 SET cycle=674 mon=1 img=B hr=0x00000000 dur_ms=1.7
2026-10-03T13:18:09.841+08:00 SET cycle=675 mon=1 img=A hr=0x00000000 dur_ms=2.4
2026-10-03T13:18:19.804+08:00 SET cycle=676 mon=1 img=B hr=0x00000000 dur_ms=1.7
2026-10-03T13:18:29.870+08:00 SET cycle=677 mon=1 img=A hr=0x00000000 dur_ms=1.7
2026-10-03T13:18:39.829+08:00 SET cycle=678 mon=1 img=B hr=0x00000000 dur_ms=1.8
2026-10-03T13:18:49.803+08:00 SET cycle=679 mon=1 img=A hr=0x00000000 dur_ms=1.9
2026-10-03T13:18:59.869+08:00 SET cycle=680 mon=1 img=B hr=0x00000000 dur_ms=1.9
2026-10-03T13:19:09.834+08:00 SET cycle=681 mon=1 img=A hr=0x00000000 dur_ms=1.4
2026-10-03T13:19:19.804+08:00 SET cycle=682 mon=1 img=B hr=0x00000000 dur_ms=1.6
2026-10-03T13:19:29.865+08:00 SET cycle=683 mon=1 img=A hr=0x00000000 dur_ms=1.3
2026-10-03T13:19:39.831+08:00 SET cycle=684 mon=1 img=B hr=0x00000000 dur_ms=1.5
2026-10-03T13:19:49.800+08:00 SET cycle=685 mon=1 img=A hr=0x00000000 dur_ms=1.6
2026-10-03T13:19:59.864+08:00 SET cycle=686 mon=1 img=B hr=0x00000000 dur_ms=2.4
2026-10-03T13:20:09.837+08:00 SET cycle=687 mon=1 img=A hr=0x00000000 dur_ms=1.7
2026-10-03T13:20:19.798+08:00 SET cycle=688 mon=1 img=B hr=0x00000000 dur_ms=1.5
2026-10-03T13:20:29.870+08:00 SET cycle=689 mon=1 img=A hr=0x00000000 dur_ms=1.7
2026-10-03T13:20:39.833+08:00 SET cycle=690 mon=1 img=B hr=0x00000000 dur_ms=1.8
2026-10-03T13:20:49.806+08:00 SET cycle=691 mon=1 img=A hr=0x00000000 dur_ms=1.5
2026-10-03T13:20:59.879+08:00 SET cycle=692 mon=1 img=B hr=0x00000000 dur_ms=1.9
2026-10-03T13:21:09.849+08:00 SET cycle=693 mon=1 img=A hr=0x00000000 dur_ms=1.9
2026-10-03T13:21:19.814+08:00 SET cycle=694 mon=1 img=B hr=0x00000000 dur_ms=1.5
2026-10-03T13:21:29.885+08:00 SET cycle=695 mon=1 img=A hr=0x00000000 dur_ms=2.5
2026-10-03T13:21:39.856+08:00 SET cycle=696 mon=1 img=B hr=0x00000000 dur_ms=2.7
2026-10-03T13:21:49.831+08:00 SET cycle=697 mon=1 img=A hr=0x00000000 dur_ms=2.3
2026-10-03T13:21:59.803+08:00 SET cycle=698 mon=1 img=B hr=0x00000000 dur_ms=1.4
2026-10-03T13:22:09.868+08:00 SET cycle=699 mon=1 img=A hr=0x00000000 dur_ms=1.7
2026-10-03T13:22:19.825+08:00 SET cycle=700 mon=1 img=B hr=0x00000000 dur_ms=1.9
2026-10-03T13:22:29.795+08:00 SET cycle=701 mon=1 img=A hr=0x00000000 dur_ms=2.1
2026-10-03T13:22:39.862+08:00 SET cycle=702 mon=1 img=B hr=0x00000000 dur_ms=1.9
2026-10-03T13:22:49.830+08:00 SET cycle=703 mon=1 img=A hr=0x00000000 dur_ms=1.6
2026-10-03T13:22:59.886+08:00 SET cycle=704 mon=1 img=B hr=0x00000000 dur_ms=2.2
2026-10-03T13:23:09.847+08:00 SET cycle=705 mon=1 img=A hr=0x00000000 dur_ms=1.5
2026-10-03T13:23:19.818+08:00 SET cycle=706 mon=1 img=B hr=0x00000000 dur_ms=1.8
2026-10-03T13:23:29.879+08:00 SET cycle=707 mon=1 img=A hr=0x00000000 dur_ms=1.9
2026-10-03T13:23:39.860+08:00 SET cycle=708 mon=1 img=B hr=0x00000000 dur_ms=1.9
2026-10-03T13:23:49.824+08:00 SET cycle=709 mon=1 img=A hr=0x00000000 dur_ms=2.0
2026-10-03T13:23:59.796+08:00 SET cycle=710 mon=1 img=B hr=0x00000000 dur_ms=1.9
2026-10-03T13:24:09.868+08:00 SET cycle=711 mon=1 img=A hr=0x00000000 dur_ms=2.7
2026-10-03T13:24:19.836+08:00 SET cycle=712 mon=1 img=B hr=0x00000000 dur_ms=1.4
2026-10-03T13:24:29.801+08:00 SET cycle=713 mon=1 img=A hr=0x00000000 dur_ms=1.5
2026-10-03T13:24:39.871+08:00 SET cycle=714 mon=1 img=B hr=0x00000000 dur_ms=1.6
2026-10-03T13:24:49.841+08:00 SET cycle=715 mon=1 img=A hr=0x00000000 dur_ms=2.0
2026-10-03T13:24:59.797+08:00 SET cycle=716 mon=1 img=B hr=0x00000000 dur_ms=1.8
2026-10-03T13:25:09.874+08:00 SET cycle=717 mon=1 img=A hr=0x00000000 dur_ms=1.9
2026-10-03T13:25:19.842+08:00 SET cycle=718 mon=1 img=B hr=0x00000000 dur_ms=1.9
2026-10-03T13:25:29.798+08:00 SET cycle=719 mon=1 img=A hr=0x00000000 dur_ms=1.6
2026-10-03T13:25:39.860+08:00 SET cycle=720 mon=1 img=B hr=0x00000000 dur_ms=1.8
2026-10-03T13:25:49.836+08:00 SET cycle=721 mon=1 img=A hr=0x00000000 dur_ms=2.0
2026-10-03T13:25:59.812+08:00 SET cycle=722 mon=1 img=B hr=0x00000000 dur_ms=2.4
2026-10-03T13:26:09.885+08:00 SET cycle=723 mon=1 img=A hr=0x00000000 dur_ms=2.0
2026-10-03T13:26:19.858+08:00 SET cycle=724 mon=1 img=B hr=0x00000000 dur_ms=1.7
2026-10-03T13:26:29.819+08:00 SET cycle=725 mon=1 img=A hr=0x00000000 dur_ms=1.3
2026-10-03T13:26:39.883+08:00 SET cycle=726 mon=1 img=B hr=0x00000000 dur_ms=1.7
2026-10-03T13:26:49.852+08:00 SET cycle=727 mon=1 img=A hr=0x00000000 dur_ms=2.0
2026-10-03T13:26:59.821+08:00 SET cycle=728 mon=1 img=B hr=0x00000000 dur_ms=1.8
2026-10-03T13:27:09.884+08:00 SET cycle=729 mon=1 img=A hr=0x00000000 dur_ms=2.1
2026-10-03T13:27:19.855+08:00 SET cycle=730 mon=1 img=B hr=0x00000000 dur_ms=2.0
2026-10-03T13:27:29.813+08:00 SET cycle=731 mon=1 img=A hr=0x00000000 dur_ms=1.5
2026-10-03T13:27:39.873+08:00 SET cycle=732 mon=1 img=B hr=0x00000000 dur_ms=1.4
2026-10-03T13:27:49.843+08:00 SET cycle=733 mon=1 img=A hr=0x00000000 dur_ms=1.5
2026-10-03T13:27:59.808+08:00 SET cycle=734 mon=1 img=B hr=0x00000000 dur_ms=1.4
2026-10-03T13:28:09.869+08:00 SET cycle=735 mon=1 img=A hr=0x00000000 dur_ms=1.7
2026-10-03T13:28:19.843+08:00 SET cycle=736 mon=1 img=B hr=0x00000000 dur_ms=1.6
2026-10-03T13:28:29.815+08:00 SET cycle=737 mon=1 img=A hr=0x00000000 dur_ms=1.6
2026-10-03T13:28:39.884+08:00 SET cycle=738 mon=1 img=B hr=0x00000000 dur_ms=1.6
2026-10-03T13:28:49.855+08:00 SET cycle=739 mon=1 img=A hr=0x00000000 dur_ms=1.6
2026-10-03T13:28:59.814+08:00 SET cycle=740 mon=1 img=B hr=0x00000000 dur_ms=1.7
2026-10-03T13:29:09.879+08:00 SET cycle=741 mon=1 img=A hr=0x00000000 dur_ms=1.9
2026-10-03T13:29:19.847+08:00 SET cycle=742 mon=1 img=B hr=0x00000000 dur_ms=1.4
2026-10-03T13:29:29.817+08:00 SET cycle=743 mon=1 img=A hr=0x00000000 dur_ms=2.4
2026-10-03T13:29:39.879+08:00 SET cycle=744 mon=1 img=B hr=0x00000000 dur_ms=1.9
2026-10-03T13:29:49.840+08:00 SET cycle=745 mon=1 img=A hr=0x00000000 dur_ms=1.7
2026-10-03T13:29:59.816+08:00 SET cycle=746 mon=1 img=B hr=0x00000000 dur_ms=2.6
2026-10-03T13:30:09.886+08:00 SET cycle=747 mon=1 img=A hr=0x00000000 dur_ms=1.8
2026-10-03T13:30:19.850+08:00 SET cycle=748 mon=1 img=B hr=0x00000000 dur_ms=2.0
2026-10-03T13:30:29.811+08:00 SET cycle=749 mon=1 img=A hr=0x00000000 dur_ms=2.0
2026-10-03T13:30:39.875+08:00 SET cycle=750 mon=1 img=B hr=0x00000000 dur_ms=1.6
2026-10-03T13:30:49.840+08:00 SET cycle=751 mon=1 img=A hr=0x00000000 dur_ms=1.7
2026-10-03T13:30:59.812+08:00 SET cycle=752 mon=1 img=B hr=0x00000000 dur_ms=1.8
2026-10-03T13:31:09.870+08:00 SET cycle=753 mon=1 img=A hr=0x00000000 dur_ms=1.7
2026-10-03T13:31:19.835+08:00 SET cycle=754 mon=1 img=B hr=0x00000000 dur_ms=1.6
2026-10-03T13:31:29.808+08:00 SET cycle=755 mon=1 img=A hr=0x00000000 dur_ms=2.3
2026-10-03T13:31:39.874+08:00 SET cycle=756 mon=1 img=B hr=0x00000000 dur_ms=2.1
2026-10-03T13:31:49.840+08:00 SET cycle=757 mon=1 img=A hr=0x00000000 dur_ms=1.6
2026-10-03T13:31:59.794+08:00 SET cycle=758 mon=1 img=B hr=0x00000000 dur_ms=1.8
2026-10-03T13:32:09.866+08:00 SET cycle=759 mon=1 img=A hr=0x00000000 dur_ms=1.7
2026-10-03T13:32:19.840+08:00 SET cycle=760 mon=1 img=B hr=0x00000000 dur_ms=2.1
2026-10-03T13:32:29.881+08:00 SET cycle=761 mon=1 img=A hr=0x00000000 dur_ms=1.8
2026-10-03T13:32:39.851+08:00 SET cycle=762 mon=1 img=B hr=0x00000000 dur_ms=1.8
2026-10-03T13:32:49.842+08:00 SET cycle=763 mon=1 img=A hr=0x00000000 dur_ms=1.3
2026-10-03T13:32:59.808+08:00 SET cycle=764 mon=1 img=B hr=0x00000000 dur_ms=1.9
2026-10-03T13:33:09.872+08:00 SET cycle=765 mon=1 img=A hr=0x00000000 dur_ms=2.1
2026-10-03T13:33:19.849+08:00 SET cycle=766 mon=1 img=B hr=0x00000000 dur_ms=2.2
2026-10-03T13:33:29.820+08:00 SET cycle=767 mon=1 img=A hr=0x00000000 dur_ms=2.3
2026-10-03T13:33:39.887+08:00 SET cycle=768 mon=1 img=B hr=0x00000000 dur_ms=1.4
2026-10-03T13:33:49.857+08:00 SET cycle=769 mon=1 img=A hr=0x00000000 dur_ms=2.3
2026-10-03T13:33:59.829+08:00 SET cycle=770 mon=1 img=B hr=0x00000000 dur_ms=1.7
2026-10-03T13:34:09.797+08:00 SET cycle=771 mon=1 img=A hr=0x00000000 dur_ms=1.7
2026-10-03T13:34:19.871+08:00 SET cycle=772 mon=1 img=B hr=0x00000000 dur_ms=1.8
2026-10-03T13:34:29.832+08:00 SET cycle=773 mon=1 img=A hr=0x00000000 dur_ms=2.0
2026-10-03T13:34:39.798+08:00 SET cycle=774 mon=1 img=B hr=0x00000000 dur_ms=1.6
2026-10-03T13:34:49.865+08:00 SET cycle=775 mon=1 img=A hr=0x00000000 dur_ms=2.2
2026-10-03T13:34:59.825+08:00 SET cycle=776 mon=1 img=B hr=0x00000000 dur_ms=1.9
2026-10-03T13:35:09.789+08:00 SET cycle=777 mon=1 img=A hr=0x00000000 dur_ms=1.6
2026-10-03T13:35:19.851+08:00 SET cycle=778 mon=1 img=B hr=0x00000000 dur_ms=1.6
2026-10-03T13:35:29.812+08:00 SET cycle=779 mon=1 img=A hr=0x00000000 dur_ms=1.5
2026-10-03T13:35:39.885+08:00 SET cycle=780 mon=1 img=B hr=0x00000000 dur_ms=2.3
2026-10-03T13:35:49.846+08:00 SET cycle=781 mon=1 img=A hr=0x00000000 dur_ms=1.3
2026-10-03T13:35:59.814+08:00 SET cycle=782 mon=1 img=B hr=0x00000000 dur_ms=1.6
2026-10-03T13:36:09.885+08:00 SET cycle=783 mon=1 img=A hr=0x00000000 dur_ms=2.5
2026-10-03T13:36:19.847+08:00 SET cycle=784 mon=1 img=B hr=0x00000000 dur_ms=1.9
2026-10-03T13:36:29.818+08:00 SET cycle=785 mon=1 img=A hr=0x00000000 dur_ms=1.8
2026-10-03T13:36:39.792+08:00 SET cycle=786 mon=1 img=B hr=0x00000000 dur_ms=1.6
2026-10-03T13:36:49.853+08:00 SET cycle=787 mon=1 img=A hr=0x00000000 dur_ms=1.8
2026-10-03T13:36:59.818+08:00 SET cycle=788 mon=1 img=B hr=0x00000000 dur_ms=1.6
2026-10-03T13:37:09.883+08:00 SET cycle=789 mon=1 img=A hr=0x00000000 dur_ms=1.6
2026-10-03T13:37:19.853+08:00 SET cycle=790 mon=1 img=B hr=0x00000000 dur_ms=1.7
2026-10-03T13:37:29.828+08:00 SET cycle=791 mon=1 img=A hr=0x00000000 dur_ms=1.8
2026-10-03T13:37:39.792+08:00 SET cycle=792 mon=1 img=B hr=0x00000000 dur_ms=2.5
2026-10-03T13:37:49.858+08:00 SET cycle=793 mon=1 img=A hr=0x00000000 dur_ms=1.9
2026-10-03T13:37:59.818+08:00 SET cycle=794 mon=1 img=B hr=0x00000000 dur_ms=2.1
2026-10-03T13:38:09.884+08:00 SET cycle=795 mon=1 img=A hr=0x00000000 dur_ms=1.7
2026-10-03T13:38:19.848+08:00 SET cycle=796 mon=1 img=B hr=0x00000000 dur_ms=2.1
2026-10-03T13:38:29.825+08:00 SET cycle=797 mon=1 img=A hr=0x00000000 dur_ms=1.5
2026-10-03T13:38:39.800+08:00 SET cycle=798 mon=1 img=B hr=0x00000000 dur_ms=2.2
2026-10-03T13:38:49.866+08:00 SET cycle=799 mon=1 img=A hr=0x00000000 dur_ms=1.7
2026-10-03T13:38:59.832+08:00 SET cycle=800 mon=1 img=B hr=0x00000000 dur_ms=2.1
2026-10-03T13:39:09.798+08:00 SET cycle=801 mon=1 img=A hr=0x00000000 dur_ms=1.7
2026-10-03T13:39:19.855+08:00 SET cycle=802 mon=1 img=B hr=0x00000000 dur_ms=1.9
2026-10-03T13:39:29.824+08:00 SET cycle=803 mon=1 img=A hr=0x00000000 dur_ms=1.8
2026-10-03T13:39:39.797+08:00 SET cycle=804 mon=1 img=B hr=0x00000000 dur_ms=1.9
2026-10-03T13:39:49.874+08:00 SET cycle=805 mon=1 img=A hr=0x00000000 dur_ms=1.9
2026-10-03T13:39:59.847+08:00 SET cycle=806 mon=1 img=B hr=0x00000000 dur_ms=1.5
2026-10-03T13:40:09.817+08:00 SET cycle=807 mon=1 img=A hr=0x00000000 dur_ms=2.3
2026-10-03T13:40:19.885+08:00 SET cycle=808 mon=1 img=B hr=0x00000000 dur_ms=1.6
2026-10-03T13:40:29.852+08:00 SET cycle=809 mon=1 img=A hr=0x00000000 dur_ms=2.4
2026-10-03T13:40:39.828+08:00 SET cycle=810 mon=1 img=B hr=0x00000000 dur_ms=1.9
2026-10-03T13:40:49.828+08:00 SET cycle=811 mon=1 img=A hr=0x00000000 dur_ms=1.7
2026-10-03T13:40:59.887+08:00 SET cycle=812 mon=1 img=B hr=0x00000000 dur_ms=1.7
2026-10-03T13:41:09.855+08:00 SET cycle=813 mon=1 img=A hr=0x00000000 dur_ms=2.3
2026-10-03T13:41:19.830+08:00 SET cycle=814 mon=1 img=B hr=0x00000000 dur_ms=2.0
2026-10-03T13:41:29.796+08:00 SET cycle=815 mon=1 img=A hr=0x00000000 dur_ms=1.6
2026-10-03T13:41:39.862+08:00 SET cycle=816 mon=1 img=B hr=0x00000000 dur_ms=2.8
2026-10-03T13:41:49.833+08:00 SET cycle=817 mon=1 img=A hr=0x00000000 dur_ms=1.5
2026-10-03T13:41:59.796+08:00 SET cycle=818 mon=1 img=B hr=0x00000000 dur_ms=1.5
2026-10-03T13:42:09.863+08:00 SET cycle=819 mon=1 img=A hr=0x00000000 dur_ms=1.9
2026-10-03T13:42:19.832+08:00 SET cycle=820 mon=1 img=B hr=0x00000000 dur_ms=1.9
2026-10-03T13:42:29.795+08:00 SET cycle=821 mon=1 img=A hr=0x00000000 dur_ms=1.5
2026-10-03T13:42:39.856+08:00 SET cycle=822 mon=1 img=B hr=0x00000000 dur_ms=1.7
2026-10-03T13:42:49.827+08:00 SET cycle=823 mon=1 img=A hr=0x00000000 dur_ms=1.8
2026-10-03T13:42:59.791+08:00 SET cycle=824 mon=1 img=B hr=0x00000000 dur_ms=2.5
2026-10-03T13:43:09.854+08:00 SET cycle=825 mon=1 img=A hr=0x00000000 dur_ms=1.8
2026-10-03T13:43:19.811+08:00 SET cycle=826 mon=1 img=B hr=0x00000000 dur_ms=1.8
2026-10-03T13:43:29.883+08:00 SET cycle=827 mon=1 img=A hr=0x00000000 dur_ms=1.3
2026-10-03T13:43:39.855+08:00 SET cycle=828 mon=1 img=B hr=0x00000000 dur_ms=1.8
2026-10-03T13:43:49.818+08:00 SET cycle=829 mon=1 img=A hr=0x00000000 dur_ms=1.6
2026-10-03T13:43:59.876+08:00 SET cycle=830 mon=1 img=B hr=0x00000000 dur_ms=1.6
2026-10-03T13:44:09.840+08:00 SET cycle=831 mon=1 img=A hr=0x00000000 dur_ms=1.5
2026-10-03T13:44:19.798+08:00 SET cycle=832 mon=1 img=B hr=0x00000000 dur_ms=1.4
2026-10-03T13:44:29.862+08:00 SET cycle=833 mon=1 img=A hr=0x00000000 dur_ms=1.4
2026-10-03T13:44:39.821+08:00 SET cycle=834 mon=1 img=B hr=0x00000000 dur_ms=1.7
2026-10-03T13:44:49.889+08:00 SET cycle=835 mon=1 img=A hr=0x00000000 dur_ms=1.4
2026-10-03T13:44:59.863+08:00 SET cycle=836 mon=1 img=B hr=0x00000000 dur_ms=1.4
2026-10-03T13:45:09.824+08:00 SET cycle=837 mon=1 img=A hr=0x00000000 dur_ms=2.1
2026-10-03T13:45:19.885+08:00 SET cycle=838 mon=1 img=B hr=0x00000000 dur_ms=1.9
2026-10-03T13:45:29.853+08:00 SET cycle=839 mon=1 img=A hr=0x00000000 dur_ms=1.7
2026-10-03T13:45:39.815+08:00 SET cycle=840 mon=1 img=B hr=0x00000000 dur_ms=1.4
2026-10-03T13:45:49.872+08:00 SET cycle=841 mon=1 img=A hr=0x00000000 dur_ms=1.8
2026-10-03T13:45:59.833+08:00 SET cycle=842 mon=1 img=B hr=0x00000000 dur_ms=1.3
2026-10-03T13:46:09.796+08:00 SET cycle=843 mon=1 img=A hr=0x00000000 dur_ms=2.3
2026-10-03T13:46:19.868+08:00 SET cycle=844 mon=1 img=B hr=0x00000000 dur_ms=2.2
2026-10-03T13:46:29.857+08:00 SET cycle=845 mon=1 img=A hr=0x00000000 dur_ms=1.9
2026-10-03T13:46:39.831+08:00 SET cycle=846 mon=1 img=B hr=0x00000000 dur_ms=1.9
2026-10-03T13:46:49.799+08:00 SET cycle=847 mon=1 img=A hr=0x00000000 dur_ms=1.9
2026-10-03T13:46:59.863+08:00 SET cycle=848 mon=1 img=B hr=0x00000000 dur_ms=1.3
2026-10-03T13:47:09.824+08:00 SET cycle=849 mon=1 img=A hr=0x00000000 dur_ms=2.5
2026-10-03T13:47:19.794+08:00 SET cycle=850 mon=1 img=B hr=0x00000000 dur_ms=1.8
2026-10-03T13:47:29.856+08:00 SET cycle=851 mon=1 img=A hr=0x00000000 dur_ms=2.1
2026-10-03T13:47:39.828+08:00 SET cycle=852 mon=1 img=B hr=0x00000000 dur_ms=1.4
2026-10-03T13:47:49.840+08:00 SET cycle=853 mon=1 img=A hr=0x00000000 dur_ms=1.9
2026-10-03T13:47:59.809+08:00 SET cycle=854 mon=1 img=B hr=0x00000000 dur_ms=2.1
2026-10-03T13:48:09.878+08:00 SET cycle=855 mon=1 img=A hr=0x00000000 dur_ms=1.9
2026-10-03T13:48:19.849+08:00 SET cycle=856 mon=1 img=B hr=0x00000000 dur_ms=1.3
2026-10-03T13:48:29.810+08:00 SET cycle=857 mon=1 img=A hr=0x00000000 dur_ms=1.6
2026-10-03T13:48:39.876+08:00 SET cycle=858 mon=1 img=B hr=0x00000000 dur_ms=1.5
2026-10-03T13:48:49.847+08:00 SET cycle=859 mon=1 img=A hr=0x00000000 dur_ms=1.7
2026-10-03T13:48:59.808+08:00 SET cycle=860 mon=1 img=B hr=0x00000000 dur_ms=1.9
2026-10-03T13:49:09.880+08:00 SET cycle=861 mon=1 img=A hr=0x00000000 dur_ms=1.7
2026-10-03T13:49:19.849+08:00 SET cycle=862 mon=1 img=B hr=0x00000000 dur_ms=1.3
2026-10-03T13:49:29.811+08:00 SET cycle=863 mon=1 img=A hr=0x00000000 dur_ms=2.0
2026-10-03T13:49:39.871+08:00 SET cycle=864 mon=1 img=B hr=0x00000000 dur_ms=2.0
2026-10-03T13:49:49.829+08:00 SET cycle=865 mon=1 img=A hr=0x00000000 dur_ms=1.4
2026-10-03T13:49:59.803+08:00 SET cycle=866 mon=1 img=B hr=0x00000000 dur_ms=9.1
2026-10-03T13:50:09.867+08:00 SET cycle=867 mon=1 img=A hr=0x00000000 dur_ms=2.2
2026-10-03T13:50:19.839+08:00 SET cycle=868 mon=1 img=B hr=0x00000000 dur_ms=1.6
2026-10-03T13:50:29.812+08:00 SET cycle=869 mon=1 img=A hr=0x00000000 dur_ms=2.0
2026-10-03T13:50:39.869+08:00 SET cycle=870 mon=1 img=B hr=0x00000000 dur_ms=2.1
2026-10-03T13:50:49.833+08:00 SET cycle=871 mon=1 img=A hr=0x00000000 dur_ms=2.0
2026-10-03T13:50:59.811+08:00 SET cycle=872 mon=1 img=B hr=0x00000000 dur_ms=6.8
2026-10-03T13:51:09.886+08:00 SET cycle=873 mon=1 img=A hr=0x00000000 dur_ms=2.2
2026-10-03T13:51:19.854+08:00 SET cycle=874 mon=1 img=B hr=0x00000000 dur_ms=1.6
2026-10-03T13:51:29.823+08:00 SET cycle=875 mon=1 img=A hr=0x00000000 dur_ms=1.9
2026-10-03T13:51:39.884+08:00 SET cycle=876 mon=1 img=B hr=0x00000000 dur_ms=2.0
2026-10-03T13:51:49.851+08:00 SET cycle=877 mon=1 img=A hr=0x00000000 dur_ms=1.8
2026-10-03T13:51:59.822+08:00 SET cycle=878 mon=1 img=B hr=0x00000000 dur_ms=7.3
2026-10-03T13:52:09.888+08:00 SET cycle=879 mon=1 img=A hr=0x00000000 dur_ms=2.3
2026-10-03T13:52:19.854+08:00 SET cycle=880 mon=1 img=B hr=0x00000000 dur_ms=2.0
2026-10-03T13:52:29.823+08:00 SET cycle=881 mon=1 img=A hr=0x00000000 dur_ms=1.4
2026-10-03T13:52:39.881+08:00 SET cycle=882 mon=1 img=B hr=0x00000000 dur_ms=1.7
2026-10-03T13:52:49.849+08:00 SET cycle=883 mon=1 img=A hr=0x00000000 dur_ms=1.6
2026-10-03T13:52:59.827+08:00 SET cycle=884 mon=1 img=B hr=0x00000000 dur_ms=9.1
2026-10-03T13:53:09.792+08:00 SET cycle=885 mon=1 img=A hr=0x00000000 dur_ms=1.7
2026-10-03T13:53:19.865+08:00 SET cycle=886 mon=1 img=B hr=0x00000000 dur_ms=2.0
2026-10-03T13:53:29.822+08:00 SET cycle=887 mon=1 img=A hr=0x00000000 dur_ms=2.0
2026-10-03T13:53:39.879+08:00 SET cycle=888 mon=1 img=B hr=0x00000000 dur_ms=1.4
2026-10-03T13:53:49.838+08:00 SET cycle=889 mon=1 img=A hr=0x00000000 dur_ms=2.0
2026-10-03T13:53:59.808+08:00 SET cycle=890 mon=1 img=B hr=0x00000000 dur_ms=1.9
2026-10-03T13:54:09.871+08:00 SET cycle=891 mon=1 img=A hr=0x00000000 dur_ms=1.9
2026-10-03T13:54:19.829+08:00 SET cycle=892 mon=1 img=B hr=0x00000000 dur_ms=2.2
2026-10-03T13:54:29.799+08:00 SET cycle=893 mon=1 img=A hr=0x00000000 dur_ms=1.3
2026-10-03T13:54:39.868+08:00 SET cycle=894 mon=1 img=B hr=0x00000000 dur_ms=1.9
2026-10-03T13:54:49.832+08:00 SET cycle=895 mon=1 img=A hr=0x00000000 dur_ms=1.8
2026-10-03T13:54:59.797+08:00 SET cycle=896 mon=1 img=B hr=0x00000000 dur_ms=2.1
2026-10-03T13:55:09.866+08:00 SET cycle=897 mon=1 img=A hr=0x00000000 dur_ms=1.5
2026-10-03T13:55:19.830+08:00 SET cycle=898 mon=1 img=B hr=0x00000000 dur_ms=2.0
2026-10-03T13:55:29.801+08:00 SET cycle=899 mon=1 img=A hr=0x00000000 dur_ms=1.5
2026-10-03T13:55:39.869+08:00 SET cycle=900 mon=1 img=B hr=0x00000000 dur_ms=2.2
2026-10-03T13:55:49.836+08:00 SET cycle=901 mon=1 img=A hr=0x00000000 dur_ms=1.5
2026-10-03T13:55:59.809+08:00 SET cycle=902 mon=1 img=B hr=0x00000000 dur_ms=1.4
2026-10-03T13:56:09.867+08:00 SET cycle=903 mon=1 img=A hr=0x00000000 dur_ms=2.0
2026-10-03T13:56:19.838+08:00 SET cycle=904 mon=1 img=B hr=0x00000000 dur_ms=1.4
2026-10-03T13:56:29.796+08:00 SET cycle=905 mon=1 img=A hr=0x00000000 dur_ms=1.9
2026-10-03T13:56:39.872+08:00 SET cycle=906 mon=1 img=B hr=0x00000000 dur_ms=2.0
2026-10-03T13:56:49.841+08:00 SET cycle=907 mon=1 img=A hr=0x00000000 dur_ms=1.8
2026-10-03T13:56:59.811+08:00 SET cycle=908 mon=1 img=B hr=0x00000000 dur_ms=1.8
2026-10-03T13:57:09.872+08:00 SET cycle=909 mon=1 img=A hr=0x00000000 dur_ms=1.7
2026-10-03T13:57:19.838+08:00 SET cycle=910 mon=1 img=B hr=0x00000000 dur_ms=2.2
2026-10-03T13:57:29.800+08:00 SET cycle=911 mon=1 img=A hr=0x00000000 dur_ms=1.9
2026-10-03T13:57:39.865+08:00 SET cycle=912 mon=1 img=B hr=0x00000000 dur_ms=2.0
2026-10-03T13:57:49.835+08:00 SET cycle=913 mon=1 img=A hr=0x00000000 dur_ms=1.9
2026-10-03T13:57:59.807+08:00 SET cycle=914 mon=1 img=B hr=0x00000000 dur_ms=1.9
2026-10-03T13:58:09.871+08:00 SET cycle=915 mon=1 img=A hr=0x00000000 dur_ms=1.7
2026-10-03T13:58:19.838+08:00 SET cycle=916 mon=1 img=B hr=0x00000000 dur_ms=1.4
2026-10-03T13:58:29.801+08:00 SET cycle=917 mon=1 img=A hr=0x00000000 dur_ms=1.5
2026-10-03T13:58:39.869+08:00 SET cycle=918 mon=1 img=B hr=0x00000000 dur_ms=1.6
2026-10-03T13:58:49.842+08:00 SET cycle=919 mon=1 img=A hr=0x00000000 dur_ms=1.6
2026-10-03T13:58:59.814+08:00 SET cycle=920 mon=1 img=B hr=0x00000000 dur_ms=1.5
2026-10-03T13:59:09.879+08:00 SET cycle=921 mon=1 img=A hr=0x00000000 dur_ms=1.8
2026-10-03T13:59:19.841+08:00 SET cycle=922 mon=1 img=B hr=0x00000000 dur_ms=1.8
2026-10-03T13:59:29.800+08:00 SET cycle=923 mon=1 img=A hr=0x00000000 dur_ms=2.7
2026-10-03T13:59:39.861+08:00 SET cycle=924 mon=1 img=B hr=0x00000000 dur_ms=1.5
2026-10-03T13:59:49.832+08:00 SET cycle=925 mon=1 img=A hr=0x00000000 dur_ms=1.5
2026-10-03T13:59:59.796+08:00 SET cycle=926 mon=1 img=B hr=0x00000000 dur_ms=1.4
2026-10-03T14:00:09.864+08:00 SET cycle=927 mon=1 img=A hr=0x00000000 dur_ms=1.3
2026-10-03T14:00:19.829+08:00 SET cycle=928 mon=1 img=B hr=0x00000000 dur_ms=2.0
2026-10-03T14:00:29.805+08:00 SET cycle=929 mon=1 img=A hr=0x00000000 dur_ms=1.2
2026-10-03T14:00:39.871+08:00 SET cycle=930 mon=1 img=B hr=0x00000000 dur_ms=2.4
2026-10-03T14:00:49.837+08:00 SET cycle=931 mon=1 img=A hr=0x00000000 dur_ms=1.7
2026-10-03T14:00:59.889+08:00 SET cycle=932 mon=1 img=B hr=0x00000000 dur_ms=1.9
2026-10-03T14:01:09.851+08:00 SET cycle=933 mon=1 img=A hr=0x00000000 dur_ms=1.4
2026-10-03T14:01:19.820+08:00 SET cycle=934 mon=1 img=B hr=0x00000000 dur_ms=1.5
2026-10-03T14:01:29.792+08:00 SET cycle=935 mon=1 img=A hr=0x00000000 dur_ms=2.2
2026-10-03T14:01:39.858+08:00 SET cycle=936 mon=1 img=B hr=0x00000000 dur_ms=1.9
2026-10-03T14:01:49.829+08:00 SET cycle=937 mon=1 img=A hr=0x00000000 dur_ms=2.9
2026-10-03T14:01:59.795+08:00 SET cycle=938 mon=1 img=B hr=0x00000000 dur_ms=1.9
2026-10-03T14:02:09.864+08:00 SET cycle=939 mon=1 img=A hr=0x00000000 dur_ms=1.8
2026-10-03T14:02:19.836+08:00 SET cycle=940 mon=1 img=B hr=0x00000000 dur_ms=1.3
2026-10-03T14:02:29.799+08:00 SET cycle=941 mon=1 img=A hr=0x00000000 dur_ms=1.9
2026-10-03T14:02:39.858+08:00 SET cycle=942 mon=1 img=B hr=0x00000000 dur_ms=1.7
2026-10-03T14:02:49.829+08:00 SET cycle=943 mon=1 img=A hr=0x00000000 dur_ms=2.4
2026-10-03T14:02:59.806+08:00 SET cycle=944 mon=1 img=B hr=0x00000000 dur_ms=1.6
2026-10-03T14:03:09.869+08:00 SET cycle=945 mon=1 img=A hr=0x00000000 dur_ms=1.4
2026-10-03T14:03:19.838+08:00 SET cycle=946 mon=1 img=B hr=0x00000000 dur_ms=1.9
2026-10-03T14:03:29.804+08:00 SET cycle=947 mon=1 img=A hr=0x00000000 dur_ms=1.5
2026-10-03T14:03:39.870+08:00 SET cycle=948 mon=1 img=B hr=0x00000000 dur_ms=2.4
2026-10-03T14:03:49.832+08:00 SET cycle=949 mon=1 img=A hr=0x00000000 dur_ms=1.7
2026-10-03T14:03:59.804+08:00 SET cycle=950 mon=1 img=B hr=0x00000000 dur_ms=1.8
2026-10-03T14:04:09.866+08:00 SET cycle=951 mon=1 img=A hr=0x00000000 dur_ms=2.0
2026-10-03T14:04:19.837+08:00 SET cycle=952 mon=1 img=B hr=0x00000000 dur_ms=1.8
2026-10-03T14:04:29.814+08:00 SET cycle=953 mon=1 img=A hr=0x00000000 dur_ms=1.8
2026-10-03T14:04:39.885+08:00 SET cycle=954 mon=1 img=B hr=0x00000000 dur_ms=1.5
2026-10-03T14:04:49.850+08:00 SET cycle=955 mon=1 img=A hr=0x00000000 dur_ms=1.4
2026-10-03T14:04:59.809+08:00 SET cycle=956 mon=1 img=B hr=0x00000000 dur_ms=2.3
2026-10-03T14:05:09.860+08:00 SET cycle=957 mon=1 img=A hr=0x00000000 dur_ms=1.7
2026-10-03T14:05:19.827+08:00 SET cycle=958 mon=1 img=B hr=0x00000000 dur_ms=1.6
2026-10-03T14:05:29.797+08:00 SET cycle=959 mon=1 img=A hr=0x00000000 dur_ms=2.4
2026-10-03T14:05:39.851+08:00 SET cycle=960 mon=1 img=B hr=0x00000000 dur_ms=1.8
2026-10-03T14:05:49.817+08:00 SET cycle=961 mon=1 img=A hr=0x00000000 dur_ms=1.7
2026-10-03T14:05:59.886+08:00 SET cycle=962 mon=1 img=B hr=0x00000000 dur_ms=2.2
2026-10-03T14:06:09.851+08:00 SET cycle=963 mon=1 img=A hr=0x00000000 dur_ms=1.5
2026-10-03T14:06:19.825+08:00 SET cycle=964 mon=1 img=B hr=0x00000000 dur_ms=2.2
2026-10-03T14:06:29.884+08:00 SET cycle=965 mon=1 img=A hr=0x00000000 dur_ms=1.4
2026-10-03T14:06:39.845+08:00 SET cycle=966 mon=1 img=B hr=0x00000000 dur_ms=1.6
2026-10-03T14:06:49.806+08:00 SET cycle=967 mon=1 img=A hr=0x00000000 dur_ms=1.8
2026-10-03T14:06:59.870+08:00 SET cycle=968 mon=1 img=B hr=0x00000000 dur_ms=1.7
2026-10-03T14:07:09.841+08:00 SET cycle=969 mon=1 img=A hr=0x00000000 dur_ms=1.8
2026-10-03T14:07:19.812+08:00 SET cycle=970 mon=1 img=B hr=0x00000000 dur_ms=1.5
2026-10-03T14:07:29.873+08:00 SET cycle=971 mon=1 img=A hr=0x00000000 dur_ms=1.7
2026-10-03T14:07:39.833+08:00 SET cycle=972 mon=1 img=B hr=0x00000000 dur_ms=1.5
2026-10-03T14:07:49.802+08:00 SET cycle=973 mon=1 img=A hr=0x00000000 dur_ms=1.8
2026-10-03T14:07:59.875+08:00 SET cycle=974 mon=1 img=B hr=0x00000000 dur_ms=1.6
2026-10-03T14:08:09.840+08:00 SET cycle=975 mon=1 img=A hr=0x00000000 dur_ms=2.5
2026-10-03T14:08:19.801+08:00 SET cycle=976 mon=1 img=B hr=0x00000000 dur_ms=1.8
2026-10-03T14:08:29.870+08:00 SET cycle=977 mon=1 img=A hr=0x00000000 dur_ms=1.9
2026-10-03T14:08:39.829+08:00 SET cycle=978 mon=1 img=B hr=0x00000000 dur_ms=1.9
2026-10-03T14:08:49.797+08:00 SET cycle=979 mon=1 img=A hr=0x00000000 dur_ms=2.0
2026-10-03T14:08:59.866+08:00 SET cycle=980 mon=1 img=B hr=0x00000000 dur_ms=1.6
2026-10-03T14:09:09.825+08:00 SET cycle=981 mon=1 img=A hr=0x00000000 dur_ms=1.4
2026-10-03T14:09:19.891+08:00 SET cycle=982 mon=1 img=B hr=0x00000000 dur_ms=1.5
2026-10-03T14:09:29.863+08:00 SET cycle=983 mon=1 img=A hr=0x00000000 dur_ms=1.9
2026-10-03T14:09:39.859+08:00 SET cycle=984 mon=1 img=B hr=0x00000000 dur_ms=1.5
2026-10-03T14:09:49.832+08:00 SET cycle=985 mon=1 img=A hr=0x00000000 dur_ms=1.9
2026-10-03T14:09:59.801+08:00 SET cycle=986 mon=1 img=B hr=0x00000000 dur_ms=2.3
2026-10-03T14:10:09.860+08:00 SET cycle=987 mon=1 img=A hr=0x00000000 dur_ms=2.2
2026-10-03T14:10:19.829+08:00 SET cycle=988 mon=1 img=B hr=0x00000000 dur_ms=1.5
2026-10-03T14:10:29.882+08:00 SET cycle=989 mon=1 img=A hr=0x00000000 dur_ms=1.7
2026-10-03T14:10:39.856+08:00 SET cycle=990 mon=1 img=B hr=0x00000000 dur_ms=1.9
2026-10-03T14:10:49.828+08:00 SET cycle=991 mon=1 img=A hr=0x00000000 dur_ms=1.9
2026-10-03T14:10:59.796+08:00 SET cycle=992 mon=1 img=B hr=0x00000000 dur_ms=2.0
2026-10-03T14:11:09.856+08:00 SET cycle=993 mon=1 img=A hr=0x00000000 dur_ms=1.9
2026-10-03T14:11:19.812+08:00 SET cycle=994 mon=1 img=B hr=0x00000000 dur_ms=1.8
2026-10-03T14:11:29.872+08:00 SET cycle=995 mon=1 img=A hr=0x00000000 dur_ms=2.1
2026-10-03T14:11:39.845+08:00 SET cycle=996 mon=1 img=B hr=0x00000000 dur_ms=2.3
2026-10-03T14:11:49.817+08:00 SET cycle=997 mon=1 img=A hr=0x00000000 dur_ms=1.4
2026-10-03T14:11:59.880+08:00 SET cycle=998 mon=1 img=B hr=0x00000000 dur_ms=1.7
2026-10-03T14:12:09.839+08:00 SET cycle=999 mon=1 img=A hr=0x00000000 dur_ms=1.9
2026-10-03T14:12:19.804+08:00 SET cycle=1000 mon=1 img=B hr=0x00000000 dur_ms=1.6
2026-10-03T14:12:29.880+08:00 SET cycle=1001 mon=1 img=A hr=0x00000000 dur_ms=1.7
2026-10-03T14:12:39.857+08:00 SET cycle=1002 mon=1 img=B hr=0x00000000 dur_ms=1.5
2026-10-03T14:12:49.834+08:00 SET cycle=1003 mon=1 img=A hr=0x00000000 dur_ms=1.6
2026-10-03T14:12:59.796+08:00 SET cycle=1004 mon=1 img=B hr=0x00000000 dur_ms=1.9
2026-10-03T14:13:09.859+08:00 SET cycle=1005 mon=1 img=A hr=0x00000000 dur_ms=2.1
2026-10-03T14:13:19.826+08:00 SET cycle=1006 mon=1 img=B hr=0x00000000 dur_ms=2.4
2026-10-03T14:13:29.797+08:00 SET cycle=1007 mon=1 img=A hr=0x00000000 dur_ms=1.4
2026-10-03T14:13:39.863+08:00 SET cycle=1008 mon=1 img=B hr=0x00000000 dur_ms=1.6
2026-10-03T14:13:49.825+08:00 SET cycle=1009 mon=1 img=A hr=0x00000000 dur_ms=1.7
2026-10-03T14:13:59.796+08:00 SET cycle=1010 mon=1 img=B hr=0x00000000 dur_ms=1.6
2026-10-03T14:14:09.869+08:00 SET cycle=1011 mon=1 img=A hr=0x00000000 dur_ms=2.3
2026-10-03T14:14:19.837+08:00 SET cycle=1012 mon=1 img=B hr=0x00000000 dur_ms=1.7
2026-10-03T14:14:29.806+08:00 SET cycle=1013 mon=1 img=A hr=0x00000000 dur_ms=2.1
2026-10-03T14:14:39.863+08:00 SET cycle=1014 mon=1 img=B hr=0x00000000 dur_ms=1.4
2026-10-03T14:14:49.837+08:00 SET cycle=1015 mon=1 img=A hr=0x00000000 dur_ms=1.8
2026-10-03T14:14:59.812+08:00 SET cycle=1016 mon=1 img=B hr=0x00000000 dur_ms=2.8
2026-10-03T14:15:09.882+08:00 SET cycle=1017 mon=1 img=A hr=0x00000000 dur_ms=1.8
2026-10-03T14:15:19.845+08:00 SET cycle=1018 mon=1 img=B hr=0x00000000 dur_ms=1.8
2026-10-03T14:15:29.810+08:00 SET cycle=1019 mon=1 img=A hr=0x00000000 dur_ms=2.1
2026-10-03T14:15:39.887+08:00 SET cycle=1020 mon=1 img=B hr=0x00000000 dur_ms=1.7
2026-10-03T14:15:49.860+08:00 SET cycle=1021 mon=1 img=A hr=0x00000000 dur_ms=2.6
2026-10-03T14:15:59.835+08:00 SET cycle=1022 mon=1 img=B hr=0x00000000 dur_ms=2.0
2026-10-03T14:16:09.799+08:00 SET cycle=1023 mon=1 img=A hr=0x00000000 dur_ms=1.8
2026-10-03T14:16:19.868+08:00 SET cycle=1024 mon=1 img=B hr=0x00000000 dur_ms=2.0
2026-10-03T14:16:29.834+08:00 SET cycle=1025 mon=1 img=A hr=0x00000000 dur_ms=1.7
2026-10-03T14:16:39.798+08:00 SET cycle=1026 mon=1 img=B hr=0x00000000 dur_ms=1.7
2026-10-03T14:16:49.857+08:00 SET cycle=1027 mon=1 img=A hr=0x00000000 dur_ms=2.2
2026-10-03T14:16:59.833+08:00 SET cycle=1028 mon=1 img=B hr=0x00000000 dur_ms=1.9
2026-10-03T14:17:09.803+08:00 SET cycle=1029 mon=1 img=A hr=0x00000000 dur_ms=1.9
2026-10-03T14:17:19.861+08:00 SET cycle=1030 mon=1 img=B hr=0x00000000 dur_ms=1.7
2026-10-03T14:17:29.840+08:00 SET cycle=1031 mon=1 img=A hr=0x00000000 dur_ms=1.9
2026-10-03T14:17:39.812+08:00 SET cycle=1032 mon=1 img=B hr=0x00000000 dur_ms=1.5
2026-10-03T14:17:49.875+08:00 SET cycle=1033 mon=1 img=A hr=0x00000000 dur_ms=2.1
2026-10-03T14:17:59.876+08:00 SET cycle=1034 mon=1 img=B hr=0x00000000 dur_ms=1.7
2026-10-03T14:18:09.845+08:00 SET cycle=1035 mon=1 img=A hr=0x00000000 dur_ms=1.6
2026-10-03T14:18:19.817+08:00 SET cycle=1036 mon=1 img=B hr=0x00000000 dur_ms=1.9
2026-10-03T14:18:29.877+08:00 SET cycle=1037 mon=1 img=A hr=0x00000000 dur_ms=2.3
2026-10-03T14:18:39.842+08:00 SET cycle=1038 mon=1 img=B hr=0x00000000 dur_ms=1.9
2026-10-03T14:18:49.810+08:00 SET cycle=1039 mon=1 img=A hr=0x00000000 dur_ms=1.6
2026-10-03T14:18:59.880+08:00 SET cycle=1040 mon=1 img=B hr=0x00000000 dur_ms=1.4
2026-10-03T14:19:09.852+08:00 SET cycle=1041 mon=1 img=A hr=0x00000000 dur_ms=2.4
2026-10-03T14:19:19.814+08:00 SET cycle=1042 mon=1 img=B hr=0x00000000 dur_ms=1.3
2026-10-03T14:19:29.888+08:00 SET cycle=1043 mon=1 img=A hr=0x00000000 dur_ms=1.4
2026-10-03T14:19:39.859+08:00 SET cycle=1044 mon=1 img=B hr=0x00000000 dur_ms=1.7
2026-10-03T14:19:49.852+08:00 SET cycle=1045 mon=1 img=A hr=0x00000000 dur_ms=1.7
2026-10-03T14:19:59.816+08:00 SET cycle=1046 mon=1 img=B hr=0x00000000 dur_ms=2.3
2026-10-03T14:20:09.876+08:00 SET cycle=1047 mon=1 img=A hr=0x00000000 dur_ms=1.5
2026-10-03T14:20:19.848+08:00 SET cycle=1048 mon=1 img=B hr=0x00000000 dur_ms=1.6
2026-10-03T14:20:29.812+08:00 SET cycle=1049 mon=1 img=A hr=0x00000000 dur_ms=2.3
2026-10-03T14:20:39.876+08:00 SET cycle=1050 mon=1 img=B hr=0x00000000 dur_ms=1.7
2026-10-03T14:20:49.849+08:00 SET cycle=1051 mon=1 img=A hr=0x00000000 dur_ms=1.4
2026-10-03T14:20:59.805+08:00 SET cycle=1052 mon=1 img=B hr=0x00000000 dur_ms=1.9
2026-10-03T14:21:09.864+08:00 SET cycle=1053 mon=1 img=A hr=0x00000000 dur_ms=2.3
2026-10-03T14:21:19.822+08:00 SET cycle=1054 mon=1 img=B hr=0x00000000 dur_ms=1.7
2026-10-03T14:21:29.887+08:00 SET cycle=1055 mon=1 img=A hr=0x00000000 dur_ms=3.1
2026-10-03T14:21:39.861+08:00 SET cycle=1056 mon=1 img=B hr=0x00000000 dur_ms=1.8
2026-10-03T14:21:49.832+08:00 SET cycle=1057 mon=1 img=A hr=0x00000000 dur_ms=2.0
2026-10-03T14:21:59.806+08:00 SET cycle=1058 mon=1 img=B hr=0x00000000 dur_ms=1.7
2026-10-03T14:22:09.864+08:00 SET cycle=1059 mon=1 img=A hr=0x00000000 dur_ms=2.0
2026-10-03T14:22:19.840+08:00 SET cycle=1060 mon=1 img=B hr=0x00000000 dur_ms=1.5
2026-10-03T14:22:29.801+08:00 SET cycle=1061 mon=1 img=A hr=0x00000000 dur_ms=2.1
2026-10-03T14:22:39.868+08:00 SET cycle=1062 mon=1 img=B hr=0x00000000 dur_ms=2.0
2026-10-03T14:22:49.834+08:00 SET cycle=1063 mon=1 img=A hr=0x00000000 dur_ms=1.8
2026-10-03T14:22:59.804+08:00 SET cycle=1064 mon=1 img=B hr=0x00000000 dur_ms=1.9
2026-10-03T14:23:09.876+08:00 SET cycle=1065 mon=1 img=A hr=0x00000000 dur_ms=1.8
2026-10-03T14:23:19.848+08:00 SET cycle=1066 mon=1 img=B hr=0x00000000 dur_ms=1.9
2026-10-03T14:23:29.821+08:00 SET cycle=1067 mon=1 img=A hr=0x00000000 dur_ms=2.2
2026-10-03T14:23:39.891+08:00 SET cycle=1068 mon=1 img=B hr=0x00000000 dur_ms=1.8
2026-10-03T14:23:49.845+08:00 SET cycle=1069 mon=1 img=A hr=0x00000000 dur_ms=2.2
2026-10-03T14:23:59.811+08:00 SET cycle=1070 mon=1 img=B hr=0x00000000 dur_ms=1.7
2026-10-03T14:24:09.882+08:00 SET cycle=1071 mon=1 img=A hr=0x00000000 dur_ms=1.8
2026-10-03T14:24:19.853+08:00 SET cycle=1072 mon=1 img=B hr=0x00000000 dur_ms=1.9
2026-10-03T14:24:29.816+08:00 SET cycle=1073 mon=1 img=A hr=0x00000000 dur_ms=1.4
2026-10-03T14:24:39.876+08:00 SET cycle=1074 mon=1 img=B hr=0x00000000 dur_ms=1.7
2026-10-03T14:24:49.846+08:00 SET cycle=1075 mon=1 img=A hr=0x00000000 dur_ms=1.5
2026-10-03T14:24:59.819+08:00 SET cycle=1076 mon=1 img=B hr=0x00000000 dur_ms=2.4
2026-10-03T14:25:09.882+08:00 SET cycle=1077 mon=1 img=A hr=0x00000000 dur_ms=1.7
2026-10-03T14:25:19.844+08:00 SET cycle=1078 mon=1 img=B hr=0x00000000 dur_ms=1.5
2026-10-03T14:25:29.807+08:00 SET cycle=1079 mon=1 img=A hr=0x00000000 dur_ms=1.6
2026-10-03T14:25:39.877+08:00 SET cycle=1080 mon=1 img=B hr=0x00000000 dur_ms=2.4
2026-10-03T14:25:49.843+08:00 SET cycle=1081 mon=1 img=A hr=0x00000000 dur_ms=1.6
2026-10-03T14:25:59.810+08:00 SET cycle=1082 mon=1 img=B hr=0x00000000 dur_ms=2.0
2026-10-03T14:26:09.872+08:00 SET cycle=1083 mon=1 img=A hr=0x00000000 dur_ms=1.8
2026-10-03T14:26:19.839+08:00 SET cycle=1084 mon=1 img=B hr=0x00000000 dur_ms=2.0
2026-10-03T14:26:29.800+08:00 SET cycle=1085 mon=1 img=A hr=0x00000000 dur_ms=1.8
2026-10-03T14:26:39.870+08:00 SET cycle=1086 mon=1 img=B hr=0x00000000 dur_ms=1.8
2026-10-03T14:26:49.841+08:00 SET cycle=1087 mon=1 img=A hr=0x00000000 dur_ms=1.6
2026-10-03T14:26:59.813+08:00 SET cycle=1088 mon=1 img=B hr=0x00000000 dur_ms=2.1
2026-10-03T14:27:09.818+08:00 SET cycle=1089 mon=1 img=A hr=0x00000000 dur_ms=2.0
2026-10-03T14:27:19.794+08:00 SET cycle=1090 mon=1 img=B hr=0x00000000 dur_ms=1.8
2026-10-03T14:27:29.864+08:00 SET cycle=1091 mon=1 img=A hr=0x00000000 dur_ms=2.0
2026-10-03T14:27:39.834+08:00 SET cycle=1092 mon=1 img=B hr=0x00000000 dur_ms=2.1
2026-10-03T14:27:49.803+08:00 SET cycle=1093 mon=1 img=A hr=0x00000000 dur_ms=1.9
2026-10-03T14:27:59.872+08:00 SET cycle=1094 mon=1 img=B hr=0x00000000 dur_ms=1.8
2026-10-03T14:28:09.842+08:00 SET cycle=1095 mon=1 img=A hr=0x00000000 dur_ms=1.8
2026-10-03T14:28:19.814+08:00 SET cycle=1096 mon=1 img=B hr=0x00000000 dur_ms=1.7
2026-10-03T14:28:29.884+08:00 SET cycle=1097 mon=1 img=A hr=0x00000000 dur_ms=1.7
2026-10-03T14:28:39.857+08:00 SET cycle=1098 mon=1 img=B hr=0x00000000 dur_ms=1.5
2026-10-03T14:28:49.826+08:00 SET cycle=1099 mon=1 img=A hr=0x00000000 dur_ms=2.4
2026-10-03T14:28:59.886+08:00 SET cycle=1100 mon=1 img=B hr=0x00000000 dur_ms=1.9
2026-10-03T14:29:09.847+08:00 SET cycle=1101 mon=1 img=A hr=0x00000000 dur_ms=1.8
2026-10-03T14:29:19.819+08:00 SET cycle=1102 mon=1 img=B hr=0x00000000 dur_ms=1.9
2026-10-03T14:29:29.878+08:00 SET cycle=1103 mon=1 img=A hr=0x00000000 dur_ms=1.7
2026-10-03T14:29:39.842+08:00 SET cycle=1104 mon=1 img=B hr=0x00000000 dur_ms=1.4
2026-10-03T14:29:49.799+08:00 SET cycle=1105 mon=1 img=A hr=0x00000000 dur_ms=1.7
2026-10-03T14:29:59.868+08:00 SET cycle=1106 mon=1 img=B hr=0x00000000 dur_ms=1.6
2026-10-03T14:30:09.839+08:00 SET cycle=1107 mon=1 img=A hr=0x00000000 dur_ms=2.7
2026-10-03T14:30:19.801+08:00 SET cycle=1108 mon=1 img=B hr=0x00000000 dur_ms=2.0
2026-10-03T14:30:29.871+08:00 SET cycle=1109 mon=1 img=A hr=0x00000000 dur_ms=1.8
2026-10-03T14:30:39.839+08:00 SET cycle=1110 mon=1 img=B hr=0x00000000 dur_ms=2.2
2026-10-03T14:30:49.810+08:00 SET cycle=1111 mon=1 img=A hr=0x00000000 dur_ms=1.8
2026-10-03T14:30:59.871+08:00 SET cycle=1112 mon=1 img=B hr=0x00000000 dur_ms=1.6
2026-10-03T14:31:09.843+08:00 SET cycle=1113 mon=1 img=A hr=0x00000000 dur_ms=2.5
2026-10-03T14:31:19.817+08:00 SET cycle=1114 mon=1 img=B hr=0x00000000 dur_ms=1.9
2026-10-03T14:31:29.881+08:00 SET cycle=1115 mon=1 img=A hr=0x00000000 dur_ms=2.0
2026-10-03T14:31:39.839+08:00 SET cycle=1116 mon=1 img=B hr=0x00000000 dur_ms=2.2
2026-10-03T14:31:49.812+08:00 SET cycle=1117 mon=1 img=A hr=0x00000000 dur_ms=1.7
2026-10-03T14:31:59.876+08:00 SET cycle=1118 mon=1 img=B hr=0x00000000 dur_ms=1.8
2026-10-03T14:32:09.845+08:00 SET cycle=1119 mon=1 img=A hr=0x00000000 dur_ms=1.6
2026-10-03T14:32:19.818+08:00 SET cycle=1120 mon=1 img=B hr=0x00000000 dur_ms=2.4
2026-10-03T14:32:29.887+08:00 SET cycle=1121 mon=1 img=A hr=0x00000000 dur_ms=1.9
2026-10-03T14:32:39.857+08:00 SET cycle=1122 mon=1 img=B hr=0x00000000 dur_ms=1.4
2026-10-03T14:32:49.811+08:00 SET cycle=1123 mon=1 img=A hr=0x00000000 dur_ms=2.0
2026-10-03T14:32:59.885+08:00 SET cycle=1124 mon=1 img=B hr=0x00000000 dur_ms=1.6
2026-10-03T14:33:09.855+08:00 SET cycle=1125 mon=1 img=A hr=0x00000000 dur_ms=1.3
2026-10-03T14:33:19.812+08:00 SET cycle=1126 mon=1 img=B hr=0x00000000 dur_ms=2.0
2026-10-03T14:33:29.878+08:00 SET cycle=1127 mon=1 img=A hr=0x00000000 dur_ms=2.2
2026-10-03T14:33:39.841+08:00 SET cycle=1128 mon=1 img=B hr=0x00000000 dur_ms=1.7
2026-10-03T14:33:49.811+08:00 SET cycle=1129 mon=1 img=A hr=0x00000000 dur_ms=2.1
2026-10-03T14:33:59.875+08:00 SET cycle=1130 mon=1 img=B hr=0x00000000 dur_ms=1.8
2026-10-03T14:34:09.840+08:00 SET cycle=1131 mon=1 img=A hr=0x00000000 dur_ms=2.3
2026-10-03T14:34:19.804+08:00 SET cycle=1132 mon=1 img=B hr=0x00000000 dur_ms=1.4
2026-10-03T14:34:29.881+08:00 SET cycle=1133 mon=1 img=A hr=0x00000000 dur_ms=2.1
2026-10-03T14:34:39.848+08:00 SET cycle=1134 mon=1 img=B hr=0x00000000 dur_ms=1.7
2026-10-03T14:34:49.817+08:00 SET cycle=1135 mon=1 img=A hr=0x00000000 dur_ms=1.3
2026-10-03T14:34:59.890+08:00 SET cycle=1136 mon=1 img=B hr=0x00000000 dur_ms=2.8
2026-10-03T14:35:09.864+08:00 SET cycle=1137 mon=1 img=A hr=0x00000000 dur_ms=1.9
2026-10-03T14:35:19.831+08:00 SET cycle=1138 mon=1 img=B hr=0x00000000 dur_ms=1.6
2026-10-03T14:35:29.802+08:00 SET cycle=1139 mon=1 img=A hr=0x00000000 dur_ms=2.0
2026-10-03T14:35:39.869+08:00 SET cycle=1140 mon=1 img=B hr=0x00000000 dur_ms=2.0
2026-10-03T14:35:49.839+08:00 SET cycle=1141 mon=1 img=A hr=0x00000000 dur_ms=1.8
2026-10-03T14:35:59.802+08:00 SET cycle=1142 mon=1 img=B hr=0x00000000 dur_ms=2.7
2026-10-03T14:36:09.862+08:00 SET cycle=1143 mon=1 img=A hr=0x00000000 dur_ms=2.0
2026-10-03T14:36:19.834+08:00 SET cycle=1144 mon=1 img=B hr=0x00000000 dur_ms=1.4
2026-10-03T14:36:29.895+08:00 SET cycle=1145 mon=1 img=A hr=0x00000000 dur_ms=1.8
2026-10-03T14:36:39.866+08:00 SET cycle=1146 mon=1 img=B hr=0x00000000 dur_ms=1.6
2026-10-03T14:36:49.823+08:00 SET cycle=1147 mon=1 img=A hr=0x00000000 dur_ms=2.0
2026-10-03T14:36:59.888+08:00 SET cycle=1148 mon=1 img=B hr=0x00000000 dur_ms=1.9
2026-10-03T14:37:09.858+08:00 SET cycle=1149 mon=1 img=A hr=0x00000000 dur_ms=1.4
2026-10-03T14:37:19.823+08:00 SET cycle=1150 mon=1 img=B hr=0x00000000 dur_ms=1.5
2026-10-03T14:37:29.886+08:00 SET cycle=1151 mon=1 img=A hr=0x00000000 dur_ms=2.1
2026-10-03T14:37:39.858+08:00 SET cycle=1152 mon=1 img=B hr=0x00000000 dur_ms=1.9
2026-10-03T14:37:49.826+08:00 SET cycle=1153 mon=1 img=A hr=0x00000000 dur_ms=2.1
2026-10-03T14:37:59.892+08:00 SET cycle=1154 mon=1 img=B hr=0x00000000 dur_ms=1.8
2026-10-03T14:38:09.862+08:00 SET cycle=1155 mon=1 img=A hr=0x00000000 dur_ms=1.7
2026-10-03T14:38:19.834+08:00 SET cycle=1156 mon=1 img=B hr=0x00000000 dur_ms=1.7
2026-10-03T14:38:29.808+08:00 SET cycle=1157 mon=1 img=A hr=0x00000000 dur_ms=2.2
2026-10-03T14:38:39.875+08:00 SET cycle=1158 mon=1 img=B hr=0x00000000 dur_ms=1.8
2026-10-03T14:38:49.848+08:00 SET cycle=1159 mon=1 img=A hr=0x00000000 dur_ms=1.8
2026-10-03T14:38:59.819+08:00 SET cycle=1160 mon=1 img=B hr=0x00000000 dur_ms=1.9
2026-10-03T14:39:09.885+08:00 SET cycle=1161 mon=1 img=A hr=0x00000000 dur_ms=1.9
2026-10-03T14:39:19.842+08:00 SET cycle=1162 mon=1 img=B hr=0x00000000 dur_ms=1.4
2026-10-03T14:39:29.800+08:00 SET cycle=1163 mon=1 img=A hr=0x00000000 dur_ms=1.9
2026-10-03T14:39:39.871+08:00 SET cycle=1164 mon=1 img=B hr=0x00000000 dur_ms=1.7
2026-10-03T14:39:49.843+08:00 SET cycle=1165 mon=1 img=A hr=0x00000000 dur_ms=2.3
2026-10-03T14:39:59.804+08:00 SET cycle=1166 mon=1 img=B hr=0x00000000 dur_ms=1.5
2026-10-03T14:40:09.865+08:00 SET cycle=1167 mon=1 img=A hr=0x00000000 dur_ms=2.1
2026-10-03T14:40:19.823+08:00 SET cycle=1168 mon=1 img=B hr=0x00000000 dur_ms=1.4
2026-10-03T14:40:29.892+08:00 SET cycle=1169 mon=1 img=A hr=0x00000000 dur_ms=1.8
2026-10-03T14:40:39.861+08:00 SET cycle=1170 mon=1 img=B hr=0x00000000 dur_ms=1.7
2026-10-03T14:40:49.829+08:00 SET cycle=1171 mon=1 img=A hr=0x00000000 dur_ms=1.7
2026-10-03T14:40:59.887+08:00 SET cycle=1172 mon=1 img=B hr=0x00000000 dur_ms=2.5
2026-10-03T14:41:09.851+08:00 SET cycle=1173 mon=1 img=A hr=0x00000000 dur_ms=1.8
2026-10-03T14:41:19.823+08:00 SET cycle=1174 mon=1 img=B hr=0x00000000 dur_ms=1.9
2026-10-03T14:41:29.892+08:00 SET cycle=1175 mon=1 img=A hr=0x00000000 dur_ms=2.8
2026-10-03T14:41:39.855+08:00 SET cycle=1176 mon=1 img=B hr=0x00000000 dur_ms=2.4
2026-10-03T14:41:49.828+08:00 SET cycle=1177 mon=1 img=A hr=0x00000000 dur_ms=1.3
2026-10-03T14:41:59.797+08:00 SET cycle=1178 mon=1 img=B hr=0x00000000 dur_ms=1.8
2026-10-03T14:42:09.871+08:00 SET cycle=1179 mon=1 img=A hr=0x00000000 dur_ms=2.4
2026-10-03T14:42:19.841+08:00 SET cycle=1180 mon=1 img=B hr=0x00000000 dur_ms=1.6
2026-10-03T14:42:29.808+08:00 SET cycle=1181 mon=1 img=A hr=0x00000000 dur_ms=1.4
2026-10-03T14:42:39.880+08:00 SET cycle=1182 mon=1 img=B hr=0x00000000 dur_ms=1.9
2026-10-03T14:42:49.848+08:00 SET cycle=1183 mon=1 img=A hr=0x00000000 dur_ms=1.7
2026-10-03T14:42:59.805+08:00 SET cycle=1184 mon=1 img=B hr=0x00000000 dur_ms=1.5
2026-10-03T14:43:09.872+08:00 SET cycle=1185 mon=1 img=A hr=0x00000000 dur_ms=2.6
2026-10-03T14:43:19.836+08:00 SET cycle=1186 mon=1 img=B hr=0x00000000 dur_ms=1.6
2026-10-03T14:43:29.799+08:00 SET cycle=1187 mon=1 img=A hr=0x00000000 dur_ms=1.9
2026-10-03T14:43:39.870+08:00 SET cycle=1188 mon=1 img=B hr=0x00000000 dur_ms=2.6
2026-10-03T14:43:49.837+08:00 SET cycle=1189 mon=1 img=A hr=0x00000000 dur_ms=1.9
2026-10-03T14:43:59.802+08:00 SET cycle=1190 mon=1 img=B hr=0x00000000 dur_ms=2.0
2026-10-03T14:44:09.867+08:00 SET cycle=1191 mon=1 img=A hr=0x00000000 dur_ms=1.7
2026-10-03T14:44:19.836+08:00 SET cycle=1192 mon=1 img=B hr=0x00000000 dur_ms=2.0
2026-10-03T14:44:29.798+08:00 SET cycle=1193 mon=1 img=A hr=0x00000000 dur_ms=1.8
2026-10-03T14:44:39.870+08:00 SET cycle=1194 mon=1 img=B hr=0x00000000 dur_ms=2.0
2026-10-03T14:44:49.841+08:00 SET cycle=1195 mon=1 img=A hr=0x00000000 dur_ms=1.8
2026-10-03T14:44:59.813+08:00 SET cycle=1196 mon=1 img=B hr=0x00000000 dur_ms=1.9
2026-10-03T14:45:09.878+08:00 SET cycle=1197 mon=1 img=A hr=0x00000000 dur_ms=1.9
2026-10-03T14:45:19.847+08:00 SET cycle=1198 mon=1 img=B hr=0x00000000 dur_ms=1.5
2026-10-03T14:45:29.819+08:00 SET cycle=1199 mon=1 img=A hr=0x00000000 dur_ms=1.5
2026-10-03T14:45:39.878+08:00 SET cycle=1200 mon=1 img=B hr=0x00000000 dur_ms=1.9
2026-10-03T14:45:49.848+08:00 SET cycle=1201 mon=1 img=A hr=0x00000000 dur_ms=1.5
2026-10-03T14:45:59.806+08:00 SET cycle=1202 mon=1 img=B hr=0x00000000 dur_ms=2.1
2026-10-03T14:46:09.868+08:00 SET cycle=1203 mon=1 img=A hr=0x00000000 dur_ms=1.8
2026-10-03T14:46:19.834+08:00 SET cycle=1204 mon=1 img=B hr=0x00000000 dur_ms=1.5
2026-10-03T14:46:29.799+08:00 SET cycle=1205 mon=1 img=A hr=0x00000000 dur_ms=2.6
2026-10-03T14:46:39.864+08:00 SET cycle=1206 mon=1 img=B hr=0x00000000 dur_ms=1.9
2026-10-03T14:46:49.829+08:00 SET cycle=1207 mon=1 img=A hr=0x00000000 dur_ms=1.7
2026-10-03T14:46:59.798+08:00 SET cycle=1208 mon=1 img=B hr=0x00000000 dur_ms=2.0
2026-10-03T14:47:09.891+08:00 SET cycle=1209 mon=1 img=A hr=0x00000000 dur_ms=1.4
2026-10-03T14:47:19.817+08:00 SET cycle=1210 mon=1 img=B hr=0x00000000 dur_ms=2.6
2026-10-03T14:47:29.881+08:00 SET cycle=1211 mon=1 img=A hr=0x00000000 dur_ms=1.7
2026-10-03T14:47:39.848+08:00 SET cycle=1212 mon=1 img=B hr=0x00000000 dur_ms=1.5
2026-10-03T14:47:49.817+08:00 SET cycle=1213 mon=1 img=A hr=0x00000000 dur_ms=1.6
2026-10-03T14:47:59.886+08:00 SET cycle=1214 mon=1 img=B hr=0x00000000 dur_ms=1.7
2026-10-03T14:48:09.855+08:00 SET cycle=1215 mon=1 img=A hr=0x00000000 dur_ms=2.9
2026-10-03T14:48:19.823+08:00 SET cycle=1216 mon=1 img=B hr=0x00000000 dur_ms=2.1
2026-10-03T14:48:29.796+08:00 SET cycle=1217 mon=1 img=A hr=0x00000000 dur_ms=2.3
2026-10-03T14:48:39.864+08:00 SET cycle=1218 mon=1 img=B hr=0x00000000 dur_ms=1.7
2026-10-03T14:48:49.834+08:00 SET cycle=1219 mon=1 img=A hr=0x00000000 dur_ms=1.5
2026-10-03T14:48:59.805+08:00 SET cycle=1220 mon=1 img=B hr=0x00000000 dur_ms=2.0
2026-10-03T14:49:09.869+08:00 SET cycle=1221 mon=1 img=A hr=0x00000000 dur_ms=1.7
2026-10-03T14:49:19.840+08:00 SET cycle=1222 mon=1 img=B hr=0x00000000 dur_ms=1.5
2026-10-03T14:49:29.831+08:00 SET cycle=1223 mon=1 img=A hr=0x00000000 dur_ms=2.7
2026-10-03T14:49:39.889+08:00 SET cycle=1224 mon=1 img=B hr=0x00000000 dur_ms=1.3
2026-10-03T14:49:49.864+08:00 SET cycle=1225 mon=1 img=A hr=0x00000000 dur_ms=1.7
2026-10-03T14:49:59.837+08:00 SET cycle=1226 mon=1 img=B hr=0x00000000 dur_ms=1.7
2026-10-03T14:50:09.807+08:00 SET cycle=1227 mon=1 img=A hr=0x00000000 dur_ms=2.5
2026-10-03T14:50:19.881+08:00 SET cycle=1228 mon=1 img=B hr=0x00000000 dur_ms=2.5
2026-10-03T14:50:29.845+08:00 SET cycle=1229 mon=1 img=A hr=0x00000000 dur_ms=1.9
2026-10-03T14:50:39.817+08:00 SET cycle=1230 mon=1 img=B hr=0x00000000 dur_ms=1.5
2026-10-03T14:50:49.893+08:00 SET cycle=1231 mon=1 img=A hr=0x00000000 dur_ms=2.1
2026-10-03T14:50:59.854+08:00 SET cycle=1232 mon=1 img=B hr=0x00000000 dur_ms=2.3
2026-10-03T14:51:09.814+08:00 SET cycle=1233 mon=1 img=A hr=0x00000000 dur_ms=2.1
2026-10-03T14:51:19.881+08:00 SET cycle=1234 mon=1 img=B hr=0x00000000 dur_ms=1.6
2026-10-03T14:51:29.852+08:00 SET cycle=1235 mon=1 img=A hr=0x00000000 dur_ms=1.8
2026-10-03T14:51:39.817+08:00 SET cycle=1236 mon=1 img=B hr=0x00000000 dur_ms=1.8
2026-10-03T14:51:49.875+08:00 SET cycle=1237 mon=1 img=A hr=0x00000000 dur_ms=2.0
2026-10-03T14:51:59.834+08:00 SET cycle=1238 mon=1 img=B hr=0x00000000 dur_ms=1.4
2026-10-03T14:52:09.889+08:00 SET cycle=1239 mon=1 img=A hr=0x00000000 dur_ms=2.1
2026-10-03T14:52:19.858+08:00 SET cycle=1240 mon=1 img=B hr=0x00000000 dur_ms=1.6
2026-10-03T14:52:29.818+08:00 SET cycle=1241 mon=1 img=A hr=0x00000000 dur_ms=1.5
2026-10-03T14:52:39.890+08:00 SET cycle=1242 mon=1 img=B hr=0x00000000 dur_ms=2.2
2026-10-03T14:52:49.852+08:00 SET cycle=1243 mon=1 img=A hr=0x00000000 dur_ms=1.8
2026-10-03T14:52:59.828+08:00 SET cycle=1244 mon=1 img=B hr=0x00000000 dur_ms=2.4
2026-10-03T14:53:09.886+08:00 SET cycle=1245 mon=1 img=A hr=0x00000000 dur_ms=1.7
2026-10-03T14:53:19.856+08:00 SET cycle=1246 mon=1 img=B hr=0x00000000 dur_ms=1.8
2026-10-03T14:53:29.814+08:00 SET cycle=1247 mon=1 img=A hr=0x00000000 dur_ms=1.9
2026-10-03T14:53:39.888+08:00 SET cycle=1248 mon=1 img=B hr=0x00000000 dur_ms=2.2
2026-10-03T14:53:49.861+08:00 SET cycle=1249 mon=1 img=A hr=0x00000000 dur_ms=1.6
2026-10-03T14:53:59.829+08:00 SET cycle=1250 mon=1 img=B hr=0x00000000 dur_ms=1.8
2026-10-03T14:54:09.802+08:00 SET cycle=1251 mon=1 img=A hr=0x00000000 dur_ms=1.9
2026-10-03T14:54:19.870+08:00 SET cycle=1252 mon=1 img=B hr=0x00000000 dur_ms=2.4
2026-10-03T14:54:29.832+08:00 SET cycle=1253 mon=1 img=A hr=0x00000000 dur_ms=1.6
2026-10-03T14:54:39.897+08:00 SET cycle=1254 mon=1 img=B hr=0x00000000 dur_ms=2.4
2026-10-03T14:54:49.856+08:00 SET cycle=1255 mon=1 img=A hr=0x00000000 dur_ms=1.8
2026-10-03T14:54:59.820+08:00 SET cycle=1256 mon=1 img=B hr=0x00000000 dur_ms=2.1
2026-10-03T14:55:09.880+08:00 SET cycle=1257 mon=1 img=A hr=0x00000000 dur_ms=1.6
2026-10-03T14:55:19.848+08:00 SET cycle=1258 mon=1 img=B hr=0x00000000 dur_ms=1.8
2026-10-03T14:55:29.806+08:00 SET cycle=1259 mon=1 img=A hr=0x00000000 dur_ms=1.4
2026-10-03T14:55:39.895+08:00 SET cycle=1260 mon=1 img=B hr=0x00000000 dur_ms=2.1
2026-10-03T14:55:49.861+08:00 SET cycle=1261 mon=1 img=A hr=0x00000000 dur_ms=1.9
2026-10-03T14:55:59.826+08:00 SET cycle=1262 mon=1 img=B hr=0x00000000 dur_ms=2.8
2026-10-03T14:56:09.898+08:00 SET cycle=1263 mon=1 img=A hr=0x00000000 dur_ms=2.6
2026-10-03T14:56:19.867+08:00 SET cycle=1264 mon=1 img=B hr=0x00000000 dur_ms=1.9
2026-10-03T14:56:29.839+08:00 SET cycle=1265 mon=1 img=A hr=0x00000000 dur_ms=1.6
2026-10-03T14:56:39.895+08:00 SET cycle=1266 mon=1 img=B hr=0x00000000 dur_ms=2.1
2026-10-03T14:56:49.855+08:00 SET cycle=1267 mon=1 img=A hr=0x00000000 dur_ms=2.6
2026-10-03T14:56:59.822+08:00 SET cycle=1268 mon=1 img=B hr=0x00000000 dur_ms=1.3
2026-10-03T14:57:09.891+08:00 SET cycle=1269 mon=1 img=A hr=0x00000000 dur_ms=2.4
2026-10-03T14:57:19.856+08:00 SET cycle=1270 mon=1 img=B hr=0x00000000 dur_ms=1.9
2026-10-03T14:57:29.820+08:00 SET cycle=1271 mon=1 img=A hr=0x00000000 dur_ms=1.9
2026-10-03T14:57:39.893+08:00 SET cycle=1272 mon=1 img=B hr=0x00000000 dur_ms=2.3
2026-10-03T14:57:49.863+08:00 SET cycle=1273 mon=1 img=A hr=0x00000000 dur_ms=3.3
2026-10-03T14:57:59.825+08:00 SET cycle=1274 mon=1 img=B hr=0x00000000 dur_ms=1.6
2026-10-03T14:58:09.893+08:00 SET cycle=1275 mon=1 img=A hr=0x00000000 dur_ms=2.1
2026-10-03T14:58:19.852+08:00 SET cycle=1276 mon=1 img=B hr=0x00000000 dur_ms=1.8
2026-10-03T14:58:29.819+08:00 SET cycle=1277 mon=1 img=A hr=0x00000000 dur_ms=2.2
2026-10-03T14:58:39.888+08:00 SET cycle=1278 mon=1 img=B hr=0x00000000 dur_ms=2.2
2026-10-03T14:58:49.851+08:00 SET cycle=1279 mon=1 img=A hr=0x00000000 dur_ms=2.2
2026-10-03T14:58:59.825+08:00 SET cycle=1280 mon=1 img=B hr=0x00000000 dur_ms=1.8
2026-10-03T14:59:09.888+08:00 SET cycle=1281 mon=1 img=A hr=0x00000000 dur_ms=2.3
2026-10-03T14:59:19.857+08:00 SET cycle=1282 mon=1 img=B hr=0x00000000 dur_ms=1.3
2026-10-03T14:59:29.832+08:00 SET cycle=1283 mon=1 img=A hr=0x00000000 dur_ms=2.7
2026-10-03T14:59:39.803+08:00 SET cycle=1284 mon=1 img=B hr=0x00000000 dur_ms=2.7
2026-10-03T14:59:49.876+08:00 SET cycle=1285 mon=1 img=A hr=0x00000000 dur_ms=2.9
2026-10-03T14:59:59.833+08:00 SET cycle=1286 mon=1 img=B hr=0x00000000 dur_ms=1.7
2026-10-03T15:00:09.890+08:00 SET cycle=1287 mon=1 img=A hr=0x00000000 dur_ms=2.2
2026-10-03T15:00:19.864+08:00 SET cycle=1288 mon=1 img=B hr=0x00000000 dur_ms=1.8
2026-10-03T15:00:29.832+08:00 SET cycle=1289 mon=1 img=A hr=0x00000000 dur_ms=1.3
2026-10-03T15:00:39.895+08:00 SET cycle=1290 mon=1 img=B hr=0x00000000 dur_ms=2.0
2026-10-03T15:00:49.858+08:00 SET cycle=1291 mon=1 img=A hr=0x00000000 dur_ms=1.7
2026-10-03T15:00:59.816+08:00 SET cycle=1292 mon=1 img=B hr=0x00000000 dur_ms=2.0
2026-10-03T15:01:09.891+08:00 SET cycle=1293 mon=1 img=A hr=0x00000000 dur_ms=1.2
2026-10-03T15:01:19.856+08:00 SET cycle=1294 mon=1 img=B hr=0x00000000 dur_ms=2.5
2026-10-03T15:01:29.824+08:00 SET cycle=1295 mon=1 img=A hr=0x00000000 dur_ms=2.4
2026-10-03T15:01:39.892+08:00 SET cycle=1296 mon=1 img=B hr=0x00000000 dur_ms=3.5
2026-10-03T15:01:49.865+08:00 SET cycle=1297 mon=1 img=A hr=0x00000000 dur_ms=3.5
2026-10-03T15:01:59.826+08:00 SET cycle=1298 mon=1 img=B hr=0x00000000 dur_ms=1.8
2026-10-03T15:02:09.896+08:00 SET cycle=1299 mon=1 img=A hr=0x00000000 dur_ms=3.0
2026-10-03T15:02:19.872+08:00 SET cycle=1300 mon=1 img=B hr=0x00000000 dur_ms=2.6
2026-10-03T15:02:29.832+08:00 SET cycle=1301 mon=1 img=A hr=0x00000000 dur_ms=1.7
2026-10-03T15:02:39.801+08:00 SET cycle=1302 mon=1 img=B hr=0x00000000 dur_ms=1.8
2026-10-03T15:02:49.896+08:00 SET cycle=1303 mon=1 img=A hr=0x00000000 dur_ms=2.1
2026-10-03T15:02:59.871+08:00 SET cycle=1304 mon=1 img=B hr=0x00000000 dur_ms=1.7
2026-10-03T15:03:09.830+08:00 SET cycle=1305 mon=1 img=A hr=0x00000000 dur_ms=1.5
2026-10-03T15:03:19.884+08:00 SET cycle=1306 mon=1 img=B hr=0x00000000 dur_ms=1.9
2026-10-03T15:03:29.854+08:00 SET cycle=1307 mon=1 img=A hr=0x00000000 dur_ms=1.8
2026-10-03T15:03:39.813+08:00 SET cycle=1308 mon=1 img=B hr=0x00000000 dur_ms=1.9
2026-10-03T15:03:49.876+08:00 SET cycle=1309 mon=1 img=A hr=0x00000000 dur_ms=2.0
2026-10-03T15:03:59.843+08:00 SET cycle=1310 mon=1 img=B hr=0x00000000 dur_ms=1.7
2026-10-03T15:04:09.811+08:00 SET cycle=1311 mon=1 img=A hr=0x00000000 dur_ms=2.2
2026-10-03T15:04:19.880+08:00 SET cycle=1312 mon=1 img=B hr=0x00000000 dur_ms=2.0
2026-10-03T15:04:29.857+08:00 SET cycle=1313 mon=1 img=A hr=0x00000000 dur_ms=2.7
2026-10-03T15:04:39.821+08:00 SET cycle=1314 mon=1 img=B hr=0x00000000 dur_ms=1.9
2026-10-03T15:04:49.883+08:00 SET cycle=1315 mon=1 img=A hr=0x00000000 dur_ms=1.8
2026-10-03T15:04:59.846+08:00 SET cycle=1316 mon=1 img=B hr=0x00000000 dur_ms=2.5
2026-10-03T15:05:09.802+08:00 SET cycle=1317 mon=1 img=A hr=0x00000000 dur_ms=2.8
2026-10-03T15:05:19.875+08:00 SET cycle=1318 mon=1 img=B hr=0x00000000 dur_ms=2.3
2026-10-03T15:05:29.841+08:00 SET cycle=1319 mon=1 img=A hr=0x00000000 dur_ms=1.2
2026-10-03T15:05:39.806+08:00 SET cycle=1320 mon=1 img=B hr=0x00000000 dur_ms=1.5
2026-10-03T15:05:49.868+08:00 SET cycle=1321 mon=1 img=A hr=0x00000000 dur_ms=2.3
2026-10-03T15:05:59.834+08:00 SET cycle=1322 mon=1 img=B hr=0x00000000 dur_ms=1.7
2026-10-03T15:06:09.801+08:00 SET cycle=1323 mon=1 img=A hr=0x00000000 dur_ms=1.8
2026-10-03T15:06:19.872+08:00 SET cycle=1324 mon=1 img=B hr=0x00000000 dur_ms=1.9
2026-10-03T15:06:29.844+08:00 SET cycle=1325 mon=1 img=A hr=0x00000000 dur_ms=2.1
2026-10-03T15:06:39.816+08:00 SET cycle=1326 mon=1 img=B hr=0x00000000 dur_ms=1.8
2026-10-03T15:06:49.885+08:00 SET cycle=1327 mon=1 img=A hr=0x00000000 dur_ms=2.6
2026-10-03T15:06:59.844+08:00 SET cycle=1328 mon=1 img=B hr=0x00000000 dur_ms=2.6
2026-10-03T15:07:09.821+08:00 SET cycle=1329 mon=1 img=A hr=0x00000000 dur_ms=2.2
2026-10-03T15:07:19.885+08:00 SET cycle=1330 mon=1 img=B hr=0x00000000 dur_ms=2.0
2026-10-03T15:07:29.860+08:00 SET cycle=1331 mon=1 img=A hr=0x00000000 dur_ms=2.2
2026-10-03T15:07:39.829+08:00 SET cycle=1332 mon=1 img=B hr=0x00000000 dur_ms=2.8
2026-10-03T15:07:49.894+08:00 SET cycle=1333 mon=1 img=A hr=0x00000000 dur_ms=1.9
2026-10-03T15:07:59.863+08:00 SET cycle=1334 mon=1 img=B hr=0x00000000 dur_ms=1.6
2026-10-03T15:08:09.830+08:00 SET cycle=1335 mon=1 img=A hr=0x00000000 dur_ms=2.0
2026-10-03T15:08:19.804+08:00 SET cycle=1336 mon=1 img=B hr=0x00000000 dur_ms=1.9
2026-10-03T15:08:29.867+08:00 SET cycle=1337 mon=1 img=A hr=0x00000000 dur_ms=2.2
2026-10-03T15:08:39.833+08:00 SET cycle=1338 mon=1 img=B hr=0x00000000 dur_ms=2.1
2026-10-03T15:08:49.899+08:00 SET cycle=1339 mon=1 img=A hr=0x00000000 dur_ms=2.7
2026-10-03T15:08:59.867+08:00 SET cycle=1340 mon=1 img=B hr=0x00000000 dur_ms=2.3
2026-10-03T15:09:09.840+08:00 SET cycle=1341 mon=1 img=A hr=0x00000000 dur_ms=1.7
2026-10-03T15:09:19.803+08:00 SET cycle=1342 mon=1 img=B hr=0x00000000 dur_ms=2.0
2026-10-03T15:09:29.870+08:00 SET cycle=1343 mon=1 img=A hr=0x00000000 dur_ms=2.6
2026-10-03T15:09:39.835+08:00 SET cycle=1344 mon=1 img=B hr=0x00000000 dur_ms=2.3
2026-10-03T15:09:49.900+08:00 SET cycle=1345 mon=1 img=A hr=0x00000000 dur_ms=2.6
2026-10-03T15:09:59.859+08:00 SET cycle=1346 mon=1 img=B hr=0x00000000 dur_ms=2.2
2026-10-03T15:10:09.824+08:00 SET cycle=1347 mon=1 img=A hr=0x00000000 dur_ms=2.2
2026-10-03T15:10:19.883+08:00 SET cycle=1348 mon=1 img=B hr=0x00000000 dur_ms=2.3
2026-10-03T15:10:29.852+08:00 SET cycle=1349 mon=1 img=A hr=0x00000000 dur_ms=2.4
2026-10-03T15:10:39.820+08:00 SET cycle=1350 mon=1 img=B hr=0x00000000 dur_ms=2.3
2026-10-03T15:10:49.886+08:00 SET cycle=1351 mon=1 img=A hr=0x00000000 dur_ms=2.4
2026-10-03T15:10:59.851+08:00 SET cycle=1352 mon=1 img=B hr=0x00000000 dur_ms=2.0
2026-10-03T15:11:09.819+08:00 SET cycle=1353 mon=1 img=A hr=0x00000000 dur_ms=2.0
2026-10-03T15:11:19.890+08:00 SET cycle=1354 mon=1 img=B hr=0x00000000 dur_ms=1.7
2026-10-03T15:11:29.855+08:00 SET cycle=1355 mon=1 img=A hr=0x00000000 dur_ms=2.6
2026-10-03T15:11:39.823+08:00 SET cycle=1356 mon=1 img=B hr=0x00000000 dur_ms=1.6
2026-10-03T15:11:49.891+08:00 SET cycle=1357 mon=1 img=A hr=0x00000000 dur_ms=2.4
2026-10-03T15:11:59.865+08:00 SET cycle=1358 mon=1 img=B hr=0x00000000 dur_ms=1.6
2026-10-03T15:12:09.841+08:00 SET cycle=1359 mon=1 img=A hr=0x00000000 dur_ms=1.8
2026-10-03T15:12:19.801+08:00 SET cycle=1360 mon=1 img=B hr=0x00000000 dur_ms=1.7
2026-10-03T15:12:29.870+08:00 SET cycle=1361 mon=1 img=A hr=0x00000000 dur_ms=1.8
2026-10-03T15:12:39.836+08:00 SET cycle=1362 mon=1 img=B hr=0x00000000 dur_ms=2.7
2026-10-03T15:12:49.807+08:00 SET cycle=1363 mon=1 img=A hr=0x00000000 dur_ms=1.9
2026-10-03T15:12:59.874+08:00 SET cycle=1364 mon=1 img=B hr=0x00000000 dur_ms=2.1
2026-10-03T15:13:09.833+08:00 SET cycle=1365 mon=1 img=A hr=0x00000000 dur_ms=1.3
2026-10-03T15:13:19.807+08:00 SET cycle=1366 mon=1 img=B hr=0x00000000 dur_ms=2.1
2026-10-03T15:13:29.877+08:00 SET cycle=1367 mon=1 img=A hr=0x00000000 dur_ms=2.8
2026-10-03T15:13:39.839+08:00 SET cycle=1368 mon=1 img=B hr=0x00000000 dur_ms=2.1
2026-10-03T15:13:49.900+08:00 SET cycle=1369 mon=1 img=A hr=0x00000000 dur_ms=2.5
2026-10-03T15:13:59.868+08:00 SET cycle=1370 mon=1 img=B hr=0x00000000 dur_ms=1.8
2026-10-03T15:14:09.833+08:00 SET cycle=1371 mon=1 img=A hr=0x00000000 dur_ms=3.4
2026-10-03T15:14:19.893+08:00 SET cycle=1372 mon=1 img=B hr=0x00000000 dur_ms=1.3
2026-10-03T15:14:29.864+08:00 SET cycle=1373 mon=1 img=A hr=0x00000000 dur_ms=2.2
2026-10-03T15:14:39.829+08:00 SET cycle=1374 mon=1 img=B hr=0x00000000 dur_ms=1.6
2026-10-03T15:14:49.896+08:00 SET cycle=1375 mon=1 img=A hr=0x00000000 dur_ms=1.9
2026-10-03T15:14:59.865+08:00 SET cycle=1376 mon=1 img=B hr=0x00000000 dur_ms=2.5
2026-10-03T15:15:09.828+08:00 SET cycle=1377 mon=1 img=A hr=0x00000000 dur_ms=2.9
2026-10-03T15:15:19.801+08:00 SET cycle=1378 mon=1 img=B hr=0x00000000 dur_ms=1.6
2026-10-03T15:15:29.868+08:00 SET cycle=1379 mon=1 img=A hr=0x00000000 dur_ms=2.4
2026-10-03T15:15:39.834+08:00 SET cycle=1380 mon=1 img=B hr=0x00000000 dur_ms=1.8
2026-10-03T15:15:49.804+08:00 SET cycle=1381 mon=1 img=A hr=0x00000000 dur_ms=2.3
2026-10-03T15:15:59.871+08:00 SET cycle=1382 mon=1 img=B hr=0x00000000 dur_ms=1.9
2026-10-03T15:16:09.845+08:00 SET cycle=1383 mon=1 img=A hr=0x00000000 dur_ms=2.0
2026-10-03T15:16:19.805+08:00 SET cycle=1384 mon=1 img=B hr=0x00000000 dur_ms=1.4
2026-10-03T15:16:29.880+08:00 SET cycle=1385 mon=1 img=A hr=0x00000000 dur_ms=2.0
2026-10-03T15:16:39.855+08:00 SET cycle=1386 mon=1 img=B hr=0x00000000 dur_ms=2.5
2026-10-03T15:16:49.826+08:00 SET cycle=1387 mon=1 img=A hr=0x00000000 dur_ms=1.7
2026-10-03T15:16:59.895+08:00 SET cycle=1388 mon=1 img=B hr=0x00000000 dur_ms=1.8
2026-10-03T15:17:09.861+08:00 SET cycle=1389 mon=1 img=A hr=0x00000000 dur_ms=1.6
2026-10-03T15:17:19.829+08:00 SET cycle=1390 mon=1 img=B hr=0x00000000 dur_ms=1.7
2026-10-03T15:17:29.801+08:00 SET cycle=1391 mon=1 img=A hr=0x00000000 dur_ms=1.6
2026-10-03T15:17:39.861+08:00 SET cycle=1392 mon=1 img=B hr=0x00000000 dur_ms=2.1
2026-10-03T15:17:49.837+08:00 SET cycle=1393 mon=1 img=A hr=0x00000000 dur_ms=1.6
2026-10-03T15:17:59.806+08:00 SET cycle=1394 mon=1 img=B hr=0x00000000 dur_ms=1.6
2026-10-03T15:18:09.882+08:00 SET cycle=1395 mon=1 img=A hr=0x00000000 dur_ms=2.9
2026-10-03T15:18:19.860+08:00 SET cycle=1396 mon=1 img=B hr=0x00000000 dur_ms=2.1
2026-10-03T15:18:29.821+08:00 SET cycle=1397 mon=1 img=A hr=0x00000000 dur_ms=2.7
2026-10-03T15:18:39.894+08:00 SET cycle=1398 mon=1 img=B hr=0x00000000 dur_ms=2.4
2026-10-03T15:18:49.858+08:00 SET cycle=1399 mon=1 img=A hr=0x00000000 dur_ms=1.8
2026-10-03T15:18:59.831+08:00 SET cycle=1400 mon=1 img=B hr=0x00000000 dur_ms=2.1
2026-10-03T15:19:09.899+08:00 SET cycle=1401 mon=1 img=A hr=0x00000000 dur_ms=2.5
2026-10-03T15:19:19.866+08:00 SET cycle=1402 mon=1 img=B hr=0x00000000 dur_ms=2.2
2026-10-03T15:19:29.821+08:00 SET cycle=1403 mon=1 img=A hr=0x00000000 dur_ms=1.2
2026-10-03T15:19:39.893+08:00 SET cycle=1404 mon=1 img=B hr=0x00000000 dur_ms=2.2
2026-10-03T15:19:49.863+08:00 SET cycle=1405 mon=1 img=A hr=0x00000000 dur_ms=1.5
2026-10-03T15:19:59.833+08:00 SET cycle=1406 mon=1 img=B hr=0x00000000 dur_ms=2.1
2026-10-03T15:20:09.897+08:00 SET cycle=1407 mon=1 img=A hr=0x00000000 dur_ms=2.0
2026-10-03T15:20:19.861+08:00 SET cycle=1408 mon=1 img=B hr=0x00000000 dur_ms=1.5
2026-10-03T15:20:29.822+08:00 SET cycle=1409 mon=1 img=A hr=0x00000000 dur_ms=1.6
2026-10-03T15:20:39.887+08:00 SET cycle=1410 mon=1 img=B hr=0x00000000 dur_ms=1.7
2026-10-03T15:20:49.856+08:00 SET cycle=1411 mon=1 img=A hr=0x00000000 dur_ms=1.4
2026-10-03T15:20:59.852+08:00 SET cycle=1412 mon=1 img=B hr=0x00000000 dur_ms=1.6
2026-10-03T15:21:09.821+08:00 SET cycle=1413 mon=1 img=A hr=0x00000000 dur_ms=1.6
2026-10-03T15:21:19.888+08:00 SET cycle=1414 mon=1 img=B hr=0x00000000 dur_ms=1.5
2026-10-03T15:21:29.853+08:00 SET cycle=1415 mon=1 img=A hr=0x00000000 dur_ms=2.2
2026-10-03T15:21:39.821+08:00 SET cycle=1416 mon=1 img=B hr=0x00000000 dur_ms=1.7
2026-10-03T15:21:49.879+08:00 SET cycle=1417 mon=1 img=A hr=0x00000000 dur_ms=2.7
2026-10-03T15:21:59.840+08:00 SET cycle=1418 mon=1 img=B hr=0x00000000 dur_ms=2.1
2026-10-03T15:22:09.808+08:00 SET cycle=1419 mon=1 img=A hr=0x00000000 dur_ms=1.9
2026-10-03T15:22:19.865+08:00 SET cycle=1420 mon=1 img=B hr=0x00000000 dur_ms=1.7
2026-10-03T15:22:29.833+08:00 SET cycle=1421 mon=1 img=A hr=0x00000000 dur_ms=2.1
2026-10-03T15:22:39.892+08:00 SET cycle=1422 mon=1 img=B hr=0x00000000 dur_ms=1.3
2026-10-03T15:22:49.860+08:00 SET cycle=1423 mon=1 img=A hr=0x00000000 dur_ms=1.4
2026-10-03T15:22:59.830+08:00 SET cycle=1424 mon=1 img=B hr=0x00000000 dur_ms=1.3
2026-10-03T15:23:09.897+08:00 SET cycle=1425 mon=1 img=A hr=0x00000000 dur_ms=1.7
2026-10-03T15:23:19.869+08:00 SET cycle=1426 mon=1 img=B hr=0x00000000 dur_ms=1.7
2026-10-03T15:23:29.840+08:00 SET cycle=1427 mon=1 img=A hr=0x00000000 dur_ms=2.4
2026-10-03T15:23:39.811+08:00 SET cycle=1428 mon=1 img=B hr=0x00000000 dur_ms=1.5
2026-10-03T15:23:49.882+08:00 SET cycle=1429 mon=1 img=A hr=0x00000000 dur_ms=1.6
2026-10-03T15:23:59.853+08:00 SET cycle=1430 mon=1 img=B hr=0x00000000 dur_ms=1.8
2026-10-03T15:24:09.819+08:00 SET cycle=1431 mon=1 img=A hr=0x00000000 dur_ms=1.3
2026-10-03T15:24:19.884+08:00 SET cycle=1432 mon=1 img=B hr=0x00000000 dur_ms=2.4
2026-10-03T15:24:29.860+08:00 SET cycle=1433 mon=1 img=A hr=0x00000000 dur_ms=1.9
2026-10-03T15:24:39.823+08:00 SET cycle=1434 mon=1 img=B hr=0x00000000 dur_ms=1.6
2026-10-03T15:24:49.891+08:00 SET cycle=1435 mon=1 img=A hr=0x00000000 dur_ms=3.1
2026-10-03T15:24:59.853+08:00 SET cycle=1436 mon=1 img=B hr=0x00000000 dur_ms=1.7
2026-10-03T15:25:09.822+08:00 SET cycle=1437 mon=1 img=A hr=0x00000000 dur_ms=1.9
2026-10-03T15:25:19.895+08:00 SET cycle=1438 mon=1 img=B hr=0x00000000 dur_ms=1.5
2026-10-03T15:25:29.859+08:00 SET cycle=1439 mon=1 img=A hr=0x00000000 dur_ms=1.5
2026-10-03T15:25:39.822+08:00 SET cycle=1440 mon=1 img=B hr=0x00000000 dur_ms=1.7
2026-10-03T15:25:49.891+08:00 SET cycle=1441 mon=1 img=A hr=0x00000000 dur_ms=2.1
2026-10-03T15:25:59.858+08:00 SET cycle=1442 mon=1 img=B hr=0x00000000 dur_ms=1.8
2026-10-03T15:26:09.828+08:00 SET cycle=1443 mon=1 img=A hr=0x00000000 dur_ms=2.0
2026-10-03T15:26:19.896+08:00 SET cycle=1444 mon=1 img=B hr=0x00000000 dur_ms=2.3
2026-10-03T15:26:29.869+08:00 SET cycle=1445 mon=1 img=A hr=0x00000000 dur_ms=2.1
2026-10-03T15:26:39.835+08:00 SET cycle=1446 mon=1 img=B hr=0x00000000 dur_ms=1.4
2026-10-03T15:26:49.808+08:00 SET cycle=1447 mon=1 img=A hr=0x00000000 dur_ms=1.8
2026-10-03T15:26:59.885+08:00 SET cycle=1448 mon=1 img=B hr=0x00000000 dur_ms=1.9
2026-10-03T15:27:09.845+08:00 SET cycle=1449 mon=1 img=A hr=0x00000000 dur_ms=2.0
2026-10-03T15:27:19.819+08:00 SET cycle=1450 mon=1 img=B hr=0x00000000 dur_ms=1.8
2026-10-03T15:27:29.880+08:00 SET cycle=1451 mon=1 img=A hr=0x00000000 dur_ms=1.6
2026-10-03T15:27:39.849+08:00 SET cycle=1452 mon=1 img=B hr=0x00000000 dur_ms=1.2
2026-10-03T15:27:49.809+08:00 SET cycle=1453 mon=1 img=A hr=0x00000000 dur_ms=1.7
2026-10-03T15:27:59.879+08:00 SET cycle=1454 mon=1 img=B hr=0x00000000 dur_ms=2.1
2026-10-03T15:28:09.849+08:00 SET cycle=1455 mon=1 img=A hr=0x00000000 dur_ms=1.4
2026-10-03T15:28:19.812+08:00 SET cycle=1456 mon=1 img=B hr=0x00000000 dur_ms=1.4
2026-10-03T15:28:29.879+08:00 SET cycle=1457 mon=1 img=A hr=0x00000000 dur_ms=1.3
2026-10-03T15:28:39.843+08:00 SET cycle=1458 mon=1 img=B hr=0x00000000 dur_ms=1.8
2026-10-03T15:28:49.812+08:00 SET cycle=1459 mon=1 img=A hr=0x00000000 dur_ms=1.9
2026-10-03T15:28:59.873+08:00 SET cycle=1460 mon=1 img=B hr=0x00000000 dur_ms=2.3
2026-10-03T15:29:09.836+08:00 SET cycle=1461 mon=1 img=A hr=0x00000000 dur_ms=2.3
2026-10-03T15:29:19.901+08:00 SET cycle=1462 mon=1 img=B hr=0x00000000 dur_ms=1.9
2026-10-03T15:29:29.866+08:00 SET cycle=1463 mon=1 img=A hr=0x00000000 dur_ms=2.2
2026-10-03T15:29:39.835+08:00 SET cycle=1464 mon=1 img=B hr=0x00000000 dur_ms=2.5
2026-10-03T15:29:49.806+08:00 SET cycle=1465 mon=1 img=A hr=0x00000000 dur_ms=3.2
2026-10-03T15:29:59.872+08:00 SET cycle=1466 mon=1 img=B hr=0x00000000 dur_ms=1.3
2026-10-03T15:30:09.831+08:00 SET cycle=1467 mon=1 img=A hr=0x00000000 dur_ms=2.1
2026-10-03T15:30:19.804+08:00 SET cycle=1468 mon=1 img=B hr=0x00000000 dur_ms=1.8
2026-10-03T15:30:29.889+08:00 SET cycle=1469 mon=1 img=A hr=0x00000000 dur_ms=2.2
2026-10-03T15:30:39.845+08:00 SET cycle=1470 mon=1 img=B hr=0x00000000 dur_ms=1.7
2026-10-03T15:30:49.806+08:00 SET cycle=1471 mon=1 img=A hr=0x00000000 dur_ms=1.6
2026-10-03T15:30:59.876+08:00 SET cycle=1472 mon=1 img=B hr=0x00000000 dur_ms=1.8
2026-10-03T15:31:09.838+08:00 SET cycle=1473 mon=1 img=A hr=0x00000000 dur_ms=2.4
2026-10-03T15:31:19.812+08:00 SET cycle=1474 mon=1 img=B hr=0x00000000 dur_ms=2.0
2026-10-03T15:31:29.866+08:00 SET cycle=1475 mon=1 img=A hr=0x00000000 dur_ms=1.9
2026-10-03T15:31:39.834+08:00 SET cycle=1476 mon=1 img=B hr=0x00000000 dur_ms=2.2
2026-10-03T15:31:49.804+08:00 SET cycle=1477 mon=1 img=A hr=0x00000000 dur_ms=1.4
2026-10-03T15:31:59.863+08:00 SET cycle=1478 mon=1 img=B hr=0x00000000 dur_ms=3.2
2026-10-03T15:32:09.821+08:00 SET cycle=1479 mon=1 img=A hr=0x00000000 dur_ms=2.4
2026-10-03T15:32:19.885+08:00 SET cycle=1480 mon=1 img=B hr=0x00000000 dur_ms=2.4
2026-10-03T15:32:29.842+08:00 SET cycle=1481 mon=1 img=A hr=0x00000000 dur_ms=1.7
2026-10-03T15:32:39.813+08:00 SET cycle=1482 mon=1 img=B hr=0x00000000 dur_ms=1.6
2026-10-03T15:32:49.883+08:00 SET cycle=1483 mon=1 img=A hr=0x00000000 dur_ms=1.5
2026-10-03T15:32:59.842+08:00 SET cycle=1484 mon=1 img=B hr=0x00000000 dur_ms=1.8
2026-10-03T15:33:09.813+08:00 SET cycle=1485 mon=1 img=A hr=0x00000000 dur_ms=1.7
2026-10-03T15:33:19.886+08:00 SET cycle=1486 mon=1 img=B hr=0x00000000 dur_ms=1.9
2026-10-03T15:33:29.858+08:00 SET cycle=1487 mon=1 img=A hr=0x00000000 dur_ms=1.4
2026-10-03T15:33:39.816+08:00 SET cycle=1488 mon=1 img=B hr=0x00000000 dur_ms=1.3
2026-10-03T15:33:49.884+08:00 SET cycle=1489 mon=1 img=A hr=0x00000000 dur_ms=1.8
2026-10-03T15:33:59.844+08:00 SET cycle=1490 mon=1 img=B hr=0x00000000 dur_ms=1.7
2026-10-03T15:34:09.808+08:00 SET cycle=1491 mon=1 img=A hr=0x00000000 dur_ms=1.4
2026-10-03T15:34:19.870+08:00 SET cycle=1492 mon=1 img=B hr=0x00000000 dur_ms=2.3
2026-10-03T15:34:29.836+08:00 SET cycle=1493 mon=1 img=A hr=0x00000000 dur_ms=2.0
2026-10-03T15:34:39.809+08:00 SET cycle=1494 mon=1 img=B hr=0x00000000 dur_ms=1.6
2026-10-03T15:34:49.879+08:00 SET cycle=1495 mon=1 img=A hr=0x00000000 dur_ms=2.2
2026-10-03T15:34:59.841+08:00 SET cycle=1496 mon=1 img=B hr=0x00000000 dur_ms=3.0
2026-10-03T15:35:09.894+08:00 SET cycle=1497 mon=1 img=A hr=0x00000000 dur_ms=1.3
2026-10-03T15:35:19.856+08:00 SET cycle=1498 mon=1 img=B hr=0x00000000 dur_ms=1.7
2026-10-03T15:35:29.824+08:00 SET cycle=1499 mon=1 img=A hr=0x00000000 dur_ms=1.6
2026-10-03T15:35:39.879+08:00 SET cycle=1500 mon=1 img=B hr=0x00000000 dur_ms=1.9
2026-10-03T15:35:49.842+08:00 SET cycle=1501 mon=1 img=A hr=0x00000000 dur_ms=1.9
2026-10-03T15:35:59.807+08:00 SET cycle=1502 mon=1 img=B hr=0x00000000 dur_ms=2.0
2026-10-03T15:36:09.874+08:00 SET cycle=1503 mon=1 img=A hr=0x00000000 dur_ms=2.0
2026-10-03T15:36:19.846+08:00 SET cycle=1504 mon=1 img=B hr=0x00000000 dur_ms=1.6
2026-10-03T15:36:29.811+08:00 SET cycle=1505 mon=1 img=A hr=0x00000000 dur_ms=2.3
2026-10-03T15:36:39.873+08:00 SET cycle=1506 mon=1 img=B hr=0x00000000 dur_ms=1.4
2026-10-03T15:36:49.836+08:00 SET cycle=1507 mon=1 img=A hr=0x00000000 dur_ms=1.9
2026-10-03T15:36:59.802+08:00 SET cycle=1508 mon=1 img=B hr=0x00000000 dur_ms=1.9
2026-10-03T15:37:09.878+08:00 SET cycle=1509 mon=1 img=A hr=0x00000000 dur_ms=2.2
2026-10-03T15:37:19.856+08:00 SET cycle=1510 mon=1 img=B hr=0x00000000 dur_ms=3.1
2026-10-03T15:37:29.825+08:00 SET cycle=1511 mon=1 img=A hr=0x00000000 dur_ms=1.3
2026-10-03T15:37:39.885+08:00 SET cycle=1512 mon=1 img=B hr=0x00000000 dur_ms=2.1
2026-10-03T15:37:49.850+08:00 SET cycle=1513 mon=1 img=A hr=0x00000000 dur_ms=1.5
2026-10-03T15:37:59.818+08:00 SET cycle=1514 mon=1 img=B hr=0x00000000 dur_ms=1.6
2026-10-03T15:38:09.889+08:00 SET cycle=1515 mon=1 img=A hr=0x00000000 dur_ms=1.9
2026-10-03T15:38:19.857+08:00 SET cycle=1516 mon=1 img=B hr=0x00000000 dur_ms=1.3
2026-10-03T15:38:29.822+08:00 SET cycle=1517 mon=1 img=A hr=0x00000000 dur_ms=2.1
2026-10-03T15:38:39.881+08:00 SET cycle=1518 mon=1 img=B hr=0x00000000 dur_ms=1.4
2026-10-03T15:38:49.845+08:00 SET cycle=1519 mon=1 img=A hr=0x00000000 dur_ms=1.9
2026-10-03T15:38:59.813+08:00 SET cycle=1520 mon=1 img=B hr=0x00000000 dur_ms=1.3
2026-10-03T15:39:09.883+08:00 SET cycle=1521 mon=1 img=A hr=0x00000000 dur_ms=2.0
2026-10-03T15:39:19.850+08:00 SET cycle=1522 mon=1 img=B hr=0x00000000 dur_ms=2.7
2026-10-03T15:39:29.816+08:00 SET cycle=1523 mon=1 img=A hr=0x00000000 dur_ms=2.3
2026-10-03T15:39:39.881+08:00 SET cycle=1524 mon=1 img=B hr=0x00000000 dur_ms=2.7
2026-10-03T15:39:49.845+08:00 SET cycle=1525 mon=1 img=A hr=0x00000000 dur_ms=1.9
2026-10-03T15:39:59.812+08:00 SET cycle=1526 mon=1 img=B hr=0x00000000 dur_ms=2.1
2026-10-03T15:40:09.881+08:00 SET cycle=1527 mon=1 img=A hr=0x00000000 dur_ms=2.9
2026-10-03T15:40:19.853+08:00 SET cycle=1528 mon=1 img=B hr=0x00000000 dur_ms=1.8
2026-10-03T15:40:29.810+08:00 SET cycle=1529 mon=1 img=A hr=0x00000000 dur_ms=1.8
2026-10-03T15:40:39.883+08:00 SET cycle=1530 mon=1 img=B hr=0x00000000 dur_ms=2.9
2026-10-03T15:40:49.860+08:00 SET cycle=1531 mon=1 img=A hr=0x00000000 dur_ms=1.7
2026-10-03T15:40:59.839+08:00 SET cycle=1532 mon=1 img=B hr=0x00000000 dur_ms=1.8
2026-10-03T15:41:09.804+08:00 SET cycle=1533 mon=1 img=A hr=0x00000000 dur_ms=2.2
2026-10-03T15:41:19.874+08:00 SET cycle=1534 mon=1 img=B hr=0x00000000 dur_ms=2.3
2026-10-03T15:41:29.846+08:00 SET cycle=1535 mon=1 img=A hr=0x00000000 dur_ms=2.2
2026-10-03T15:41:39.819+08:00 SET cycle=1536 mon=1 img=B hr=0x00000000 dur_ms=2.5
2026-10-03T15:41:49.883+08:00 SET cycle=1537 mon=1 img=A hr=0x00000000 dur_ms=2.1
2026-10-03T15:41:59.848+08:00 SET cycle=1538 mon=1 img=B hr=0x00000000 dur_ms=3.1
2026-10-03T15:42:09.818+08:00 SET cycle=1539 mon=1 img=A hr=0x00000000 dur_ms=3.1
2026-10-03T15:42:19.888+08:00 SET cycle=1540 mon=1 img=B hr=0x00000000 dur_ms=2.4
2026-10-03T15:42:29.859+08:00 SET cycle=1541 mon=1 img=A hr=0x00000000 dur_ms=1.9
2026-10-03T15:42:39.828+08:00 SET cycle=1542 mon=1 img=B hr=0x00000000 dur_ms=1.8
2026-10-03T15:42:49.803+08:00 SET cycle=1543 mon=1 img=A hr=0x00000000 dur_ms=1.3
2026-10-03T15:42:59.878+08:00 SET cycle=1544 mon=1 img=B hr=0x00000000 dur_ms=1.9
2026-10-03T15:43:09.841+08:00 SET cycle=1545 mon=1 img=A hr=0x00000000 dur_ms=2.1
2026-10-03T15:43:19.810+08:00 SET cycle=1546 mon=1 img=B hr=0x00000000 dur_ms=1.7
2026-10-03T15:43:29.881+08:00 SET cycle=1547 mon=1 img=A hr=0x00000000 dur_ms=1.9
2026-10-03T15:43:39.851+08:00 SET cycle=1548 mon=1 img=B hr=0x00000000 dur_ms=1.8
2026-10-03T15:43:49.824+08:00 SET cycle=1549 mon=1 img=A hr=0x00000000 dur_ms=2.0
2026-10-03T15:43:59.889+08:00 SET cycle=1550 mon=1 img=B hr=0x00000000 dur_ms=2.0
2026-10-03T15:44:09.872+08:00 SET cycle=1551 mon=1 img=A hr=0x00000000 dur_ms=2.2
2026-10-03T15:44:19.845+08:00 SET cycle=1552 mon=1 img=B hr=0x00000000 dur_ms=1.7
2026-10-03T15:44:29.817+08:00 SET cycle=1553 mon=1 img=A hr=0x00000000 dur_ms=2.0
2026-10-03T15:44:39.889+08:00 SET cycle=1554 mon=1 img=B hr=0x00000000 dur_ms=1.9
2026-10-03T15:44:49.849+08:00 SET cycle=1555 mon=1 img=A hr=0x00000000 dur_ms=2.0
2026-10-03T15:44:59.814+08:00 SET cycle=1556 mon=1 img=B hr=0x00000000 dur_ms=2.7
2026-10-03T15:45:09.885+08:00 SET cycle=1557 mon=1 img=A hr=0x00000000 dur_ms=3.3
2026-10-03T15:45:19.854+08:00 SET cycle=1558 mon=1 img=B hr=0x00000000 dur_ms=1.7
2026-10-03T15:45:29.823+08:00 SET cycle=1559 mon=1 img=A hr=0x00000000 dur_ms=1.4
2026-10-03T15:45:39.890+08:00 SET cycle=1560 mon=1 img=B hr=0x00000000 dur_ms=1.2
2026-10-03T15:45:49.860+08:00 SET cycle=1561 mon=1 img=A hr=0x00000000 dur_ms=1.3
2026-10-03T15:45:59.829+08:00 SET cycle=1562 mon=1 img=B hr=0x00000000 dur_ms=1.5
2026-10-03T15:46:09.893+08:00 SET cycle=1563 mon=1 img=A hr=0x00000000 dur_ms=2.1
2026-10-03T15:46:19.866+08:00 SET cycle=1564 mon=1 img=B hr=0x00000000 dur_ms=1.3
2026-10-03T15:46:29.839+08:00 SET cycle=1565 mon=1 img=A hr=0x00000000 dur_ms=2.0
2026-10-03T15:46:39.900+08:00 SET cycle=1566 mon=1 img=B hr=0x00000000 dur_ms=1.8
2026-10-03T15:46:49.860+08:00 SET cycle=1567 mon=1 img=A hr=0x00000000 dur_ms=1.3
2026-10-03T15:46:59.835+08:00 SET cycle=1568 mon=1 img=B hr=0x00000000 dur_ms=2.3
2026-10-03T15:47:09.895+08:00 SET cycle=1569 mon=1 img=A hr=0x00000000 dur_ms=1.8
2026-10-03T15:47:19.863+08:00 SET cycle=1570 mon=1 img=B hr=0x00000000 dur_ms=1.4
2026-10-03T15:47:29.824+08:00 SET cycle=1571 mon=1 img=A hr=0x00000000 dur_ms=1.6
2026-10-03T15:47:39.891+08:00 SET cycle=1572 mon=1 img=B hr=0x00000000 dur_ms=2.2
2026-10-03T15:47:49.858+08:00 SET cycle=1573 mon=1 img=A hr=0x00000000 dur_ms=2.3
2026-10-03T15:47:59.826+08:00 SET cycle=1574 mon=1 img=B hr=0x00000000 dur_ms=3.0
2026-10-03T15:48:09.891+08:00 SET cycle=1575 mon=1 img=A hr=0x00000000 dur_ms=1.8
2026-10-03T15:48:19.861+08:00 SET cycle=1576 mon=1 img=B hr=0x00000000 dur_ms=1.6
2026-10-03T15:48:29.820+08:00 SET cycle=1577 mon=1 img=A hr=0x00000000 dur_ms=1.9
2026-10-03T15:48:39.888+08:00 SET cycle=1578 mon=1 img=B hr=0x00000000 dur_ms=1.7
2026-10-03T15:48:49.852+08:00 SET cycle=1579 mon=1 img=A hr=0x00000000 dur_ms=1.4
2026-10-03T15:48:59.812+08:00 SET cycle=1580 mon=1 img=B hr=0x00000000 dur_ms=1.4
2026-10-03T15:49:09.870+08:00 SET cycle=1581 mon=1 img=A hr=0x00000000 dur_ms=1.8
2026-10-03T15:49:19.834+08:00 SET cycle=1582 mon=1 img=B hr=0x00000000 dur_ms=1.6
2026-10-03T15:49:29.902+08:00 SET cycle=1583 mon=1 img=A hr=0x00000000 dur_ms=1.4
2026-10-03T15:49:39.869+08:00 SET cycle=1584 mon=1 img=B hr=0x00000000 dur_ms=2.0
2026-10-03T15:49:49.838+08:00 SET cycle=1585 mon=1 img=A hr=0x00000000 dur_ms=1.9
2026-10-03T15:49:59.896+08:00 SET cycle=1586 mon=1 img=B hr=0x00000000 dur_ms=2.0
2026-10-03T15:50:09.872+08:00 SET cycle=1587 mon=1 img=A hr=0x00000000 dur_ms=1.4
2026-10-03T15:50:19.846+08:00 SET cycle=1588 mon=1 img=B hr=0x00000000 dur_ms=1.7
2026-10-03T15:50:29.819+08:00 SET cycle=1589 mon=1 img=A hr=0x00000000 dur_ms=1.3
2026-10-03T15:50:39.881+08:00 SET cycle=1590 mon=1 img=B hr=0x00000000 dur_ms=1.5
2026-10-03T15:50:49.848+08:00 SET cycle=1591 mon=1 img=A hr=0x00000000 dur_ms=1.8
2026-10-03T15:50:59.817+08:00 SET cycle=1592 mon=1 img=B hr=0x00000000 dur_ms=3.1
2026-10-03T15:51:09.883+08:00 SET cycle=1593 mon=1 img=A hr=0x00000000 dur_ms=2.5
2026-10-03T15:51:19.848+08:00 SET cycle=1594 mon=1 img=B hr=0x00000000 dur_ms=2.5
2026-10-03T15:51:29.816+08:00 SET cycle=1595 mon=1 img=A hr=0x00000000 dur_ms=1.9
2026-10-03T15:51:39.884+08:00 SET cycle=1596 mon=1 img=B hr=0x00000000 dur_ms=1.6
2026-10-03T15:51:49.855+08:00 SET cycle=1597 mon=1 img=A hr=0x00000000 dur_ms=2.6
2026-10-03T15:51:59.819+08:00 SET cycle=1598 mon=1 img=B hr=0x00000000 dur_ms=1.4
2026-10-03T15:52:09.882+08:00 SET cycle=1599 mon=1 img=A hr=0x00000000 dur_ms=2.7
2026-10-03T15:52:19.852+08:00 SET cycle=1600 mon=1 img=B hr=0x00000000 dur_ms=1.9
2026-10-03T15:52:29.818+08:00 SET cycle=1601 mon=1 img=A hr=0x00000000 dur_ms=1.7
2026-10-03T15:52:39.889+08:00 SET cycle=1602 mon=1 img=B hr=0x00000000 dur_ms=1.8
2026-10-03T15:52:49.860+08:00 SET cycle=1603 mon=1 img=A hr=0x00000000 dur_ms=1.9
2026-10-03T15:52:59.828+08:00 SET cycle=1604 mon=1 img=B hr=0x00000000 dur_ms=1.5
2026-10-03T15:53:09.896+08:00 SET cycle=1605 mon=1 img=A hr=0x00000000 dur_ms=2.3
2026-10-03T15:53:19.863+08:00 SET cycle=1606 mon=1 img=B hr=0x00000000 dur_ms=1.5
2026-10-03T15:53:29.836+08:00 SET cycle=1607 mon=1 img=A hr=0x00000000 dur_ms=1.7
2026-10-03T15:53:39.807+08:00 SET cycle=1608 mon=1 img=B hr=0x00000000 dur_ms=2.1
2026-10-03T15:53:49.868+08:00 SET cycle=1609 mon=1 img=A hr=0x00000000 dur_ms=1.9
2026-10-03T15:53:59.838+08:00 SET cycle=1610 mon=1 img=B hr=0x00000000 dur_ms=1.7
2026-10-03T15:54:09.899+08:00 SET cycle=1611 mon=1 img=A hr=0x00000000 dur_ms=2.5
2026-10-03T15:54:19.876+08:00 SET cycle=1612 mon=1 img=B hr=0x00000000 dur_ms=1.6
2026-10-03T15:54:29.846+08:00 SET cycle=1613 mon=1 img=A hr=0x00000000 dur_ms=1.5
2026-10-03T15:54:39.806+08:00 SET cycle=1614 mon=1 img=B hr=0x00000000 dur_ms=1.4
2026-10-03T15:54:49.882+08:00 SET cycle=1615 mon=1 img=A hr=0x00000000 dur_ms=2.3
2026-10-03T15:54:59.841+08:00 SET cycle=1616 mon=1 img=B hr=0x00000000 dur_ms=3.1
2026-10-03T15:55:09.816+08:00 SET cycle=1617 mon=1 img=A hr=0x00000000 dur_ms=1.7
2026-10-03T15:55:19.892+08:00 SET cycle=1618 mon=1 img=B hr=0x00000000 dur_ms=2.3
2026-10-03T15:55:29.855+08:00 SET cycle=1619 mon=1 img=A hr=0x00000000 dur_ms=1.6
2026-10-03T15:55:39.828+08:00 SET cycle=1620 mon=1 img=B hr=0x00000000 dur_ms=1.9
2026-10-03T15:55:49.889+08:00 SET cycle=1621 mon=1 img=A hr=0x00000000 dur_ms=1.4
2026-10-03T15:55:59.865+08:00 SET cycle=1622 mon=1 img=B hr=0x00000000 dur_ms=2.3
2026-10-03T15:56:09.831+08:00 SET cycle=1623 mon=1 img=A hr=0x00000000 dur_ms=2.1
2026-10-03T15:56:19.896+08:00 SET cycle=1624 mon=1 img=B hr=0x00000000 dur_ms=1.8
2026-10-03T15:56:29.866+08:00 SET cycle=1625 mon=1 img=A hr=0x00000000 dur_ms=1.8
2026-10-03T15:56:39.837+08:00 SET cycle=1626 mon=1 img=B hr=0x00000000 dur_ms=2.3
2026-10-03T15:56:49.901+08:00 SET cycle=1627 mon=1 img=A hr=0x00000000 dur_ms=2.4
2026-10-03T15:56:59.865+08:00 SET cycle=1628 mon=1 img=B hr=0x00000000 dur_ms=1.4
2026-10-03T15:57:09.836+08:00 SET cycle=1629 mon=1 img=A hr=0x00000000 dur_ms=1.5
2026-10-03T15:57:19.902+08:00 SET cycle=1630 mon=1 img=B hr=0x00000000 dur_ms=2.0
2026-10-03T15:57:29.867+08:00 SET cycle=1631 mon=1 img=A hr=0x00000000 dur_ms=2.1
2026-10-03T15:57:39.828+08:00 SET cycle=1632 mon=1 img=B hr=0x00000000 dur_ms=1.6
2026-10-03T15:57:49.890+08:00 SET cycle=1633 mon=1 img=A hr=0x00000000 dur_ms=1.6
2026-10-03T15:57:59.859+08:00 SET cycle=1634 mon=1 img=B hr=0x00000000 dur_ms=2.2
2026-10-03T15:58:09.821+08:00 SET cycle=1635 mon=1 img=A hr=0x00000000 dur_ms=2.1
2026-10-03T15:58:19.889+08:00 SET cycle=1636 mon=1 img=B hr=0x00000000 dur_ms=1.9
2026-10-03T15:58:29.850+08:00 SET cycle=1637 mon=1 img=A hr=0x00000000 dur_ms=1.4
2026-10-03T15:58:39.818+08:00 SET cycle=1638 mon=1 img=B hr=0x00000000 dur_ms=1.7
2026-10-03T15:58:49.889+08:00 SET cycle=1639 mon=1 img=A hr=0x00000000 dur_ms=2.5
2026-10-03T15:58:59.862+08:00 SET cycle=1640 mon=1 img=B hr=0x00000000 dur_ms=1.4
2026-10-03T15:59:09.829+08:00 SET cycle=1641 mon=1 img=A hr=0x00000000 dur_ms=1.9
2026-10-03T15:59:19.890+08:00 SET cycle=1642 mon=1 img=B hr=0x00000000 dur_ms=1.6
2026-10-03T15:59:29.853+08:00 SET cycle=1643 mon=1 img=A hr=0x00000000 dur_ms=1.7
2026-10-03T15:59:39.811+08:00 SET cycle=1644 mon=1 img=B hr=0x00000000 dur_ms=2.5
2026-10-03T15:59:49.883+08:00 SET cycle=1645 mon=1 img=A hr=0x00000000 dur_ms=2.4
2026-10-03T15:59:59.841+08:00 SET cycle=1646 mon=1 img=B hr=0x00000000 dur_ms=1.3
2026-10-03T16:00:09.805+08:00 SET cycle=1647 mon=1 img=A hr=0x00000000 dur_ms=1.9
2026-10-03T16:00:19.874+08:00 SET cycle=1648 mon=1 img=B hr=0x00000000 dur_ms=1.5
2026-10-03T16:00:29.844+08:00 SET cycle=1649 mon=1 img=A hr=0x00000000 dur_ms=2.2
2026-10-03T16:00:39.814+08:00 SET cycle=1650 mon=1 img=B hr=0x00000000 dur_ms=2.1
2026-10-03T16:00:49.884+08:00 SET cycle=1651 mon=1 img=A hr=0x00000000 dur_ms=1.8
2026-10-03T16:00:59.852+08:00 SET cycle=1652 mon=1 img=B hr=0x00000000 dur_ms=1.6
2026-10-03T16:01:09.815+08:00 SET cycle=1653 mon=1 img=A hr=0x00000000 dur_ms=2.1
2026-10-03T16:01:19.885+08:00 SET cycle=1654 mon=1 img=B hr=0x00000000 dur_ms=1.5
2026-10-03T16:01:29.853+08:00 SET cycle=1655 mon=1 img=A hr=0x00000000 dur_ms=1.4
2026-10-03T16:01:39.826+08:00 SET cycle=1656 mon=1 img=B hr=0x00000000 dur_ms=2.5
2026-10-03T16:01:49.896+08:00 SET cycle=1657 mon=1 img=A hr=0x00000000 dur_ms=2.0
2026-10-03T16:01:59.869+08:00 SET cycle=1658 mon=1 img=B hr=0x00000000 dur_ms=1.7
2026-10-03T16:02:09.826+08:00 SET cycle=1659 mon=1 img=A hr=0x00000000 dur_ms=1.8
2026-10-03T16:02:19.890+08:00 SET cycle=1660 mon=1 img=B hr=0x00000000 dur_ms=1.5
2026-10-03T16:02:29.856+08:00 SET cycle=1661 mon=1 img=A hr=0x00000000 dur_ms=1.9
2026-10-03T16:02:39.823+08:00 SET cycle=1662 mon=1 img=B hr=0x00000000 dur_ms=1.4
2026-10-03T16:02:49.899+08:00 SET cycle=1663 mon=1 img=A hr=0x00000000 dur_ms=1.5
2026-10-03T16:02:59.870+08:00 SET cycle=1664 mon=1 img=B hr=0x00000000 dur_ms=2.5
2026-10-03T16:03:09.840+08:00 SET cycle=1665 mon=1 img=A hr=0x00000000 dur_ms=1.8
2026-10-03T16:03:19.902+08:00 SET cycle=1666 mon=1 img=B hr=0x00000000 dur_ms=2.4
2026-10-03T16:03:29.864+08:00 SET cycle=1667 mon=1 img=A hr=0x00000000 dur_ms=1.6
2026-10-03T16:03:39.835+08:00 SET cycle=1668 mon=1 img=B hr=0x00000000 dur_ms=2.0
2026-10-03T16:03:49.897+08:00 SET cycle=1669 mon=1 img=A hr=0x00000000 dur_ms=1.6
2026-10-03T16:03:59.860+08:00 SET cycle=1670 mon=1 img=B hr=0x00000000 dur_ms=2.0
2026-10-03T16:04:09.832+08:00 SET cycle=1671 mon=1 img=A hr=0x00000000 dur_ms=2.0
2026-10-03T16:04:19.900+08:00 SET cycle=1672 mon=1 img=B hr=0x00000000 dur_ms=1.4
2026-10-03T16:04:29.868+08:00 SET cycle=1673 mon=1 img=A hr=0x00000000 dur_ms=2.7
2026-10-03T16:04:39.839+08:00 SET cycle=1674 mon=1 img=B hr=0x00000000 dur_ms=1.2
2026-10-03T16:04:49.807+08:00 SET cycle=1675 mon=1 img=A hr=0x00000000 dur_ms=1.4
2026-10-03T16:04:59.870+08:00 SET cycle=1676 mon=1 img=B hr=0x00000000 dur_ms=2.2
2026-10-03T16:05:09.826+08:00 SET cycle=1677 mon=1 img=A hr=0x00000000 dur_ms=1.5
2026-10-03T16:05:19.892+08:00 SET cycle=1678 mon=1 img=B hr=0x00000000 dur_ms=2.0
2026-10-03T16:05:29.862+08:00 SET cycle=1679 mon=1 img=A hr=0x00000000 dur_ms=2.2
2026-10-03T16:05:39.832+08:00 SET cycle=1680 mon=1 img=B hr=0x00000000 dur_ms=2.7
2026-10-03T16:05:49.905+08:00 SET cycle=1681 mon=1 img=A hr=0x00000000 dur_ms=2.2
2026-10-03T16:05:59.869+08:00 SET cycle=1682 mon=1 img=B hr=0x00000000 dur_ms=2.0
2026-10-03T16:06:09.847+08:00 SET cycle=1683 mon=1 img=A hr=0x00000000 dur_ms=3.4
2026-10-03T16:06:19.823+08:00 SET cycle=1684 mon=1 img=B hr=0x00000000 dur_ms=2.2
2026-10-03T16:06:29.887+08:00 SET cycle=1685 mon=1 img=A hr=0x00000000 dur_ms=1.8
2026-10-03T16:06:39.849+08:00 SET cycle=1686 mon=1 img=B hr=0x00000000 dur_ms=2.0
2026-10-03T16:06:49.815+08:00 SET cycle=1687 mon=1 img=A hr=0x00000000 dur_ms=2.0
2026-10-03T16:06:59.884+08:00 SET cycle=1688 mon=1 img=B hr=0x00000000 dur_ms=2.4
2026-10-03T16:07:09.858+08:00 SET cycle=1689 mon=1 img=A hr=0x00000000 dur_ms=1.8
2026-10-03T16:07:19.816+08:00 SET cycle=1690 mon=1 img=B hr=0x00000000 dur_ms=1.4
2026-10-03T16:07:29.897+08:00 SET cycle=1691 mon=1 img=A hr=0x00000000 dur_ms=2.1
2026-10-03T16:07:39.871+08:00 SET cycle=1692 mon=1 img=B hr=0x00000000 dur_ms=1.8
2026-10-03T16:07:49.847+08:00 SET cycle=1693 mon=1 img=A hr=0x00000000 dur_ms=1.9
2026-10-03T16:07:59.810+08:00 SET cycle=1694 mon=1 img=B hr=0x00000000 dur_ms=1.6
2026-10-03T16:08:09.880+08:00 SET cycle=1695 mon=1 img=A hr=0x00000000 dur_ms=1.4
2026-10-03T16:08:19.843+08:00 SET cycle=1696 mon=1 img=B hr=0x00000000 dur_ms=2.5
2026-10-03T16:08:29.808+08:00 SET cycle=1697 mon=1 img=A hr=0x00000000 dur_ms=1.8
2026-10-03T16:08:39.880+08:00 SET cycle=1698 mon=1 img=B hr=0x00000000 dur_ms=2.0
2026-10-03T16:08:49.852+08:00 SET cycle=1699 mon=1 img=A hr=0x00000000 dur_ms=2.4
2026-10-03T16:08:59.817+08:00 SET cycle=1700 mon=1 img=B hr=0x00000000 dur_ms=2.2
2026-10-03T16:09:09.874+08:00 SET cycle=1701 mon=1 img=A hr=0x00000000 dur_ms=2.3
2026-10-03T16:09:19.843+08:00 SET cycle=1702 mon=1 img=B hr=0x00000000 dur_ms=2.1
2026-10-03T16:09:29.810+08:00 SET cycle=1703 mon=1 img=A hr=0x00000000 dur_ms=1.6
2026-10-03T16:09:39.884+08:00 SET cycle=1704 mon=1 img=B hr=0x00000000 dur_ms=1.5
2026-10-03T16:09:49.855+08:00 SET cycle=1705 mon=1 img=A hr=0x00000000 dur_ms=1.4
2026-10-03T16:09:59.822+08:00 SET cycle=1706 mon=1 img=B hr=0x00000000 dur_ms=2.1
2026-10-03T16:10:09.895+08:00 SET cycle=1707 mon=1 img=A hr=0x00000000 dur_ms=3.2
2026-10-03T16:10:19.858+08:00 SET cycle=1708 mon=1 img=B hr=0x00000000 dur_ms=1.9
2026-10-03T16:10:29.828+08:00 SET cycle=1709 mon=1 img=A hr=0x00000000 dur_ms=1.4
2026-10-03T16:10:39.900+08:00 SET cycle=1710 mon=1 img=B hr=0x00000000 dur_ms=2.4
2026-10-03T16:10:49.868+08:00 SET cycle=1711 mon=1 img=A hr=0x00000000 dur_ms=2.2
2026-10-03T16:10:59.826+08:00 SET cycle=1712 mon=1 img=B hr=0x00000000 dur_ms=2.5
2026-10-03T16:11:09.896+08:00 SET cycle=1713 mon=1 img=A hr=0x00000000 dur_ms=2.5
2026-10-03T16:11:19.867+08:00 SET cycle=1714 mon=1 img=B hr=0x00000000 dur_ms=2.5
2026-10-03T16:11:29.836+08:00 SET cycle=1715 mon=1 img=A hr=0x00000000 dur_ms=3.2
2026-10-03T16:11:39.810+08:00 SET cycle=1716 mon=1 img=B hr=0x00000000 dur_ms=1.7
2026-10-03T16:11:49.877+08:00 SET cycle=1717 mon=1 img=A hr=0x00000000 dur_ms=2.0
2026-10-03T16:11:59.838+08:00 SET cycle=1718 mon=1 img=B hr=0x00000000 dur_ms=1.6
2026-10-03T16:12:09.906+08:00 SET cycle=1719 mon=1 img=A hr=0x00000000 dur_ms=1.6
2026-10-03T16:12:19.879+08:00 SET cycle=1720 mon=1 img=B hr=0x00000000 dur_ms=1.6
2026-10-03T16:12:29.844+08:00 SET cycle=1721 mon=1 img=A hr=0x00000000 dur_ms=1.6
2026-10-03T16:12:39.907+08:00 SET cycle=1722 mon=1 img=B hr=0x00000000 dur_ms=2.6
2026-10-03T16:12:49.870+08:00 SET cycle=1723 mon=1 img=A hr=0x00000000 dur_ms=2.1
2026-10-03T16:12:59.839+08:00 SET cycle=1724 mon=1 img=B hr=0x00000000 dur_ms=1.3
2026-10-03T16:13:09.901+08:00 SET cycle=1725 mon=1 img=A hr=0x00000000 dur_ms=1.8
2026-10-03T16:13:19.877+08:00 SET cycle=1726 mon=1 img=B hr=0x00000000 dur_ms=2.2
2026-10-03T16:13:29.837+08:00 SET cycle=1727 mon=1 img=A hr=0x00000000 dur_ms=2.7
2026-10-03T16:13:39.899+08:00 SET cycle=1728 mon=1 img=B hr=0x00000000 dur_ms=2.8
2026-10-03T16:13:49.873+08:00 SET cycle=1729 mon=1 img=A hr=0x00000000 dur_ms=2.9
2026-10-03T16:13:59.844+08:00 SET cycle=1730 mon=1 img=B hr=0x00000000 dur_ms=1.9
2026-10-03T16:14:09.816+08:00 SET cycle=1731 mon=1 img=A hr=0x00000000 dur_ms=2.3
2026-10-03T16:14:19.894+08:00 SET cycle=1732 mon=1 img=B hr=0x00000000 dur_ms=3.1
2026-10-03T16:14:29.858+08:00 SET cycle=1733 mon=1 img=A hr=0x00000000 dur_ms=3.0
2026-10-03T16:14:39.826+08:00 SET cycle=1734 mon=1 img=B hr=0x00000000 dur_ms=1.6
2026-10-03T16:14:49.896+08:00 SET cycle=1735 mon=1 img=A hr=0x00000000 dur_ms=1.3
2026-10-03T16:14:59.863+08:00 SET cycle=1736 mon=1 img=B hr=0x00000000 dur_ms=1.8
2026-10-03T16:15:09.828+08:00 SET cycle=1737 mon=1 img=A hr=0x00000000 dur_ms=2.6
2026-10-03T16:15:19.901+08:00 SET cycle=1738 mon=1 img=B hr=0x00000000 dur_ms=3.0
2026-10-03T16:15:29.861+08:00 SET cycle=1739 mon=1 img=A hr=0x00000000 dur_ms=2.0
2026-10-03T16:15:39.826+08:00 SET cycle=1740 mon=1 img=B hr=0x00000000 dur_ms=2.7
2026-10-03T16:15:49.894+08:00 SET cycle=1741 mon=1 img=A hr=0x00000000 dur_ms=1.7
2026-10-03T16:15:59.856+08:00 SET cycle=1742 mon=1 img=B hr=0x00000000 dur_ms=1.6
2026-10-03T16:16:09.823+08:00 SET cycle=1743 mon=1 img=A hr=0x00000000 dur_ms=2.8
2026-10-03T16:16:19.892+08:00 SET cycle=1744 mon=1 img=B hr=0x00000000 dur_ms=2.9
2026-10-03T16:16:29.865+08:00 SET cycle=1745 mon=1 img=A hr=0x00000000 dur_ms=2.8
2026-10-03T16:16:39.837+08:00 SET cycle=1746 mon=1 img=B hr=0x00000000 dur_ms=2.8
2026-10-03T16:16:49.810+08:00 SET cycle=1747 mon=1 img=A hr=0x00000000 dur_ms=1.3
2026-10-03T16:16:59.883+08:00 SET cycle=1748 mon=1 img=B hr=0x00000000 dur_ms=2.1
2026-10-03T16:17:09.854+08:00 SET cycle=1749 mon=1 img=A hr=0x00000000 dur_ms=2.8
2026-10-03T16:17:19.820+08:00 SET cycle=1750 mon=1 img=B hr=0x00000000 dur_ms=1.9
2026-10-03T16:17:29.892+08:00 SET cycle=1751 mon=1 img=A hr=0x00000000 dur_ms=2.5
2026-10-03T16:17:39.863+08:00 SET cycle=1752 mon=1 img=B hr=0x00000000 dur_ms=1.8
2026-10-03T16:17:49.839+08:00 SET cycle=1753 mon=1 img=A hr=0x00000000 dur_ms=1.7
2026-10-03T16:17:59.818+08:00 SET cycle=1754 mon=1 img=B hr=0x00000000 dur_ms=1.8
2026-10-03T16:18:09.878+08:00 SET cycle=1755 mon=1 img=A hr=0x00000000 dur_ms=2.3
2026-10-03T16:18:19.835+08:00 SET cycle=1756 mon=1 img=B hr=0x00000000 dur_ms=1.8
2026-10-03T16:18:29.902+08:00 SET cycle=1757 mon=1 img=A hr=0x00000000 dur_ms=1.7
2026-10-03T16:18:39.875+08:00 SET cycle=1758 mon=1 img=B hr=0x00000000 dur_ms=2.0
2026-10-03T16:18:49.836+08:00 SET cycle=1759 mon=1 img=A hr=0x00000000 dur_ms=1.9
2026-10-03T16:18:59.900+08:00 SET cycle=1760 mon=1 img=B hr=0x00000000 dur_ms=2.9
2026-10-03T16:19:09.864+08:00 SET cycle=1761 mon=1 img=A hr=0x00000000 dur_ms=2.4
2026-10-03T16:19:19.831+08:00 SET cycle=1762 mon=1 img=B hr=0x00000000 dur_ms=2.6
2026-10-03T16:19:29.904+08:00 SET cycle=1763 mon=1 img=A hr=0x00000000 dur_ms=2.0
2026-10-03T16:19:39.870+08:00 SET cycle=1764 mon=1 img=B hr=0x00000000 dur_ms=1.9
2026-10-03T16:19:49.834+08:00 SET cycle=1765 mon=1 img=A hr=0x00000000 dur_ms=1.8
2026-10-03T16:19:59.900+08:00 SET cycle=1766 mon=1 img=B hr=0x00000000 dur_ms=1.4
2026-10-03T16:20:09.865+08:00 SET cycle=1767 mon=1 img=A hr=0x00000000 dur_ms=1.8
2026-10-03T16:20:19.830+08:00 SET cycle=1768 mon=1 img=B hr=0x00000000 dur_ms=1.9
2026-10-03T16:20:29.895+08:00 SET cycle=1769 mon=1 img=A hr=0x00000000 dur_ms=2.3
2026-10-03T16:20:39.865+08:00 SET cycle=1770 mon=1 img=B hr=0x00000000 dur_ms=2.0
2026-10-03T16:20:49.846+08:00 SET cycle=1771 mon=1 img=A hr=0x00000000 dur_ms=2.6
2026-10-03T16:20:59.813+08:00 SET cycle=1772 mon=1 img=B hr=0x00000000 dur_ms=3.2
2026-10-03T16:21:09.872+08:00 SET cycle=1773 mon=1 img=A hr=0x00000000 dur_ms=2.4
2026-10-03T16:21:19.847+08:00 SET cycle=1774 mon=1 img=B hr=0x00000000 dur_ms=2.5
2026-10-03T16:21:29.826+08:00 SET cycle=1775 mon=1 img=A hr=0x00000000 dur_ms=2.2
2026-10-03T16:21:39.903+08:00 SET cycle=1776 mon=1 img=B hr=0x00000000 dur_ms=1.8
2026-10-03T16:21:49.866+08:00 SET cycle=1777 mon=1 img=A hr=0x00000000 dur_ms=2.9
2026-10-03T16:21:59.838+08:00 SET cycle=1778 mon=1 img=B hr=0x00000000 dur_ms=1.5
2026-10-03T16:22:09.906+08:00 SET cycle=1779 mon=1 img=A hr=0x00000000 dur_ms=2.5
2026-10-03T16:22:19.869+08:00 SET cycle=1780 mon=1 img=B hr=0x00000000 dur_ms=1.3
2026-10-03T16:22:29.836+08:00 SET cycle=1781 mon=1 img=A hr=0x00000000 dur_ms=1.9
2026-10-03T16:22:39.808+08:00 SET cycle=1782 mon=1 img=B hr=0x00000000 dur_ms=1.5
2026-10-03T16:22:49.865+08:00 SET cycle=1783 mon=1 img=A hr=0x00000000 dur_ms=2.2
2026-10-03T16:22:59.831+08:00 SET cycle=1784 mon=1 img=B hr=0x00000000 dur_ms=2.7
2026-10-03T16:23:09.897+08:00 SET cycle=1785 mon=1 img=A hr=0x00000000 dur_ms=1.7
2026-10-03T16:23:19.868+08:00 SET cycle=1786 mon=1 img=B hr=0x00000000 dur_ms=1.9
2026-10-03T16:23:29.832+08:00 SET cycle=1787 mon=1 img=A hr=0x00000000 dur_ms=1.9
2026-10-03T16:23:39.889+08:00 SET cycle=1788 mon=1 img=B hr=0x00000000 dur_ms=1.8
2026-10-03T16:23:49.854+08:00 SET cycle=1789 mon=1 img=A hr=0x00000000 dur_ms=2.1
2026-10-03T16:23:59.818+08:00 SET cycle=1790 mon=1 img=B hr=0x00000000 dur_ms=1.7
2026-10-03T16:24:09.881+08:00 SET cycle=1791 mon=1 img=A hr=0x00000000 dur_ms=2.2
2026-10-03T16:24:19.846+08:00 SET cycle=1792 mon=1 img=B hr=0x00000000 dur_ms=2.5
2026-10-03T16:24:29.908+08:00 SET cycle=1793 mon=1 img=A hr=0x00000000 dur_ms=1.8
2026-10-03T16:24:39.866+08:00 SET cycle=1794 mon=1 img=B hr=0x00000000 dur_ms=2.4
2026-10-03T16:24:49.829+08:00 SET cycle=1795 mon=1 img=A hr=0x00000000 dur_ms=1.9
2026-10-03T16:24:59.893+08:00 SET cycle=1796 mon=1 img=B hr=0x00000000 dur_ms=2.9
2026-10-03T16:25:09.858+08:00 SET cycle=1797 mon=1 img=A hr=0x00000000 dur_ms=2.9
2026-10-03T16:25:19.826+08:00 SET cycle=1798 mon=1 img=B hr=0x00000000 dur_ms=1.5
2026-10-03T16:25:29.896+08:00 SET cycle=1799 mon=1 img=A hr=0x00000000 dur_ms=1.9
2026-10-03T16:25:39.871+08:00 SET cycle=1800 mon=1 img=B hr=0x00000000 dur_ms=2.4
2026-10-03T16:25:49.839+08:00 SET cycle=1801 mon=1 img=A hr=0x00000000 dur_ms=1.7
2026-10-03T16:25:59.905+08:00 SET cycle=1802 mon=1 img=B hr=0x00000000 dur_ms=2.0
2026-10-03T16:26:09.869+08:00 SET cycle=1803 mon=1 img=A hr=0x00000000 dur_ms=2.6
2026-10-03T16:26:19.836+08:00 SET cycle=1804 mon=1 img=B hr=0x00000000 dur_ms=1.7
2026-10-03T16:26:29.902+08:00 SET cycle=1805 mon=1 img=A hr=0x00000000 dur_ms=2.3
2026-10-03T16:26:39.870+08:00 SET cycle=1806 mon=1 img=B hr=0x00000000 dur_ms=2.1
2026-10-03T16:26:49.836+08:00 SET cycle=1807 mon=1 img=A hr=0x00000000 dur_ms=2.8
2026-10-03T16:26:59.902+08:00 SET cycle=1808 mon=1 img=B hr=0x00000000 dur_ms=1.7
2026-10-03T16:27:09.873+08:00 SET cycle=1809 mon=1 img=A hr=0x00000000 dur_ms=2.8
2026-10-03T16:27:19.830+08:00 SET cycle=1810 mon=1 img=B hr=0x00000000 dur_ms=1.4
2026-10-03T16:27:29.899+08:00 SET cycle=1811 mon=1 img=A hr=0x00000000 dur_ms=1.7
2026-10-03T16:27:39.872+08:00 SET cycle=1812 mon=1 img=B hr=0x00000000 dur_ms=2.0
2026-10-03T16:27:49.844+08:00 SET cycle=1813 mon=1 img=A hr=0x00000000 dur_ms=2.8
2026-10-03T16:27:59.908+08:00 SET cycle=1814 mon=1 img=B hr=0x00000000 dur_ms=2.2
2026-10-03T16:28:09.878+08:00 SET cycle=1815 mon=1 img=A hr=0x00000000 dur_ms=1.3
2026-10-03T16:28:19.836+08:00 SET cycle=1816 mon=1 img=B hr=0x00000000 dur_ms=2.0
2026-10-03T16:28:29.902+08:00 SET cycle=1817 mon=1 img=A hr=0x00000000 dur_ms=1.7
2026-10-03T16:28:39.866+08:00 SET cycle=1818 mon=1 img=B hr=0x00000000 dur_ms=1.5
2026-10-03T16:28:49.836+08:00 SET cycle=1819 mon=1 img=A hr=0x00000000 dur_ms=2.2
2026-10-03T16:28:59.900+08:00 SET cycle=1820 mon=1 img=B hr=0x00000000 dur_ms=2.9
2026-10-03T16:29:09.872+08:00 SET cycle=1821 mon=1 img=A hr=0x00000000 dur_ms=2.3
2026-10-03T16:29:19.838+08:00 SET cycle=1822 mon=1 img=B hr=0x00000000 dur_ms=2.3
2026-10-03T16:29:29.811+08:00 SET cycle=1823 mon=1 img=A hr=0x00000000 dur_ms=2.1
2026-10-03T16:29:39.875+08:00 SET cycle=1824 mon=1 img=B hr=0x00000000 dur_ms=2.4
2026-10-03T16:29:49.840+08:00 SET cycle=1825 mon=1 img=A hr=0x00000000 dur_ms=1.3
2026-10-03T16:29:59.902+08:00 SET cycle=1826 mon=1 img=B hr=0x00000000 dur_ms=2.0
2026-10-03T16:30:09.859+08:00 SET cycle=1827 mon=1 img=A hr=0x00000000 dur_ms=2.2
2026-10-03T16:30:19.823+08:00 SET cycle=1828 mon=1 img=B hr=0x00000000 dur_ms=2.8
2026-10-03T16:30:29.890+08:00 SET cycle=1829 mon=1 img=A hr=0x00000000 dur_ms=2.1
2026-10-03T16:30:39.860+08:00 SET cycle=1830 mon=1 img=B hr=0x00000000 dur_ms=2.0
2026-10-03T16:30:49.826+08:00 SET cycle=1831 mon=1 img=A hr=0x00000000 dur_ms=1.9
2026-10-03T16:30:59.891+08:00 SET cycle=1832 mon=1 img=B hr=0x00000000 dur_ms=2.9
2026-10-03T16:31:09.851+08:00 SET cycle=1833 mon=1 img=A hr=0x00000000 dur_ms=1.4
2026-10-03T16:31:19.811+08:00 SET cycle=1834 mon=1 img=B hr=0x00000000 dur_ms=2.3
2026-10-03T16:31:29.886+08:00 SET cycle=1835 mon=1 img=A hr=0x00000000 dur_ms=1.7
2026-10-03T16:31:39.856+08:00 SET cycle=1836 mon=1 img=B hr=0x00000000 dur_ms=2.2
2026-10-03T16:31:49.828+08:00 SET cycle=1837 mon=1 img=A hr=0x00000000 dur_ms=1.9
2026-10-03T16:31:59.893+08:00 SET cycle=1838 mon=1 img=B hr=0x00000000 dur_ms=2.0
2026-10-03T16:32:09.855+08:00 SET cycle=1839 mon=1 img=A hr=0x00000000 dur_ms=2.1
2026-10-03T16:32:19.817+08:00 SET cycle=1840 mon=1 img=B hr=0x00000000 dur_ms=3.2
2026-10-03T16:32:29.894+08:00 SET cycle=1841 mon=1 img=A hr=0x00000000 dur_ms=3.0
2026-10-03T16:32:39.861+08:00 SET cycle=1842 mon=1 img=B hr=0x00000000 dur_ms=2.1
2026-10-03T16:32:49.838+08:00 SET cycle=1843 mon=1 img=A hr=0x00000000 dur_ms=1.8
2026-10-03T16:32:59.904+08:00 SET cycle=1844 mon=1 img=B hr=0x00000000 dur_ms=2.0
2026-10-03T16:33:09.872+08:00 SET cycle=1845 mon=1 img=A hr=0x00000000 dur_ms=2.0
2026-10-03T16:33:19.842+08:00 SET cycle=1846 mon=1 img=B hr=0x00000000 dur_ms=3.0
2026-10-03T16:33:29.814+08:00 SET cycle=1847 mon=1 img=A hr=0x00000000 dur_ms=2.1
2026-10-03T16:33:39.885+08:00 SET cycle=1848 mon=1 img=B hr=0x00000000 dur_ms=2.2
2026-10-03T16:33:49.852+08:00 SET cycle=1849 mon=1 img=A hr=0x00000000 dur_ms=1.3
2026-10-03T16:33:59.823+08:00 SET cycle=1850 mon=1 img=B hr=0x00000000 dur_ms=1.3
2026-10-03T16:34:09.897+08:00 SET cycle=1851 mon=1 img=A hr=0x00000000 dur_ms=2.3
2026-10-03T16:34:19.859+08:00 SET cycle=1852 mon=1 img=B hr=0x00000000 dur_ms=1.9
2026-10-03T16:34:29.827+08:00 SET cycle=1853 mon=1 img=A hr=0x00000000 dur_ms=2.4
2026-10-03T16:34:39.889+08:00 SET cycle=1854 mon=1 img=B hr=0x00000000 dur_ms=1.9
2026-10-03T16:34:49.859+08:00 SET cycle=1855 mon=1 img=A hr=0x00000000 dur_ms=1.3
2026-10-03T16:34:59.819+08:00 SET cycle=1856 mon=1 img=B hr=0x00000000 dur_ms=1.5
2026-10-03T16:35:09.889+08:00 SET cycle=1857 mon=1 img=A hr=0x00000000 dur_ms=2.2
2026-10-03T16:35:19.863+08:00 SET cycle=1858 mon=1 img=B hr=0x00000000 dur_ms=1.5
2026-10-03T16:35:29.834+08:00 SET cycle=1859 mon=1 img=A hr=0x00000000 dur_ms=2.7
2026-10-03T16:35:39.901+08:00 SET cycle=1860 mon=1 img=B hr=0x00000000 dur_ms=1.4
2026-10-03T16:35:49.859+08:00 SET cycle=1861 mon=1 img=A hr=0x00000000 dur_ms=1.6
2026-10-03T16:35:59.829+08:00 SET cycle=1862 mon=1 img=B hr=0x00000000 dur_ms=2.3
2026-10-03T16:36:09.899+08:00 SET cycle=1863 mon=1 img=A hr=0x00000000 dur_ms=3.1
2026-10-03T16:36:19.868+08:00 SET cycle=1864 mon=1 img=B hr=0x00000000 dur_ms=2.8
2026-10-03T16:36:29.830+08:00 SET cycle=1865 mon=1 img=A hr=0x00000000 dur_ms=1.5
2026-10-03T16:36:39.905+08:00 SET cycle=1866 mon=1 img=B hr=0x00000000 dur_ms=2.1
2026-10-03T16:36:49.869+08:00 SET cycle=1867 mon=1 img=A hr=0x00000000 dur_ms=1.6
2026-10-03T16:36:59.842+08:00 SET cycle=1868 mon=1 img=B hr=0x00000000 dur_ms=1.8
2026-10-03T16:37:09.904+08:00 SET cycle=1869 mon=1 img=A hr=0x00000000 dur_ms=1.9
2026-10-03T16:37:19.866+08:00 SET cycle=1870 mon=1 img=B hr=0x00000000 dur_ms=2.3
2026-10-03T16:37:29.829+08:00 SET cycle=1871 mon=1 img=A hr=0x00000000 dur_ms=2.5
2026-10-03T16:37:39.891+08:00 SET cycle=1872 mon=1 img=B hr=0x00000000 dur_ms=1.9
2026-10-03T16:37:49.862+08:00 SET cycle=1873 mon=1 img=A hr=0x00000000 dur_ms=1.5
2026-10-03T16:37:59.826+08:00 SET cycle=1874 mon=1 img=B hr=0x00000000 dur_ms=2.4
2026-10-03T16:38:09.882+08:00 SET cycle=1875 mon=1 img=A hr=0x00000000 dur_ms=2.1
2026-10-03T16:38:19.842+08:00 SET cycle=1876 mon=1 img=B hr=0x00000000 dur_ms=1.5
2026-10-03T16:38:29.901+08:00 SET cycle=1877 mon=1 img=A hr=0x00000000 dur_ms=1.3
2026-10-03T16:38:39.862+08:00 SET cycle=1878 mon=1 img=B hr=0x00000000 dur_ms=2.0
2026-10-03T16:38:49.829+08:00 SET cycle=1879 mon=1 img=A hr=0x00000000 dur_ms=2.1
2026-10-03T16:38:59.904+08:00 SET cycle=1880 mon=1 img=B hr=0x00000000 dur_ms=2.4
2026-10-03T16:39:09.876+08:00 SET cycle=1881 mon=1 img=A hr=0x00000000 dur_ms=2.5
2026-10-03T16:39:19.837+08:00 SET cycle=1882 mon=1 img=B hr=0x00000000 dur_ms=2.1
2026-10-03T16:39:29.893+08:00 SET cycle=1883 mon=1 img=A hr=0x00000000 dur_ms=1.7
2026-10-03T16:39:39.859+08:00 SET cycle=1884 mon=1 img=B hr=0x00000000 dur_ms=1.4
2026-10-03T16:39:49.816+08:00 SET cycle=1885 mon=1 img=A hr=0x00000000 dur_ms=1.5
2026-10-03T16:39:59.876+08:00 SET cycle=1886 mon=1 img=B hr=0x00000000 dur_ms=2.5
2026-10-03T16:40:09.840+08:00 SET cycle=1887 mon=1 img=A hr=0x00000000 dur_ms=1.9
2026-10-03T16:40:19.897+08:00 SET cycle=1888 mon=1 img=B hr=0x00000000 dur_ms=1.8
2026-10-03T16:40:29.860+08:00 SET cycle=1889 mon=1 img=A hr=0x00000000 dur_ms=2.9
2026-10-03T16:40:39.837+08:00 SET cycle=1890 mon=1 img=B hr=0x00000000 dur_ms=1.7
2026-10-03T16:40:49.813+08:00 SET cycle=1891 mon=1 img=A hr=0x00000000 dur_ms=2.2
2026-10-03T16:40:59.876+08:00 SET cycle=1892 mon=1 img=B hr=0x00000000 dur_ms=2.3
2026-10-03T16:41:09.847+08:00 SET cycle=1893 mon=1 img=A hr=0x00000000 dur_ms=1.8
2026-10-03T16:41:19.818+08:00 SET cycle=1894 mon=1 img=B hr=0x00000000 dur_ms=2.0
2026-10-03T16:41:29.893+08:00 SET cycle=1895 mon=1 img=A hr=0x00000000 dur_ms=3.3
2026-10-03T16:41:39.856+08:00 SET cycle=1896 mon=1 img=B hr=0x00000000 dur_ms=1.6
2026-10-03T16:41:49.827+08:00 SET cycle=1897 mon=1 img=A hr=0x00000000 dur_ms=1.8
2026-10-03T16:41:59.886+08:00 SET cycle=1898 mon=1 img=B hr=0x00000000 dur_ms=2.6
2026-10-03T16:42:09.846+08:00 SET cycle=1899 mon=1 img=A hr=0x00000000 dur_ms=2.2
2026-10-03T16:42:19.812+08:00 SET cycle=1900 mon=1 img=B hr=0x00000000 dur_ms=1.5
2026-10-03T16:42:29.876+08:00 SET cycle=1901 mon=1 img=A hr=0x00000000 dur_ms=1.9
2026-10-03T16:42:39.847+08:00 SET cycle=1902 mon=1 img=B hr=0x00000000 dur_ms=1.6
2026-10-03T16:42:49.905+08:00 SET cycle=1903 mon=1 img=A hr=0x00000000 dur_ms=1.7
2026-10-03T16:42:59.874+08:00 SET cycle=1904 mon=1 img=B hr=0x00000000 dur_ms=2.5
2026-10-03T16:43:09.841+08:00 SET cycle=1905 mon=1 img=A hr=0x00000000 dur_ms=2.3
2026-10-03T16:43:19.911+08:00 SET cycle=1906 mon=1 img=B hr=0x00000000 dur_ms=1.8
2026-10-03T16:43:29.877+08:00 SET cycle=1907 mon=1 img=A hr=0x00000000 dur_ms=1.9
2026-10-03T16:43:39.849+08:00 SET cycle=1908 mon=1 img=B hr=0x00000000 dur_ms=2.2
2026-10-03T16:43:49.821+08:00 SET cycle=1909 mon=1 img=A hr=0x00000000 dur_ms=3.4
2026-10-03T16:43:59.885+08:00 SET cycle=1910 mon=1 img=B hr=0x00000000 dur_ms=3.1
2026-10-03T16:44:09.845+08:00 SET cycle=1911 mon=1 img=A hr=0x00000000 dur_ms=2.8
2026-10-03T16:44:19.910+08:00 SET cycle=1912 mon=1 img=B hr=0x00000000 dur_ms=2.5
2026-10-03T16:44:29.871+08:00 SET cycle=1913 mon=1 img=A hr=0x00000000 dur_ms=1.6
2026-10-03T16:44:39.846+08:00 SET cycle=1914 mon=1 img=B hr=0x00000000 dur_ms=3.3
2026-10-03T16:44:49.816+08:00 SET cycle=1915 mon=1 img=A hr=0x00000000 dur_ms=3.1
2026-10-03T16:44:59.877+08:00 SET cycle=1916 mon=1 img=B hr=0x00000000 dur_ms=1.4
2026-10-03T16:45:09.838+08:00 SET cycle=1917 mon=1 img=A hr=0x00000000 dur_ms=2.6
2026-10-03T16:45:19.897+08:00 SET cycle=1918 mon=1 img=B hr=0x00000000 dur_ms=2.5
2026-10-03T16:45:29.865+08:00 SET cycle=1919 mon=1 img=A hr=0x00000000 dur_ms=1.9
2026-10-03T16:45:39.835+08:00 SET cycle=1920 mon=1 img=B hr=0x00000000 dur_ms=1.6
2026-10-03T16:45:49.903+08:00 SET cycle=1921 mon=1 img=A hr=0x00000000 dur_ms=1.8
2026-10-03T16:45:59.867+08:00 SET cycle=1922 mon=1 img=B hr=0x00000000 dur_ms=2.5
2026-10-03T16:46:09.845+08:00 SET cycle=1923 mon=1 img=A hr=0x00000000 dur_ms=2.1
2026-10-03T16:46:19.818+08:00 SET cycle=1924 mon=1 img=B hr=0x00000000 dur_ms=2.1
2026-10-03T16:46:29.893+08:00 SET cycle=1925 mon=1 img=A hr=0x00000000 dur_ms=1.8
2026-10-03T16:46:39.864+08:00 SET cycle=1926 mon=1 img=B hr=0x00000000 dur_ms=1.8
2026-10-03T16:46:49.830+08:00 SET cycle=1927 mon=1 img=A hr=0x00000000 dur_ms=2.4
2026-10-03T16:46:59.898+08:00 SET cycle=1928 mon=1 img=B hr=0x00000000 dur_ms=2.5
2026-10-03T16:47:09.861+08:00 SET cycle=1929 mon=1 img=A hr=0x00000000 dur_ms=1.8
2026-10-03T16:47:19.818+08:00 SET cycle=1930 mon=1 img=B hr=0x00000000 dur_ms=1.9
2026-10-03T16:47:29.884+08:00 SET cycle=1931 mon=1 img=A hr=0x00000000 dur_ms=2.1
2026-10-03T16:47:39.852+08:00 SET cycle=1932 mon=1 img=B hr=0x00000000 dur_ms=1.4
2026-10-03T16:47:49.818+08:00 SET cycle=1933 mon=1 img=A hr=0x00000000 dur_ms=2.0
2026-10-03T16:47:59.876+08:00 SET cycle=1934 mon=1 img=B hr=0x00000000 dur_ms=2.0
2026-10-03T16:48:09.839+08:00 SET cycle=1935 mon=1 img=A hr=0x00000000 dur_ms=2.0
2026-10-03T16:48:19.911+08:00 SET cycle=1936 mon=1 img=B hr=0x00000000 dur_ms=1.7
2026-10-03T16:48:29.886+08:00 SET cycle=1937 mon=1 img=A hr=0x00000000 dur_ms=2.3
2026-10-03T16:48:39.853+08:00 SET cycle=1938 mon=1 img=B hr=0x00000000 dur_ms=2.8
2026-10-03T16:48:49.911+08:00 SET cycle=1939 mon=1 img=A hr=0x00000000 dur_ms=2.1
2026-10-03T16:48:59.868+08:00 SET cycle=1940 mon=1 img=B hr=0x00000000 dur_ms=1.2
2026-10-03T16:49:09.837+08:00 SET cycle=1941 mon=1 img=A hr=0x00000000 dur_ms=1.7
2026-10-03T16:49:19.904+08:00 SET cycle=1942 mon=1 img=B hr=0x00000000 dur_ms=2.0
2026-10-03T16:49:29.865+08:00 SET cycle=1943 mon=1 img=A hr=0x00000000 dur_ms=2.2
2026-10-03T16:49:39.828+08:00 SET cycle=1944 mon=1 img=B hr=0x00000000 dur_ms=1.8
2026-10-03T16:49:49.897+08:00 SET cycle=1945 mon=1 img=A hr=0x00000000 dur_ms=2.1
2026-10-03T16:49:59.865+08:00 SET cycle=1946 mon=1 img=B hr=0x00000000 dur_ms=2.7
2026-10-03T16:50:09.833+08:00 SET cycle=1947 mon=1 img=A hr=0x00000000 dur_ms=1.4
2026-10-03T16:50:19.902+08:00 SET cycle=1948 mon=1 img=B hr=0x00000000 dur_ms=2.0
2026-10-03T16:50:29.868+08:00 SET cycle=1949 mon=1 img=A hr=0x00000000 dur_ms=1.5
2026-10-03T16:50:39.838+08:00 SET cycle=1950 mon=1 img=B hr=0x00000000 dur_ms=2.0
2026-10-03T16:50:49.912+08:00 SET cycle=1951 mon=1 img=A hr=0x00000000 dur_ms=2.3
2026-10-03T16:50:59.875+08:00 SET cycle=1952 mon=1 img=B hr=0x00000000 dur_ms=3.2
2026-10-03T16:51:09.846+08:00 SET cycle=1953 mon=1 img=A hr=0x00000000 dur_ms=2.7
2026-10-03T16:51:19.905+08:00 SET cycle=1954 mon=1 img=B hr=0x00000000 dur_ms=2.2
2026-10-03T16:51:29.874+08:00 SET cycle=1955 mon=1 img=A hr=0x00000000 dur_ms=1.6
2026-10-03T16:51:39.835+08:00 SET cycle=1956 mon=1 img=B hr=0x00000000 dur_ms=2.2
2026-10-03T16:51:49.903+08:00 SET cycle=1957 mon=1 img=A hr=0x00000000 dur_ms=2.1
2026-10-03T16:51:59.867+08:00 SET cycle=1958 mon=1 img=B hr=0x00000000 dur_ms=2.8
2026-10-03T16:52:09.826+08:00 SET cycle=1959 mon=1 img=A hr=0x00000000 dur_ms=2.0
2026-10-03T16:52:19.894+08:00 SET cycle=1960 mon=1 img=B hr=0x00000000 dur_ms=3.2
2026-10-03T16:52:29.865+08:00 SET cycle=1961 mon=1 img=A hr=0x00000000 dur_ms=1.9
2026-10-03T16:52:39.829+08:00 SET cycle=1962 mon=1 img=B hr=0x00000000 dur_ms=2.0
2026-10-03T16:52:49.899+08:00 SET cycle=1963 mon=1 img=A hr=0x00000000 dur_ms=2.7
2026-10-03T16:52:59.867+08:00 SET cycle=1964 mon=1 img=B hr=0x00000000 dur_ms=1.8
2026-10-03T16:53:09.825+08:00 SET cycle=1965 mon=1 img=A hr=0x00000000 dur_ms=2.5
2026-10-03T16:53:19.886+08:00 SET cycle=1966 mon=1 img=B hr=0x00000000 dur_ms=1.4
2026-10-03T16:53:29.842+08:00 SET cycle=1967 mon=1 img=A hr=0x00000000 dur_ms=1.7
2026-10-03T16:53:39.818+08:00 SET cycle=1968 mon=1 img=B hr=0x00000000 dur_ms=2.9
2026-10-03T16:53:49.890+08:00 SET cycle=1969 mon=1 img=A hr=0x00000000 dur_ms=2.6
2026-10-03T16:53:59.853+08:00 SET cycle=1970 mon=1 img=B hr=0x00000000 dur_ms=1.5
2026-10-03T16:54:09.823+08:00 SET cycle=1971 mon=1 img=A hr=0x00000000 dur_ms=2.4
2026-10-03T16:54:19.895+08:00 SET cycle=1972 mon=1 img=B hr=0x00000000 dur_ms=1.8
2026-10-03T16:54:29.870+08:00 SET cycle=1973 mon=1 img=A hr=0x00000000 dur_ms=2.1
2026-10-03T16:54:39.849+08:00 SET cycle=1974 mon=1 img=B hr=0x00000000 dur_ms=2.8
2026-10-03T16:54:49.821+08:00 SET cycle=1975 mon=1 img=A hr=0x00000000 dur_ms=2.1
2026-10-03T16:54:59.894+08:00 SET cycle=1976 mon=1 img=B hr=0x00000000 dur_ms=4.0
2026-10-03T16:55:09.865+08:00 SET cycle=1977 mon=1 img=A hr=0x00000000 dur_ms=2.3
2026-10-03T16:55:19.838+08:00 SET cycle=1978 mon=1 img=B hr=0x00000000 dur_ms=1.9
2026-10-03T16:55:29.910+08:00 SET cycle=1979 mon=1 img=A hr=0x00000000 dur_ms=3.0
2026-10-03T16:55:39.883+08:00 SET cycle=1980 mon=1 img=B hr=0x00000000 dur_ms=2.8
2026-10-03T16:55:49.856+08:00 SET cycle=1981 mon=1 img=A hr=0x00000000 dur_ms=2.5
2026-10-03T16:55:59.914+08:00 SET cycle=1982 mon=1 img=B hr=0x00000000 dur_ms=2.2
2026-10-03T16:56:09.876+08:00 SET cycle=1983 mon=1 img=A hr=0x00000000 dur_ms=1.6
2026-10-03T16:56:19.853+08:00 SET cycle=1984 mon=1 img=B hr=0x00000000 dur_ms=1.7
2026-10-03T16:56:29.915+08:00 SET cycle=1985 mon=1 img=A hr=0x00000000 dur_ms=1.8
2026-10-03T16:56:39.888+08:00 SET cycle=1986 mon=1 img=B hr=0x00000000 dur_ms=1.6
2026-10-03T16:56:49.854+08:00 SET cycle=1987 mon=1 img=A hr=0x00000000 dur_ms=2.5
2026-10-03T16:56:59.819+08:00 SET cycle=1988 mon=1 img=B hr=0x00000000 dur_ms=2.1
2026-10-03T16:57:09.882+08:00 SET cycle=1989 mon=1 img=A hr=0x00000000 dur_ms=2.0
2026-10-03T16:57:19.854+08:00 SET cycle=1990 mon=1 img=B hr=0x00000000 dur_ms=2.5
2026-10-03T16:57:29.819+08:00 SET cycle=1991 mon=1 img=A hr=0x00000000 dur_ms=1.9
2026-10-03T16:57:39.880+08:00 SET cycle=1992 mon=1 img=B hr=0x00000000 dur_ms=2.8
2026-10-03T16:57:49.843+08:00 SET cycle=1993 mon=1 img=A hr=0x00000000 dur_ms=2.1
2026-10-03T16:57:59.819+08:00 SET cycle=1994 mon=1 img=B hr=0x00000000 dur_ms=1.8
2026-10-03T16:58:09.886+08:00 SET cycle=1995 mon=1 img=A hr=0x00000000 dur_ms=1.8
2026-10-03T16:58:19.855+08:00 SET cycle=1996 mon=1 img=B hr=0x00000000 dur_ms=9.8
2026-10-03T16:58:29.821+08:00 SET cycle=1997 mon=1 img=A hr=0x00000000 dur_ms=2.2
2026-10-03T16:58:39.888+08:00 SET cycle=1998 mon=1 img=B hr=0x00000000 dur_ms=2.2
2026-10-03T16:58:49.855+08:00 SET cycle=1999 mon=1 img=A hr=0x00000000 dur_ms=1.8
2026-10-03T16:58:59.829+08:00 SET cycle=2000 mon=1 img=B hr=0x00000000 dur_ms=1.7
2026-10-03T16:59:09.899+08:00 SET cycle=2001 mon=1 img=A hr=0x00000000 dur_ms=2.3
2026-10-03T16:59:19.874+08:00 SET cycle=2002 mon=1 img=B hr=0x00000000 dur_ms=10.6
2026-10-03T16:59:29.850+08:00 SET cycle=2003 mon=1 img=A hr=0x00000000 dur_ms=2.0
2026-10-03T16:59:39.816+08:00 SET cycle=2004 mon=1 img=B hr=0x00000000 dur_ms=2.0
2026-10-03T16:59:49.886+08:00 SET cycle=2005 mon=1 img=A hr=0x00000000 dur_ms=2.1
2026-10-03T16:59:59.857+08:00 SET cycle=2006 mon=1 img=B hr=0x00000000 dur_ms=2.0
2026-10-03T17:00:09.825+08:00 SET cycle=2007 mon=1 img=A hr=0x00000000 dur_ms=2.6
2026-10-03T17:00:19.917+08:00 SET cycle=2008 mon=1 img=B hr=0x00000000 dur_ms=9.1
2026-10-03T17:00:29.874+08:00 SET cycle=2009 mon=1 img=A hr=0x00000000 dur_ms=2.4
2026-10-03T17:00:39.832+08:00 SET cycle=2010 mon=1 img=B hr=0x00000000 dur_ms=1.9
2026-10-03T17:00:49.898+08:00 SET cycle=2011 mon=1 img=A hr=0x00000000 dur_ms=2.8
2026-10-03T17:00:59.870+08:00 SET cycle=2012 mon=1 img=B hr=0x00000000 dur_ms=2.1
2026-10-03T17:01:09.837+08:00 SET cycle=2013 mon=1 img=A hr=0x00000000 dur_ms=2.1
2026-10-03T17:01:19.915+08:00 SET cycle=2014 mon=1 img=B hr=0x00000000 dur_ms=5.1
2026-10-03T17:01:29.890+08:00 SET cycle=2015 mon=1 img=A hr=0x00000000 dur_ms=3.3
2026-10-03T17:01:39.857+08:00 SET cycle=2016 mon=1 img=B hr=0x00000000 dur_ms=1.6
2026-10-03T17:01:49.825+08:00 SET cycle=2017 mon=1 img=A hr=0x00000000 dur_ms=1.4
2026-10-03T17:01:59.890+08:00 SET cycle=2018 mon=1 img=B hr=0x00000000 dur_ms=1.7
2026-10-03T17:02:09.854+08:00 SET cycle=2019 mon=1 img=A hr=0x00000000 dur_ms=2.4
2026-10-03T17:02:19.829+08:00 SET cycle=2020 mon=1 img=B hr=0x00000000 dur_ms=2.8
2026-10-03T17:02:29.898+08:00 SET cycle=2021 mon=1 img=A hr=0x00000000 dur_ms=1.9
2026-10-03T17:02:39.863+08:00 SET cycle=2022 mon=1 img=B hr=0x00000000 dur_ms=2.7
2026-10-03T17:02:49.822+08:00 SET cycle=2023 mon=1 img=A hr=0x00000000 dur_ms=1.4
2026-10-03T17:02:59.897+08:00 SET cycle=2024 mon=1 img=B hr=0x00000000 dur_ms=1.9
2026-10-03T17:03:09.867+08:00 SET cycle=2025 mon=1 img=A hr=0x00000000 dur_ms=2.9
2026-10-03T17:03:19.834+08:00 SET cycle=2026 mon=1 img=B hr=0x00000000 dur_ms=2.0
2026-10-03T17:03:29.905+08:00 SET cycle=2027 mon=1 img=A hr=0x00000000 dur_ms=2.9
2026-10-03T17:03:39.873+08:00 SET cycle=2028 mon=1 img=B hr=0x00000000 dur_ms=2.1
2026-10-03T17:03:49.831+08:00 SET cycle=2029 mon=1 img=A hr=0x00000000 dur_ms=1.6
2026-10-03T17:03:59.905+08:00 SET cycle=2030 mon=1 img=B hr=0x00000000 dur_ms=1.8
2026-10-03T17:04:09.869+08:00 SET cycle=2031 mon=1 img=A hr=0x00000000 dur_ms=2.0
2026-10-03T17:04:19.836+08:00 SET cycle=2032 mon=1 img=B hr=0x00000000 dur_ms=2.7
2026-10-03T17:04:29.902+08:00 SET cycle=2033 mon=1 img=A hr=0x00000000 dur_ms=1.2
2026-10-03T17:04:39.871+08:00 SET cycle=2034 mon=1 img=B hr=0x00000000 dur_ms=1.8
2026-10-03T17:04:49.836+08:00 SET cycle=2035 mon=1 img=A hr=0x00000000 dur_ms=1.3
2026-10-03T17:04:59.907+08:00 SET cycle=2036 mon=1 img=B hr=0x00000000 dur_ms=3.5
2026-10-03T17:05:09.881+08:00 SET cycle=2037 mon=1 img=A hr=0x00000000 dur_ms=1.6
2026-10-03T17:05:19.846+08:00 SET cycle=2038 mon=1 img=B hr=0x00000000 dur_ms=2.2
2026-10-03T17:05:29.910+08:00 SET cycle=2039 mon=1 img=A hr=0x00000000 dur_ms=1.9
2026-10-03T17:05:39.867+08:00 SET cycle=2040 mon=1 img=B hr=0x00000000 dur_ms=1.9
2026-10-03T17:05:49.829+08:00 SET cycle=2041 mon=1 img=A hr=0x00000000 dur_ms=2.4
2026-10-03T17:05:59.895+08:00 SET cycle=2042 mon=1 img=B hr=0x00000000 dur_ms=2.7
2026-10-03T17:06:09.867+08:00 SET cycle=2043 mon=1 img=A hr=0x00000000 dur_ms=2.3
2026-10-03T17:06:19.843+08:00 SET cycle=2044 mon=1 img=B hr=0x00000000 dur_ms=1.9
2026-10-03T17:06:29.911+08:00 SET cycle=2045 mon=1 img=A hr=0x00000000 dur_ms=1.9
2026-10-03T17:06:39.883+08:00 SET cycle=2046 mon=1 img=B hr=0x00000000 dur_ms=1.8
2026-10-03T17:06:49.848+08:00 SET cycle=2047 mon=1 img=A hr=0x00000000 dur_ms=1.3
2026-10-03T17:06:59.916+08:00 SET cycle=2048 mon=1 img=B hr=0x00000000 dur_ms=1.9
2026-10-03T17:07:09.877+08:00 SET cycle=2049 mon=1 img=A hr=0x00000000 dur_ms=1.5
2026-10-03T17:07:19.848+08:00 SET cycle=2050 mon=1 img=B hr=0x00000000 dur_ms=1.2
2026-10-03T17:07:29.909+08:00 SET cycle=2051 mon=1 img=A hr=0x00000000 dur_ms=1.9
2026-10-03T17:07:39.887+08:00 SET cycle=2052 mon=1 img=B hr=0x00000000 dur_ms=2.7
2026-10-03T17:07:49.856+08:00 SET cycle=2053 mon=1 img=A hr=0x00000000 dur_ms=2.1
2026-10-03T17:07:59.914+08:00 SET cycle=2054 mon=1 img=B hr=0x00000000 dur_ms=2.0
2026-10-03T17:08:09.881+08:00 SET cycle=2055 mon=1 img=A hr=0x00000000 dur_ms=2.5
2026-10-03T17:08:19.848+08:00 SET cycle=2056 mon=1 img=B hr=0x00000000 dur_ms=2.1
2026-10-03T17:08:29.912+08:00 SET cycle=2057 mon=1 img=A hr=0x00000000 dur_ms=1.8
2026-10-03T17:08:39.882+08:00 SET cycle=2058 mon=1 img=B hr=0x00000000 dur_ms=1.8
2026-10-03T17:08:49.854+08:00 SET cycle=2059 mon=1 img=A hr=0x00000000 dur_ms=2.0
2026-10-03T17:08:59.914+08:00 SET cycle=2060 mon=1 img=B hr=0x00000000 dur_ms=2.3
2026-10-03T17:09:09.885+08:00 SET cycle=2061 mon=1 img=A hr=0x00000000 dur_ms=2.6
2026-10-03T17:09:19.852+08:00 SET cycle=2062 mon=1 img=B hr=0x00000000 dur_ms=1.3
2026-10-03T17:09:29.824+08:00 SET cycle=2063 mon=1 img=A hr=0x00000000 dur_ms=2.0
2026-10-03T17:09:39.902+08:00 SET cycle=2064 mon=1 img=B hr=0x00000000 dur_ms=3.0
2026-10-03T17:09:49.867+08:00 SET cycle=2065 mon=1 img=A hr=0x00000000 dur_ms=3.0
2026-10-03T17:09:59.837+08:00 SET cycle=2066 mon=1 img=B hr=0x00000000 dur_ms=2.2
2026-10-03T17:10:09.904+08:00 SET cycle=2067 mon=1 img=A hr=0x00000000 dur_ms=2.4
2026-10-03T17:10:19.863+08:00 SET cycle=2068 mon=1 img=B hr=0x00000000 dur_ms=1.9
2026-10-03T17:10:29.830+08:00 SET cycle=2069 mon=1 img=A hr=0x00000000 dur_ms=2.2
2026-10-03T17:10:39.900+08:00 SET cycle=2070 mon=1 img=B hr=0x00000000 dur_ms=2.3
2026-10-03T17:10:49.863+08:00 SET cycle=2071 mon=1 img=A hr=0x00000000 dur_ms=2.1
2026-10-03T17:10:59.832+08:00 SET cycle=2072 mon=1 img=B hr=0x00000000 dur_ms=2.7
2026-10-03T17:11:09.897+08:00 SET cycle=2073 mon=1 img=A hr=0x00000000 dur_ms=3.0
2026-10-03T17:11:19.863+08:00 SET cycle=2074 mon=1 img=B hr=0x00000000 dur_ms=1.4
2026-10-03T17:11:29.832+08:00 SET cycle=2075 mon=1 img=A hr=0x00000000 dur_ms=2.1
2026-10-03T17:11:39.895+08:00 SET cycle=2076 mon=1 img=B hr=0x00000000 dur_ms=1.4
2026-10-03T17:11:49.855+08:00 SET cycle=2077 mon=1 img=A hr=0x00000000 dur_ms=2.1
2026-10-03T17:11:59.817+08:00 SET cycle=2078 mon=1 img=B hr=0x00000000 dur_ms=2.0
2026-10-03T17:12:09.882+08:00 SET cycle=2079 mon=1 img=A hr=0x00000000 dur_ms=2.1
2026-10-03T17:12:19.853+08:00 SET cycle=2080 mon=1 img=B hr=0x00000000 dur_ms=1.6
2026-10-03T17:12:29.819+08:00 SET cycle=2081 mon=1 img=A hr=0x00000000 dur_ms=1.7
2026-10-03T17:12:39.895+08:00 SET cycle=2082 mon=1 img=B hr=0x00000000 dur_ms=2.3
2026-10-03T17:12:49.855+08:00 SET cycle=2083 mon=1 img=A hr=0x00000000 dur_ms=2.2
2026-10-03T17:12:59.820+08:00 SET cycle=2084 mon=1 img=B hr=0x00000000 dur_ms=3.1
2026-10-03T17:13:09.883+08:00 SET cycle=2085 mon=1 img=A hr=0x00000000 dur_ms=2.0
2026-10-03T17:13:19.850+08:00 SET cycle=2086 mon=1 img=B hr=0x00000000 dur_ms=1.7
2026-10-03T17:13:29.822+08:00 SET cycle=2087 mon=1 img=A hr=0x00000000 dur_ms=2.0
2026-10-03T17:13:39.900+08:00 SET cycle=2088 mon=1 img=B hr=0x00000000 dur_ms=2.5
2026-10-03T17:13:49.866+08:00 SET cycle=2089 mon=1 img=A hr=0x00000000 dur_ms=2.8
2026-10-03T17:13:59.833+08:00 SET cycle=2090 mon=1 img=B hr=0x00000000 dur_ms=2.4
2026-10-03T17:14:09.895+08:00 SET cycle=2091 mon=1 img=A hr=0x00000000 dur_ms=2.4
2026-10-03T17:14:19.857+08:00 SET cycle=2092 mon=1 img=B hr=0x00000000 dur_ms=1.6
2026-10-03T17:14:29.826+08:00 SET cycle=2093 mon=1 img=A hr=0x00000000 dur_ms=1.6
2026-10-03T17:14:39.890+08:00 SET cycle=2094 mon=1 img=B hr=0x00000000 dur_ms=1.7
2026-10-03T17:14:49.856+08:00 SET cycle=2095 mon=1 img=A hr=0x00000000 dur_ms=2.0
2026-10-03T17:14:59.823+08:00 SET cycle=2096 mon=1 img=B hr=0x00000000 dur_ms=1.8
2026-10-03T17:15:09.889+08:00 SET cycle=2097 mon=1 img=A hr=0x00000000 dur_ms=3.3
2026-10-03T17:15:19.869+08:00 SET cycle=2098 mon=1 img=B hr=0x00000000 dur_ms=2.2
2026-10-03T17:15:29.833+08:00 SET cycle=2099 mon=1 img=A hr=0x00000000 dur_ms=2.7
2026-10-03T17:15:39.906+08:00 SET cycle=2100 mon=1 img=B hr=0x00000000 dur_ms=2.5
2026-10-03T17:15:49.872+08:00 SET cycle=2101 mon=1 img=A hr=0x00000000 dur_ms=1.4
2026-10-03T17:15:59.842+08:00 SET cycle=2102 mon=1 img=B hr=0x00000000 dur_ms=1.8
2026-10-03T17:16:09.901+08:00 SET cycle=2103 mon=1 img=A hr=0x00000000 dur_ms=2.1
2026-10-03T17:16:19.871+08:00 SET cycle=2104 mon=1 img=B hr=0x00000000 dur_ms=2.3
2026-10-03T17:16:29.834+08:00 SET cycle=2105 mon=1 img=A hr=0x00000000 dur_ms=3.2
2026-10-03T17:16:39.900+08:00 SET cycle=2106 mon=1 img=B hr=0x00000000 dur_ms=2.2
2026-10-03T17:16:49.861+08:00 SET cycle=2107 mon=1 img=A hr=0x00000000 dur_ms=1.3
2026-10-03T17:16:59.825+08:00 SET cycle=2108 mon=1 img=B hr=0x00000000 dur_ms=2.1
2026-10-03T17:17:09.891+08:00 SET cycle=2109 mon=1 img=A hr=0x00000000 dur_ms=2.1
2026-10-03T17:17:19.855+08:00 SET cycle=2110 mon=1 img=B hr=0x00000000 dur_ms=1.7
2026-10-03T17:17:29.820+08:00 SET cycle=2111 mon=1 img=A hr=0x00000000 dur_ms=1.7
2026-10-03T17:17:39.888+08:00 SET cycle=2112 mon=1 img=B hr=0x00000000 dur_ms=2.8
2026-10-03T17:17:49.862+08:00 SET cycle=2113 mon=1 img=A hr=0x00000000 dur_ms=1.7
2026-10-03T17:17:59.832+08:00 SET cycle=2114 mon=1 img=B hr=0x00000000 dur_ms=1.7
2026-10-03T17:18:09.906+08:00 SET cycle=2115 mon=1 img=A hr=0x00000000 dur_ms=1.4
2026-10-03T17:18:19.877+08:00 SET cycle=2116 mon=1 img=B hr=0x00000000 dur_ms=1.6
2026-10-03T17:18:29.835+08:00 SET cycle=2117 mon=1 img=A hr=0x00000000 dur_ms=2.6
2026-10-03T17:18:39.909+08:00 SET cycle=2118 mon=1 img=B hr=0x00000000 dur_ms=2.3
2026-10-03T17:18:49.875+08:00 SET cycle=2119 mon=1 img=A hr=0x00000000 dur_ms=1.9
2026-10-03T17:18:59.849+08:00 SET cycle=2120 mon=1 img=B hr=0x00000000 dur_ms=2.4
2026-10-03T17:19:09.914+08:00 SET cycle=2121 mon=1 img=A hr=0x00000000 dur_ms=2.3
2026-10-03T17:19:19.884+08:00 SET cycle=2122 mon=1 img=B hr=0x00000000 dur_ms=1.3
2026-10-03T17:19:29.848+08:00 SET cycle=2123 mon=1 img=A hr=0x00000000 dur_ms=1.8
2026-10-03T17:19:39.821+08:00 SET cycle=2124 mon=1 img=B hr=0x00000000 dur_ms=3.0
2026-10-03T17:19:49.886+08:00 SET cycle=2125 mon=1 img=A hr=0x00000000 dur_ms=2.3
2026-10-03T17:19:59.854+08:00 SET cycle=2126 mon=1 img=B hr=0x00000000 dur_ms=2.6
2026-10-03T17:20:09.820+08:00 SET cycle=2127 mon=1 img=A hr=0x00000000 dur_ms=1.7
2026-10-03T17:20:19.886+08:00 SET cycle=2128 mon=1 img=B hr=0x00000000 dur_ms=1.8
2026-10-03T17:20:29.863+08:00 SET cycle=2129 mon=1 img=A hr=0x00000000 dur_ms=1.9
2026-10-03T17:20:39.832+08:00 SET cycle=2130 mon=1 img=B hr=0x00000000 dur_ms=1.9
2026-10-03T17:20:49.901+08:00 SET cycle=2131 mon=1 img=A hr=0x00000000 dur_ms=1.9
2026-10-03T17:20:59.867+08:00 SET cycle=2132 mon=1 img=B hr=0x00000000 dur_ms=2.3
2026-10-03T17:21:09.830+08:00 SET cycle=2133 mon=1 img=A hr=0x00000000 dur_ms=1.7
2026-10-03T17:21:19.907+08:00 SET cycle=2134 mon=1 img=B hr=0x00000000 dur_ms=1.9
2026-10-03T17:21:29.883+08:00 SET cycle=2135 mon=1 img=A hr=0x00000000 dur_ms=2.3
2026-10-03T17:21:39.859+08:00 SET cycle=2136 mon=1 img=B hr=0x00000000 dur_ms=3.1
2026-10-03T17:21:49.826+08:00 SET cycle=2137 mon=1 img=A hr=0x00000000 dur_ms=2.8
2026-10-03T17:21:59.886+08:00 SET cycle=2138 mon=1 img=B hr=0x00000000 dur_ms=1.8
2026-10-03T17:22:09.857+08:00 SET cycle=2139 mon=1 img=A hr=0x00000000 dur_ms=1.8
2026-10-03T17:22:19.847+08:00 SET cycle=2140 mon=1 img=B hr=0x00000000 dur_ms=2.2
2026-10-03T17:22:29.915+08:00 SET cycle=2141 mon=1 img=A hr=0x00000000 dur_ms=2.6
2026-10-03T17:22:39.891+08:00 SET cycle=2142 mon=1 img=B hr=0x00000000 dur_ms=2.0
2026-10-03T17:22:49.857+08:00 SET cycle=2143 mon=1 img=A hr=0x00000000 dur_ms=2.5
2026-10-03T17:22:59.823+08:00 SET cycle=2144 mon=1 img=B hr=0x00000000 dur_ms=1.4
2026-10-03T17:23:09.888+08:00 SET cycle=2145 mon=1 img=A hr=0x00000000 dur_ms=1.7
2026-10-03T17:23:19.859+08:00 SET cycle=2146 mon=1 img=B hr=0x00000000 dur_ms=1.3
2026-10-03T17:23:29.823+08:00 SET cycle=2147 mon=1 img=A hr=0x00000000 dur_ms=2.0
2026-10-03T17:23:39.893+08:00 SET cycle=2148 mon=1 img=B hr=0x00000000 dur_ms=1.8
2026-10-03T17:23:49.853+08:00 SET cycle=2149 mon=1 img=A hr=0x00000000 dur_ms=1.6
2026-10-03T17:23:59.820+08:00 SET cycle=2150 mon=1 img=B hr=0x00000000 dur_ms=1.6
2026-10-03T17:24:09.892+08:00 SET cycle=2151 mon=1 img=A hr=0x00000000 dur_ms=1.8
2026-10-03T17:24:19.865+08:00 SET cycle=2152 mon=1 img=B hr=0x00000000 dur_ms=2.4
2026-10-03T17:24:29.833+08:00 SET cycle=2153 mon=1 img=A hr=0x00000000 dur_ms=3.2
2026-10-03T17:24:39.896+08:00 SET cycle=2154 mon=1 img=B hr=0x00000000 dur_ms=1.8
2026-10-03T17:24:49.872+08:00 SET cycle=2155 mon=1 img=A hr=0x00000000 dur_ms=1.8
2026-10-03T17:24:59.845+08:00 SET cycle=2156 mon=1 img=B hr=0x00000000 dur_ms=1.7
2026-10-03T17:25:09.912+08:00 SET cycle=2157 mon=1 img=A hr=0x00000000 dur_ms=2.9
2026-10-03T17:25:19.878+08:00 SET cycle=2158 mon=1 img=B hr=0x00000000 dur_ms=2.1
2026-10-03T17:25:29.848+08:00 SET cycle=2159 mon=1 img=A hr=0x00000000 dur_ms=2.0
2026-10-03T17:25:39.913+08:00 PHASE -> cooldown (elapsed 22200.1s)
2026-10-03T17:35:40.555+08:00 RESTORE 還原桌布（以下為還原過程記錄；還原已先於本行執行）
2026-10-03T17:35:40.555+08:00 RESTORE-NOOP 螢幕桌布已與備份相同，不寫入：\\?\DISPLAY#BOE0CDF#4&102fce2&0&UID8388688#{e6f07b5f-ee97-4a90-b076-33f57bf4eaa7}
2026-10-03T17:35:40.555+08:00 RESTORE-SET SetWallpaper(\\?\DISPLAY#AUSAA34#5&1091fafa&0&UID4356#{e6f07b5f-ee97-4a90-b076-33f57bf4eaa7}) -> C:\Windows\asus\wallpapers\asus.jpg : OK
2026-10-03T17:35:40.556+08:00 RESTORE-REG 登錄 Wallpaper 與備份不同（現在=Some("%APPDATA%\\Microsoft\\Windows\\Themes\\TranscodedWallpaper") 備份="c:\\windows\\asus\\wallpapers\\asus.jpg"），直接寫回：OK
2026-10-03T17:35:40.556+08:00 READBACK MATCH monitor \\?\DISPLAY#BOE0CDF#4&102fce2&0&UID8388688#{e6f07b5f-ee97-4a90-b076-33f57bf4eaa7} want=Some("C:\\Windows\\asus\\wallpapers\\asus.jpg") got=Some("C:\\Windows\\asus\\wallpapers\\asus.jpg")
2026-10-03T17:35:40.556+08:00 READBACK MATCH monitor \\?\DISPLAY#AUSAA34#5&1091fafa&0&UID4356#{e6f07b5f-ee97-4a90-b076-33f57bf4eaa7} want=Some("C:\\Windows\\asus\\wallpapers\\asus.jpg") got=Some("C:\\Windows\\asus\\wallpapers\\asus.jpg")
2026-10-03T17:35:40.556+08:00 READBACK MATCH position want=Some(4) got=Some(4)
2026-10-03T17:35:40.556+08:00 READBACK MATCH background_color want=Some(0) got=Some(0)
2026-10-03T17:35:40.556+08:00 READBACK MATCH HKCU\Control Panel\Desktop\Wallpaper want=Some("c:\\windows\\asus\\wallpapers\\asus.jpg") got=Some("c:\\windows\\asus\\wallpapers\\asus.jpg")
2026-10-03T17:35:40.556+08:00 READBACK MATCH HKCU\Control Panel\Desktop\WallpaperStyle want=Some("10") got=Some("10")
2026-10-03T17:35:40.556+08:00 READBACK MATCH HKCU\Control Panel\Desktop\TileWallpaper want=Some("0") got=Some("0")
2026-10-03T17:35:40.556+08:00 RESTORE 讀回結論：全部一致（備份 JSON：%LOCALAPPDATA%\fc-probe-wallpaper\backup-20261003-111539.json）
2026-10-03T17:35:44.057+08:00 TREND 趨勢摘要（僅供參考；是否累積由人讀 CSV 判斷。斜率＝設桌布階段內最小平方法，單位每小時）
2026-10-03T17:35:44.057+08:00 TREND exp_ws_bytes: baseline_mean=362166886.4 setting_slope_per_hour=381288.2 cooldown_mean=356570565.2 (samples base/set/cool=60/2160/61)
2026-10-03T17:35:44.057+08:00 TREND exp_private_bytes: baseline_mean=396467746.1 setting_slope_per_hour=406091.8 cooldown_mean=390977636.7 (samples base/set/cool=60/2160/61)
2026-10-03T17:35:44.057+08:00 TREND exp_handles: baseline_mean=4500.0 setting_slope_per_hour=12.4 cooldown_mean=4569.7 (samples base/set/cool=60/2160/61)
2026-10-03T17:35:44.057+08:00 TREND exp_gdi: baseline_mean=991.0 setting_slope_per_hour=-0.0 cooldown_mean=991.0 (samples base/set/cool=60/2160/61)
2026-10-03T17:35:44.057+08:00 TREND exp_user: baseline_mean=696.9 setting_slope_per_hour=-0.3 cooldown_mean=695.2 (samples base/set/cool=60/2160/61)
2026-10-03T17:35:44.058+08:00 TREND self_ws_bytes: baseline_mean=16516983.5 setting_slope_per_hour=275256.2 cooldown_mean=18935405.1 (samples base/set/cool=60/2160/61)
2026-10-03T17:35:44.058+08:00 TREND self_private_bytes: baseline_mean=1653555.2 setting_slope_per_hour=266802.0 cooldown_mean=4065783.6 (samples base/set/cool=60/2160/61)
2026-10-03T17:35:44.058+08:00 TREND self_handles: baseline_mean=146.6 setting_slope_per_hour=0.0 cooldown_mean=144.4 (samples base/set/cool=60/2160/61)
2026-10-03T17:35:44.058+08:00 TREND self_gdi: baseline_mean=0.0 setting_slope_per_hour=0.0 cooldown_mean=0.0 (samples base/set/cool=60/2160/61)
2026-10-03T17:35:44.058+08:00 TREND self_user: baseline_mean=5.2 setting_slope_per_hour=0.0 cooldown_mean=5.0 (samples base/set/cool=60/2160/61)
2026-10-03T17:35:44.058+08:00 DONE 設桌布成功 2160 次、失敗 0 次；週期 2160 個；取樣 2281 列；探針共收到 6 則訊息；explorer 重啟觀察 0 次、IDesktopWallpaper 重建 0 次
