ts_ms,host_pid,host_private_mb,wv_count,wv_private_mb,total_private_mb,widget_count,widget_private_mb,renderer_count,renderer_private_mb,renderer_udf_mb,renderer_udf_files
1790965638292,106412,3.7,1,0.8,4.5,1,0.8,0,0.0,0.00,0
1790965640317,106412,10.8,11,530.1,540.9,11,530.1,0,0.0,0.00,0
1790965642336,106412,10.8,11,533.8,544.6,11,533.8,0,0.0,0.00,0
1790965644355,106412,10.8,11,506.7,517.5,11,506.7,0,0.0,0.00,0
1790965646359,106412,10.8,11,503.8,514.6,11,503.8,0,0.0,0.00,0
1790965648401,106412,10.8,11,443.6,454.5,11,443.6,0,0.0,0.00,0
1790965650383,106412,10.8,11,434.5,445.4,11,434.5,0,0.0,0.00,0
1790965652399,106412,10.8,11,434.8,445.6,11,434.8,0,0.0,0.00,0
1790965654391,106412,10.8,11,435.3,446.1,11,435.3,0,0.0,0.00,0
1790965656415,106412,10.8,11,435.7,446.5,11,435.7,0,0.0,0.00,0
1790965658415,106412,10.8,11,436.5,447.4,11,436.5,0,0.0,0.00,0
1790965660441,106412,10.8,11,439.7,450.5,11,439.7,0,0.0,0.00,0
1790965662446,106412,10.8,11,439.5,450.3,11,439.5,0,0.0,0.00,0
1790965664455,106412,10.8,11,440.2,451.0,11,440.2,0,0.0,0.00,0
1790965666461,106412,10.8,11,440.6,451.4,11,440.6,0,0.0,0.00,0
1790965668474,106412,10.8,11,441.9,452.8,11,441.9,0,0.0,0.00,0
1790965670475,106412,10.8,11,443.1,453.9,11,443.1,0,0.0,0.00,0
1790965672489,106412,10.8,11,443.0,453.9,11,443.0,0,0.0,0.00,0
1790965674491,106412,10.8,11,443.9,454.7,11,443.9,0,0.0,0.00,0
1790965676507,106412,10.8,11,444.0,454.9,11,444.0,0,0.0,0.00,0
1790965678522,106412,10.8,11,444.6,455.4,11,444.6,0,0.0,0.00,0
1790965680541,106412,10.8,11,444.6,455.4,11,444.6,0,0.0,0.00,0
1790965682554,106412,10.8,11,444.7,455.6,11,444.7,0,0.0,0.00,0
1790965684573,106412,10.8,11,444.9,455.7,11,444.9,0,0.0,0.00,0
1790965686585,106412,10.8,11,445.1,456.0,11,445.1,0,0.0,0.00,0
1790965688594,106412,10.8,11,445.5,456.4,11,445.5,0,0.0,0.00,0
1790965690603,106412,10.8,11,445.7,456.5,11,445.7,0,0.0,0.00,0
1790965692621,106412,10.8,11,445.1,455.9,11,445.1,0,0.0,0.00,0
1790965694644,106412,10.8,11,450.8,461.6,11,450.8,0,0.0,0.00,0
1790965696631,106412,10.8,11,451.0,461.8,11,451.0,0,0.0,0.00,0
1790965698634,106412,10.7,11,449.8,460.6,11,449.8,0,0.0,0.00,0
1790965700653,106412,10.7,11,480.9,491.6,11,480.9,0,0.0,0.00,0
1790965702665,106412,10.7,11,481.2,491.9,11,481.2,0,0.0,0.00,0
1790965704677,106412,10.7,11,454.4,465.2,11,454.4,0,0.0,0.00,0
1790965706689,106412,10.7,11,454.5,465.2,11,454.5,0,0.0,0.00,0
1790965708699,106412,10.7,11,446.9,457.6,11,446.9,0,0.0,0.00,0
1790965710719,106412,10.7,11,445.8,456.5,11,445.8,0,0.0,0.00,0
1790965712723,106412,10.7,11,446.4,457.1,11,446.4,0,0.0,0.00,0
1790965714732,106412,10.7,11,445.6,456.3,11,445.6,0,0.0,0.00,0
1790965716737,106412,10.7,11,446.5,457.2,11,446.5,0,0.0,0.00,0
1790965718734,106412,10.7,11,446.8,457.5,11,446.8,0,0.0,0.00,0
1790965720742,106412,10.7,11,448.1,458.8,11,448.1,0,0.0,0.00,0
1790965722746,106412,10.7,11,447.4,458.1,11,447.4,0,0.0,0.00,0
1790965724752,106412,10.7,11,447.7,458.4,11,447.7,0,0.0,0.00,0
1790965726766,106412,10.7,11,447.7,458.4,11,447.7,0,0.0,0.00,0
1790965728772,106412,10.7,11,447.7,458.4,11,447.7,0,0.0,0.00,0
1790965730771,106412,10.7,11,447.8,458.5,11,447.8,0,0.0,0.00,0
1790965732782,106412,10.7,11,447.9,458.7,11,447.9,0,0.0,0.00,0
1790965734790,106412,10.7,11,447.9,458.6,11,447.9,0,0.0,0.00,0
1790965736817,106412,10.7,11,455.3,466.0,11,455.3,0,0.0,0.00,0
1790965738824,106412,10.7,11,454.2,465.0,11,454.2,0,0.0,0.00,0
1790965740826,106412,10.7,11,454.5,465.2,11,454.5,0,0.0,0.00,0
1790965742825,106412,10.7,11,458.2,468.9,11,458.2,0,0.0,0.00,0
1790965744834,106412,10.7,11,458.2,469.0,11,458.2,0,0.0,0.00,0
1790965746856,106412,10.7,11,458.4,469.1,11,458.4,0,0.0,0.00,0
1790965748870,106412,10.7,11,458.0,468.7,11,458.0,0,0.0,0.00,0
1790965750879,106412,10.7,11,448.8,459.5,11,448.8,0,0.0,0.00,0
1790965752903,106412,10.7,11,447.5,458.2,11,447.5,0,0.0,0.00,0
1790965754911,106412,10.7,11,447.5,458.2,11,447.5,0,0.0,0.00,0
1790965756920,106412,10.7,11,447.5,458.2,11,447.5,0,0.0,0.00,0
1790965758922,106412,10.7,11,470.5,481.3,11,470.5,0,0.0,0.00,0
1790965760944,106412,10.7,11,484.1,494.8,11,484.1,0,0.0,0.00,0
1790965762940,106412,10.7,11,483.7,494.4,11,483.7,0,0.0,0.00,0
1790965764952,106412,10.7,11,460.8,471.5,11,460.8,0,0.0,0.00,0
1790965766957,106412,10.7,11,455.9,466.6,11,455.9,0,0.0,0.00,0
1790965768967,106412,10.7,11,449.5,460.2,11,449.5,0,0.0,0.00,0
1790965770982,106412,10.7,11,447.7,458.4,11,447.7,0,0.0,0.00,0
1790965772991,106412,10.6,11,447.1,457.7,11,447.1,0,0.0,0.00,0
1790965774999,106412,10.6,11,446.4,457.0,11,446.4,0,0.0,0.00,0
1790965777004,106412,10.6,11,446.5,457.1,11,446.5,0,0.0,0.00,0
1790965779006,106412,10.6,11,446.5,457.1,11,446.5,0,0.0,0.00,0
1790965781026,106412,10.6,11,447.3,457.9,11,447.3,0,0.0,0.00,0
1790965783033,106412,10.6,11,447.4,458.0,11,447.4,0,0.0,0.00,0
1790965785046,106412,10.6,11,447.6,458.2,11,447.6,0,0.0,0.00,0
1790965787044,106412,10.6,11,447.6,458.2,11,447.6,0,0.0,0.00,0
1790965789067,106412,10.6,11,447.6,458.2,11,447.6,0,0.0,0.00,0
1790965791073,106412,10.6,11,447.4,458.0,11,447.4,0,0.0,0.00,0
1790965793092,106412,10.6,11,447.6,458.2,11,447.6,0,0.0,0.00,0
1790965795106,106412,10.6,11,447.6,458.2,11,447.6,0,0.0,0.00,0
1790965797129,106412,10.6,11,447.6,458.2,11,447.6,0,0.0,0.00,0
1790965799137,106412,10.6,11,447.6,458.2,11,447.6,0,0.0,0.00,0
1790965801150,106412,10.6,11,447.9,458.5,11,447.9,0,0.0,0.00,0
1790965803157,106412,10.6,11,448.5,459.1,11,448.5,0,0.0,0.00,0
1790965805173,106412,10.6,11,448.6,459.2,11,448.6,0,0.0,0.00,0
1790965807191,106412,10.6,11,448.7,459.3,11,448.7,0,0.0,0.00,0
1790965809198,106412,10.6,11,448.8,459.4,11,448.8,0,0.0,0.00,0
1790965811214,106412,10.6,11,448.8,459.4,11,448.8,0,0.0,0.00,0
1790965813228,106412,10.6,11,448.8,459.4,11,448.8,0,0.0,0.00,0
1790965815224,106412,10.6,11,447.9,458.5,11,447.9,0,0.0,0.00,0
1790965817242,106412,10.6,11,448.0,458.6,11,448.0,0,0.0,0.00,0
1790965819249,106412,10.6,11,484.3,494.9,11,484.3,0,0.0,0.00,0
1790965821257,106412,10.6,11,484.4,495.0,11,484.4,0,0.0,0.00,0
1790965823266,106412,10.6,11,476.7,487.3,11,476.7,0,0.0,0.00,0
1790965825276,106412,10.6,11,461.8,472.4,11,461.8,0,0.0,0.00,0
1790965827287,106412,10.6,11,449.8,460.4,11,449.8,0,0.0,0.00,0
1790965829294,106412,10.6,11,448.6,459.2,11,448.6,0,0.0,0.00,0
1790965831305,106412,10.6,11,448.5,459.1,11,448.5,0,0.0,0.00,0
1790965833320,106412,10.6,11,448.4,459.0,11,448.4,0,0.0,0.00,0
1790965835328,106412,10.6,11,448.4,459.0,11,448.4,0,0.0,0.00,0
1790965837335,106412,10.6,11,448.6,459.2,11,448.6,0,0.0,0.00,0
1790965839351,106412,10.6,11,448.4,459.0,11,448.4,0,0.0,0.00,0
1790965841372,106412,10.6,11,448.4,459.0,11,448.4,0,0.0,0.00,0
1790965843397,106412,10.6,11,448.4,459.0,11,448.4,0,0.0,0.00,0
1790965845408,106412,10.6,11,454.1,464.7,11,454.1,0,0.0,0.00,0
1790965847426,106412,10.6,11,451.8,462.4,11,451.8,0,0.0,0.00,0
1790965849440,106412,10.6,11,451.5,462.1,11,451.5,0,0.0,0.00,0
1790965851446,106412,10.6,11,451.5,462.1,11,451.5,0,0.0,0.00,0
1790965853470,106412,10.6,11,447.4,458.0,11,447.4,0,0.0,0.00,0
1790965855473,106412,10.6,11,447.1,457.7,11,447.1,0,0.0,0.00,0
1790965857485,106412,10.6,11,447.2,457.8,11,447.2,0,0.0,0.00,0
1790965859488,106412,10.6,11,447.2,457.8,11,447.2,0,0.0,0.00,0
1790965861487,106412,10.6,11,447.5,458.1,11,447.5,0,0.0,0.00,0
1790965863500,106412,10.6,11,448.0,458.6,11,448.0,0,0.0,0.00,0
1790965865519,106412,10.6,11,448.9,459.5,11,448.9,0,0.0,0.00,0
1790965867531,106412,10.6,11,448.9,459.5,11,448.9,0,0.0,0.00,0
1790965869539,106412,10.6,11,449.0,459.6,11,449.0,0,0.0,0.00,0
1790965871563,106412,10.6,11,448.6,459.2,11,448.6,0,0.0,0.00,0
1790965873573,106412,10.6,11,448.7,459.3,11,448.7,0,0.0,0.00,0
1790965875590,106412,10.6,11,448.6,459.2,11,448.6,0,0.0,0.00,0
1790965877587,106412,10.6,11,448.7,459.3,11,448.7,0,0.0,0.00,0
1790965879615,106412,10.6,11,485.9,496.5,11,485.9,0,0.0,0.00,0
1790965881618,106412,10.6,11,486.1,496.7,11,486.1,0,0.0,0.00,0
1790965883637,106412,10.6,11,456.7,467.3,11,456.7,0,0.0,0.00,0
1790965885640,106412,10.6,11,456.9,467.5,11,456.9,0,0.0,0.00,0
1790965887638,106412,10.6,11,450.8,461.4,11,450.8,0,0.0,0.00,0
1790965889648,106412,10.6,11,451.0,461.6,11,451.0,0,0.0,0.00,0
1790965891662,106412,10.6,11,448.9,459.5,11,448.9,0,0.0,0.00,0
1790965893669,106412,10.6,11,449.2,459.8,11,449.2,0,0.0,0.00,0
1790965895671,106412,10.6,11,449.6,460.2,11,449.6,0,0.0,0.00,0
1790965897686,106412,10.6,11,449.7,460.3,11,449.7,0,0.0,0.00,0
1790965899697,106412,10.6,11,450.0,460.6,11,450.0,0,0.0,0.00,0
1790965901731,106412,10.6,11,450.1,460.7,11,450.1,0,0.0,0.00,0
1790965903726,106412,10.6,11,450.0,460.6,11,450.0,0,0.0,0.00,0
1790965905753,106412,10.6,11,450.8,461.4,11,450.8,0,0.0,0.00,0
1790965907756,106412,10.6,11,450.9,461.5,11,450.9,0,0.0,0.00,0
1790965909762,106412,10.6,11,450.9,461.5,11,450.9,0,0.0,0.00,0
1790965911775,106412,10.6,11,450.8,461.4,11,450.8,0,0.0,0.00,0
1790965913784,106412,10.6,11,450.8,461.4,11,450.8,0,0.0,0.00,0
1790965915792,106412,10.6,11,450.9,461.5,11,450.9,0,0.0,0.00,0
1790965917808,106412,10.6,11,450.2,460.8,11,450.2,0,0.0,0.00,0
1790965919809,106412,10.6,11,449.5,460.1,11,449.5,0,0.0,0.00,0
1790965921823,106412,10.6,11,449.5,460.1,11,449.5,0,0.0,0.00,0
1790965923825,106412,10.6,11,449.3,459.9,11,449.3,0,0.0,0.00,0
1790965925833,106412,10.6,11,449.4,460.0,11,449.4,0,0.0,0.00,0
1790965927828,106412,10.6,11,449.3,459.9,11,449.3,0,0.0,0.00,0
1790965929842,106412,10.6,11,449.6,460.2,11,449.6,0,0.0,0.00,0
1790965931864,106412,10.6,11,449.6,460.2,11,449.6,0,0.0,0.00,0
1790965933870,106412,10.6,11,449.7,460.3,11,449.7,0,0.0,0.00,0
1790965935893,106412,10.6,11,449.7,460.3,11,449.7,0,0.0,0.00,0
1790965937909,106412,10.6,11,449.8,460.4,11,449.8,0,0.0,0.00,0
1790965939916,106412,10.7,11,488.0,498.7,11,488.0,0,0.0,0.00,0
1790965941918,106412,10.7,11,489.3,499.9,11,489.3,0,0.0,0.00,0
1790965943936,106412,10.7,11,459.7,470.4,11,459.7,0,0.0,0.00,0
1790965945943,106412,10.7,11,459.7,470.4,11,459.7,0,0.0,0.00,0
1790965947969,106412,10.7,11,460.7,471.4,11,460.7,0,0.0,0.00,0
1790965949974,106412,10.7,11,456.5,467.1,11,456.5,0,0.0,0.00,0
1790965951979,106412,10.7,11,455.6,466.2,11,455.6,0,0.0,0.00,0
1790965953988,106412,10.7,11,455.6,466.2,11,455.6,0,0.0,0.00,0
1790965955992,106412,10.7,11,450.3,461.0,11,450.3,0,0.0,0.00,0
1790965957998,106412,10.7,11,450.3,461.0,11,450.3,0,0.0,0.00,0
1790965960011,106412,10.7,11,450.3,461.0,11,450.3,0,0.0,0.00,0
1790965962031,106412,10.7,11,450.4,461.0,11,450.4,0,0.0,0.00,0
1790965964029,106412,10.7,11,450.3,461.0,11,450.3,0,0.0,0.00,0
1790965966050,106412,10.7,11,451.0,461.7,11,451.0,0,0.0,0.00,0
1790965968061,106412,10.7,11,451.9,462.5,11,451.9,0,0.0,0.00,0
1790965970054,106412,10.7,11,451.9,462.5,11,451.9,0,0.0,0.00,0
1790965972064,106412,10.7,11,451.8,462.5,11,451.8,0,0.0,0.00,0
1790965974081,106412,10.7,11,451.9,462.5,11,451.9,0,0.0,0.00,0
1790965976082,106412,10.7,11,451.8,462.5,11,451.8,0,0.0,0.00,0
1790965978083,106412,10.7,11,451.9,462.6,11,451.9,0,0.0,0.00,0
1790965980092,106412,10.7,11,451.9,462.6,11,451.9,0,0.0,0.00,0
1790965982099,106412,10.7,11,452.0,462.7,11,452.0,0,0.0,0.00,0
1790965984104,106412,10.7,11,451.7,462.4,11,451.7,0,0.0,0.00,0
1790965986111,106412,10.7,11,451.8,462.4,11,451.8,0,0.0,0.00,0
1790965988125,106412,10.7,11,451.8,462.4,11,451.8,0,0.0,0.00,0
1790965990134,106412,10.7,11,451.9,462.6,11,451.9,0,0.0,0.00,0
1790965992140,106412,10.7,11,451.8,462.5,11,451.8,0,0.0,0.00,0
1790965994144,106412,10.7,11,451.8,462.5,11,451.8,0,0.0,0.00,0
1790965996163,106412,10.7,11,451.8,462.5,11,451.8,0,0.0,0.00,0
1790965998173,106412,10.7,11,451.9,462.6,11,451.9,0,0.0,0.00,0
1790966000186,106412,10.8,11,489.6,500.3,11,489.6,0,0.0,0.00,0
1790966002193,106412,10.8,11,489.5,500.3,11,489.5,0,0.0,0.00,0
1790966004203,106412,10.8,11,459.1,469.9,11,459.1,0,0.0,0.00,0
1790966006209,106412,10.8,11,459.1,469.9,11,459.1,0,0.0,0.00,0
1790966008223,106412,10.8,11,453.4,464.1,11,453.4,0,0.0,0.00,0
1790966010230,106412,10.8,11,452.2,463.0,11,452.2,0,0.0,0.00,0
1790966012244,106412,10.8,11,452.3,463.0,11,452.3,0,0.0,0.00,0
1790966014249,106412,10.8,11,452.3,463.0,11,452.3,0,0.0,0.00,0
1790966016303,106412,10.8,11,452.3,463.0,11,452.3,0,0.0,0.00,0
1790966018284,106412,10.8,11,452.4,463.1,11,452.4,0,0.0,0.00,0
1790966020292,106412,10.8,11,451.8,462.5,11,451.8,0,0.0,0.00,0
1790966022292,106412,10.8,11,451.7,462.5,11,451.7,0,0.0,0.00,0
1790966024290,106412,10.8,11,451.7,462.4,11,451.7,0,0.0,0.00,0
1790966026296,106412,10.8,11,451.9,462.6,11,451.9,0,0.0,0.00,0
1790966028308,106412,10.8,11,451.9,462.6,11,451.9,0,0.0,0.00,0
1790966030310,106412,10.8,11,451.9,462.6,11,451.9,0,0.0,0.00,0
1790966032324,106412,10.8,11,452.0,462.8,11,452.0,0,0.0,0.00,0
1790966034325,106412,10.8,11,452.1,462.8,11,452.1,0,0.0,0.00,0
1790966036349,106412,10.8,11,452.1,462.8,11,452.1,0,0.0,0.00,0
1790966038353,106412,10.8,11,452.1,462.8,11,452.1,0,0.0,0.00,0
1790966040364,106412,10.7,11,451.9,462.6,11,451.9,0,0.0,0.00,0
1790966042364,106412,10.7,11,451.2,461.9,11,451.2,0,0.0,0.00,0
1790966044360,106412,10.7,11,451.5,462.2,11,451.5,0,0.0,0.00,0
1790966046369,106412,10.7,11,451.5,462.2,11,451.5,0,0.0,0.00,0
1790966048394,106412,10.7,11,451.5,462.2,11,451.5,0,0.0,0.00,0
1790966050400,106412,10.7,11,456.9,467.6,11,456.9,0,0.0,0.00,0
1790966052409,106412,10.7,11,454.6,465.3,11,454.6,0,0.0,0.00,0
1790966054428,106412,10.7,11,454.6,465.3,11,454.6,0,0.0,0.00,0
1790966056432,106412,10.7,11,454.1,464.8,11,454.1,0,0.0,0.00,0
1790966058452,106412,10.7,11,450.7,461.4,11,450.7,0,0.0,0.00,0
1790966060468,106412,10.7,11,486.2,496.9,11,486.2,0,0.0,0.00,0
1790966062479,106412,10.7,11,486.2,496.8,11,486.2,0,0.0,0.00,0
1790966064491,106412,10.7,11,457.7,468.4,11,457.7,0,0.0,0.00,0
1790966066501,106412,10.7,11,457.8,468.5,11,457.8,0,0.0,0.00,0
1790966068522,106412,10.7,11,453.5,464.2,11,453.5,0,0.0,0.00,0
1790966070519,106412,10.7,11,452.0,462.7,11,452.0,0,0.0,0.00,0
1790966072527,106412,10.7,11,452.1,462.8,11,452.1,0,0.0,0.00,0
1790966074543,106412,10.7,11,452.1,462.8,11,452.1,0,0.0,0.00,0
1790966076549,106412,10.7,11,452.1,462.8,11,452.1,0,0.0,0.00,0
1790966078562,106412,10.7,11,452.1,462.8,11,452.1,0,0.0,0.00,0
1790966080574,106412,10.7,11,452.1,462.8,11,452.1,0,0.0,0.00,0
1790966082578,106412,10.7,11,452.1,462.8,11,452.1,0,0.0,0.00,0
1790966084578,106412,10.7,11,452.1,462.8,11,452.1,0,0.0,0.00,0
1790966086592,106412,10.7,11,452.1,462.8,11,452.1,0,0.0,0.00,0
1790966088597,106412,10.7,11,451.9,462.6,11,451.9,0,0.0,0.00,0
1790966090607,106412,10.7,11,452.0,462.7,11,452.0,0,0.0,0.00,0
1790966092619,106412,10.7,11,452.2,462.9,11,452.2,0,0.0,0.00,0
1790966094637,106412,10.7,11,452.2,462.9,11,452.2,0,0.0,0.00,0
1790966096651,106412,10.7,11,452.2,462.9,11,452.2,0,0.0,0.00,0
1790966098669,106412,10.7,11,452.3,463.0,11,452.3,0,0.0,0.00,0
1790966100680,106412,10.7,11,452.0,462.7,11,452.0,0,0.0,0.00,0
1790966102684,106412,10.7,11,452.0,462.7,11,452.0,0,0.0,0.00,0
1790966104694,106412,10.7,11,452.0,462.7,11,452.0,0,0.0,0.00,0
1790966106693,106412,10.7,11,452.1,462.7,11,452.1,0,0.0,0.00,0
1790966108703,106412,10.6,11,451.9,462.5,11,451.9,0,0.0,0.00,0
1790966110706,106412,10.6,11,452.5,463.1,11,452.5,0,0.0,0.00,0
1790966112710,106412,10.6,11,453.0,463.6,11,453.0,0,0.0,0.00,0
1790966114733,106412,10.6,11,453.1,463.7,11,453.1,0,0.0,0.00,0
1790966116740,106412,10.6,11,453.1,463.7,11,453.1,0,0.0,0.00,0
1790966118757,106412,10.6,11,453.2,463.8,11,453.2,0,0.0,0.00,0
1790966120757,106412,10.6,11,489.2,499.8,11,489.2,0,0.0,0.00,0
1790966122775,106412,10.6,11,489.2,499.8,11,489.2,0,0.0,0.00,0
1790966124778,106412,10.6,11,459.7,470.3,11,459.7,0,0.0,0.00,0
1790966126784,106412,10.6,11,459.4,470.0,11,459.4,0,0.0,0.00,0
1790966128787,106412,10.6,11,451.4,462.0,11,451.4,0,0.0,0.00,0
1790966130800,106412,10.6,11,452.1,462.7,11,452.1,0,0.0,0.00,0
1790966132804,106412,10.6,11,452.2,462.8,11,452.2,0,0.0,0.00,0
1790966134806,106412,10.6,11,452.4,463.0,11,452.4,0,0.0,0.00,0
1790966136821,106412,10.6,11,452.4,463.0,11,452.4,0,0.0,0.00,0
1790966138837,106412,10.6,11,452.6,463.2,11,452.6,0,0.0,0.00,0
1790966140833,106412,10.6,11,452.6,463.2,11,452.6,0,0.0,0.00,0
1790966142845,106412,10.6,11,452.6,463.2,11,452.6,0,0.0,0.00,0
1790966144859,106412,10.6,11,452.5,463.1,11,452.5,0,0.0,0.00,0
1790966146861,106412,10.6,11,452.8,463.4,11,452.8,0,0.0,0.00,0
1790966148872,106412,10.6,11,452.6,463.2,11,452.6,0,0.0,0.00,0
1790966150878,106412,10.6,11,453.2,463.8,11,453.2,0,0.0,0.00,0
1790966152892,106412,10.6,11,458.8,469.4,11,458.8,0,0.0,0.00,0
1790966154903,106412,10.6,11,456.9,467.5,11,456.9,0,0.0,0.00,0
1790966156916,106412,10.6,11,456.4,467.0,11,456.4,0,0.0,0.00,0
1790966158938,106412,10.6,11,456.4,467.0,11,456.4,0,0.0,0.00,0
1790966160951,106412,10.6,11,452.3,462.9,11,452.3,0,0.0,0.00,0
1790966162974,106412,10.6,11,452.2,462.8,11,452.2,0,0.0,0.00,0
1790966164975,106412,10.6,11,452.2,462.8,11,452.2,0,0.0,0.00,0
1790966166988,106412,10.6,11,452.3,462.9,11,452.3,0,0.0,0.00,0
1790966169003,106412,10.6,11,451.9,462.5,11,451.9,0,0.0,0.00,0
1790966171014,106412,10.6,11,452.6,463.2,11,452.6,0,0.0,0.00,0
1790966173024,106412,10.6,11,452.9,463.5,11,452.9,0,0.0,0.00,0
1790966175037,106412,10.6,11,452.9,463.5,11,452.9,0,0.0,0.00,0
1790966177045,106412,10.6,11,452.9,463.5,11,452.9,0,0.0,0.00,0
1790966179057,106412,10.6,11,491.3,501.9,11,491.3,0,0.0,0.00,0
1790966181061,106412,10.6,11,491.1,501.7,11,491.1,0,0.0,0.00,0
1790966183070,106412,10.6,11,490.9,501.5,11,490.9,0,0.0,0.00,0
1790966185082,106412,10.6,11,460.4,471.0,11,460.4,0,0.0,0.00,0
1790966187103,106412,10.6,11,453.4,464.0,11,453.4,0,0.0,0.00,0
1790966189104,106412,10.6,11,453.5,464.1,11,453.5,0,0.0,0.00,0
1790966191108,106412,10.6,11,452.8,463.4,11,452.8,0,0.0,0.00,0
1790966193130,106412,10.6,11,453.0,463.6,11,453.0,0,0.0,0.00,0
1790966195142,106412,10.6,11,453.1,463.7,11,453.1,0,0.0,0.00,0
1790966197154,106412,10.6,11,453.2,463.8,11,453.2,0,0.0,0.00,0
1790966199158,106412,10.6,11,452.9,463.5,11,452.9,0,0.0,0.00,0
1790966201177,106412,10.6,11,453.3,463.9,11,453.3,0,0.0,0.00,0
1790966203186,106412,10.6,11,453.1,463.7,11,453.1,0,0.0,0.00,0
1790966205192,106412,10.6,11,453.2,463.8,11,453.2,0,0.0,0.00,0
1790966207193,106412,10.6,11,453.1,463.7,11,453.1,0,0.0,0.00,0
1790966209197,106412,10.6,11,453.0,463.6,11,453.0,0,0.0,0.00,0
1790966211214,106412,10.6,11,453.1,463.7,11,453.1,0,0.0,0.00,0
1790966213232,106412,10.6,11,453.9,464.5,11,453.9,0,0.0,0.00,0
1790966215240,106412,10.6,11,453.8,464.4,11,453.8,0,0.0,0.00,0
1790966217256,106412,10.6,11,454.0,464.6,11,454.0,0,0.0,0.00,0
1790966219269,106412,10.6,11,453.9,464.5,11,453.9,0,0.0,0.00,0
1790966221278,106412,10.6,11,454.1,464.7,11,454.1,0,0.0,0.00,0
1790966223296,106412,10.6,11,453.3,463.9,11,453.3,0,0.0,0.00,0
1790966225308,106412,10.6,11,453.5,464.1,11,453.5,0,0.0,0.00,0
1790966227320,106412,10.6,11,453.4,464.0,11,453.4,0,0.0,0.00,0
1790966229332,106412,10.6,11,453.5,464.1,11,453.5,0,0.0,0.00,0
1790966231333,106412,10.6,11,453.4,464.0,11,453.4,0,0.0,0.00,0
1790966233338,106412,10.6,11,453.5,464.1,11,453.5,0,0.0,0.00,0
1790966235350,106412,10.6,11,453.4,464.0,11,453.4,0,0.0,0.00,0
1790966237360,106412,10.6,11,458.5,469.1,11,458.5,0,0.0,0.00,0
1790966239370,106412,10.7,11,496.7,507.4,11,496.7,0,0.0,0.00,0
1790966241385,106412,10.7,11,497.0,507.7,11,497.0,0,0.0,0.00,0
1790966243399,106412,10.7,11,496.9,507.6,11,496.9,0,0.0,0.00,0
1790966245407,106412,10.7,11,467.1,477.8,11,467.1,0,0.0,0.00,0
1790966247419,106412,10.7,11,460.2,470.9,11,460.2,0,0.0,0.00,0
1790966249437,106412,10.7,11,459.3,470.0,11,459.3,0,0.0,0.00,0
1790966251444,106412,10.7,11,459.2,469.9,11,459.2,0,0.0,0.00,0
1790966253450,106412,10.7,11,459.2,470.0,11,459.2,0,0.0,0.00,0
1790966255462,106412,10.7,11,464.5,475.2,11,464.5,0,0.0,0.00,0
1790966257471,106412,10.7,11,462.7,473.4,11,462.7,0,0.0,0.00,0
1790966259480,106412,10.7,11,462.2,472.9,11,462.2,0,0.0,0.00,0
1790966261502,106412,10.7,11,462.1,472.8,11,462.1,0,0.0,0.00,0
1790966263504,106412,10.7,11,457.6,468.3,11,457.6,0,0.0,0.00,0
1790966265522,106412,10.7,11,457.8,468.5,11,457.8,0,0.0,0.00,0
1790966267526,106412,10.7,11,457.6,468.3,11,457.6,0,0.0,0.00,0
1790966269543,106412,10.7,11,457.8,468.5,11,457.8,0,0.0,0.00,0
1790966271539,106412,10.7,11,457.8,468.5,11,457.8,0,0.0,0.00,0
1790966273543,106412,10.7,11,458.6,469.3,11,458.6,0,0.0,0.00,0
1790966275553,106412,10.7,11,459.3,470.1,11,459.3,0,0.0,0.00,0
1790966277563,106412,10.7,11,459.5,470.2,11,459.5,0,0.0,0.00,0
1790966279584,106412,10.7,11,459.2,469.9,11,459.2,0,0.0,0.00,0
1790966281589,106412,10.7,11,456.3,467.0,11,456.3,0,0.0,0.00,0
1790966283611,106412,10.7,11,456.3,467.0,11,456.3,0,0.0,0.00,0
1790966285620,106412,10.7,11,456.4,467.1,11,456.4,0,0.0,0.00,0
1790966287626,106412,10.7,11,456.2,466.9,11,456.2,0,0.0,0.00,0
1790966289639,106412,10.7,11,456.3,467.0,11,456.3,0,0.0,0.00,0
1790966291646,106412,10.7,11,456.2,466.9,11,456.2,0,0.0,0.00,0
1790966293654,106412,10.7,11,456.4,467.1,11,456.4,0,0.0,0.00,0
1790966295668,106412,10.7,11,456.2,467.0,11,456.2,0,0.0,0.00,0
1790966297664,106412,10.7,11,456.4,467.1,11,456.4,0,0.0,0.00,0
1790966299670,106412,10.7,11,490.8,501.6,11,490.8,0,0.0,0.00,0
1790966301687,106412,10.7,11,491.1,501.8,11,491.1,0,0.0,0.00,0
1790966303702,106412,10.7,11,491.0,501.7,11,491.0,0,0.0,0.00,0
1790966305708,106412,10.7,11,463.7,474.4,11,463.7,0,0.0,0.00,0
1790966307722,106412,10.7,11,457.5,468.2,11,457.5,0,0.0,0.00,0
1790966309742,106412,10.6,11,456.6,467.2,11,456.6,0,0.0,0.00,0
1790966311743,106412,10.6,11,455.0,465.6,11,455.0,0,0.0,0.00,0
1790966313744,106412,10.6,11,455.1,465.7,11,455.1,0,0.0,0.00,0
1790966315752,106412,10.6,11,455.8,466.4,11,455.8,0,0.0,0.00,0
1790966317758,106412,10.6,11,461.2,471.8,11,461.2,0,0.0,0.00,0
1790966319785,106412,10.6,11,456.8,467.4,11,456.8,0,0.0,0.00,0
1790966321783,106412,10.6,11,456.8,467.4,11,456.8,0,0.0,0.00,0
1790966323787,106412,10.6,11,456.7,467.3,11,456.7,0,0.0,0.00,0
1790966325803,106412,10.6,11,456.0,466.6,11,456.0,0,0.0,0.00,0
1790966327813,106412,10.6,11,456.0,466.6,11,456.0,0,0.0,0.00,0
1790966329828,106412,10.6,11,456.0,466.6,11,456.0,0,0.0,0.00,0
1790966331831,106412,10.6,11,456.1,466.7,11,456.1,0,0.0,0.00,0
1790966333847,106412,10.6,11,456.1,466.7,11,456.1,0,0.0,0.00,0
1790966335844,106412,10.6,11,456.2,466.8,11,456.2,0,0.0,0.00,0
1790966337846,106412,10.6,11,456.3,466.9,11,456.3,0,0.0,0.00,0
1790966339856,106412,10.6,11,456.3,466.9,11,456.3,0,0.0,0.00,0
1790966341860,106412,10.6,11,456.4,467.0,11,456.4,0,0.0,0.00,0
1790966343872,106412,10.6,11,456.3,466.9,11,456.3,0,0.0,0.00,0
1790966345873,106412,10.6,11,456.3,466.9,11,456.3,0,0.0,0.00,0
1790966347886,106412,10.6,11,456.3,466.9,11,456.3,0,0.0,0.00,0
1790966349891,106412,10.6,11,456.3,466.9,11,456.3,0,0.0,0.00,0
1790966351902,106412,10.6,11,456.3,466.9,11,456.3,0,0.0,0.00,0
1790966353914,106412,10.6,11,456.4,467.0,11,456.4,0,0.0,0.00,0
1790966355925,106412,10.6,11,456.3,466.9,11,456.3,0,0.0,0.00,0
1790966357933,106412,10.6,11,462.1,472.7,11,462.1,0,0.0,0.00,0
1790966359947,106412,10.6,11,494.8,505.4,11,494.8,0,0.0,0.00,0
1790966361961,106412,10.6,11,495.9,506.5,11,495.9,0,0.0,0.00,0
1790966363983,106412,10.6,11,464.7,475.3,11,464.7,0,0.0,0.00,0
1790966366000,106412,10.6,11,464.7,475.3,11,464.7,0,0.0,0.00,0
1790966368021,106412,10.6,11,456.6,467.2,11,456.6,0,0.0,0.00,0
1790966370009,106412,10.6,11,455.4,466.0,11,455.4,0,0.0,0.00,0
1790966372027,106412,10.6,11,455.1,465.7,11,455.1,0,0.0,0.00,0
1790966374040,106412,10.6,11,455.1,465.7,11,455.1,0,0.0,0.00,0
1790966376054,106412,10.6,11,455.9,466.5,11,455.9,0,0.0,0.00,0
1790966378050,106412,10.6,11,456.6,467.2,11,456.6,0,0.0,0.00,0
1790966380060,106412,10.6,11,456.6,467.2,11,456.6,0,0.0,0.00,0
1790966382087,106412,10.6,11,456.6,467.2,11,456.6,0,0.0,0.00,0
1790966384086,106412,10.6,11,457.1,467.7,11,457.1,0,0.0,0.00,0
1790966386098,106412,10.6,11,457.1,467.7,11,457.1,0,0.0,0.00,0
1790966388115,106412,10.6,11,457.1,467.7,11,457.1,0,0.0,0.00,0
1790966390129,106412,10.6,11,457.1,467.7,11,457.1,0,0.0,0.00,0
1790966392138,106412,10.6,11,457.1,467.7,11,457.1,0,0.0,0.00,0
1790966394159,106412,10.6,11,457.1,467.7,11,457.1,0,0.0,0.00,0
1790966396169,106412,10.6,11,457.1,467.7,11,457.1,0,0.0,0.00,0
1790966398191,106412,10.6,11,457.1,467.7,11,457.1,0,0.0,0.00,0
1790966400197,106412,10.6,11,457.1,467.7,11,457.1,0,0.0,0.00,0
1790966402206,106412,10.6,11,457.1,467.7,11,457.1,0,0.0,0.00,0
1790966404205,106412,10.6,11,457.0,467.6,11,457.0,0,0.0,0.00,0
1790966406216,106412,10.6,11,457.0,467.6,11,457.0,0,0.0,0.00,0
1790966408217,106412,10.6,11,457.1,467.7,11,457.1,0,0.0,0.00,0
1790966410223,106412,10.6,11,457.1,467.7,11,457.1,0,0.0,0.00,0
1790966412226,106412,10.6,11,457.1,467.7,11,457.1,0,0.0,0.00,0
1790966414232,106412,10.6,11,457.1,467.7,11,457.1,0,0.0,0.00,0
1790966416256,106412,10.6,11,456.7,467.3,11,456.7,0,0.0,0.00,0
1790966418258,106412,10.6,11,457.4,468.0,11,457.4,0,0.0,0.00,0
1790966420263,106412,10.6,11,495.3,505.9,11,495.3,0,0.0,0.00,0
1790966422266,106412,10.6,11,495.3,505.9,11,495.3,0,0.0,0.00,0
1790966424274,106412,10.6,11,467.2,477.8,11,467.2,0,0.0,0.00,0
1790966426275,106412,10.6,11,466.8,477.4,11,466.8,0,0.0,0.00,0
1790966428296,106412,10.6,11,457.3,467.9,11,457.3,0,0.0,0.00,0
1790966430293,106412,10.6,11,457.0,467.6,11,457.0,0,0.0,0.00,0
1790966432315,106412,10.6,11,457.0,467.6,11,457.0,0,0.0,0.00,0
1790966434317,106412,10.6,11,457.0,467.6,11,457.0,0,0.0,0.00,0
1790966436335,106412,10.6,11,457.0,467.6,11,457.0,0,0.0,0.00,0
1790966438343,106412,10.6,11,457.0,467.6,11,457.0,0,0.0,0.00,0
1790966440352,106412,10.6,11,457.0,467.6,11,457.0,0,0.0,0.00,0
1790966442354,106412,10.6,11,457.0,467.6,11,457.0,0,0.0,0.00,0
1790966444381,106412,10.6,11,457.0,467.6,11,457.0,0,0.0,0.00,0
1790966446389,106412,10.6,11,457.0,467.6,11,457.0,0,0.0,0.00,0
1790966448402,106412,10.6,11,457.0,467.6,11,457.0,0,0.0,0.00,0
1790966450415,106412,10.6,11,457.0,467.6,11,457.0,0,0.0,0.00,0
1790966452425,106412,10.6,11,457.0,467.6,11,457.0,0,0.0,0.00,0
1790966454428,106412,10.6,11,457.0,467.6,11,457.0,0,0.0,0.00,0
1790966456443,106412,10.6,11,457.0,467.6,11,457.0,0,0.0,0.00,0
1790966458457,106412,10.6,11,460.6,471.2,11,460.6,0,0.0,0.00,0
1790966460459,106412,10.6,11,460.3,470.9,11,460.3,0,0.0,0.00,0
1790966462466,106412,10.6,11,460.3,470.9,11,460.3,0,0.0,0.00,0
1790966464475,106412,10.6,11,460.1,470.7,11,460.1,0,0.0,0.00,0
1790966466484,106412,10.6,11,458.0,468.6,11,458.0,0,0.0,0.00,0
1790966468481,106412,10.6,11,456.1,466.7,11,456.1,0,0.0,0.00,0
1790966470508,106412,10.6,11,455.5,466.1,11,455.5,0,0.0,0.00,0
1790966472519,106412,10.6,11,455.5,466.1,11,455.5,0,0.0,0.00,0
1790966474521,106412,10.6,11,455.5,466.1,11,455.5,0,0.0,0.00,0
1790966476529,106412,10.6,11,455.5,466.1,11,455.5,0,0.0,0.00,0
1790966478544,106412,10.6,11,456.3,466.9,11,456.3,0,0.0,0.00,0
1790966480558,106412,10.6,11,494.6,505.2,11,494.6,0,0.0,0.00,0
1790966482559,106412,10.6,11,494.6,505.2,11,494.6,0,0.0,0.00,0
1790966484571,106412,10.6,11,466.5,477.1,11,466.5,0,0.0,0.00,0
1790966486573,106412,10.6,11,465.9,476.5,11,465.9,0,0.0,0.00,0
1790966488581,106412,10.6,11,456.3,466.9,11,456.3,0,0.0,0.00,0
1790966490595,106412,10.6,11,456.3,466.9,11,456.3,0,0.0,0.00,0
1790966492597,106412,10.6,11,456.2,466.8,11,456.2,0,0.0,0.00,0
1790966494608,106412,10.6,11,456.2,466.8,11,456.2,0,0.0,0.00,0
1790966496604,106412,10.6,11,456.2,466.8,11,456.2,0,0.0,0.00,0
1790966498621,106412,10.6,11,456.9,467.5,11,456.9,0,0.0,0.00,0
1790966500639,106412,10.6,11,456.9,467.5,11,456.9,0,0.0,0.00,0
1790966502656,106412,10.6,11,456.9,467.5,11,456.9,0,0.0,0.00,0
1790966504666,106412,10.6,11,456.9,467.5,11,456.9,0,0.0,0.00,0
1790966506681,106412,10.6,11,456.9,467.5,11,456.9,0,0.0,0.00,0
1790966508707,106412,10.6,11,456.8,467.4,11,456.8,0,0.0,0.00,0
1790966510710,106412,10.6,11,456.8,467.4,11,456.8,0,0.0,0.00,0
1790966512726,106412,10.6,11,456.8,467.4,11,456.8,0,0.0,0.00,0
1790966514721,106412,10.6,11,456.8,467.4,11,456.8,0,0.0,0.00,0
1790966516741,106412,10.6,11,456.8,467.4,11,456.8,0,0.0,0.00,0
1790966518754,106412,10.6,11,456.9,467.5,11,456.9,0,0.0,0.00,0
1790966520773,106412,10.6,11,457.6,468.2,11,457.6,0,0.0,0.00,0
1790966522786,106412,10.6,11,457.6,468.2,11,457.6,0,0.0,0.00,0
1790966524785,106412,10.6,11,457.5,468.1,11,457.5,0,0.0,0.00,0
1790966526795,106412,10.6,11,457.5,468.1,11,457.5,0,0.0,0.00,0
1790966528816,106412,10.6,11,457.5,468.1,11,457.5,0,0.0,0.00,0
1790966530827,106412,10.6,11,456.8,467.4,11,456.8,0,0.0,0.00,0
1790966532829,106412,10.6,11,456.8,467.4,11,456.8,0,0.0,0.00,0
1790966534842,106412,10.6,11,456.8,467.4,11,456.8,0,0.0,0.00,0
1790966536844,106412,10.6,11,456.8,467.4,11,456.8,0,0.0,0.00,0
1790966538854,106412,10.6,11,456.8,467.4,11,456.8,0,0.0,0.00,0
1790966540859,106412,10.6,11,493.7,504.3,11,493.7,0,0.0,0.00,0
1790966542871,106412,10.6,11,493.9,504.5,11,493.9,0,0.0,0.00,0
1790966544887,106412,10.6,11,465.5,476.1,11,465.5,0,0.0,0.00,0
1790966546899,106412,10.6,11,459.3,470.0,11,459.3,0,0.0,0.00,0
1790966548909,106412,10.6,11,459.3,470.0,11,459.3,0,0.0,0.00,0
1790966550911,106412,10.6,11,459.4,470.0,11,459.4,0,0.0,0.00,0
1790966552931,106412,10.6,11,458.3,468.9,11,458.3,0,0.0,0.00,0
1790966554953,106412,10.6,11,458.3,468.9,11,458.3,0,0.0,0.00,0
1790966556962,106412,10.6,11,458.3,468.9,11,458.3,0,0.0,0.00,0
1790966558973,106412,10.6,11,458.3,468.9,11,458.3,0,0.0,0.00,0
1790966560986,106412,10.6,11,464.1,474.7,11,464.1,0,0.0,0.00,0
1790966563002,106412,10.6,11,463.9,474.5,11,463.9,0,0.0,0.00,0
1790966565008,106412,10.6,11,461.7,472.3,11,461.7,0,0.0,0.00,0
1790966567005,106412,10.6,11,461.6,472.3,11,461.6,0,0.0,0.00,0
1790966569021,106412,10.6,11,456.7,467.3,11,456.7,0,0.0,0.00,0
1790966571033,106412,10.6,11,456.6,467.3,11,456.6,0,0.0,0.00,0
1790966573052,106412,10.6,11,456.7,467.3,11,456.7,0,0.0,0.00,0
1790966575052,106412,10.6,11,456.7,467.3,11,456.7,0,0.0,0.00,0
1790966577076,106412,10.6,11,456.3,467.0,11,456.3,0,0.0,0.00,0
1790966579097,106412,10.6,11,457.1,467.7,11,457.1,0,0.0,0.00,0
1790966581092,106412,10.6,11,457.0,467.7,11,457.0,0,0.0,0.00,0
1790966583095,106412,10.6,11,457.3,467.9,11,457.3,0,0.0,0.00,0
1790966585099,106412,10.6,11,457.3,468.0,11,457.3,0,0.0,0.00,0
1790966587105,106412,10.6,11,457.3,468.0,11,457.3,0,0.0,0.00,0
1790966589122,106412,10.6,11,457.3,467.9,11,457.3,0,0.0,0.00,0
1790966591127,106412,10.6,11,457.3,467.9,11,457.3,0,0.0,0.00,0
1790966593133,106412,10.6,11,457.3,467.9,11,457.3,0,0.0,0.00,0
1790966595138,106412,10.6,11,457.5,468.1,11,457.5,0,0.0,0.00,0
1790966597146,106412,10.6,11,457.5,468.1,11,457.5,0,0.0,0.00,0
1790966599149,106412,10.6,11,493.5,504.2,11,493.5,0,0.0,0.00,0
1790966601159,106412,10.6,11,493.2,503.9,11,493.2,0,0.0,0.00,0
1790966603174,106412,10.6,11,493.3,503.9,11,493.3,0,0.0,0.00,0
1790966605189,106412,10.6,11,464.5,475.2,11,464.5,0,0.0,0.00,0
1790966607197,106412,10.6,11,458.1,468.8,11,458.1,0,0.0,0.00,0
1790966609201,106412,10.6,11,458.1,468.8,11,458.1,0,0.0,0.00,0
1790966611220,106412,10.6,11,457.0,467.6,11,457.0,0,0.0,0.00,0
1790966613230,106412,10.6,11,456.6,467.2,11,456.6,0,0.0,0.00,0
1790966615242,106412,10.6,11,456.6,467.2,11,456.6,0,0.0,0.00,0
1790966617243,106412,10.6,11,456.6,467.2,11,456.6,0,0.0,0.00,0
1790966619248,106412,10.6,11,456.6,467.2,11,456.6,0,0.0,0.00,0
1790966621249,106412,10.6,11,456.6,467.2,11,456.6,0,0.0,0.00,0
1790966623260,106412,10.6,11,457.3,467.9,11,457.3,0,0.0,0.00,0
1790966625260,106412,10.6,11,457.5,468.1,11,457.5,0,0.0,0.00,0
1790966627259,106412,10.6,11,457.5,468.1,11,457.5,0,0.0,0.00,0
1790966629268,106412,10.6,11,457.3,467.9,11,457.3,0,0.0,0.00,0
1790966631286,106412,10.6,11,457.3,467.9,11,457.3,0,0.0,0.00,0
1790966633291,106412,10.6,11,456.6,467.3,11,456.6,0,0.0,0.00,0
1790966635307,106412,10.6,11,456.6,467.3,11,456.6,0,0.0,0.00,0
1790966637330,106412,10.6,11,456.7,467.3,11,456.7,0,0.0,0.00,0
1790966639344,106412,10.6,11,456.8,467.4,11,456.8,0,0.0,0.00,0
1790966641352,106412,10.6,11,456.8,467.4,11,456.8,0,0.0,0.00,0
1790966643373,106412,10.6,11,456.7,467.3,11,456.7,0,0.0,0.00,0
1790966645392,106412,10.6,11,456.6,467.2,11,456.6,0,0.0,0.00,0
1790966647404,106412,10.6,11,456.8,467.4,11,456.8,0,0.0,0.00,0
1790966649418,106412,10.6,11,456.8,467.4,11,456.8,0,0.0,0.00,0
1790966651425,106412,10.6,11,456.8,467.4,11,456.8,0,0.0,0.00,0
1790966653435,106412,10.6,11,456.8,467.4,11,456.8,0,0.0,0.00,0
1790966655459,106412,10.6,11,456.8,467.4,11,456.8,0,0.0,0.00,0
1790966657464,106412,10.6,11,456.8,467.4,11,456.8,0,0.0,0.00,0
1790966659472,106412,10.6,11,494.0,504.6,11,494.0,0,0.0,0.00,0
1790966661473,106412,10.6,11,493.9,504.5,11,493.9,0,0.0,0.00,0
1790966663476,106412,10.6,11,471.5,482.1,11,471.5,0,0.0,0.00,0
1790966665493,106412,10.6,11,472.2,482.8,11,472.2,0,0.0,0.00,0
1790966667495,106412,10.6,11,462.6,473.2,11,462.6,0,0.0,0.00,0
1790966669503,106412,10.6,11,462.4,473.0,11,462.4,0,0.0,0.00,0
1790966671500,106412,10.6,11,457.1,467.7,11,457.1,0,0.0,0.00,0
1790966673517,106412,10.6,11,456.5,467.1,11,456.5,0,0.0,0.00,0
1790966675535,106412,10.6,11,456.6,467.2,11,456.6,0,0.0,0.00,0
1790966677540,106412,10.6,11,456.6,467.2,11,456.6,0,0.0,0.00,0
1790966679542,106412,10.6,11,456.6,467.2,11,456.6,0,0.0,0.00,0
1790966681565,106412,10.6,11,457.3,467.9,11,457.3,0,0.0,0.00,0
1790966683587,106412,10.6,11,457.4,468.0,11,457.4,0,0.0,0.00,0
1790966685595,106412,10.6,11,458.2,468.9,11,458.2,0,0.0,0.00,0
1790966687603,106412,10.6,11,458.1,468.7,11,458.1,0,0.0,0.00,0
1790966689615,106412,10.6,11,458.1,468.7,11,458.1,0,0.0,0.00,0
1790966691620,106412,10.6,11,457.8,468.4,11,457.8,0,0.0,0.00,0
1790966693629,106412,10.6,11,457.9,468.5,11,457.9,0,0.0,0.00,0
1790966695638,106412,10.6,11,457.8,468.4,11,457.8,0,0.0,0.00,0
1790966697656,106412,10.6,11,457.9,468.5,11,457.9,0,0.0,0.00,0
1790966699653,106412,10.6,11,457.7,468.3,11,457.7,0,0.0,0.00,0
1790966701664,106412,10.6,11,457.8,468.4,11,457.8,0,0.0,0.00,0
1790966703674,106412,10.6,11,457.5,468.1,11,457.5,0,0.0,0.00,0
1790966705684,106412,10.6,11,457.6,468.2,11,457.6,0,0.0,0.00,0
1790966707700,106412,10.6,11,457.5,468.1,11,457.5,0,0.0,0.00,0
1790966709717,106412,10.6,11,457.6,468.2,11,457.6,0,0.0,0.00,0
1790966711744,106412,10.6,11,457.5,468.1,11,457.5,0,0.0,0.00,0
1790966713756,106412,10.6,11,457.7,468.3,11,457.7,0,0.0,0.00,0
1790966715772,106412,10.6,11,457.4,468.0,11,457.4,0,0.0,0.00,0
1790966717784,106412,10.6,11,457.4,468.0,11,457.4,0,0.0,0.00,0
1790966719793,106412,10.6,11,493.3,503.9,11,493.3,0,0.0,0.00,0
1790966721799,106412,10.6,11,493.2,503.8,11,493.2,0,0.0,0.00,0
1790966723812,106412,10.6,11,465.3,475.9,11,465.3,0,0.0,0.00,0
1790966725813,106412,10.6,11,465.2,475.9,11,465.2,0,0.0,0.00,0
1790966727830,106412,10.6,11,459.0,469.6,11,459.0,0,0.0,0.00,0
1790966729844,106412,10.6,11,457.8,468.4,11,457.8,0,0.0,0.00,0
1790966731856,106412,10.6,11,457.8,468.4,11,457.8,0,0.0,0.00,0
1790966733857,106412,10.6,11,457.7,468.3,11,457.7,0,0.0,0.00,0
1790966735859,106412,10.6,11,457.0,467.6,11,457.0,0,0.0,0.00,0
1790966737875,106412,10.6,11,457.0,467.6,11,457.0,0,0.0,0.00,0
1790966739885,106412,10.6,11,457.0,467.6,11,457.0,0,0.0,0.00,0
1790966741899,106412,10.6,11,457.0,467.6,11,457.0,0,0.0,0.00,0
1790966743904,106412,10.6,11,457.0,467.6,11,457.0,0,0.0,0.00,0
1790966745914,106412,10.6,11,457.0,467.6,11,457.0,0,0.0,0.00,0
1790966747939,106412,10.6,11,457.0,467.6,11,457.0,0,0.0,0.00,0
1790966749956,106412,10.6,11,457.1,467.7,11,457.1,0,0.0,0.00,0
1790966751954,106412,10.6,11,457.0,467.6,11,457.0,0,0.0,0.00,0
1790966753966,106412,10.6,11,457.0,467.6,11,457.0,0,0.0,0.00,0
1790966755970,106412,10.6,11,457.0,467.6,11,457.0,0,0.0,0.00,0
1790966757973,106412,10.6,11,457.0,467.6,11,457.0,0,0.0,0.00,0
1790966759994,106412,10.6,11,457.0,467.6,11,457.0,0,0.0,0.00,0
1790966761997,106412,10.6,11,457.0,467.6,11,457.0,0,0.0,0.00,0
1790966764007,106412,10.6,11,456.8,467.4,11,456.8,0,0.0,0.00,0
1790966766007,106412,10.6,11,462.6,473.2,11,462.6,0,0.0,0.00,0
1790966768023,106412,10.6,11,462.2,472.8,11,462.2,0,0.0,0.00,0
1790966770030,106412,10.6,11,460.3,470.9,11,460.3,0,0.0,0.00,0
1790966772047,106412,10.6,11,460.4,471.0,11,460.4,0,0.0,0.00,0
1790966774057,106412,10.6,11,456.4,467.0,11,456.4,0,0.0,0.00,0
1790966776070,106412,10.6,11,456.4,467.0,11,456.4,0,0.0,0.00,0
1790966778075,106412,10.6,11,455.7,466.3,11,455.7,0,0.0,0.00,0
1790966780096,106412,10.6,11,491.4,502.0,11,491.4,0,0.0,0.00,0
1790966782111,106412,10.6,11,491.5,502.1,11,491.5,0,0.0,0.00,0
1790966784125,106412,10.6,11,464.1,474.7,11,464.1,0,0.0,0.00,0
1790966786138,106412,10.6,11,464.1,474.7,11,464.1,0,0.0,0.00,0
1790966788144,106412,10.6,11,457.6,468.2,11,457.6,0,0.0,0.00,0
1790966790159,106412,10.6,11,457.1,467.7,11,457.1,0,0.0,0.00,0
1790966792180,106412,10.6,11,457.1,467.7,11,457.1,0,0.0,0.00,0
1790966794176,106412,10.6,11,457.0,467.6,11,457.0,0,0.0,0.00,0
1790966796183,106412,10.6,11,457.0,467.6,11,457.0,0,0.0,0.00,0
1790966798200,106412,10.6,11,457.0,467.6,11,457.0,0,0.0,0.00,0
1790966800212,106412,10.6,11,457.0,467.6,11,457.0,0,0.0,0.00,0
1790966802215,106412,10.6,11,457.0,467.6,11,457.0,0,0.0,0.00,0
1790966804223,106412,10.6,11,457.0,467.6,11,457.0,0,0.0,0.00,0
1790966806230,106412,10.6,11,457.0,467.6,11,457.0,0,0.0,0.00,0
1790966808243,106412,10.6,11,457.1,467.7,11,457.1,0,0.0,0.00,0
1790966810260,106412,10.6,11,457.1,467.7,11,457.1,0,0.0,0.00,0
1790966812269,106412,10.6,11,457.0,467.6,11,457.0,0,0.0,0.00,0
1790966814277,106412,10.6,11,457.0,467.6,11,457.0,0,0.0,0.00,0
1790966816291,106412,10.6,11,457.1,467.7,11,457.1,0,0.0,0.00,0
1790966818304,106412,10.6,11,457.1,467.7,11,457.1,0,0.0,0.00,0
1790966820312,106412,10.6,11,457.1,467.7,11,457.1,0,0.0,0.00,0
1790966822323,106412,10.6,11,457.1,467.7,11,457.1,0,0.0,0.00,0
1790966824337,106412,10.6,11,457.1,467.7,11,457.1,0,0.0,0.00,0
1790966826343,106412,10.6,11,457.8,468.4,11,457.8,0,0.0,0.00,0
1790966828368,106412,10.6,11,458.1,468.7,11,458.1,0,0.0,0.00,0
1790966830380,106412,10.6,11,458.1,468.7,11,458.1,0,0.0,0.00,0
1790966832382,106412,10.6,11,458.1,468.7,11,458.1,0,0.0,0.00,0
1790966834396,106412,10.6,11,458.1,468.7,11,458.1,0,0.0,0.00,0
1790966836403,106412,10.6,11,458.1,468.7,11,458.1,0,0.0,0.00,0
1790966838425,106412,10.6,11,457.4,468.0,11,457.4,0,0.0,0.00,0
1790966840439,106412,10.6,11,493.2,503.8,11,493.2,0,0.0,0.00,0
1790966842459,106412,10.6,11,493.1,503.7,11,493.1,0,0.0,0.00,0
1790966844471,106412,10.6,11,464.0,474.6,11,464.0,0,0.0,0.00,0
1790966846475,106412,10.6,11,464.0,474.6,11,464.0,0,0.0,0.00,0
1790966848486,106412,10.6,11,457.8,468.4,11,457.8,0,0.0,0.00,0
1790966850503,106412,10.6,11,457.3,467.9,11,457.3,0,0.0,0.00,0
1790966852514,106412,10.6,11,457.3,467.9,11,457.3,0,0.0,0.00,0
1790966854533,106412,10.6,11,457.2,467.8,11,457.2,0,0.0,0.00,0
1790966856540,106412,10.6,11,457.1,467.7,11,457.1,0,0.0,0.00,0
1790966858553,106412,10.6,11,457.1,467.7,11,457.1,0,0.0,0.00,0
1790966860558,106412,10.6,11,457.2,467.8,11,457.2,0,0.0,0.00,0
1790966862581,106412,10.6,11,457.2,467.8,11,457.2,0,0.0,0.00,0
1790966864600,106412,10.6,11,457.2,467.8,11,457.2,0,0.0,0.00,0
1790966866605,106412,10.6,11,457.2,467.8,11,457.2,0,0.0,0.00,0
1790966868625,106412,10.6,11,462.8,473.4,11,462.8,0,0.0,0.00,0
1790966870629,106412,10.6,11,462.8,473.4,11,462.8,0,0.0,0.00,0
1790966872644,106412,10.6,11,460.5,471.1,11,460.5,0,0.0,0.00,0
1790966874647,106412,10.6,11,460.1,470.8,11,460.1,0,0.0,0.00,0
1790966876663,106412,10.6,11,458.3,468.9,11,458.3,0,0.0,0.00,0
1790966878672,106412,10.6,11,456.2,466.8,11,456.2,0,0.0,0.00,0
1790966880685,106412,10.6,11,455.8,466.4,11,455.8,0,0.0,0.00,0
1790966882692,106412,10.6,11,455.9,466.5,11,455.9,0,0.0,0.00,0
1790966884713,106412,10.6,11,455.8,466.4,11,455.8,0,0.0,0.00,0
1790966886726,106412,10.6,11,456.6,467.2,11,456.6,0,0.0,0.00,0
1790966888731,106412,10.6,11,456.5,467.1,11,456.5,0,0.0,0.00,0
1790966890738,106412,10.6,11,458.1,468.7,11,458.1,0,0.0,0.00,0
1790966892745,106412,10.6,11,458.0,468.6,11,458.0,0,0.0,0.00,0
1790966894748,106412,10.6,11,464.0,474.6,11,464.0,0,0.0,0.00,0
1790966896765,106412,10.6,11,458.6,469.2,11,458.6,0,0.0,0.00,0
1790966898778,106412,10.6,11,457.6,468.2,11,457.6,0,0.0,0.00,0
1790966900788,106412,10.6,11,494.4,505.0,11,494.4,0,0.0,0.00,0
1790966902812,106412,10.6,11,494.4,505.0,11,494.4,0,0.0,0.00,0
1790966904825,106412,10.6,11,464.8,475.4,11,464.8,0,0.0,0.00,0
1790966906837,106412,10.6,11,464.8,475.4,11,464.8,0,0.0,0.00,0
1790966908857,106412,10.6,11,457.9,468.5,11,457.9,0,0.0,0.00,0
1790966910870,106412,10.6,11,457.5,468.1,11,457.5,0,0.0,0.00,0
1790966912871,106412,10.6,11,457.5,468.1,11,457.5,0,0.0,0.00,0
1790966914888,106412,10.6,11,457.4,468.0,11,457.4,0,0.0,0.00,0
1790966916904,106412,10.6,11,457.3,467.9,11,457.3,0,0.0,0.00,0
1790966918921,106412,10.6,11,457.4,468.0,11,457.4,0,0.0,0.00,0
1790966920920,106412,10.6,11,457.4,468.0,11,457.4,0,0.0,0.00,0
1790966922944,106412,10.6,11,457.4,468.0,11,457.4,0,0.0,0.00,0
1790966924958,106412,10.6,11,457.3,467.9,11,457.3,0,0.0,0.00,0
1790966926957,106412,10.6,11,457.3,467.9,11,457.3,0,0.0,0.00,0
1790966928970,106412,10.6,11,458.1,468.7,11,458.1,0,0.0,0.00,0
1790966930985,106412,10.6,11,458.2,468.8,11,458.2,0,0.0,0.00,0
1790966932984,106412,10.6,11,458.2,468.8,11,458.2,0,0.0,0.00,0
1790966934999,106412,10.6,11,458.3,468.9,11,458.3,0,0.0,0.00,0
1790966937022,106412,10.6,11,458.2,468.8,11,458.2,0,0.0,0.00,0
1790966939025,106412,10.6,11,458.2,468.8,11,458.2,0,0.0,0.00,0
1790966941023,106412,10.6,11,458.2,468.8,11,458.2,0,0.0,0.00,0
1790966943039,106412,10.6,11,457.6,468.2,11,457.6,0,0.0,0.00,0
1790966945051,106412,10.6,11,457.4,468.0,11,457.4,0,0.0,0.00,0
1790966947061,106412,10.6,11,457.5,468.1,11,457.5,0,0.0,0.00,0
1790966949065,106412,10.6,11,457.5,468.1,11,457.5,0,0.0,0.00,0
1790966951073,106412,10.6,11,457.5,468.1,11,457.5,0,0.0,0.00,0
1790966953082,106412,10.6,11,457.5,468.1,11,457.5,0,0.0,0.00,0
1790966955080,106412,10.6,11,457.5,468.1,11,457.5,0,0.0,0.00,0
1790966957098,106412,10.6,11,457.5,468.1,11,457.5,0,0.0,0.00,0
1790966959098,106412,10.6,11,493.2,503.8,11,493.2,0,0.0,0.00,0
1790966961101,106412,10.6,11,492.7,503.3,11,492.7,0,0.0,0.00,0
1790966963106,106412,10.6,11,492.7,503.3,11,492.7,0,0.0,0.00,0
1790966965123,106412,10.6,11,465.0,475.6,11,465.0,0,0.0,0.00,0
1790966967145,106412,10.6,11,458.6,469.2,11,458.6,0,0.0,0.00,0
1790966969149,106412,10.6,11,458.7,469.3,11,458.7,0,0.0,0.00,0
1790966971164,106412,10.6,11,463.0,473.6,11,463.0,0,0.0,0.00,0
1790966973160,106412,10.6,11,462.6,473.2,11,462.6,0,0.0,0.00,0
1790966975172,106412,10.6,11,460.8,471.4,11,460.8,0,0.0,0.00,0
1790966977193,106412,10.6,11,460.4,471.0,11,460.4,0,0.0,0.00,0
1790966979196,106412,10.6,11,456.4,467.0,11,456.4,0,0.0,0.00,0
1790966981194,106412,10.6,11,456.4,467.0,11,456.4,0,0.0,0.00,0
1790966983209,106412,10.6,11,456.1,466.7,11,456.1,0,0.0,0.00,0
1790966985216,106412,10.6,11,456.0,466.6,11,456.0,0,0.0,0.00,0
1790966987243,106412,10.6,11,456.0,466.6,11,456.0,0,0.0,0.00,0
1790966989257,106412,10.6,11,456.7,467.3,11,456.7,0,0.0,0.00,0
1790966991271,106412,10.6,11,456.9,467.5,11,456.9,0,0.0,0.00,0
1790966993285,106412,10.6,11,457.6,468.2,11,457.6,0,0.0,0.00,0
1790966995295,106412,10.6,11,457.7,468.3,11,457.7,0,0.0,0.00,0
1790966997301,106412,10.6,11,457.6,468.2,11,457.6,0,0.0,0.00,0
1790966999318,106412,10.6,11,457.7,468.3,11,457.7,0,0.0,0.00,0
1790967001320,106412,10.6,11,457.8,468.4,11,457.8,0,0.0,0.00,0
1790967003333,106412,10.6,11,457.8,468.4,11,457.8,0,0.0,0.00,0
1790967005346,106412,10.6,11,457.8,468.4,11,457.8,0,0.0,0.00,0
1790967007358,106412,10.6,11,457.8,468.4,11,457.8,0,0.0,0.00,0
1790967009368,106412,10.6,11,457.8,468.4,11,457.8,0,0.0,0.00,0
1790967011373,106412,10.6,11,457.8,468.4,11,457.8,0,0.0,0.00,0
1790967013404,106412,10.6,11,457.8,468.4,11,457.8,0,0.0,0.00,0
1790967015397,106412,10.6,11,457.8,468.4,11,457.8,0,0.0,0.00,0
1790967017415,106412,10.6,11,457.8,468.4,11,457.8,0,0.0,0.00,0
1790967019430,106412,10.6,11,494.2,504.8,11,494.2,0,0.0,0.00,0
1790967021429,106412,10.6,11,494.1,504.7,11,494.1,0,0.0,0.00,0
1790967023440,106412,10.6,11,488.3,498.9,11,488.3,0,0.0,0.00,0
1790967025460,106412,10.6,11,465.3,475.9,11,465.3,0,0.0,0.00,0
1790967027469,106412,10.6,11,458.9,469.5,11,458.9,0,0.0,0.00,0
1790967029486,106412,10.6,11,457.7,468.3,11,457.7,0,0.0,0.00,0
1790967031494,106412,10.6,11,458.4,469.0,11,458.4,0,0.0,0.00,0
1790967033496,106412,10.6,11,458.1,468.7,11,458.1,0,0.0,0.00,0
1790967035514,106412,10.6,11,458.4,469.0,11,458.4,0,0.0,0.00,0
1790967037520,106412,10.6,11,458.4,469.0,11,458.4,0,0.0,0.00,0
1790967039524,106412,10.6,11,458.5,469.1,11,458.5,0,0.0,0.00,0
1790967041534,106412,10.6,11,458.4,469.0,11,458.4,0,0.0,0.00,0
1790967043547,106412,10.6,11,457.7,468.3,11,457.7,0,0.0,0.00,0
1790967045561,106412,10.6,11,457.7,468.3,11,457.7,0,0.0,0.00,0
1790967047570,106412,10.6,11,457.6,468.2,11,457.6,0,0.0,0.00,0
1790967049586,106412,10.6,11,457.6,468.2,11,457.6,0,0.0,0.00,0
1790967051596,106412,10.6,11,457.7,468.3,11,457.7,0,0.0,0.00,0
1790967053607,106412,10.6,11,457.7,468.3,11,457.7,0,0.0,0.00,0
1790967055621,106412,10.6,11,457.7,468.3,11,457.7,0,0.0,0.00,0
1790967057639,106412,10.6,11,457.7,468.3,11,457.7,0,0.0,0.00,0
1790967059654,106412,10.6,11,457.7,468.3,11,457.7,0,0.0,0.00,0
1790967061676,106412,10.6,11,457.7,468.3,11,457.7,0,0.0,0.00,0
1790967063698,106412,10.6,11,457.6,468.2,11,457.6,0,0.0,0.00,0
1790967065699,106412,10.6,11,457.6,468.2,11,457.6,0,0.0,0.00,0
1790967067708,106412,10.6,11,457.6,468.2,11,457.6,0,0.0,0.00,0
1790967069717,106412,10.6,11,457.6,468.2,11,457.6,0,0.0,0.00,0
1790967071742,106412,10.6,11,457.6,468.2,11,457.6,0,0.0,0.00,0
1790967073748,106412,10.6,11,463.0,473.6,11,463.0,0,0.0,0.00,0
1790967075767,106412,10.6,11,462.9,473.6,11,462.9,0,0.0,0.00,0
1790967077779,106412,10.6,11,460.8,471.4,11,460.8,0,0.0,0.00,0
1790967079792,106412,10.6,11,492.3,502.9,11,492.3,0,0.0,0.00,0
1790967081799,106412,10.6,11,491.7,502.3,11,491.7,0,0.0,0.00,0
1790967083817,106412,10.6,11,486.3,496.9,11,486.3,0,0.0,0.00,0
1790967085819,106412,10.6,11,466.1,476.7,11,466.1,0,0.0,0.00,0
1790967087819,106412,10.6,11,457.7,468.3,11,457.7,0,0.0,0.00,0
1790967089833,106412,10.6,11,457.4,468.0,11,457.4,0,0.0,0.00,0
1790967091837,106412,10.6,11,456.9,467.5,11,456.9,0,0.0,0.00,0
1790967093854,106412,10.6,11,456.9,467.5,11,456.9,0,0.0,0.00,0
1790967095864,106412,10.6,11,457.6,468.2,11,457.6,0,0.0,0.00,0
1790967097876,106412,10.6,11,457.6,468.2,11,457.6,0,0.0,0.00,0
1790967099889,106412,10.6,11,457.6,468.2,11,457.6,0,0.0,0.00,0
1790967101905,106412,10.6,11,457.6,468.2,11,457.6,0,0.0,0.00,0
1790967103914,106412,10.6,11,457.6,468.2,11,457.6,0,0.0,0.00,0
1790967105921,106412,10.6,11,457.6,468.2,11,457.6,0,0.0,0.00,0
1790967107936,106412,10.6,11,457.6,468.2,11,457.6,0,0.0,0.00,0
1790967109946,106412,10.6,11,457.6,468.2,11,457.6,0,0.0,0.00,0
1790967111957,106412,10.6,11,457.6,468.2,11,457.6,0,0.0,0.00,0
1790967113970,106412,10.6,11,457.6,468.2,11,457.6,0,0.0,0.00,0
1790967115994,106412,10.6,11,457.5,468.1,11,457.5,0,0.0,0.00,0
1790967118005,106412,10.6,11,457.6,468.2,11,457.6,0,0.0,0.00,0
1790967120014,106412,10.6,11,457.5,468.1,11,457.5,0,0.0,0.00,0
1790967122027,106412,10.6,11,457.6,468.2,11,457.6,0,0.0,0.00,0
1790967124029,106412,10.6,11,457.4,468.0,11,457.4,0,0.0,0.00,0
1790967126042,106412,10.6,11,457.5,468.1,11,457.5,0,0.0,0.00,0
1790967128044,106412,10.6,11,457.4,468.0,11,457.4,0,0.0,0.00,0
1790967130054,106412,10.6,11,457.5,468.1,11,457.5,0,0.0,0.00,0
1790967132071,106412,10.6,11,457.4,468.0,11,457.4,0,0.0,0.00,0
1790967134076,106412,10.6,11,458.1,468.7,11,458.1,0,0.0,0.00,0
1790967136083,106412,10.6,11,458.0,468.6,11,458.0,0,0.0,0.00,0
1790967138092,106412,10.6,11,458.2,468.8,11,458.2,0,0.0,0.00,0
1790967140105,106412,10.6,11,493.1,503.7,11,493.1,0,0.0,0.00,0
1790967142114,106412,10.6,11,493.2,503.8,11,493.2,0,0.0,0.00,0
1790967144123,106412,10.6,11,465.8,476.4,11,465.8,0,0.0,0.00,0
1790967146127,106412,10.6,11,465.7,476.3,11,465.7,0,0.0,0.00,0
1790967148146,106412,10.6,11,458.1,468.7,11,458.1,0,0.0,0.00,0
1790967150166,106412,10.6,11,456.8,467.4,11,456.8,0,0.0,0.00,0
1790967152166,106412,10.6,11,456.7,467.3,11,456.7,0,0.0,0.00,0
1790967154171,106412,10.6,11,456.8,467.4,11,456.8,0,0.0,0.00,0
1790967156172,106412,10.6,11,457.4,468.0,11,457.4,0,0.0,0.00,0
1790967158186,106412,10.6,11,457.5,468.1,11,457.5,0,0.0,0.00,0
1790967160200,106412,10.6,11,457.4,468.0,11,457.4,0,0.0,0.00,0
1790967162214,106412,10.6,11,457.5,468.1,11,457.5,0,0.0,0.00,0
1790967164233,106412,10.6,11,457.4,468.0,11,457.4,0,0.0,0.00,0
1790967166249,106412,10.6,11,457.5,468.1,11,457.5,0,0.0,0.00,0
1790967168258,106412,10.6,11,457.4,468.0,11,457.4,0,0.0,0.00,0
1790967170269,106412,10.6,11,457.5,468.1,11,457.5,0,0.0,0.00,0
1790967172279,106412,10.6,11,457.4,468.0,11,457.4,0,0.0,0.00,0
1790967174279,106412,10.6,11,457.5,468.1,11,457.5,0,0.0,0.00,0
1790967176300,106412,10.6,11,462.6,473.2,11,462.6,0,0.0,0.00,0
1790967178307,106412,10.6,11,462.7,473.3,11,462.7,0,0.0,0.00,0
1790967180322,106412,10.6,11,460.7,471.3,11,460.7,0,0.0,0.00,0
1790967182331,106412,10.6,11,460.8,471.4,11,460.8,0,0.0,0.00,0
1790967184344,106412,10.6,11,456.2,466.9,11,456.2,0,0.0,0.00,0
1790967186366,106412,10.6,11,456.0,466.6,11,456.0,0,0.0,0.00,0
1790967188366,106412,10.6,11,455.6,466.2,11,455.6,0,0.0,0.00,0
1790967190376,106412,10.6,11,455.7,466.3,11,455.7,0,0.0,0.00,0
1790967192387,106412,10.6,11,455.7,466.3,11,455.7,0,0.0,0.00,0
1790967194400,106412,10.6,11,456.5,467.1,11,456.5,0,0.0,0.00,0
1790967196405,106412,10.6,11,456.4,467.0,11,456.4,0,0.0,0.00,0
1790967198407,106412,10.6,11,457.3,467.9,11,457.3,0,0.0,0.00,0
1790967200411,106412,10.6,11,494.9,505.5,11,494.9,0,0.0,0.00,0
1790967202417,106412,10.6,11,495.0,505.6,11,495.0,0,0.0,0.00,0
1790967204424,106412,10.6,11,464.6,475.2,11,464.6,0,0.0,0.00,0
1790967206435,106412,10.6,11,464.3,474.9,11,464.3,0,0.0,0.00,0
1790967208448,106412,10.6,11,456.5,467.1,11,456.5,0,0.0,0.00,0
1790967210454,106412,10.6,11,456.7,467.3,11,456.7,0,0.0,0.00,0
1790967212470,106412,10.6,11,456.6,467.2,11,456.6,0,0.0,0.00,0
1790967214473,106412,10.6,11,456.5,467.1,11,456.5,0,0.0,0.00,0
1790967216489,106412,10.6,11,457.1,467.7,11,457.1,0,0.0,0.00,0
1790967218491,106412,10.6,11,457.3,467.9,11,457.3,0,0.0,0.00,0
1790967220501,106412,10.6,11,457.2,467.8,11,457.2,0,0.0,0.00,0
1790967222509,106412,10.6,11,457.2,467.8,11,457.2,0,0.0,0.00,0
1790967224514,106412,10.6,11,457.2,467.8,11,457.2,0,0.0,0.00,0
1790967226523,106412,10.6,11,457.2,467.8,11,457.2,0,0.0,0.00,0
1790967228533,106412,10.6,11,457.2,467.8,11,457.2,0,0.0,0.00,0
1790967230554,106412,10.6,11,457.3,467.9,11,457.3,0,0.0,0.00,0
1790967232556,106412,10.6,11,457.2,467.8,11,457.2,0,0.0,0.00,0
1790967234568,106412,10.6,11,457.3,467.9,11,457.3,0,0.0,0.00,0
1790967236578,106412,10.6,11,457.9,468.5,11,457.9,0,0.0,0.00,0
1790967238594,106412,10.6,11,458.0,468.6,11,458.0,0,0.0,0.00,0
1790967240599,106412,10.6,11,457.9,468.5,11,457.9,0,0.0,0.00,0
1790967242615,106412,10.6,11,458.1,468.7,11,458.1,0,0.0,0.00,0
1790967244622,106412,10.6,11,457.9,468.5,11,457.9,0,0.0,0.00,0
1790967246634,106412,10.6,11,457.9,468.5,11,457.9,0,0.0,0.00,0
1790967248640,106412,10.6,11,457.1,467.7,11,457.1,0,0.0,0.00,0
1790967250660,106412,10.6,11,457.2,467.8,11,457.2,0,0.0,0.00,0
1790967252669,106412,10.6,11,457.1,467.8,11,457.1,0,0.0,0.00,0
1790967254675,106412,10.6,11,457.4,468.0,11,457.4,0,0.0,0.00,0
1790967256690,106412,10.6,11,457.3,467.9,11,457.3,0,0.0,0.00,0
1790967258701,106412,10.6,11,457.3,467.9,11,457.3,0,0.0,0.00,0
1790967260707,106412,10.6,11,493.9,504.5,11,493.9,0,0.0,0.00,0
1790967262724,106412,10.6,11,494.0,504.6,11,494.0,0,0.0,0.00,0
1790967264729,106412,10.6,11,464.8,475.4,11,464.8,0,0.0,0.00,0
1790967266739,106412,10.6,11,464.6,475.2,11,464.6,0,0.0,0.00,0
1790967268747,106412,10.6,11,458.6,469.2,11,458.6,0,0.0,0.00,0
1790967270751,106412,10.6,11,457.4,468.0,11,457.4,0,0.0,0.00,0
1790967272766,106412,10.6,11,457.4,468.0,11,457.4,0,0.0,0.00,0
1790967274785,106412,10.6,11,457.4,468.0,11,457.4,0,0.0,0.00,0
1790967276796,106412,10.6,11,457.4,468.0,11,457.4,0,0.0,0.00,0
1790967278809,106412,10.6,11,463.0,473.6,11,463.0,0,0.0,0.00,0
1790967280824,106412,10.6,11,460.8,471.4,11,460.8,0,0.0,0.00,0
1790967282838,106412,10.6,11,460.8,471.4,11,460.8,0,0.0,0.00,0
1790967284844,106412,10.6,11,460.4,471.0,11,460.4,0,0.0,0.00,0
1790967286866,106412,10.6,11,456.1,466.8,11,456.1,0,0.0,0.00,0
1790967288878,106412,10.6,11,456.1,466.7,11,456.1,0,0.0,0.00,0
1790967290888,106412,10.6,11,456.1,466.8,11,456.1,0,0.0,0.00,0
1790967292887,106412,10.6,11,456.1,466.7,11,456.1,0,0.0,0.00,0
1790967294892,106412,10.6,11,456.2,466.8,11,456.2,0,0.0,0.00,0
1790967296908,106412,10.6,11,456.8,467.4,11,456.8,0,0.0,0.00,0
1790967298924,106412,10.6,11,456.8,467.4,11,456.8,0,0.0,0.00,0
1790967300931,106412,10.6,11,457.6,468.2,11,457.6,0,0.0,0.00,0
1790967302936,106412,10.6,11,457.6,468.2,11,457.6,0,0.0,0.00,0
1790967304957,106412,10.6,11,457.4,468.0,11,457.4,0,0.0,0.00,0
1790967306963,106412,10.6,11,457.5,468.1,11,457.5,0,0.0,0.00,0
1790967308977,106412,10.6,11,457.4,468.0,11,457.4,0,0.0,0.00,0
1790967310997,106412,10.6,11,457.5,468.1,11,457.5,0,0.0,0.00,0
1790967313001,106412,10.6,11,457.4,468.0,11,457.4,0,0.0,0.00,0
1790967315012,106412,10.6,11,457.4,468.0,11,457.4,0,0.0,0.00,0
1790967317016,106412,10.6,11,457.4,468.0,11,457.4,0,0.0,0.00,0
1790967319035,106412,10.6,11,478.9,489.5,11,478.9,0,0.0,0.00,0
1790967321043,106412,10.6,11,492.3,502.9,11,492.3,0,0.0,0.00,0
1790967323052,106412,10.6,11,492.3,502.9,11,492.3,0,0.0,0.00,0
1790967325067,106412,10.6,11,464.9,475.5,11,464.9,0,0.0,0.00,0
1790967327077,106412,10.6,11,458.7,469.3,11,458.7,0,0.0,0.00,0
1790967329073,106412,10.6,11,458.7,469.3,11,458.7,0,0.0,0.00,0
1790967331078,106412,10.6,11,458.7,469.3,11,458.7,0,0.0,0.00,0
1790967333089,106412,10.6,11,457.5,468.1,11,457.5,0,0.0,0.00,0
1790967335096,106412,10.6,11,457.5,468.1,11,457.5,0,0.0,0.00,0
1790967337104,106412,10.6,11,457.5,468.1,11,457.5,0,0.0,0.00,0
1790967339110,106412,10.6,11,458.2,468.8,11,458.2,0,0.0,0.00,0
1790967341116,106412,10.6,11,458.2,468.8,11,458.2,0,0.0,0.00,0
1790967343131,106412,10.6,11,458.3,468.9,11,458.3,0,0.0,0.00,0
1790967345139,106412,10.6,11,458.2,468.8,11,458.2,0,0.0,0.00,0
1790967347153,106412,10.6,11,458.2,468.9,11,458.2,0,0.0,0.00,0
1790967349159,106412,10.6,11,458.2,468.8,11,458.2,0,0.0,0.00,0
1790967351169,106412,10.6,11,456.8,467.4,11,456.8,0,0.0,0.00,0
1790967353198,106412,10.6,11,456.8,467.4,11,456.8,0,0.0,0.00,0
1790967355208,106412,10.6,11,456.8,467.4,11,456.8,0,0.0,0.00,0
1790967357223,106412,10.6,11,456.8,467.4,11,456.8,0,0.0,0.00,0
1790967359235,106412,10.6,11,456.8,467.4,11,456.8,0,0.0,0.00,0
1790967361250,106412,10.6,11,457.5,468.1,11,457.5,0,0.0,0.00,0
1790967363256,106412,10.6,11,457.4,468.0,11,457.4,0,0.0,0.00,0
1790967365271,106412,10.6,11,457.4,468.1,11,457.4,0,0.0,0.00,0
1790967367284,106412,10.6,11,457.5,468.1,11,457.5,0,0.0,0.00,0
1790967369307,106412,10.6,11,457.4,468.0,11,457.4,0,0.0,0.00,0
1790967371306,106412,10.6,11,457.5,468.1,11,457.5,0,0.0,0.00,0
1790967373306,106412,10.6,11,457.4,468.1,11,457.4,0,0.0,0.00,0
1790967375326,106412,10.6,11,457.5,468.1,11,457.5,0,0.0,0.00,0
1790967377335,106412,10.6,11,457.5,468.1,11,457.5,0,0.0,0.00,0
1790967379340,106412,10.6,11,494.3,504.9,11,494.3,0,0.0,0.00,0
1790967381364,106412,10.6,11,497.2,507.9,11,497.2,0,0.0,0.00,0
1790967383377,106412,10.6,11,497.3,507.9,11,497.3,0,0.0,0.00,0
1790967385389,106412,10.6,11,468.5,479.1,11,468.5,0,0.0,0.00,0
1790967387400,106412,10.6,11,459.2,469.8,11,459.2,0,0.0,0.00,0
1790967389419,106412,10.6,11,455.9,466.5,11,455.9,0,0.0,0.00,0
1790967391422,106412,10.6,11,455.9,466.5,11,455.9,0,0.0,0.00,0
1790967393436,106412,10.6,11,455.9,466.5,11,455.9,0,0.0,0.00,0
1790967395450,106412,10.6,11,455.9,466.5,11,455.9,0,0.0,0.00,0
1790967397479,106412,10.6,11,455.9,466.5,11,455.9,0,0.0,0.00,0
1790967399477,106412,10.6,11,456.6,467.2,11,456.6,0,0.0,0.00,0
1790967401494,106412,10.6,11,456.6,467.2,11,456.6,0,0.0,0.00,0
1790967403509,106412,10.6,11,457.3,467.9,11,457.3,0,0.0,0.00,0
1790967405515,106412,10.6,11,457.3,467.9,11,457.3,0,0.0,0.00,0
1790967407532,106412,10.6,11,457.3,467.9,11,457.3,0,0.0,0.00,0
1790967409556,106412,10.6,11,457.3,467.9,11,457.3,0,0.0,0.00,0
1790967411569,106412,10.6,11,457.3,467.9,11,457.3,0,0.0,0.00,0
1790967413580,106412,10.6,11,457.3,467.9,11,457.3,0,0.0,0.00,0
1790967415596,106412,10.6,11,457.3,467.9,11,457.3,0,0.0,0.00,0
1790967417599,106412,10.6,11,457.3,467.9,11,457.3,0,0.0,0.00,0
1790967419608,106412,10.6,11,457.3,467.9,11,457.3,0,0.0,0.00,0
1790967421629,106412,10.6,11,457.3,467.9,11,457.3,0,0.0,0.00,0
1790967423637,106412,10.6,11,457.1,467.7,11,457.1,0,0.0,0.00,0
1790967425643,106412,10.6,11,457.1,467.7,11,457.1,0,0.0,0.00,0
1790967427651,106412,10.6,11,457.1,467.7,11,457.1,0,0.0,0.00,0
1790967429651,106412,10.6,11,457.2,467.8,11,457.2,0,0.0,0.00,0
1790967431657,106412,10.6,11,457.2,467.8,11,457.2,0,0.0,0.00,0
1790967433676,106412,10.6,11,457.2,467.8,11,457.2,0,0.0,0.00,0
1790967435697,106412,10.6,11,457.2,467.8,11,457.2,0,0.0,0.00,0
1790967437703,106412,10.6,11,457.2,467.8,11,457.2,0,0.0,0.00,0
1790967439720,106412,10.6,11,494.5,505.1,11,494.5,0,0.0,0.00,0
1790967441739,106412,10.6,11,495.0,505.6,11,495.0,0,0.0,0.00,0
1790967443756,106412,10.6,11,465.8,476.4,11,465.8,0,0.0,0.00,0
1790967445774,106412,10.6,11,465.8,476.4,11,465.8,0,0.0,0.00,0
1790967447789,106412,10.6,11,458.2,468.8,11,458.2,0,0.0,0.00,0
1790967449803,106412,10.6,11,458.2,468.8,11,458.2,0,0.0,0.00,0
1790967451811,106412,10.6,11,458.2,468.8,11,458.2,0,0.0,0.00,0
1790967453820,106412,10.6,11,457.5,468.1,11,457.5,0,0.0,0.00,0
1790967455828,106412,10.6,11,457.5,468.1,11,457.5,0,0.0,0.00,0
1790967457842,106412,10.6,11,457.5,468.1,11,457.5,0,0.0,0.00,0
1790967459857,106412,10.6,11,457.5,468.1,11,457.5,0,0.0,0.00,0
1790967461867,106412,10.6,11,457.5,468.1,11,457.5,0,0.0,0.00,0
1790967463866,106412,10.6,11,457.5,468.1,11,457.5,0,0.0,0.00,0
1790967465887,106412,10.6,11,457.6,468.2,11,457.6,0,0.0,0.00,0
1790967467901,106412,10.6,11,457.6,468.2,11,457.6,0,0.0,0.00,0
1790967469906,106412,10.6,11,457.5,468.1,11,457.5,0,0.0,0.00,0
1790967471922,106412,10.6,11,457.5,468.1,11,457.5,0,0.0,0.00,0
1790967473926,106412,10.6,11,457.5,468.1,11,457.5,0,0.0,0.00,0
1790967475940,106412,10.6,11,457.5,468.1,11,457.5,0,0.0,0.00,0
1790967477952,106412,10.6,11,457.7,468.3,11,457.7,0,0.0,0.00,0
1790967479972,106412,10.6,11,458.4,469.0,11,458.4,0,0.0,0.00,0
1790967481996,106412,10.6,11,458.1,468.7,11,458.1,0,0.0,0.00,0
1790967484004,106412,10.6,11,463.7,474.3,11,463.7,0,0.0,0.00,0
1790967486009,106412,10.6,11,467.9,478.5,11,467.9,0,0.0,0.00,0
1790967488025,106412,10.6,11,461.2,471.8,11,461.2,0,0.0,0.00,0
1790967490029,106412,10.6,11,461.2,471.8,11,461.2,0,0.0,0.00,0
1790967492046,106412,10.6,11,456.0,466.6,11,456.0,0,0.0,0.00,0
1790967494055,106412,10.6,11,455.9,466.5,11,455.9,0,0.0,0.00,0
1790967496064,106412,10.6,11,456.0,466.6,11,456.0,0,0.0,0.00,0
1790967498078,106412,10.6,11,456.0,466.6,11,456.0,0,0.0,0.00,0
1790967500099,106412,10.6,11,492.5,503.1,11,492.5,0,0.0,0.00,0
1790967502112,106412,10.6,11,493.1,503.7,11,493.1,0,0.0,0.00,0
1790967504123,106412,10.6,11,465.1,475.7,11,465.1,0,0.0,0.00,0
1790967506141,106412,10.6,11,465.0,475.6,11,465.0,0,0.0,0.00,0
1790967508158,106412,10.6,11,458.9,469.5,11,458.9,0,0.0,0.00,0
1790967510180,106412,10.6,11,457.6,468.2,11,457.6,0,0.0,0.00,0
1790967512190,106412,10.6,11,457.7,468.3,11,457.7,0,0.0,0.00,0
1790967514192,106412,10.6,11,457.4,468.0,11,457.4,0,0.0,0.00,0
1790967516195,106412,10.6,11,457.3,467.9,11,457.3,0,0.0,0.00,0
1790967518215,106412,10.6,11,457.3,467.9,11,457.3,0,0.0,0.00,0
1790967520219,106412,10.6,11,457.3,467.9,11,457.3,0,0.0,0.00,0
1790967522241,106412,10.6,11,457.8,468.4,11,457.8,0,0.0,0.00,0
1790967524250,106412,10.6,11,458.0,468.6,11,458.0,0,0.0,0.00,0
1790967526257,106412,10.6,11,458.0,468.6,11,458.0,0,0.0,0.00,0
1790967528270,106412,10.6,11,458.0,468.6,11,458.0,0,0.0,0.00,0
1790967530288,106412,10.6,11,458.0,468.6,11,458.0,0,0.0,0.00,0
1790967532304,106412,10.6,11,458.0,468.6,11,458.0,0,0.0,0.00,0
1790967534314,106412,10.6,11,458.0,468.6,11,458.0,0,0.0,0.00,0
1790967536326,106412,10.6,11,458.0,468.6,11,458.0,0,0.0,0.00,0
1790967538337,106412,10.6,11,458.0,468.6,11,458.0,0,0.0,0.00,0
1790967540345,106412,10.6,11,458.0,468.6,11,458.0,0,0.0,0.00,0
1790967542360,106412,10.6,11,458.0,468.6,11,458.0,0,0.0,0.00,0
1790967544376,106412,10.6,11,458.7,469.3,11,458.7,0,0.0,0.00,0
1790967546396,106412,10.6,11,458.7,469.3,11,458.7,0,0.0,0.00,0
1790967548402,106412,10.6,11,458.5,469.1,11,458.5,0,0.0,0.00,0
1790967550406,106412,10.6,11,458.7,469.3,11,458.7,0,0.0,0.00,0
1790967552431,106412,10.6,11,458.6,469.2,11,458.6,0,0.0,0.00,0
1790967554447,106412,10.6,11,458.7,469.3,11,458.7,0,0.0,0.00,0
1790967556455,106412,10.6,11,458.6,469.2,11,458.6,0,0.0,0.00,0
1790967558471,106412,10.6,11,457.8,468.4,11,457.8,0,0.0,0.00,0
1790967560488,106412,10.6,11,493.8,504.4,11,493.8,0,0.0,0.00,0
1790967562502,106412,10.6,11,494.0,504.6,11,494.0,0,0.0,0.00,0
1790967564527,106412,10.6,11,465.7,476.3,11,465.7,0,0.0,0.00,0
1790967566523,106412,10.6,11,465.8,476.4,11,465.8,0,0.0,0.00,0
1790967568538,106412,10.6,11,458.1,468.7,11,458.1,0,0.0,0.00,0
1790967570539,106412,10.6,11,458.2,468.8,11,458.2,0,0.0,0.00,0
1790967572550,106412,10.6,11,457.9,468.5,11,457.9,0,0.0,0.00,0
1790967574553,106412,10.6,11,458.0,468.6,11,458.0,0,0.0,0.00,0
1790967576571,106412,10.6,11,457.8,468.4,11,457.8,0,0.0,0.00,0
1790967578579,106412,10.6,11,457.9,468.5,11,457.9,0,0.0,0.00,0
1790967580600,106412,10.6,11,457.8,468.4,11,457.8,0,0.0,0.00,0
1790967582604,106412,10.6,11,457.8,468.4,11,457.8,0,0.0,0.00,0
1790967584616,106412,10.6,11,457.7,468.3,11,457.7,0,0.0,0.00,0
1790967586631,106412,10.6,11,463.4,474.0,11,463.4,0,0.0,0.00,0
1790967588643,106412,10.6,11,461.1,471.7,11,461.1,0,0.0,0.00,0
1790967590652,106412,10.6,11,461.2,471.8,11,461.2,0,0.0,0.00,0
1790967592664,106412,10.6,11,460.7,471.3,11,460.7,0,0.0,0.00,0
1790967594667,106412,10.6,11,457.2,467.8,11,457.2,0,0.0,0.00,0
1790967596676,106412,10.6,11,456.7,467.3,11,456.7,0,0.0,0.00,0
1790967598678,106412,10.6,11,456.6,467.2,11,456.6,0,0.0,0.00,0
1790967600688,106412,10.6,11,456.5,467.1,11,456.5,0,0.0,0.00,0
1790967602710,106412,10.6,11,456.7,467.3,11,456.7,0,0.0,0.00,0
1790967604704,106412,10.6,11,457.3,467.9,11,457.3,0,0.0,0.00,0
1790967606724,106412,10.6,11,458.1,468.7,11,458.1,0,0.0,0.00,0
1790967608729,106412,10.6,11,458.0,468.6,11,458.0,0,0.0,0.00,0
1790967610746,106412,10.6,11,458.1,468.7,11,458.1,0,0.0,0.00,0
1790967612755,106412,10.6,11,458.1,468.7,11,458.1,0,0.0,0.00,0
1790967614755,106412,10.6,11,458.1,468.7,11,458.1,0,0.0,0.00,0
1790967616777,106412,10.6,11,458.1,468.7,11,458.1,0,0.0,0.00,0
1790967618782,106412,10.6,11,458.2,468.8,11,458.2,0,0.0,0.00,0
1790967620790,106412,10.6,11,494.9,505.5,11,494.9,0,0.0,0.00,0
1790967622797,106412,10.6,11,495.1,505.7,11,495.1,0,0.0,0.00,0
1790967624799,106412,10.6,11,466.5,477.1,11,466.5,0,0.0,0.00,0
1790967626808,106412,10.6,11,466.4,477.0,11,466.4,0,0.0,0.00,0
1790967628817,106412,10.6,11,459.5,470.1,11,459.5,0,0.0,0.00,0
1790967630823,106412,10.6,11,459.5,470.1,11,459.5,0,0.0,0.00,0
1790967632824,106412,10.6,11,459.5,470.1,11,459.5,0,0.0,0.00,0
1790967634837,106412,10.6,11,459.2,469.8,11,459.2,0,0.0,0.00,0
1790967636841,106412,10.6,11,457.9,468.5,11,457.9,0,0.0,0.00,0
1790967638848,106412,10.6,11,458.0,468.6,11,458.0,0,0.0,0.00,0
1790967640860,106412,10.6,11,457.9,468.5,11,457.9,0,0.0,0.00,0
1790967642871,106412,10.6,11,457.9,468.5,11,457.9,0,0.0,0.00,0
1790967644889,106412,10.6,11,457.9,468.5,11,457.9,0,0.0,0.00,0
1790967646900,106412,10.6,11,458.6,469.2,11,458.6,0,0.0,0.00,0
1790967648898,106412,10.6,11,458.6,469.2,11,458.6,0,0.0,0.00,0
1790967650901,106412,10.6,11,458.6,469.2,11,458.6,0,0.0,0.00,0
1790967652909,106412,10.6,11,458.6,469.2,11,458.6,0,0.0,0.00,0
1790967654918,106412,10.6,11,458.6,469.2,11,458.6,0,0.0,0.00,0
1790967656934,106412,10.6,11,458.6,469.2,11,458.6,0,0.0,0.00,0
1790967658947,106412,10.6,11,457.9,468.6,11,457.9,0,0.0,0.00,0
1790967660959,106412,10.6,11,458.0,468.6,11,458.0,0,0.0,0.00,0
1790967662969,106412,10.6,11,458.0,468.6,11,458.0,0,0.0,0.00,0
1790967664981,106412,10.6,11,457.8,468.4,11,457.8,0,0.0,0.00,0
1790967666995,106412,10.6,11,457.8,468.4,11,457.8,0,0.0,0.00,0
1790967668999,106412,10.6,11,457.8,468.4,11,457.8,0,0.0,0.00,0
1790967671010,106412,10.6,11,457.9,468.5,11,457.9,0,0.0,0.00,0
1790967673017,106412,10.6,11,457.9,468.5,11,457.9,0,0.0,0.00,0
1790967675042,106412,10.6,11,457.9,468.5,11,457.9,0,0.0,0.00,0
1790967677046,106412,10.6,11,457.9,468.5,11,457.9,0,0.0,0.00,0
1790967679045,106412,10.6,11,479.9,490.5,11,479.9,0,0.0,0.00,0
1790967681047,106412,10.6,11,493.9,504.5,11,493.9,0,0.0,0.00,0
1790967683075,106412,10.6,11,493.9,504.5,11,493.9,0,0.0,0.00,0
1790967685082,106412,10.6,11,465.5,476.1,11,465.5,0,0.0,0.00,0
1790967687085,106412,10.6,11,459.2,469.8,11,459.2,0,0.0,0.00,0
1790967689098,106412,10.6,11,463.0,473.6,11,463.0,0,0.0,0.00,0
1790967691113,106412,10.6,11,461.2,471.8,11,461.2,0,0.0,0.00,0
1790967693122,106412,10.6,11,461.2,471.8,11,461.2,0,0.0,0.00,0
1790967695131,106412,10.6,11,461.2,471.8,11,461.2,0,0.0,0.00,0
1790967697142,106412,10.6,11,456.6,467.2,11,456.6,0,0.0,0.00,0
1790967699148,106412,10.6,11,456.7,467.3,11,456.7,0,0.0,0.00,0
1790967701166,106412,10.6,11,456.6,467.2,11,456.6,0,0.0,0.00,0
1790967703180,106412,10.6,11,456.6,467.2,11,456.6,0,0.0,0.00,0
1790967705185,106412,10.6,11,456.6,467.2,11,456.6,0,0.0,0.00,0
1790967707200,106412,10.6,11,457.4,468.0,11,457.4,0,0.0,0.00,0
1790967709215,106412,10.6,11,458.0,468.6,11,458.0,0,0.0,0.00,0
1790967711232,106412,10.6,11,458.0,468.6,11,458.0,0,0.0,0.00,0
1790967713234,106412,10.6,11,458.0,468.6,11,458.0,0,0.0,0.00,0
1790967715258,106412,10.6,11,458.0,468.6,11,458.0,0,0.0,0.00,0
1790967717269,106412,10.6,11,458.0,468.6,11,458.0,0,0.0,0.00,0
1790967719292,106412,10.6,11,458.0,468.6,11,458.0,0,0.0,0.00,0
1790967721299,106412,10.6,11,458.0,468.6,11,458.0,0,0.0,0.00,0
1790967723324,106412,10.6,11,457.9,468.5,11,457.9,0,0.0,0.00,0
1790967725330,106412,10.6,11,457.9,468.5,11,457.9,0,0.0,0.00,0
1790967727354,106412,10.6,11,457.9,468.5,11,457.9,0,0.0,0.00,0
1790967729356,106412,10.6,11,457.9,468.5,11,457.9,0,0.0,0.00,0
1790967731373,106412,10.6,11,457.9,468.5,11,457.9,0,0.0,0.00,0
1790967733373,106412,10.6,11,457.9,468.5,11,457.9,0,0.0,0.00,0
1790967735385,106412,10.6,11,458.0,468.6,11,458.0,0,0.0,0.00,0
1790967737397,106412,10.6,11,458.0,468.6,11,458.0,0,0.0,0.00,0
1790967739397,106412,10.6,11,495.8,506.4,11,495.8,0,0.0,0.00,0
1790967741413,106412,10.6,11,495.7,506.3,11,495.7,0,0.0,0.00,0
1790967743415,106412,10.6,11,465.6,476.2,11,465.6,0,0.0,0.00,0
1790967745424,106412,10.6,11,465.6,476.2,11,465.6,0,0.0,0.00,0
1790967747436,106412,10.6,11,459.4,470.0,11,459.4,0,0.0,0.00,0
1790967749434,106412,10.6,11,459.3,469.9,11,459.3,0,0.0,0.00,0
1790967751465,106412,10.6,11,458.9,469.5,11,458.9,0,0.0,0.00,0
1790967753481,106412,10.6,11,458.9,469.5,11,458.9,0,0.0,0.00,0
1790967755491,106412,10.6,11,458.9,469.5,11,458.9,0,0.0,0.00,0
1790967757486,106412,10.6,11,458.8,469.4,11,458.8,0,0.0,0.00,0
1790967759504,106412,10.6,11,458.8,469.4,11,458.8,0,0.0,0.00,0
1790967761524,106412,10.6,11,458.1,468.7,11,458.1,0,0.0,0.00,0
1790967763535,106412,10.6,11,458.2,468.8,11,458.2,0,0.0,0.00,0
1790967765545,106412,10.6,11,458.2,468.8,11,458.2,0,0.0,0.00,0
1790967767550,106412,10.6,11,458.2,468.8,11,458.2,0,0.0,0.00,0
1790967769570,106412,10.6,11,458.2,468.8,11,458.2,0,0.0,0.00,0
1790967771581,106412,10.6,11,458.2,468.8,11,458.2,0,0.0,0.00,0
1790967773601,106412,10.6,11,458.2,468.8,11,458.2,0,0.0,0.00,0
1790967775609,106412,10.6,11,458.1,468.7,11,458.1,0,0.0,0.00,0
1790967777617,106412,10.6,11,458.1,468.7,11,458.1,0,0.0,0.00,0
1790967779636,106412,10.6,11,458.1,468.7,11,458.1,0,0.0,0.00,0
1790967781635,106412,10.6,11,458.1,468.7,11,458.1,0,0.0,0.00,0
1790967783647,106412,10.6,11,457.9,468.5,11,457.9,0,0.0,0.00,0
1790967785655,106412,10.6,11,457.9,468.5,11,457.9,0,0.0,0.00,0
1790967787671,106412,10.6,11,458.0,468.6,11,458.0,0,0.0,0.00,0
1790967789683,106412,10.6,11,458.0,468.6,11,458.0,0,0.0,0.00,0
1790967791679,106412,10.6,11,463.5,474.1,11,463.5,0,0.0,0.00,0
1790967793685,106412,10.6,11,461.3,471.9,11,461.3,0,0.0,0.00,0
1790967795687,106412,10.6,11,460.9,471.5,11,460.9,0,0.0,0.00,0
1790967797694,106412,10.6,11,460.2,470.9,11,460.2,0,0.0,0.00,0
1790967799690,106412,10.6,11,494.4,505.0,11,494.4,0,0.0,0.00,0
1790967801699,106412,10.6,11,494.2,504.8,11,494.2,0,0.0,0.00,0
1790967803731,106412,10.6,11,464.1,474.7,11,464.1,0,0.0,0.00,0
1790967805746,106412,10.6,11,464.0,474.6,11,464.0,0,0.0,0.00,0
1790967807762,106412,10.6,11,457.9,468.5,11,457.9,0,0.0,0.00,0
1790967809765,106412,10.6,11,457.8,468.4,11,457.8,0,0.0,0.00,0
1790967811776,106412,10.6,11,458.1,468.7,11,458.1,0,0.0,0.00,0
1790967813783,106412,10.6,11,458.0,468.6,11,458.0,0,0.0,0.00,0
1790967815790,106412,10.6,11,458.0,468.6,11,458.0,0,0.0,0.00,0
1790967817798,106412,10.6,11,457.7,468.3,11,457.7,0,0.0,0.00,0
1790967819808,106412,10.6,11,457.7,468.3,11,457.7,0,0.0,0.00,0
1790967821832,106412,10.6,11,457.7,468.3,11,457.7,0,0.0,0.00,0
1790967823826,106412,10.6,11,457.7,468.3,11,457.7,0,0.0,0.00,0
1790967825837,106412,10.6,11,457.8,468.4,11,457.8,0,0.0,0.00,0
1790967827848,106412,10.6,11,457.8,468.4,11,457.8,0,0.0,0.00,0
1790967829864,106412,10.6,11,457.8,468.4,11,457.8,0,0.0,0.00,0
1790967831888,106412,10.6,11,457.8,468.4,11,457.8,0,0.0,0.00,0
1790967833892,106412,10.6,11,457.8,468.4,11,457.8,0,0.0,0.00,0
1790967835904,106412,10.6,11,457.8,468.4,11,457.8,0,0.0,0.00,0
1790967837907,106412,10.6,11,457.8,468.4,11,457.8,0,0.0,0.00,0
1790967839918,106412,10.6,11,457.8,468.4,11,457.8,0,0.0,0.00,0
1790967841925,106412,10.6,11,457.8,468.4,11,457.8,0,0.0,0.00,0
1790967843944,106412,10.6,11,457.6,468.2,11,457.6,0,0.0,0.00,0
1790967845960,106412,10.6,11,457.6,468.2,11,457.6,0,0.0,0.00,0
1790967847970,106412,10.6,11,457.6,468.2,11,457.6,0,0.0,0.00,0
1790967849969,106412,10.6,11,457.4,468.0,11,457.4,0,0.0,0.00,0
1790967851999,106412,10.6,11,458.1,468.7,11,458.1,0,0.0,0.00,0
1790967854003,106412,10.6,11,458.2,468.9,11,458.2,0,0.0,0.00,0
1790967856028,106412,10.6,11,458.3,468.9,11,458.3,0,0.0,0.00,0
1790967858029,106412,10.6,11,458.3,468.9,11,458.3,0,0.0,0.00,0
1790967860029,106412,10.6,11,493.4,504.0,11,493.4,0,0.0,0.00,0
1790967862039,106412,10.6,11,493.2,503.8,11,493.2,0,0.0,0.00,0
1790967864054,106412,10.6,11,464.4,475.0,11,464.4,0,0.0,0.00,0
1790967866069,106412,10.6,11,464.4,475.0,11,464.4,0,0.0,0.00,0
1790967868086,106412,10.6,11,458.2,468.8,11,458.2,0,0.0,0.00,0
1790967870100,106412,10.6,11,458.3,468.9,11,458.3,0,0.0,0.00,0
1790967872102,106412,10.6,11,457.8,468.4,11,457.8,0,0.0,0.00,0
1790967874113,106412,10.6,11,457.8,468.4,11,457.8,0,0.0,0.00,0
1790967876117,106412,10.6,11,457.8,468.4,11,457.8,0,0.0,0.00,0
1790967878126,106412,10.6,11,457.7,468.3,11,457.7,0,0.0,0.00,0
1790967880127,106412,10.6,11,457.8,468.4,11,457.8,0,0.0,0.00,0
1790967882142,106412,10.6,11,457.8,468.4,11,457.8,0,0.0,0.00,0
1790967884150,106412,10.6,11,457.7,468.3,11,457.7,0,0.0,0.00,0
1790967886151,106412,10.6,11,457.7,468.3,11,457.7,0,0.0,0.00,0
1790967888157,106412,10.6,11,457.7,468.3,11,457.7,0,0.0,0.00,0
1790967890172,106412,10.6,11,457.7,468.3,11,457.7,0,0.0,0.00,0
1790967892169,106412,10.6,11,457.7,468.3,11,457.7,0,0.0,0.00,0
1790967894185,106412,10.6,11,461.1,471.7,11,461.1,0,0.0,0.00,0
1790967896193,106412,10.6,11,461.1,471.7,11,461.1,0,0.0,0.00,0
1790967898204,106412,10.6,11,461.0,471.6,11,461.0,0,0.0,0.00,0
1790967900207,106412,10.6,11,460.6,471.2,11,460.6,0,0.0,0.00,0
1790967902220,106412,10.6,11,457.0,467.6,11,457.0,0,0.0,0.00,0
1790967904215,106412,10.6,11,456.1,466.7,11,456.1,0,0.0,0.00,0
1790967906223,106412,10.6,11,456.1,466.7,11,456.1,0,0.0,0.00,0
1790967908236,106412,10.6,11,456.1,466.7,11,456.1,0,0.0,0.00,0
1790967910248,106412,10.6,11,456.1,466.7,11,456.1,0,0.0,0.00,0
1790967912248,106412,10.6,11,456.8,467.4,11,456.8,0,0.0,0.00,0
1790967914262,106412,10.6,11,457.7,468.3,11,457.7,0,0.0,0.00,0
1790967916280,106412,10.6,11,457.7,468.3,11,457.7,0,0.0,0.00,0
1790967918284,106412,10.6,11,457.8,468.4,11,457.8,0,0.0,0.00,0
1790967920301,106412,10.6,11,495.0,505.6,11,495.0,0,0.0,0.00,0
1790967922312,106412,10.6,11,494.7,505.3,11,494.7,0,0.0,0.00,0
1790967924334,106412,10.6,11,465.1,475.7,11,465.1,0,0.0,0.00,0
1790967926355,106412,10.6,11,464.6,475.2,11,464.6,0,0.0,0.00,0
1790967928373,106412,10.6,11,458.5,469.1,11,458.5,0,0.0,0.00,0
1790967930385,106412,10.6,11,457.3,467.9,11,457.3,0,0.0,0.00,0
1790967932392,106412,10.6,11,458.0,468.6,11,458.0,0,0.0,0.00,0
1790967934404,106412,10.6,11,457.7,468.3,11,457.7,0,0.0,0.00,0
1790967936406,106412,10.6,11,457.9,468.5,11,457.9,0,0.0,0.00,0
1790967938409,106412,10.6,11,457.9,468.5,11,457.9,0,0.0,0.00,0
1790967940417,106412,10.6,11,457.9,468.5,11,457.9,0,0.0,0.00,0
1790967942432,106412,10.6,11,457.9,468.5,11,457.9,0,0.0,0.00,0
1790967944441,106412,10.6,11,457.9,468.5,11,457.9,0,0.0,0.00,0
1790967946442,106412,10.6,11,457.9,468.5,11,457.9,0,0.0,0.00,0
1790967948459,106412,10.6,11,457.8,468.4,11,457.8,0,0.0,0.00,0
1790967950462,106412,10.6,11,457.8,468.4,11,457.8,0,0.0,0.00,0
1790967952481,106412,10.6,11,457.8,468.4,11,457.8,0,0.0,0.00,0
1790967954483,106412,10.6,11,458.5,469.1,11,458.5,0,0.0,0.00,0
1790967956499,106412,10.6,11,458.7,469.3,11,458.7,0,0.0,0.00,0
1790967958510,106412,10.6,11,458.7,469.3,11,458.7,0,0.0,0.00,0
1790967960526,106412,10.6,11,458.7,469.3,11,458.7,0,0.0,0.00,0
1790967962527,106412,10.6,11,458.7,469.3,11,458.7,0,0.0,0.00,0
1790967964539,106412,10.6,11,458.0,468.6,11,458.0,0,0.0,0.00,0
1790967966547,106412,10.6,11,458.0,468.6,11,458.0,0,0.0,0.00,0
1790967968551,106412,10.6,11,458.0,468.6,11,458.0,0,0.0,0.00,0
1790967970566,106412,10.6,11,458.0,468.6,11,458.0,0,0.0,0.00,0
1790967972560,106412,10.6,11,458.0,468.6,11,458.0,0,0.0,0.00,0
1790967974566,106412,10.6,11,458.0,468.6,11,458.0,0,0.0,0.00,0
1790967976568,106412,10.6,11,458.0,468.6,11,458.0,0,0.0,0.00,0
1790967978573,106412,10.6,11,457.8,468.4,11,457.8,0,0.0,0.00,0
1790967980579,106412,10.6,11,493.9,504.5,11,493.9,0,0.0,0.00,0
1790967982587,106412,10.6,11,493.6,504.2,11,493.6,0,0.0,0.00,0
1790967984597,106412,10.6,11,466.0,476.6,11,466.0,0,0.0,0.00,0
1790967986594,106412,10.6,11,466.0,476.6,11,466.0,0,0.0,0.00,0
1790967988621,106412,10.6,11,459.1,469.7,11,459.1,0,0.0,0.00,0
1790967990623,106412,10.6,11,459.1,469.7,11,459.1,0,0.0,0.00,0
1790967992638,106412,10.6,11,457.9,468.5,11,457.9,0,0.0,0.00,0
1790967994652,106412,10.6,11,457.9,468.5,11,457.9,0,0.0,0.00,0
1790967996655,106412,10.6,11,463.4,474.0,11,463.4,0,0.0,0.00,0
1790967998650,106412,10.6,11,461.2,471.8,11,461.2,0,0.0,0.00,0
1790968000665,106412,10.6,11,461.2,471.8,11,461.2,0,0.0,0.00,0
1790968002676,106412,10.6,11,460.9,471.5,11,460.9,0,0.0,0.00,0
1790968004693,106412,10.6,11,457.3,467.9,11,457.3,0,0.0,0.00,0
1790968006699,106412,10.6,11,456.6,467.2,11,456.6,0,0.0,0.00,0
1790968008702,106412,10.6,11,456.5,467.1,11,456.5,0,0.0,0.00,0
1790968010715,106412,10.6,11,456.4,467.0,11,456.4,0,0.0,0.00,0
1790968012726,106412,10.6,11,456.4,467.0,11,456.4,0,0.0,0.00,0
1790968014737,106412,10.6,11,457.2,467.8,11,457.2,0,0.0,0.00,0
1790968016738,106412,10.6,11,457.9,468.5,11,457.9,0,0.0,0.00,0
1790968018751,106412,10.6,11,457.9,468.5,11,457.9,0,0.0,0.00,0
1790968020768,106412,10.6,11,457.9,468.5,11,457.9,0,0.0,0.00,0
1790968022775,106412,10.6,11,457.9,468.5,11,457.9,0,0.0,0.00,0
1790968024788,106412,10.6,11,457.9,468.5,11,457.9,0,0.0,0.00,0
1790968026811,106412,10.6,11,457.9,468.5,11,457.9,0,0.0,0.00,0
1790968028814,106412,10.6,11,457.8,468.4,11,457.8,0,0.0,0.00,0
1790968030825,106412,10.6,11,457.9,468.5,11,457.9,0,0.0,0.00,0
1790968032833,106412,10.6,11,457.8,468.4,11,457.8,0,0.0,0.00,0
1790968034846,106412,10.6,11,458.0,468.6,11,458.0,0,0.0,0.00,0
1790968036855,106412,10.6,11,457.9,468.5,11,457.9,0,0.0,0.00,0
1790968038870,106412,10.6,11,458.0,468.6,11,458.0,0,0.0,0.00,0
1790968040872,106412,10.6,11,494.6,505.2,11,494.6,0,0.0,0.00,0
1790968042882,106412,10.6,11,494.7,505.3,11,494.7,0,0.0,0.00,0
1790968044888,106412,10.6,11,465.3,475.9,11,465.3,0,0.0,0.00,0
1790968046889,106412,10.6,11,465.1,475.7,11,465.1,0,0.0,0.00,0
1790968048900,106412,10.6,11,459.1,469.7,11,459.1,0,0.0,0.00,0
1790968050897,106412,10.6,11,458.0,468.6,11,458.0,0,0.0,0.00,0
1790968052905,106412,10.6,11,457.9,468.5,11,457.9,0,0.0,0.00,0
1790968054912,106412,10.6,11,458.0,468.6,11,458.0,0,0.0,0.00,0
1790968056925,106412,10.6,11,458.6,469.2,11,458.6,0,0.0,0.00,0
1790968058944,106412,10.6,11,458.7,469.3,11,458.7,0,0.0,0.00,0
1790968060963,106412,10.6,11,458.6,469.2,11,458.6,0,0.0,0.00,0
1790968062971,106412,10.6,11,458.7,469.3,11,458.7,0,0.0,0.00,0
1790968064985,106412,10.6,11,458.6,469.2,11,458.6,0,0.0,0.00,0
1790968067008,106412,10.6,11,458.0,468.6,11,458.0,0,0.0,0.00,0
1790968069010,106412,10.6,11,457.7,468.3,11,457.7,0,0.0,0.00,0
1790968071022,106412,10.6,11,457.8,468.4,11,457.8,0,0.0,0.00,0
1790968073026,106412,10.6,11,457.7,468.3,11,457.7,0,0.0,0.00,0
1790968075047,106412,10.6,11,457.8,468.4,11,457.8,0,0.0,0.00,0
1790968077051,106412,10.6,11,457.7,468.3,11,457.7,0,0.0,0.00,0
1790968079064,106412,10.6,11,457.8,468.4,11,457.8,0,0.0,0.00,0
1790968081070,106412,10.6,11,457.8,468.4,11,457.8,0,0.0,0.00,0
1790968083069,106412,10.6,11,457.9,468.5,11,457.9,0,0.0,0.00,0
1790968085078,106412,10.6,11,457.8,468.4,11,457.8,0,0.0,0.00,0
1790968087098,106412,10.6,11,457.9,468.5,11,457.9,0,0.0,0.00,0
1790968089104,106412,10.6,11,457.9,468.5,11,457.9,0,0.0,0.00,0
1790968091111,106412,10.6,11,457.9,468.5,11,457.9,0,0.0,0.00,0
1790968093116,106412,10.6,11,457.8,468.4,11,457.8,0,0.0,0.00,0
1790968095137,106412,10.6,11,457.9,468.5,11,457.9,0,0.0,0.00,0
1790968097146,106412,10.6,11,463.4,474.0,11,463.4,0,0.0,0.00,0
1790968099157,106412,10.6,11,497.2,507.8,11,497.2,0,0.0,0.00,0
1790968101168,106412,10.6,11,496.5,507.1,11,496.5,0,0.0,0.00,0
1790968103170,106412,10.6,11,496.6,507.2,11,496.6,0,0.0,0.00,0
1790968105178,106412,10.6,11,467.8,478.4,11,467.8,0,0.0,0.00,0
1790968107177,106412,10.6,11,464.1,474.7,11,464.1,0,0.0,0.00,0
1790968109190,106412,10.6,11,462.6,473.2,11,462.6,0,0.0,0.00,0
1790968111189,106412,10.6,11,456.0,466.6,11,456.0,0,0.0,0.00,0
1790968113197,106412,10.6,11,459.3,469.9,11,459.3,0,0.0,0.00,0
1790968115211,106412,10.6,11,454.5,465.1,11,454.5,0,0.0,0.00,0
1790968117226,106412,10.6,11,455.1,465.7,11,455.1,0,0.0,0.00,0
1790968119224,106412,10.6,11,455.6,466.2,11,455.6,0,0.0,0.00,0
1790968121243,106412,10.6,11,455.5,466.1,11,455.5,0,0.0,0.00,0
1790968123253,106412,10.6,11,455.6,466.2,11,455.6,0,0.0,0.00,0
1790968125264,106412,10.6,11,455.5,466.1,11,455.5,0,0.0,0.00,0
1790968127271,106412,10.6,11,455.6,466.2,11,455.6,0,0.0,0.00,0
1790968129283,106412,10.6,11,455.2,465.8,11,455.2,0,0.0,0.00,0
1790968131296,106412,10.6,11,455.4,466.0,11,455.4,0,0.0,0.00,0
1790968133305,106412,10.6,11,455.3,465.9,11,455.3,0,0.0,0.00,0
1790968135316,106412,10.6,11,455.4,466.0,11,455.4,0,0.0,0.00,0
1790968137331,106412,10.6,11,455.3,465.9,11,455.3,0,0.0,0.00,0
1790968139348,106412,10.6,11,455.4,466.0,11,455.4,0,0.0,0.00,0
1790968141348,106412,10.6,11,455.5,466.1,11,455.5,0,0.0,0.00,0
1790968143356,106412,10.6,11,455.6,466.2,11,455.6,0,0.0,0.00,0
1790968145366,106412,10.6,11,455.5,466.1,11,455.5,0,0.0,0.00,0
1790968147365,106412,10.6,11,455.6,466.2,11,455.6,0,0.0,0.00,0
1790968149388,106412,10.6,11,455.5,466.1,11,455.5,0,0.0,0.00,0
1790968151399,106412,10.6,11,455.6,466.2,11,455.6,0,0.0,0.00,0
1790968153418,106412,10.6,11,455.4,466.0,11,455.4,0,0.0,0.00,0
1790968155424,106412,10.6,11,455.5,466.1,11,455.5,0,0.0,0.00,0
1790968157434,106412,10.6,11,455.4,466.0,11,455.4,0,0.0,0.00,0
1790968159453,106412,10.6,11,493.1,503.7,11,493.1,0,0.0,0.00,0
1790968161472,106412,10.6,11,492.7,503.3,11,492.7,0,0.0,0.00,0
1790968163476,106412,10.6,11,492.8,503.4,11,492.8,0,0.0,0.00,0
1790968165501,106412,10.6,11,464.0,474.6,11,464.0,0,0.0,0.00,0
1790968167493,106412,10.6,11,457.4,468.0,11,457.4,0,0.0,0.00,0
1790968169503,106412,10.6,11,455.4,466.0,11,455.4,0,0.0,0.00,0
1790968171525,106412,10.6,11,455.5,466.1,11,455.5,0,0.0,0.00,0
1790968173533,106412,10.6,11,455.4,466.0,11,455.4,0,0.0,0.00,0
1790968175534,106412,10.6,11,455.5,466.1,11,455.5,0,0.0,0.00,0
1790968177554,106412,10.6,11,455.5,466.1,11,455.5,0,0.0,0.00,0
1790968179563,106412,10.6,11,455.6,466.2,11,455.6,0,0.0,0.00,0
1790968181588,106412,10.6,11,455.5,466.1,11,455.5,0,0.0,0.00,0
1790968183599,106412,10.6,11,455.5,466.1,11,455.5,0,0.0,0.00,0
1790968185618,106412,10.6,11,455.4,466.0,11,455.4,0,0.0,0.00,0
1790968187630,106412,10.6,11,455.5,466.1,11,455.5,0,0.0,0.00,0
1790968189644,106412,10.6,11,455.1,465.7,11,455.1,0,0.0,0.00,0
1790968191652,106412,10.6,11,455.2,465.8,11,455.2,0,0.0,0.00,0
1790968193668,106412,10.6,11,455.2,465.8,11,455.2,0,0.0,0.00,0
1790968195685,106412,10.6,11,455.3,465.9,11,455.3,0,0.0,0.00,0
1790968197685,106412,10.6,11,455.2,465.8,11,455.2,0,0.0,0.00,0
1790968199696,106412,10.6,11,459.5,470.1,11,459.5,0,0.0,0.00,0
1790968201713,106412,10.6,11,459.2,469.8,11,459.2,0,0.0,0.00,0
1790968203709,106412,10.6,11,459.3,469.9,11,459.3,0,0.0,0.00,0
1790968205725,106412,10.6,11,459.2,469.8,11,459.2,0,0.0,0.00,0
1790968207733,106412,10.6,11,454.9,465.5,11,454.9,0,0.0,0.00,0
1790968209741,106412,10.6,11,454.8,465.4,11,454.8,0,0.0,0.00,0
1790968211736,106412,10.6,11,454.7,465.3,11,454.7,0,0.0,0.00,0
1790968213754,106412,10.6,11,454.7,465.3,11,454.7,0,0.0,0.00,0
1790968215768,106412,10.6,11,454.7,465.3,11,454.7,0,0.0,0.00,0
1790968217786,106412,10.6,11,455.4,466.0,11,455.4,0,0.0,0.00,0
1790968219797,106412,10.6,11,493.0,503.6,11,493.0,0,0.0,0.00,0
1790968221801,106412,10.6,11,492.9,503.5,11,492.9,0,0.0,0.00,0
1790968223812,106412,10.6,11,477.2,487.8,11,477.2,0,0.0,0.00,0
1790968225821,106412,10.6,11,465.5,476.1,11,465.5,0,0.0,0.00,0
1790968227836,106412,10.6,11,456.3,466.9,11,456.3,0,0.0,0.00,0
1790968229850,106412,10.6,11,456.3,466.9,11,456.3,0,0.0,0.00,0
1790968231872,106412,10.6,11,456.3,466.9,11,456.3,0,0.0,0.00,0
1790968233880,106412,10.6,11,456.3,466.9,11,456.3,0,0.0,0.00,0
1790968235899,106412,10.6,11,456.3,466.9,11,456.3,0,0.0,0.00,0
1790968237903,106412,10.6,11,456.3,466.9,11,456.3,0,0.0,0.00,0
1790968239915,106412,10.6,11,456.3,466.9,11,456.3,0,0.0,0.00,0
1790968241923,106412,10.6,11,456.3,466.9,11,456.3,0,0.0,0.00,0
1790968243939,106412,10.6,11,456.3,466.9,11,456.3,0,0.0,0.00,0
1790968245949,106412,10.6,11,456.3,466.9,11,456.3,0,0.0,0.00,0
1790968247956,106412,10.6,11,456.3,466.9,11,456.3,0,0.0,0.00,0
1790968249962,106412,10.6,11,456.1,466.7,11,456.1,0,0.0,0.00,0
1790968251979,106412,10.6,11,456.1,466.7,11,456.1,0,0.0,0.00,0
1790968253985,106412,10.6,11,456.1,466.7,11,456.1,0,0.0,0.00,0
1790968255986,106412,10.6,11,456.1,466.7,11,456.1,0,0.0,0.00,0
1790968257991,106412,10.6,11,456.1,466.7,11,456.1,0,0.0,0.00,0
1790968260007,106412,10.6,11,456.8,467.4,11,456.8,0,0.0,0.00,0
1790968262024,106412,10.6,11,456.8,467.4,11,456.8,0,0.0,0.00,0
1790968264034,106412,10.6,11,457.0,467.6,11,457.0,0,0.0,0.00,0
1790968266050,106412,10.6,11,457.0,467.6,11,457.0,0,0.0,0.00,0
1790968268069,106412,10.6,11,457.0,467.6,11,457.0,0,0.0,0.00,0
1790968270083,106412,10.6,11,457.0,467.6,11,457.0,0,0.0,0.00,0
1790968272086,106412,10.6,11,456.3,466.9,11,456.3,0,0.0,0.00,0
1790968274101,106412,10.6,11,456.2,466.8,11,456.2,0,0.0,0.00,0
1790968276103,106412,10.6,11,456.2,466.8,11,456.2,0,0.0,0.00,0
1790968278113,106412,10.6,11,456.2,466.8,11,456.2,0,0.0,0.00,0
1790968280133,106412,10.6,11,494.1,504.7,11,494.1,0,0.0,0.00,0
1790968282146,106412,10.6,11,493.9,504.5,11,493.9,0,0.0,0.00,0
1790968284155,106412,10.6,11,465.6,476.2,11,465.6,0,0.0,0.00,0
1790968286184,106412,10.6,11,465.6,476.2,11,465.6,0,0.0,0.00,0
1790968288200,106412,10.6,11,457.4,468.0,11,457.4,0,0.0,0.00,0
1790968290210,106412,10.6,11,456.2,466.8,11,456.2,0,0.0,0.00,0
1790968292210,106412,10.6,11,456.2,466.8,11,456.2,0,0.0,0.00,0
1790968294218,106412,10.6,11,456.2,466.8,11,456.2,0,0.0,0.00,0
1790968296222,106412,10.6,11,456.2,466.8,11,456.2,0,0.0,0.00,0
1790968298239,106412,10.6,11,456.2,466.8,11,456.2,0,0.0,0.00,0
1790968300248,106412,10.6,11,456.3,466.9,11,456.3,0,0.0,0.00,0
1790968302254,106412,10.6,11,461.8,472.4,11,461.8,0,0.0,0.00,0
1790968304268,106412,10.6,11,461.8,472.4,11,461.8,0,0.0,0.00,0
1790968306275,106412,10.6,11,459.6,470.2,11,459.6,0,0.0,0.00,0
1790968308280,106412,10.6,11,459.4,470.0,11,459.4,0,0.0,0.00,0
1790968310282,106412,10.6,11,457.2,467.8,11,457.2,0,0.0,0.00,0
1790968312284,106412,10.6,11,455.0,465.6,11,455.0,0,0.0,0.00,0
1790968314300,106412,10.6,11,454.7,465.3,11,454.7,0,0.0,0.00,0
1790968316314,106412,10.6,11,454.7,465.3,11,454.7,0,0.0,0.00,0
1790968318325,106412,10.6,11,454.7,465.3,11,454.7,0,0.0,0.00,0
1790968320339,106412,10.6,11,455.4,466.0,11,455.4,0,0.0,0.00,0
1790968322358,106412,10.6,11,455.4,466.0,11,455.4,0,0.0,0.00,0
1790968324353,106412,10.6,11,456.2,466.8,11,456.2,0,0.0,0.00,0
1790968326364,106412,10.6,11,456.2,466.8,11,456.2,0,0.0,0.00,0
1790968328380,106412,10.6,11,456.2,466.8,11,456.2,0,0.0,0.00,0
1790968330387,106412,10.6,11,456.2,466.8,11,456.2,0,0.0,0.00,0
1790968332390,106412,10.6,11,456.2,466.8,11,456.2,0,0.0,0.00,0
1790968334403,106412,10.6,11,456.1,466.7,11,456.1,0,0.0,0.00,0
1790968336414,106412,10.6,11,456.1,466.8,11,456.1,0,0.0,0.00,0
1790968338434,106412,10.6,11,456.3,466.9,11,456.3,0,0.0,0.00,0
1790968340442,106412,10.6,11,494.0,504.6,11,494.0,0,0.0,0.00,0
1790968342457,106412,10.6,11,493.8,504.4,11,493.8,0,0.0,0.00,0
1790968344475,106412,10.6,11,463.8,474.4,11,463.8,0,0.0,0.00,0
1790968346489,106412,10.6,11,463.6,474.2,11,463.6,0,0.0,0.00,0
1790968348501,106412,10.6,11,456.3,466.9,11,456.3,0,0.0,0.00,0
1790968350515,106412,10.6,11,456.4,467.0,11,456.4,0,0.0,0.00,0
1790968352520,106412,10.6,11,456.4,467.0,11,456.4,0,0.0,0.00,0
1790968354528,106412,10.6,11,456.4,467.0,11,456.4,0,0.0,0.00,0
1790968356530,106412,10.6,11,456.4,467.0,11,456.4,0,0.0,0.00,0
1790968358549,106412,10.6,11,456.4,467.0,11,456.4,0,0.0,0.00,0
1790968360546,106412,10.6,11,456.4,467.0,11,456.4,0,0.0,0.00,0
1790968362560,106412,10.6,11,457.1,467.7,11,457.1,0,0.0,0.00,0
1790968364557,106412,10.6,11,457.1,467.7,11,457.1,0,0.0,0.00,0
1790968366569,106412,10.6,11,457.1,467.7,11,457.1,0,0.0,0.00,0
1790968368583,106412,10.6,11,456.9,467.5,11,456.9,0,0.0,0.00,0
1790968370595,106412,10.6,11,456.9,467.5,11,456.9,0,0.0,0.00,0
1790968372614,106412,10.6,11,456.9,467.5,11,456.9,0,0.0,0.00,0
1790968374627,106412,10.6,11,456.2,466.8,11,456.2,0,0.0,0.00,0
1790968376635,106412,10.6,11,456.2,466.8,11,456.2,0,0.0,0.00,0
1790968378653,106412,10.6,11,456.2,466.8,11,456.2,0,0.0,0.00,0
1790968380658,106412,10.6,11,456.2,466.8,11,456.2,0,0.0,0.00,0
1790968382669,106412,10.6,11,456.2,466.8,11,456.2,0,0.0,0.00,0
1790968384682,106412,10.6,11,456.2,466.8,11,456.2,0,0.0,0.00,0
1790968386700,106412,10.6,11,456.2,466.8,11,456.2,0,0.0,0.00,0
1790968388705,106412,10.6,11,456.2,466.8,11,456.2,0,0.0,0.00,0
1790968390707,106412,10.6,11,456.2,466.8,11,456.2,0,0.0,0.00,0
1790968392730,106412,10.6,11,456.2,466.8,11,456.2,0,0.0,0.00,0
1790968394737,106412,10.6,11,456.2,466.8,11,456.2,0,0.0,0.00,0
1790968396754,106412,10.6,11,456.2,466.8,11,456.2,0,0.0,0.00,0
1790968398766,106412,10.6,11,456.2,466.8,11,456.2,0,0.0,0.00,0
1790968400792,106412,10.6,11,492.9,503.5,11,492.9,0,0.0,0.00,0
1790968402800,106412,10.6,11,492.6,503.2,11,492.6,0,0.0,0.00,0
1790968404816,106412,10.6,11,464.1,474.7,11,464.1,0,0.0,0.00,0
1790968406828,106412,10.6,11,463.7,474.3,11,463.7,0,0.0,0.00,0
1790968408842,106412,10.6,11,460.3,470.9,11,460.3,0,0.0,0.00,0
1790968410845,106412,10.6,11,459.8,470.4,11,459.8,0,0.0,0.00,0
1790968412854,106412,10.6,11,456.2,466.8,11,456.2,0,0.0,0.00,0
1790968414872,106412,10.6,11,455.2,465.8,11,455.2,0,0.0,0.00,0
1790968416876,106412,10.6,11,454.9,465.5,11,454.9,0,0.0,0.00,0
1790968418885,106412,10.6,11,454.9,465.5,11,454.9,0,0.0,0.00,0
1790968420905,106412,10.6,11,454.9,465.5,11,454.9,0,0.0,0.00,0
1790968422905,106412,10.6,11,455.6,466.2,11,455.6,0,0.0,0.00,0
1790968424910,106412,10.6,11,455.6,466.2,11,455.6,0,0.0,0.00,0
1790968426920,106412,10.6,11,456.3,466.9,11,456.3,0,0.0,0.00,0
1790968428924,106412,10.6,11,456.2,466.8,11,456.2,0,0.0,0.00,0
1790968430920,106412,10.6,11,456.2,466.8,11,456.2,0,0.0,0.00,0
1790968432927,106412,10.6,11,456.2,466.8,11,456.2,0,0.0,0.00,0
1790968434940,106412,10.6,11,456.2,466.8,11,456.2,0,0.0,0.00,0
1790968436964,106412,10.6,11,456.2,466.8,11,456.2,0,0.0,0.00,0
1790968438971,106412,10.6,11,456.2,466.9,11,456.2,0,0.0,0.00,0
1790968441000,106412,10.6,11,456.3,466.9,11,456.3,0,0.0,0.00,0
1790968443013,106412,10.6,11,456.2,466.9,11,456.2,0,0.0,0.00,0
1790968445015,106412,10.6,11,456.2,466.9,11,456.2,0,0.0,0.00,0
1790968447017,106412,10.6,11,456.3,466.9,11,456.3,0,0.0,0.00,0
1790968449019,106412,10.6,11,456.3,466.9,11,456.3,0,0.0,0.00,0
1790968451020,106412,10.6,11,456.3,466.9,11,456.3,0,0.0,0.00,0
1790968453042,106412,10.6,11,456.2,466.8,11,456.2,0,0.0,0.00,0
1790968455061,106412,10.6,11,455.8,466.4,11,455.8,0,0.0,0.00,0
1790968457070,106412,10.6,11,455.8,466.4,11,455.8,0,0.0,0.00,0
1790968459081,106412,10.6,11,492.5,503.1,11,492.5,0,0.0,0.00,0
1790968461090,106412,10.6,11,492.5,503.1,11,492.5,0,0.0,0.00,0
1790968463099,106412,10.6,11,492.2,502.8,11,492.2,0,0.0,0.00,0
1790968465121,106412,10.6,11,463.6,474.2,11,463.6,0,0.0,0.00,0
1790968467125,106412,10.6,11,459.2,469.8,11,459.2,0,0.0,0.00,0
1790968469129,106412,10.6,11,456.9,467.5,11,456.9,0,0.0,0.00,0
1790968471151,106412,10.6,11,456.9,467.5,11,456.9,0,0.0,0.00,0
1790968473168,106412,10.6,11,456.9,467.5,11,456.9,0,0.0,0.00,0
1790968475188,106412,10.6,11,456.9,467.5,11,456.9,0,0.0,0.00,0
1790968477192,106412,10.6,11,456.2,466.8,11,456.2,0,0.0,0.00,0
1790968479208,106412,10.6,11,456.2,466.8,11,456.2,0,0.0,0.00,0
1790968481214,106412,10.6,11,456.2,466.8,11,456.2,0,0.0,0.00,0
1790968483224,106412,10.6,11,456.2,466.8,11,456.2,0,0.0,0.00,0
1790968485236,106412,10.6,11,456.1,466.7,11,456.1,0,0.0,0.00,0
1790968487236,106412,10.6,11,456.2,466.8,11,456.2,0,0.0,0.00,0
1790968489255,106412,10.6,11,455.9,466.6,11,455.9,0,0.0,0.00,0
1790968491271,106412,10.6,11,456.1,466.8,11,456.1,0,0.0,0.00,0
1790968493282,106412,10.6,11,456.1,466.7,11,456.1,0,0.0,0.00,0
1790968495295,106412,10.6,11,456.1,466.7,11,456.1,0,0.0,0.00,0
1790968497294,106412,10.6,11,456.1,466.7,11,456.1,0,0.0,0.00,0
1790968499307,106412,10.6,11,456.1,466.7,11,456.1,0,0.0,0.00,0
1790968501313,106412,10.6,11,456.1,466.7,11,456.1,0,0.0,0.00,0
1790968503329,106412,10.6,11,456.2,466.8,11,456.2,0,0.0,0.00,0
1790968505336,106412,10.6,11,456.1,466.7,11,456.1,0,0.0,0.00,0
1790968507349,106412,10.6,11,459.5,470.1,11,459.5,0,0.0,0.00,0
1790968509353,106412,10.6,11,459.0,469.6,11,459.0,0,0.0,0.00,0
1790968511370,106412,10.6,11,459.1,469.7,11,459.1,0,0.0,0.00,0
1790968513382,106412,10.6,11,459.0,469.6,11,459.0,0,0.0,0.00,0
1790968515390,106412,10.6,11,455.1,465.7,11,455.1,0,0.0,0.00,0
1790968517399,106412,10.6,11,455.0,465.6,11,455.0,0,0.0,0.00,0
1790968519422,106412,10.6,11,491.8,502.4,11,491.8,0,0.0,0.00,0
1790968521425,106412,10.6,11,491.4,502.0,11,491.4,0,0.0,0.00,0
1790968523428,106412,10.6,11,491.4,502.0,11,491.4,0,0.0,0.00,0
1790968525441,106412,10.6,11,462.5,473.1,11,462.5,0,0.0,0.00,0
1790968527466,106412,10.6,11,457.8,468.4,11,457.8,0,0.0,0.00,0
1790968529475,106412,10.6,11,456.5,467.1,11,456.5,0,0.0,0.00,0
1790968531491,106412,10.6,11,456.1,466.7,11,456.1,0,0.0,0.00,0
1790968533511,106412,10.6,11,456.0,466.6,11,456.0,0,0.0,0.00,0
1790968535528,106412,10.6,11,456.1,466.7,11,456.1,0,0.0,0.00,0
1790968537538,106412,10.6,11,456.0,466.6,11,456.0,0,0.0,0.00,0
1790968539539,106412,10.6,11,456.1,466.7,11,456.1,0,0.0,0.00,0
1790968541542,106412,10.6,11,456.0,466.6,11,456.0,0,0.0,0.00,0
1790968543550,106412,10.6,11,456.1,466.7,11,456.1,0,0.0,0.00,0
1790968545557,106412,10.6,11,456.0,466.6,11,456.0,0,0.0,0.00,0
1790968547573,106412,10.6,11,456.1,466.7,11,456.1,0,0.0,0.00,0
1790968549579,106412,10.6,11,455.9,466.5,11,455.9,0,0.0,0.00,0
1790968551592,106412,10.6,11,456.0,466.6,11,456.0,0,0.0,0.00,0
1790968553596,106412,10.6,11,455.9,466.5,11,455.9,0,0.0,0.00,0
1790968555602,106412,10.6,11,456.0,466.6,11,456.0,0,0.0,0.00,0
1790968557607,106412,10.6,11,455.9,466.5,11,455.9,0,0.0,0.00,0
1790968559615,106412,10.6,11,456.0,466.6,11,456.0,0,0.0,0.00,0
1790968561622,106412,10.6,11,455.9,466.5,11,455.9,0,0.0,0.00,0
1790968563642,106412,10.6,11,456.0,466.6,11,456.0,0,0.0,0.00,0
1790968565644,106412,10.6,11,455.9,466.5,11,455.9,0,0.0,0.00,0
1790968567658,106412,10.6,11,456.7,467.3,11,456.7,0,0.0,0.00,0
1790968569673,106412,10.6,11,456.6,467.2,11,456.6,0,0.0,0.00,0
1790968571685,106412,10.6,11,456.7,467.3,11,456.7,0,0.0,0.00,0
1790968573687,106412,10.6,11,456.6,467.2,11,456.6,0,0.0,0.00,0
1790968575698,106412,10.6,11,456.7,467.3,11,456.7,0,0.0,0.00,0
1790968577704,106412,10.6,11,456.6,467.2,11,456.6,0,0.0,0.00,0
1790968579710,106412,10.6,11,491.3,501.9,11,491.3,0,0.0,0.00,0
1790968581732,106412,10.6,11,492.1,502.7,11,492.1,0,0.0,0.00,0
1790968583735,106412,10.6,11,462.6,473.2,11,462.6,0,0.0,0.00,0
1790968585751,106412,10.6,11,462.6,473.2,11,462.6,0,0.0,0.00,0
1790968587755,106412,10.6,11,456.7,467.3,11,456.7,0,0.0,0.00,0
1790968589768,106412,10.6,11,456.0,466.6,11,456.0,0,0.0,0.00,0
1790968591770,106412,10.6,11,456.0,466.6,11,456.0,0,0.0,0.00,0
1790968593785,106412,10.6,11,456.0,466.6,11,456.0,0,0.0,0.00,0
1790968595796,106412,10.6,11,456.0,466.6,11,456.0,0,0.0,0.00,0
1790968597807,106412,10.6,11,456.0,466.6,11,456.0,0,0.0,0.00,0
1790968599824,106412,10.6,11,456.0,466.6,11,456.0,0,0.0,0.00,0
1790968601844,106412,10.6,11,456.0,466.6,11,456.0,0,0.0,0.00,0
1790968603842,106412,10.6,11,456.0,466.6,11,456.0,0,0.0,0.00,0
1790968605855,106412,10.6,11,456.0,466.6,11,456.0,0,0.0,0.00,0
1790968607865,106412,10.6,11,456.0,466.6,11,456.0,0,0.0,0.00,0
1790968609876,106412,10.6,11,461.2,471.8,11,461.2,0,0.0,0.00,0
1790968611888,106412,10.6,11,461.3,471.9,11,461.3,0,0.0,0.00,0
1790968613885,106412,10.6,11,459.0,469.6,11,459.0,0,0.0,0.00,0
1790968615895,106412,10.6,11,459.0,469.6,11,459.0,0,0.0,0.00,0
1790968617920,106412,10.6,11,454.8,465.4,11,454.8,0,0.0,0.00,0
1790968619932,106412,10.6,11,454.8,465.4,11,454.8,0,0.0,0.00,0
1790968621954,106412,10.6,11,454.7,465.3,11,454.7,0,0.0,0.00,0
1790968623962,106412,10.6,11,454.7,465.3,11,454.7,0,0.0,0.00,0
1790968625972,106412,10.6,11,454.7,465.3,11,454.7,0,0.0,0.00,0
1790968627985,106412,10.6,11,455.4,466.0,11,455.4,0,0.0,0.00,0
1790968630004,106412,10.6,11,455.4,466.0,11,455.4,0,0.0,0.00,0
1790968631994,106412,10.6,11,456.1,466.7,11,456.1,0,0.0,0.00,0
1790968634007,106412,10.6,11,456.1,466.7,11,456.1,0,0.0,0.00,0
1790968636020,106412,10.6,11,456.2,466.8,11,456.2,0,0.0,0.00,0
1790968638028,106412,10.6,11,456.1,466.7,11,456.1,0,0.0,0.00,0
1790968640038,106412,10.6,11,493.8,504.4,11,493.8,0,0.0,0.00,0
1790968642048,106412,10.6,11,493.6,504.2,11,493.6,0,0.0,0.00,0
1790968644057,106412,10.6,11,463.1,473.7,11,463.1,0,0.0,0.00,0
1790968646073,106412,10.6,11,463.0,473.6,11,463.0,0,0.0,0.00,0
1790968648080,106412,10.6,11,456.6,467.2,11,456.6,0,0.0,0.00,0
1790968650103,106412,10.6,11,456.6,467.2,11,456.6,0,0.0,0.00,0
1790968652116,106412,10.6,11,456.1,466.7,11,456.1,0,0.0,0.00,0
1790968654136,106412,10.6,11,456.1,466.7,11,456.1,0,0.0,0.00,0
1790968656142,106412,10.6,11,456.1,466.7,11,456.1,0,0.0,0.00,0
1790968658155,106412,10.6,11,456.1,466.7,11,456.1,0,0.0,0.00,0
1790968660154,106412,10.6,11,456.2,466.8,11,456.2,0,0.0,0.00,0
1790968662174,106412,10.6,11,456.1,466.7,11,456.1,0,0.0,0.00,0
1790968664173,106412,10.6,11,456.1,466.7,11,456.1,0,0.0,0.00,0
1790968666189,106412,10.6,11,456.1,466.7,11,456.1,0,0.0,0.00,0
1790968668195,106412,10.6,11,456.1,466.7,11,456.1,0,0.0,0.00,0
1790968670218,106412,10.6,11,456.9,467.5,11,456.9,0,0.0,0.00,0
1790968672224,106412,10.6,11,456.9,467.5,11,456.9,0,0.0,0.00,0
1790968674238,106412,10.6,11,456.9,467.5,11,456.9,0,0.0,0.00,0
1790968676248,106412,10.6,11,456.9,467.5,11,456.9,0,0.0,0.00,0
1790968678247,106412,10.6,11,456.9,467.5,11,456.9,0,0.0,0.00,0
1790968680253,106412,10.6,11,456.9,467.5,11,456.9,0,0.0,0.00,0
1790968682275,106412,10.6,11,456.2,466.8,11,456.2,0,0.0,0.00,0
1790968684287,106412,10.6,11,456.2,466.8,11,456.2,0,0.0,0.00,0
1790968686300,106412,10.6,11,456.2,466.8,11,456.2,0,0.0,0.00,0
1790968688300,106412,10.6,11,456.2,466.8,11,456.2,0,0.0,0.00,0
1790968690322,106412,10.6,11,456.2,466.8,11,456.2,0,0.0,0.00,0
1790968692333,106412,10.6,11,456.2,466.8,11,456.2,0,0.0,0.00,0
1790968694347,106412,10.6,11,456.2,466.8,11,456.2,0,0.0,0.00,0
1790968696369,106412,10.6,11,456.2,466.8,11,456.2,0,0.0,0.00,0
1790968698378,106412,10.6,11,456.0,466.6,11,456.0,0,0.0,0.00,0
1790968700390,106412,10.6,11,494.5,505.1,11,494.5,0,0.0,0.00,0
1790968702392,106412,10.6,11,494.2,504.8,11,494.2,0,0.0,0.00,0
1790968704401,106412,10.6,11,463.9,474.5,11,463.9,0,0.0,0.00,0
1790968706410,106412,10.6,11,463.9,474.5,11,463.9,0,0.0,0.00,0
1790968708438,106412,10.6,11,457.6,468.2,11,457.6,0,0.0,0.00,0
1790968710436,106412,10.6,11,456.4,467.0,11,456.4,0,0.0,0.00,0
1790968712446,106412,10.6,11,462.0,472.6,11,462.0,0,0.0,0.00,0
1790968714463,106412,10.6,11,461.6,472.2,11,461.6,0,0.0,0.00,0
1790968716473,106412,10.6,11,459.7,470.3,11,459.7,0,0.0,0.00,0
1790968718488,106412,10.6,11,459.3,469.9,11,459.3,0,0.0,0.00,0
1790968720491,106412,10.6,11,455.7,466.3,11,455.7,0,0.0,0.00,0
1790968722509,106412,10.6,11,460.5,471.1,11,460.5,0,0.0,0.00,0
1790968724517,106412,10.6,11,460.5,471.1,11,460.5,0,0.0,0.00,0
1790968726523,106412,10.6,11,455.9,466.5,11,455.9,0,0.0,0.00,0
1790968728540,106412,10.6,11,460.2,470.8,11,460.2,0,0.0,0.00,0
1790968730559,106412,10.6,11,454.9,465.5,11,454.9,0,0.0,0.00,0
1790968732560,106412,10.6,11,454.9,465.5,11,454.9,0,0.0,0.00,0
1790968734570,106412,10.6,11,455.6,466.2,11,455.6,0,0.0,0.00,0
1790968736575,106412,10.6,11,455.6,466.2,11,455.6,0,0.0,0.00,0
1790968738590,106412,10.6,11,455.6,466.2,11,455.6,0,0.0,0.00,0
1790968740605,106412,10.6,11,455.6,466.2,11,455.6,0,0.0,0.00,0
1790968742619,106412,10.6,11,455.6,466.2,11,455.6,0,0.0,0.00,0
1790968744624,106412,10.6,11,455.4,466.0,11,455.4,0,0.0,0.00,0
1790968746635,106412,10.6,11,455.4,466.0,11,455.4,0,0.0,0.00,0
1790968748645,106412,10.6,11,455.4,466.0,11,455.4,0,0.0,0.00,0
1790968750659,106412,10.6,11,455.4,466.0,11,455.4,0,0.0,0.00,0
1790968752663,106412,10.6,11,455.5,466.1,11,455.5,0,0.0,0.00,0
1790968754668,106412,10.6,11,455.5,466.1,11,455.5,0,0.0,0.00,0
1790968756683,106412,10.6,11,455.5,466.1,11,455.5,0,0.0,0.00,0
1790968758701,106412,10.6,11,455.4,466.0,11,455.4,0,0.0,0.00,0
1790968760705,106412,10.6,11,492.6,503.2,11,492.6,0,0.0,0.00,0
1790968762714,106412,10.6,11,492.3,502.9,11,492.3,0,0.0,0.00,0
1790968764735,106412,10.6,11,465.3,475.9,11,465.3,0,0.0,0.00,0
1790968766742,106412,10.6,11,465.4,476.0,11,465.4,0,0.0,0.00,0
1790968768748,106412,10.6,11,456.5,467.1,11,456.5,0,0.0,0.00,0
1790968770752,106412,10.6,11,456.5,467.1,11,456.5,0,0.0,0.00,0
1790968772760,106412,10.6,11,456.1,466.7,11,456.1,0,0.0,0.00,0
1790968774767,106412,10.6,11,456.1,466.7,11,456.1,0,0.0,0.00,0
1790968776770,106412,10.6,11,456.2,466.8,11,456.2,0,0.0,0.00,0
1790968778793,106412,10.6,11,456.3,466.9,11,456.3,0,0.0,0.00,0
1790968780813,106412,10.6,11,456.3,466.9,11,456.3,0,0.0,0.00,0
1790968782822,106412,10.6,11,456.2,466.8,11,456.2,0,0.0,0.00,0
1790968784824,106412,10.6,11,456.2,466.8,11,456.2,0,0.0,0.00,0
1790968786831,106412,10.6,11,454.8,465.4,11,454.8,0,0.0,0.00,0
1790968788853,106412,10.6,11,454.8,465.4,11,454.8,0,0.0,0.00,0
1790968790868,106412,10.6,11,454.8,465.4,11,454.8,0,0.0,0.00,0
1790968792868,106412,10.6,11,454.8,465.4,11,454.8,0,0.0,0.00,0
1790968794882,106412,10.6,11,455.5,466.1,11,455.5,0,0.0,0.00,0
1790968796902,106412,10.6,11,455.5,466.1,11,455.5,0,0.0,0.00,0
1790968798909,106412,10.6,11,455.6,466.2,11,455.6,0,0.0,0.00,0
1790968800922,106412,10.6,11,456.0,466.6,11,456.0,0,0.0,0.00,0
1790968802930,106412,10.6,11,456.0,466.6,11,456.0,0,0.0,0.00,0
1790968804953,106412,10.6,11,456.0,466.6,11,456.0,0,0.0,0.00,0
1790968806969,106412,10.6,11,455.9,466.6,11,455.9,0,0.0,0.00,0
1790968808973,106412,10.6,11,456.1,466.7,11,456.1,0,0.0,0.00,0
1790968810996,106412,10.6,11,456.1,466.7,11,456.1,0,0.0,0.00,0
1790968813008,106412,10.6,11,456.1,466.7,11,456.1,0,0.0,0.00,0
1790968815020,106412,10.6,11,461.7,472.3,11,461.7,0,0.0,0.00,0
1790968817034,106412,10.6,11,461.7,472.3,11,461.7,0,0.0,0.00,0
1790968819032,106412,10.6,11,481.1,491.7,11,481.1,0,0.0,0.00,0
1790968821042,106412,10.6,11,493.5,504.1,11,493.5,0,0.0,0.00,0
1790968823054,106412,10.6,11,480.1,490.7,11,480.1,0,0.0,0.00,0
1790968825069,106412,10.6,11,464.5,475.1,11,464.5,0,0.0,0.00,0
1790968827091,106412,10.6,11,454.5,465.1,11,454.5,0,0.0,0.00,0
1790968829107,106412,10.6,11,454.5,465.1,11,454.5,0,0.0,0.00,0
1790968831114,106412,10.6,11,454.5,465.1,11,454.5,0,0.0,0.00,0
1790968833132,106412,10.6,11,455.2,465.8,11,455.2,0,0.0,0.00,0
1790968835144,106412,10.6,11,455.3,465.9,11,455.3,0,0.0,0.00,0
1790968837153,106412,10.6,11,456.0,466.6,11,456.0,0,0.0,0.00,0
1790968839157,106412,10.6,11,456.0,466.6,11,456.0,0,0.0,0.00,0
1790968841164,106412,10.6,11,456.0,466.6,11,456.0,0,0.0,0.00,0
1790968843179,106412,10.6,11,456.0,466.6,11,456.0,0,0.0,0.00,0
1790968845202,106412,10.6,11,456.0,466.6,11,456.0,0,0.0,0.00,0
1790968847214,106412,10.6,11,456.0,466.6,11,456.0,0,0.0,0.00,0
1790968849223,106412,10.6,11,455.9,466.5,11,455.9,0,0.0,0.00,0
1790968851233,106412,10.6,11,456.0,466.6,11,456.0,0,0.0,0.00,0
1790968853237,106412,10.6,11,456.0,466.6,11,456.0,0,0.0,0.00,0
1790968855246,106412,10.6,11,456.0,466.6,11,456.0,0,0.0,0.00,0
1790968857253,106412,10.6,11,456.0,466.6,11,456.0,0,0.0,0.00,0
1790968859275,106412,10.6,11,456.0,466.6,11,456.0,0,0.0,0.00,0
1790968861277,106412,10.6,11,456.0,466.6,11,456.0,0,0.0,0.00,0
1790968863285,106412,10.6,11,456.0,466.6,11,456.0,0,0.0,0.00,0
1790968865305,106412,10.6,11,456.0,466.6,11,456.0,0,0.0,0.00,0
1790968867313,106412,10.6,11,456.0,466.6,11,456.0,0,0.0,0.00,0
1790968869327,106412,10.6,11,456.0,466.6,11,456.0,0,0.0,0.00,0
1790968871340,106412,10.6,11,456.0,466.6,11,456.0,0,0.0,0.00,0
1790968873344,106412,10.6,11,456.0,466.6,11,456.0,0,0.0,0.00,0
1790968875362,106412,10.6,11,456.7,467.3,11,456.7,0,0.0,0.00,0
1790968877362,106412,10.6,11,456.7,467.3,11,456.7,0,0.0,0.00,0
1790968879381,106412,10.6,11,494.9,505.5,11,494.9,0,0.0,0.00,0
1790968881402,106412,10.6,11,494.8,505.4,11,494.8,0,0.0,0.00,0
1790968883400,106412,10.6,11,477.4,488.0,11,477.4,0,0.0,0.00,0
1790968885408,106412,10.6,11,466.3,476.9,11,466.3,0,0.0,0.00,0
1790968887421,106412,10.6,11,456.8,467.4,11,456.8,0,0.0,0.00,0
1790968889424,106412,10.6,11,456.5,467.1,11,456.5,0,0.0,0.00,0
1790968891453,106412,10.6,11,456.5,467.1,11,456.5,0,0.0,0.00,0
1790968893462,106412,10.6,11,455.3,465.9,11,455.3,0,0.0,0.00,0
1790968895462,106412,10.6,11,455.3,465.9,11,455.3,0,0.0,0.00,0
1790968897478,106412,10.6,11,456.2,466.8,11,456.2,0,0.0,0.00,0
1790968899484,106412,10.6,11,456.2,466.8,11,456.2,0,0.0,0.00,0
1790968901487,106412,10.6,11,456.2,466.8,11,456.2,0,0.0,0.00,0
1790968903509,106412,10.6,11,456.2,466.8,11,456.2,0,0.0,0.00,0
1790968905519,106412,10.6,11,456.2,466.8,11,456.2,0,0.0,0.00,0
1790968907536,106412,10.6,11,456.2,466.8,11,456.2,0,0.0,0.00,0
1790968909553,106412,10.6,11,456.2,466.8,11,456.2,0,0.0,0.00,0
1790968911559,106412,10.6,11,456.2,466.8,11,456.2,0,0.0,0.00,0
1790968913563,106412,10.6,11,456.2,466.8,11,456.2,0,0.0,0.00,0
1790968915577,106412,10.6,11,456.2,466.8,11,456.2,0,0.0,0.00,0
1790968917583,106412,10.6,11,461.7,472.3,11,461.7,0,0.0,0.00,0
1790968919584,106412,10.6,11,459.5,470.1,11,459.5,0,0.0,0.00,0
1790968921594,106412,10.6,11,463.8,474.4,11,463.8,0,0.0,0.00,0
1790968923601,106412,10.6,11,463.4,474.0,11,463.4,0,0.0,0.00,0
1790968925616,106412,10.6,11,459.1,469.7,11,459.1,0,0.0,0.00,0
1790968927617,106412,10.6,11,459.0,469.6,11,459.0,0,0.0,0.00,0
1790968929633,106412,10.6,11,459.0,469.6,11,459.0,0,0.0,0.00,0
1790968931634,106412,10.6,11,459.0,469.6,11,459.0,0,0.0,0.00,0
1790968933638,106412,10.6,11,459.0,469.6,11,459.0,0,0.0,0.00,0
1790968935639,106412,10.6,11,459.7,470.3,11,459.7,0,0.0,0.00,0
1790968937645,106412,10.6,11,459.7,470.3,11,459.7,0,0.0,0.00,0
1790968939670,106412,10.6,11,495.9,506.5,11,495.9,0,0.0,0.00,0
1790968941677,106412,10.6,11,495.4,506.0,11,495.4,0,0.0,0.00,0
1790968943690,106412,10.6,11,467.6,478.2,11,467.6,0,0.0,0.00,0
1790968945705,106412,10.6,11,467.6,478.2,11,467.6,0,0.0,0.00,0
1790968947721,106412,10.6,11,459.2,469.9,11,459.2,0,0.0,0.00,0
1790968949726,106412,10.6,11,459.2,469.8,11,459.2,0,0.0,0.00,0
1790968951736,106412,10.6,11,459.3,469.9,11,459.3,0,0.0,0.00,0
1790968953754,106412,10.6,11,459.2,469.8,11,459.2,0,0.0,0.00,0
1790968955756,106412,10.6,11,460.0,470.6,11,460.0,0,0.0,0.00,0
1790968957773,106412,10.6,11,460.0,470.6,11,460.0,0,0.0,0.00,0
1790968959775,106412,10.6,11,460.0,470.6,11,460.0,0,0.0,0.00,0
1790968961787,106412,10.6,11,460.0,470.6,11,460.0,0,0.0,0.00,0
1790968963786,106412,10.6,11,460.0,470.6,11,460.0,0,0.0,0.00,0
1790968965809,106412,10.6,11,459.9,470.5,11,459.9,0,0.0,0.00,0
1790968967822,106412,10.6,11,457.3,467.9,11,457.3,0,0.0,0.00,0
1790968969839,106412,10.6,11,456.9,467.5,11,456.9,0,0.0,0.00,0
1790968971847,106412,10.6,11,457.0,467.6,11,457.0,0,0.0,0.00,0
1790968973862,106412,10.6,11,457.0,467.6,11,457.0,0,0.0,0.00,0
1790968975855,106412,10.6,11,457.0,467.6,11,457.0,0,0.0,0.00,0
1790968977857,106412,10.6,11,457.7,468.3,11,457.7,0,0.0,0.00,0
1790968979869,106412,10.6,11,457.7,468.3,11,457.7,0,0.0,0.00,0
1790968981867,106412,10.6,11,457.8,468.4,11,457.8,0,0.0,0.00,0
1790968983894,106412,10.6,11,457.8,468.4,11,457.8,0,0.0,0.00,0
1790968985895,106412,10.6,11,457.8,468.4,11,457.8,0,0.0,0.00,0
1790968987904,106412,10.6,11,457.8,468.4,11,457.8,0,0.0,0.00,0
1790968989917,106412,10.6,11,457.2,467.8,11,457.2,0,0.0,0.00,0
1790968991926,106412,10.6,11,457.2,467.8,11,457.2,0,0.0,0.00,0
1790968993938,106412,10.6,11,457.2,467.8,11,457.2,0,0.0,0.00,0
1790968995940,106412,10.6,11,457.2,467.8,11,457.2,0,0.0,0.00,0
1790968997952,106412,10.6,11,457.1,467.7,11,457.1,0,0.0,0.00,0
1790968999961,106412,10.6,11,492.9,503.6,11,492.9,0,0.0,0.00,0
1790969001981,106412,10.6,11,492.9,503.5,11,492.9,0,0.0,0.00,0
1790969003993,106412,10.6,11,464.7,475.3,11,464.7,0,0.0,0.00,0
1790969005999,106412,10.6,11,464.7,475.3,11,464.7,0,0.0,0.00,0
1790969008011,106412,10.6,11,456.8,467.4,11,456.8,0,0.0,0.00,0
1790969010030,106412,10.6,11,456.8,467.4,11,456.8,0,0.0,0.00,0
1790969012038,106412,10.6,11,456.8,467.4,11,456.8,0,0.0,0.00,0
1790969014051,106412,10.6,11,456.8,467.4,11,456.8,0,0.0,0.00,0
1790969016065,106412,10.6,11,456.8,467.4,11,456.8,0,0.0,0.00,0
1790969018070,106412,10.6,11,456.8,467.4,11,456.8,0,0.0,0.00,0
1790969020084,106412,10.6,11,460.5,471.1,11,460.5,0,0.0,0.00,0
1790969022092,106412,10.6,11,460.1,470.7,11,460.1,0,0.0,0.00,0
1790969024107,106412,10.6,11,460.1,470.7,11,460.1,0,0.0,0.00,0
1790969026111,106412,10.6,11,460.1,470.7,11,460.1,0,0.0,0.00,0
1790969028119,106412,10.6,11,456.1,466.7,11,456.1,0,0.0,0.00,0
1790969030125,106412,10.6,11,455.1,465.7,11,455.1,0,0.0,0.00,0
1790969032157,106412,10.6,11,455.1,465.7,11,455.1,0,0.0,0.00,0
1790969034158,106412,10.6,11,455.1,465.7,11,455.1,0,0.0,0.00,0
1790969036164,106412,10.6,11,455.1,465.7,11,455.1,0,0.0,0.00,0
1790969038176,106412,10.6,11,455.8,466.4,11,455.8,0,0.0,0.00,0
1790969040188,106412,10.6,11,456.7,467.3,11,456.7,0,0.0,0.00,0
1790969042198,106412,10.6,11,456.8,467.4,11,456.8,0,0.0,0.00,0
1790969044212,106412,10.6,11,456.7,467.3,11,456.7,0,0.0,0.00,0
1790969046235,106412,10.6,11,456.7,467.3,11,456.7,0,0.0,0.00,0
1790969048241,106412,10.6,11,456.7,467.3,11,456.7,0,0.0,0.00,0
1790969050259,106412,10.6,11,456.7,467.3,11,456.7,0,0.0,0.00,0
1790969052270,106412,10.6,11,456.7,467.3,11,456.7,0,0.0,0.00,0
1790969054291,106412,10.6,11,456.9,467.5,11,456.9,0,0.0,0.00,0
1790969056299,106412,10.6,11,456.8,467.4,11,456.8,0,0.0,0.00,0
1790969058310,106412,10.6,11,456.6,467.2,11,456.6,0,0.0,0.00,0
1790969060309,106412,10.6,11,493.1,503.7,11,493.1,0,0.0,0.00,0
1790969062321,106412,10.6,11,492.9,503.5,11,492.9,0,0.0,0.00,0
1790969064323,106412,10.6,11,464.5,475.1,11,464.5,0,0.0,0.00,0
1790969066327,106412,10.6,11,464.4,475.0,11,464.4,0,0.0,0.00,0
1790969068332,106412,10.6,11,458.0,468.6,11,458.0,0,0.0,0.00,0
1790969070341,106412,10.6,11,456.8,467.4,11,456.8,0,0.0,0.00,0
1790969072349,106412,10.6,11,456.9,467.5,11,456.9,0,0.0,0.00,0
1790969074360,106412,10.6,11,456.6,467.2,11,456.6,0,0.0,0.00,0
1790969076371,106412,10.6,11,456.7,467.3,11,456.7,0,0.0,0.00,0
1790969078392,106412,10.6,11,456.6,467.2,11,456.6,0,0.0,0.00,0
1790969080395,106412,10.6,11,457.4,468.0,11,457.4,0,0.0,0.00,0
1790969082404,106412,10.6,11,457.3,467.9,11,457.3,0,0.0,0.00,0
1790969084412,106412,10.6,11,457.5,468.1,11,457.5,0,0.0,0.00,0
1790969086426,106412,10.6,11,457.4,468.0,11,457.4,0,0.0,0.00,0
1790969088442,106412,10.6,11,457.4,468.0,11,457.4,0,0.0,0.00,0
1790969090470,106412,10.6,11,457.3,467.9,11,457.3,0,0.0,0.00,0
1790969092478,106412,10.6,11,456.7,467.3,11,456.7,0,0.0,0.00,0
1790969094487,106412,10.6,11,456.5,467.1,11,456.5,0,0.0,0.00,0
1790969096498,106412,10.6,11,456.6,467.2,11,456.6,0,0.0,0.00,0
1790969098511,106412,10.6,11,456.6,467.2,11,456.6,0,0.0,0.00,0
1790969100520,106412,10.6,11,456.7,467.3,11,456.7,0,0.0,0.00,0
1790969102535,106412,10.6,11,456.6,467.2,11,456.6,0,0.0,0.00,0
1790969104543,106412,10.6,11,456.8,467.4,11,456.8,0,0.0,0.00,0
1790969106554,106412,10.6,11,456.7,467.3,11,456.7,0,0.0,0.00,0
1790969108552,106412,10.6,11,456.8,467.4,11,456.8,0,0.0,0.00,0
1790969110569,106412,10.6,11,456.7,467.3,11,456.7,0,0.0,0.00,0
1790969112587,106412,10.6,11,456.9,467.5,11,456.9,0,0.0,0.00,0
1790969114606,106412,10.6,11,456.8,467.4,11,456.8,0,0.0,0.00,0
1790969116616,106412,10.6,11,456.9,467.5,11,456.9,0,0.0,0.00,0
1790969118624,106412,10.6,11,456.5,467.1,11,456.5,0,0.0,0.00,0
1790969120639,106412,10.6,11,492.9,503.5,11,492.9,0,0.0,0.00,0
1790969122653,106412,10.6,11,492.8,503.4,11,492.8,0,0.0,0.00,0
1790969124671,106412,10.6,11,467.0,477.6,11,467.0,0,0.0,0.00,0
1790969126680,106412,10.6,11,466.8,477.4,11,466.8,0,0.0,0.00,0
1790969128694,106412,10.6,11,460.7,471.3,11,460.7,0,0.0,0.00,0
1790969130699,106412,10.6,11,455.6,466.2,11,455.6,0,0.0,0.00,0
1790969132708,106412,10.6,11,455.5,466.1,11,455.5,0,0.0,0.00,0
1790969134719,106412,10.6,11,455.2,465.8,11,455.2,0,0.0,0.00,0
1790969136726,106412,10.6,11,455.3,465.9,11,455.3,0,0.0,0.00,0
1790969138742,106412,10.6,11,455.2,465.8,11,455.2,0,0.0,0.00,0
1790969140754,106412,10.6,11,456.0,466.6,11,456.0,0,0.0,0.00,0
1790969142773,106412,10.6,11,456.9,467.5,11,456.9,0,0.0,0.00,0
1790969144787,106412,10.6,11,456.9,467.5,11,456.9,0,0.0,0.00,0
1790969146786,106412,10.6,11,456.9,467.5,11,456.9,0,0.0,0.00,0
1790969148793,106412,10.6,11,456.8,467.4,11,456.8,0,0.0,0.00,0
1790969150798,106412,10.6,11,456.8,467.4,11,456.8,0,0.0,0.00,0
1790969152810,106412,10.6,11,456.8,467.4,11,456.8,0,0.0,0.00,0
1790969154815,106412,10.6,11,456.8,467.4,11,456.8,0,0.0,0.00,0
1790969156830,106412,10.6,11,456.8,467.4,11,456.8,0,0.0,0.00,0
1790969158840,106412,10.6,11,456.6,467.2,11,456.6,0,0.0,0.00,0
1790969160838,106412,10.6,11,456.7,467.3,11,456.7,0,0.0,0.00,0
1790969162847,106412,10.6,11,456.6,467.2,11,456.6,0,0.0,0.00,0
1790969164855,106412,10.6,11,456.7,467.3,11,456.7,0,0.0,0.00,0
1790969166877,106412,10.6,11,456.7,467.3,11,456.7,0,0.0,0.00,0
1790969168882,106412,10.6,11,456.7,467.3,11,456.7,0,0.0,0.00,0
1790969170902,106412,10.6,11,456.7,467.3,11,456.7,0,0.0,0.00,0
1790969172907,106412,10.6,11,456.7,467.3,11,456.7,0,0.0,0.00,0
1790969174908,106412,10.6,11,456.7,467.3,11,456.7,0,0.0,0.00,0
1790969176924,106412,10.6,11,456.7,467.3,11,456.7,0,0.0,0.00,0
1790969178929,106412,10.6,11,479.6,490.2,11,479.6,0,0.0,0.00,0
1790969180941,106412,10.6,11,493.9,504.5,11,493.9,0,0.0,0.00,0
1790969182964,106412,10.6,11,493.6,504.2,11,493.6,0,0.0,0.00,0
1790969184978,106412,10.6,11,465.0,475.6,11,465.0,0,0.0,0.00,0
1790969186995,106412,10.6,11,458.6,469.2,11,458.6,0,0.0,0.00,0
1790969189005,106412,10.6,11,458.7,469.3,11,458.7,0,0.0,0.00,0
1790969191017,106412,10.6,11,457.4,468.0,11,457.4,0,0.0,0.00,0
1790969193033,106412,10.6,11,457.4,468.0,11,457.4,0,0.0,0.00,0
1790969195042,106412,10.6,11,456.5,467.1,11,456.5,0,0.0,0.00,0
1790969197061,106412,10.6,11,456.5,467.1,11,456.5,0,0.0,0.00,0
1790969199071,106412,10.6,11,456.5,467.1,11,456.5,0,0.0,0.00,0
1790969201070,106412,10.6,11,456.5,467.1,11,456.5,0,0.0,0.00,0
1790969203087,106412,10.6,11,456.5,467.1,11,456.5,0,0.0,0.00,0
1790969205102,106412,10.6,11,456.4,467.0,11,456.4,0,0.0,0.00,0
1790969207126,106412,10.6,11,456.6,467.2,11,456.6,0,0.0,0.00,0
1790969209121,106412,10.6,11,456.6,467.2,11,456.6,0,0.0,0.00,0
1790969211129,106412,10.6,11,456.6,467.2,11,456.6,0,0.0,0.00,0
1790969213146,106412,10.6,11,456.6,467.2,11,456.6,0,0.0,0.00,0
1790969215171,106412,10.6,11,456.6,467.2,11,456.6,0,0.0,0.00,0
1790969217174,106412,10.6,11,456.4,467.0,11,456.4,0,0.0,0.00,0
1790969219177,106412,10.6,11,456.4,467.0,11,456.4,0,0.0,0.00,0
1790969221187,106412,10.6,11,456.4,467.0,11,456.4,0,0.0,0.00,0
1790969223205,106412,10.6,11,456.4,467.0,11,456.4,0,0.0,0.00,0
1790969225201,106412,10.6,11,460.1,470.7,11,460.1,0,0.0,0.00,0
1790969227214,106412,10.6,11,459.8,470.4,11,459.8,0,0.0,0.00,0
1790969229221,106412,10.6,11,459.4,470.0,11,459.4,0,0.0,0.00,0
1790969231227,106412,10.6,11,459.4,470.0,11,459.4,0,0.0,0.00,0
1790969233244,106412,10.6,11,455.2,465.8,11,455.2,0,0.0,0.00,0
1790969235256,106412,10.6,11,455.2,465.8,11,455.2,0,0.0,0.00,0
1790969237268,106412,10.6,11,455.2,465.8,11,455.2,0,0.0,0.00,0
1790969239267,106412,10.6,11,491.0,501.6,11,491.0,0,0.0,0.00,0
1790969241283,106412,10.6,11,490.8,501.4,11,490.8,0,0.0,0.00,0
1790969243284,106412,10.6,11,490.5,501.1,11,490.5,0,0.0,0.00,0
1790969245287,106412,10.6,11,464.1,474.7,11,464.1,0,0.0,0.00,0
1790969247285,106412,10.6,11,459.2,469.8,11,459.2,0,0.0,0.00,0
1790969249300,106412,10.6,11,456.9,467.5,11,456.9,0,0.0,0.00,0
1790969251309,106412,10.6,11,456.8,467.4,11,456.8,0,0.0,0.00,0
1790969253321,106412,10.6,11,456.8,467.4,11,456.8,0,0.0,0.00,0
1790969255331,106412,10.6,11,456.9,467.5,11,456.9,0,0.0,0.00,0
1790969257332,106412,10.6,11,456.9,467.5,11,456.9,0,0.0,0.00,0
1790969259344,106412,10.6,11,456.8,467.4,11,456.8,0,0.0,0.00,0
1790969261354,106412,10.6,11,456.9,467.5,11,456.9,0,0.0,0.00,0
1790969263374,106412,10.6,11,456.6,467.2,11,456.6,0,0.0,0.00,0
1790969265378,106412,10.6,11,456.6,467.2,11,456.6,0,0.0,0.00,0
1790969267384,106412,10.6,11,456.6,467.2,11,456.6,0,0.0,0.00,0
1790969269394,106412,10.6,11,456.6,467.2,11,456.6,0,0.0,0.00,0
1790969271416,106412,10.6,11,456.5,467.1,11,456.5,0,0.0,0.00,0
1790969273416,106412,10.6,11,456.6,467.2,11,456.6,0,0.0,0.00,0
1790969275424,106412,10.6,11,456.6,467.2,11,456.6,0,0.0,0.00,0
1790969277424,106412,10.6,11,456.5,467.1,11,456.5,0,0.0,0.00,0
1790969279429,106412,10.6,11,456.4,467.0,11,456.4,0,0.0,0.00,0
1790969281444,106412,10.6,11,456.4,467.0,11,456.4,0,0.0,0.00,0
1790969283445,106412,10.6,11,456.4,467.0,11,456.4,0,0.0,0.00,0
1790969285452,106412,10.6,11,457.1,467.7,11,457.1,0,0.0,0.00,0
1790969287459,106412,10.6,11,457.1,467.7,11,457.1,0,0.0,0.00,0
1790969289466,106412,10.6,11,457.1,467.7,11,457.1,0,0.0,0.00,0
1790969291474,106412,10.6,11,457.1,467.7,11,457.1,0,0.0,0.00,0
1790969293485,106412,10.6,11,457.2,467.8,11,457.2,0,0.0,0.00,0
1790969295503,106412,10.6,11,457.2,467.8,11,457.2,0,0.0,0.00,0
1790969297507,106412,10.6,11,456.5,467.1,11,456.5,0,0.0,0.00,0
1790969299521,106412,10.6,11,493.0,503.6,11,493.0,0,0.0,0.00,0
1790969301527,106412,10.6,11,493.0,503.6,11,493.0,0,0.0,0.00,0
1790969303534,106412,10.6,11,492.7,503.3,11,492.7,0,0.0,0.00,0
1790969305538,106412,10.6,11,463.5,474.1,11,463.5,0,0.0,0.00,0
1790969307545,106412,10.6,11,458.9,469.5,11,458.9,0,0.0,0.00,0
1790969309545,106412,10.6,11,457.7,468.3,11,457.7,0,0.0,0.00,0
1790969311555,106412,10.6,11,456.5,467.1,11,456.5,0,0.0,0.00,0
1790969313561,106412,10.6,11,456.5,467.1,11,456.5,0,0.0,0.00,0
1790969315569,106412,10.6,11,456.5,467.1,11,456.5,0,0.0,0.00,0
1790969317589,106412,10.6,11,456.5,467.1,11,456.5,0,0.0,0.00,0
1790969319596,106412,10.6,11,456.5,467.1,11,456.5,0,0.0,0.00,0
1790969321604,106412,10.6,11,456.5,467.1,11,456.5,0,0.0,0.00,0
1790969323604,106412,10.6,11,456.5,467.1,11,456.5,0,0.0,0.00,0
1790969325608,106412,10.6,11,456.4,467.0,11,456.4,0,0.0,0.00,0
1790969327626,106412,10.6,11,461.9,472.5,11,461.9,0,0.0,0.00,0
1790969329625,106412,10.6,11,459.9,470.5,11,459.9,0,0.0,0.00,0
1790969331631,106412,10.6,11,459.2,469.8,11,459.2,0,0.0,0.00,0
1790969333647,106412,10.6,11,459.2,469.8,11,459.2,0,0.0,0.00,0
1790969335652,106412,10.6,11,456.4,467.0,11,456.4,0,0.0,0.00,0
1790969337668,106412,10.6,11,455.5,466.1,11,455.5,0,0.0,0.00,0
1790969339683,106412,10.6,11,455.5,466.1,11,455.5,0,0.0,0.00,0
1790969341705,106412,10.6,11,455.5,466.1,11,455.5,0,0.0,0.00,0
1790969343707,106412,10.6,11,455.5,466.1,11,455.5,0,0.0,0.00,0
1790969345715,106412,10.6,11,456.2,466.9,11,456.2,0,0.0,0.00,0
1790969347726,106412,10.6,11,457.0,467.6,11,457.0,0,0.0,0.00,0
1790969349740,106412,10.6,11,457.0,467.6,11,457.0,0,0.0,0.00,0
1790969351756,106412,10.6,11,457.0,467.6,11,457.0,0,0.0,0.00,0
1790969353758,106412,10.6,11,456.9,467.5,11,456.9,0,0.0,0.00,0
1790969355765,106412,10.6,11,456.8,467.4,11,456.8,0,0.0,0.00,0
1790969357782,106412,10.6,11,456.8,467.4,11,456.8,0,0.0,0.00,0
1790969359788,106412,10.6,11,493.0,503.6,11,493.0,0,0.0,0.00,0
1790969361804,106412,10.6,11,494.0,504.6,11,494.0,0,0.0,0.00,0
1790969363811,106412,10.6,11,484.4,495.0,11,484.4,0,0.0,0.00,0
1790969365818,106412,10.6,11,463.2,473.8,11,463.2,0,0.0,0.00,0
1790969367841,106412,10.6,11,459.3,469.9,11,459.3,0,0.0,0.00,0
1790969369861,106412,10.6,11,456.7,467.3,11,456.7,0,0.0,0.00,0
1790969371877,106412,10.6,11,456.5,467.1,11,456.5,0,0.0,0.00,0
1790969373874,106412,10.6,11,456.6,467.2,11,456.6,0,0.0,0.00,0
1790969375879,106412,10.6,11,456.5,467.1,11,456.5,0,0.0,0.00,0
1790969377885,106412,10.6,11,456.5,467.1,11,456.5,0,0.0,0.00,0
1790969379891,106412,10.6,11,456.5,467.1,11,456.5,0,0.0,0.00,0
1790969381891,106412,10.6,11,456.5,467.1,11,456.5,0,0.0,0.00,0
1790969383897,106412,10.6,11,456.5,467.1,11,456.5,0,0.0,0.00,0
1790969385918,106412,10.6,11,456.5,467.1,11,456.5,0,0.0,0.00,0
1790969387927,106412,10.6,11,457.2,467.8,11,457.2,0,0.0,0.00,0
1790969389929,106412,10.6,11,457.0,467.6,11,457.0,0,0.0,0.00,0
1790969391944,106412,10.6,11,457.0,467.6,11,457.0,0,0.0,0.00,0
1790969393961,106412,10.6,11,457.0,467.6,11,457.0,0,0.0,0.00,0
1790969395975,106412,10.6,11,457.0,467.6,11,457.0,0,0.0,0.00,0
1790969397985,106412,10.6,11,456.9,467.5,11,456.9,0,0.0,0.00,0
1790969399985,106412,10.6,11,456.2,466.8,11,456.2,0,0.0,0.00,0
1790969401987,106412,10.6,11,456.2,466.8,11,456.2,0,0.0,0.00,0
1790969404003,106412,10.6,11,456.3,466.9,11,456.3,0,0.0,0.00,0
1790969406015,106412,10.6,11,456.3,466.9,11,456.3,0,0.0,0.00,0
1790969408032,106412,10.6,11,456.3,466.9,11,456.3,0,0.0,0.00,0
1790969410036,106412,10.6,11,456.4,467.0,11,456.4,0,0.0,0.00,0
1790969412039,106412,10.6,11,456.4,467.0,11,456.4,0,0.0,0.00,0
1790969414064,106412,10.6,11,456.1,466.7,11,456.1,0,0.0,0.00,0
1790969416073,106412,10.6,11,456.1,466.7,11,456.1,0,0.0,0.00,0
1790969418080,106412,10.6,11,456.1,466.7,11,456.1,0,0.0,0.00,0
1790969420086,106412,10.6,11,494.2,504.8,11,494.2,0,0.0,0.00,0
1790969422104,106412,10.6,11,493.9,504.5,11,493.9,0,0.0,0.00,0
1790969424116,106412,10.6,11,463.8,474.4,11,463.8,0,0.0,0.00,0
1790969426133,106412,10.6,11,463.7,474.3,11,463.7,0,0.0,0.00,0
1790969428141,106412,10.6,11,457.3,467.9,11,457.3,0,0.0,0.00,0
1790969430161,106412,10.6,11,459.1,469.7,11,459.1,0,0.0,0.00,0
1790969432160,106412,10.6,11,459.0,469.6,11,459.0,0,0.0,0.00,0
1790969434166,106412,10.6,11,459.1,469.7,11,459.1,0,0.0,0.00,0
1790969436185,106412,10.6,11,459.2,469.8,11,459.2,0,0.0,0.00,0
1790969438187,106412,10.6,11,455.6,466.2,11,455.6,0,0.0,0.00,0
1790969440198,106412,10.6,11,454.7,465.3,11,454.7,0,0.0,0.00,0
1790969442211,106412,10.6,11,454.6,465.2,11,454.6,0,0.0,0.00,0
1790969444211,106412,10.6,11,454.7,465.3,11,454.7,0,0.0,0.00,0
1790969446221,106412,10.6,11,454.6,465.2,11,454.6,0,0.0,0.00,0
1790969448228,106412,10.6,11,455.5,466.1,11,455.5,0,0.0,0.00,0
1790969450245,106412,10.6,11,455.9,466.5,11,455.9,0,0.0,0.00,0
1790969452257,106412,10.6,11,456.1,466.8,11,456.1,0,0.0,0.00,0
1790969454272,106412,10.6,11,456.1,466.7,11,456.1,0,0.0,0.00,0
1790969456295,106412,10.6,11,456.2,466.8,11,456.2,0,0.0,0.00,0
1790969458303,106412,10.6,11,456.0,466.6,11,456.0,0,0.0,0.00,0
1790969460318,106412,10.6,11,456.0,466.6,11,456.0,0,0.0,0.00,0
1790969462320,106412,10.6,11,456.0,466.6,11,456.0,0,0.0,0.00,0
1790969464322,106412,10.6,11,456.1,466.7,11,456.1,0,0.0,0.00,0
1790969466329,106412,10.6,11,456.0,466.6,11,456.0,0,0.0,0.00,0
1790969468338,106412,10.6,11,456.0,466.6,11,456.0,0,0.0,0.00,0
1790969470354,106412,10.6,11,456.0,466.6,11,456.0,0,0.0,0.00,0
1790969472368,106412,10.6,11,456.1,466.7,11,456.1,0,0.0,0.00,0
1790969474392,106412,10.6,11,455.9,466.6,11,455.9,0,0.0,0.00,0
1790969476406,106412,10.6,11,456.0,466.6,11,456.0,0,0.0,0.00,0
1790969478416,106412,10.6,11,455.9,466.5,11,455.9,0,0.0,0.00,0
1790969480432,106412,10.6,11,494.2,504.8,11,494.2,0,0.0,0.00,0
1790969482448,106412,10.6,11,493.9,504.5,11,493.9,0,0.0,0.00,0
1790969484459,106412,10.6,11,465.7,476.3,11,465.7,0,0.0,0.00,0
1790969486471,106412,10.6,11,465.2,475.8,11,465.2,0,0.0,0.00,0
1790969488484,106412,10.6,11,457.6,468.2,11,457.6,0,0.0,0.00,0
1790969490483,106412,10.6,11,457.0,467.6,11,457.0,0,0.0,0.00,0
1790969492494,106412,10.6,11,456.9,467.5,11,456.9,0,0.0,0.00,0
1790969494505,106412,10.6,11,456.8,467.4,11,456.8,0,0.0,0.00,0
1790969496530,106412,10.6,11,456.9,467.5,11,456.9,0,0.0,0.00,0
1790969498550,106412,10.6,11,456.8,467.4,11,456.8,0,0.0,0.00,0
1790969500550,106412,10.6,11,456.9,467.5,11,456.9,0,0.0,0.00,0
1790969502552,106412,10.6,11,456.1,466.7,11,456.1,0,0.0,0.00,0
1790969504565,106412,10.6,11,456.3,466.9,11,456.3,0,0.0,0.00,0
1790969506567,106412,10.6,11,456.2,466.8,11,456.2,0,0.0,0.00,0
1790969508593,106412,10.6,11,455.9,466.5,11,455.9,0,0.0,0.00,0
1790969510599,106412,10.6,11,455.8,466.4,11,455.8,0,0.0,0.00,0
1790969512602,106412,10.6,11,455.9,466.5,11,455.9,0,0.0,0.00,0
1790969514611,106412,10.6,11,456.0,466.6,11,456.0,0,0.0,0.00,0
1790969516615,106412,10.6,11,456.1,466.7,11,456.1,0,0.0,0.00,0
1790969518633,106412,10.6,11,456.0,466.6,11,456.0,0,0.0,0.00,0
1790969520649,106412,10.6,11,456.1,466.7,11,456.1,0,0.0,0.00,0
1790969522670,106412,10.6,11,456.0,466.6,11,456.0,0,0.0,0.00,0
1790969524673,106412,10.6,11,456.1,466.7,11,456.1,0,0.0,0.00,0
1790969526679,106412,10.6,11,456.0,466.6,11,456.0,0,0.0,0.00,0
1790969528696,106412,10.6,11,456.1,466.7,11,456.1,0,0.0,0.00,0
1790969530704,106412,10.6,11,456.0,466.6,11,456.0,0,0.0,0.00,0
1790969532718,106412,10.6,11,461.7,472.3,11,461.7,0,0.0,0.00,0
1790969534722,106412,10.6,11,459.3,469.9,11,459.3,0,0.0,0.00,0
1790969536733,106412,10.6,11,459.4,470.1,11,459.4,0,0.0,0.00,0
1790969538739,106412,10.6,11,458.8,469.4,11,458.8,0,0.0,0.00,0
1790969540757,106412,10.6,11,491.8,502.4,11,491.8,0,0.0,0.00,0
1790969542766,106412,10.6,11,491.5,502.1,11,491.5,0,0.0,0.00,0
1790969544772,106412,10.6,11,462.4,473.0,11,462.4,0,0.0,0.00,0
1790969546783,106412,10.6,11,461.8,472.4,11,461.8,0,0.0,0.00,0
1790969548783,106412,10.6,11,455.9,466.5,11,455.9,0,0.0,0.00,0
1790969550798,106412,10.6,11,455.9,466.5,11,455.9,0,0.0,0.00,0
1790969552802,106412,10.6,11,456.2,466.8,11,456.2,0,0.0,0.00,0
1790969554824,106412,10.6,11,456.2,466.8,11,456.2,0,0.0,0.00,0
1790969556837,106412,10.6,11,456.2,466.8,11,456.2,0,0.0,0.00,0
1790969558855,106412,10.6,11,456.2,466.8,11,456.2,0,0.0,0.00,0
1790969560874,106412,10.6,11,456.2,466.8,11,456.2,0,0.0,0.00,0
1790969562879,106412,10.6,11,456.2,466.8,11,456.2,0,0.0,0.00,0
1790969564904,106412,10.6,11,456.2,466.8,11,456.2,0,0.0,0.00,0
1790969566904,106412,10.6,11,456.2,466.8,11,456.2,0,0.0,0.00,0
1790969568911,106412,10.6,11,456.2,466.8,11,456.2,0,0.0,0.00,0
1790969570922,106412,10.6,11,456.2,466.8,11,456.2,0,0.0,0.00,0
1790969572926,106412,10.6,11,456.2,466.8,11,456.2,0,0.0,0.00,0
1790969574945,106412,10.6,11,456.2,466.8,11,456.2,0,0.0,0.00,0
1790969576957,106412,10.6,11,456.2,466.8,11,456.2,0,0.0,0.00,0
1790969578963,106412,10.6,11,456.2,466.8,11,456.2,0,0.0,0.00,0
1790969580966,106412,10.6,11,456.3,466.9,11,456.3,0,0.0,0.00,0
1790969582987,106412,10.6,11,456.3,466.9,11,456.3,0,0.0,0.00,0
1790969584988,106412,10.6,11,456.3,466.9,11,456.3,0,0.0,0.00,0
1790969586992,106412,10.6,11,456.3,466.9,11,456.3,0,0.0,0.00,0
1790969588997,106412,10.6,11,456.3,466.9,11,456.3,0,0.0,0.00,0
1790969591018,106412,10.6,11,456.3,466.9,11,456.3,0,0.0,0.00,0
1790969593025,106412,10.6,11,457.0,467.6,11,457.0,0,0.0,0.00,0
1790969595044,106412,10.6,11,457.0,467.6,11,457.0,0,0.0,0.00,0
1790969597052,106412,10.6,11,457.0,467.6,11,457.0,0,0.0,0.00,0
1790969599073,106412,10.6,11,492.6,503.2,11,492.6,0,0.0,0.00,0
1790969601090,106412,10.6,11,492.5,503.1,11,492.5,0,0.0,0.00,0
1790969603103,106412,10.6,11,492.4,503.0,11,492.4,0,0.0,0.00,0
1790969605115,106412,10.6,11,463.6,474.2,11,463.6,0,0.0,0.00,0
1790969607108,106412,10.6,11,457.0,467.6,11,457.0,0,0.0,0.00,0
1790969609110,106412,10.6,11,455.8,466.4,11,455.8,0,0.0,0.00,0
1790969611114,106412,10.6,11,455.8,466.4,11,455.8,0,0.0,0.00,0
1790969613111,106412,10.6,11,456.6,467.2,11,456.6,0,0.0,0.00,0
1790969615117,106412,10.6,11,456.5,467.1,11,456.5,0,0.0,0.00,0
1790969617120,106412,10.6,11,456.6,467.2,11,456.6,0,0.0,0.00,0
1790969619134,106412,10.6,11,456.6,467.2,11,456.6,0,0.0,0.00,0
1790969621130,106412,10.6,11,456.6,467.2,11,456.6,0,0.0,0.00,0
1790969623139,106412,10.6,11,456.6,467.2,11,456.6,0,0.0,0.00,0
1790969625148,106412,10.6,11,456.6,467.2,11,456.6,0,0.0,0.00,0
1790969627165,106412,10.6,11,456.6,467.2,11,456.6,0,0.0,0.00,0
1790969629174,106412,10.6,11,456.6,467.2,11,456.6,0,0.0,0.00,0
1790969631177,106412,10.6,11,456.6,467.2,11,456.6,0,0.0,0.00,0
1790969633183,106412,10.6,11,456.6,467.2,11,456.6,0,0.0,0.00,0
1790969635191,106412,10.6,11,461.8,472.4,11,461.8,0,0.0,0.00,0
1790969637193,106412,10.6,11,459.9,470.6,11,459.9,0,0.0,0.00,0
1790969639189,106412,10.6,11,459.5,470.1,11,459.5,0,0.0,0.00,0
1790969641194,106412,10.6,11,459.4,470.0,11,459.4,0,0.0,0.00,0
1790969643214,106412,10.6,11,455.2,465.8,11,455.2,0,0.0,0.00,0
1790969645227,106412,10.6,11,455.2,465.8,11,455.2,0,0.0,0.00,0
1790969647225,106412,10.6,11,455.2,465.8,11,455.2,0,0.0,0.00,0
1790969649230,106412,10.6,11,455.2,465.9,11,455.2,0,0.0,0.00,0
1790969651249,106412,10.6,11,455.3,465.9,11,455.3,0,0.0,0.00,0
1790969653265,106412,10.6,11,456.0,466.6,11,456.0,0,0.0,0.00,0
1790969655279,106412,10.6,11,456.7,467.3,11,456.7,0,0.0,0.00,0
1790969657288,106412,10.6,11,456.7,467.3,11,456.7,0,0.0,0.00,0
1790969659310,106412,10.6,11,492.3,502.9,11,492.3,0,0.0,0.00,0
1790969661318,106412,10.6,11,492.3,502.9,11,492.3,0,0.0,0.00,0
1790969663338,106412,10.6,11,492.0,502.6,11,492.0,0,0.0,0.00,0
1790969665344,106412,10.6,11,463.3,473.9,11,463.3,0,0.0,0.00,0
1790969667355,106412,10.6,11,457.0,467.6,11,457.0,0,0.0,0.00,0
1790969669377,106412,10.6,11,457.1,467.7,11,457.1,0,0.0,0.00,0
1790969671384,106412,10.6,11,457.1,467.7,11,457.1,0,0.0,0.00,0
1790969673405,106412,10.6,11,456.6,467.2,11,456.6,0,0.0,0.00,0
1790969675414,106412,10.6,11,456.5,467.1,11,456.5,0,0.0,0.00,0
1790969677429,106412,10.6,11,456.6,467.2,11,456.6,0,0.0,0.00,0
1790969679433,106412,10.6,11,456.6,467.2,11,456.6,0,0.0,0.00,0
1790969681442,106412,10.6,11,456.6,467.2,11,456.6,0,0.0,0.00,0
1790969683459,106412,10.6,11,456.6,467.2,11,456.6,0,0.0,0.00,0
1790969685462,106412,10.6,11,456.6,467.2,11,456.6,0,0.0,0.00,0
1790969687486,106412,10.6,11,456.7,467.3,11,456.7,0,0.0,0.00,0
1790969689490,106412,10.6,11,456.7,467.3,11,456.7,0,0.0,0.00,0
1790969691495,106412,10.6,11,456.6,467.2,11,456.6,0,0.0,0.00,0
1790969693510,106412,10.6,11,456.6,467.2,11,456.6,0,0.0,0.00,0
1790969695519,106412,10.6,11,457.3,467.9,11,457.3,0,0.0,0.00,0
1790969697527,106412,10.6,11,457.3,467.9,11,457.3,0,0.0,0.00,0
1790969699541,106412,10.6,11,457.4,468.0,11,457.4,0,0.0,0.00,0
1790969701556,106412,10.6,11,457.4,468.0,11,457.4,0,0.0,0.00,0
1790969703550,106412,10.6,11,457.3,467.9,11,457.3,0,0.0,0.00,0
1790969705575,106412,10.6,11,456.6,467.2,11,456.6,0,0.0,0.00,0
1790969707573,106412,10.6,11,460.9,471.5,11,460.9,0,0.0,0.00,0
1790969709590,106412,10.6,11,460.9,471.5,11,460.9,0,0.0,0.00,0
1790969711598,106412,10.6,11,460.8,471.4,11,460.8,0,0.0,0.00,0
1790969713610,106412,10.6,11,458.2,468.8,11,458.2,0,0.0,0.00,0
1790969715615,106412,10.6,11,458.1,468.7,11,458.1,0,0.0,0.00,0
1790969717620,106412,10.6,11,458.1,468.7,11,458.1,0,0.0,0.00,0
1790969719638,106412,10.6,11,494.0,504.6,11,494.0,0,0.0,0.00,0
1790969721639,106412,10.6,11,494.1,504.7,11,494.1,0,0.0,0.00,0
1790969723657,106412,10.6,11,465.5,476.1,11,465.5,0,0.0,0.00,0
1790969725655,106412,10.6,11,465.5,476.1,11,465.5,0,0.0,0.00,0
1790969727673,106412,10.6,11,458.8,469.4,11,458.8,0,0.0,0.00,0
1790969729678,106412,10.6,11,457.6,468.2,11,457.6,0,0.0,0.00,0
1790969731687,106412,10.6,11,457.6,468.2,11,457.6,0,0.0,0.00,0
1790969733702,106412,10.6,11,457.7,468.3,11,457.7,0,0.0,0.00,0
1790969735712,106412,10.6,11,457.7,468.3,11,457.7,0,0.0,0.00,0
1790969737730,106412,10.6,11,463.2,473.8,11,463.2,0,0.0,0.00,0
1790969739743,106412,10.6,11,460.9,471.5,11,460.9,0,0.0,0.00,0
1790969741754,106412,10.6,11,460.5,471.1,11,460.5,0,0.0,0.00,0
1790969743757,106412,10.6,11,456.3,466.9,11,456.3,0,0.0,0.00,0
1790969745773,106412,10.6,11,456.3,466.9,11,456.3,0,0.0,0.00,0
1790969747785,106412,10.6,11,456.3,466.9,11,456.3,0,0.0,0.00,0
1790969749804,106412,10.6,11,456.1,466.7,11,456.1,0,0.0,0.00,0
1790969751807,106412,10.6,11,456.1,466.7,11,456.1,0,0.0,0.00,0
1790969753809,106412,10.6,11,456.2,466.8,11,456.2,0,0.0,0.00,0
1790969755824,106412,10.6,11,456.8,467.4,11,456.8,0,0.0,0.00,0
1790969757846,106412,10.6,11,457.7,468.3,11,457.7,0,0.0,0.00,0
1790969759849,106412,10.6,11,457.6,468.2,11,457.6,0,0.0,0.00,0
1790969761851,106412,10.6,11,457.4,468.0,11,457.4,0,0.0,0.00,0
1790969763851,106412,10.6,11,457.4,468.0,11,457.4,0,0.0,0.00,0
1790969765873,106412,10.6,11,457.4,468.0,11,457.4,0,0.0,0.00,0
1790969767880,106412,10.6,11,457.4,468.0,11,457.4,0,0.0,0.00,0
1790969769888,106412,10.6,11,457.4,468.0,11,457.4,0,0.0,0.00,0
1790969771899,106412,10.6,11,457.4,468.0,11,457.4,0,0.0,0.00,0
1790969773910,106412,10.6,11,457.4,468.0,11,457.4,0,0.0,0.00,0
1790969775924,106412,10.6,11,457.4,468.0,11,457.4,0,0.0,0.00,0
1790969777929,106412,10.6,11,457.4,468.1,11,457.4,0,0.0,0.00,0
1790969779939,106412,10.6,11,493.3,503.9,11,493.3,0,0.0,0.00,0
1790969781951,106412,10.6,11,493.5,504.1,11,493.5,0,0.0,0.00,0
1790969783970,106412,10.6,11,464.4,475.0,11,464.4,0,0.0,0.00,0
1790969785980,106412,10.6,11,464.4,475.0,11,464.4,0,0.0,0.00,0
1790969787985,106412,10.6,11,456.9,467.5,11,456.9,0,0.0,0.00,0
1790969789989,106412,10.6,11,456.9,467.5,11,456.9,0,0.0,0.00,0
1790969792005,106412,10.6,11,456.9,467.5,11,456.9,0,0.0,0.00,0
1790969794031,106412,10.6,11,456.9,467.5,11,456.9,0,0.0,0.00,0
1790969796036,106412,10.6,11,456.9,467.5,11,456.9,0,0.0,0.00,0
1790969798050,106412,10.6,11,457.6,468.2,11,457.6,0,0.0,0.00,0
1790969800055,106412,10.6,11,457.8,468.4,11,457.8,0,0.0,0.00,0
1790969802064,106412,10.6,11,457.8,468.4,11,457.8,0,0.0,0.00,0
1790969804066,106412,10.6,11,457.8,468.4,11,457.8,0,0.0,0.00,0
1790969806070,106412,10.6,11,457.8,468.4,11,457.8,0,0.0,0.00,0
1790969808086,106412,10.6,11,456.4,467.0,11,456.4,0,0.0,0.00,0
1790969810104,106412,10.6,11,456.4,467.0,11,456.4,0,0.0,0.00,0
1790969812120,106412,10.6,11,456.4,467.0,11,456.4,0,0.0,0.00,0
1790969814117,106412,10.6,11,456.4,467.0,11,456.4,0,0.0,0.00,0
1790969816127,106412,10.6,11,456.4,467.0,11,456.4,0,0.0,0.00,0
1790969818140,106412,10.6,11,457.1,467.7,11,457.1,0,0.0,0.00,0
1790969820150,106412,10.6,11,457.1,467.7,11,457.1,0,0.0,0.00,0
1790969822167,106412,10.6,11,457.0,467.6,11,457.0,0,0.0,0.00,0
1790969824181,106412,10.6,11,457.1,467.7,11,457.1,0,0.0,0.00,0
1790969826200,106412,10.6,11,457.1,467.7,11,457.1,0,0.0,0.00,0
1790969828216,106412,10.6,11,457.1,467.7,11,457.1,0,0.0,0.00,0
1790969830233,106412,10.6,11,457.1,467.7,11,457.1,0,0.0,0.00,0
1790969832243,106412,10.6,11,457.1,467.7,11,457.1,0,0.0,0.00,0
1790969834259,106412,10.6,11,457.1,467.7,11,457.1,0,0.0,0.00,0
1790969836268,106412,10.6,11,457.1,467.7,11,457.1,0,0.0,0.00,0
1790969838274,106412,10.6,11,460.7,471.3,11,460.7,0,0.0,0.00,0
1790969840294,106412,10.6,11,498.1,508.7,11,498.1,0,0.0,0.00,0
1790969842299,106412,10.6,11,499.3,509.9,11,499.3,0,0.0,0.00,0
1790969844313,106412,10.6,11,468.3,478.9,11,468.3,0,0.0,0.00,0
1790969846326,106412,10.6,11,463.9,474.5,11,463.9,0,0.0,0.00,0
1790969848337,106412,10.6,11,457.1,467.7,11,457.1,0,0.0,0.00,0
1790969850338,106412,10.6,11,455.9,466.5,11,455.9,0,0.0,0.00,0
1790969852351,106412,10.6,11,455.7,466.3,11,455.7,0,0.0,0.00,0
1790969854378,106412,10.6,11,455.7,466.3,11,455.7,0,0.0,0.00,0
1790969856389,106412,10.6,11,456.4,467.0,11,456.4,0,0.0,0.00,0
1790969858400,106412,10.6,11,456.4,467.0,11,456.4,0,0.0,0.00,0
1790969860410,106412,10.6,11,457.1,467.7,11,457.1,0,0.0,0.00,0
1790969862415,106412,10.6,11,457.1,467.7,11,457.1,0,0.0,0.00,0
1790969864412,106412,10.6,11,456.9,467.5,11,456.9,0,0.0,0.00,0
1790969866417,106412,10.6,11,456.9,467.5,11,456.9,0,0.0,0.00,0
1790969868432,106412,10.6,11,456.9,467.5,11,456.9,0,0.0,0.00,0
1790969870445,106412,10.6,11,456.9,467.5,11,456.9,0,0.0,0.00,0
1790969872456,106412,10.6,11,456.9,467.5,11,456.9,0,0.0,0.00,0
1790969874455,106412,10.6,11,456.9,467.5,11,456.9,0,0.0,0.00,0
1790969876463,106412,10.6,11,456.9,467.5,11,456.9,0,0.0,0.00,0
1790969878467,106412,10.6,11,456.9,467.5,11,456.9,0,0.0,0.00,0
1790969880476,106412,10.6,11,456.9,467.5,11,456.9,0,0.0,0.00,0
1790969882480,106412,10.6,11,456.9,467.5,11,456.9,0,0.0,0.00,0
1790969884493,106412,10.6,11,456.7,467.3,11,456.7,0,0.0,0.00,0
1790969886504,106412,10.6,11,456.7,467.3,11,456.7,0,0.0,0.00,0
1790969888509,106412,10.6,11,456.7,467.3,11,456.7,0,0.0,0.00,0
1790969890530,106412,10.6,11,456.6,467.2,11,456.6,0,0.0,0.00,0
1790969892536,106412,10.6,11,456.7,467.3,11,456.7,0,0.0,0.00,0
1790969894548,106412,10.6,11,456.7,467.3,11,456.7,0,0.0,0.00,0
1790969896557,106412,10.6,11,456.7,467.3,11,456.7,0,0.0,0.00,0
1790969898564,106412,10.6,11,456.4,467.0,11,456.4,0,0.0,0.00,0
1790969900564,106412,10.6,11,494.2,504.9,11,494.2,0,0.0,0.00,0
1790969902581,106412,10.6,11,494.1,504.7,11,494.1,0,0.0,0.00,0
1790969904585,106412,10.6,11,464.8,475.4,11,464.8,0,0.0,0.00,0
1790969906595,106412,10.6,11,464.7,475.3,11,464.7,0,0.0,0.00,0
1790969908608,106412,10.6,11,457.4,468.0,11,457.4,0,0.0,0.00,0
1790969910624,106412,10.6,11,457.3,467.9,11,457.3,0,0.0,0.00,0
1790969912631,106412,10.6,11,456.7,467.3,11,456.7,0,0.0,0.00,0
1790969914638,106412,10.6,11,456.6,467.2,11,456.6,0,0.0,0.00,0
1790969916643,106412,10.6,11,456.7,467.3,11,456.7,0,0.0,0.00,0
1790969918653,106412,10.6,11,456.6,467.2,11,456.6,0,0.0,0.00,0
1790969920662,106412,10.6,11,456.7,467.3,11,456.7,0,0.0,0.00,0
1790969922669,106412,10.6,11,456.6,467.2,11,456.6,0,0.0,0.00,0
1790969924675,106412,10.6,11,456.8,467.4,11,456.8,0,0.0,0.00,0
1790969926681,106412,10.6,11,456.6,467.2,11,456.6,0,0.0,0.00,0
1790969928698,106412,10.6,11,456.5,467.1,11,456.5,0,0.0,0.00,0
1790969930700,106412,10.6,11,456.4,467.0,11,456.4,0,0.0,0.00,0
1790969932708,106412,10.6,11,456.6,467.2,11,456.6,0,0.0,0.00,0
1790969934718,106412,10.6,11,456.5,467.1,11,456.5,0,0.0,0.00,0
1790969936727,106412,10.6,11,456.6,467.2,11,456.6,0,0.0,0.00,0
1790969938728,106412,10.6,11,456.5,467.1,11,456.5,0,0.0,0.00,0
1790969940738,106412,10.6,11,462.4,473.0,11,462.4,0,0.0,0.00,0
1790969942737,106412,10.6,11,462.0,472.6,11,462.0,0,0.0,0.00,0
1790969944736,106412,10.6,11,460.0,470.6,11,460.0,0,0.0,0.00,0
1790969946739,106412,10.6,11,459.5,470.1,11,459.5,0,0.0,0.00,0
1790969948771,106412,10.6,11,456.7,467.3,11,456.7,0,0.0,0.00,0
1790969950779,106412,10.6,11,456.7,467.3,11,456.7,0,0.0,0.00,0
1790969952787,106412,10.6,11,455.2,465.8,11,455.2,0,0.0,0.00,0
1790969954796,106412,10.6,11,455.2,465.8,11,455.2,0,0.0,0.00,0
1790969956798,106412,10.6,11,455.2,465.8,11,455.2,0,0.0,0.00,0
1790969958813,106412,10.6,11,455.9,466.5,11,455.9,0,0.0,0.00,0
1790969960829,106412,10.6,11,491.6,502.2,11,491.6,0,0.0,0.00,0
1790969962826,106412,10.6,11,491.4,502.0,11,491.4,0,0.0,0.00,0
1790969964837,106412,10.6,11,465.0,475.6,11,465.0,0,0.0,0.00,0
1790969966853,106412,10.6,11,458.2,468.8,11,458.2,0,0.0,0.00,0
1790969968873,106412,10.6,11,458.1,468.7,11,458.1,0,0.0,0.00,0
1790969970882,106412,10.6,11,456.0,466.6,11,456.0,0,0.0,0.00,0
1790969972903,106412,10.6,11,456.0,466.6,11,456.0,0,0.0,0.00,0
1790969974904,106412,10.6,11,456.0,466.6,11,456.0,0,0.0,0.00,0
1790969976916,106412,10.6,11,456.0,466.6,11,456.0,0,0.0,0.00,0
1790969978923,106412,10.6,11,456.0,466.6,11,456.0,0,0.0,0.00,0
1790969980943,106412,10.6,11,456.7,467.3,11,456.7,0,0.0,0.00,0
1790969982967,106412,10.6,11,456.6,467.2,11,456.6,0,0.0,0.00,0
1790969984984,106412,10.6,11,456.7,467.3,11,456.7,0,0.0,0.00,0
1790969986985,106412,10.6,11,456.7,467.3,11,456.7,0,0.0,0.00,0
1790969989000,106412,10.6,11,456.4,467.0,11,456.4,0,0.0,0.00,0
1790969990999,106412,10.6,11,456.4,467.0,11,456.4,0,0.0,0.00,0
1790969993018,106412,10.6,11,456.4,467.0,11,456.4,0,0.0,0.00,0
1790969995017,106412,10.6,11,456.4,467.0,11,456.4,0,0.0,0.00,0
1790969997030,106412,10.6,11,456.4,467.0,11,456.4,0,0.0,0.00,0
1790969999036,106412,10.6,11,456.4,467.0,11,456.4,0,0.0,0.00,0
1790970001044,106412,10.6,11,456.5,467.1,11,456.5,0,0.0,0.00,0
1790970003053,106412,10.6,11,457.2,467.8,11,457.2,0,0.0,0.00,0
1790970005065,106412,10.6,11,457.4,468.0,11,457.4,0,0.0,0.00,0
1790970007070,106412,10.6,11,457.4,468.0,11,457.4,0,0.0,0.00,0
1790970009087,106412,10.6,11,457.4,468.0,11,457.4,0,0.0,0.00,0
1790970011100,106412,10.6,11,457.4,468.0,11,457.4,0,0.0,0.00,0
1790970013110,106412,10.6,11,457.4,468.0,11,457.4,0,0.0,0.00,0
1790970015119,106412,10.6,11,456.7,467.3,11,456.7,0,0.0,0.00,0
1790970017126,106412,10.6,11,456.6,467.2,11,456.6,0,0.0,0.00,0
1790970019145,106412,10.6,11,493.1,503.7,11,493.1,0,0.0,0.00,0
1790970021150,106412,10.6,11,493.0,503.6,11,493.0,0,0.0,0.00,0
1790970023157,106412,10.6,11,475.9,486.5,11,475.9,0,0.0,0.00,0
1790970025164,106412,10.6,11,466.2,476.8,11,466.2,0,0.0,0.00,0
1790970027184,106412,10.6,11,458.1,468.7,11,458.1,0,0.0,0.00,0
1790970029197,106412,10.6,11,456.9,467.5,11,456.9,0,0.0,0.00,0
1790970031211,106412,10.6,11,456.9,467.5,11,456.9,0,0.0,0.00,0
1790970033228,106412,10.6,11,456.7,467.3,11,456.7,0,0.0,0.00,0
1790970035228,106412,10.6,11,456.7,467.3,11,456.7,0,0.0,0.00,0
1790970037248,106412,10.6,11,456.7,467.3,11,456.7,0,0.0,0.00,0
1790970039258,106412,10.6,11,456.7,467.3,11,456.7,0,0.0,0.00,0
1790970041275,106412,10.6,11,456.7,467.3,11,456.7,0,0.0,0.00,0
1790970043277,106412,10.6,11,462.3,472.9,11,462.3,0,0.0,0.00,0
1790970045293,106412,10.6,11,462.3,472.9,11,462.3,0,0.0,0.00,0
1790970047290,106412,10.6,11,459.7,470.3,11,459.7,0,0.0,0.00,0
1790970049306,106412,10.6,11,459.5,470.1,11,459.5,0,0.0,0.00,0
1790970051311,106412,10.6,11,455.5,466.1,11,455.5,0,0.0,0.00,0
1790970053321,106412,10.6,11,455.5,466.1,11,455.5,0,0.0,0.00,0
1790970055319,106412,10.6,11,455.2,465.8,11,455.2,0,0.0,0.00,0
1790970057321,106412,10.6,11,455.2,465.8,11,455.2,0,0.0,0.00,0
1790970059349,106412,10.6,11,455.2,465.8,11,455.2,0,0.0,0.00,0
1790970061346,106412,10.6,11,455.9,466.5,11,455.9,0,0.0,0.00,0
1790970063353,106412,10.6,11,455.9,466.5,11,455.9,0,0.0,0.00,0
1790970065368,106412,10.6,11,456.7,467.3,11,456.7,0,0.0,0.00,0
1790970067378,106412,10.6,11,456.7,467.3,11,456.7,0,0.0,0.00,0
1790970069381,106412,10.6,11,456.7,467.3,11,456.7,0,0.0,0.00,0
1790970071395,106412,10.6,11,456.8,467.4,11,456.8,0,0.0,0.00,0
1790970073406,106412,10.6,11,456.8,467.4,11,456.8,0,0.0,0.00,0
1790970075413,106412,10.6,11,456.8,467.4,11,456.8,0,0.0,0.00,0
1790970077423,106412,10.6,11,456.8,467.4,11,456.8,0,0.0,0.00,0
1790970079427,106412,10.6,11,494.9,505.5,11,494.9,0,0.0,0.00,0
1790970081424,106412,10.6,11,494.8,505.4,11,494.8,0,0.0,0.00,0
1790970083429,106412,10.6,11,466.0,476.6,11,466.0,0,0.0,0.00,0
1790970085454,106412,10.6,11,464.1,474.7,11,464.1,0,0.0,0.00,0
1790970087456,106412,10.6,11,457.9,468.5,11,457.9,0,0.0,0.00,0
1790970089477,106412,10.6,11,457.9,468.5,11,457.9,0,0.0,0.00,0
1790970091500,106412,10.6,11,456.7,467.3,11,456.7,0,0.0,0.00,0
1790970093510,106412,10.6,11,456.7,467.3,11,456.7,0,0.0,0.00,0
1790970095521,106412,10.6,11,456.7,467.3,11,456.7,0,0.0,0.00,0
1790970097524,106412,10.6,11,456.7,467.3,11,456.7,0,0.0,0.00,0
1790970099536,106412,10.6,11,456.7,467.3,11,456.7,0,0.0,0.00,0
1790970101546,106412,10.6,11,456.7,467.3,11,456.7,0,0.0,0.00,0
1790970103559,106412,10.6,11,457.4,468.0,11,457.4,0,0.0,0.00,0
1790970105558,106412,10.6,11,457.4,468.0,11,457.4,0,0.0,0.00,0
1790970107574,106412,10.6,11,457.4,468.0,11,457.4,0,0.0,0.00,0
1790970109591,106412,10.6,11,457.3,467.9,11,457.3,0,0.0,0.00,0
1790970111596,106412,10.6,11,457.3,467.9,11,457.3,0,0.0,0.00,0
1790970113596,106412,10.6,11,457.3,467.9,11,457.3,0,0.0,0.00,0
1790970115613,106412,10.6,11,456.6,467.2,11,456.6,0,0.0,0.00,0
1790970117614,106412,10.6,11,456.6,467.2,11,456.6,0,0.0,0.00,0
1790970119615,106412,10.6,11,456.6,467.2,11,456.6,0,0.0,0.00,0
1790970121638,106412,10.6,11,456.6,467.2,11,456.6,0,0.0,0.00,0
1790970123655,106412,10.6,11,456.6,467.2,11,456.6,0,0.0,0.00,0
1790970125660,106412,10.6,11,456.5,467.1,11,456.5,0,0.0,0.00,0
1790970127673,106412,10.6,11,456.6,467.2,11,456.6,0,0.0,0.00,0
1790970129678,106412,10.6,11,456.6,467.2,11,456.6,0,0.0,0.00,0
1790970131696,106412,10.6,11,456.7,467.3,11,456.7,0,0.0,0.00,0
1790970133713,106412,10.6,11,456.7,467.3,11,456.7,0,0.0,0.00,0
1790970135726,106412,10.6,11,456.7,467.3,11,456.7,0,0.0,0.00,0
1790970137729,106412,10.6,11,456.7,467.3,11,456.7,0,0.0,0.00,0
1790970139745,106412,10.6,11,494.4,505.0,11,494.4,0,0.0,0.00,0
1790970141761,106412,10.6,11,494.5,505.1,11,494.5,0,0.0,0.00,0
1790970143778,106412,10.6,11,464.7,475.3,11,464.7,0,0.0,0.00,0
1790970145794,106412,10.6,11,465.0,475.6,11,465.0,0,0.0,0.00,0
1790970147801,106412,10.6,11,464.2,474.8,11,464.2,0,0.0,0.00,0
1790970149812,106412,10.6,11,459.8,470.4,11,459.8,0,0.0,0.00,0
1790970151826,106412,10.6,11,460.7,471.3,11,460.7,0,0.0,0.00,0
1790970153835,106412,10.6,11,456.8,467.4,11,456.8,0,0.0,0.00,0
1790970155839,106412,10.6,11,456.7,467.3,11,456.7,0,0.0,0.00,0
1790970157852,106412,10.6,11,455.4,466.0,11,455.4,0,0.0,0.00,0
1790970159861,106412,10.6,11,455.4,466.0,11,455.4,0,0.0,0.00,0
1790970161865,106412,10.6,11,455.4,466.0,11,455.4,0,0.0,0.00,0
1790970163874,106412,10.6,11,456.1,466.7,11,456.1,0,0.0,0.00,0
1790970165879,106412,10.6,11,456.1,466.7,11,456.1,0,0.0,0.00,0
1790970167897,106412,10.6,11,456.8,467.4,11,456.8,0,0.0,0.00,0
1790970169893,106412,10.6,11,456.6,467.2,11,456.6,0,0.0,0.00,0
1790970171906,106412,10.6,11,456.7,467.3,11,456.7,0,0.0,0.00,0
1790970173920,106412,10.6,11,456.7,467.3,11,456.7,0,0.0,0.00,0
1790970175922,106412,10.6,11,456.7,467.3,11,456.7,0,0.0,0.00,0
1790970177933,106412,10.6,11,456.7,467.3,11,456.7,0,0.0,0.00,0
1790970179947,106412,10.6,11,456.7,467.3,11,456.7,0,0.0,0.00,0
1790970181967,106412,10.6,11,456.7,467.3,11,456.7,0,0.0,0.00,0
1790970183972,106412,10.6,11,456.6,467.2,11,456.6,0,0.0,0.00,0
1790970185988,106412,10.6,11,456.6,467.2,11,456.6,0,0.0,0.00,0
1790970187997,106412,10.6,11,456.6,467.2,11,456.6,0,0.0,0.00,0
1790970190006,106412,10.6,11,456.6,467.2,11,456.6,0,0.0,0.00,0
1790970192025,106412,10.6,11,456.6,467.2,11,456.6,0,0.0,0.00,0
1790970194037,106412,10.6,11,456.6,467.2,11,456.6,0,0.0,0.00,0
1790970196047,106412,10.6,11,456.6,467.2,11,456.6,0,0.0,0.00,0
1790970198057,106412,10.6,11,456.6,467.2,11,456.6,0,0.0,0.00,0
1790970200058,106412,10.6,11,493.7,504.3,11,493.7,0,0.0,0.00,0
1790970202054,106412,10.6,11,493.9,504.5,11,493.9,0,0.0,0.00,0
1790970204069,106412,10.6,11,464.3,474.9,11,464.3,0,0.0,0.00,0
1790970206083,106412,10.6,11,464.3,474.9,11,464.3,0,0.0,0.00,0
1790970208096,106412,10.6,11,460.0,470.6,11,460.0,0,0.0,0.00,0
1790970210106,106412,10.6,11,458.8,469.4,11,458.8,0,0.0,0.00,0
1790970212115,106412,10.6,11,457.6,468.2,11,457.6,0,0.0,0.00,0
1790970214116,106412,10.6,11,457.6,468.2,11,457.6,0,0.0,0.00,0
1790970216137,106412,10.6,11,457.6,468.2,11,457.6,0,0.0,0.00,0
1790970218151,106412,10.6,11,456.9,467.5,11,456.9,0,0.0,0.00,0
1790970220171,106412,10.6,11,456.9,467.5,11,456.9,0,0.0,0.00,0
1790970222175,106412,10.6,11,456.9,467.5,11,456.9,0,0.0,0.00,0
1790970224190,106412,10.6,11,456.9,467.5,11,456.9,0,0.0,0.00,0
1790970226205,106412,10.6,11,456.9,467.5,11,456.9,0,0.0,0.00,0
1790970228205,106412,10.6,11,456.9,467.5,11,456.9,0,0.0,0.00,0
1790970230210,106412,10.6,11,456.7,467.3,11,456.7,0,0.0,0.00,0
1790970232214,106412,10.6,11,456.9,467.5,11,456.9,0,0.0,0.00,0
1790970234215,106412,10.6,11,456.9,467.5,11,456.9,0,0.0,0.00,0
1790970236224,106412,10.6,11,456.9,467.5,11,456.9,0,0.0,0.00,0
1790970238227,106412,10.6,11,456.9,467.5,11,456.9,0,0.0,0.00,0
1790970240234,106412,10.6,11,456.9,467.5,11,456.9,0,0.0,0.00,0
1790970242243,106412,10.6,11,456.9,467.5,11,456.9,0,0.0,0.00,0
1790970244252,106412,10.6,11,456.9,467.5,11,456.9,0,0.0,0.00,0
1790970246258,106412,10.6,11,456.9,467.5,11,456.9,0,0.0,0.00,0
1790970248283,106412,10.6,11,462.5,473.1,11,462.5,0,0.0,0.00,0
1790970250295,106412,10.6,11,462.1,472.7,11,462.1,0,0.0,0.00,0
1790970252310,106412,10.6,11,459.8,470.4,11,459.8,0,0.0,0.00,0
1790970254321,106412,10.6,11,459.8,470.4,11,459.8,0,0.0,0.00,0
1790970256335,106412,10.6,11,456.5,467.1,11,456.5,0,0.0,0.00,0
1790970258342,106412,10.6,11,455.2,465.8,11,455.2,0,0.0,0.00,0
1790970260340,106412,10.6,11,491.1,501.7,11,491.1,0,0.0,0.00,0
1790970262359,106412,10.6,11,491.2,501.8,11,491.2,0,0.0,0.00,0
1790970264370,106412,10.6,11,462.9,473.5,11,462.9,0,0.0,0.00,0
1790970266392,106412,10.6,11,462.9,473.5,11,462.9,0,0.0,0.00,0
1790970268400,106412,10.6,11,456.3,466.9,11,456.3,0,0.0,0.00,0
1790970270405,106412,10.6,11,456.5,467.1,11,456.5,0,0.0,0.00,0
1790970272422,106412,10.6,11,456.5,467.1,11,456.5,0,0.0,0.00,0
1790970274430,106412,10.6,11,456.5,467.1,11,456.5,0,0.0,0.00,0
1790970276436,106412,10.6,11,456.5,467.1,11,456.5,0,0.0,0.00,0
1790970278449,106412,10.6,11,456.5,467.1,11,456.5,0,0.0,0.00,0
1790970280456,106412,10.6,11,456.5,467.1,11,456.5,0,0.0,0.00,0
1790970282468,106412,10.6,11,456.5,467.1,11,456.5,0,0.0,0.00,0
1790970284486,106412,10.6,11,456.5,467.1,11,456.5,0,0.0,0.00,0
1790970286498,106412,10.6,11,456.5,467.1,11,456.5,0,0.0,0.00,0
1790970288511,106412,10.6,11,456.2,466.8,11,456.2,0,0.0,0.00,0
1790970290536,106412,10.6,11,456.3,466.9,11,456.3,0,0.0,0.00,0
1790970292542,106412,10.6,11,456.4,467.0,11,456.4,0,0.0,0.00,0
1790970294549,106412,10.6,11,456.4,467.0,11,456.4,0,0.0,0.00,0
1790970296564,106412,10.6,11,456.4,467.0,11,456.4,0,0.0,0.00,0
1790970298570,106412,10.6,11,456.4,467.0,11,456.4,0,0.0,0.00,0
1790970300597,106412,10.6,11,456.4,467.0,11,456.4,0,0.0,0.00,0
1790970302607,106412,10.6,11,456.4,467.0,11,456.4,0,0.0,0.00,0
1790970304622,106412,10.6,11,456.4,467.0,11,456.4,0,0.0,0.00,0
1790970306625,106412,10.6,11,456.4,467.0,11,456.4,0,0.0,0.00,0
1790970308648,106412,10.6,11,457.1,467.7,11,457.1,0,0.0,0.00,0
1790970310646,106412,10.6,11,457.4,468.0,11,457.4,0,0.0,0.00,0
1790970312660,106412,10.6,11,457.4,468.0,11,457.4,0,0.0,0.00,0
1790970314658,106412,10.6,11,457.4,468.0,11,457.4,0,0.0,0.00,0
1790970316665,106412,10.6,11,457.4,468.0,11,457.4,0,0.0,0.00,0
1790970318668,106412,10.6,11,457.4,468.0,11,457.4,0,0.0,0.00,0
1790970320680,106412,10.6,11,493.6,504.2,11,493.6,0,0.0,0.00,0
1790970322700,106412,10.6,11,493.6,504.2,11,493.6,0,0.0,0.00,0
1790970324712,106412,10.6,11,463.4,474.0,11,463.4,0,0.0,0.00,0
1790970326725,106412,10.6,11,463.0,473.6,11,463.0,0,0.0,0.00,0
1790970328731,106412,10.6,11,457.3,467.9,11,457.3,0,0.0,0.00,0
1790970330737,106412,10.6,11,457.2,467.9,11,457.2,0,0.0,0.00,0
1790970332736,106412,10.6,11,456.8,467.4,11,456.8,0,0.0,0.00,0
1790970334751,106412,10.6,11,456.8,467.4,11,456.8,0,0.0,0.00,0
1790970336757,106412,10.6,11,456.8,467.4,11,456.8,0,0.0,0.00,0
1790970338768,106412,10.6,11,456.8,467.4,11,456.8,0,0.0,0.00,0
1790970340782,106412,10.6,11,456.8,467.4,11,456.8,0,0.0,0.00,0
1790970342791,106412,10.6,11,456.8,467.4,11,456.8,0,0.0,0.00,0
1790970344804,106412,10.6,11,456.8,467.4,11,456.8,0,0.0,0.00,0
1790970346805,106412,10.6,11,456.8,467.4,11,456.8,0,0.0,0.00,0
1790970348818,106412,10.6,11,456.5,467.1,11,456.5,0,0.0,0.00,0
1790970350819,106412,10.6,11,462.2,472.8,11,462.2,0,0.0,0.00,0
1790970352826,106412,10.6,11,461.9,472.5,11,461.9,0,0.0,0.00,0
1790970354838,106412,10.6,11,460.0,470.6,11,460.0,0,0.0,0.00,0
1790970356831,106412,10.6,11,459.6,470.2,11,459.6,0,0.0,0.00,0
1790970358834,106412,10.6,11,455.3,465.9,11,455.3,0,0.0,0.00,0
1790970360845,106412,10.6,11,455.4,466.0,11,455.4,0,0.0,0.00,0
1790970362850,106412,10.6,11,455.4,466.0,11,455.4,0,0.0,0.00,0
1790970364867,106412,10.6,11,455.3,465.9,11,455.3,0,0.0,0.00,0
1790970366874,106412,10.6,11,455.3,465.9,11,455.3,0,0.0,0.00,0
1790970368877,106412,10.6,11,456.0,466.6,11,456.0,0,0.0,0.00,0
1790970370877,106412,10.6,11,456.1,466.7,11,456.1,0,0.0,0.00,0
1790970372893,106412,10.6,11,456.8,467.4,11,456.8,0,0.0,0.00,0
1790970374898,106412,10.6,11,456.8,467.4,11,456.8,0,0.0,0.00,0
1790970376918,106412,10.6,11,456.8,467.4,11,456.8,0,0.0,0.00,0
1790970378935,106412,10.6,11,480.0,490.6,11,480.0,0,0.0,0.00,0
1790970380948,106412,10.6,11,494.1,504.7,11,494.1,0,0.0,0.00,0
1790970382952,106412,10.6,11,494.2,504.8,11,494.2,0,0.0,0.00,0
1790970384961,106412,10.6,11,463.6,474.2,11,463.6,0,0.0,0.00,0
1790970386989,106412,10.6,11,457.3,467.9,11,457.3,0,0.0,0.00,0
1790970388986,106412,10.6,11,457.4,468.0,11,457.4,0,0.0,0.00,0
1790970391000,106412,10.6,11,456.8,467.4,11,456.8,0,0.0,0.00,0
1790970393014,106412,10.6,11,456.9,467.5,11,456.9,0,0.0,0.00,0
1790970395033,106412,10.6,11,456.8,467.4,11,456.8,0,0.0,0.00,0
1790970397041,106412,10.6,11,456.9,467.5,11,456.9,0,0.0,0.00,0
1790970399044,106412,10.6,11,456.8,467.4,11,456.8,0,0.0,0.00,0
1790970401057,106412,10.6,11,456.9,467.5,11,456.9,0,0.0,0.00,0
1790970403068,106412,10.6,11,456.8,467.4,11,456.8,0,0.0,0.00,0
1790970405076,106412,10.6,11,456.9,467.5,11,456.9,0,0.0,0.00,0
1790970407076,106412,10.6,11,456.8,467.4,11,456.8,0,0.0,0.00,0
1790970409096,106412,10.6,11,456.6,467.2,11,456.6,0,0.0,0.00,0
1790970411095,106412,10.6,11,457.2,467.8,11,457.2,0,0.0,0.00,0
1790970413099,106412,10.6,11,457.3,467.9,11,457.3,0,0.0,0.00,0
1790970415105,106412,10.6,11,463.7,474.3,11,463.7,0,0.0,0.00,0
1790970417121,106412,10.6,11,458.5,469.1,11,458.5,0,0.0,0.00,0
1790970419137,106412,10.6,11,458.4,469.0,11,458.4,0,0.0,0.00,0
1790970421151,106412,10.6,11,458.5,469.1,11,458.5,0,0.0,0.00,0
1790970423174,106412,10.6,11,457.7,468.3,11,457.7,0,0.0,0.00,0
1790970425176,106412,10.6,11,457.8,468.4,11,457.8,0,0.0,0.00,0
1790970427178,106412,10.6,11,457.6,468.2,11,457.6,0,0.0,0.00,0
1790970429199,106412,10.6,11,457.8,468.4,11,457.8,0,0.0,0.00,0
1790970431209,106412,10.6,11,457.7,468.3,11,457.7,0,0.0,0.00,0
1790970433223,106412,10.6,11,457.8,468.4,11,457.8,0,0.0,0.00,0
1790970435220,106412,10.6,11,457.7,468.3,11,457.7,0,0.0,0.00,0
1790970437230,106412,10.6,11,457.8,468.4,11,457.8,0,0.0,0.00,0
1790970439255,106412,10.6,11,494.5,505.1,11,494.5,0,0.0,0.00,0
1790970441259,106412,10.6,11,494.4,505.0,11,494.4,0,0.0,0.00,0
1790970443261,106412,10.6,11,494.0,504.6,11,494.0,0,0.0,0.00,0
1790970445263,106412,10.6,11,465.6,476.2,11,465.6,0,0.0,0.00,0
1790970447270,106412,10.6,11,459.2,469.8,11,459.2,0,0.0,0.00,0
1790970449279,106412,10.6,11,459.2,469.9,11,459.2,0,0.0,0.00,0
1790970451289,106412,10.6,11,459.0,469.6,11,459.0,0,0.0,0.00,0
1790970453292,106412,10.6,11,463.0,473.6,11,463.0,0,0.0,0.00,0
1790970455311,106412,10.6,11,463.6,474.2,11,463.6,0,0.0,0.00,0
1790970457323,106412,10.6,11,460.7,471.3,11,460.7,0,0.0,0.00,0
1790970459330,106412,10.6,11,460.6,471.2,11,460.6,0,0.0,0.00,0
1790970461349,106412,10.6,11,456.5,467.1,11,456.5,0,0.0,0.00,0
1790970463368,106412,10.6,11,456.4,467.0,11,456.4,0,0.0,0.00,0
1790970465381,106412,10.6,11,456.5,467.1,11,456.5,0,0.0,0.00,0
1790970467388,106412,10.6,11,456.4,467.0,11,456.4,0,0.0,0.00,0
1790970469402,106412,10.6,11,456.2,466.8,11,456.2,0,0.0,0.00,0
1790970471411,106412,10.6,11,456.9,467.5,11,456.9,0,0.0,0.00,0
1790970473419,106412,10.6,11,457.0,467.6,11,457.0,0,0.0,0.00,0
1790970475431,106412,10.6,11,457.7,468.3,11,457.7,0,0.0,0.00,0
1790970477431,106412,10.6,11,457.9,468.5,11,457.9,0,0.0,0.00,0
1790970479437,106412,10.6,11,457.8,468.4,11,457.8,0,0.0,0.00,0
1790970481445,106412,10.6,11,457.9,468.5,11,457.9,0,0.0,0.00,0
1790970483459,106412,10.6,11,457.8,468.4,11,457.8,0,0.0,0.00,0
1790970485462,106412,10.6,11,457.9,468.5,11,457.9,0,0.0,0.00,0
1790970487477,106412,10.6,11,457.8,468.4,11,457.8,0,0.0,0.00,0
1790970489490,106412,10.6,11,457.8,468.4,11,457.8,0,0.0,0.00,0
1790970491506,106412,10.6,11,457.7,468.3,11,457.7,0,0.0,0.00,0
1790970493522,106412,10.6,11,457.8,468.4,11,457.8,0,0.0,0.00,0
1790970495536,106412,10.6,11,457.7,468.3,11,457.7,0,0.0,0.00,0
1790970497552,106412,10.6,11,457.8,468.4,11,457.8,0,0.0,0.00,0
1790970499558,106412,10.6,11,493.0,503.6,11,493.0,0,0.0,0.00,0
1790970501564,106412,10.6,11,493.1,503.7,11,493.1,0,0.0,0.00,0
1790970503569,106412,10.6,11,482.0,492.6,11,482.0,0,0.0,0.00,0
1790970505585,106412,10.6,11,465.9,476.5,11,465.9,0,0.0,0.00,0
1790970507597,106412,10.6,11,459.4,470.0,11,459.4,0,0.0,0.00,0
1790970509613,106412,10.6,11,458.3,468.9,11,458.3,0,0.0,0.00,0
1790970511622,106412,10.6,11,458.2,468.8,11,458.2,0,0.0,0.00,0
1790970513641,106412,10.6,11,458.8,469.4,11,458.8,0,0.0,0.00,0
1790970515651,106412,10.6,11,458.7,469.3,11,458.7,0,0.0,0.00,0
1790970517659,106412,10.6,11,458.8,469.4,11,458.8,0,0.0,0.00,0
1790970519673,106412,10.6,11,458.7,469.3,11,458.7,0,0.0,0.00,0
1790970521686,106412,10.6,11,458.8,469.4,11,458.8,0,0.0,0.00,0
1790970523692,106412,10.6,11,458.7,469.3,11,458.7,0,0.0,0.00,0
1790970525702,106412,10.6,11,458.1,468.7,11,458.1,0,0.0,0.00,0
1790970527712,106412,10.6,11,458.0,468.6,11,458.0,0,0.0,0.00,0
1790970529718,106412,10.6,11,457.9,468.5,11,457.9,0,0.0,0.00,0
1790970531736,106412,10.6,11,457.9,468.5,11,457.9,0,0.0,0.00,0
1790970533742,106412,10.6,11,457.9,468.5,11,457.9,0,0.0,0.00,0
1790970535752,106412,10.6,11,457.8,468.4,11,457.8,0,0.0,0.00,0
1790970537756,106412,10.6,11,458.0,468.6,11,458.0,0,0.0,0.00,0
1790970539760,106412,10.6,11,458.0,468.6,11,458.0,0,0.0,0.00,0
1790970541775,106412,10.6,11,458.0,468.6,11,458.0,0,0.0,0.00,0
1790970543784,106412,10.6,11,458.0,468.6,11,458.0,0,0.0,0.00,0
1790970545783,106412,10.6,11,458.0,468.6,11,458.0,0,0.0,0.00,0
1790970547780,106412,10.6,11,458.0,468.6,11,458.0,0,0.0,0.00,0
1790970549793,106412,10.6,11,458.0,468.6,11,458.0,0,0.0,0.00,0
1790970551803,106412,10.6,11,458.0,468.6,11,458.0,0,0.0,0.00,0
1790970553819,106412,10.6,11,458.0,468.6,11,458.0,0,0.0,0.00,0
1790970555832,106412,10.6,11,461.4,472.0,11,461.4,0,0.0,0.00,0
1790970557836,106412,10.6,11,461.4,472.0,11,461.4,0,0.0,0.00,0
1790970559854,106412,10.6,11,497.2,507.8,11,497.2,0,0.0,0.00,0
1790970561855,106412,10.6,11,497.1,507.8,11,497.1,0,0.0,0.00,0
1790970563874,106412,10.6,11,487.3,497.9,11,487.3,0,0.0,0.00,0
1790970565887,106412,10.6,11,466.5,477.1,11,466.5,0,0.0,0.00,0
1790970567911,106412,10.6,11,456.9,467.5,11,456.9,0,0.0,0.00,0
1790970569921,106412,10.6,11,456.9,467.5,11,456.9,0,0.0,0.00,0
1790970571939,106412,10.6,11,456.8,467.4,11,456.8,0,0.0,0.00,0
1790970573938,106412,10.6,11,457.5,468.1,11,457.5,0,0.0,0.00,0
1790970575956,106412,10.6,11,457.5,468.1,11,457.5,0,0.0,0.00,0
1790970577965,106412,10.6,11,458.2,468.8,11,458.2,0,0.0,0.00,0
1790970579978,106412,10.6,11,458.2,468.8,11,458.2,0,0.0,0.00,0
1790970581992,106412,10.6,11,458.2,468.8,11,458.2,0,0.0,0.00,0
1790970583991,106412,10.6,11,458.2,468.8,11,458.2,0,0.0,0.00,0
1790970586004,106412,10.6,11,458.2,468.8,11,458.2,0,0.0,0.00,0
1790970588019,106412,10.6,11,458.2,468.8,11,458.2,0,0.0,0.00,0
1790970590021,106412,10.6,11,457.9,468.5,11,457.9,0,0.0,0.00,0
1790970592044,106412,10.6,11,457.9,468.5,11,457.9,0,0.0,0.00,0
1790970594053,106412,10.6,11,457.9,468.5,11,457.9,0,0.0,0.00,0
1790970596058,106412,10.6,11,457.9,468.5,11,457.9,0,0.0,0.00,0
1790970598068,106412,10.6,11,458.1,468.7,11,458.1,0,0.0,0.00,0
1790970600080,106412,10.6,11,458.1,468.7,11,458.1,0,0.0,0.00,0
1790970602089,106412,10.6,11,458.2,468.8,11,458.2,0,0.0,0.00,0
1790970604103,106412,10.6,11,458.2,468.8,11,458.2,0,0.0,0.00,0
1790970606105,106412,10.6,11,458.2,468.8,11,458.2,0,0.0,0.00,0
1790970608124,106412,10.6,11,458.2,468.8,11,458.2,0,0.0,0.00,0
1790970610132,106412,10.6,11,457.8,468.4,11,457.8,0,0.0,0.00,0
1790970612147,106412,10.6,11,457.8,468.4,11,457.8,0,0.0,0.00,0
1790970614162,106412,10.6,11,457.8,468.4,11,457.8,0,0.0,0.00,0
1790970616167,106412,10.6,11,458.5,469.1,11,458.5,0,0.0,0.00,0
1790970618178,106412,10.6,11,458.5,469.1,11,458.5,0,0.0,0.00,0
1790970620188,106412,10.6,11,494.2,504.8,11,494.2,0,0.0,0.00,0
1790970622195,106412,10.6,11,494.3,504.9,11,494.3,0,0.0,0.00,0
1790970624214,106412,10.6,11,466.9,477.5,11,466.9,0,0.0,0.00,0
1790970626221,106412,10.6,11,466.9,477.5,11,466.9,0,0.0,0.00,0
1790970628240,106412,10.6,11,457.1,467.7,11,457.1,0,0.0,0.00,0
1790970630252,106412,10.6,11,457.1,467.7,11,457.1,0,0.0,0.00,0
1790970632261,106412,10.6,11,457.1,467.7,11,457.1,0,0.0,0.00,0
1790970634275,106412,10.6,11,457.2,467.8,11,457.2,0,0.0,0.00,0
1790970636275,106412,10.6,11,457.2,467.8,11,457.2,0,0.0,0.00,0
1790970638291,106412,10.6,11,457.9,468.5,11,457.9,0,0.0,0.00,0
1790970640310,106412,10.6,11,457.9,468.5,11,457.9,0,0.0,0.00,0
1790970642329,106412,10.6,11,457.9,468.5,11,457.9,0,0.0,0.00,0
1790970644331,106412,10.6,11,457.9,468.5,11,457.9,0,0.0,0.00,0
1790970646337,106412,10.6,11,457.9,468.5,11,457.9,0,0.0,0.00,0
1790970648342,106412,10.6,11,457.9,468.5,11,457.9,0,0.0,0.00,0
1790970650356,106412,10.6,11,457.6,468.2,11,457.6,0,0.0,0.00,0
1790970652360,106412,10.6,11,457.7,468.3,11,457.7,0,0.0,0.00,0
1790970654378,106412,10.6,11,457.7,468.3,11,457.7,0,0.0,0.00,0
1790970656382,106412,10.6,11,457.7,468.3,11,457.7,0,0.0,0.00,0
1790970658380,106412,10.6,11,463.2,473.8,11,463.2,0,0.0,0.00,0
1790970660385,106412,10.6,11,462.9,473.5,11,462.9,0,0.0,0.00,0
1790970662394,106412,10.6,11,461.0,471.6,11,461.0,0,0.0,0.00,0
1790970664395,106412,10.6,11,460.6,471.2,11,460.6,0,0.0,0.00,0
1790970666416,106412,10.6,11,457.0,467.6,11,457.0,0,0.0,0.00,0
1790970668418,106412,10.6,11,456.7,467.3,11,456.7,0,0.0,0.00,0
1790970670435,106412,10.6,11,456.4,467.0,11,456.4,0,0.0,0.00,0
1790970672451,106412,10.6,11,456.4,467.0,11,456.4,0,0.0,0.00,0
1790970674471,106412,10.6,11,456.4,467.0,11,456.4,0,0.0,0.00,0
1790970676479,106412,10.6,11,457.1,467.7,11,457.1,0,0.0,0.00,0
1790970678481,106412,10.6,11,457.1,467.7,11,457.1,0,0.0,0.00,0
1790970680491,106412,10.6,11,494.1,504.7,11,494.1,0,0.0,0.00,0
1790970682500,106412,10.6,11,494.2,504.8,11,494.2,0,0.0,0.00,0
1790970684516,106412,10.6,11,465.8,476.4,11,465.8,0,0.0,0.00,0
1790970686522,106412,10.6,11,465.0,475.6,11,465.0,0,0.0,0.00,0
1790970688529,106412,10.6,11,457.2,467.8,11,457.2,0,0.0,0.00,0
1790970690543,106412,10.6,11,457.2,467.8,11,457.2,0,0.0,0.00,0
1790970692548,106412,10.6,11,457.2,467.8,11,457.2,0,0.0,0.00,0
1790970694559,106412,10.6,11,457.2,467.8,11,457.2,0,0.0,0.00,0
1790970696572,106412,10.6,11,457.2,467.8,11,457.2,0,0.0,0.00,0
1790970698587,106412,10.6,11,457.9,468.5,11,457.9,0,0.0,0.00,0
1790970700601,106412,10.6,11,457.8,468.4,11,457.8,0,0.0,0.00,0
1790970702602,106412,10.6,11,457.8,468.4,11,457.8,0,0.0,0.00,0
1790970704607,106412,10.6,11,457.8,468.4,11,457.8,0,0.0,0.00,0
1790970706631,106412,10.6,11,457.8,468.4,11,457.8,0,0.0,0.00,0
1790970708634,106412,10.6,11,457.6,468.2,11,457.6,0,0.0,0.00,0
1790970710640,106412,10.6,11,457.5,468.1,11,457.5,0,0.0,0.00,0
1790970712660,106412,10.6,11,457.6,468.2,11,457.6,0,0.0,0.00,0
1790970714674,106412,10.6,11,457.6,468.2,11,457.6,0,0.0,0.00,0
1790970716689,106412,10.6,11,457.6,468.2,11,457.6,0,0.0,0.00,0
1790970718696,106412,10.6,11,458.3,468.9,11,458.3,0,0.0,0.00,0
1790970720703,106412,10.6,11,458.3,468.9,11,458.3,0,0.0,0.00,0
1790970722710,106412,10.6,11,458.5,469.1,11,458.5,0,0.0,0.00,0
1790970724705,106412,10.6,11,458.5,469.1,11,458.5,0,0.0,0.00,0
1790970726711,106412,10.6,11,458.5,469.1,11,458.5,0,0.0,0.00,0
1790970728720,106412,10.6,11,458.5,469.1,11,458.5,0,0.0,0.00,0
1790970730733,106412,10.6,11,457.9,468.5,11,457.9,0,0.0,0.00,0
1790970732740,106412,10.6,11,457.8,468.4,11,457.8,0,0.0,0.00,0
1790970734758,106412,10.6,11,457.8,468.4,11,457.8,0,0.0,0.00,0
1790970736757,106412,10.6,11,457.8,468.4,11,457.8,0,0.0,0.00,0
1790970738765,106412,10.6,11,457.6,468.2,11,457.6,0,0.0,0.00,0
1790970740772,106412,10.6,11,494.0,504.6,11,494.0,0,0.0,0.00,0
1790970742784,106412,10.6,11,494.3,504.9,11,494.3,0,0.0,0.00,0
1790970744790,106412,10.6,11,465.7,476.3,11,465.7,0,0.0,0.00,0
1790970746793,106412,10.6,11,464.9,475.5,11,464.9,0,0.0,0.00,0
1790970748815,106412,10.6,11,459.0,469.6,11,459.0,0,0.0,0.00,0
1790970750820,106412,10.6,11,457.9,468.5,11,457.9,0,0.0,0.00,0
1790970752826,106412,10.6,11,457.8,468.4,11,457.8,0,0.0,0.00,0
1790970754830,106412,10.6,11,457.8,468.4,11,457.8,0,0.0,0.00,0
1790970756840,106412,10.6,11,457.8,468.4,11,457.8,0,0.0,0.00,0
1790970758851,106412,10.6,11,457.8,468.4,11,457.8,0,0.0,0.00,0
1790970760848,106412,10.6,11,463.3,473.9,11,463.3,0,0.0,0.00,0
1790970762860,106412,10.6,11,463.3,473.9,11,463.3,0,0.0,0.00,0
1790970764857,106412,10.6,11,460.6,471.2,11,460.6,0,0.0,0.00,0
1790970766879,106412,10.6,11,460.8,471.4,11,460.8,0,0.0,0.00,0
1790970768875,106412,10.6,11,456.4,467.0,11,456.4,0,0.0,0.00,0
1790970770887,106412,10.6,11,456.4,467.0,11,456.4,0,0.0,0.00,0
1790970772902,106412,10.6,11,456.4,467.0,11,456.4,0,0.0,0.00,0
1790970774915,106412,10.6,11,456.4,467.0,11,456.4,0,0.0,0.00,0
1790970776918,106412,10.6,11,456.4,467.0,11,456.4,0,0.0,0.00,0
1790970778948,106412,10.6,11,457.1,467.7,11,457.1,0,0.0,0.00,0
1790970780956,106412,10.6,11,457.1,467.7,11,457.1,0,0.0,0.00,0
1790970782953,106412,10.6,11,457.8,468.4,11,457.8,0,0.0,0.00,0
1790970784955,106412,10.6,11,457.8,468.4,11,457.8,0,0.0,0.00,0
1790970786975,106412,10.6,11,457.8,468.4,11,457.8,0,0.0,0.00,0
1790970788983,106412,10.6,11,457.8,468.4,11,457.8,0,0.0,0.00,0
1790970790991,106412,10.6,11,457.8,468.4,11,457.8,0,0.0,0.00,0
1790970793003,106412,10.6,11,457.9,468.5,11,457.9,0,0.0,0.00,0
1790970795004,106412,10.6,11,457.8,468.4,11,457.8,0,0.0,0.00,0
1790970797014,106412,10.6,11,457.8,468.4,11,457.8,0,0.0,0.00,0
1790970799025,106412,10.6,11,480.4,491.0,11,480.4,0,0.0,0.00,0
1790970801032,106412,10.6,11,494.2,504.8,11,494.2,0,0.0,0.00,0
1790970803038,106412,10.6,11,494.3,504.9,11,494.3,0,0.0,0.00,0
1790970805050,106412,10.6,11,465.4,476.0,11,465.4,0,0.0,0.00,0
1790970807052,106412,10.6,11,459.0,469.6,11,459.0,0,0.0,0.00,0
1790970809060,106412,10.6,11,457.8,468.4,11,457.8,0,0.0,0.00,0
1790970811074,106412,10.6,11,457.9,468.5,11,457.9,0,0.0,0.00,0
1790970813095,106412,10.6,11,457.9,468.5,11,457.9,0,0.0,0.00,0
1790970815111,106412,10.6,11,457.9,468.5,11,457.9,0,0.0,0.00,0
1790970817109,106412,10.6,11,457.9,468.5,11,457.9,0,0.0,0.00,0
1790970819125,106412,10.6,11,457.9,468.5,11,457.9,0,0.0,0.00,0
1790970821123,106412,10.6,11,458.6,469.2,11,458.6,0,0.0,0.00,0
1790970823136,106412,10.6,11,458.6,469.2,11,458.6,0,0.0,0.00,0
1790970825135,106412,10.6,11,458.6,469.2,11,458.6,0,0.0,0.00,0
1790970827155,106412,10.6,11,458.6,469.2,11,458.6,0,0.0,0.00,0
1790970829173,106412,10.6,11,458.5,469.1,11,458.5,0,0.0,0.00,0
1790970831173,106412,10.6,11,458.4,469.0,11,458.4,0,0.0,0.00,0
1790970833184,106412,10.6,11,457.8,468.4,11,457.8,0,0.0,0.00,0
1790970835192,106412,10.6,11,457.8,468.4,11,457.8,0,0.0,0.00,0
1790970837203,106412,10.6,11,457.8,468.4,11,457.8,0,0.0,0.00,0
1790970839219,106412,10.6,11,457.8,468.4,11,457.8,0,0.0,0.00,0
1790970841221,106412,10.6,11,457.8,468.4,11,457.8,0,0.0,0.00,0
1790970843229,106412,10.6,11,457.8,468.4,11,457.8,0,0.0,0.00,0
1790970845235,106412,10.6,11,457.8,468.4,11,457.8,0,0.0,0.00,0
1790970847258,106412,10.6,11,457.8,468.4,11,457.8,0,0.0,0.00,0
1790970849261,106412,10.6,11,457.9,468.5,11,457.9,0,0.0,0.00,0
1790970851279,106412,10.6,11,457.9,468.5,11,457.9,0,0.0,0.00,0
1790970853288,106412,10.6,11,457.8,468.4,11,457.8,0,0.0,0.00,0
1790970855293,106412,10.6,11,457.9,468.5,11,457.9,0,0.0,0.00,0
1790970857295,106412,10.6,11,457.9,468.5,11,457.9,0,0.0,0.00,0
1790970859312,106412,10.6,11,494.8,505.4,11,494.8,0,0.0,0.00,0
1790970861321,106412,10.6,11,494.4,505.0,11,494.4,0,0.0,0.00,0
1790970863332,106412,10.6,11,495.8,506.4,11,495.8,0,0.0,0.00,0
1790970865341,106412,10.6,11,475.3,485.9,11,475.3,0,0.0,0.00,0
1790970867346,106412,10.6,11,462.7,473.3,11,462.7,0,0.0,0.00,0
1790970869354,106412,10.6,11,462.6,473.2,11,462.6,0,0.0,0.00,0
1790970871375,106412,10.6,11,456.7,467.3,11,456.7,0,0.0,0.00,0
1790970873378,106412,10.6,11,456.7,467.3,11,456.7,0,0.0,0.00,0
1790970875386,106412,10.6,11,456.5,467.1,11,456.5,0,0.0,0.00,0
1790970877399,106412,10.6,11,456.6,467.2,11,456.6,0,0.0,0.00,0
1790970879416,106412,10.6,11,456.6,467.2,11,456.6,0,0.0,0.00,0
1790970881428,106412,10.6,11,457.2,467.8,11,457.2,0,0.0,0.00,0
1790970883441,106412,10.6,11,457.2,467.8,11,457.2,0,0.0,0.00,0
1790970885449,106412,10.6,11,457.9,468.5,11,457.9,0,0.0,0.00,0
1790970887470,106412,10.6,11,457.8,468.4,11,457.8,0,0.0,0.00,0
1790970889477,106412,10.6,11,457.8,468.4,11,457.8,0,0.0,0.00,0
1790970891494,106412,10.6,11,457.6,468.2,11,457.6,0,0.0,0.00,0
1790970893513,106412,10.6,11,457.7,468.3,11,457.7,0,0.0,0.00,0
1790970895519,106412,10.6,11,457.6,468.2,11,457.6,0,0.0,0.00,0
1790970897523,106412,10.6,11,457.7,468.3,11,457.7,0,0.0,0.00,0
1790970899529,106412,10.6,11,457.7,468.3,11,457.7,0,0.0,0.00,0
1790970901541,106412,10.6,11,457.8,468.4,11,457.8,0,0.0,0.00,0
1790970903549,106412,10.6,11,457.7,468.3,11,457.7,0,0.0,0.00,0
1790970905564,106412,10.6,11,457.9,468.5,11,457.9,0,0.0,0.00,0
1790970907565,106412,10.6,11,457.8,468.4,11,457.8,0,0.0,0.00,0
1790970909572,106412,10.6,11,457.9,468.5,11,457.9,0,0.0,0.00,0
1790970911588,106412,10.6,11,457.8,468.4,11,457.8,0,0.0,0.00,0
1790970913593,106412,10.6,11,457.9,468.5,11,457.9,0,0.0,0.00,0
1790970915595,106412,10.6,11,457.8,468.4,11,457.8,0,0.0,0.00,0
1790970917610,106412,10.6,11,457.9,468.5,11,457.9,0,0.0,0.00,0
1790970919620,106412,10.6,11,493.4,504.0,11,493.4,0,0.0,0.00,0
1790970921640,106412,10.6,11,493.4,504.0,11,493.4,0,0.0,0.00,0
1790970923646,106412,10.6,11,493.3,503.9,11,493.3,0,0.0,0.00,0
1790970925666,106412,10.6,11,466.8,477.4,11,466.8,0,0.0,0.00,0
1790970927671,106412,10.6,11,459.7,470.3,11,459.7,0,0.0,0.00,0
1790970929670,106412,10.6,11,458.6,469.2,11,458.6,0,0.0,0.00,0
1790970931686,106412,10.6,11,458.5,469.1,11,458.5,0,0.0,0.00,0
1790970933700,106412,10.6,11,458.6,469.2,11,458.6,0,0.0,0.00,0
1790970935718,106412,10.6,11,457.8,468.4,11,457.8,0,0.0,0.00,0
1790970937739,106412,10.6,11,457.9,468.5,11,457.9,0,0.0,0.00,0
1790970939744,106412,10.6,11,457.8,468.4,11,457.8,0,0.0,0.00,0
1790970941756,106412,10.6,11,457.9,468.5,11,457.9,0,0.0,0.00,0
1790970943770,106412,10.6,11,457.8,468.4,11,457.8,0,0.0,0.00,0
1790970945777,106412,10.6,11,457.8,468.4,11,457.8,0,0.0,0.00,0
1790970947792,106412,10.6,11,457.8,468.4,11,457.8,0,0.0,0.00,0
1790970949792,106412,10.6,11,457.7,468.3,11,457.7,0,0.0,0.00,0
1790970951794,106412,10.6,11,457.8,468.4,11,457.8,0,0.0,0.00,0
1790970953801,106412,10.6,11,457.8,468.4,11,457.8,0,0.0,0.00,0
1790970955800,106412,10.6,11,457.7,468.3,11,457.7,0,0.0,0.00,0
1790970957802,106412,10.6,11,457.7,468.3,11,457.7,0,0.0,0.00,0
1790970959803,106412,10.6,11,457.7,468.3,11,457.7,0,0.0,0.00,0
1790970961810,106412,10.6,11,457.7,468.3,11,457.7,0,0.0,0.00,0
1790970963828,106412,10.6,11,457.7,468.3,11,457.7,0,0.0,0.00,0
1790970965834,106412,10.6,11,463.3,473.9,11,463.3,0,0.0,0.00,0
1790970967847,106412,10.6,11,461.0,471.6,11,461.0,0,0.0,0.00,0
1790970969864,106412,10.6,11,461.0,471.6,11,461.0,0,0.0,0.00,0
1790970971879,106412,10.6,11,461.0,471.6,11,461.0,0,0.0,0.00,0
1790970973889,106412,10.6,11,457.0,467.6,11,457.0,0,0.0,0.00,0
1790970975899,106412,10.6,11,456.4,467.0,11,456.4,0,0.0,0.00,0
1790970977923,106412,10.6,11,456.4,467.0,11,456.4,0,0.0,0.00,0
1790970979925,106412,10.6,11,492.0,502.6,11,492.0,0,0.0,0.00,0
1790970981936,106412,10.6,11,492.1,502.7,11,492.1,0,0.0,0.00,0
1790970983939,106412,10.6,11,467.7,478.3,11,467.7,0,0.0,0.00,0
1790970985952,106412,10.6,11,464.7,475.3,11,464.7,0,0.0,0.00,0
1790970987960,106412,10.6,11,460.3,470.9,11,460.3,0,0.0,0.00,0
1790970989976,106412,10.6,11,459.1,469.7,11,459.1,0,0.0,0.00,0
1790970991981,106412,10.6,11,457.9,468.5,11,457.9,0,0.0,0.00,0
1790970994000,106412,10.6,11,457.9,468.5,11,457.9,0,0.0,0.00,0
1790970996017,106412,10.6,11,457.9,468.5,11,457.9,0,0.0,0.00,0
1790970998023,106412,10.6,11,457.9,468.5,11,457.9,0,0.0,0.00,0
1790971000023,106412,10.6,11,457.8,468.4,11,457.8,0,0.0,0.00,0
1790971002032,106412,10.6,11,457.9,468.5,11,457.9,0,0.0,0.00,0
1790971004041,106412,10.6,11,457.8,468.4,11,457.8,0,0.0,0.00,0
1790971006065,106412,10.6,11,458.0,468.6,11,458.0,0,0.0,0.00,0
1790971008071,106412,10.6,11,458.0,468.6,11,458.0,0,0.0,0.00,0
1790971010081,106412,10.6,11,457.9,468.6,11,457.9,0,0.0,0.00,0
1790971012084,106412,10.6,11,458.0,468.6,11,458.0,0,0.0,0.00,0
1790971014095,106412,10.6,11,458.1,468.7,11,458.1,0,0.0,0.00,0
1790971016093,106412,10.6,11,458.1,468.7,11,458.1,0,0.0,0.00,0
1790971018106,106412,10.6,11,458.1,468.7,11,458.1,0,0.0,0.00,0
1790971020109,106412,10.6,11,458.0,468.6,11,458.0,0,0.0,0.00,0
1790971022124,106412,10.6,11,458.1,468.7,11,458.1,0,0.0,0.00,0
1790971024144,106412,10.6,11,458.1,468.7,11,458.1,0,0.0,0.00,0
1790971026147,106412,10.6,11,458.8,469.4,11,458.8,0,0.0,0.00,0
1790971028149,106412,10.6,11,458.8,469.4,11,458.8,0,0.0,0.00,0
1790971030158,106412,10.6,11,458.8,469.4,11,458.8,0,0.0,0.00,0
1790971032171,106412,10.6,11,458.8,469.4,11,458.8,0,0.0,0.00,0
1790971034187,106412,10.6,11,458.8,469.4,11,458.8,0,0.0,0.00,0
1790971036195,106412,10.6,11,458.8,469.4,11,458.8,0,0.0,0.00,0
1790971038211,106412,10.6,11,457.5,468.1,11,457.5,0,0.0,0.00,0
1790971040218,106412,10.6,11,493.9,504.5,11,493.9,0,0.0,0.00,0
1790971042223,106412,10.6,11,493.9,504.5,11,493.9,0,0.0,0.00,0
1790971044236,106412,10.6,11,465.3,475.9,11,465.3,0,0.0,0.00,0
1790971046246,106412,10.6,11,464.8,475.4,11,464.8,0,0.0,0.00,0
1790971048255,106412,10.6,11,460.7,471.3,11,460.7,0,0.0,0.00,0
1790971050273,106412,10.6,11,458.3,468.9,11,458.3,0,0.0,0.00,0
1790971052320,106412,10.6,11,458.3,468.9,11,458.3,0,0.0,0.00,0
1790971054297,106412,10.6,11,458.3,468.9,11,458.3,0,0.0,0.00,0
1790971056310,106412,10.6,11,458.3,468.9,11,458.3,0,0.0,0.00,0
1790971058331,106412,10.6,11,458.3,468.9,11,458.3,0,0.0,0.00,0
1790971060342,106412,10.6,11,458.3,468.9,11,458.3,0,0.0,0.00,0
1790971062362,106412,10.6,11,458.3,468.9,11,458.3,0,0.0,0.00,0
1790971064368,106412,10.6,11,458.3,468.9,11,458.3,0,0.0,0.00,0
1790971066377,106412,10.6,11,458.2,468.8,11,458.2,0,0.0,0.00,0
1790971068381,106412,10.6,11,463.4,474.0,11,463.4,0,0.0,0.00,0
1790971070386,106412,10.6,11,461.4,472.0,11,461.4,0,0.0,0.00,0
1790971072408,106412,10.6,11,461.4,472.0,11,461.4,0,0.0,0.00,0
1790971074415,106412,10.6,11,461.1,471.7,11,461.1,0,0.0,0.00,0
1790971076423,106412,10.6,11,457.2,467.8,11,457.2,0,0.0,0.00,0
1790971078429,106412,10.6,11,457.1,467.7,11,457.1,0,0.0,0.00,0
1790971080428,106412,10.6,11,456.9,467.5,11,456.9,0,0.0,0.00,0
1790971082435,106412,10.6,11,456.9,467.5,11,456.9,0,0.0,0.00,0
1790971084454,106412,10.6,11,456.8,467.4,11,456.8,0,0.0,0.00,0
1790971086456,106412,10.6,11,457.5,468.1,11,457.5,0,0.0,0.00,0
1790971088463,106412,10.6,11,457.6,468.2,11,457.6,0,0.0,0.00,0
1790971090472,106412,10.6,11,458.3,468.9,11,458.3,0,0.0,0.00,0
1790971092473,106412,10.6,11,458.2,468.8,11,458.2,0,0.0,0.00,0
1790971094495,106412,10.6,11,458.2,468.9,11,458.2,0,0.0,0.00,0
1790971096515,106412,10.6,11,458.3,468.9,11,458.3,0,0.0,0.00,0
1790971098530,106412,10.6,11,458.3,468.9,11,458.3,0,0.0,0.00,0
1790971100536,106412,10.6,11,493.0,503.6,11,493.0,0,0.0,0.00,0
1790971102545,106412,10.6,11,493.2,503.8,11,493.2,0,0.0,0.00,0
1790971104562,106412,10.6,11,466.8,477.4,11,466.8,0,0.0,0.00,0
1790971106571,106412,10.6,11,466.6,477.2,11,466.6,0,0.0,0.00,0
1790971108573,106412,10.6,11,460.6,471.2,11,460.6,0,0.0,0.00,0
1790971110596,106412,10.6,11,459.6,470.2,11,459.6,0,0.0,0.00,0
1790971112581,106412,10.6,11,458.3,468.9,11,458.3,0,0.0,0.00,0
1790971114588,106412,10.6,11,458.3,468.9,11,458.3,0,0.0,0.00,0
1790971116596,106412,10.6,11,458.3,468.9,11,458.3,0,0.0,0.00,0
1790971118596,106412,10.6,11,458.3,468.9,11,458.3,0,0.0,0.00,0
1790971120610,106412,10.6,11,458.3,468.9,11,458.3,0,0.0,0.00,0
1790971122632,106412,10.6,11,458.3,468.9,11,458.3,0,0.0,0.00,0
1790971124633,106412,10.6,11,458.4,469.0,11,458.4,0,0.0,0.00,0
1790971126657,106412,10.6,11,458.3,468.9,11,458.3,0,0.0,0.00,0
1790971128662,106412,10.6,11,458.8,469.4,11,458.8,0,0.0,0.00,0
1790971130664,106412,10.6,11,458.7,469.3,11,458.7,0,0.0,0.00,0
1790971132676,106412,10.6,11,459.0,469.6,11,459.0,0,0.0,0.00,0
1790971134683,106412,10.6,11,458.9,469.5,11,458.9,0,0.0,0.00,0
1790971136688,106412,10.6,11,458.9,469.5,11,458.9,0,0.0,0.00,0
1790971138699,106412,10.6,11,458.9,469.5,11,458.9,0,0.0,0.00,0
1790971140709,106412,10.6,11,458.3,468.9,11,458.3,0,0.0,0.00,0
1790971142734,106412,10.6,11,458.3,468.9,11,458.3,0,0.0,0.00,0
1790971144734,106412,10.6,11,458.3,468.9,11,458.3,0,0.0,0.00,0
1790971146750,106412,10.6,11,458.3,468.9,11,458.3,0,0.0,0.00,0
1790971148747,106412,10.6,11,458.3,468.9,11,458.3,0,0.0,0.00,0
1790971150754,106412,10.6,11,458.3,468.9,11,458.3,0,0.0,0.00,0
1790971152756,106412,10.6,11,458.3,468.9,11,458.3,0,0.0,0.00,0
1790971154768,106412,10.6,11,458.3,468.9,11,458.3,0,0.0,0.00,0
1790971156777,106412,10.6,11,458.3,468.9,11,458.3,0,0.0,0.00,0
1790971158789,106412,10.6,11,458.3,468.9,11,458.3,0,0.0,0.00,0
1790971160805,106412,10.6,11,495.5,506.1,11,495.5,0,0.0,0.00,0
1790971162811,106412,10.6,11,495.7,506.3,11,495.7,0,0.0,0.00,0
1790971164830,106412,10.6,11,466.2,476.8,11,466.2,0,0.0,0.00,0
1790971166836,106412,10.6,11,465.4,476.0,11,465.4,0,0.0,0.00,0
1790971168844,106412,10.6,11,459.5,470.1,11,459.5,0,0.0,0.00,0
1790971170855,106412,10.6,11,464.4,475.0,11,464.4,0,0.0,0.00,0
1790971172871,106412,10.6,11,463.3,473.9,11,463.3,0,0.0,0.00,0
1790971174878,106412,10.6,11,461.0,471.6,11,461.0,0,0.0,0.00,0
1790971176884,106412,10.6,11,461.1,471.7,11,461.1,0,0.0,0.00,0
1790971178909,106412,10.6,11,456.9,467.5,11,456.9,0,0.0,0.00,0
1790971180916,106412,10.6,11,456.9,467.5,11,456.9,0,0.0,0.00,0
1790971182931,106412,10.6,11,456.9,467.5,11,456.9,0,0.0,0.00,0
1790971184936,106412,10.6,11,456.9,467.5,11,456.9,0,0.0,0.00,0
1790971186947,106412,10.6,11,456.9,467.5,11,456.9,0,0.0,0.00,0
1790971188957,106412,10.6,11,457.3,467.9,11,457.3,0,0.0,0.00,0
1790971190972,106412,10.6,11,458.1,468.7,11,458.1,0,0.0,0.00,0
1790971192992,106412,10.6,11,458.2,468.8,11,458.2,0,0.0,0.00,0
1790971194995,106412,10.6,11,458.2,468.8,11,458.2,0,0.0,0.00,0
1790971197009,106412,10.6,11,458.1,468.8,11,458.1,0,0.0,0.00,0
1790971199026,106412,10.6,11,458.2,468.8,11,458.2,0,0.0,0.00,0
1790971201043,106412,10.6,11,458.1,468.7,11,458.1,0,0.0,0.00,0
1790971203052,106412,10.6,11,458.1,468.7,11,458.1,0,0.0,0.00,0
1790971205048,106412,10.6,11,458.2,468.8,11,458.2,0,0.0,0.00,0
1790971207064,106412,10.6,11,458.2,468.8,11,458.2,0,0.0,0.00,0
1790971209078,106412,10.6,11,458.2,468.8,11,458.2,0,0.0,0.00,0
1790971211087,106412,10.6,11,458.2,468.8,11,458.2,0,0.0,0.00,0
1790971213103,106412,10.6,11,458.2,468.8,11,458.2,0,0.0,0.00,0
1790971215117,106412,10.6,11,458.2,468.8,11,458.2,0,0.0,0.00,0
1790971217112,106412,10.6,11,458.2,468.8,11,458.2,0,0.0,0.00,0
1790971219129,106412,10.6,11,495.6,506.2,11,495.6,0,0.0,0.00,0
1790971221136,106412,10.6,11,495.2,505.8,11,495.2,0,0.0,0.00,0
1790971223151,106412,10.6,11,495.2,505.9,11,495.2,0,0.0,0.00,0
1790971225176,106412,10.6,11,465.6,476.2,11,465.6,0,0.0,0.00,0
1790971227186,106412,10.6,11,459.4,470.0,11,459.4,0,0.0,0.00,0
1790971229197,106412,10.6,11,459.4,470.0,11,459.4,0,0.0,0.00,0
1790971231221,106412,10.6,11,459.4,470.0,11,459.4,0,0.0,0.00,0
1790971233230,106412,10.6,11,459.0,469.6,11,459.0,0,0.0,0.00,0
1790971235242,106412,10.6,11,459.0,469.6,11,459.0,0,0.0,0.00,0
1790971237246,106412,10.6,11,459.0,469.6,11,459.0,0,0.0,0.00,0
1790971239273,106412,10.6,11,459.0,469.6,11,459.0,0,0.0,0.00,0
1790971241300,106412,10.6,11,459.0,469.6,11,459.0,0,0.0,0.00,0
1790971243299,106412,10.6,11,458.3,468.9,11,458.3,0,0.0,0.00,0
1790971245320,106412,10.6,11,458.3,468.9,11,458.3,0,0.0,0.00,0
1790971247336,106412,10.6,11,458.3,468.9,11,458.3,0,0.0,0.00,0
1790971249345,106412,10.6,11,458.3,468.9,11,458.3,0,0.0,0.00,0
1790971251349,106412,10.6,11,458.2,468.8,11,458.2,0,0.0,0.00,0
1790971253355,106412,10.6,11,458.2,468.8,11,458.2,0,0.0,0.00,0
1790971255365,106412,10.6,11,458.2,468.8,11,458.2,0,0.0,0.00,0
1790971257385,106412,10.6,11,458.2,468.8,11,458.2,0,0.0,0.00,0
1790971259381,106412,10.6,11,458.2,468.8,11,458.2,0,0.0,0.00,0
1790971261386,106412,10.6,11,458.2,468.8,11,458.2,0,0.0,0.00,0
1790971263429,106412,10.6,11,458.2,468.8,11,458.2,0,0.0,0.00,0
1790971265435,106412,10.6,11,458.2,468.8,11,458.2,0,0.0,0.00,0
1790971267435,106412,10.6,11,458.1,468.8,11,458.1,0,0.0,0.00,0
1790971269444,106412,10.6,11,458.1,468.7,11,458.1,0,0.0,0.00,0
1790971271456,106412,10.6,11,458.2,468.8,11,458.2,0,0.0,0.00,0
1790971273467,106412,10.6,11,463.7,474.3,11,463.7,0,0.0,0.00,0
1790971275466,106412,10.6,11,461.8,472.4,11,461.8,0,0.0,0.00,0
1790971277489,106412,10.6,11,461.0,471.6,11,461.0,0,0.0,0.00,0
1790971279501,106412,10.6,11,494.2,504.8,11,494.2,0,0.0,0.00,0
1790971281512,106412,10.6,11,493.5,504.1,11,493.5,0,0.0,0.00,0
1790971283517,106412,10.6,11,464.5,475.1,11,464.5,0,0.0,0.00,0
1790971285530,106412,10.6,11,464.4,475.0,11,464.4,0,0.0,0.00,0
1790971287544,106412,10.6,11,457.9,468.5,11,457.9,0,0.0,0.00,0
1790971289548,106412,10.6,11,456.7,467.3,11,456.7,0,0.0,0.00,0
1790971291560,106412,10.6,11,457.4,468.0,11,457.4,0,0.0,0.00,0
1790971293575,106412,10.6,11,458.2,468.8,11,458.2,0,0.0,0.00,0
1790971295583,106412,10.6,11,458.2,468.8,11,458.2,0,0.0,0.00,0
1790971297593,106412,10.6,11,458.2,468.8,11,458.2,0,0.0,0.00,0
1790971299600,106412,10.6,11,458.2,468.8,11,458.2,0,0.0,0.00,0
1790971301618,106412,10.6,11,458.2,468.8,11,458.2,0,0.0,0.00,0
1790971303644,106412,10.6,11,458.2,468.8,11,458.2,0,0.0,0.00,0
1790971305655,106412,10.6,11,458.2,468.8,11,458.2,0,0.0,0.00,0
1790971307668,106412,10.6,11,458.2,468.8,11,458.2,0,0.0,0.00,0
1790971309671,106412,10.6,11,457.9,468.5,11,457.9,0,0.0,0.00,0
1790971311672,106412,10.6,11,457.9,468.5,11,457.9,0,0.0,0.00,0
1790971313673,106412,10.6,11,457.9,468.5,11,457.9,0,0.0,0.00,0
1790971315673,106412,10.6,11,458.0,468.6,11,458.0,0,0.0,0.00,0
1790971317678,106412,10.6,11,458.0,468.6,11,458.0,0,0.0,0.00,0
1790971319678,106412,10.6,11,458.0,468.6,11,458.0,0,0.0,0.00,0
1790971321686,106412,10.6,11,458.0,468.6,11,458.0,0,0.0,0.00,0
1790971323711,106412,10.6,11,458.0,468.6,11,458.0,0,0.0,0.00,0
1790971325726,106412,10.6,11,458.0,468.6,11,458.0,0,0.0,0.00,0
1790971327740,106412,10.6,11,458.0,468.6,11,458.0,0,0.0,0.00,0
1790971329743,106412,10.6,11,458.0,468.6,11,458.0,0,0.0,0.00,0
1790971331763,106412,10.6,11,458.0,468.6,11,458.0,0,0.0,0.00,0
1790971333776,106412,10.6,11,458.7,469.3,11,458.7,0,0.0,0.00,0
1790971335781,106412,10.6,11,458.7,469.3,11,458.7,0,0.0,0.00,0
1790971337780,106412,10.6,11,458.7,469.3,11,458.7,0,0.0,0.00,0
1790971339800,106412,10.6,11,496.0,506.6,11,496.0,0,0.0,0.00,0
1790971341814,106412,10.6,11,495.7,506.3,11,495.7,0,0.0,0.00,0
1790971343818,106412,10.6,11,466.3,476.9,11,466.3,0,0.0,0.00,0
1790971345829,106412,10.6,11,466.2,476.8,11,466.2,0,0.0,0.00,0
1790971347843,106412,10.6,11,457.2,467.8,11,457.2,0,0.0,0.00,0
1790971349863,106412,10.6,11,457.2,467.8,11,457.2,0,0.0,0.00,0
1790971351874,106412,10.6,11,457.3,467.9,11,457.3,0,0.0,0.00,0
1790971353886,106412,10.6,11,458.0,468.6,11,458.0,0,0.0,0.00,0
1790971355889,106412,10.6,11,457.9,468.5,11,457.9,0,0.0,0.00,0
1790971357907,106412,10.6,11,458.0,468.6,11,458.0,0,0.0,0.00,0
1790971359924,106412,10.6,11,457.9,468.5,11,457.9,0,0.0,0.00,0
1790971361939,106412,10.6,11,458.0,468.6,11,458.0,0,0.0,0.00,0
1790971363941,106412,10.6,11,457.9,468.5,11,457.9,0,0.0,0.00,0
1790971365947,106412,10.6,11,458.0,468.6,11,458.0,0,0.0,0.00,0
1790971367971,106412,10.6,11,457.9,468.5,11,457.9,0,0.0,0.00,0
1790971369988,106412,10.6,11,457.9,468.5,11,457.9,0,0.0,0.00,0
1790971371999,106412,10.6,11,457.9,468.5,11,457.9,0,0.0,0.00,0
1790971374017,106412,10.6,11,458.0,468.6,11,458.0,0,0.0,0.00,0
1790971376032,106412,10.6,11,461.2,471.8,11,461.2,0,0.0,0.00,0
1790971378046,106412,10.6,11,461.3,471.9,11,461.3,0,0.0,0.00,0
1790971380065,106412,10.6,11,461.2,471.8,11,461.2,0,0.0,0.00,0
1790971382075,106412,10.6,11,460.9,471.6,11,460.9,0,0.0,0.00,0
1790971384097,106412,10.6,11,456.9,467.5,11,456.9,0,0.0,0.00,0
1790971386094,106412,10.6,11,456.7,467.3,11,456.7,0,0.0,0.00,0
1790971388104,106412,10.6,11,456.6,467.2,11,456.6,0,0.0,0.00,0
1790971390119,106412,10.6,11,456.7,467.3,11,456.7,0,0.0,0.00,0
1790971392131,106412,10.6,11,456.6,467.2,11,456.6,0,0.0,0.00,0
1790971394142,106412,10.6,11,457.4,468.0,11,457.4,0,0.0,0.00,0
1790971396143,106412,10.6,11,458.0,468.6,11,458.0,0,0.0,0.00,0
1790971398146,106412,10.6,11,458.1,468.7,11,458.1,0,0.0,0.00,0
1790971400149,106412,10.6,11,494.6,505.2,11,494.6,0,0.0,0.00,0
1790971402158,106412,10.6,11,494.6,505.2,11,494.6,0,0.0,0.00,0
1790971404169,106412,10.6,11,465.2,475.8,11,465.2,0,0.0,0.00,0
1790971406184,106412,10.6,11,465.2,475.8,11,465.2,0,0.0,0.00,0
1790971408196,106412,10.6,11,457.0,467.6,11,457.0,0,0.0,0.00,0
1790971410206,106412,10.6,11,457.1,467.7,11,457.1,0,0.0,0.00,0
1790971412223,106412,10.6,11,457.1,467.7,11,457.1,0,0.0,0.00,0
1790971414229,106412,10.6,11,457.9,468.5,11,457.9,0,0.0,0.00,0
1790971416247,106412,10.6,11,457.8,468.4,11,457.8,0,0.0,0.00,0
1790971418264,106412,10.6,11,458.0,468.6,11,458.0,0,0.0,0.00,0
1790971420271,106412,10.6,11,457.9,468.5,11,457.9,0,0.0,0.00,0
1790971422289,106412,10.6,11,457.9,468.5,11,457.9,0,0.0,0.00,0
1790971424292,106412,10.6,11,457.9,468.5,11,457.9,0,0.0,0.00,0
1790971426298,106412,10.6,11,458.0,468.6,11,458.0,0,0.0,0.00,0
1790971428313,106412,10.6,11,457.9,468.5,11,457.9,0,0.0,0.00,0
1790971430325,106412,10.6,11,457.9,468.5,11,457.9,0,0.0,0.00,0
1790971432325,106412,10.6,11,457.9,468.5,11,457.9,0,0.0,0.00,0
1790971434336,106412,10.6,11,458.0,468.6,11,458.0,0,0.0,0.00,0
1790971436338,106412,10.6,11,458.6,469.2,11,458.6,0,0.0,0.00,0
1790971438343,106412,10.6,11,458.7,469.3,11,458.7,0,0.0,0.00,0
1790971440362,106412,10.6,11,458.6,469.2,11,458.6,0,0.0,0.00,0
1790971442376,106412,10.6,11,458.7,469.3,11,458.7,0,0.0,0.00,0
1790971444384,106412,10.6,11,462.9,473.5,11,462.9,0,0.0,0.00,0
1790971446388,106412,10.6,11,463.0,473.6,11,463.0,0,0.0,0.00,0
1790971448396,106412,10.6,11,462.1,472.7,11,462.1,0,0.0,0.00,0
1790971450406,106412,10.6,11,459.5,470.1,11,459.5,0,0.0,0.00,0
1790971452415,106412,10.6,11,459.4,470.0,11,459.4,0,0.0,0.00,0
1790971454410,106412,10.6,11,459.5,470.1,11,459.5,0,0.0,0.00,0
1790971456421,106412,10.6,11,459.4,470.0,11,459.4,0,0.0,0.00,0
1790971458433,106412,10.6,11,459.5,470.1,11,459.5,0,0.0,0.00,0
1790971460439,106412,10.6,11,496.2,506.8,11,496.2,0,0.0,0.00,0
1790971462457,106412,10.6,11,496.3,506.9,11,496.3,0,0.0,0.00,0
1790971464465,106412,10.6,11,466.3,476.9,11,466.3,0,0.0,0.00,0
1790971466488,106412,10.6,11,466.4,477.0,11,466.4,0,0.0,0.00,0
1790971468494,106412,10.6,11,458.8,469.4,11,458.8,0,0.0,0.00,0
1790971470521,106412,10.6,11,459.0,469.6,11,459.0,0,0.0,0.00,0
1790971472531,106412,10.6,11,458.9,469.5,11,458.9,0,0.0,0.00,0
1790971474547,106412,10.6,11,459.0,469.6,11,459.0,0,0.0,0.00,0
1790971476560,106412,10.6,11,458.9,469.5,11,458.9,0,0.0,0.00,0
1790971478570,106412,10.6,11,464.5,475.1,11,464.5,0,0.0,0.00,0
1790971480573,106412,10.6,11,462.2,472.8,11,462.2,0,0.0,0.00,0
1790971482570,106412,10.6,11,462.3,472.9,11,462.3,0,0.0,0.00,0
1790971484580,106412,10.6,11,462.2,472.8,11,462.2,0,0.0,0.00,0
1790971486588,106412,10.6,11,458.0,468.6,11,458.0,0,0.0,0.00,0
1790971488587,106412,10.6,11,457.7,468.3,11,457.7,0,0.0,0.00,0
1790971490609,106412,10.6,11,457.4,468.0,11,457.4,0,0.0,0.00,0
1790971492605,106412,10.6,11,457.4,468.0,11,457.4,0,0.0,0.00,0
1790971494619,106412,10.6,11,457.5,468.1,11,457.5,0,0.0,0.00,0
1790971496625,106412,10.6,11,458.1,468.7,11,458.1,0,0.0,0.00,0
1790971498629,106412,10.6,11,458.9,469.6,11,458.9,0,0.0,0.00,0
1790971500638,106412,10.6,11,458.7,469.3,11,458.7,0,0.0,0.00,0
1790971502650,106412,10.6,11,458.8,469.4,11,458.8,0,0.0,0.00,0
1790971504669,106412,10.6,11,458.7,469.3,11,458.7,0,0.0,0.00,0
1790971506672,106412,10.6,11,458.8,469.4,11,458.8,0,0.0,0.00,0
1790971508678,106412,10.6,11,458.7,469.3,11,458.7,0,0.0,0.00,0
1790971510697,106412,10.6,11,458.8,469.4,11,458.8,0,0.0,0.00,0
1790971512701,106412,10.6,11,458.8,469.4,11,458.8,0,0.0,0.00,0
1790971514707,106412,10.6,11,458.9,469.5,11,458.9,0,0.0,0.00,0
1790971516714,106412,10.6,11,458.8,469.4,11,458.8,0,0.0,0.00,0
1790971518725,106412,10.6,11,458.7,469.3,11,458.7,0,0.0,0.00,0
1790971520743,106412,10.6,11,494.2,504.8,11,494.2,0,0.0,0.00,0
1790971522746,106412,10.6,11,494.4,505.0,11,494.4,0,0.0,0.00,0
1790971524764,106412,10.6,11,466.0,476.6,11,466.0,0,0.0,0.00,0
1790971526776,106412,10.6,11,466.1,476.7,11,466.1,0,0.0,0.00,0
1790971528785,106412,10.6,11,459.9,470.5,11,459.9,0,0.0,0.00,0
1790971530793,106412,10.6,11,458.7,469.3,11,458.7,0,0.0,0.00,0
1790971532797,106412,10.6,11,458.7,469.3,11,458.7,0,0.0,0.00,0
1790971534809,106412,10.6,11,458.7,469.3,11,458.7,0,0.0,0.00,0
1790971536835,106412,10.6,11,458.6,469.2,11,458.6,0,0.0,0.00,0
1790971538840,106412,10.6,11,459.3,469.9,11,459.3,0,0.0,0.00,0
1790971540846,106412,10.6,11,459.3,469.9,11,459.3,0,0.0,0.00,0
1790971542862,106412,10.6,11,459.3,469.9,11,459.3,0,0.0,0.00,0
1790971544878,106412,10.6,11,459.3,469.9,11,459.3,0,0.0,0.00,0
1790971546887,106412,10.6,11,459.3,469.9,11,459.3,0,0.0,0.00,0
1790971548896,106412,10.6,11,459.2,469.8,11,459.2,0,0.0,0.00,0
1790971550910,106412,10.6,11,458.6,469.2,11,458.6,0,0.0,0.00,0
1790971552919,106412,10.6,11,458.6,469.2,11,458.6,0,0.0,0.00,0
1790971554917,106412,10.6,11,458.6,469.2,11,458.6,0,0.0,0.00,0
1790971556929,106412,10.6,11,463.5,474.1,11,463.5,0,0.0,0.00,0
1790971558925,106412,10.6,11,467.7,478.3,11,467.7,0,0.0,0.00,0
1790971560927,106412,10.6,11,467.4,478.0,11,467.4,0,0.0,0.00,0
1790971562942,106412,10.6,11,459.9,470.5,11,459.9,0,0.0,0.00,0
1790971564954,106412,10.6,11,459.8,470.4,11,459.8,0,0.0,0.00,0
1790971566967,106412,10.6,11,459.8,470.4,11,459.8,0,0.0,0.00,0
1790971568980,106412,10.6,11,459.8,470.4,11,459.8,0,0.0,0.00,0
1790971570996,106412,10.6,11,459.8,470.4,11,459.8,0,0.0,0.00,0
1790971573015,106412,10.6,11,459.8,470.4,11,459.8,0,0.0,0.00,0
1790971575027,106412,10.6,11,459.8,470.4,11,459.8,0,0.0,0.00,0
1790971577024,106412,10.6,11,459.8,470.4,11,459.8,0,0.0,0.00,0
1790971579022,106412,10.6,11,482.8,493.4,11,482.8,0,0.0,0.00,0
1790971581027,106412,10.6,11,501.9,512.5,11,501.9,0,0.0,0.00,0
1790971583051,106412,10.6,11,502.0,512.6,11,502.0,0,0.0,0.00,0
1790971585049,106412,10.6,11,474.5,485.1,11,474.5,0,0.0,0.00,0
1790971587055,106412,10.6,11,463.7,474.3,11,463.7,0,0.0,0.00,0
1790971589081,106412,10.6,11,458.9,469.5,11,458.9,0,0.0,0.00,0
1790971591098,106412,10.6,11,458.7,469.3,11,458.7,0,0.0,0.00,0
1790971593096,106412,10.6,11,458.7,469.3,11,458.7,0,0.0,0.00,0
1790971595117,106412,10.6,11,458.7,469.3,11,458.7,0,0.0,0.00,0
1790971597114,106412,10.6,11,458.6,469.2,11,458.6,0,0.0,0.00,0
1790971599120,106412,10.6,11,459.5,470.1,11,459.5,0,0.0,0.00,0
1790971601129,106412,10.6,11,460.2,470.8,11,460.2,0,0.0,0.00,0
1790971603139,106412,10.6,11,460.1,470.7,11,460.1,0,0.0,0.00,0
1790971605159,106412,10.6,11,460.1,470.7,11,460.1,0,0.0,0.00,0
1790971607161,106412,10.6,11,460.1,470.7,11,460.1,0,0.0,0.00,0
1790971609167,106412,10.6,11,459.8,470.4,11,459.8,0,0.0,0.00,0
1790971611188,106412,10.6,11,459.8,470.4,11,459.8,0,0.0,0.00,0
1790971613209,106412,10.6,11,459.8,470.4,11,459.8,0,0.0,0.00,0
1790971615215,106412,10.6,11,459.8,470.4,11,459.8,0,0.0,0.00,0
1790971617223,106412,10.6,11,459.8,470.4,11,459.8,0,0.0,0.00,0
1790971619229,106412,10.6,11,459.9,470.5,11,459.9,0,0.0,0.00,0
1790971621237,106412,10.6,11,459.8,470.4,11,459.8,0,0.0,0.00,0
1790971623242,106412,10.6,11,460.0,470.6,11,460.0,0,0.0,0.00,0
1790971625256,106412,10.6,11,460.0,470.6,11,460.0,0,0.0,0.00,0
1790971627265,106412,10.6,11,460.0,470.6,11,460.0,0,0.0,0.00,0
1790971629270,106412,10.6,11,460.0,470.6,11,460.0,0,0.0,0.00,0
1790971631282,106412,10.6,11,460.0,470.6,11,460.0,0,0.0,0.00,0
1790971633275,106412,10.6,11,460.0,470.6,11,460.0,0,0.0,0.00,0
1790971635291,106412,10.6,11,460.0,470.6,11,460.0,0,0.0,0.00,0
1790971637298,106412,10.6,11,460.0,470.6,11,460.0,0,0.0,0.00,0
1790971639317,106412,10.6,11,496.7,507.3,11,496.7,0,0.0,0.00,0
1790971641324,106412,10.6,11,496.9,507.5,11,496.9,0,0.0,0.00,0
1790971643348,106412,10.6,11,497.0,507.6,11,497.0,0,0.0,0.00,0
1790971645359,106412,10.6,11,472.2,482.8,11,472.2,0,0.0,0.00,0
1790971647372,106412,10.6,11,461.9,472.5,11,461.9,0,0.0,0.00,0
1790971649386,106412,10.6,11,461.9,472.5,11,461.9,0,0.0,0.00,0
1790971651399,106412,10.6,11,460.7,471.3,11,460.7,0,0.0,0.00,0
1790971653407,106412,10.6,11,460.8,471.4,11,460.8,0,0.0,0.00,0
1790971655403,106412,10.6,11,460.1,470.7,11,460.1,0,0.0,0.00,0
1790971657425,106412,10.6,11,460.1,470.7,11,460.1,0,0.0,0.00,0
1790971659429,106412,10.6,11,460.1,470.7,11,460.1,0,0.0,0.00,0
1790971661427,106412,10.6,11,460.1,470.7,11,460.1,0,0.0,0.00,0
1790971663437,106412,10.6,11,460.0,470.6,11,460.0,0,0.0,0.00,0
1790971665453,106412,10.6,11,460.0,470.6,11,460.0,0,0.0,0.00,0
1790971667474,106412,10.6,11,460.1,470.7,11,460.1,0,0.0,0.00,0
1790971669489,106412,10.6,11,459.8,470.4,11,459.8,0,0.0,0.00,0
1790971671500,106412,10.6,11,459.8,470.4,11,459.8,0,0.0,0.00,0
1790971673509,106412,10.6,11,459.8,470.4,11,459.8,0,0.0,0.00,0
1790971675509,106412,10.6,11,459.8,470.4,11,459.8,0,0.0,0.00,0
1790971677523,106412,10.6,11,459.8,470.4,11,459.8,0,0.0,0.00,0
1790971679538,106412,10.6,11,459.8,470.4,11,459.8,0,0.0,0.00,0
1790971681545,106412,10.6,11,459.8,470.4,11,459.8,0,0.0,0.00,0
1790971683568,106412,10.6,11,463.6,474.2,11,463.6,0,0.0,0.00,0
1790971685569,106412,10.6,11,463.5,474.1,11,463.5,0,0.0,0.00,0
1790971687586,106412,10.6,11,463.6,474.2,11,463.6,0,0.0,0.00,0
1790971689584,106412,10.6,11,463.2,473.8,11,463.2,0,0.0,0.00,0
1790971691595,106412,10.6,11,459.6,470.2,11,459.6,0,0.0,0.00,0
1790971693603,106412,10.6,11,459.0,469.6,11,459.0,0,0.0,0.00,0
1790971695615,106412,10.6,11,459.0,469.6,11,459.0,0,0.0,0.00,0
1790971697630,106412,10.6,11,459.0,469.6,11,459.0,0,0.0,0.00,0
1790971699651,106412,10.6,11,496.4,507.0,11,496.4,0,0.0,0.00,0
1790971701648,106412,10.6,11,496.8,507.4,11,496.8,0,0.0,0.00,0
1790971703664,106412,10.6,11,490.8,501.4,11,490.8,0,0.0,0.00,0
1790971705673,106412,10.6,11,468.6,479.2,11,468.6,0,0.0,0.00,0
1790971707677,106412,10.6,11,461.6,472.2,11,461.6,0,0.0,0.00,0
1790971709692,106412,10.6,11,460.4,471.0,11,460.4,0,0.0,0.00,0
1790971711710,106412,10.6,11,460.4,471.0,11,460.4,0,0.0,0.00,0
1790971713712,106412,10.6,11,460.3,470.9,11,460.3,0,0.0,0.00,0
1790971715724,106412,10.6,11,460.3,470.9,11,460.3,0,0.0,0.00,0
1790971717729,106412,10.6,11,460.3,470.9,11,460.3,0,0.0,0.00,0
1790971719745,106412,10.6,11,460.3,470.9,11,460.3,0,0.0,0.00,0
1790971721748,106412,10.6,11,460.4,471.0,11,460.4,0,0.0,0.00,0
1790971723752,106412,10.6,11,460.4,471.0,11,460.4,0,0.0,0.00,0
1790971725769,106412,10.6,11,460.3,470.9,11,460.3,0,0.0,0.00,0
1790971727770,106412,10.6,11,460.3,470.9,11,460.3,0,0.0,0.00,0
1790971729777,106412,10.6,11,460.2,470.8,11,460.2,0,0.0,0.00,0
1790971731791,106412,10.6,11,460.2,470.8,11,460.2,0,0.0,0.00,0
1790971733804,106412,10.6,11,460.3,470.9,11,460.3,0,0.0,0.00,0
1790971735812,106412,10.6,11,460.3,470.9,11,460.3,0,0.0,0.00,0
1790971737828,106412,10.6,11,460.3,470.9,11,460.3,0,0.0,0.00,0
1790971739844,106412,10.6,11,460.3,470.9,11,460.3,0,0.0,0.00,0
1790971741847,106412,10.6,11,460.2,470.8,11,460.2,0,0.0,0.00,0
1790971743856,106412,10.6,11,460.9,471.5,11,460.9,0,0.0,0.00,0
1790971745868,106412,10.6,11,461.0,471.6,11,461.0,0,0.0,0.00,0
1790971747883,106412,10.6,11,460.9,471.6,11,460.9,0,0.0,0.00,0
1790971749886,106412,10.6,11,460.9,471.5,11,460.9,0,0.0,0.00,0
1790971751903,106412,10.6,11,460.9,471.5,11,460.9,0,0.0,0.00,0
1790971753920,106412,10.6,11,460.9,471.5,11,460.9,0,0.0,0.00,0
1790971755944,106412,10.6,11,460.9,471.5,11,460.9,0,0.0,0.00,0
1790971757951,106412,10.6,11,460.2,470.8,11,460.2,0,0.0,0.00,0
1790971759971,106412,10.6,11,497.1,507.7,11,497.1,0,0.0,0.00,0
1790971761979,106412,10.6,11,496.6,507.2,11,496.6,0,0.0,0.00,0
1790971763992,106412,10.6,11,471.5,482.1,11,471.5,0,0.0,0.00,0
1790971765996,106412,10.6,11,471.5,482.1,11,471.5,0,0.0,0.00,0
1790971768013,106412,10.6,11,461.4,472.0,11,461.4,0,0.0,0.00,0
1790971770021,106412,10.6,11,461.4,472.0,11,461.4,0,0.0,0.00,0
1790971772024,106412,10.6,11,460.2,470.8,11,460.2,0,0.0,0.00,0
1790971774048,106412,10.6,11,460.2,470.8,11,460.2,0,0.0,0.00,0
1790971776052,106412,10.6,11,460.2,470.8,11,460.2,0,0.0,0.00,0
1790971778061,106412,10.6,11,460.3,470.9,11,460.3,0,0.0,0.00,0
1790971780062,106412,10.6,11,460.3,470.9,11,460.3,0,0.0,0.00,0
1790971782073,106412,10.6,11,460.2,470.8,11,460.2,0,0.0,0.00,0
1790971784087,106412,10.6,11,463.5,474.1,11,463.5,0,0.0,0.00,0
1790971786099,106412,10.6,11,463.5,474.1,11,463.5,0,0.0,0.00,0
1790971788099,106412,10.6,11,463.5,474.1,11,463.5,0,0.0,0.00,0
1790971790110,106412,10.6,11,463.3,473.9,11,463.3,0,0.0,0.00,0
1790971792132,106412,10.6,11,461.8,472.4,11,461.8,0,0.0,0.00,0
1790971794134,106412,10.6,11,459.0,469.6,11,459.0,0,0.0,0.00,0
1790971796133,106412,10.6,11,458.7,469.3,11,458.7,0,0.0,0.00,0
1790971798157,106412,10.6,11,458.7,469.3,11,458.7,0,0.0,0.00,0
1790971800175,106412,10.6,11,458.7,469.3,11,458.7,0,0.0,0.00,0
1790971802179,106412,10.6,11,458.8,469.4,11,458.8,0,0.0,0.00,0
1790971804190,106412,10.6,11,459.4,470.0,11,459.4,0,0.0,0.00,0
1790971806195,106412,10.6,11,460.1,470.7,11,460.1,0,0.0,0.00,0
1790971808201,106412,10.6,11,460.2,470.8,11,460.2,0,0.0,0.00,0
1790971810217,106412,10.6,11,460.1,470.7,11,460.1,0,0.0,0.00,0
1790971812234,106412,10.6,11,460.1,470.7,11,460.1,0,0.0,0.00,0
1790971814244,106412,10.6,11,460.2,470.8,11,460.2,0,0.0,0.00,0
1790971816254,106412,10.6,11,460.1,470.7,11,460.1,0,0.0,0.00,0
1790971818256,106412,10.6,11,460.2,470.8,11,460.2,0,0.0,0.00,0
1790971820275,106412,10.6,11,495.6,506.2,11,495.6,0,0.0,0.00,0
1790971822282,106412,10.6,11,495.9,506.5,11,495.9,0,0.0,0.00,0
1790971824290,106412,10.6,11,467.7,478.3,11,467.7,0,0.0,0.00,0
1790971826306,106412,10.6,11,467.5,478.1,11,467.5,0,0.0,0.00,0
1790971828324,106412,10.6,11,461.5,472.1,11,461.5,0,0.0,0.00,0
1790971830340,106412,10.6,11,460.3,470.9,11,460.3,0,0.0,0.00,0
1790971832366,106412,10.6,11,460.2,470.8,11,460.2,0,0.0,0.00,0
1790971834367,106412,10.6,11,460.3,470.9,11,460.3,0,0.0,0.00,0
1790971836367,106412,10.6,11,460.2,470.8,11,460.2,0,0.0,0.00,0
1790971838384,106412,10.6,11,460.3,470.9,11,460.3,0,0.0,0.00,0
1790971840386,106412,10.6,11,460.2,470.8,11,460.2,0,0.0,0.00,0
1790971842392,106412,10.6,11,460.3,470.9,11,460.3,0,0.0,0.00,0
1790971844404,106412,10.6,11,460.2,470.8,11,460.2,0,0.0,0.00,0
1790971846415,106412,10.6,11,461.0,471.6,11,461.0,0,0.0,0.00,0
1790971848430,106412,10.6,11,460.9,471.5,11,460.9,0,0.0,0.00,0
1790971850452,106412,10.6,11,460.8,471.4,11,460.8,0,0.0,0.00,0
1790971852462,106412,10.6,11,460.8,471.4,11,460.8,0,0.0,0.00,0
1790971854484,106412,10.6,11,461.0,471.6,11,461.0,0,0.0,0.00,0
1790971856492,106412,10.6,11,460.2,470.8,11,460.2,0,0.0,0.00,0
1790971858507,106412,10.6,11,460.2,470.9,11,460.2,0,0.0,0.00,0
1790971860513,106412,10.6,11,460.2,470.8,11,460.2,0,0.0,0.00,0
1790971862528,106412,10.6,11,460.3,470.9,11,460.3,0,0.0,0.00,0
1790971864533,106412,10.6,11,460.2,470.8,11,460.2,0,0.0,0.00,0
1790971866543,106412,10.6,11,460.3,470.9,11,460.3,0,0.0,0.00,0
1790971868557,106412,10.6,11,460.2,470.8,11,460.2,0,0.0,0.00,0
1790971870579,106412,10.6,11,460.3,470.9,11,460.3,0,0.0,0.00,0
1790971872585,106412,10.6,11,460.2,470.8,11,460.2,0,0.0,0.00,0
1790971874588,106412,10.6,11,460.3,470.9,11,460.3,0,0.0,0.00,0
1790971876603,106412,10.6,11,460.2,470.8,11,460.2,0,0.0,0.00,0
1790971878612,106412,10.6,11,460.3,470.9,11,460.3,0,0.0,0.00,0
1790971880624,106412,10.6,11,496.4,507.0,11,496.4,0,0.0,0.00,0
1790971882642,106412,10.6,11,496.6,507.2,11,496.6,0,0.0,0.00,0
1790971884654,106412,10.6,11,468.2,478.8,11,468.2,0,0.0,0.00,0
1790971886657,106412,10.6,11,467.8,478.4,11,467.8,0,0.0,0.00,0
1790971888658,106412,10.6,11,467.4,478.0,11,467.4,0,0.0,0.00,0
1790971890671,106412,10.6,11,465.4,476.0,11,465.4,0,0.0,0.00,0
1790971892682,106412,10.6,11,465.3,475.9,11,465.3,0,0.0,0.00,0
1790971894697,106412,10.6,11,460.8,471.4,11,460.8,0,0.0,0.00,0
1790971896695,106412,10.6,11,458.9,469.5,11,458.9,0,0.0,0.00,0
1790971898708,106412,10.6,11,459.0,469.6,11,459.0,0,0.0,0.00,0
1790971900707,106412,10.6,11,458.9,469.5,11,458.9,0,0.0,0.00,0
1790971902719,106412,10.6,11,459.0,469.6,11,459.0,0,0.0,0.00,0
1790971904728,106412,10.6,11,459.6,470.2,11,459.6,0,0.0,0.00,0
1790971906732,106412,10.6,11,459.7,470.3,11,459.7,0,0.0,0.00,0
1790971908751,106412,10.6,11,460.1,470.7,11,460.1,0,0.0,0.00,0
1790971910756,106412,10.6,11,460.3,470.9,11,460.3,0,0.0,0.00,0
1790971912759,106412,10.6,11,460.2,470.8,11,460.2,0,0.0,0.00,0
1790971914771,106412,10.6,11,460.3,470.9,11,460.3,0,0.0,0.00,0
1790971916779,106412,10.6,11,460.3,470.9,11,460.3,0,0.0,0.00,0
1790971918781,106412,10.6,11,460.3,470.9,11,460.3,0,0.0,0.00,0
1790971920794,106412,10.6,11,460.3,470.9,11,460.3,0,0.0,0.00,0
1790971922794,106412,10.6,11,460.3,470.9,11,460.3,0,0.0,0.00,0
1790971924807,106412,10.6,11,460.3,470.9,11,460.3,0,0.0,0.00,0
1790971926807,106412,10.6,11,460.3,470.9,11,460.3,0,0.0,0.00,0
1790971928815,106412,10.6,11,460.3,470.9,11,460.3,0,0.0,0.00,0
1790971930822,106412,10.6,11,460.4,471.0,11,460.4,0,0.0,0.00,0
1790971932828,106412,10.6,11,460.3,470.9,11,460.3,0,0.0,0.00,0
1790971934829,106412,10.6,11,460.4,471.0,11,460.4,0,0.0,0.00,0
1790971936841,106412,10.6,11,460.4,471.0,11,460.4,0,0.0,0.00,0
1790971938860,106412,10.6,11,460.5,471.1,11,460.5,0,0.0,0.00,0
1790971940872,106412,10.6,11,497.2,507.8,11,497.2,0,0.0,0.00,0
1790971942883,106412,10.6,11,497.3,507.9,11,497.3,0,0.0,0.00,0
1790971944885,106412,10.6,11,468.0,478.6,11,468.0,0,0.0,0.00,0
1790971946897,106412,10.6,11,467.4,478.0,11,467.4,0,0.0,0.00,0
1790971948915,106412,10.6,11,461.5,472.1,11,461.5,0,0.0,0.00,0
1790971950920,106412,10.6,11,460.8,471.4,11,460.8,0,0.0,0.00,0
1790971952939,106412,10.6,11,460.8,471.4,11,460.8,0,0.0,0.00,0
1790971954946,106412,10.6,11,460.8,471.4,11,460.8,0,0.0,0.00,0
1790971956960,106412,10.6,11,460.8,471.4,11,460.8,0,0.0,0.00,0
1790971958967,106412,10.6,11,460.1,470.7,11,460.1,0,0.0,0.00,0
1790971960979,106412,10.6,11,460.1,470.7,11,460.1,0,0.0,0.00,0
1790971962983,106412,10.6,11,460.1,470.7,11,460.1,0,0.0,0.00,0
1790971965003,106412,10.6,11,460.2,470.8,11,460.2,0,0.0,0.00,0
1790971967021,106412,10.6,11,460.2,470.8,11,460.2,0,0.0,0.00,0
1790971969020,106412,10.6,11,459.8,470.4,11,459.8,0,0.0,0.00,0
1790971971040,106412,10.6,11,459.7,470.3,11,459.7,0,0.0,0.00,0
1790971973041,106412,10.6,11,459.9,470.5,11,459.9,0,0.0,0.00,0
1790971975057,106412,10.6,11,460.0,470.6,11,460.0,0,0.0,0.00,0
1790971977058,106412,10.6,11,459.9,470.5,11,459.9,0,0.0,0.00,0
1790971979068,106412,10.6,11,459.9,470.5,11,459.9,0,0.0,0.00,0
1790971981088,106412,10.6,11,459.9,470.5,11,459.9,0,0.0,0.00,0
1790971983090,106412,10.6,11,459.8,470.4,11,459.8,0,0.0,0.00,0
1790971985096,106412,10.6,11,459.8,470.4,11,459.8,0,0.0,0.00,0
1790971987101,106412,10.6,11,459.8,470.4,11,459.8,0,0.0,0.00,0
1790971989113,106412,10.6,11,465.4,476.0,11,465.4,0,0.0,0.00,0
1790971991118,106412,10.6,11,465.4,476.0,11,465.4,0,0.0,0.00,0
1790971993135,106412,10.6,11,463.1,473.7,11,463.1,0,0.0,0.00,0
1790971995142,106412,10.6,11,462.7,473.3,11,462.7,0,0.0,0.00,0
1790971997157,106412,10.6,11,460.5,471.1,11,460.5,0,0.0,0.00,0
1790971999173,106412,10.6,11,494.7,505.3,11,494.7,0,0.0,0.00,0
1790972001191,106412,10.6,11,494.3,504.9,11,494.3,0,0.0,0.00,0
1790972003195,106412,10.6,11,494.4,505.0,11,494.4,0,0.0,0.00,0
1790972005217,106412,10.6,11,466.1,476.7,11,466.1,0,0.0,0.00,0
1790972007216,106412,10.6,11,460.3,470.9,11,460.3,0,0.0,0.00,0
1790972009229,106412,10.6,11,460.3,470.9,11,460.3,0,0.0,0.00,0
1790972011245,106412,10.6,11,460.4,471.0,11,460.4,0,0.0,0.00,0
1790972013244,106412,10.6,11,459.8,470.4,11,459.8,0,0.0,0.00,0
1790972015256,106412,10.6,11,459.8,470.4,11,459.8,0,0.0,0.00,0
1790972017266,106412,10.6,11,459.8,470.4,11,459.8,0,0.0,0.00,0
1790972019273,106412,10.6,11,459.9,470.5,11,459.9,0,0.0,0.00,0
1790972021286,106412,10.6,11,459.9,470.5,11,459.9,0,0.0,0.00,0
1790972023291,106412,10.6,11,459.9,470.5,11,459.9,0,0.0,0.00,0
1790972025305,106412,10.6,11,459.9,470.5,11,459.9,0,0.0,0.00,0
1790972027309,106412,10.6,11,459.9,470.5,11,459.9,0,0.0,0.00,0
1790972029324,106412,10.6,11,459.9,470.5,11,459.9,0,0.0,0.00,0
1790972031347,106412,10.6,11,459.9,470.5,11,459.9,0,0.0,0.00,0
1790972033355,106412,10.6,11,459.9,470.5,11,459.9,0,0.0,0.00,0
1790972035378,106412,10.6,11,459.9,470.5,11,459.9,0,0.0,0.00,0
1790972037376,106412,10.6,11,459.9,470.5,11,459.9,0,0.0,0.00,0
1790972039379,106412,10.6,11,459.9,470.5,11,459.9,0,0.0,0.00,0
1790972041386,106412,10.6,11,459.8,470.4,11,459.8,0,0.0,0.00,0
1790972043407,106412,10.6,11,459.8,470.4,11,459.8,0,0.0,0.00,0
1790972045416,106412,10.6,11,459.8,470.4,11,459.8,0,0.0,0.00,0
1790972047430,106412,10.6,11,459.5,470.1,11,459.5,0,0.0,0.00,0
1790972049443,106412,10.6,11,460.2,470.8,11,460.2,0,0.0,0.00,0
1790972051444,106412,10.6,11,460.2,470.8,11,460.2,0,0.0,0.00,0
1790972053455,106412,10.6,11,460.2,470.8,11,460.2,0,0.0,0.00,0
1790972055462,106412,10.6,11,460.3,470.9,11,460.3,0,0.0,0.00,0
1790972057464,106412,10.6,11,460.3,470.9,11,460.3,0,0.0,0.00,0
1790972059464,106412,10.6,11,496.4,507.0,11,496.4,0,0.0,0.00,0
1790972061477,106412,10.6,11,496.1,506.7,11,496.1,0,0.0,0.00,0
1790972063485,106412,10.6,11,497.0,507.6,11,497.0,0,0.0,0.00,0
1790972065490,106412,10.6,11,467.5,478.1,11,467.5,0,0.0,0.00,0
1790972067495,106412,10.6,11,460.1,470.7,11,460.1,0,0.0,0.00,0
1790972069506,106412,10.6,11,460.1,470.7,11,460.1,0,0.0,0.00,0
1790972071517,106412,10.6,11,459.4,470.0,11,459.4,0,0.0,0.00,0
1790972073537,106412,10.6,11,459.4,470.0,11,459.4,0,0.0,0.00,0
1790972075550,106412,10.6,11,459.5,470.1,11,459.5,0,0.0,0.00,0
1790972077564,106412,10.6,11,459.5,470.1,11,459.5,0,0.0,0.00,0
1790972079566,106412,10.6,11,459.5,470.1,11,459.5,0,0.0,0.00,0
1790972081573,106412,10.6,11,459.5,470.1,11,459.5,0,0.0,0.00,0
1790972083581,106412,10.6,11,459.5,470.1,11,459.5,0,0.0,0.00,0
1790972085596,106412,10.6,11,459.5,470.1,11,459.5,0,0.0,0.00,0
1790972087610,106412,10.6,11,459.6,470.2,11,459.6,0,0.0,0.00,0
1790972089619,106412,10.6,11,459.5,470.1,11,459.5,0,0.0,0.00,0
1790972091629,106412,10.6,11,465.1,475.7,11,465.1,0,0.0,0.00,0
1790972093638,106412,10.6,11,464.8,475.4,11,464.8,0,0.0,0.00,0
1790972095650,106412,10.6,11,462.9,473.6,11,462.9,0,0.0,0.00,0
1790972097678,106412,10.6,11,462.8,473.4,11,462.8,0,0.0,0.00,0
1790972099689,106412,10.6,11,460.7,471.3,11,460.7,0,0.0,0.00,0
1790972101707,106412,10.6,11,458.5,469.1,11,458.5,0,0.0,0.00,0
1790972103722,106412,10.6,11,458.2,468.8,11,458.2,0,0.0,0.00,0
1790972105727,106412,10.6,11,458.2,468.8,11,458.2,0,0.0,0.00,0
1790972107737,106412,10.6,11,458.2,468.8,11,458.2,0,0.0,0.00,0
1790972109751,106412,10.6,11,458.9,469.5,11,458.9,0,0.0,0.00,0
1790972111770,106412,10.6,11,459.0,469.6,11,459.0,0,0.0,0.00,0
1790972113787,106412,10.6,11,459.6,470.2,11,459.6,0,0.0,0.00,0
1790972115795,106412,10.6,11,459.6,470.2,11,459.6,0,0.0,0.00,0
1790972117799,106412,10.6,11,459.6,470.2,11,459.6,0,0.0,0.00,0
1790972119820,106412,10.6,11,496.5,507.1,11,496.5,0,0.0,0.00,0
1790972121829,106412,10.6,11,496.1,506.7,11,496.1,0,0.0,0.00,0
1790972123850,106412,10.6,11,466.2,476.8,11,466.2,0,0.0,0.00,0
1790972125857,106412,10.6,11,466.0,476.6,11,466.0,0,0.0,0.00,0
1790972127869,106412,10.6,11,458.8,469.4,11,458.8,0,0.0,0.00,0
1790972129870,106412,10.6,11,458.8,469.4,11,458.8,0,0.0,0.00,0
1790972131885,106412,10.6,11,459.5,470.1,11,459.5,0,0.0,0.00,0
1790972133894,106412,10.6,11,459.6,470.2,11,459.6,0,0.0,0.00,0
1790972135903,106412,10.6,11,459.7,470.3,11,459.7,0,0.0,0.00,0
1790972137915,106412,10.6,11,459.7,470.3,11,459.7,0,0.0,0.00,0
1790972139918,106412,10.6,11,459.7,470.3,11,459.7,0,0.0,0.00,0
1790972141932,106412,10.6,11,459.7,470.3,11,459.7,0,0.0,0.00,0
1790972143946,106412,10.6,11,459.7,470.3,11,459.7,0,0.0,0.00,0
1790972145942,106412,10.6,11,459.7,470.3,11,459.7,0,0.0,0.00,0
1790972147959,106412,10.6,11,459.7,470.3,11,459.7,0,0.0,0.00,0
1790972149960,106412,10.6,11,459.7,470.3,11,459.7,0,0.0,0.00,0
1790972151977,106412,10.6,11,460.4,471.0,11,460.4,0,0.0,0.00,0
1790972153984,106412,10.6,11,460.4,471.0,11,460.4,0,0.0,0.00,0
1790972155984,106412,10.6,11,460.4,471.0,11,460.4,0,0.0,0.00,0
1790972157998,106412,10.6,11,460.4,471.0,11,460.4,0,0.0,0.00,0
1790972160017,106412,10.6,11,460.4,471.0,11,460.4,0,0.0,0.00,0
1790972162030,106412,10.6,11,460.4,471.0,11,460.4,0,0.0,0.00,0
1790972164055,106412,10.6,11,459.7,470.3,11,459.7,0,0.0,0.00,0
1790972166061,106412,10.6,11,459.7,470.3,11,459.7,0,0.0,0.00,0
1790972168083,106412,10.6,11,459.7,470.3,11,459.7,0,0.0,0.00,0
1790972170094,106412,10.6,11,459.7,470.3,11,459.7,0,0.0,0.00,0
1790972172106,106412,10.6,11,459.7,470.3,11,459.7,0,0.0,0.00,0
1790972174121,106412,10.6,11,459.7,470.3,11,459.7,0,0.0,0.00,0
1790972176123,106412,10.6,11,459.7,470.3,11,459.7,0,0.0,0.00,0
1790972178140,106412,10.6,11,459.7,470.3,11,459.7,0,0.0,0.00,0
1790972180136,106412,10.6,11,495.6,506.2,11,495.6,0,0.0,0.00,0
1790972182159,106412,10.6,11,495.4,506.0,11,495.4,0,0.0,0.00,0
1790972184164,106412,10.6,11,472.7,483.3,11,472.7,0,0.0,0.00,0
1790972186171,106412,10.6,11,472.7,483.3,11,472.7,0,0.0,0.00,0
1790972188178,106412,10.6,11,460.8,471.4,11,460.8,0,0.0,0.00,0
1790972190181,106412,10.6,11,459.6,470.2,11,459.6,0,0.0,0.00,0
1790972192194,106412,10.6,11,459.6,470.2,11,459.6,0,0.0,0.00,0
1790972194202,106412,10.6,11,463.3,473.9,11,463.3,0,0.0,0.00,0
1790972196216,106412,10.6,11,463.3,473.9,11,463.3,0,0.0,0.00,0
1790972198213,106412,10.6,11,462.9,473.6,11,462.9,0,0.0,0.00,0
1790972200238,106412,10.6,11,462.6,473.2,11,462.6,0,0.0,0.00,0
1790972202256,106412,10.6,11,465.0,475.6,11,465.0,0,0.0,0.00,0
1790972204265,106412,10.6,11,458.7,469.3,11,458.7,0,0.0,0.00,0
1790972206272,106412,10.6,11,457.2,467.8,11,457.2,0,0.0,0.00,0
1790972208271,106412,10.6,11,457.0,467.6,11,457.0,0,0.0,0.00,0
1790972210282,106412,10.6,11,456.9,467.5,11,456.9,0,0.0,0.00,0
1790972212297,106412,10.6,11,457.8,468.4,11,457.8,0,0.0,0.00,0
1790972214296,106412,10.6,11,457.8,468.4,11,457.8,0,0.0,0.00,0
1790972216319,106412,10.6,11,458.5,469.1,11,458.5,0,0.0,0.00,0
1790972218328,106412,10.6,11,458.6,469.2,11,458.6,0,0.0,0.00,0
1790972220335,106412,10.6,11,458.6,469.2,11,458.6,0,0.0,0.00,0
1790972222343,106412,10.6,11,458.5,469.1,11,458.5,0,0.0,0.00,0
1790972224348,106412,10.6,11,458.6,469.2,11,458.6,0,0.0,0.00,0
1790972226361,106412,10.6,11,458.5,469.1,11,458.5,0,0.0,0.00,0
1790972228359,106412,10.6,11,458.5,469.1,11,458.5,0,0.0,0.00,0
1790972230371,106412,10.6,11,458.5,469.1,11,458.5,0,0.0,0.00,0
1790972232399,106412,10.6,11,458.5,469.1,11,458.5,0,0.0,0.00,0
1790972234402,106412,10.6,11,458.7,469.3,11,458.7,0,0.0,0.00,0
1790972236406,106412,10.6,11,458.7,469.3,11,458.7,0,0.0,0.00,0
1790972238414,106412,10.6,11,458.6,469.2,11,458.6,0,0.0,0.00,0
1790972240419,106412,10.6,11,495.8,506.4,11,495.8,0,0.0,0.00,0
1790972242418,106412,10.6,11,495.6,506.2,11,495.6,0,0.0,0.00,0
1790972244438,106412,10.6,11,466.7,477.3,11,466.7,0,0.0,0.00,0
1790972246477,106412,10.6,11,466.6,477.2,11,466.6,0,0.0,0.00,0
1790972248465,106412,10.6,11,458.6,469.2,11,458.6,0,0.0,0.00,0
1790972250495,106412,10.6,11,458.6,469.2,11,458.6,0,0.0,0.00,0
1790972252483,106412,10.6,11,458.6,469.2,11,458.6,0,0.0,0.00,0
1790972254492,106412,10.6,11,459.3,469.9,11,459.3,0,0.0,0.00,0
1790972256499,106412,10.6,11,459.3,469.9,11,459.3,0,0.0,0.00,0
1790972258506,106412,10.6,11,459.4,470.0,11,459.4,0,0.0,0.00,0
1790972260508,106412,10.6,11,459.4,470.0,11,459.4,0,0.0,0.00,0
1790972262523,106412,10.6,11,459.4,470.0,11,459.4,0,0.0,0.00,0
1790972264532,106412,10.6,11,459.4,470.0,11,459.4,0,0.0,0.00,0
1790972266543,106412,10.6,11,458.0,468.6,11,458.0,0,0.0,0.00,0
1790972268546,106412,10.6,11,458.0,468.6,11,458.0,0,0.0,0.00,0
1790972270567,106412,10.6,11,457.9,468.5,11,457.9,0,0.0,0.00,0
1790972272579,106412,10.6,11,458.0,468.6,11,458.0,0,0.0,0.00,0
1790972274591,106412,10.6,11,457.9,468.5,11,457.9,0,0.0,0.00,0
1790972276601,106412,10.6,11,458.6,469.2,11,458.6,0,0.0,0.00,0
1790972278615,106412,10.6,11,458.6,469.2,11,458.6,0,0.0,0.00,0
1790972280624,106412,10.6,11,458.7,469.3,11,458.7,0,0.0,0.00,0
1790972282629,106412,10.6,11,459.0,469.6,11,459.0,0,0.0,0.00,0
1790972284641,106412,10.6,11,459.0,469.6,11,459.0,0,0.0,0.00,0
1790972286654,106412,10.6,11,458.9,469.5,11,458.9,0,0.0,0.00,0
1790972288661,106412,10.6,11,458.9,469.5,11,458.9,0,0.0,0.00,0
1790972290677,106412,10.6,11,458.9,469.5,11,458.9,0,0.0,0.00,0
1790972292683,106412,10.6,11,458.8,469.4,11,458.8,0,0.0,0.00,0
1790972294705,106412,10.6,11,458.9,469.6,11,458.9,0,0.0,0.00,0
1790972296708,106412,10.6,11,464.3,474.9,11,464.3,0,0.0,0.00,0
1790972298716,106412,10.6,11,464.2,474.8,11,464.2,0,0.0,0.00,0
1790972300743,106412,10.6,11,496.8,507.4,11,496.8,0,0.0,0.00,0
1790972302749,106412,10.6,11,497.9,508.6,11,497.9,0,0.0,0.00,0
1790972304762,106412,10.6,11,468.5,479.1,11,468.5,0,0.0,0.00,0
1790972306773,106412,10.6,11,467.5,478.1,11,467.5,0,0.0,0.00,0
1790972308777,106412,10.6,11,458.7,469.3,11,458.7,0,0.0,0.00,0
1790972310791,106412,10.6,11,457.5,468.1,11,457.5,0,0.0,0.00,0
1790972312802,106412,10.6,11,457.5,468.1,11,457.5,0,0.0,0.00,0
1790972314807,106412,10.6,11,458.2,468.8,11,458.2,0,0.0,0.00,0
1790972316832,106412,10.6,11,458.2,468.8,11,458.2,0,0.0,0.00,0
1790972318844,106412,10.6,11,459.0,469.6,11,459.0,0,0.0,0.00,0
1790972320855,106412,10.6,11,458.9,469.5,11,458.9,0,0.0,0.00,0
1790972322857,106412,10.6,11,458.9,469.5,11,458.9,0,0.0,0.00,0
1790972324871,106412,10.6,11,458.9,469.5,11,458.9,0,0.0,0.00,0
1790972326873,106412,10.6,11,458.9,469.5,11,458.9,0,0.0,0.00,0
1790972328872,106412,10.6,11,458.9,469.5,11,458.9,0,0.0,0.00,0
1790972330880,106412,10.6,11,458.9,469.5,11,458.9,0,0.0,0.00,0
1790972332889,106412,10.6,11,458.9,469.5,11,458.9,0,0.0,0.00,0
1790972334899,106412,10.6,11,458.9,469.5,11,458.9,0,0.0,0.00,0
1790972336910,106412,10.6,11,458.9,469.5,11,458.9,0,0.0,0.00,0
1790972338923,106412,10.6,11,459.0,469.6,11,459.0,0,0.0,0.00,0
1790972340931,106412,10.6,11,458.8,469.4,11,458.8,0,0.0,0.00,0
1790972342940,106412,10.6,11,458.8,469.4,11,458.8,0,0.0,0.00,0
1790972344954,106412,10.6,11,458.8,469.4,11,458.8,0,0.0,0.00,0
1790972346973,106412,10.6,11,458.8,469.4,11,458.8,0,0.0,0.00,0
1790972348980,106412,10.6,11,458.8,469.4,11,458.8,0,0.0,0.00,0
1790972350985,106412,10.6,11,458.8,469.4,11,458.8,0,0.0,0.00,0
1790972353002,106412,10.6,11,458.8,469.4,11,458.8,0,0.0,0.00,0
1790972355013,106412,10.6,11,458.8,469.4,11,458.8,0,0.0,0.00,0
1790972357027,106412,10.6,11,459.4,470.0,11,459.4,0,0.0,0.00,0
1790972359048,106412,10.6,11,482.6,493.2,11,482.6,0,0.0,0.00,0
1790972361063,106412,10.6,11,496.8,507.4,11,496.8,0,0.0,0.00,0
1790972363071,106412,10.6,11,496.9,507.5,11,496.9,0,0.0,0.00,0
1790972365080,106412,10.6,11,470.2,480.8,11,470.2,0,0.0,0.00,0
1790972367089,106412,10.6,11,460.8,471.4,11,460.8,0,0.0,0.00,0
1790972369084,106412,10.6,11,459.6,470.2,11,459.6,0,0.0,0.00,0
1790972371084,106412,10.6,11,459.6,470.2,11,459.6,0,0.0,0.00,0
1790972373095,106412,10.6,11,458.8,469.4,11,458.8,0,0.0,0.00,0
1790972375111,106412,10.6,11,458.9,469.5,11,458.9,0,0.0,0.00,0
1790972377126,106412,10.6,11,459.2,469.8,11,459.2,0,0.0,0.00,0
1790972379140,106412,10.6,11,459.0,469.6,11,459.0,0,0.0,0.00,0
1790972381143,106412,10.6,11,458.9,469.6,11,458.9,0,0.0,0.00,0
1790972383156,106412,10.6,11,459.1,469.7,11,459.1,0,0.0,0.00,0
1790972385184,106412,10.6,11,459.0,469.6,11,459.0,0,0.0,0.00,0
1790972387183,106412,10.6,11,459.3,469.9,11,459.3,0,0.0,0.00,0
1790972389182,106412,10.6,11,459.2,469.8,11,459.2,0,0.0,0.00,0
1790972391186,106412,10.6,11,459.3,469.9,11,459.3,0,0.0,0.00,0
1790972393204,106412,10.6,11,459.2,469.8,11,459.2,0,0.0,0.00,0
1790972395208,106412,10.6,11,459.3,469.9,11,459.3,0,0.0,0.00,0
1790972397226,106412,10.6,11,459.3,469.9,11,459.3,0,0.0,0.00,0
1790972399224,106412,10.6,11,463.0,473.6,11,463.0,0,0.0,0.00,0
1790972401231,106412,10.6,11,462.5,473.1,11,462.5,0,0.0,0.00,0
1790972403239,106412,10.6,11,462.3,472.9,11,462.3,0,0.0,0.00,0
1790972405254,106412,10.6,11,462.1,472.7,11,462.1,0,0.0,0.00,0
1790972407265,106412,10.6,11,459.8,470.4,11,459.8,0,0.0,0.00,0
1790972409275,106412,10.6,11,459.6,470.2,11,459.6,0,0.0,0.00,0
1790972411282,106412,10.6,11,458.0,468.6,11,458.0,0,0.0,0.00,0
1790972413293,106412,10.6,11,457.9,468.5,11,457.9,0,0.0,0.00,0
1790972415320,106412,10.6,11,458.0,468.6,11,458.0,0,0.0,0.00,0
1790972417332,106412,10.6,11,458.6,469.2,11,458.6,0,0.0,0.00,0
1790972419333,106412,10.6,11,496.9,507.5,11,496.9,0,0.0,0.00,0
1790972421329,106412,10.6,11,497.2,507.8,11,497.2,0,0.0,0.00,0
1790972423339,106412,10.6,11,466.9,477.5,11,466.9,0,0.0,0.00,0
1790972425355,106412,10.6,11,466.8,477.4,11,466.8,0,0.0,0.00,0
1790972427375,106412,10.6,11,460.8,471.4,11,460.8,0,0.0,0.00,0
1790972429390,106412,10.6,11,458.8,469.4,11,458.8,0,0.0,0.00,0
1790972431402,106412,10.6,11,458.8,469.4,11,458.8,0,0.0,0.00,0
1790972433402,106412,10.6,11,458.7,469.3,11,458.7,0,0.0,0.00,0
1790972435418,106412,10.6,11,458.8,469.4,11,458.8,0,0.0,0.00,0
1790972437436,106412,10.6,11,458.7,469.3,11,458.7,0,0.0,0.00,0
1790972439458,106412,10.6,11,459.5,470.1,11,459.5,0,0.0,0.00,0
1790972441464,106412,10.6,11,459.5,470.1,11,459.5,0,0.0,0.00,0
1790972443465,106412,10.6,11,459.6,470.2,11,459.6,0,0.0,0.00,0
1790972445472,106412,10.6,11,459.5,470.1,11,459.5,0,0.0,0.00,0
1790972447481,106412,10.6,11,459.5,470.1,11,459.5,0,0.0,0.00,0
1790972449500,106412,10.6,11,459.5,470.1,11,459.5,0,0.0,0.00,0
1790972451517,106412,10.6,11,459.5,470.1,11,459.5,0,0.0,0.00,0
1790972453524,106412,10.6,11,459.5,470.1,11,459.5,0,0.0,0.00,0
1790972455532,106412,10.6,11,459.5,470.1,11,459.5,0,0.0,0.00,0
1790972457543,106412,10.6,11,459.5,470.1,11,459.5,0,0.0,0.00,0
1790972459564,106412,10.6,11,460.2,470.8,11,460.2,0,0.0,0.00,0
1790972461569,106412,10.6,11,460.1,470.7,11,460.1,0,0.0,0.00,0
1790972463582,106412,10.6,11,460.2,470.8,11,460.2,0,0.0,0.00,0
1790972465596,106412,10.6,11,460.1,470.7,11,460.1,0,0.0,0.00,0
1790972467600,106412,10.6,11,460.2,470.8,11,460.2,0,0.0,0.00,0
1790972469623,106412,10.6,11,460.1,470.7,11,460.1,0,0.0,0.00,0
1790972471619,106412,10.6,11,459.6,470.2,11,459.6,0,0.0,0.00,0
1790972473635,106412,10.6,11,459.4,470.1,11,459.4,0,0.0,0.00,0
1790972475641,106412,10.6,11,459.6,470.2,11,459.6,0,0.0,0.00,0
1790972477659,106412,10.6,11,459.5,470.1,11,459.5,0,0.0,0.00,0
1790972479671,106412,10.6,11,497.2,507.8,11,497.2,0,0.0,0.00,0
1790972481693,106412,10.6,11,496.6,507.2,11,496.6,0,0.0,0.00,0
1790972483701,106412,10.6,11,468.2,478.8,11,468.2,0,0.0,0.00,0
1790972485723,106412,10.6,11,467.9,478.5,11,467.9,0,0.0,0.00,0
1790972487731,106412,10.6,11,460.8,471.4,11,460.8,0,0.0,0.00,0
1790972489753,106412,10.6,11,459.6,470.2,11,459.6,0,0.0,0.00,0
1790972491762,106412,10.6,11,459.6,470.2,11,459.6,0,0.0,0.00,0
1790972493779,106412,10.6,11,459.6,470.2,11,459.6,0,0.0,0.00,0
1790972495802,106412,10.6,11,459.6,470.2,11,459.6,0,0.0,0.00,0
1790972497808,106412,10.6,11,459.6,470.2,11,459.6,0,0.0,0.00,0
1790972499822,106412,10.6,11,459.6,470.2,11,459.6,0,0.0,0.00,0
1790972501822,106412,10.6,11,465.2,475.8,11,465.2,0,0.0,0.00,0
1790972503828,106412,10.6,11,465.2,475.8,11,465.2,0,0.0,0.00,0
1790972505844,106412,10.6,11,462.9,473.5,11,462.9,0,0.0,0.00,0
1790972507865,106412,10.6,11,462.5,473.1,11,462.5,0,0.0,0.00,0
1790972509873,106412,10.6,11,458.9,469.5,11,458.9,0,0.0,0.00,0
1790972511895,106412,10.6,11,458.6,469.2,11,458.6,0,0.0,0.00,0
1790972513909,106412,10.6,11,458.3,468.9,11,458.3,0,0.0,0.00,0
1790972515914,106412,10.6,11,458.3,468.9,11,458.3,0,0.0,0.00,0
1790972517915,106412,10.6,11,458.3,468.9,11,458.3,0,0.0,0.00,0
1790972519935,106412,10.6,11,459.0,469.6,11,459.0,0,0.0,0.00,0
1790972521948,106412,10.6,11,459.0,469.6,11,459.0,0,0.0,0.00,0
1790972523945,106412,10.6,11,459.7,470.3,11,459.7,0,0.0,0.00,0
1790972525959,106412,10.6,11,459.6,470.2,11,459.6,0,0.0,0.00,0
1790972527967,106412,10.6,11,459.6,470.2,11,459.6,0,0.0,0.00,0
1790972529991,106412,10.6,11,459.6,470.2,11,459.6,0,0.0,0.00,0
1790972532003,106412,10.6,11,459.6,470.2,11,459.6,0,0.0,0.00,0
1790972534013,106412,10.6,11,459.6,470.2,11,459.6,0,0.0,0.00,0
1790972536038,106412,10.6,11,459.6,470.2,11,459.6,0,0.0,0.00,0
1790972538044,106412,10.6,11,459.6,470.2,11,459.6,0,0.0,0.00,0
1790972540058,106412,10.6,11,498.4,509.0,11,498.4,0,0.0,0.00,0
1790972542074,106412,10.6,11,497.9,508.5,11,497.9,0,0.0,0.00,0
1790972544106,106412,10.6,11,467.4,478.0,11,467.4,0,0.0,0.00,0
1790972546105,106412,10.6,11,467.1,477.7,11,467.1,0,0.0,0.00,0
1790972548109,106412,10.6,11,460.8,471.4,11,460.8,0,0.0,0.00,0
1790972550128,106412,10.6,11,460.8,471.4,11,460.8,0,0.0,0.00,0
1790972552136,106412,10.6,11,459.6,470.2,11,459.6,0,0.0,0.00,0
1790972554150,106412,10.6,11,459.6,470.2,11,459.6,0,0.0,0.00,0
1790972556166,106412,10.6,11,459.6,470.2,11,459.6,0,0.0,0.00,0
1790972558166,106412,10.6,11,459.5,470.1,11,459.5,0,0.0,0.00,0
1790972560186,106412,10.6,11,459.6,470.2,11,459.6,0,0.0,0.00,0
1790972562191,106412,10.6,11,460.2,470.8,11,460.2,0,0.0,0.00,0
1790972564200,106412,10.6,11,460.2,470.8,11,460.2,0,0.0,0.00,0
1790972566199,106412,10.6,11,460.3,470.9,11,460.3,0,0.0,0.00,0
1790972568213,106412,10.6,11,460.4,471.0,11,460.4,0,0.0,0.00,0
1790972570222,106412,10.6,11,460.3,470.9,11,460.3,0,0.0,0.00,0
1790972572226,106412,10.6,11,460.4,471.0,11,460.4,0,0.0,0.00,0
1790972574239,106412,10.6,11,459.7,470.3,11,459.7,0,0.0,0.00,0
1790972576249,106412,10.6,11,459.7,470.3,11,459.7,0,0.0,0.00,0
1790972578264,106412,10.6,11,459.7,470.3,11,459.7,0,0.0,0.00,0
1790972580289,106412,10.6,11,459.7,470.3,11,459.7,0,0.0,0.00,0
1790972582291,106412,10.6,11,459.7,470.3,11,459.7,0,0.0,0.00,0
1790972584304,106412,10.6,11,459.7,470.3,11,459.7,0,0.0,0.00,0
1790972586322,106412,10.6,11,459.7,470.3,11,459.7,0,0.0,0.00,0
1790972588332,106412,10.6,11,459.7,470.3,11,459.7,0,0.0,0.00,0
1790972590348,106412,10.6,11,459.6,470.2,11,459.6,0,0.0,0.00,0
1790972592357,106412,10.6,11,459.7,470.3,11,459.7,0,0.0,0.00,0
1790972594379,106412,10.6,11,459.6,470.2,11,459.6,0,0.0,0.00,0
1790972596383,106412,10.6,11,459.7,470.3,11,459.7,0,0.0,0.00,0
1790972598382,106412,10.6,11,459.7,470.3,11,459.7,0,0.0,0.00,0
1790972600411,106412,10.6,11,497.5,508.1,11,497.5,0,0.0,0.00,0
1790972602412,106412,10.6,11,497.2,507.8,11,497.2,0,0.0,0.00,0
1790972604418,106412,10.6,11,476.1,486.7,11,476.1,0,0.0,0.00,0
1790972606423,106412,10.6,11,472.1,482.7,11,472.1,0,0.0,0.00,0
1790972608428,106412,10.6,11,464.4,475.0,11,464.4,0,0.0,0.00,0
1790972610436,106412,10.6,11,462.2,472.8,11,462.2,0,0.0,0.00,0
1790972612440,106412,10.6,11,458.5,469.1,11,458.5,0,0.0,0.00,0
1790972614448,106412,10.6,11,458.5,469.1,11,458.5,0,0.0,0.00,0
1790972616458,106412,10.6,11,458.5,469.1,11,458.5,0,0.0,0.00,0
1790972618487,106412,10.6,11,458.5,469.1,11,458.5,0,0.0,0.00,0
1790972620504,106412,10.6,11,458.5,469.1,11,458.5,0,0.0,0.00,0
1790972622513,106412,10.6,11,459.2,469.8,11,459.2,0,0.0,0.00,0
1790972624532,106412,10.6,11,459.2,469.8,11,459.2,0,0.0,0.00,0
1790972626541,106412,10.6,11,459.8,470.4,11,459.8,0,0.0,0.00,0
1790972628541,106412,10.6,11,459.8,470.4,11,459.8,0,0.0,0.00,0
1790972630543,106412,10.6,11,459.5,470.1,11,459.5,0,0.0,0.00,0
1790972632544,106412,10.6,11,459.6,470.2,11,459.6,0,0.0,0.00,0
1790972634566,106412,10.6,11,459.5,470.1,11,459.5,0,0.0,0.00,0
1790972636585,106412,10.6,11,459.5,470.1,11,459.5,0,0.0,0.00,0
1790972638594,106412,10.6,11,459.7,470.3,11,459.7,0,0.0,0.00,0
1790972640607,106412,10.6,11,459.6,470.2,11,459.6,0,0.0,0.00,0
1790972642619,106412,10.6,11,459.6,470.2,11,459.6,0,0.0,0.00,0
1790972644627,106412,10.6,11,459.6,470.2,11,459.6,0,0.0,0.00,0
1790972646642,106412,10.6,11,459.8,470.4,11,459.8,0,0.0,0.00,0
1790972648659,106412,10.6,11,459.8,470.4,11,459.8,0,0.0,0.00,0
1790972650671,106412,10.6,11,459.5,470.1,11,459.5,0,0.0,0.00,0
1790972652673,106412,10.6,11,459.5,470.1,11,459.5,0,0.0,0.00,0
1790972654683,106412,10.6,11,459.6,470.2,11,459.6,0,0.0,0.00,0
1790972656699,106412,10.6,11,459.6,470.2,11,459.6,0,0.0,0.00,0
1790972658718,106412,10.6,11,459.5,470.1,11,459.5,0,0.0,0.00,0
1790972660715,106412,10.6,11,495.5,506.1,11,495.5,0,0.0,0.00,0
1790972662721,106412,10.6,11,495.3,505.9,11,495.3,0,0.0,0.00,0
1790972664736,106412,10.6,11,468.2,478.8,11,468.2,0,0.0,0.00,0
1790972666740,106412,10.6,11,467.3,477.9,11,467.3,0,0.0,0.00,0
1790972668753,106412,10.6,11,461.5,472.1,11,461.5,0,0.0,0.00,0
1790972670754,106412,10.6,11,461.5,472.1,11,461.5,0,0.0,0.00,0
1790972672755,106412,10.6,11,460.3,470.9,11,460.3,0,0.0,0.00,0
1790972674770,106412,10.6,11,460.3,470.9,11,460.3,0,0.0,0.00,0
1790972676782,106412,10.6,11,459.6,470.2,11,459.6,0,0.0,0.00,0
1790972678793,106412,10.6,11,459.6,470.2,11,459.6,0,0.0,0.00,0
1790972680801,106412,10.6,11,459.6,470.2,11,459.6,0,0.0,0.00,0
1790972682812,106412,10.6,11,459.6,470.2,11,459.6,0,0.0,0.00,0
1790972684831,106412,10.6,11,459.6,470.2,11,459.6,0,0.0,0.00,0
1790972686844,106412,10.6,11,459.5,470.1,11,459.5,0,0.0,0.00,0
1790972688862,106412,10.6,11,459.6,470.2,11,459.6,0,0.0,0.00,0
1790972690876,106412,10.6,11,459.5,470.1,11,459.5,0,0.0,0.00,0
1790972692881,106412,10.6,11,459.6,470.2,11,459.6,0,0.0,0.00,0
1790972694888,106412,10.6,11,459.6,470.2,11,459.6,0,0.0,0.00,0
1790972696902,106412,10.6,11,459.6,470.2,11,459.6,0,0.0,0.00,0
1790972698915,106412,10.6,11,459.6,470.2,11,459.6,0,0.0,0.00,0
1790972700930,106412,10.6,11,459.6,470.2,11,459.6,0,0.0,0.00,0
1790972702935,106412,10.6,11,459.6,470.2,11,459.6,0,0.0,0.00,0
1790972704953,106412,10.6,11,459.6,470.2,11,459.6,0,0.0,0.00,0
1790972706973,106412,10.6,11,465.1,475.7,11,465.1,0,0.0,0.00,0
1790972708975,106412,10.6,11,463.3,473.9,11,463.3,0,0.0,0.00,0
1790972710988,106412,10.6,11,462.5,473.1,11,462.5,0,0.0,0.00,0
1790972712993,106412,10.6,11,462.5,473.1,11,462.5,0,0.0,0.00,0
1790972714997,106412,10.6,11,458.2,468.8,11,458.2,0,0.0,0.00,0
1790972717023,106412,10.6,11,458.0,468.6,11,458.0,0,0.0,0.00,0
1790972719041,106412,10.6,11,480.6,491.2,11,480.6,0,0.0,0.00,0
1790972721049,106412,10.6,11,494.5,505.1,11,494.5,0,0.0,0.00,0
1790972723050,106412,10.6,11,494.7,505.3,11,494.7,0,0.0,0.00,0
1790972725051,106412,10.6,11,465.3,475.9,11,465.3,0,0.0,0.00,0
1790972727055,106412,10.6,11,459.9,470.5,11,459.9,0,0.0,0.00,0
1790972729076,106412,10.6,11,460.0,470.6,11,460.0,0,0.0,0.00,0
1790972731085,106412,10.6,11,459.5,470.1,11,459.5,0,0.0,0.00,0
1790972733088,106412,10.6,11,459.5,470.1,11,459.5,0,0.0,0.00,0
1790972735082,106412,10.6,11,459.5,470.1,11,459.5,0,0.0,0.00,0
1790972737097,106412,10.6,11,459.5,470.1,11,459.5,0,0.0,0.00,0
1790972739103,106412,10.6,11,459.5,470.1,11,459.5,0,0.0,0.00,0
1790972741120,106412,10.6,11,459.4,470.0,11,459.4,0,0.0,0.00,0
1790972743139,106412,10.6,11,459.4,470.0,11,459.4,0,0.0,0.00,0
1790972745135,106412,10.6,11,459.3,469.9,11,459.3,0,0.0,0.00,0
1790972747143,106412,10.6,11,459.4,470.0,11,459.4,0,0.0,0.00,0
1790972749154,106412,10.6,11,459.1,469.7,11,459.1,0,0.0,0.00,0
1790972751163,106412,10.6,11,459.2,469.8,11,459.2,0,0.0,0.00,0
1790972753172,106412,10.6,11,459.2,469.8,11,459.2,0,0.0,0.00,0
1790972755176,106412,10.6,11,459.2,469.8,11,459.2,0,0.0,0.00,0
1790972757187,106412,10.6,11,459.2,469.8,11,459.2,0,0.0,0.00,0
1790972759206,106412,10.6,11,459.3,469.9,11,459.3,0,0.0,0.00,0
1790972761219,106412,10.6,11,459.2,469.8,11,459.2,0,0.0,0.00,0
1790972763228,106412,10.6,11,459.2,469.8,11,459.2,0,0.0,0.00,0
1790972765239,106412,10.6,11,459.2,469.8,11,459.2,0,0.0,0.00,0
1790972767254,106412,10.6,11,460.0,470.6,11,460.0,0,0.0,0.00,0
1790972769259,106412,10.6,11,459.9,470.5,11,459.9,0,0.0,0.00,0
1790972771267,106412,10.6,11,460.0,470.6,11,460.0,0,0.0,0.00,0
1790972773284,106412,10.6,11,459.9,470.5,11,459.9,0,0.0,0.00,0
1790972775295,106412,10.6,11,460.0,470.6,11,460.0,0,0.0,0.00,0
1790972777317,106412,10.6,11,459.9,470.5,11,459.9,0,0.0,0.00,0
1790972779334,106412,10.6,11,497.7,508.3,11,497.7,0,0.0,0.00,0
1790972781341,106412,10.6,11,497.1,507.7,11,497.1,0,0.0,0.00,0
1790972783356,106412,10.6,11,497.4,508.0,11,497.4,0,0.0,0.00,0
1790972785384,106412,10.6,11,466.4,477.0,11,466.4,0,0.0,0.00,0
1790972787387,106412,10.6,11,458.7,469.3,11,458.7,0,0.0,0.00,0
1790972789395,106412,10.6,11,459.3,469.9,11,459.3,0,0.0,0.00,0
1790972791409,106412,10.6,11,459.4,470.0,11,459.4,0,0.0,0.00,0
1790972793429,106412,10.6,11,459.3,469.9,11,459.3,0,0.0,0.00,0
1790972795440,106412,10.6,11,459.4,470.0,11,459.4,0,0.0,0.00,0
1790972797454,106412,10.6,11,459.3,469.9,11,459.3,0,0.0,0.00,0
1790972799460,106412,10.6,11,459.4,470.0,11,459.4,0,0.0,0.00,0
1790972801475,106412,10.6,11,459.3,469.9,11,459.3,0,0.0,0.00,0
1790972803482,106412,10.6,11,459.4,470.0,11,459.4,0,0.0,0.00,0
1790972805503,106412,10.6,11,459.3,469.9,11,459.3,0,0.0,0.00,0
1790972807503,106412,10.6,11,459.4,470.0,11,459.4,0,0.0,0.00,0
1790972809511,106412,10.6,11,464.4,475.0,11,464.4,0,0.0,0.00,0
1790972811531,106412,10.6,11,462.7,473.3,11,462.7,0,0.0,0.00,0
1790972813538,106412,10.6,11,462.5,473.1,11,462.5,0,0.0,0.00,0
1790972815548,106412,10.6,11,462.6,473.2,11,462.6,0,0.0,0.00,0
1790972817564,106412,10.6,11,458.5,469.1,11,458.5,0,0.0,0.00,0
1790972819573,106412,10.6,11,458.3,468.9,11,458.3,0,0.0,0.00,0
1790972821572,106412,10.6,11,457.9,468.5,11,457.9,0,0.0,0.00,0
1790972823592,106412,10.6,11,458.0,468.6,11,458.0,0,0.0,0.00,0
1790972825596,106412,10.6,11,457.9,468.5,11,457.9,0,0.0,0.00,0
1790972827609,106412,10.6,11,458.7,469.3,11,458.7,0,0.0,0.00,0
1790972829622,106412,10.6,11,459.3,469.9,11,459.3,0,0.0,0.00,0
1790972831635,106412,10.6,11,459.4,470.0,11,459.4,0,0.0,0.00,0
1790972833636,106412,10.6,11,459.3,469.9,11,459.3,0,0.0,0.00,0
1790972835646,106412,10.6,11,459.4,470.0,11,459.4,0,0.0,0.00,0
1790972837652,106412,10.6,11,459.3,469.9,11,459.3,0,0.0,0.00,0
1790972839662,106412,10.6,11,498.1,508.7,11,498.1,0,0.0,0.00,0
1790972841675,106412,10.6,11,497.7,508.3,11,497.7,0,0.0,0.00,0
1790972843690,106412,10.6,11,497.8,508.4,11,497.8,0,0.0,0.00,0
1790972845701,106412,10.6,11,466.3,476.9,11,466.3,0,0.0,0.00,0
1790972847717,106412,10.6,11,460.3,470.9,11,460.3,0,0.0,0.00,0
1790972849738,106412,10.6,11,460.2,470.8,11,460.2,0,0.0,0.00,0
1790972851745,106412,10.6,11,459.8,470.4,11,459.8,0,0.0,0.00,0
1790972853752,106412,10.6,11,459.7,470.3,11,459.7,0,0.0,0.00,0
1790972855756,106412,10.6,11,459.8,470.4,11,459.8,0,0.0,0.00,0
1790972857756,106412,10.6,11,459.7,470.3,11,459.7,0,0.0,0.00,0
1790972859764,106412,10.6,11,459.8,470.4,11,459.8,0,0.0,0.00,0
1790972861777,106412,10.6,11,459.8,470.4,11,459.8,0,0.0,0.00,0
1790972863790,106412,10.6,11,459.8,470.4,11,459.8,0,0.0,0.00,0
1790972865795,106412,10.6,11,459.7,470.3,11,459.7,0,0.0,0.00,0
1790972867805,106412,10.6,11,459.7,470.3,11,459.7,0,0.0,0.00,0
1790972869811,106412,10.6,11,460.2,470.8,11,460.2,0,0.0,0.00,0
1790972871825,106412,10.6,11,460.2,470.8,11,460.2,0,0.0,0.00,0
1790972873847,106412,10.6,11,460.4,471.0,11,460.4,0,0.0,0.00,0
1790972875855,106412,10.6,11,460.4,471.0,11,460.4,0,0.0,0.00,0
1790972877855,106412,10.6,11,460.4,471.0,11,460.4,0,0.0,0.00,0
1790972879864,106412,10.6,11,460.4,471.0,11,460.4,0,0.0,0.00,0
1790972881868,106412,10.6,11,459.7,470.3,11,459.7,0,0.0,0.00,0
1790972883875,106412,10.6,11,459.7,470.3,11,459.7,0,0.0,0.00,0
1790972885890,106412,10.6,11,459.7,470.3,11,459.7,0,0.0,0.00,0
1790972887909,106412,10.6,11,459.7,470.3,11,459.7,0,0.0,0.00,0
1790972889914,106412,10.6,11,459.7,470.3,11,459.7,0,0.0,0.00,0
1790972891930,106412,10.6,11,459.7,470.3,11,459.7,0,0.0,0.00,0
1790972893933,106412,10.6,11,459.6,470.2,11,459.6,0,0.0,0.00,0
1790972895935,106412,10.6,11,459.7,470.3,11,459.7,0,0.0,0.00,0
1790972897947,106412,10.6,11,459.7,470.3,11,459.7,0,0.0,0.00,0
1790972899957,106412,10.6,11,497.6,508.2,11,497.6,0,0.0,0.00,0
1790972901968,106412,10.6,11,497.2,507.8,11,497.2,0,0.0,0.00,0
1790972903985,106412,10.6,11,467.1,477.7,11,467.1,0,0.0,0.00,0
1790972905993,106412,10.6,11,467.1,477.7,11,467.1,0,0.0,0.00,0
1790972908005,106412,10.6,11,459.7,470.3,11,459.7,0,0.0,0.00,0
1790972910014,106412,10.6,11,459.7,470.3,11,459.7,0,0.0,0.00,0
1790972912020,106412,10.6,11,465.2,475.8,11,465.2,0,0.0,0.00,0
1790972914028,106412,10.6,11,462.9,473.5,11,462.9,0,0.0,0.00,0
1790972916032,106412,10.6,11,462.9,473.5,11,462.9,0,0.0,0.00,0
1790972918049,106412,10.6,11,462.7,473.3,11,462.7,0,0.0,0.00,0
1790972920057,106412,10.6,11,458.7,469.3,11,458.7,0,0.0,0.00,0
1790972922054,106412,10.6,11,458.3,468.9,11,458.3,0,0.0,0.00,0
1790972924067,106412,10.6,11,458.4,469.0,11,458.4,0,0.0,0.00,0
1790972926076,106412,10.6,11,458.3,468.9,11,458.3,0,0.0,0.00,0
1790972928099,106412,10.6,11,458.4,469.0,11,458.4,0,0.0,0.00,0
1790972930110,106412,10.6,11,458.7,469.3,11,458.7,0,0.0,0.00,0
1790972932109,106412,10.6,11,459.6,470.2,11,459.6,0,0.0,0.00,0
1790972934127,106412,10.6,11,459.6,470.2,11,459.6,0,0.0,0.00,0
1790972936131,106412,10.6,11,459.7,470.3,11,459.7,0,0.0,0.00,0
1790972938133,106412,10.6,11,459.6,470.2,11,459.6,0,0.0,0.00,0
1790972940140,106412,10.6,11,459.6,470.2,11,459.6,0,0.0,0.00,0
1790972942155,106412,10.6,11,459.5,470.1,11,459.5,0,0.0,0.00,0
1790972944178,106412,10.6,11,459.6,470.2,11,459.6,0,0.0,0.00,0
1790972946193,106412,10.6,11,459.5,470.1,11,459.5,0,0.0,0.00,0
1790972948207,106412,10.6,11,459.6,470.2,11,459.6,0,0.0,0.00,0
1790972950221,106412,10.6,11,459.5,470.1,11,459.5,0,0.0,0.00,0
1790972952239,106412,10.6,11,459.6,470.2,11,459.6,0,0.0,0.00,0
1790972954247,106412,10.6,11,459.6,470.2,11,459.6,0,0.0,0.00,0
1790972956265,106412,10.6,11,459.5,470.1,11,459.5,0,0.0,0.00,0
1790972958271,106412,10.6,11,459.4,470.0,11,459.4,0,0.0,0.00,0
1790972960286,106412,10.6,11,497.0,507.6,11,497.0,0,0.0,0.00,0
1790972962299,106412,10.6,11,496.6,507.2,11,496.6,0,0.0,0.00,0
1790972964298,106412,10.6,11,472.2,482.8,11,472.2,0,0.0,0.00,0
1790972966311,106412,10.6,11,472.2,482.8,11,472.2,0,0.0,0.00,0
1790972968319,106412,10.6,11,460.8,471.4,11,460.8,0,0.0,0.00,0
1790972970330,106412,10.6,11,459.6,470.2,11,459.6,0,0.0,0.00,0
1790972972333,106412,10.6,11,460.2,470.9,11,460.2,0,0.0,0.00,0
1790972974345,106412,10.6,11,460.3,470.9,11,460.3,0,0.0,0.00,0
1790972976348,106412,10.6,11,460.3,470.9,11,460.3,0,0.0,0.00,0
1790972978358,106412,10.6,11,460.2,470.8,11,460.2,0,0.0,0.00,0
1790972980379,106412,10.6,11,460.3,470.9,11,460.3,0,0.0,0.00,0
1790972982393,106412,10.6,11,460.3,470.9,11,460.3,0,0.0,0.00,0
1790972984409,106412,10.6,11,459.6,470.2,11,459.6,0,0.0,0.00,0
1790972986423,106412,10.6,11,459.6,470.2,11,459.6,0,0.0,0.00,0
1790972988441,106412,10.6,11,459.6,470.2,11,459.6,0,0.0,0.00,0
1790972990459,106412,10.6,11,459.2,469.8,11,459.2,0,0.0,0.00,0
1790972992467,106412,10.6,11,459.2,469.8,11,459.2,0,0.0,0.00,0
1790972994480,106412,10.6,11,459.2,469.8,11,459.2,0,0.0,0.00,0
1790972996480,106412,10.6,11,459.4,470.0,11,459.4,0,0.0,0.00,0
1790972998502,106412,10.6,11,459.4,470.0,11,459.4,0,0.0,0.00,0
1790973000519,106412,10.6,11,459.4,470.0,11,459.4,0,0.0,0.00,0
1790973002519,106412,10.6,11,459.4,470.0,11,459.4,0,0.0,0.00,0
1790973004539,106412,10.6,11,459.4,470.0,11,459.4,0,0.0,0.00,0
1790973006544,106412,10.6,11,459.5,470.1,11,459.5,0,0.0,0.00,0
1790973008567,106412,10.6,11,459.5,470.1,11,459.5,0,0.0,0.00,0
1790973010579,106412,10.6,11,459.5,470.1,11,459.5,0,0.0,0.00,0
1790973012578,106412,10.6,11,459.5,470.1,11,459.5,0,0.0,0.00,0
1790973014585,106412,10.6,11,464.7,475.3,11,464.7,0,0.0,0.00,0
1790973016595,106412,10.6,11,462.8,473.4,11,462.8,0,0.0,0.00,0
1790973018600,106412,10.6,11,462.2,472.8,11,462.2,0,0.0,0.00,0
1790973020611,106412,10.6,11,497.1,507.7,11,497.1,0,0.0,0.00,0
1790973022620,106412,10.6,11,495.9,506.5,11,495.9,0,0.0,0.00,0
1790973024634,106412,10.6,11,467.2,477.8,11,467.2,0,0.0,0.00,0
1790973026651,106412,10.6,11,467.1,477.7,11,467.1,0,0.0,0.00,0
1790973028660,106412,10.6,11,458.2,468.8,11,458.2,0,0.0,0.00,0
1790973030675,106412,10.6,11,458.2,468.8,11,458.2,0,0.0,0.00,0
1790973032681,106412,10.6,11,458.7,469.3,11,458.7,0,0.0,0.00,0
1790973034688,106412,10.6,11,459.4,470.0,11,459.4,0,0.0,0.00,0
1790973036703,106412,10.6,11,459.5,470.1,11,459.5,0,0.0,0.00,0
1790973038700,106412,10.6,11,459.4,470.0,11,459.4,0,0.0,0.00,0
1790973040710,106412,10.6,11,459.4,470.0,11,459.4,0,0.0,0.00,0
1790973042725,106412,10.6,11,459.4,470.0,11,459.4,0,0.0,0.00,0
1790973044733,106412,10.6,11,459.4,470.0,11,459.4,0,0.0,0.00,0
1790973046747,106412,10.6,11,459.4,470.0,11,459.4,0,0.0,0.00,0
1790973048759,106412,10.6,11,459.5,470.1,11,459.5,0,0.0,0.00,0
1790973050766,106412,10.6,11,459.4,470.0,11,459.4,0,0.0,0.00,0
1790973052785,106412,10.6,11,459.5,470.1,11,459.5,0,0.0,0.00,0
1790973054794,106412,10.6,11,459.5,470.1,11,459.5,0,0.0,0.00,0
1790973056803,106412,10.6,11,459.5,470.1,11,459.5,0,0.0,0.00,0
1790973058800,106412,10.6,11,459.5,470.1,11,459.5,0,0.0,0.00,0
1790973060813,106412,10.6,11,459.5,470.1,11,459.5,0,0.0,0.00,0
1790973062822,106412,10.6,11,459.5,470.1,11,459.5,0,0.0,0.00,0
1790973064829,106412,10.6,11,459.5,470.1,11,459.5,0,0.0,0.00,0
1790973066853,106412,10.6,11,459.5,470.1,11,459.5,0,0.0,0.00,0
1790973068858,106412,10.6,11,459.5,470.1,11,459.5,0,0.0,0.00,0
1790973070866,106412,10.6,11,459.5,470.1,11,459.5,0,0.0,0.00,0
1790973072871,106412,10.6,11,459.5,470.1,11,459.5,0,0.0,0.00,0
1790973074873,106412,10.6,11,460.2,470.8,11,460.2,0,0.0,0.00,0
1790973076894,106412,10.6,11,460.1,470.7,11,460.1,0,0.0,0.00,0
1790973078907,106412,10.6,11,460.2,470.8,11,460.2,0,0.0,0.00,0
1790973080920,106412,10.6,11,498.5,509.1,11,498.5,0,0.0,0.00,0
1790973082924,106412,10.6,11,498.2,508.8,11,498.2,0,0.0,0.00,0
1790973084937,106412,10.6,11,469.9,480.5,11,469.9,0,0.0,0.00,0
1790973086934,106412,10.6,11,461.1,471.7,11,461.1,0,0.0,0.00,0
1790973088941,106412,10.6,11,460.2,470.8,11,460.2,0,0.0,0.00,0
1790973090952,106412,10.6,11,459.0,469.6,11,459.0,0,0.0,0.00,0
1790973092964,106412,10.6,11,459.0,469.6,11,459.0,0,0.0,0.00,0
1790973094974,106412,10.6,11,459.8,470.4,11,459.8,0,0.0,0.00,0
1790973096975,106412,10.6,11,459.8,470.4,11,459.8,0,0.0,0.00,0
1790973098980,106412,10.6,11,459.8,470.4,11,459.8,0,0.0,0.00,0
1790973100995,106412,10.6,11,459.8,470.4,11,459.8,0,0.0,0.00,0
1790973102989,106412,10.6,11,459.8,470.4,11,459.8,0,0.0,0.00,0
1790973105002,106412,10.6,11,459.8,470.4,11,459.8,0,0.0,0.00,0
1790973107017,106412,10.6,11,459.8,470.4,11,459.8,0,0.0,0.00,0
1790973109037,106412,10.6,11,459.8,470.4,11,459.8,0,0.0,0.00,0
1790973111056,106412,10.6,11,459.7,470.3,11,459.7,0,0.0,0.00,0
1790973113061,106412,10.6,11,459.8,470.4,11,459.8,0,0.0,0.00,0
1790973115070,106412,10.6,11,459.8,470.4,11,459.8,0,0.0,0.00,0
1790973117079,106412,10.6,11,463.5,474.1,11,463.5,0,0.0,0.00,0
1790973119087,106412,10.6,11,463.1,473.7,11,463.1,0,0.0,0.00,0
1790973121101,106412,10.6,11,462.7,473.3,11,462.7,0,0.0,0.00,0
1790973123103,106412,10.6,11,462.7,473.3,11,462.7,0,0.0,0.00,0
1790973125117,106412,10.6,11,458.5,469.1,11,458.5,0,0.0,0.00,0
1790973127120,106412,10.6,11,458.4,469.0,11,458.4,0,0.0,0.00,0
1790973129128,106412,10.6,11,458.4,469.0,11,458.4,0,0.0,0.00,0
1790973131141,106412,10.6,11,458.4,469.0,11,458.4,0,0.0,0.00,0
1790973133164,106412,10.6,11,458.4,469.0,11,458.4,0,0.0,0.00,0
1790973135175,106412,10.6,11,459.1,469.7,11,459.1,0,0.0,0.00,0
1790973137182,106412,10.6,11,459.8,470.4,11,459.8,0,0.0,0.00,0
1790973139202,106412,10.6,11,497.7,508.3,11,497.7,0,0.0,0.00,0
1790973141218,106412,10.6,11,497.5,508.1,11,497.5,0,0.0,0.00,0
1790973143227,106412,10.6,11,467.6,478.2,11,467.6,0,0.0,0.00,0
1790973145233,106412,10.6,11,467.6,478.2,11,467.6,0,0.0,0.00,0
1790973147246,106412,10.6,11,459.0,469.6,11,459.0,0,0.0,0.00,0
1790973149259,106412,10.6,11,459.0,469.6,11,459.0,0,0.0,0.00,0
1790973151271,106412,10.6,11,459.0,469.6,11,459.0,0,0.0,0.00,0
1790973153290,106412,10.6,11,459.1,469.7,11,459.1,0,0.0,0.00,0
1790973155288,106412,10.6,11,459.7,470.3,11,459.7,0,0.0,0.00,0
1790973157299,106412,10.6,11,459.7,470.3,11,459.7,0,0.0,0.00,0
1790973159303,106412,10.6,11,459.8,470.4,11,459.8,0,0.0,0.00,0
1790973161310,106412,10.6,11,459.8,470.4,11,459.8,0,0.0,0.00,0
1790973163315,106412,10.6,11,459.8,470.4,11,459.8,0,0.0,0.00,0
1790973165316,106412,10.6,11,459.8,470.4,11,459.8,0,0.0,0.00,0
1790973167322,106412,10.6,11,459.8,470.4,11,459.8,0,0.0,0.00,0
1790973169325,106412,10.6,11,459.8,470.4,11,459.8,0,0.0,0.00,0
1790973171337,106412,10.6,11,459.7,470.3,11,459.7,0,0.0,0.00,0
1790973173356,106412,10.6,11,459.8,470.4,11,459.8,0,0.0,0.00,0
1790973175373,106412,10.6,11,459.8,470.4,11,459.8,0,0.0,0.00,0
1790973177375,106412,10.6,11,460.4,471.0,11,460.4,0,0.0,0.00,0
1790973179379,106412,10.6,11,460.6,471.2,11,460.6,0,0.0,0.00,0
1790973181395,106412,10.6,11,460.5,471.1,11,460.5,0,0.0,0.00,0
1790973183407,106412,10.6,11,460.6,471.2,11,460.6,0,0.0,0.00,0
1790973185414,106412,10.6,11,460.5,471.1,11,460.5,0,0.0,0.00,0
1790973187425,106412,10.6,11,460.6,471.2,11,460.6,0,0.0,0.00,0
1790973189428,106412,10.6,11,459.8,470.4,11,459.8,0,0.0,0.00,0
1790973191437,106412,10.6,11,459.9,470.5,11,459.9,0,0.0,0.00,0
1790973193443,106412,10.6,11,459.8,470.4,11,459.8,0,0.0,0.00,0
1790973195445,106412,10.6,11,459.8,470.4,11,459.8,0,0.0,0.00,0
1790973197460,106412,10.6,11,459.8,470.4,11,459.8,0,0.0,0.00,0
1790973199467,106412,10.6,11,496.8,507.4,11,496.8,0,0.0,0.00,0
1790973201475,106412,10.6,11,496.3,506.9,11,496.3,0,0.0,0.00,0
1790973203487,106412,10.6,11,467.4,478.0,11,467.4,0,0.0,0.00,0
1790973205494,106412,10.6,11,467.4,478.0,11,467.4,0,0.0,0.00,0
1790973207495,106412,10.6,11,461.1,471.7,11,461.1,0,0.0,0.00,0
1790973209509,106412,10.6,11,461.0,471.6,11,461.0,0,0.0,0.00,0
1790973211518,106412,10.6,11,459.8,470.4,11,459.8,0,0.0,0.00,0
1790973213535,106412,10.6,11,459.8,470.4,11,459.8,0,0.0,0.00,0
1790973215540,106412,10.6,11,459.8,470.4,11,459.8,0,0.0,0.00,0
1790973217548,106412,10.6,11,459.7,470.3,11,459.7,0,0.0,0.00,0
1790973219561,106412,10.6,11,463.4,474.1,11,463.4,0,0.0,0.00,0
1790973221571,106412,10.6,11,463.0,473.6,11,463.0,0,0.0,0.00,0
1790973223587,106412,10.6,11,463.1,473.7,11,463.1,0,0.0,0.00,0
1790973225582,106412,10.6,11,462.7,473.3,11,462.7,0,0.0,0.00,0
1790973227589,106412,10.6,11,459.1,469.7,11,459.1,0,0.0,0.00,0
1790973229606,106412,10.6,11,458.4,469.0,11,458.4,0,0.0,0.00,0
1790973231624,106412,10.6,11,458.3,468.9,11,458.3,0,0.0,0.00,0
1790973233633,106412,10.6,11,458.2,468.8,11,458.2,0,0.0,0.00,0
1790973235654,106412,10.6,11,458.3,468.9,11,458.3,0,0.0,0.00,0
1790973237648,106412,10.6,11,458.9,469.5,11,458.9,0,0.0,0.00,0
1790973239657,106412,10.6,11,459.8,470.4,11,459.8,0,0.0,0.00,0
1790973241666,106412,10.6,11,459.7,470.3,11,459.7,0,0.0,0.00,0
1790973243671,106412,10.6,11,459.8,470.4,11,459.8,0,0.0,0.00,0
1790973245672,106412,10.6,11,459.7,470.3,11,459.7,0,0.0,0.00,0
1790973247680,106412,10.6,11,459.8,470.4,11,459.8,0,0.0,0.00,0
1790973249678,106412,10.6,11,459.8,470.4,11,459.8,0,0.0,0.00,0
1790973251688,106412,10.6,11,459.8,470.4,11,459.8,0,0.0,0.00,0
1790973253701,106412,10.6,11,459.8,470.4,11,459.8,0,0.0,0.00,0
1790973255717,106412,10.6,11,459.8,470.4,11,459.8,0,0.0,0.00,0
1790973257726,106412,10.6,11,459.8,470.4,11,459.8,0,0.0,0.00,0
1790973259732,106412,10.7,11,498.5,509.1,11,498.5,0,0.0,0.00,0
1790973261734,106412,10.7,11,498.1,508.8,11,498.1,0,0.0,0.00,0
1790973263739,106412,10.7,11,467.5,478.1,11,467.5,0,0.0,0.00,0
1790973265746,106412,10.7,11,467.4,478.0,11,467.4,0,0.0,0.00,0
1790973267757,106412,10.7,11,462.7,473.4,11,462.7,0,0.0,0.00,0
1790973269779,106412,10.7,11,459.7,470.4,11,459.7,0,0.0,0.00,0
1790973271802,106412,10.7,11,459.8,470.4,11,459.8,0,0.0,0.00,0
1790973273823,106412,10.7,11,459.7,470.4,11,459.7,0,0.0,0.00,0
1790973275819,106412,10.7,11,459.8,470.4,11,459.8,0,0.0,0.00,0
1790973277829,106412,10.7,11,459.8,470.5,11,459.8,0,0.0,0.00,0
1790973279845,106412,10.7,11,460.5,471.2,11,460.5,0,0.0,0.00,0
1790973281859,106412,10.7,11,460.5,471.2,11,460.5,0,0.0,0.00,0
1790973283867,106412,10.7,11,460.5,471.2,11,460.5,0,0.0,0.00,0
1790973285882,106412,10.7,11,460.5,471.2,11,460.5,0,0.0,0.00,0
1790973287888,106412,10.7,11,460.5,471.2,11,460.5,0,0.0,0.00,0
1790973289892,106412,10.7,11,460.2,470.9,11,460.2,0,0.0,0.00,0
1790973291905,106412,10.7,11,459.6,470.3,11,459.6,0,0.0,0.00,0
1790973293900,106412,10.7,11,459.6,470.2,11,459.6,0,0.0,0.00,0
1790973295914,106412,10.7,11,459.6,470.2,11,459.6,0,0.0,0.00,0
1790973297934,106412,10.7,11,459.6,470.2,11,459.6,0,0.0,0.00,0
1790973299937,106412,10.7,11,459.6,470.2,11,459.6,0,0.0,0.00,0
1790973301950,106412,10.7,11,459.5,470.2,11,459.5,0,0.0,0.00,0
1790973303958,106412,10.7,11,459.8,470.4,11,459.8,0,0.0,0.00,0
1790973305964,106412,10.7,11,459.7,470.4,11,459.7,0,0.0,0.00,0
1790973307984,106412,10.7,11,459.8,470.4,11,459.8,0,0.0,0.00,0
1790973310012,106412,10.7,11,459.7,470.4,11,459.7,0,0.0,0.00,0
1790973312019,106412,10.7,11,459.7,470.4,11,459.7,0,0.0,0.00,0
1790973314039,106412,10.7,11,459.8,470.5,11,459.8,0,0.0,0.00,0
1790973316040,106412,10.7,11,459.8,470.5,11,459.8,0,0.0,0.00,0
1790973318065,106412,10.7,11,459.8,470.5,11,459.8,0,0.0,0.00,0
1790973320072,106412,10.7,11,497.7,508.4,11,497.7,0,0.0,0.00,0
1790973322083,106412,10.7,11,502.1,512.8,11,502.1,0,0.0,0.00,0
1790973324102,106412,10.7,11,482.7,493.3,11,482.7,0,0.0,0.00,0
1790973326101,106412,10.7,11,482.6,493.3,11,482.6,0,0.0,0.00,0
1790973328115,106412,10.7,11,463.0,473.6,11,463.0,0,0.0,0.00,0
1790973330111,106412,10.7,11,458.2,468.9,11,458.2,0,0.0,0.00,0
1790973332119,106412,10.7,11,458.2,468.9,11,458.2,0,0.0,0.00,0
1790973334124,106412,10.7,11,458.2,468.9,11,458.2,0,0.0,0.00,0
1790973336140,106412,10.7,11,458.3,468.9,11,458.3,0,0.0,0.00,0
1790973338144,106412,10.7,11,458.3,468.9,11,458.3,0,0.0,0.00,0
1790973340149,106412,10.7,11,459.0,469.6,11,459.0,0,0.0,0.00,0
1790973342164,106412,10.7,11,459.6,470.3,11,459.6,0,0.0,0.00,0
1790973344173,106412,10.7,11,459.7,470.3,11,459.7,0,0.0,0.00,0
1790973346199,106412,10.7,11,459.6,470.3,11,459.6,0,0.0,0.00,0
1790973348209,106412,10.7,11,459.6,470.3,11,459.6,0,0.0,0.00,0
1790973350216,106412,10.7,11,459.4,470.1,11,459.4,0,0.0,0.00,0
1790973352220,106412,10.7,11,459.5,470.1,11,459.5,0,0.0,0.00,0
1790973354226,106412,10.7,11,459.5,470.1,11,459.5,0,0.0,0.00,0
1790973356227,106412,10.7,11,459.5,470.2,11,459.5,0,0.0,0.00,0
1790973358235,106412,10.7,11,459.6,470.3,11,459.6,0,0.0,0.00,0
1790973360256,106412,10.7,11,459.6,470.2,11,459.6,0,0.0,0.00,0
1790973362275,106412,10.7,11,459.6,470.2,11,459.6,0,0.0,0.00,0
1790973364284,106412,10.7,11,459.6,470.3,11,459.6,0,0.0,0.00,0
1790973366297,106412,10.7,11,459.6,470.3,11,459.6,0,0.0,0.00,0
1790973368303,106412,10.7,11,459.7,470.3,11,459.7,0,0.0,0.00,0
1790973370305,106412,10.7,11,459.6,470.3,11,459.6,0,0.0,0.00,0
1790973372317,106412,10.7,11,459.7,470.3,11,459.7,0,0.0,0.00,0
1790973374337,106412,10.7,11,459.6,470.3,11,459.6,0,0.0,0.00,0
1790973376350,106412,10.7,11,459.7,470.3,11,459.7,0,0.0,0.00,0
1790973378355,106412,10.7,11,459.6,470.3,11,459.6,0,0.0,0.00,0
1790973380365,106412,10.7,11,498.5,509.1,11,498.5,0,0.0,0.00,0
1790973382386,106412,10.7,11,498.0,508.7,11,498.0,0,0.0,0.00,0
1790973384394,106412,10.7,11,468.0,478.7,11,468.0,0,0.0,0.00,0
1790973386398,106412,10.7,11,468.0,478.7,11,468.0,0,0.0,0.00,0
1790973388400,106412,10.7,11,461.8,472.4,11,461.8,0,0.0,0.00,0
1790973390421,106412,10.7,11,460.6,471.2,11,460.6,0,0.0,0.00,0
1790973392443,106412,10.7,11,460.6,471.2,11,460.6,0,0.0,0.00,0
1790973394457,106412,10.7,11,459.1,469.8,11,459.1,0,0.0,0.00,0
1790973396478,106412,10.7,11,459.1,469.8,11,459.1,0,0.0,0.00,0
1790973398489,106412,10.7,11,459.1,469.8,11,459.1,0,0.0,0.00,0
1790973400506,106412,10.7,11,459.1,469.8,11,459.1,0,0.0,0.00,0
1790973402510,106412,10.7,11,459.8,470.5,11,459.8,0,0.0,0.00,0
1790973404519,106412,10.7,11,459.8,470.5,11,459.8,0,0.0,0.00,0
1790973406527,106412,10.7,11,459.8,470.5,11,459.8,0,0.0,0.00,0
1790973408534,106412,10.7,11,459.9,470.5,11,459.9,0,0.0,0.00,0
1790973410542,106412,10.7,11,459.8,470.4,11,459.8,0,0.0,0.00,0
1790973412537,106412,10.7,11,459.8,470.5,11,459.8,0,0.0,0.00,0
1790973414548,106412,10.7,11,459.8,470.5,11,459.8,0,0.0,0.00,0
1790973416551,106412,10.7,11,459.8,470.5,11,459.8,0,0.0,0.00,0
1790973418571,106412,10.7,11,459.8,470.5,11,459.8,0,0.0,0.00,0
1790973420579,106412,10.7,11,459.9,470.6,11,459.9,0,0.0,0.00,0
1790973422588,106412,10.7,11,459.8,470.5,11,459.8,0,0.0,0.00,0
1790973424599,106412,10.7,11,465.3,476.0,11,465.3,0,0.0,0.00,0
1790973426606,106412,10.7,11,463.1,473.7,11,463.1,0,0.0,0.00,0
1790973428617,106412,10.7,11,462.7,473.4,11,462.7,0,0.0,0.00,0
1790973430630,106412,10.7,11,462.4,473.0,11,462.4,0,0.0,0.00,0
1790973432642,106412,10.7,11,458.4,469.1,11,458.4,0,0.0,0.00,0
1790973434661,106412,10.7,11,458.4,469.1,11,458.4,0,0.0,0.00,0
1790973436677,106412,10.7,11,458.5,469.1,11,458.5,0,0.0,0.00,0
1790973438681,106412,10.7,11,458.5,469.1,11,458.5,0,0.0,0.00,0
