ts_ms,host_pid,host_private_mb,wv_count,wv_private_mb,total_private_mb,widget_count,widget_private_mb,renderer_count,renderer_private_mb
1790954001040,19080,3.6,1,0.6,4.2,1,0.6,0,0.0
1790954002020,19080,10.9,11,534.6,545.4,11,534.6,0,0.0
1790954002509,19080,10.9,11,530.8,541.7,11,530.8,0,0.0
1790954003015,19080,10.9,11,532.3,543.1,11,532.3,0,0.0
1790954003525,19080,10.9,11,535.5,546.4,11,535.5,0,0.0
1790954004041,19080,10.9,11,535.8,546.6,11,535.8,0,0.0
1790954004551,19080,10.9,11,535.6,546.5,11,535.6,0,0.0
1790954005073,19080,10.9,11,535.8,546.7,11,535.8,0,0.0
1790954005591,19080,10.9,11,536.0,546.8,11,536.0,0,0.0
1790954006107,19080,10.9,11,537.0,547.9,11,537.0,0,0.0
1790954006609,19080,10.9,11,510.5,521.4,11,510.5,0,0.0
1790954007108,19080,10.9,11,510.6,521.5,11,510.6,0,0.0
1790954007614,19080,10.9,11,510.2,521.0,11,510.2,0,0.0
1790954008112,19080,10.9,11,509.0,519.8,11,509.0,0,0.0
1790954008632,19080,10.9,11,507.9,518.8,11,507.9,0,0.0
1790954009132,19080,10.9,11,507.9,518.7,11,507.9,0,0.0
1790954009635,19080,10.9,11,507.2,518.1,11,507.2,0,0.0
1790954010133,19080,10.9,11,453.2,464.0,11,453.2,0,0.0
1790954010646,19080,10.9,11,451.3,462.1,11,451.3,0,0.0
1790954011164,19080,10.9,11,451.3,462.1,11,451.3,0,0.0
1790954011677,19080,10.9,11,445.9,456.8,11,445.9,0,0.0
1790954012180,19080,10.9,11,438.2,449.1,11,438.2,0,0.0
1790954012685,19080,10.9,11,438.2,449.1,11,438.2,0,0.0
1790954013187,19080,10.9,11,438.2,449.1,11,438.2,0,0.0
1790954013703,19080,10.9,11,438.2,449.1,11,438.2,0,0.0
1790954014218,19080,10.9,11,438.5,449.4,11,438.5,0,0.0
1790954014728,19080,10.9,11,438.5,449.4,11,438.5,0,0.0
1790954015235,19080,10.9,11,438.5,449.4,11,438.5,0,0.0
1790954015738,19080,10.9,11,438.6,449.5,11,438.6,0,0.0
1790954016247,19080,10.9,11,438.9,449.7,11,438.9,0,0.0
1790954016756,19080,10.9,11,439.0,449.9,11,439.0,0,0.0
1790954017277,19080,10.9,11,439.0,449.9,11,439.0,0,0.0
1790954017775,19080,10.9,11,439.0,449.9,11,439.0,0,0.0
1790954018291,19080,10.9,11,439.1,450.0,11,439.1,0,0.0
1790954018799,19080,10.9,11,439.3,450.1,11,439.3,0,0.0
1790954019310,19080,10.9,11,439.4,450.3,11,439.4,0,0.0
1790954019829,19080,10.9,11,439.5,450.4,11,439.5,0,0.0
1790954020348,19080,10.9,11,440.3,451.1,11,440.3,0,0.0
1790954020862,19080,10.9,11,440.4,451.3,11,440.4,0,0.0
1790954021358,19080,10.9,11,440.2,451.1,11,440.2,0,0.0
1790954021879,19080,10.9,11,440.5,451.3,11,440.5,0,0.0
1790954022393,19080,10.9,11,440.5,451.3,11,440.5,0,0.0
1790954022908,19080,10.9,11,440.6,451.5,11,440.6,0,0.0
1790954023415,19080,10.9,11,441.6,452.4,11,441.6,0,0.0
1790954023931,19080,10.9,11,441.7,452.6,11,441.7,0,0.0
1790954024435,19080,10.9,11,441.7,452.6,11,441.7,0,0.0
1790954024939,19080,10.9,11,441.7,452.6,11,441.7,0,0.0
1790954025456,19080,10.9,11,442.0,452.9,11,442.0,0,0.0
1790954025972,19080,10.9,11,442.1,453.0,11,442.1,0,0.0
1790954026486,19080,10.9,11,442.2,453.1,11,442.2,0,0.0
1790954027004,19080,10.9,11,442.4,453.3,11,442.4,0,0.0
1790954027506,19080,10.9,11,442.5,453.4,11,442.5,0,0.0
1790954028020,19080,10.9,11,442.7,453.5,11,442.7,0,0.0
1790954028534,19080,10.9,11,442.7,453.5,11,442.7,0,0.0
1790954029048,19080,10.9,11,442.8,453.6,11,442.8,0,0.0
1790954029566,19080,10.9,11,442.8,453.7,11,442.8,0,0.0
1790954030084,19080,10.9,11,443.1,453.9,11,443.1,0,0.0
1790954030596,19080,10.9,11,443.1,453.9,11,443.1,0,0.0
1790954031109,19080,10.9,11,443.9,454.8,11,443.9,0,0.0
1790954031629,19080,10.9,11,445.1,456.0,11,445.1,0,0.0
1790954032128,19080,10.9,11,444.2,455.1,11,444.2,0,0.0
1790954032647,19080,10.9,11,447.6,458.5,11,447.6,0,0.0
1790954033147,19080,10.9,11,447.5,458.3,11,447.5,0,0.0
1790954033648,19080,10.9,11,447.4,458.2,11,447.4,0,0.0
1790954034166,19080,10.9,11,447.4,458.2,11,447.4,0,0.0
1790954034669,19080,10.9,11,447.4,458.2,11,447.4,0,0.0
1790954035168,19080,10.9,11,447.4,458.2,11,447.4,0,0.0
1790954035670,19080,10.9,11,447.5,458.4,11,447.5,0,0.0
1790954036175,19080,10.9,11,447.5,458.4,11,447.5,0,0.0
1790954036682,19080,10.9,11,447.5,458.4,11,447.5,0,0.0
1790954037197,19080,10.9,11,448.3,459.1,11,448.3,0,0.0
1790954037703,19080,10.9,11,448.4,459.2,11,448.4,0,0.0
1790954038225,19080,10.9,11,448.4,459.2,11,448.4,0,0.0
1790954038730,19080,10.9,11,448.4,459.2,11,448.4,0,0.0
1790954039237,19080,10.9,11,448.5,459.4,11,448.5,0,0.0
1790954039738,19080,10.9,11,448.5,459.4,11,448.5,0,0.0
1790954040250,19080,10.9,11,448.5,459.4,11,448.5,0,0.0
1790954040769,19080,10.9,11,448.9,459.7,11,448.9,0,0.0
1790954041287,19080,10.9,11,449.1,460.0,11,449.1,0,0.0
1790954041804,19080,10.9,11,448.9,459.8,11,448.9,0,0.0
1790954042339,19080,10.9,11,448.9,459.8,11,448.9,0,0.0
1790954042828,19080,10.9,11,449.0,459.9,11,449.0,0,0.0
1790954043335,19080,10.9,11,449.3,460.2,11,449.3,0,0.0
1790954043849,19080,10.9,11,449.3,460.2,11,449.3,0,0.0
1790954044354,19080,10.9,11,449.4,460.3,11,449.4,0,0.0
1790954044858,19080,10.9,11,449.5,460.4,11,449.5,0,0.0
1790954045373,19080,10.9,11,449.7,460.5,11,449.7,0,0.0
1790954045877,19080,10.9,11,449.7,460.5,11,449.7,0,0.0
1790954046382,19080,10.9,11,449.7,460.5,11,449.7,0,0.0
1790954046886,19080,10.9,11,449.8,460.7,11,449.8,0,0.0
1790954047419,19080,10.9,11,449.9,460.8,11,449.9,0,0.0
1790954047923,19080,10.9,11,450.1,460.9,11,450.1,0,0.0
1790954048433,19080,10.9,11,450.1,460.9,11,450.1,0,0.0
1790954048937,19080,10.9,11,450.3,461.2,11,450.3,0,0.0
1790954049439,19080,10.9,11,450.3,461.2,11,450.3,0,0.0
1790954049942,19080,10.9,11,450.4,461.3,11,450.4,0,0.0
1790954050456,19080,10.9,11,450.4,461.3,11,450.4,0,0.0
1790954050973,19080,10.9,11,450.6,461.4,11,450.6,0,0.0
1790954051473,19080,10.9,11,450.7,461.6,11,450.7,0,0.0
1790954051974,19080,10.9,11,450.8,461.7,11,450.8,0,0.0
1790954052477,19080,10.9,11,450.9,461.8,11,450.9,0,0.0
1790954052981,19080,10.9,11,450.9,461.8,11,450.9,0,0.0
1790954053490,19080,10.9,11,450.9,461.8,11,450.9,0,0.0
1790954053993,19080,10.9,11,450.9,461.8,11,450.9,0,0.0
1790954054509,19080,10.9,11,451.3,462.2,11,451.3,0,0.0
1790954055019,19080,10.9,11,451.4,462.3,11,451.4,0,0.0
1790954055544,19080,10.9,11,456.7,467.6,11,456.7,0,0.0
1790954056039,19080,10.9,11,456.7,467.6,11,456.7,0,0.0
1790954056562,19080,10.9,11,456.1,466.9,11,456.1,0,0.0
1790954057043,19080,10.9,11,456.1,466.9,11,456.1,0,0.0
1790954057545,19080,10.9,11,456.1,466.9,11,456.1,0,0.0
1790954058056,19080,10.9,11,456.1,466.9,11,456.1,0,0.0
1790954058558,19080,10.9,11,456.4,467.3,11,456.4,0,0.0
1790954059060,19080,10.9,11,456.6,467.4,11,456.6,0,0.0
1790954059565,19080,10.9,11,450.9,461.8,11,450.9,0,0.0
1790954060071,19080,10.9,11,451.1,461.9,11,451.1,0,0.0
1790954060576,19080,10.9,11,451.1,462.0,11,451.1,0,0.0
1790954061086,19080,10.8,11,451.1,461.9,11,451.1,0,0.0
1790954061599,19080,10.8,11,449.7,460.5,11,449.7,0,0.0
1790954062099,19080,10.8,11,486.3,497.1,11,486.3,0,0.0
1790954062616,19080,10.8,11,486.9,497.7,11,486.9,0,0.0
1790954063113,19080,10.8,11,486.9,497.6,11,486.9,0,0.0
1790954063613,19080,10.8,11,488.4,499.2,11,488.4,0,0.0
1790954064122,19080,10.8,11,489.9,500.6,11,489.9,0,0.0
1790954064626,19080,10.8,11,489.9,500.6,11,489.9,0,0.0
1790954065133,19080,10.8,11,490.0,500.8,11,490.0,0,0.0
1790954065646,19080,10.8,11,488.6,499.4,11,488.6,0,0.0
1790954066167,19080,10.8,11,488.4,499.1,11,488.4,0,0.0
1790954066706,19080,10.8,11,461.5,472.3,11,461.5,0,0.0
1790954067205,19080,10.8,11,461.5,472.3,11,461.5,0,0.0
1790954067720,19080,10.8,11,461.7,472.4,11,461.7,0,0.0
1790954068232,19080,10.7,11,461.8,472.5,11,461.8,0,0.0
1790954068733,19080,10.7,11,461.8,472.5,11,461.8,0,0.0
1790954069255,19080,10.7,11,461.7,472.5,11,461.7,0,0.0
1790954069756,19080,10.7,11,452.3,463.1,11,452.3,0,0.0
1790954070264,19080,10.7,11,452.7,463.5,11,452.7,0,0.0
1790954070779,19080,10.7,11,452.8,463.6,11,452.8,0,0.0
1790954071279,19080,10.7,11,452.9,463.6,11,452.9,0,0.0
1790954071797,19080,10.7,11,451.9,462.7,11,451.9,0,0.0
1790954072314,19080,10.7,11,452.1,462.8,11,452.1,0,0.0
1790954072818,19080,10.7,11,452.2,462.9,11,452.2,0,0.0
1790954073316,19080,10.7,11,452.0,462.8,11,452.0,0,0.0
1790954073831,19080,10.7,11,452.2,462.9,11,452.2,0,0.0
1790954074350,19080,10.7,11,452.2,462.9,11,452.2,0,0.0
1790954074857,19080,10.7,11,452.6,463.4,11,452.6,0,0.0
1790954075372,19080,10.7,11,452.6,463.4,11,452.6,0,0.0
1790954075874,19080,10.7,11,452.8,463.5,11,452.8,0,0.0
1790954076388,19080,10.7,11,452.9,463.7,11,452.9,0,0.0
1790954076892,19080,10.7,11,452.2,463.0,11,452.2,0,0.0
1790954077403,19080,10.7,11,451.8,462.6,11,451.8,0,0.0
1790954077924,19080,10.7,11,451.8,462.6,11,451.8,0,0.0
1790954078433,19080,10.7,11,451.8,462.6,11,451.8,0,0.0
1790954078940,19080,10.7,11,452.0,462.7,11,452.0,0,0.0
1790954079443,19080,10.7,11,452.4,463.1,11,452.4,0,0.0
1790954079943,19080,10.7,11,452.3,463.0,11,452.3,0,0.0
1790954080460,19080,10.7,11,452.3,463.0,11,452.3,0,0.0
1790954080965,19080,10.7,11,452.4,463.1,11,452.4,0,0.0
1790954081466,19080,10.7,11,452.1,462.8,11,452.1,0,0.0
1790954081986,19080,10.7,11,452.1,462.8,11,452.1,0,0.0
1790954082481,19080,10.7,11,452.1,462.8,11,452.1,0,0.0
1790954082997,19080,10.7,11,452.1,462.8,11,452.1,0,0.0
1790954083538,19080,10.7,11,452.2,462.9,11,452.2,0,0.0
1790954084015,19080,10.7,11,452.9,463.6,11,452.9,0,0.0
1790954084535,19080,10.7,11,453.0,463.7,11,453.0,0,0.0
1790954085055,19080,10.7,11,452.8,463.6,11,452.8,0,0.0
1790954085572,19080,10.7,11,452.1,462.8,11,452.1,0,0.0
1790954086069,19080,10.7,11,452.1,462.8,11,452.1,0,0.0
1790954086587,19080,10.7,11,452.3,463.0,11,452.3,0,0.0
1790954087085,19080,10.7,11,452.4,463.1,11,452.4,0,0.0
1790954087590,19080,10.7,11,452.5,463.2,11,452.5,0,0.0
1790954088120,19080,10.7,11,452.5,463.2,11,452.5,0,0.0
1790954088628,19080,10.7,11,452.8,463.5,11,452.8,0,0.0
1790954089120,19080,10.7,11,452.8,463.5,11,452.8,0,0.0
1790954089638,19080,10.7,11,452.5,463.2,11,452.5,0,0.0
1790954090134,19080,10.7,11,452.5,463.2,11,452.5,0,0.0
1790954090636,19080,10.7,11,452.5,463.2,11,452.5,0,0.0
1790954091158,19080,10.7,11,452.5,463.2,11,452.5,0,0.0
1790954091676,19080,10.7,11,452.5,463.2,11,452.5,0,0.0
1790954092194,19080,10.7,11,452.3,463.1,11,452.3,0,0.0
1790954092695,19080,10.7,11,452.3,463.1,11,452.3,0,0.0
1790954093213,19080,10.7,11,452.3,463.1,11,452.3,0,0.0
1790954093711,19080,10.7,11,452.7,463.4,11,452.7,0,0.0
1790954094214,19080,10.7,11,452.7,463.4,11,452.7,0,0.0
1790954094721,19080,10.7,11,452.5,463.3,11,452.5,0,0.0
1790954095222,19080,10.7,11,452.5,463.3,11,452.5,0,0.0
1790954095733,19080,10.7,11,452.5,463.3,11,452.5,0,0.0
1790954096251,19080,10.7,11,452.5,463.3,11,452.5,0,0.0
1790954096763,19080,10.7,11,452.5,463.3,11,452.5,0,0.0
1790954097282,19080,10.7,11,452.5,463.2,11,452.5,0,0.0
1790954097787,19080,10.7,11,452.2,462.9,11,452.2,0,0.0
1790954098294,19080,10.7,11,452.2,462.9,11,452.2,0,0.0
1790954098810,19080,10.7,11,472.1,482.9,11,472.1,0,0.0
1790954099314,19080,10.7,11,459.8,470.5,11,459.8,0,0.0
1790954099822,19080,10.7,11,459.7,470.4,11,459.7,0,0.0
1790954100340,19080,10.7,11,459.7,470.4,11,459.7,0,0.0
1790954100841,19080,10.7,11,458.8,469.5,11,458.8,0,0.0
1790954101344,19080,10.7,11,458.6,469.3,11,458.6,0,0.0
1790954101854,19080,10.7,11,458.5,469.2,11,458.5,0,0.0
1790954102356,19080,10.7,11,458.5,469.2,11,458.5,0,0.0
1790954102871,19080,10.7,11,458.5,469.2,11,458.5,0,0.0
1790954103365,19080,10.7,11,458.5,469.2,11,458.5,0,0.0
1790954103872,19080,10.7,11,458.6,469.3,11,458.6,0,0.0
1790954104379,19080,10.7,11,464.3,475.0,11,464.3,0,0.0
1790954104895,19080,10.7,11,464.3,475.0,11,464.3,0,0.0
1790954105391,19080,10.7,11,464.3,475.0,11,464.3,0,0.0
1790954105911,19080,10.7,11,464.3,475.0,11,464.3,0,0.0
1790954106408,19080,10.7,11,464.3,475.0,11,464.3,0,0.0
1790954106923,19080,10.7,11,464.3,475.1,11,464.3,0,0.0
1790954107426,19080,10.7,11,462.4,473.2,11,462.4,0,0.0
1790954107947,19080,10.7,11,462.7,473.4,11,462.7,0,0.0
1790954108463,19080,10.7,11,462.8,473.6,11,462.8,0,0.0
1790954108976,19080,10.7,11,462.9,473.6,11,462.9,0,0.0
1790954109482,19080,10.7,11,462.7,473.5,11,462.7,0,0.0
1790954109983,19080,10.7,11,462.8,473.5,11,462.8,0,0.0
1790954110490,19080,10.7,11,462.4,473.2,11,462.4,0,0.0
1790954110989,19080,10.7,11,462.4,473.2,11,462.4,0,0.0
1790954111497,19080,10.7,11,462.4,473.2,11,462.4,0,0.0
1790954112023,19080,10.7,11,462.4,473.2,11,462.4,0,0.0
1790954112518,19080,10.7,11,458.7,469.5,11,458.7,0,0.0
1790954113035,19080,10.7,11,458.7,469.5,11,458.7,0,0.0
1790954113554,19080,10.7,11,452.7,463.5,11,452.7,0,0.0
1790954114067,19080,10.7,11,452.3,463.1,11,452.3,0,0.0
1790954114569,19080,10.7,11,452.3,463.0,11,452.3,0,0.0
1790954115083,19080,10.7,11,452.3,463.0,11,452.3,0,0.0
1790954115580,19080,10.7,11,451.7,462.4,11,451.7,0,0.0
1790954116085,19080,10.7,11,451.7,462.4,11,451.7,0,0.0
1790954116597,19080,10.7,11,451.7,462.4,11,451.7,0,0.0
1790954117114,19080,10.7,11,451.7,462.4,11,451.7,0,0.0
1790954117629,19080,10.7,11,451.7,462.4,11,451.7,0,0.0
1790954118137,19080,10.7,11,451.7,462.4,11,451.7,0,0.0
1790954118649,19080,10.7,11,451.7,462.4,11,451.7,0,0.0
1790954119146,19080,10.7,11,451.7,462.4,11,451.7,0,0.0
1790954119655,19080,10.7,11,451.5,462.3,11,451.5,0,0.0
1790954120172,19080,10.7,11,451.5,462.3,11,451.5,0,0.0
1790954120672,19080,10.7,11,451.6,462.3,11,451.6,0,0.0
1790954121176,19080,10.7,12,452.5,463.2,12,452.5,0,0.0
1790954121690,19080,10.7,11,474.5,485.2,11,474.5,0,0.0
1790954122188,19080,10.7,11,488.4,499.2,11,488.4,0,0.0
1790954122702,19080,10.7,11,489.3,500.0,11,489.3,0,0.0
1790954123217,19080,10.7,11,489.3,500.0,11,489.3,0,0.0
1790954123715,19080,10.7,11,489.3,500.0,11,489.3,0,0.0
1790954124219,19080,10.7,11,489.2,500.0,11,489.2,0,0.0
1790954124738,19080,10.7,11,489.2,500.0,11,489.2,0,0.0
1790954125261,19080,10.7,11,489.2,500.0,11,489.2,0,0.0
1790954125759,19080,10.7,11,489.0,499.8,11,489.0,0,0.0
1790954126275,19080,10.7,11,477.4,488.1,11,477.4,0,0.0
1790954126794,19080,10.7,11,466.4,477.2,11,466.4,0,0.0
1790954127304,19080,10.7,11,466.4,477.2,11,466.4,0,0.0
1790954127821,19080,10.7,11,466.5,477.2,11,466.5,0,0.0
1790954128321,19080,10.7,11,466.5,477.2,11,466.5,0,0.0
1790954128826,19080,10.7,11,461.8,472.5,11,461.8,0,0.0
1790954129342,19080,10.7,11,461.7,472.4,11,461.7,0,0.0
1790954129845,19080,10.7,11,454.0,464.7,11,454.0,0,0.0
1790954130359,19080,10.7,11,454.0,464.7,11,454.0,0,0.0
1790954130879,19080,10.7,11,454.0,464.7,11,454.0,0,0.0
1790954131403,19080,10.7,11,454.0,464.7,11,454.0,0,0.0
1790954131911,19080,10.7,11,454.0,464.7,11,454.0,0,0.0
1790954132426,19080,10.7,11,454.0,464.7,11,454.0,0,0.0
1790954132937,19080,10.7,11,454.0,464.7,11,454.0,0,0.0
1790954133461,19080,10.7,11,454.0,464.7,11,454.0,0,0.0
1790954133957,19080,10.7,11,451.8,462.5,11,451.8,0,0.0
1790954134454,19080,10.7,11,451.8,462.5,11,451.8,0,0.0
1790954134961,19080,10.7,11,451.8,462.5,11,451.8,0,0.0
1790954135458,19080,10.6,11,451.5,462.2,11,451.5,0,0.0
1790954135974,19080,10.6,11,451.5,462.2,11,451.5,0,0.0
1790954136476,19080,10.6,11,451.5,462.2,11,451.5,0,0.0
1790954136989,19080,10.6,11,451.5,462.2,11,451.5,0,0.0
1790954137507,19080,10.6,11,450.9,461.6,11,450.9,0,0.0
1790954138001,19080,10.6,11,451.1,461.7,11,451.1,0,0.0
1790954138506,19080,10.6,11,451.1,461.7,11,451.1,0,0.0
1790954139026,19080,10.6,11,451.1,461.7,11,451.1,0,0.0
1790954139523,19080,10.6,11,451.1,461.7,11,451.1,0,0.0
1790954140027,19080,10.6,11,451.1,461.7,11,451.1,0,0.0
1790954140544,19080,10.6,11,451.1,461.8,11,451.1,0,0.0
1790954141057,19080,10.6,11,451.1,461.8,11,451.1,0,0.0
1790954141555,19080,10.6,11,451.1,461.8,11,451.1,0,0.0
1790954142058,19080,10.6,11,451.1,461.8,11,451.1,0,0.0
1790954142573,19080,10.6,11,451.1,461.8,11,451.1,0,0.0
1790954143068,19080,10.6,11,451.1,461.8,11,451.1,0,0.0
1790954143572,19080,10.6,11,451.9,462.5,11,451.9,0,0.0
1790954144095,19080,10.6,11,451.9,462.5,11,451.9,0,0.0
1790954144599,19080,10.6,11,451.9,462.5,11,451.9,0,0.0
1790954145114,19080,10.6,11,451.9,462.5,11,451.9,0,0.0
1790954145632,19080,10.6,11,451.9,462.5,11,451.9,0,0.0
1790954146136,19080,10.6,11,451.9,462.5,11,451.9,0,0.0
1790954146645,19080,10.6,11,452.0,462.6,11,452.0,0,0.0
1790954147160,19080,10.6,11,452.1,462.7,11,452.1,0,0.0
1790954147678,19080,10.6,11,452.1,462.7,11,452.1,0,0.0
1790954148180,19080,10.6,11,452.1,462.7,11,452.1,0,0.0
1790954148695,19080,10.6,11,452.2,462.9,11,452.2,0,0.0
1790954149208,19080,10.6,11,452.2,462.9,11,452.2,0,0.0
1790954149713,19080,10.6,11,452.2,462.8,11,452.2,0,0.0
1790954150211,19080,10.6,11,452.2,462.8,11,452.2,0,0.0
1790954150727,19080,10.6,11,452.2,462.9,11,452.2,0,0.0
1790954151243,19080,10.6,11,452.2,462.9,11,452.2,0,0.0
1790954151755,19080,10.6,11,452.2,462.8,11,452.2,0,0.0
1790954152276,19080,10.6,11,452.2,462.8,11,452.2,0,0.0
1790954152787,19080,10.6,11,452.2,462.9,11,452.2,0,0.0
1790954153304,19080,10.6,11,452.2,462.9,11,452.2,0,0.0
1790954153805,19080,10.6,11,452.0,462.6,11,452.0,0,0.0
1790954154322,19080,10.6,11,452.0,462.6,11,452.0,0,0.0
1790954154820,19080,10.6,11,452.0,462.6,11,452.0,0,0.0
1790954155328,19080,10.6,11,452.0,462.6,11,452.0,0,0.0
1790954155843,19080,10.6,11,452.0,462.6,11,452.0,0,0.0
1790954156347,19080,10.6,11,452.0,462.6,11,452.0,0,0.0
1790954156863,19080,10.6,11,452.0,462.6,11,452.0,0,0.0
1790954157378,19080,10.6,11,452.0,462.6,11,452.0,0,0.0
1790954157892,19080,10.6,11,452.0,462.6,11,452.0,0,0.0
1790954158413,19080,10.6,11,452.0,462.6,11,452.0,0,0.0
1790954158910,19080,10.6,11,452.0,462.6,11,452.0,0,0.0
1790954159424,19080,10.6,11,452.0,462.6,11,452.0,0,0.0
1790954159942,19080,10.6,11,452.0,462.6,11,452.0,0,0.0
1790954160457,19080,10.6,11,452.0,462.6,11,452.0,0,0.0
1790954160980,19080,10.6,11,452.2,462.9,11,452.2,0,0.0
1790954161492,19080,10.6,11,452.0,462.7,11,452.0,0,0.0
1790954162011,19080,10.6,11,452.0,462.7,11,452.0,0,0.0
1790954162527,19080,10.6,11,452.0,462.7,11,452.0,0,0.0
1790954163032,19080,10.6,11,452.1,462.8,11,452.1,0,0.0
1790954163536,19080,10.6,11,452.1,462.8,11,452.1,0,0.0
1790954164038,19080,10.6,11,452.1,462.8,11,452.1,0,0.0
1790954164544,19080,10.6,11,452.1,462.8,11,452.1,0,0.0
1790954165044,19080,10.6,11,452.8,463.4,11,452.8,0,0.0
1790954165547,19080,10.6,11,452.8,463.4,11,452.8,0,0.0
1790954166065,19080,10.6,11,452.8,463.4,11,452.8,0,0.0
1790954166584,19080,10.6,11,452.8,463.4,11,452.8,0,0.0
1790954167090,19080,10.6,11,452.8,463.4,11,452.8,0,0.0
1790954167603,19080,10.6,11,452.8,463.4,11,452.8,0,0.0
1790954168103,19080,10.6,11,452.9,463.6,11,452.9,0,0.0
1790954168605,19080,10.6,11,453.1,463.7,11,453.1,0,0.0
1790954169106,19080,10.6,11,453.1,463.7,11,453.1,0,0.0
1790954169611,19080,10.6,11,453.1,463.7,11,453.1,0,0.0
1790954170121,19080,10.6,11,453.0,463.6,11,453.0,0,0.0
1790954170628,19080,10.6,11,453.0,463.6,11,453.0,0,0.0
1790954171132,19080,10.6,11,453.0,463.6,11,453.0,0,0.0
1790954171651,19080,10.6,11,453.1,463.8,11,453.1,0,0.0
1790954172156,19080,10.6,11,453.1,463.8,11,453.1,0,0.0
1790954172650,19080,10.6,11,453.1,463.8,11,453.1,0,0.0
1790954173163,19080,10.6,11,453.1,463.8,11,453.1,0,0.0
1790954173670,19080,10.6,11,453.1,463.8,11,453.1,0,0.0
1790954174177,19080,10.6,11,453.1,463.8,11,453.1,0,0.0
1790954174678,19080,10.6,11,453.1,463.8,11,453.1,0,0.0
1790954175184,19080,10.6,11,453.1,463.7,11,453.1,0,0.0
1790954175701,19080,10.6,11,453.1,463.8,11,453.1,0,0.0
1790954176217,19080,10.6,11,453.1,463.8,11,453.1,0,0.0
1790954176736,19080,10.6,11,453.1,463.8,11,453.1,0,0.0
1790954177257,19080,10.6,11,453.1,463.8,11,453.1,0,0.0
1790954177771,19080,10.6,11,452.4,463.1,11,452.4,0,0.0
1790954178288,19080,10.6,11,452.4,463.1,11,452.4,0,0.0
1790954178793,19080,10.6,11,452.4,463.1,11,452.4,0,0.0
1790954179294,19080,10.6,11,452.4,463.1,11,452.4,0,0.0
1790954179798,19080,10.6,11,452.4,463.0,11,452.4,0,0.0
1790954180295,19080,10.6,11,452.4,463.0,11,452.4,0,0.0
1790954180814,19080,10.6,11,452.4,463.0,11,452.4,0,0.0
1790954181314,19080,10.6,11,452.3,463.0,11,452.3,0,0.0
1790954181831,19080,10.6,11,489.0,499.6,11,489.0,0,0.0
1790954182348,19080,10.6,11,489.0,499.6,11,489.0,0,0.0
1790954182868,19080,10.6,11,489.2,499.9,11,489.2,0,0.0
1790954183387,19080,10.6,11,489.2,499.9,11,489.2,0,0.0
1790954183890,19080,10.6,11,489.2,499.8,11,489.2,0,0.0
1790954184408,19080,10.6,11,490.2,500.8,11,490.2,0,0.0
1790954184910,19080,10.6,11,490.2,500.8,11,490.2,0,0.0
1790954185418,19080,10.6,11,490.2,500.8,11,490.2,0,0.0
1790954185934,19080,10.6,11,472.8,483.4,11,472.8,0,0.0
1790954186445,19080,10.6,11,472.8,483.4,11,472.8,0,0.0
1790954186945,19080,10.6,11,465.0,475.7,11,465.0,0,0.0
1790954187459,19080,10.6,11,463.4,474.0,11,463.4,0,0.0
1790954187959,19080,10.6,11,463.4,474.1,11,463.4,0,0.0
1790954188464,19080,10.6,11,463.4,474.1,11,463.4,0,0.0
1790954188980,19080,10.6,11,460.7,471.3,11,460.7,0,0.0
1790954189482,19080,10.6,11,460.8,471.4,11,460.8,0,0.0
1790954189983,19080,10.6,11,455.1,465.7,11,455.1,0,0.0
1790954190499,19080,10.6,11,454.1,464.7,11,454.1,0,0.0
1790954191011,19080,10.6,11,454.1,464.7,11,454.1,0,0.0
1790954191512,19080,10.6,11,454.1,464.7,11,454.1,0,0.0
1790954192009,19080,10.6,11,452.9,463.6,11,452.9,0,0.0
1790954192527,19080,10.6,11,452.9,463.6,11,452.9,0,0.0
1790954193038,19080,10.6,11,452.9,463.6,11,452.9,0,0.0
1790954193546,19080,10.6,11,452.8,463.5,11,452.8,0,0.0
1790954194065,19080,10.6,11,452.8,463.5,11,452.8,0,0.0
1790954194583,19080,10.6,11,453.0,463.6,11,453.0,0,0.0
1790954195091,19080,10.6,11,453.0,463.6,11,453.0,0,0.0
1790954195601,19080,10.6,11,452.8,463.4,11,452.8,0,0.0
1790954196113,19080,10.6,11,452.8,463.4,11,452.8,0,0.0
1790954196621,19080,10.6,11,452.8,463.4,11,452.8,0,0.0
1790954197122,19080,10.6,11,452.8,463.4,11,452.8,0,0.0
1790954197628,19080,10.6,11,452.8,463.4,11,452.8,0,0.0
1790954198138,19080,10.6,11,452.8,463.4,11,452.8,0,0.0
1790954198639,19080,10.6,11,452.8,463.4,11,452.8,0,0.0
1790954199159,19080,10.6,11,452.8,463.4,11,452.8,0,0.0
1790954199665,19080,10.6,11,452.8,463.4,11,452.8,0,0.0
1790954200178,19080,10.6,11,452.8,463.4,11,452.8,0,0.0
1790954200691,19080,10.6,11,452.8,463.4,11,452.8,0,0.0
1790954201207,19080,10.6,11,452.8,463.4,11,452.8,0,0.0
1790954201725,19080,10.6,11,452.5,463.2,11,452.5,0,0.0
1790954202234,19080,10.6,11,452.5,463.1,11,452.5,0,0.0
1790954202752,19080,10.6,11,452.5,463.1,11,452.5,0,0.0
1790954203266,19080,10.6,11,452.5,463.1,11,452.5,0,0.0
1790954203777,19080,10.6,11,452.5,463.1,11,452.5,0,0.0
1790954204298,19080,10.6,11,452.5,463.1,11,452.5,0,0.0
1790954204814,19080,10.6,11,452.5,463.1,11,452.5,0,0.0
1790954205322,19080,10.6,11,452.5,463.1,11,452.5,0,0.0
1790954205826,19080,10.6,11,452.5,463.1,11,452.5,0,0.0
1790954206332,19080,10.6,11,452.5,463.1,11,452.5,0,0.0
1790954206847,19080,10.6,11,458.2,468.9,11,458.2,0,0.0
1790954207353,19080,10.6,11,458.3,468.9,11,458.3,0,0.0
1790954207865,19080,10.6,11,458.3,468.9,11,458.3,0,0.0
1790954208369,19080,10.6,11,458.3,468.9,11,458.3,0,0.0
1790954208872,19080,10.6,11,458.3,468.9,11,458.3,0,0.0
1790954209377,19080,10.6,11,458.3,468.9,11,458.3,0,0.0
1790954209889,19080,10.6,11,456.2,466.8,11,456.2,0,0.0
1790954210394,19080,10.6,11,456.2,466.8,11,456.2,0,0.0
1790954210911,19080,10.6,11,456.2,466.8,11,456.2,0,0.0
1790954211402,19080,10.6,11,456.2,466.8,11,456.2,0,0.0
1790954211925,19080,10.6,11,456.2,466.8,11,456.2,0,0.0
1790954212426,19080,10.6,11,456.2,466.8,11,456.2,0,0.0
1790954212932,19080,10.6,11,456.2,466.8,11,456.2,0,0.0
1790954213441,19080,10.6,11,456.2,466.8,11,456.2,0,0.0
1790954213952,19080,10.6,11,456.2,466.8,11,456.2,0,0.0
1790954214473,19080,10.6,11,455.4,466.0,11,455.4,0,0.0
1790954214990,19080,10.6,11,451.8,462.4,11,451.8,0,0.0
1790954215503,19080,10.6,11,451.8,462.4,11,451.8,0,0.0
1790954216015,19080,10.6,11,451.8,462.4,11,451.8,0,0.0
1790954216521,19080,10.6,11,451.8,462.4,11,451.8,0,0.0
1790954217042,19080,10.6,11,451.9,462.5,11,451.9,0,0.0
1790954217545,19080,10.6,11,451.9,462.5,11,451.9,0,0.0
1790954218042,19080,10.6,11,451.6,462.2,11,451.6,0,0.0
1790954218558,19080,10.6,11,451.6,462.2,11,451.6,0,0.0
1790954219064,19080,10.6,11,451.6,462.2,11,451.6,0,0.0
1790954219588,19080,10.6,11,451.6,462.2,11,451.6,0,0.0
1790954220096,19080,10.6,11,451.6,462.2,11,451.6,0,0.0
1790954220595,19080,10.6,11,451.8,462.4,11,451.8,0,0.0
1790954221113,19080,10.6,11,451.8,462.4,11,451.8,0,0.0
1790954221623,19080,10.6,11,451.7,462.3,11,451.7,0,0.0
1790954222132,19080,10.6,11,451.7,462.3,11,451.7,0,0.0
1790954222640,19080,10.6,11,451.7,462.3,11,451.7,0,0.0
1790954223140,19080,10.6,11,451.7,462.3,11,451.7,0,0.0
1790954223640,19080,10.6,11,451.7,462.3,11,451.7,0,0.0
1790954224158,19080,10.6,11,451.7,462.3,11,451.7,0,0.0
1790954224665,19080,10.6,11,451.7,462.3,11,451.7,0,0.0
1790954225173,19080,10.6,11,452.4,463.0,11,452.4,0,0.0
1790954225690,19080,10.6,11,452.4,463.0,11,452.4,0,0.0
1790954226192,19080,10.6,11,452.4,463.0,11,452.4,0,0.0
1790954226706,19080,10.6,11,452.4,463.0,11,452.4,0,0.0
1790954227230,19080,10.6,11,452.4,463.0,11,452.4,0,0.0
1790954227735,19080,10.6,11,452.4,463.0,11,452.4,0,0.0
1790954228254,19080,10.6,11,453.1,463.7,11,453.1,0,0.0
1790954228770,19080,10.6,11,453.1,463.7,11,453.1,0,0.0
1790954229267,19080,10.6,11,453.1,463.7,11,453.1,0,0.0
1790954229788,19080,10.6,11,453.1,463.7,11,453.1,0,0.0
1790954230289,19080,10.6,11,453.1,463.7,11,453.1,0,0.0
1790954230796,19080,10.6,11,453.1,463.8,11,453.1,0,0.0
1790954231305,19080,10.6,11,453.1,463.8,11,453.1,0,0.0
1790954231829,19080,10.6,11,453.1,463.8,11,453.1,0,0.0
1790954232328,19080,10.6,11,453.1,463.8,11,453.1,0,0.0
1790954232839,19080,10.6,11,453.1,463.8,11,453.1,0,0.0
1790954233346,19080,10.6,11,453.1,463.8,11,453.1,0,0.0
1790954233863,19080,10.6,11,452.8,463.4,11,452.8,0,0.0
1790954234375,19080,10.6,11,452.8,463.4,11,452.8,0,0.0
1790954234873,19080,10.6,11,452.9,463.5,11,452.9,0,0.0
1790954235398,19080,10.6,11,452.9,463.5,11,452.9,0,0.0
1790954235910,19080,10.6,11,452.9,463.5,11,452.9,0,0.0
1790954236429,19080,10.6,11,452.9,463.5,11,452.9,0,0.0
1790954236930,19080,10.6,11,452.9,463.5,11,452.9,0,0.0
1790954237429,19080,10.6,11,452.9,463.5,11,452.9,0,0.0
1790954237935,19080,10.6,11,452.9,463.5,11,452.9,0,0.0
1790954238439,19080,10.6,11,452.9,463.5,11,452.9,0,0.0
1790954238941,19080,10.6,11,452.9,463.5,11,452.9,0,0.0
1790954239439,19080,10.6,11,452.9,463.5,11,452.9,0,0.0
1790954239959,19080,10.6,11,453.0,463.6,11,453.0,0,0.0
1790954240469,19080,10.6,11,453.0,463.6,11,453.0,0,0.0
1790954240992,19080,10.6,11,453.0,463.6,11,453.0,0,0.0
1790954241505,19080,10.6,11,453.0,463.6,11,453.0,0,0.0
1790954242009,19080,10.6,11,491.6,502.2,11,491.6,0,0.0
1790954242519,19080,10.6,11,491.5,502.2,11,491.5,0,0.0
1790954243019,19080,10.6,11,491.7,502.3,11,491.7,0,0.0
1790954243539,19080,10.6,11,491.7,502.3,11,491.7,0,0.0
1790954244043,19080,10.6,11,491.7,502.3,11,491.7,0,0.0
1790954244539,19080,10.6,11,491.7,502.3,11,491.7,0,0.0
1790954245040,19080,10.6,11,491.7,502.3,11,491.7,0,0.0
1790954245547,19080,10.6,11,491.4,502.0,11,491.4,0,0.0
1790954246062,19080,10.6,11,460.8,471.5,11,460.8,0,0.0
1790954246555,19080,10.6,11,460.8,471.5,11,460.8,0,0.0
1790954247062,19080,10.6,11,460.8,471.5,11,460.8,0,0.0
1790954247565,19080,10.6,11,460.8,471.5,11,460.8,0,0.0
1790954248089,19080,10.6,11,460.8,471.4,11,460.8,0,0.0
1790954248602,19080,10.6,11,460.8,471.4,11,460.8,0,0.0
1790954249100,19080,10.6,11,460.2,470.8,11,460.2,0,0.0
1790954249611,19080,10.6,11,460.4,471.1,11,460.4,0,0.0
1790954250112,19080,10.6,11,453.2,463.8,11,453.2,0,0.0
1790954250624,19080,10.6,11,453.4,464.0,11,453.4,0,0.0
1790954251132,19080,10.6,11,453.4,464.0,11,453.4,0,0.0
1790954251643,19080,10.6,11,453.4,464.0,11,453.4,0,0.0
1790954252152,19080,10.6,11,453.4,464.0,11,453.4,0,0.0
1790954252654,19080,10.6,11,453.4,464.0,11,453.4,0,0.0
1790954253151,19080,10.6,11,453.4,464.0,11,453.4,0,0.0
1790954253657,19080,10.6,11,453.2,463.9,11,453.2,0,0.0
1790954254172,19080,10.6,11,453.2,463.9,11,453.2,0,0.0
1790954254671,19080,10.6,11,453.4,464.0,11,453.4,0,0.0
1790954255191,19080,10.6,11,453.4,464.0,11,453.4,0,0.0
1790954255706,19080,10.6,11,453.3,463.9,11,453.3,0,0.0
1790954256229,19080,10.6,11,453.3,463.9,11,453.3,0,0.0
1790954256738,19080,10.6,11,453.7,464.4,11,453.7,0,0.0
1790954257244,19080,10.6,11,453.7,464.4,11,453.7,0,0.0
1790954257745,19080,10.6,11,453.6,464.3,11,453.6,0,0.0
1790954258250,19080,10.6,11,453.6,464.3,11,453.6,0,0.0
1790954258767,19080,10.6,11,453.7,464.4,11,453.7,0,0.0
1790954259286,19080,10.6,11,453.7,464.4,11,453.7,0,0.0
1790954259799,19080,10.6,11,453.7,464.4,11,453.7,0,0.0
1790954260316,19080,10.6,11,453.7,464.4,11,453.7,0,0.0
1790954260839,19080,10.6,11,453.7,464.4,11,453.7,0,0.0
1790954261345,19080,10.6,11,453.7,464.4,11,453.7,0,0.0
1790954261863,19080,10.6,11,453.7,464.3,11,453.7,0,0.0
1790954262381,19080,10.6,11,454.1,464.7,11,454.1,0,0.0
1790954262898,19080,10.6,11,454.3,464.9,11,454.3,0,0.0
1790954263405,19080,10.6,11,454.3,464.9,11,454.3,0,0.0
1790954263920,19080,10.6,11,454.3,464.9,11,454.3,0,0.0
1790954264437,19080,10.6,11,454.3,464.9,11,454.3,0,0.0
1790954264954,19080,10.6,11,454.3,465.0,11,454.3,0,0.0
1790954265473,19080,10.6,11,454.3,465.0,11,454.3,0,0.0
1790954265987,19080,10.6,11,453.5,464.2,11,453.5,0,0.0
1790954266510,19080,10.6,11,453.5,464.2,11,453.5,0,0.0
1790954267024,19080,10.6,11,453.6,464.2,11,453.6,0,0.0
1790954267529,19080,10.6,11,454.3,464.9,11,454.3,0,0.0
1790954268040,19080,10.6,11,454.3,464.9,11,454.3,0,0.0
1790954268543,19080,10.6,11,454.3,464.9,11,454.3,0,0.0
1790954269052,19080,10.6,11,454.3,464.9,11,454.3,0,0.0
1790954269566,19080,10.6,11,454.2,464.9,11,454.2,0,0.0
1790954270073,19080,10.6,11,454.2,464.9,11,454.2,0,0.0
1790954270589,19080,10.6,11,454.5,465.1,11,454.5,0,0.0
1790954271099,19080,10.6,11,454.5,465.1,11,454.5,0,0.0
1790954271616,19080,10.6,11,454.4,465.0,11,454.4,0,0.0
1790954272130,19080,10.6,11,454.4,465.0,11,454.4,0,0.0
1790954272634,19080,10.6,11,454.5,465.1,11,454.5,0,0.0
1790954273142,19080,10.6,11,454.5,465.1,11,454.5,0,0.0
1790954273659,19080,10.6,11,454.4,465.0,11,454.4,0,0.0
1790954274163,19080,10.6,11,454.4,465.0,11,454.4,0,0.0
1790954274677,19080,10.6,11,454.5,465.1,11,454.5,0,0.0
1790954275192,19080,10.6,11,454.5,465.1,11,454.5,0,0.0
1790954275707,19080,10.6,11,454.5,465.1,11,454.5,0,0.0
1790954276224,19080,10.6,11,454.5,465.1,11,454.5,0,0.0
1790954276731,19080,10.6,11,454.5,465.1,11,454.5,0,0.0
1790954277234,19080,10.6,11,454.5,465.1,11,454.5,0,0.0
1790954277740,19080,10.6,11,454.4,465.0,11,454.4,0,0.0
1790954278262,19080,10.6,11,454.4,465.0,11,454.4,0,0.0
1790954278774,19080,10.6,11,454.5,465.1,11,454.5,0,0.0
1790954279284,19080,10.6,11,453.8,464.4,11,453.8,0,0.0
1790954279785,19080,10.6,11,453.8,464.4,11,453.8,0,0.0
1790954280305,19080,10.6,11,453.8,464.4,11,453.8,0,0.0
1790954280814,19080,10.6,11,454.0,464.7,11,454.0,0,0.0
1790954281328,19080,10.6,11,454.0,464.7,11,454.0,0,0.0
1790954281838,19080,10.6,11,453.4,464.1,11,453.4,0,0.0
1790954282349,19080,10.6,11,453.4,464.1,11,453.4,0,0.0
1790954282859,19080,10.6,11,453.5,464.1,11,453.5,0,0.0
1790954283379,19080,10.6,11,453.5,464.1,11,453.5,0,0.0
1790954283890,19080,10.6,11,453.5,464.1,11,453.5,0,0.0
1790954284412,19080,10.6,11,453.5,464.1,11,453.5,0,0.0
1790954284912,19080,10.6,11,453.7,464.3,11,453.7,0,0.0
1790954285416,19080,10.6,11,453.7,464.3,11,453.7,0,0.0
1790954285919,19080,10.6,11,453.5,464.1,11,453.5,0,0.0
1790954286434,19080,10.6,11,453.5,464.1,11,453.5,0,0.0
1790954286933,19080,10.6,11,453.6,464.2,11,453.6,0,0.0
1790954287438,19080,10.6,11,453.6,464.2,11,453.6,0,0.0
1790954287951,19080,10.6,11,453.6,464.2,11,453.6,0,0.0
1790954288464,19080,10.6,11,453.6,464.2,11,453.6,0,0.0
1790954288967,19080,10.6,11,453.6,464.2,11,453.6,0,0.0
1790954289482,19080,10.6,11,453.6,464.2,11,453.6,0,0.0
1790954289981,19080,10.6,11,453.7,464.3,11,453.7,0,0.0
1790954290488,19080,10.6,11,453.7,464.3,11,453.7,0,0.0
1790954291005,19080,10.6,11,453.9,464.5,11,453.9,0,0.0
1790954291511,19080,10.6,11,454.0,464.6,11,454.0,0,0.0
1790954292013,19080,10.6,11,454.0,464.6,11,454.0,0,0.0
1790954292525,19080,10.6,11,454.1,464.7,11,454.1,0,0.0
1790954293042,19080,10.6,11,454.2,464.8,11,454.2,0,0.0
1790954293535,19080,10.6,11,454.4,465.0,11,454.4,0,0.0
1790954294054,19080,10.6,11,454.3,464.9,11,454.3,0,0.0
1790954294570,19080,10.6,11,454.3,465.0,11,454.3,0,0.0
1790954295084,19080,10.6,11,454.3,465.0,11,454.3,0,0.0
1790954295590,19080,10.6,11,454.3,465.0,11,454.3,0,0.0
1790954296095,19080,10.6,11,454.3,465.0,11,454.3,0,0.0
1790954296593,19080,10.6,11,454.3,465.0,11,454.3,0,0.0
1790954297116,19080,10.6,11,454.3,465.0,11,454.3,0,0.0
1790954297631,19080,10.6,11,454.3,464.9,11,454.3,0,0.0
1790954298146,19080,10.6,11,453.9,464.6,11,453.9,0,0.0
1790954298646,19080,10.6,11,454.0,464.6,11,454.0,0,0.0
1790954299159,19080,10.6,11,454.0,464.6,11,454.0,0,0.0
1790954299676,19080,10.6,11,454.0,464.7,11,454.0,0,0.0
1790954300185,19080,10.6,11,454.0,464.7,11,454.0,0,0.0
1790954300694,19080,10.6,11,454.0,464.7,11,454.0,0,0.0
1790954301210,19080,10.7,11,454.3,465.1,11,454.3,0,0.0
1790954301721,19080,10.7,11,478.4,489.1,11,478.4,0,0.0
1790954302243,19080,10.7,11,493.5,504.2,11,493.5,0,0.0
1790954302744,19080,10.7,11,493.7,504.4,11,493.7,0,0.0
1790954303257,19080,10.7,11,493.8,504.5,11,493.8,0,0.0
1790954303771,19080,10.7,11,495.1,505.8,11,495.1,0,0.0
1790954304288,19080,10.7,11,495.0,505.8,11,495.0,0,0.0
1790954304796,19080,10.7,11,495.1,505.8,11,495.1,0,0.0
1790954305292,19080,10.7,11,495.0,505.8,11,495.0,0,0.0
1790954305802,19080,10.7,11,494.6,505.4,11,494.6,0,0.0
1790954306302,19080,10.7,11,464.2,474.9,11,464.2,0,0.0
1790954306818,19080,10.7,11,464.3,475.0,11,464.3,0,0.0
1790954307341,19080,10.7,11,464.3,475.0,11,464.3,0,0.0
1790954307841,19080,10.7,11,464.4,475.1,11,464.4,0,0.0
1790954308337,19080,10.7,11,464.4,475.1,11,464.4,0,0.0
1790954308852,19080,10.7,11,464.4,475.1,11,464.4,0,0.0
1790954309368,19080,10.7,11,467.6,478.4,11,467.6,0,0.0
1790954309870,19080,10.7,11,466.9,477.6,11,466.9,0,0.0
1790954310373,19080,10.7,11,466.9,477.6,11,466.9,0,0.0
1790954310879,19080,10.7,11,466.9,477.7,11,466.9,0,0.0
1790954311390,19080,10.7,11,467.0,477.7,11,467.0,0,0.0
1790954311908,19080,10.7,11,467.0,477.7,11,467.0,0,0.0
1790954312425,19080,10.7,11,462.1,472.9,11,462.1,0,0.0
1790954312940,19080,10.7,11,462.1,472.9,11,462.1,0,0.0
1790954313453,19080,10.7,11,461.8,472.5,11,461.8,0,0.0
1790954313982,19080,10.7,11,461.2,471.9,11,461.2,0,0.0
1790954314497,19080,26.4,11,485.2,511.6,11,485.2,0,0.0
1790954315005,19080,26.4,11,485.2,511.6,11,485.2,0,0.0
1790954315513,19080,26.4,11,485.2,511.6,11,485.2,0,0.0
1790954316007,19080,26.4,11,484.8,511.2,11,484.8,0,0.0
1790954316517,19080,26.4,11,484.8,511.2,11,484.8,0,0.0
1790954317026,19080,26.4,11,484.8,511.2,11,484.8,0,0.0
1790954317531,19080,26.4,11,484.1,510.5,11,484.1,0,0.0
1790954318036,19080,26.4,11,483.9,510.4,11,483.9,0,0.0
1790954318539,19080,26.4,11,484.0,510.4,11,484.0,0,0.0
1790954319049,19080,26.4,11,473.5,499.9,11,473.5,0,0.0
1790954319572,19080,26.4,11,455.3,481.7,11,455.3,0,0.0
1790954320090,19080,26.4,11,455.3,481.7,11,455.3,0,0.0
1790954320595,19080,26.4,11,455.3,481.7,11,455.3,0,0.0
1790954321114,19080,26.4,11,455.3,481.7,11,455.3,0,0.0
1790954321632,19080,26.4,11,454.2,480.6,11,454.2,0,0.0
1790954322126,19080,26.4,11,454.2,480.6,11,454.2,0,0.0
1790954322646,19080,26.4,11,454.4,480.8,11,454.4,0,0.0
1790954323147,19080,26.4,11,454.4,480.8,11,454.4,0,0.0
1790954323654,19080,26.4,11,454.4,480.8,11,454.4,0,0.0
1790954324164,19080,26.4,11,454.4,480.8,11,454.4,0,0.0
1790954324675,19080,26.4,11,454.4,480.9,11,454.4,0,0.0
1790954325197,19080,26.4,11,454.4,480.9,11,454.4,0,0.0
1790954325711,19080,26.4,11,454.4,480.8,11,454.4,0,0.0
1790954326211,19080,26.4,11,454.4,480.8,11,454.4,0,0.0
1790954326727,19080,26.4,11,454.4,480.8,11,454.4,0,0.0
1790954327224,19080,26.4,11,454.4,480.8,11,454.4,0,0.0
1790954327736,19080,26.4,11,455.1,481.5,11,455.1,0,0.0
1790954328252,19080,26.4,11,455.1,481.5,11,455.1,0,0.0
1790954328758,19080,26.4,11,455.1,481.5,11,455.1,0,0.0
1790954329259,19080,26.4,11,455.1,481.5,11,455.1,0,0.0
1790954329773,19080,26.4,11,455.0,481.4,11,455.0,0,0.0
1790954330277,19080,26.4,11,455.1,481.5,11,455.1,0,0.0
1790954330776,19080,26.4,11,456.1,482.5,11,456.1,0,0.0
1790954331303,19080,26.4,11,456.1,482.5,11,456.1,0,0.0
1790954331809,19080,26.4,11,456.2,482.6,11,456.2,0,0.0
1790954332333,19080,26.4,11,456.2,482.6,11,456.2,0,0.0
1790954332852,19080,26.4,11,456.2,482.6,11,456.2,0,0.0
1790954333348,19080,26.4,11,456.2,482.6,11,456.2,0,0.0
1790954333854,19080,26.4,11,456.1,482.5,11,456.1,0,0.0
1790954334358,19080,26.4,11,456.1,482.5,11,456.1,0,0.0
1790954334872,19080,26.4,11,456.2,482.6,11,456.2,0,0.0
1790954335393,19080,26.4,11,456.2,482.6,11,456.2,0,0.0
1790954335911,19080,26.4,11,456.2,482.6,11,456.2,0,0.0
1790954336426,19080,26.4,11,456.3,482.7,11,456.3,0,0.0
1790954336933,19080,26.4,11,456.3,482.7,11,456.3,0,0.0
1790954337434,19080,26.4,11,456.3,482.7,11,456.3,0,0.0
1790954337938,19080,26.4,11,456.0,482.4,11,456.0,0,0.0
1790954338448,19080,26.4,11,456.0,482.4,11,456.0,0,0.0
1790954338953,19080,26.4,11,456.1,482.5,11,456.1,0,0.0
1790954339462,19080,26.4,11,456.1,482.5,11,456.1,0,0.0
1790954339982,19080,26.4,11,456.1,482.5,11,456.1,0,0.0
1790954340496,19080,26.4,11,456.1,482.5,11,456.1,0,0.0
1790954340997,19080,26.4,11,456.4,482.8,11,456.4,0,0.0
1790954341502,19080,26.4,11,456.4,482.8,11,456.4,0,0.0
1790954342010,19080,26.4,11,456.1,482.5,11,456.1,0,0.0
1790954342518,19080,26.4,11,456.1,482.5,11,456.1,0,0.0
1790954343014,19080,26.4,11,456.2,482.6,11,456.2,0,0.0
1790954343529,19080,26.4,11,456.1,482.5,11,456.1,0,0.0
1790954344046,19080,26.4,11,456.1,482.5,11,456.1,0,0.0
1790954344558,19080,26.4,11,456.1,482.5,11,456.1,0,0.0
1790954345078,19080,26.4,11,456.1,482.5,11,456.1,0,0.0
1790954345581,19080,26.4,11,456.1,482.5,11,456.1,0,0.0
1790954346103,19080,26.4,11,456.0,482.4,11,456.0,0,0.0
1790954346603,19080,26.4,11,456.0,482.4,11,456.0,0,0.0
1790954347114,19080,26.4,11,456.0,482.4,11,456.0,0,0.0
1790954347622,19080,26.4,11,456.0,482.4,11,456.0,0,0.0
1790954348122,19080,26.4,11,456.0,482.4,11,456.0,0,0.0
1790954348619,19080,26.4,11,456.0,482.4,11,456.0,0,0.0
1790954349128,19080,26.4,11,456.0,482.4,11,456.0,0,0.0
1790954349637,19080,26.4,11,455.9,482.3,11,455.9,0,0.0
1790954350138,19080,26.4,11,455.9,482.4,11,455.9,0,0.0
1790954350645,19080,26.4,11,456.0,482.4,11,456.0,0,0.0
1790954351166,19080,26.4,11,456.0,482.4,11,456.0,0,0.0
1790954351677,19080,26.4,11,456.1,482.6,11,456.1,0,0.0
1790954352193,19080,26.4,11,456.2,482.6,11,456.2,0,0.0
1790954352707,19080,26.4,11,456.3,482.8,11,456.3,0,0.0
1790954353229,19080,26.4,11,456.3,482.8,11,456.3,0,0.0
1790954353743,19080,26.4,11,456.0,482.4,11,456.0,0,0.0
1790954354246,19080,26.4,11,456.1,482.5,11,456.1,0,0.0
1790954354744,19080,26.4,11,456.2,482.6,11,456.2,0,0.0
1790954355249,19080,26.4,11,456.2,482.6,11,456.2,0,0.0
1790954355762,19080,26.4,11,456.2,482.6,11,456.2,0,0.0
1790954356278,19080,26.4,11,456.2,482.6,11,456.2,0,0.0
1790954356783,19080,26.4,11,456.2,482.6,11,456.2,0,0.0
1790954357307,19080,26.4,11,456.2,482.6,11,456.2,0,0.0
1790954357817,19080,26.4,11,456.1,482.5,11,456.1,0,0.0
1790954358325,19080,26.4,11,456.1,482.5,11,456.1,0,0.0
1790954358821,19080,26.4,11,456.2,482.6,11,456.2,0,0.0
1790954359328,19080,26.4,11,456.2,482.6,11,456.2,0,0.0
1790954359846,19080,26.4,11,456.2,482.6,11,456.2,0,0.0
1790954360361,19080,26.4,11,456.2,482.6,11,456.2,0,0.0
1790954360870,19080,26.4,11,456.2,482.6,11,456.2,0,0.0
1790954361375,19080,26.5,11,456.2,482.7,11,456.2,0,0.0
1790954361889,19080,26.5,11,491.2,517.7,11,491.2,0,0.0
1790954362415,19080,26.5,11,491.2,517.7,11,491.2,0,0.0
1790954362926,19080,26.5,11,491.4,517.9,11,491.4,0,0.0
1790954363437,19080,26.5,11,491.4,517.9,11,491.4,0,0.0
1790954363937,19080,26.5,11,491.4,517.9,11,491.4,0,0.0
1790954364452,19080,26.5,11,491.4,517.9,11,491.4,0,0.0
1790954364969,19080,26.5,11,491.4,517.9,11,491.4,0,0.0
1790954365485,19080,26.5,11,491.4,517.9,11,491.4,0,0.0
1790954366000,19080,26.5,11,491.0,517.5,11,491.0,0,0.0
1790954366508,19080,26.5,11,463.4,489.9,11,463.4,0,0.0
1790954367009,19080,26.5,11,463.5,490.0,11,463.5,0,0.0
1790954367517,19080,26.5,11,463.5,490.0,11,463.5,0,0.0
1790954368037,19080,26.5,11,463.5,490.0,11,463.5,0,0.0
1790954368534,19080,26.5,11,463.5,490.0,11,463.5,0,0.0
1790954369049,19080,26.5,11,463.5,490.0,11,463.5,0,0.0
1790954369560,19080,26.5,11,463.2,489.7,11,463.2,0,0.0
1790954370081,19080,26.5,11,457.7,484.2,11,457.7,0,0.0
1790954370590,19080,26.5,11,457.8,484.3,11,457.8,0,0.0
1790954371098,19080,26.5,11,457.8,484.3,11,457.8,0,0.0
1790954371601,19080,26.5,11,457.9,484.4,11,457.9,0,0.0
1790954372120,19080,26.5,11,457.9,484.4,11,457.9,0,0.0
1790954372619,19080,26.5,11,456.7,483.2,11,456.7,0,0.0
1790954373127,19080,26.5,11,456.8,483.3,11,456.8,0,0.0
1790954373638,19080,26.5,11,456.5,483.0,11,456.5,0,0.0
1790954374157,19080,26.5,11,456.4,482.9,11,456.4,0,0.0
1790954374657,19080,26.5,11,456.5,483.0,11,456.5,0,0.0
1790954375168,19080,26.5,11,456.5,483.0,11,456.5,0,0.0
1790954375684,19080,26.5,11,456.6,483.1,11,456.6,0,0.0
1790954376191,19080,26.5,11,456.6,483.1,11,456.6,0,0.0
1790954376714,19080,26.5,11,456.6,483.1,11,456.6,0,0.0
1790954377226,19080,26.5,11,456.9,483.4,11,456.9,0,0.0
1790954377738,19080,26.5,11,456.8,483.3,11,456.8,0,0.0
1790954378263,19080,26.5,11,456.6,483.1,11,456.6,0,0.0
1790954378775,19080,26.5,11,456.7,483.2,11,456.7,0,0.0
1790954379293,19080,26.5,11,456.7,483.2,11,456.7,0,0.0
1790954379789,19080,26.5,11,456.7,483.2,11,456.7,0,0.0
1790954380295,19080,26.5,11,456.8,483.3,11,456.8,0,0.0
1790954380800,19080,26.5,11,456.8,483.3,11,456.8,0,0.0
1790954381306,19080,26.5,11,456.1,482.6,11,456.1,0,0.0
1790954381813,19080,26.5,11,456.0,482.5,11,456.0,0,0.0
1790954382326,19080,26.5,11,456.0,482.5,11,456.0,0,0.0
1790954382835,19080,26.5,11,456.1,482.6,11,456.1,0,0.0
1790954383348,19080,26.5,11,456.1,482.6,11,456.1,0,0.0
1790954383852,19080,26.5,11,456.1,482.6,11,456.1,0,0.0
1790954384367,19080,26.5,11,456.1,482.6,11,456.1,0,0.0
1790954384873,19080,26.5,11,456.0,482.5,11,456.0,0,0.0
1790954385381,19080,26.5,11,456.0,482.5,11,456.0,0,0.0
1790954385894,19080,26.5,11,455.7,482.2,11,455.7,0,0.0
1790954386420,19080,26.5,11,455.7,482.2,11,455.7,0,0.0
1790954386921,19080,26.5,11,455.8,482.3,11,455.8,0,0.0
1790954387420,19080,26.5,11,455.8,482.3,11,455.8,0,0.0
1790954387934,19080,26.5,11,455.8,482.3,11,455.8,0,0.0
1790954388428,19080,26.5,11,455.8,482.3,11,455.8,0,0.0
1790954388938,19080,26.5,11,455.8,482.3,11,455.8,0,0.0
1790954389451,19080,26.5,11,455.8,482.3,11,455.8,0,0.0
1790954389975,19080,26.5,11,455.7,482.2,11,455.7,0,0.0
1790954390478,19080,26.5,11,455.7,482.2,11,455.7,0,0.0
1790954390976,19080,26.5,11,455.8,482.3,11,455.8,0,0.0
1790954391484,19080,26.5,11,455.8,482.3,11,455.8,0,0.0
1790954391992,19080,26.5,11,455.8,482.3,11,455.8,0,0.0
1790954392508,19080,26.5,11,455.8,482.3,11,455.8,0,0.0
1790954393010,19080,26.5,11,455.8,482.3,11,455.8,0,0.0
1790954393519,19080,26.5,11,455.8,482.3,11,455.8,0,0.0
1790954394041,19080,26.5,11,455.8,482.3,11,455.8,0,0.0
1790954394547,19080,26.5,11,456.0,482.5,11,456.0,0,0.0
1790954395066,19080,26.5,11,456.0,482.5,11,456.0,0,0.0
1790954395577,19080,26.5,11,456.1,482.6,11,456.1,0,0.0
1790954396082,19080,26.5,11,456.1,482.6,11,456.1,0,0.0
1790954396605,19080,26.5,11,456.1,482.6,11,456.1,0,0.0
1790954397121,19080,26.5,11,456.1,482.6,11,456.1,0,0.0
1790954397624,19080,26.5,11,456.1,482.6,11,456.1,0,0.0
1790954398127,19080,26.5,11,456.0,482.5,11,456.0,0,0.0
1790954398641,19080,26.5,11,456.2,482.7,11,456.2,0,0.0
1790954399145,19080,26.5,11,456.2,482.7,11,456.2,0,0.0
1790954399661,19080,26.5,11,456.2,482.7,11,456.2,0,0.0
1790954400171,19080,26.5,11,456.2,482.7,11,456.2,0,0.0
1790954400673,19080,26.5,11,456.3,482.8,11,456.3,0,0.0
1790954401181,19080,26.5,11,456.3,482.8,11,456.3,0,0.0
1790954401687,19080,26.5,11,456.2,482.7,11,456.2,0,0.0
1790954402200,19080,26.5,11,456.0,482.5,11,456.0,0,0.0
1790954402702,19080,26.5,11,456.1,482.6,11,456.1,0,0.0
1790954403222,19080,26.4,11,455.9,482.3,11,455.9,0,0.0
1790954403738,19080,26.4,11,455.4,481.9,11,455.4,0,0.0
1790954404252,19080,26.4,11,455.4,481.8,11,455.4,0,0.0
1790954404768,19080,26.4,11,455.3,481.7,11,455.3,0,0.0
1790954405288,19080,26.4,11,455.3,481.7,11,455.3,0,0.0
1790954405785,19080,26.4,11,455.2,481.7,11,455.2,0,0.0
1790954406295,19080,26.4,11,455.2,481.7,11,455.2,0,0.0
1790954406802,19080,26.4,11,455.1,481.6,11,455.1,0,0.0
1790954407319,19080,26.4,11,455.2,481.6,11,455.2,0,0.0
1790954407823,19080,26.4,11,455.2,481.6,11,455.2,0,0.0
1790954408330,19080,26.4,11,455.1,481.5,11,455.1,0,0.0
1790954408841,19080,26.4,11,455.1,481.6,11,455.1,0,0.0
1790954409342,19080,26.4,11,455.1,481.6,11,455.1,0,0.0
1790954409851,19080,26.4,11,455.1,481.6,11,455.1,0,0.0
1790954410349,19080,26.4,11,455.1,481.6,11,455.1,0,0.0
1790954410868,19080,26.4,11,455.2,481.6,11,455.2,0,0.0
1790954411388,19080,26.4,11,455.2,481.6,11,455.2,0,0.0
1790954411899,19080,26.4,11,460.9,487.3,11,460.9,0,0.0
1790954412404,19080,26.4,11,460.9,487.3,11,460.9,0,0.0
1790954412904,19080,26.4,11,461.0,487.4,11,461.0,0,0.0
1790954413405,19080,26.4,11,461.0,487.4,11,461.0,0,0.0
1790954413921,19080,26.4,11,460.6,487.0,11,460.6,0,0.0
1790954414423,19080,26.4,11,460.6,487.0,11,460.6,0,0.0
1790954414941,19080,26.4,11,458.8,485.2,11,458.8,0,0.0
1790954415458,19080,26.4,11,458.8,485.2,11,458.8,0,0.0
1790954415955,19080,26.4,11,458.8,485.2,11,458.8,0,0.0
1790954416460,19080,26.4,11,458.8,485.2,11,458.8,0,0.0
1790954416978,19080,26.4,11,458.8,485.2,11,458.8,0,0.0
1790954417490,19080,26.4,11,458.8,485.2,11,458.8,0,0.0
1790954418001,19080,26.4,11,458.5,484.9,11,458.5,0,0.0
1790954418506,19080,26.4,11,458.1,484.5,11,458.1,0,0.0
1790954419006,19080,26.4,11,458.2,484.6,11,458.2,0,0.0
1790954419511,19080,26.4,11,454.6,481.0,11,454.6,0,0.0
1790954420019,19080,26.4,11,454.7,481.1,11,454.7,0,0.0
1790954420535,19080,26.4,11,454.8,481.2,11,454.8,0,0.0
1790954421053,19080,26.4,11,454.8,481.2,11,454.8,0,0.0
1790954421567,19080,26.4,11,454.5,480.9,11,454.5,0,0.0
1790954422086,19080,26.4,11,491.4,517.8,11,491.4,0,0.0
1790954422594,19080,26.4,11,491.4,517.8,11,491.4,0,0.0
1790954423115,19080,26.4,11,491.4,517.8,11,491.4,0,0.0
1790954423624,19080,26.4,11,491.5,517.9,11,491.5,0,0.0
1790954424137,19080,26.4,11,491.5,517.9,11,491.5,0,0.0
1790954424642,19080,26.4,11,491.5,517.9,11,491.5,0,0.0
1790954425142,19080,26.4,11,491.5,517.9,11,491.5,0,0.0
1790954425665,19080,26.4,11,491.5,517.9,11,491.5,0,0.0
1790954426184,19080,26.4,11,491.1,517.5,11,491.1,0,0.0
1790954426697,19080,26.4,11,461.4,487.8,11,461.4,0,0.0
1790954427198,19080,26.4,11,461.4,487.8,11,461.4,0,0.0
1790954427703,19080,26.4,11,461.4,487.8,11,461.4,0,0.0
1790954428204,19080,26.4,11,461.4,487.8,11,461.4,0,0.0
1790954428725,19080,26.4,11,461.4,487.8,11,461.4,0,0.0
1790954429232,19080,26.4,11,461.4,487.8,11,461.4,0,0.0
1790954429747,19080,26.4,11,455.1,481.5,11,455.1,0,0.0
1790954430243,19080,26.4,11,455.1,481.5,11,455.1,0,0.0
1790954430751,19080,26.4,11,455.2,481.6,11,455.2,0,0.0
1790954431262,19080,26.4,11,455.2,481.6,11,455.2,0,0.0
1790954431767,19080,26.4,11,455.2,481.7,11,455.2,0,0.0
1790954432285,19080,26.4,11,455.2,481.7,11,455.2,0,0.0
1790954432793,19080,26.4,11,454.8,481.2,11,454.8,0,0.0
1790954433300,19080,26.4,11,455.6,482.0,11,455.6,0,0.0
1790954433798,19080,26.4,11,455.4,481.9,11,455.4,0,0.0
1790954434307,19080,26.4,11,455.4,481.9,11,455.4,0,0.0
1790954434810,19080,26.4,11,455.6,482.0,11,455.6,0,0.0
1790954435329,19080,26.4,11,455.6,482.0,11,455.6,0,0.0
1790954435845,19080,26.4,11,455.6,482.0,11,455.6,0,0.0
1790954436351,19080,26.4,11,455.6,482.0,11,455.6,0,0.0
1790954436854,19080,26.4,11,455.6,482.0,11,455.6,0,0.0
1790954437351,19080,26.4,11,455.6,482.0,11,455.6,0,0.0
1790954437870,19080,26.4,11,455.5,481.9,11,455.5,0,0.0
1790954438385,19080,26.4,11,455.5,481.9,11,455.5,0,0.0
1790954438883,19080,26.4,11,455.5,482.0,11,455.5,0,0.0
1790954439386,19080,26.4,11,455.5,482.0,11,455.5,0,0.0
1790954439884,19080,26.4,11,455.5,482.0,11,455.5,0,0.0
1790954440392,19080,26.4,11,455.5,482.0,11,455.5,0,0.0
1790954440914,19080,26.4,11,455.5,482.0,11,455.5,0,0.0
1790954441419,19080,26.4,11,455.5,482.0,11,455.5,0,0.0
1790954441931,19080,26.4,11,455.4,481.8,11,455.4,0,0.0
1790954442433,19080,26.4,11,455.4,481.8,11,455.4,0,0.0
1790954442950,19080,26.4,11,455.5,481.9,11,455.5,0,0.0
1790954443449,19080,26.4,11,455.5,481.9,11,455.5,0,0.0
1790954443966,19080,26.4,11,455.6,482.0,11,455.6,0,0.0
1790954444468,19080,26.4,11,455.6,482.0,11,455.6,0,0.0
1790954444980,19080,26.4,11,455.6,482.0,11,455.6,0,0.0
1790954445482,19080,26.4,11,455.6,482.0,11,455.6,0,0.0
1790954445990,19080,26.4,11,455.5,481.9,11,455.5,0,0.0
1790954446499,19080,26.4,11,455.5,481.9,11,455.5,0,0.0
1790954447006,19080,26.4,11,455.6,482.0,11,455.6,0,0.0
1790954447511,19080,26.4,11,455.6,482.0,11,455.6,0,0.0
1790954448014,19080,26.4,11,455.6,482.0,11,455.6,0,0.0
1790954448512,19080,26.4,11,455.6,482.0,11,455.6,0,0.0
1790954449015,19080,26.4,11,455.6,482.0,11,455.6,0,0.0
1790954449533,19080,26.4,11,455.6,482.0,11,455.6,0,0.0
1790954450046,19080,26.4,11,455.5,481.9,11,455.5,0,0.0
1790954450560,19080,26.4,11,455.6,482.0,11,455.6,0,0.0
1790954451072,19080,26.4,11,455.6,482.0,11,455.6,0,0.0
1790954451580,19080,26.4,11,455.4,481.8,11,455.4,0,0.0
1790954452093,19080,26.4,11,455.3,481.7,11,455.3,0,0.0
1790954452613,19080,26.4,11,455.4,481.8,11,455.4,0,0.0
1790954453126,19080,26.4,11,455.5,481.9,11,455.5,0,0.0
1790954453621,19080,26.4,11,455.6,482.0,11,455.6,0,0.0
1790954454138,19080,26.4,11,455.6,482.0,11,455.6,0,0.0
1790954454657,19080,26.4,11,455.8,482.2,11,455.8,0,0.0
1790954455160,19080,26.4,11,455.8,482.2,11,455.8,0,0.0
1790954455676,19080,26.4,11,455.8,482.2,11,455.8,0,0.0
1790954456177,19080,26.4,11,455.8,482.2,11,455.8,0,0.0
1790954456699,19080,26.4,11,455.9,482.3,11,455.9,0,0.0
1790954457205,19080,26.4,11,455.9,482.3,11,455.9,0,0.0
1790954457727,19080,26.4,11,455.7,482.1,11,455.7,0,0.0
1790954458237,19080,26.4,11,455.6,482.0,11,455.6,0,0.0
1790954458761,19080,26.4,11,455.6,482.1,11,455.6,0,0.0
1790954459265,19080,26.4,11,455.6,482.1,11,455.6,0,0.0
1790954459781,19080,26.4,11,455.6,482.1,11,455.6,0,0.0
1790954460284,19080,26.4,11,455.6,482.1,11,455.6,0,0.0
1790954460800,19080,26.4,11,455.8,482.2,11,455.8,0,0.0
1790954461302,19080,26.4,11,455.8,482.2,11,455.8,0,0.0
1790954461810,19080,26.4,11,455.7,482.1,11,455.7,0,0.0
1790954462309,19080,26.4,11,455.7,482.1,11,455.7,0,0.0
1790954462808,19080,26.4,11,455.7,482.2,11,455.7,0,0.0
1790954463323,19080,26.4,11,455.7,482.2,11,455.7,0,0.0
1790954463830,19080,26.4,11,455.8,482.2,11,455.8,0,0.0
1790954464334,19080,26.4,11,455.8,482.2,11,455.8,0,0.0
1790954464854,19080,26.4,11,455.8,482.2,11,455.8,0,0.0
1790954465360,19080,26.4,11,455.8,482.2,11,455.8,0,0.0
1790954465873,19080,26.4,11,455.7,482.1,11,455.7,0,0.0
1790954466380,19080,26.4,11,455.7,482.1,11,455.7,0,0.0
1790954466889,19080,26.4,11,456.0,482.4,11,456.0,0,0.0
1790954467383,19080,26.4,11,456.0,482.4,11,456.0,0,0.0
1790954467887,19080,26.4,11,456.0,482.4,11,456.0,0,0.0
1790954468388,19080,26.4,11,456.0,482.4,11,456.0,0,0.0
1790954468897,19080,26.4,11,456.0,482.4,11,456.0,0,0.0
1790954469407,19080,26.4,11,456.0,482.4,11,456.0,0,0.0
1790954469928,19080,26.4,11,455.9,482.3,11,455.9,0,0.0
1790954470437,19080,26.3,11,455.9,482.2,11,455.9,0,0.0
1790954470947,19080,26.3,11,456.0,482.3,11,456.0,0,0.0
1790954471460,19080,26.3,11,456.0,482.3,11,456.0,0,0.0
1790954471976,19080,26.3,11,456.7,483.1,11,456.7,0,0.0
1790954472492,19080,26.3,11,456.7,483.1,11,456.7,0,0.0
1790954473009,19080,26.3,11,456.7,483.1,11,456.7,0,0.0
1790954473521,19080,26.3,11,456.7,483.1,11,456.7,0,0.0
1790954474033,19080,26.3,11,456.5,482.8,11,456.5,0,0.0
1790954474535,19080,26.3,11,456.6,482.9,11,456.6,0,0.0
1790954475050,19080,26.3,11,456.6,482.9,11,456.6,0,0.0
1790954475563,19080,26.3,11,456.7,483.0,11,456.7,0,0.0
1790954476082,19080,26.3,11,456.8,483.1,11,456.8,0,0.0
1790954476599,19080,26.3,11,456.8,483.1,11,456.8,0,0.0
1790954477106,19080,26.3,11,456.8,483.1,11,456.8,0,0.0
1790954477625,19080,26.3,11,456.8,483.1,11,456.8,0,0.0
1790954478136,19080,26.3,11,456.7,483.0,11,456.7,0,0.0
1790954478643,19080,26.3,11,456.8,483.1,11,456.8,0,0.0
1790954479156,19080,26.3,11,456.8,483.1,11,456.8,0,0.0
1790954479653,19080,26.3,11,457.0,483.3,11,457.0,0,0.0
1790954480152,19080,26.3,11,457.0,483.3,11,457.0,0,0.0
1790954480659,19080,26.3,11,457.0,483.3,11,457.0,0,0.0
1790954481168,19080,26.3,11,457.0,483.3,11,457.0,0,0.0
1790954481671,19080,26.3,11,479.7,506.1,11,479.7,0,0.0
1790954482188,19080,26.3,11,493.6,520.0,11,493.6,0,0.0
1790954482704,19080,26.3,11,494.1,520.4,11,494.1,0,0.0
1790954483220,19080,26.3,11,494.1,520.4,11,494.1,0,0.0
1790954483739,19080,26.3,11,494.1,520.4,11,494.1,0,0.0
1790954484239,19080,26.3,11,494.1,520.4,11,494.1,0,0.0
1790954484753,19080,26.3,11,494.0,520.3,11,494.0,0,0.0
1790954485257,19080,26.3,11,494.0,520.3,11,494.0,0,0.0
1790954485747,19080,26.3,11,493.6,519.9,11,493.6,0,0.0
1790954486253,19080,26.3,11,463.6,490.0,11,463.6,0,0.0
1790954486767,19080,26.3,11,463.7,490.1,11,463.7,0,0.0
1790954487277,19080,26.3,11,463.7,490.1,11,463.7,0,0.0
1790954487798,19080,26.3,11,463.7,490.0,11,463.7,0,0.0
1790954488307,19080,26.3,11,463.7,490.0,11,463.7,0,0.0
1790954488806,19080,26.3,11,463.9,490.2,11,463.9,0,0.0
1790954489328,19080,26.3,11,463.1,489.4,11,463.1,0,0.0
1790954489844,19080,26.3,11,457.2,483.5,11,457.2,0,0.0
1790954490357,19080,26.3,11,456.0,482.3,11,456.0,0,0.0
1790954490861,19080,26.3,11,456.1,482.4,11,456.1,0,0.0
1790954491371,19080,26.3,11,456.1,482.4,11,456.1,0,0.0
1790954491914,19080,26.3,11,456.1,482.4,11,456.1,0,0.0
1790954492404,19080,26.3,11,456.1,482.4,11,456.1,0,0.0
1790954492921,19080,26.3,11,456.0,482.3,11,456.0,0,0.0
1790954493439,19080,26.3,11,456.7,483.0,11,456.7,0,0.0
1790954493954,19080,26.3,11,456.7,483.0,11,456.7,0,0.0
1790954494476,19080,26.3,11,456.7,483.0,11,456.7,0,0.0
1790954494981,19080,26.3,11,456.8,483.1,11,456.8,0,0.0
1790954495491,19080,26.3,11,456.8,483.1,11,456.8,0,0.0
1790954496009,19080,26.3,11,456.8,483.1,11,456.8,0,0.0
1790954496510,19080,26.3,11,456.8,483.1,11,456.8,0,0.0
1790954497016,19080,26.3,11,456.9,483.2,11,456.9,0,0.0
1790954497528,19080,26.3,11,456.9,483.2,11,456.9,0,0.0
1790954498032,19080,26.3,11,456.8,483.1,11,456.8,0,0.0
1790954498543,19080,26.3,11,457.0,483.3,11,457.0,0,0.0
1790954499059,19080,26.3,11,457.0,483.3,11,457.0,0,0.0
1790954499560,19080,26.3,11,457.0,483.3,11,457.0,0,0.0
1790954500070,19080,26.3,11,457.0,483.3,11,457.0,0,0.0
1790954500582,19080,26.3,11,457.0,483.4,11,457.0,0,0.0
1790954501093,19080,26.3,11,457.0,483.4,11,457.0,0,0.0
1790954501614,19080,26.3,11,457.2,483.5,11,457.2,0,0.0
1790954502133,19080,26.3,11,457.1,483.4,11,457.1,0,0.0
1790954502644,19080,26.3,11,457.1,483.5,11,457.1,0,0.0
1790954503161,19080,26.3,11,457.1,483.5,11,457.1,0,0.0
1790954503676,19080,26.3,11,457.1,483.5,11,457.1,0,0.0
1790954504195,19080,26.3,11,457.1,483.4,11,457.1,0,0.0
1790954504711,19080,26.3,11,457.1,483.4,11,457.1,0,0.0
1790954505212,19080,26.3,11,457.1,483.4,11,457.1,0,0.0
1790954505714,19080,26.3,11,457.1,483.4,11,457.1,0,0.0
1790954506233,19080,26.3,11,456.8,483.1,11,456.8,0,0.0
1790954506731,19080,26.3,11,456.9,483.2,11,456.9,0,0.0
1790954507246,19080,26.3,11,456.9,483.2,11,456.9,0,0.0
1790954507763,19080,26.3,11,456.9,483.2,11,456.9,0,0.0
1790954508274,19080,26.3,11,456.9,483.2,11,456.9,0,0.0
1790954508789,19080,26.3,11,456.9,483.2,11,456.9,0,0.0
1790954509294,19080,26.3,11,456.9,483.2,11,456.9,0,0.0
1790954509811,19080,26.3,11,456.8,483.1,11,456.8,0,0.0
1790954510309,19080,26.3,11,456.8,483.1,11,456.8,0,0.0
1790954510829,19080,26.3,11,457.0,483.3,11,457.0,0,0.0
1790954511325,19080,26.3,11,456.9,483.2,11,456.9,0,0.0
1790954511842,19080,26.3,11,457.0,483.3,11,457.0,0,0.0
1790954512351,19080,26.3,11,457.0,483.4,11,457.0,0,0.0
1790954512869,19080,26.3,11,457.6,483.9,11,457.6,0,0.0
1790954513379,19080,26.3,11,457.6,483.9,11,457.6,0,0.0
1790954513896,19080,26.3,11,457.5,483.8,11,457.5,0,0.0
1790954514414,19080,26.3,11,463.2,489.5,11,463.2,0,0.0
1790954514933,19080,26.3,11,463.2,489.6,11,463.2,0,0.0
1790954515438,19080,26.3,11,463.3,489.6,11,463.3,0,0.0
1790954515935,19080,26.3,11,463.3,489.6,11,463.3,0,0.0
1790954516455,19080,26.3,11,463.3,489.6,11,463.3,0,0.0
1790954516972,19080,26.3,11,463.3,489.6,11,463.3,0,0.0
1790954517489,19080,26.3,11,461.4,487.7,11,461.4,0,0.0
1790954518006,19080,26.3,11,460.9,487.3,11,460.9,0,0.0
1790954518526,19080,26.3,11,460.9,487.3,11,460.9,0,0.0
1790954519059,19080,26.3,11,461.0,487.3,11,461.0,0,0.0
1790954519542,19080,26.3,11,460.7,487.0,11,460.7,0,0.0
1790954520060,19080,26.3,11,460.6,486.9,11,460.6,0,0.0
1790954520561,19080,26.3,11,460.7,487.0,11,460.7,0,0.0
1790954521061,19080,26.3,11,460.6,487.0,11,460.6,0,0.0
1790954521574,19080,26.3,11,460.6,486.9,11,460.6,0,0.0
1790954522089,19080,26.3,11,458.8,485.1,11,458.8,0,0.0
1790954522591,19080,26.3,11,457.0,483.3,11,457.0,0,0.0
1790954523095,19080,26.3,11,457.0,483.3,11,457.0,0,0.0
1790954523609,19080,26.3,11,456.5,482.8,11,456.5,0,0.0
1790954524122,19080,26.3,11,456.5,482.8,11,456.5,0,0.0
1790954524638,19080,26.3,11,456.5,482.8,11,456.5,0,0.0
1790954525151,19080,26.3,11,456.5,482.8,11,456.5,0,0.0
1790954525653,19080,26.3,11,456.5,482.8,11,456.5,0,0.0
1790954526157,19080,26.3,11,456.4,482.7,11,456.4,0,0.0
1790954526658,19080,26.3,11,456.5,482.8,11,456.5,0,0.0
1790954527176,19080,26.3,11,456.5,482.8,11,456.5,0,0.0
1790954527691,19080,26.3,11,456.5,482.8,11,456.5,0,0.0
1790954528204,19080,26.3,11,456.5,482.8,11,456.5,0,0.0
1790954528712,19080,26.3,11,456.0,482.3,11,456.0,0,0.0
1790954529212,19080,26.3,11,456.0,482.3,11,456.0,0,0.0
1790954529719,19080,26.3,11,456.0,482.3,11,456.0,0,0.0
1790954530216,19080,26.3,11,455.9,482.2,11,455.9,0,0.0
1790954530720,19080,26.3,11,456.0,482.3,11,456.0,0,0.0
1790954531236,19080,26.3,11,456.0,482.3,11,456.0,0,0.0
1790954531741,19080,26.3,11,456.0,482.3,11,456.0,0,0.0
1790954532257,19080,26.3,11,456.7,483.0,11,456.7,0,0.0
1790954532775,19080,26.3,11,456.7,483.0,11,456.7,0,0.0
1790954533271,19080,26.3,11,456.7,483.0,11,456.7,0,0.0
1790954533789,19080,26.3,11,456.5,482.8,11,456.5,0,0.0
1790954534304,19080,26.3,11,456.6,482.9,11,456.6,0,0.0
1790954534813,19080,26.3,11,456.9,483.2,11,456.9,0,0.0
1790954535326,19080,26.3,11,457.6,483.9,11,457.6,0,0.0
1790954535832,19080,26.3,11,457.6,483.9,11,457.6,0,0.0
1790954536348,19080,26.3,11,457.6,483.9,11,457.6,0,0.0
1790954536859,19080,26.3,11,457.6,483.9,11,457.6,0,0.0
1790954537376,19080,26.3,11,457.4,483.7,11,457.4,0,0.0
1790954537894,19080,26.3,11,457.1,483.4,11,457.1,0,0.0
1790954538411,19080,26.3,11,457.0,483.3,11,457.0,0,0.0
1790954538927,19080,26.3,11,457.2,483.5,11,457.2,0,0.0
1790954539426,19080,26.3,11,457.2,483.5,11,457.2,0,0.0
1790954539941,19080,26.3,11,457.2,483.5,11,457.2,0,0.0
1790954540448,19080,26.3,11,457.2,483.5,11,457.2,0,0.0
1790954540950,19080,26.3,11,457.2,483.5,11,457.2,0,0.0
1790954541454,19080,26.3,11,457.2,483.5,11,457.2,0,0.0
1790954541970,19080,26.3,11,495.5,521.8,11,495.5,0,0.0
1790954542481,19080,26.3,11,495.5,521.8,11,495.5,0,0.0
1790954542999,19080,26.3,11,495.6,521.9,11,495.6,0,0.0
1790954543499,19080,26.3,11,495.6,521.9,11,495.6,0,0.0
1790954543998,19080,26.3,11,495.6,521.9,11,495.6,0,0.0
1790954544493,19080,26.3,11,495.5,521.9,11,495.5,0,0.0
1790954545005,19080,26.3,11,495.5,521.9,11,495.5,0,0.0
1790954545513,19080,26.3,11,495.5,521.8,11,495.5,0,0.0
1790954546025,19080,26.3,11,495.2,521.5,11,495.2,0,0.0
1790954546532,19080,26.3,11,464.6,490.9,11,464.6,0,0.0
1790954547034,19080,26.3,11,464.7,491.0,11,464.7,0,0.0
1790954547564,19080,26.3,11,464.7,491.0,11,464.7,0,0.0
1790954548066,19080,26.3,11,464.6,490.9,11,464.6,0,0.0
1790954548578,19080,26.3,11,464.6,490.9,11,464.6,0,0.0
1790954549091,19080,26.3,11,464.6,490.9,11,464.6,0,0.0
1790954549607,19080,26.3,11,457.7,484.1,11,457.7,0,0.0
1790954550118,19080,26.3,11,457.7,484.0,11,457.7,0,0.0
1790954550634,19080,26.3,11,457.7,484.1,11,457.7,0,0.0
1790954551143,19080,26.3,11,457.7,484.1,11,457.7,0,0.0
1790954551643,19080,26.3,11,457.7,484.0,11,457.7,0,0.0
1790954552167,19080,26.3,11,457.7,484.0,11,457.7,0,0.0
1790954552681,19080,26.3,11,457.7,484.1,11,457.7,0,0.0
1790954553183,19080,26.3,11,456.6,482.9,11,456.6,0,0.0
1790954553686,19080,26.3,11,457.2,483.6,11,457.2,0,0.0
1790954554194,19080,26.3,11,457.2,483.5,11,457.2,0,0.0
1790954554704,19080,26.3,11,457.2,483.6,11,457.2,0,0.0
1790954555210,19080,26.3,11,457.2,483.6,11,457.2,0,0.0
1790954555724,19080,26.3,11,457.2,483.6,11,457.2,0,0.0
1790954556233,19080,26.3,11,457.3,483.6,11,457.3,0,0.0
1790954556747,19080,26.3,11,457.5,483.8,11,457.5,0,0.0
1790954557259,19080,26.3,11,457.5,483.8,11,457.5,0,0.0
1790954557772,19080,26.3,11,457.5,483.8,11,457.5,0,0.0
1790954558285,19080,26.3,11,457.5,483.8,11,457.5,0,0.0
1790954558805,19080,26.3,11,457.5,483.9,11,457.5,0,0.0
1790954559323,19080,26.3,11,457.5,483.9,11,457.5,0,0.0
1790954559840,19080,26.3,11,457.6,483.9,11,457.6,0,0.0
1790954560338,19080,26.3,11,457.6,483.9,11,457.6,0,0.0
1790954560847,19080,26.3,11,457.5,483.8,11,457.5,0,0.0
1790954561350,19080,26.3,11,457.5,483.8,11,457.5,0,0.0
1790954561855,19080,26.3,11,457.4,483.7,11,457.4,0,0.0
1790954562357,19080,26.3,11,457.4,483.7,11,457.4,0,0.0
1790954562855,19080,26.3,11,457.5,483.8,11,457.5,0,0.0
1790954563371,19080,26.3,11,457.5,483.8,11,457.5,0,0.0
1790954563871,19080,26.3,11,457.5,483.8,11,457.5,0,0.0
1790954564371,19080,26.3,11,457.5,483.8,11,457.5,0,0.0
1790954564874,19080,26.3,11,457.5,483.8,11,457.5,0,0.0
1790954565370,19080,26.3,11,457.5,483.8,11,457.5,0,0.0
1790954565874,19080,26.3,11,457.4,483.7,11,457.4,0,0.0
1790954566395,19080,26.3,11,457.4,483.7,11,457.4,0,0.0
1790954566907,19080,26.3,11,457.5,483.8,11,457.5,0,0.0
1790954567429,19080,26.3,11,457.5,483.8,11,457.5,0,0.0
1790954567930,19080,26.3,11,457.5,483.8,11,457.5,0,0.0
1790954568448,19080,26.3,11,457.5,483.8,11,457.5,0,0.0
1790954568959,19080,26.3,11,457.5,483.8,11,457.5,0,0.0
1790954569474,19080,26.3,11,457.5,483.8,11,457.5,0,0.0
1790954569994,19080,26.3,11,457.1,483.4,11,457.1,0,0.0
1790954570511,19080,26.3,11,457.1,483.4,11,457.1,0,0.0
1790954571009,19080,26.3,11,457.2,483.5,11,457.2,0,0.0
1790954571525,19080,26.3,11,457.0,483.3,11,457.0,0,0.0
1790954572040,19080,26.3,11,457.0,483.3,11,457.0,0,0.0
1790954572551,19080,26.3,11,457.1,483.5,11,457.1,0,0.0
1790954573069,19080,26.3,11,457.2,483.5,11,457.2,0,0.0
1790954573582,19080,26.3,11,457.2,483.5,11,457.2,0,0.0
1790954574099,19080,26.3,11,457.1,483.4,11,457.1,0,0.0
1790954574614,19080,26.3,11,458.0,484.3,11,458.0,0,0.0
1790954575128,19080,26.3,11,458.0,484.3,11,458.0,0,0.0
1790954575642,19080,26.3,11,458.0,484.3,11,458.0,0,0.0
1790954576161,19080,26.3,11,458.0,484.3,11,458.0,0,0.0
1790954576677,19080,26.3,11,458.0,484.3,11,458.0,0,0.0
1790954577199,19080,26.3,11,458.0,484.3,11,458.0,0,0.0
1790954577695,19080,26.3,11,458.2,484.5,11,458.2,0,0.0
1790954578216,19080,26.3,11,458.1,484.4,11,458.1,0,0.0
1790954578727,19080,26.3,11,458.2,484.5,11,458.2,0,0.0
1790954579233,19080,26.3,11,458.2,484.5,11,458.2,0,0.0
1790954579750,19080,26.3,11,458.3,484.6,11,458.3,0,0.0
1790954580261,19080,26.3,11,458.3,484.6,11,458.3,0,0.0
1790954580764,19080,26.3,11,458.3,484.6,11,458.3,0,0.0
1790954581277,19080,26.3,11,458.3,484.6,11,458.3,0,0.0
1790954581794,19080,26.3,11,458.3,484.6,11,458.3,0,0.0
1790954582301,19080,26.3,11,458.2,484.6,11,458.2,0,0.0
1790954582812,19080,26.3,11,458.3,484.6,11,458.3,0,0.0
1790954583309,19080,26.3,11,458.3,484.6,11,458.3,0,0.0
1790954583818,19080,26.3,11,458.3,484.6,11,458.3,0,0.0
1790954584313,19080,26.3,11,458.3,484.6,11,458.3,0,0.0
1790954584820,19080,26.3,11,458.3,484.7,11,458.3,0,0.0
1790954585319,19080,26.3,11,458.3,484.7,11,458.3,0,0.0
1790954585830,19080,26.3,11,458.3,484.7,11,458.3,0,0.0
1790954586334,19080,26.3,11,457.6,483.9,11,457.6,0,0.0
1790954586835,19080,26.3,11,457.6,484.0,11,457.6,0,0.0
1790954587347,19080,26.3,11,457.6,484.0,11,457.6,0,0.0
1790954587866,19080,26.3,11,457.7,484.0,11,457.7,0,0.0
1790954588378,19080,26.3,11,457.7,484.0,11,457.7,0,0.0
1790954588893,19080,26.3,11,457.7,484.0,11,457.7,0,0.0
1790954589403,19080,26.3,11,457.7,484.0,11,457.7,0,0.0
1790954589924,19080,26.3,11,457.6,483.9,11,457.6,0,0.0
1790954590423,19080,26.3,11,457.6,483.9,11,457.6,0,0.0
1790954590945,19080,26.3,11,457.6,484.0,11,457.6,0,0.0
1790954591451,19080,26.3,11,457.6,484.0,11,457.6,0,0.0
1790954591967,19080,26.3,11,457.6,484.0,11,457.6,0,0.0
1790954592468,19080,26.3,11,457.6,484.0,11,457.6,0,0.0
1790954592977,19080,26.3,11,457.6,484.0,11,457.6,0,0.0
1790954593486,19080,26.3,11,457.6,484.0,11,457.6,0,0.0
1790954593996,19080,26.3,11,457.6,483.9,11,457.6,0,0.0
1790954594493,19080,26.3,11,457.6,483.9,11,457.6,0,0.0
1790954595003,19080,26.3,11,457.8,484.1,11,457.8,0,0.0
1790954595501,19080,26.3,11,457.8,484.1,11,457.8,0,0.0
1790954596007,19080,26.3,11,457.8,484.1,11,457.8,0,0.0
1790954596519,19080,26.3,11,457.8,484.1,11,457.8,0,0.0
1790954597040,19080,26.3,11,457.8,484.1,11,457.8,0,0.0
1790954597551,19080,26.3,11,457.9,484.2,11,457.9,0,0.0
1790954598073,19080,26.3,11,457.8,484.1,11,457.8,0,0.0
1790954598582,19080,26.3,11,457.9,484.2,11,457.9,0,0.0
1790954599097,19080,26.3,11,457.9,484.2,11,457.9,0,0.0
1790954599612,19080,26.3,11,457.9,484.2,11,457.9,0,0.0
1790954600123,19080,26.3,11,457.9,484.2,11,457.9,0,0.0
1790954600647,19080,26.3,11,457.9,484.2,11,457.9,0,0.0
1790954601165,19080,26.4,11,458.1,484.5,11,458.1,0,0.0
1790954601670,19080,26.4,11,483.5,509.8,11,483.5,0,0.0
1790954602198,19080,26.4,11,496.0,522.4,11,496.0,0,0.0
1790954602708,19080,26.4,11,496.2,522.6,11,496.2,0,0.0
1790954603206,19080,26.4,11,496.2,522.6,11,496.2,0,0.0
1790954603727,19080,26.4,11,497.5,523.9,11,497.5,0,0.0
1790954604237,19080,26.4,11,497.5,523.9,11,497.5,0,0.0
1790954604760,19080,26.4,11,497.5,523.9,11,497.5,0,0.0
1790954605271,19080,26.4,11,497.5,523.9,11,497.5,0,0.0
1790954605791,19080,26.4,11,497.5,523.9,11,497.5,0,0.0
1790954606293,19080,26.4,11,497.4,523.8,11,497.4,0,0.0
1790954606808,19080,26.4,11,467.6,494.0,11,467.6,0,0.0
1790954607317,19080,26.4,11,467.6,494.0,11,467.6,0,0.0
1790954607824,19080,26.4,11,467.6,494.0,11,467.6,0,0.0
1790954608336,19080,26.4,11,467.6,494.0,11,467.6,0,0.0
1790954608854,19080,26.4,11,467.6,494.0,11,467.6,0,0.0
1790954609355,19080,26.4,11,467.6,494.0,11,467.6,0,0.0
1790954609866,19080,26.4,11,461.3,487.7,11,461.3,0,0.0
1790954610383,19080,26.4,11,461.3,487.7,11,461.3,0,0.0
1790954610898,19080,26.4,11,460.2,486.6,11,460.2,0,0.0
1790954611416,19080,26.4,11,460.2,486.6,11,460.2,0,0.0
1790954611919,19080,26.4,11,460.2,486.6,11,460.2,0,0.0
1790954612435,19080,26.4,11,460.2,486.6,11,460.2,0,0.0
1790954612937,19080,26.4,11,460.2,486.6,11,460.2,0,0.0
1790954613438,19080,26.4,11,459.9,486.2,11,459.9,0,0.0
1790954613953,19080,26.4,11,459.8,486.1,11,459.8,0,0.0
1790954614473,19080,26.4,11,459.8,486.1,11,459.8,0,0.0
1790954614971,19080,26.4,11,459.9,486.2,11,459.9,0,0.0
1790954615494,19080,26.4,11,459.9,486.2,11,459.9,0,0.0
1790954615997,19080,26.4,11,460.0,486.4,11,460.0,0,0.0
1790954616511,19080,26.4,11,465.6,492.0,11,465.6,0,0.0
1790954617012,19080,26.4,11,465.6,492.0,11,465.6,0,0.0
1790954617514,19080,26.4,11,465.7,492.1,11,465.7,0,0.0
1790954618032,19080,26.4,11,465.2,491.6,11,465.2,0,0.0
1790954618537,19080,26.4,11,465.3,491.6,11,465.3,0,0.0
1790954619045,19080,26.4,11,465.4,491.7,11,465.4,0,0.0
1790954619552,19080,26.4,11,463.5,489.9,11,463.5,0,0.0
1790954620064,19080,26.4,11,463.5,489.9,11,463.5,0,0.0
1790954620574,19080,26.4,11,463.3,489.6,11,463.3,0,0.0
1790954621081,19080,26.4,11,463.3,489.6,11,463.3,0,0.0
1790954621584,19080,26.4,11,463.3,489.6,11,463.3,0,0.0
1790954622099,19080,26.4,11,463.1,489.5,11,463.1,0,0.0
1790954622619,19080,26.4,11,463.2,489.6,11,463.2,0,0.0
1790954623130,19080,26.4,11,463.2,489.6,11,463.2,0,0.0
1790954623645,19080,26.4,11,462.2,488.6,11,462.2,0,0.0
1790954624158,19080,26.4,11,462.2,488.6,11,462.2,0,0.0
1790954624677,19080,26.4,11,458.7,485.1,11,458.7,0,0.0
1790954625195,19080,26.4,11,458.7,485.1,11,458.7,0,0.0
1790954625703,19080,26.4,11,458.7,485.1,11,458.7,0,0.0
1790954626221,19080,26.4,11,458.6,485.0,11,458.6,0,0.0
1790954626739,19080,26.4,11,459.0,485.3,11,459.0,0,0.0
1790954627251,19080,26.4,11,458.9,485.3,11,458.9,0,0.0
1790954627773,19080,26.4,11,458.9,485.3,11,458.9,0,0.0
1790954628281,19080,26.4,11,458.9,485.3,11,458.9,0,0.0
1790954628800,19080,26.4,11,459.0,485.3,11,459.0,0,0.0
1790954629315,19080,26.4,11,459.0,485.3,11,459.0,0,0.0
1790954629840,19080,26.4,11,459.0,485.3,11,459.0,0,0.0
1790954630353,19080,26.4,11,458.5,484.9,11,458.5,0,0.0
1790954630870,19080,26.4,11,458.6,485.0,11,458.6,0,0.0
1790954631380,19080,26.4,11,458.6,485.0,11,458.6,0,0.0
1790954631900,19080,26.4,11,458.6,485.0,11,458.6,0,0.0
1790954632406,19080,26.4,11,458.6,485.0,11,458.6,0,0.0
1790954632926,19080,26.4,11,458.6,485.0,11,458.6,0,0.0
1790954633434,19080,26.4,11,458.6,485.0,11,458.6,0,0.0
1790954633939,19080,26.4,11,458.0,484.4,11,458.0,0,0.0
1790954634447,19080,26.4,11,458.0,484.4,11,458.0,0,0.0
1790954634947,19080,26.4,11,458.9,485.3,11,458.9,0,0.0
1790954635452,19080,26.4,11,458.9,485.3,11,458.9,0,0.0
1790954635955,19080,26.4,11,458.9,485.3,11,458.9,0,0.0
1790954636470,19080,26.4,11,458.9,485.3,11,458.9,0,0.0
1790954636985,19080,26.4,11,458.9,485.3,11,458.9,0,0.0
1790954637483,19080,26.4,11,458.9,485.3,11,458.9,0,0.0
1790954637991,19080,26.4,11,459.8,486.2,11,459.8,0,0.0
1790954638504,19080,26.4,11,459.8,486.2,11,459.8,0,0.0
1790954639009,19080,26.4,11,459.9,486.3,11,459.9,0,0.0
1790954639520,19080,26.4,11,459.9,486.3,11,459.9,0,0.0
1790954640040,19080,26.4,11,459.9,486.3,11,459.9,0,0.0
1790954640555,19080,26.4,11,459.9,486.3,11,459.9,0,0.0
1790954641072,19080,26.4,11,460.0,486.4,11,460.0,0,0.0
1790954641570,19080,26.4,11,460.1,486.4,11,460.1,0,0.0
1790954642076,19080,26.4,11,459.9,486.3,11,459.9,0,0.0
1790954642579,19080,26.4,11,460.0,486.4,11,460.0,0,0.0
1790954643091,19080,26.4,11,460.0,486.4,11,460.0,0,0.0
1790954643607,19080,26.4,11,460.0,486.4,11,460.0,0,0.0
1790954644134,19080,26.4,11,460.0,486.4,11,460.0,0,0.0
1790954644644,19080,26.4,11,460.0,486.4,11,460.0,0,0.0
1790954645156,19080,26.4,11,460.0,486.4,11,460.0,0,0.0
1790954645660,19080,26.4,11,460.0,486.4,11,460.0,0,0.0
1790954646163,19080,26.4,11,459.9,486.3,11,459.9,0,0.0
1790954646677,19080,26.4,11,460.0,486.4,11,460.0,0,0.0
1790954647182,19080,26.4,11,460.0,486.4,11,460.0,0,0.0
1790954647700,19080,26.4,11,460.2,486.5,11,460.2,0,0.0
1790954648212,19080,26.4,11,460.2,486.5,11,460.2,0,0.0
1790954648726,19080,26.4,11,460.2,486.5,11,460.2,0,0.0
1790954649240,19080,26.4,11,459.9,486.3,11,459.9,0,0.0
1790954649748,19080,26.4,11,459.9,486.3,11,459.9,0,0.0
1790954650253,19080,26.4,11,459.5,485.9,11,459.5,0,0.0
1790954650747,19080,26.4,11,459.5,485.9,11,459.5,0,0.0
1790954651256,19080,26.4,11,459.5,485.9,11,459.5,0,0.0
1790954651772,19080,26.4,11,459.5,485.9,11,459.5,0,0.0
1790954652267,19080,26.4,11,459.5,485.9,11,459.5,0,0.0
1790954652774,19080,26.4,11,459.3,485.7,11,459.3,0,0.0
1790954653274,19080,26.4,11,459.3,485.7,11,459.3,0,0.0
1790954653789,19080,26.4,11,459.3,485.7,11,459.3,0,0.0
1790954654291,19080,26.4,11,459.2,485.6,11,459.2,0,0.0
1790954654803,19080,26.4,11,459.3,485.7,11,459.3,0,0.0
1790954655319,19080,26.4,11,459.3,485.7,11,459.3,0,0.0
1790954655821,19080,26.4,11,459.4,485.8,11,459.4,0,0.0
1790954656320,19080,26.4,11,459.4,485.8,11,459.4,0,0.0
1790954656826,19080,26.4,11,459.6,485.9,11,459.6,0,0.0
1790954657344,19080,26.4,11,459.6,485.9,11,459.6,0,0.0
1790954657859,19080,26.4,11,459.6,485.9,11,459.6,0,0.0
1790954658371,19080,26.4,11,459.5,485.9,11,459.5,0,0.0
1790954658874,19080,26.4,11,459.7,486.0,11,459.7,0,0.0
1790954659388,19080,26.4,11,459.7,486.1,11,459.7,0,0.0
1790954659892,19080,26.4,11,459.7,486.1,11,459.7,0,0.0
1790954660410,19080,26.4,11,459.7,486.1,11,459.7,0,0.0
1790954660916,19080,26.4,11,459.8,486.1,11,459.8,0,0.0
1790954661442,19080,26.4,11,459.7,486.1,11,459.7,0,0.0
1790954661954,19080,26.4,11,496.9,523.3,11,496.9,0,0.0
1790954662459,19080,26.4,11,497.0,523.4,11,497.0,0,0.0
1790954662974,19080,26.4,11,497.2,523.6,11,497.2,0,0.0
1790954663488,19080,26.4,11,497.2,523.6,11,497.2,0,0.0
1790954663999,19080,26.4,11,497.2,523.6,11,497.2,0,0.0
1790954664516,19080,26.4,11,497.2,523.6,11,497.2,0,0.0
1790954665035,19080,26.4,11,497.2,523.6,11,497.2,0,0.0
1790954665547,19080,26.4,11,497.2,523.6,11,497.2,0,0.0
1790954666059,19080,26.4,11,479.6,505.9,11,479.6,0,0.0
1790954666566,19080,26.4,11,468.5,494.9,11,468.5,0,0.0
1790954667078,19080,26.4,11,468.5,494.9,11,468.5,0,0.0
1790954667596,19080,26.4,11,468.5,494.9,11,468.5,0,0.0
1790954668112,19080,26.4,11,468.5,494.9,11,468.5,0,0.0
1790954668627,19080,26.4,11,468.4,494.8,11,468.4,0,0.0
1790954669132,19080,26.4,11,467.8,494.2,11,467.8,0,0.0
1790954669646,19080,26.4,11,460.3,486.7,11,460.3,0,0.0
1790954670160,19080,26.4,11,460.2,486.6,11,460.2,0,0.0
1790954670673,19080,26.4,11,460.4,486.8,11,460.4,0,0.0
1790954671188,19080,26.3,11,460.2,486.5,11,460.2,0,0.0
1790954671708,19080,26.3,11,459.7,486.0,11,459.7,0,0.0
1790954672204,19080,26.3,11,459.6,485.9,11,459.6,0,0.0
1790954672722,19080,26.3,11,459.5,485.8,11,459.5,0,0.0
1790954673227,19080,26.3,11,458.3,484.6,11,458.3,0,0.0
1790954673724,19080,26.3,11,458.3,484.6,11,458.3,0,0.0
1790954674241,19080,26.3,11,458.2,484.6,11,458.2,0,0.0
1790954674749,19080,26.3,11,458.3,484.6,11,458.3,0,0.0
1790954675248,19080,26.3,11,458.3,484.6,11,458.3,0,0.0
1790954675763,19080,26.3,11,458.3,484.6,11,458.3,0,0.0
1790954676269,19080,26.3,11,458.3,484.6,11,458.3,0,0.0
1790954676780,19080,26.3,11,458.3,484.6,11,458.3,0,0.0
1790954677280,19080,26.3,11,459.1,485.4,11,459.1,0,0.0
1790954677782,19080,26.3,11,459.1,485.4,11,459.1,0,0.0
1790954678304,19080,26.3,11,459.0,485.3,11,459.0,0,0.0
1790954678821,19080,26.3,11,459.1,485.4,11,459.1,0,0.0
1790954679341,19080,26.3,11,459.1,485.4,11,459.1,0,0.0
1790954679844,19080,26.3,11,459.1,485.4,11,459.1,0,0.0
1790954680347,19080,26.3,11,459.2,485.5,11,459.2,0,0.0
1790954680866,19080,26.3,11,459.2,485.6,11,459.2,0,0.0
1790954681375,19080,26.3,11,459.2,485.6,11,459.2,0,0.0
1790954681874,19080,26.3,11,459.1,485.4,11,459.1,0,0.0
1790954682393,19080,26.3,11,459.1,485.4,11,459.1,0,0.0
1790954682905,19080,26.3,11,459.2,485.5,11,459.2,0,0.0
1790954683420,19080,26.3,11,459.2,485.5,11,459.2,0,0.0
1790954683936,19080,26.3,11,459.2,485.5,11,459.2,0,0.0
1790954684447,19080,26.3,11,459.2,485.5,11,459.2,0,0.0
1790954684952,19080,26.3,11,459.2,485.5,11,459.2,0,0.0
1790954685449,19080,26.3,11,459.4,485.8,11,459.4,0,0.0
1790954685950,19080,26.3,11,459.3,485.7,11,459.3,0,0.0
1790954686462,19080,26.3,11,459.3,485.7,11,459.3,0,0.0
1790954686966,19080,26.3,11,459.4,485.7,11,459.4,0,0.0
1790954687464,19080,26.3,11,459.4,485.7,11,459.4,0,0.0
1790954687978,19080,26.3,11,459.4,485.7,11,459.4,0,0.0
1790954688490,19080,26.3,11,459.4,485.7,11,459.4,0,0.0
1790954689011,19080,26.3,11,459.4,485.7,11,459.4,0,0.0
1790954689515,19080,26.3,11,459.4,485.7,11,459.4,0,0.0
1790954690017,19080,26.3,11,459.3,485.7,11,459.3,0,0.0
1790954690521,19080,26.3,11,459.3,485.7,11,459.3,0,0.0
1790954691034,19080,26.3,11,459.4,485.7,11,459.4,0,0.0
1790954691552,19080,26.3,11,459.3,485.6,11,459.3,0,0.0
1790954692066,19080,26.3,11,459.3,485.6,11,459.3,0,0.0
1790954692566,19080,26.3,11,458.0,484.3,11,458.0,0,0.0
1790954693079,19080,26.3,11,458.0,484.3,11,458.0,0,0.0
1790954693580,19080,26.3,11,458.0,484.3,11,458.0,0,0.0
1790954694078,19080,26.3,11,457.9,484.2,11,457.9,0,0.0
1790954694598,19080,26.3,11,458.1,484.4,11,458.1,0,0.0
1790954695095,19080,26.3,11,458.1,484.4,11,458.1,0,0.0
1790954695598,19080,26.3,11,458.1,484.4,11,458.1,0,0.0
1790954696101,19080,26.3,11,458.1,484.4,11,458.1,0,0.0
1790954696614,19080,26.3,11,458.2,484.5,11,458.2,0,0.0
1790954697133,19080,26.3,11,458.2,484.5,11,458.2,0,0.0
1790954697648,19080,26.3,11,458.2,484.5,11,458.2,0,0.0
1790954698154,19080,26.3,11,458.6,485.0,11,458.6,0,0.0
1790954698666,19080,26.3,11,458.7,485.1,11,458.7,0,0.0
1790954699175,19080,26.3,11,458.7,485.1,11,458.7,0,0.0
1790954699682,19080,26.3,11,458.7,485.0,11,458.7,0,0.0
1790954700185,19080,26.3,11,458.7,485.0,11,458.7,0,0.0
1790954700692,19080,26.3,11,459.0,485.4,11,459.0,0,0.0
1790954701210,19080,26.3,11,459.1,485.5,11,459.1,0,0.0
1790954701705,19080,26.3,11,459.2,485.5,11,459.2,0,0.0
1790954702225,19080,26.3,11,459.1,485.4,11,459.1,0,0.0
1790954702728,19080,26.3,11,459.2,485.5,11,459.2,0,0.0
1790954703235,19080,26.3,11,459.2,485.5,11,459.2,0,0.0
1790954703744,19080,26.3,11,459.2,485.5,11,459.2,0,0.0
1790954704244,19080,26.3,11,459.2,485.5,11,459.2,0,0.0
1790954704765,19080,26.3,11,459.2,485.5,11,459.2,0,0.0
1790954705278,19080,26.3,11,459.2,485.5,11,459.2,0,0.0
1790954705783,19080,26.3,11,459.2,485.5,11,459.2,0,0.0
1790954706296,19080,26.3,11,459.1,485.5,11,459.1,0,0.0
1790954706804,19080,26.3,11,459.5,485.9,11,459.5,0,0.0
1790954707318,19080,26.3,11,459.5,485.9,11,459.5,0,0.0
1790954707819,19080,26.3,11,459.5,485.9,11,459.5,0,0.0
1790954708328,19080,26.3,11,459.5,485.9,11,459.5,0,0.0
1790954708834,19080,26.3,11,459.5,485.9,11,459.5,0,0.0
1790954709330,19080,26.3,11,459.5,485.9,11,459.5,0,0.0
1790954709839,19080,26.3,11,459.5,485.9,11,459.5,0,0.0
1790954710344,19080,26.3,11,459.4,485.8,11,459.4,0,0.0
1790954710848,19080,26.3,11,459.5,485.8,11,459.5,0,0.0
1790954711349,19080,26.3,11,459.5,485.8,11,459.5,0,0.0
1790954711849,19080,26.3,11,459.2,485.5,11,459.2,0,0.0
1790954712355,19080,26.3,11,459.2,485.5,11,459.2,0,0.0
1790954712860,19080,26.3,11,459.2,485.5,11,459.2,0,0.0
1790954713371,19080,26.3,11,459.2,485.5,11,459.2,0,0.0
1790954713885,19080,26.3,11,459.0,485.3,11,459.0,0,0.0
1790954714378,19080,26.3,11,458.9,485.2,11,458.9,0,0.0
1790954714896,19080,26.3,11,459.0,485.3,11,459.0,0,0.0
1790954715403,19080,26.3,11,459.0,485.3,11,459.0,0,0.0
1790954715909,19080,26.3,11,459.0,485.3,11,459.0,0,0.0
1790954716424,19080,26.3,11,459.0,485.3,11,459.0,0,0.0
1790954716926,19080,26.3,11,459.0,485.3,11,459.0,0,0.0
1790954717444,19080,26.3,11,459.0,485.3,11,459.0,0,0.0
1790954717946,19080,26.3,11,458.9,485.2,11,458.9,0,0.0
1790954718459,19080,26.3,11,458.9,485.2,11,458.9,0,0.0
1790954718972,19080,26.3,11,464.8,491.1,11,464.8,0,0.0
1790954719480,19080,26.3,11,464.8,491.1,11,464.8,0,0.0
1790954719982,19080,26.3,11,464.8,491.1,11,464.8,0,0.0
1790954720489,19080,26.3,11,464.8,491.1,11,464.8,0,0.0
1790954721005,19080,26.3,11,464.8,491.2,11,464.8,0,0.0
1790954721520,19080,26.3,11,464.7,491.1,11,464.7,0,0.0
1790954722033,19080,26.3,11,498.1,524.4,11,498.1,0,0.0
1790954722551,19080,26.3,11,498.3,524.6,11,498.3,0,0.0
1790954723070,19080,26.3,11,498.4,524.7,11,498.4,0,0.0
1790954723569,19080,26.3,11,498.6,524.9,11,498.6,0,0.0
1790954724069,19080,26.3,11,498.6,524.9,11,498.6,0,0.0
1790954724575,19080,26.3,11,498.6,524.9,11,498.6,0,0.0
1790954725089,19080,26.3,11,498.6,524.9,11,498.6,0,0.0
1790954725597,19080,26.3,11,498.6,524.9,11,498.6,0,0.0
1790954726115,19080,26.3,11,482.4,508.7,11,482.4,0,0.0
1790954726638,19080,26.3,11,482.5,508.8,11,482.5,0,0.0
1790954727156,19080,26.3,11,465.9,492.3,11,465.9,0,0.0
1790954727656,19080,26.3,11,465.9,492.3,11,465.9,0,0.0
1790954728163,19080,26.3,11,465.9,492.3,11,465.9,0,0.0
1790954728682,19080,26.3,11,466.0,492.3,11,466.0,0,0.0
1790954729197,19080,26.3,11,465.2,491.5,11,465.2,0,0.0
1790954729713,19080,26.3,11,459.4,485.7,11,459.4,0,0.0
1790954730229,19080,26.3,11,459.0,485.3,11,459.0,0,0.0
1790954730728,19080,26.3,11,458.9,485.2,11,458.9,0,0.0
1790954731236,19080,26.3,11,457.7,484.0,11,457.7,0,0.0
1790954731746,19080,26.3,11,457.7,484.0,11,457.7,0,0.0
1790954732251,19080,26.3,11,457.7,484.0,11,457.7,0,0.0
1790954732769,19080,26.3,11,457.7,484.1,11,457.7,0,0.0
1790954733279,19080,26.3,11,457.7,484.1,11,457.7,0,0.0
1790954733783,19080,26.3,11,457.7,484.1,11,457.7,0,0.0
1790954734297,19080,26.3,11,457.6,484.0,11,457.6,0,0.0
1790954734810,19080,26.3,11,457.7,484.0,11,457.7,0,0.0
1790954735327,19080,26.3,11,457.7,484.0,11,457.7,0,0.0
1790954735838,19080,26.3,11,457.7,484.1,11,457.7,0,0.0
1790954736346,19080,26.3,11,457.7,484.1,11,457.7,0,0.0
1790954736856,19080,26.3,11,457.8,484.1,11,457.8,0,0.0
1790954737357,19080,26.3,11,458.4,484.8,11,458.4,0,0.0
1790954737871,19080,26.3,11,458.4,484.8,11,458.4,0,0.0
1790954738383,19080,26.3,11,458.3,484.7,11,458.3,0,0.0
1790954738903,19080,26.3,11,458.4,484.7,11,458.4,0,0.0
1790954739405,19080,26.3,11,458.4,484.7,11,458.4,0,0.0
1790954739924,19080,26.3,11,458.4,484.7,11,458.4,0,0.0
1790954740434,19080,26.3,11,459.3,485.6,11,459.3,0,0.0
1790954740945,19080,26.3,11,459.3,485.6,11,459.3,0,0.0
1790954741466,19080,26.3,11,459.3,485.6,11,459.3,0,0.0
1790954741961,19080,26.3,11,459.3,485.6,11,459.3,0,0.0
1790954742470,19080,26.3,11,459.2,485.5,11,459.2,0,0.0
1790954742975,19080,26.3,11,459.2,485.6,11,459.2,0,0.0
1790954743470,19080,26.3,11,459.2,485.6,11,459.2,0,0.0
1790954743989,19080,26.3,11,459.3,485.6,11,459.3,0,0.0
1790954744503,19080,26.3,11,459.3,485.6,11,459.3,0,0.0
1790954745017,19080,26.3,11,459.3,485.6,11,459.3,0,0.0
1790954745536,19080,26.3,11,459.3,485.6,11,459.3,0,0.0
1790954746050,19080,26.3,11,458.9,485.3,11,458.9,0,0.0
1790954746574,19080,26.3,11,459.0,485.3,11,459.0,0,0.0
1790954747070,19080,26.3,11,459.0,485.3,11,459.0,0,0.0
1790954747577,19080,26.3,11,459.0,485.3,11,459.0,0,0.0
1790954748078,19080,26.3,11,459.0,485.3,11,459.0,0,0.0
1790954748574,19080,26.3,11,459.1,485.4,11,459.1,0,0.0
1790954749096,19080,26.3,11,459.1,485.4,11,459.1,0,0.0
1790954749608,19080,26.3,11,459.1,485.4,11,459.1,0,0.0
1790954750118,19080,26.3,11,459.0,485.3,11,459.0,0,0.0
1790954750619,19080,26.3,11,459.0,485.4,11,459.0,0,0.0
1790954751120,19080,26.3,11,459.0,485.4,11,459.0,0,0.0
1790954751637,19080,26.3,11,459.0,485.4,11,459.0,0,0.0
1790954752140,19080,26.3,11,459.0,485.4,11,459.0,0,0.0
1790954752662,19080,26.3,11,459.1,485.4,11,459.1,0,0.0
1790954753182,19080,26.3,11,459.1,485.4,11,459.1,0,0.0
1790954753680,19080,26.3,11,459.1,485.4,11,459.1,0,0.0
1790954754185,19080,26.3,11,459.0,485.3,11,459.0,0,0.0
1790954754699,19080,26.3,11,459.1,485.4,11,459.1,0,0.0
1790954755195,19080,26.3,11,459.1,485.4,11,459.1,0,0.0
1790954755715,19080,26.3,11,459.1,485.4,11,459.1,0,0.0
1790954756225,19080,26.3,11,459.1,485.4,11,459.1,0,0.0
1790954756741,19080,26.3,11,459.1,485.4,11,459.1,0,0.0
1790954757239,19080,26.3,11,459.1,485.4,11,459.1,0,0.0
1790954757754,19080,26.3,11,459.1,485.4,11,459.1,0,0.0
1790954758268,19080,26.3,11,459.0,485.3,11,459.0,0,0.0
1790954758782,19080,26.3,11,459.1,485.4,11,459.1,0,0.0
1790954759281,19080,26.3,11,459.1,485.4,11,459.1,0,0.0
1790954759794,19080,26.3,11,459.1,485.4,11,459.1,0,0.0
1790954760319,19080,26.3,11,459.1,485.4,11,459.1,0,0.0
1790954760841,19080,26.3,11,459.1,485.4,11,459.1,0,0.0
1790954761343,19080,26.3,11,459.2,485.5,11,459.2,0,0.0
1790954761838,19080,26.3,11,459.3,485.6,11,459.3,0,0.0
1790954762341,19080,26.3,11,459.2,485.5,11,459.2,0,0.0
1790954762841,19080,26.3,11,459.3,485.6,11,459.3,0,0.0
1790954763360,19080,26.3,11,459.3,485.6,11,459.3,0,0.0
1790954763868,19080,26.3,11,459.3,485.6,11,459.3,0,0.0
1790954764368,19080,26.3,11,459.3,485.6,11,459.3,0,0.0
1790954764882,19080,26.3,11,459.3,485.6,11,459.3,0,0.0
1790954765393,19080,26.3,11,459.3,485.6,11,459.3,0,0.0
1790954765898,19080,26.3,11,459.3,485.6,11,459.3,0,0.0
1790954766416,19080,26.3,11,459.2,485.5,11,459.2,0,0.0
1790954766932,19080,26.3,11,459.2,485.6,11,459.2,0,0.0
1790954767445,19080,26.3,11,459.2,485.6,11,459.2,0,0.0
1790954767961,19080,26.3,11,459.2,485.6,11,459.2,0,0.0
1790954768462,19080,26.3,11,459.2,485.6,11,459.2,0,0.0
1790954768974,19080,26.3,11,459.2,485.6,11,459.2,0,0.0
1790954769494,19080,26.3,11,459.2,485.6,11,459.2,0,0.0
1790954769997,19080,26.3,11,459.1,485.4,11,459.1,0,0.0
1790954770499,19080,26.3,11,459.0,485.3,11,459.0,0,0.0
1790954770998,19080,26.3,11,459.1,485.4,11,459.1,0,0.0
1790954771504,19080,26.3,11,459.1,485.4,11,459.1,0,0.0
1790954772010,19080,26.3,11,459.1,485.4,11,459.1,0,0.0
1790954772514,19080,26.3,11,459.1,485.4,11,459.1,0,0.0
1790954773016,19080,26.3,11,459.1,485.5,11,459.1,0,0.0
1790954773528,19080,26.3,11,459.1,485.5,11,459.1,0,0.0
1790954774047,19080,26.3,11,459.0,485.4,11,459.0,0,0.0
1790954774563,19080,26.3,11,459.1,485.4,11,459.1,0,0.0
1790954775073,19080,26.3,11,459.1,485.4,11,459.1,0,0.0
1790954775570,19080,26.3,11,459.1,485.4,11,459.1,0,0.0
1790954776077,19080,26.3,11,459.1,485.4,11,459.1,0,0.0
1790954776582,19080,26.3,11,459.1,485.5,11,459.1,0,0.0
1790954777101,19080,26.3,11,459.1,485.5,11,459.1,0,0.0
1790954777616,19080,26.3,11,459.2,485.5,11,459.2,0,0.0
1790954778131,19080,26.3,11,459.1,485.4,11,459.1,0,0.0
1790954778641,19080,26.3,11,459.2,485.5,11,459.2,0,0.0
1790954779148,19080,26.3,11,459.2,485.5,11,459.2,0,0.0
1790954779670,19080,26.3,11,459.9,486.2,11,459.9,0,0.0
1790954780171,19080,26.3,11,459.9,486.2,11,459.9,0,0.0
1790954780675,19080,26.3,11,459.9,486.2,11,459.9,0,0.0
1790954781180,19080,26.3,11,459.9,486.2,11,459.9,0,0.0
1790954781690,19080,26.3,11,482.8,509.1,11,482.8,0,0.0
1790954782200,19080,26.3,11,496.6,522.9,11,496.6,0,0.0
1790954782720,19080,26.3,11,497.1,523.4,11,497.1,0,0.0
1790954783227,19080,26.3,11,497.1,523.5,11,497.1,0,0.0
1790954783741,19080,26.3,11,497.1,523.4,11,497.1,0,0.0
1790954784249,19080,26.3,11,497.1,523.5,11,497.1,0,0.0
1790954784770,19080,26.3,11,497.1,523.5,11,497.1,0,0.0
1790954785277,19080,26.3,11,497.1,523.5,11,497.1,0,0.0
1790954785787,19080,26.3,11,497.1,523.5,11,497.1,0,0.0
1790954786305,19080,26.3,11,467.2,493.5,11,467.2,0,0.0
1790954786807,19080,26.3,11,467.3,493.6,11,467.3,0,0.0
1790954787309,19080,26.3,11,467.3,493.6,11,467.3,0,0.0
1790954787809,19080,26.3,11,467.2,493.6,11,467.2,0,0.0
1790954788321,19080,26.3,11,467.2,493.6,11,467.2,0,0.0
1790954788829,19080,26.3,11,467.2,493.6,11,467.2,0,0.0
1790954789340,19080,26.3,11,466.9,493.2,11,466.9,0,0.0
1790954789842,19080,26.3,11,461.1,487.4,11,461.1,0,0.0
1790954790350,19080,26.3,11,461.0,487.3,11,461.0,0,0.0
1790954790860,19080,26.3,11,459.2,485.5,11,459.2,0,0.0
1790954791359,19080,26.3,11,459.2,485.5,11,459.2,0,0.0
1790954791874,19080,26.3,11,459.2,485.5,11,459.2,0,0.0
1790954792390,19080,26.3,11,459.2,485.5,11,459.2,0,0.0
1790954792908,19080,26.3,11,459.2,485.5,11,459.2,0,0.0
1790954793408,19080,26.3,11,459.2,485.5,11,459.2,0,0.0
1790954793933,19080,26.3,11,459.2,485.5,11,459.2,0,0.0
1790954794427,19080,26.3,11,459.1,485.4,11,459.1,0,0.0
1790954794941,19080,26.3,11,459.2,485.5,11,459.2,0,0.0
1790954795453,19080,26.3,11,459.2,485.5,11,459.2,0,0.0
1790954795954,19080,26.3,11,459.2,485.5,11,459.2,0,0.0
1790954796458,19080,26.3,11,459.2,485.5,11,459.2,0,0.0
1790954796952,19080,26.3,11,459.2,485.5,11,459.2,0,0.0
1790954797459,19080,26.3,11,459.2,485.5,11,459.2,0,0.0
1790954797981,19080,26.3,11,459.2,485.5,11,459.2,0,0.0
1790954798478,19080,26.3,11,459.1,485.4,11,459.1,0,0.0
1790954798979,19080,26.3,11,459.2,485.5,11,459.2,0,0.0
1790954799483,19080,26.3,11,459.2,485.5,11,459.2,0,0.0
1790954799995,19080,26.3,11,459.2,485.5,11,459.2,0,0.0
1790954800506,19080,26.3,11,459.2,485.5,11,459.2,0,0.0
1790954801003,19080,26.3,11,459.2,485.5,11,459.2,0,0.0
1790954801517,19080,26.3,11,459.2,485.5,11,459.2,0,0.0
1790954802023,19080,26.3,11,459.1,485.5,11,459.1,0,0.0
1790954802537,19080,26.3,11,459.1,485.4,11,459.1,0,0.0
1790954803056,19080,26.3,11,459.1,485.4,11,459.1,0,0.0
1790954803574,19080,26.3,11,459.2,485.6,11,459.2,0,0.0
1790954804083,19080,26.3,11,459.3,485.6,11,459.3,0,0.0
1790954804604,19080,26.3,11,459.3,485.6,11,459.3,0,0.0
1790954805116,19080,26.3,11,459.3,485.6,11,459.3,0,0.0
1790954805627,19080,26.3,11,459.3,485.6,11,459.3,0,0.0
1790954806135,19080,26.3,11,459.2,485.5,11,459.2,0,0.0
1790954806648,19080,26.3,11,459.3,485.6,11,459.3,0,0.0
1790954807162,19080,26.3,11,459.3,485.6,11,459.3,0,0.0
1790954807670,19080,26.3,11,459.3,485.6,11,459.3,0,0.0
1790954808192,19080,26.3,11,459.3,485.6,11,459.3,0,0.0
1790954808707,19080,26.3,11,459.3,485.7,11,459.3,0,0.0
1790954809218,19080,26.3,11,459.3,485.7,11,459.3,0,0.0
1790954809724,19080,26.3,11,459.3,485.7,11,459.3,0,0.0
1790954810238,19080,26.3,11,459.3,485.6,11,459.3,0,0.0
1790954810748,19080,26.3,11,459.3,485.7,11,459.3,0,0.0
1790954811270,19080,26.3,11,459.3,485.7,11,459.3,0,0.0
1790954811780,19080,26.3,11,459.3,485.7,11,459.3,0,0.0
1790954812295,19080,26.3,11,459.3,485.7,11,459.3,0,0.0
1790954812800,19080,26.3,11,459.3,485.7,11,459.3,0,0.0
1790954813326,19080,26.3,11,459.3,485.7,11,459.3,0,0.0
1790954813818,19080,26.3,11,459.3,485.7,11,459.3,0,0.0
1790954814332,19080,26.3,11,459.3,485.6,11,459.3,0,0.0
1790954814827,19080,26.3,11,459.3,485.7,11,459.3,0,0.0
1790954815331,19080,26.3,11,459.3,485.7,11,459.3,0,0.0
1790954815849,19080,26.3,11,459.4,485.7,11,459.4,0,0.0
1790954816364,19080,26.3,11,459.4,485.7,11,459.4,0,0.0
1790954816869,19080,26.3,11,459.4,485.7,11,459.4,0,0.0
1790954817376,19080,26.3,11,459.4,485.7,11,459.4,0,0.0
1790954817894,19080,26.3,11,459.4,485.7,11,459.4,0,0.0
1790954818413,19080,26.3,11,459.3,485.6,11,459.3,0,0.0
1790954818931,19080,26.3,11,459.4,485.7,11,459.4,0,0.0
1790954819431,19080,26.3,11,459.4,485.7,11,459.4,0,0.0
1790954819937,19080,26.3,11,459.4,485.7,11,459.4,0,0.0
1790954820442,19080,26.3,11,459.4,485.7,11,459.4,0,0.0
1790954820959,19080,26.3,11,459.4,485.7,11,459.4,0,0.0
1790954821468,19080,26.3,11,465.0,491.3,11,465.0,0,0.0
1790954821977,19080,26.3,11,465.0,491.3,11,465.0,0,0.0
1790954822487,19080,26.3,11,464.6,490.9,11,464.6,0,0.0
1790954823005,19080,26.3,11,464.7,491.0,11,464.7,0,0.0
1790954823518,19080,26.3,11,464.6,491.0,11,464.6,0,0.0
1790954824043,19080,26.3,11,464.6,491.0,11,464.6,0,0.0
1790954824539,19080,26.3,11,462.8,489.1,11,462.8,0,0.0
1790954825047,19080,26.3,11,462.8,489.1,11,462.8,0,0.0
1790954825552,19080,26.3,11,462.8,489.1,11,462.8,0,0.0
1790954826045,19080,26.3,11,462.8,489.1,11,462.8,0,0.0
1790954826560,19080,26.3,11,462.7,489.0,11,462.7,0,0.0
1790954827066,19080,26.3,11,462.7,489.0,11,462.7,0,0.0
1790954827574,19080,26.3,11,462.3,488.6,11,462.3,0,0.0
1790954828078,19080,26.3,11,462.3,488.6,11,462.3,0,0.0
1790954828588,19080,26.3,11,462.3,488.6,11,462.3,0,0.0
1790954829092,19080,26.3,11,462.3,488.6,11,462.3,0,0.0
1790954829598,19080,26.3,11,458.6,484.9,11,458.6,0,0.0
1790954830118,19080,26.3,11,458.5,484.8,11,458.5,0,0.0
1790954830614,19080,26.3,11,458.3,484.6,11,458.3,0,0.0
1790954831138,19080,26.3,11,458.3,484.6,11,458.3,0,0.0
1790954831636,19080,26.3,11,458.3,484.6,11,458.3,0,0.0
1790954832136,19080,26.3,11,458.3,484.6,11,458.3,0,0.0
1790954832639,19080,26.3,11,458.0,484.3,11,458.0,0,0.0
1790954833146,19080,26.3,11,458.0,484.3,11,458.0,0,0.0
1790954833656,19080,26.3,11,458.0,484.3,11,458.0,0,0.0
1790954834157,19080,26.3,11,457.7,484.0,11,457.7,0,0.0
1790954834675,19080,26.3,11,457.7,484.1,11,457.7,0,0.0
1790954835193,19080,26.3,11,457.7,484.1,11,457.7,0,0.0
1790954835711,19080,26.3,11,457.7,484.1,11,457.7,0,0.0
1790954836217,19080,26.3,11,457.7,484.1,11,457.7,0,0.0
1790954836725,19080,26.3,11,457.7,484.1,11,457.7,0,0.0
1790954837239,19080,26.3,11,457.7,484.1,11,457.7,0,0.0
1790954837758,19080,26.3,11,457.7,484.1,11,457.7,0,0.0
1790954838259,19080,26.3,11,457.7,484.0,11,457.7,0,0.0
1790954838766,19080,26.3,11,457.7,484.1,11,457.7,0,0.0
1790954839264,19080,26.3,11,457.7,484.1,11,457.7,0,0.0
1790954839771,19080,26.3,11,458.4,484.8,11,458.4,0,0.0
1790954840268,19080,26.3,11,458.4,484.8,11,458.4,0,0.0
1790954840782,19080,26.3,11,458.4,484.8,11,458.4,0,0.0
1790954841297,19080,26.3,11,458.5,484.9,11,458.5,0,0.0
1790954841817,19080,26.3,11,495.9,522.2,11,495.9,0,0.0
1790954842334,19080,26.3,11,495.5,521.8,11,495.5,0,0.0
1790954842842,19080,26.3,11,496.6,522.9,11,496.6,0,0.0
1790954843343,19080,26.3,11,496.6,522.9,11,496.6,0,0.0
1790954843865,19080,26.3,11,496.6,522.9,11,496.6,0,0.0
1790954844374,19080,26.3,11,496.6,522.9,11,496.6,0,0.0
1790954844895,19080,26.3,11,496.6,522.9,11,496.6,0,0.0
1790954845401,19080,26.3,11,496.6,522.9,11,496.6,0,0.0
1790954845917,19080,26.3,11,496.6,522.9,11,496.6,0,0.0
1790954846424,19080,26.3,11,466.6,493.0,11,466.6,0,0.0
1790954846933,19080,26.3,11,466.7,493.1,11,466.7,0,0.0
1790954847429,19080,26.3,11,466.7,493.0,11,466.7,0,0.0
1790954847949,19080,26.3,11,466.7,493.0,11,466.7,0,0.0
1790954848457,19080,26.3,11,466.7,493.0,11,466.7,0,0.0
1790954848977,19080,26.3,11,466.7,493.0,11,466.7,0,0.0
1790954849474,19080,26.3,11,466.7,493.0,11,466.7,0,0.0
1790954849991,19080,26.3,11,460.5,486.8,11,460.5,0,0.0
1790954850491,19080,26.3,11,460.4,486.8,11,460.4,0,0.0
1790954850994,19080,26.3,11,458.6,485.0,11,458.6,0,0.0
1790954851498,19080,26.3,11,458.6,485.0,11,458.6,0,0.0
1790954852008,19080,26.3,11,458.6,485.0,11,458.6,0,0.0
1790954852520,19080,26.3,11,458.6,485.0,11,458.6,0,0.0
1790954853037,19080,26.3,11,458.6,485.0,11,458.6,0,0.0
1790954853549,19080,26.3,11,458.6,485.0,11,458.6,0,0.0
1790954854065,19080,26.3,11,458.6,485.0,11,458.6,0,0.0
1790954854566,19080,26.3,11,458.6,485.0,11,458.6,0,0.0
1790954855083,19080,26.3,11,458.6,485.0,11,458.6,0,0.0
1790954855598,19080,26.3,11,458.6,485.0,11,458.6,0,0.0
1790954856098,19080,26.3,11,458.6,485.0,11,458.6,0,0.0
1790954856615,19080,26.3,11,458.7,485.0,11,458.7,0,0.0
1790954857117,19080,26.3,11,458.7,485.0,11,458.7,0,0.0
1790954857631,19080,26.3,11,458.7,485.0,11,458.7,0,0.0
1790954858152,19080,26.3,11,458.6,484.9,11,458.6,0,0.0
1790954858650,19080,26.3,11,458.6,485.0,11,458.6,0,0.0
1790954859150,19080,26.3,11,458.7,485.1,11,458.7,0,0.0
1790954859660,19080,26.3,11,458.7,485.1,11,458.7,0,0.0
1790954860174,19080,26.3,11,458.7,485.1,11,458.7,0,0.0
1790954860698,19080,26.3,11,459.4,485.8,11,459.4,0,0.0
1790954861205,19080,26.3,11,459.4,485.8,11,459.4,0,0.0
1790954861722,19080,26.3,11,459.4,485.8,11,459.4,0,0.0
1790954862223,19080,26.3,11,459.4,485.7,11,459.4,0,0.0
1790954862716,19080,26.3,11,459.4,485.8,11,459.4,0,0.0
1790954863236,19080,26.3,11,459.4,485.8,11,459.4,0,0.0
1790954863728,19080,26.3,11,459.4,485.7,11,459.4,0,0.0
1790954864249,19080,26.3,11,459.4,485.8,11,459.4,0,0.0
1790954864742,19080,26.3,11,459.5,485.8,11,459.5,0,0.0
1790954865253,19080,26.3,11,459.5,485.8,11,459.5,0,0.0
1790954865753,19080,26.3,11,459.5,485.8,11,459.5,0,0.0
1790954866260,19080,26.3,11,459.2,485.5,11,459.2,0,0.0
1790954866768,19080,26.3,11,459.3,485.6,11,459.3,0,0.0
1790954867266,19080,26.3,11,459.3,485.6,11,459.3,0,0.0
1790954867774,19080,26.3,11,459.3,485.6,11,459.3,0,0.0
1790954868284,19080,26.3,11,459.3,485.6,11,459.3,0,0.0
1790954868787,19080,26.3,11,459.3,485.6,11,459.3,0,0.0
1790954869307,19080,26.3,11,459.3,485.6,11,459.3,0,0.0
1790954869824,19080,26.3,11,459.3,485.6,11,459.3,0,0.0
1790954870332,19080,26.3,11,459.2,485.5,11,459.2,0,0.0
1790954870849,19080,26.3,11,459.3,485.6,11,459.3,0,0.0
1790954871364,19080,26.3,11,459.3,485.6,11,459.3,0,0.0
1790954871871,19080,26.3,11,459.3,485.6,11,459.3,0,0.0
1790954872376,19080,26.3,11,459.3,485.6,11,459.3,0,0.0
1790954872886,19080,26.3,11,459.3,485.6,11,459.3,0,0.0
1790954873393,19080,26.3,11,459.3,485.6,11,459.3,0,0.0
1790954873890,19080,26.3,11,459.3,485.6,11,459.3,0,0.0
1790954874411,19080,26.3,11,459.2,485.5,11,459.2,0,0.0
1790954874935,19080,26.3,11,459.3,485.6,11,459.3,0,0.0
1790954875431,19080,26.3,11,459.3,485.6,11,459.3,0,0.0
1790954875948,19080,26.3,11,459.3,485.6,11,459.3,0,0.0
1790954876455,19080,26.3,11,459.3,485.6,11,459.3,0,0.0
1790954876971,19080,26.3,11,459.3,485.6,11,459.3,0,0.0
1790954877490,19080,26.3,11,459.3,485.6,11,459.3,0,0.0
1790954878008,19080,26.3,11,459.3,485.6,11,459.3,0,0.0
1790954878527,19080,26.3,11,459.2,485.5,11,459.2,0,0.0
1790954879033,19080,26.3,11,459.3,485.6,11,459.3,0,0.0
1790954879539,19080,26.3,11,459.3,485.6,11,459.3,0,0.0
1790954880035,19080,26.3,11,459.3,485.6,11,459.3,0,0.0
1790954880557,19080,26.3,11,459.3,485.6,11,459.3,0,0.0
1790954881062,19080,26.3,11,459.3,485.6,11,459.3,0,0.0
1790954881566,19080,26.3,11,459.3,485.6,11,459.3,0,0.0
1790954882074,19080,26.3,11,460.0,486.3,11,460.0,0,0.0
1790954882576,19080,26.3,11,460.0,486.3,11,460.0,0,0.0
1790954883083,19080,26.3,11,460.0,486.3,11,460.0,0,0.0
1790954883597,19080,26.3,11,460.0,486.3,11,460.0,0,0.0
1790954884106,19080,26.3,11,460.0,486.3,11,460.0,0,0.0
1790954884626,19080,26.3,11,460.0,486.3,11,460.0,0,0.0
1790954885125,19080,26.3,11,460.0,486.3,11,460.0,0,0.0
1790954885632,19080,26.3,11,460.0,486.4,11,460.0,0,0.0
1790954886130,19080,26.3,11,459.9,486.3,11,459.9,0,0.0
1790954886641,19080,26.3,11,460.0,486.3,11,460.0,0,0.0
1790954887152,19080,26.3,11,460.0,486.3,11,460.0,0,0.0
1790954887664,19080,26.3,11,460.0,486.3,11,460.0,0,0.0
1790954888173,19080,26.3,11,460.0,486.3,11,460.0,0,0.0
1790954888685,19080,26.3,11,460.0,486.3,11,460.0,0,0.0
1790954889193,19080,26.3,11,460.0,486.3,11,460.0,0,0.0
1790954889708,19080,26.3,11,460.0,486.3,11,460.0,0,0.0
1790954890226,19080,26.3,11,459.9,486.3,11,459.9,0,0.0
1790954890744,19080,26.3,11,460.0,486.3,11,460.0,0,0.0
1790954891239,19080,26.3,11,460.0,486.3,11,460.0,0,0.0
1790954891762,19080,26.3,11,460.0,486.3,11,460.0,0,0.0
1790954892270,19080,26.3,11,460.0,486.3,11,460.0,0,0.0
1790954892781,19080,26.3,11,460.1,486.4,11,460.1,0,0.0
1790954893293,19080,26.3,11,459.4,485.7,11,459.4,0,0.0
1790954893798,19080,26.3,11,459.4,485.7,11,459.4,0,0.0
1790954894296,19080,26.3,11,459.3,485.6,11,459.3,0,0.0
1790954894815,19080,26.3,11,459.3,485.7,11,459.3,0,0.0
1790954895323,19080,26.3,11,459.3,485.7,11,459.3,0,0.0
1790954895847,19080,26.3,11,459.4,485.7,11,459.4,0,0.0
1790954896358,19080,26.3,11,459.4,485.7,11,459.4,0,0.0
1790954896872,19080,26.3,11,459.4,485.7,11,459.4,0,0.0
1790954897379,19080,26.3,11,459.4,485.7,11,459.4,0,0.0
1790954897897,19080,26.3,11,459.1,485.4,11,459.1,0,0.0
1790954898412,19080,26.3,11,459.0,485.3,11,459.0,0,0.0
1790954898922,19080,26.3,11,459.1,485.4,11,459.1,0,0.0
1790954899417,19080,26.3,11,459.1,485.4,11,459.1,0,0.0
1790954899924,19080,26.3,11,459.1,485.4,11,459.1,0,0.0
1790954900439,19080,26.3,11,459.1,485.4,11,459.1,0,0.0
1790954900948,19080,26.3,11,459.1,485.4,11,459.1,0,0.0
1790954901452,19080,26.3,11,459.1,485.4,11,459.1,0,0.0
1790954901966,19080,26.3,11,496.3,522.6,11,496.3,0,0.0
1790954902482,19080,26.3,11,496.0,522.4,11,496.0,0,0.0
1790954902984,19080,26.3,11,496.3,522.6,11,496.3,0,0.0
1790954903493,19080,26.3,11,497.0,523.3,11,497.0,0,0.0
1790954903999,19080,26.3,11,497.6,523.9,11,497.6,0,0.0
1790954904522,19080,26.3,11,497.6,523.9,11,497.6,0,0.0
1790954905025,19080,26.3,11,497.6,523.9,11,497.6,0,0.0
1790954905530,19080,26.3,11,497.6,523.9,11,497.6,0,0.0
1790954906031,19080,26.3,11,497.7,524.0,11,497.7,0,0.0
1790954906551,19080,26.3,11,468.2,494.5,11,468.2,0,0.0
1790954907060,19080,26.3,11,468.2,494.5,11,468.2,0,0.0
1790954907567,19080,26.3,11,468.2,494.5,11,468.2,0,0.0
1790954908076,19080,26.3,11,468.2,494.5,11,468.2,0,0.0
1790954908594,19080,26.3,11,468.2,494.5,11,468.2,0,0.0
1790954909101,19080,26.3,11,468.2,494.5,11,468.2,0,0.0
1790954909614,19080,26.3,11,462.0,488.3,11,462.0,0,0.0
1790954910121,19080,26.3,11,462.0,488.3,11,462.0,0,0.0
1790954910630,19080,26.3,11,462.0,488.3,11,462.0,0,0.0
1790954911137,19080,26.3,11,462.0,488.3,11,462.0,0,0.0
1790954911652,19080,26.3,11,462.0,488.4,11,462.0,0,0.0
1790954912166,19080,26.3,11,462.0,488.4,11,462.0,0,0.0
1790954912684,19080,26.3,11,462.0,488.4,11,462.0,0,0.0
1790954913182,19080,26.3,11,462.0,488.4,11,462.0,0,0.0
1790954913684,19080,26.3,11,462.0,488.4,11,462.0,0,0.0
1790954914189,19080,26.3,11,460.7,487.0,11,460.7,0,0.0
1790954914685,19080,26.3,11,460.8,487.1,11,460.8,0,0.0
1790954915190,19080,26.3,11,460.8,487.1,11,460.8,0,0.0
1790954915703,19080,26.3,11,460.8,487.1,11,460.8,0,0.0
1790954916218,19080,26.3,11,460.8,487.1,11,460.8,0,0.0
1790954916741,19080,26.3,11,460.8,487.1,11,460.8,0,0.0
1790954917263,19080,26.3,11,460.8,487.1,11,460.8,0,0.0
1790954917774,19080,26.3,11,460.8,487.1,11,460.8,0,0.0
1790954918282,19080,26.3,11,460.7,487.0,11,460.7,0,0.0
1790954918783,19080,26.3,11,460.8,487.1,11,460.8,0,0.0
1790954919295,19080,26.3,11,460.8,487.1,11,460.8,0,0.0
1790954919811,19080,26.3,11,460.8,487.1,11,460.8,0,0.0
1790954920327,19080,26.3,11,460.8,487.1,11,460.8,0,0.0
1790954920837,19080,26.3,11,460.8,487.1,11,460.8,0,0.0
1790954921357,19080,26.3,11,460.8,487.1,11,460.8,0,0.0
1790954921855,19080,26.3,11,460.8,487.1,11,460.8,0,0.0
1790954922365,19080,26.3,11,460.7,487.0,11,460.7,0,0.0
1790954922874,19080,26.3,11,460.8,487.1,11,460.8,0,0.0
1790954923390,19080,26.3,11,460.8,487.1,11,460.8,0,0.0
1790954923902,19080,26.3,11,466.3,492.7,11,466.3,0,0.0
1790954924413,19080,26.3,11,466.3,492.7,11,466.3,0,0.0
1790954924922,19080,26.3,11,466.1,492.4,11,466.1,0,0.0
1790954925435,19080,26.3,11,466.1,492.4,11,466.1,0,0.0
1790954925953,19080,26.3,11,466.1,492.4,11,466.1,0,0.0
1790954926461,19080,26.3,11,465.7,492.0,11,465.7,0,0.0
1790954926966,19080,26.3,11,463.9,490.2,11,463.9,0,0.0
1790954927472,19080,26.3,11,463.9,490.2,11,463.9,0,0.0
1790954927976,19080,26.3,11,463.9,490.2,11,463.9,0,0.0
1790954928497,19080,26.3,11,463.9,490.2,11,463.9,0,0.0
1790954928997,19080,26.3,11,463.5,489.8,11,463.5,0,0.0
1790954929507,19080,26.3,11,463.5,489.8,11,463.5,0,0.0
1790954930023,19080,26.3,11,463.1,489.4,11,463.1,0,0.0
1790954930535,19080,26.3,11,463.1,489.4,11,463.1,0,0.0
1790954931060,19080,26.3,11,463.1,489.4,11,463.1,0,0.0
1790954931560,19080,26.3,11,458.9,485.2,11,458.9,0,0.0
1790954932064,19080,26.3,11,458.9,485.2,11,458.9,0,0.0
1790954932563,19080,26.3,11,458.8,485.1,11,458.8,0,0.0
1790954933083,19080,26.3,11,458.8,485.1,11,458.8,0,0.0
1790954933603,19080,26.3,11,458.8,485.1,11,458.8,0,0.0
1790954934115,19080,26.3,11,458.8,485.1,11,458.8,0,0.0
1790954934623,19080,26.3,11,458.8,485.1,11,458.8,0,0.0
1790954935127,19080,26.3,11,458.8,485.1,11,458.8,0,0.0
1790954935625,19080,26.3,11,458.8,485.1,11,458.8,0,0.0
1790954936139,19080,26.3,11,458.8,485.1,11,458.8,0,0.0
1790954936649,19080,26.3,11,458.8,485.1,11,458.8,0,0.0
1790954937154,19080,26.3,11,458.8,485.1,11,458.8,0,0.0
1790954937655,19080,26.3,11,458.8,485.1,11,458.8,0,0.0
1790954938175,19080,26.3,11,458.7,485.0,11,458.7,0,0.0
1790954938671,19080,26.3,11,458.8,485.1,11,458.8,0,0.0
1790954939175,19080,26.3,11,458.8,485.1,11,458.8,0,0.0
1790954939675,19080,26.3,11,458.8,485.1,11,458.8,0,0.0
1790954940174,19080,26.3,11,458.8,485.1,11,458.8,0,0.0
1790954940684,19080,26.3,11,458.8,485.1,11,458.8,0,0.0
1790954941198,19080,26.3,11,458.8,485.1,11,458.8,0,0.0
1790954941708,19080,26.3,11,458.8,485.1,11,458.8,0,0.0
1790954942229,19080,26.3,11,459.4,485.7,11,459.4,0,0.0
1790954942748,19080,26.3,11,459.5,485.8,11,459.5,0,0.0
1790954943251,19080,26.3,11,459.5,485.8,11,459.5,0,0.0
1790954943746,19080,26.3,11,459.1,485.5,11,459.1,0,0.0
1790954944267,19080,26.3,11,459.1,485.5,11,459.1,0,0.0
1790954944762,19080,26.3,11,459.1,485.5,11,459.1,0,0.0
1790954945268,19080,26.3,11,459.9,486.2,11,459.9,0,0.0
1790954945773,19080,26.3,11,459.9,486.2,11,459.9,0,0.0
1790954946293,19080,26.3,11,459.8,486.1,11,459.8,0,0.0
1790954946798,19080,26.3,11,459.9,486.2,11,459.9,0,0.0
1790954947303,19080,26.3,11,459.9,486.2,11,459.9,0,0.0
1790954947801,19080,26.3,11,459.9,486.2,11,459.9,0,0.0
1790954948327,19080,26.3,11,459.9,486.2,11,459.9,0,0.0
1790954948830,19080,26.3,11,459.9,486.2,11,459.9,0,0.0
1790954949339,19080,26.3,11,459.9,486.2,11,459.9,0,0.0
1790954949860,19080,26.3,11,459.9,486.2,11,459.9,0,0.0
1790954950356,19080,26.3,11,459.8,486.1,11,459.8,0,0.0
1790954950858,19080,26.3,11,459.9,486.2,11,459.9,0,0.0
1790954951387,19080,26.3,11,459.9,486.2,11,459.9,0,0.0
1790954951903,19080,26.3,11,459.9,486.2,11,459.9,0,0.0
1790954952402,19080,26.3,11,459.9,486.2,11,459.9,0,0.0
1790954952908,19080,26.3,11,459.9,486.2,11,459.9,0,0.0
1790954953411,19080,26.3,11,459.9,486.2,11,459.9,0,0.0
1790954953927,19080,26.3,11,459.9,486.2,11,459.9,0,0.0
1790954954435,19080,26.3,11,459.8,486.1,11,459.8,0,0.0
1790954954953,19080,26.3,11,459.8,486.2,11,459.8,0,0.0
1790954955456,19080,26.3,11,459.8,486.2,11,459.8,0,0.0
1790954955977,19080,26.3,11,459.8,486.2,11,459.8,0,0.0
1790954956485,19080,26.3,11,459.8,486.2,11,459.8,0,0.0
1790954956989,19080,26.3,11,459.8,486.2,11,459.8,0,0.0
1790954957513,19080,26.3,11,459.8,486.2,11,459.8,0,0.0
1790954958023,19080,26.3,11,459.8,486.2,11,459.8,0,0.0
1790954958540,19080,26.3,11,459.8,486.2,11,459.8,0,0.0
1790954959043,19080,26.3,11,459.8,486.2,11,459.8,0,0.0
1790954959544,19080,26.3,11,459.8,486.2,11,459.8,0,0.0
1790954960048,19080,26.3,11,459.8,486.2,11,459.8,0,0.0
1790954960567,19080,26.3,11,459.9,486.2,11,459.9,0,0.0
1790954961082,19080,26.3,11,459.9,486.2,11,459.9,0,0.0
1790954961589,19080,26.3,11,459.8,486.2,11,459.8,0,0.0
1790954962094,19080,26.3,11,497.6,523.9,11,497.6,0,0.0
1790954962607,19080,26.3,11,497.3,523.7,11,497.3,0,0.0
1790954963120,19080,26.3,11,497.4,523.8,11,497.4,0,0.0
1790954963628,19080,26.3,11,497.4,523.8,11,497.4,0,0.0
1790954964126,19080,26.3,11,497.4,523.8,11,497.4,0,0.0
1790954964642,19080,26.3,11,497.4,523.7,11,497.4,0,0.0
1790954965164,19080,26.3,11,497.4,523.7,11,497.4,0,0.0
1790954965675,19080,26.3,11,497.4,523.7,11,497.4,0,0.0
1790954966192,19080,26.3,11,467.3,493.6,11,467.3,0,0.0
1790954966692,19080,26.3,11,467.3,493.7,11,467.3,0,0.0
1790954967215,19080,26.3,11,467.3,493.7,11,467.3,0,0.0
1790954967724,19080,26.3,11,467.3,493.7,11,467.3,0,0.0
1790954968244,19080,26.3,11,467.3,493.6,11,467.3,0,0.0
1790954968755,19080,26.3,11,467.3,493.6,11,467.3,0,0.0
1790954969276,19080,26.3,11,467.0,493.3,11,467.0,0,0.0
1790954969779,19080,26.3,11,461.1,487.4,11,461.1,0,0.0
1790954970286,19080,26.3,11,461.0,487.3,11,461.0,0,0.0
1790954970793,19080,26.3,11,461.1,487.4,11,461.1,0,0.0
1790954971299,19080,26.3,11,461.1,487.4,11,461.1,0,0.0
1790954971813,19080,26.3,11,459.9,486.2,11,459.9,0,0.0
1790954972334,19080,26.3,11,459.9,486.2,11,459.9,0,0.0
1790954972848,19080,26.3,11,459.9,486.2,11,459.9,0,0.0
1790954973362,19080,26.3,11,459.9,486.2,11,459.9,0,0.0
1790954973880,19080,26.3,11,459.9,486.2,11,459.9,0,0.0
1790954974385,19080,26.3,11,459.8,486.2,11,459.8,0,0.0
1790954974888,19080,26.3,11,459.9,486.2,11,459.9,0,0.0
1790954975385,19080,26.3,11,459.9,486.2,11,459.9,0,0.0
1790954975898,19080,26.3,11,459.9,486.2,11,459.9,0,0.0
1790954976414,19080,26.3,11,459.9,486.2,11,459.9,0,0.0
1790954976936,19080,26.3,11,459.9,486.2,11,459.9,0,0.0
1790954977436,19080,26.3,11,459.9,486.2,11,459.9,0,0.0
1790954977949,19080,26.3,11,459.7,486.0,11,459.7,0,0.0
1790954978459,19080,26.3,11,459.6,485.9,11,459.6,0,0.0
1790954978978,19080,26.3,11,459.7,486.0,11,459.7,0,0.0
1790954979480,19080,26.3,11,459.7,486.0,11,459.7,0,0.0
1790954980009,19080,26.3,11,459.7,486.0,11,459.7,0,0.0
1790954980508,19080,26.3,11,459.7,486.0,11,459.7,0,0.0
1790954981014,19080,26.3,11,459.7,486.0,11,459.7,0,0.0
1790954981532,19080,26.3,11,459.7,486.0,11,459.7,0,0.0
1790954982047,19080,26.3,11,459.7,486.0,11,459.7,0,0.0
1790954982552,19080,26.3,11,459.7,486.0,11,459.7,0,0.0
1790954983068,19080,26.3,11,459.7,486.0,11,459.7,0,0.0
1790954983568,19080,26.3,11,459.7,486.0,11,459.7,0,0.0
1790954984080,19080,26.3,11,460.4,486.7,11,460.4,0,0.0
1790954984594,19080,26.3,11,460.4,486.7,11,460.4,0,0.0
1790954985112,19080,26.3,11,460.4,486.7,11,460.4,0,0.0
1790954985631,19080,26.3,11,460.4,486.7,11,460.4,0,0.0
1790954986138,19080,26.3,11,460.4,486.7,11,460.4,0,0.0
1790954986654,19080,26.3,11,460.4,486.7,11,460.4,0,0.0
1790954987157,19080,26.3,11,460.5,486.8,11,460.5,0,0.0
1790954987663,19080,26.3,11,460.6,486.9,11,460.6,0,0.0
1790954988166,19080,26.3,11,460.6,486.9,11,460.6,0,0.0
1790954988671,19080,26.3,11,460.6,486.9,11,460.6,0,0.0
1790954989171,19080,26.3,11,460.6,486.9,11,460.6,0,0.0
1790954989685,19080,26.3,11,460.6,486.9,11,460.6,0,0.0
1790954990195,19080,26.3,11,460.7,487.0,11,460.7,0,0.0
1790954990701,19080,26.3,11,460.7,487.0,11,460.7,0,0.0
1790954991215,19080,26.3,11,460.7,487.0,11,460.7,0,0.0
1790954991723,19080,26.3,11,460.7,487.0,11,460.7,0,0.0
1790954992222,19080,26.3,11,460.7,487.0,11,460.7,0,0.0
1790954992720,19080,26.3,11,460.7,487.0,11,460.7,0,0.0
1790954993225,19080,26.3,11,460.7,487.0,11,460.7,0,0.0
1790954993733,19080,26.3,11,460.7,487.0,11,460.7,0,0.0
1790954994241,19080,26.3,11,460.4,486.8,11,460.4,0,0.0
1790954994739,19080,26.3,11,460.5,486.8,11,460.5,0,0.0
1790954995254,19080,26.3,11,460.5,486.8,11,460.5,0,0.0
1790954995753,19080,26.3,11,459.1,485.5,11,459.1,0,0.0
1790954996256,19080,26.3,11,459.1,485.5,11,459.1,0,0.0
1790954996774,19080,26.3,11,459.1,485.5,11,459.1,0,0.0
1790954997279,19080,26.3,11,459.1,485.5,11,459.1,0,0.0
1790954997782,19080,26.3,11,459.1,485.5,11,459.1,0,0.0
1790954998289,19080,26.3,11,459.1,485.4,11,459.1,0,0.0
1790954998793,19080,26.3,11,459.2,485.5,11,459.2,0,0.0
1790954999290,19080,26.3,11,459.2,485.5,11,459.2,0,0.0
1790954999790,19080,26.3,11,459.2,485.5,11,459.2,0,0.0
1790955000313,19080,26.3,11,459.2,485.5,11,459.2,0,0.0
1790955000810,19080,26.3,11,459.2,485.5,11,459.2,0,0.0
1790955001335,19080,26.3,11,459.2,485.5,11,459.2,0,0.0
1790955001838,19080,26.3,11,459.2,485.5,11,459.2,0,0.0
1790955002353,19080,26.3,11,459.1,485.4,11,459.1,0,0.0
1790955002868,19080,26.3,11,459.2,485.5,11,459.2,0,0.0
1790955003369,19080,26.3,11,459.2,485.5,11,459.2,0,0.0
1790955003872,19080,26.3,11,459.2,485.5,11,459.2,0,0.0
1790955004377,19080,26.3,11,459.2,485.5,11,459.2,0,0.0
1790955004890,19080,26.3,11,459.2,485.5,11,459.2,0,0.0
1790955005412,19080,26.3,11,459.9,486.2,11,459.9,0,0.0
1790955005909,19080,26.3,11,459.9,486.2,11,459.9,0,0.0
1790955006435,19080,26.3,11,459.7,486.0,11,459.7,0,0.0
1790955006952,19080,26.3,11,459.8,486.1,11,459.8,0,0.0
1790955007448,19080,26.3,11,459.8,486.1,11,459.8,0,0.0
1790955007953,19080,26.3,11,459.8,486.1,11,459.8,0,0.0
1790955008474,19080,26.3,11,459.8,486.1,11,459.8,0,0.0
1790955008987,19080,26.3,11,459.8,486.2,11,459.8,0,0.0
1790955009505,19080,26.3,11,459.8,486.2,11,459.8,0,0.0
1790955010005,19080,26.3,11,459.7,486.1,11,459.7,0,0.0
1790955010523,19080,26.3,11,459.7,486.0,11,459.7,0,0.0
1790955011022,19080,26.3,11,459.8,486.1,11,459.8,0,0.0
1790955011545,19080,26.3,11,459.8,486.1,11,459.8,0,0.0
1790955012057,19080,26.3,11,459.8,486.1,11,459.8,0,0.0
1790955012560,19080,26.3,11,459.8,486.1,11,459.8,0,0.0
1790955013065,19080,26.3,11,459.8,486.1,11,459.8,0,0.0
1790955013574,19080,26.3,11,459.8,486.1,11,459.8,0,0.0
1790955014090,19080,26.3,11,459.8,486.1,11,459.8,0,0.0
1790955014594,19080,26.3,11,459.7,486.1,11,459.7,0,0.0
1790955015106,19080,26.3,11,459.7,486.1,11,459.7,0,0.0
1790955015609,19080,26.3,11,459.8,486.1,11,459.8,0,0.0
1790955016111,19080,26.3,11,459.8,486.1,11,459.8,0,0.0
1790955016625,19080,26.3,11,459.8,486.1,11,459.8,0,0.0
1790955017145,19080,26.3,11,459.8,486.1,11,459.8,0,0.0
1790955017657,19080,26.3,11,459.8,486.1,11,459.8,0,0.0
1790955018179,19080,26.3,11,459.8,486.1,11,459.8,0,0.0
1790955018683,19080,26.3,11,459.8,486.1,11,459.8,0,0.0
1790955019195,19080,26.3,11,459.8,486.1,11,459.8,0,0.0
1790955019697,19080,26.3,11,459.8,486.1,11,459.8,0,0.0
1790955020204,19080,26.3,11,459.8,486.1,11,459.8,0,0.0
1790955020719,19080,26.3,11,459.8,486.1,11,459.8,0,0.0
1790955021228,19080,26.3,11,459.8,486.1,11,459.8,0,0.0
1790955021732,19080,26.3,11,483.2,509.5,11,483.2,0,0.0
1790955022233,19080,26.3,11,497.3,523.6,11,497.3,0,0.0
1790955022736,19080,26.3,11,497.6,523.9,11,497.6,0,0.0
1790955023242,19080,26.3,11,497.7,524.0,11,497.7,0,0.0
1790955023741,19080,26.3,11,497.7,524.0,11,497.7,0,0.0
1790955024258,19080,26.3,11,497.7,524.0,11,497.7,0,0.0
1790955024767,19080,26.3,11,497.7,524.0,11,497.7,0,0.0
1790955025271,19080,26.3,11,497.7,524.0,11,497.7,0,0.0
1790955025771,19080,26.3,11,497.6,524.0,11,497.6,0,0.0
1790955026290,19080,26.3,11,497.6,523.9,11,497.6,0,0.0
1790955026787,19080,26.3,11,477.1,503.4,11,477.1,0,0.0
1790955027314,19080,26.3,11,477.1,503.4,11,477.1,0,0.0
1790955027827,19080,26.3,11,477.1,503.4,11,477.1,0,0.0
1790955028321,19080,26.3,11,477.1,503.4,11,477.1,0,0.0
1790955028829,19080,26.3,11,477.1,503.4,11,477.1,0,0.0
1790955029327,19080,26.3,11,470.7,497.0,11,470.7,0,0.0
1790955029849,19080,26.3,11,464.7,491.0,11,464.7,0,0.0
1790955030358,19080,26.3,11,464.6,490.9,11,464.6,0,0.0
1790955030873,19080,26.3,11,464.7,491.0,11,464.7,0,0.0
1790955031393,19080,26.3,11,464.7,491.0,11,464.7,0,0.0
1790955031894,19080,26.3,11,464.6,491.0,11,464.6,0,0.0
1790955032408,19080,26.3,11,464.6,491.0,11,464.6,0,0.0
1790955032906,19080,26.3,11,464.2,490.6,11,464.2,0,0.0
1790955033418,19080,26.3,11,464.3,490.6,11,464.3,0,0.0
1790955033939,19080,26.3,11,464.0,490.3,11,464.0,0,0.0
1790955034450,19080,26.3,11,458.1,484.5,11,458.1,0,0.0
1790955034953,19080,26.3,11,458.2,484.5,11,458.2,0,0.0
1790955035456,19080,26.3,11,458.2,484.5,11,458.2,0,0.0
1790955035963,19080,26.3,11,458.2,484.5,11,458.2,0,0.0
1790955036465,19080,26.3,11,458.2,484.5,11,458.2,0,0.0
1790955036972,19080,26.3,11,458.2,484.5,11,458.2,0,0.0
1790955037489,19080,26.3,11,458.2,484.5,11,458.2,0,0.0
1790955037997,19080,26.3,11,458.2,484.5,11,458.2,0,0.0
1790955038502,19080,26.3,11,458.1,484.5,11,458.1,0,0.0
1790955039012,19080,26.3,11,458.2,484.5,11,458.2,0,0.0
1790955039527,19080,26.3,11,458.2,484.5,11,458.2,0,0.0
1790955040026,19080,26.3,11,458.2,484.5,11,458.2,0,0.0
1790955040524,19080,26.3,11,458.2,484.5,11,458.2,0,0.0
1790955041029,19080,26.3,11,458.2,484.6,11,458.2,0,0.0
1790955041527,19080,26.3,11,458.2,484.6,11,458.2,0,0.0
1790955042032,19080,26.3,11,458.0,484.3,11,458.0,0,0.0
1790955042537,19080,26.3,11,457.9,484.2,11,457.9,0,0.0
1790955043042,19080,26.3,11,458.0,484.3,11,458.0,0,0.0
1790955043545,19080,26.3,11,458.0,484.3,11,458.0,0,0.0
1790955044040,19080,26.3,11,458.0,484.3,11,458.0,0,0.0
1790955044559,19080,26.3,11,458.7,485.0,11,458.7,0,0.0
1790955045056,19080,26.3,11,458.7,485.0,11,458.7,0,0.0
1790955045573,19080,26.3,11,458.7,485.0,11,458.7,0,0.0
1790955046072,19080,26.3,11,458.7,485.0,11,458.7,0,0.0
1790955046589,19080,26.3,11,458.7,485.0,11,458.7,0,0.0
1790955047105,19080,26.3,11,458.7,485.0,11,458.7,0,0.0
1790955047620,19080,26.3,11,459.5,485.8,11,459.5,0,0.0
1790955048136,19080,26.3,11,459.5,485.8,11,459.5,0,0.0
1790955048640,19080,26.3,11,459.5,485.8,11,459.5,0,0.0
1790955049141,19080,26.3,11,459.5,485.8,11,459.5,0,0.0
1790955049653,19080,26.3,11,459.6,485.9,11,459.6,0,0.0
1790955050149,19080,26.3,11,459.6,485.9,11,459.6,0,0.0
1790955050671,19080,26.3,11,459.5,485.8,11,459.5,0,0.0
1790955051177,19080,26.3,11,459.5,485.8,11,459.5,0,0.0
1790955051678,19080,26.3,11,459.5,485.8,11,459.5,0,0.0
1790955052181,19080,26.3,11,459.5,485.8,11,459.5,0,0.0
1790955052682,19080,26.3,11,459.5,485.9,11,459.5,0,0.0
1790955053182,19080,26.3,11,459.5,485.9,11,459.5,0,0.0
1790955053692,19080,26.3,11,459.5,485.9,11,459.5,0,0.0
1790955054217,19080,26.3,11,459.5,485.9,11,459.5,0,0.0
1790955054725,19080,26.3,11,459.5,485.9,11,459.5,0,0.0
1790955055245,19080,26.3,11,459.5,485.9,11,459.5,0,0.0
1790955055760,19080,26.3,11,459.5,485.9,11,459.5,0,0.0
1790955056280,19080,26.3,11,459.5,485.9,11,459.5,0,0.0
1790955056782,19080,26.3,11,459.5,485.9,11,459.5,0,0.0
1790955057279,19080,26.3,11,459.5,485.9,11,459.5,0,0.0
1790955057801,19080,26.3,11,459.5,485.9,11,459.5,0,0.0
1790955058315,19080,26.3,11,459.3,485.6,11,459.3,0,0.0
1790955058814,19080,26.3,11,459.3,485.7,11,459.3,0,0.0
1790955059331,19080,26.3,11,459.3,485.7,11,459.3,0,0.0
1790955059834,19080,26.3,11,459.3,485.7,11,459.3,0,0.0
1790955060352,19080,26.3,11,459.3,485.7,11,459.3,0,0.0
1790955060856,19080,26.3,11,459.3,485.7,11,459.3,0,0.0
1790955061372,19080,26.3,11,459.3,485.7,11,459.3,0,0.0
1790955061870,19080,26.3,11,459.3,485.7,11,459.3,0,0.0
1790955062373,19080,26.3,11,459.3,485.6,11,459.3,0,0.0
1790955062889,19080,26.3,11,459.3,485.7,11,459.3,0,0.0
1790955063401,19080,26.3,11,459.3,485.7,11,459.3,0,0.0
1790955063917,19080,26.3,11,459.3,485.7,11,459.3,0,0.0
1790955064424,19080,26.3,11,459.4,485.7,11,459.4,0,0.0
1790955064936,19080,26.3,11,459.4,485.7,11,459.4,0,0.0
1790955065437,19080,26.3,11,459.4,485.7,11,459.4,0,0.0
1790955065939,19080,26.3,11,459.4,485.7,11,459.4,0,0.0
1790955066439,19080,26.3,11,459.3,485.6,11,459.3,0,0.0
1790955066946,19080,26.3,11,459.4,485.7,11,459.4,0,0.0
1790955067454,19080,26.3,11,459.4,485.7,11,459.4,0,0.0
1790955067960,19080,26.3,11,459.4,485.7,11,459.4,0,0.0
1790955068478,19080,26.3,11,459.4,485.8,11,459.4,0,0.0
1790955068985,19080,26.3,11,459.5,485.9,11,459.5,0,0.0
1790955069492,19080,26.3,11,459.5,485.9,11,459.5,0,0.0
1790955070012,19080,26.3,11,459.6,485.9,11,459.6,0,0.0
1790955070524,19080,26.3,11,459.5,485.8,11,459.5,0,0.0
1790955071025,19080,26.3,11,459.6,485.9,11,459.6,0,0.0
1790955071544,19080,26.3,11,459.6,485.9,11,459.6,0,0.0
1790955072053,19080,26.3,11,459.6,485.9,11,459.6,0,0.0
1790955072573,19080,26.3,11,459.6,485.9,11,459.6,0,0.0
1790955073079,19080,26.3,11,459.6,485.9,11,459.6,0,0.0
1790955073589,19080,26.3,11,459.5,485.8,11,459.5,0,0.0
1790955074106,19080,26.3,11,459.4,485.8,11,459.4,0,0.0
1790955074619,19080,26.3,11,459.4,485.7,11,459.4,0,0.0
1790955075140,19080,26.3,11,459.4,485.7,11,459.4,0,0.0
1790955075653,19080,26.3,11,459.4,485.7,11,459.4,0,0.0
1790955076161,19080,26.3,11,459.4,485.7,11,459.4,0,0.0
1790955076683,19080,26.3,11,459.4,485.7,11,459.4,0,0.0
1790955077196,19080,26.3,11,459.5,485.8,11,459.5,0,0.0
1790955077698,19080,26.3,11,459.5,485.8,11,459.5,0,0.0
1790955078199,19080,26.3,11,459.5,485.8,11,459.5,0,0.0
1790955078715,19080,26.3,11,459.5,485.8,11,459.5,0,0.0
1790955079227,19080,26.3,11,459.5,485.8,11,459.5,0,0.0
1790955079741,19080,26.3,11,459.5,485.8,11,459.5,0,0.0
1790955080245,19080,26.3,11,459.5,485.8,11,459.5,0,0.0
1790955080745,19080,26.3,11,459.5,485.8,11,459.5,0,0.0
1790955081248,19080,26.3,11,459.5,485.8,11,459.5,0,0.0
1790955081747,19080,26.3,11,483.9,510.3,11,483.9,0,0.0
1790955082265,19080,26.3,11,498.2,524.5,11,498.2,0,0.0
1790955082766,19080,26.3,11,498.0,524.3,11,498.0,0,0.0
1790955083281,19080,26.3,11,498.1,524.4,11,498.1,0,0.0
1790955083797,19080,26.3,11,498.1,524.4,11,498.1,0,0.0
1790955084317,19080,26.3,11,498.1,524.4,11,498.1,0,0.0
1790955084813,19080,26.3,11,498.1,524.4,11,498.1,0,0.0
1790955085320,19080,26.3,11,498.1,524.4,11,498.1,0,0.0
1790955085827,19080,26.3,11,498.1,524.4,11,498.1,0,0.0
1790955086327,19080,26.3,11,498.0,524.3,11,498.0,0,0.0
1790955086847,19080,26.3,11,467.7,494.0,11,467.7,0,0.0
1790955087366,19080,26.3,11,467.7,494.0,11,467.7,0,0.0
1790955087865,19080,26.3,11,467.7,494.0,11,467.7,0,0.0
1790955088384,19080,26.3,11,467.7,494.0,11,467.7,0,0.0
1790955088897,19080,26.3,11,467.7,494.0,11,467.7,0,0.0
1790955089415,19080,26.3,11,467.7,494.0,11,467.7,0,0.0
1790955089934,19080,26.3,11,461.5,487.8,11,461.5,0,0.0
1790955090433,19080,26.3,11,461.4,487.7,11,461.4,0,0.0
1790955090938,19080,26.3,11,461.5,487.8,11,461.5,0,0.0
1790955091439,19080,26.3,11,461.5,487.8,11,461.5,0,0.0
1790955091959,19080,26.3,11,461.5,487.8,11,461.5,0,0.0
1790955092469,19080,26.3,11,460.3,486.6,11,460.3,0,0.0
1790955092990,19080,26.3,11,460.3,486.6,11,460.3,0,0.0
1790955093509,19080,26.3,11,460.3,486.6,11,460.3,0,0.0
1790955094020,19080,26.3,11,460.3,486.6,11,460.3,0,0.0
1790955094536,19080,26.3,11,460.2,486.5,11,460.2,0,0.0
1790955095036,19080,26.3,11,460.3,486.6,11,460.3,0,0.0
1790955095537,19080,26.3,11,460.3,486.6,11,460.3,0,0.0
1790955096052,19080,26.3,11,460.3,486.6,11,460.3,0,0.0
1790955096578,19080,26.3,11,460.3,486.6,11,460.3,0,0.0
1790955097085,19080,26.3,11,460.3,486.6,11,460.3,0,0.0
1790955097593,19080,26.3,11,460.3,486.6,11,460.3,0,0.0
1790955098106,19080,26.3,11,460.3,486.6,11,460.3,0,0.0
1790955098625,19080,26.3,11,459.6,485.9,11,459.6,0,0.0
1790955099125,19080,26.3,11,459.6,485.9,11,459.6,0,0.0
1790955099630,19080,26.3,11,459.6,485.9,11,459.6,0,0.0
1790955100142,19080,26.3,11,459.6,485.9,11,459.6,0,0.0
1790955100646,19080,26.3,11,459.6,485.9,11,459.6,0,0.0
1790955101155,19080,26.3,11,459.6,485.9,11,459.6,0,0.0
1790955101660,19080,26.3,11,459.6,485.9,11,459.6,0,0.0
1790955102176,19080,26.3,11,459.6,485.9,11,459.6,0,0.0
1790955102690,19080,26.3,11,459.6,485.9,11,459.6,0,0.0
1790955103207,19080,26.3,11,459.6,485.9,11,459.6,0,0.0
1790955103730,19080,26.3,11,459.6,485.9,11,459.6,0,0.0
1790955104233,19080,26.3,11,459.6,485.9,11,459.6,0,0.0
1790955104743,19080,26.3,11,459.6,485.9,11,459.6,0,0.0
1790955105246,19080,26.3,11,459.6,485.9,11,459.6,0,0.0
1790955105751,19080,26.3,11,459.6,485.9,11,459.6,0,0.0
1790955106256,19080,26.3,11,459.4,485.7,11,459.4,0,0.0
1790955106753,19080,26.3,11,459.4,485.7,11,459.4,0,0.0
1790955107272,19080,26.3,11,459.4,485.7,11,459.4,0,0.0
1790955107769,19080,26.3,11,459.4,485.7,11,459.4,0,0.0
1790955108277,19080,26.3,11,459.4,485.7,11,459.4,0,0.0
1790955108779,19080,26.3,11,459.4,485.7,11,459.4,0,0.0
1790955109290,19080,26.3,11,459.4,485.7,11,459.4,0,0.0
1790955109799,19080,26.3,11,459.4,485.7,11,459.4,0,0.0
1790955110296,19080,26.3,11,459.4,485.7,11,459.4,0,0.0
1790955110814,19080,26.3,11,459.5,485.8,11,459.5,0,0.0
1790955111329,19080,26.3,11,459.5,485.8,11,459.5,0,0.0
1790955111837,19080,26.3,11,459.5,485.9,11,459.5,0,0.0
1790955112349,19080,26.3,11,459.5,485.9,11,459.5,0,0.0
1790955112860,19080,26.3,11,459.6,485.9,11,459.6,0,0.0
1790955113369,19080,26.3,11,459.6,485.9,11,459.6,0,0.0
1790955113884,19080,26.3,11,459.6,485.9,11,459.6,0,0.0
1790955114403,19080,26.3,11,459.5,485.8,11,459.5,0,0.0
1790955114903,19080,26.3,11,459.6,485.9,11,459.6,0,0.0
1790955115409,19080,26.3,11,459.6,485.9,11,459.6,0,0.0
1790955115910,19080,26.3,11,459.6,485.9,11,459.6,0,0.0
1790955116433,19080,26.3,11,459.6,485.9,11,459.6,0,0.0
1790955116945,19080,26.3,11,459.6,485.9,11,459.6,0,0.0
1790955117467,19080,26.3,11,459.6,485.9,11,459.6,0,0.0
1790955117976,19080,26.3,11,459.6,485.9,11,459.6,0,0.0
1790955118478,19080,26.3,11,459.5,485.8,11,459.5,0,0.0
1790955118992,19080,26.3,11,459.6,485.9,11,459.6,0,0.0
1790955119514,19080,26.3,11,459.6,485.9,11,459.6,0,0.0
1790955120027,19080,26.3,11,459.6,485.9,11,459.6,0,0.0
1790955120538,19080,26.3,11,459.7,486.0,11,459.7,0,0.0
1790955121048,19080,26.3,11,459.7,486.0,11,459.7,0,0.0
1790955121550,19080,26.3,11,459.7,486.0,11,459.7,0,0.0
1790955122071,19080,26.3,11,459.7,486.0,11,459.7,0,0.0
1790955122569,19080,26.3,11,459.7,486.0,11,459.7,0,0.0
1790955123083,19080,26.3,11,459.7,486.0,11,459.7,0,0.0
1790955123593,19080,26.3,11,459.7,486.0,11,459.7,0,0.0
1790955124102,19080,26.3,11,459.7,486.0,11,459.7,0,0.0
1790955124617,19080,26.3,11,459.7,486.0,11,459.7,0,0.0
1790955125122,19080,26.3,11,459.7,486.0,11,459.7,0,0.0
1790955125635,19080,26.3,11,459.7,486.0,11,459.7,0,0.0
1790955126139,19080,26.3,11,459.7,486.0,11,459.7,0,0.0
1790955126650,19080,26.3,11,459.7,486.0,11,459.7,0,0.0
1790955127158,19080,26.3,11,459.7,486.0,11,459.7,0,0.0
1790955127658,19080,26.3,11,459.7,486.0,11,459.7,0,0.0
1790955128182,19080,26.3,11,459.7,486.0,11,459.7,0,0.0
1790955128697,19080,26.3,11,465.2,491.6,11,465.2,0,0.0
1790955129205,19080,26.3,11,465.2,491.6,11,465.2,0,0.0
1790955129707,19080,26.3,11,465.2,491.6,11,465.2,0,0.0
1790955130207,19080,26.3,11,465.2,491.6,11,465.2,0,0.0
1790955130728,19080,26.3,11,464.9,491.2,11,464.9,0,0.0
1790955131224,19080,26.3,11,464.9,491.2,11,464.9,0,0.0
1790955131735,19080,26.3,11,463.0,489.3,11,463.0,0,0.0
1790955132235,19080,26.3,11,463.0,489.3,11,463.0,0,0.0
1790955132751,19080,26.3,11,463.0,489.3,11,463.0,0,0.0
1790955133260,19080,26.3,11,463.0,489.3,11,463.0,0,0.0
1790955133758,19080,26.3,11,463.0,489.3,11,463.0,0,0.0
1790955134263,19080,26.3,11,463.0,489.3,11,463.0,0,0.0
1790955134766,19080,26.3,11,463.0,489.3,11,463.0,0,0.0
1790955135294,19080,26.3,11,463.0,489.3,11,463.0,0,0.0
1790955135797,19080,26.3,11,462.6,488.9,11,462.6,0,0.0
1790955136298,19080,26.3,11,462.6,488.9,11,462.6,0,0.0
1790955136814,19080,26.3,11,459.0,485.3,11,459.0,0,0.0
1790955137327,19080,26.3,11,459.0,485.3,11,459.0,0,0.0
1790955137846,19080,26.3,11,459.0,485.3,11,459.0,0,0.0
1790955138359,19080,26.3,11,458.7,485.0,11,458.7,0,0.0
1790955138872,19080,26.3,11,458.8,485.1,11,458.8,0,0.0
1790955139390,19080,26.3,11,458.8,485.1,11,458.8,0,0.0
1790955139890,19080,26.3,11,458.3,484.6,11,458.3,0,0.0
1790955140392,19080,26.3,11,458.3,484.6,11,458.3,0,0.0
1790955140902,19080,26.3,11,458.2,484.5,11,458.2,0,0.0
1790955141404,19080,26.3,11,458.1,484.4,11,458.1,0,0.0
1790955141921,19080,26.4,11,495.0,521.3,11,495.0,0,0.0
1790955142420,19080,26.4,11,494.7,521.0,11,494.7,0,0.0
1790955142918,19080,26.4,11,494.9,521.3,11,494.9,0,0.0
1790955143443,19080,26.4,11,494.9,521.3,11,494.9,0,0.0
1790955143938,19080,26.4,11,494.9,521.3,11,494.9,0,0.0
1790955144452,19080,26.4,11,494.9,521.3,11,494.9,0,0.0
1790955144970,19080,26.4,11,494.9,521.3,11,494.9,0,0.0
1790955145470,19080,26.4,11,494.9,521.3,11,494.9,0,0.0
1790955145987,19080,26.4,11,494.9,521.3,11,494.9,0,0.0
1790955146508,19080,26.4,11,494.8,521.2,11,494.8,0,0.0
1790955147025,19080,26.4,11,466.5,492.8,11,466.5,0,0.0
1790955147531,19080,26.4,11,466.5,492.8,11,466.5,0,0.0
1790955148038,19080,26.4,11,466.4,492.8,11,466.4,0,0.0
1790955148539,19080,26.4,11,466.4,492.8,11,466.4,0,0.0
1790955149045,19080,26.4,11,466.4,492.8,11,466.4,0,0.0
1790955149541,19080,26.4,11,466.4,492.8,11,466.4,0,0.0
1790955150048,19080,26.4,11,460.3,486.6,11,460.3,0,0.0
1790955150548,19080,26.4,11,460.3,486.7,11,460.3,0,0.0
1790955151050,19080,26.4,11,460.3,486.7,11,460.3,0,0.0
1790955151549,19080,26.4,11,460.3,486.7,11,460.3,0,0.0
1790955152072,19080,26.4,11,460.3,486.7,11,460.3,0,0.0
1790955152589,19080,26.4,11,460.3,486.7,11,460.3,0,0.0
1790955153092,19080,26.4,11,459.8,486.2,11,459.8,0,0.0
1790955153608,19080,26.4,11,459.8,486.1,11,459.8,0,0.0
1790955154113,19080,26.4,11,459.8,486.1,11,459.8,0,0.0
1790955154612,19080,26.4,11,459.8,486.1,11,459.8,0,0.0
1790955155114,19080,26.4,11,459.8,486.1,11,459.8,0,0.0
1790955155626,19080,26.4,11,459.8,486.2,11,459.8,0,0.0
1790955156147,19080,26.4,11,459.8,486.2,11,459.8,0,0.0
1790955156662,19080,26.4,11,459.8,486.2,11,459.8,0,0.0
1790955157185,19080,26.4,11,459.8,486.1,11,459.8,0,0.0
1790955157688,19080,26.4,11,459.8,486.1,11,459.8,0,0.0
1790955158199,19080,26.4,11,459.8,486.1,11,459.8,0,0.0
1790955158712,19080,26.4,11,459.8,486.1,11,459.8,0,0.0
1790955159223,19080,26.4,11,459.8,486.1,11,459.8,0,0.0
1790955159742,19080,26.4,11,459.8,486.1,11,459.8,0,0.0
1790955160258,19080,26.4,11,459.8,486.1,11,459.8,0,0.0
1790955160766,19080,26.4,11,459.8,486.1,11,459.8,0,0.0
1790955161277,19080,26.4,11,459.8,486.1,11,459.8,0,0.0
1790955161787,19080,26.4,11,459.8,486.2,11,459.8,0,0.0
1790955162302,19080,26.4,11,459.8,486.2,11,459.8,0,0.0
1790955162811,19080,26.4,11,459.8,486.2,11,459.8,0,0.0
1790955163311,19080,26.4,11,459.8,486.2,11,459.8,0,0.0
1790955163811,19080,26.4,11,460.1,486.4,11,460.1,0,0.0
1790955164320,19080,26.4,11,460.1,486.4,11,460.1,0,0.0
1790955164825,19080,26.4,11,460.1,486.4,11,460.1,0,0.0
1790955165321,19080,26.4,11,460.1,486.4,11,460.1,0,0.0
1790955165832,19080,26.4,11,460.1,486.4,11,460.1,0,0.0
1790955166339,19080,26.4,11,460.1,486.4,11,460.1,0,0.0
1790955166854,19080,26.4,11,460.1,486.4,11,460.1,0,0.0
1790955167353,19080,26.4,11,460.1,486.4,11,460.1,0,0.0
1790955167860,19080,26.4,11,460.1,486.4,11,460.1,0,0.0
1790955168372,19080,26.4,11,460.1,486.4,11,460.1,0,0.0
1790955168875,19080,26.4,11,460.1,486.4,11,460.1,0,0.0
1790955169380,19080,26.4,11,460.1,486.4,11,460.1,0,0.0
1790955169881,19080,26.4,11,460.1,486.4,11,460.1,0,0.0
1790955170374,19080,26.4,11,460.1,486.4,11,460.1,0,0.0
1790955170896,19080,26.4,11,460.1,486.4,11,460.1,0,0.0
1790955171403,19080,26.4,11,460.1,486.4,11,460.1,0,0.0
1790955171923,19080,26.4,11,460.1,486.4,11,460.1,0,0.0
1790955172429,19080,26.4,11,460.1,486.4,11,460.1,0,0.0
1790955172931,19080,26.4,11,460.1,486.4,11,460.1,0,0.0
1790955173441,19080,26.4,11,460.1,486.4,11,460.1,0,0.0
1790955173960,19080,26.4,11,460.1,486.5,11,460.1,0,0.0
1790955174473,19080,26.4,11,460.0,486.3,11,460.0,0,0.0
1790955174991,19080,26.4,11,460.1,486.4,11,460.1,0,0.0
1790955175512,19080,26.4,11,460.1,486.4,11,460.1,0,0.0
1790955176020,19080,26.4,11,460.1,486.4,11,460.1,0,0.0
1790955176540,19080,26.4,11,460.1,486.4,11,460.1,0,0.0
1790955177056,19080,26.4,11,460.1,486.4,11,460.1,0,0.0
1790955177575,19080,26.4,11,460.1,486.5,11,460.1,0,0.0
1790955178075,19080,26.4,11,460.1,486.5,11,460.1,0,0.0
1790955178574,19080,26.4,11,460.1,486.4,11,460.1,0,0.0
1790955179079,19080,26.4,11,460.1,486.4,11,460.1,0,0.0
1790955179597,19080,26.4,11,460.1,486.4,11,460.1,0,0.0
1790955180097,19080,26.4,11,460.1,486.4,11,460.1,0,0.0
1790955180613,19080,26.4,11,460.1,486.4,11,460.1,0,0.0
1790955181127,19080,26.4,11,460.1,486.4,11,460.1,0,0.0
1790955181648,19080,26.4,11,460.1,486.5,11,460.1,0,0.0
1790955182144,19080,26.4,11,460.1,486.5,11,460.1,0,0.0
1790955182658,19080,26.4,11,460.1,486.5,11,460.1,0,0.0
1790955183171,19080,26.4,11,460.1,486.5,11,460.1,0,0.0
1790955183676,19080,26.4,11,460.1,486.5,11,460.1,0,0.0
1790955184193,19080,26.4,11,460.1,486.5,11,460.1,0,0.0
1790955184689,19080,26.4,11,460.1,486.5,11,460.1,0,0.0
1790955185207,19080,26.4,11,460.1,486.5,11,460.1,0,0.0
1790955185725,19080,26.4,11,460.1,486.5,11,460.1,0,0.0
1790955186245,19080,26.4,11,460.1,486.5,11,460.1,0,0.0
1790955186747,19080,26.4,11,460.1,486.4,11,460.1,0,0.0
1790955187252,19080,26.4,11,460.1,486.4,11,460.1,0,0.0
1790955187752,19080,26.4,11,460.1,486.5,11,460.1,0,0.0
1790955188264,19080,26.4,11,460.1,486.5,11,460.1,0,0.0
1790955188766,19080,26.4,11,460.1,486.5,11,460.1,0,0.0
1790955189276,19080,26.4,11,460.8,487.1,11,460.8,0,0.0
1790955189773,19080,26.4,11,460.8,487.1,11,460.8,0,0.0
1790955190290,19080,26.4,11,460.8,487.1,11,460.8,0,0.0
1790955190803,19080,26.4,11,460.8,487.2,11,460.8,0,0.0
1790955191323,19080,26.4,11,460.8,487.2,11,460.8,0,0.0
1790955191832,19080,26.4,11,460.8,487.2,11,460.8,0,0.0
1790955192352,19080,26.4,11,460.8,487.2,11,460.8,0,0.0
1790955192865,19080,26.4,11,460.8,487.2,11,460.8,0,0.0
1790955193388,19080,26.4,11,460.8,487.2,11,460.8,0,0.0
1790955193892,19080,26.4,11,460.8,487.2,11,460.8,0,0.0
1790955194396,19080,26.4,11,460.8,487.2,11,460.8,0,0.0
1790955194903,19080,26.4,11,460.8,487.2,11,460.8,0,0.0
1790955195410,19080,26.4,11,460.8,487.2,11,460.8,0,0.0
1790955195923,19080,26.4,11,460.8,487.2,11,460.8,0,0.0
1790955196417,19080,26.4,11,460.8,487.2,11,460.8,0,0.0
1790955196929,19080,26.4,11,460.8,487.2,11,460.8,0,0.0
1790955197425,19080,26.4,11,460.8,487.2,11,460.8,0,0.0
1790955197945,19080,26.4,11,460.7,487.0,11,460.7,0,0.0
1790955198460,19080,26.4,11,460.6,486.9,11,460.6,0,0.0
1790955198956,19080,26.4,11,460.6,487.0,11,460.6,0,0.0
1790955199479,19080,26.4,11,460.6,487.0,11,460.6,0,0.0
1790955199993,19080,26.4,11,460.6,487.0,11,460.6,0,0.0
1790955200499,19080,26.4,11,460.6,487.0,11,460.6,0,0.0
1790955201001,19080,26.4,11,460.0,486.3,11,460.0,0,0.0
1790955201516,19080,26.4,11,460.0,486.4,11,460.0,0,0.0
1790955202034,19080,26.4,11,495.6,522.0,11,495.6,0,0.0
1790955202550,19080,26.4,11,495.3,521.6,11,495.3,0,0.0
1790955203058,19080,26.4,11,495.4,521.8,11,495.4,0,0.0
1790955203576,19080,26.4,11,495.4,521.8,11,495.4,0,0.0
1790955204088,19080,26.4,11,495.4,521.8,11,495.4,0,0.0
1790955204607,19080,26.4,11,495.4,521.8,11,495.4,0,0.0
1790955205108,19080,26.4,11,495.4,521.8,11,495.4,0,0.0
1790955205619,19080,26.4,11,495.4,521.8,11,495.4,0,0.0
1790955206124,19080,26.4,11,495.4,521.8,11,495.4,0,0.0
1790955206625,19080,26.4,11,466.4,492.8,11,466.4,0,0.0
1790955207134,19080,26.4,11,466.4,492.8,11,466.4,0,0.0
1790955207649,19080,26.4,11,466.4,492.8,11,466.4,0,0.0
1790955208151,19080,26.4,11,466.3,492.7,11,466.3,0,0.0
1790955208658,19080,26.4,11,466.3,492.7,11,466.3,0,0.0
1790955209172,19080,26.4,11,466.3,492.7,11,466.3,0,0.0
1790955209683,19080,26.4,11,460.2,486.6,11,460.2,0,0.0
1790955210195,19080,26.4,11,460.3,486.6,11,460.3,0,0.0
1790955210714,19080,26.4,11,460.2,486.6,11,460.2,0,0.0
1790955211214,19080,26.4,11,460.2,486.6,11,460.2,0,0.0
1790955211718,19080,26.4,11,460.2,486.6,11,460.2,0,0.0
1790955212236,19080,26.4,11,460.2,486.6,11,460.2,0,0.0
1790955212743,19080,26.4,11,460.2,486.6,11,460.2,0,0.0
1790955213258,19080,26.4,11,459.8,486.1,11,459.8,0,0.0
1790955213773,19080,26.4,11,459.8,486.2,11,459.8,0,0.0
1790955214286,19080,26.4,11,459.8,486.2,11,459.8,0,0.0
1790955214807,19080,26.4,11,459.8,486.2,11,459.8,0,0.0
1790955215325,19080,26.4,11,459.8,486.2,11,459.8,0,0.0
1790955215829,19080,26.4,11,459.8,486.2,11,459.8,0,0.0
1790955216331,19080,26.4,11,459.8,486.2,11,459.8,0,0.0
1790955216839,19080,26.4,11,465.4,491.7,11,465.4,0,0.0
1790955217350,19080,26.4,11,465.4,491.7,11,465.4,0,0.0
1790955217849,19080,26.4,11,466.4,492.7,11,466.4,0,0.0
1790955218363,19080,26.4,11,466.4,492.7,11,466.4,0,0.0
1790955218864,19080,26.4,11,466.4,492.8,11,466.4,0,0.0
1790955219388,19080,26.4,11,466.4,492.8,11,466.4,0,0.0
1790955219886,19080,26.4,11,466.4,492.8,11,466.4,0,0.0
1790955220397,19080,26.4,11,466.4,492.8,11,466.4,0,0.0
1790955220905,19080,26.4,11,461.7,488.0,11,461.7,0,0.0
1790955221412,19080,26.4,11,461.7,488.0,11,461.7,0,0.0
1790955221919,19080,26.4,11,461.7,488.0,11,461.7,0,0.0
1790955222435,19080,26.4,11,461.4,487.7,11,461.4,0,0.0
1790955222951,19080,26.4,11,461.3,487.7,11,461.3,0,0.0
1790955223456,19080,26.4,11,461.3,487.7,11,461.3,0,0.0
1790955223972,19080,26.4,11,461.3,487.7,11,461.3,0,0.0
1790955224495,19080,26.4,11,461.3,487.7,11,461.3,0,0.0
1790955225003,19080,26.4,11,461.3,487.7,11,461.3,0,0.0
1790955225518,19080,26.4,11,461.3,487.7,11,461.3,0,0.0
1790955226034,19080,26.4,11,461.3,487.7,11,461.3,0,0.0
1790955226554,19080,26.4,11,461.3,487.7,11,461.3,0,0.0
1790955227074,19080,26.4,11,461.3,487.7,11,461.3,0,0.0
1790955227578,19080,26.4,11,460.9,487.2,11,460.9,0,0.0
1790955228081,19080,26.4,11,460.9,487.2,11,460.9,0,0.0
1790955228601,19080,26.4,11,460.9,487.2,11,460.9,0,0.0
1790955229107,19080,26.4,11,460.9,487.2,11,460.9,0,0.0
1790955229626,19080,26.4,11,460.9,487.2,11,460.9,0,0.0
1790955230144,19080,26.4,11,460.8,487.2,11,460.8,0,0.0
1790955230639,19080,26.4,11,460.8,487.2,11,460.8,0,0.0
1790955231147,19080,26.4,11,465.3,491.6,11,465.3,0,0.0
1790955231642,19080,26.4,11,465.3,491.6,11,465.3,0,0.0
1790955232160,19080,26.4,11,465.3,491.6,11,465.3,0,0.0
1790955232673,19080,26.4,11,465.3,491.6,11,465.3,0,0.0
1790955233184,19080,26.4,11,465.3,491.6,11,465.3,0,0.0
1790955233694,19080,26.4,11,466.3,492.6,11,466.3,0,0.0
1790955234196,19080,26.4,11,464.4,490.7,11,464.4,0,0.0
1790955234698,19080,26.4,11,464.0,490.3,11,464.0,0,0.0
1790955235197,19080,26.4,11,464.0,490.3,11,464.0,0,0.0
1790955235704,19080,26.4,11,464.0,490.4,11,464.0,0,0.0
1790955236200,19080,26.4,11,464.0,490.4,11,464.0,0,0.0
1790955236709,19080,26.4,11,463.6,490.0,11,463.6,0,0.0
1790955237220,19080,26.4,11,463.6,490.0,11,463.6,0,0.0
1790955237737,19080,26.4,11,463.6,490.0,11,463.6,0,0.0
1790955238253,19080,26.4,11,463.6,490.0,11,463.6,0,0.0
1790955238763,19080,26.4,11,463.6,490.0,11,463.6,0,0.0
1790955239270,19080,26.4,11,460.3,486.7,11,460.3,0,0.0
1790955239787,19080,26.4,11,460.3,486.7,11,460.3,0,0.0
1790955240299,19080,26.4,11,460.3,486.7,11,460.3,0,0.0
1790955240814,19080,26.4,11,460.3,486.7,11,460.3,0,0.0
1790955241326,19080,26.4,11,460.3,486.7,11,460.3,0,0.0
1790955241829,19080,26.4,11,459.3,485.7,11,459.3,0,0.0
1790955242344,19080,26.4,11,458.6,485.0,11,458.6,0,0.0
1790955242860,19080,26.4,11,458.4,484.8,11,458.4,0,0.0
1790955243382,19080,26.4,11,458.4,484.8,11,458.4,0,0.0
1790955243898,19080,26.4,11,458.4,484.8,11,458.4,0,0.0
1790955244410,19080,26.4,11,458.4,484.8,11,458.4,0,0.0
1790955244927,19080,26.4,11,458.4,484.8,11,458.4,0,0.0
1790955245439,19080,26.4,11,458.4,484.8,11,458.4,0,0.0
1790955245958,19080,26.4,11,458.4,484.8,11,458.4,0,0.0
1790955246476,19080,26.4,11,458.3,484.7,11,458.3,0,0.0
1790955246992,19080,26.4,11,458.4,484.8,11,458.4,0,0.0
1790955247492,19080,26.4,11,458.4,484.8,11,458.4,0,0.0
1790955248006,19080,26.4,11,458.4,484.8,11,458.4,0,0.0
1790955248521,19080,26.4,11,458.4,484.8,11,458.4,0,0.0
1790955249034,19080,26.4,11,459.1,485.4,11,459.1,0,0.0
1790955249532,19080,26.4,11,459.1,485.4,11,459.1,0,0.0
1790955250049,19080,26.4,11,459.1,485.4,11,459.1,0,0.0
1790955250570,19080,26.4,11,459.1,485.4,11,459.1,0,0.0
1790955251080,19080,26.4,11,459.1,485.4,11,459.1,0,0.0
1790955251584,19080,26.4,11,459.1,485.5,11,459.1,0,0.0
1790955252094,19080,26.4,11,459.1,485.5,11,459.1,0,0.0
1790955252595,19080,26.4,11,459.8,486.2,11,459.8,0,0.0
1790955253114,19080,26.4,11,459.8,486.2,11,459.8,0,0.0
1790955253627,19080,26.4,11,459.8,486.2,11,459.8,0,0.0
1790955254145,19080,26.4,11,459.8,486.2,11,459.8,0,0.0
1790955254651,19080,26.4,11,459.8,486.2,11,459.8,0,0.0
1790955255156,19080,26.4,11,459.8,486.2,11,459.8,0,0.0
1790955255657,19080,26.4,11,459.8,486.2,11,459.8,0,0.0
1790955256156,19080,26.4,11,459.8,486.2,11,459.8,0,0.0
1790955256683,19080,26.4,11,459.8,486.2,11,459.8,0,0.0
1790955257195,19080,26.4,11,459.8,486.2,11,459.8,0,0.0
1790955257713,19080,26.4,11,459.8,486.2,11,459.8,0,0.0
1790955258223,19080,26.4,11,459.6,485.9,11,459.6,0,0.0
1790955258743,19080,26.4,11,459.6,485.9,11,459.6,0,0.0
1790955259252,19080,26.4,11,459.6,485.9,11,459.6,0,0.0
1790955259753,19080,26.4,11,459.6,485.9,11,459.6,0,0.0
1790955260268,19080,26.4,11,459.6,485.9,11,459.6,0,0.0
1790955260776,19080,26.4,11,459.6,485.9,11,459.6,0,0.0
1790955261276,19080,26.4,11,459.6,485.9,11,459.6,0,0.0
1790955261793,19080,26.4,11,483.8,510.2,11,483.8,0,0.0
1790955262300,19080,26.4,11,497.4,523.7,11,497.4,0,0.0
1790955262801,19080,26.4,11,497.3,523.6,11,497.3,0,0.0
1790955263305,19080,26.4,11,497.3,523.7,11,497.3,0,0.0
1790955263813,19080,26.4,11,497.3,523.7,11,497.3,0,0.0
1790955264318,19080,26.4,11,497.3,523.7,11,497.3,0,0.0
1790955264820,19080,26.4,11,497.3,523.7,11,497.3,0,0.0
1790955265327,19080,26.4,11,497.3,523.7,11,497.3,0,0.0
1790955265842,19080,26.4,11,479.2,505.5,11,479.2,0,0.0
1790955266347,19080,26.4,11,479.2,505.5,11,479.2,0,0.0
1790955266845,19080,26.4,11,473.0,499.3,11,473.0,0,0.0
1790955267365,19080,26.4,11,473.0,499.3,11,473.0,0,0.0
1790955267880,19080,26.4,11,473.0,499.3,11,473.0,0,0.0
1790955268388,19080,26.4,11,466.6,492.9,11,466.6,0,0.0
1790955268891,19080,26.4,11,466.3,492.6,11,466.3,0,0.0
1790955269414,19080,26.4,11,466.3,492.6,11,466.3,0,0.0
1790955269934,19080,26.4,11,460.1,486.4,11,460.1,0,0.0
1790955270440,19080,26.4,11,460.1,486.5,11,460.1,0,0.0
1790955270943,19080,26.4,11,460.1,486.4,11,460.1,0,0.0
1790955271464,19080,26.4,11,460.1,486.4,11,460.1,0,0.0
1790955271973,19080,26.4,11,460.1,486.4,11,460.1,0,0.0
1790955272487,19080,26.4,11,460.1,486.4,11,460.1,0,0.0
1790955272989,19080,26.4,11,460.1,486.4,11,460.1,0,0.0
1790955273505,19080,26.4,11,459.7,486.0,11,459.7,0,0.0
1790955274012,19080,26.4,11,459.7,486.1,11,459.7,0,0.0
1790955274529,19080,26.3,11,459.6,485.9,11,459.6,0,0.0
1790955275042,19080,26.3,11,459.7,486.0,11,459.7,0,0.0
1790955275540,19080,26.3,11,459.7,486.0,11,459.7,0,0.0
1790955276045,19080,26.3,11,459.8,486.1,11,459.8,0,0.0
1790955276560,19080,26.3,11,459.8,486.1,11,459.8,0,0.0
1790955277070,19080,26.3,11,459.8,486.1,11,459.8,0,0.0
1790955277584,19080,26.3,11,459.8,486.1,11,459.8,0,0.0
1790955278103,19080,26.3,11,459.8,486.1,11,459.8,0,0.0
1790955278602,19080,26.3,11,459.8,486.1,11,459.8,0,0.0
1790955279113,19080,26.3,11,459.8,486.1,11,459.8,0,0.0
1790955279621,19080,26.3,11,459.8,486.1,11,459.8,0,0.0
1790955280119,19080,26.3,11,459.8,486.1,11,459.8,0,0.0
1790955280639,19080,26.3,11,459.8,486.1,11,459.8,0,0.0
1790955281137,19080,26.3,11,459.8,486.1,11,459.8,0,0.0
1790955281647,19080,26.3,11,459.8,486.1,11,459.8,0,0.0
1790955282151,19080,26.3,11,459.8,486.1,11,459.8,0,0.0
1790955282664,19080,26.3,11,459.8,486.1,11,459.8,0,0.0
1790955283184,19080,26.3,11,459.8,486.1,11,459.8,0,0.0
1790955283696,19080,26.3,11,459.8,486.1,11,459.8,0,0.0
1790955284212,19080,26.3,11,459.8,486.1,11,459.8,0,0.0
1790955284715,19080,26.3,11,459.8,486.1,11,459.8,0,0.0
1790955285232,19080,26.3,11,459.8,486.1,11,459.8,0,0.0
1790955285744,19080,26.3,11,459.8,486.1,11,459.8,0,0.0
1790955286250,19080,26.3,11,459.8,486.1,11,459.8,0,0.0
1790955286750,19080,26.3,11,459.8,486.1,11,459.8,0,0.0
1790955287268,19080,26.3,11,459.8,486.1,11,459.8,0,0.0
1790955287785,19080,26.3,11,459.8,486.1,11,459.8,0,0.0
1790955288302,19080,26.3,11,459.7,486.0,11,459.7,0,0.0
1790955288822,19080,26.3,11,459.7,486.0,11,459.7,0,0.0
1790955289326,19080,26.3,11,459.7,486.0,11,459.7,0,0.0
1790955289831,19080,26.3,11,459.7,486.1,11,459.7,0,0.0
1790955290331,19080,26.3,11,459.7,486.1,11,459.7,0,0.0
1790955290841,19080,26.3,11,459.7,486.0,11,459.7,0,0.0
1790955291337,19080,26.3,11,460.4,486.7,11,460.4,0,0.0
1790955291844,19080,26.3,11,460.4,486.7,11,460.4,0,0.0
1790955292343,19080,26.3,11,460.4,486.7,11,460.4,0,0.0
1790955292848,19080,26.3,11,460.4,486.7,11,460.4,0,0.0
1790955293360,19080,26.3,11,460.4,486.7,11,460.4,0,0.0
1790955293885,19080,26.3,11,460.4,486.7,11,460.4,0,0.0
1790955294397,19080,26.3,11,460.4,486.7,11,460.4,0,0.0
1790955294902,19080,26.3,11,460.5,486.8,11,460.5,0,0.0
1790955295412,19080,26.3,11,460.5,486.8,11,460.5,0,0.0
1790955295931,19080,26.3,11,460.5,486.8,11,460.5,0,0.0
1790955296431,19080,26.3,11,460.5,486.8,11,460.5,0,0.0
1790955296948,19080,26.3,11,460.5,486.8,11,460.5,0,0.0
1790955297456,19080,26.3,11,460.5,486.8,11,460.5,0,0.0
1790955297956,19080,26.3,11,460.5,486.8,11,460.5,0,0.0
1790955298460,19080,26.3,11,460.5,486.8,11,460.5,0,0.0
1790955298967,19080,26.3,11,460.5,486.8,11,460.5,0,0.0
1790955299486,19080,26.3,11,460.5,486.8,11,460.5,0,0.0
1790955299996,19080,26.3,11,460.5,486.8,11,460.5,0,0.0
1790955300510,19080,26.3,11,460.5,486.8,11,460.5,0,0.0
1790955301016,19080,26.3,11,460.5,486.8,11,460.5,0,0.0
1790955301525,19080,26.3,11,460.5,486.8,11,460.5,0,0.0
1790955302046,19080,26.3,11,460.5,486.8,11,460.5,0,0.0
1790955302552,19080,26.3,11,460.5,486.8,11,460.5,0,0.0
1790955303061,19080,26.3,11,459.8,486.1,11,459.8,0,0.0
1790955303571,19080,26.3,11,459.8,486.1,11,459.8,0,0.0
1790955304089,19080,26.3,11,459.8,486.1,11,459.8,0,0.0
1790955304604,19080,26.3,11,459.8,486.1,11,459.8,0,0.0
1790955305115,19080,26.3,11,459.8,486.1,11,459.8,0,0.0
1790955305632,19080,26.3,11,459.8,486.1,11,459.8,0,0.0
1790955306142,19080,26.3,11,459.8,486.1,11,459.8,0,0.0
1790955306642,19080,26.3,11,459.8,486.1,11,459.8,0,0.0
1790955307140,19080,26.3,11,459.8,486.1,11,459.8,0,0.0
1790955307645,19080,26.3,11,459.8,486.1,11,459.8,0,0.0
1790955308140,19080,26.3,11,459.8,486.1,11,459.8,0,0.0
1790955308664,19080,26.3,11,459.8,486.1,11,459.8,0,0.0
1790955309175,19080,26.3,11,459.8,486.1,11,459.8,0,0.0
1790955309693,19080,26.3,11,459.8,486.1,11,459.8,0,0.0
1790955310207,19080,26.3,11,459.8,486.1,11,459.8,0,0.0
1790955310714,19080,26.3,11,459.8,486.1,11,459.8,0,0.0
1790955311220,19080,26.3,11,459.8,486.1,11,459.8,0,0.0
1790955311734,19080,26.3,11,459.8,486.1,11,459.8,0,0.0
1790955312235,19080,26.3,11,459.8,486.1,11,459.8,0,0.0
1790955312735,19080,26.3,11,459.8,486.1,11,459.8,0,0.0
1790955313253,19080,26.3,11,459.8,486.1,11,459.8,0,0.0
1790955313767,19080,26.3,11,459.8,486.1,11,459.8,0,0.0
1790955314290,19080,26.3,11,459.8,486.1,11,459.8,0,0.0
1790955314808,19080,26.3,11,459.7,486.0,11,459.7,0,0.0
1790955315321,19080,26.3,11,459.7,486.0,11,459.7,0,0.0
1790955315836,19080,26.3,11,459.8,486.1,11,459.8,0,0.0
1790955316351,19080,26.3,11,459.8,486.1,11,459.8,0,0.0
1790955316870,19080,26.3,11,459.8,486.1,11,459.8,0,0.0
1790955317385,19080,26.3,11,459.8,486.1,11,459.8,0,0.0
1790955317897,19080,26.3,11,459.8,486.1,11,459.8,0,0.0
1790955318410,19080,26.3,11,459.8,486.1,11,459.8,0,0.0
1790955318925,19080,26.3,11,459.8,486.1,11,459.8,0,0.0
1790955319438,19080,26.3,11,459.8,486.1,11,459.8,0,0.0
1790955319941,19080,26.3,11,459.8,486.1,11,459.8,0,0.0
1790955320434,19080,26.3,11,459.8,486.1,11,459.8,0,0.0
1790955320949,19080,26.3,11,459.8,486.1,11,459.8,0,0.0
1790955321469,19080,26.3,11,459.8,486.1,11,459.8,0,0.0
1790955321977,19080,26.3,11,497.9,524.2,11,497.9,0,0.0
1790955322492,19080,26.3,11,497.8,524.2,11,497.8,0,0.0
1790955323014,19080,26.3,11,497.6,523.9,11,497.6,0,0.0
1790955323525,19080,26.3,11,497.6,523.9,11,497.6,0,0.0
1790955324042,19080,26.3,11,497.7,524.0,11,497.7,0,0.0
1790955324537,19080,26.3,11,497.7,524.0,11,497.7,0,0.0
1790955325056,19080,26.3,11,497.7,524.0,11,497.7,0,0.0
1790955325568,19080,26.3,11,497.7,524.0,11,497.7,0,0.0
1790955326085,19080,26.3,11,486.0,512.3,11,486.0,0,0.0
1790955326586,19080,26.3,11,482.0,508.3,11,482.0,0,0.0
1790955327100,19080,26.3,11,468.9,495.3,11,468.9,0,0.0
1790955327614,19080,26.3,11,469.0,495.3,11,469.0,0,0.0
1790955328129,19080,26.3,11,469.0,495.3,11,469.0,0,0.0
1790955328633,19080,26.3,11,468.9,495.2,11,468.9,0,0.0
1790955329144,19080,26.3,11,468.8,495.2,11,468.8,0,0.0
1790955329665,19080,26.3,11,461.4,487.7,11,461.4,0,0.0
1790955330174,19080,26.3,11,461.4,487.7,11,461.4,0,0.0
1790955330696,19080,26.3,11,461.3,487.6,11,461.3,0,0.0
1790955331187,19080,26.3,11,461.3,487.6,11,461.3,0,0.0
1790955331709,19080,26.3,11,461.1,487.4,11,461.1,0,0.0
1790955332224,19080,26.3,11,461.1,487.4,11,461.1,0,0.0
1790955332724,19080,26.3,11,461.1,487.4,11,461.1,0,0.0
1790955333238,19080,26.3,11,459.9,486.2,11,459.9,0,0.0
1790955333736,19080,26.3,11,465.1,491.4,11,465.1,0,0.0
1790955334254,19080,26.3,11,465.1,491.4,11,465.1,0,0.0
1790955334770,19080,26.3,11,465.0,491.3,11,465.0,0,0.0
1790955335283,19080,26.3,11,465.0,491.3,11,465.0,0,0.0
1790955335782,19080,26.3,11,465.0,491.4,11,465.0,0,0.0
1790955336304,19080,26.3,11,465.0,491.4,11,465.0,0,0.0
1790955336820,19080,26.3,11,463.2,489.5,11,463.2,0,0.0
1790955337331,19080,26.3,11,463.2,489.5,11,463.2,0,0.0
1790955337842,19080,26.3,11,462.8,489.1,11,462.8,0,0.0
1790955338363,19080,26.3,11,462.8,489.1,11,462.8,0,0.0
1790955338881,19080,26.3,11,462.7,489.0,11,462.7,0,0.0
1790955339384,19080,26.3,11,462.7,489.0,11,462.7,0,0.0
1790955339884,19080,26.3,11,462.7,489.0,11,462.7,0,0.0
1790955340391,19080,26.3,11,462.7,489.0,11,462.7,0,0.0
1790955340901,19080,26.3,11,462.6,488.9,11,462.6,0,0.0
1790955341412,19080,26.3,11,458.8,485.1,11,458.8,0,0.0
1790955341908,19080,26.3,11,458.7,485.1,11,458.7,0,0.0
1790955342435,19080,26.3,11,458.7,485.1,11,458.7,0,0.0
1790955342931,19080,26.3,11,458.6,485.0,11,458.6,0,0.0
1790955343446,19080,26.3,11,458.6,485.0,11,458.6,0,0.0
1790955343965,19080,26.3,11,458.7,485.0,11,458.7,0,0.0
1790955344466,19080,26.3,11,458.4,484.7,11,458.4,0,0.0
1790955344965,19080,26.3,11,458.4,484.8,11,458.4,0,0.0
1790955345482,19080,26.3,11,458.4,484.8,11,458.4,0,0.0
1790955345987,19080,26.3,11,458.4,484.8,11,458.4,0,0.0
1790955346489,19080,26.3,11,458.4,484.8,11,458.4,0,0.0
1790955347004,19080,26.3,11,458.3,484.7,11,458.3,0,0.0
1790955347515,19080,26.3,11,458.3,484.7,11,458.3,0,0.0
1790955348020,19080,26.3,11,458.2,484.5,11,458.2,0,0.0
1790955348536,19080,26.3,11,458.2,484.5,11,458.2,0,0.0
1790955349043,19080,26.3,11,458.2,484.6,11,458.2,0,0.0
1790955349562,19080,26.3,11,458.3,484.6,11,458.3,0,0.0
1790955350059,19080,26.3,11,458.3,484.6,11,458.3,0,0.0
1790955350568,19080,26.3,11,458.3,484.6,11,458.3,0,0.0
1790955351068,19080,26.3,11,458.2,484.5,11,458.2,0,0.0
1790955351563,19080,26.3,11,458.9,485.3,11,458.9,0,0.0
1790955352085,19080,26.3,11,458.9,485.3,11,458.9,0,0.0
1790955352587,19080,26.3,11,458.9,485.3,11,458.9,0,0.0
1790955353088,19080,26.3,11,458.9,485.3,11,458.9,0,0.0
1790955353590,19080,26.3,11,458.9,485.3,11,458.9,0,0.0
1790955354095,19080,26.3,11,459.0,485.3,11,459.0,0,0.0
1790955354596,19080,26.3,11,458.9,485.2,11,458.9,0,0.0
1790955355111,19080,26.3,11,459.7,486.1,11,459.7,0,0.0
1790955355609,19080,26.3,11,459.8,486.1,11,459.8,0,0.0
1790955356110,19080,26.3,11,459.8,486.1,11,459.8,0,0.0
1790955356630,19080,26.3,11,459.8,486.2,11,459.8,0,0.0
1790955357137,19080,26.3,11,459.8,486.2,11,459.8,0,0.0
1790955357635,19080,26.3,11,459.8,486.2,11,459.8,0,0.0
1790955358140,19080,26.3,11,459.8,486.2,11,459.8,0,0.0
1790955358652,19080,26.3,11,459.8,486.1,11,459.8,0,0.0
1790955359170,19080,26.3,11,459.8,486.1,11,459.8,0,0.0
1790955359672,19080,26.3,11,459.9,486.2,11,459.9,0,0.0
1790955360173,19080,26.3,11,459.9,486.2,11,459.9,0,0.0
1790955360684,19080,26.3,11,459.9,486.2,11,459.9,0,0.0
1790955361197,19080,26.3,11,459.9,486.2,11,459.9,0,0.0
1790955361717,19080,26.3,11,459.9,486.2,11,459.9,0,0.0
1790955362212,19080,26.3,11,459.9,486.2,11,459.9,0,0.0
1790955362732,19080,26.3,11,459.8,486.1,11,459.8,0,0.0
1790955363244,19080,26.3,11,459.8,486.1,11,459.8,0,0.0
1790955363758,19080,26.3,11,459.9,486.2,11,459.9,0,0.0
1790955364267,19080,26.3,11,459.9,486.2,11,459.9,0,0.0
1790955364761,19080,26.3,11,459.9,486.2,11,459.9,0,0.0
1790955365278,19080,26.3,11,459.9,486.2,11,459.9,0,0.0
1790955365775,19080,26.3,11,459.9,486.2,11,459.9,0,0.0
1790955366294,19080,26.3,11,459.9,486.2,11,459.9,0,0.0
1790955366798,19080,26.3,11,459.8,486.1,11,459.8,0,0.0
1790955367307,19080,26.3,11,459.8,486.1,11,459.8,0,0.0
1790955367818,19080,26.3,11,459.9,486.2,11,459.9,0,0.0
1790955368328,19080,26.3,11,459.9,486.2,11,459.9,0,0.0
1790955368830,19080,26.3,11,459.9,486.2,11,459.9,0,0.0
1790955369327,19080,26.3,11,459.9,486.2,11,459.9,0,0.0
1790955369830,19080,26.3,11,459.9,486.2,11,459.9,0,0.0
1790955370358,19080,26.3,11,459.9,486.2,11,459.9,0,0.0
1790955370870,19080,26.3,11,459.8,486.1,11,459.8,0,0.0
1790955371384,19080,26.3,11,459.8,486.1,11,459.8,0,0.0
1790955371887,19080,26.3,11,459.8,486.2,11,459.8,0,0.0
1790955372394,19080,26.3,11,459.8,486.2,11,459.8,0,0.0
1790955372897,19080,26.3,11,459.8,486.2,11,459.8,0,0.0
1790955373399,19080,26.3,11,459.8,486.2,11,459.8,0,0.0
1790955373911,19080,26.3,11,459.8,486.2,11,459.8,0,0.0
1790955374431,19080,26.3,11,459.8,486.2,11,459.8,0,0.0
1790955374942,19080,26.3,11,459.8,486.1,11,459.8,0,0.0
1790955375460,19080,26.3,11,459.8,486.1,11,459.8,0,0.0
1790955375972,19080,26.3,11,459.9,486.2,11,459.9,0,0.0
1790955376488,19080,26.3,11,459.9,486.2,11,459.9,0,0.0
1790955377006,19080,26.3,11,459.9,486.2,11,459.9,0,0.0
1790955377511,19080,26.3,11,459.9,486.2,11,459.9,0,0.0
1790955378014,19080,26.3,11,459.8,486.1,11,459.8,0,0.0
1790955378512,19080,26.3,11,459.8,486.1,11,459.8,0,0.0
1790955379027,19080,26.3,11,459.7,486.0,11,459.7,0,0.0
1790955379544,19080,26.3,11,459.8,486.1,11,459.8,0,0.0
1790955380053,19080,26.3,11,459.8,486.1,11,459.8,0,0.0
1790955380576,19080,26.3,11,459.8,486.1,11,459.8,0,0.0
1790955381084,19080,26.3,11,459.8,486.1,11,459.8,0,0.0
1790955381608,19080,26.3,11,481.9,508.2,11,481.9,0,0.0
1790955382121,19080,26.3,11,496.5,522.8,11,496.5,0,0.0
1790955382620,19080,26.3,11,496.2,522.5,11,496.2,0,0.0
1790955383130,19080,26.3,11,496.4,522.7,11,496.4,0,0.0
1790955383643,19080,26.3,11,496.4,522.8,11,496.4,0,0.0
1790955384167,19080,26.3,11,496.5,522.8,11,496.5,0,0.0
1790955384669,19080,26.3,11,496.4,522.7,11,496.4,0,0.0
1790955385171,19080,26.3,11,496.4,522.7,11,496.4,0,0.0
1790955385689,19080,26.3,11,496.4,522.7,11,496.4,0,0.0
1790955386205,19080,26.3,11,480.0,506.4,11,480.0,0,0.0
1790955386706,19080,26.3,11,479.9,506.2,11,479.9,0,0.0
1790955387219,19080,26.3,11,471.4,497.8,11,471.4,0,0.0
1790955387722,19080,26.3,11,471.5,497.9,11,471.5,0,0.0
1790955388237,19080,26.3,11,471.5,497.8,11,471.5,0,0.0
1790955388751,19080,26.3,11,471.5,497.9,11,471.5,0,0.0
1790955389261,19080,26.3,11,471.3,497.6,11,471.3,0,0.0
1790955389768,19080,26.3,11,461.2,487.5,11,461.2,0,0.0
1790955390275,19080,26.3,11,461.1,487.4,11,461.1,0,0.0
1790955390780,19080,26.3,11,459.8,486.1,11,459.8,0,0.0
1790955391298,19080,26.3,11,459.8,486.1,11,459.8,0,0.0
1790955391813,19080,26.3,11,459.9,486.2,11,459.9,0,0.0
1790955392327,19080,26.3,11,459.9,486.2,11,459.9,0,0.0
1790955392830,19080,26.3,11,459.9,486.2,11,459.9,0,0.0
1790955393333,19080,26.3,11,459.9,486.2,11,459.9,0,0.0
1790955393827,19080,26.3,11,460.6,487.0,11,460.6,0,0.0
1790955394328,19080,26.3,11,460.6,487.0,11,460.6,0,0.0
1790955394836,19080,26.3,11,460.3,486.7,11,460.3,0,0.0
1790955395351,19080,26.3,11,460.3,486.7,11,460.3,0,0.0
1790955395863,19080,26.3,11,460.4,486.7,11,460.4,0,0.0
1790955396378,19080,26.3,11,460.4,486.7,11,460.4,0,0.0
1790955396895,19080,26.3,11,460.5,486.8,11,460.5,0,0.0
1790955397419,19080,26.3,11,460.5,486.8,11,460.5,0,0.0
1790955397929,19080,26.3,11,460.5,486.8,11,460.5,0,0.0
1790955398444,19080,26.3,11,460.5,486.8,11,460.5,0,0.0
1790955398954,19080,26.3,11,460.4,486.7,11,460.4,0,0.0
1790955399472,19080,26.3,11,460.4,486.7,11,460.4,0,0.0
1790955399987,19080,26.3,11,460.5,486.8,11,460.5,0,0.0
1790955400493,19080,26.3,11,460.5,486.8,11,460.5,0,0.0
1790955401005,19080,26.3,11,460.5,486.8,11,460.5,0,0.0
1790955401513,19080,26.3,11,460.5,486.8,11,460.5,0,0.0
1790955402019,19080,26.3,11,460.5,486.8,11,460.5,0,0.0
1790955402533,19080,26.3,11,460.5,486.8,11,460.5,0,0.0
1790955403036,19080,26.3,11,460.4,486.7,11,460.4,0,0.0
1790955403553,19080,26.3,11,460.5,486.8,11,460.5,0,0.0
1790955404069,19080,26.3,11,460.5,486.8,11,460.5,0,0.0
1790955404586,19080,26.3,11,460.5,486.8,11,460.5,0,0.0
1790955405080,19080,26.3,11,460.5,486.8,11,460.5,0,0.0
1790955405588,19080,26.3,11,459.8,486.1,11,459.8,0,0.0
1790955406093,19080,26.3,11,459.8,486.1,11,459.8,0,0.0
1790955406609,19080,26.3,11,459.8,486.1,11,459.8,0,0.0
1790955407121,19080,26.3,11,459.7,486.0,11,459.7,0,0.0
1790955407618,19080,26.3,11,459.8,486.1,11,459.8,0,0.0
1790955408126,19080,26.3,11,459.8,486.1,11,459.8,0,0.0
1790955408625,19080,26.3,11,459.8,486.1,11,459.8,0,0.0
1790955409138,19080,26.3,11,459.8,486.1,11,459.8,0,0.0
1790955409652,19080,26.3,11,459.8,486.1,11,459.8,0,0.0
1790955410155,19080,26.3,11,459.8,486.1,11,459.8,0,0.0
1790955410665,19080,26.3,11,459.7,486.0,11,459.7,0,0.0
1790955411177,19080,26.3,11,459.7,486.0,11,459.7,0,0.0
1790955411688,19080,26.3,11,459.8,486.1,11,459.8,0,0.0
1790955412212,19080,26.3,11,459.8,486.1,11,459.8,0,0.0
1790955412731,19080,26.3,11,459.8,486.1,11,459.8,0,0.0
1790955413243,19080,26.3,11,459.8,486.1,11,459.8,0,0.0
1790955413747,19080,26.3,11,459.8,486.1,11,459.8,0,0.0
1790955414261,19080,26.3,11,459.8,486.1,11,459.8,0,0.0
1790955414775,19080,26.3,11,459.7,486.0,11,459.7,0,0.0
1790955415283,19080,26.3,11,459.7,486.0,11,459.7,0,0.0
1790955415786,19080,26.3,11,459.8,486.1,11,459.8,0,0.0
1790955416299,19080,26.3,11,459.8,486.1,11,459.8,0,0.0
1790955416810,19080,26.3,11,459.8,486.1,11,459.8,0,0.0
1790955417315,19080,26.3,11,459.8,486.1,11,459.8,0,0.0
1790955417822,19080,26.3,11,459.8,486.1,11,459.8,0,0.0
1790955418335,19080,26.3,11,459.8,486.1,11,459.8,0,0.0
1790955418844,19080,26.3,11,459.7,486.0,11,459.7,0,0.0
1790955419361,19080,26.3,11,459.7,486.0,11,459.7,0,0.0
1790955419880,19080,26.3,11,459.8,486.1,11,459.8,0,0.0
1790955420386,19080,26.3,11,459.8,486.1,11,459.8,0,0.0
1790955420889,19080,26.3,11,459.8,486.1,11,459.8,0,0.0
1790955421409,19080,26.3,11,459.8,486.1,11,459.8,0,0.0
1790955421924,19080,26.3,11,459.8,486.1,11,459.8,0,0.0
1790955422428,19080,26.3,11,459.8,486.1,11,459.8,0,0.0
1790955422941,19080,26.3,11,459.7,486.0,11,459.7,0,0.0
1790955423461,19080,26.3,11,459.7,486.0,11,459.7,0,0.0
1790955423966,19080,26.3,11,459.8,486.1,11,459.8,0,0.0
1790955424482,19080,26.3,11,459.8,486.1,11,459.8,0,0.0
1790955424984,19080,26.3,11,459.8,486.1,11,459.8,0,0.0
1790955425510,19080,26.3,11,459.8,486.1,11,459.8,0,0.0
1790955426029,19080,26.3,11,459.8,486.1,11,459.8,0,0.0
1790955426527,19080,26.3,11,459.8,486.1,11,459.8,0,0.0
1790955427032,19080,26.3,11,459.7,486.0,11,459.7,0,0.0
1790955427539,19080,26.3,11,459.7,486.0,11,459.7,0,0.0
1790955428039,19080,26.3,11,459.8,486.1,11,459.8,0,0.0
1790955428540,19080,26.3,11,459.8,486.1,11,459.8,0,0.0
1790955429054,19080,26.3,11,459.8,486.1,11,459.8,0,0.0
1790955429562,19080,26.3,11,459.8,486.1,11,459.8,0,0.0
1790955430080,19080,26.3,11,459.8,486.1,11,459.8,0,0.0
1790955430598,19080,26.3,11,459.8,486.1,11,459.8,0,0.0
1790955431106,19080,26.3,11,459.7,486.0,11,459.7,0,0.0
1790955431613,19080,26.3,11,459.8,486.1,11,459.8,0,0.0
1790955432117,19080,26.3,11,459.8,486.1,11,459.8,0,0.0
1790955432638,19080,26.3,11,459.8,486.1,11,459.8,0,0.0
1790955433133,19080,26.3,11,459.8,486.1,11,459.8,0,0.0
1790955433652,19080,26.3,11,459.8,486.1,11,459.8,0,0.0
1790955434166,19080,26.3,11,459.8,486.1,11,459.8,0,0.0
1790955434675,19080,26.3,11,459.7,486.0,11,459.7,0,0.0
1790955435177,19080,26.3,11,459.7,486.0,11,459.7,0,0.0
1790955435693,19080,26.3,11,465.3,491.6,11,465.3,0,0.0
1790955436204,19080,26.3,11,465.3,491.6,11,465.3,0,0.0
1790955436720,19080,26.3,11,465.3,491.6,11,465.3,0,0.0
1790955437232,19080,26.3,11,465.3,491.6,11,465.3,0,0.0
1790955437745,19080,26.3,11,465.3,491.6,11,465.3,0,0.0
1790955438262,19080,26.3,11,465.2,491.5,11,465.2,0,0.0
1790955438776,19080,26.3,11,462.8,489.2,11,462.8,0,0.0
1790955439282,19080,26.3,11,462.8,489.2,11,462.8,0,0.0
1790955439781,19080,26.3,11,462.9,489.2,11,462.9,0,0.0
1790955440298,19080,26.3,11,462.6,488.9,11,462.6,0,0.0
1790955440798,19080,26.3,11,462.6,488.9,11,462.6,0,0.0
1790955441303,19080,26.3,11,462.6,488.9,11,462.6,0,0.0
1790955441805,19080,26.3,11,480.9,507.2,11,480.9,0,0.0
1790955442306,19080,26.3,11,495.3,521.6,11,495.3,0,0.0
1790955442810,19080,26.3,11,494.8,521.1,11,494.8,0,0.0
1790955443319,19080,26.3,11,494.9,521.2,11,494.9,0,0.0
1790955443834,19080,26.3,11,494.5,520.8,11,494.5,0,0.0
1790955444356,19080,26.3,11,494.5,520.8,11,494.5,0,0.0
1790955444852,19080,26.3,11,494.4,520.7,11,494.4,0,0.0
1790955445361,19080,26.3,11,494.4,520.7,11,494.4,0,0.0
1790955445867,19080,26.3,11,495.4,521.7,11,495.4,0,0.0
1790955446378,19080,26.3,11,466.3,492.6,11,466.3,0,0.0
1790955446887,19080,26.3,11,466.2,492.5,11,466.2,0,0.0
1790955447403,19080,26.3,11,466.2,492.5,11,466.2,0,0.0
1790955447901,19080,26.3,11,466.2,492.5,11,466.2,0,0.0
1790955448417,19080,26.3,11,466.2,492.5,11,466.2,0,0.0
1790955448931,19080,26.3,11,465.9,492.2,11,465.9,0,0.0
1790955449448,19080,26.3,11,465.9,492.2,11,465.9,0,0.0
1790955449962,19080,26.3,11,459.2,485.6,11,459.2,0,0.0
1790955450477,19080,26.3,11,459.2,485.6,11,459.2,0,0.0
1790955450996,19080,26.3,11,459.2,485.5,11,459.2,0,0.0
1790955451509,19080,26.3,11,459.2,485.5,11,459.2,0,0.0
1790955452018,19080,26.3,11,459.3,485.7,11,459.3,0,0.0
1790955452519,19080,26.3,11,459.3,485.7,11,459.3,0,0.0
1790955453039,19080,26.3,11,459.4,485.7,11,459.4,0,0.0
1790955453544,19080,26.3,11,459.4,485.7,11,459.4,0,0.0
1790955454050,19080,26.3,11,460.0,486.4,11,460.0,0,0.0
1790955454570,19080,26.3,11,460.1,486.4,11,460.1,0,0.0
1790955455070,19080,26.3,11,459.9,486.3,11,459.9,0,0.0
1790955455583,19080,26.3,11,460.0,486.3,11,460.0,0,0.0
1790955456084,19080,26.3,11,460.0,486.3,11,460.0,0,0.0
1790955456595,19080,26.3,11,459.9,486.2,11,459.9,0,0.0
1790955457107,19080,26.3,11,460.0,486.3,11,460.0,0,0.0
1790955457606,19080,26.3,11,460.0,486.3,11,460.0,0,0.0
1790955458115,19080,26.3,11,460.0,486.3,11,460.0,0,0.0
1790955458625,19080,26.3,11,460.0,486.3,11,460.0,0,0.0
1790955459131,19080,26.3,11,459.9,486.2,11,459.9,0,0.0
1790955459650,19080,26.3,11,460.0,486.3,11,460.0,0,0.0
1790955460158,19080,26.3,11,459.5,485.8,11,459.5,0,0.0
1790955460666,19080,26.3,11,459.5,485.8,11,459.5,0,0.0
1790955461167,19080,26.3,11,459.5,485.8,11,459.5,0,0.0
1790955461670,19080,26.3,11,459.5,485.8,11,459.5,0,0.0
1790955462169,19080,26.3,11,459.5,485.8,11,459.5,0,0.0
1790955462684,19080,26.3,11,459.5,485.8,11,459.5,0,0.0
1790955463189,19080,26.3,11,459.4,485.7,11,459.4,0,0.0
1790955463708,19080,26.3,11,459.5,485.8,11,459.5,0,0.0
1790955464216,19080,26.3,11,459.5,485.8,11,459.5,0,0.0
1790955464732,19080,26.3,11,459.5,485.8,11,459.5,0,0.0
1790955465249,19080,26.3,11,459.5,485.8,11,459.5,0,0.0
1790955465762,19080,26.3,11,459.5,485.8,11,459.5,0,0.0
1790955466280,19080,26.3,11,459.5,485.8,11,459.5,0,0.0
1790955466788,19080,26.3,11,459.4,485.7,11,459.4,0,0.0
1790955467308,19080,26.3,11,459.4,485.7,11,459.4,0,0.0
1790955467805,19080,26.3,11,459.5,485.8,11,459.5,0,0.0
1790955468314,19080,26.3,11,459.5,485.8,11,459.5,0,0.0
1790955468829,19080,26.3,11,459.5,485.8,11,459.5,0,0.0
1790955469334,19080,26.3,11,459.5,485.8,11,459.5,0,0.0
1790955469846,19080,26.3,11,459.5,485.8,11,459.5,0,0.0
1790955470367,19080,26.3,11,459.6,485.9,11,459.6,0,0.0
1790955470880,19080,26.3,11,459.5,485.8,11,459.5,0,0.0
1790955471402,19080,26.3,11,459.5,485.8,11,459.5,0,0.0
1790955471902,19080,26.3,11,459.6,485.9,11,459.6,0,0.0
1790955472407,19080,26.3,11,459.6,485.9,11,459.6,0,0.0
1790955472904,19080,26.3,11,459.6,485.9,11,459.6,0,0.0
1790955473419,19080,26.3,11,459.6,485.9,11,459.6,0,0.0
1790955473925,19080,26.3,11,459.6,485.9,11,459.6,0,0.0
1790955474436,19080,26.3,11,459.6,485.9,11,459.6,0,0.0
1790955474949,19080,26.3,11,459.5,485.8,11,459.5,0,0.0
1790955475467,19080,26.3,11,459.5,485.8,11,459.5,0,0.0
1790955475986,19080,26.3,11,459.6,485.9,11,459.6,0,0.0
1790955476483,19080,26.3,11,459.6,485.9,11,459.6,0,0.0
1790955476998,19080,26.3,11,459.6,485.9,11,459.6,0,0.0
1790955477508,19080,26.3,11,459.6,485.9,11,459.6,0,0.0
1790955478025,19080,26.3,11,459.6,485.9,11,459.6,0,0.0
1790955478537,19080,26.3,11,459.6,485.9,11,459.6,0,0.0
1790955479060,19080,26.3,11,459.5,485.8,11,459.5,0,0.0
1790955479561,19080,26.3,11,459.6,485.9,11,459.6,0,0.0
1790955480061,19080,26.3,11,459.6,485.9,11,459.6,0,0.0
1790955480573,19080,26.3,11,459.6,485.9,11,459.6,0,0.0
1790955481091,19080,26.3,11,459.6,485.9,11,459.6,0,0.0
1790955481604,19080,26.3,11,459.6,485.9,11,459.6,0,0.0
1790955482100,19080,26.3,11,459.6,485.9,11,459.6,0,0.0
1790955482611,19080,26.3,11,459.6,485.9,11,459.6,0,0.0
1790955483112,19080,26.3,11,459.5,485.8,11,459.5,0,0.0
1790955483620,19080,26.3,11,459.6,485.9,11,459.6,0,0.0
1790955484141,19080,26.3,11,459.6,485.9,11,459.6,0,0.0
1790955484642,19080,26.3,11,459.6,485.9,11,459.6,0,0.0
1790955485161,19080,26.3,11,459.6,485.9,11,459.6,0,0.0
1790955485675,19080,26.3,11,459.6,485.9,11,459.6,0,0.0
1790955486188,19080,26.3,11,459.6,485.9,11,459.6,0,0.0
1790955486710,19080,26.3,11,459.4,485.7,11,459.4,0,0.0
1790955487220,19080,26.3,11,459.5,485.8,11,459.5,0,0.0
1790955487735,19080,26.3,11,459.6,485.9,11,459.6,0,0.0
1790955488240,19080,26.3,11,459.6,485.9,11,459.6,0,0.0
1790955488751,19080,26.3,11,459.6,486.0,11,459.6,0,0.0
1790955489266,19080,26.3,11,459.6,486.0,11,459.6,0,0.0
1790955489787,19080,26.3,11,459.6,486.0,11,459.6,0,0.0
1790955490309,19080,26.3,11,459.6,486.0,11,459.6,0,0.0
1790955490818,19080,26.3,11,459.5,485.8,11,459.5,0,0.0
1790955491337,19080,26.3,11,459.5,485.8,11,459.5,0,0.0
1790955491844,19080,26.3,11,459.6,485.9,11,459.6,0,0.0
1790955492340,19080,26.3,11,459.6,485.9,11,459.6,0,0.0
1790955492841,19080,26.3,11,459.6,485.9,11,459.6,0,0.0
1790955493341,19080,26.3,11,459.6,485.9,11,459.6,0,0.0
1790955493851,19080,26.3,11,459.6,485.9,11,459.6,0,0.0
1790955494352,19080,26.3,11,459.6,485.9,11,459.6,0,0.0
1790955494850,19080,26.3,11,459.5,485.8,11,459.5,0,0.0
1790955495354,19080,26.3,11,459.5,485.8,11,459.5,0,0.0
1790955495854,19080,26.3,11,459.6,485.9,11,459.6,0,0.0
1790955496365,19080,26.3,11,460.3,486.6,11,460.3,0,0.0
1790955496856,19080,26.3,11,460.3,486.6,11,460.3,0,0.0
1790955497368,19080,26.3,11,460.3,486.6,11,460.3,0,0.0
1790955497878,19080,26.3,11,460.3,486.6,11,460.3,0,0.0
1790955498399,19080,26.3,11,460.0,486.3,11,460.0,0,0.0
1790955498914,19080,26.3,11,459.9,486.2,11,459.9,0,0.0
1790955499425,19080,26.3,11,460.0,486.4,11,460.0,0,0.0
1790955499948,19080,26.3,11,460.2,486.5,11,460.2,0,0.0
1790955500458,19080,26.3,11,460.2,486.5,11,460.2,0,0.0
1790955500974,19080,26.3,11,460.2,486.5,11,460.2,0,0.0
1790955501476,19080,26.3,11,460.3,486.6,11,460.3,0,0.0
1790955501983,19080,26.3,11,499.2,525.5,11,499.2,0,0.0
1790955502503,19080,26.3,11,499.3,525.6,11,499.3,0,0.0
1790955502999,19080,26.3,11,499.0,525.3,11,499.0,0,0.0
1790955503518,19080,26.3,11,499.0,525.4,11,499.0,0,0.0
1790955504024,19080,26.3,11,499.1,525.4,11,499.1,0,0.0
1790955504519,19080,26.3,11,499.1,525.4,11,499.1,0,0.0
1790955505021,19080,26.3,11,499.1,525.5,11,499.1,0,0.0
1790955505544,19080,26.3,11,499.1,525.5,11,499.1,0,0.0
1790955506045,19080,26.3,11,499.1,525.5,11,499.1,0,0.0
1790955506548,19080,26.3,11,468.0,494.3,11,468.0,0,0.0
1790955507054,19080,26.3,11,467.9,494.2,11,467.9,0,0.0
1790955507555,19080,26.3,11,467.9,494.2,11,467.9,0,0.0
1790955508057,19080,26.3,11,467.9,494.2,11,467.9,0,0.0
1790955508565,19080,26.3,11,467.9,494.2,11,467.9,0,0.0
1790955509070,19080,26.3,11,467.9,494.2,11,467.9,0,0.0
1790955509572,19080,26.3,11,459.9,486.3,11,459.9,0,0.0
1790955510083,19080,26.3,11,459.9,486.3,11,459.9,0,0.0
1790955510596,19080,26.3,11,460.0,486.3,11,460.0,0,0.0
1790955511115,19080,26.3,11,459.9,486.2,11,459.9,0,0.0
1790955511628,19080,26.3,11,458.8,485.1,11,458.8,0,0.0
1790955512131,19080,26.3,11,458.8,485.1,11,458.8,0,0.0
1790955512637,19080,26.3,11,458.8,485.1,11,458.8,0,0.0
1790955513156,19080,26.3,11,458.8,485.1,11,458.8,0,0.0
1790955513667,19080,26.3,11,458.8,485.1,11,458.8,0,0.0
1790955514183,19080,26.3,11,458.8,485.2,11,458.8,0,0.0
1790955514682,19080,26.3,11,458.8,485.1,11,458.8,0,0.0
1790955515192,19080,26.3,11,458.7,485.1,11,458.7,0,0.0
1790955515689,19080,26.3,11,458.8,485.1,11,458.8,0,0.0
1790955516192,19080,26.3,11,458.8,485.1,11,458.8,0,0.0
1790955516706,19080,26.3,11,458.8,485.1,11,458.8,0,0.0
1790955517227,19080,26.3,11,458.8,485.1,11,458.8,0,0.0
1790955517723,19080,26.3,11,459.5,485.9,11,459.5,0,0.0
1790955518228,19080,26.3,11,459.5,485.9,11,459.5,0,0.0
1790955518738,19080,26.3,11,459.5,485.9,11,459.5,0,0.0
1790955519244,19080,26.3,11,459.4,485.8,11,459.4,0,0.0
1790955519768,19080,26.3,11,459.5,485.8,11,459.5,0,0.0
1790955520273,19080,26.3,11,459.5,485.8,11,459.5,0,0.0
1790955520789,19080,26.3,11,459.5,485.9,11,459.5,0,0.0
1790955521303,19080,26.3,11,459.5,485.9,11,459.5,0,0.0
1790955521827,19080,26.3,11,459.5,485.9,11,459.5,0,0.0
1790955522331,19080,26.3,11,459.5,485.9,11,459.5,0,0.0
1790955522840,19080,26.3,11,459.4,485.7,11,459.4,0,0.0
1790955523348,19080,26.3,11,459.4,485.7,11,459.4,0,0.0
1790955523860,19080,26.3,11,459.5,485.8,11,459.5,0,0.0
1790955524379,19080,26.3,11,459.5,485.8,11,459.5,0,0.0
1790955524896,19080,26.3,11,459.5,485.8,11,459.5,0,0.0
1790955525412,19080,26.3,11,459.5,485.8,11,459.5,0,0.0
1790955525931,19080,26.3,11,459.5,485.8,11,459.5,0,0.0
1790955526449,19080,26.3,11,459.5,485.8,11,459.5,0,0.0
1790955526956,19080,26.3,11,459.4,485.8,11,459.4,0,0.0
1790955527477,19080,26.3,11,459.4,485.8,11,459.4,0,0.0
1790955527972,19080,26.3,11,459.5,485.8,11,459.5,0,0.0
1790955528493,19080,26.3,11,459.5,485.8,11,459.5,0,0.0
1790955529008,19080,26.3,11,459.5,485.8,11,459.5,0,0.0
1790955529527,19080,26.3,11,459.5,485.8,11,459.5,0,0.0
1790955530045,19080,26.3,11,459.5,485.8,11,459.5,0,0.0
1790955530554,19080,26.3,11,459.5,485.8,11,459.5,0,0.0
1790955531075,19080,26.3,11,459.4,485.7,11,459.4,0,0.0
1790955531580,19080,26.3,11,459.5,485.8,11,459.5,0,0.0
1790955532092,19080,26.3,11,459.5,485.8,11,459.5,0,0.0
1790955532605,19080,26.3,11,459.5,485.8,11,459.5,0,0.0
1790955533120,19080,26.3,11,459.5,485.8,11,459.5,0,0.0
1790955533634,19080,26.3,11,459.5,485.8,11,459.5,0,0.0
1790955534141,19080,26.3,11,459.5,485.8,11,459.5,0,0.0
1790955534650,19080,26.3,11,459.5,485.8,11,459.5,0,0.0
1790955535166,19080,26.3,11,459.4,485.7,11,459.4,0,0.0
1790955535682,19080,26.3,11,459.5,485.8,11,459.5,0,0.0
1790955536200,19080,26.3,11,459.5,485.8,11,459.5,0,0.0
1790955536697,19080,26.3,11,459.5,485.8,11,459.5,0,0.0
1790955537199,19080,26.3,11,459.5,485.8,11,459.5,0,0.0
1790955537700,19080,26.3,11,459.5,485.8,11,459.5,0,0.0
1790955538207,19080,26.3,11,465.0,491.3,11,465.0,0,0.0
1790955538708,19080,26.3,11,465.0,491.3,11,465.0,0,0.0
1790955539222,19080,26.3,11,464.6,490.9,11,464.6,0,0.0
1790955539729,19080,26.3,11,464.6,491.0,11,464.6,0,0.0
1790955540230,19080,26.3,11,464.6,491.0,11,464.6,0,0.0
1790955540737,19080,26.3,11,464.6,491.0,11,464.6,0,0.0
1790955541241,19080,26.3,11,462.8,489.1,11,462.8,0,0.0
1790955541760,19080,26.3,11,462.8,489.1,11,462.8,0,0.0
1790955542278,19080,26.3,11,462.8,489.1,11,462.8,0,0.0
1790955542787,19080,26.3,11,462.6,489.0,11,462.6,0,0.0
1790955543298,19080,26.3,11,462.6,489.0,11,462.6,0,0.0
1790955543804,19080,26.3,11,462.7,489.0,11,462.7,0,0.0
1790955544306,19080,26.3,11,488.9,515.2,11,488.9,0,0.0
1790955544800,19080,26.3,11,488.9,515.2,11,488.9,0,0.0
1790955545308,19080,26.3,11,488.9,515.2,11,488.9,0,0.0
1790955545810,19080,26.3,11,488.9,515.2,11,488.9,0,0.0
1790955546316,19080,26.3,11,487.2,513.5,11,487.2,0,0.0
1790955546840,19080,26.3,11,487.0,513.3,11,487.0,0,0.0
1790955547356,19080,26.3,11,487.0,513.3,11,487.0,0,0.0
1790955547867,19080,26.3,11,487.1,513.4,11,487.1,0,0.0
1790955548369,19080,26.3,11,458.9,485.3,11,458.9,0,0.0
1790955548872,19080,26.3,11,458.9,485.3,11,458.9,0,0.0
1790955549386,19080,26.3,11,458.9,485.3,11,458.9,0,0.0
1790955549907,19080,26.3,11,458.9,485.3,11,458.9,0,0.0
1790955550424,19080,26.3,11,458.4,484.8,11,458.4,0,0.0
1790955550930,19080,26.3,11,458.4,484.7,11,458.4,0,0.0
1790955551434,19080,26.3,11,458.2,484.6,11,458.2,0,0.0
1790955551936,19080,26.3,11,458.3,484.6,11,458.3,0,0.0
1790955552450,19080,26.3,11,458.3,484.6,11,458.3,0,0.0
1790955552950,19080,26.3,11,458.3,484.6,11,458.3,0,0.0
1790955553455,19080,26.3,11,458.3,484.6,11,458.3,0,0.0
1790955553964,19080,26.3,11,458.3,484.6,11,458.3,0,0.0
1790955554471,19080,26.3,11,458.3,484.6,11,458.3,0,0.0
1790955554991,19080,26.3,11,458.2,484.6,11,458.2,0,0.0
1790955555505,19080,26.3,11,458.2,484.6,11,458.2,0,0.0
1790955556011,19080,26.3,11,458.3,484.6,11,458.3,0,0.0
1790955556530,19080,26.3,11,459.0,485.3,11,459.0,0,0.0
1790955557043,19080,26.3,11,459.0,485.4,11,459.0,0,0.0
1790955557547,19080,26.3,11,459.0,485.4,11,459.0,0,0.0
1790955558049,19080,26.3,11,458.8,485.1,11,458.8,0,0.0
1790955558561,19080,26.3,11,458.8,485.1,11,458.8,0,0.0
1790955559064,19080,26.3,11,458.6,485.0,11,458.6,0,0.0
1790955559576,19080,26.3,11,459.6,485.9,11,459.6,0,0.0
1790955560085,19080,26.3,11,459.6,485.9,11,459.6,0,0.0
1790955560601,19080,26.3,11,459.6,485.9,11,459.6,0,0.0
1790955561108,19080,26.3,11,459.6,485.9,11,459.6,0,0.0
1790955561635,19080,26.3,11,482.7,509.0,11,482.7,0,0.0
1790955562147,19080,26.3,11,496.9,523.2,11,496.9,0,0.0
1790955562642,19080,26.3,11,496.8,523.2,11,496.8,0,0.0
1790955563160,19080,26.3,11,496.6,523.0,11,496.6,0,0.0
1790955563680,19080,26.3,11,496.7,523.0,11,496.7,0,0.0
1790955564197,19080,26.3,11,496.7,523.0,11,496.7,0,0.0
1790955564715,19080,26.3,11,496.7,523.0,11,496.7,0,0.0
1790955565229,19080,26.3,11,496.7,523.0,11,496.7,0,0.0
1790955565742,19080,26.3,11,496.7,523.0,11,496.7,0,0.0
1790955566257,19080,26.3,11,467.0,493.4,11,467.0,0,0.0
1790955566761,19080,26.3,11,467.0,493.4,11,467.0,0,0.0
1790955567278,19080,26.3,11,466.9,493.2,11,466.9,0,0.0
1790955567783,19080,26.3,11,467.0,493.3,11,467.0,0,0.0
1790955568296,19080,26.3,11,467.0,493.3,11,467.0,0,0.0
1790955568803,19080,26.3,11,467.0,493.3,11,467.0,0,0.0
1790955569326,19080,26.3,11,466.7,493.0,11,466.7,0,0.0
1790955569822,19080,26.3,11,462.7,489.0,11,462.7,0,0.0
1790955570326,19080,26.3,11,458.9,485.2,11,458.9,0,0.0
1790955570838,19080,26.3,11,458.8,485.1,11,458.8,0,0.0
1790955571342,19080,26.3,11,458.8,485.1,11,458.8,0,0.0
1790955571849,19080,26.3,11,458.9,485.2,11,458.9,0,0.0
1790955572353,19080,26.3,11,458.9,485.2,11,458.9,0,0.0
1790955572867,19080,26.3,11,458.9,485.2,11,458.9,0,0.0
1790955573364,19080,26.3,11,458.9,485.2,11,458.9,0,0.0
1790955573877,19080,26.3,11,458.8,485.1,11,458.8,0,0.0
1790955574380,19080,26.3,11,458.8,485.1,11,458.8,0,0.0
1790955574878,19080,26.3,11,458.7,485.0,11,458.7,0,0.0
1790955575395,19080,26.3,11,458.7,485.0,11,458.7,0,0.0
1790955575915,19080,26.3,11,458.8,485.1,11,458.8,0,0.0
1790955576408,19080,26.3,11,458.8,485.1,11,458.8,0,0.0
1790955576910,19080,26.3,11,458.8,485.1,11,458.8,0,0.0
1790955577428,19080,26.3,11,459.5,485.8,11,459.5,0,0.0
1790955577950,19080,26.3,11,459.5,485.8,11,459.5,0,0.0
1790955578465,19080,26.3,11,459.5,485.8,11,459.5,0,0.0
1790955578967,19080,26.3,11,459.4,485.7,11,459.4,0,0.0
1790955579465,19080,26.3,11,459.4,485.7,11,459.4,0,0.0
1790955579975,19080,26.3,11,459.5,485.8,11,459.5,0,0.0
1790955580475,19080,26.3,11,459.5,485.8,11,459.5,0,0.0
1790955580990,19080,26.3,11,459.5,485.8,11,459.5,0,0.0
1790955581506,19080,26.3,11,459.5,485.8,11,459.5,0,0.0
1790955582009,19080,26.3,11,459.5,485.8,11,459.5,0,0.0
1790955582513,19080,26.3,11,459.5,485.8,11,459.5,0,0.0
1790955583025,19080,26.3,11,459.4,485.7,11,459.4,0,0.0
1790955583541,19080,26.3,11,459.5,485.8,11,459.5,0,0.0
1790955584056,19080,26.3,11,459.5,485.8,11,459.5,0,0.0
1790955584574,19080,26.3,11,459.5,485.8,11,459.5,0,0.0
1790955585088,19080,26.3,11,459.5,485.8,11,459.5,0,0.0
1790955585606,19080,26.3,11,459.5,485.8,11,459.5,0,0.0
1790955586106,19080,26.3,11,459.5,485.8,11,459.5,0,0.0
1790955586623,19080,26.3,11,459.5,485.8,11,459.5,0,0.0
1790955587126,19080,26.3,11,459.4,485.7,11,459.4,0,0.0
1790955587620,19080,26.3,11,459.5,485.8,11,459.5,0,0.0
1790955588127,19080,26.3,11,459.4,485.7,11,459.4,0,0.0
1790955588628,19080,26.3,11,459.4,485.7,11,459.4,0,0.0
1790955589131,19080,26.3,11,459.4,485.7,11,459.4,0,0.0
1790955589646,19080,26.3,11,459.4,485.7,11,459.4,0,0.0
1790955590164,19080,26.3,11,459.4,485.7,11,459.4,0,0.0
1790955590658,19080,26.3,11,459.4,485.7,11,459.4,0,0.0
1790955591182,19080,26.3,11,459.3,485.6,11,459.3,0,0.0
1790955591696,19080,26.3,11,459.4,485.7,11,459.4,0,0.0
1790955592197,19080,26.3,11,459.4,485.7,11,459.4,0,0.0
1790955592711,19080,26.3,11,459.4,485.7,11,459.4,0,0.0
1790955593229,19080,26.3,11,459.4,485.7,11,459.4,0,0.0
1790955593733,19080,26.3,11,459.4,485.7,11,459.4,0,0.0
1790955594232,19080,26.3,11,459.4,485.7,11,459.4,0,0.0
1790955594737,19080,26.3,11,459.4,485.7,11,459.4,0,0.0
1790955595254,19080,26.3,11,459.3,485.6,11,459.3,0,0.0
1790955595773,19080,26.3,11,459.4,485.7,11,459.4,0,0.0
1790955596277,19080,26.3,11,459.4,485.7,11,459.4,0,0.0
1790955596775,19080,26.3,11,459.4,485.7,11,459.4,0,0.0
1790955597291,19080,26.3,11,459.4,485.7,11,459.4,0,0.0
1790955597803,19080,26.3,11,459.4,485.7,11,459.4,0,0.0
1790955598303,19080,26.3,11,459.4,485.7,11,459.4,0,0.0
1790955598808,19080,26.3,11,460.1,486.4,11,460.1,0,0.0
1790955599321,19080,26.3,11,460.0,486.3,11,460.0,0,0.0
1790955599828,19080,26.3,11,460.0,486.4,11,460.0,0,0.0
1790955600344,19080,26.3,11,460.0,486.4,11,460.0,0,0.0
1790955600858,19080,26.3,11,460.3,486.6,11,460.3,0,0.0
1790955601376,19080,26.3,11,460.3,486.6,11,460.3,0,0.0
1790955601890,19080,26.3,11,460.3,486.6,11,460.3,0,0.0
1790955602394,19080,26.3,11,460.3,486.7,11,460.3,0,0.0
1790955602894,19080,26.3,11,460.3,486.6,11,460.3,0,0.0
1790955603406,19080,26.3,11,460.3,486.6,11,460.3,0,0.0
1790955603909,19080,26.3,11,460.3,486.7,11,460.3,0,0.0
1790955604426,19080,26.3,11,460.3,486.7,11,460.3,0,0.0
1790955604930,19080,26.3,11,460.3,486.7,11,460.3,0,0.0
1790955605432,19080,26.3,11,460.3,486.7,11,460.3,0,0.0
1790955605953,19080,26.3,11,460.4,486.7,11,460.4,0,0.0
1790955606464,19080,26.3,11,460.4,486.7,11,460.4,0,0.0
1790955606981,19080,26.3,11,460.2,486.6,11,460.2,0,0.0
1790955607497,19080,26.3,11,460.2,486.6,11,460.2,0,0.0
1790955608012,19080,26.3,11,460.3,486.6,11,460.3,0,0.0
1790955608517,19080,26.3,11,460.3,486.6,11,460.3,0,0.0
1790955609019,19080,26.3,11,460.3,486.7,11,460.3,0,0.0
1790955609524,19080,26.3,11,460.2,486.6,11,460.2,0,0.0
1790955610027,19080,26.3,11,460.2,486.6,11,460.2,0,0.0
1790955610529,19080,26.3,11,460.2,486.5,11,460.2,0,0.0
1790955611038,19080,26.3,11,460.1,486.4,11,460.1,0,0.0
1790955611540,19080,26.3,11,460.1,486.4,11,460.1,0,0.0
1790955612059,19080,26.3,11,459.5,485.8,11,459.5,0,0.0
1790955612559,19080,26.3,11,459.5,485.8,11,459.5,0,0.0
1790955613081,19080,26.3,11,459.5,485.8,11,459.5,0,0.0
1790955613589,19080,26.3,11,459.4,485.7,11,459.4,0,0.0
1790955614097,19080,26.3,11,459.4,485.7,11,459.4,0,0.0
1790955614610,19080,26.3,11,459.4,485.7,11,459.4,0,0.0
1790955615114,19080,26.3,11,459.3,485.6,11,459.3,0,0.0
1790955615628,19080,26.3,11,459.4,485.7,11,459.4,0,0.0
1790955616138,19080,26.3,11,459.4,485.7,11,459.4,0,0.0
1790955616654,19080,26.3,11,459.4,485.7,11,459.4,0,0.0
1790955617153,19080,26.3,11,459.4,485.7,11,459.4,0,0.0
1790955617653,19080,26.3,11,459.4,485.7,11,459.4,0,0.0
1790955618158,19080,26.3,11,459.4,485.7,11,459.4,0,0.0
1790955618657,19080,26.3,11,459.5,485.8,11,459.5,0,0.0
1790955619176,19080,26.3,11,459.4,485.7,11,459.4,0,0.0
1790955619678,19080,26.3,11,459.5,485.8,11,459.5,0,0.0
1790955620185,19080,26.3,11,459.5,485.8,11,459.5,0,0.0
1790955620683,19080,26.3,11,459.5,485.8,11,459.5,0,0.0
1790955621187,19080,26.3,11,459.5,485.8,11,459.5,0,0.0
1790955621710,19080,26.3,11,483.9,510.2,11,483.9,0,0.0
1790955622219,19080,26.3,11,497.1,523.4,11,497.1,0,0.0
1790955622748,19080,26.3,11,497.2,523.5,11,497.2,0,0.0
1790955623243,19080,26.3,11,497.0,523.3,11,497.0,0,0.0
1790955623753,19080,26.3,11,497.0,523.3,11,497.0,0,0.0
1790955624258,19080,26.3,11,497.0,523.3,11,497.0,0,0.0
1790955624772,19080,26.3,11,496.9,523.2,11,496.9,0,0.0
1790955625287,19080,26.3,11,496.9,523.2,11,496.9,0,0.0
1790955625806,19080,26.3,11,496.9,523.2,11,496.9,0,0.0
1790955626310,19080,26.3,11,466.9,493.3,11,466.9,0,0.0
1790955626827,19080,26.3,11,467.0,493.3,11,467.0,0,0.0
1790955627328,19080,26.3,11,466.8,493.1,11,466.8,0,0.0
1790955627844,19080,26.3,11,466.9,493.2,11,466.9,0,0.0
1790955628358,19080,26.3,11,466.9,493.2,11,466.9,0,0.0
1790955628873,19080,26.3,11,466.9,493.2,11,466.9,0,0.0
1790955629388,19080,26.3,11,466.5,492.9,11,466.5,0,0.0
1790955629891,19080,26.3,11,460.7,487.0,11,460.7,0,0.0
1790955630401,19080,26.3,11,460.7,487.0,11,460.7,0,0.0
1790955630914,19080,26.3,11,460.6,486.9,11,460.6,0,0.0
1790955631416,19080,26.3,11,459.4,485.7,11,459.4,0,0.0
1790955631919,19080,26.3,11,459.5,485.8,11,459.5,0,0.0
1790955632430,19080,26.3,11,459.5,485.8,11,459.5,0,0.0
1790955632946,19080,26.3,11,459.5,485.8,11,459.5,0,0.0
1790955633446,19080,26.3,11,459.5,485.8,11,459.5,0,0.0
1790955633957,19080,26.3,11,459.5,485.8,11,459.5,0,0.0
1790955634465,19080,26.3,11,459.5,485.8,11,459.5,0,0.0
1790955634961,19080,26.3,11,459.4,485.7,11,459.4,0,0.0
1790955635478,19080,26.3,11,459.4,485.7,11,459.4,0,0.0
1790955635985,19080,26.3,11,459.5,485.8,11,459.5,0,0.0
1790955636486,19080,26.3,11,459.5,485.8,11,459.5,0,0.0
1790955636999,19080,26.3,11,459.5,485.8,11,459.5,0,0.0
1790955637509,19080,26.3,11,459.5,485.8,11,459.5,0,0.0
1790955638024,19080,26.3,11,459.5,485.8,11,459.5,0,0.0
1790955638545,19080,26.3,11,459.5,485.8,11,459.5,0,0.0
1790955639045,19080,26.3,11,459.4,485.7,11,459.4,0,0.0
1790955639559,19080,26.3,11,459.5,485.8,11,459.5,0,0.0
1790955640074,19080,26.3,11,459.5,485.8,11,459.5,0,0.0
1790955640572,19080,26.3,11,465.0,491.3,11,465.0,0,0.0
1790955641086,19080,26.3,11,465.0,491.3,11,465.0,0,0.0
1790955641605,19080,26.3,11,465.0,491.3,11,465.0,0,0.0
1790955642112,19080,26.3,11,465.0,491.3,11,465.0,0,0.0
1790955642631,19080,26.3,11,465.0,491.3,11,465.0,0,0.0
1790955643128,19080,26.3,11,464.5,490.8,11,464.5,0,0.0
1790955643642,19080,26.3,11,462.7,489.0,11,462.7,0,0.0
1790955644154,19080,26.3,11,462.7,489.0,11,462.7,0,0.0
1790955644652,19080,26.3,11,462.8,489.1,11,462.8,0,0.0
1790955645154,19080,26.3,11,462.8,489.1,11,462.8,0,0.0
1790955645661,19080,26.3,11,462.8,489.1,11,462.8,0,0.0
1790955646177,19080,26.3,11,462.8,489.1,11,462.8,0,0.0
1790955646701,19080,26.3,11,462.7,489.1,11,462.7,0,0.0
1790955647215,19080,26.3,11,462.7,489.0,11,462.7,0,0.0
1790955647730,19080,26.3,11,462.7,489.1,11,462.7,0,0.0
1790955648233,19080,26.3,11,462.6,488.9,11,462.6,0,0.0
1790955648736,19080,26.3,11,459.0,485.3,11,459.0,0,0.0
1790955649254,19080,26.3,11,458.0,484.3,11,458.0,0,0.0
1790955649763,19080,26.3,11,458.0,484.3,11,458.0,0,0.0
1790955650282,19080,26.3,11,458.0,484.3,11,458.0,0,0.0
1790955650807,19080,26.3,11,458.0,484.3,11,458.0,0,0.0
1790955651302,19080,26.3,11,457.9,484.2,11,457.9,0,0.0
1790955651819,19080,26.3,11,457.9,484.2,11,457.9,0,0.0
1790955652336,19080,26.3,11,457.9,484.2,11,457.9,0,0.0
1790955652854,19080,26.3,11,458.0,484.3,11,458.0,0,0.0
1790955653367,19080,26.3,11,458.0,484.3,11,458.0,0,0.0
1790955653881,19080,26.3,11,458.0,484.3,11,458.0,0,0.0
1790955654396,19080,26.3,11,458.0,484.3,11,458.0,0,0.0
1790955654913,19080,26.3,11,457.9,484.2,11,457.9,0,0.0
1790955655434,19080,26.3,11,457.9,484.2,11,457.9,0,0.0
1790955655952,19080,26.3,11,458.0,484.3,11,458.0,0,0.0
1790955656453,19080,26.3,11,458.0,484.3,11,458.0,0,0.0
1790955656951,19080,26.3,11,458.0,484.3,11,458.0,0,0.0
1790955657453,19080,26.3,11,458.0,484.3,11,458.0,0,0.0
1790955657953,19080,26.3,11,458.0,484.3,11,458.0,0,0.0
1790955658458,19080,26.3,11,458.0,484.3,11,458.0,0,0.0
1790955658974,19080,26.3,11,458.6,484.9,11,458.6,0,0.0
1790955659481,19080,26.3,11,458.6,484.9,11,458.6,0,0.0
1790955659979,19080,26.3,11,458.7,485.0,11,458.7,0,0.0
1790955660482,19080,26.3,11,458.7,485.0,11,458.7,0,0.0
1790955660994,19080,26.3,11,458.7,485.0,11,458.7,0,0.0
1790955661501,19080,26.3,11,458.7,485.0,11,458.7,0,0.0
1790955662005,19080,26.3,11,459.4,485.7,11,459.4,0,0.0
1790955662507,19080,26.3,11,459.4,485.7,11,459.4,0,0.0
1790955663016,19080,26.3,11,459.3,485.6,11,459.3,0,0.0
1790955663526,19080,26.3,11,459.3,485.6,11,459.3,0,0.0
1790955664029,19080,26.3,11,459.4,485.7,11,459.4,0,0.0
1790955664529,19080,26.3,11,459.4,485.7,11,459.4,0,0.0
1790955665028,19080,26.3,11,459.4,485.7,11,459.4,0,0.0
1790955665538,19080,26.3,11,459.4,485.7,11,459.4,0,0.0
1790955666033,19080,26.3,11,459.4,485.7,11,459.4,0,0.0
1790955666538,19080,26.3,11,459.4,485.7,11,459.4,0,0.0
1790955667038,19080,26.3,11,459.3,485.6,11,459.3,0,0.0
1790955667555,19080,26.3,11,459.4,485.7,11,459.4,0,0.0
1790955668072,19080,26.3,11,459.4,485.7,11,459.4,0,0.0
1790955668579,19080,26.3,11,459.4,485.7,11,459.4,0,0.0
1790955669096,19080,26.3,11,459.4,485.7,11,459.4,0,0.0
1790955669601,19080,26.3,11,459.4,485.8,11,459.4,0,0.0
1790955670114,19080,26.3,11,459.4,485.7,11,459.4,0,0.0
1790955670633,19080,26.3,11,459.4,485.7,11,459.4,0,0.0
1790955671147,19080,26.3,11,459.3,485.7,11,459.3,0,0.0
1790955671666,19080,26.3,11,459.5,485.8,11,459.5,0,0.0
1790955672170,19080,26.3,11,459.5,485.8,11,459.5,0,0.0
1790955672698,19080,26.3,11,459.5,485.8,11,459.5,0,0.0
1790955673212,19080,26.3,11,459.5,485.8,11,459.5,0,0.0
1790955673714,19080,26.3,11,459.5,485.8,11,459.5,0,0.0
1790955674231,19080,26.3,11,459.5,485.8,11,459.5,0,0.0
1790955674733,19080,26.3,11,459.5,485.8,11,459.5,0,0.0
1790955675245,19080,26.3,11,459.4,485.7,11,459.4,0,0.0
1790955675751,19080,26.3,11,459.4,485.8,11,459.4,0,0.0
1790955676253,19080,26.3,11,459.4,485.8,11,459.4,0,0.0
1790955676774,19080,26.3,11,459.4,485.8,11,459.4,0,0.0
1790955677289,19080,26.3,11,459.4,485.8,11,459.4,0,0.0
1790955677804,19080,26.3,11,459.4,485.8,11,459.4,0,0.0
1790955678317,19080,26.3,11,459.4,485.8,11,459.4,0,0.0
1790955678819,19080,26.3,11,459.4,485.8,11,459.4,0,0.0
1790955679331,19080,26.3,11,459.4,485.7,11,459.4,0,0.0
1790955679845,19080,26.3,11,459.4,485.8,11,459.4,0,0.0
1790955680364,19080,26.3,11,459.4,485.8,11,459.4,0,0.0
1790955680876,19080,26.3,11,459.4,485.8,11,459.4,0,0.0
1790955681369,19080,26.3,11,459.4,485.8,11,459.4,0,0.0
1790955681878,19080,26.3,11,497.0,523.3,11,497.0,0,0.0
1790955682388,19080,26.3,11,496.9,523.2,11,496.9,0,0.0
1790955682912,19080,26.3,11,496.6,522.9,11,496.6,0,0.0
1790955683421,19080,26.3,11,496.7,523.0,11,496.7,0,0.0
1790955683942,19080,26.3,11,496.7,523.1,11,496.7,0,0.0
1790955684441,19080,26.3,11,496.7,523.1,11,496.7,0,0.0
1790955684959,19080,26.3,11,496.7,523.0,11,496.7,0,0.0
1790955685471,19080,26.3,11,496.7,523.0,11,496.7,0,0.0
1790955685989,19080,26.3,11,496.7,523.0,11,496.7,0,0.0
1790955686502,19080,26.3,11,467.8,494.1,11,467.8,0,0.0
1790955687021,19080,26.3,11,467.7,494.0,11,467.7,0,0.0
1790955687534,19080,26.3,11,467.7,494.0,11,467.7,0,0.0
1790955688046,19080,26.3,11,467.8,494.2,11,467.8,0,0.0
1790955688562,19080,26.3,11,467.8,494.2,11,467.8,0,0.0
1790955689064,19080,26.3,11,467.8,494.2,11,467.8,0,0.0
1790955689567,19080,26.3,11,466.5,492.8,11,466.5,0,0.0
1790955690086,19080,26.3,11,460.6,486.9,11,460.6,0,0.0
1790955690602,19080,26.3,11,460.6,486.9,11,460.6,0,0.0
1790955691121,19080,26.3,11,460.5,486.8,11,460.5,0,0.0
1790955691626,19080,26.3,11,460.6,486.9,11,460.6,0,0.0
1790955692142,19080,26.3,11,460.6,486.9,11,460.6,0,0.0
1790955692652,19080,26.3,11,460.6,486.9,11,460.6,0,0.0
1790955693165,19080,26.3,11,460.6,486.9,11,460.6,0,0.0
1790955693683,19080,26.3,11,460.6,486.9,11,460.6,0,0.0
1790955694179,19080,26.3,11,459.4,485.7,11,459.4,0,0.0
1790955694701,19080,26.3,11,459.4,485.7,11,459.4,0,0.0
1790955695216,19080,26.3,11,459.3,485.6,11,459.3,0,0.0
1790955695727,19080,26.3,11,459.4,485.7,11,459.4,0,0.0
1790955696225,19080,26.3,11,459.4,485.7,11,459.4,0,0.0
1790955696747,19080,26.3,11,459.4,485.8,11,459.4,0,0.0
1790955697260,19080,26.3,11,459.4,485.8,11,459.4,0,0.0
1790955697780,19080,26.3,11,459.4,485.8,11,459.4,0,0.0
1790955698290,19080,26.3,11,459.4,485.8,11,459.4,0,0.0
1790955698806,19080,26.3,11,459.4,485.8,11,459.4,0,0.0
1790955699320,19080,26.3,11,459.4,485.7,11,459.4,0,0.0
1790955699831,19080,26.3,11,459.4,485.8,11,459.4,0,0.0
1790955700348,19080,26.3,11,459.4,485.8,11,459.4,0,0.0
1790955700872,19080,26.3,11,459.4,485.8,11,459.4,0,0.0
1790955701387,19080,26.3,11,460.2,486.5,11,460.2,0,0.0
1790955701883,19080,26.3,11,460.2,486.5,11,460.2,0,0.0
1790955702405,19080,26.3,11,460.2,486.5,11,460.2,0,0.0
1790955702899,19080,26.3,11,460.2,486.5,11,460.2,0,0.0
1790955703418,19080,26.3,11,460.1,486.4,11,460.1,0,0.0
1790955703914,19080,26.3,11,460.2,486.5,11,460.2,0,0.0
1790955704428,19080,26.3,11,460.2,486.5,11,460.2,0,0.0
1790955704942,19080,26.3,11,460.2,486.5,11,460.2,0,0.0
1790955705464,19080,26.3,11,460.2,486.5,11,460.2,0,0.0
1790955705973,19080,26.3,11,460.2,486.5,11,460.2,0,0.0
1790955706488,19080,26.3,11,460.2,486.5,11,460.2,0,0.0
1790955707004,19080,26.3,11,460.1,486.4,11,460.1,0,0.0
1790955707514,19080,26.3,11,460.1,486.4,11,460.1,0,0.0
1790955708010,19080,26.3,11,460.0,486.3,11,460.0,0,0.0
1790955708520,19080,26.3,11,460.0,486.3,11,460.0,0,0.0
1790955709035,19080,26.3,11,460.0,486.3,11,460.0,0,0.0
1790955709537,19080,26.3,11,460.0,486.3,11,460.0,0,0.0
1790955710044,19080,26.3,11,460.0,486.4,11,460.0,0,0.0
1790955710551,19080,26.3,11,460.0,486.4,11,460.0,0,0.0
1790955711047,19080,26.3,11,459.9,486.3,11,459.9,0,0.0
1790955711563,19080,26.3,11,460.0,486.4,11,460.0,0,0.0
1790955712081,19080,26.3,11,460.0,486.3,11,460.0,0,0.0
1790955712589,19080,26.3,11,460.0,486.3,11,460.0,0,0.0
1790955713092,19080,26.3,11,458.7,485.0,11,458.7,0,0.0
1790955713601,19080,26.3,11,458.7,485.0,11,458.7,0,0.0
1790955714116,19080,26.3,11,458.7,485.0,11,458.7,0,0.0
1790955714633,19080,26.3,11,458.7,485.0,11,458.7,0,0.0
1790955715141,19080,26.3,11,458.6,484.9,11,458.6,0,0.0
1790955715645,19080,26.3,11,458.7,485.0,11,458.7,0,0.0
1790955716167,19080,26.3,11,458.7,485.0,11,458.7,0,0.0
1790955716680,19080,26.3,11,458.7,485.0,11,458.7,0,0.0
1790955717192,19080,26.3,11,458.7,485.0,11,458.7,0,0.0
1790955717708,19080,26.3,11,458.7,485.0,11,458.7,0,0.0
1790955718228,19080,26.3,11,458.7,485.0,11,458.7,0,0.0
1790955718722,19080,26.3,11,458.7,485.0,11,458.7,0,0.0
1790955719242,19080,26.3,11,458.6,484.9,11,458.6,0,0.0
1790955719743,19080,26.3,11,458.7,485.0,11,458.7,0,0.0
1790955720255,19080,26.3,11,458.7,485.0,11,458.7,0,0.0
1790955720776,19080,26.3,11,458.7,485.0,11,458.7,0,0.0
1790955721290,19080,26.3,11,458.7,485.0,11,458.7,0,0.0
1790955721787,19080,26.3,11,458.7,485.0,11,458.7,0,0.0
1790955722299,19080,26.3,11,459.4,485.7,11,459.4,0,0.0
1790955722821,19080,26.3,11,459.4,485.7,11,459.4,0,0.0
1790955723334,19080,26.3,11,459.3,485.6,11,459.3,0,0.0
1790955723859,19080,26.3,11,459.4,485.7,11,459.4,0,0.0
1790955724355,19080,26.3,11,459.4,485.7,11,459.4,0,0.0
1790955724865,19080,26.3,11,459.4,485.7,11,459.4,0,0.0
1790955725364,19080,26.3,11,459.4,485.7,11,459.4,0,0.0
1790955725867,19080,26.3,11,459.4,485.8,11,459.4,0,0.0
1790955726362,19080,26.3,11,459.5,485.8,11,459.5,0,0.0
1790955726864,19080,26.3,11,459.5,485.8,11,459.5,0,0.0
1790955727384,19080,26.3,11,459.4,485.7,11,459.4,0,0.0
1790955727901,19080,26.3,11,459.4,485.8,11,459.4,0,0.0
1790955728406,19080,26.3,11,459.4,485.8,11,459.4,0,0.0
1790955728914,19080,26.3,11,459.4,485.8,11,459.4,0,0.0
1790955729433,19080,26.3,11,459.4,485.8,11,459.4,0,0.0
1790955729941,19080,26.3,11,459.4,485.8,11,459.4,0,0.0
1790955730443,19080,26.3,11,459.4,485.8,11,459.4,0,0.0
1790955730957,19080,26.3,11,459.4,485.7,11,459.4,0,0.0
1790955731467,19080,26.3,11,459.4,485.7,11,459.4,0,0.0
1790955731982,19080,26.3,11,459.5,485.8,11,459.5,0,0.0
1790955732478,19080,26.3,11,459.5,485.8,11,459.5,0,0.0
1790955732997,19080,26.3,11,459.5,485.8,11,459.5,0,0.0
1790955733498,19080,26.3,11,459.5,485.8,11,459.5,0,0.0
1790955733995,19080,26.3,11,459.5,485.8,11,459.5,0,0.0
1790955734513,19080,26.3,11,459.5,485.8,11,459.5,0,0.0
1790955735024,19080,26.3,11,459.4,485.7,11,459.4,0,0.0
1790955735544,19080,26.3,11,459.5,485.8,11,459.5,0,0.0
1790955736045,19080,26.3,11,459.5,485.8,11,459.5,0,0.0
1790955736550,19080,26.3,11,459.5,485.8,11,459.5,0,0.0
1790955737070,19080,26.3,11,459.5,485.8,11,459.5,0,0.0
1790955737571,19080,26.3,11,459.5,485.8,11,459.5,0,0.0
1790955738081,19080,26.3,11,459.5,485.8,11,459.5,0,0.0
1790955738602,19080,26.3,11,459.5,485.8,11,459.5,0,0.0
1790955739115,19080,26.3,11,459.4,485.7,11,459.4,0,0.0
1790955739625,19080,26.3,11,459.5,485.8,11,459.5,0,0.0
1790955740125,19080,26.3,11,459.5,485.8,11,459.5,0,0.0
1790955740629,19080,26.3,11,459.5,485.8,11,459.5,0,0.0
1790955741152,19080,26.3,11,459.5,485.8,11,459.5,0,0.0
1790955741653,19080,26.3,11,482.5,508.8,11,482.5,0,0.0
1790955742156,19080,26.3,11,495.5,521.8,11,495.5,0,0.0
1790955742686,19080,26.3,11,495.6,521.9,11,495.6,0,0.0
1790955743196,19080,26.3,11,500.2,526.5,11,500.2,0,0.0
1790955743706,19080,26.3,11,500.3,526.6,11,500.3,0,0.0
1790955744222,19080,26.3,11,500.3,526.6,11,500.3,0,0.0
1790955744724,19080,26.3,11,500.3,526.6,11,500.3,0,0.0
1790955745235,19080,26.3,11,500.3,526.6,11,500.3,0,0.0
1790955745741,19080,26.3,11,500.3,526.6,11,500.3,0,0.0
1790955746258,19080,26.3,11,498.4,524.7,11,498.4,0,0.0
1790955746769,19080,26.3,11,472.4,498.7,11,472.4,0,0.0
1790955747288,19080,26.3,11,472.3,498.6,11,472.3,0,0.0
1790955747805,19080,26.3,11,472.4,498.7,11,472.4,0,0.0
1790955748325,19080,26.3,11,472.4,498.7,11,472.4,0,0.0
1790955748832,19080,26.3,11,472.4,498.7,11,472.4,0,0.0
1790955749328,19080,26.3,11,472.3,498.6,11,472.3,0,0.0
1790955749839,19080,26.3,11,466.3,492.6,11,466.3,0,0.0
1790955750343,19080,26.3,11,461.4,487.7,11,461.4,0,0.0
1790955750844,19080,26.3,11,461.4,487.7,11,461.4,0,0.0
1790955751346,19080,26.3,11,459.9,486.2,11,459.9,0,0.0
1790955751864,19080,26.3,11,458.1,484.5,11,458.1,0,0.0
1790955752362,19080,26.3,11,458.1,484.5,11,458.1,0,0.0
1790955752885,19080,26.3,11,458.1,484.5,11,458.1,0,0.0
1790955753390,19080,26.3,11,458.1,484.5,11,458.1,0,0.0
1790955753895,19080,26.3,11,458.1,484.5,11,458.1,0,0.0
1790955754418,19080,26.3,11,458.1,484.5,11,458.1,0,0.0
1790955754932,19080,26.3,11,458.1,484.5,11,458.1,0,0.0
1790955755446,19080,26.3,11,458.0,484.3,11,458.0,0,0.0
1790955755953,19080,26.3,11,458.1,484.4,11,458.1,0,0.0
1790955756455,19080,26.3,11,458.1,484.4,11,458.1,0,0.0
1790955756963,19080,26.3,11,458.1,484.4,11,458.1,0,0.0
1790955757479,19080,26.3,11,458.1,484.4,11,458.1,0,0.0
1790955758001,19080,26.3,11,458.1,484.4,11,458.1,0,0.0
1790955758501,19080,26.3,11,458.1,484.4,11,458.1,0,0.0
1790955759001,19080,26.3,11,458.0,484.3,11,458.0,0,0.0
1790955759500,19080,26.3,11,458.0,484.3,11,458.0,0,0.0
1790955760018,19080,26.3,11,458.1,484.4,11,458.1,0,0.0
1790955760522,19080,26.3,11,458.1,484.4,11,458.1,0,0.0
1790955761042,19080,26.3,11,458.1,484.4,11,458.1,0,0.0
1790955761542,19080,26.3,11,458.8,485.1,11,458.8,0,0.0
1790955762046,19080,26.3,11,458.8,485.1,11,458.8,0,0.0
1790955762558,19080,26.3,11,458.8,485.1,11,458.8,0,0.0
1790955763066,19080,26.3,11,458.7,485.0,11,458.7,0,0.0
1790955763563,19080,26.3,11,458.8,485.1,11,458.8,0,0.0
1790955764079,19080,26.3,11,458.8,485.1,11,458.8,0,0.0
1790955764596,19080,26.3,11,459.5,485.8,11,459.5,0,0.0
1790955765103,19080,26.3,11,459.5,485.8,11,459.5,0,0.0
1790955765618,19080,26.3,11,459.5,485.8,11,459.5,0,0.0
1790955766138,19080,26.3,11,459.5,485.8,11,459.5,0,0.0
1790955766636,19080,26.3,11,459.5,485.8,11,459.5,0,0.0
1790955767144,19080,26.3,11,459.4,485.7,11,459.4,0,0.0
1790955767655,19080,26.3,11,459.5,485.8,11,459.5,0,0.0
1790955768155,19080,26.3,11,459.4,485.7,11,459.4,0,0.0
1790955768659,19080,26.3,11,459.4,485.7,11,459.4,0,0.0
1790955769155,19080,26.3,11,459.4,485.7,11,459.4,0,0.0
1790955769658,19080,26.3,11,459.4,485.8,11,459.4,0,0.0
1790955770179,19080,26.3,11,459.4,485.8,11,459.4,0,0.0
1790955770695,19080,26.3,11,459.4,485.8,11,459.4,0,0.0
1790955771216,19080,26.3,11,459.4,485.7,11,459.4,0,0.0
1790955771732,19080,26.3,11,459.4,485.8,11,459.4,0,0.0
1790955772245,19080,26.3,11,459.4,485.7,11,459.4,0,0.0
1790955772755,19080,26.3,11,459.4,485.7,11,459.4,0,0.0
1790955773270,19080,26.3,11,459.4,485.8,11,459.4,0,0.0
1790955773782,19080,26.3,11,459.5,485.8,11,459.5,0,0.0
1790955774283,19080,26.3,11,459.5,485.8,11,459.5,0,0.0
1790955774797,19080,26.3,11,459.5,485.8,11,459.5,0,0.0
1790955775309,19080,26.3,11,459.4,485.7,11,459.4,0,0.0
1790955775808,19080,26.3,11,459.5,485.8,11,459.5,0,0.0
1790955776313,19080,26.3,11,459.5,485.8,11,459.5,0,0.0
1790955776812,19080,26.3,11,459.5,485.8,11,459.5,0,0.0
1790955777334,19080,26.3,11,459.5,485.8,11,459.5,0,0.0
1790955777829,19080,26.3,11,459.5,485.8,11,459.5,0,0.0
1790955778345,19080,26.3,11,459.5,485.8,11,459.5,0,0.0
1790955778864,19080,26.3,11,459.5,485.8,11,459.5,0,0.0
1790955779364,19080,26.3,11,459.4,485.7,11,459.4,0,0.0
1790955779877,19080,26.3,11,459.5,485.8,11,459.5,0,0.0
1790955780390,19080,26.3,11,459.5,485.8,11,459.5,0,0.0
1790955780909,19080,26.3,11,459.5,485.8,11,459.5,0,0.0
1790955781407,19080,26.3,11,459.5,485.8,11,459.5,0,0.0
1790955781908,19080,26.3,11,459.5,485.8,11,459.5,0,0.0
1790955782430,19080,26.3,11,459.5,485.8,11,459.5,0,0.0
1790955782937,19080,26.3,11,459.5,485.8,11,459.5,0,0.0
1790955783436,19080,26.3,11,459.4,485.7,11,459.4,0,0.0
1790955783956,19080,26.3,11,459.5,485.8,11,459.5,0,0.0
1790955784458,19080,26.3,11,459.5,485.8,11,459.5,0,0.0
1790955784978,19080,26.3,11,459.5,485.8,11,459.5,0,0.0
1790955785498,19080,26.3,11,459.5,485.8,11,459.5,0,0.0
1790955786001,19080,26.3,11,459.5,485.8,11,459.5,0,0.0
1790955786502,19080,26.3,11,459.5,485.8,11,459.5,0,0.0
1790955787017,19080,26.3,11,459.4,485.7,11,459.4,0,0.0
1790955787536,19080,26.3,11,459.5,485.8,11,459.5,0,0.0
1790955788050,19080,26.3,11,459.5,485.8,11,459.5,0,0.0
1790955788567,19080,26.3,11,459.5,485.8,11,459.5,0,0.0
1790955789089,19080,26.3,11,459.5,485.8,11,459.5,0,0.0
1790955789602,19080,26.3,11,459.5,485.8,11,459.5,0,0.0
1790955790110,19080,26.3,11,459.5,485.8,11,459.5,0,0.0
1790955790622,19080,26.3,11,459.5,485.8,11,459.5,0,0.0
1790955791130,19080,26.3,11,459.4,485.7,11,459.4,0,0.0
1790955791645,19080,26.3,11,459.5,485.8,11,459.5,0,0.0
1790955792163,19080,26.3,11,459.5,485.8,11,459.5,0,0.0
1790955792673,19080,26.3,11,459.5,485.8,11,459.5,0,0.0
1790955793192,19080,26.3,11,459.5,485.8,11,459.5,0,0.0
1790955793705,19080,26.3,11,459.5,485.8,11,459.5,0,0.0
1790955794218,19080,26.3,11,459.5,485.8,11,459.5,0,0.0
1790955794729,19080,26.3,11,459.5,485.8,11,459.5,0,0.0
1790955795243,19080,26.3,11,459.4,485.7,11,459.4,0,0.0
1790955795755,19080,26.3,11,459.5,485.8,11,459.5,0,0.0
1790955796257,19080,26.3,11,459.5,485.8,11,459.5,0,0.0
1790955796764,19080,26.3,11,459.5,485.8,11,459.5,0,0.0
1790955797259,19080,26.3,11,459.5,485.8,11,459.5,0,0.0
1790955797767,19080,26.3,11,459.5,485.8,11,459.5,0,0.0
1790955798285,19080,26.3,11,459.5,485.8,11,459.5,0,0.0
1790955798794,19080,26.3,11,459.5,485.8,11,459.5,0,0.0
1790955799305,19080,26.3,11,459.4,485.7,11,459.4,0,0.0
1790955799823,19080,26.3,11,459.5,485.8,11,459.5,0,0.0
1790955800340,19080,26.3,11,459.5,485.8,11,459.5,0,0.0
1790955800859,19080,26.3,11,459.5,485.8,11,459.5,0,0.0
1790955801354,19080,26.3,11,459.7,486.0,11,459.7,0,0.0
1790955801870,19080,26.3,11,498.4,524.7,11,498.4,0,0.0
1790955802376,19080,26.3,11,498.2,524.5,11,498.2,0,0.0
1790955802875,19080,26.3,11,498.3,524.6,11,498.3,0,0.0
1790955803383,19080,26.3,11,498.0,524.4,11,498.0,0,0.0
1790955803901,19080,26.3,11,498.9,525.2,11,498.9,0,0.0
1790955804415,19080,26.3,11,498.8,525.2,11,498.8,0,0.0
1790955804928,19080,26.3,11,498.8,525.2,11,498.8,0,0.0
1790955805443,19080,26.3,11,498.8,525.2,11,498.8,0,0.0
1790955805954,19080,26.3,11,498.8,525.1,11,498.8,0,0.0
1790955806459,19080,26.3,11,498.8,525.1,11,498.8,0,0.0
1790955806970,19080,26.3,11,468.4,494.7,11,468.4,0,0.0
1790955807488,19080,26.3,11,468.3,494.6,11,468.3,0,0.0
1790955808003,19080,26.3,11,468.4,494.7,11,468.4,0,0.0
1790955808505,19080,26.3,11,468.4,494.7,11,468.4,0,0.0
1790955809018,19080,26.3,11,468.4,494.7,11,468.4,0,0.0
1790955809534,19080,26.3,11,468.4,494.7,11,468.4,0,0.0
1790955810046,19080,26.3,11,461.8,488.1,11,461.8,0,0.0
1790955810553,19080,26.3,11,461.8,488.1,11,461.8,0,0.0
1790955811062,19080,26.3,11,461.7,488.0,11,461.7,0,0.0
1790955811566,19080,26.3,11,461.8,488.1,11,461.8,0,0.0
1790955812079,19080,26.3,11,461.8,488.1,11,461.8,0,0.0
1790955812589,19080,26.3,11,461.8,488.1,11,461.8,0,0.0
1790955813106,19080,26.3,11,461.8,488.1,11,461.8,0,0.0
1790955813610,19080,26.3,11,461.8,488.1,11,461.8,0,0.0
1790955814117,19080,26.3,11,461.8,488.1,11,461.8,0,0.0
1790955814635,19080,26.3,11,460.6,486.9,11,460.6,0,0.0
1790955815153,19080,26.3,11,460.5,486.8,11,460.5,0,0.0
1790955815648,19080,26.3,11,460.6,486.9,11,460.6,0,0.0
1790955816150,19080,26.3,11,460.6,486.9,11,460.6,0,0.0
1790955816658,19080,26.3,11,460.6,486.9,11,460.6,0,0.0
1790955817168,19080,26.3,11,460.6,486.9,11,460.6,0,0.0
1790955817677,19080,26.3,11,460.7,487.0,11,460.7,0,0.0
1790955818203,19080,26.3,11,460.7,487.0,11,460.7,0,0.0
1790955818705,19080,26.3,11,460.7,487.0,11,460.7,0,0.0
1790955819218,19080,26.3,11,460.6,486.9,11,460.6,0,0.0
1790955819728,19080,26.3,11,460.7,487.0,11,460.7,0,0.0
1790955820235,19080,26.3,11,460.7,487.0,11,460.7,0,0.0
1790955820738,19080,26.3,11,460.7,487.0,11,460.7,0,0.0
1790955821250,19080,26.3,11,460.7,487.0,11,460.7,0,0.0
1790955821766,19080,26.3,11,460.7,487.0,11,460.7,0,0.0
1790955822270,19080,26.3,11,460.6,487.0,11,460.6,0,0.0
1790955822789,19080,26.3,11,460.6,486.9,11,460.6,0,0.0
1790955823304,19080,26.3,11,460.5,486.9,11,460.5,0,0.0
1790955823820,19080,26.3,11,460.6,486.9,11,460.6,0,0.0
1790955824340,19080,26.3,11,459.9,486.2,11,459.9,0,0.0
1790955824855,19080,26.3,11,459.9,486.3,11,459.9,0,0.0
1790955825354,19080,26.3,11,459.9,486.2,11,459.9,0,0.0
1790955825863,19080,26.3,11,459.9,486.3,11,459.9,0,0.0
1790955826372,19080,26.3,11,459.9,486.3,11,459.9,0,0.0
1790955826888,19080,26.3,11,459.9,486.3,11,459.9,0,0.0
1790955827388,19080,26.3,11,459.8,486.2,11,459.8,0,0.0
1790955827898,19080,26.3,11,459.9,486.2,11,459.9,0,0.0
1790955828416,19080,26.3,11,459.9,486.2,11,459.9,0,0.0
1790955828929,19080,26.3,11,459.9,486.2,11,459.9,0,0.0
1790955829444,19080,26.3,11,459.9,486.2,11,459.9,0,0.0
1790955829943,19080,26.3,11,459.9,486.2,11,459.9,0,0.0
1790955830460,19080,26.3,11,459.9,486.2,11,459.9,0,0.0
1790955830983,19080,26.3,11,459.9,486.2,11,459.9,0,0.0
1790955831488,19080,26.3,11,459.8,486.1,11,459.8,0,0.0
1790955832008,19080,26.3,11,459.9,486.2,11,459.9,0,0.0
1790955832524,19080,26.3,11,459.8,486.1,11,459.8,0,0.0
1790955833035,19080,26.3,11,459.8,486.1,11,459.8,0,0.0
1790955833538,19080,26.3,11,459.8,486.1,11,459.8,0,0.0
1790955834047,19080,26.3,11,459.8,486.1,11,459.8,0,0.0
1790955834567,19080,26.3,11,459.8,486.2,11,459.8,0,0.0
1790955835080,19080,26.3,11,459.7,486.1,11,459.7,0,0.0
1790955835598,19080,26.3,11,459.8,486.1,11,459.8,0,0.0
1790955836110,19080,26.3,11,459.8,486.1,11,459.8,0,0.0
1790955836624,19080,26.3,11,459.8,486.1,11,459.8,0,0.0
1790955837139,19080,26.3,11,459.8,486.1,11,459.8,0,0.0
1790955837645,19080,26.3,11,459.8,486.1,11,459.8,0,0.0
1790955838162,19080,26.3,11,459.8,486.1,11,459.8,0,0.0
1790955838684,19080,26.3,11,459.8,486.2,11,459.8,0,0.0
1790955839184,19080,26.3,11,459.8,486.1,11,459.8,0,0.0
1790955839686,19080,26.3,11,463.8,490.1,11,463.8,0,0.0
1790955840197,19080,26.3,11,463.8,490.1,11,463.8,0,0.0
1790955840698,19080,26.3,11,463.8,490.1,11,463.8,0,0.0
1790955841205,19080,26.3,11,463.8,490.1,11,463.8,0,0.0
1790955841712,19080,26.3,11,463.8,490.1,11,463.8,0,0.0
1790955842207,19080,26.3,11,463.8,490.1,11,463.8,0,0.0
1790955842707,19080,26.3,11,463.8,490.1,11,463.8,0,0.0
1790955843211,19080,26.3,11,463.4,489.7,11,463.4,0,0.0
1790955843722,19080,26.3,11,464.0,490.3,11,464.0,0,0.0
1790955844236,19080,26.3,11,464.0,490.3,11,464.0,0,0.0
1790955844747,19080,26.3,11,464.0,490.3,11,464.0,0,0.0
1790955845248,19080,26.3,11,464.0,490.3,11,464.0,0,0.0
1790955845753,19080,26.3,11,469.9,496.2,11,469.9,0,0.0
1790955846250,19080,26.3,11,469.9,496.2,11,469.9,0,0.0
1790955846761,19080,26.3,11,469.9,496.2,11,469.9,0,0.0
1790955847263,19080,26.3,11,469.4,495.7,11,469.4,0,0.0
1790955847776,19080,26.3,11,469.5,495.8,11,469.5,0,0.0
1790955848292,19080,26.3,11,469.5,495.8,11,469.5,0,0.0
1790955848800,19080,26.3,11,463.9,490.2,11,463.9,0,0.0
1790955849320,19080,26.3,11,463.9,490.2,11,463.9,0,0.0
1790955849826,19080,26.3,11,463.9,490.2,11,463.9,0,0.0
1790955850336,19080,26.3,11,463.9,490.2,11,463.9,0,0.0
1790955850844,19080,26.3,11,463.8,490.2,11,463.8,0,0.0
1790955851341,19080,26.3,11,463.7,490.1,11,463.7,0,0.0
1790955851862,19080,26.3,11,463.6,489.9,11,463.6,0,0.0
1790955852359,19080,26.3,11,463.6,489.9,11,463.6,0,0.0
1790955852863,19080,26.3,11,463.1,489.4,11,463.1,0,0.0
1790955853383,19080,26.3,11,463.1,489.4,11,463.1,0,0.0
1790955853900,19080,26.3,11,457.9,484.2,11,457.9,0,0.0
1790955854415,19080,26.3,11,457.9,484.2,11,457.9,0,0.0
1790955854923,19080,26.3,11,457.9,484.2,11,457.9,0,0.0
1790955855416,19080,26.3,11,457.8,484.1,11,457.8,0,0.0
1790955855925,19080,26.3,11,457.9,484.2,11,457.9,0,0.0
1790955856440,19080,26.3,11,457.9,484.2,11,457.9,0,0.0
1790955856939,19080,26.3,11,457.9,484.2,11,457.9,0,0.0
1790955857450,19080,26.3,11,457.9,484.2,11,457.9,0,0.0
1790955857951,19080,26.3,11,457.9,484.2,11,457.9,0,0.0
1790955858471,19080,26.3,11,457.9,484.2,11,457.9,0,0.0
1790955858975,19080,26.3,11,457.9,484.3,11,457.9,0,0.0
1790955859485,19080,26.3,11,457.8,484.1,11,457.8,0,0.0
1790955859991,19080,26.3,11,457.9,484.2,11,457.9,0,0.0
1790955860508,19080,26.3,11,457.9,484.2,11,457.9,0,0.0
1790955861023,19080,26.3,11,457.9,484.2,11,457.9,0,0.0
1790955861534,19080,26.3,11,457.9,484.2,11,457.9,0,0.0
1790955862056,19080,26.3,11,495.4,521.7,11,495.4,0,0.0
1790955862567,19080,26.3,11,495.5,521.8,11,495.5,0,0.0
1790955863082,19080,26.3,11,495.2,521.5,11,495.2,0,0.0
1790955863601,19080,26.3,11,496.0,522.4,11,496.0,0,0.0
1790955864122,19080,26.3,11,496.0,522.3,11,496.0,0,0.0
1790955864631,19080,26.3,11,496.0,522.3,11,496.0,0,0.0
1790955865151,19080,26.3,11,496.0,522.3,11,496.0,0,0.0
1790955865662,19080,26.3,11,496.0,522.3,11,496.0,0,0.0
1790955866190,19080,26.3,11,496.0,522.3,11,496.0,0,0.0
1790955866685,19080,26.3,11,466.3,492.6,11,466.3,0,0.0
1790955867192,19080,26.3,11,466.2,492.5,11,466.2,0,0.0
1790955867715,19080,26.3,11,466.2,492.5,11,466.2,0,0.0
1790955868220,19080,26.3,11,466.2,492.5,11,466.2,0,0.0
1790955868737,19080,26.3,11,466.2,492.5,11,466.2,0,0.0
1790955869236,19080,26.3,11,466.2,492.5,11,466.2,0,0.0
1790955869745,19080,26.3,11,460.8,487.1,11,460.8,0,0.0
1790955870255,19080,26.3,11,460.8,487.1,11,460.8,0,0.0
1790955870762,19080,26.3,11,460.8,487.1,11,460.8,0,0.0
1790955871269,19080,26.3,11,460.7,487.0,11,460.7,0,0.0
1790955871779,19080,26.3,11,460.8,487.1,11,460.8,0,0.0
1790955872293,19080,26.3,11,459.6,485.9,11,459.6,0,0.0
1790955872810,19080,26.3,11,459.6,485.9,11,459.6,0,0.0
1790955873326,19080,26.3,11,459.6,485.9,11,459.6,0,0.0
1790955873825,19080,26.3,11,459.6,485.9,11,459.6,0,0.0
1790955874336,19080,26.3,11,459.6,485.9,11,459.6,0,0.0
1790955874860,19080,26.3,11,459.6,485.9,11,459.6,0,0.0
1790955875370,19080,26.3,11,459.5,485.8,11,459.5,0,0.0
1790955875881,19080,26.3,11,459.2,485.5,11,459.2,0,0.0
1790955876395,19080,26.3,11,459.2,485.5,11,459.2,0,0.0
1790955876916,19080,26.3,11,459.2,485.5,11,459.2,0,0.0
1790955877416,19080,26.3,11,459.1,485.4,11,459.1,0,0.0
1790955877933,19080,26.3,11,459.1,485.4,11,459.1,0,0.0
1790955878443,19080,26.3,11,459.1,485.4,11,459.1,0,0.0
1790955878956,19080,26.3,11,459.1,485.4,11,459.1,0,0.0
1790955879464,19080,26.3,11,459.0,485.3,11,459.0,0,0.0
1790955879978,19080,26.3,11,459.1,485.4,11,459.1,0,0.0
1790955880494,19080,26.3,11,459.1,485.4,11,459.1,0,0.0
1790955881003,19080,26.3,11,459.1,485.4,11,459.1,0,0.0
1790955881523,19080,26.3,11,459.1,485.4,11,459.1,0,0.0
1790955882046,19080,26.3,11,459.1,485.4,11,459.1,0,0.0
1790955882560,19080,26.3,11,459.1,485.4,11,459.1,0,0.0
1790955883057,19080,26.3,11,459.1,485.4,11,459.1,0,0.0
1790955883576,19080,26.3,11,459.1,485.4,11,459.1,0,0.0
1790955884074,19080,26.3,11,459.1,485.4,11,459.1,0,0.0
1790955884596,19080,26.3,11,459.1,485.4,11,459.1,0,0.0
1790955885095,19080,26.3,11,459.1,485.4,11,459.1,0,0.0
1790955885609,19080,26.3,11,459.1,485.4,11,459.1,0,0.0
1790955886114,19080,26.3,11,459.1,485.4,11,459.1,0,0.0
1790955886630,19080,26.3,11,459.1,485.4,11,459.1,0,0.0
1790955887133,19080,26.3,11,459.0,485.3,11,459.0,0,0.0
1790955887631,19080,26.3,11,459.1,485.4,11,459.1,0,0.0
1790955888137,19080,26.3,11,458.9,485.2,11,458.9,0,0.0
1790955888652,19080,26.3,11,459.0,485.3,11,459.0,0,0.0
1790955889163,19080,26.3,11,459.0,485.3,11,459.0,0,0.0
1790955889679,19080,26.3,11,459.0,485.3,11,459.0,0,0.0
1790955890195,19080,26.3,11,459.1,485.4,11,459.1,0,0.0
1790955890716,19080,26.3,11,459.1,485.4,11,459.1,0,0.0
1790955891232,19080,26.3,11,459.0,485.3,11,459.0,0,0.0
1790955891728,19080,26.3,11,459.1,485.4,11,459.1,0,0.0
1790955892235,19080,26.3,11,459.0,485.4,11,459.0,0,0.0
1790955892750,19080,26.3,11,459.0,485.4,11,459.0,0,0.0
1790955893271,19080,26.3,11,459.1,485.4,11,459.1,0,0.0
1790955893774,19080,26.3,11,459.1,485.4,11,459.1,0,0.0
1790955894273,19080,26.3,11,459.1,485.4,11,459.1,0,0.0
1790955894773,19080,26.3,11,459.1,485.4,11,459.1,0,0.0
1790955895288,19080,26.3,11,459.0,485.3,11,459.0,0,0.0
1790955895802,19080,26.3,11,459.1,485.4,11,459.1,0,0.0
1790955896317,19080,26.3,11,459.1,485.4,11,459.1,0,0.0
1790955896812,19080,26.3,11,459.1,485.4,11,459.1,0,0.0
1790955897316,19080,26.3,11,459.1,485.4,11,459.1,0,0.0
1790955897829,19080,26.3,11,459.1,485.4,11,459.1,0,0.0
1790955898345,19080,26.3,11,459.1,485.4,11,459.1,0,0.0
1790955898862,19080,26.3,11,459.1,485.4,11,459.1,0,0.0
1790955899376,19080,26.3,11,459.0,485.3,11,459.0,0,0.0
1790955899879,19080,26.3,11,459.1,485.4,11,459.1,0,0.0
1790955900398,19080,26.3,11,459.1,485.4,11,459.1,0,0.0
1790955900913,19080,26.3,11,459.4,485.7,11,459.4,0,0.0
1790955901435,19080,26.3,11,459.4,485.7,11,459.4,0,0.0
1790955901947,19080,26.3,11,459.4,485.7,11,459.4,0,0.0
1790955902462,19080,26.3,11,459.4,485.7,11,459.4,0,0.0
1790955902978,19080,26.3,11,459.4,485.7,11,459.4,0,0.0
1790955903478,19080,26.3,11,459.3,485.6,11,459.3,0,0.0
1790955903994,19080,26.3,11,459.4,485.7,11,459.4,0,0.0
1790955904501,19080,26.3,11,459.4,485.7,11,459.4,0,0.0
1790955905011,19080,26.3,11,459.4,485.7,11,459.4,0,0.0
1790955905526,19080,26.3,11,459.4,485.7,11,459.4,0,0.0
1790955906037,19080,26.3,11,460.2,486.5,11,460.2,0,0.0
1790955906532,19080,26.3,11,460.2,486.5,11,460.2,0,0.0
1790955907052,19080,26.3,11,460.2,486.5,11,460.2,0,0.0
1790955907559,19080,26.3,11,460.2,486.5,11,460.2,0,0.0
1790955908070,19080,26.3,11,460.2,486.5,11,460.2,0,0.0
1790955908587,19080,26.3,11,460.2,486.5,11,460.2,0,0.0
1790955909101,19080,26.3,11,460.2,486.5,11,460.2,0,0.0
1790955909606,19080,26.3,11,460.2,486.6,11,460.2,0,0.0
1790955910109,19080,26.3,11,460.2,486.6,11,460.2,0,0.0
1790955910616,19080,26.3,11,460.2,486.6,11,460.2,0,0.0
1790955911128,19080,26.3,11,460.2,486.5,11,460.2,0,0.0
1790955911643,19080,26.3,11,460.2,486.6,11,460.2,0,0.0
1790955912166,19080,26.3,11,460.3,486.6,11,460.3,0,0.0
1790955912664,19080,26.3,11,460.3,486.6,11,460.3,0,0.0
1790955913185,19080,26.3,11,460.3,486.6,11,460.3,0,0.0
1790955913689,19080,26.3,11,460.3,486.6,11,460.3,0,0.0
1790955914189,19080,26.3,11,460.3,486.6,11,460.3,0,0.0
1790955914706,19080,26.3,11,460.3,486.6,11,460.3,0,0.0
1790955915215,19080,26.3,11,460.2,486.5,11,460.2,0,0.0
1790955915722,19080,26.3,11,460.3,486.6,11,460.3,0,0.0
1790955916241,19080,26.3,11,460.3,486.6,11,460.3,0,0.0
1790955916751,19080,26.3,11,460.3,486.6,11,460.3,0,0.0
1790955917250,19080,26.3,11,460.3,486.6,11,460.3,0,0.0
1790955917772,19080,26.3,11,460.3,486.6,11,460.3,0,0.0
1790955918287,19080,26.3,11,460.3,486.6,11,460.3,0,0.0
1790955918803,19080,26.3,11,460.3,486.6,11,460.3,0,0.0
1790955919308,19080,26.3,11,460.2,486.5,11,460.2,0,0.0
1790955919808,19080,26.3,11,460.3,486.6,11,460.3,0,0.0
1790955920303,19080,26.3,11,460.3,486.6,11,460.3,0,0.0
1790955920822,19080,26.3,11,459.4,485.8,11,459.4,0,0.0
1790955921331,19080,26.3,11,459.4,485.8,11,459.4,0,0.0
1790955921836,19080,26.3,11,494.6,520.9,11,494.6,0,0.0
1790955922344,19080,26.3,11,495.5,521.8,11,495.5,0,0.0
1790955922853,19080,26.3,11,495.5,521.8,11,495.5,0,0.0
1790955923369,19080,26.3,11,495.3,521.6,11,495.3,0,0.0
1790955923888,19080,26.3,11,495.3,521.7,11,495.3,0,0.0
1790955924392,19080,26.3,11,495.3,521.7,11,495.3,0,0.0
1790955924907,19080,26.3,11,495.3,521.7,11,495.3,0,0.0
1790955925423,19080,26.3,11,495.3,521.6,11,495.3,0,0.0
1790955925949,19080,26.3,11,488.9,515.2,11,488.9,0,0.0
1790955926459,19080,26.3,11,488.9,515.2,11,488.9,0,0.0
1790955926968,19080,26.3,11,468.0,494.4,11,468.0,0,0.0
1790955927484,19080,26.3,11,467.9,494.2,11,467.9,0,0.0
1790955927990,19080,26.3,11,468.0,494.3,11,468.0,0,0.0
1790955928506,19080,26.3,11,468.0,494.3,11,468.0,0,0.0
1790955929024,19080,26.3,11,467.6,494.0,11,467.6,0,0.0
1790955929538,19080,26.3,11,465.8,492.1,11,465.8,0,0.0
1790955930061,19080,26.3,11,459.5,485.8,11,459.5,0,0.0
1790955930565,19080,26.3,11,459.5,485.8,11,459.5,0,0.0
1790955931064,19080,26.3,11,459.5,485.8,11,459.5,0,0.0
1790955931570,19080,26.3,11,459.5,485.8,11,459.5,0,0.0
1790955932084,19080,26.3,11,459.5,485.8,11,459.5,0,0.0
1790955932601,19080,26.3,11,459.5,485.8,11,459.5,0,0.0
1790955933121,19080,26.3,11,459.5,485.8,11,459.5,0,0.0
1790955933637,19080,26.3,11,459.5,485.8,11,459.5,0,0.0
1790955934156,19080,26.3,11,459.5,485.8,11,459.5,0,0.0
1790955934663,19080,26.3,11,459.5,485.8,11,459.5,0,0.0
1790955935179,19080,26.3,11,459.4,485.7,11,459.4,0,0.0
1790955935696,19080,26.3,11,459.5,485.8,11,459.5,0,0.0
1790955936214,19080,26.3,11,459.5,485.8,11,459.5,0,0.0
1790955936731,19080,26.3,11,459.5,485.8,11,459.5,0,0.0
1790955937243,19080,26.3,11,459.5,485.8,11,459.5,0,0.0
1790955937765,19080,26.3,11,459.5,485.8,11,459.5,0,0.0
1790955938260,19080,26.3,11,459.5,485.8,11,459.5,0,0.0
1790955938767,19080,26.3,11,459.5,485.8,11,459.5,0,0.0
1790955939296,19080,26.3,11,459.4,485.7,11,459.4,0,0.0
1790955939801,19080,26.3,11,459.5,485.8,11,459.5,0,0.0
1790955940309,19080,26.3,11,459.5,485.8,11,459.5,0,0.0
1790955940816,19080,26.3,11,459.5,485.8,11,459.5,0,0.0
1790955941315,19080,26.3,11,459.5,485.8,11,459.5,0,0.0
1790955941838,19080,26.3,11,459.5,485.8,11,459.5,0,0.0
1790955942350,19080,26.3,11,459.5,485.8,11,459.5,0,0.0
1790955942857,19080,26.3,11,459.5,485.8,11,459.5,0,0.0
1790955943362,19080,26.3,11,459.4,485.7,11,459.4,0,0.0
1790955943864,19080,26.3,11,459.5,485.8,11,459.5,0,0.0
1790955944386,19080,26.3,11,459.5,485.8,11,459.5,0,0.0
1790955944897,19080,26.3,11,459.5,485.8,11,459.5,0,0.0
1790955945417,19080,26.3,11,459.5,485.8,11,459.5,0,0.0
1790955945933,19080,26.3,11,459.5,485.8,11,459.5,0,0.0
1790955946443,19080,26.3,11,459.5,485.8,11,459.5,0,0.0
1790955946942,19080,26.3,11,459.5,485.8,11,459.5,0,0.0
1790955947467,19080,26.3,11,459.4,485.7,11,459.4,0,0.0
1790955947983,19080,26.3,11,464.9,491.2,11,464.9,0,0.0
1790955948492,19080,26.3,11,464.9,491.2,11,464.9,0,0.0
1790955949000,19080,26.3,11,464.9,491.2,11,464.9,0,0.0
1790955949509,19080,26.3,11,465.0,491.3,11,465.0,0,0.0
1790955950006,19080,26.3,11,465.0,491.4,11,465.0,0,0.0
1790955950523,19080,26.3,11,465.0,491.4,11,465.0,0,0.0
1790955951029,19080,26.3,11,463.2,489.5,11,463.2,0,0.0
1790955951536,19080,26.3,11,462.7,489.0,11,462.7,0,0.0
1790955952039,19080,26.3,11,462.8,489.1,11,462.8,0,0.0
1790955952548,19080,26.3,11,462.8,489.1,11,462.8,0,0.0
1790955953070,19080,26.3,11,462.8,489.1,11,462.8,0,0.0
1790955953580,19080,26.3,11,462.8,489.1,11,462.8,0,0.0
1790955954100,19080,26.3,11,462.4,488.8,11,462.4,0,0.0
1790955954620,19080,26.3,11,462.4,488.7,11,462.4,0,0.0
1790955955135,19080,26.3,11,462.4,488.7,11,462.4,0,0.0
1790955955634,19080,26.3,11,462.2,488.5,11,462.2,0,0.0
1790955956133,19080,26.3,11,460.6,487.0,11,460.6,0,0.0
1790955956654,19080,26.3,11,458.8,485.1,11,458.8,0,0.0
1790955957161,19080,26.3,11,458.5,484.8,11,458.5,0,0.0
1790955957681,19080,26.3,11,458.5,484.8,11,458.5,0,0.0
1790955958195,19080,26.3,11,458.5,484.8,11,458.5,0,0.0
1790955958701,19080,26.3,11,458.5,484.8,11,458.5,0,0.0
1790955959201,19080,26.3,11,458.3,484.6,11,458.3,0,0.0
1790955959699,19080,26.3,11,458.1,484.4,11,458.1,0,0.0
1790955960210,19080,26.3,11,458.1,484.4,11,458.1,0,0.0
1790955960720,19080,26.3,11,458.1,484.4,11,458.1,0,0.0
1790955961233,19080,26.3,11,458.1,484.4,11,458.1,0,0.0
1790955961737,19080,26.3,11,458.1,484.5,11,458.1,0,0.0
1790955962254,19080,26.3,11,458.1,484.5,11,458.1,0,0.0
1790955962758,19080,26.3,11,458.1,484.5,11,458.1,0,0.0
1790955963260,19080,26.3,11,458.1,484.4,11,458.1,0,0.0
1790955963777,19080,26.3,11,458.1,484.4,11,458.1,0,0.0
1790955964292,19080,26.3,11,458.1,484.4,11,458.1,0,0.0
1790955964793,19080,26.3,11,458.1,484.4,11,458.1,0,0.0
1790955965311,19080,26.3,11,458.1,484.4,11,458.1,0,0.0
1790955965816,19080,26.3,11,458.1,484.5,11,458.1,0,0.0
1790955966339,19080,26.3,11,458.8,485.1,11,458.8,0,0.0
1790955966841,19080,26.3,11,458.8,485.1,11,458.8,0,0.0
1790955967346,19080,26.3,11,458.7,485.1,11,458.7,0,0.0
1790955967863,19080,26.3,11,458.8,485.1,11,458.8,0,0.0
1790955968379,19080,26.3,11,458.8,485.1,11,458.8,0,0.0
1790955968876,19080,26.3,11,458.8,485.1,11,458.8,0,0.0
1790955969392,19080,26.3,11,459.5,485.9,11,459.5,0,0.0
1790955969898,19080,26.3,11,459.5,485.9,11,459.5,0,0.0
1790955970409,19080,26.3,11,459.5,485.9,11,459.5,0,0.0
1790955970912,19080,26.3,11,459.5,485.9,11,459.5,0,0.0
1790955971433,19080,26.3,11,459.5,485.8,11,459.5,0,0.0
1790955971946,19080,26.3,11,459.5,485.9,11,459.5,0,0.0
1790955972448,19080,26.3,11,459.5,485.9,11,459.5,0,0.0
1790955972958,19080,26.3,11,459.5,485.9,11,459.5,0,0.0
1790955973478,19080,26.3,11,459.5,485.9,11,459.5,0,0.0
1790955973977,19080,26.3,11,459.5,485.9,11,459.5,0,0.0
1790955974496,19080,26.3,11,459.5,485.9,11,459.5,0,0.0
1790955975007,19080,26.3,11,459.5,485.9,11,459.5,0,0.0
1790955975528,19080,26.3,11,459.5,485.8,11,459.5,0,0.0
1790955976032,19080,26.3,11,459.5,485.9,11,459.5,0,0.0
1790955976534,19080,26.3,11,459.5,485.9,11,459.5,0,0.0
1790955977053,19080,26.3,11,459.6,485.9,11,459.6,0,0.0
1790955977559,19080,26.3,11,459.6,485.9,11,459.6,0,0.0
1790955978066,19080,26.3,11,459.6,485.9,11,459.6,0,0.0
1790955978573,19080,26.3,11,459.6,485.9,11,459.6,0,0.0
1790955979090,19080,26.3,11,459.6,485.9,11,459.6,0,0.0
1790955979608,19080,26.3,11,459.5,485.9,11,459.5,0,0.0
1790955980108,19080,26.3,11,459.5,485.9,11,459.5,0,0.0
1790955980616,19080,26.3,11,459.5,485.9,11,459.5,0,0.0
1790955981130,19080,26.3,11,459.5,485.9,11,459.5,0,0.0
1790955981633,19080,26.3,11,482.1,508.4,11,482.1,0,0.0
1790955982174,19080,27.1,17,674.3,701.4,11,498.0,6,176.3
1790955983023,19080,26.3,11,498.1,524.4,11,498.1,0,0.0
1790955983533,19080,26.3,11,497.8,524.1,11,497.8,0,0.0
1790955984047,19080,26.3,11,497.9,524.2,11,497.9,0,0.0
1790955984565,19080,26.3,11,497.8,524.1,11,497.8,0,0.0
1790955985076,19080,26.3,11,497.8,524.1,11,497.8,0,0.0
1790955985596,19080,26.3,11,497.8,524.1,11,497.8,0,0.0
1790955986093,19080,26.3,11,480.6,506.9,11,480.6,0,0.0
1790955986611,19080,26.3,11,480.7,506.9,11,480.7,0,0.0
1790955987104,19080,26.3,11,468.4,494.7,11,468.4,0,0.0
1790955987612,19080,26.3,11,466.8,493.1,11,466.8,0,0.0
1790955988124,19080,26.3,11,466.6,492.9,11,466.6,0,0.0
1790955988635,19080,26.3,11,466.6,492.9,11,466.6,0,0.0
1790955989141,19080,26.3,11,466.6,492.9,11,466.6,0,0.0
1790955989657,19080,26.3,11,462.3,488.6,11,462.3,0,0.0
1790955990175,19080,26.3,11,461.0,487.3,11,461.0,0,0.0
1790955990680,19080,26.3,11,461.0,487.3,11,461.0,0,0.0
1790955991188,19080,26.3,11,460.9,487.3,11,460.9,0,0.0
1790955991701,19080,26.3,11,461.0,487.3,11,461.0,0,0.0
1790955992218,19080,26.3,11,461.0,487.3,11,461.0,0,0.0
1790955992725,19080,26.3,11,459.8,486.1,11,459.8,0,0.0
1790955993238,19080,26.3,11,459.8,486.1,11,459.8,0,0.0
1790955993749,19080,26.3,11,459.8,486.1,11,459.8,0,0.0
1790955994257,19080,26.3,11,459.8,486.1,11,459.8,0,0.0
1790955994771,19080,26.3,11,459.8,486.1,11,459.8,0,0.0
1790955995271,19080,26.3,11,459.7,486.0,11,459.7,0,0.0
1790955995788,19080,26.3,11,459.6,485.9,11,459.6,0,0.0
1790955996298,19080,26.3,11,459.6,485.9,11,459.6,0,0.0
1790955996808,19080,26.3,11,459.7,486.0,11,459.7,0,0.0
1790955997306,19080,26.3,11,459.7,486.0,11,459.7,0,0.0
1790955997821,19080,26.3,11,459.7,486.0,11,459.7,0,0.0
1790955998338,19080,26.3,11,459.7,486.0,11,459.7,0,0.0
1790955998853,19080,26.3,11,459.7,486.0,11,459.7,0,0.0
1790955999371,19080,26.3,11,459.6,485.9,11,459.6,0,0.0
1790955999877,19080,26.3,11,459.7,486.0,11,459.7,0,0.0
1790956000386,19080,26.3,11,459.7,486.0,11,459.7,0,0.0
1790956000899,19080,26.3,11,459.7,486.0,11,459.7,0,0.0
1790956001407,19080,26.3,11,459.7,486.0,11,459.7,0,0.0
1790956001913,19080,26.3,11,459.7,486.0,11,459.7,0,0.0
1790956002405,19080,26.3,11,459.7,486.0,11,459.7,0,0.0
1790956002914,19080,26.3,11,459.7,486.0,11,459.7,0,0.0
1790956003424,19080,26.3,11,459.6,485.9,11,459.6,0,0.0
1790956003922,19080,26.3,11,459.7,486.0,11,459.7,0,0.0
1790956004442,19080,26.3,11,459.7,486.0,11,459.7,0,0.0
1790956004956,19080,26.3,11,459.7,486.0,11,459.7,0,0.0
1790956005469,19080,26.3,11,459.7,486.0,11,459.7,0,0.0
1790956005988,19080,26.3,11,459.7,486.0,11,459.7,0,0.0
1790956006500,19080,26.3,11,459.7,486.0,11,459.7,0,0.0
1790956007006,19080,26.3,11,459.7,486.0,11,459.7,0,0.0
1790956007505,19080,26.3,11,459.6,485.9,11,459.6,0,0.0
1790956008024,19080,26.3,11,459.4,485.7,11,459.4,0,0.0
1790956008543,19080,26.3,11,460.1,486.4,11,460.1,0,0.0
1790956009045,19080,26.3,11,460.1,486.4,11,460.1,0,0.0
1790956009545,19080,26.3,11,460.1,486.4,11,460.1,0,0.0
1790956010042,19080,26.3,11,460.1,486.4,11,460.1,0,0.0
1790956010548,19080,26.3,11,460.1,486.4,11,460.1,0,0.0
1790956011066,19080,26.3,11,460.1,486.4,11,460.1,0,0.0
1790956011584,19080,26.3,11,460.3,486.6,11,460.3,0,0.0
1790956012083,19080,26.3,11,460.3,486.6,11,460.3,0,0.0
1790956012603,19080,26.3,11,460.3,486.6,11,460.3,0,0.0
1790956013114,19080,26.3,11,460.3,486.6,11,460.3,0,0.0
1790956013639,19080,26.3,11,460.4,486.7,11,460.4,0,0.0
1790956014135,19080,26.3,11,460.4,486.7,11,460.4,0,0.0
1790956014641,19080,26.3,11,460.4,486.7,11,460.4,0,0.0
1790956015149,19080,26.3,11,460.4,486.7,11,460.4,0,0.0
1790956015657,19080,26.3,11,460.3,486.6,11,460.3,0,0.0
1790956016181,19080,26.3,11,460.3,486.6,11,460.3,0,0.0
1790956016673,19080,26.3,11,460.3,486.6,11,460.3,0,0.0
1790956017196,19080,26.3,11,460.3,486.6,11,460.3,0,0.0
1790956017709,19080,26.3,11,460.3,486.6,11,460.3,0,0.0
1790956018222,19080,26.3,11,460.3,486.6,11,460.3,0,0.0
1790956018746,19080,26.3,11,460.3,486.6,11,460.3,0,0.0
1790956019264,19080,26.3,11,460.2,486.6,11,460.2,0,0.0
1790956019765,19080,26.3,11,460.3,486.6,11,460.3,0,0.0
1790956020272,19080,26.3,11,460.3,486.6,11,460.3,0,0.0
1790956020784,19080,26.3,11,460.3,486.7,11,460.3,0,0.0
1790956021298,19080,26.3,11,460.3,486.7,11,460.3,0,0.0
1790956021802,19080,26.3,11,459.8,486.1,11,459.8,0,0.0
1790956022316,19080,26.3,11,459.8,486.1,11,459.8,0,0.0
1790956022839,19080,26.3,11,459.8,486.1,11,459.8,0,0.0
1790956023340,19080,26.3,11,459.6,485.9,11,459.6,0,0.0
1790956023845,19080,26.3,11,459.7,486.0,11,459.7,0,0.0
1790956024363,19080,26.3,11,459.7,486.0,11,459.7,0,0.0
1790956024881,19080,26.3,11,459.6,486.0,11,459.6,0,0.0
1790956025407,19080,26.3,11,459.6,486.0,11,459.6,0,0.0
1790956025906,19080,26.3,11,459.6,485.9,11,459.6,0,0.0
1790956026410,19080,26.3,11,459.6,485.9,11,459.6,0,0.0
1790956026910,19080,26.3,11,459.6,485.9,11,459.6,0,0.0
1790956027432,19080,26.3,11,459.6,485.9,11,459.6,0,0.0
1790956027946,19080,26.3,11,459.6,485.9,11,459.6,0,0.0
1790956028468,19080,26.3,11,459.6,485.9,11,459.6,0,0.0
1790956028981,19080,26.3,11,459.6,486.0,11,459.6,0,0.0
1790956029498,19080,26.3,11,459.6,486.0,11,459.6,0,0.0
1790956030009,19080,26.3,11,459.6,486.0,11,459.6,0,0.0
1790956030516,19080,26.3,11,459.6,486.0,11,459.6,0,0.0
1790956031020,19080,26.3,11,459.7,486.0,11,459.7,0,0.0
1790956031529,19080,26.3,11,459.6,485.9,11,459.6,0,0.0
1790956032033,19080,26.3,11,459.6,485.9,11,459.6,0,0.0
1790956032550,19080,26.3,11,459.6,486.0,11,459.6,0,0.0
1790956033050,19080,26.3,11,459.6,486.0,11,459.6,0,0.0
1790956033563,19080,26.3,11,459.6,486.0,11,459.6,0,0.0
1790956034075,19080,26.3,11,459.6,486.0,11,459.6,0,0.0
1790956034593,19080,26.3,11,459.7,486.0,11,459.7,0,0.0
1790956035091,19080,26.3,11,459.7,486.0,11,459.7,0,0.0
1790956035599,19080,26.3,11,459.7,486.0,11,459.7,0,0.0
1790956036105,19080,26.3,11,459.6,486.0,11,459.6,0,0.0
1790956036621,19080,26.3,11,459.7,486.0,11,459.7,0,0.0
1790956037136,19080,26.3,11,459.7,486.0,11,459.7,0,0.0
1790956037652,19080,26.3,11,459.7,486.0,11,459.7,0,0.0
1790956038153,19080,26.3,11,459.6,485.9,11,459.6,0,0.0
1790956038673,19080,26.3,11,459.6,485.9,11,459.6,0,0.0
1790956039170,19080,26.3,11,459.6,485.9,11,459.6,0,0.0
1790956039675,19080,26.3,11,459.6,485.9,11,459.6,0,0.0
1790956040190,19080,26.3,11,459.6,485.9,11,459.6,0,0.0
1790956040711,19080,26.3,11,459.6,485.9,11,459.6,0,0.0
1790956041231,19080,26.3,11,459.6,485.9,11,459.6,0,0.0
1790956041729,19080,26.3,11,482.8,509.1,11,482.8,0,0.0
1790956042238,19080,26.3,11,495.5,521.8,11,495.5,0,0.0
