ts_ms,host_pid,host_private_mb,wv_count,wv_private_mb,total_private_mb,widget_count,widget_private_mb,renderer_count,renderer_private_mb
1790951852739,47428,3.7,0,0.0,3.7,0,0.0,0,0.0
1790951853275,47428,8.6,9,245.8,254.4,9,245.8,0,0.0
1790951854116,47428,10.9,11,501.5,512.4,11,501.5,0,0.0
1790951854626,47428,10.9,11,502.1,513.0,11,502.1,0,0.0
1790951855132,47428,10.9,11,505.2,516.1,11,505.2,0,0.0
1790951855636,47428,10.9,11,506.0,516.9,11,506.0,0,0.0
1790951856150,47428,10.9,11,505.3,516.2,11,505.3,0,0.0
1790951856657,47428,10.9,11,505.4,516.3,11,505.4,0,0.0
1790951857165,47428,10.9,11,505.8,516.7,11,505.8,0,0.0
1790951857679,47428,10.9,11,506.8,517.7,11,506.8,0,0.0
1790951858189,47428,10.9,11,498.2,509.1,11,498.2,0,0.0
1790951858691,47428,10.9,11,482.9,493.8,11,482.9,0,0.0
1790951859198,47428,10.9,11,483.0,493.9,11,483.0,0,0.0
1790951859715,47428,10.9,11,483.0,493.9,11,483.0,0,0.0
1790951860231,47428,10.9,11,482.6,493.5,11,482.6,0,0.0
1790951860742,47428,10.9,11,482.5,493.5,11,482.5,0,0.0
1790951861242,47428,10.9,11,482.2,493.1,11,482.2,0,0.0
1790951861744,47428,10.9,11,443.2,454.1,11,443.2,0,0.0
1790951862245,47428,10.9,11,441.8,452.7,11,441.8,0,0.0
1790951862748,47428,10.9,11,441.9,452.8,11,441.9,0,0.0
1790951863269,47428,10.9,11,437.9,448.8,11,437.9,0,0.0
1790951863775,47428,10.9,11,432.9,443.8,11,432.9,0,0.0
1790951864300,47428,10.9,11,433.0,443.9,11,433.0,0,0.0
1790951864801,47428,10.9,11,432.7,443.6,11,432.7,0,0.0
1790951865307,47428,10.9,11,432.6,443.5,11,432.6,0,0.0
1790951865810,47428,10.9,11,432.9,443.8,11,432.9,0,0.0
1790951866320,47428,10.9,11,432.9,443.8,11,432.9,0,0.0
1790951866851,47428,10.9,11,432.9,443.8,11,432.9,0,0.0
1790951867338,47428,10.9,11,433.0,443.9,11,433.0,0,0.0
1790951867834,47428,10.9,11,433.3,444.2,11,433.3,0,0.0
1790951868352,47428,10.9,11,433.4,444.3,11,433.4,0,0.0
1790951868844,47428,10.9,11,433.4,444.3,11,433.4,0,0.0
1790951869343,47428,10.9,11,433.5,444.5,11,433.5,0,0.0
1790951869845,47428,10.9,11,433.7,444.6,11,433.7,0,0.0
1790951870361,47428,10.9,11,433.7,444.6,11,433.7,0,0.0
1790951870862,47428,10.9,11,433.8,444.7,11,433.8,0,0.0
1790951871372,47428,10.9,11,433.8,444.7,11,433.8,0,0.0
1790951871873,47428,10.9,11,434.7,445.6,11,434.7,0,0.0
1790951872389,47428,10.9,11,434.7,445.6,11,434.7,0,0.0
1790951872899,47428,10.9,11,434.8,445.7,11,434.8,0,0.0
1790951873415,47428,10.9,11,435.0,445.9,11,435.0,0,0.0
1790951873923,47428,10.9,11,435.0,445.9,11,435.0,0,0.0
1790951874434,47428,10.9,11,435.2,446.1,11,435.2,0,0.0
1790951874931,47428,10.9,11,435.4,446.3,11,435.4,0,0.0
1790951875453,47428,10.9,11,436.4,447.3,11,436.4,0,0.0
1790951875957,47428,10.9,11,436.4,447.3,11,436.4,0,0.0
1790951876466,47428,10.9,11,436.5,447.4,11,436.5,0,0.0
1790951877032,47428,10.9,11,436.5,447.5,11,436.5,0,0.0
1790951877510,47428,10.9,11,436.8,447.7,11,436.8,0,0.0
1790951878016,47428,10.9,11,436.9,447.9,11,436.9,0,0.0
1790951878523,47428,10.9,11,436.9,447.9,11,436.9,0,0.0
1790951879037,47428,10.9,11,437.1,448.0,11,437.1,0,0.0
1790951879553,47428,10.9,11,437.4,448.3,11,437.4,0,0.0
1790951880052,47428,10.9,11,437.4,448.3,11,437.4,0,0.0
1790951880575,47428,10.9,11,437.5,448.4,11,437.5,0,0.0
1790951881098,47428,10.9,11,437.6,448.6,11,437.6,0,0.0
1790951881599,47428,10.9,11,437.7,448.6,11,437.7,0,0.0
1790951882114,47428,10.9,11,437.8,448.7,11,437.8,0,0.0
1790951882619,47428,10.9,11,437.9,448.8,11,437.9,0,0.0
1790951883130,47428,10.9,11,439.1,449.9,11,439.1,0,0.0
1790951883635,47428,10.9,11,439.4,450.2,11,439.4,0,0.0
1790951884139,47428,10.9,11,441.5,452.4,11,441.5,0,0.0
1790951884651,47428,10.9,11,441.7,452.5,11,441.7,0,0.0
1790951885155,47428,10.9,11,441.5,452.4,11,441.5,0,0.0
1790951885661,47428,10.9,11,441.6,452.4,11,441.6,0,0.0
1790951886175,47428,10.9,11,441.6,452.4,11,441.6,0,0.0
1790951886686,47428,10.9,11,441.6,452.4,11,441.6,0,0.0
1790951887201,47428,10.9,11,441.6,452.4,11,441.6,0,0.0
1790951887700,47428,10.9,11,441.5,452.4,11,441.5,0,0.0
1790951888204,47428,10.9,11,441.6,452.4,11,441.6,0,0.0
1790951888720,47428,10.9,11,442.1,452.9,11,442.1,0,0.0
1790951889242,47428,10.9,11,442.1,452.9,11,442.1,0,0.0
1790951889738,47428,10.9,11,442.1,452.9,11,442.1,0,0.0
1790951890242,47428,10.9,11,442.1,452.9,11,442.1,0,0.0
1790951890739,47428,10.9,11,442.1,452.9,11,442.1,0,0.0
1790951891253,47428,10.9,11,442.2,453.1,11,442.2,0,0.0
1790951891761,47428,10.9,11,442.2,453.1,11,442.2,0,0.0
1790951892276,47428,10.9,11,442.2,453.0,11,442.2,0,0.0
1790951892773,47428,10.9,11,442.3,453.1,11,442.3,0,0.0
1790951893283,47428,10.9,11,442.5,453.4,11,442.5,0,0.0
1790951893784,47428,10.9,11,442.7,453.6,11,442.7,0,0.0
1790951894287,47428,10.9,11,442.7,453.6,11,442.7,0,0.0
1790951894795,47428,10.9,11,443.0,453.8,11,443.0,0,0.0
1790951895308,47428,10.9,11,443.0,453.8,11,443.0,0,0.0
1790951895805,47428,10.9,11,443.0,453.8,11,443.0,0,0.0
1790951896317,47428,10.9,11,443.1,453.9,11,443.1,0,0.0
1790951896828,47428,10.9,11,443.3,454.2,11,443.3,0,0.0
1790951897345,47428,10.9,11,443.3,454.2,11,443.3,0,0.0
1790951897880,47428,10.9,11,443.3,454.2,11,443.3,0,0.0
1790951898379,47428,10.9,11,443.3,454.2,11,443.3,0,0.0
1790951898903,47428,10.9,11,443.5,454.3,11,443.5,0,0.0
1790951899400,47428,10.9,11,443.6,454.4,11,443.6,0,0.0
1790951899912,47428,10.9,11,443.7,454.6,11,443.7,0,0.0
1790951900425,47428,10.9,11,447.0,457.9,11,447.0,0,0.0
1790951900938,47428,10.9,11,447.0,457.9,11,447.0,0,0.0
1790951901454,47428,10.9,11,447.2,458.0,11,447.2,0,0.0
1790951901954,47428,10.9,11,447.2,458.0,11,447.2,0,0.0
1790951902460,47428,10.9,11,447.3,458.2,11,447.3,0,0.0
1790951902967,47428,10.9,11,447.3,458.2,11,447.3,0,0.0
1790951903465,47428,10.9,11,443.6,454.5,11,443.6,0,0.0
1790951903987,47428,10.9,11,443.7,454.6,11,443.7,0,0.0
1790951904489,47428,10.9,11,443.9,454.7,11,443.9,0,0.0
1790951904991,47428,10.9,11,443.9,454.7,11,443.9,0,0.0
1790951905499,47428,10.9,11,443.9,454.7,11,443.9,0,0.0
1790951906005,47428,10.9,11,444.1,455.0,11,444.1,0,0.0
1790951906510,47428,10.9,11,444.0,454.9,11,444.0,0,0.0
1790951907009,47428,10.9,11,444.1,455.0,11,444.1,0,0.0
1790951907508,47428,10.9,11,444.1,455.0,11,444.1,0,0.0
1790951908012,47428,10.9,11,444.2,455.1,11,444.2,0,0.0
1790951908528,47428,10.9,11,444.4,455.2,11,444.4,0,0.0
1790951909052,47428,10.9,11,444.4,455.2,11,444.4,0,0.0
1790951909563,47428,10.9,11,444.4,455.2,11,444.4,0,0.0
1790951910079,47428,10.9,11,444.5,455.4,11,444.5,0,0.0
1790951910593,47428,10.9,11,444.8,455.6,11,444.8,0,0.0
1790951911114,47428,10.9,11,444.8,455.6,11,444.8,0,0.0
1790951911619,47428,10.9,11,444.9,455.8,11,444.9,0,0.0
1790951912122,47428,10.9,11,445.0,455.9,11,445.0,0,0.0
1790951912620,47428,10.9,11,445.0,455.9,11,445.0,0,0.0
1790951913142,47428,10.8,11,444.0,454.8,11,444.0,0,0.0
1790951913651,47428,10.8,11,478.1,488.9,11,478.1,0,0.0
1790951914155,47428,10.8,11,478.7,489.5,11,478.7,0,0.0
1790951914661,47428,10.8,11,478.7,489.5,11,478.7,0,0.0
1790951915162,47428,10.8,11,479.8,490.6,11,479.8,0,0.0
1790951915668,47428,10.8,11,481.8,492.6,11,481.8,0,0.0
1790951916178,47428,10.8,11,481.8,492.6,11,481.8,0,0.0
1790951916688,47428,10.8,11,481.9,492.8,11,481.9,0,0.0
1790951917202,47428,10.8,11,480.3,491.1,11,480.3,0,0.0
1790951917719,47428,10.8,11,480.4,491.2,11,480.4,0,0.0
1790951918234,47428,10.8,11,480.2,491.1,11,480.2,0,0.0
1790951918756,47428,10.8,11,455.1,465.9,11,455.1,0,0.0
1790951919258,47428,10.8,11,455.4,466.2,11,455.4,0,0.0
1790951919770,47428,10.8,11,455.7,466.5,11,455.7,0,0.0
1790951920271,47428,10.8,11,455.6,466.4,11,455.6,0,0.0
1790951920777,47428,10.8,11,455.7,466.5,11,455.7,0,0.0
1790951921282,47428,10.8,11,455.5,466.3,11,455.5,0,0.0
1790951921788,47428,10.8,11,447.6,458.4,11,447.6,0,0.0
1790951922303,47428,10.8,11,447.7,458.5,11,447.7,0,0.0
1790951922811,47428,10.8,11,447.8,458.5,11,447.8,0,0.0
1790951923328,47428,10.8,11,446.4,457.2,11,446.4,0,0.0
1790951923835,47428,10.8,11,446.5,457.3,11,446.5,0,0.0
1790951924341,47428,10.8,11,446.8,457.6,11,446.8,0,0.0
1790951924850,47428,10.8,11,446.8,457.6,11,446.8,0,0.0
1790951925354,47428,10.8,11,446.9,457.7,11,446.9,0,0.0
1790951925869,47428,10.8,11,447.0,457.7,11,447.0,0,0.0
1790951926385,47428,10.8,11,447.0,457.8,11,447.0,0,0.0
1790951926901,47428,10.8,11,447.2,458.0,11,447.2,0,0.0
1790951927417,47428,10.8,11,447.4,458.2,11,447.4,0,0.0
1790951927927,47428,10.8,11,447.4,458.2,11,447.4,0,0.0
1790951928429,47428,10.8,11,446.8,457.6,11,446.8,0,0.0
1790951928943,47428,10.8,11,446.6,457.4,11,446.6,0,0.0
1790951929457,47428,10.8,11,446.6,457.4,11,446.6,0,0.0
1790951929973,47428,10.8,11,446.6,457.4,11,446.6,0,0.0
1790951930490,47428,10.8,11,446.6,457.4,11,446.6,0,0.0
1790951930989,47428,10.8,11,446.6,457.4,11,446.6,0,0.0
1790951931490,47428,10.8,11,446.6,457.4,11,446.6,0,0.0
1790951931996,47428,10.8,11,446.6,457.4,11,446.6,0,0.0
1790951932504,47428,10.8,11,446.6,457.4,11,446.6,0,0.0
1790951933007,47428,10.8,11,446.4,457.2,11,446.4,0,0.0
1790951933510,47428,10.8,11,446.3,457.1,11,446.3,0,0.0
1790951934031,47428,10.8,11,446.4,457.2,11,446.4,0,0.0
1790951934532,47428,10.8,11,446.6,457.4,11,446.6,0,0.0
1790951935051,47428,10.8,11,446.5,457.3,11,446.5,0,0.0
1790951935546,47428,10.8,11,446.7,457.4,11,446.7,0,0.0
1790951936053,47428,10.8,11,446.6,457.4,11,446.6,0,0.0
1790951936555,47428,10.8,11,446.7,457.5,11,446.7,0,0.0
1790951937072,47428,10.8,11,446.6,457.4,11,446.6,0,0.0
1790951937593,47428,10.8,11,446.6,457.4,11,446.6,0,0.0
1790951938102,47428,10.8,11,446.6,457.4,11,446.6,0,0.0
1790951938611,47428,10.8,11,446.7,457.5,11,446.7,0,0.0
1790951939116,47428,10.8,11,446.7,457.5,11,446.7,0,0.0
1790951939614,47428,10.8,11,446.9,457.6,11,446.9,0,0.0
1790951940120,47428,10.8,11,446.9,457.6,11,446.9,0,0.0
1790951940634,47428,10.8,11,447.1,457.9,11,447.1,0,0.0
1790951941139,47428,10.8,11,446.8,457.6,11,446.8,0,0.0
1790951941646,47428,10.8,11,446.6,457.4,11,446.6,0,0.0
1790951942150,47428,10.8,11,447.0,457.8,11,447.0,0,0.0
1790951942662,47428,10.8,11,446.8,457.6,11,446.8,0,0.0
1790951943172,47428,10.8,11,446.8,457.6,11,446.8,0,0.0
1790951943679,47428,10.8,11,446.8,457.6,11,446.8,0,0.0
1790951944182,47428,10.8,11,446.8,457.6,11,446.8,0,0.0
1790951944694,47428,10.8,11,446.8,457.6,11,446.8,0,0.0
1790951945190,47428,10.8,11,446.6,457.4,11,446.6,0,0.0
1790951945692,47428,10.8,11,446.7,457.4,11,446.7,0,0.0
1790951946199,47428,10.8,11,446.7,457.4,11,446.7,0,0.0
1790951946716,47428,10.8,11,446.7,457.4,11,446.7,0,0.0
1790951947216,47428,10.8,11,446.7,457.4,11,446.7,0,0.0
1790951947735,47428,10.8,11,446.7,457.5,11,446.7,0,0.0
1790951948241,47428,10.8,11,446.7,457.5,11,446.7,0,0.0
1790951948745,47428,10.8,11,446.7,457.5,11,446.7,0,0.0
1790951949246,47428,10.8,11,446.5,457.3,11,446.5,0,0.0
1790951949757,47428,10.8,11,446.6,457.4,11,446.6,0,0.0
1790951950260,47428,10.8,11,446.5,457.3,11,446.5,0,0.0
1790951950764,47428,10.8,11,446.5,457.3,11,446.5,0,0.0
1790951951271,47428,10.8,11,447.2,458.0,11,447.2,0,0.0
1790951951773,47428,10.8,11,447.2,458.0,11,447.2,0,0.0
1790951952271,47428,10.8,11,447.4,458.1,11,447.4,0,0.0
1790951952780,47428,10.8,11,447.4,458.1,11,447.4,0,0.0
1790951953298,47428,10.8,11,446.9,457.7,11,446.9,0,0.0
1790951953800,47428,10.8,11,446.9,457.7,11,446.9,0,0.0
1790951954323,47428,10.8,11,446.9,457.7,11,446.9,0,0.0
1790951954816,47428,10.8,11,446.9,457.7,11,446.9,0,0.0
1790951955320,47428,10.8,11,446.9,457.7,11,446.9,0,0.0
1790951955827,47428,10.8,11,446.9,457.7,11,446.9,0,0.0
1790951956337,47428,10.8,11,452.7,463.5,11,452.7,0,0.0
1790951956852,47428,10.8,11,452.7,463.5,11,452.7,0,0.0
1790951957377,47428,10.8,11,452.5,463.3,11,452.5,0,0.0
1790951957893,47428,10.8,11,452.5,463.3,11,452.5,0,0.0
1790951958386,47428,10.8,11,452.5,463.3,11,452.5,0,0.0
1790951958911,47428,10.8,11,452.5,463.3,11,452.5,0,0.0
1790951959412,47428,10.8,11,450.9,461.7,11,450.9,0,0.0
1790951959915,47428,10.8,11,451.1,461.9,11,451.1,0,0.0
1790951960438,47428,10.8,11,451.2,462.0,11,451.2,0,0.0
1790951960954,47428,10.8,11,451.2,462.0,11,451.2,0,0.0
1790951961458,47428,10.8,11,451.1,461.9,11,451.1,0,0.0
1790951961976,47428,10.8,11,450.7,461.5,11,450.7,0,0.0
1790951962477,47428,10.8,11,450.8,461.6,11,450.8,0,0.0
1790951962984,47428,10.8,11,450.8,461.6,11,450.8,0,0.0
1790951963494,47428,10.8,11,450.8,461.6,11,450.8,0,0.0
1790951964011,47428,10.8,11,447.1,457.9,11,447.1,0,0.0
1790951964534,47428,10.8,11,447.0,457.8,11,447.0,0,0.0
1790951965041,47428,10.8,11,447.1,457.9,11,447.1,0,0.0
1790951965551,47428,10.8,11,446.7,457.5,11,446.7,0,0.0
1790951966055,47428,10.8,11,446.6,457.4,11,446.6,0,0.0
1790951966561,47428,10.8,11,446.7,457.4,11,446.7,0,0.0
1790951967077,47428,10.8,11,446.1,456.9,11,446.1,0,0.0
1790951967595,47428,10.8,11,445.9,456.6,11,445.9,0,0.0
1790951968109,47428,10.8,11,445.9,456.6,11,445.9,0,0.0
1790951968632,47428,10.8,11,445.9,456.6,11,445.9,0,0.0
1790951969133,47428,10.8,11,445.7,456.5,11,445.7,0,0.0
1790951969631,47428,10.8,11,445.9,456.6,11,445.9,0,0.0
1790951970137,47428,10.8,11,445.8,456.6,11,445.8,0,0.0
1790951970648,47428,10.8,11,445.9,456.7,11,445.9,0,0.0
1790951971157,47428,10.8,11,446.0,456.8,11,446.0,0,0.0
1790951971671,47428,10.8,11,446.0,456.8,11,446.0,0,0.0
1790951972183,47428,10.8,11,446.0,456.7,11,446.0,0,0.0
1790951972706,47428,10.8,11,446.0,456.8,11,446.0,0,0.0
1790951973209,47428,10.8,12,519.1,529.9,12,519.1,0,0.0
1790951973712,47428,10.8,11,481.7,492.5,11,481.7,0,0.0
1790951974226,47428,10.8,11,482.1,492.9,11,482.1,0,0.0
1790951974726,47428,10.8,11,482.1,492.9,11,482.1,0,0.0
1790951975245,47428,10.8,11,482.1,492.9,11,482.1,0,0.0
1790951975763,47428,10.8,11,482.1,492.9,11,482.1,0,0.0
1790951976282,47428,10.8,11,482.1,492.9,11,482.1,0,0.0
1790951976795,47428,10.8,11,482.3,493.1,11,482.3,0,0.0
1790951977316,47428,10.8,11,482.1,492.9,11,482.1,0,0.0
1790951977822,47428,10.8,11,480.1,490.9,11,480.1,0,0.0
1790951978341,47428,10.8,11,478.0,488.7,11,478.0,0,0.0
1790951978859,47428,10.8,11,460.6,471.4,11,460.6,0,0.0
1790951979376,47428,10.8,11,460.7,471.4,11,460.7,0,0.0
1790951979894,47428,10.8,11,460.7,471.4,11,460.7,0,0.0
1790951980394,47428,10.8,11,455.9,466.7,11,455.9,0,0.0
1790951980916,47428,10.8,11,455.9,466.6,11,455.9,0,0.0
1790951981419,47428,10.8,11,447.4,458.2,11,447.4,0,0.0
1790951981935,47428,10.8,11,447.4,458.2,11,447.4,0,0.0
1790951982444,47428,10.8,11,447.4,458.2,11,447.4,0,0.0
1790951982957,47428,10.8,11,447.4,458.2,11,447.4,0,0.0
1790951983471,47428,10.8,11,447.5,458.2,11,447.5,0,0.0
1790951983989,47428,10.8,11,447.4,458.2,11,447.4,0,0.0
1790951984491,47428,10.8,11,447.4,458.2,11,447.4,0,0.0
1790951984986,47428,10.8,11,447.4,458.2,11,447.4,0,0.0
1790951985495,47428,10.8,11,445.4,456.2,11,445.4,0,0.0
1790951985995,47428,10.8,11,445.4,456.2,11,445.4,0,0.0
1790951986492,47428,10.8,11,445.5,456.2,11,445.5,0,0.0
1790951987000,47428,10.7,11,445.2,455.9,11,445.2,0,0.0
1790951987516,47428,10.7,11,445.2,455.9,11,445.2,0,0.0
1790951988018,47428,10.7,11,445.2,455.9,11,445.2,0,0.0
1790951988522,47428,10.7,11,445.3,456.0,11,445.3,0,0.0
1790951989024,47428,10.7,11,445.2,455.9,11,445.2,0,0.0
1790951989548,47428,10.7,11,445.0,455.6,11,445.0,0,0.0
1790951990050,47428,10.7,11,445.0,455.7,11,445.0,0,0.0
1790951990550,47428,10.7,11,445.0,455.7,11,445.0,0,0.0
1790951991054,47428,10.7,11,445.0,455.7,11,445.0,0,0.0
1790951991562,47428,10.7,11,445.0,455.7,11,445.0,0,0.0
1790951992075,47428,10.7,11,445.0,455.7,11,445.0,0,0.0
1790951992592,47428,10.7,11,445.0,455.7,11,445.0,0,0.0
1790951993098,47428,10.7,11,445.0,455.7,11,445.0,0,0.0
1790951993605,47428,10.7,11,445.0,455.7,11,445.0,0,0.0
1790951994112,47428,10.7,11,445.0,455.7,11,445.0,0,0.0
1790951994616,47428,10.7,11,445.0,455.7,11,445.0,0,0.0
1790951995125,47428,10.7,11,445.0,455.7,11,445.0,0,0.0
1790951995630,47428,10.7,11,445.8,456.5,11,445.8,0,0.0
1790951996125,47428,10.7,11,445.8,456.5,11,445.8,0,0.0
1790951996628,47428,10.7,11,445.8,456.5,11,445.8,0,0.0
1790951997138,47428,10.7,11,445.8,456.5,11,445.8,0,0.0
1790951997647,47428,10.7,11,445.9,456.6,11,445.9,0,0.0
1790951998169,47428,10.7,11,445.9,456.6,11,445.9,0,0.0
1790951998681,47428,10.7,11,446.0,456.7,11,446.0,0,0.0
1790951999202,47428,10.7,11,446.1,456.8,11,446.1,0,0.0
1790951999714,47428,10.7,11,446.1,456.8,11,446.1,0,0.0
1790952000218,47428,10.7,11,446.1,456.8,11,446.1,0,0.0
1790952000720,47428,10.7,11,446.6,457.3,11,446.6,0,0.0
1790952001238,47428,10.7,11,446.4,457.1,11,446.4,0,0.0
1790952001753,47428,10.7,11,446.4,457.1,11,446.4,0,0.0
1790952002270,47428,10.7,11,446.4,457.1,11,446.4,0,0.0
1790952002782,47428,10.7,11,446.5,457.2,11,446.5,0,0.0
1790952003280,47428,10.7,11,446.5,457.2,11,446.5,0,0.0
1790952003797,47428,10.7,11,446.4,457.1,11,446.4,0,0.0
1790952004308,47428,10.7,11,446.4,457.1,11,446.4,0,0.0
1790952004821,47428,10.7,11,446.5,457.1,11,446.5,0,0.0
1790952005329,47428,10.7,11,446.5,457.1,11,446.5,0,0.0
1790952005850,47428,10.7,11,446.2,456.9,11,446.2,0,0.0
1790952006351,47428,10.7,11,446.2,456.9,11,446.2,0,0.0
1790952006874,47428,10.7,11,446.2,456.9,11,446.2,0,0.0
1790952007374,47428,10.7,11,446.4,457.0,11,446.4,0,0.0
1790952007882,47428,10.7,11,446.4,457.0,11,446.4,0,0.0
1790952008394,47428,10.7,11,446.4,457.0,11,446.4,0,0.0
1790952008897,47428,10.7,11,446.4,457.0,11,446.4,0,0.0
1790952009397,47428,10.7,11,446.3,457.0,11,446.3,0,0.0
1790952009909,47428,10.7,11,446.3,457.0,11,446.3,0,0.0
1790952010406,47428,10.7,11,446.3,457.0,11,446.3,0,0.0
1790952010920,47428,10.7,11,446.3,457.0,11,446.3,0,0.0
1790952011442,47428,10.7,11,446.3,457.0,11,446.3,0,0.0
1790952011955,47428,10.7,11,446.3,457.0,11,446.3,0,0.0
1790952012462,47428,10.7,11,446.3,457.0,11,446.3,0,0.0
1790952012961,47428,10.7,11,446.3,457.0,11,446.3,0,0.0
1790952013475,47428,10.7,11,446.3,457.0,11,446.3,0,0.0
1790952013987,47428,10.7,11,446.4,457.1,11,446.4,0,0.0
1790952014496,47428,10.7,11,446.4,457.1,11,446.4,0,0.0
1790952015020,47428,10.7,11,446.4,457.1,11,446.4,0,0.0
1790952015530,47428,10.7,11,446.4,457.1,11,446.4,0,0.0
1790952016036,47428,10.7,11,446.4,457.1,11,446.4,0,0.0
1790952016548,47428,10.7,11,447.2,457.9,11,447.2,0,0.0
1790952017062,47428,10.7,11,447.2,457.9,11,447.2,0,0.0
1790952017577,47428,10.7,11,447.2,457.8,11,447.2,0,0.0
1790952018095,47428,10.7,11,447.2,457.8,11,447.2,0,0.0
1790952018601,47428,10.7,11,447.2,457.9,11,447.2,0,0.0
1790952019109,47428,10.7,11,447.2,457.9,11,447.2,0,0.0
1790952019622,47428,10.7,11,447.3,458.0,11,447.3,0,0.0
1790952020142,47428,10.7,11,447.4,458.1,11,447.4,0,0.0
1790952020653,47428,10.7,11,447.4,458.1,11,447.4,0,0.0
1790952021164,47428,10.7,11,447.4,458.1,11,447.4,0,0.0
1790952021668,47428,10.7,11,447.2,457.8,11,447.2,0,0.0
1790952022167,47428,10.7,11,447.2,457.9,11,447.2,0,0.0
1790952022676,47428,10.7,11,447.2,457.9,11,447.2,0,0.0
1790952023187,47428,10.7,11,447.2,457.9,11,447.2,0,0.0
1790952023690,47428,10.7,11,447.2,457.9,11,447.2,0,0.0
1790952024189,47428,10.7,11,447.2,457.9,11,447.2,0,0.0
1790952024699,47428,10.7,11,447.2,457.9,11,447.2,0,0.0
1790952025201,47428,10.7,11,447.0,457.7,11,447.0,0,0.0
1790952025699,47428,10.7,11,447.2,457.8,11,447.2,0,0.0
1790952026221,47428,10.7,11,447.2,457.8,11,447.2,0,0.0
1790952026725,47428,10.7,11,447.2,457.8,11,447.2,0,0.0
1790952027222,47428,10.7,11,447.2,457.8,11,447.2,0,0.0
1790952027727,47428,10.7,11,447.2,457.8,11,447.2,0,0.0
1790952028238,47428,10.7,11,447.3,458.0,11,447.3,0,0.0
1790952028746,47428,10.7,11,447.6,458.2,11,447.6,0,0.0
1790952029264,47428,10.7,11,447.3,458.0,11,447.3,0,0.0
1790952029760,47428,10.7,11,446.6,457.3,11,446.6,0,0.0
1790952030262,47428,10.7,11,446.7,457.4,11,446.7,0,0.0
1790952030773,47428,10.7,11,446.7,457.4,11,446.7,0,0.0
1790952031293,47428,10.7,11,446.7,457.4,11,446.7,0,0.0
1790952031810,47428,10.7,11,446.7,457.4,11,446.7,0,0.0
1790952032321,47428,10.7,11,446.7,457.4,11,446.7,0,0.0
1790952032829,47428,10.7,11,446.7,457.3,11,446.7,0,0.0
1790952033348,47428,10.7,11,469.1,479.8,11,469.1,0,0.0
1790952033869,47428,10.9,17,689.7,700.6,11,481.7,6,208.0
1790952034673,47428,10.8,13,517.8,528.5,11,481.8,2,36.0
1790952035180,47428,10.8,13,517.8,528.5,11,481.8,2,36.0
1790952035681,47428,10.8,13,517.8,528.5,11,481.8,2,36.0
1790952036196,47428,10.8,11,481.8,492.5,11,481.8,0,0.0
1790952036702,47428,10.8,11,481.8,492.5,11,481.8,0,0.0
1790952037220,47428,10.8,11,481.3,492.1,11,481.3,0,0.0
1790952037723,47428,10.8,11,464.1,474.9,11,464.1,0,0.0
1790952038234,47428,10.8,11,464.1,474.9,11,464.1,0,0.0
1790952038742,47428,10.8,11,455.4,466.2,11,455.4,0,0.0
1790952039251,47428,10.8,11,455.2,466.0,11,455.2,0,0.0
1790952039773,47428,10.8,11,455.2,465.9,11,455.2,0,0.0
1790952040269,47428,10.8,11,455.2,465.9,11,455.2,0,0.0
1790952040787,47428,10.8,11,454.1,464.9,11,454.1,0,0.0
1790952041283,47428,10.8,11,454.1,464.9,11,454.1,0,0.0
1790952041802,47428,10.8,11,447.9,458.7,11,447.9,0,0.0
1790952042306,47428,10.8,11,447.9,458.7,11,447.9,0,0.0
1790952042817,47428,10.8,11,447.9,458.7,11,447.9,0,0.0
1790952043324,47428,10.8,11,448.0,458.7,11,448.0,0,0.0
1790952043832,47428,10.8,11,446.8,457.6,11,446.8,0,0.0
1790952044339,47428,10.8,11,446.8,457.6,11,446.8,0,0.0
1790952044852,47428,10.8,11,446.8,457.6,11,446.8,0,0.0
1790952045359,47428,10.8,11,446.8,457.5,11,446.8,0,0.0
1790952045877,47428,10.8,11,446.8,457.5,11,446.8,0,0.0
1790952046381,47428,10.8,11,446.8,457.5,11,446.8,0,0.0
1790952046883,47428,10.8,11,446.8,457.5,11,446.8,0,0.0
1790952047386,47428,10.8,11,446.8,457.5,11,446.8,0,0.0
1790952047908,47428,10.8,11,446.8,457.5,11,446.8,0,0.0
1790952048420,47428,10.8,11,446.8,457.5,11,446.8,0,0.0
1790952048944,47428,10.8,11,446.8,457.5,11,446.8,0,0.0
1790952049448,47428,10.8,11,446.8,457.5,11,446.8,0,0.0
1790952049961,47428,10.8,11,446.8,457.5,11,446.8,0,0.0
1790952050469,47428,10.8,11,446.9,457.7,11,446.9,0,0.0
1790952050980,47428,10.8,11,446.9,457.7,11,446.9,0,0.0
1790952051501,47428,10.8,11,446.9,457.7,11,446.9,0,0.0
1790952051998,47428,10.8,11,446.9,457.7,11,446.9,0,0.0
1790952052515,47428,10.8,11,446.9,457.7,11,446.9,0,0.0
1790952053023,47428,10.8,11,446.9,457.7,11,446.9,0,0.0
1790952053529,47428,10.8,11,446.8,457.5,11,446.8,0,0.0
1790952054025,47428,10.8,11,446.7,457.5,11,446.7,0,0.0
1790952054538,47428,10.8,11,446.7,457.5,11,446.7,0,0.0
1790952055058,47428,10.8,11,446.7,457.5,11,446.7,0,0.0
1790952055570,47428,10.8,11,446.7,457.5,11,446.7,0,0.0
1790952056090,47428,10.8,11,446.7,457.5,11,446.7,0,0.0
1790952056607,47428,10.8,11,446.7,457.5,11,446.7,0,0.0
1790952057121,47428,10.8,11,446.7,457.5,11,446.7,0,0.0
1790952057640,47428,10.8,11,446.6,457.4,11,446.6,0,0.0
1790952058155,47428,10.8,11,446.6,457.4,11,446.6,0,0.0
1790952058660,47428,10.8,11,452.4,463.1,11,452.4,0,0.0
1790952059167,47428,10.8,11,452.4,463.1,11,452.4,0,0.0
1790952059667,47428,10.8,11,452.4,463.2,11,452.4,0,0.0
1790952060183,47428,10.8,11,452.4,463.1,11,452.4,0,0.0
1790952060705,47428,10.8,11,452.6,463.3,11,452.6,0,0.0
1790952061217,47428,10.8,11,452.6,463.3,11,452.6,0,0.0
1790952061739,47428,10.8,11,450.2,461.0,11,450.2,0,0.0
1790952062252,47428,10.8,11,450.3,461.0,11,450.3,0,0.0
1790952062761,47428,10.8,11,450.3,461.0,11,450.3,0,0.0
1790952063280,47428,10.8,11,449.8,460.6,11,449.8,0,0.0
1790952063792,47428,10.8,11,449.8,460.6,11,449.8,0,0.0
1790952064314,47428,10.8,11,449.8,460.6,11,449.8,0,0.0
1790952064810,47428,10.8,11,449.8,460.6,11,449.8,0,0.0
1790952065330,47428,10.8,11,449.8,460.6,11,449.8,0,0.0
1790952065834,47428,10.8,11,449.8,460.6,11,449.8,0,0.0
1790952066341,47428,10.8,11,449.4,460.2,11,449.4,0,0.0
1790952066851,47428,10.8,11,445.8,456.5,11,445.8,0,0.0
1790952067373,47428,10.8,11,445.8,456.5,11,445.8,0,0.0
1790952067871,47428,10.8,11,445.8,456.5,11,445.8,0,0.0
1790952068386,47428,10.8,11,445.8,456.5,11,445.8,0,0.0
1790952068898,47428,10.8,11,445.8,456.5,11,445.8,0,0.0
1790952069413,47428,10.8,11,445.5,456.3,11,445.5,0,0.0
1790952069923,47428,10.8,11,445.2,456.0,11,445.2,0,0.0
1790952070421,47428,10.8,11,445.3,456.1,11,445.3,0,0.0
1790952070940,47428,10.8,11,445.3,456.1,11,445.3,0,0.0
1790952071456,47428,10.8,11,445.3,456.1,11,445.3,0,0.0
1790952071966,47428,10.8,11,445.3,456.1,11,445.3,0,0.0
1790952072481,47428,10.8,11,445.3,456.1,11,445.3,0,0.0
1790952073003,47428,10.8,11,445.4,456.1,11,445.4,0,0.0
1790952073507,47428,10.8,11,445.3,456.0,11,445.3,0,0.0
1790952074005,47428,10.8,11,445.2,456.0,11,445.2,0,0.0
1790952074508,47428,10.8,11,445.3,456.1,11,445.3,0,0.0
1790952075024,47428,10.8,11,445.3,456.1,11,445.3,0,0.0
1790952075526,47428,10.8,11,445.4,456.2,11,445.4,0,0.0
1790952076039,47428,10.8,11,445.4,456.2,11,445.4,0,0.0
1790952076555,47428,10.8,11,445.4,456.2,11,445.4,0,0.0
1790952077071,47428,10.8,11,446.2,457.0,11,446.2,0,0.0
1790952077575,47428,10.8,11,446.0,456.8,11,446.0,0,0.0
1790952078089,47428,10.8,11,446.1,456.8,11,446.1,0,0.0
1790952078604,47428,10.8,11,446.1,456.9,11,446.1,0,0.0
1790952079111,47428,10.8,11,446.1,456.9,11,446.1,0,0.0
1790952079628,47428,10.8,11,446.2,456.9,11,446.2,0,0.0
1790952080133,47428,10.8,11,447.3,458.1,11,447.3,0,0.0
1790952080646,47428,10.8,11,447.3,458.1,11,447.3,0,0.0
1790952081147,47428,10.8,11,447.1,457.9,11,447.1,0,0.0
1790952081652,47428,10.8,11,447.1,457.8,11,447.1,0,0.0
1790952082169,47428,10.8,11,447.1,457.8,11,447.1,0,0.0
1790952082681,47428,10.8,11,447.2,457.9,11,447.2,0,0.0
1790952083196,47428,10.8,11,447.2,457.9,11,447.2,0,0.0
1790952083699,47428,10.8,11,447.2,457.9,11,447.2,0,0.0
1790952084219,47428,10.8,11,447.2,457.9,11,447.2,0,0.0
1790952084729,47428,10.8,11,447.2,457.9,11,447.2,0,0.0
1790952085235,47428,10.8,11,447.2,457.9,11,447.2,0,0.0
1790952085741,47428,10.8,11,447.1,457.8,11,447.1,0,0.0
1790952086246,47428,10.8,11,447.2,457.9,11,447.2,0,0.0
1790952086766,47428,10.8,11,447.2,457.9,11,447.2,0,0.0
1790952087286,47428,10.8,11,447.2,457.9,11,447.2,0,0.0
1790952087789,47428,10.8,11,447.2,457.9,11,447.2,0,0.0
1790952088289,47428,10.8,11,447.2,457.9,11,447.2,0,0.0
1790952088794,47428,10.8,11,447.2,457.9,11,447.2,0,0.0
1790952089311,47428,10.8,11,447.1,457.8,11,447.1,0,0.0
1790952089830,47428,10.8,11,447.1,457.8,11,447.1,0,0.0
1790952090341,47428,10.8,11,447.2,457.9,11,447.2,0,0.0
1790952090857,47428,10.8,11,447.2,457.9,11,447.2,0,0.0
1790952091375,47428,10.8,11,447.2,457.9,11,447.2,0,0.0
1790952091879,47428,10.8,11,447.2,457.9,11,447.2,0,0.0
1790952092384,47428,10.8,11,447.2,457.9,11,447.2,0,0.0
1790952092886,47428,10.8,11,447.2,457.9,11,447.2,0,0.0
1790952093396,47428,10.8,11,470.2,480.9,11,470.2,0,0.0
1790952093921,47428,12.0,17,757.9,769.9,11,484.4,6,273.5
1790952094783,47428,11.5,11,484.4,496.0,11,484.4,0,0.0
1790952095276,47428,11.5,11,484.4,496.0,11,484.4,0,0.0
1790952095796,47428,11.5,11,484.4,496.0,11,484.4,0,0.0
1790952096311,47428,11.5,11,484.4,496.0,11,484.4,0,0.0
1790952096821,47428,11.5,11,484.4,496.0,11,484.4,0,0.0
1790952097346,47428,11.5,11,484.0,495.5,11,484.0,0,0.0
1790952097854,47428,11.5,11,476.1,487.6,11,476.1,0,0.0
1790952098364,47428,11.5,11,476.2,487.8,11,476.2,0,0.0
1790952098874,47428,11.5,11,458.6,470.1,11,458.6,0,0.0
1790952099385,47428,11.5,11,458.6,470.1,11,458.6,0,0.0
1790952099880,47428,11.5,11,458.5,470.0,11,458.5,0,0.0
1790952100387,47428,11.5,11,458.5,470.0,11,458.5,0,0.0
1790952100887,47428,11.5,11,456.3,467.8,11,456.3,0,0.0
1790952101403,47428,11.5,11,448.8,460.3,11,448.8,0,0.0
1790952101925,47428,11.5,11,448.7,460.2,11,448.7,0,0.0
1790952102438,47428,11.5,11,448.8,460.3,11,448.8,0,0.0
1790952102953,47428,11.5,11,448.8,460.4,11,448.8,0,0.0
1790952103468,47428,11.5,11,448.8,460.4,11,448.8,0,0.0
1790952103986,47428,11.5,11,448.8,460.4,11,448.8,0,0.0
1790952104502,47428,11.5,11,448.8,460.3,11,448.8,0,0.0
1790952105014,47428,11.5,11,448.8,460.3,11,448.8,0,0.0
1790952105535,47428,11.5,11,448.5,460.1,11,448.5,0,0.0
1790952106052,47428,11.5,11,448.5,460.1,11,448.5,0,0.0
1790952106551,47428,11.5,11,447.4,459.0,11,447.4,0,0.0
1790952107069,47428,11.5,11,447.4,459.0,11,447.4,0,0.0
1790952107583,47428,11.5,11,447.4,459.0,11,447.4,0,0.0
1790952108088,47428,11.5,11,447.4,459.0,11,447.4,0,0.0
1790952108599,47428,11.5,11,447.8,459.4,11,447.8,0,0.0
1790952109106,47428,11.5,11,447.8,459.4,11,447.8,0,0.0
1790952109606,47428,11.5,11,447.6,459.1,11,447.6,0,0.0
1790952110127,47428,11.5,11,447.7,459.2,11,447.7,0,0.0
1790952110629,47428,11.5,11,447.8,459.3,11,447.8,0,0.0
1790952111126,47428,11.5,11,447.7,459.2,11,447.7,0,0.0
1790952111631,47428,11.5,11,447.7,459.2,11,447.7,0,0.0
1790952112143,47428,11.5,11,447.7,459.2,11,447.7,0,0.0
1790952112653,47428,11.5,11,447.7,459.2,11,447.7,0,0.0
1790952113169,47428,11.5,11,447.7,459.2,11,447.7,0,0.0
1790952113672,47428,11.5,11,447.6,459.1,11,447.6,0,0.0
1790952114175,47428,11.5,11,448.0,459.6,11,448.0,0,0.0
1790952114676,47428,11.5,11,448.1,459.6,11,448.1,0,0.0
1790952115186,47428,11.5,11,448.1,459.6,11,448.1,0,0.0
1790952115706,47428,11.5,11,448.1,459.6,11,448.1,0,0.0
1790952116209,47428,11.5,11,448.1,459.6,11,448.1,0,0.0
1790952116720,47428,11.5,11,448.1,459.6,11,448.1,0,0.0
1790952117233,47428,11.5,11,448.1,459.7,11,448.1,0,0.0
1790952117749,47428,11.5,11,448.0,459.6,11,448.0,0,0.0
1790952118255,47428,11.5,11,447.9,459.4,11,447.9,0,0.0
1790952118775,47428,11.5,11,447.9,459.4,11,447.9,0,0.0
1790952119287,47428,11.5,11,448.6,460.1,11,448.6,0,0.0
1790952119785,47428,11.5,11,448.6,460.1,11,448.6,0,0.0
1790952120290,47428,11.5,11,448.7,460.2,11,448.7,0,0.0
1790952120793,47428,11.5,11,448.7,460.2,11,448.7,0,0.0
1790952121304,47428,11.5,11,448.6,460.2,11,448.6,0,0.0
1790952121823,47428,11.5,11,448.6,460.2,11,448.6,0,0.0
1790952122336,47428,11.5,11,448.9,460.5,11,448.9,0,0.0
1790952122850,47428,11.5,11,448.9,460.5,11,448.9,0,0.0
1790952123351,47428,11.5,11,448.9,460.5,11,448.9,0,0.0
1790952123871,47428,11.6,11,448.9,460.5,11,448.9,0,0.0
1790952124386,47428,11.6,11,449.0,460.5,11,449.0,0,0.0
1790952124911,47428,11.6,11,449.0,460.5,11,449.0,0,0.0
1790952125415,47428,11.6,11,448.9,460.4,11,448.9,0,0.0
1790952125918,47428,11.6,11,448.3,459.8,11,448.3,0,0.0
1790952126429,47428,11.6,11,448.4,459.9,11,448.4,0,0.0
1790952126936,47428,11.6,11,448.4,459.9,11,448.4,0,0.0
1790952127454,47428,11.6,11,448.4,459.9,11,448.4,0,0.0
1790952127962,47428,11.6,11,448.4,459.9,11,448.4,0,0.0
1790952128481,47428,11.6,11,448.4,459.9,11,448.4,0,0.0
1790952128984,47428,11.6,11,448.4,459.9,11,448.4,0,0.0
1790952129499,47428,11.6,11,448.3,459.9,11,448.3,0,0.0
1790952130010,47428,11.6,11,448.3,459.9,11,448.3,0,0.0
1790952130516,47428,11.6,11,448.4,459.9,11,448.4,0,0.0
1790952131029,47428,11.6,11,447.7,459.2,11,447.7,0,0.0
1790952131545,47428,11.6,11,447.7,459.2,11,447.7,0,0.0
1790952132054,47428,11.6,11,447.7,459.2,11,447.7,0,0.0
1790952132567,47428,11.6,11,447.7,459.3,11,447.7,0,0.0
1790952133074,47428,11.6,11,447.7,459.3,11,447.7,0,0.0
1790952133595,47428,11.6,11,447.6,459.2,11,447.6,0,0.0
1790952134098,47428,11.6,11,447.6,459.2,11,447.6,0,0.0
1790952134604,47428,11.6,11,447.7,459.2,11,447.7,0,0.0
1790952135124,47428,11.6,11,447.7,459.2,11,447.7,0,0.0
1790952135632,47428,11.6,11,447.7,459.2,11,447.7,0,0.0
1790952136135,47428,11.6,11,447.7,459.2,11,447.7,0,0.0
1790952136650,47428,11.6,11,447.7,459.3,11,447.7,0,0.0
1790952137170,47428,11.6,11,447.7,459.3,11,447.7,0,0.0
1790952137687,47428,11.6,11,447.6,459.2,11,447.6,0,0.0
1790952138201,47428,11.6,11,447.6,459.2,11,447.6,0,0.0
1790952138718,47428,11.6,11,447.7,459.2,11,447.7,0,0.0
1790952139242,47428,11.6,11,447.7,459.3,11,447.7,0,0.0
1790952139740,47428,11.6,11,447.7,459.3,11,447.7,0,0.0
1790952140242,47428,11.6,11,447.7,459.3,11,447.7,0,0.0
1790952140754,47428,11.6,11,447.7,459.2,11,447.7,0,0.0
1790952141252,47428,11.6,11,447.7,459.2,11,447.7,0,0.0
1790952141755,47428,11.6,11,447.7,459.3,11,447.7,0,0.0
1790952142262,47428,11.6,11,447.8,459.3,11,447.8,0,0.0
1790952142778,47428,11.6,11,447.8,459.3,11,447.8,0,0.0
1790952143287,47428,11.6,11,448.0,459.6,11,448.0,0,0.0
1790952143783,47428,11.6,11,458.3,469.9,11,458.3,0,0.0
1790952144290,47428,11.6,11,456.0,467.6,11,456.0,0,0.0
1790952144812,47428,11.6,11,455.9,467.5,11,455.9,0,0.0
1790952145322,47428,11.6,11,455.8,467.3,11,455.8,0,0.0
1790952145825,47428,11.6,11,454.6,466.2,11,454.6,0,0.0
1790952146346,47428,11.6,11,454.7,466.3,11,454.7,0,0.0
1790952146851,47428,11.6,11,454.7,466.3,11,454.7,0,0.0
1790952147376,47428,11.6,11,454.7,466.3,11,454.7,0,0.0
1790952147886,47428,11.6,11,454.7,466.3,11,454.7,0,0.0
1790952148408,47428,11.6,11,454.7,466.3,11,454.7,0,0.0
1790952148925,47428,11.6,11,454.7,466.3,11,454.7,0,0.0
1790952149441,47428,11.6,11,454.8,466.3,11,454.8,0,0.0
1790952149957,47428,11.6,11,454.5,466.1,11,454.5,0,0.0
1790952150457,47428,11.6,11,454.7,466.3,11,454.7,0,0.0
1790952150966,47428,11.6,11,454.7,466.3,11,454.7,0,0.0
1790952151474,47428,11.6,11,454.7,466.3,11,454.7,0,0.0
1790952151987,47428,11.6,11,454.7,466.3,11,454.7,0,0.0
1790952152503,47428,11.6,11,454.7,466.3,11,454.7,0,0.0
1790952153015,47428,11.6,11,455.0,466.6,11,455.0,0,0.0
1790952153526,47428,11.7,13,489.7,501.4,11,477.1,2,12.5
1790952154398,47428,11.2,11,492.0,503.3,11,492.0,0,0.0
1790952154904,47428,11.2,11,492.1,503.3,11,492.1,0,0.0
1790952155422,47428,11.2,11,493.2,504.4,11,493.2,0,0.0
1790952155939,47428,11.2,11,493.2,504.4,11,493.2,0,0.0
1790952156456,47428,11.2,11,493.2,504.4,11,493.2,0,0.0
1790952156971,47428,11.2,11,487.3,498.6,11,487.3,0,0.0
1790952157486,47428,11.2,11,486.9,498.2,11,486.9,0,0.0
1790952157997,47428,11.2,11,458.3,469.5,11,458.3,0,0.0
1790952158512,47428,11.2,11,458.4,469.6,11,458.4,0,0.0
1790952159031,47428,11.2,11,458.4,469.6,11,458.4,0,0.0
1790952159550,47428,11.2,11,458.4,469.7,11,458.4,0,0.0
1790952160072,47428,11.2,11,458.4,469.6,11,458.4,0,0.0
1790952160566,47428,11.2,11,458.4,469.7,11,458.4,0,0.0
1790952161076,47428,11.2,11,461.5,472.7,11,461.5,0,0.0
1790952161584,47428,11.2,11,460.9,472.1,11,460.9,0,0.0
1790952162092,47428,11.2,11,460.8,472.1,11,460.8,0,0.0
1790952162603,47428,11.2,11,460.9,472.2,11,460.9,0,0.0
1790952163115,47428,11.2,11,461.0,472.2,11,461.0,0,0.0
1790952163618,47428,11.2,11,461.0,472.2,11,461.0,0,0.0
1790952164133,47428,11.2,11,455.2,466.4,11,455.2,0,0.0
1790952164657,47428,11.2,11,455.2,466.4,11,455.2,0,0.0
1790952165168,47428,11.2,11,455.2,466.4,11,455.2,0,0.0
1790952165685,47428,11.2,11,454.5,465.8,11,454.5,0,0.0
1790952166202,47428,11.2,11,454.5,465.8,11,454.5,0,0.0
1790952166725,47428,11.2,11,454.7,466.0,11,454.7,0,0.0
1790952167238,47428,11.2,11,454.7,466.0,11,454.7,0,0.0
1790952167750,47428,11.2,11,454.7,466.0,11,454.7,0,0.0
1790952168264,47428,11.2,11,454.7,466.0,11,454.7,0,0.0
1790952168782,47428,11.2,11,452.0,463.3,11,452.0,0,0.0
1790952169301,47428,11.2,11,449.5,460.7,11,449.5,0,0.0
1790952169803,47428,11.2,11,449.4,460.7,11,449.4,0,0.0
1790952170306,47428,11.2,11,449.5,460.7,11,449.5,0,0.0
1790952170822,47428,11.2,11,449.5,460.7,11,449.5,0,0.0
1790952171333,47428,11.2,11,449.5,460.7,11,449.5,0,0.0
1790952171836,47428,11.2,11,449.5,460.7,11,449.5,0,0.0
1790952172338,47428,11.2,11,449.5,460.7,11,449.5,0,0.0
1790952172851,47428,11.2,11,449.5,460.7,11,449.5,0,0.0
1790952173359,47428,11.2,11,449.4,460.6,11,449.4,0,0.0
1790952173871,47428,11.2,11,449.4,460.6,11,449.4,0,0.0
1790952174396,47428,11.2,11,449.5,460.7,11,449.5,0,0.0
1790952174896,47428,11.2,11,449.5,460.7,11,449.5,0,0.0
1790952175402,47428,11.2,11,449.5,460.7,11,449.5,0,0.0
1790952175920,47428,11.2,11,449.5,460.7,11,449.5,0,0.0
1790952176433,47428,11.2,11,449.5,460.7,11,449.5,0,0.0
1790952176957,47428,11.2,11,449.5,460.7,11,449.5,0,0.0
1790952177456,47428,11.2,11,449.4,460.6,11,449.4,0,0.0
1790952177963,47428,11.2,11,449.4,460.6,11,449.4,0,0.0
1790952178480,47428,11.2,11,449.1,460.4,11,449.1,0,0.0
1790952178995,47428,11.2,11,449.1,460.4,11,449.1,0,0.0
1790952179499,47428,11.2,11,449.9,461.1,11,449.9,0,0.0
1790952179992,47428,11.2,11,449.9,461.1,11,449.9,0,0.0
1790952180510,47428,11.2,11,449.9,461.2,11,449.9,0,0.0
1790952181018,47428,11.2,11,449.6,460.9,11,449.6,0,0.0
1790952181519,47428,11.2,11,449.4,460.6,11,449.4,0,0.0
1790952182024,47428,11.2,11,449.4,460.6,11,449.4,0,0.0
1790952182525,47428,11.2,11,450.3,461.6,11,450.3,0,0.0
1790952183027,47428,11.2,11,450.3,461.6,11,450.3,0,0.0
1790952183549,47428,11.2,11,450.3,461.6,11,450.3,0,0.0
1790952184058,47428,11.2,11,450.3,461.6,11,450.3,0,0.0
1790952184567,47428,11.2,11,450.4,461.7,11,450.4,0,0.0
1790952185071,47428,11.2,11,450.4,461.6,11,450.4,0,0.0
1790952185596,47428,11.2,11,450.3,461.5,11,450.3,0,0.0
1790952186100,47428,11.2,11,450.3,461.5,11,450.3,0,0.0
1790952186603,47428,11.2,11,450.4,461.6,11,450.4,0,0.0
1790952187120,47428,11.2,11,450.4,461.6,11,450.4,0,0.0
1790952187642,47428,11.2,11,450.4,461.6,11,450.4,0,0.0
1790952188145,47428,11.2,11,450.4,461.6,11,450.4,0,0.0
1790952188647,47428,11.2,11,450.4,461.7,11,450.4,0,0.0
1790952189159,47428,11.2,11,450.4,461.6,11,450.4,0,0.0
1790952189672,47428,11.2,11,450.2,461.4,11,450.2,0,0.0
1790952190192,47428,11.2,11,450.2,461.4,11,450.2,0,0.0
1790952190687,47428,11.2,11,450.3,461.5,11,450.3,0,0.0
1790952191195,47428,11.2,11,450.3,461.5,11,450.3,0,0.0
1790952191690,47428,11.2,11,450.4,461.6,11,450.4,0,0.0
1790952192205,47428,11.2,11,450.4,461.6,11,450.4,0,0.0
1790952192723,47428,11.2,11,450.4,461.6,11,450.4,0,0.0
1790952193231,47428,11.2,11,450.4,461.6,11,450.4,0,0.0
1790952193751,47428,11.2,11,450.3,461.6,11,450.3,0,0.0
1790952194259,47428,11.2,11,450.4,461.6,11,450.4,0,0.0
1790952194756,47428,11.2,11,450.4,461.6,11,450.4,0,0.0
1790952195263,47428,11.2,11,450.4,461.6,11,450.4,0,0.0
1790952195776,47428,11.2,11,450.4,461.6,11,450.4,0,0.0
1790952196279,47428,11.2,11,450.4,461.6,11,450.4,0,0.0
1790952196793,47428,11.2,11,450.4,461.6,11,450.4,0,0.0
1790952197299,47428,11.2,11,450.4,461.6,11,450.4,0,0.0
1790952197816,47428,11.2,11,450.3,461.6,11,450.3,0,0.0
1790952198318,47428,11.2,11,450.4,461.6,11,450.4,0,0.0
1790952198819,47428,11.2,11,450.4,461.6,11,450.4,0,0.0
1790952199321,47428,11.2,11,450.4,461.6,11,450.4,0,0.0
1790952199838,47428,11.2,11,450.4,461.6,11,450.4,0,0.0
1790952200356,47428,11.2,11,450.4,461.7,11,450.4,0,0.0
1790952200854,47428,11.2,11,450.4,461.7,11,450.4,0,0.0
1790952201369,47428,11.2,11,450.2,461.5,11,450.2,0,0.0
1790952201889,47428,11.2,11,450.3,461.6,11,450.3,0,0.0
1790952202402,47428,11.2,11,450.4,461.6,11,450.4,0,0.0
1790952202904,47428,11.2,11,450.4,461.6,11,450.4,0,0.0
1790952203420,47428,11.2,11,450.5,461.8,11,450.5,0,0.0
1790952203936,47428,11.2,11,450.6,461.8,11,450.6,0,0.0
1790952204447,47428,11.2,11,450.6,461.8,11,450.6,0,0.0
1790952204952,47428,11.2,11,450.6,461.8,11,450.6,0,0.0
1790952205470,47428,11.2,11,450.5,461.8,11,450.5,0,0.0
1790952205984,47428,11.2,11,450.4,461.7,11,450.4,0,0.0
1790952206496,47428,11.2,11,450.5,461.7,11,450.5,0,0.0
1790952207016,47428,11.2,11,450.5,461.7,11,450.5,0,0.0
1790952207533,47428,11.2,11,450.5,461.7,11,450.5,0,0.0
1790952208050,47428,11.2,11,450.5,461.7,11,450.5,0,0.0
1790952208567,47428,11.2,11,450.4,461.6,11,450.4,0,0.0
1790952209080,47428,11.2,11,450.4,461.6,11,450.4,0,0.0
1790952209586,47428,11.2,11,450.3,461.5,11,450.3,0,0.0
1790952210085,47428,11.2,11,450.3,461.5,11,450.3,0,0.0
1790952210597,47428,11.2,11,450.4,461.6,11,450.4,0,0.0
1790952211102,47428,11.2,11,450.3,461.6,11,450.3,0,0.0
1790952211597,47428,11.2,11,450.5,461.7,11,450.5,0,0.0
1790952212120,47428,11.2,11,450.5,461.7,11,450.5,0,0.0
1790952212617,47428,11.2,11,450.5,461.7,11,450.5,0,0.0
1790952213125,47428,11.2,11,450.4,461.7,11,450.4,0,0.0
1790952213647,47428,11.0,17,552.1,563.1,11,486.1,6,66.0
1790952214444,47428,10.6,11,486.2,496.8,11,486.2,0,0.0
1790952214961,47428,10.6,11,486.2,496.8,11,486.2,0,0.0
1790952215456,47428,10.6,11,486.2,496.8,11,486.2,0,0.0
1790952215968,47428,10.6,11,486.2,496.8,11,486.2,0,0.0
1790952216481,47428,10.6,11,486.2,496.8,11,486.2,0,0.0
1790952216985,47428,10.6,11,486.2,496.8,11,486.2,0,0.0
1790952217482,47428,10.6,11,485.8,496.4,11,485.8,0,0.0
1790952218005,47428,10.6,11,457.4,468.0,11,457.4,0,0.0
1790952218506,47428,10.6,11,457.5,468.1,11,457.5,0,0.0
1790952219028,47428,10.6,11,457.5,468.1,11,457.5,0,0.0
1790952219533,47428,10.7,11,457.7,468.3,11,457.7,0,0.0
1790952220047,47428,10.7,11,457.7,468.4,11,457.7,0,0.0
1790952220553,47428,10.7,11,457.7,468.4,11,457.7,0,0.0
1790952221063,47428,10.7,11,457.3,468.0,11,457.3,0,0.0
1790952221584,47428,10.7,11,451.4,462.1,11,451.4,0,0.0
1790952222083,47428,10.7,11,451.4,462.1,11,451.4,0,0.0
1790952222604,47428,10.7,11,451.5,462.2,11,451.5,0,0.0
1790952223101,47428,10.7,11,451.5,462.2,11,451.5,0,0.0
1790952223618,47428,10.7,11,451.5,462.2,11,451.5,0,0.0
1790952224127,47428,10.7,11,451.5,462.2,11,451.5,0,0.0
1790952224647,47428,10.7,11,451.1,461.8,11,451.1,0,0.0
1790952225157,47428,10.7,11,451.1,461.8,11,451.1,0,0.0
1790952225672,47428,10.7,11,451.0,461.7,11,451.0,0,0.0
1790952226175,47428,10.7,11,451.0,461.7,11,451.0,0,0.0
1790952226681,47428,10.7,11,451.1,461.8,11,451.1,0,0.0
1790952227185,47428,10.7,11,451.1,461.8,11,451.1,0,0.0
1790952227705,47428,10.7,11,451.1,461.8,11,451.1,0,0.0
1790952228228,47428,10.7,11,451.2,461.9,11,451.2,0,0.0
1790952228730,47428,10.7,11,451.4,462.1,11,451.4,0,0.0
1790952229226,47428,10.7,11,451.4,462.1,11,451.4,0,0.0
1790952229737,47428,10.7,11,451.3,462.0,11,451.3,0,0.0
1790952230255,47428,10.7,11,451.4,462.1,11,451.4,0,0.0
1790952230759,47428,10.7,11,451.4,462.1,11,451.4,0,0.0
1790952231267,47428,10.7,11,451.5,462.2,11,451.5,0,0.0
1790952231776,47428,10.7,11,451.5,462.2,11,451.5,0,0.0
1790952232280,47428,10.7,11,451.6,462.2,11,451.6,0,0.0
1790952232775,47428,10.7,11,451.6,462.2,11,451.6,0,0.0
1790952233288,47428,10.7,11,450.8,461.5,11,450.8,0,0.0
1790952233791,47428,10.7,11,450.7,461.4,11,450.7,0,0.0
1790952234313,47428,10.7,11,450.9,461.6,11,450.9,0,0.0
1790952234820,47428,10.7,11,450.9,461.6,11,450.9,0,0.0
1790952235327,47428,10.7,11,450.9,461.6,11,450.9,0,0.0
1790952235844,47428,10.7,11,450.9,461.6,11,450.9,0,0.0
1790952236347,47428,10.7,11,451.0,461.6,11,451.0,0,0.0
1790952236855,47428,10.7,11,451.0,461.6,11,451.0,0,0.0
1790952237367,47428,10.7,11,450.9,461.6,11,450.9,0,0.0
1790952237867,47428,10.7,11,450.6,461.3,11,450.6,0,0.0
1790952238384,47428,10.7,11,450.7,461.4,11,450.7,0,0.0
1790952238882,47428,10.7,11,450.7,461.4,11,450.7,0,0.0
1790952239384,47428,10.7,11,450.7,461.4,11,450.7,0,0.0
1790952239915,47428,10.7,11,450.7,461.4,11,450.7,0,0.0
1790952240425,47428,10.7,11,450.8,461.4,11,450.8,0,0.0
1790952240942,47428,10.7,11,450.8,461.4,11,450.8,0,0.0
1790952241456,47428,10.7,11,450.6,461.3,11,450.6,0,0.0
1790952241976,47428,10.7,11,450.6,461.3,11,450.6,0,0.0
1790952242488,47428,10.7,11,450.7,461.4,11,450.7,0,0.0
1790952242995,47428,10.7,11,450.7,461.4,11,450.7,0,0.0
1790952243504,47428,10.7,11,450.7,461.4,11,450.7,0,0.0
1790952244022,47428,10.7,11,450.7,461.4,11,450.7,0,0.0
1790952244519,47428,10.7,11,450.7,461.4,11,450.7,0,0.0
1790952245027,47428,10.7,11,450.7,461.4,11,450.7,0,0.0
1790952245542,47428,10.7,11,450.7,461.4,11,450.7,0,0.0
1790952246041,47428,10.7,11,450.8,461.5,11,450.8,0,0.0
1790952246557,47428,10.7,11,450.9,461.6,11,450.9,0,0.0
1790952247076,47428,10.7,11,450.9,461.6,11,450.9,0,0.0
1790952247587,47428,10.7,11,450.9,461.6,11,450.9,0,0.0
1790952248102,47428,10.7,11,450.9,461.6,11,450.9,0,0.0
1790952248605,47428,10.7,11,450.9,461.6,11,450.9,0,0.0
1790952249133,47428,10.7,11,450.9,461.6,11,450.9,0,0.0
1790952249645,47428,10.7,11,450.8,461.5,11,450.8,0,0.0
1790952250144,47428,10.7,11,450.8,461.5,11,450.8,0,0.0
1790952250650,47428,10.7,11,450.9,461.6,11,450.9,0,0.0
1790952251171,47428,10.7,11,450.9,461.6,11,450.9,0,0.0
1790952251666,47428,10.7,11,450.9,461.6,11,450.9,0,0.0
1790952252185,47428,10.7,11,453.6,464.3,11,453.6,0,0.0
1790952252696,47428,10.7,11,455.6,466.2,11,455.6,0,0.0
1790952253213,47428,10.7,11,455.6,466.2,11,455.6,0,0.0
1790952253712,47428,10.7,11,455.3,466.0,11,455.3,0,0.0
1790952254230,47428,10.7,11,455.4,466.1,11,455.4,0,0.0
1790952254729,47428,10.6,11,455.4,466.0,11,455.4,0,0.0
1790952255234,47428,10.6,11,454.9,465.6,11,454.9,0,0.0
1790952255757,47428,10.6,11,454.7,465.3,11,454.7,0,0.0
1790952256266,47428,10.6,11,454.6,465.2,11,454.6,0,0.0
1790952256779,47428,10.6,11,454.5,465.2,11,454.5,0,0.0
1790952257279,47428,10.6,11,454.6,465.3,11,454.6,0,0.0
1790952257790,47428,10.6,11,454.6,465.2,11,454.6,0,0.0
1790952258290,47428,10.6,11,454.8,465.4,11,454.8,0,0.0
1790952258814,47428,10.6,11,454.8,465.4,11,454.8,0,0.0
1790952259320,47428,10.6,11,454.8,465.4,11,454.8,0,0.0
1790952259823,47428,10.6,11,454.8,465.4,11,454.8,0,0.0
1790952260331,47428,10.6,11,454.8,465.4,11,454.8,0,0.0
1790952260849,47428,10.6,11,454.8,465.4,11,454.8,0,0.0
1790952261346,47428,10.6,11,454.7,465.3,11,454.7,0,0.0
1790952261860,47428,10.6,11,454.6,465.2,11,454.6,0,0.0
1790952262359,47428,10.6,11,454.7,465.3,11,454.7,0,0.0
1790952262878,47428,10.6,11,454.7,465.3,11,454.7,0,0.0
1790952263391,47428,10.6,11,460.2,470.8,11,460.2,0,0.0
1790952263901,47428,10.6,11,460.2,470.8,11,460.2,0,0.0
1790952264416,47428,10.6,11,460.1,470.7,11,460.1,0,0.0
1790952264931,47428,10.6,11,460.1,470.7,11,460.1,0,0.0
1790952265430,47428,10.6,11,459.6,470.3,11,459.6,0,0.0
1790952265951,47428,10.6,11,459.6,470.3,11,459.6,0,0.0
1790952266469,47428,10.6,11,457.8,468.5,11,457.8,0,0.0
1790952266992,47428,10.6,11,457.8,468.5,11,457.8,0,0.0
1790952267503,47428,10.6,11,457.9,468.5,11,457.9,0,0.0
1790952267998,47428,10.6,11,457.9,468.5,11,457.9,0,0.0
1790952268512,47428,10.6,11,457.9,468.5,11,457.9,0,0.0
1790952269032,47428,10.6,11,457.8,468.5,11,457.8,0,0.0
1790952269545,47428,10.6,11,457.3,467.9,11,457.3,0,0.0
1790952270052,47428,10.6,11,457.3,468.0,11,457.3,0,0.0
1790952270550,47428,10.6,11,457.1,467.7,11,457.1,0,0.0
1790952271055,47428,10.6,11,457.1,467.7,11,457.1,0,0.0
1790952271563,47428,10.6,11,453.4,464.1,11,453.4,0,0.0
1790952272075,47428,10.6,11,453.5,464.1,11,453.5,0,0.0
1790952272601,47428,10.6,11,453.6,464.3,11,453.6,0,0.0
1790952273100,47428,10.6,11,451.0,461.7,11,451.0,0,0.0
1790952273620,47428,10.9,16,543.1,554.0,11,486.4,5,56.7
1790952274386,47428,10.7,11,486.5,497.2,11,486.5,0,0.0
1790952274886,47428,10.7,11,486.5,497.2,11,486.5,0,0.0
1790952275407,47428,10.7,11,486.5,497.2,11,486.5,0,0.0
1790952275922,47428,10.7,11,486.5,497.2,11,486.5,0,0.0
1790952276417,47428,10.7,11,486.5,497.2,11,486.5,0,0.0
1790952276929,47428,10.7,11,486.5,497.2,11,486.5,0,0.0
1790952277427,47428,10.7,11,486.5,497.2,11,486.5,0,0.0
1790952277932,47428,10.7,11,457.8,468.5,11,457.8,0,0.0
1790952278451,47428,10.7,11,457.9,468.6,11,457.9,0,0.0
1790952278967,47428,10.7,11,457.9,468.6,11,457.9,0,0.0
1790952279481,47428,10.7,11,458.0,468.7,11,458.0,0,0.0
1790952280001,47428,10.7,11,458.0,468.7,11,458.0,0,0.0
1790952280506,47428,10.7,11,458.0,468.7,11,458.0,0,0.0
1790952281010,47428,10.7,11,457.6,468.3,11,457.6,0,0.0
1790952281509,47428,10.7,11,451.4,462.1,11,451.4,0,0.0
1790952282016,47428,10.7,11,451.4,462.1,11,451.4,0,0.0
1790952282524,47428,10.7,11,451.4,462.2,11,451.4,0,0.0
1790952283033,47428,10.7,11,451.4,462.2,11,451.4,0,0.0
1790952283552,47428,10.7,11,451.4,462.2,11,451.4,0,0.0
1790952284058,47428,10.7,11,451.4,462.2,11,451.4,0,0.0
1790952284567,47428,10.7,11,451.0,461.7,11,451.0,0,0.0
1790952285075,47428,10.7,11,451.8,462.5,11,451.8,0,0.0
1790952285575,47428,10.7,11,451.4,462.1,11,451.4,0,0.0
1790952286079,47428,10.7,11,451.5,462.2,11,451.5,0,0.0
1790952286594,47428,10.7,11,451.7,462.4,11,451.7,0,0.0
1790952287112,47428,10.7,11,451.7,462.4,11,451.7,0,0.0
1790952287623,47428,10.7,11,451.7,462.4,11,451.7,0,0.0
1790952288124,47428,10.7,11,451.7,462.4,11,451.7,0,0.0
1790952288627,47428,10.7,11,451.7,462.4,11,451.7,0,0.0
1790952289137,47428,10.7,11,451.7,462.4,11,451.7,0,0.0
1790952289658,47428,10.7,11,451.6,462.3,11,451.6,0,0.0
1790952290151,47428,10.7,11,451.6,462.3,11,451.6,0,0.0
1790952290671,47428,10.7,11,451.7,462.4,11,451.7,0,0.0
1790952291187,47428,10.7,11,451.7,462.4,11,451.7,0,0.0
1790952291687,47428,10.7,11,451.7,462.4,11,451.7,0,0.0
1790952292183,47428,10.7,11,451.7,462.4,11,451.7,0,0.0
1790952292698,47428,10.7,11,451.7,462.4,11,451.7,0,0.0
1790952293214,47428,10.7,11,451.7,462.4,11,451.7,0,0.0
1790952293712,47428,10.7,11,451.6,462.3,11,451.6,0,0.0
1790952294215,47428,10.7,11,451.6,462.3,11,451.6,0,0.0
1790952294732,47428,10.7,11,451.7,462.4,11,451.7,0,0.0
1790952295254,47428,10.7,11,451.7,462.4,11,451.7,0,0.0
1790952295756,47428,10.7,11,451.7,462.4,11,451.7,0,0.0
1790952296258,47428,10.7,11,451.7,462.4,11,451.7,0,0.0
1790952296762,47428,10.7,11,451.7,462.4,11,451.7,0,0.0
1790952297276,47428,10.7,11,451.7,462.4,11,451.7,0,0.0
1790952297784,47428,10.7,11,451.6,462.3,11,451.6,0,0.0
1790952298285,47428,10.7,11,451.7,462.4,11,451.7,0,0.0
1790952298802,47428,10.7,11,451.7,462.4,11,451.7,0,0.0
1790952299315,47428,10.7,11,451.7,462.4,11,451.7,0,0.0
1790952299815,47428,10.7,11,451.7,462.4,11,451.7,0,0.0
1790952300324,47428,10.7,11,451.7,462.4,11,451.7,0,0.0
1790952300836,47428,10.7,11,451.7,462.4,11,451.7,0,0.0
1790952301343,47428,10.7,11,451.6,462.3,11,451.6,0,0.0
1790952301850,47428,10.7,11,451.3,462.0,11,451.3,0,0.0
1790952302351,47428,10.7,11,451.5,462.2,11,451.5,0,0.0
1790952302858,47428,10.7,11,451.5,462.2,11,451.5,0,0.0
1790952303380,47428,10.7,11,451.2,461.9,11,451.2,0,0.0
1790952303877,47428,11.4,11,451.1,462.6,11,451.1,0,0.0
1790952304397,47428,11.4,11,451.3,462.7,11,451.3,0,0.0
1790952304895,47428,11.4,11,451.3,462.8,11,451.3,0,0.0
1790952305404,47428,11.4,11,451.4,462.8,11,451.4,0,0.0
1790952305917,47428,11.4,11,451.4,462.8,11,451.4,0,0.0
1790952306439,47428,11.4,11,451.5,463.0,11,451.5,0,0.0
1790952306947,47428,11.4,11,451.5,463.0,11,451.5,0,0.0
1790952307463,47428,11.4,11,451.5,463.0,11,451.5,0,0.0
1790952307973,47428,11.4,11,451.6,463.0,11,451.6,0,0.0
1790952308472,47428,11.4,11,451.6,463.0,11,451.6,0,0.0
1790952308978,47428,11.4,11,451.6,463.0,11,451.6,0,0.0
1790952309498,47428,11.4,11,451.5,462.9,11,451.5,0,0.0
1790952309993,47428,11.4,11,451.5,462.9,11,451.5,0,0.0
1790952310505,47428,11.4,11,451.6,463.0,11,451.6,0,0.0
1790952311002,47428,11.4,11,451.6,463.0,11,451.6,0,0.0
1790952311508,47428,11.4,11,451.6,463.0,11,451.6,0,0.0
1790952312013,47428,11.4,11,451.6,463.0,11,451.6,0,0.0
1790952312530,47428,11.4,11,451.7,463.1,11,451.7,0,0.0
1790952313051,47428,11.4,11,451.7,463.1,11,451.7,0,0.0
1790952313566,47428,11.4,11,451.6,463.0,11,451.6,0,0.0
1790952314083,47428,11.4,11,451.6,463.0,11,451.6,0,0.0
1790952314600,47428,11.4,11,451.7,463.1,11,451.7,0,0.0
1790952315105,47428,11.4,11,451.7,463.1,11,451.7,0,0.0
1790952315621,47428,11.4,11,451.7,463.1,11,451.7,0,0.0
1790952316139,47428,11.4,11,451.7,463.1,11,451.7,0,0.0
1790952316650,47428,11.4,11,451.8,463.2,11,451.8,0,0.0
1790952317150,47428,11.4,11,451.8,463.2,11,451.8,0,0.0
1790952317657,47428,11.4,11,451.5,462.9,11,451.5,0,0.0
1790952318168,47428,11.4,11,451.5,462.9,11,451.5,0,0.0
1790952318673,47428,11.4,11,451.6,463.0,11,451.6,0,0.0
1790952319175,47428,11.4,11,451.6,463.0,11,451.6,0,0.0
1790952319679,47428,11.4,11,451.6,463.0,11,451.6,0,0.0
1790952320183,47428,11.4,11,451.6,463.0,11,451.6,0,0.0
1790952320686,47428,11.4,11,451.6,463.0,11,451.6,0,0.0
1790952321199,47428,11.4,11,451.6,463.0,11,451.6,0,0.0
1790952321721,47428,11.4,11,451.5,462.9,11,451.5,0,0.0
1790952322226,47428,11.3,11,451.5,462.8,11,451.5,0,0.0
1790952322737,47428,11.3,11,451.5,462.8,11,451.5,0,0.0
1790952323241,47428,11.3,11,451.5,462.8,11,451.5,0,0.0
1790952323746,47428,11.3,11,452.2,463.5,11,452.2,0,0.0
1790952324267,47428,11.3,11,452.2,463.5,11,452.2,0,0.0
1790952324786,47428,11.3,11,452.2,463.5,11,452.2,0,0.0
1790952325290,47428,11.3,11,452.4,463.7,11,452.4,0,0.0
1790952325810,47428,11.3,11,452.3,463.6,11,452.3,0,0.0
1790952326327,47428,11.3,11,452.3,463.7,11,452.3,0,0.0
1790952326840,47428,11.3,11,452.4,463.7,11,452.4,0,0.0
1790952327350,47428,11.3,11,452.5,463.8,11,452.5,0,0.0
1790952327858,47428,11.3,11,452.5,463.8,11,452.5,0,0.0
1790952328359,47428,11.3,11,452.5,463.8,11,452.5,0,0.0
1790952328868,47428,11.3,11,452.5,463.9,11,452.5,0,0.0
1790952329380,47428,11.3,11,452.5,463.9,11,452.5,0,0.0
1790952329894,47428,11.3,11,452.5,463.8,11,452.5,0,0.0
1790952330398,47428,11.3,11,452.5,463.8,11,452.5,0,0.0
1790952330903,47428,11.3,11,452.5,463.8,11,452.5,0,0.0
1790952331423,47428,11.3,11,452.5,463.8,11,452.5,0,0.0
1790952331944,47428,11.3,11,452.5,463.8,11,452.5,0,0.0
1790952332456,47428,11.3,11,452.5,463.8,11,452.5,0,0.0
1790952332975,47428,11.3,11,452.6,463.9,11,452.6,0,0.0
1790952333486,47428,11.4,13,482.2,493.6,11,473.0,2,9.2
1790952334327,47428,10.5,13,524.5,535.0,11,488.1,2,36.5
1790952334838,47428,10.5,11,488.1,498.5,11,488.1,0,0.0
1790952335353,47428,10.5,11,488.0,498.5,11,488.0,0,0.0
1790952335868,47428,10.5,11,488.0,498.5,11,488.0,0,0.0
1790952336380,47428,10.5,11,488.1,498.5,11,488.1,0,0.0
1790952336885,47428,10.5,11,488.1,498.5,11,488.1,0,0.0
1790952337399,47428,10.5,11,488.1,498.5,11,488.1,0,0.0
1790952337908,47428,10.5,11,487.6,498.1,11,487.6,0,0.0
1790952338407,47428,10.5,11,459.3,469.8,11,459.3,0,0.0
1790952338911,47428,10.5,11,459.3,469.8,11,459.3,0,0.0
1790952339426,47428,10.5,11,459.5,470.0,11,459.5,0,0.0
1790952339939,47428,10.5,11,459.5,470.0,11,459.5,0,0.0
1790952340459,47428,10.5,11,459.5,470.0,11,459.5,0,0.0
1790952340975,47428,10.5,11,459.5,470.0,11,459.5,0,0.0
1790952341486,47428,10.5,11,453.4,463.9,11,453.4,0,0.0
1790952342001,47428,10.5,11,453.5,463.9,11,453.5,0,0.0
1790952342505,47428,10.5,11,451.4,461.8,11,451.4,0,0.0
1790952343016,47428,10.5,11,451.4,461.8,11,451.4,0,0.0
1790952343526,47428,10.5,11,451.4,461.8,11,451.4,0,0.0
1790952344030,47428,10.5,11,451.4,461.8,11,451.4,0,0.0
1790952344527,47428,10.5,11,451.3,461.8,11,451.3,0,0.0
1790952345034,47428,10.5,11,452.0,462.5,11,452.0,0,0.0
1790952345556,47428,10.5,11,452.0,462.4,11,452.0,0,0.0
1790952346066,47428,10.5,11,451.9,462.4,11,451.9,0,0.0
1790952346574,47428,10.5,11,452.0,462.5,11,452.0,0,0.0
1790952347088,47428,10.5,11,452.0,462.5,11,452.0,0,0.0
1790952347605,47428,10.5,11,452.2,462.6,11,452.2,0,0.0
1790952348118,47428,10.5,11,452.3,462.7,11,452.3,0,0.0
1790952348625,47428,10.5,11,452.3,462.8,11,452.3,0,0.0
1790952349124,47428,10.5,11,452.3,462.8,11,452.3,0,0.0
1790952349637,47428,10.5,11,452.1,462.5,11,452.1,0,0.0
1790952350152,47428,10.5,11,452.2,462.6,11,452.2,0,0.0
1790952350665,47428,10.5,11,452.2,462.7,11,452.2,0,0.0
1790952351170,47428,10.5,11,452.3,462.7,11,452.3,0,0.0
1790952351693,47428,10.5,11,452.3,462.7,11,452.3,0,0.0
1790952352190,47428,10.5,11,452.3,462.7,11,452.3,0,0.0
1790952352709,47428,10.5,11,452.3,462.7,11,452.3,0,0.0
1790952353208,47428,10.5,11,452.3,462.7,11,452.3,0,0.0
1790952353722,47428,10.5,11,452.3,462.8,11,452.3,0,0.0
1790952354240,47428,10.5,11,452.4,462.8,11,452.4,0,0.0
1790952354753,47428,10.5,11,452.4,462.8,11,452.4,0,0.0
1790952355256,47428,10.5,11,452.4,462.9,11,452.4,0,0.0
1790952355763,47428,10.5,11,452.4,462.9,11,452.4,0,0.0
1790952356275,47428,10.5,11,452.4,462.9,11,452.4,0,0.0
1790952356793,47428,10.5,11,452.4,462.9,11,452.4,0,0.0
1790952357311,47428,10.5,11,452.4,462.9,11,452.4,0,0.0
1790952357833,47428,10.5,11,452.3,462.8,11,452.3,0,0.0
1790952358328,47428,10.5,11,452.4,462.8,11,452.4,0,0.0
1790952358838,47428,10.5,11,452.4,462.8,11,452.4,0,0.0
1790952359347,47428,10.5,11,452.4,462.9,11,452.4,0,0.0
1790952359857,47428,10.5,11,452.4,462.9,11,452.4,0,0.0
1790952360382,47428,10.5,11,452.6,463.1,11,452.6,0,0.0
1790952360882,47428,10.5,11,452.8,463.2,11,452.8,0,0.0
1790952361394,47428,10.5,11,452.9,463.4,11,452.9,0,0.0
1790952361904,47428,10.5,11,452.8,463.3,11,452.8,0,0.0
1790952362406,47428,10.5,11,452.9,463.3,11,452.9,0,0.0
1790952362921,47428,10.5,11,452.9,463.3,11,452.9,0,0.0
1790952363444,47428,10.5,11,452.7,463.2,11,452.7,0,0.0
1790952363958,47428,10.5,11,452.7,463.2,11,452.7,0,0.0
1790952364469,47428,10.5,11,453.3,463.8,11,453.3,0,0.0
1790952364978,47428,10.5,11,453.3,463.8,11,453.3,0,0.0
1790952365495,47428,10.5,11,453.4,463.8,11,453.4,0,0.0
1790952365999,47428,10.5,11,458.9,469.4,11,458.9,0,0.0
1790952366497,47428,10.5,11,459.0,469.4,11,459.0,0,0.0
1790952367017,47428,10.5,11,459.0,469.4,11,459.0,0,0.0
1790952367522,47428,10.5,11,459.0,469.4,11,459.0,0,0.0
1790952368025,47428,10.5,11,459.0,469.4,11,459.0,0,0.0
1790952368524,47428,10.5,11,459.0,469.4,11,459.0,0,0.0
1790952369027,47428,10.5,11,457.1,467.6,11,457.1,0,0.0
1790952369526,47428,10.5,11,456.7,467.1,11,456.7,0,0.0
1790952370044,47428,10.5,11,456.7,467.1,11,456.7,0,0.0
1790952370539,47428,10.5,11,456.9,467.3,11,456.9,0,0.0
1790952371041,47428,10.5,11,456.9,467.3,11,456.9,0,0.0
1790952371543,47428,10.5,11,456.9,467.3,11,456.9,0,0.0
1790952372055,47428,10.5,11,456.9,467.3,11,456.9,0,0.0
1790952372557,47428,10.5,11,456.9,467.3,11,456.9,0,0.0
1790952373069,47428,10.5,11,456.9,467.3,11,456.9,0,0.0
1790952373579,47428,10.5,11,456.8,467.2,11,456.8,0,0.0
1790952374077,47428,10.5,11,454.7,465.2,11,454.7,0,0.0
1790952374595,47428,10.5,11,452.2,462.7,11,452.2,0,0.0
1790952375115,47428,10.5,11,452.2,462.7,11,452.2,0,0.0
1790952375627,47428,10.5,11,452.2,462.7,11,452.2,0,0.0
1790952376129,47428,10.5,11,452.2,462.7,11,452.2,0,0.0
1790952376633,47428,10.5,11,452.2,462.7,11,452.2,0,0.0
1790952377148,47428,10.5,11,452.2,462.7,11,452.2,0,0.0
1790952377651,47428,10.5,11,452.2,462.6,11,452.2,0,0.0
1790952378168,47428,10.5,11,452.2,462.6,11,452.2,0,0.0
1790952378669,47428,10.5,11,452.2,462.7,11,452.2,0,0.0
1790952379190,47428,10.5,11,452.2,462.7,11,452.2,0,0.0
1790952379691,47428,10.5,11,452.2,462.7,11,452.2,0,0.0
1790952380200,47428,10.5,11,452.2,462.7,11,452.2,0,0.0
1790952380696,47428,10.5,11,452.2,462.7,11,452.2,0,0.0
1790952381203,47428,10.5,11,452.2,462.7,11,452.2,0,0.0
1790952381721,47428,10.5,11,451.8,462.3,11,451.8,0,0.0
1790952382240,47428,10.5,11,451.9,462.4,11,451.9,0,0.0
1790952382744,47428,10.5,11,451.9,462.4,11,451.9,0,0.0
1790952383245,47428,10.5,11,451.9,462.4,11,451.9,0,0.0
1790952383766,47428,10.5,11,451.9,462.4,11,451.9,0,0.0
1790952384287,47428,10.5,11,452.6,463.1,11,452.6,0,0.0
1790952384800,47428,10.5,11,452.6,463.1,11,452.6,0,0.0
1790952385303,47428,10.5,11,452.6,463.1,11,452.6,0,0.0
1790952385807,47428,10.5,11,452.6,463.0,11,452.6,0,0.0
1790952386315,47428,10.5,11,452.6,463.1,11,452.6,0,0.0
1790952386825,47428,10.5,11,452.7,463.1,11,452.7,0,0.0
1790952387348,47428,10.5,11,453.5,463.9,11,453.5,0,0.0
1790952387864,47428,10.5,11,453.5,464.0,11,453.5,0,0.0
1790952388368,47428,10.5,11,453.5,464.0,11,453.5,0,0.0
1790952388872,47428,10.5,11,453.5,463.9,11,453.5,0,0.0
1790952389374,47428,10.5,11,453.5,463.9,11,453.5,0,0.0
1790952389883,47428,10.5,11,453.4,463.8,11,453.4,0,0.0
1790952390402,47428,10.5,11,453.5,463.9,11,453.5,0,0.0
1790952390922,47428,10.5,11,453.5,463.9,11,453.5,0,0.0
1790952391431,47428,10.5,11,453.5,463.9,11,453.5,0,0.0
1790952391947,47428,10.5,11,453.5,463.9,11,453.5,0,0.0
1790952392467,47428,10.5,11,452.9,463.4,11,452.9,0,0.0
1790952392980,47428,10.5,11,452.9,463.4,11,452.9,0,0.0
1790952393493,47428,10.9,13,485.4,496.3,11,474.7,2,10.7
1790952394340,47428,10.8,13,527.1,537.9,11,489.3,2,37.8
1790952394843,47428,10.8,11,489.3,500.1,11,489.3,0,0.0
1790952395352,47428,10.8,11,489.3,500.1,11,489.3,0,0.0
1790952395851,47428,10.8,11,489.3,500.1,11,489.3,0,0.0
1790952396358,47428,10.8,11,489.3,500.1,11,489.3,0,0.0
1790952396865,47428,10.8,11,489.3,500.1,11,489.3,0,0.0
1790952397380,47428,10.8,11,489.3,500.1,11,489.3,0,0.0
1790952397886,47428,10.8,11,488.7,499.5,11,488.7,0,0.0
1790952398395,47428,10.8,11,464.0,474.8,11,464.0,0,0.0
1790952398915,47428,10.8,11,464.0,474.8,11,464.0,0,0.0
1790952399425,47428,10.8,11,464.0,474.8,11,464.0,0,0.0
1790952399945,47428,10.8,11,463.6,474.4,11,463.6,0,0.0
1790952400450,47428,10.8,11,463.6,474.5,11,463.6,0,0.0
1790952400953,47428,10.8,11,463.6,474.4,11,463.6,0,0.0
1790952401452,47428,10.8,11,453.5,464.3,11,453.5,0,0.0
1790952401961,47428,10.8,11,453.4,464.2,11,453.4,0,0.0
1790952402476,47428,10.8,11,453.4,464.3,11,453.4,0,0.0
1790952402989,47428,10.8,11,453.4,464.2,11,453.4,0,0.0
1790952403484,47428,10.8,11,453.4,464.2,11,453.4,0,0.0
1790952404005,47428,10.8,11,453.5,464.3,11,453.5,0,0.0
1790952404502,47428,10.8,11,453.5,464.3,11,453.5,0,0.0
1790952405011,47428,10.8,11,453.0,463.8,11,453.0,0,0.0
1790952405505,47428,10.8,11,453.0,463.8,11,453.0,0,0.0
1790952406016,47428,10.8,11,452.9,463.7,11,452.9,0,0.0
1790952406531,47428,10.8,11,453.0,463.8,11,453.0,0,0.0
1790952407046,47428,10.8,11,453.0,463.8,11,453.0,0,0.0
1790952407563,47428,10.8,11,453.0,463.8,11,453.0,0,0.0
1790952408075,47428,10.8,11,453.0,463.9,11,453.0,0,0.0
1790952408595,47428,10.8,11,453.2,464.0,11,453.2,0,0.0
1790952409109,47428,10.8,11,453.2,464.0,11,453.2,0,0.0
1790952409621,47428,10.8,11,453.1,463.9,11,453.1,0,0.0
1790952410131,47428,10.8,11,453.1,463.9,11,453.1,0,0.0
1790952410643,47428,10.8,11,453.2,464.0,11,453.2,0,0.0
1790952411159,47428,10.8,11,453.2,464.0,11,453.2,0,0.0
1790952411671,47428,10.8,11,453.2,464.0,11,453.2,0,0.0
1790952412195,47428,10.8,11,453.2,464.0,11,453.2,0,0.0
1790952412696,47428,10.8,11,453.2,464.0,11,453.2,0,0.0
1790952413208,47428,10.8,11,453.2,464.0,11,453.2,0,0.0
1790952413716,47428,10.8,11,452.9,463.7,11,452.9,0,0.0
1790952414234,47428,10.8,11,453.0,463.8,11,453.0,0,0.0
1790952414746,47428,10.8,11,453.0,463.8,11,453.0,0,0.0
1790952415263,47428,10.8,11,453.1,463.9,11,453.1,0,0.0
1790952415786,47428,10.8,11,453.1,463.9,11,453.1,0,0.0
1790952416296,47428,10.8,11,453.1,463.9,11,453.1,0,0.0
1790952416818,47428,10.8,11,453.1,463.9,11,453.1,0,0.0
1790952417315,47428,10.8,11,453.1,463.9,11,453.1,0,0.0
1790952417823,47428,10.8,11,453.0,463.8,11,453.0,0,0.0
1790952418337,47428,10.8,11,453.1,463.9,11,453.1,0,0.0
1790952418851,47428,10.8,11,453.1,463.9,11,453.1,0,0.0
1790952419351,47428,10.8,11,453.1,463.9,11,453.1,0,0.0
1790952419858,47428,10.8,11,453.1,463.9,11,453.1,0,0.0
1790952420373,47428,10.8,11,453.1,463.9,11,453.1,0,0.0
1790952420890,47428,10.8,11,453.1,463.9,11,453.1,0,0.0
1790952421407,47428,10.8,11,453.1,463.9,11,453.1,0,0.0
1790952421923,47428,10.8,11,453.0,463.8,11,453.0,0,0.0
1790952422420,47428,10.8,11,453.1,463.9,11,453.1,0,0.0
1790952422939,47428,10.8,11,453.1,463.9,11,453.1,0,0.0
1790952423461,47428,10.8,11,452.8,463.6,11,452.8,0,0.0
1790952423960,47428,11.1,11,452.8,463.8,11,452.8,0,0.0
1790952424464,47428,11.1,11,452.9,464.0,11,452.9,0,0.0
1790952424971,47428,11.1,11,453.0,464.0,11,453.0,0,0.0
1790952425483,47428,11.1,11,453.0,464.0,11,453.0,0,0.0
1790952425997,47428,11.1,11,452.9,463.9,11,452.9,0,0.0
1790952426511,47428,11.1,11,453.7,464.7,11,453.7,0,0.0
1790952427024,47428,11.1,11,453.6,464.7,11,453.6,0,0.0
1790952427532,47428,11.1,11,453.6,464.7,11,453.6,0,0.0
1790952428043,47428,11.1,11,453.6,464.7,11,453.6,0,0.0
1790952428547,47428,11.1,11,453.7,464.7,11,453.7,0,0.0
1790952429060,47428,11.1,11,453.7,464.7,11,453.7,0,0.0
1790952429569,47428,11.1,11,453.5,464.6,11,453.5,0,0.0
1790952430067,47428,11.1,11,453.7,464.7,11,453.7,0,0.0
1790952430590,47428,11.1,11,453.8,464.8,11,453.8,0,0.0
1790952431092,47428,11.1,11,453.8,464.9,11,453.8,0,0.0
1790952431606,47428,11.1,11,453.9,464.9,11,453.9,0,0.0
1790952432121,47428,11.1,11,453.8,464.9,11,453.8,0,0.0
1790952432643,47428,11.1,11,453.8,464.9,11,453.8,0,0.0
1790952433153,47428,11.1,11,453.8,464.9,11,453.8,0,0.0
1790952433665,47428,11.1,11,453.7,464.8,11,453.7,0,0.0
1790952434168,47428,11.1,11,453.7,464.8,11,453.7,0,0.0
1790952434667,47428,11.1,11,454.0,465.0,11,454.0,0,0.0
1790952435190,47428,11.1,11,454.0,465.0,11,454.0,0,0.0
1790952435693,47428,11.1,11,454.0,465.0,11,454.0,0,0.0
1790952436205,47428,11.1,11,454.0,465.0,11,454.0,0,0.0
1790952436720,47428,11.1,11,454.0,465.0,11,454.0,0,0.0
1790952437236,47428,11.1,11,454.0,465.0,11,454.0,0,0.0
1790952437745,47428,11.1,11,453.9,464.9,11,453.9,0,0.0
1790952438256,47428,11.1,11,453.4,464.5,11,453.4,0,0.0
1790952438757,47428,11.1,11,453.4,464.5,11,453.4,0,0.0
1790952439262,47428,11.1,11,453.4,464.5,11,453.4,0,0.0
1790952439762,47428,11.1,11,453.4,464.5,11,453.4,0,0.0
1790952440279,47428,11.1,11,453.4,464.5,11,453.4,0,0.0
1790952440792,47428,11.1,11,453.4,464.5,11,453.4,0,0.0
1790952441309,47428,11.1,11,453.4,464.5,11,453.4,0,0.0
1790952441828,47428,11.1,11,453.3,464.4,11,453.3,0,0.0
1790952442344,47428,11.1,11,453.4,464.5,11,453.4,0,0.0
1790952442863,47428,11.1,11,453.4,464.5,11,453.4,0,0.0
1790952443372,47428,11.1,11,453.4,464.5,11,453.4,0,0.0
1790952443868,47428,11.1,11,453.4,464.5,11,453.4,0,0.0
1790952444378,47428,11.1,11,453.4,464.5,11,453.4,0,0.0
1790952444882,47428,11.1,11,453.4,464.5,11,453.4,0,0.0
1790952445390,47428,11.1,11,453.4,464.5,11,453.4,0,0.0
1790952445901,47428,11.1,11,453.3,464.4,11,453.3,0,0.0
1790952446419,47428,11.1,11,453.4,464.5,11,453.4,0,0.0
1790952446932,47428,11.1,11,453.4,464.5,11,453.4,0,0.0
1790952447451,47428,11.1,11,453.4,464.5,11,453.4,0,0.0
1790952447965,47428,11.1,11,453.6,464.6,11,453.6,0,0.0
1790952448485,47428,11.1,11,453.5,464.6,11,453.5,0,0.0
1790952448986,47428,11.1,11,453.5,464.6,11,453.5,0,0.0
1790952449500,47428,11.1,11,453.5,464.6,11,453.5,0,0.0
1790952450001,47428,11.1,11,453.4,464.5,11,453.4,0,0.0
1790952450508,47428,11.1,11,453.5,464.6,11,453.5,0,0.0
1790952451016,47428,11.1,11,453.5,464.6,11,453.5,0,0.0
1790952451535,47428,11.1,11,453.5,464.6,11,453.5,0,0.0
1790952452048,47428,11.1,11,453.5,464.6,11,453.5,0,0.0
1790952452560,47428,11.1,11,453.5,464.6,11,453.5,0,0.0
1790952453083,47428,11.1,11,454.3,465.4,11,454.3,0,0.0
1790952453602,47428,11.2,16,542.1,553.4,11,490.5,5,51.6
1790952454403,47428,11.0,11,490.6,501.6,11,490.6,0,0.0
1790952454912,47428,11.0,11,490.6,501.6,11,490.6,0,0.0
1790952455423,47428,11.0,11,492.1,503.1,11,492.1,0,0.0
1790952455942,47428,11.0,11,492.1,503.1,11,492.1,0,0.0
1790952456437,47428,11.0,11,492.0,503.1,11,492.0,0,0.0
1790952456954,47428,11.0,11,492.0,503.1,11,492.0,0,0.0
1790952457465,47428,11.0,11,492.0,503.1,11,492.0,0,0.0
1790952457974,47428,11.0,11,491.9,502.9,11,491.9,0,0.0
1790952458491,47428,11.0,11,463.5,474.5,11,463.5,0,0.0
1790952458988,47428,11.0,11,463.5,474.5,11,463.5,0,0.0
1790952459509,47428,11.0,11,463.5,474.5,11,463.5,0,0.0
1790952460011,47428,11.0,11,463.5,474.5,11,463.5,0,0.0
1790952460526,47428,11.0,11,463.5,474.5,11,463.5,0,0.0
1790952461039,47428,11.0,11,463.5,474.5,11,463.5,0,0.0
1790952461550,47428,11.0,11,456.6,467.6,11,456.6,0,0.0
1790952462060,47428,11.0,11,456.6,467.6,11,456.6,0,0.0
1790952462576,47428,11.0,11,455.4,466.5,11,455.4,0,0.0
1790952463095,47428,11.0,11,455.5,466.5,11,455.5,0,0.0
1790952463615,47428,11.0,11,455.5,466.5,11,455.5,0,0.0
1790952464114,47428,11.0,11,455.5,466.5,11,455.5,0,0.0
1790952464620,47428,11.0,11,455.6,466.6,11,455.6,0,0.0
1790952465121,47428,11.0,11,455.6,466.6,11,455.6,0,0.0
1790952465629,47428,11.0,11,455.5,466.5,11,455.5,0,0.0
1790952466136,47428,11.0,11,455.5,466.5,11,455.5,0,0.0
1790952466651,47428,11.0,11,455.6,466.6,11,455.6,0,0.0
1790952467153,47428,11.0,11,455.6,466.6,11,455.6,0,0.0
1790952467667,47428,11.0,11,455.6,466.6,11,455.6,0,0.0
1790952468184,47428,11.0,11,461.2,472.2,11,461.2,0,0.0
1790952468703,47428,11.0,11,461.3,472.3,11,461.3,0,0.0
1790952469212,47428,11.0,11,461.3,472.3,11,461.3,0,0.0
1790952469734,47428,11.0,11,460.8,471.8,11,460.8,0,0.0
1790952470254,47428,11.0,11,460.9,472.0,11,460.9,0,0.0
1790952470751,47428,11.0,11,460.9,472.0,11,460.9,0,0.0
1790952471273,47428,11.0,11,459.1,470.1,11,459.1,0,0.0
1790952471788,47428,11.0,11,459.1,470.1,11,459.1,0,0.0
1790952472287,47428,11.0,11,458.7,469.7,11,458.7,0,0.0
1790952472798,47428,11.0,11,458.7,469.7,11,458.7,0,0.0
1790952473316,47428,11.0,11,458.7,469.7,11,458.7,0,0.0
1790952473829,47428,11.0,11,458.6,469.6,11,458.6,0,0.0
1790952474349,47428,11.0,11,458.7,469.7,11,458.7,0,0.0
1790952474858,47428,11.0,11,458.7,469.7,11,458.7,0,0.0
1790952475361,47428,11.0,11,458.2,469.2,11,458.2,0,0.0
1790952475872,47428,11.0,11,458.2,469.2,11,458.2,0,0.0
1790952476381,47428,11.0,11,454.6,465.6,11,454.6,0,0.0
1790952476895,47428,11.0,11,454.6,465.6,11,454.6,0,0.0
1790952477407,47428,11.0,11,454.6,465.6,11,454.6,0,0.0
1790952477925,47428,11.0,11,454.2,465.3,11,454.2,0,0.0
1790952478435,47428,11.0,11,454.3,465.4,11,454.3,0,0.0
1790952478957,47428,11.0,11,454.3,465.4,11,454.3,0,0.0
1790952479472,47428,11.0,11,454.3,465.4,11,454.3,0,0.0
1790952479982,47428,11.0,11,454.3,465.4,11,454.3,0,0.0
1790952480498,47428,11.0,11,454.3,465.4,11,454.3,0,0.0
1790952481012,47428,11.0,11,454.3,465.4,11,454.3,0,0.0
1790952481505,47428,11.0,11,454.3,465.4,11,454.3,0,0.0
1790952482009,47428,11.0,11,454.3,465.3,11,454.3,0,0.0
1790952482516,47428,11.0,11,454.3,465.4,11,454.3,0,0.0
1790952483033,47428,11.0,11,454.3,465.3,11,454.3,0,0.0
1790952483541,47428,10.8,11,454.5,465.2,11,454.5,0,0.0
1790952484059,47428,10.8,11,454.5,465.2,11,454.5,0,0.0
1790952484570,47428,10.8,11,454.2,464.9,11,454.2,0,0.0
1790952485069,47428,10.8,11,454.2,464.9,11,454.2,0,0.0
1790952485588,47428,10.8,11,454.1,464.9,11,454.1,0,0.0
1790952486098,47428,10.8,11,454.1,464.8,11,454.1,0,0.0
1790952486606,47428,10.8,11,454.9,465.6,11,454.9,0,0.0
1790952487121,47428,10.8,11,454.9,465.6,11,454.9,0,0.0
1790952487642,47428,10.8,11,454.9,465.6,11,454.9,0,0.0
1790952488166,47428,10.8,11,454.9,465.6,11,454.9,0,0.0
1790952488667,47428,10.8,11,454.9,465.6,11,454.9,0,0.0
1790952489170,47428,10.8,11,454.9,465.6,11,454.9,0,0.0
1790952489679,47428,10.8,11,455.6,466.4,11,455.6,0,0.0
1790952490201,47428,10.8,11,455.6,466.4,11,455.6,0,0.0
1790952490700,47428,10.8,11,455.7,466.5,11,455.7,0,0.0
1790952491217,47428,10.8,11,455.8,466.6,11,455.8,0,0.0
1790952491720,47428,10.8,11,455.8,466.6,11,455.8,0,0.0
1790952492227,47428,10.8,11,455.9,466.6,11,455.9,0,0.0
1790952492724,47428,10.8,11,455.9,466.6,11,455.9,0,0.0
1790952493243,47428,10.8,11,461.1,471.8,11,461.1,0,0.0
1790952493752,47428,10.8,11,461.0,471.7,11,461.0,0,0.0
1790952494250,47428,10.8,11,461.1,471.8,11,461.1,0,0.0
1790952494769,47428,10.8,11,461.1,471.8,11,461.1,0,0.0
1790952495285,47428,10.8,11,461.1,471.8,11,461.1,0,0.0
1790952495792,47428,10.8,11,461.1,471.8,11,461.1,0,0.0
1790952496297,47428,10.8,11,461.2,471.9,11,461.2,0,0.0
1790952496807,47428,10.8,11,461.1,471.8,11,461.1,0,0.0
1790952497326,47428,10.8,11,461.0,471.7,11,461.0,0,0.0
1790952497841,47428,10.8,11,459.9,470.6,11,459.9,0,0.0
1790952498355,47428,10.8,11,460.1,470.8,11,460.1,0,0.0
1790952498864,47428,10.8,11,460.0,470.8,11,460.0,0,0.0
1790952499371,47428,10.8,11,460.3,471.1,11,460.3,0,0.0
1790952499892,47428,10.8,11,460.3,471.0,11,460.3,0,0.0
1790952500395,47428,10.8,11,460.3,471.0,11,460.3,0,0.0
1790952500914,47428,10.8,11,460.3,471.0,11,460.3,0,0.0
1790952501411,47428,10.8,11,460.3,471.0,11,460.3,0,0.0
1790952501919,47428,10.8,11,459.9,470.6,11,459.9,0,0.0
1790952502414,47428,10.8,11,459.4,470.2,11,459.4,0,0.0
1790952502926,47428,10.8,11,459.4,470.2,11,459.4,0,0.0
1790952503439,47428,10.8,11,459.5,470.2,11,459.5,0,0.0
1790952503949,47428,10.8,11,459.4,470.2,11,459.4,0,0.0
1790952504449,47428,10.8,11,459.4,470.2,11,459.4,0,0.0
1790952504961,47428,10.8,11,459.4,470.2,11,459.4,0,0.0
1790952505464,47428,10.8,11,459.4,470.2,11,459.4,0,0.0
1790952505978,47428,10.8,11,458.8,469.6,11,458.8,0,0.0
1790952506499,47428,10.8,11,455.0,465.8,11,455.0,0,0.0
1790952507011,47428,10.8,11,455.0,465.8,11,455.0,0,0.0
1790952507524,47428,10.8,11,455.8,466.6,11,455.8,0,0.0
1790952508042,47428,10.8,11,455.8,466.6,11,455.8,0,0.0
1790952508554,47428,10.8,11,455.9,466.6,11,455.9,0,0.0
1790952509059,47428,10.8,11,455.3,466.1,11,455.3,0,0.0
1790952509576,47428,10.8,11,455.3,466.0,11,455.3,0,0.0
1790952510084,47428,10.8,11,455.2,466.0,11,455.2,0,0.0
1790952510585,47428,10.8,11,455.4,466.1,11,455.4,0,0.0
1790952511087,47428,10.8,11,455.5,466.2,11,455.5,0,0.0
1790952511586,47428,10.8,11,455.5,466.2,11,455.5,0,0.0
1790952512087,47428,10.8,11,455.5,466.2,11,455.5,0,0.0
1790952512595,47428,10.8,11,455.5,466.2,11,455.5,0,0.0
1790952513112,47428,10.8,11,455.4,466.2,11,455.4,0,0.0
1790952513651,47428,11.3,17,563.0,574.3,11,491.3,6,71.7
1790952514501,47428,11.6,11,491.2,502.8,11,491.2,0,0.0
1790952515006,47428,11.6,11,491.2,502.9,11,491.2,0,0.0
1790952515521,47428,11.6,11,491.3,502.9,11,491.3,0,0.0
1790952516022,47428,11.6,11,491.3,502.9,11,491.3,0,0.0
1790952516535,47428,11.6,11,491.2,502.9,11,491.2,0,0.0
1790952517039,47428,11.6,11,491.2,502.9,11,491.2,0,0.0
1790952517538,47428,11.6,11,492.2,503.9,11,492.2,0,0.0
1790952518035,47428,11.6,11,492.1,503.7,11,492.1,0,0.0
1790952518549,47428,11.7,11,463.8,475.4,11,463.8,0,0.0
1790952519056,47428,11.7,11,463.8,475.4,11,463.8,0,0.0
1790952519562,47428,11.7,11,463.8,475.4,11,463.8,0,0.0
1790952520077,47428,11.7,11,463.8,475.4,11,463.8,0,0.0
1790952520591,47428,11.7,11,463.8,475.4,11,463.8,0,0.0
1790952521101,47428,11.7,11,463.8,475.4,11,463.8,0,0.0
1790952521603,47428,11.7,11,455.7,467.4,11,455.7,0,0.0
1790952522103,47428,11.7,11,455.6,467.3,11,455.6,0,0.0
1790952522608,47428,11.7,11,455.7,467.4,11,455.7,0,0.0
1790952523124,47428,11.5,11,455.2,466.8,11,455.2,0,0.0
1790952523625,47428,11.5,11,454.9,466.5,11,454.9,0,0.0
1790952524146,47428,11.5,11,454.9,466.5,11,454.9,0,0.0
1790952524645,47428,11.5,11,454.8,466.4,11,454.8,0,0.0
1790952525152,47428,11.5,11,453.6,465.1,11,453.6,0,0.0
1790952525672,47428,11.5,11,453.3,464.8,11,453.3,0,0.0
1790952526188,47428,11.5,11,453.3,464.9,11,453.3,0,0.0
1790952526701,47428,11.5,11,453.4,465.0,11,453.4,0,0.0
1790952527207,47428,11.5,11,453.4,465.0,11,453.4,0,0.0
1790952527721,47428,11.5,11,453.5,465.0,11,453.5,0,0.0
1790952528241,47428,11.5,11,453.4,464.9,11,453.4,0,0.0
1790952528756,47428,11.5,11,454.2,465.7,11,454.2,0,0.0
1790952529253,47428,11.5,11,454.3,465.9,11,454.3,0,0.0
1790952529765,47428,11.5,11,454.2,465.8,11,454.2,0,0.0
1790952530271,47428,11.5,11,454.3,465.8,11,454.3,0,0.0
1790952530774,47428,11.5,11,454.3,465.8,11,454.3,0,0.0
1790952531285,47428,11.5,11,454.3,465.8,11,454.3,0,0.0
1790952531781,47428,11.5,11,454.4,465.9,11,454.4,0,0.0
1790952532303,47428,11.5,11,454.5,466.0,11,454.5,0,0.0
1790952532819,47428,11.5,11,454.5,466.0,11,454.5,0,0.0
1790952533333,47428,11.5,11,454.5,466.0,11,454.5,0,0.0
1790952533843,47428,11.5,11,454.4,466.0,11,454.4,0,0.0
1790952534363,47428,11.5,11,454.5,466.0,11,454.5,0,0.0
1790952534870,47428,11.5,11,454.5,466.0,11,454.5,0,0.0
1790952535373,47428,11.5,11,454.6,466.1,11,454.6,0,0.0
1790952535877,47428,11.5,11,454.6,466.1,11,454.6,0,0.0
1790952536384,47428,11.5,11,454.6,466.1,11,454.6,0,0.0
1790952536886,47428,11.5,11,454.6,466.1,11,454.6,0,0.0
1790952537405,47428,11.5,11,454.6,466.1,11,454.6,0,0.0
1790952537928,47428,11.5,11,454.5,466.1,11,454.5,0,0.0
1790952538430,47428,11.5,11,454.6,466.2,11,454.6,0,0.0
1790952538934,47428,11.5,11,454.6,466.1,11,454.6,0,0.0
1790952539451,47428,11.5,11,454.6,466.1,11,454.6,0,0.0
1790952539959,47428,11.5,11,454.6,466.1,11,454.6,0,0.0
1790952540463,47428,11.5,11,454.6,466.2,11,454.6,0,0.0
1790952540960,47428,11.5,11,454.6,466.2,11,454.6,0,0.0
1790952541465,47428,11.5,11,454.6,466.2,11,454.6,0,0.0
1790952541975,47428,11.5,11,454.3,465.8,11,454.3,0,0.0
1790952542477,47428,11.5,11,454.4,465.9,11,454.4,0,0.0
1790952542994,47428,11.5,11,454.4,465.9,11,454.4,0,0.0
1790952543497,47428,11.7,11,454.2,465.9,11,454.2,0,0.0
1790952544011,47428,11.4,11,454.2,465.7,11,454.2,0,0.0
1790952544522,47428,11.4,11,453.6,465.0,11,453.6,0,0.0
1790952545020,47428,11.4,11,453.6,465.0,11,453.6,0,0.0
1790952545539,47428,11.4,11,453.6,465.0,11,453.6,0,0.0
1790952546045,47428,11.4,11,453.5,464.9,11,453.5,0,0.0
1790952546570,47428,11.4,11,453.6,465.0,11,453.6,0,0.0
1790952547084,47428,11.4,11,453.6,465.0,11,453.6,0,0.0
1790952547592,47428,11.4,11,453.6,465.0,11,453.6,0,0.0
1790952548115,47428,11.4,11,453.6,465.0,11,453.6,0,0.0
1790952548610,47428,11.4,11,453.6,465.0,11,453.6,0,0.0
1790952549126,47428,11.4,11,453.6,465.0,11,453.6,0,0.0
1790952549646,47428,11.4,11,453.6,465.0,11,453.6,0,0.0
1790952550153,47428,11.4,11,453.6,465.0,11,453.6,0,0.0
1790952550672,47428,11.4,11,453.7,465.1,11,453.7,0,0.0
1790952551190,47428,11.4,11,453.7,465.1,11,453.7,0,0.0
1790952551708,47428,11.4,11,453.8,465.2,11,453.8,0,0.0
1790952552208,47428,11.4,11,453.8,465.2,11,453.8,0,0.0
1790952552720,47428,11.4,11,453.8,465.2,11,453.8,0,0.0
1790952553230,47428,11.4,11,453.9,465.3,11,453.9,0,0.0
1790952553728,47428,11.4,11,453.8,465.3,11,453.8,0,0.0
1790952554232,47428,11.4,11,453.9,465.3,11,453.9,0,0.0
1790952554749,47428,11.4,11,454.0,465.4,11,454.0,0,0.0
1790952555258,47428,11.4,11,454.0,465.4,11,454.0,0,0.0
1790952555766,47428,11.4,11,454.0,465.4,11,454.0,0,0.0
1790952556283,47428,11.4,11,454.1,465.5,11,454.1,0,0.0
1790952556803,47428,11.4,11,454.1,465.5,11,454.1,0,0.0
1790952557315,47428,11.4,11,454.1,465.5,11,454.1,0,0.0
1790952557832,47428,11.4,11,454.0,465.4,11,454.0,0,0.0
1790952558347,47428,11.4,11,454.1,465.5,11,454.1,0,0.0
1790952558866,47428,11.4,11,454.1,465.5,11,454.1,0,0.0
1790952559383,47428,11.4,11,454.1,465.5,11,454.1,0,0.0
1790952559888,47428,11.4,11,454.1,465.5,11,454.1,0,0.0
1790952560402,47428,11.4,11,454.1,465.5,11,454.1,0,0.0
1790952560916,47428,11.4,11,454.1,465.5,11,454.1,0,0.0
1790952561429,47428,11.4,11,454.1,465.5,11,454.1,0,0.0
1790952561933,47428,11.4,11,454.0,465.4,11,454.0,0,0.0
1790952562446,47428,11.4,11,454.1,465.5,11,454.1,0,0.0
1790952562945,47428,11.4,11,454.1,465.5,11,454.1,0,0.0
1790952563443,47428,11.4,11,454.1,465.5,11,454.1,0,0.0
1790952563962,47428,11.4,11,454.1,465.5,11,454.1,0,0.0
1790952564477,47428,11.4,11,454.1,465.5,11,454.1,0,0.0
1790952564991,47428,11.4,11,454.1,465.5,11,454.1,0,0.0
1790952565501,47428,11.4,11,454.1,465.5,11,454.1,0,0.0
1790952566020,47428,11.4,11,453.8,465.2,11,453.8,0,0.0
1790952566523,47428,11.4,11,453.9,465.3,11,453.9,0,0.0
1790952567021,47428,11.4,11,453.9,465.3,11,453.9,0,0.0
1790952567533,47428,11.4,11,454.9,466.3,11,454.9,0,0.0
1790952568031,47428,11.4,11,454.9,466.3,11,454.9,0,0.0
1790952568545,47428,11.4,11,454.9,466.3,11,454.9,0,0.0
1790952569060,47428,11.4,11,454.9,466.3,11,454.9,0,0.0
1790952569557,47428,11.4,11,454.9,466.3,11,454.9,0,0.0
1790952570075,47428,11.4,11,454.8,466.2,11,454.8,0,0.0
1790952570586,47428,11.4,11,459.0,470.4,11,459.0,0,0.0
1790952571102,47428,11.4,11,459.1,470.5,11,459.1,0,0.0
1790952571613,47428,11.4,11,459.1,470.5,11,459.1,0,0.0
1790952572108,47428,11.4,11,459.1,470.5,11,459.1,0,0.0
1790952572615,47428,11.4,11,459.1,470.5,11,459.1,0,0.0
1790952573115,47428,11.4,11,459.1,470.5,11,459.1,0,0.0
1790952573618,47428,11.5,17,547.0,558.5,11,493.8,6,53.1
1790952574479,47428,12.8,11,493.3,506.1,11,493.3,0,0.0
1790952574985,47428,12.8,11,494.3,507.1,11,494.3,0,0.0
1790952575500,47428,12.8,11,494.2,507.0,11,494.2,0,0.0
1790952576019,47428,12.8,11,494.2,507.0,11,494.2,0,0.0
1790952576520,47428,12.8,11,494.2,506.9,11,494.2,0,0.0
1790952577031,47428,12.8,11,494.1,506.9,11,494.1,0,0.0
1790952577553,47428,12.8,11,477.4,490.1,11,477.4,0,0.0
1790952578067,47428,12.8,11,477.2,490.0,11,477.2,0,0.0
1790952578571,47428,12.8,11,462.7,475.5,11,462.7,0,0.0
1790952579068,47428,12.8,11,462.7,475.5,11,462.7,0,0.0
1790952579570,47428,12.8,11,462.8,475.6,11,462.8,0,0.0
1790952580087,47428,12.8,11,462.8,475.6,11,462.8,0,0.0
1790952580599,47428,12.8,11,462.2,475.0,11,462.2,0,0.0
1790952581103,47428,12.8,11,462.2,475.0,11,462.2,0,0.0
1790952581619,47428,12.8,11,455.6,468.3,11,455.6,0,0.0
1790952582118,47428,12.8,11,455.5,468.3,11,455.5,0,0.0
1790952582631,47428,12.8,11,455.6,468.4,11,455.6,0,0.0
1790952583138,47428,12.8,11,453.4,466.2,11,453.4,0,0.0
1790952583632,47428,12.8,11,453.4,466.2,11,453.4,0,0.0
1790952584134,47428,12.8,11,453.4,466.2,11,453.4,0,0.0
1790952584639,47428,12.8,11,453.4,466.2,11,453.4,0,0.0
1790952585136,47428,12.8,11,453.4,466.2,11,453.4,0,0.0
1790952585656,47428,12.8,11,453.5,466.2,11,453.5,0,0.0
1790952586170,47428,12.8,11,453.4,466.1,11,453.4,0,0.0
1790952586682,47428,12.8,11,453.4,466.2,11,453.4,0,0.0
1790952587188,47428,12.8,11,453.4,466.2,11,453.4,0,0.0
1790952587708,47428,12.8,11,453.4,466.2,11,453.4,0,0.0
1790952588208,47428,12.8,11,453.4,466.2,11,453.4,0,0.0
1790952588712,47428,12.8,11,454.2,466.9,11,454.2,0,0.0
1790952589216,47428,12.8,11,454.2,466.9,11,454.2,0,0.0
1790952589715,47428,12.8,11,454.1,466.9,11,454.1,0,0.0
1790952590233,47428,12.8,11,454.1,466.9,11,454.1,0,0.0
1790952590734,47428,12.8,11,454.1,466.9,11,454.1,0,0.0
1790952591242,47428,12.8,11,454.1,466.9,11,454.1,0,0.0
1790952591751,47428,12.8,11,454.2,466.9,11,454.2,0,0.0
1790952592256,47428,12.8,11,455.0,467.8,11,455.0,0,0.0
1790952592761,47428,12.8,11,455.0,467.8,11,455.0,0,0.0
1790952593263,47428,12.8,11,455.0,467.8,11,455.0,0,0.0
1790952593779,47428,12.8,11,454.9,467.7,11,454.9,0,0.0
1790952594281,47428,12.8,11,455.0,467.8,11,455.0,0,0.0
1790952594794,47428,12.8,11,455.0,467.8,11,455.0,0,0.0
1790952595310,47428,12.8,11,455.0,467.8,11,455.0,0,0.0
1790952595830,47428,12.8,11,455.0,467.8,11,455.0,0,0.0
1790952596348,47428,12.8,11,455.0,467.8,11,455.0,0,0.0
1790952596855,47428,12.8,11,455.0,467.8,11,455.0,0,0.0
1790952597358,47428,12.8,11,455.0,467.8,11,455.0,0,0.0
1790952597865,47428,12.8,11,454.7,467.5,11,454.7,0,0.0
1790952598363,47428,12.8,11,454.8,467.6,11,454.8,0,0.0
1790952598876,47428,12.8,11,454.8,467.6,11,454.8,0,0.0
1790952599391,47428,12.8,11,454.8,467.6,11,454.8,0,0.0
1790952599903,47428,12.8,11,454.8,467.6,11,454.8,0,0.0
1790952600399,47428,12.8,11,455.0,467.8,11,455.0,0,0.0
1790952600909,47428,12.8,11,455.0,467.8,11,455.0,0,0.0
1790952601406,47428,12.8,11,455.0,467.8,11,455.0,0,0.0
1790952601923,47428,12.8,11,454.9,467.7,11,454.9,0,0.0
1790952602433,47428,12.8,11,455.0,467.8,11,455.0,0,0.0
1790952602931,47428,12.8,11,455.0,467.8,11,455.0,0,0.0
1790952603430,47428,12.8,11,455.0,467.8,11,455.0,0,0.0
1790952603928,47428,12.8,11,455.0,467.8,11,455.0,0,0.0
1790952604430,47428,12.8,11,455.0,467.8,11,455.0,0,0.0
1790952604952,47428,12.8,11,455.0,467.8,11,455.0,0,0.0
1790952605452,47428,12.8,11,455.0,467.8,11,455.0,0,0.0
1790952605948,47428,12.8,11,454.9,467.7,11,454.9,0,0.0
1790952606457,47428,12.8,11,455.0,467.8,11,455.0,0,0.0
1790952606972,47428,12.8,11,455.0,467.8,11,455.0,0,0.0
1790952607482,47428,12.8,11,455.0,467.8,11,455.0,0,0.0
1790952608009,47428,12.8,11,455.0,467.8,11,455.0,0,0.0
1790952608522,47428,12.8,11,455.0,467.8,11,455.0,0,0.0
1790952609029,47428,12.8,11,455.0,467.8,11,455.0,0,0.0
1790952609524,47428,12.8,11,455.0,467.8,11,455.0,0,0.0
1790952610041,47428,12.8,11,454.9,467.7,11,454.9,0,0.0
1790952610542,47428,12.8,11,455.0,467.8,11,455.0,0,0.0
1790952611065,47428,12.8,11,455.0,467.8,11,455.0,0,0.0
1790952611581,47428,12.8,11,455.0,467.8,11,455.0,0,0.0
1790952612100,47428,12.8,11,455.0,467.8,11,455.0,0,0.0
1790952612610,47428,12.8,11,455.0,467.8,11,455.0,0,0.0
1790952613130,47428,12.8,11,455.1,467.9,11,455.1,0,0.0
1790952613643,47428,12.8,11,455.0,467.7,11,455.0,0,0.0
1790952614159,47428,12.8,11,454.9,467.7,11,454.9,0,0.0
1790952614674,47428,12.8,11,455.0,467.8,11,455.0,0,0.0
1790952615182,47428,12.8,11,455.1,467.9,11,455.1,0,0.0
1790952615690,47428,12.8,11,455.1,467.9,11,455.1,0,0.0
1790952616195,47428,12.8,11,455.1,467.9,11,455.1,0,0.0
1790952616710,47428,12.8,11,455.1,467.9,11,455.1,0,0.0
1790952617218,47428,12.8,11,455.1,467.9,11,455.1,0,0.0
1790952617731,47428,12.8,11,455.1,467.9,11,455.1,0,0.0
1790952618248,47428,12.8,11,455.1,467.9,11,455.1,0,0.0
1790952618772,47428,12.8,11,455.1,467.9,11,455.1,0,0.0
1790952619277,47428,12.8,11,455.1,467.9,11,455.1,0,0.0
1790952619795,47428,12.8,11,455.1,467.9,11,455.1,0,0.0
1790952620310,47428,12.8,11,455.1,467.9,11,455.1,0,0.0
1790952620817,47428,12.8,11,455.1,467.9,11,455.1,0,0.0
1790952621324,47428,12.8,11,455.1,467.9,11,455.1,0,0.0
1790952621838,47428,12.8,11,455.0,467.8,11,455.0,0,0.0
1790952622346,47428,12.8,11,455.1,467.9,11,455.1,0,0.0
1790952622844,47428,12.8,11,455.1,467.9,11,455.1,0,0.0
1790952623367,47428,12.8,11,455.2,468.0,11,455.2,0,0.0
1790952623870,47428,12.8,11,455.2,468.0,11,455.2,0,0.0
1790952624373,47428,12.8,11,455.2,468.0,11,455.2,0,0.0
1790952624891,47428,12.8,11,455.2,468.0,11,455.2,0,0.0
1790952625397,47428,12.8,11,455.2,468.0,11,455.2,0,0.0
1790952625908,47428,12.8,11,455.2,467.9,11,455.2,0,0.0
1790952626426,47428,12.8,11,455.2,468.0,11,455.2,0,0.0
1790952626928,47428,12.8,11,455.2,468.0,11,455.2,0,0.0
1790952627437,47428,12.8,11,455.2,468.0,11,455.2,0,0.0
1790952627957,47428,12.8,11,455.2,468.0,11,455.2,0,0.0
1790952628472,47428,12.8,11,455.2,468.0,11,455.2,0,0.0
1790952628979,47428,12.8,11,455.2,468.0,11,455.2,0,0.0
1790952629477,47428,12.8,11,455.2,468.0,11,455.2,0,0.0
1790952629992,47428,12.8,11,455.1,467.9,11,455.1,0,0.0
1790952630500,47428,12.8,11,455.2,468.0,11,455.2,0,0.0
1790952631001,47428,12.8,11,455.9,468.7,11,455.9,0,0.0
1790952631503,47428,12.8,11,455.9,468.7,11,455.9,0,0.0
1790952631999,47428,12.8,11,455.9,468.7,11,455.9,0,0.0
1790952632523,47428,12.8,11,455.9,468.7,11,455.9,0,0.0
1790952633030,47428,12.8,11,455.9,468.6,11,455.9,0,0.0
1790952633537,47428,12.8,13,494.1,506.9,11,477.7,2,16.5
1790952634410,47428,11.5,11,492.0,503.5,11,492.0,0,0.0
1790952634924,47428,11.5,11,492.1,503.6,11,492.1,0,0.0
1790952635439,47428,11.5,11,491.9,503.4,11,491.9,0,0.0
1790952635946,47428,11.5,11,491.9,503.4,11,491.9,0,0.0
1790952636457,47428,11.5,11,491.9,503.5,11,491.9,0,0.0
1790952636959,47428,11.5,11,491.9,503.4,11,491.9,0,0.0
1790952637460,47428,11.5,11,491.9,503.4,11,491.9,0,0.0
1790952637963,47428,11.5,11,480.7,492.3,11,480.7,0,0.0
1790952638479,47428,11.5,11,465.2,476.8,11,465.2,0,0.0
1790952639004,47428,11.6,11,465.2,476.7,11,465.2,0,0.0
1790952639512,47428,11.6,11,465.2,476.7,11,465.2,0,0.0
1790952640007,47428,11.6,11,465.2,476.7,11,465.2,0,0.0
1790952640514,47428,11.6,11,465.2,476.7,11,465.2,0,0.0
1790952641029,47428,11.6,11,464.3,475.9,11,464.3,0,0.0
1790952641531,47428,11.6,11,456.8,468.4,11,456.8,0,0.0
1790952642038,47428,11.6,11,456.7,468.3,11,456.7,0,0.0
1790952642553,47428,11.6,11,454.8,466.4,11,454.8,0,0.0
1790952643057,47428,11.6,11,454.8,466.4,11,454.8,0,0.0
1790952643558,47428,11.6,11,454.9,466.4,11,454.9,0,0.0
1790952644071,47428,11.6,11,454.9,466.4,11,454.9,0,0.0
1790952644588,47428,11.6,11,454.9,466.4,11,454.9,0,0.0
1790952645101,47428,11.6,11,454.9,466.4,11,454.9,0,0.0
1790952645601,47428,11.6,11,454.6,466.2,11,454.6,0,0.0
1790952646119,47428,11.6,11,454.5,466.1,11,454.5,0,0.0
1790952646611,47428,11.6,11,454.6,466.1,11,454.6,0,0.0
1790952647115,47428,11.6,11,454.6,466.1,11,454.6,0,0.0
1790952647613,47428,11.6,11,454.6,466.1,11,454.6,0,0.0
1790952648123,47428,11.6,11,454.6,466.1,11,454.6,0,0.0
1790952648624,47428,11.6,11,454.6,466.1,11,454.6,0,0.0
1790952649142,47428,11.6,11,454.6,466.1,11,454.6,0,0.0
1790952649652,47428,11.6,11,454.6,466.2,11,454.6,0,0.0
1790952650146,47428,11.6,11,454.5,466.1,11,454.5,0,0.0
1790952650652,47428,11.6,11,454.6,466.1,11,454.6,0,0.0
1790952651176,47428,11.6,11,454.6,466.1,11,454.6,0,0.0
1790952651690,47428,11.6,11,454.6,466.2,11,454.6,0,0.0
1790952652203,47428,11.6,11,454.6,466.2,11,454.6,0,0.0
1790952652720,47428,11.6,11,454.6,466.2,11,454.6,0,0.0
1790952653238,47428,11.6,11,454.6,466.2,11,454.6,0,0.0
1790952653754,47428,11.6,11,454.6,466.2,11,454.6,0,0.0
1790952654261,47428,11.6,11,454.6,466.2,11,454.6,0,0.0
1790952654755,47428,11.6,11,454.6,466.2,11,454.6,0,0.0
1790952655260,47428,11.6,11,454.7,466.2,11,454.7,0,0.0
1790952655769,47428,11.6,11,454.8,466.3,11,454.8,0,0.0
1790952656288,47428,11.6,11,454.8,466.3,11,454.8,0,0.0
1790952656799,47428,11.6,11,454.8,466.3,11,454.8,0,0.0
1790952657301,47428,11.6,11,454.8,466.3,11,454.8,0,0.0
1790952657811,47428,11.6,11,454.7,466.2,11,454.7,0,0.0
1790952658327,47428,11.6,11,454.7,466.3,11,454.7,0,0.0
1790952658828,47428,11.6,11,454.7,466.3,11,454.7,0,0.0
1790952659338,47428,11.6,11,454.7,466.3,11,454.7,0,0.0
1790952659859,47428,11.6,11,454.7,466.3,11,454.7,0,0.0
1790952660370,47428,11.6,11,454.7,466.3,11,454.7,0,0.0
1790952660866,47428,11.6,11,454.7,466.3,11,454.7,0,0.0
1790952661386,47428,11.6,11,454.7,466.3,11,454.7,0,0.0
1790952661897,47428,11.6,11,454.6,466.2,11,454.6,0,0.0
1790952662417,47428,11.6,11,454.7,466.3,11,454.7,0,0.0
1790952662935,47428,11.6,11,454.7,466.3,11,454.7,0,0.0
1790952663449,47428,11.6,11,454.7,466.3,11,454.7,0,0.0
1790952663948,47428,11.7,11,454.7,466.4,11,454.7,0,0.0
1790952664450,47428,11.7,11,454.7,466.4,11,454.7,0,0.0
1790952664954,47428,11.7,11,454.7,466.4,11,454.7,0,0.0
1790952665457,47428,11.7,11,454.7,466.4,11,454.7,0,0.0
1790952665978,47428,11.7,11,454.6,466.3,11,454.6,0,0.0
1790952666487,47428,11.7,11,454.7,466.4,11,454.7,0,0.0
1790952666992,47428,11.7,11,454.7,466.4,11,454.7,0,0.0
1790952667497,47428,11.7,11,454.8,466.4,11,454.8,0,0.0
1790952668002,47428,11.7,11,454.8,466.4,11,454.8,0,0.0
1790952668519,47428,11.7,11,454.8,466.4,11,454.8,0,0.0
1790952669033,47428,11.7,11,454.8,466.4,11,454.8,0,0.0
1790952669551,47428,11.7,11,454.8,466.4,11,454.8,0,0.0
1790952670069,47428,11.7,11,454.7,466.4,11,454.7,0,0.0
1790952670568,47428,11.7,11,454.8,466.4,11,454.8,0,0.0
1790952671072,47428,11.7,11,454.8,466.4,11,454.8,0,0.0
1790952671583,47428,11.7,11,454.8,466.4,11,454.8,0,0.0
1790952672102,47428,11.7,11,454.8,466.4,11,454.8,0,0.0
1790952672603,47428,11.7,11,454.8,466.5,11,454.8,0,0.0
1790952673104,47428,11.7,11,460.4,472.0,11,460.4,0,0.0
1790952673608,47428,11.7,11,460.4,472.1,11,460.4,0,0.0
1790952674107,47428,11.7,11,460.0,471.6,11,460.0,0,0.0
1790952674626,47428,11.7,11,460.1,471.7,11,460.1,0,0.0
1790952675149,47428,11.7,11,460.1,471.7,11,460.1,0,0.0
1790952675648,47428,11.7,11,460.1,471.7,11,460.1,0,0.0
1790952676152,47428,11.7,11,458.2,469.9,11,458.2,0,0.0
1790952676674,47428,11.7,11,458.2,469.9,11,458.2,0,0.0
1790952677175,47428,11.7,11,458.2,469.9,11,458.2,0,0.0
1790952677687,47428,11.7,11,457.9,469.6,11,457.9,0,0.0
1790952678201,47428,11.7,11,457.8,469.4,11,457.8,0,0.0
1790952678716,47428,11.7,11,457.9,469.5,11,457.9,0,0.0
1790952679218,47428,11.7,11,457.9,469.5,11,457.9,0,0.0
1790952679731,47428,11.7,11,457.9,469.5,11,457.9,0,0.0
1790952680250,47428,11.7,11,457.9,469.5,11,457.9,0,0.0
1790952680757,47428,11.7,11,457.9,469.5,11,457.9,0,0.0
1790952681262,47428,11.7,11,454.9,466.6,11,454.9,0,0.0
1790952681772,47428,11.7,11,454.9,466.6,11,454.9,0,0.0
1790952682273,47428,11.7,11,454.9,466.6,11,454.9,0,0.0
1790952682785,47428,11.7,11,454.2,465.9,11,454.2,0,0.0
1790952683292,47428,11.7,11,454.2,465.9,11,454.2,0,0.0
1790952683793,47428,11.7,11,454.2,465.9,11,454.2,0,0.0
1790952684312,47428,11.7,11,453.2,464.8,11,453.2,0,0.0
1790952684823,47428,11.7,11,453.1,464.8,11,453.1,0,0.0
1790952685323,47428,11.7,11,453.1,464.8,11,453.1,0,0.0
1790952685842,47428,11.7,11,453.0,464.7,11,453.0,0,0.0
1790952686362,47428,11.7,11,453.1,464.8,11,453.1,0,0.0
1790952686873,47428,11.7,11,453.1,464.8,11,453.1,0,0.0
1790952687373,47428,11.7,11,453.1,464.8,11,453.1,0,0.0
1790952687894,47428,11.7,11,453.1,464.8,11,453.1,0,0.0
1790952688399,47428,11.7,11,453.2,464.8,11,453.2,0,0.0
1790952688903,47428,11.7,11,453.2,464.8,11,453.2,0,0.0
1790952689410,47428,11.7,11,453.2,464.8,11,453.2,0,0.0
1790952689905,47428,11.7,11,453.0,464.7,11,453.0,0,0.0
1790952690419,47428,11.7,11,453.1,464.8,11,453.1,0,0.0
1790952690921,47428,11.7,11,453.1,464.8,11,453.1,0,0.0
1790952691437,47428,11.7,11,453.8,465.5,11,453.8,0,0.0
1790952691950,47428,11.7,11,453.8,465.5,11,453.8,0,0.0
1790952692455,47428,11.7,11,453.8,465.5,11,453.8,0,0.0
1790952692969,47428,11.7,11,453.8,465.5,11,453.8,0,0.0
1790952693493,47428,11.8,13,484.9,496.7,11,475.9,2,9.0
1790952694442,47428,11.5,11,491.4,502.9,11,491.4,0,0.0
1790952694955,47428,11.5,11,491.5,502.9,11,491.5,0,0.0
1790952695463,47428,11.5,11,491.4,502.9,11,491.4,0,0.0
1790952695968,47428,11.5,11,491.4,502.9,11,491.4,0,0.0
1790952696481,47428,11.5,11,491.4,502.9,11,491.4,0,0.0
1790952697003,47428,11.5,11,491.4,502.9,11,491.4,0,0.0
1790952697513,47428,11.5,11,491.4,502.9,11,491.4,0,0.0
1790952698032,47428,11.5,11,462.2,473.7,11,462.2,0,0.0
1790952698524,47428,11.5,11,462.3,473.8,11,462.3,0,0.0
1790952699054,47428,11.5,11,462.3,473.8,11,462.3,0,0.0
1790952699553,47428,11.5,11,462.3,473.8,11,462.3,0,0.0
1790952700070,47428,11.5,11,462.3,473.8,11,462.3,0,0.0
1790952700565,47428,11.5,11,462.3,473.8,11,462.3,0,0.0
1790952701077,47428,11.5,11,462.1,473.5,11,462.1,0,0.0
1790952701592,47428,11.5,11,456.1,467.6,11,456.1,0,0.0
1790952702106,47428,11.5,11,456.1,467.5,11,456.1,0,0.0
1790952702612,47428,11.5,11,454.3,465.7,11,454.3,0,0.0
1790952703123,47428,11.5,11,454.3,465.7,11,454.3,0,0.0
1790952703625,47428,11.5,11,454.3,465.8,11,454.3,0,0.0
1790952704150,47428,11.5,11,454.3,465.8,11,454.3,0,0.0
1790952704659,47428,11.5,11,454.3,465.8,11,454.3,0,0.0
1790952705169,47428,11.5,11,454.3,465.8,11,454.3,0,0.0
1790952705676,47428,11.5,11,454.3,465.8,11,454.3,0,0.0
1790952706183,47428,11.5,11,454.2,465.7,11,454.2,0,0.0
1790952706695,47428,11.5,11,454.3,465.7,11,454.3,0,0.0
1790952707204,47428,11.5,11,454.3,465.7,11,454.3,0,0.0
1790952707706,47428,11.5,11,454.3,465.7,11,454.3,0,0.0
1790952708219,47428,11.5,11,454.3,465.7,11,454.3,0,0.0
1790952708734,47428,11.5,11,454.3,465.7,11,454.3,0,0.0
1790952709235,47428,11.5,11,454.3,465.7,11,454.3,0,0.0
1790952709749,47428,11.5,11,454.3,465.7,11,454.3,0,0.0
1790952710265,47428,11.5,11,454.3,465.7,11,454.3,0,0.0
1790952710782,47428,11.5,11,454.3,465.7,11,454.3,0,0.0
1790952711294,47428,11.5,11,454.3,465.8,11,454.3,0,0.0
1790952711811,47428,11.5,11,454.3,465.8,11,454.3,0,0.0
1790952712325,47428,11.5,11,455.0,466.5,11,455.0,0,0.0
1790952712843,47428,11.5,11,455.0,466.5,11,455.0,0,0.0
1790952713360,47428,11.5,11,455.0,466.5,11,455.0,0,0.0
1790952713868,47428,11.5,11,454.9,466.4,11,454.9,0,0.0
1790952714373,47428,11.5,11,455.0,466.5,11,455.0,0,0.0
1790952714882,47428,11.5,11,455.0,466.5,11,455.0,0,0.0
1790952715382,47428,11.5,11,455.0,466.5,11,455.0,0,0.0
1790952715884,47428,11.5,11,455.0,466.5,11,455.0,0,0.0
1790952716396,47428,11.5,11,455.0,466.5,11,455.0,0,0.0
1790952716904,47428,11.5,11,455.0,466.5,11,455.0,0,0.0
1790952717418,47428,11.5,11,455.1,466.5,11,455.1,0,0.0
1790952717921,47428,11.5,11,454.9,466.4,11,454.9,0,0.0
1790952718445,47428,11.5,11,455.0,466.5,11,455.0,0,0.0
1790952718946,47428,11.5,11,455.0,466.5,11,455.0,0,0.0
1790952719447,47428,11.5,11,455.0,466.5,11,455.0,0,0.0
1790952719968,47428,11.5,11,455.0,466.5,11,455.0,0,0.0
1790952720487,47428,11.5,11,455.0,466.5,11,455.0,0,0.0
1790952721010,47428,11.5,11,455.0,466.5,11,455.0,0,0.0
1790952721512,47428,11.5,11,455.0,466.5,11,455.0,0,0.0
1790952722019,47428,11.5,11,454.9,466.4,11,454.9,0,0.0
1790952722538,47428,11.5,11,455.0,466.5,11,455.0,0,0.0
1790952723037,47428,11.5,11,455.0,466.5,11,455.0,0,0.0
1790952723542,47428,11.5,11,455.0,466.5,11,455.0,0,0.0
1790952724058,47428,11.4,11,455.0,466.4,11,455.0,0,0.0
1790952724575,47428,11.4,11,455.0,466.4,11,455.0,0,0.0
1790952725090,47428,11.4,11,455.0,466.4,11,455.0,0,0.0
1790952725594,47428,11.4,11,454.7,466.1,11,454.7,0,0.0
1790952726094,47428,11.4,11,454.6,466.1,11,454.6,0,0.0
1790952726600,47428,11.4,11,454.7,466.2,11,454.7,0,0.0
1790952727102,47428,11.4,11,454.7,466.2,11,454.7,0,0.0
1790952727609,47428,11.4,11,454.7,466.2,11,454.7,0,0.0
1790952728122,47428,11.4,11,454.7,466.2,11,454.7,0,0.0
1790952728634,47428,11.4,11,454.7,466.2,11,454.7,0,0.0
1790952729141,47428,11.4,11,454.7,466.2,11,454.7,0,0.0
1790952729654,47428,11.4,11,454.7,466.2,11,454.7,0,0.0
1790952730176,47428,11.4,11,454.6,466.1,11,454.6,0,0.0
1790952730683,47428,11.4,11,454.7,466.2,11,454.7,0,0.0
1790952731187,47428,11.4,11,454.7,466.2,11,454.7,0,0.0
1790952731689,47428,11.4,11,454.7,466.2,11,454.7,0,0.0
1790952732188,47428,11.4,11,454.7,466.2,11,454.7,0,0.0
1790952732689,47428,11.4,11,454.7,466.2,11,454.7,0,0.0
1790952733205,47428,11.4,11,454.7,466.2,11,454.7,0,0.0
1790952733719,47428,11.4,11,455.4,466.9,11,455.4,0,0.0
1790952734224,47428,11.4,11,455.3,466.8,11,455.3,0,0.0
1790952734737,47428,11.4,11,455.4,466.9,11,455.4,0,0.0
1790952735253,47428,11.4,11,455.4,466.9,11,455.4,0,0.0
1790952735755,47428,11.4,11,455.4,466.9,11,455.4,0,0.0
1790952736255,47428,11.4,11,455.4,466.9,11,455.4,0,0.0
1790952736763,47428,11.4,11,455.6,467.0,11,455.6,0,0.0
1790952737271,47428,11.4,11,455.6,467.0,11,455.6,0,0.0
1790952737781,47428,11.4,11,455.6,467.0,11,455.6,0,0.0
1790952738293,47428,11.4,11,455.6,467.0,11,455.6,0,0.0
1790952738806,47428,11.4,11,455.7,467.1,11,455.7,0,0.0
1790952739319,47428,11.4,11,455.7,467.1,11,455.7,0,0.0
1790952739832,47428,11.4,11,455.7,467.1,11,455.7,0,0.0
1790952740350,47428,11.4,11,455.7,467.1,11,455.7,0,0.0
1790952740852,47428,11.4,11,455.7,467.1,11,455.7,0,0.0
1790952741360,47428,11.4,11,455.7,467.1,11,455.7,0,0.0
1790952741874,47428,11.4,11,455.5,467.0,11,455.5,0,0.0
1790952742375,47428,11.4,11,455.7,467.1,11,455.7,0,0.0
1790952742889,47428,11.4,11,455.7,467.1,11,455.7,0,0.0
1790952743408,47428,11.4,11,455.7,467.1,11,455.7,0,0.0
1790952743926,47428,11.4,11,455.7,467.1,11,455.7,0,0.0
1790952744431,47428,11.4,11,455.7,467.1,11,455.7,0,0.0
1790952744934,47428,11.4,11,455.7,467.1,11,455.7,0,0.0
1790952745460,47428,11.4,11,455.0,466.4,11,455.0,0,0.0
1790952745958,47428,11.4,11,454.9,466.3,11,454.9,0,0.0
1790952746463,47428,11.4,11,455.0,466.4,11,455.0,0,0.0
1790952746969,47428,11.4,11,455.0,466.4,11,455.0,0,0.0
1790952747472,47428,11.4,11,455.0,466.4,11,455.0,0,0.0
1790952747975,47428,11.4,11,455.0,466.4,11,455.0,0,0.0
1790952748481,47428,11.4,11,455.0,466.4,11,455.0,0,0.0
1790952748982,47428,11.4,11,455.0,466.4,11,455.0,0,0.0
1790952749504,47428,11.4,11,455.0,466.4,11,455.0,0,0.0
1790952750010,47428,11.4,11,454.9,466.3,11,454.9,0,0.0
1790952750510,47428,11.4,11,455.0,466.4,11,455.0,0,0.0
1790952751012,47428,11.4,11,455.0,466.4,11,455.0,0,0.0
1790952751529,47428,11.4,11,455.0,466.4,11,455.0,0,0.0
1790952752050,47428,11.4,11,455.0,466.4,11,455.0,0,0.0
1790952752566,47428,11.4,11,455.0,466.4,11,455.0,0,0.0
1790952753063,47428,11.4,11,454.9,466.4,11,454.9,0,0.0
1790952753585,47428,11.5,14,521.4,532.9,11,491.7,3,29.7
1790952754434,47428,11.1,11,491.4,502.5,11,491.4,0,0.0
1790952754951,47428,11.1,11,491.5,502.6,11,491.5,0,0.0
1790952755464,47428,11.1,11,493.0,504.1,11,493.0,0,0.0
1790952755976,47428,11.1,11,493.0,504.1,11,493.0,0,0.0
1790952756498,47428,11.1,11,493.0,504.1,11,493.0,0,0.0
1790952756994,47428,11.1,11,493.0,504.1,11,493.0,0,0.0
1790952757501,47428,11.1,11,493.0,504.1,11,493.0,0,0.0
1790952758015,47428,11.1,11,463.3,474.4,11,463.3,0,0.0
1790952758538,47428,11.1,11,463.2,474.3,11,463.2,0,0.0
1790952759037,47428,11.1,11,463.2,474.3,11,463.2,0,0.0
1790952759546,47428,11.1,11,463.2,474.3,11,463.2,0,0.0
1790952760047,47428,11.1,11,463.2,474.3,11,463.2,0,0.0
1790952760567,47428,11.1,11,463.2,474.3,11,463.2,0,0.0
1790952761066,47428,11.1,11,462.9,474.0,11,462.9,0,0.0
1790952761578,47428,11.1,11,457.0,468.2,11,457.0,0,0.0
1790952762086,47428,11.1,11,456.9,468.1,11,456.9,0,0.0
1790952762594,47428,11.1,11,457.0,468.2,11,457.0,0,0.0
1790952763108,47428,11.1,11,457.0,468.2,11,457.0,0,0.0
1790952763625,47428,11.1,11,457.0,468.2,11,457.0,0,0.0
1790952764147,47428,11.1,11,457.0,468.2,11,457.0,0,0.0
1790952764651,47428,11.1,11,457.0,468.2,11,457.0,0,0.0
1790952765175,47428,11.1,11,457.0,468.2,11,457.0,0,0.0
1790952765687,47428,11.1,11,457.0,468.2,11,457.0,0,0.0
1790952766192,47428,11.1,11,455.7,466.8,11,455.7,0,0.0
1790952766693,47428,11.1,11,455.8,466.9,11,455.8,0,0.0
1790952767197,47428,11.1,11,455.8,466.9,11,455.8,0,0.0
1790952767715,47428,11.1,11,455.8,467.0,11,455.8,0,0.0
1790952768225,47428,11.1,11,455.8,467.0,11,455.8,0,0.0
1790952768733,47428,11.1,11,455.8,467.0,11,455.8,0,0.0
1790952769252,47428,11.1,11,455.8,467.0,11,455.8,0,0.0
1790952769757,47428,11.1,11,455.8,467.0,11,455.8,0,0.0
1790952770259,47428,11.1,11,455.8,467.0,11,455.8,0,0.0
1790952770767,47428,11.1,11,455.8,467.0,11,455.8,0,0.0
1790952771265,47428,11.1,11,455.8,467.0,11,455.8,0,0.0
1790952771787,47428,11.1,11,455.8,467.0,11,455.8,0,0.0
1790952772292,47428,11.1,11,455.8,467.0,11,455.8,0,0.0
1790952772798,47428,11.1,11,455.8,467.0,11,455.8,0,0.0
1790952773315,47428,11.1,11,455.8,467.0,11,455.8,0,0.0
1790952773818,47428,11.1,11,455.6,466.8,11,455.6,0,0.0
1790952774322,47428,11.1,11,455.6,466.8,11,455.6,0,0.0
1790952774827,47428,11.1,11,455.6,466.8,11,455.6,0,0.0
1790952775333,47428,11.1,11,459.0,470.2,11,459.0,0,0.0
1790952775843,47428,11.1,11,461.4,472.5,11,461.4,0,0.0
1790952776363,47428,11.1,11,461.4,472.5,11,461.4,0,0.0
1790952776883,47428,11.1,11,461.4,472.5,11,461.4,0,0.0
1790952777385,47428,11.1,11,461.4,472.5,11,461.4,0,0.0
1790952777896,47428,11.1,11,461.4,472.5,11,461.4,0,0.0
1790952778400,47428,11.1,11,459.2,470.3,11,459.2,0,0.0
1790952778918,47428,11.1,11,459.2,470.3,11,459.2,0,0.0
1790952779415,47428,11.1,11,458.8,469.9,11,458.8,0,0.0
1790952779925,47428,11.1,11,458.8,469.9,11,458.8,0,0.0
1790952780440,47428,11.1,11,458.8,469.9,11,458.8,0,0.0
1790952780960,47428,11.1,11,458.4,469.5,11,458.4,0,0.0
1790952781469,47428,11.1,11,458.4,469.5,11,458.4,0,0.0
1790952781983,47428,11.1,11,458.3,469.4,11,458.3,0,0.0
1790952782498,47428,11.1,11,458.4,469.5,11,458.4,0,0.0
1790952783005,47428,11.1,11,458.4,469.5,11,458.4,0,0.0
1790952783527,47428,11.5,11,456.0,467.5,11,456.0,0,0.0
1790952784038,47428,11.5,11,455.9,467.4,11,455.9,0,0.0
1790952784543,47428,11.5,11,454.0,465.6,11,454.0,0,0.0
1790952785054,47428,11.5,11,454.0,465.6,11,454.0,0,0.0
1790952785560,47428,11.5,11,454.0,465.6,11,454.0,0,0.0
1790952786069,47428,11.5,11,453.9,465.4,11,453.9,0,0.0
1790952786572,47428,11.5,11,454.0,465.5,11,454.0,0,0.0
1790952787076,47428,11.5,11,454.0,465.5,11,454.0,0,0.0
1790952787600,47428,11.5,11,454.0,465.5,11,454.0,0,0.0
1790952788101,47428,11.5,11,454.0,465.5,11,454.0,0,0.0
1790952788605,47428,11.5,11,454.1,465.6,11,454.1,0,0.0
1790952789100,47428,11.5,11,454.1,465.6,11,454.1,0,0.0
1790952789601,47428,11.5,11,453.8,465.3,11,453.8,0,0.0
1790952790120,47428,11.5,11,453.7,465.2,11,453.7,0,0.0
1790952790621,47428,11.5,11,453.8,465.3,11,453.8,0,0.0
1790952791131,47428,11.5,11,453.8,465.3,11,453.8,0,0.0
1790952791628,47428,11.5,11,453.8,465.3,11,453.8,0,0.0
1790952792139,47428,11.5,11,453.8,465.3,11,453.8,0,0.0
1790952792657,47428,11.5,11,453.8,465.3,11,453.8,0,0.0
1790952793169,47428,11.5,11,453.8,465.3,11,453.8,0,0.0
1790952793682,47428,11.5,11,454.5,466.0,11,454.5,0,0.0
1790952794199,47428,11.5,11,454.4,465.9,11,454.4,0,0.0
1790952794712,47428,11.5,11,454.5,466.0,11,454.5,0,0.0
1790952795230,47428,11.5,11,454.5,466.0,11,454.5,0,0.0
1790952795749,47428,11.5,11,454.5,466.0,11,454.5,0,0.0
1790952796250,47428,11.5,11,454.5,466.0,11,454.5,0,0.0
1790952796771,47428,11.5,11,455.4,466.9,11,455.4,0,0.0
1790952797274,47428,11.5,11,455.4,466.9,11,455.4,0,0.0
1790952797777,47428,11.5,11,455.4,466.9,11,455.4,0,0.0
1790952798278,47428,11.5,11,455.4,466.9,11,455.4,0,0.0
1790952798793,47428,11.5,11,455.5,467.0,11,455.5,0,0.0
1790952799301,47428,11.5,11,455.5,467.0,11,455.5,0,0.0
1790952799820,47428,11.5,11,455.5,467.0,11,455.5,0,0.0
1790952800321,47428,11.5,11,455.9,467.4,11,455.9,0,0.0
1790952800828,47428,11.5,11,455.9,467.4,11,455.9,0,0.0
1790952801321,47428,11.5,11,455.9,467.4,11,455.9,0,0.0
1790952801841,47428,11.5,11,455.9,467.4,11,455.9,0,0.0
1790952802352,47428,11.5,11,455.9,467.4,11,455.9,0,0.0
1790952802856,47428,11.5,11,455.9,467.4,11,455.9,0,0.0
1790952803372,47428,11.5,11,455.9,467.4,11,455.9,0,0.0
1790952803877,47428,11.5,11,455.9,467.4,11,455.9,0,0.0
1790952804377,47428,11.5,11,455.9,467.4,11,455.9,0,0.0
1790952804897,47428,11.5,11,455.9,467.4,11,455.9,0,0.0
1790952805407,47428,11.5,11,455.9,467.4,11,455.9,0,0.0
1790952805925,47428,11.5,11,455.7,467.2,11,455.7,0,0.0
1790952806445,47428,11.5,11,455.6,467.2,11,455.6,0,0.0
1790952806958,47428,11.5,11,455.7,467.2,11,455.7,0,0.0
1790952807465,47428,11.5,11,455.6,467.2,11,455.6,0,0.0
1790952807965,47428,11.5,11,455.7,467.2,11,455.7,0,0.0
1790952808476,47428,11.5,11,455.7,467.2,11,455.7,0,0.0
1790952808990,47428,11.5,11,455.7,467.2,11,455.7,0,0.0
1790952809507,47428,11.5,11,455.7,467.2,11,455.7,0,0.0
1790952810020,47428,11.5,11,455.6,467.1,11,455.6,0,0.0
1790952810528,47428,11.5,11,455.6,467.1,11,455.6,0,0.0
1790952811041,47428,11.5,11,455.6,467.1,11,455.6,0,0.0
1790952811548,47428,11.5,11,455.6,467.1,11,455.6,0,0.0
1790952812065,47428,11.5,11,455.6,467.1,11,455.6,0,0.0
1790952812585,47428,11.5,11,455.6,467.1,11,455.6,0,0.0
1790952813084,47428,11.5,11,455.7,467.2,11,455.7,0,0.0
1790952813593,47428,12.1,16,529.6,541.7,11,492.7,5,37.0
1790952814479,47428,11.9,11,492.3,504.2,11,492.3,0,0.0
1790952814990,47428,11.9,11,492.4,504.3,11,492.4,0,0.0
1790952815499,47428,11.9,11,492.3,504.3,11,492.3,0,0.0
1790952815994,47428,11.9,11,492.4,504.3,11,492.4,0,0.0
1790952816512,47428,11.9,11,492.3,504.3,11,492.3,0,0.0
1790952817022,47428,11.9,11,492.4,504.3,11,492.4,0,0.0
1790952817523,47428,11.9,11,492.4,504.3,11,492.4,0,0.0
1790952818030,47428,11.9,11,463.3,475.2,11,463.3,0,0.0
1790952818535,47428,11.9,11,463.3,475.3,11,463.3,0,0.0
1790952819052,47428,11.9,11,463.3,475.3,11,463.3,0,0.0
1790952819571,47428,11.9,11,463.4,475.3,11,463.4,0,0.0
1790952820072,47428,11.9,11,463.3,475.3,11,463.3,0,0.0
1790952820584,47428,11.9,11,463.3,475.2,11,463.3,0,0.0
1790952821099,47428,11.9,11,463.1,475.0,11,463.1,0,0.0
1790952821614,47428,11.9,11,456.9,468.9,11,456.9,0,0.0
1790952822131,47428,11.9,11,456.9,468.8,11,456.9,0,0.0
1790952822628,47428,11.9,11,456.9,468.9,11,456.9,0,0.0
1790952823145,47428,11.9,11,456.9,468.9,11,456.9,0,0.0
1790952823649,47428,11.9,11,456.9,468.9,11,456.9,0,0.0
1790952824146,47428,11.9,11,455.7,467.6,11,455.7,0,0.0
1790952824647,47428,11.9,11,455.7,467.7,11,455.7,0,0.0
1790952825156,47428,11.9,11,455.7,467.7,11,455.7,0,0.0
1790952825675,47428,11.9,11,455.7,467.7,11,455.7,0,0.0
1790952826185,47428,11.9,11,455.6,467.6,11,455.6,0,0.0
1790952826708,47428,11.9,11,455.7,467.7,11,455.7,0,0.0
1790952827203,47428,11.9,11,455.7,467.7,11,455.7,0,0.0
1790952827729,47428,11.9,11,455.7,467.7,11,455.7,0,0.0
1790952828241,47428,11.9,11,455.7,467.7,11,455.7,0,0.0
1790952828752,47428,11.9,11,455.7,467.7,11,455.7,0,0.0
1790952829246,47428,11.9,11,455.7,467.7,11,455.7,0,0.0
1790952829766,47428,11.9,11,455.7,467.7,11,455.7,0,0.0
1790952830264,47428,11.9,11,455.7,467.6,11,455.7,0,0.0
1790952830785,47428,11.9,11,455.7,467.7,11,455.7,0,0.0
1790952831291,47428,11.9,11,455.7,467.7,11,455.7,0,0.0
1790952831790,47428,11.9,11,455.7,467.7,11,455.7,0,0.0
1790952832294,47428,11.9,11,455.7,467.7,11,455.7,0,0.0
1790952832802,47428,11.9,11,455.7,467.7,11,455.7,0,0.0
1790952833304,47428,11.9,11,455.7,467.7,11,455.7,0,0.0
1790952833817,47428,11.9,11,455.7,467.7,11,455.7,0,0.0
1790952834334,47428,11.9,11,455.7,467.6,11,455.7,0,0.0
1790952834831,47428,11.9,11,455.7,467.6,11,455.7,0,0.0
1790952835353,47428,11.9,11,455.7,467.7,11,455.7,0,0.0
1790952835866,47428,11.9,11,456.4,468.4,11,456.4,0,0.0
1790952836374,47428,11.9,11,456.4,468.4,11,456.4,0,0.0
1790952836901,47428,11.9,11,456.4,468.4,11,456.4,0,0.0
1790952837401,47428,11.9,11,456.4,468.4,11,456.4,0,0.0
1790952837927,47428,11.9,11,456.4,468.4,11,456.4,0,0.0
1790952838443,47428,11.9,11,456.4,468.3,11,456.4,0,0.0
1790952838959,47428,11.9,11,456.5,468.4,11,456.5,0,0.0
1790952839474,47428,11.9,11,456.6,468.5,11,456.6,0,0.0
1790952839988,47428,11.9,11,456.6,468.5,11,456.6,0,0.0
1790952840503,47428,11.9,11,456.6,468.5,11,456.6,0,0.0
1790952841016,47428,11.9,11,456.6,468.6,11,456.6,0,0.0
1790952841533,47428,11.9,11,456.6,468.6,11,456.6,0,0.0
1790952842048,47428,11.9,11,456.5,468.4,11,456.5,0,0.0
1790952842558,47428,11.9,11,456.6,468.5,11,456.6,0,0.0
1790952843076,47428,11.9,11,456.7,468.6,11,456.7,0,0.0
1790952843588,47428,11.9,11,456.6,468.5,11,456.6,0,0.0
1790952844094,47428,11.9,11,456.6,468.5,11,456.6,0,0.0
1790952844615,47428,11.9,11,456.7,468.6,11,456.7,0,0.0
1790952845118,47428,11.9,11,456.7,468.6,11,456.7,0,0.0
1790952845636,47428,11.9,11,456.7,468.6,11,456.7,0,0.0
1790952846133,47428,11.9,11,456.6,468.6,11,456.6,0,0.0
1790952846658,47428,11.9,11,456.7,468.6,11,456.7,0,0.0
1790952847163,47428,11.9,11,456.7,468.6,11,456.7,0,0.0
1790952847681,47428,11.9,11,456.0,468.0,11,456.0,0,0.0
1790952848183,47428,11.9,11,456.0,468.0,11,456.0,0,0.0
1790952848695,47428,11.9,11,456.0,468.0,11,456.0,0,0.0
1790952849212,47428,11.9,11,456.0,468.0,11,456.0,0,0.0
1790952849728,47428,11.9,11,456.0,468.0,11,456.0,0,0.0
1790952850240,47428,11.9,11,455.9,467.9,11,455.9,0,0.0
1790952850737,47428,11.9,11,455.9,467.9,11,455.9,0,0.0
1790952851248,47428,11.9,11,456.0,467.9,11,456.0,0,0.0
1790952851741,47428,11.9,11,456.0,467.9,11,456.0,0,0.0
1790952852248,47428,11.9,11,456.0,467.9,11,456.0,0,0.0
1790952852755,47428,11.9,11,456.0,467.9,11,456.0,0,0.0
1790952853274,47428,11.9,11,456.0,467.9,11,456.0,0,0.0
1790952853776,47428,11.9,11,456.0,467.9,11,456.0,0,0.0
1790952854275,47428,11.9,11,455.9,467.9,11,455.9,0,0.0
1790952854781,47428,11.9,11,456.0,467.9,11,456.0,0,0.0
1790952855299,47428,11.9,11,456.0,467.9,11,456.0,0,0.0
1790952855812,47428,11.9,11,456.0,467.9,11,456.0,0,0.0
1790952856335,47428,11.9,11,456.0,467.9,11,456.0,0,0.0
1790952856832,47428,11.9,11,456.0,467.9,11,456.0,0,0.0
1790952857352,47428,11.9,11,456.0,467.9,11,456.0,0,0.0
1790952857856,47428,11.9,11,456.0,467.9,11,456.0,0,0.0
1790952858371,47428,11.9,11,456.0,467.9,11,456.0,0,0.0
1790952858887,47428,11.9,11,456.0,467.9,11,456.0,0,0.0
1790952859402,47428,11.9,11,456.0,467.9,11,456.0,0,0.0
1790952859908,47428,11.9,11,456.0,467.9,11,456.0,0,0.0
1790952860428,47428,11.9,11,456.0,467.9,11,456.0,0,0.0
1790952860938,47428,11.9,11,456.0,467.9,11,456.0,0,0.0
1790952861455,47428,11.9,11,456.0,467.9,11,456.0,0,0.0
1790952861975,47428,11.9,11,456.0,467.9,11,456.0,0,0.0
1790952862481,47428,11.9,11,456.0,468.0,11,456.0,0,0.0
1790952862981,47428,11.9,11,456.0,467.9,11,456.0,0,0.0
1790952863480,47428,11.9,11,456.0,467.9,11,456.0,0,0.0
1790952863985,47428,11.9,11,456.0,467.9,11,456.0,0,0.0
1790952864497,47428,11.9,11,456.0,467.9,11,456.0,0,0.0
1790952865017,47428,11.9,11,456.0,467.9,11,456.0,0,0.0
1790952865528,47428,11.9,11,456.0,468.0,11,456.0,0,0.0
1790952866045,47428,11.9,11,455.9,467.9,11,455.9,0,0.0
1790952866560,47428,11.9,11,456.0,468.0,11,456.0,0,0.0
1790952867076,47428,11.9,11,456.0,468.0,11,456.0,0,0.0
1790952867575,47428,11.9,11,456.0,468.0,11,456.0,0,0.0
1790952868094,47428,11.9,11,456.0,468.0,11,456.0,0,0.0
1790952868606,47428,11.9,11,456.0,468.0,11,456.0,0,0.0
1790952869118,47428,11.9,11,456.0,468.0,11,456.0,0,0.0
1790952869624,47428,11.9,11,455.7,467.6,11,455.7,0,0.0
1790952870146,47428,11.9,11,455.7,467.6,11,455.7,0,0.0
1790952870650,47428,11.9,11,455.8,467.7,11,455.8,0,0.0
1790952871158,47428,11.9,11,455.8,467.7,11,455.8,0,0.0
1790952871661,47428,11.9,11,455.8,467.7,11,455.8,0,0.0
1790952872167,47428,11.9,11,455.8,467.7,11,455.8,0,0.0
1790952872666,47428,11.9,11,455.8,467.7,11,455.8,0,0.0
1790952873177,47428,11.9,11,455.7,467.6,11,455.7,0,0.0
1790952873720,47428,12.1,17,579.8,591.9,11,492.3,6,87.5
1790952874516,47428,12.1,11,492.0,504.1,11,492.0,0,0.0
1790952875031,47428,12.1,11,492.0,504.1,11,492.0,0,0.0
1790952875550,47428,12.1,11,492.0,504.1,11,492.0,0,0.0
1790952876064,47428,12.1,11,492.0,504.1,11,492.0,0,0.0
1790952876576,47428,12.1,11,492.0,504.1,11,492.0,0,0.0
1790952877100,47428,12.1,11,492.0,504.1,11,492.0,0,0.0
1790952877596,47428,12.1,11,492.0,504.1,11,492.0,0,0.0
1790952878106,47428,12.1,11,477.4,489.5,11,477.4,0,0.0
1790952878604,47428,12.1,11,477.8,489.9,11,477.8,0,0.0
1790952879109,47428,12.1,11,477.8,489.9,11,477.8,0,0.0
1790952879621,47428,12.1,11,477.8,489.9,11,477.8,0,0.0
1790952880142,47428,12.1,11,477.8,489.9,11,477.8,0,0.0
1790952880658,47428,12.1,11,471.2,483.2,11,471.2,0,0.0
1790952881162,47428,12.1,11,465.8,477.9,11,465.8,0,0.0
1790952881663,47428,12.1,11,459.0,471.1,11,459.0,0,0.0
1790952882179,47428,12.1,11,458.9,470.9,11,458.9,0,0.0
1790952882698,47428,12.1,11,458.9,471.0,11,458.9,0,0.0
1790952883198,47428,12.1,11,458.9,471.0,11,458.9,0,0.0
1790952883716,47428,12.1,11,458.9,471.0,11,458.9,0,0.0
1790952884213,47428,12.1,11,458.9,471.0,11,458.9,0,0.0
1790952884721,47428,12.1,11,458.5,470.6,11,458.5,0,0.0
1790952885223,47428,12.1,11,458.5,470.6,11,458.5,0,0.0
1790952885734,47428,12.1,11,454.3,466.4,11,454.3,0,0.0
1790952886254,47428,12.1,11,454.3,466.4,11,454.3,0,0.0
1790952886757,47428,12.1,11,454.4,466.4,11,454.4,0,0.0
1790952887273,47428,12.1,11,454.4,466.4,11,454.4,0,0.0
1790952887777,47428,12.1,11,454.4,466.4,11,454.4,0,0.0
1790952888279,47428,12.1,11,454.4,466.4,11,454.4,0,0.0
1790952888773,47428,12.1,11,454.4,466.4,11,454.4,0,0.0
1790952889281,47428,12.1,11,454.4,466.4,11,454.4,0,0.0
1790952889776,47428,12.1,11,454.4,466.4,11,454.4,0,0.0
1790952890284,47428,12.1,11,454.4,466.4,11,454.4,0,0.0
1790952890785,47428,12.1,11,454.4,466.4,11,454.4,0,0.0
1790952891285,47428,12.1,11,454.4,466.4,11,454.4,0,0.0
1790952891805,47428,12.1,11,454.4,466.4,11,454.4,0,0.0
1790952892311,47428,12.1,11,454.4,466.5,11,454.4,0,0.0
1790952892813,47428,12.1,11,454.4,466.5,11,454.4,0,0.0
1790952893327,47428,12.1,11,454.4,466.5,11,454.4,0,0.0
1790952893840,47428,12.1,11,454.4,466.5,11,454.4,0,0.0
1790952894360,47428,12.1,11,454.4,466.4,11,454.4,0,0.0
1790952894879,47428,12.1,11,454.4,466.4,11,454.4,0,0.0
1790952895380,47428,12.1,11,454.4,466.4,11,454.4,0,0.0
1790952895896,47428,12.1,11,454.4,466.4,11,454.4,0,0.0
1790952896408,47428,12.1,11,455.1,467.2,11,455.1,0,0.0
1790952896926,47428,12.1,11,455.1,467.2,11,455.1,0,0.0
1790952897427,47428,12.1,11,455.1,467.1,11,455.1,0,0.0
1790952897944,47428,12.1,11,455.1,467.1,11,455.1,0,0.0
1790952898449,47428,12.1,11,455.1,467.1,11,455.1,0,0.0
1790952898944,47428,12.1,11,455.1,467.1,11,455.1,0,0.0
1790952899466,47428,12.1,11,455.8,467.8,11,455.8,0,0.0
1790952899964,47428,12.1,11,455.8,467.8,11,455.8,0,0.0
1790952900471,47428,12.1,11,455.8,467.8,11,455.8,0,0.0
1790952900984,47428,12.1,11,455.8,467.8,11,455.8,0,0.0
1790952901500,47428,12.1,11,455.8,467.8,11,455.8,0,0.0
1790952902003,47428,12.1,11,455.5,467.6,11,455.5,0,0.0
1790952902515,47428,12.1,11,455.5,467.6,11,455.5,0,0.0
1790952903033,47428,12.1,11,455.5,467.6,11,455.5,0,0.0
1790952903539,47428,12.1,11,455.4,467.4,11,455.4,0,0.0
1790952904054,47428,12.1,11,455.3,467.4,11,455.3,0,0.0
1790952904556,47428,12.1,11,455.5,467.5,11,455.5,0,0.0
1790952905055,47428,12.1,11,455.5,467.6,11,455.5,0,0.0
1790952905566,47428,12.1,11,455.5,467.6,11,455.5,0,0.0
1790952906065,47428,12.1,11,455.4,467.5,11,455.4,0,0.0
1790952906577,47428,12.1,11,455.5,467.6,11,455.5,0,0.0
1790952907098,47428,12.1,11,455.5,467.6,11,455.5,0,0.0
1790952907603,47428,12.1,11,455.5,467.6,11,455.5,0,0.0
1790952908112,47428,12.1,11,455.5,467.6,11,455.5,0,0.0
1790952908631,47428,12.1,11,455.5,467.6,11,455.5,0,0.0
1790952909140,47428,12.1,11,455.5,467.6,11,455.5,0,0.0
1790952909646,47428,12.1,11,455.5,467.6,11,455.5,0,0.0
1790952910151,47428,12.1,11,455.4,467.5,11,455.4,0,0.0
1790952910669,47428,12.1,11,455.5,467.6,11,455.5,0,0.0
1790952911192,47428,12.1,11,455.5,467.6,11,455.5,0,0.0
1790952911698,47428,12.1,11,455.5,467.6,11,455.5,0,0.0
1790952912215,47428,12.1,11,455.5,467.6,11,455.5,0,0.0
1790952912730,47428,12.1,11,455.5,467.6,11,455.5,0,0.0
1790952913253,47428,12.1,11,455.5,467.6,11,455.5,0,0.0
1790952913752,47428,12.1,11,455.5,467.6,11,455.5,0,0.0
1790952914271,47428,12.1,11,455.5,467.6,11,455.5,0,0.0
1790952914780,47428,12.1,11,455.5,467.6,11,455.5,0,0.0
1790952915301,47428,12.1,11,455.5,467.6,11,455.5,0,0.0
1790952915819,47428,12.1,11,455.5,467.6,11,455.5,0,0.0
1790952916313,47428,12.1,11,455.5,467.6,11,455.5,0,0.0
1790952916821,47428,12.1,11,455.5,467.6,11,455.5,0,0.0
1790952917318,47428,12.1,11,455.5,467.6,11,455.5,0,0.0
1790952917823,47428,12.1,11,455.5,467.6,11,455.5,0,0.0
1790952918337,47428,12.1,11,455.5,467.6,11,455.5,0,0.0
1790952918856,47428,12.1,11,455.5,467.6,11,455.5,0,0.0
1790952919368,47428,12.1,11,455.5,467.6,11,455.5,0,0.0
1790952919876,47428,12.1,11,455.5,467.6,11,455.5,0,0.0
1790952920373,47428,12.1,11,455.6,467.7,11,455.6,0,0.0
1790952920878,47428,12.1,11,455.7,467.7,11,455.7,0,0.0
1790952921394,47428,12.1,11,455.7,467.7,11,455.7,0,0.0
1790952921903,47428,12.1,11,455.7,467.7,11,455.7,0,0.0
1790952922428,47428,12.1,11,455.7,467.8,11,455.7,0,0.0
1790952922927,47428,12.1,11,455.7,467.8,11,455.7,0,0.0
1790952923441,47428,12.1,11,455.7,467.8,11,455.7,0,0.0
1790952923957,47428,12.1,11,455.7,467.8,11,455.7,0,0.0
1790952924477,47428,12.1,11,455.7,467.8,11,455.7,0,0.0
1790952924979,47428,12.1,11,455.6,467.6,11,455.6,0,0.0
1790952925496,47428,12.1,11,455.4,467.4,11,455.4,0,0.0
1790952926011,47428,12.1,11,455.3,467.4,11,455.3,0,0.0
1790952926524,47428,12.1,11,455.2,467.3,11,455.2,0,0.0
1790952927027,47428,12.1,11,455.2,467.3,11,455.2,0,0.0
1790952927531,47428,12.1,11,455.2,467.3,11,455.2,0,0.0
1790952928052,47428,12.1,11,455.2,467.3,11,455.2,0,0.0
1790952928560,47428,12.1,11,455.3,467.3,11,455.3,0,0.0
1790952929081,47428,12.1,11,455.3,467.3,11,455.3,0,0.0
1790952929588,47428,12.1,11,455.0,467.1,11,455.0,0,0.0
1790952930101,47428,12.1,11,454.9,467.0,11,454.9,0,0.0
1790952930606,47428,12.1,11,455.0,467.1,11,455.0,0,0.0
1790952931099,47428,12.1,11,455.1,467.1,11,455.1,0,0.0
1790952931601,47428,12.1,11,455.1,467.1,11,455.1,0,0.0
1790952932114,47428,12.1,11,455.1,467.1,11,455.1,0,0.0
1790952932611,47428,12.1,11,455.1,467.1,11,455.1,0,0.0
1790952933131,47428,12.1,11,455.2,467.2,11,455.2,0,0.0
1790952933640,47428,12.1,17,559.4,571.4,11,491.3,6,68.1
1790952934490,47428,11.0,11,490.9,501.9,11,490.9,0,0.0
1790952935004,47428,11.0,11,490.9,501.9,11,490.9,0,0.0
1790952935507,47428,11.0,11,490.9,501.9,11,490.9,0,0.0
1790952936019,47428,11.0,11,490.9,501.9,11,490.9,0,0.0
1790952936535,47428,11.0,11,490.9,501.9,11,490.9,0,0.0
1790952937050,47428,11.0,11,490.9,501.9,11,490.9,0,0.0
1790952937565,47428,11.0,11,490.9,501.9,11,490.9,0,0.0
1790952938086,47428,11.0,11,462.4,473.4,11,462.4,0,0.0
1790952938596,47428,11.0,11,463.2,474.2,11,463.2,0,0.0
1790952939111,47428,11.0,11,463.2,474.2,11,463.2,0,0.0
1790952939621,47428,11.0,11,463.1,474.2,11,463.1,0,0.0
1790952940142,47428,11.0,11,463.1,474.2,11,463.1,0,0.0
1790952940638,47428,11.0,11,463.1,474.2,11,463.1,0,0.0
1790952941157,47428,11.0,11,462.5,473.5,11,462.5,0,0.0
1790952941677,47428,11.0,11,456.7,467.8,11,456.7,0,0.0
1790952942192,47428,11.0,11,456.7,467.7,11,456.7,0,0.0
1790952942695,47428,11.0,11,456.8,467.8,11,456.8,0,0.0
1790952943208,47428,11.0,11,456.8,467.8,11,456.8,0,0.0
1790952943721,47428,11.0,11,456.8,467.9,11,456.8,0,0.0
1790952944230,47428,11.0,11,455.6,466.7,11,455.6,0,0.0
1790952944730,47428,11.0,11,455.6,466.7,11,455.6,0,0.0
1790952945225,47428,11.0,11,455.6,466.7,11,455.6,0,0.0
1790952945728,47428,11.0,11,455.6,466.7,11,455.6,0,0.0
1790952946242,47428,11.0,11,455.6,466.6,11,455.6,0,0.0
1790952946742,47428,11.0,11,455.6,466.6,11,455.6,0,0.0
1790952947256,47428,11.0,11,455.6,466.6,11,455.6,0,0.0
1790952947766,47428,11.0,11,455.6,466.6,11,455.6,0,0.0
1790952948279,47428,11.0,11,455.6,466.7,11,455.6,0,0.0
1790952948798,47428,11.0,11,455.6,466.7,11,455.6,0,0.0
1790952949310,47428,11.0,11,455.6,466.7,11,455.6,0,0.0
1790952949828,47428,11.0,11,455.6,466.7,11,455.6,0,0.0
1790952950338,47428,11.0,11,455.0,466.0,11,455.0,0,0.0
1790952950840,47428,11.0,11,455.0,466.0,11,455.0,0,0.0
1790952951345,47428,11.0,11,455.0,466.0,11,455.0,0,0.0
1790952951864,47428,11.0,11,455.0,466.0,11,455.0,0,0.0
1790952952379,47428,11.0,11,455.0,466.0,11,455.0,0,0.0
1790952952896,47428,11.0,11,455.0,466.0,11,455.0,0,0.0
1790952953398,47428,11.0,11,455.0,466.0,11,455.0,0,0.0
1790952953893,47428,11.0,11,455.0,466.0,11,455.0,0,0.0
1790952954407,47428,11.0,11,454.9,466.0,11,454.9,0,0.0
1790952954912,47428,11.0,11,454.9,466.0,11,454.9,0,0.0
1790952955419,47428,11.0,11,454.9,466.0,11,454.9,0,0.0
1790952955930,47428,11.0,11,454.9,466.0,11,454.9,0,0.0
1790952956449,47428,11.0,11,454.9,466.0,11,454.9,0,0.0
1790952956959,47428,11.0,11,454.9,466.0,11,454.9,0,0.0
1790952957466,47428,11.0,11,454.9,466.0,11,454.9,0,0.0
1790952957983,47428,11.0,11,454.9,466.0,11,454.9,0,0.0
1790952958506,47428,11.0,11,454.9,466.0,11,454.9,0,0.0
1790952959007,47428,11.0,11,454.9,466.0,11,454.9,0,0.0
1790952959524,47428,11.0,11,455.0,466.0,11,455.0,0,0.0
1790952960038,47428,11.0,11,454.9,466.0,11,454.9,0,0.0
1790952960547,47428,11.0,11,454.9,466.0,11,454.9,0,0.0
1790952961069,47428,11.0,11,454.9,466.0,11,454.9,0,0.0
1790952961574,47428,11.0,11,454.9,466.0,11,454.9,0,0.0
1790952962096,47428,11.0,11,454.8,465.8,11,454.8,0,0.0
1790952962589,47428,11.0,11,454.9,466.0,11,454.9,0,0.0
1790952963115,47428,11.0,11,454.9,466.0,11,454.9,0,0.0
1790952963631,47428,11.0,11,454.7,465.7,11,454.7,0,0.0
1790952964137,47428,11.0,11,454.7,465.7,11,454.7,0,0.0
1790952964645,47428,11.0,11,454.8,465.9,11,454.8,0,0.0
1790952965151,47428,11.0,11,454.9,465.9,11,454.9,0,0.0
1790952965656,47428,11.0,11,454.7,465.7,11,454.7,0,0.0
1790952966179,47428,11.0,11,454.6,465.6,11,454.6,0,0.0
1790952966676,47428,11.0,11,454.7,465.8,11,454.7,0,0.0
1790952967182,47428,11.0,11,454.7,465.8,11,454.7,0,0.0
1790952967702,47428,11.0,11,454.7,465.8,11,454.7,0,0.0
1790952968217,47428,11.0,11,454.7,465.8,11,454.7,0,0.0
1790952968736,47428,11.0,11,454.7,465.8,11,454.7,0,0.0
1790952969254,47428,11.0,11,454.7,465.8,11,454.7,0,0.0
1790952969755,47428,11.0,11,454.7,465.8,11,454.7,0,0.0
1790952970261,47428,11.0,11,454.7,465.8,11,454.7,0,0.0
1790952970770,47428,11.0,11,454.7,465.8,11,454.7,0,0.0
1790952971275,47428,11.0,11,454.7,465.8,11,454.7,0,0.0
1790952971782,47428,11.0,11,454.7,465.8,11,454.7,0,0.0
1790952972299,47428,11.0,11,454.7,465.8,11,454.7,0,0.0
1790952972817,47428,11.0,11,454.7,465.8,11,454.7,0,0.0
1790952973330,47428,11.0,11,454.7,465.8,11,454.7,0,0.0
1790952973836,47428,11.0,11,454.7,465.8,11,454.7,0,0.0
1790952974340,47428,11.0,11,454.7,465.8,11,454.7,0,0.0
1790952974848,47428,11.0,11,454.7,465.8,11,454.7,0,0.0
1790952975358,47428,11.0,11,454.9,465.9,11,454.9,0,0.0
1790952975862,47428,11.0,11,454.9,465.9,11,454.9,0,0.0
1790952976368,47428,11.0,11,454.9,465.9,11,454.9,0,0.0
1790952976882,47428,11.0,11,454.9,465.9,11,454.9,0,0.0
1790952977397,47428,11.0,11,454.9,465.9,11,454.9,0,0.0
1790952977894,47428,11.0,11,454.9,465.9,11,454.9,0,0.0
1790952978406,47428,11.0,11,454.9,465.9,11,454.9,0,0.0
1790952978925,47428,11.0,11,454.9,465.9,11,454.9,0,0.0
1790952979429,47428,11.0,11,454.9,465.9,11,454.9,0,0.0
1790952979939,47428,11.0,11,454.9,465.9,11,454.9,0,0.0
1790952980457,47428,11.0,11,460.5,471.5,11,460.5,0,0.0
1790952980970,47428,11.0,11,460.5,471.5,11,460.5,0,0.0
1790952981492,47428,11.0,11,460.5,471.5,11,460.5,0,0.0
1790952982009,47428,11.0,11,460.5,471.5,11,460.5,0,0.0
1790952982516,47428,11.0,11,460.2,471.2,11,460.2,0,0.0
1790952983035,47428,11.0,11,460.2,471.2,11,460.2,0,0.0
1790952983552,47428,11.0,11,458.3,469.3,11,458.3,0,0.0
1790952984056,47428,11.0,11,458.3,469.3,11,458.3,0,0.0
1790952984561,47428,11.0,11,458.3,469.3,11,458.3,0,0.0
1790952985076,47428,11.0,11,458.3,469.3,11,458.3,0,0.0
1790952985595,47428,11.0,11,458.3,469.3,11,458.3,0,0.0
1790952986111,47428,11.0,11,458.1,469.1,11,458.1,0,0.0
1790952986626,47428,11.0,11,458.2,469.3,11,458.2,0,0.0
1790952987139,47428,11.0,11,458.2,469.3,11,458.2,0,0.0
1790952987656,47428,11.0,11,457.9,468.9,11,457.9,0,0.0
1790952988170,47428,11.0,11,457.9,468.9,11,457.9,0,0.0
1790952988683,47428,11.0,11,454.2,465.3,11,454.2,0,0.0
1790952989182,47428,11.0,11,454.2,465.3,11,454.2,0,0.0
1790952989700,47428,11.0,11,454.3,465.3,11,454.3,0,0.0
1790952990218,47428,11.0,11,454.2,465.2,11,454.2,0,0.0
1790952990739,47428,11.0,11,453.6,464.7,11,453.6,0,0.0
1790952991238,47428,11.0,11,453.6,464.7,11,453.6,0,0.0
1790952991739,47428,11.0,11,453.6,464.7,11,453.6,0,0.0
1790952992246,47428,11.0,11,453.6,464.6,11,453.6,0,0.0
1790952992756,47428,11.0,11,453.6,464.6,11,453.6,0,0.0
1790952993264,47428,11.0,11,453.5,464.6,11,453.5,0,0.0
1790952993789,47428,28.7,17,641.4,670.1,11,491.0,6,150.3
1790952994588,47428,11.1,11,490.8,501.9,11,490.8,0,0.0
1790952995098,47428,11.1,11,490.8,501.9,11,490.8,0,0.0
1790952995615,47428,11.1,11,490.8,501.9,11,490.8,0,0.0
1790952996134,47428,11.1,11,490.8,501.9,11,490.8,0,0.0
1790952996631,47428,11.1,11,490.8,501.9,11,490.8,0,0.0
1790952997132,47428,11.1,11,490.8,501.9,11,490.8,0,0.0
1790952997635,47428,11.1,11,490.4,501.5,11,490.4,0,0.0
1790952998146,47428,11.1,11,490.3,501.4,11,490.3,0,0.0
1790952998653,47428,11.1,11,462.0,473.1,11,462.0,0,0.0
1790952999168,47428,11.1,11,461.9,473.0,11,461.9,0,0.0
1790952999685,47428,11.1,11,461.9,473.0,11,461.9,0,0.0
1790953000182,47428,11.1,11,461.9,473.0,11,461.9,0,0.0
1790953000703,47428,11.1,11,461.9,473.0,11,461.9,0,0.0
1790953001219,47428,11.1,11,461.0,472.1,11,461.0,0,0.0
1790953001731,47428,11.1,11,457.2,468.3,11,457.2,0,0.0
1790953002251,47428,11.1,11,457.2,468.3,11,457.2,0,0.0
1790953002762,47428,11.1,11,457.2,468.3,11,457.2,0,0.0
1790953003321,47428,11.1,11,457.2,468.3,11,457.2,0,0.0
1790953003808,47428,11.1,11,457.3,468.4,11,457.3,0,0.0
1790953004310,47428,11.1,11,457.3,468.4,11,457.3,0,0.0
1790953004810,47428,11.1,11,454.9,466.0,11,454.9,0,0.0
1790953005317,47428,11.1,11,454.9,466.0,11,454.9,0,0.0
1790953005825,47428,11.1,11,454.9,466.0,11,454.9,0,0.0
1790953006329,47428,11.1,11,454.9,466.0,11,454.9,0,0.0
1790953006846,47428,11.1,11,454.9,466.0,11,454.9,0,0.0
1790953007356,47428,11.1,11,454.9,466.0,11,454.9,0,0.0
1790953007876,47428,11.1,11,454.9,466.0,11,454.9,0,0.0
1790953008392,47428,11.1,11,454.9,466.0,11,454.9,0,0.0
1790953008898,47428,11.1,11,454.9,466.1,11,454.9,0,0.0
1790953009407,47428,11.1,11,454.9,466.0,11,454.9,0,0.0
1790953009921,47428,11.1,11,454.9,466.0,11,454.9,0,0.0
1790953010434,47428,11.1,11,454.9,466.0,11,454.9,0,0.0
1790953010933,47428,11.1,11,454.9,466.0,11,454.9,0,0.0
1790953011453,47428,11.1,11,454.9,466.0,11,454.9,0,0.0
1790953011968,47428,11.1,11,454.9,466.0,11,454.9,0,0.0
1790953012485,47428,11.1,11,454.9,466.0,11,454.9,0,0.0
1790953012997,47428,11.1,11,454.9,466.0,11,454.9,0,0.0
1790953013519,47428,11.1,11,454.9,466.0,11,454.9,0,0.0
1790953014029,47428,11.1,11,454.7,465.8,11,454.7,0,0.0
1790953014544,47428,11.1,11,454.7,465.8,11,454.7,0,0.0
1790953015063,47428,11.1,11,454.7,465.8,11,454.7,0,0.0
1790953015571,47428,11.1,11,454.7,465.8,11,454.7,0,0.0
1790953016090,47428,11.1,11,454.7,465.8,11,454.7,0,0.0
1790953016609,47428,11.1,11,454.7,465.8,11,454.7,0,0.0
1790953017123,47428,11.1,11,454.7,465.8,11,454.7,0,0.0
1790953017638,47428,11.1,11,454.7,465.8,11,454.7,0,0.0
1790953018136,47428,11.1,11,454.7,465.8,11,454.7,0,0.0
1790953018643,47428,11.1,11,454.8,465.9,11,454.8,0,0.0
1790953019148,47428,11.1,11,454.8,465.9,11,454.8,0,0.0
1790953019664,47428,11.1,11,454.8,465.9,11,454.8,0,0.0
1790953020165,47428,11.1,11,454.8,465.9,11,454.8,0,0.0
1790953020672,47428,11.1,11,454.8,465.9,11,454.8,0,0.0
1790953021170,47428,11.1,11,454.8,465.9,11,454.8,0,0.0
1790953021684,47428,11.1,11,454.8,465.9,11,454.8,0,0.0
1790953022185,47428,11.1,11,454.7,465.8,11,454.7,0,0.0
1790953022701,47428,11.1,11,454.9,466.0,11,454.9,0,0.0
1790953023211,47428,11.1,11,454.9,466.0,11,454.9,0,0.0
1790953023728,47428,11.5,11,454.8,466.3,11,454.8,0,0.0
1790953024244,47428,11.5,11,455.1,466.6,11,455.1,0,0.0
1790953024758,47428,11.5,11,455.3,466.8,11,455.3,0,0.0
1790953025254,47428,11.5,11,455.3,466.8,11,455.3,0,0.0
1790953025772,47428,11.5,11,455.3,466.8,11,455.3,0,0.0
1790953026289,47428,11.5,11,455.3,466.8,11,455.3,0,0.0
1790953026788,47428,11.5,11,455.3,466.8,11,455.3,0,0.0
1790953027298,47428,11.5,11,455.3,466.8,11,455.3,0,0.0
1790953027799,47428,11.5,11,455.3,466.8,11,455.3,0,0.0
1790953028296,47428,11.5,11,455.3,466.8,11,455.3,0,0.0
1790953028817,47428,11.5,11,455.5,467.0,11,455.5,0,0.0
1790953029311,47428,11.5,11,455.5,467.0,11,455.5,0,0.0
1790953029823,47428,11.5,11,455.1,466.6,11,455.1,0,0.0
1790953030342,47428,11.5,11,455.1,466.5,11,455.1,0,0.0
1790953030850,47428,11.5,11,455.1,466.6,11,455.1,0,0.0
1790953031363,47428,11.5,11,455.1,466.6,11,455.1,0,0.0
1790953031866,47428,11.5,11,455.1,466.6,11,455.1,0,0.0
1790953032389,47428,11.5,11,455.1,466.6,11,455.1,0,0.0
1790953032905,47428,11.5,11,455.1,466.6,11,455.1,0,0.0
1790953033420,47428,11.5,11,455.1,466.6,11,455.1,0,0.0
1790953033921,47428,11.5,11,455.1,466.6,11,455.1,0,0.0
1790953034428,47428,11.5,11,455.1,466.5,11,455.1,0,0.0
1790953034926,47428,11.5,11,455.1,466.5,11,455.1,0,0.0
1790953035444,47428,11.5,11,455.0,466.5,11,455.0,0,0.0
1790953035947,47428,11.5,11,455.0,466.5,11,455.0,0,0.0
1790953036447,47428,11.5,11,455.0,466.5,11,455.0,0,0.0
1790953036950,47428,11.5,11,455.0,466.5,11,455.0,0,0.0
1790953037446,47428,11.5,11,455.0,466.5,11,455.0,0,0.0
1790953037956,47428,11.5,11,455.0,466.5,11,455.0,0,0.0
1790953038458,47428,11.5,11,455.0,466.5,11,455.0,0,0.0
1790953038976,47428,11.5,11,455.0,466.5,11,455.0,0,0.0
1790953039478,47428,11.5,11,455.1,466.5,11,455.1,0,0.0
1790953039992,47428,11.5,11,455.1,466.5,11,455.1,0,0.0
1790953040494,47428,11.5,11,455.1,466.5,11,455.1,0,0.0
1790953040996,47428,11.5,11,455.8,467.3,11,455.8,0,0.0
1790953041510,47428,11.5,11,455.8,467.3,11,455.8,0,0.0
1790953042018,47428,11.5,11,455.8,467.3,11,455.8,0,0.0
1790953042533,47428,11.5,11,455.8,467.3,11,455.8,0,0.0
1790953043049,47428,11.5,11,455.8,467.3,11,455.8,0,0.0
1790953043561,47428,11.5,11,455.8,467.3,11,455.8,0,0.0
1790953044070,47428,11.5,11,455.9,467.4,11,455.9,0,0.0
1790953044583,47428,11.5,11,456.0,467.4,11,456.0,0,0.0
1790953045101,47428,11.5,11,456.0,467.4,11,456.0,0,0.0
1790953045598,47428,11.5,11,456.0,467.5,11,456.0,0,0.0
1790953046107,47428,11.5,11,455.9,467.4,11,455.9,0,0.0
1790953046603,47428,11.5,11,455.9,467.4,11,455.9,0,0.0
1790953047110,47428,11.5,11,455.9,467.4,11,455.9,0,0.0
1790953047623,47428,11.5,11,455.9,467.4,11,455.9,0,0.0
1790953048126,47428,11.5,11,455.9,467.4,11,455.9,0,0.0
1790953048639,47428,11.5,11,455.9,467.4,11,455.9,0,0.0
1790953049152,47428,11.5,11,455.9,467.4,11,455.9,0,0.0
1790953049650,47428,11.5,11,455.9,467.4,11,455.9,0,0.0
1790953050158,47428,11.5,11,455.9,467.4,11,455.9,0,0.0
1790953050681,47428,11.5,11,455.9,467.3,11,455.9,0,0.0
1790953051182,47428,11.5,11,455.9,467.3,11,455.9,0,0.0
1790953051688,47428,11.5,11,455.9,467.4,11,455.9,0,0.0
1790953052206,47428,11.5,11,455.9,467.4,11,455.9,0,0.0
1790953052723,47428,11.5,11,454.5,466.0,11,454.5,0,0.0
1790953053222,47428,11.5,11,454.6,466.1,11,454.6,0,0.0
1790953053757,47428,28.6,17,624.8,653.5,11,491.3,6,133.5
1790953054653,47428,12.6,11,491.0,503.6,11,491.0,0,0.0
1790953055175,47428,12.6,11,491.0,503.6,11,491.0,0,0.0
1790953055684,47428,12.6,11,491.0,503.7,11,491.0,0,0.0
1790953056204,47428,12.6,11,491.0,503.7,11,491.0,0,0.0
1790953056715,47428,12.6,11,491.0,503.7,11,491.0,0,0.0
1790953057228,47428,12.6,11,491.0,503.7,11,491.0,0,0.0
1790953057733,47428,12.6,11,491.0,503.7,11,491.0,0,0.0
1790953058254,47428,12.6,11,491.0,503.6,11,491.0,0,0.0
1790953058768,47428,12.6,11,462.3,474.9,11,462.3,0,0.0
1790953059263,47428,12.6,11,462.3,474.9,11,462.3,0,0.0
1790953059783,47428,12.6,11,462.3,474.9,11,462.3,0,0.0
1790953060283,47428,12.6,11,462.3,474.9,11,462.3,0,0.0
1790953060799,47428,12.6,11,462.3,474.9,11,462.3,0,0.0
1790953061314,47428,12.6,11,462.3,474.9,11,462.3,0,0.0
1790953061832,47428,12.6,11,455.6,468.2,11,455.6,0,0.0
1790953062337,47428,12.6,11,455.7,468.3,11,455.7,0,0.0
1790953062848,47428,12.6,11,455.6,468.3,11,455.6,0,0.0
1790953063363,47428,12.6,11,455.7,468.3,11,455.7,0,0.0
1790953063866,47428,12.6,11,455.7,468.3,11,455.7,0,0.0
1790953064375,47428,12.6,11,455.7,468.3,11,455.7,0,0.0
1790953064887,47428,12.6,11,455.7,468.3,11,455.7,0,0.0
1790953065388,47428,12.6,11,455.8,468.4,11,455.8,0,0.0
1790953065912,47428,12.6,11,455.9,468.5,11,455.9,0,0.0
1790953066410,47428,12.6,11,455.2,467.8,11,455.2,0,0.0
1790953066920,47428,12.6,11,455.2,467.9,11,455.2,0,0.0
1790953067434,47428,12.6,11,455.2,467.9,11,455.2,0,0.0
1790953067939,47428,12.6,11,455.2,467.8,11,455.2,0,0.0
1790953068455,47428,12.6,11,455.2,467.9,11,455.2,0,0.0
1790953068974,47428,12.6,11,455.2,467.9,11,455.2,0,0.0
1790953069485,47428,12.6,11,455.2,467.9,11,455.2,0,0.0
1790953070003,47428,12.6,11,455.2,467.9,11,455.2,0,0.0
1790953070506,47428,12.6,11,455.2,467.8,11,455.2,0,0.0
1790953071015,47428,12.6,11,455.2,467.8,11,455.2,0,0.0
1790953071527,47428,12.6,11,455.2,467.9,11,455.2,0,0.0
1790953072045,47428,12.6,11,455.2,467.8,11,455.2,0,0.0
1790953072561,47428,12.6,11,455.2,467.8,11,455.2,0,0.0
1790953073079,47428,12.6,11,455.2,467.8,11,455.2,0,0.0
1790953073596,47428,12.6,11,455.2,467.8,11,455.2,0,0.0
1790953074108,47428,12.6,11,455.2,467.8,11,455.2,0,0.0
1790953074625,47428,12.6,11,455.2,467.8,11,455.2,0,0.0
1790953075144,47428,12.6,11,455.2,467.8,11,455.2,0,0.0
1790953075653,47428,12.6,11,455.2,467.8,11,455.2,0,0.0
1790953076160,47428,12.6,11,455.2,467.8,11,455.2,0,0.0
1790953076678,47428,12.6,11,455.2,467.8,11,455.2,0,0.0
1790953077194,47428,12.6,11,455.2,467.8,11,455.2,0,0.0
1790953077709,47428,12.6,11,454.9,467.5,11,454.9,0,0.0
1790953078212,47428,12.6,11,454.9,467.5,11,454.9,0,0.0
1790953078727,47428,12.6,11,454.9,467.5,11,454.9,0,0.0
1790953079244,47428,12.6,11,454.9,467.5,11,454.9,0,0.0
1790953079755,47428,12.6,11,454.9,467.5,11,454.9,0,0.0
1790953080267,47428,12.6,11,454.9,467.5,11,454.9,0,0.0
1790953080783,47428,12.6,11,454.9,467.5,11,454.9,0,0.0
1790953081294,47428,12.6,11,454.9,467.5,11,454.9,0,0.0
1790953081819,47428,12.6,11,454.9,467.5,11,454.9,0,0.0
1790953082333,47428,12.6,11,454.9,467.5,11,454.9,0,0.0
1790953082846,47428,12.6,11,458.8,471.4,11,458.8,0,0.0
1790953083370,47428,12.6,11,458.7,471.3,11,458.7,0,0.0
1790953083883,47428,12.6,11,458.6,471.2,11,458.6,0,0.0
1790953084383,47428,12.6,11,458.7,471.3,11,458.7,0,0.0
1790953084888,47428,12.6,11,458.8,471.4,11,458.8,0,0.0
1790953085407,47428,12.6,11,458.8,471.5,11,458.8,0,0.0
1790953085928,47428,12.6,11,458.7,471.3,11,458.7,0,0.0
1790953086442,47428,12.6,11,458.3,471.0,11,458.3,0,0.0
1790953086949,47428,12.6,11,458.3,470.9,11,458.3,0,0.0
1790953087471,47428,12.6,11,458.3,470.9,11,458.3,0,0.0
1790953087981,47428,12.6,11,458.3,470.9,11,458.3,0,0.0
1790953088487,47428,12.6,11,458.3,470.9,11,458.3,0,0.0
1790953088998,47428,12.6,11,457.9,470.5,11,457.9,0,0.0
1790953089514,47428,12.6,11,457.9,470.5,11,457.9,0,0.0
1790953090024,47428,12.6,11,457.9,470.5,11,457.9,0,0.0
1790953090540,47428,12.6,11,454.3,466.9,11,454.3,0,0.0
1790953091057,47428,12.6,11,454.3,466.9,11,454.3,0,0.0
1790953091572,47428,12.6,11,454.3,466.9,11,454.3,0,0.0
1790953092075,47428,12.6,11,454.3,466.9,11,454.3,0,0.0
1790953092579,47428,12.6,11,454.3,466.9,11,454.3,0,0.0
1790953093094,47428,12.6,11,454.3,466.9,11,454.3,0,0.0
1790953093616,47428,12.6,11,453.4,466.0,11,453.4,0,0.0
1790953094135,47428,12.6,11,453.4,466.0,11,453.4,0,0.0
1790953094641,47428,12.6,11,453.3,465.9,11,453.3,0,0.0
1790953095153,47428,12.6,11,453.3,465.9,11,453.3,0,0.0
1790953095669,47428,12.6,11,453.3,465.9,11,453.3,0,0.0
1790953096189,47428,12.6,11,453.3,465.9,11,453.3,0,0.0
1790953096687,47428,12.6,11,453.3,465.9,11,453.3,0,0.0
1790953097204,47428,12.6,11,453.3,465.9,11,453.3,0,0.0
1790953097708,47428,12.6,11,453.3,465.9,11,453.3,0,0.0
1790953098224,47428,12.6,11,453.3,465.9,11,453.3,0,0.0
1790953098725,47428,12.6,11,453.3,466.0,11,453.3,0,0.0
1790953099228,47428,12.6,11,453.3,465.9,11,453.3,0,0.0
1790953099731,47428,12.6,11,453.3,465.9,11,453.3,0,0.0
1790953100244,47428,12.6,11,453.3,466.0,11,453.3,0,0.0
1790953100750,47428,12.6,11,453.3,466.0,11,453.3,0,0.0
1790953101260,47428,12.6,11,454.1,466.8,11,454.1,0,0.0
1790953101780,47428,12.6,11,454.1,466.7,11,454.1,0,0.0
1790953102288,47428,12.6,11,454.1,466.7,11,454.1,0,0.0
1790953102795,47428,12.6,11,454.4,467.0,11,454.4,0,0.0
1790953103295,47428,12.6,11,454.5,467.1,11,454.5,0,0.0
1790953103815,47428,12.6,11,454.3,466.9,11,454.3,0,0.0
1790953104312,47428,12.6,11,455.1,467.7,11,455.1,0,0.0
1790953104830,47428,12.6,11,455.1,467.7,11,455.1,0,0.0
1790953105352,47428,12.6,11,455.1,467.7,11,455.1,0,0.0
1790953105867,47428,12.6,11,455.3,467.9,11,455.3,0,0.0
1790953106374,47428,12.6,11,455.2,467.8,11,455.2,0,0.0
1790953106895,47428,12.6,11,455.2,467.8,11,455.2,0,0.0
1790953107412,47428,12.6,11,455.3,467.9,11,455.3,0,0.0
1790953107929,47428,12.6,11,455.3,467.9,11,455.3,0,0.0
1790953108431,47428,12.6,11,455.3,467.9,11,455.3,0,0.0
1790953108943,47428,12.6,11,455.3,467.9,11,455.3,0,0.0
1790953109449,47428,12.6,11,455.3,467.9,11,455.3,0,0.0
1790953109962,47428,12.6,11,455.0,467.6,11,455.0,0,0.0
1790953110467,47428,12.6,11,454.9,467.5,11,454.9,0,0.0
1790953110982,47428,12.6,11,454.9,467.5,11,454.9,0,0.0
1790953111486,47428,12.6,11,455.0,467.6,11,455.0,0,0.0
1790953112005,47428,12.6,11,455.0,467.6,11,455.0,0,0.0
1790953112503,47428,12.6,11,455.0,467.6,11,455.0,0,0.0
1790953113013,47428,12.6,11,455.0,467.6,11,455.0,0,0.0
1790953113514,47428,12.6,13,490.8,503.4,11,477.5,2,13.3
1790953114389,47428,12.6,11,491.4,504.0,11,491.4,0,0.0
1790953114889,47428,12.6,11,491.4,504.0,11,491.4,0,0.0
1790953115401,47428,12.6,11,491.5,504.1,11,491.5,0,0.0
1790953115908,47428,12.6,11,491.5,504.1,11,491.5,0,0.0
1790953116429,47428,12.6,11,491.5,504.0,11,491.5,0,0.0
1790953116935,47428,12.6,11,491.5,504.0,11,491.5,0,0.0
1790953117434,47428,12.6,11,485.0,497.6,11,485.0,0,0.0
1790953117946,47428,12.6,11,485.0,497.6,11,485.0,0,0.0
1790953118450,47428,12.6,11,462.4,475.0,11,462.4,0,0.0
1790953118948,47428,12.6,11,462.4,475.0,11,462.4,0,0.0
1790953119455,47428,12.6,11,462.5,475.1,11,462.5,0,0.0
1790953119956,47428,12.6,11,462.5,475.1,11,462.5,0,0.0
1790953120458,47428,12.6,11,462.1,474.6,11,462.1,0,0.0
1790953120971,47428,12.6,11,462.1,474.6,11,462.1,0,0.0
1790953121489,47428,12.6,11,455.4,468.0,11,455.4,0,0.0
1790953121984,47428,12.6,11,455.8,468.3,11,455.8,0,0.0
1790953122505,47428,12.6,11,455.7,468.2,11,455.7,0,0.0
1790953123005,47428,12.6,11,455.7,468.2,11,455.7,0,0.0
1790953123523,47428,12.6,11,455.8,468.3,11,455.8,0,0.0
1790953124027,47428,12.6,11,455.8,468.3,11,455.8,0,0.0
1790953124540,47428,12.6,11,455.8,468.3,11,455.8,0,0.0
1790953125047,47428,12.6,11,455.3,467.9,11,455.3,0,0.0
1790953125559,47428,12.6,11,455.3,467.9,11,455.3,0,0.0
1790953126071,47428,12.5,11,455.2,467.7,11,455.2,0,0.0
1790953126585,47428,12.5,11,455.1,467.6,11,455.1,0,0.0
1790953127106,47428,12.5,11,455.2,467.7,11,455.2,0,0.0
1790953127628,47428,12.5,11,455.3,467.8,11,455.3,0,0.0
1790953128146,47428,12.5,11,455.3,467.8,11,455.3,0,0.0
1790953128664,47428,12.5,11,455.3,467.8,11,455.3,0,0.0
1790953129165,47428,12.5,11,455.3,467.8,11,455.3,0,0.0
1790953129669,47428,12.5,11,455.3,467.8,11,455.3,0,0.0
1790953130169,47428,12.5,11,455.3,467.8,11,455.3,0,0.0
1790953130689,47428,12.5,11,455.2,467.7,11,455.2,0,0.0
1790953131205,47428,12.5,11,455.2,467.7,11,455.2,0,0.0
1790953131721,47428,12.5,11,455.2,467.8,11,455.2,0,0.0
1790953132231,47428,12.5,11,455.2,467.8,11,455.2,0,0.0
1790953132729,47428,12.5,11,455.2,467.8,11,455.2,0,0.0
1790953133227,47428,12.5,11,455.4,468.0,11,455.4,0,0.0
1790953133735,47428,12.7,11,455.4,468.1,11,455.4,0,0.0
1790953134242,47428,12.7,11,455.3,468.0,11,455.3,0,0.0
1790953134749,47428,12.7,11,455.2,467.9,11,455.2,0,0.0
1790953135263,47428,12.7,11,455.3,468.0,11,455.3,0,0.0
1790953135780,47428,12.7,11,455.3,468.0,11,455.3,0,0.0
1790953136297,47428,12.7,11,455.3,468.0,11,455.3,0,0.0
1790953136819,47428,12.7,11,455.3,468.0,11,455.3,0,0.0
1790953137334,47428,12.7,11,455.3,468.0,11,455.3,0,0.0
1790953137839,47428,12.7,11,455.3,468.0,11,455.3,0,0.0
1790953138344,47428,12.7,11,455.2,467.9,11,455.2,0,0.0
1790953138837,47428,12.7,11,455.2,467.9,11,455.2,0,0.0
1790953139353,47428,12.7,11,455.3,468.0,11,455.3,0,0.0
1790953139861,47428,12.7,11,455.3,468.0,11,455.3,0,0.0
1790953140359,47428,12.7,11,455.3,468.0,11,455.3,0,0.0
1790953140876,47428,12.7,11,455.3,468.0,11,455.3,0,0.0
1790953141374,47428,12.7,11,455.3,468.0,11,455.3,0,0.0
1790953141889,47428,12.7,11,455.3,468.0,11,455.3,0,0.0
1790953142414,47428,12.7,11,455.2,467.9,11,455.2,0,0.0
1790953142930,47428,12.7,11,455.2,467.9,11,455.2,0,0.0
1790953143436,47428,12.7,11,456.0,468.6,11,456.0,0,0.0
1790953143931,47428,11.0,11,455.9,466.9,11,455.9,0,0.0
1790953144441,47428,11.0,11,456.0,467.0,11,456.0,0,0.0
1790953144943,47428,11.0,11,456.1,467.1,11,456.1,0,0.0
1790953145450,47428,11.0,11,456.1,467.1,11,456.1,0,0.0
1790953145954,47428,11.0,11,456.1,467.1,11,456.1,0,0.0
1790953146454,47428,11.0,11,456.0,467.0,11,456.0,0,0.0
1790953146952,47428,11.0,11,456.0,467.0,11,456.0,0,0.0
1790953147474,47428,11.0,11,456.1,467.1,11,456.1,0,0.0
1790953147991,47428,11.0,11,456.1,467.1,11,456.1,0,0.0
1790953148506,47428,11.0,11,456.1,467.1,11,456.1,0,0.0
1790953149008,47428,11.0,11,456.1,467.1,11,456.1,0,0.0
1790953149519,47428,11.0,11,456.1,467.1,11,456.1,0,0.0
1790953150017,47428,11.0,11,456.2,467.2,11,456.2,0,0.0
1790953150523,47428,11.0,11,456.1,467.1,11,456.1,0,0.0
1790953151026,47428,11.0,11,456.1,467.1,11,456.1,0,0.0
1790953151528,47428,11.0,11,456.2,467.1,11,456.2,0,0.0
1790953152037,47428,11.0,11,456.2,467.1,11,456.2,0,0.0
1790953152539,47428,11.0,11,456.2,467.1,11,456.2,0,0.0
1790953153051,47428,11.0,11,456.2,467.1,11,456.2,0,0.0
1790953153565,47428,11.0,11,456.2,467.1,11,456.2,0,0.0
1790953154080,47428,11.0,11,456.2,467.1,11,456.2,0,0.0
1790953154599,47428,11.0,11,456.1,467.1,11,456.1,0,0.0
1790953155101,47428,11.0,11,456.1,467.1,11,456.1,0,0.0
1790953155613,47428,11.0,11,456.2,467.1,11,456.2,0,0.0
1790953156118,47428,11.0,11,455.5,466.5,11,455.5,0,0.0
1790953156619,47428,11.0,11,455.5,466.5,11,455.5,0,0.0
1790953157128,47428,11.0,11,455.5,466.5,11,455.5,0,0.0
1790953157629,47428,11.0,11,455.5,466.5,11,455.5,0,0.0
1790953158135,47428,11.0,11,455.1,466.1,11,455.1,0,0.0
1790953158632,47428,11.0,11,455.0,465.9,11,455.0,0,0.0
1790953159144,47428,11.0,11,455.0,465.9,11,455.0,0,0.0
1790953159657,47428,11.0,11,455.0,466.0,11,455.0,0,0.0
1790953160164,47428,11.0,11,455.0,466.0,11,455.0,0,0.0
1790953160660,47428,11.0,11,455.1,466.0,11,455.1,0,0.0
1790953161171,47428,11.0,11,455.1,466.0,11,455.1,0,0.0
1790953161679,47428,11.0,11,455.1,466.0,11,455.1,0,0.0
1790953162192,47428,11.0,11,455.1,466.0,11,455.1,0,0.0
1790953162700,47428,11.0,11,455.0,466.0,11,455.0,0,0.0
1790953163202,47428,11.0,11,455.0,466.0,11,455.0,0,0.0
1790953163720,47428,11.0,11,455.1,466.0,11,455.1,0,0.0
1790953164237,47428,11.0,11,455.1,466.1,11,455.1,0,0.0
1790953164746,47428,11.0,11,455.1,466.1,11,455.1,0,0.0
1790953165258,47428,11.0,11,455.1,466.1,11,455.1,0,0.0
1790953165761,47428,11.0,11,455.1,466.1,11,455.1,0,0.0
1790953166258,47428,11.0,11,455.1,466.1,11,455.1,0,0.0
1790953166768,47428,11.0,11,455.0,466.0,11,455.0,0,0.0
1790953167267,47428,11.0,11,455.1,466.1,11,455.1,0,0.0
1790953167775,47428,11.0,11,455.2,466.2,11,455.2,0,0.0
1790953168299,47428,11.0,11,455.3,466.2,11,455.3,0,0.0
1790953168812,47428,11.0,11,455.3,466.2,11,455.3,0,0.0
1790953169336,47428,11.0,11,455.3,466.3,11,455.3,0,0.0
1790953169833,47428,11.0,11,455.3,466.3,11,455.3,0,0.0
1790953170340,47428,11.0,11,455.2,466.2,11,455.2,0,0.0
1790953170863,47428,11.0,11,455.2,466.2,11,455.2,0,0.0
1790953171365,47428,11.0,11,455.3,466.3,11,455.3,0,0.0
1790953171877,47428,11.0,11,455.3,466.3,11,455.3,0,0.0
1790953172396,47428,11.0,11,455.3,466.3,11,455.3,0,0.0
1790953172905,47428,11.0,11,455.3,466.3,11,455.3,0,0.0
1790953173409,47428,11.0,11,478.5,489.4,11,478.5,0,0.0
1790953173939,47428,11.5,17,909.3,920.7,11,492.5,6,416.7
1790953174713,47428,12.5,11,492.1,504.6,11,492.1,0,0.0
1790953175225,47428,12.5,11,492.1,504.6,11,492.1,0,0.0
1790953175733,47428,12.5,11,492.2,504.7,11,492.2,0,0.0
1790953176246,47428,12.5,11,492.2,504.7,11,492.2,0,0.0
1790953176751,47428,12.5,11,492.2,504.6,11,492.2,0,0.0
1790953177266,47428,12.5,11,492.2,504.6,11,492.2,0,0.0
1790953177776,47428,12.5,11,484.7,497.1,11,484.7,0,0.0
1790953178287,47428,12.5,11,484.7,497.1,11,484.7,0,0.0
1790953178789,47428,12.5,11,464.5,477.0,11,464.5,0,0.0
1790953179291,47428,12.5,11,464.6,477.0,11,464.6,0,0.0
1790953179794,47428,12.5,11,464.6,477.0,11,464.6,0,0.0
1790953180294,47428,12.5,11,464.5,476.9,11,464.5,0,0.0
1790953180810,47428,12.5,11,464.4,476.9,11,464.4,0,0.0
1790953181319,47428,12.5,11,464.4,476.9,11,464.4,0,0.0
1790953181823,47428,12.5,11,456.8,469.3,11,456.8,0,0.0
1790953182322,47428,12.5,11,456.7,469.2,11,456.7,0,0.0
1790953182834,47428,12.5,11,456.7,469.2,11,456.7,0,0.0
1790953183333,47428,12.5,11,456.5,469.0,11,456.5,0,0.0
1790953183853,47428,12.5,11,456.5,469.0,11,456.5,0,0.0
1790953184353,47428,12.5,11,456.5,469.0,11,456.5,0,0.0
1790953184852,47428,12.5,11,455.3,467.8,11,455.3,0,0.0
1790953185362,47428,12.5,11,460.5,473.0,11,460.5,0,0.0
1790953185861,47428,12.5,11,460.5,472.9,11,460.5,0,0.0
1790953186366,47428,12.5,11,460.1,472.5,11,460.1,0,0.0
1790953186875,47428,12.5,11,461.1,473.5,11,461.1,0,0.0
1790953187398,47428,12.5,11,461.2,473.6,11,461.2,0,0.0
1790953187899,47428,12.5,11,460.4,472.9,11,460.4,0,0.0
1790953188411,47428,12.5,11,458.5,471.0,11,458.5,0,0.0
1790953188918,47428,12.5,11,458.5,471.0,11,458.5,0,0.0
1790953189419,47428,12.5,11,458.5,471.0,11,458.5,0,0.0
1790953189939,47428,12.5,11,458.0,470.4,11,458.0,0,0.0
1790953190450,47428,12.5,11,457.9,470.3,11,457.9,0,0.0
1790953190956,47428,12.5,11,457.8,470.3,11,457.8,0,0.0
1790953191457,47428,12.5,11,457.9,470.4,11,457.9,0,0.0
1790953191972,47428,12.5,11,457.9,470.4,11,457.9,0,0.0
1790953192472,47428,12.5,11,457.9,470.4,11,457.9,0,0.0
1790953192973,47428,12.5,11,457.7,470.1,11,457.7,0,0.0
1790953193481,47428,12.5,11,453.9,466.3,11,453.9,0,0.0
1790953193988,47428,12.5,11,453.9,466.3,11,453.9,0,0.0
1790953194493,47428,12.5,11,453.8,466.2,11,453.8,0,0.0
1790953195007,47428,12.5,11,453.8,466.2,11,453.8,0,0.0
1790953195511,47428,12.5,11,453.9,466.3,11,453.9,0,0.0
1790953196027,47428,12.5,11,453.9,466.3,11,453.9,0,0.0
1790953196526,47428,12.5,11,453.9,466.3,11,453.9,0,0.0
1790953197041,47428,12.5,11,453.9,466.3,11,453.9,0,0.0
1790953197549,47428,12.5,11,453.9,466.3,11,453.9,0,0.0
1790953198067,47428,12.5,11,453.9,466.3,11,453.9,0,0.0
1790953198575,47428,12.5,11,453.8,466.2,11,453.8,0,0.0
1790953199089,47428,12.5,11,453.8,466.2,11,453.8,0,0.0
1790953199586,47428,12.5,11,453.9,466.3,11,453.9,0,0.0
1790953200103,47428,12.5,11,453.9,466.3,11,453.9,0,0.0
1790953200596,47428,12.5,11,454.1,466.5,11,454.1,0,0.0
1790953201120,47428,12.5,11,454.1,466.5,11,454.1,0,0.0
1790953201630,47428,12.5,11,454.0,466.5,11,454.0,0,0.0
1790953202140,47428,12.5,11,454.0,466.5,11,454.0,0,0.0
1790953202648,47428,12.5,11,453.9,466.4,11,453.9,0,0.0
1790953203149,47428,12.5,11,453.9,466.4,11,453.9,0,0.0
1790953203651,47428,11.2,11,454.6,465.8,11,454.6,0,0.0
1790953204157,47428,11.2,11,454.6,465.8,11,454.6,0,0.0
1790953204675,47428,11.2,11,454.7,465.9,11,454.7,0,0.0
1790953205178,47428,11.2,11,454.7,465.9,11,454.7,0,0.0
1790953205693,47428,11.2,11,454.7,465.9,11,454.7,0,0.0
1790953206197,47428,11.2,11,454.7,465.9,11,454.7,0,0.0
1790953206714,47428,11.2,11,455.4,466.6,11,455.4,0,0.0
1790953207213,47428,11.2,11,455.5,466.6,11,455.5,0,0.0
1790953207732,47428,11.2,11,455.5,466.7,11,455.5,0,0.0
1790953208242,47428,11.2,11,455.6,466.8,11,455.6,0,0.0
1790953208741,47428,11.2,11,455.6,466.8,11,455.6,0,0.0
1790953209251,47428,11.2,11,455.6,466.8,11,455.6,0,0.0
1790953209770,47428,11.2,11,455.6,466.8,11,455.6,0,0.0
1790953210277,47428,11.2,11,455.6,466.8,11,455.6,0,0.0
1790953210779,47428,11.2,11,455.5,466.7,11,455.5,0,0.0
1790953211304,47428,11.2,11,455.6,466.7,11,455.6,0,0.0
1790953211814,47428,11.2,11,455.6,466.8,11,455.6,0,0.0
1790953212335,47428,11.2,11,455.6,466.8,11,455.6,0,0.0
1790953212838,47428,11.2,11,455.6,466.8,11,455.6,0,0.0
1790953213344,47428,11.2,11,455.6,466.8,11,455.6,0,0.0
1790953213839,47428,11.2,11,455.6,466.8,11,455.6,0,0.0
1790953214353,47428,11.2,11,455.4,466.6,11,455.4,0,0.0
1790953214865,47428,11.2,11,455.5,466.7,11,455.5,0,0.0
1790953215385,47428,11.2,11,455.6,466.8,11,455.6,0,0.0
1790953215896,47428,11.2,11,455.6,466.8,11,455.6,0,0.0
1790953216411,47428,11.2,11,455.6,466.8,11,455.6,0,0.0
1790953216931,47428,11.2,11,455.6,466.8,11,455.6,0,0.0
1790953217445,47428,11.2,11,455.6,466.8,11,455.6,0,0.0
1790953217942,47428,11.2,11,455.6,466.8,11,455.6,0,0.0
1790953218448,47428,11.2,11,455.5,466.7,11,455.5,0,0.0
1790953218954,47428,11.2,11,455.5,466.7,11,455.5,0,0.0
1790953219466,47428,11.2,11,455.4,466.6,11,455.4,0,0.0
1790953219978,47428,11.2,11,455.4,466.6,11,455.4,0,0.0
1790953220480,47428,11.2,11,455.4,466.6,11,455.4,0,0.0
1790953220986,47428,11.2,11,455.4,466.6,11,455.4,0,0.0
1790953221485,47428,11.2,11,455.4,466.6,11,455.4,0,0.0
1790953221989,47428,11.2,11,455.1,466.3,11,455.1,0,0.0
1790953222506,47428,11.2,11,455.1,466.2,11,455.1,0,0.0
1790953223023,47428,11.2,11,455.1,466.2,11,455.1,0,0.0
1790953223539,47428,11.2,11,455.2,466.3,11,455.2,0,0.0
1790953224050,47428,11.2,11,455.2,466.3,11,455.2,0,0.0
1790953224560,47428,11.2,11,455.2,466.4,11,455.2,0,0.0
1790953225079,47428,11.2,11,455.2,466.3,11,455.2,0,0.0
1790953225593,47428,11.2,11,455.2,466.3,11,455.2,0,0.0
1790953226096,47428,11.2,11,455.2,466.3,11,455.2,0,0.0
1790953226605,47428,11.2,11,455.1,466.2,11,455.1,0,0.0
1790953227109,47428,11.2,11,455.1,466.2,11,455.1,0,0.0
1790953227609,47428,11.2,11,455.3,466.5,11,455.3,0,0.0
1790953228112,47428,11.2,11,455.3,466.5,11,455.3,0,0.0
1790953228612,47428,11.2,11,455.4,466.5,11,455.4,0,0.0
1790953229122,47428,11.2,11,455.4,466.5,11,455.4,0,0.0
1790953229637,47428,11.2,11,455.4,466.6,11,455.4,0,0.0
1790953230151,47428,11.2,11,455.4,466.6,11,455.4,0,0.0
1790953230652,47428,11.2,11,455.3,466.5,11,455.3,0,0.0
1790953231157,47428,11.2,11,455.3,466.5,11,455.3,0,0.0
1790953231672,47428,11.2,11,455.4,466.6,11,455.4,0,0.0
1790953232176,47428,11.2,11,455.4,466.6,11,455.4,0,0.0
1790953232673,47428,11.2,11,455.4,466.6,11,455.4,0,0.0
1790953233187,47428,11.2,11,455.4,466.6,11,455.4,0,0.0
1790953233730,47428,22.6,17,591.5,614.1,11,491.7,6,99.8
1790953234524,47428,11.5,11,491.4,502.9,11,491.4,0,0.0
1790953235032,47428,11.5,11,491.4,502.9,11,491.4,0,0.0
1790953235543,47428,11.5,11,491.5,503.0,11,491.5,0,0.0
1790953236063,47428,11.5,11,491.5,502.9,11,491.5,0,0.0
1790953236565,47428,11.5,11,491.5,502.9,11,491.5,0,0.0
1790953237077,47428,11.5,11,491.5,502.9,11,491.5,0,0.0
1790953237594,47428,11.5,11,490.9,502.3,11,490.9,0,0.0
1790953238112,47428,11.5,11,490.7,502.1,11,490.7,0,0.0
1790953238626,47428,11.5,11,463.9,475.4,11,463.9,0,0.0
1790953239140,47428,11.5,11,463.9,475.4,11,463.9,0,0.0
1790953239652,47428,11.5,11,464.0,475.4,11,464.0,0,0.0
1790953240172,47428,11.5,11,464.0,475.4,11,464.0,0,0.0
1790953240674,47428,11.5,11,462.5,473.9,11,462.5,0,0.0
1790953241181,47428,11.5,11,462.5,473.9,11,462.5,0,0.0
1790953241685,47428,11.5,11,456.5,468.0,11,456.5,0,0.0
1790953242203,47428,11.5,11,456.5,468.0,11,456.5,0,0.0
1790953242723,47428,11.5,11,455.3,466.7,11,455.3,0,0.0
1790953243241,47428,11.5,11,455.4,466.8,11,455.4,0,0.0
1790953243745,47428,11.5,11,455.4,466.8,11,455.4,0,0.0
1790953244239,47428,11.5,11,455.4,466.8,11,455.4,0,0.0
1790953244746,47428,11.5,11,455.4,466.8,11,455.4,0,0.0
1790953245263,47428,11.5,11,455.2,466.7,11,455.2,0,0.0
1790953245779,47428,11.5,11,455.9,467.4,11,455.9,0,0.0
1790953246294,47428,11.5,11,455.8,467.3,11,455.8,0,0.0
1790953246811,47428,11.5,11,455.7,467.2,11,455.7,0,0.0
1790953247328,47428,11.5,11,455.8,467.2,11,455.8,0,0.0
1790953247842,47428,11.5,11,455.8,467.2,11,455.8,0,0.0
1790953248365,47428,11.5,11,455.8,467.3,11,455.8,0,0.0
1790953248866,47428,11.5,11,455.9,467.4,11,455.9,0,0.0
1790953249372,47428,11.5,11,456.0,467.4,11,456.0,0,0.0
1790953249875,47428,11.5,11,456.0,467.4,11,456.0,0,0.0
1790953250387,47428,11.5,11,455.8,467.3,11,455.8,0,0.0
1790953250888,47428,11.5,11,455.9,467.4,11,455.9,0,0.0
1790953251395,47428,11.5,11,456.0,467.5,11,456.0,0,0.0
1790953251913,47428,11.5,11,456.0,467.5,11,456.0,0,0.0
1790953252433,47428,11.5,11,456.0,467.5,11,456.0,0,0.0
1790953252930,47428,11.5,11,456.0,467.5,11,456.0,0,0.0
1790953253449,47428,11.5,11,456.0,467.5,11,456.0,0,0.0
1790953253964,47428,11.5,11,455.7,467.2,11,455.7,0,0.0
1790953254481,47428,11.5,11,455.6,467.1,11,455.6,0,0.0
1790953254988,47428,11.5,11,455.6,467.1,11,455.6,0,0.0
1790953255500,47428,11.5,11,455.7,467.2,11,455.7,0,0.0
1790953256021,47428,11.5,11,455.7,467.2,11,455.7,0,0.0
1790953256532,47428,11.5,11,455.7,467.2,11,455.7,0,0.0
1790953257047,47428,11.5,11,455.7,467.2,11,455.7,0,0.0
1790953257555,47428,11.5,11,455.0,466.5,11,455.0,0,0.0
1790953258054,47428,11.5,11,455.0,466.5,11,455.0,0,0.0
1790953258561,47428,11.5,11,454.9,466.4,11,454.9,0,0.0
1790953259084,47428,11.5,11,454.9,466.4,11,454.9,0,0.0
1790953259603,47428,11.5,11,455.0,466.5,11,455.0,0,0.0
1790953260105,47428,11.4,11,454.8,466.2,11,454.8,0,0.0
1790953260604,47428,11.4,11,454.8,466.2,11,454.8,0,0.0
1790953261110,47428,11.4,11,454.7,466.2,11,454.7,0,0.0
1790953261628,47428,11.4,11,454.8,466.2,11,454.8,0,0.0
1790953262145,47428,11.4,11,454.8,466.2,11,454.8,0,0.0
1790953262660,47428,11.4,11,454.7,466.1,11,454.7,0,0.0
1790953263170,47428,11.4,11,454.7,466.1,11,454.7,0,0.0
1790953263679,47428,11.4,11,454.6,466.1,11,454.6,0,0.0
1790953264193,47428,11.4,11,454.6,466.0,11,454.6,0,0.0
1790953264709,47428,11.4,11,454.7,466.1,11,454.7,0,0.0
1790953265226,47428,11.4,11,454.8,466.2,11,454.8,0,0.0
1790953265726,47428,11.4,11,454.8,466.2,11,454.8,0,0.0
1790953266230,47428,11.4,11,454.8,466.2,11,454.8,0,0.0
1790953266748,47428,11.4,11,454.7,466.1,11,454.7,0,0.0
1790953267258,47428,11.4,11,454.8,466.2,11,454.8,0,0.0
1790953267770,47428,11.4,11,454.8,466.2,11,454.8,0,0.0
1790953268284,47428,11.4,11,454.8,466.2,11,454.8,0,0.0
1790953268794,47428,11.4,11,454.8,466.2,11,454.8,0,0.0
1790953269303,47428,11.4,11,454.8,466.2,11,454.8,0,0.0
1790953269825,47428,11.4,11,454.8,466.2,11,454.8,0,0.0
1790953270340,47428,11.4,11,454.9,466.3,11,454.9,0,0.0
1790953270854,47428,11.4,11,454.8,466.2,11,454.8,0,0.0
1790953271355,47428,11.4,11,454.9,466.3,11,454.9,0,0.0
1790953271859,47428,11.4,11,455.0,466.4,11,455.0,0,0.0
1790953272370,47428,11.4,11,455.0,466.4,11,455.0,0,0.0
1790953272880,47428,11.4,11,455.0,466.4,11,455.0,0,0.0
1790953273385,47428,11.4,11,455.0,466.4,11,455.0,0,0.0
1790953273905,47428,11.4,11,455.0,466.4,11,455.0,0,0.0
1790953274420,47428,11.4,11,454.9,466.3,11,454.9,0,0.0
1790953274934,47428,11.4,11,454.9,466.3,11,454.9,0,0.0
1790953275441,47428,11.4,11,454.9,466.4,11,454.9,0,0.0
1790953275955,47428,11.4,11,454.9,466.4,11,454.9,0,0.0
1790953276466,47428,11.4,11,455.0,466.4,11,455.0,0,0.0
1790953276964,47428,11.4,11,455.0,466.4,11,455.0,0,0.0
1790953277477,47428,11.4,11,455.0,466.4,11,455.0,0,0.0
1790953277993,47428,11.4,11,455.0,466.4,11,455.0,0,0.0
1790953278503,47428,11.4,11,454.9,466.4,11,454.9,0,0.0
1790953279025,47428,11.4,11,454.9,466.4,11,454.9,0,0.0
1790953279528,47428,11.4,11,455.0,466.4,11,455.0,0,0.0
1790953280026,47428,11.4,11,455.0,466.4,11,455.0,0,0.0
1790953280539,47428,11.4,11,454.7,466.1,11,454.7,0,0.0
1790953281056,47428,11.4,11,454.7,466.1,11,454.7,0,0.0
1790953281569,47428,11.4,11,454.7,466.1,11,454.7,0,0.0
1790953282088,47428,11.4,11,454.8,466.2,11,454.8,0,0.0
1790953282586,47428,11.4,11,454.7,466.1,11,454.7,0,0.0
1790953283093,47428,11.4,11,454.7,466.1,11,454.7,0,0.0
1790953283609,47428,11.4,11,454.8,466.2,11,454.8,0,0.0
1790953284126,47428,11.4,11,454.8,466.2,11,454.8,0,0.0
1790953284622,47428,11.4,11,454.8,466.2,11,454.8,0,0.0
1790953285123,47428,11.4,11,454.8,466.2,11,454.8,0,0.0
1790953285638,47428,11.4,11,454.8,466.2,11,454.8,0,0.0
1790953286154,47428,11.4,11,454.8,466.2,11,454.8,0,0.0
1790953286675,47428,11.4,11,454.7,466.1,11,454.7,0,0.0
1790953287189,47428,11.4,11,454.7,466.1,11,454.7,0,0.0
1790953287695,47428,11.4,11,458.4,469.9,11,458.4,0,0.0
1790953288204,47428,11.4,11,458.4,469.9,11,458.4,0,0.0
1790953288708,47428,11.4,11,458.5,469.9,11,458.5,0,0.0
1790953289216,47428,11.4,11,458.4,469.9,11,458.4,0,0.0
1790953289713,47428,11.4,11,458.4,469.9,11,458.4,0,0.0
1790953290222,47428,11.4,11,458.4,469.9,11,458.4,0,0.0
1790953290735,47428,11.4,11,458.0,469.4,11,458.0,0,0.0
1790953291256,47428,11.4,11,458.1,469.5,11,458.1,0,0.0
1790953291751,47428,11.4,11,457.8,469.2,11,457.8,0,0.0
1790953292272,47428,11.4,11,457.8,469.2,11,457.8,0,0.0
1790953292774,47428,11.4,11,457.8,469.2,11,457.8,0,0.0
1790953293276,47428,11.4,11,457.8,469.2,11,457.8,0,0.0
1790953293804,47428,11.6,17,634.4,646.0,11,490.7,6,143.6
1790953294560,47428,11.3,11,490.4,501.7,11,490.4,0,0.0
1790953295070,47428,11.3,11,490.4,501.7,11,490.4,0,0.0
1790953295584,47428,11.3,11,490.0,501.3,11,490.0,0,0.0
1790953296086,47428,11.3,11,490.0,501.3,11,490.0,0,0.0
1790953296588,47428,11.3,11,490.0,501.3,11,490.0,0,0.0
1790953297109,47428,11.3,11,490.0,501.3,11,490.0,0,0.0
1790953297629,47428,11.3,11,462.1,473.4,11,462.1,0,0.0
1790953298143,47428,11.3,11,462.1,473.4,11,462.1,0,0.0
1790953298657,47428,11.3,11,462.0,473.3,11,462.0,0,0.0
1790953299167,47428,11.3,11,462.0,473.3,11,462.0,0,0.0
1790953299676,47428,11.3,11,462.0,473.3,11,462.0,0,0.0
1790953300178,47428,11.3,11,462.0,473.3,11,462.0,0,0.0
1790953300677,47428,11.3,11,461.3,472.6,11,461.3,0,0.0
1790953301180,47428,11.3,11,461.3,472.6,11,461.3,0,0.0
1790953301689,47428,11.3,11,454.7,466.0,11,454.7,0,0.0
1790953302200,47428,11.3,11,454.3,465.6,11,454.3,0,0.0
1790953302719,47428,11.3,11,454.2,465.6,11,454.2,0,0.0
1790953303232,47428,11.3,11,454.2,465.6,11,454.2,0,0.0
1790953303741,47428,11.3,11,454.3,465.6,11,454.3,0,0.0
1790953304247,47428,11.3,11,454.3,465.6,11,454.3,0,0.0
1790953304757,47428,11.3,11,454.3,465.6,11,454.3,0,0.0
1790953305258,47428,11.3,11,453.1,464.5,11,453.1,0,0.0
1790953305763,47428,11.3,11,453.8,465.2,11,453.8,0,0.0
1790953306262,47428,11.3,11,453.9,465.2,11,453.9,0,0.0
1790953306771,47428,11.3,11,453.7,465.1,11,453.7,0,0.0
1790953307287,47428,11.3,11,453.8,465.1,11,453.8,0,0.0
1790953307788,47428,11.3,11,453.8,465.1,11,453.8,0,0.0
1790953308300,47428,11.3,11,453.8,465.1,11,453.8,0,0.0
1790953308817,47428,11.3,11,454.6,466.0,11,454.6,0,0.0
1790953309335,47428,11.3,11,454.7,466.0,11,454.7,0,0.0
1790953309833,47428,11.3,11,454.7,466.0,11,454.7,0,0.0
1790953310343,47428,11.3,11,454.7,466.0,11,454.7,0,0.0
1790953310861,47428,11.3,11,454.6,466.0,11,454.6,0,0.0
1790953311374,47428,11.3,11,454.6,466.0,11,454.6,0,0.0
1790953311882,47428,11.3,11,454.6,466.0,11,454.6,0,0.0
1790953312389,47428,11.3,11,454.7,466.0,11,454.7,0,0.0
1790953312908,47428,11.3,11,454.7,466.0,11,454.7,0,0.0
1790953313423,47428,11.3,11,454.7,466.0,11,454.7,0,0.0
1790953313926,47428,11.3,11,454.7,466.0,11,454.7,0,0.0
1790953314440,47428,11.3,11,454.7,466.0,11,454.7,0,0.0
1790953314950,47428,11.3,11,454.6,465.9,11,454.6,0,0.0
1790953315463,47428,11.3,11,454.6,466.0,11,454.6,0,0.0
1790953315964,47428,11.3,11,454.6,466.0,11,454.6,0,0.0
1790953316463,47428,11.3,11,454.6,466.0,11,454.6,0,0.0
1790953316980,47428,11.3,11,454.6,466.0,11,454.6,0,0.0
1790953317484,47428,11.3,11,454.6,466.0,11,454.6,0,0.0
1790953317983,47428,11.3,11,454.4,465.7,11,454.4,0,0.0
1790953318502,47428,11.3,11,454.3,465.7,11,454.3,0,0.0
1790953319026,47428,11.3,11,454.3,465.7,11,454.3,0,0.0
1790953319521,47428,11.3,11,454.4,465.7,11,454.4,0,0.0
1790953320035,47428,11.3,11,454.4,465.7,11,454.4,0,0.0
1790953320546,47428,11.3,11,454.4,465.7,11,454.4,0,0.0
1790953321051,47428,11.3,11,454.4,465.7,11,454.4,0,0.0
1790953321557,47428,11.3,11,454.4,465.8,11,454.4,0,0.0
1790953322058,47428,11.3,11,454.4,465.8,11,454.4,0,0.0
1790953322574,47428,11.3,11,454.3,465.7,11,454.3,0,0.0
1790953323085,47428,11.3,11,454.3,465.7,11,454.3,0,0.0
1790953323595,47428,11.3,11,454.3,465.6,11,454.3,0,0.0
1790953324112,47428,11.3,11,454.3,465.6,11,454.3,0,0.0
1790953324617,47428,11.3,11,454.4,465.7,11,454.4,0,0.0
1790953325116,47428,11.3,11,454.5,465.8,11,454.5,0,0.0
1790953325628,47428,11.3,11,454.5,465.8,11,454.5,0,0.0
1790953326137,47428,11.3,11,454.5,465.8,11,454.5,0,0.0
1790953326642,47428,11.3,11,454.4,465.8,11,454.4,0,0.0
1790953327158,47428,11.3,11,454.4,465.8,11,454.4,0,0.0
1790953327663,47428,11.3,11,454.5,465.8,11,454.5,0,0.0
1790953328168,47428,11.3,11,454.5,465.8,11,454.5,0,0.0
1790953328685,47428,11.3,11,454.5,465.8,11,454.5,0,0.0
1790953329202,47428,11.3,11,454.5,465.8,11,454.5,0,0.0
1790953329718,47428,11.3,11,454.5,465.9,11,454.5,0,0.0
1790953330231,47428,11.3,11,454.7,466.0,11,454.7,0,0.0
1790953330747,47428,11.3,11,454.6,465.9,11,454.6,0,0.0
1790953331265,47428,11.3,11,454.7,466.0,11,454.7,0,0.0
1790953331776,47428,11.3,11,454.7,466.1,11,454.7,0,0.0
1790953332279,47428,11.3,11,454.7,466.1,11,454.7,0,0.0
1790953332794,47428,11.3,11,454.7,466.1,11,454.7,0,0.0
1790953333306,47428,11.3,11,454.7,466.1,11,454.7,0,0.0
1790953333809,47428,11.3,11,454.5,465.8,11,454.5,0,0.0
1790953334321,47428,11.3,11,454.5,465.8,11,454.5,0,0.0
1790953334829,47428,11.3,11,454.4,465.7,11,454.4,0,0.0
1790953335325,47428,11.3,11,454.5,465.8,11,454.5,0,0.0
1790953335841,47428,11.3,11,454.5,465.8,11,454.5,0,0.0
1790953336350,47428,11.3,11,454.5,465.8,11,454.5,0,0.0
1790953336863,47428,11.3,11,454.5,465.8,11,454.5,0,0.0
1790953337382,47428,11.3,11,454.5,465.8,11,454.5,0,0.0
1790953337881,47428,11.3,11,454.5,465.8,11,454.5,0,0.0
1790953338385,47428,11.3,11,454.5,465.8,11,454.5,0,0.0
1790953338891,47428,11.3,11,454.4,465.7,11,454.4,0,0.0
1790953339400,47428,11.3,11,454.5,465.8,11,454.5,0,0.0
1790953339908,47428,11.3,11,454.5,465.8,11,454.5,0,0.0
1790953340430,47428,11.3,11,454.5,465.8,11,454.5,0,0.0
1790953340942,47428,11.3,11,454.5,465.8,11,454.5,0,0.0
1790953341450,47428,11.3,11,454.5,465.8,11,454.5,0,0.0
1790953341973,47428,11.3,11,454.5,465.8,11,454.5,0,0.0
1790953342489,47428,11.3,11,454.3,465.7,11,454.3,0,0.0
1790953342996,47428,11.3,11,454.4,465.7,11,454.4,0,0.0
1790953343500,47428,11.3,11,454.5,465.8,11,454.5,0,0.0
1790953344020,47428,11.3,11,454.5,465.8,11,454.5,0,0.0
1790953344520,47428,11.3,11,454.5,465.8,11,454.5,0,0.0
1790953345030,47428,11.3,11,454.5,465.8,11,454.5,0,0.0
1790953345547,47428,11.3,11,454.5,465.8,11,454.5,0,0.0
1790953346066,47428,11.3,11,454.5,465.8,11,454.5,0,0.0
1790953346581,47428,11.3,11,454.4,465.7,11,454.4,0,0.0
1790953347101,47428,11.3,11,454.4,465.7,11,454.4,0,0.0
1790953347619,47428,11.3,11,454.5,465.8,11,454.5,0,0.0
1790953348133,47428,11.3,11,455.2,466.5,11,455.2,0,0.0
1790953348626,47428,11.3,11,455.2,466.5,11,455.2,0,0.0
1790953349145,47428,11.3,11,455.2,466.5,11,455.2,0,0.0
1790953349647,47428,11.3,11,455.2,466.5,11,455.2,0,0.0
1790953350147,47428,11.3,11,455.1,466.5,11,455.1,0,0.0
1790953350652,47428,11.3,11,455.0,466.4,11,455.0,0,0.0
1790953351159,47428,11.3,11,455.2,466.5,11,455.2,0,0.0
1790953351680,47428,11.3,11,455.3,466.6,11,455.3,0,0.0
1790953352182,47428,11.3,11,455.3,466.6,11,455.3,0,0.0
1790953352691,47428,11.3,11,455.3,466.6,11,455.3,0,0.0
1790953353194,47428,11.3,11,455.4,466.7,11,455.4,0,0.0
1790953353697,47428,12.3,17,580.4,592.6,11,490.4,6,90.0
1790953354539,47428,12.2,11,490.1,502.3,11,490.1,0,0.0
1790953355047,47428,12.2,11,490.1,502.3,11,490.1,0,0.0
1790953355555,47428,12.2,11,490.2,502.4,11,490.2,0,0.0
1790953356062,47428,12.2,11,490.2,502.4,11,490.2,0,0.0
1790953356579,47428,12.2,11,490.2,502.4,11,490.2,0,0.0
1790953357102,47428,12.2,11,490.2,502.4,11,490.2,0,0.0
1790953357597,47428,12.2,11,490.2,502.4,11,490.2,0,0.0
1790953358108,47428,12.2,11,463.1,475.3,11,463.1,0,0.0
1790953358613,47428,12.2,11,463.0,475.2,11,463.0,0,0.0
1790953359130,47428,12.2,11,463.0,475.2,11,463.0,0,0.0
1790953359642,47428,12.2,11,462.9,475.2,11,462.9,0,0.0
1790953360163,47428,12.2,11,462.9,475.2,11,462.9,0,0.0
1790953360677,47428,12.2,11,462.9,475.2,11,462.9,0,0.0
1790953361194,47428,12.2,11,462.3,474.5,11,462.3,0,0.0
1790953361700,47428,12.2,11,455.2,467.4,11,455.2,0,0.0
1790953362214,47428,12.2,11,455.2,467.4,11,455.2,0,0.0
1790953362721,47428,12.2,11,455.1,467.3,11,455.1,0,0.0
1790953363235,47428,12.2,11,453.9,466.1,11,453.9,0,0.0
1790953363744,47428,12.2,11,454.0,466.2,11,454.0,0,0.0
1790953364258,47428,12.2,11,454.0,466.2,11,454.0,0,0.0
1790953364773,47428,12.2,11,454.0,466.2,11,454.0,0,0.0
1790953365278,47428,12.2,11,454.0,466.2,11,454.0,0,0.0
1790953365773,47428,12.2,11,454.0,466.2,11,454.0,0,0.0
1790953366290,47428,12.2,11,454.0,466.2,11,454.0,0,0.0
1790953366787,47428,12.2,11,453.9,466.1,11,453.9,0,0.0
1790953367295,47428,12.2,11,454.0,466.2,11,454.0,0,0.0
1790953367791,47428,12.2,11,454.0,466.2,11,454.0,0,0.0
1790953368297,47428,12.2,11,454.0,466.2,11,454.0,0,0.0
1790953368815,47428,12.2,11,454.1,466.3,11,454.1,0,0.0
1790953369332,47428,12.2,11,454.8,467.0,11,454.8,0,0.0
1790953369848,47428,12.2,11,454.8,467.0,11,454.8,0,0.0
1790953370354,47428,12.2,11,454.8,467.0,11,454.8,0,0.0
1790953370850,47428,12.2,11,454.7,466.9,11,454.7,0,0.0
1790953371351,47428,12.2,11,454.8,467.0,11,454.8,0,0.0
1790953371858,47428,12.2,11,454.8,467.0,11,454.8,0,0.0
1790953372376,47428,12.2,11,454.8,467.0,11,454.8,0,0.0
1790953372893,47428,12.2,11,454.8,467.0,11,454.8,0,0.0
1790953373397,47428,12.2,11,454.8,467.0,11,454.8,0,0.0
1790953373897,47428,12.2,11,454.8,467.0,11,454.8,0,0.0
1790953374416,47428,12.2,11,454.8,467.0,11,454.8,0,0.0
1790953374942,47428,12.2,11,454.7,466.9,11,454.7,0,0.0
1790953375461,47428,12.2,11,454.8,467.0,11,454.8,0,0.0
1790953375974,47428,12.2,11,454.8,467.0,11,454.8,0,0.0
1790953376491,47428,12.2,11,454.8,467.0,11,454.8,0,0.0
1790953377004,47428,12.2,11,454.8,467.0,11,454.8,0,0.0
1790953377516,47428,12.2,11,454.8,467.0,11,454.8,0,0.0
1790953378035,47428,12.2,11,454.8,467.0,11,454.8,0,0.0
1790953378552,47428,12.2,11,454.7,466.9,11,454.7,0,0.0
1790953379071,47428,12.2,11,454.7,466.9,11,454.7,0,0.0
1790953379582,47428,12.2,11,454.8,467.0,11,454.8,0,0.0
1790953380094,47428,12.2,11,454.8,467.0,11,454.8,0,0.0
1790953380604,47428,12.2,11,454.8,467.0,11,454.8,0,0.0
1790953381116,47428,12.2,11,454.8,467.0,11,454.8,0,0.0
1790953381628,47428,12.2,11,454.8,467.0,11,454.8,0,0.0
1790953382146,47428,12.2,11,454.5,466.7,11,454.5,0,0.0
1790953382661,47428,12.2,11,454.4,466.6,11,454.4,0,0.0
1790953383171,47428,12.2,11,454.4,466.6,11,454.4,0,0.0
1790953383691,47428,12.2,11,454.3,466.6,11,454.3,0,0.0
1790953384201,47428,12.2,11,454.3,466.5,11,454.3,0,0.0
1790953384705,47428,12.2,11,454.4,466.7,11,454.4,0,0.0
1790953385224,47428,12.2,11,454.5,466.7,11,454.5,0,0.0
1790953385733,47428,12.2,11,454.5,466.7,11,454.5,0,0.0
1790953386251,47428,12.2,11,454.5,466.7,11,454.5,0,0.0
1790953386767,47428,12.2,11,454.4,466.6,11,454.4,0,0.0
1790953387286,47428,12.2,11,454.5,466.7,11,454.5,0,0.0
1790953387785,47428,12.2,11,454.4,466.7,11,454.4,0,0.0
1790953388299,47428,12.2,11,454.4,466.7,11,454.4,0,0.0
1790953388816,47428,12.2,11,454.4,466.7,11,454.4,0,0.0
1790953389324,47428,12.2,11,454.4,466.7,11,454.4,0,0.0
1790953389839,47428,12.2,11,457.8,470.0,11,457.8,0,0.0
1790953390337,47428,12.2,11,460.2,472.4,11,460.2,0,0.0
1790953390849,47428,12.2,11,459.7,472.0,11,459.7,0,0.0
1790953391367,47428,12.2,11,459.8,472.1,11,459.8,0,0.0
1790953391868,47428,12.2,11,459.8,472.1,11,459.8,0,0.0
1790953392378,47428,12.2,11,459.8,472.1,11,459.8,0,0.0
1790953392898,47428,12.2,11,458.0,470.2,11,458.0,0,0.0
1790953393414,47428,12.2,11,458.0,470.2,11,458.0,0,0.0
1790953393916,47428,12.2,11,458.0,470.2,11,458.0,0,0.0
1790953394420,47428,12.2,11,458.0,470.2,11,458.0,0,0.0
1790953394944,47428,12.2,11,457.8,470.1,11,457.8,0,0.0
1790953395452,47428,12.2,11,457.9,470.1,11,457.9,0,0.0
1790953395953,47428,12.2,11,457.9,470.1,11,457.9,0,0.0
1790953396473,47428,12.2,11,457.9,470.1,11,457.9,0,0.0
1790953396984,47428,12.2,11,457.5,469.8,11,457.5,0,0.0
1790953397503,47428,12.2,11,457.5,469.8,11,457.5,0,0.0
1790953398020,47428,12.2,11,455.6,467.8,11,455.6,0,0.0
1790953398526,47428,12.2,11,453.7,466.0,11,453.7,0,0.0
1790953399047,47428,12.2,11,453.6,465.8,11,453.6,0,0.0
1790953399545,47428,12.2,11,453.7,465.9,11,453.7,0,0.0
1790953400067,47428,12.2,11,453.1,465.3,11,453.1,0,0.0
1790953400576,47428,12.2,11,453.1,465.3,11,453.1,0,0.0
1790953401075,47428,12.2,11,453.1,465.3,11,453.1,0,0.0
1790953401582,47428,12.2,11,453.1,465.4,11,453.1,0,0.0
1790953402078,47428,12.2,11,453.1,465.4,11,453.1,0,0.0
1790953402593,47428,12.2,11,453.0,465.2,11,453.0,0,0.0
1790953403105,47428,12.2,11,453.0,465.2,11,453.0,0,0.0
1790953403619,47428,12.2,11,453.1,465.3,11,453.1,0,0.0
1790953404120,47428,12.2,11,453.1,465.3,11,453.1,0,0.0
1790953404622,47428,12.2,11,453.1,465.3,11,453.1,0,0.0
1790953405131,47428,12.2,11,453.1,465.3,11,453.1,0,0.0
1790953405631,47428,12.2,11,453.1,465.3,11,453.1,0,0.0
1790953406133,47428,12.2,11,453.1,465.3,11,453.1,0,0.0
1790953406637,47428,12.2,11,453.0,465.2,11,453.0,0,0.0
1790953407141,47428,12.2,11,453.0,465.2,11,453.0,0,0.0
1790953407659,47428,12.2,11,453.1,465.3,11,453.1,0,0.0
1790953408174,47428,12.2,11,453.8,466.0,11,453.8,0,0.0
1790953408677,47428,12.2,11,453.8,466.0,11,453.8,0,0.0
1790953409172,47428,12.2,11,453.8,466.0,11,453.8,0,0.0
1790953409679,47428,12.2,11,453.8,466.0,11,453.8,0,0.0
1790953410197,47428,12.2,11,453.8,466.0,11,453.8,0,0.0
1790953410697,47428,12.2,11,453.7,465.9,11,453.7,0,0.0
1790953411193,47428,12.2,11,454.5,466.7,11,454.5,0,0.0
1790953411694,47428,12.2,11,454.6,466.9,11,454.6,0,0.0
1790953412216,47428,12.2,11,454.7,466.9,11,454.7,0,0.0
1790953412732,47428,12.2,11,454.7,466.9,11,454.7,0,0.0
1790953413236,47428,12.2,11,454.8,467.0,11,454.8,0,0.0
1790953413776,47428,102.8,17,631.4,734.2,11,491.4,6,140.0
1790953414615,47428,12.7,11,491.1,503.7,11,491.1,0,0.0
1790953415123,47428,12.7,11,491.1,503.8,11,491.1,0,0.0
1790953415632,47428,12.7,11,491.1,503.8,11,491.1,0,0.0
1790953416143,47428,12.7,11,491.1,503.8,11,491.1,0,0.0
1790953416660,47428,12.7,11,491.1,503.8,11,491.1,0,0.0
1790953417174,47428,12.7,11,491.1,503.8,11,491.1,0,0.0
1790953417687,47428,12.7,11,491.2,503.8,11,491.2,0,0.0
1790953418203,47428,12.7,11,462.3,474.9,11,462.3,0,0.0
1790953418704,47428,12.7,11,462.1,474.8,11,462.1,0,0.0
1790953419216,47428,12.7,11,462.1,474.8,11,462.1,0,0.0
1790953419732,47428,12.7,11,462.2,474.8,11,462.2,0,0.0
1790953420232,47428,12.7,11,462.2,474.8,11,462.2,0,0.0
1790953420740,47428,12.7,11,462.2,474.8,11,462.2,0,0.0
1790953421240,47428,12.7,11,461.7,474.3,11,461.7,0,0.0
1790953421744,47428,12.7,11,453.9,466.6,11,453.9,0,0.0
1790953422257,47428,12.7,11,453.9,466.6,11,453.9,0,0.0
1790953422752,47428,12.7,11,453.8,466.5,11,453.8,0,0.0
1790953423263,47428,12.7,11,453.9,466.6,11,453.9,0,0.0
1790953423785,47428,12.7,11,453.9,466.6,11,453.9,0,0.0
1790953424291,47428,12.7,11,453.9,466.6,11,453.9,0,0.0
1790953424808,47428,12.7,11,453.9,466.6,11,453.9,0,0.0
1790953425310,47428,12.7,11,453.9,466.6,11,453.9,0,0.0
1790953425830,47428,12.7,11,453.9,466.6,11,453.9,0,0.0
1790953426348,47428,12.7,11,453.9,466.6,11,453.9,0,0.0
1790953426843,47428,12.7,11,453.8,466.5,11,453.8,0,0.0
1790953427353,47428,12.7,11,453.9,466.6,11,453.9,0,0.0
1790953427867,47428,12.7,11,453.9,466.6,11,453.9,0,0.0
1790953428374,47428,12.7,11,453.9,466.6,11,453.9,0,0.0
1790953428877,47428,12.7,11,453.9,466.6,11,453.9,0,0.0
1790953429395,47428,12.7,11,454.6,467.3,11,454.6,0,0.0
1790953429909,47428,12.7,11,454.6,467.3,11,454.6,0,0.0
1790953430427,47428,12.7,11,454.6,467.3,11,454.6,0,0.0
1790953430930,47428,12.7,11,454.5,467.2,11,454.5,0,0.0
1790953431437,47428,12.7,11,454.6,467.3,11,454.6,0,0.0
1790953431952,47428,12.7,11,454.6,467.3,11,454.6,0,0.0
1790953432468,47428,12.7,11,454.6,467.3,11,454.6,0,0.0
1790953432987,47428,12.7,11,454.7,467.4,11,454.7,0,0.0
1790953433497,47428,12.7,11,454.7,467.4,11,454.7,0,0.0
1790953434009,47428,12.7,11,454.7,467.4,11,454.7,0,0.0
1790953434515,47428,12.7,11,454.7,467.3,11,454.7,0,0.0
1790953435018,47428,12.7,11,454.6,467.2,11,454.6,0,0.0
1790953435525,47428,12.7,11,454.7,467.3,11,454.7,0,0.0
1790953436031,47428,12.7,11,454.7,467.3,11,454.7,0,0.0
1790953436538,47428,12.7,11,454.7,467.3,11,454.7,0,0.0
1790953437046,47428,12.7,11,454.7,467.3,11,454.7,0,0.0
1790953437546,47428,12.7,11,454.7,467.3,11,454.7,0,0.0
1790953438052,47428,12.7,11,454.7,467.3,11,454.7,0,0.0
1790953438545,47428,12.7,11,454.7,467.3,11,454.7,0,0.0
1790953439069,47428,12.7,11,454.6,467.3,11,454.6,0,0.0
1790953439568,47428,12.7,11,454.7,467.4,11,454.7,0,0.0
1790953440089,47428,12.7,11,454.7,467.4,11,454.7,0,0.0
1790953440600,47428,12.7,11,454.7,467.4,11,454.7,0,0.0
1790953441103,47428,12.7,11,454.7,467.4,11,454.7,0,0.0
1790953441623,47428,12.7,11,454.7,467.4,11,454.7,0,0.0
1790953442135,47428,12.7,11,454.7,467.4,11,454.7,0,0.0
1790953442657,47428,12.7,11,454.6,467.3,11,454.6,0,0.0
1790953443164,47428,12.7,11,454.6,467.3,11,454.6,0,0.0
1790953443675,47428,12.7,11,454.6,467.3,11,454.6,0,0.0
1790953444181,47428,12.7,11,454.6,467.2,11,454.6,0,0.0
1790953444690,47428,12.7,11,454.7,467.3,11,454.7,0,0.0
1790953445197,47428,12.7,11,454.7,467.4,11,454.7,0,0.0
1790953445709,47428,12.7,11,454.7,467.4,11,454.7,0,0.0
1790953446218,47428,12.7,11,454.5,467.2,11,454.5,0,0.0
1790953446737,47428,12.7,11,454.4,467.1,11,454.4,0,0.0
1790953447246,47428,12.7,11,454.5,467.2,11,454.5,0,0.0
1790953447753,47428,12.7,11,454.5,467.2,11,454.5,0,0.0
1790953448261,47428,12.7,11,454.5,467.2,11,454.5,0,0.0
1790953448780,47428,12.7,11,454.5,467.2,11,454.5,0,0.0
1790953449290,47428,12.7,11,454.5,467.2,11,454.5,0,0.0
1790953449809,47428,12.7,11,454.5,467.2,11,454.5,0,0.0
1790953450327,47428,12.7,11,455.2,467.9,11,455.2,0,0.0
1790953450831,47428,12.7,11,455.1,467.8,11,455.1,0,0.0
1790953451334,47428,12.7,11,455.2,467.8,11,455.2,0,0.0
1790953451838,47428,12.7,11,455.2,467.8,11,455.2,0,0.0
1790953452336,47428,12.7,11,455.2,467.8,11,455.2,0,0.0
1790953452839,47428,12.7,11,455.2,467.9,11,455.2,0,0.0
1790953453357,47428,12.7,11,455.2,467.9,11,455.2,0,0.0
1790953453878,47428,12.7,11,455.4,468.0,11,455.4,0,0.0
1790953454374,47428,12.7,11,455.4,468.0,11,455.4,0,0.0
1790953454897,47428,12.7,11,455.3,467.9,11,455.3,0,0.0
1790953455414,47428,12.7,11,455.4,468.1,11,455.4,0,0.0
1790953455915,47428,12.7,11,455.4,468.1,11,455.4,0,0.0
1790953456420,47428,12.7,11,455.5,468.2,11,455.5,0,0.0
1790953456940,47428,12.7,11,455.5,468.2,11,455.5,0,0.0
1790953457458,47428,12.7,11,455.5,468.2,11,455.5,0,0.0
1790953457964,47428,12.7,11,455.5,468.2,11,455.5,0,0.0
1790953458476,47428,12.7,11,455.5,468.2,11,455.5,0,0.0
1790953458981,47428,12.7,11,455.5,468.1,11,455.5,0,0.0
1790953459478,47428,12.7,11,455.5,468.2,11,455.5,0,0.0
1790953459987,47428,12.7,11,455.5,468.2,11,455.5,0,0.0
1790953460493,47428,12.7,11,455.6,468.2,11,455.6,0,0.0
1790953461000,47428,12.7,11,455.5,468.2,11,455.5,0,0.0
1790953461507,47428,12.7,11,455.5,468.2,11,455.5,0,0.0
1790953462020,47428,12.7,11,454.8,467.5,11,454.8,0,0.0
1790953462526,47428,12.7,11,454.8,467.5,11,454.8,0,0.0
1790953463032,47428,12.7,11,454.7,467.4,11,454.7,0,0.0
1790953463534,47428,12.7,11,454.8,467.5,11,454.8,0,0.0
1790953464048,47428,12.7,11,454.8,467.5,11,454.8,0,0.0
1790953464567,47428,12.7,11,454.8,467.5,11,454.8,0,0.0
1790953465081,47428,12.7,11,454.8,467.5,11,454.8,0,0.0
1790953465596,47428,12.7,11,454.8,467.5,11,454.8,0,0.0
1790953466120,47428,12.7,11,454.8,467.5,11,454.8,0,0.0
1790953466616,47428,12.7,11,454.7,467.3,11,454.7,0,0.0
1790953467133,47428,12.7,11,454.7,467.4,11,454.7,0,0.0
1790953467634,47428,12.7,11,454.8,467.5,11,454.8,0,0.0
1790953468145,47428,12.7,11,454.8,467.5,11,454.8,0,0.0
1790953468661,47428,12.7,11,454.8,467.5,11,454.8,0,0.0
1790953469166,47428,12.7,11,454.8,467.5,11,454.8,0,0.0
1790953469667,47428,12.7,11,454.8,467.5,11,454.8,0,0.0
1790953470180,47428,12.7,11,454.8,467.5,11,454.8,0,0.0
1790953470686,47428,12.7,11,454.7,467.4,11,454.7,0,0.0
1790953471191,47428,12.7,11,454.7,467.4,11,454.7,0,0.0
1790953471709,47428,12.7,11,454.8,467.5,11,454.8,0,0.0
1790953472208,47428,12.7,11,454.8,467.5,11,454.8,0,0.0
1790953472724,47428,12.7,11,454.8,467.4,11,454.8,0,0.0
1790953473243,47428,12.7,11,454.8,467.5,11,454.8,0,0.0
1790953473778,47428,80.0,17,639.3,719.3,11,490.8,6,148.5
1790953474652,47428,12.0,11,490.4,502.5,11,490.4,0,0.0
1790953475156,47428,12.0,11,490.4,502.4,11,490.4,0,0.0
1790953475679,47428,12.0,11,490.5,502.5,11,490.5,0,0.0
1790953476196,47428,12.0,11,490.5,502.5,11,490.5,0,0.0
1790953476708,47428,12.0,11,490.5,502.6,11,490.5,0,0.0
1790953477216,47428,12.0,11,490.5,502.5,11,490.5,0,0.0
1790953477728,47428,12.0,11,490.4,502.4,11,490.4,0,0.0
1790953478237,47428,12.0,11,462.3,474.3,11,462.3,0,0.0
1790953478756,47428,12.0,11,462.1,474.2,11,462.1,0,0.0
1790953479260,47428,12.0,11,462.2,474.2,11,462.2,0,0.0
1790953479759,47428,12.0,11,462.2,474.2,11,462.2,0,0.0
1790953480262,47428,12.0,11,462.2,474.3,11,462.2,0,0.0
1790953480780,47428,12.0,11,462.2,474.3,11,462.2,0,0.0
1790953481303,47428,12.0,11,461.9,473.9,11,461.9,0,0.0
1790953481815,47428,12.0,11,456.0,468.1,11,456.0,0,0.0
1790953482324,47428,12.0,11,456.0,468.1,11,456.0,0,0.0
1790953482832,47428,12.0,11,455.9,468.0,11,455.9,0,0.0
1790953483328,47428,12.0,11,456.0,468.0,11,456.0,0,0.0
1790953483843,47428,12.0,11,454.8,466.9,11,454.8,0,0.0
1790953484358,47428,12.0,11,454.9,466.9,11,454.9,0,0.0
1790953484875,47428,12.0,11,454.9,466.9,11,454.9,0,0.0
1790953485379,47428,12.0,11,454.9,466.9,11,454.9,0,0.0
1790953485882,47428,12.0,11,454.9,466.9,11,454.9,0,0.0
1790953486397,47428,12.0,11,454.9,466.9,11,454.9,0,0.0
1790953486914,47428,12.0,11,454.7,466.8,11,454.7,0,0.0
1790953487426,47428,12.0,11,454.8,466.9,11,454.8,0,0.0
1790953487925,47428,12.0,11,454.8,466.9,11,454.8,0,0.0
1790953488429,47428,12.0,11,454.8,466.9,11,454.8,0,0.0
1790953488936,47428,12.0,11,454.8,466.9,11,454.8,0,0.0
1790953489440,47428,12.0,11,454.8,466.9,11,454.8,0,0.0
1790953489954,47428,12.0,11,454.8,466.9,11,454.8,0,0.0
1790953490472,47428,12.0,11,454.8,466.9,11,454.8,0,0.0
1790953490992,47428,12.0,11,454.7,466.8,11,454.7,0,0.0
1790953491491,47428,12.0,11,454.8,466.9,11,454.8,0,0.0
1790953492002,47428,12.0,11,454.8,466.9,11,454.8,0,0.0
1790953492503,47428,12.0,11,460.4,472.4,11,460.4,0,0.0
1790953493022,47428,12.0,11,460.4,472.4,11,460.4,0,0.0
1790953493527,47428,12.0,11,460.4,472.4,11,460.4,0,0.0
1790953494050,47428,12.0,11,460.4,472.4,11,460.4,0,0.0
1790953494551,47428,12.0,11,460.3,472.4,11,460.3,0,0.0
1790953495058,47428,12.0,11,459.9,471.9,11,459.9,0,0.0
1790953495567,47428,12.0,11,458.1,470.1,11,458.1,0,0.0
1790953496068,47428,12.0,11,458.1,470.1,11,458.1,0,0.0
1790953496582,47428,12.0,11,458.1,470.1,11,458.1,0,0.0
1790953497091,47428,12.0,11,458.1,470.1,11,458.1,0,0.0
1790953497589,47428,12.0,11,458.1,470.1,11,458.1,0,0.0
1790953498089,47428,12.0,11,457.7,469.7,11,457.7,0,0.0
1790953498595,47428,12.0,11,457.7,469.7,11,457.7,0,0.0
1790953499108,47428,12.0,11,457.6,469.7,11,457.6,0,0.0
1790953499626,47428,12.0,11,457.8,469.8,11,457.8,0,0.0
1790953500125,47428,12.0,11,457.8,469.8,11,457.8,0,0.0
1790953500648,47428,12.0,11,454.2,466.2,11,454.2,0,0.0
1790953501148,47428,12.0,11,453.6,465.6,11,453.6,0,0.0
1790953501649,47428,12.0,11,453.6,465.6,11,453.6,0,0.0
1790953502155,47428,12.0,11,453.6,465.6,11,453.6,0,0.0
1790953502649,47428,12.0,11,453.6,465.6,11,453.6,0,0.0
1790953503155,47428,12.0,11,453.5,465.5,11,453.5,0,0.0
1790953503671,47428,12.0,11,453.5,465.5,11,453.5,0,0.0
1790953504178,47428,12.0,11,453.4,465.5,11,453.4,0,0.0
1790953504688,47428,12.0,11,453.5,465.6,11,453.5,0,0.0
1790953505205,47428,12.0,11,453.6,465.6,11,453.6,0,0.0
1790953505725,47428,12.0,11,453.6,465.6,11,453.6,0,0.0
1790953506240,47428,12.0,11,453.6,465.6,11,453.6,0,0.0
1790953506736,47428,12.0,11,453.5,465.6,11,453.5,0,0.0
1790953507255,47428,12.0,11,453.6,465.6,11,453.6,0,0.0
1790953507770,47428,12.0,11,453.6,465.6,11,453.6,0,0.0
1790953508286,47428,12.0,11,453.6,465.6,11,453.6,0,0.0
1790953508801,47428,12.0,11,453.6,465.6,11,453.6,0,0.0
1790953509318,47428,12.0,11,453.6,465.6,11,453.6,0,0.0
1790953509820,47428,12.0,11,453.6,465.6,11,453.6,0,0.0
1790953510319,47428,12.0,11,453.6,465.6,11,453.6,0,0.0
1790953510824,47428,12.0,11,454.2,466.3,11,454.2,0,0.0
1790953511350,47428,12.0,11,454.3,466.4,11,454.3,0,0.0
1790953511868,47428,12.0,11,454.3,466.3,11,454.3,0,0.0
1790953512384,47428,12.0,11,454.3,466.4,11,454.3,0,0.0
1790953512902,47428,12.0,11,454.3,466.4,11,454.3,0,0.0
1790953513397,47428,12.0,11,454.3,466.4,11,454.3,0,0.0
1790953513903,47428,12.0,11,455.1,467.1,11,455.1,0,0.0
1790953514425,47428,12.0,11,455.1,467.1,11,455.1,0,0.0
1790953514924,47428,12.0,11,454.9,467.0,11,454.9,0,0.0
1790953515444,47428,12.0,11,455.0,467.1,11,455.0,0,0.0
1790953515951,47428,12.0,11,455.0,467.1,11,455.0,0,0.0
1790953516470,47428,12.0,11,455.0,467.1,11,455.0,0,0.0
1790953516984,47428,12.0,11,455.0,467.1,11,455.0,0,0.0
1790953517508,47428,12.0,11,455.0,467.1,11,455.0,0,0.0
1790953518009,47428,12.0,11,455.0,467.1,11,455.0,0,0.0
1790953518512,47428,12.0,11,455.1,467.1,11,455.1,0,0.0
1790953519013,47428,12.0,11,454.9,467.0,11,454.9,0,0.0
1790953519529,47428,12.0,11,455.0,467.1,11,455.0,0,0.0
1790953520036,47428,12.0,11,455.0,467.1,11,455.0,0,0.0
1790953520542,47428,12.0,11,455.0,467.1,11,455.0,0,0.0
1790953521057,47428,12.0,11,455.0,467.1,11,455.0,0,0.0
1790953521556,47428,12.0,11,455.0,467.1,11,455.0,0,0.0
1790953522069,47428,12.0,11,455.0,467.1,11,455.0,0,0.0
1790953522583,47428,12.0,11,455.0,467.1,11,455.0,0,0.0
1790953523097,47428,12.0,11,454.9,467.0,11,454.9,0,0.0
1790953523615,47428,12.0,11,455.0,467.1,11,455.0,0,0.0
1790953524134,47428,12.0,11,455.0,467.1,11,455.0,0,0.0
1790953524644,47428,12.0,11,455.0,467.1,11,455.0,0,0.0
1790953525165,47428,12.0,11,455.0,467.1,11,455.0,0,0.0
1790953525680,47428,12.0,11,455.0,467.1,11,455.0,0,0.0
1790953526197,47428,12.0,11,455.0,467.1,11,455.0,0,0.0
1790953526698,47428,12.0,11,454.9,467.0,11,454.9,0,0.0
1790953527197,47428,12.0,11,454.9,467.0,11,454.9,0,0.0
1790953527704,47428,12.0,11,455.0,467.1,11,455.0,0,0.0
1790953528224,47428,12.0,11,455.0,467.0,11,455.0,0,0.0
1790953528743,47428,12.0,11,455.0,467.0,11,455.0,0,0.0
1790953529257,47428,12.0,11,455.0,467.0,11,455.0,0,0.0
1790953529762,47428,12.0,11,455.0,467.0,11,455.0,0,0.0
1790953530268,47428,12.0,11,455.0,467.0,11,455.0,0,0.0
1790953530763,47428,12.0,11,454.9,466.9,11,454.9,0,0.0
1790953531278,47428,12.0,11,455.0,467.0,11,455.0,0,0.0
1790953531795,47428,12.0,11,455.0,467.0,11,455.0,0,0.0
1790953532309,47428,12.0,11,455.0,467.0,11,455.0,0,0.0
1790953532814,47428,12.0,11,455.0,467.0,11,455.0,0,0.0
1790953533324,47428,12.0,11,477.6,489.6,11,477.6,0,0.0
1790953533869,47428,12.6,17,672.0,684.6,11,490.3,6,181.7
1790953534711,47428,11.2,11,489.9,501.1,11,489.9,0,0.0
1790953535218,47428,11.2,11,490.0,501.1,11,490.0,0,0.0
1790953535734,47428,11.2,11,490.0,501.2,11,490.0,0,0.0
1790953536235,47428,11.2,11,490.0,501.2,11,490.0,0,0.0
1790953536748,47428,11.2,11,490.0,501.2,11,490.0,0,0.0
1790953537244,47428,11.2,11,490.0,501.2,11,490.0,0,0.0
1790953537752,47428,12.0,11,489.6,501.6,11,489.6,0,0.0
1790953538254,47428,12.0,11,462.7,474.7,11,462.7,0,0.0
1790953538751,47428,12.0,11,462.6,474.5,11,462.6,0,0.0
1790953539267,47428,12.0,11,462.6,474.6,11,462.6,0,0.0
1790953539784,47428,12.0,11,462.6,474.6,11,462.6,0,0.0
1790953540290,47428,12.0,11,462.6,474.6,11,462.6,0,0.0
1790953540801,47428,12.0,11,462.6,474.6,11,462.6,0,0.0
1790953541319,47428,12.0,11,455.8,467.7,11,455.8,0,0.0
1790953541823,47428,12.0,11,455.8,467.7,11,455.8,0,0.0
1790953542335,47428,12.0,11,455.8,467.7,11,455.8,0,0.0
1790953542855,47428,12.0,11,455.7,467.6,11,455.7,0,0.0
1790953543367,47428,12.0,11,455.8,467.7,11,455.8,0,0.0
1790953543873,47428,12.0,11,455.8,467.7,11,455.8,0,0.0
1790953544389,47428,12.0,11,455.8,467.8,11,455.8,0,0.0
1790953544903,47428,12.0,11,455.8,467.8,11,455.8,0,0.0
1790953545419,47428,12.0,11,455.8,467.8,11,455.8,0,0.0
1790953545921,47428,12.0,11,455.8,467.8,11,455.8,0,0.0
1790953546429,47428,12.0,11,454.6,466.6,11,454.6,0,0.0
1790953546944,47428,12.0,11,454.5,466.5,11,454.5,0,0.0
1790953547452,47428,12.0,11,454.6,466.6,11,454.6,0,0.0
1790953547954,47428,12.0,11,454.6,466.6,11,454.6,0,0.0
1790953548465,47428,12.0,11,454.7,466.6,11,454.7,0,0.0
1790953548984,47428,12.0,11,454.7,466.6,11,454.7,0,0.0
1790953549501,47428,12.0,11,454.7,466.6,11,454.7,0,0.0
1790953550017,47428,12.0,11,454.7,466.6,11,454.7,0,0.0
1790953550533,47428,12.0,11,454.7,466.6,11,454.7,0,0.0
1790953551042,47428,12.0,11,454.6,466.5,11,454.6,0,0.0
1790953551545,47428,12.0,11,454.7,466.6,11,454.7,0,0.0
1790953552045,47428,12.0,11,454.7,466.6,11,454.7,0,0.0
1790953552568,47428,12.0,11,454.7,466.6,11,454.7,0,0.0
1790953553071,47428,12.0,11,455.4,467.3,11,455.4,0,0.0
1790953553572,47428,12.0,11,455.4,467.3,11,455.4,0,0.0
1790953554078,47428,12.0,11,455.4,467.3,11,455.4,0,0.0
1790953554582,47428,12.0,11,455.4,467.3,11,455.4,0,0.0
1790953555100,47428,12.0,11,455.3,467.2,11,455.3,0,0.0
1790953555615,47428,12.0,11,455.4,467.3,11,455.4,0,0.0
1790953556134,47428,12.0,11,455.5,467.5,11,455.5,0,0.0
1790953556641,47428,12.0,11,455.5,467.5,11,455.5,0,0.0
1790953557141,47428,12.0,11,455.5,467.5,11,455.5,0,0.0
1790953557657,47428,12.0,11,455.5,467.5,11,455.5,0,0.0
1790953558156,47428,12.0,11,455.6,467.5,11,455.6,0,0.0
1790953558662,47428,12.0,11,455.5,467.5,11,455.5,0,0.0
1790953559168,47428,12.0,11,455.4,467.4,11,455.4,0,0.0
1790953559679,47428,12.0,11,455.5,467.4,11,455.5,0,0.0
1790953560186,47428,12.0,11,455.5,467.4,11,455.5,0,0.0
1790953560708,47428,12.0,11,455.5,467.5,11,455.5,0,0.0
1790953561228,47428,12.0,11,455.5,467.5,11,455.5,0,0.0
1790953561731,47428,12.0,11,455.5,467.5,11,455.5,0,0.0
1790953562234,47428,12.0,11,455.5,467.5,11,455.5,0,0.0
1790953562749,47428,12.0,11,455.4,467.4,11,455.4,0,0.0
1790953563253,47428,12.0,11,455.5,467.5,11,455.5,0,0.0
1790953563752,47428,12.0,11,455.4,467.3,11,455.4,0,0.0
1790953564254,47428,12.0,11,455.4,467.3,11,455.4,0,0.0
1790953564769,47428,12.0,11,454.1,466.1,11,454.1,0,0.0
1790953565276,47428,12.0,11,454.1,466.1,11,454.1,0,0.0
1790953565819,47428,12.0,11,454.1,466.1,11,454.1,0,0.0
1790953566288,47428,12.0,11,454.2,466.1,11,454.2,0,0.0
1790953566809,47428,12.0,11,454.1,466.0,11,454.1,0,0.0
1790953567320,47428,12.0,11,454.2,466.1,11,454.2,0,0.0
1790953567831,47428,12.0,11,454.2,466.1,11,454.2,0,0.0
1790953568351,47428,12.0,11,454.2,466.1,11,454.2,0,0.0
1790953568858,47428,12.0,11,454.2,466.1,11,454.2,0,0.0
1790953569371,47428,12.0,11,454.2,466.1,11,454.2,0,0.0
1790953569871,47428,12.0,11,454.2,466.1,11,454.2,0,0.0
1790953570377,47428,12.0,11,454.2,466.1,11,454.2,0,0.0
1790953570889,47428,12.0,11,454.1,466.0,11,454.1,0,0.0
1790953571407,47428,12.0,11,454.2,466.1,11,454.2,0,0.0
1790953571904,47428,12.0,11,454.2,466.1,11,454.2,0,0.0
1790953572412,47428,12.0,11,454.2,466.1,11,454.2,0,0.0
1790953572919,47428,12.0,11,454.2,466.1,11,454.2,0,0.0
1790953573437,47428,12.0,11,454.2,466.1,11,454.2,0,0.0
1790953573942,47428,12.0,11,454.9,466.8,11,454.9,0,0.0
1790953574457,47428,12.0,11,454.9,466.8,11,454.9,0,0.0
1790953574972,47428,12.0,11,454.8,466.7,11,454.8,0,0.0
1790953575482,47428,12.0,11,454.9,466.8,11,454.9,0,0.0
1790953576005,47428,12.0,11,454.9,466.8,11,454.9,0,0.0
1790953576509,47428,12.0,11,454.9,466.8,11,454.9,0,0.0
1790953577023,47428,12.0,11,454.9,466.8,11,454.9,0,0.0
1790953577527,47428,12.0,11,454.9,466.8,11,454.9,0,0.0
1790953578033,47428,12.0,11,454.9,466.9,11,454.9,0,0.0
1790953578543,47428,12.0,11,454.9,466.9,11,454.9,0,0.0
1790953579064,47428,12.0,11,454.8,466.7,11,454.8,0,0.0
1790953579567,47428,12.0,11,454.9,466.8,11,454.9,0,0.0
1790953580080,47428,12.0,11,454.9,466.8,11,454.9,0,0.0
1790953580597,47428,12.0,11,454.9,466.8,11,454.9,0,0.0
1790953581105,47428,12.0,11,454.9,466.8,11,454.9,0,0.0
1790953581607,47428,12.0,11,454.9,466.8,11,454.9,0,0.0
1790953582102,47428,12.0,11,454.9,466.8,11,454.9,0,0.0
1790953582612,47428,12.0,11,454.9,466.8,11,454.9,0,0.0
1790953583125,47428,12.0,11,454.8,466.7,11,454.8,0,0.0
1790953583634,47428,12.0,11,454.9,466.8,11,454.9,0,0.0
1790953584153,47428,12.0,11,454.9,466.8,11,454.9,0,0.0
1790953584648,47428,12.0,11,454.9,466.8,11,454.9,0,0.0
1790953585156,47428,12.0,11,454.9,466.8,11,454.9,0,0.0
1790953585670,47428,12.0,11,454.9,466.8,11,454.9,0,0.0
1790953586182,47428,12.0,11,454.9,466.8,11,454.9,0,0.0
1790953586697,47428,12.0,11,454.9,466.8,11,454.9,0,0.0
1790953587195,47428,12.0,11,454.8,466.7,11,454.8,0,0.0
1790953587701,47428,12.0,11,454.9,466.9,11,454.9,0,0.0
1790953588221,47428,12.0,11,454.9,466.9,11,454.9,0,0.0
1790953588719,47428,12.0,11,454.9,466.9,11,454.9,0,0.0
1790953589247,47428,12.0,11,454.9,466.9,11,454.9,0,0.0
1790953589747,47428,12.0,11,454.9,466.9,11,454.9,0,0.0
1790953590254,47428,12.0,11,454.9,466.9,11,454.9,0,0.0
1790953590758,47428,12.0,11,454.9,466.8,11,454.9,0,0.0
1790953591255,47428,12.0,11,454.9,466.9,11,454.9,0,0.0
1790953591762,47428,12.0,11,454.9,466.9,11,454.9,0,0.0
1790953592284,47428,12.0,11,454.9,466.9,11,454.9,0,0.0
1790953592787,47428,12.0,11,454.9,466.9,11,454.9,0,0.0
1790953593287,47428,12.0,11,454.9,466.9,11,454.9,0,0.0
1790953593826,47428,11.9,17,655.5,667.4,11,492.0,6,163.5
1790953594647,47428,12.1,11,492.1,504.2,11,492.1,0,0.0
1790953595166,47428,12.1,11,496.6,508.7,11,496.6,0,0.0
1790953595672,47428,12.1,11,496.6,508.7,11,496.6,0,0.0
1790953596196,47428,12.1,11,496.6,508.7,11,496.6,0,0.0
1790953596689,47428,12.1,11,496.6,508.7,11,496.6,0,0.0
1790953597208,47428,12.1,11,496.6,508.7,11,496.6,0,0.0
1790953597717,47428,12.1,11,496.6,508.7,11,496.6,0,0.0
1790953598229,47428,12.1,11,466.8,478.8,11,466.8,0,0.0
1790953598742,47428,12.1,11,466.8,478.8,11,466.8,0,0.0
1790953599253,47428,12.1,11,466.7,478.7,11,466.7,0,0.0
1790953599769,47428,12.1,11,466.7,478.7,11,466.7,0,0.0
1790953600266,47428,12.1,11,466.7,478.7,11,466.7,0,0.0
1790953600782,47428,12.1,11,466.0,478.1,11,466.0,0,0.0
1790953601294,47428,12.1,11,465.7,477.8,11,465.7,0,0.0
1790953601801,47428,12.1,11,456.7,468.7,11,456.7,0,0.0
1790953602314,47428,12.1,11,456.7,468.7,11,456.7,0,0.0
1790953602816,47428,12.1,11,454.9,467.0,11,454.9,0,0.0
1790953603315,47428,12.1,11,453.1,465.2,11,453.1,0,0.0
1790953603836,47428,12.1,11,453.1,465.2,11,453.1,0,0.0
1790953604335,47428,12.1,11,453.2,465.2,11,453.2,0,0.0
1790953604839,47428,12.1,11,453.2,465.2,11,453.2,0,0.0
1790953605344,47428,12.1,11,453.2,465.2,11,453.2,0,0.0
1790953605844,47428,12.1,11,453.2,465.2,11,453.2,0,0.0
1790953606356,47428,12.1,11,453.2,465.2,11,453.2,0,0.0
1790953606861,47428,12.1,11,453.1,465.1,11,453.1,0,0.0
1790953607372,47428,12.1,11,453.2,465.2,11,453.2,0,0.0
1790953607880,47428,12.1,11,453.2,465.2,11,453.2,0,0.0
1790953608378,47428,12.1,11,453.2,465.2,11,453.2,0,0.0
1790953608882,47428,12.1,11,453.2,465.2,11,453.2,0,0.0
1790953609388,47428,12.1,11,453.2,465.2,11,453.2,0,0.0
1790953609890,47428,12.1,11,453.2,465.2,11,453.2,0,0.0
1790953610414,47428,12.1,11,453.2,465.2,11,453.2,0,0.0
1790953610907,47428,12.1,11,453.1,465.1,11,453.1,0,0.0
1790953611411,47428,12.1,11,453.1,465.2,11,453.1,0,0.0
1790953611921,47428,12.1,11,453.1,465.2,11,453.1,0,0.0
1790953612426,47428,12.1,11,453.1,465.2,11,453.1,0,0.0
1790953612942,47428,12.1,11,453.9,465.9,11,453.9,0,0.0
1790953613447,47428,12.1,11,453.8,465.9,11,453.8,0,0.0
1790953613952,47428,12.1,11,453.8,465.9,11,453.8,0,0.0
1790953614457,47428,12.1,11,453.8,465.9,11,453.8,0,0.0
1790953614968,47428,12.1,11,453.8,465.8,11,453.8,0,0.0
1790953615467,47428,12.1,11,453.8,465.9,11,453.8,0,0.0
1790953615984,47428,12.1,11,453.9,466.0,11,453.9,0,0.0
1790953616502,47428,12.1,11,454.8,466.8,11,454.8,0,0.0
1790953617003,47428,12.1,11,454.8,466.8,11,454.8,0,0.0
1790953617504,47428,12.1,11,454.8,466.8,11,454.8,0,0.0
1790953618010,47428,12.1,11,454.8,466.9,11,454.8,0,0.0
1790953618510,47428,12.1,11,454.8,466.8,11,454.8,0,0.0
1790953619019,47428,12.1,11,454.7,466.7,11,454.7,0,0.0
1790953619518,47428,12.1,11,454.7,466.8,11,454.7,0,0.0
1790953620027,47428,12.1,11,454.7,466.8,11,454.7,0,0.0
1790953620527,47428,12.1,11,454.7,466.8,11,454.7,0,0.0
1790953621026,47428,12.1,11,454.7,466.8,11,454.7,0,0.0
1790953621552,47428,12.1,11,454.7,466.8,11,454.7,0,0.0
1790953622050,47428,12.1,11,454.7,466.8,11,454.7,0,0.0
1790953622568,47428,12.1,11,454.7,466.8,11,454.7,0,0.0
1790953623090,47428,12.1,11,454.6,466.7,11,454.6,0,0.0
1790953623592,47428,12.1,11,454.6,466.7,11,454.6,0,0.0
1790953624092,47428,12.1,11,454.6,466.6,11,454.6,0,0.0
1790953624599,47428,12.1,11,454.6,466.7,11,454.6,0,0.0
1790953625100,47428,12.1,11,454.7,466.8,11,454.7,0,0.0
1790953625605,47428,12.1,11,454.7,466.8,11,454.7,0,0.0
1790953626102,47428,12.1,11,454.7,466.8,11,454.7,0,0.0
1790953626609,47428,12.1,11,454.7,466.8,11,454.7,0,0.0
1790953627130,47428,12.1,11,454.6,466.7,11,454.6,0,0.0
1790953627646,47428,12.1,11,454.7,466.8,11,454.7,0,0.0
1790953628149,47428,12.1,11,454.6,466.6,11,454.6,0,0.0
1790953628662,47428,12.1,11,454.6,466.6,11,454.6,0,0.0
1790953629159,47428,12.1,11,454.6,466.6,11,454.6,0,0.0
1790953629667,47428,12.1,11,454.6,466.6,11,454.6,0,0.0
1790953630172,47428,12.1,11,454.6,466.6,11,454.6,0,0.0
1790953630688,47428,12.1,11,454.6,466.6,11,454.6,0,0.0
1790953631200,47428,12.1,11,454.5,466.6,11,454.5,0,0.0
1790953631712,47428,12.1,11,454.6,466.7,11,454.6,0,0.0
1790953632227,47428,12.1,11,454.6,466.7,11,454.6,0,0.0
1790953632738,47428,12.1,11,454.6,466.7,11,454.6,0,0.0
1790953633257,47428,12.1,11,454.6,466.7,11,454.6,0,0.0
1790953633756,47428,12.1,11,454.6,466.7,11,454.6,0,0.0
1790953634268,47428,12.1,11,454.6,466.7,11,454.6,0,0.0
1790953634791,47428,12.1,11,454.5,466.5,11,454.5,0,0.0
1790953635299,47428,12.1,11,454.6,466.7,11,454.6,0,0.0
1790953635812,47428,12.1,11,454.6,466.7,11,454.6,0,0.0
1790953636323,47428,12.1,11,454.6,466.7,11,454.6,0,0.0
1790953636845,47428,12.1,11,454.6,466.7,11,454.6,0,0.0
1790953637345,47428,12.1,11,454.8,466.8,11,454.8,0,0.0
1790953637856,47428,12.1,11,454.8,466.9,11,454.8,0,0.0
1790953638377,47428,12.1,11,454.8,466.9,11,454.8,0,0.0
1790953638891,47428,12.1,11,454.7,466.8,11,454.7,0,0.0
1790953639391,47428,12.1,11,454.9,466.9,11,454.9,0,0.0
1790953639904,47428,12.1,11,454.8,466.9,11,454.8,0,0.0
1790953640425,47428,12.1,11,454.8,466.9,11,454.8,0,0.0
1790953640947,47428,12.1,11,454.8,466.9,11,454.8,0,0.0
1790953641453,47428,12.1,11,454.8,466.9,11,454.8,0,0.0
1790953641967,47428,12.1,11,454.8,466.9,11,454.8,0,0.0
1790953642490,47428,12.1,11,454.8,466.9,11,454.8,0,0.0
1790953642989,47428,12.1,11,454.7,466.8,11,454.7,0,0.0
1790953643502,47428,12.1,11,454.8,466.9,11,454.8,0,0.0
1790953644019,47428,12.1,11,454.8,466.9,11,454.8,0,0.0
1790953644525,47428,12.1,11,454.8,466.9,11,454.8,0,0.0
1790953645041,47428,12.1,11,454.8,466.9,11,454.8,0,0.0
1790953645564,47428,12.1,11,454.8,466.9,11,454.8,0,0.0
1790953646069,47428,12.1,11,454.8,466.9,11,454.8,0,0.0
1790953646566,47428,12.1,11,454.8,466.9,11,454.8,0,0.0
1790953647083,47428,12.1,11,454.7,466.8,11,454.7,0,0.0
1790953647600,47428,12.1,11,454.8,466.9,11,454.8,0,0.0
1790953648116,47428,12.1,11,454.8,466.9,11,454.8,0,0.0
1790953648627,47428,12.1,11,454.8,466.9,11,454.8,0,0.0
1790953649145,47428,12.1,11,454.8,466.9,11,454.8,0,0.0
1790953649646,47428,12.1,11,454.8,466.9,11,454.8,0,0.0
1790953650163,47428,12.1,11,454.8,466.9,11,454.8,0,0.0
1790953650666,47428,12.1,11,454.8,466.9,11,454.8,0,0.0
1790953651174,47428,12.1,11,454.7,466.8,11,454.7,0,0.0
1790953651674,47428,12.1,11,454.8,466.9,11,454.8,0,0.0
1790953652177,47428,12.1,11,454.8,466.9,11,454.8,0,0.0
1790953652687,47428,12.1,11,454.8,466.9,11,454.8,0,0.0
1790953653189,47428,12.1,11,455.1,467.1,11,455.1,0,0.0
1790953653736,47428,11.5,17,582.5,594.1,11,492.2,6,90.3
1790953654649,47428,12.8,11,492.2,505.1,11,492.2,0,0.0
1790953655165,47428,11.4,11,492.6,504.0,11,492.6,0,0.0
1790953655665,47428,11.4,11,492.7,504.1,11,492.7,0,0.0
1790953656171,47428,11.4,11,492.6,504.1,11,492.6,0,0.0
1790953656685,47428,11.4,11,492.6,504.1,11,492.6,0,0.0
1790953657191,47428,11.4,11,492.6,504.1,11,492.6,0,0.0
1790953657690,47428,11.4,11,492.6,504.1,11,492.6,0,0.0
1790953658203,47428,11.4,11,463.2,474.7,11,463.2,0,0.0
1790953658724,47428,11.4,11,463.4,474.8,11,463.4,0,0.0
1790953659246,47428,11.4,11,463.3,474.7,11,463.3,0,0.0
1790953659747,47428,11.4,11,463.3,474.7,11,463.3,0,0.0
1790953660250,47428,11.4,11,463.4,474.8,11,463.4,0,0.0
1790953660749,47428,11.4,11,463.3,474.8,11,463.3,0,0.0
1790953661267,47428,11.4,11,456.9,468.3,11,456.9,0,0.0
1790953661789,47428,11.4,11,455.7,467.1,11,455.7,0,0.0
1790953662294,47428,11.4,11,455.7,467.2,11,455.7,0,0.0
1790953662797,47428,11.4,11,455.7,467.1,11,455.7,0,0.0
1790953663298,47428,11.4,11,455.7,467.1,11,455.7,0,0.0
1790953663794,47428,11.4,11,455.7,467.1,11,455.7,0,0.0
1790953664305,47428,11.4,11,455.7,467.1,11,455.7,0,0.0
1790953664810,47428,11.4,11,455.7,467.1,11,455.7,0,0.0
1790953665308,47428,11.4,11,455.7,467.1,11,455.7,0,0.0
1790953665835,47428,11.4,11,455.7,467.1,11,455.7,0,0.0
1790953666343,47428,11.4,11,455.7,467.1,11,455.7,0,0.0
1790953666860,47428,11.4,11,454.9,466.3,11,454.9,0,0.0
1790953667377,47428,11.4,11,455.0,466.4,11,455.0,0,0.0
1790953667890,47428,11.4,11,455.0,466.4,11,455.0,0,0.0
1790953668399,47428,11.4,11,455.0,466.4,11,455.0,0,0.0
1790953668899,47428,11.4,11,455.0,466.4,11,455.0,0,0.0
1790953669408,47428,11.4,11,455.0,466.4,11,455.0,0,0.0
1790953669908,47428,11.4,11,455.0,466.4,11,455.0,0,0.0
1790953670414,47428,11.4,11,455.0,466.4,11,455.0,0,0.0
1790953670930,47428,11.4,11,454.9,466.3,11,454.9,0,0.0
1790953671442,47428,11.4,11,455.0,466.4,11,455.0,0,0.0
1790953671940,47428,11.4,11,455.0,466.4,11,455.0,0,0.0
1790953672461,47428,11.4,11,455.0,466.4,11,455.0,0,0.0
1790953672976,47428,11.4,11,455.0,466.4,11,455.0,0,0.0
1790953673488,47428,11.4,11,455.0,466.4,11,455.0,0,0.0
1790953674008,47428,11.4,11,455.0,466.4,11,455.0,0,0.0
1790953674507,47428,11.4,11,455.0,466.4,11,455.0,0,0.0
1790953675020,47428,11.4,11,455.0,466.4,11,455.0,0,0.0
1790953675539,47428,11.4,11,455.1,466.5,11,455.1,0,0.0
1790953676057,47428,11.4,11,455.1,466.5,11,455.1,0,0.0
1790953676562,47428,11.4,11,455.1,466.6,11,455.1,0,0.0
1790953677074,47428,11.4,11,455.1,466.5,11,455.1,0,0.0
1790953677583,47428,11.4,11,455.1,466.5,11,455.1,0,0.0
1790953678088,47428,11.4,11,455.1,466.5,11,455.1,0,0.0
1790953678588,47428,11.4,11,455.1,466.5,11,455.1,0,0.0
1790953679090,47428,11.4,11,455.0,466.4,11,455.0,0,0.0
1790953679602,47428,11.4,11,455.1,466.5,11,455.1,0,0.0
1790953680103,47428,11.4,11,455.1,466.5,11,455.1,0,0.0
1790953680603,47428,11.4,11,455.1,466.5,11,455.1,0,0.0
1790953681118,47428,11.4,11,455.1,466.5,11,455.1,0,0.0
1790953681620,47428,11.4,11,455.1,466.6,11,455.1,0,0.0
1790953682127,47428,11.4,11,455.1,466.5,11,455.1,0,0.0
1790953682643,47428,11.4,11,455.1,466.6,11,455.1,0,0.0
1790953683161,47428,11.4,11,455.0,466.4,11,455.0,0,0.0
1790953683678,47428,11.4,11,455.0,466.4,11,455.0,0,0.0
1790953684172,47428,11.4,11,454.9,466.3,11,454.9,0,0.0
1790953684695,47428,11.4,11,455.0,466.4,11,455.0,0,0.0
1790953685202,47428,11.4,11,455.0,466.4,11,455.0,0,0.0
1790953685719,47428,11.4,11,455.0,466.4,11,455.0,0,0.0
1790953686224,47428,11.4,11,455.0,466.4,11,455.0,0,0.0
1790953686732,47428,11.4,11,455.0,466.4,11,455.0,0,0.0
1790953687249,47428,11.4,11,455.0,466.4,11,455.0,0,0.0
1790953687760,47428,11.4,11,454.7,466.1,11,454.7,0,0.0
1790953688276,47428,11.4,11,454.7,466.1,11,454.7,0,0.0
1790953688779,47428,11.4,11,454.7,466.1,11,454.7,0,0.0
1790953689297,47428,11.4,11,454.7,466.1,11,454.7,0,0.0
1790953689794,47428,11.4,11,454.7,466.1,11,454.7,0,0.0
1790953690299,47428,11.4,11,454.9,466.4,11,454.9,0,0.0
1790953690815,47428,11.4,11,454.9,466.4,11,454.9,0,0.0
1790953691324,47428,11.4,11,455.0,466.4,11,455.0,0,0.0
1790953691823,47428,11.4,11,455.0,466.4,11,455.0,0,0.0
1790953692318,47428,11.4,11,455.0,466.4,11,455.0,0,0.0
1790953692828,47428,11.4,11,455.0,466.4,11,455.0,0,0.0
1790953693328,47428,11.4,11,455.0,466.4,11,455.0,0,0.0
1790953693841,47428,11.4,11,455.0,466.4,11,455.0,0,0.0
1790953694360,47428,11.4,11,455.0,466.4,11,455.0,0,0.0
1790953694873,47428,11.4,11,454.9,466.3,11,454.9,0,0.0
1790953695373,47428,11.4,11,454.9,466.4,11,454.9,0,0.0
1790953695882,47428,11.4,11,454.9,466.4,11,454.9,0,0.0
1790953696386,47428,11.4,11,454.9,466.4,11,454.9,0,0.0
1790953696896,47428,11.4,11,454.9,466.4,11,454.9,0,0.0
1790953697403,47428,11.4,11,460.6,472.0,11,460.6,0,0.0
1790953697906,47428,11.4,11,460.6,472.0,11,460.6,0,0.0
1790953698422,47428,11.4,11,460.6,472.1,11,460.6,0,0.0
1790953698941,47428,11.4,11,460.2,471.6,11,460.2,0,0.0
1790953699459,47428,11.4,11,460.3,471.7,11,460.3,0,0.0
1790953699966,47428,11.4,11,460.3,471.7,11,460.3,0,0.0
1790953700482,47428,11.4,11,458.4,469.8,11,458.4,0,0.0
1790953700996,47428,11.4,11,458.4,469.8,11,458.4,0,0.0
1790953701496,47428,11.4,11,458.4,469.8,11,458.4,0,0.0
1790953702005,47428,11.4,11,458.4,469.8,11,458.4,0,0.0
1790953702519,47428,11.4,11,458.4,469.8,11,458.4,0,0.0
1790953703029,47428,11.4,11,458.3,469.7,11,458.3,0,0.0
1790953703542,47428,11.4,11,458.4,469.8,11,458.4,0,0.0
1790953704051,47428,11.4,11,458.4,469.8,11,458.4,0,0.0
1790953704565,47428,11.4,11,458.4,469.8,11,458.4,0,0.0
1790953705081,47428,11.4,11,456.2,467.6,11,456.2,0,0.0
1790953705598,47428,11.4,11,454.3,465.7,11,454.3,0,0.0
1790953706115,47428,11.4,11,454.3,465.7,11,454.3,0,0.0
1790953706632,47428,11.4,11,454.3,465.7,11,454.3,0,0.0
1790953707145,47428,11.4,11,454.2,465.6,11,454.2,0,0.0
1790953707664,47428,11.4,11,454.3,465.7,11,454.3,0,0.0
1790953708181,47428,11.4,11,453.8,465.2,11,453.8,0,0.0
1790953708683,47428,11.4,11,453.7,465.1,11,453.7,0,0.0
1790953709199,47428,11.4,11,453.7,465.1,11,453.7,0,0.0
1790953709720,47428,11.4,11,453.7,465.1,11,453.7,0,0.0
1790953710239,47428,11.4,11,453.7,465.1,11,453.7,0,0.0
1790953710756,47428,11.4,11,453.7,465.1,11,453.7,0,0.0
1790953711259,47428,11.4,11,453.7,465.1,11,453.7,0,0.0
1790953711759,47428,11.4,11,453.7,465.1,11,453.7,0,0.0
1790953712260,47428,11.4,11,453.7,465.1,11,453.7,0,0.0
1790953712764,47428,11.4,11,453.7,465.1,11,453.7,0,0.0
1790953713286,47428,11.4,11,453.7,465.1,11,453.7,0,0.0
1790953713815,47428,11.7,17,643.9,655.6,11,490.9,6,153.0
1790953714595,47428,11.4,11,490.9,502.3,11,490.9,0,0.0
1790953715113,47428,11.4,11,490.5,501.9,11,490.5,0,0.0
1790953715622,47428,11.4,11,491.3,502.7,11,491.3,0,0.0
1790953716119,47428,11.4,11,491.3,502.7,11,491.3,0,0.0
1790953716630,47428,11.4,11,491.3,502.7,11,491.3,0,0.0
1790953717146,47428,11.4,11,491.3,502.7,11,491.3,0,0.0
1790953717655,47428,11.4,11,491.3,502.7,11,491.3,0,0.0
1790953718164,47428,11.4,11,491.1,502.5,11,491.1,0,0.0
1790953718661,47428,11.4,11,462.4,473.8,11,462.4,0,0.0
1790953719185,47428,11.4,11,462.3,473.7,11,462.3,0,0.0
1790953719683,47428,11.4,11,462.3,473.7,11,462.3,0,0.0
1790953720188,47428,11.4,11,462.3,473.7,11,462.3,0,0.0
1790953720696,47428,11.4,11,466.4,477.8,11,466.4,0,0.0
1790953721197,47428,11.4,11,466.4,477.8,11,466.4,0,0.0
1790953721704,47428,11.4,11,462.3,473.8,11,462.3,0,0.0
1790953722209,47428,11.4,11,462.3,473.8,11,462.3,0,0.0
1790953722713,47428,11.4,11,462.3,473.8,11,462.3,0,0.0
1790953723212,47428,11.4,11,461.9,473.3,11,461.9,0,0.0
1790953723710,47428,11.4,11,462.0,473.4,11,462.0,0,0.0
1790953724224,47428,11.4,11,454.2,465.6,11,454.2,0,0.0
1790953724744,47428,11.4,11,454.2,465.6,11,454.2,0,0.0
1790953725255,47428,11.4,11,458.1,469.5,11,458.1,0,0.0
1790953725750,47428,11.4,11,458.0,469.5,11,458.0,0,0.0
1790953726271,47428,11.4,11,458.0,469.5,11,458.0,0,0.0
1790953726767,47428,11.4,11,458.0,469.5,11,458.0,0,0.0
1790953727277,47428,11.4,11,458.0,469.4,11,458.0,0,0.0
1790953727778,47428,11.4,11,458.0,469.4,11,458.0,0,0.0
1790953728285,47428,11.4,11,453.4,464.8,11,453.4,0,0.0
1790953728799,47428,11.4,11,453.4,464.8,11,453.4,0,0.0
1790953729314,47428,11.4,11,453.4,464.7,11,453.4,0,0.0
1790953729830,47428,11.4,11,453.4,464.7,11,453.4,0,0.0
1790953730347,47428,11.4,11,453.4,464.7,11,453.4,0,0.0
1790953730867,47428,11.4,11,453.4,464.7,11,453.4,0,0.0
1790953731382,47428,11.4,11,453.3,464.7,11,453.3,0,0.0
1790953731890,47428,11.4,11,453.3,464.7,11,453.3,0,0.0
1790953732391,47428,11.4,11,453.3,464.6,11,453.3,0,0.0
1790953732906,47428,11.4,11,453.3,464.6,11,453.3,0,0.0
1790953733421,47428,11.4,11,453.3,464.6,11,453.3,0,0.0
1790953733938,47428,11.4,11,453.3,464.6,11,453.3,0,0.0
1790953734451,47428,11.4,11,453.3,464.6,11,453.3,0,0.0
1790953734967,47428,11.4,11,453.2,464.5,11,453.2,0,0.0
1790953735487,47428,11.4,11,453.3,464.6,11,453.3,0,0.0
1790953736003,47428,11.4,11,453.3,464.6,11,453.3,0,0.0
1790953736518,47428,11.4,11,454.0,465.4,11,454.0,0,0.0
1790953737012,47428,11.4,11,454.0,465.4,11,454.0,0,0.0
1790953737529,47428,11.4,11,454.0,465.4,11,454.0,0,0.0
1790953738032,47428,11.4,11,454.0,465.4,11,454.0,0,0.0
1790953738537,47428,11.4,11,454.0,465.4,11,454.0,0,0.0
1790953739053,47428,11.4,11,454.0,465.3,11,454.0,0,0.0
1790953739555,47428,11.4,11,454.1,465.4,11,454.1,0,0.0
1790953740067,47428,11.4,11,454.1,465.4,11,454.1,0,0.0
1790953740586,47428,11.4,11,454.1,465.4,11,454.1,0,0.0
1790953741102,47428,11.4,11,454.1,465.4,11,454.1,0,0.0
1790953741597,47428,11.4,11,454.1,465.4,11,454.1,0,0.0
1790953742102,47428,11.4,11,454.1,465.4,11,454.1,0,0.0
1790953742607,47428,11.4,11,454.1,465.4,11,454.1,0,0.0
1790953743102,47428,11.4,11,454.0,465.3,11,454.0,0,0.0
1790953743607,47428,11.4,11,454.0,465.3,11,454.0,0,0.0
1790953744126,47428,11.4,11,453.9,465.3,11,453.9,0,0.0
1790953744627,47428,11.4,11,454.0,465.3,11,454.0,0,0.0
1790953745128,47428,11.4,11,454.1,465.4,11,454.1,0,0.0
1790953745628,47428,11.4,11,454.1,465.4,11,454.1,0,0.0
1790953746126,47428,11.4,11,454.1,465.4,11,454.1,0,0.0
1790953746635,47428,11.4,11,454.1,465.4,11,454.1,0,0.0
1790953747140,47428,11.4,11,454.0,465.3,11,454.0,0,0.0
1790953747648,47428,11.4,11,454.0,465.4,11,454.0,0,0.0
1790953748155,47428,11.4,11,453.7,465.1,11,453.7,0,0.0
1790953748676,47428,11.4,11,453.7,465.1,11,453.7,0,0.0
1790953749187,47428,11.4,11,453.7,465.1,11,453.7,0,0.0
1790953749705,47428,11.4,11,453.7,465.1,11,453.7,0,0.0
1790953750219,47428,11.4,11,453.7,465.1,11,453.7,0,0.0
1790953750739,47428,11.4,11,453.7,465.1,11,453.7,0,0.0
1790953751259,47428,11.4,11,453.7,465.1,11,453.7,0,0.0
1790953751763,47428,11.4,11,453.7,465.1,11,453.7,0,0.0
1790953752259,47428,11.4,11,453.7,465.1,11,453.7,0,0.0
1790953752764,47428,11.4,11,453.7,465.1,11,453.7,0,0.0
1790953753276,47428,11.4,11,453.7,465.1,11,453.7,0,0.0
1790953753797,47428,11.4,11,453.7,465.1,11,453.7,0,0.0
1790953754313,47428,11.4,11,453.8,465.1,11,453.8,0,0.0
1790953754826,47428,11.4,11,453.8,465.1,11,453.8,0,0.0
1790953755349,47428,11.4,11,453.8,465.1,11,453.8,0,0.0
1790953755856,47428,11.4,11,453.7,465.1,11,453.7,0,0.0
1790953756373,47428,11.4,11,453.7,465.1,11,453.7,0,0.0
1790953756865,47428,11.4,11,453.7,465.1,11,453.7,0,0.0
1790953757376,47428,11.4,11,453.8,465.1,11,453.8,0,0.0
1790953757887,47428,11.4,11,454.4,465.8,11,454.4,0,0.0
1790953758402,47428,11.4,11,454.4,465.8,11,454.4,0,0.0
1790953758927,47428,11.4,11,454.3,465.6,11,454.3,0,0.0
1790953759435,47428,11.4,11,454.4,465.8,11,454.4,0,0.0
1790953759942,47428,11.4,11,454.4,465.8,11,454.4,0,0.0
1790953760458,47428,11.4,11,454.4,465.8,11,454.4,0,0.0
1790953760962,47428,11.4,11,454.6,465.9,11,454.6,0,0.0
1790953761469,47428,11.4,11,454.6,466.0,11,454.6,0,0.0
1790953761976,47428,11.4,11,454.6,466.0,11,454.6,0,0.0
1790953762482,47428,11.4,11,454.6,466.0,11,454.6,0,0.0
1790953762998,47428,11.4,11,454.6,466.0,11,454.6,0,0.0
1790953763494,47428,11.4,11,454.7,466.1,11,454.7,0,0.0
1790953764006,47428,11.4,11,454.7,466.1,11,454.7,0,0.0
1790953764503,47428,11.4,11,454.7,466.1,11,454.7,0,0.0
1790953765013,47428,11.4,11,454.7,466.1,11,454.7,0,0.0
1790953765528,47428,11.4,11,454.7,466.1,11,454.7,0,0.0
1790953766029,47428,11.4,11,454.7,466.1,11,454.7,0,0.0
1790953766544,47428,11.4,11,454.7,466.1,11,454.7,0,0.0
1790953767046,47428,11.4,11,454.6,466.0,11,454.6,0,0.0
1790953767563,47428,11.4,11,454.7,466.1,11,454.7,0,0.0
1790953768072,47428,11.4,11,454.7,466.1,11,454.7,0,0.0
1790953768577,47428,11.4,11,454.7,466.1,11,454.7,0,0.0
1790953769073,47428,11.4,11,454.7,466.1,11,454.7,0,0.0
1790953769592,47428,11.4,11,454.7,466.1,11,454.7,0,0.0
1790953770092,47428,11.4,11,454.7,466.1,11,454.7,0,0.0
1790953770609,47428,11.4,11,454.7,466.1,11,454.7,0,0.0
1790953771101,47428,11.4,11,454.6,466.0,11,454.6,0,0.0
1790953771623,47428,11.4,11,454.7,466.0,11,454.7,0,0.0
1790953772137,47428,11.4,11,454.7,466.0,11,454.7,0,0.0
1790953772638,47428,11.4,11,453.9,465.3,11,453.9,0,0.0
1790953773149,47428,11.4,11,454.0,465.4,11,454.0,0,0.0
1790953773656,47428,11.5,17,560.6,572.0,11,489.2,6,71.4
1790953774439,47428,11.6,11,490.2,501.7,11,490.2,0,0.0
1790953774952,47428,11.6,11,489.8,501.4,11,489.8,0,0.0
1790953775466,47428,11.6,11,489.9,501.4,11,489.9,0,0.0
1790953775975,47428,11.6,11,489.9,501.4,11,489.9,0,0.0
1790953776480,47428,11.6,11,489.9,501.4,11,489.9,0,0.0
1790953776995,47428,11.6,11,489.3,500.9,11,489.3,0,0.0
1790953777510,47428,11.6,11,472.1,483.7,11,472.1,0,0.0
1790953778014,47428,11.6,11,472.1,483.7,11,472.1,0,0.0
1790953778532,47428,11.6,11,463.0,474.5,11,463.0,0,0.0
1790953779051,47428,11.6,11,462.8,474.4,11,462.8,0,0.0
1790953779565,47428,11.6,11,462.9,474.5,11,462.9,0,0.0
1790953780087,47428,11.6,11,462.9,474.5,11,462.9,0,0.0
1790953780583,47428,11.6,11,462.3,473.8,11,462.3,0,0.0
1790953781104,47428,11.6,11,462.3,473.8,11,462.3,0,0.0
1790953781603,47428,11.6,11,456.5,468.1,11,456.5,0,0.0
1790953782126,47428,11.6,11,454.2,465.7,11,454.2,0,0.0
1790953782637,47428,11.6,11,454.2,465.7,11,454.2,0,0.0
1790953783134,47428,11.6,11,454.1,465.6,11,454.1,0,0.0
1790953783633,47428,11.6,11,454.2,465.8,11,454.2,0,0.0
1790953784154,47428,11.6,11,454.2,465.8,11,454.2,0,0.0
1790953784672,47428,11.6,11,454.2,465.8,11,454.2,0,0.0
1790953785184,47428,11.6,11,454.2,465.8,11,454.2,0,0.0
1790953785687,47428,11.6,11,454.2,465.8,11,454.2,0,0.0
1790953786210,47428,11.6,11,454.2,465.8,11,454.2,0,0.0
1790953786710,47428,11.6,11,454.2,465.8,11,454.2,0,0.0
1790953787221,47428,11.6,11,454.1,465.6,11,454.1,0,0.0
1790953787732,47428,11.6,11,454.2,465.7,11,454.2,0,0.0
1790953788233,47428,11.6,11,454.2,465.7,11,454.2,0,0.0
1790953788754,47428,11.6,11,454.2,465.7,11,454.2,0,0.0
1790953789267,47428,11.6,11,454.2,465.7,11,454.2,0,0.0
1790953789784,47428,11.6,11,454.2,465.7,11,454.2,0,0.0
1790953790302,47428,11.6,11,454.2,465.7,11,454.2,0,0.0
1790953790812,47428,11.6,11,454.2,465.7,11,454.2,0,0.0
1790953791333,47428,11.6,11,454.2,465.7,11,454.2,0,0.0
1790953791854,47428,11.6,11,454.2,465.7,11,454.2,0,0.0
1790953792351,47428,11.6,11,454.2,465.7,11,454.2,0,0.0
1790953792855,47428,11.6,11,453.8,465.4,11,453.8,0,0.0
1790953793370,47428,11.6,11,453.9,465.4,11,453.9,0,0.0
1790953793874,47428,11.6,11,453.9,465.4,11,453.9,0,0.0
1790953794380,47428,11.6,11,453.9,465.4,11,453.9,0,0.0
1790953794889,47428,11.6,11,453.9,465.4,11,453.9,0,0.0
1790953795404,47428,11.6,11,453.9,465.4,11,453.9,0,0.0
1790953795912,47428,11.6,11,453.9,465.4,11,453.9,0,0.0
1790953796429,47428,11.6,11,453.8,465.3,11,453.8,0,0.0
1790953796931,47428,11.6,11,453.8,465.3,11,453.8,0,0.0
1790953797434,47428,11.6,11,453.8,465.3,11,453.8,0,0.0
1790953797953,47428,11.6,11,453.8,465.3,11,453.8,0,0.0
1790953798467,47428,11.6,11,453.8,465.3,11,453.8,0,0.0
1790953798981,47428,11.6,11,453.7,465.2,11,453.7,0,0.0
1790953799483,47428,11.6,11,453.8,465.3,11,453.8,0,0.0
1790953799999,47428,11.6,11,459.9,471.5,11,459.9,0,0.0
1790953800525,47428,11.6,11,460.0,471.6,11,460.0,0,0.0
1790953801028,47428,11.6,11,460.0,471.6,11,460.0,0,0.0
1790953801527,47428,11.6,11,460.0,471.6,11,460.0,0,0.0
1790953802044,47428,11.6,11,460.0,471.6,11,460.0,0,0.0
1790953802549,47428,11.6,11,460.0,471.6,11,460.0,0,0.0
1790953803052,47428,11.6,11,459.5,471.1,11,459.5,0,0.0
1790953803553,47428,11.6,11,457.8,469.4,11,457.8,0,0.0
1790953804070,47428,11.6,11,457.7,469.2,11,457.7,0,0.0
1790953804585,47428,11.6,11,457.7,469.3,11,457.7,0,0.0
1790953805083,47428,11.6,11,457.8,469.4,11,457.8,0,0.0
1790953805584,47428,11.6,11,457.9,469.4,11,457.9,0,0.0
1790953806092,47428,11.6,11,457.6,469.1,11,457.6,0,0.0
1790953806605,47428,11.6,11,457.6,469.2,11,457.6,0,0.0
1790953807110,47428,11.6,11,457.5,469.0,11,457.5,0,0.0
1790953807624,47428,11.6,11,453.9,465.5,11,453.9,0,0.0
1790953808151,47428,11.6,11,453.7,465.3,11,453.7,0,0.0
1790953808645,47428,11.6,11,453.8,465.3,11,453.8,0,0.0
1790953809157,47428,11.6,11,453.4,465.0,11,453.4,0,0.0
1790953809681,47428,11.6,11,453.5,465.0,11,453.5,0,0.0
1790953810191,47428,11.6,11,453.4,465.0,11,453.4,0,0.0
1790953810698,47428,11.6,11,452.9,464.4,11,452.9,0,0.0
1790953811192,47428,11.6,11,452.8,464.3,11,452.8,0,0.0
1790953811695,47428,11.6,11,452.8,464.4,11,452.8,0,0.0
1790953812214,47428,11.6,11,452.8,464.4,11,452.8,0,0.0
1790953812716,47428,11.6,11,452.9,464.4,11,452.9,0,0.0
1790953813236,47428,11.6,11,452.9,464.5,11,452.9,0,0.0
1790953813757,47428,11.6,11,452.9,464.5,11,452.9,0,0.0
1790953814255,47428,11.6,11,452.9,464.5,11,452.9,0,0.0
1790953814773,47428,11.6,11,452.9,464.5,11,452.9,0,0.0
1790953815278,47428,11.6,11,452.9,464.4,11,452.9,0,0.0
1790953815797,47428,11.6,11,452.9,464.4,11,452.9,0,0.0
1790953816315,47428,11.6,11,452.9,464.5,11,452.9,0,0.0
1790953816834,47428,11.6,11,452.9,464.5,11,452.9,0,0.0
1790953817354,47428,11.6,11,452.9,464.5,11,452.9,0,0.0
1790953817857,47428,11.6,11,453.7,465.3,11,453.7,0,0.0
1790953818358,47428,11.6,11,453.7,465.3,11,453.7,0,0.0
1790953818866,47428,11.6,11,453.8,465.3,11,453.8,0,0.0
1790953819372,47428,11.6,11,453.7,465.3,11,453.7,0,0.0
1790953819876,47428,11.6,11,453.7,465.3,11,453.7,0,0.0
1790953820400,47428,11.6,11,453.7,465.3,11,453.7,0,0.0
1790953820909,47428,11.6,11,454.5,466.1,11,454.5,0,0.0
1790953821427,47428,11.6,11,454.6,466.1,11,454.6,0,0.0
1790953821929,47428,11.6,11,454.6,466.1,11,454.6,0,0.0
1790953822434,47428,11.6,11,454.6,466.1,11,454.6,0,0.0
1790953822933,47428,11.6,11,454.4,466.0,11,454.4,0,0.0
1790953823436,47428,11.6,11,454.4,465.9,11,454.4,0,0.0
1790953823937,47428,11.6,11,454.4,465.9,11,454.4,0,0.0
1790953824455,47428,11.6,11,454.4,465.9,11,454.4,0,0.0
1790953824974,47428,11.6,11,454.4,465.9,11,454.4,0,0.0
1790953825479,47428,11.6,11,454.4,466.0,11,454.4,0,0.0
1790953825983,47428,11.6,11,454.4,466.0,11,454.4,0,0.0
1790953826501,47428,11.6,11,454.4,466.0,11,454.4,0,0.0
1790953827013,47428,11.6,11,454.3,465.9,11,454.3,0,0.0
1790953827519,47428,11.6,11,454.4,466.0,11,454.4,0,0.0
1790953828033,47428,11.6,11,454.4,466.0,11,454.4,0,0.0
1790953828549,47428,11.6,11,454.4,466.0,11,454.4,0,0.0
1790953829068,47428,11.6,11,454.4,466.0,11,454.4,0,0.0
1790953829573,47428,11.6,11,454.4,466.0,11,454.4,0,0.0
1790953830075,47428,11.6,11,454.4,466.0,11,454.4,0,0.0
1790953830582,47428,11.6,11,454.4,466.0,11,454.4,0,0.0
1790953831097,47428,11.6,11,454.3,465.9,11,454.3,0,0.0
1790953831607,47428,11.6,11,454.4,465.9,11,454.4,0,0.0
1790953832110,47428,11.6,11,454.4,465.9,11,454.4,0,0.0
1790953832622,47428,11.6,11,454.4,465.9,11,454.4,0,0.0
1790953833139,47428,11.6,11,454.4,465.9,11,454.4,0,0.0
1790953833642,47428,11.6,11,491.2,502.8,11,491.2,0,0.0
1790953834149,47428,11.6,11,491.2,502.8,11,491.2,0,0.0
1790953834663,47428,11.6,11,491.3,502.8,11,491.3,0,0.0
1790953835175,47428,11.6,11,490.9,502.4,11,490.9,0,0.0
1790953835695,47428,11.6,11,491.0,502.5,11,491.0,0,0.0
1790953836199,47428,11.6,11,491.0,502.5,11,491.0,0,0.0
1790953836697,47428,11.6,11,491.9,503.5,11,491.9,0,0.0
1790953837216,47428,11.6,11,491.9,503.5,11,491.9,0,0.0
1790953837719,47428,11.6,11,483.8,495.4,11,483.8,0,0.0
1790953838229,47428,11.6,11,483.7,495.3,11,483.7,0,0.0
1790953838728,47428,11.6,11,463.6,475.2,11,463.6,0,0.0
1790953839229,47428,11.6,11,463.5,475.1,11,463.5,0,0.0
1790953839743,47428,11.6,11,463.5,475.0,11,463.5,0,0.0
1790953840241,47428,11.6,11,463.5,475.0,11,463.5,0,0.0
1790953840761,47428,11.6,11,463.4,475.0,11,463.4,0,0.0
1790953841264,47428,11.6,11,463.4,475.0,11,463.4,0,0.0
1790953841776,47428,11.6,11,456.5,468.1,11,456.5,0,0.0
1790953842284,47428,11.6,11,456.7,468.3,11,456.7,0,0.0
1790953842791,47428,11.6,11,456.6,468.2,11,456.6,0,0.0
1790953843306,47428,11.6,11,456.6,468.2,11,456.6,0,0.0
1790953843822,47428,11.6,11,456.6,468.2,11,456.6,0,0.0
1790953844336,47428,11.6,11,454.5,466.1,11,454.5,0,0.0
1790953844839,47428,11.6,11,454.5,466.0,11,454.5,0,0.0
1790953845338,47428,11.6,11,454.5,466.0,11,454.5,0,0.0
1790953845850,47428,11.6,11,454.5,466.0,11,454.5,0,0.0
1790953846366,47428,11.6,11,454.5,466.0,11,454.5,0,0.0
1790953846869,47428,11.6,11,454.5,466.0,11,454.5,0,0.0
1790953847372,47428,11.6,11,454.4,466.0,11,454.4,0,0.0
1790953847889,47428,11.6,11,454.4,466.0,11,454.4,0,0.0
1790953848397,47428,11.6,11,454.4,466.0,11,454.4,0,0.0
1790953848903,47428,11.6,11,454.4,466.0,11,454.4,0,0.0
1790953849424,47428,11.6,11,454.4,466.0,11,454.4,0,0.0
1790953849924,47428,11.6,11,454.4,466.0,11,454.4,0,0.0
1790953850447,47428,11.6,11,454.6,466.1,11,454.6,0,0.0
1790953850945,47428,11.6,11,454.6,466.1,11,454.6,0,0.0
1790953851461,47428,11.6,11,454.6,466.1,11,454.6,0,0.0
1790953851968,47428,11.6,11,454.6,466.1,11,454.6,0,0.0
1790953852483,47428,11.6,11,454.6,466.1,11,454.6,0,0.0
1790953852996,47428,11.6,11,454.3,465.9,11,454.3,0,0.0
1790953853501,47428,11.6,11,454.3,465.9,11,454.3,0,0.0
1790953854012,47428,11.6,11,454.3,465.9,11,454.3,0,0.0
1790953854534,47428,11.6,11,454.3,465.9,11,454.3,0,0.0
1790953855038,47428,11.6,11,454.2,465.8,11,454.2,0,0.0
1790953855540,47428,11.6,11,454.3,465.9,11,454.3,0,0.0
1790953856048,47428,11.6,11,454.3,465.9,11,454.3,0,0.0
1790953856557,47428,11.6,11,454.3,465.9,11,454.3,0,0.0
1790953857061,47428,11.6,11,454.3,465.9,11,454.3,0,0.0
1790953857575,47428,11.6,11,454.3,465.9,11,454.3,0,0.0
1790953858091,47428,11.6,11,454.3,465.9,11,454.3,0,0.0
1790953858588,47428,11.6,11,454.3,465.9,11,454.3,0,0.0
1790953859098,47428,11.6,11,454.2,465.8,11,454.2,0,0.0
1790953859615,47428,11.6,11,454.3,465.9,11,454.3,0,0.0
1790953860133,47428,11.6,11,455.0,466.6,11,455.0,0,0.0
1790953860631,47428,11.6,11,455.0,466.6,11,455.0,0,0.0
1790953861133,47428,11.6,11,455.0,466.6,11,455.0,0,0.0
1790953861639,47428,11.6,11,455.0,466.6,11,455.0,0,0.0
1790953862145,47428,11.6,11,455.0,466.6,11,455.0,0,0.0
1790953862653,47428,11.6,11,454.9,466.4,11,454.9,0,0.0
1790953863163,47428,11.6,11,454.9,466.4,11,454.9,0,0.0
1790953863654,47428,11.6,11,455.0,466.5,11,455.0,0,0.0
1790953864171,47428,11.6,11,454.9,466.4,11,454.9,0,0.0
1790953864678,47428,11.6,11,454.9,466.5,11,454.9,0,0.0
1790953865184,47428,11.6,11,455.1,466.6,11,455.1,0,0.0
1790953865694,47428,11.6,11,455.1,466.6,11,455.1,0,0.0
1790953866211,47428,11.6,11,455.1,466.6,11,455.1,0,0.0
1790953866720,47428,11.6,11,455.1,466.6,11,455.1,0,0.0
1790953867229,47428,11.6,11,455.1,466.6,11,455.1,0,0.0
1790953867743,47428,11.6,11,455.1,466.6,11,455.1,0,0.0
1790953868242,47428,11.6,11,454.9,466.4,11,454.9,0,0.0
1790953868748,47428,11.6,11,454.9,466.5,11,454.9,0,0.0
1790953869249,47428,11.6,11,454.9,466.5,11,454.9,0,0.0
1790953869750,47428,11.6,11,454.9,466.5,11,454.9,0,0.0
1790953870264,47428,11.6,11,454.9,466.5,11,454.9,0,0.0
1790953870781,47428,11.6,11,454.9,466.5,11,454.9,0,0.0
1790953871297,47428,11.6,11,454.9,466.5,11,454.9,0,0.0
1790953871813,47428,11.6,11,454.2,465.8,11,454.2,0,0.0
1790953872329,47428,11.6,11,454.2,465.8,11,454.2,0,0.0
1790953872841,47428,11.6,11,454.2,465.8,11,454.2,0,0.0
1790953873354,47428,11.6,11,454.3,465.8,11,454.3,0,0.0
1790953873871,47428,11.6,11,454.3,465.8,11,454.3,0,0.0
1790953874367,47428,11.6,11,454.3,465.8,11,454.3,0,0.0
1790953874887,47428,11.6,11,454.3,465.8,11,454.3,0,0.0
1790953875383,47428,11.6,11,454.3,465.8,11,454.3,0,0.0
1790953875884,47428,11.6,11,454.3,465.8,11,454.3,0,0.0
1790953876393,47428,11.6,11,454.3,465.8,11,454.3,0,0.0
1790953876889,47428,11.6,11,454.3,465.8,11,454.3,0,0.0
1790953877402,47428,11.6,11,454.3,465.8,11,454.3,0,0.0
1790953877920,47428,11.6,11,454.3,465.8,11,454.3,0,0.0
1790953878420,47428,11.6,11,454.3,465.8,11,454.3,0,0.0
1790953878936,47428,11.6,11,454.3,465.8,11,454.3,0,0.0
1790953879445,47428,11.6,11,454.2,465.8,11,454.2,0,0.0
1790953879949,47428,11.6,11,454.2,465.8,11,454.2,0,0.0
1790953880448,47428,11.6,11,454.2,465.8,11,454.2,0,0.0
1790953880966,47428,11.6,11,454.2,465.8,11,454.2,0,0.0
1790953881488,47428,11.6,11,454.3,465.8,11,454.3,0,0.0
1790953881986,47428,11.6,11,454.2,465.8,11,454.2,0,0.0
1790953882508,47428,11.6,11,454.2,465.8,11,454.2,0,0.0
1790953883025,47428,11.6,11,454.2,465.7,11,454.2,0,0.0
1790953883541,47428,11.6,11,454.2,465.7,11,454.2,0,0.0
1790953884046,47428,11.6,11,454.2,465.7,11,454.2,0,0.0
1790953884554,47428,11.6,11,454.3,465.8,11,454.3,0,0.0
1790953885068,47428,11.6,11,454.4,465.9,11,454.4,0,0.0
1790953885587,47428,11.6,11,454.4,465.9,11,454.4,0,0.0
1790953886095,47428,11.6,11,454.4,465.9,11,454.4,0,0.0
1790953886596,47428,11.6,11,454.4,466.0,11,454.4,0,0.0
1790953887117,47428,11.6,11,454.3,465.8,11,454.3,0,0.0
1790953887630,47428,11.6,11,454.4,465.9,11,454.4,0,0.0
1790953888125,47428,11.6,11,454.4,465.9,11,454.4,0,0.0
1790953888635,47428,11.6,11,454.4,465.9,11,454.4,0,0.0
1790953889134,47428,11.6,11,454.4,465.9,11,454.4,0,0.0
1790953889638,47428,11.6,11,454.4,465.9,11,454.4,0,0.0
1790953890140,47428,11.6,11,454.4,465.9,11,454.4,0,0.0
1790953890657,47428,11.6,11,454.4,465.9,11,454.4,0,0.0
1790953891160,47428,11.6,11,454.3,465.8,11,454.3,0,0.0
1790953891672,47428,11.6,11,454.4,465.9,11,454.4,0,0.0
1790953892191,47428,11.6,11,454.4,465.9,11,454.4,0,0.0
1790953892689,47428,11.6,11,454.4,465.9,11,454.4,0,0.0
1790953893207,47428,11.6,11,454.5,466.0,11,454.5,0,0.0
1790953893716,47428,11.6,11,491.2,502.7,11,491.2,0,0.0
1790953894231,47428,11.6,11,491.1,502.6,11,491.1,0,0.0
1790953894752,47428,11.6,11,491.2,502.9,11,491.2,0,0.0
1790953895262,47428,11.6,11,491.0,502.6,11,491.0,0,0.0
1790953895778,47428,11.6,11,491.0,502.6,11,491.0,0,0.0
1790953896287,47428,11.6,11,491.0,502.6,11,491.0,0,0.0
1790953896799,47428,11.6,11,491.0,502.6,11,491.0,0,0.0
1790953897320,47428,11.6,11,491.0,502.6,11,491.0,0,0.0
1790953897820,47428,11.6,11,489.0,500.6,11,489.0,0,0.0
1790953898334,47428,11.6,11,489.0,500.6,11,489.0,0,0.0
1790953898852,47428,11.6,11,463.7,475.3,11,463.7,0,0.0
1790953899351,47428,11.6,11,463.6,475.3,11,463.6,0,0.0
1790953899870,47428,11.6,11,463.6,475.3,11,463.6,0,0.0
1790953900372,47428,11.6,11,463.6,475.3,11,463.6,0,0.0
1790953900884,47428,11.6,11,463.1,474.8,11,463.1,0,0.0
1790953901385,47428,11.6,11,455.5,467.2,11,455.5,0,0.0
1790953901882,47428,11.6,11,455.5,467.2,11,455.5,0,0.0
1790953902401,47428,11.6,11,459.7,471.3,11,459.7,0,0.0
1790953902901,47428,11.6,11,459.7,471.3,11,459.7,0,0.0
1790953903408,47428,11.6,11,459.3,470.9,11,459.3,0,0.0
1790953903909,47428,11.6,11,459.3,471.0,11,459.3,0,0.0
1790953904423,47428,11.6,11,460.3,472.0,11,460.3,0,0.0
1790953904938,47428,11.6,11,460.3,472.0,11,460.3,0,0.0
1790953905440,47428,11.6,11,458.3,469.9,11,458.3,0,0.0
1790953905940,47428,11.6,11,458.3,469.9,11,458.3,0,0.0
1790953906452,47428,11.6,11,458.3,469.9,11,458.3,0,0.0
1790953906973,47428,11.6,11,458.3,469.9,11,458.3,0,0.0
1790953907486,47428,11.6,11,458.2,469.8,11,458.2,0,0.0
1790953908002,47428,11.6,11,458.2,469.8,11,458.2,0,0.0
1790953908502,47428,11.6,11,458.2,469.8,11,458.2,0,0.0
1790953909022,47428,11.6,11,458.2,469.8,11,458.2,0,0.0
1790953909536,47428,11.6,11,458.2,469.9,11,458.2,0,0.0
1790953910046,47428,11.6,11,454.9,466.5,11,454.9,0,0.0
1790953910570,47428,11.6,11,453.0,464.6,11,453.0,0,0.0
1790953911074,47428,11.6,11,453.0,464.6,11,453.0,0,0.0
1790953911577,47428,11.6,11,453.0,464.6,11,453.0,0,0.0
1790953912082,47428,11.6,11,453.0,464.6,11,453.0,0,0.0
1790953912582,47428,11.6,11,453.0,464.6,11,453.0,0,0.0
1790953913096,47428,11.6,11,452.7,464.3,11,452.7,0,0.0
1790953913608,47428,11.6,11,452.7,464.3,11,452.7,0,0.0
1790953914127,47428,11.6,11,452.7,464.3,11,452.7,0,0.0
1790953914638,47428,11.6,11,452.7,464.3,11,452.7,0,0.0
1790953915156,47428,11.6,11,452.6,464.2,11,452.6,0,0.0
1790953915677,47428,11.6,11,452.7,464.3,11,452.7,0,0.0
1790953916189,47428,11.6,11,452.7,464.3,11,452.7,0,0.0
1790953916698,47428,11.6,11,452.7,464.3,11,452.7,0,0.0
1790953917211,47428,11.6,11,452.7,464.3,11,452.7,0,0.0
1790953917722,47428,11.6,11,452.7,464.3,11,452.7,0,0.0
1790953918224,47428,11.6,11,452.7,464.3,11,452.7,0,0.0
1790953918734,47428,11.6,11,452.7,464.3,11,452.7,0,0.0
1790953919229,47428,11.6,11,452.7,464.3,11,452.7,0,0.0
1790953919733,47428,11.6,11,452.7,464.3,11,452.7,0,0.0
1790953920247,47428,11.6,11,453.4,465.0,11,453.4,0,0.0
1790953920751,47428,11.6,11,453.4,465.0,11,453.4,0,0.0
1790953921249,47428,11.6,11,453.4,465.0,11,453.4,0,0.0
1790953921759,47428,11.6,11,453.4,465.0,11,453.4,0,0.0
1790953922264,47428,11.6,11,453.4,465.0,11,453.4,0,0.0
1790953922767,47428,11.6,11,453.4,465.0,11,453.4,0,0.0
1790953923266,47428,11.6,11,453.3,464.9,11,453.3,0,0.0
1790953923768,47428,11.6,11,454.0,465.6,11,454.0,0,0.0
1790953924289,47428,11.6,11,453.7,465.3,11,453.7,0,0.0
1790953924786,47428,11.6,11,453.8,465.4,11,453.8,0,0.0
1790953925290,47428,11.6,11,453.9,465.5,11,453.9,0,0.0
1790953925798,47428,11.6,11,453.9,465.5,11,453.9,0,0.0
1790953926316,47428,11.6,11,453.9,465.5,11,453.9,0,0.0
1790953926828,47428,11.6,11,453.9,465.5,11,453.9,0,0.0
1790953927345,47428,11.6,11,453.9,465.5,11,453.9,0,0.0
1790953927847,47428,11.6,11,453.9,465.5,11,453.9,0,0.0
1790953928362,47428,11.6,11,453.9,465.5,11,453.9,0,0.0
1790953928867,47428,11.6,11,453.9,465.5,11,453.9,0,0.0
1790953929368,47428,11.6,11,453.9,465.5,11,453.9,0,0.0
1790953929866,47428,11.6,11,453.9,465.5,11,453.9,0,0.0
1790953930370,47428,11.6,11,453.9,465.5,11,453.9,0,0.0
1790953930878,47428,11.6,11,453.9,465.5,11,453.9,0,0.0
1790953931390,47428,11.6,11,453.9,465.5,11,453.9,0,0.0
1790953931912,47428,11.6,11,453.9,465.5,11,453.9,0,0.0
1790953932411,47428,11.6,11,453.9,465.5,11,453.9,0,0.0
1790953932928,47428,11.6,11,453.9,465.5,11,453.9,0,0.0
1790953933434,47428,11.6,11,453.9,465.5,11,453.9,0,0.0
1790953933946,47428,11.6,11,453.9,465.5,11,453.9,0,0.0
1790953934466,47428,11.6,11,453.9,465.5,11,453.9,0,0.0
1790953934967,47428,11.6,11,453.9,465.5,11,453.9,0,0.0
1790953935487,47428,11.6,11,453.9,465.5,11,453.9,0,0.0
1790953936006,47428,11.6,11,453.9,465.5,11,453.9,0,0.0
1790953936514,47428,11.6,11,453.8,465.5,11,453.8,0,0.0
1790953937038,47428,11.6,11,453.8,465.5,11,453.8,0,0.0
1790953937540,47428,11.6,11,453.8,465.5,11,453.8,0,0.0
1790953938039,47428,11.6,11,453.9,465.6,11,453.9,0,0.0
1790953938538,47428,11.6,11,453.9,465.6,11,453.9,0,0.0
1790953939038,47428,11.6,11,453.9,465.6,11,453.9,0,0.0
1790953939546,47428,11.6,11,453.9,465.6,11,453.9,0,0.0
1790953940065,47428,11.6,11,453.9,465.6,11,453.9,0,0.0
1790953940557,47428,11.6,11,453.9,465.6,11,453.9,0,0.0
1790953941080,47428,11.6,11,453.9,465.6,11,453.9,0,0.0
1790953941598,47428,11.6,11,454.0,465.6,11,454.0,0,0.0
1790953942118,47428,11.6,11,454.0,465.6,11,454.0,0,0.0
1790953942633,47428,11.6,11,453.9,465.6,11,453.9,0,0.0
1790953943134,47428,11.6,11,453.5,465.2,11,453.5,0,0.0
1790953943636,47428,11.6,11,453.6,465.2,11,453.6,0,0.0
1790953944142,47428,11.6,11,453.6,465.2,11,453.6,0,0.0
1790953944655,47428,11.6,11,453.8,465.4,11,453.8,0,0.0
1790953945179,47428,11.6,11,453.8,465.4,11,453.8,0,0.0
1790953945689,47428,11.6,11,453.8,465.4,11,453.8,0,0.0
1790953946210,47428,11.6,11,453.8,465.4,11,453.8,0,0.0
1790953946723,47428,11.6,11,453.8,465.5,11,453.8,0,0.0
1790953947246,47428,11.6,11,453.8,465.4,11,453.8,0,0.0
1790953947747,47428,11.6,11,453.8,465.4,11,453.8,0,0.0
1790953948258,47428,11.6,11,453.8,465.4,11,453.8,0,0.0
1790953948758,47428,11.6,11,453.8,465.4,11,453.8,0,0.0
1790953949272,47428,11.6,11,453.8,465.4,11,453.8,0,0.0
1790953949771,47428,11.6,11,453.8,465.4,11,453.8,0,0.0
1790953950291,47428,11.6,11,453.8,465.4,11,453.8,0,0.0
1790953950792,47428,11.6,11,453.8,465.4,11,453.8,0,0.0
1790953951296,47428,11.6,11,453.8,465.4,11,453.8,0,0.0
1790953951813,47428,11.6,11,453.8,465.4,11,453.8,0,0.0
1790953952314,47428,11.6,11,453.8,465.5,11,453.8,0,0.0
1790953952824,47428,11.6,11,453.8,465.5,11,453.8,0,0.0
1790953953325,47428,11.6,11,476.4,488.0,11,476.4,0,0.0
1790953953843,47428,11.6,11,491.0,502.7,11,491.0,0,0.0
