ts_ms,host_pid,host_private_mb,wv_count,wv_private_mb,total_private_mb,widget_count,widget_private_mb,renderer_count,renderer_private_mb,renderer_udf_mb,renderer_udf_files
1790957827664,26304,3.7,0,0.0,3.7,0,0.0,0,0.0,0.00,0
1790957829675,26304,10.6,11,526.2,536.8,11,526.2,0,0.0,0.00,0
1790957831690,26304,10.6,11,528.8,539.5,11,528.8,0,0.0,0.00,0
1790957833703,26304,10.6,11,504.5,515.2,11,504.5,0,0.0,0.00,0
1790957835704,26304,10.6,11,502.6,513.2,11,502.6,0,0.0,0.00,0
1790957837707,26304,10.6,11,442.7,453.3,11,442.7,0,0.0,0.00,0
1790957839712,26304,10.6,11,433.8,444.4,11,433.8,0,0.0,0.00,0
1790957841714,26304,10.6,11,434.0,444.6,11,434.0,0,0.0,0.00,0
1790957843729,26304,10.6,11,434.5,445.1,11,434.5,0,0.0,0.00,0
1790957845738,26304,10.6,11,434.8,445.4,11,434.8,0,0.0,0.00,0
1790957847738,26304,10.6,11,435.9,446.5,11,435.9,0,0.0,0.00,0
1790957849750,26304,10.6,11,436.2,446.9,11,436.2,0,0.0,0.00,0
1790957851764,26304,10.6,11,437.4,448.1,11,437.4,0,0.0,0.00,0
1790957853766,26304,10.6,11,438.1,448.7,11,438.1,0,0.0,0.00,0
1790957855774,26304,10.6,11,438.4,449.0,11,438.4,0,0.0,0.00,0
1790957857779,26304,10.3,11,439.6,449.9,11,439.6,0,0.0,0.00,0
1790957859780,26304,10.3,11,442.0,452.3,11,442.0,0,0.0,0.00,0
1790957861788,26304,10.3,11,442.0,452.2,11,442.0,0,0.0,0.00,0
1790957863794,26304,10.3,11,442.5,452.8,11,442.5,0,0.0,0.00,0
1790957865816,26304,10.3,11,442.6,452.9,11,442.6,0,0.0,0.00,0
1790957867825,26304,10.3,11,446.8,457.1,11,446.8,0,0.0,0.00,0
1790957869838,26304,10.3,11,451.6,461.8,11,451.6,0,0.0,0.00,0
1790957871847,26304,10.3,11,444.3,454.6,11,444.3,0,0.0,0.00,0
1790957873869,26304,10.3,11,444.4,454.7,11,444.4,0,0.0,0.00,0
1790957875871,26304,10.3,11,444.7,455.0,11,444.7,0,0.0,0.00,0
1790957877885,26304,10.3,11,445.0,455.3,11,445.0,0,0.0,0.00,0
1790957879890,26304,10.3,11,445.4,455.7,11,445.4,0,0.0,0.00,0
1790957881906,26304,10.3,11,445.9,456.2,11,445.9,0,0.0,0.00,0
1790957883907,26304,10.3,11,446.2,456.5,11,446.2,0,0.0,0.00,0
1790957885916,26304,10.3,11,446.6,456.9,11,446.6,0,0.0,0.00,0
1790957887922,26304,10.3,11,446.3,456.6,11,446.3,0,0.0,0.00,0
1790957889922,26304,10.3,11,482.7,493.0,11,482.7,0,0.0,0.00,0
1790957891936,26304,10.3,11,484.5,494.8,11,484.5,0,0.0,0.00,0
1790957893948,26304,10.3,11,456.5,466.7,11,456.5,0,0.0,0.00,0
1790957895955,26304,10.2,11,456.6,466.8,11,456.6,0,0.0,0.00,0
1790957897971,26304,10.2,11,448.8,459.0,11,448.8,0,0.0,0.00,0
1790957899987,26304,10.2,11,448.0,458.2,11,448.0,0,0.0,0.00,0
1790957901992,26304,10.2,11,448.3,458.5,11,448.3,0,0.0,0.00,0
1790957903997,26304,10.2,11,448.2,458.4,11,448.2,0,0.0,0.00,0
1790957906008,26304,10.2,11,448.0,458.3,11,448.0,0,0.0,0.00,0
1790957908017,26304,10.2,11,448.0,458.3,11,448.0,0,0.0,0.00,0
1790957910026,26304,10.2,11,448.3,458.5,11,448.3,0,0.0,0.00,0
1790957912042,26304,10.2,11,447.8,458.0,11,447.8,0,0.0,0.00,0
1790957914044,26304,10.2,11,447.9,458.1,11,447.9,0,0.0,0.00,0
1790957916050,26304,10.2,11,448.2,458.5,11,448.2,0,0.0,0.00,0
1790957918063,26304,10.2,11,448.7,458.9,11,448.7,0,0.0,0.00,0
1790957920073,26304,10.2,11,448.6,458.8,11,448.6,0,0.0,0.00,0
1790957922077,26304,10.2,11,448.6,458.8,11,448.6,0,0.0,0.00,0
1790957924080,26304,10.2,11,448.2,458.5,11,448.2,0,0.0,0.00,0
1790957926092,26304,10.2,11,448.3,458.5,11,448.3,0,0.0,0.00,0
1790957928098,26304,10.2,11,448.0,458.2,11,448.0,0,0.0,0.00,0
1790957930122,26304,10.2,11,448.0,458.2,11,448.0,0,0.0,0.00,0
1790957932121,26304,10.2,11,453.8,464.0,11,453.8,0,0.0,0.00,0
1790957934137,26304,10.2,11,452.0,462.2,11,452.0,0,0.0,0.00,0
1790957936151,26304,10.2,11,452.3,462.5,11,452.3,0,0.0,0.00,0
1790957938160,26304,10.2,11,452.1,462.4,11,452.1,0,0.0,0.00,0
1790957940169,26304,10.2,11,448.4,458.6,11,448.4,0,0.0,0.00,0
1790957942182,26304,10.2,11,447.9,458.2,11,447.9,0,0.0,0.00,0
1790957944193,26304,10.2,11,447.7,457.9,11,447.7,0,0.0,0.00,0
1790957946212,26304,10.2,11,455.4,465.7,11,455.4,0,0.0,0.00,0
1790957948216,26304,10.2,11,476.4,486.6,11,476.4,0,0.0,0.00,0
1790957950221,26304,10.2,11,490.2,500.4,11,490.2,0,0.0,0.00,0
1790957952221,26304,10.2,11,489.8,500.0,11,489.8,0,0.0,0.00,0
1790957954225,26304,10.2,11,463.9,474.1,11,463.9,0,0.0,0.00,0
1790957956235,26304,10.2,11,463.6,473.8,11,463.6,0,0.0,0.00,0
1790957958255,26304,10.2,11,455.6,465.8,11,455.6,0,0.0,0.00,0
1790957960257,26304,10.2,11,449.4,459.6,11,449.4,0,0.0,0.00,0
1790957962261,26304,10.1,11,447.3,457.4,11,447.3,0,0.0,0.00,0
1790957964264,26304,10.1,11,447.4,457.5,11,447.4,0,0.0,0.00,0
1790957966272,26304,10.1,11,447.4,457.5,11,447.4,0,0.0,0.00,0
1790957968275,26304,10.1,11,447.4,457.5,11,447.4,0,0.0,0.00,0
1790957970293,26304,10.1,11,447.4,457.5,11,447.4,0,0.0,0.00,0
1790957972294,26304,10.1,11,448.2,458.3,11,448.2,0,0.0,0.00,0
1790957974306,26304,10.1,11,448.4,458.5,11,448.4,0,0.0,0.00,0
1790957976311,26304,10.1,11,448.4,458.5,11,448.4,0,0.0,0.00,0
1790957978318,26304,10.1,11,448.4,458.5,11,448.4,0,0.0,0.00,0
1790957980320,26304,10.1,11,448.5,458.6,11,448.5,0,0.0,0.00,0
1790957982327,26304,10.1,11,448.2,458.3,11,448.2,0,0.0,0.00,0
1790957984339,26304,10.1,11,448.3,458.4,11,448.3,0,0.0,0.00,0
1790957986344,26304,10.1,11,448.3,458.4,11,448.3,0,0.0,0.00,0
1790957988359,26304,10.1,11,448.3,458.4,11,448.3,0,0.0,0.00,0
1790957990359,26304,10.1,11,448.5,458.6,11,448.5,0,0.0,0.00,0
1790957992370,26304,10.1,11,449.1,459.2,11,449.1,0,0.0,0.00,0
1790957994376,26304,10.1,11,449.1,459.2,11,449.1,0,0.0,0.00,0
1790957996389,26304,10.1,11,449.3,459.4,11,449.3,0,0.0,0.00,0
1790957998404,26304,10.1,11,449.3,459.4,11,449.3,0,0.0,0.00,0
1790958000407,26304,10.1,11,449.4,459.5,11,449.4,0,0.0,0.00,0
1790958002410,26304,10.1,11,449.4,459.5,11,449.4,0,0.0,0.00,0
1790958004424,26304,10.1,11,448.8,458.9,11,448.8,0,0.0,0.00,0
1790958006439,26304,10.1,11,449.0,459.1,11,449.0,0,0.0,0.00,0
1790958008446,26304,10.1,11,471.7,481.9,11,471.7,0,0.0,0.00,0
1790958010447,26304,10.1,11,484.7,494.8,11,484.7,0,0.0,0.00,0
1790958012458,26304,10.1,11,485.2,495.3,11,485.2,0,0.0,0.00,0
1790958014456,26304,10.1,11,465.6,475.7,11,465.6,0,0.0,0.00,0
1790958016457,26304,10.1,11,450.8,460.9,11,450.8,0,0.0,0.00,0
1790958018457,26304,10.1,11,449.6,459.7,11,449.6,0,0.0,0.00,0
1790958020468,26304,10.1,11,448.3,458.4,11,448.3,0,0.0,0.00,0
1790958022494,26304,10.1,11,448.5,458.6,11,448.5,0,0.0,0.00,0
1790958024510,26304,10.1,11,448.4,458.6,11,448.4,0,0.0,0.00,0
1790958026515,26304,10.1,11,448.5,458.7,11,448.5,0,0.0,0.00,0
1790958028532,26304,10.1,11,448.4,458.5,11,448.4,0,0.0,0.00,0
1790958030561,26304,10.1,11,448.3,458.4,11,448.3,0,0.0,0.00,0
1790958032561,26304,10.1,11,448.2,458.3,11,448.2,0,0.0,0.00,0
1790958034568,26304,10.1,11,454.1,464.2,11,454.1,0,0.0,0.00,0
1790958036576,26304,10.1,11,451.8,461.9,11,451.8,0,0.0,0.00,0
1790958038592,26304,10.1,11,451.4,461.5,11,451.4,0,0.0,0.00,0
1790958040596,26304,10.1,11,451.4,461.5,11,451.4,0,0.0,0.00,0
1790958042607,26304,10.1,11,447.2,457.3,11,447.2,0,0.0,0.00,0
1790958044610,26304,10.1,11,446.9,457.1,11,446.9,0,0.0,0.00,0
1790958046622,26304,10.1,11,447.0,457.2,11,447.0,0,0.0,0.00,0
1790958048629,26304,10.1,11,447.0,457.1,11,447.0,0,0.0,0.00,0
1790958050645,26304,10.1,11,447.1,457.2,11,447.1,0,0.0,0.00,0
1790958052653,26304,10.1,11,447.8,458.0,11,447.8,0,0.0,0.00,0
1790958054657,26304,10.1,11,448.0,458.1,11,448.0,0,0.0,0.00,0
1790958056662,26304,10.1,11,448.8,458.9,11,448.8,0,0.0,0.00,0
1790958058666,26304,10.1,11,448.9,459.0,11,448.9,0,0.0,0.00,0
1790958060685,26304,10.1,11,448.6,458.7,11,448.6,0,0.0,0.00,0
1790958062689,26304,10.1,11,448.7,458.8,11,448.7,0,0.0,0.00,0
1790958064706,26304,10.1,11,448.6,458.7,11,448.6,0,0.0,0.00,0
1790958066717,26304,10.1,11,448.7,458.8,11,448.7,0,0.0,0.00,0
1790958068736,26304,10.1,11,484.6,494.7,11,484.6,0,0.0,0.00,0
1790958070742,26304,10.1,11,484.6,494.7,11,484.6,0,0.0,0.00,0
1790958072744,26304,10.1,11,467.1,477.2,11,467.1,0,0.0,0.00,0
1790958074742,26304,10.1,11,463.6,473.7,11,463.6,0,0.0,0.00,0
1790958076755,26304,10.1,11,449.0,459.1,11,449.0,0,0.0,0.00,0
1790958078766,26304,10.1,11,449.2,459.3,11,449.2,0,0.0,0.00,0
1790958080784,26304,10.1,11,449.1,459.2,11,449.1,0,0.0,0.00,0
1790958082809,26304,10.1,11,449.2,459.4,11,449.2,0,0.0,0.00,0
1790958084808,26304,10.1,11,449.7,459.8,11,449.7,0,0.0,0.00,0
1790958086817,26304,10.1,11,449.8,459.9,11,449.8,0,0.0,0.00,0
1790958088829,26304,10.1,11,450.1,460.2,11,450.1,0,0.0,0.00,0
1790958090837,26304,10.1,11,450.2,460.3,11,450.2,0,0.0,0.00,0
1790958092838,26304,10.1,11,449.5,459.6,11,449.5,0,0.0,0.00,0
1790958094846,26304,10.1,11,450.3,460.5,11,450.3,0,0.0,0.00,0
1790958096867,26304,10.1,11,450.3,460.4,11,450.3,0,0.0,0.00,0
1790958098869,26304,10.1,11,450.5,460.6,11,450.5,0,0.0,0.00,0
1790958100875,26304,10.1,11,450.3,460.4,11,450.3,0,0.0,0.00,0
1790958102882,26304,10.1,11,450.4,460.5,11,450.4,0,0.0,0.00,0
1790958104895,26304,10.1,11,450.2,460.4,11,450.2,0,0.0,0.00,0
1790958106892,26304,10.1,11,449.6,459.7,11,449.6,0,0.0,0.00,0
1790958108905,26304,10.1,11,449.5,459.6,11,449.5,0,0.0,0.00,0
1790958110909,26304,10.1,11,449.6,459.7,11,449.6,0,0.0,0.00,0
1790958112911,26304,10.1,11,449.5,459.6,11,449.5,0,0.0,0.00,0
1790958114918,26304,10.1,11,449.6,459.7,11,449.6,0,0.0,0.00,0
1790958116927,26304,10.1,11,449.5,459.6,11,449.5,0,0.0,0.00,0
1790958118938,26304,10.1,11,449.7,459.9,11,449.7,0,0.0,0.00,0
1790958120949,26304,10.1,11,450.0,460.1,11,450.0,0,0.0,0.00,0
1790958122954,26304,10.1,11,450.0,460.2,11,450.0,0,0.0,0.00,0
1790958124954,26304,10.1,11,449.8,459.9,11,449.8,0,0.0,0.00,0
1790958126959,26304,10.1,11,450.1,460.2,11,450.1,0,0.0,0.00,0
1790958128981,26304,11.4,17,762.3,773.6,11,487.7,6,274.5,9.86,148
1790958130976,26304,11.3,11,489.2,500.5,11,489.2,0,0.0,9.86,148
1790958132978,26304,11.3,11,459.9,471.2,11,459.9,0,0.0,9.86,148
1790958134983,26304,11.3,11,460.0,471.3,11,460.0,0,0.0,9.86,148
1790958136998,26304,11.3,11,460.5,471.8,11,460.5,0,0.0,9.86,148
1790958138998,26304,11.3,11,458.3,469.6,11,458.3,0,0.0,9.86,148
1790958141006,26304,11.3,11,457.3,468.6,11,457.3,0,0.0,9.86,148
1790958143014,26304,11.3,11,457.5,468.8,11,457.5,0,0.0,9.86,148
1790958145025,26304,11.3,11,451.2,462.6,11,451.2,0,0.0,9.86,148
1790958147042,26304,11.3,11,451.3,462.6,11,451.3,0,0.0,9.86,148
1790958149050,26304,11.3,11,450.2,461.5,11,450.2,0,0.0,9.86,148
1790958151066,26304,11.3,11,450.3,461.6,11,450.3,0,0.0,9.86,148
1790958153067,26304,11.3,11,450.2,461.5,11,450.2,0,0.0,9.86,148
1790958155086,26304,11.3,11,451.0,462.3,11,451.0,0,0.0,9.86,148
1790958157096,26304,11.3,11,450.9,462.2,11,450.9,0,0.0,9.86,148
1790958159121,26304,11.3,11,451.9,463.2,11,451.9,0,0.0,9.86,148
1790958161125,26304,11.3,11,451.8,463.1,11,451.8,0,0.0,9.86,148
1790958163136,26304,11.3,11,452.0,463.3,11,452.0,0,0.0,9.86,148
1790958165147,26304,11.3,11,451.8,463.1,11,451.8,0,0.0,9.86,148
1790958167161,26304,11.3,11,451.7,463.0,11,451.7,0,0.0,9.86,148
1790958169167,26304,11.3,11,451.6,462.9,11,451.6,0,0.0,9.86,148
1790958171173,26304,11.3,11,451.6,463.0,11,451.6,0,0.0,9.86,148
1790958173182,26304,11.3,11,451.6,462.9,11,451.6,0,0.0,9.86,148
1790958175190,26304,11.3,11,451.7,463.0,11,451.7,0,0.0,9.86,148
1790958177194,26304,11.3,11,451.6,462.9,11,451.6,0,0.0,9.86,148
1790958179207,26304,11.3,11,451.8,463.1,11,451.8,0,0.0,9.86,148
1790958181220,26304,11.3,11,451.8,463.1,11,451.8,0,0.0,9.86,148
1790958183243,26304,11.3,11,451.8,463.1,11,451.8,0,0.0,9.86,148
1790958185255,26304,11.3,11,451.8,463.1,11,451.8,0,0.0,9.86,148
1790958187278,26304,11.3,11,451.9,463.2,11,451.9,0,0.0,9.86,148
1790958189292,26304,11.4,11,490.0,501.4,11,490.0,0,0.0,9.86,148
1790958191302,26304,11.4,11,490.0,501.4,11,490.0,0,0.0,9.86,148
1790958193308,26304,11.4,11,458.8,470.2,11,458.8,0,0.0,9.86,148
1790958195314,26304,11.4,11,458.8,470.2,11,458.8,0,0.0,9.86,148
1790958197326,26304,11.4,11,452.6,464.0,11,452.6,0,0.0,9.86,148
1790958199337,26304,11.4,11,452.6,464.0,11,452.6,0,0.0,9.86,148
1790958201340,26304,11.4,11,452.2,463.6,11,452.2,0,0.0,9.86,148
1790958203345,26304,11.4,11,452.2,463.6,11,452.2,0,0.0,9.86,148
1790958205374,26304,11.4,11,452.2,463.6,11,452.2,0,0.0,9.86,148
1790958207380,26304,11.4,11,452.5,463.9,11,452.5,0,0.0,9.86,148
1790958209387,26304,11.4,11,451.9,463.3,11,451.9,0,0.0,9.86,148
1790958211414,26304,11.4,11,451.9,463.3,11,451.9,0,0.0,9.86,148
1790958213430,26304,11.4,11,451.7,463.1,11,451.7,0,0.0,9.86,148
1790958215445,26304,11.4,11,451.7,463.1,11,451.7,0,0.0,9.86,148
1790958217446,26304,11.4,11,451.6,463.0,11,451.6,0,0.0,9.86,148
1790958219460,26304,11.4,11,451.6,463.0,11,451.6,0,0.0,9.86,148
1790958221467,26304,11.4,11,451.8,463.2,11,451.8,0,0.0,9.86,148
1790958223488,26304,11.4,11,451.8,463.2,11,451.8,0,0.0,9.86,148
1790958225504,26304,11.4,11,451.8,463.2,11,451.8,0,0.0,9.86,148
1790958227510,26304,11.4,11,451.8,463.2,11,451.8,0,0.0,9.86,148
1790958229517,26304,11.4,11,451.9,463.3,11,451.9,0,0.0,9.86,148
1790958231521,26304,11.3,11,451.2,462.5,11,451.2,0,0.0,9.86,148
1790958233525,26304,11.3,11,451.2,462.5,11,451.2,0,0.0,9.86,148
1790958235527,26304,11.3,11,451.2,462.6,11,451.2,0,0.0,9.86,148
1790958237535,26304,11.3,11,451.2,462.6,11,451.2,0,0.0,9.86,148
1790958239552,26304,11.3,11,456.8,468.1,11,456.8,0,0.0,9.86,148
1790958241560,26304,11.3,11,454.6,466.0,11,454.6,0,0.0,9.86,148
1790958243562,26304,11.3,11,454.6,466.0,11,454.6,0,0.0,9.86,148
1790958245589,26304,11.3,11,454.1,465.4,11,454.1,0,0.0,9.86,148
1790958247606,26304,11.3,11,450.6,461.9,11,450.6,0,0.0,9.86,148
1790958249613,26304,11.3,11,487.3,498.7,11,487.3,0,0.0,9.86,148
1790958251632,26304,11.3,11,487.4,498.7,11,487.4,0,0.0,9.86,148
1790958253645,26304,11.3,11,457.6,468.9,11,457.6,0,0.0,9.86,148
1790958255648,26304,11.3,11,457.7,469.1,11,457.7,0,0.0,9.86,148
1790958257662,26304,11.3,11,451.4,462.7,11,451.4,0,0.0,9.86,148
1790958259670,26304,11.3,11,451.7,463.0,11,451.7,0,0.0,9.86,148
1790958261691,26304,11.3,11,451.8,463.1,11,451.8,0,0.0,9.86,148
1790958263688,26304,11.3,11,451.8,463.1,11,451.8,0,0.0,9.86,148
1790958265692,26304,11.3,11,451.7,463.1,11,451.7,0,0.0,9.86,148
1790958267706,26304,11.3,11,451.8,463.1,11,451.8,0,0.0,9.86,148
1790958269713,26304,11.3,11,451.8,463.1,11,451.8,0,0.0,9.86,148
1790958271717,26304,11.3,11,451.8,463.1,11,451.8,0,0.0,9.86,148
1790958273727,26304,11.3,11,451.7,463.1,11,451.7,0,0.0,9.86,148
1790958275734,26304,11.3,11,451.7,463.1,11,451.7,0,0.0,9.86,148
1790958277732,26304,11.3,11,451.8,463.1,11,451.8,0,0.0,9.86,148
1790958279745,26304,11.3,11,451.6,462.9,11,451.6,0,0.0,9.86,148
1790958281750,26304,11.3,11,451.7,463.1,11,451.7,0,0.0,9.86,148
1790958283771,26304,11.3,11,451.8,463.1,11,451.8,0,0.0,9.86,148
1790958285780,26304,11.3,11,451.8,463.2,11,451.8,0,0.0,9.86,148
1790958287785,26304,11.3,11,451.9,463.3,11,451.9,0,0.0,9.86,148
1790958289795,26304,11.3,11,451.9,463.2,11,451.9,0,0.0,9.86,148
1790958291803,26304,11.3,11,451.9,463.2,11,451.9,0,0.0,9.86,148
1790958293823,26304,11.3,11,451.9,463.2,11,451.9,0,0.0,9.86,148
1790958295839,26304,11.3,11,452.0,463.3,11,452.0,0,0.0,9.86,148
1790958297841,26304,11.2,11,451.8,463.1,11,451.8,0,0.0,9.86,148
1790958299855,26304,11.2,11,452.5,463.8,11,452.5,0,0.0,9.86,148
1790958301868,26304,11.2,11,452.8,464.0,11,452.8,0,0.0,9.86,148
1790958303881,26304,11.2,11,453.1,464.3,11,453.1,0,0.0,9.86,148
1790958305878,26304,11.2,11,453.0,464.3,11,453.0,0,0.0,9.86,148
1790958307890,26304,11.2,11,453.1,464.3,11,453.1,0,0.0,9.86,148
1790958309911,26304,11.2,11,488.4,499.6,11,488.4,0,0.0,9.86,148
1790958311921,26304,11.2,11,488.3,499.5,11,488.3,0,0.0,9.86,148
1790958313941,26304,11.2,11,458.8,470.1,11,458.8,0,0.0,9.86,148
1790958315956,26304,11.2,11,458.8,470.0,11,458.8,0,0.0,9.86,148
1790958317965,26304,11.2,11,451.4,462.6,11,451.4,0,0.0,9.86,148
1790958319985,26304,11.2,11,452.2,463.4,11,452.2,0,0.0,9.86,148
1790958321991,26304,11.2,11,452.1,463.4,11,452.1,0,0.0,9.86,148
1790958324010,26304,11.2,11,452.4,463.7,11,452.4,0,0.0,9.86,148
1790958326013,26304,11.2,11,452.4,463.7,11,452.4,0,0.0,9.86,148
1790958328021,26304,11.2,11,452.4,463.7,11,452.4,0,0.0,9.86,148
1790958330022,26304,11.2,11,452.5,463.8,11,452.5,0,0.0,9.86,148
1790958332041,26304,11.2,11,452.6,463.9,11,452.6,0,0.0,9.86,148
1790958334049,26304,11.2,11,452.6,463.9,11,452.6,0,0.0,9.86,148
1790958336068,26304,11.2,11,452.6,463.9,11,452.6,0,0.0,9.86,148
1790958338079,26304,11.2,11,452.7,463.9,11,452.7,0,0.0,9.86,148
1790958340083,26304,11.2,11,453.5,464.8,11,453.5,0,0.0,9.86,148
1790958342092,26304,11.2,11,459.1,470.4,11,459.1,0,0.0,9.86,148
1790958344110,26304,11.2,11,457.2,468.5,11,457.2,0,0.0,9.86,148
1790958346135,26304,11.2,11,457.0,468.3,11,457.0,0,0.0,9.86,148
1790958348139,26304,11.2,11,457.0,468.2,11,457.0,0,0.0,9.86,148
1790958350155,26304,11.2,11,452.3,463.6,11,452.3,0,0.0,9.86,148
1790958352163,26304,11.2,11,452.4,463.6,11,452.4,0,0.0,9.86,148
1790958354169,26304,11.2,11,451.8,463.0,11,451.8,0,0.0,9.86,148
1790958356170,26304,11.2,11,451.8,463.0,11,451.8,0,0.0,9.86,148
1790958358194,26304,11.2,11,451.6,462.8,11,451.6,0,0.0,9.86,148
1790958360194,26304,11.2,11,452.4,463.7,11,452.4,0,0.0,9.86,148
1790958362201,26304,11.2,11,453.2,464.4,11,453.2,0,0.0,9.86,148
1790958364204,26304,11.2,11,453.2,464.5,11,453.2,0,0.0,9.86,148
1790958366209,26304,11.2,11,453.2,464.5,11,453.2,0,0.0,9.86,148
1790958368223,26304,11.2,11,476.5,487.8,11,476.5,0,0.0,9.86,148
1790958370222,26304,11.2,11,491.8,503.1,11,491.8,0,0.0,9.86,148
1790958372242,26304,11.2,11,491.8,503.0,11,491.8,0,0.0,9.86,148
1790958374255,26304,11.2,11,461.3,472.6,11,461.3,0,0.0,9.86,148
1790958376263,26304,11.2,11,454.1,465.3,11,454.1,0,0.0,9.86,148
1790958378275,26304,11.2,11,454.1,465.3,11,454.1,0,0.0,9.86,148
1790958380290,26304,11.2,11,453.6,464.8,11,453.6,0,0.0,9.86,148
1790958382308,26304,11.2,11,453.6,464.9,11,453.6,0,0.0,9.86,148
1790958384324,26304,11.2,11,453.5,464.8,11,453.5,0,0.0,9.86,148
1790958386328,26304,11.2,11,453.5,464.8,11,453.5,0,0.0,9.86,148
1790958388338,26304,11.2,11,453.5,464.8,11,453.5,0,0.0,9.86,148
1790958390341,26304,11.2,11,453.1,464.4,11,453.1,0,0.0,9.86,148
1790958392347,26304,11.2,11,453.3,464.5,11,453.3,0,0.0,9.86,148
1790958394351,26304,11.2,11,453.3,464.6,11,453.3,0,0.0,9.86,148
1790958396353,26304,11.2,11,453.3,464.6,11,453.3,0,0.0,9.86,148
1790958398358,26304,11.2,11,453.2,464.5,11,453.2,0,0.0,9.86,148
1790958400362,26304,11.2,11,453.3,464.6,11,453.3,0,0.0,9.86,148
1790958402387,26304,11.2,11,454.0,465.3,11,454.0,0,0.0,9.86,148
1790958404399,26304,11.2,11,454.1,465.4,11,454.1,0,0.0,9.86,148
1790958406405,26304,11.2,11,454.2,465.5,11,454.2,0,0.0,9.86,148
1790958408424,26304,11.2,11,454.2,465.5,11,454.2,0,0.0,9.86,148
1790958410425,26304,11.2,11,454.3,465.6,11,454.3,0,0.0,9.86,148
1790958412446,26304,11.2,11,454.3,465.6,11,454.3,0,0.0,9.86,148
1790958414465,26304,11.2,11,453.8,465.0,11,453.8,0,0.0,9.86,148
1790958416472,26304,11.2,11,453.8,465.0,11,453.8,0,0.0,9.86,148
1790958418473,26304,11.2,11,453.8,465.0,11,453.8,0,0.0,9.86,148
1790958420484,26304,11.2,11,453.8,465.0,11,453.8,0,0.0,9.86,148
1790958422495,26304,11.2,11,453.6,464.8,11,453.6,0,0.0,9.86,148
1790958424495,26304,11.2,11,453.6,464.8,11,453.6,0,0.0,9.86,148
1790958426500,26304,11.2,11,453.9,465.1,11,453.9,0,0.0,9.86,148
1790958428506,26304,11.3,11,478.0,489.3,11,478.0,0,0.0,9.86,148
1790958430510,26304,11.3,11,497.0,508.3,11,497.0,0,0.0,9.86,148
1790958432525,26304,11.3,11,492.7,504.0,11,492.7,0,0.0,9.86,148
1790958434534,26304,11.3,11,464.3,475.6,11,464.3,0,0.0,9.86,148
1790958436535,26304,11.3,11,457.8,469.1,11,457.8,0,0.0,9.86,148
1790958438548,26304,11.3,11,457.4,468.7,11,457.4,0,0.0,9.86,148
1790958440571,26304,11.3,11,457.1,468.4,11,457.1,0,0.0,9.86,148
1790958442570,26304,11.3,11,456.9,468.2,11,456.9,0,0.0,9.86,148
1790958444589,26304,11.3,11,462.4,473.7,11,462.4,0,0.0,9.86,148
1790958446599,26304,11.3,11,459.6,470.9,11,459.6,0,0.0,9.86,148
1790958448605,26304,11.3,11,459.5,470.8,11,459.5,0,0.0,9.86,148
1790958450602,26304,11.3,11,458.9,470.2,11,458.9,0,0.0,9.86,148
1790958452616,26304,11.3,11,454.5,465.8,11,454.5,0,0.0,9.86,148
1790958454632,26304,11.3,11,454.4,465.7,11,454.4,0,0.0,9.86,148
1790958456633,26304,11.3,11,454.4,465.7,11,454.4,0,0.0,9.86,148
1790958458638,26304,11.3,11,454.4,465.7,11,454.4,0,0.0,9.86,148
1790958460641,26304,11.3,11,454.5,465.8,11,454.5,0,0.0,9.86,148
1790958462659,26304,11.3,11,455.2,466.6,11,455.2,0,0.0,9.86,148
1790958464666,26304,11.3,11,456.0,467.3,11,456.0,0,0.0,9.86,148
1790958466673,26304,11.3,11,455.8,467.1,11,455.8,0,0.0,9.86,148
1790958468674,26304,11.3,11,455.6,466.9,11,455.6,0,0.0,9.86,148
1790958470681,26304,11.3,11,455.8,467.2,11,455.8,0,0.0,9.86,148
1790958472686,26304,11.3,11,455.7,467.0,11,455.7,0,0.0,9.86,148
1790958474691,26304,11.3,11,455.8,467.2,11,455.8,0,0.0,9.86,148
1790958476698,26304,11.3,11,455.4,466.7,11,455.4,0,0.0,9.86,148
1790958478701,26304,11.3,11,455.5,466.8,11,455.5,0,0.0,9.86,148
1790958480707,26304,11.3,11,455.5,466.8,11,455.5,0,0.0,9.86,148
1790958482722,26304,11.3,11,455.7,467.0,11,455.7,0,0.0,9.86,148
1790958484732,26304,11.3,11,455.6,466.9,11,455.6,0,0.0,9.86,148
1790958486740,26304,11.3,11,455.9,467.2,11,455.9,0,0.0,9.86,148
1790958488759,26304,11.3,11,494.2,505.5,11,494.2,0,0.0,9.86,148
1790958490762,26304,11.3,11,494.6,505.9,11,494.6,0,0.0,9.86,148
1790958492770,26304,11.3,11,477.0,488.3,11,477.0,0,0.0,9.86,148
1790958494782,26304,11.3,11,465.8,477.1,11,465.8,0,0.0,9.86,148
1790958496787,26304,11.3,11,457.5,468.8,11,457.5,0,0.0,9.86,148
1790958498787,26304,11.2,11,456.6,467.8,11,456.6,0,0.0,9.86,148
1790958500788,26304,11.2,11,455.0,466.3,11,455.0,0,0.0,9.86,148
1790958502790,26304,11.2,11,455.1,466.4,11,455.1,0,0.0,9.86,148
1790958504797,26304,11.2,11,456.0,467.2,11,456.0,0,0.0,9.86,148
1790958506806,26304,11.2,11,456.2,467.4,11,456.2,0,0.0,9.86,148
1790958508820,26304,11.2,11,456.1,467.4,11,456.1,0,0.0,9.86,148
1790958510834,26304,11.2,11,456.2,467.5,11,456.2,0,0.0,9.86,148
1790958512841,26304,11.2,11,456.2,467.4,11,456.2,0,0.0,9.86,148
1790958514846,26304,11.2,11,456.3,467.5,11,456.3,0,0.0,9.86,148
1790958516864,26304,11.2,11,456.1,467.4,11,456.1,0,0.0,9.86,148
1790958518879,26304,11.2,11,456.2,467.4,11,456.2,0,0.0,9.86,148
1790958520879,26304,11.2,11,455.4,466.6,11,455.4,0,0.0,9.86,148
1790958522897,26304,11.2,11,455.4,466.7,11,455.4,0,0.0,9.86,148
1790958524901,26304,11.2,11,455.4,466.6,11,455.4,0,0.0,9.86,148
1790958526909,26304,11.2,11,455.4,466.7,11,455.4,0,0.0,9.86,148
1790958528914,26304,11.2,11,455.5,466.7,11,455.5,0,0.0,9.86,148
1790958530928,26304,11.2,11,455.6,466.8,11,455.6,0,0.0,9.86,148
1790958532942,26304,11.2,11,455.8,467.0,11,455.8,0,0.0,9.86,148
1790958534944,26304,11.2,11,455.9,467.1,11,455.9,0,0.0,9.86,148
1790958536960,26304,11.2,11,455.6,466.9,11,455.6,0,0.0,9.86,148
1790958538968,26304,11.2,11,455.7,466.9,11,455.7,0,0.0,9.86,148
1790958541014,26304,11.2,11,455.1,466.4,11,455.1,0,0.0,9.86,148
1790958542998,26304,11.2,11,455.3,466.5,11,455.3,0,0.0,9.86,148
1790958545009,26304,11.2,11,455.2,466.4,11,455.2,0,0.0,9.86,148
1790958547020,26304,11.2,11,460.9,472.2,11,460.9,0,0.0,9.86,148
1790958549024,26304,11.2,11,495.4,506.6,11,495.4,0,0.0,9.86,148
1790958551024,26304,11.2,11,495.7,507.0,11,495.7,0,0.0,9.86,148
1790958553038,26304,11.2,11,489.0,500.3,11,489.0,0,0.0,9.86,148
1790958555048,26304,11.2,11,462.7,473.9,11,462.7,0,0.0,9.86,148
1790958557055,26304,11.2,11,455.3,466.6,11,455.3,0,0.0,9.86,148
1790958559076,26304,11.2,11,454.2,465.4,11,454.2,0,0.0,9.86,148
1790958561077,26304,11.2,11,454.1,465.3,11,454.1,0,0.0,9.86,148
1790958563082,26304,11.2,11,454.2,465.4,11,454.2,0,0.0,9.86,148
1790958565092,26304,11.2,11,454.5,465.7,11,454.5,0,0.0,9.86,148
1790958567098,26304,11.2,11,455.4,466.7,11,455.4,0,0.0,9.86,148
1790958569099,26304,11.2,11,455.3,466.6,11,455.3,0,0.0,9.86,148
1790958571112,26304,11.2,11,455.4,466.7,11,455.4,0,0.0,9.86,148
1790958573122,26304,11.2,11,455.3,466.6,11,455.3,0,0.0,9.86,148
1790958575133,26304,11.2,11,455.4,466.7,11,455.4,0,0.0,9.86,148
1790958577136,26304,11.2,11,455.3,466.6,11,455.3,0,0.0,9.86,148
1790958579139,26304,11.2,11,455.4,466.7,11,455.4,0,0.0,9.86,148
1790958581141,26304,11.2,11,455.3,466.6,11,455.3,0,0.0,9.86,148
1790958583156,26304,11.2,11,455.4,466.7,11,455.4,0,0.0,9.86,148
1790958585169,26304,11.2,11,455.3,466.6,11,455.3,0,0.0,9.86,148
1790958587180,26304,11.2,11,455.4,466.7,11,455.4,0,0.0,9.86,148
1790958589183,26304,11.2,11,455.4,466.6,11,455.4,0,0.0,9.86,148
1790958591196,26304,11.2,11,455.4,466.7,11,455.4,0,0.0,9.86,148
1790958593195,26304,11.2,11,455.4,466.7,11,455.4,0,0.0,9.86,148
1790958595203,26304,11.2,11,455.4,466.7,11,455.4,0,0.0,9.86,148
1790958597212,26304,11.2,11,455.1,466.3,11,455.1,0,0.0,9.86,148
1790958599209,26304,11.2,11,455.1,466.4,11,455.1,0,0.0,9.86,148
1790958601229,26304,11.2,11,455.3,466.6,11,455.3,0,0.0,9.86,148
1790958603242,26304,11.2,11,455.4,466.6,11,455.4,0,0.0,9.86,148
1790958605249,26304,11.2,11,455.4,466.6,11,455.4,0,0.0,9.86,148
1790958607252,26304,11.2,11,456.0,467.3,11,456.0,0,0.0,9.86,148
1790958609260,26304,11.2,11,493.0,504.2,11,493.0,0,0.0,9.86,148
1790958611271,26304,11.2,11,493.1,504.4,11,493.1,0,0.0,9.86,148
1790958613289,26304,11.2,11,477.6,488.8,11,477.6,0,0.0,9.86,148
1790958615296,26304,11.2,11,465.0,476.2,11,465.0,0,0.0,9.86,148
1790958617308,26304,11.2,11,456.9,468.2,11,456.9,0,0.0,9.86,148
1790958619316,26304,11.2,11,455.1,466.3,11,455.1,0,0.0,9.86,148
1790958621318,26304,11.2,11,455.0,466.3,11,455.0,0,0.0,9.86,148
1790958623318,26304,11.2,11,455.0,466.3,11,455.0,0,0.0,9.86,148
1790958625319,26304,11.2,11,455.0,466.3,11,455.0,0,0.0,9.86,148
1790958627327,26304,11.2,11,455.0,466.3,11,455.0,0,0.0,9.86,148
1790958629333,26304,11.2,11,454.8,466.0,11,454.8,0,0.0,9.86,148
1790958631340,26304,11.2,11,455.0,466.2,11,455.0,0,0.0,9.86,148
1790958633345,26304,11.2,11,455.0,466.2,11,455.0,0,0.0,9.86,148
1790958635351,26304,11.2,11,455.0,466.2,11,455.0,0,0.0,9.86,148
1790958637371,26304,11.2,11,455.0,466.2,11,455.0,0,0.0,9.86,148
1790958639385,26304,11.2,11,455.0,466.2,11,455.0,0,0.0,9.86,148
1790958641395,26304,11.2,11,454.9,466.2,11,454.9,0,0.0,9.86,148
1790958643400,26304,11.2,11,454.9,466.2,11,454.9,0,0.0,9.86,148
1790958645414,26304,11.2,11,455.0,466.2,11,455.0,0,0.0,9.86,148
1790958647424,26304,11.2,11,455.0,466.3,11,455.0,0,0.0,9.86,148
1790958649445,26304,11.2,11,460.2,471.4,11,460.2,0,0.0,9.86,148
1790958651444,26304,11.2,11,458.4,469.6,11,458.4,0,0.0,9.86,148
1790958653457,26304,11.2,11,458.3,469.5,11,458.3,0,0.0,9.86,148
1790958655462,26304,11.2,11,457.9,469.2,11,457.9,0,0.0,9.86,148
1790958657468,26304,11.2,11,453.9,465.1,11,453.9,0,0.0,9.86,148
1790958659470,26304,11.2,11,453.6,464.8,11,453.6,0,0.0,9.86,148
1790958661472,26304,11.2,11,453.3,464.6,11,453.3,0,0.0,9.86,148
1790958663482,26304,11.2,11,453.4,464.6,11,453.4,0,0.0,9.86,148
1790958665492,26304,11.2,11,453.4,464.6,11,453.4,0,0.0,9.86,148
1790958667503,26304,11.2,11,454.1,465.3,11,454.1,0,0.0,9.86,148
1790958669522,26304,11.2,11,491.4,502.6,11,491.4,0,0.0,9.86,148
1790958671532,26304,11.2,11,491.4,502.6,11,491.4,0,0.0,9.86,148
1790958673550,26304,11.2,11,462.4,473.6,11,462.4,0,0.0,9.86,148
1790958675575,26304,11.2,11,462.4,473.6,11,462.4,0,0.0,9.86,148
1790958677577,26304,11.2,11,454.3,465.5,11,454.3,0,0.0,9.86,148
1790958679581,26304,11.2,11,454.3,465.6,11,454.3,0,0.0,9.86,148
1790958681592,26304,11.2,11,454.3,465.5,11,454.3,0,0.0,9.86,148
1790958683620,26304,11.2,11,454.3,465.5,11,454.3,0,0.0,9.86,148
1790958685618,26304,11.2,11,454.3,465.5,11,454.3,0,0.0,9.86,148
1790958687632,26304,11.2,11,455.0,466.2,11,455.0,0,0.0,9.86,148
1790958689643,26304,11.2,11,455.0,466.2,11,455.0,0,0.0,9.86,148
1790958691651,26304,11.2,11,455.0,466.2,11,455.0,0,0.0,9.86,148
1790958693658,26304,11.2,11,454.9,466.1,11,454.9,0,0.0,9.86,148
1790958695668,26304,11.2,11,454.9,466.2,11,454.9,0,0.0,9.86,148
1790958697679,26304,11.2,11,454.9,466.1,11,454.9,0,0.0,9.86,148
1790958699688,26304,11.2,11,454.9,466.1,11,454.9,0,0.0,9.86,148
1790958701701,26304,11.2,11,454.9,466.1,11,454.9,0,0.0,9.86,148
1790958703706,26304,11.2,11,454.9,466.1,11,454.9,0,0.0,9.86,148
1790958705716,26304,11.2,11,454.9,466.1,11,454.9,0,0.0,9.86,148
1790958707717,26304,11.2,11,454.9,466.1,11,454.9,0,0.0,9.86,148
1790958709718,26304,11.2,11,455.6,466.8,11,455.6,0,0.0,9.86,148
1790958711723,26304,11.2,11,455.6,466.8,11,455.6,0,0.0,9.86,148
1790958713731,26304,11.2,11,455.7,466.9,11,455.7,0,0.0,9.86,148
1790958715748,26304,11.2,11,455.7,466.9,11,455.7,0,0.0,9.86,148
1790958717757,26304,11.2,11,455.6,466.9,11,455.6,0,0.0,9.86,148
1790958719770,26304,11.2,11,455.6,466.9,11,455.6,0,0.0,9.86,148
1790958721777,26304,11.2,11,454.9,466.1,11,454.9,0,0.0,9.86,148
1790958723783,26304,11.2,11,454.9,466.1,11,454.9,0,0.0,9.86,148
1790958725787,26304,11.2,11,454.9,466.1,11,454.9,0,0.0,9.86,148
1790958727794,26304,11.2,11,454.9,466.2,11,454.9,0,0.0,9.86,148
1790958729797,26304,11.2,11,490.4,501.7,11,490.4,0,0.0,9.86,148
1790958731819,26304,11.2,11,491.7,502.9,11,491.7,0,0.0,9.86,148
1790958733835,26304,11.2,11,463.7,475.0,11,463.7,0,0.0,9.86,148
1790958735856,26304,11.2,11,463.7,475.0,11,463.7,0,0.0,9.86,148
1790958737861,26304,11.2,11,457.3,468.5,11,457.3,0,0.0,9.86,148
1790958739860,26304,11.2,11,457.3,468.5,11,457.3,0,0.0,9.86,148
1790958741887,26304,11.2,11,456.1,467.3,11,456.1,0,0.0,9.86,148
1790958743896,26304,11.2,11,456.1,467.3,11,456.1,0,0.0,9.86,148
1790958745899,26304,11.2,11,456.1,467.3,11,456.1,0,0.0,9.86,148
1790958747902,26304,11.2,11,456.1,467.3,11,456.1,0,0.0,9.86,148
1790958749912,26304,11.2,11,456.1,467.3,11,456.1,0,0.0,9.86,148
1790958751920,26304,11.2,11,461.6,472.8,11,461.6,0,0.0,9.86,148
1790958753928,26304,11.2,11,458.9,470.2,11,458.9,0,0.0,9.86,148
1790958755936,26304,11.2,11,458.6,469.8,11,458.6,0,0.0,9.86,148
1790958757938,26304,11.2,11,458.5,469.8,11,458.5,0,0.0,9.86,148
1790958759952,26304,11.2,11,454.2,465.4,11,454.2,0,0.0,9.86,148
1790958761967,26304,11.2,11,454.2,465.4,11,454.2,0,0.0,9.86,148
1790958763978,26304,11.2,11,454.2,465.4,11,454.2,0,0.0,9.86,148
1790958765978,26304,11.2,11,454.1,465.4,11,454.1,0,0.0,9.86,148
1790958767988,26304,11.2,11,454.1,465.4,11,454.1,0,0.0,9.86,148
1790958770000,26304,11.2,11,454.9,466.1,11,454.9,0,0.0,9.86,148
1790958772008,26304,11.2,11,455.6,466.9,11,455.6,0,0.0,9.86,148
1790958774024,26304,11.3,11,455.7,466.9,11,455.7,0,0.0,9.86,148
1790958776030,26304,11.3,11,455.8,467.0,11,455.8,0,0.0,9.86,148
1790958778036,26304,11.3,11,455.7,467.0,11,455.7,0,0.0,9.86,148
1790958780043,26304,11.3,11,455.7,467.0,11,455.7,0,0.0,9.86,148
1790958782052,26304,11.3,11,455.7,467.0,11,455.7,0,0.0,9.86,148
1790958784064,26304,11.3,11,455.2,466.5,11,455.2,0,0.0,9.86,148
1790958786071,26304,11.3,11,455.2,466.5,11,455.2,0,0.0,9.86,148
1790958788080,26304,11.3,11,455.2,466.5,11,455.2,0,0.0,9.86,148
1790958790087,26304,11.3,11,492.6,503.9,11,492.6,0,0.0,9.86,148
1790958792092,26304,11.3,11,492.6,503.9,11,492.6,0,0.0,9.86,148
1790958794099,26304,11.3,11,463.0,474.3,11,463.0,0,0.0,9.86,148
1790958796109,26304,11.3,11,460.0,471.3,11,460.0,0,0.0,9.86,148
1790958798112,26304,11.3,11,456.0,467.3,11,456.0,0,0.0,9.86,148
1790958800120,26304,11.3,11,454.8,466.1,11,454.8,0,0.0,9.86,148
1790958802122,26304,11.3,11,454.8,466.1,11,454.8,0,0.0,9.86,148
1790958804130,26304,11.3,11,454.8,466.1,11,454.8,0,0.0,9.86,148
1790958806134,26304,11.3,11,454.8,466.1,11,454.8,0,0.0,9.86,148
1790958808137,26304,11.3,11,454.8,466.1,11,454.8,0,0.0,9.86,148
1790958810136,26304,11.3,11,454.8,466.1,11,454.8,0,0.0,9.86,148
1790958812147,26304,11.3,11,455.5,466.8,11,455.5,0,0.0,9.86,148
1790958814149,26304,11.3,11,455.6,466.9,11,455.6,0,0.0,9.86,148
1790958816156,26304,11.3,11,455.7,467.0,11,455.7,0,0.0,9.86,148
1790958818164,26304,11.3,11,455.7,467.0,11,455.7,0,0.0,9.86,148
1790958820165,26304,11.3,11,455.8,467.1,11,455.8,0,0.0,9.86,148
1790958822180,26304,11.3,11,455.8,467.1,11,455.8,0,0.0,9.86,148
1790958824194,26304,11.3,11,455.2,466.4,11,455.2,0,0.0,9.86,148
1790958826196,26304,11.3,11,455.2,466.4,11,455.2,0,0.0,9.86,148
1790958828218,26304,11.3,11,455.2,466.4,11,455.2,0,0.0,9.86,148
1790958830234,26304,11.3,11,455.1,466.4,11,455.1,0,0.0,9.86,148
1790958832225,26304,11.3,11,455.2,466.5,11,455.2,0,0.0,9.86,148
1790958834237,26304,11.3,11,455.1,466.3,11,455.1,0,0.0,9.86,148
1790958836242,26304,11.3,11,455.1,466.4,11,455.1,0,0.0,9.86,148
1790958838254,26304,11.3,11,455.1,466.3,11,455.1,0,0.0,9.86,148
1790958840255,26304,11.3,11,455.1,466.3,11,455.1,0,0.0,9.86,148
1790958842267,26304,11.3,11,455.0,466.3,11,455.0,0,0.0,9.86,148
1790958844274,26304,11.3,11,454.7,466.0,11,454.7,0,0.0,9.86,148
1790958846278,26304,11.3,11,454.7,466.0,11,454.7,0,0.0,9.86,148
1790958848289,26304,11.3,11,478.2,489.4,11,478.2,0,0.0,9.86,148
1790958850292,26304,11.3,11,491.7,503.0,11,491.7,0,0.0,9.86,148
1790958852306,26304,11.3,11,491.7,503.0,11,491.7,0,0.0,9.86,148
1790958854309,26304,11.3,11,480.1,491.4,11,480.1,0,0.0,9.86,148
1790958856315,26304,11.3,11,460.2,471.5,11,460.2,0,0.0,9.86,148
1790958858318,26304,11.3,11,458.7,469.9,11,458.7,0,0.0,9.86,148
1790958860322,26304,11.3,11,458.0,469.3,11,458.0,0,0.0,9.86,148
1790958862339,26304,11.3,11,453.4,464.6,11,453.4,0,0.0,9.86,148
1790958864350,26304,11.3,11,453.5,464.8,11,453.5,0,0.0,9.86,148
1790958866349,26304,11.3,11,453.5,464.8,11,453.5,0,0.0,9.86,148
1790958868358,26304,11.3,11,453.5,464.8,11,453.5,0,0.0,9.86,148
1790958870362,26304,11.3,11,453.5,464.8,11,453.5,0,0.0,9.86,148
1790958872368,26304,11.3,11,454.2,465.5,11,454.2,0,0.0,9.86,148
1790958874383,26304,11.3,11,455.0,466.3,11,455.0,0,0.0,9.86,148
1790958876390,26304,11.3,11,455.0,466.3,11,455.0,0,0.0,9.86,148
1790958878402,26304,11.3,11,454.9,466.2,11,454.9,0,0.0,9.86,148
1790958880405,26304,11.3,11,455.0,466.3,11,455.0,0,0.0,9.86,148
1790958882418,26304,11.3,11,455.0,466.3,11,455.0,0,0.0,9.86,148
1790958884421,26304,11.3,11,455.1,466.3,11,455.1,0,0.0,9.86,148
1790958886424,26304,11.3,11,455.0,466.3,11,455.0,0,0.0,9.86,148
1790958888442,26304,11.3,11,455.0,466.3,11,455.0,0,0.0,9.86,148
1790958890453,26304,11.3,11,455.0,466.3,11,455.0,0,0.0,9.86,148
1790958892467,26304,11.3,11,455.0,466.3,11,455.0,0,0.0,9.86,148
1790958894477,26304,11.3,11,455.0,466.3,11,455.0,0,0.0,9.86,148
1790958896488,26304,11.3,11,455.0,466.3,11,455.0,0,0.0,9.86,148
1790958898491,26304,11.3,11,455.0,466.3,11,455.0,0,0.0,9.86,148
1790958900501,26304,11.2,11,455.0,466.2,11,455.0,0,0.0,9.86,148
1790958902510,26304,11.2,11,455.0,466.2,11,455.0,0,0.0,9.86,148
1790958904521,26304,11.2,11,454.8,466.0,11,454.8,0,0.0,9.86,148
1790958906528,26304,11.2,11,454.8,466.0,11,454.8,0,0.0,9.86,148
1790958908548,26304,11.2,11,477.7,488.9,11,477.7,0,0.0,9.86,148
1790958910564,26304,11.2,11,493.0,504.3,11,493.0,0,0.0,9.86,148
1790958912563,26304,11.2,11,493.0,504.3,11,493.0,0,0.0,9.86,148
1790958914567,26304,11.2,11,464.0,475.3,11,464.0,0,0.0,9.86,148
1790958916569,26304,11.2,11,456.9,468.1,11,456.9,0,0.0,9.86,148
1790958918581,26304,11.2,11,456.9,468.2,11,456.9,0,0.0,9.86,148
1790958920589,26304,11.2,11,455.8,467.0,11,455.8,0,0.0,9.86,148
1790958922597,26304,11.2,11,455.7,467.0,11,455.7,0,0.0,9.86,148
1790958924605,26304,11.2,11,455.8,467.0,11,455.8,0,0.0,9.86,148
1790958926608,26304,11.2,11,455.1,466.3,11,455.1,0,0.0,9.86,148
1790958928613,26304,11.2,11,455.1,466.3,11,455.1,0,0.0,9.86,148
1790958930617,26304,11.2,11,455.1,466.3,11,455.1,0,0.0,9.86,148
1790958932619,26304,11.2,11,454.8,466.0,11,454.8,0,0.0,9.86,148
1790958934633,26304,11.2,11,454.8,466.0,11,454.8,0,0.0,9.86,148
1790958936633,26304,11.2,11,454.8,466.0,11,454.8,0,0.0,9.86,148
1790958938645,26304,11.2,11,454.9,466.1,11,454.9,0,0.0,9.86,148
1790958940652,26304,11.2,11,455.0,466.2,11,455.0,0,0.0,9.86,148
1790958942666,26304,11.2,11,455.0,466.3,11,455.0,0,0.0,9.86,148
1790958944679,26304,11.2,11,455.0,466.3,11,455.0,0,0.0,9.86,148
1790958946690,26304,11.2,11,455.0,466.2,11,455.0,0,0.0,9.86,148
1790958948690,26304,11.2,11,454.8,466.0,11,454.8,0,0.0,9.86,148
1790958950689,26304,11.2,11,454.8,466.0,11,454.8,0,0.0,9.86,148
1790958952704,26304,11.2,11,454.9,466.1,11,454.9,0,0.0,9.86,148
1790958954711,26304,11.2,11,459.2,470.5,11,459.2,0,0.0,9.86,148
1790958956722,26304,11.2,11,459.8,471.0,11,459.8,0,0.0,9.86,148
1790958958722,26304,11.2,11,459.1,470.3,11,459.1,0,0.0,9.86,148
1790958960736,26304,11.2,11,459.1,470.3,11,459.1,0,0.0,9.86,148
1790958962754,26304,11.2,11,458.4,469.6,11,458.4,0,0.0,9.86,148
1790958964755,26304,11.2,11,456.6,467.8,11,456.6,0,0.0,9.86,148
1790958966769,26304,11.2,11,453.8,465.1,11,453.8,0,0.0,9.86,148
1790958968780,26304,11.2,11,492.6,503.9,11,492.6,0,0.0,9.86,148
1790958970776,26304,11.2,11,492.4,503.6,11,492.4,0,0.0,9.86,148
1790958972781,26304,11.2,11,475.7,487.0,11,475.7,0,0.0,9.86,148
1790958974782,26304,11.2,11,464.1,475.4,11,464.1,0,0.0,9.86,148
1790958976785,26304,11.2,11,456.3,467.5,11,456.3,0,0.0,9.86,148
1790958978793,26304,11.2,11,456.3,467.5,11,456.3,0,0.0,9.86,148
1790958980805,26304,11.2,11,455.8,467.0,11,455.8,0,0.0,9.86,148
1790958982810,26304,11.2,11,455.8,467.0,11,455.8,0,0.0,9.86,148
1790958984817,26304,11.2,11,455.8,467.0,11,455.8,0,0.0,9.86,148
1790958986824,26304,11.2,11,455.8,467.1,11,455.8,0,0.0,9.86,148
1790958988829,26304,11.2,11,455.8,467.1,11,455.8,0,0.0,9.86,148
1790958990849,26304,11.2,11,455.8,467.0,11,455.8,0,0.0,9.86,148
1790958992850,26304,11.2,11,455.6,466.9,11,455.6,0,0.0,9.86,148
1790958994861,26304,11.2,11,456.1,467.4,11,456.1,0,0.0,9.86,148
1790958996858,26304,11.2,11,456.1,467.3,11,456.1,0,0.0,9.86,148
1790958998868,26304,11.2,11,456.2,467.5,11,456.2,0,0.0,9.86,148
1790959000884,26304,11.2,11,456.3,467.5,11,456.3,0,0.0,9.86,148
1790959002881,26304,11.2,11,456.3,467.5,11,456.3,0,0.0,9.86,148
1790959004893,26304,11.2,11,456.3,467.6,11,456.3,0,0.0,9.86,148
1790959006902,26304,11.2,11,456.3,467.6,11,456.3,0,0.0,9.86,148
1790959008909,26304,11.2,11,456.0,467.3,11,456.0,0,0.0,9.86,148
1790959010917,26304,11.2,11,456.0,467.3,11,456.0,0,0.0,9.86,148
1790959012936,26304,11.2,11,456.0,467.3,11,456.0,0,0.0,9.86,148
1790959014937,26304,11.2,11,456.0,467.3,11,456.0,0,0.0,9.86,148
1790959016943,26304,11.2,11,456.8,468.1,11,456.8,0,0.0,9.86,148
1790959018953,26304,11.2,11,456.9,468.1,11,456.9,0,0.0,9.86,148
1790959020959,26304,11.2,11,457.0,468.2,11,457.0,0,0.0,9.86,148
1790959022972,26304,11.2,11,457.0,468.2,11,457.0,0,0.0,9.86,148
1790959024974,26304,11.2,11,457.0,468.2,11,457.0,0,0.0,9.86,148
1790959026979,26304,11.2,11,456.9,468.2,11,456.9,0,0.0,9.86,148
1790959029006,26304,11.9,17,908.9,920.8,11,493.2,6,415.8,9.86,148
1790959031005,26304,10.1,11,492.8,502.9,11,492.8,0,0.0,9.86,148
1790959033021,26304,10.1,11,475.0,485.2,11,475.0,0,0.0,11.16,163
1790959035035,26304,10.2,11,464.4,474.6,11,464.4,0,0.0,11.16,163
1790959037050,26304,10.2,11,456.7,466.9,11,456.7,0,0.0,11.16,163
1790959039053,26304,10.2,11,456.9,467.1,11,456.9,0,0.0,11.16,163
1790959041056,26304,10.2,11,456.4,466.6,11,456.4,0,0.0,11.16,163
1790959043066,26304,10.2,11,456.4,466.6,11,456.4,0,0.0,11.16,163
1790959045070,26304,10.2,11,456.4,466.6,11,456.4,0,0.0,11.16,163
1790959047074,26304,10.2,11,456.2,466.4,11,456.2,0,0.0,11.16,163
1790959049085,26304,10.2,11,456.2,466.4,11,456.2,0,0.0,11.16,163
1790959051098,26304,10.2,11,456.2,466.4,11,456.2,0,0.0,11.16,163
1790959053110,26304,10.2,11,456.2,466.4,11,456.2,0,0.0,11.16,163
1790959055125,26304,10.2,11,456.2,466.4,11,456.2,0,0.0,11.16,163
1790959057127,26304,10.2,11,456.3,466.4,11,456.3,0,0.0,11.16,163
1790959059137,26304,10.6,11,461.8,472.4,11,461.8,0,0.0,11.16,163
1790959061146,26304,10.6,11,459.9,470.5,11,459.9,0,0.0,11.16,163
1790959063150,26304,10.6,11,459.5,470.1,11,459.5,0,0.0,11.16,163
1790959065167,26304,10.6,11,459.0,469.6,11,459.0,0,0.0,11.16,163
1790959067178,26304,10.6,11,455.0,465.6,11,455.0,0,0.0,11.16,163
1790959069182,26304,10.6,11,454.9,465.5,11,454.9,0,0.0,11.16,163
1790959071195,26304,10.6,11,454.8,465.4,11,454.8,0,0.0,11.16,163
1790959073198,26304,10.6,11,454.8,465.4,11,454.8,0,0.0,11.16,163
1790959075209,26304,10.6,11,454.8,465.4,11,454.8,0,0.0,11.16,163
1790959077215,26304,10.6,11,455.5,466.1,11,455.5,0,0.0,11.16,163
1790959079230,26304,10.6,11,456.3,466.9,11,456.3,0,0.0,11.16,163
1790959081256,26304,10.6,11,456.2,466.8,11,456.2,0,0.0,11.16,163
1790959083247,26304,10.6,11,456.2,466.8,11,456.2,0,0.0,11.16,163
1790959085251,26304,10.6,11,456.3,466.8,11,456.3,0,0.0,11.16,163
1790959087250,26304,10.6,11,456.3,466.8,11,456.3,0,0.0,11.16,163
1790959089256,26304,10.6,11,493.9,504.4,11,493.9,0,0.0,11.16,163
1790959091267,26304,10.6,11,493.7,504.3,11,493.7,0,0.0,11.16,163
1790959093276,26304,10.6,11,476.8,487.4,11,476.8,0,0.0,11.16,163
1790959095289,26304,10.6,11,463.0,473.6,11,463.0,0,0.0,11.16,163
1790959097290,26304,10.6,11,456.6,467.2,11,456.6,0,0.0,11.16,163
1790959099301,26304,10.6,11,456.7,467.3,11,456.7,0,0.0,11.16,163
1790959101299,26304,10.6,11,456.2,466.8,11,456.2,0,0.0,11.16,163
1790959103310,26304,10.6,11,456.3,466.9,11,456.3,0,0.0,11.16,163
1790959105325,26304,10.6,11,456.2,466.8,11,456.2,0,0.0,11.16,163
1790959107342,26304,10.6,11,456.3,466.9,11,456.3,0,0.0,11.16,163
1790959109357,26304,10.6,11,456.2,466.8,11,456.2,0,0.0,11.16,163
1790959111372,26304,10.6,11,456.3,466.9,11,456.3,0,0.0,11.16,163
1790959113385,26304,10.6,11,456.2,466.8,11,456.2,0,0.0,11.16,163
1790959115388,26304,10.6,11,456.3,466.9,11,456.3,0,0.0,11.16,163
1790959117401,26304,10.6,11,456.2,466.8,11,456.2,0,0.0,11.16,163
1790959119408,26304,10.6,11,457.0,467.6,11,457.0,0,0.0,11.16,163
1790959121410,26304,10.6,11,456.8,467.4,11,456.8,0,0.0,11.16,163
1790959123418,26304,10.6,11,457.0,467.6,11,457.0,0,0.0,11.16,163
1790959125433,26304,10.6,11,456.9,467.5,11,456.9,0,0.0,11.16,163
1790959127446,26304,10.6,11,457.1,467.7,11,457.1,0,0.0,11.16,163
1790959129456,26304,10.6,11,457.0,467.6,11,457.0,0,0.0,11.16,163
1790959131471,26304,10.6,11,456.4,467.0,11,456.4,0,0.0,11.16,163
1790959133481,26304,10.6,11,456.2,466.8,11,456.2,0,0.0,11.16,163
1790959135479,26304,10.6,11,456.4,467.0,11,456.4,0,0.0,11.16,163
1790959137479,26304,10.6,11,456.3,466.8,11,456.3,0,0.0,11.16,163
1790959139484,26304,10.6,11,456.4,467.0,11,456.4,0,0.0,11.16,163
1790959141502,26304,10.6,11,456.2,466.8,11,456.2,0,0.0,11.16,163
1790959143511,26304,10.6,11,456.3,466.9,11,456.3,0,0.0,11.16,163
1790959145517,26304,10.6,11,456.3,466.8,11,456.3,0,0.0,11.16,163
1790959147519,26304,10.6,11,456.3,466.9,11,456.3,0,0.0,11.16,163
1790959149525,26304,10.6,11,492.8,503.4,11,492.8,0,0.0,11.16,163
1790959151528,26304,10.6,11,492.6,503.2,11,492.6,0,0.0,11.16,163
1790959153528,26304,10.6,11,463.4,474.0,11,463.4,0,0.0,11.16,163
1790959155533,26304,10.6,11,463.5,474.1,11,463.5,0,0.0,11.16,163
1790959157542,26304,10.6,11,457.2,467.8,11,457.2,0,0.0,11.16,163
1790959159553,26304,10.6,11,457.2,467.8,11,457.2,0,0.0,11.16,163
1790959161565,26304,10.6,11,461.9,472.5,11,461.9,0,0.0,11.16,163
1790959163570,26304,10.6,11,459.4,470.0,11,459.4,0,0.0,11.16,163
1790959165578,26304,10.6,11,458.9,469.5,11,458.9,0,0.0,11.16,163
1790959167584,26304,10.6,11,459.0,469.6,11,459.0,0,0.0,11.16,163
1790959169591,26304,10.6,11,454.8,465.3,11,454.8,0,0.0,11.16,163
1790959171600,26304,10.6,11,455.0,465.5,11,455.0,0,0.0,11.16,163
1790959173619,26304,10.6,11,454.8,465.4,11,454.8,0,0.0,11.16,163
1790959175636,26304,10.6,11,454.9,465.5,11,454.9,0,0.0,11.16,163
1790959177639,26304,10.6,11,454.8,465.4,11,454.8,0,0.0,11.16,163
1790959179655,26304,10.6,11,455.6,466.2,11,455.6,0,0.0,11.16,163
1790959181664,26304,10.6,11,456.1,466.7,11,456.1,0,0.0,11.16,163
1790959183667,26304,10.6,11,456.2,466.8,11,456.2,0,0.0,11.16,163
1790959185674,26304,10.6,11,456.1,466.7,11,456.1,0,0.0,11.16,163
1790959187688,26304,10.6,11,456.2,466.8,11,456.2,0,0.0,11.16,163
1790959189697,26304,10.6,11,456.1,466.7,11,456.1,0,0.0,11.16,163
1790959191705,26304,10.6,11,456.2,466.8,11,456.2,0,0.0,11.16,163
1790959193707,26304,10.6,11,456.1,466.7,11,456.1,0,0.0,11.16,163
1790959195712,26304,10.6,11,456.2,466.8,11,456.2,0,0.0,11.16,163
1790959197715,26304,10.6,11,456.1,466.7,11,456.1,0,0.0,11.16,163
1790959199728,26304,10.6,11,456.2,466.8,11,456.2,0,0.0,11.16,163
1790959201739,26304,10.6,11,456.2,466.8,11,456.2,0,0.0,11.16,163
1790959203740,26304,10.6,11,456.4,466.9,11,456.4,0,0.0,11.16,163
1790959205744,26304,10.6,11,456.4,467.0,11,456.4,0,0.0,11.16,163
1790959207753,26304,10.6,11,456.5,467.1,11,456.5,0,0.0,11.16,163
1790959209759,26304,10.6,11,493.1,503.7,11,493.1,0,0.0,11.16,163
1790959211765,26304,10.6,11,493.0,503.6,11,493.0,0,0.0,11.16,163
1790959213774,26304,10.6,11,463.6,474.2,11,463.6,0,0.0,11.16,163
1790959215776,26304,10.6,11,463.9,474.5,11,463.9,0,0.0,11.16,163
1790959217780,26304,10.6,11,456.3,466.9,11,456.3,0,0.0,11.16,163
1790959219786,26304,10.6,11,456.3,466.9,11,456.3,0,0.0,11.16,163
1790959221806,26304,10.6,11,457.0,467.5,11,457.0,0,0.0,11.16,163
1790959223794,26304,10.6,11,457.1,467.7,11,457.1,0,0.0,11.16,163
1790959225793,26304,10.6,11,457.2,467.8,11,457.2,0,0.0,11.16,163
1790959227802,26304,10.6,11,457.3,467.8,11,457.3,0,0.0,11.16,163
1790959229805,26304,10.6,11,457.2,467.8,11,457.2,0,0.0,11.16,163
1790959231815,26304,10.6,11,457.2,467.8,11,457.2,0,0.0,11.16,163
1790959233824,26304,10.6,11,456.4,467.0,11,456.4,0,0.0,11.16,163
1790959235834,26304,10.6,11,456.5,467.1,11,456.5,0,0.0,11.16,163
1790959237847,26304,10.6,11,456.6,467.2,11,456.6,0,0.0,11.16,163
1790959239859,26304,10.6,11,456.7,467.3,11,456.7,0,0.0,11.16,163
1790959241861,26304,10.6,11,456.3,466.9,11,456.3,0,0.0,11.16,163
1790959243875,26304,10.6,11,456.4,467.0,11,456.4,0,0.0,11.16,163
1790959245882,26304,10.6,11,456.5,467.1,11,456.5,0,0.0,11.16,163
1790959247889,26304,10.6,11,456.6,467.2,11,456.6,0,0.0,11.16,163
1790959249897,26304,10.6,11,456.5,467.1,11,456.5,0,0.0,11.16,163
1790959251903,26304,10.6,11,456.6,467.2,11,456.6,0,0.0,11.16,163
1790959253914,26304,10.6,11,456.5,467.1,11,456.5,0,0.0,11.16,163
1790959255919,26304,10.6,11,456.4,467.0,11,456.4,0,0.0,11.16,163
1790959257923,26304,10.6,11,456.3,466.9,11,456.3,0,0.0,11.16,163
1790959259935,26304,10.6,11,456.5,467.1,11,456.5,0,0.0,11.16,163
1790959261949,26304,10.6,11,456.4,467.0,11,456.4,0,0.0,11.16,163
1790959263951,26304,10.6,11,462.2,472.8,11,462.2,0,0.0,11.16,163
1790959265958,26304,10.6,11,459.9,470.5,11,459.9,0,0.0,11.16,163
1790959267961,26304,10.6,11,459.6,470.2,11,459.6,0,0.0,11.16,163
1790959269963,26304,10.6,11,490.4,500.9,11,490.4,0,0.0,11.16,163
1790959271964,26304,10.6,11,489.7,500.2,11,489.7,0,0.0,11.16,163
1790959273975,26304,10.6,11,463.0,473.5,11,463.0,0,0.0,11.16,163
1790959275988,26304,10.6,11,461.7,472.3,11,461.7,0,0.0,11.16,163
1790959277996,26304,10.6,11,455.8,466.4,11,455.8,0,0.0,11.16,163
1790959280010,26304,10.6,11,455.9,466.5,11,455.9,0,0.0,11.16,163
1790959282014,26304,10.6,11,455.3,465.9,11,455.3,0,0.0,11.16,163
1790959284019,26304,10.6,11,456.3,466.9,11,456.3,0,0.0,11.16,163
1790959286032,26304,10.6,11,456.2,466.7,11,456.2,0,0.0,11.16,163
1790959288040,26304,10.6,11,456.2,466.8,11,456.2,0,0.0,11.16,163
1790959290054,26304,10.6,11,456.2,466.7,11,456.2,0,0.0,11.16,163
1790959292075,26304,10.6,11,456.2,466.8,11,456.2,0,0.0,11.16,163
1790959294091,26304,10.6,11,456.2,466.7,11,456.2,0,0.0,11.16,163
1790959296092,26304,10.6,11,456.3,466.8,11,456.3,0,0.0,11.16,163
1790959298103,26304,10.6,11,456.2,466.7,11,456.2,0,0.0,11.16,163
1790959300112,26304,10.6,11,456.2,466.8,11,456.2,0,0.0,11.16,163
1790959302128,26304,10.6,11,456.2,466.8,11,456.2,0,0.0,11.16,163
1790959304130,26304,10.6,11,456.3,466.8,11,456.3,0,0.0,11.16,163
1790959306154,26304,10.6,11,456.2,466.8,11,456.2,0,0.0,11.16,163
1790959308161,26304,10.6,11,456.3,466.9,11,456.3,0,0.0,11.16,163
1790959310167,26304,10.6,11,456.3,466.9,11,456.3,0,0.0,11.16,163
1790959312177,26304,10.6,11,456.4,467.0,11,456.4,0,0.0,11.16,163
1790959314186,26304,10.6,11,456.3,466.9,11,456.3,0,0.0,11.16,163
1790959316189,26304,10.6,11,456.1,466.7,11,456.1,0,0.0,11.16,163
1790959318189,26304,10.6,11,456.0,466.6,11,456.0,0,0.0,11.16,163
1790959320195,26304,10.6,11,456.1,466.7,11,456.1,0,0.0,11.16,163
1790959322202,26304,10.6,11,456.1,466.7,11,456.1,0,0.0,11.16,163
1790959324201,26304,10.6,11,456.8,467.4,11,456.8,0,0.0,11.16,163
1790959326210,26304,10.6,11,456.9,467.5,11,456.9,0,0.0,11.16,163
1790959328232,26304,10.6,11,479.4,489.9,11,479.4,0,0.0,11.16,163
1790959330247,26304,10.6,11,494.6,505.2,11,494.6,0,0.0,11.16,163
1790959332261,26304,10.6,11,494.6,505.2,11,494.6,0,0.0,11.16,163
1790959334258,26304,10.6,11,464.4,475.0,11,464.4,0,0.0,11.16,163
1790959336266,26304,10.6,11,457.1,467.7,11,457.1,0,0.0,11.16,163
1790959338280,26304,10.6,11,455.8,466.4,11,455.8,0,0.0,11.16,163
1790959340296,26304,10.6,11,455.8,466.4,11,455.8,0,0.0,11.16,163
1790959342303,26304,10.6,11,455.7,466.3,11,455.7,0,0.0,11.16,163
1790959344318,26304,10.6,11,456.4,467.0,11,456.4,0,0.0,11.16,163
1790959346320,26304,10.6,11,456.2,466.8,11,456.2,0,0.0,11.16,163
1790959348329,26304,10.6,11,456.3,466.9,11,456.3,0,0.0,11.16,163
1790959350343,26304,10.6,11,456.4,466.9,11,456.4,0,0.0,11.16,163
1790959352354,26304,10.6,11,456.4,467.0,11,456.4,0,0.0,11.16,163
1790959354366,26304,10.6,11,456.4,467.0,11,456.4,0,0.0,11.16,163
1790959356372,26304,10.6,11,456.4,467.0,11,456.4,0,0.0,11.16,163
1790959358378,26304,10.6,11,456.4,466.9,11,456.4,0,0.0,11.16,163
1790959360379,26304,10.6,11,456.4,467.0,11,456.4,0,0.0,11.16,163
1790959362382,26304,10.6,11,456.4,467.0,11,456.4,0,0.0,11.16,163
1790959364386,26304,10.6,11,456.4,467.0,11,456.4,0,0.0,11.16,163
1790959366403,26304,10.6,11,461.6,472.1,11,461.6,0,0.0,11.16,163
1790959368403,26304,10.6,11,459.7,470.3,11,459.7,0,0.0,11.16,163
1790959370414,26304,10.6,11,459.7,470.3,11,459.7,0,0.0,11.16,163
1790959372428,26304,10.6,11,459.3,469.9,11,459.3,0,0.0,11.16,163
1790959374442,26304,10.6,11,455.6,466.2,11,455.6,0,0.0,11.16,163
1790959376452,26304,10.6,11,454.7,465.3,11,454.7,0,0.0,11.16,163
1790959378455,26304,10.6,11,454.7,465.3,11,454.7,0,0.0,11.16,163
1790959380467,26304,10.6,11,454.7,465.3,11,454.7,0,0.0,11.16,163
1790959382471,26304,10.6,11,454.7,465.3,11,454.7,0,0.0,11.16,163
1790959384480,26304,10.6,11,455.4,466.0,11,455.4,0,0.0,11.16,163
1790959386480,26304,10.6,11,456.3,466.9,11,456.3,0,0.0,11.16,163
1790959388495,26304,10.6,11,479.3,489.9,11,479.3,0,0.0,11.16,163
1790959390504,26304,10.8,11,491.1,501.9,11,491.1,0,0.0,11.16,163
1790959392512,26304,10.8,11,491.1,501.9,11,491.1,0,0.0,11.16,163
1790959394519,26304,10.8,11,463.9,474.7,11,463.9,0,0.0,11.16,163
1790959396544,26304,10.8,11,456.8,467.6,11,456.8,0,0.0,11.16,163
1790959398554,26304,10.8,11,456.8,467.6,11,456.8,0,0.0,11.16,163
1790959400552,26304,10.8,11,455.6,466.4,11,455.6,0,0.0,11.16,163
1790959402553,26304,10.8,11,455.6,466.4,11,455.6,0,0.0,11.16,163
1790959404571,26304,10.8,11,456.3,467.1,11,456.3,0,0.0,11.16,163
1790959406574,26304,10.8,11,456.2,467.0,11,456.2,0,0.0,11.16,163
1790959408580,26304,10.8,11,456.4,467.2,11,456.4,0,0.0,11.16,163
1790959410585,26304,10.8,11,456.4,467.2,11,456.4,0,0.0,11.16,163
1790959412595,26304,10.8,11,456.4,467.2,11,456.4,0,0.0,11.16,163
1790959414602,26304,10.8,11,456.4,467.2,11,456.4,0,0.0,11.16,163
1790959416601,26304,10.8,11,456.4,467.2,11,456.4,0,0.0,11.16,163
1790959418611,26304,10.8,11,456.4,467.2,11,456.4,0,0.0,11.16,163
1790959420623,26304,10.8,11,456.4,467.2,11,456.4,0,0.0,11.16,163
1790959422630,26304,10.8,11,456.4,467.2,11,456.4,0,0.0,11.16,163
1790959424636,26304,10.8,11,456.4,467.2,11,456.4,0,0.0,11.16,163
1790959426654,26304,10.8,11,457.1,467.9,11,457.1,0,0.0,11.16,163
1790959428664,26304,10.8,11,457.1,467.9,11,457.1,0,0.0,11.16,163
1790959430676,26304,10.8,11,457.1,467.9,11,457.1,0,0.0,11.16,163
1790959432681,26304,10.8,11,457.1,467.9,11,457.1,0,0.0,11.16,163
1790959434695,26304,10.8,11,457.2,468.0,11,457.2,0,0.0,11.16,163
1790959436705,26304,10.8,11,456.9,467.7,11,456.9,0,0.0,11.16,163
1790959438714,26304,10.8,11,456.2,467.0,11,456.2,0,0.0,11.16,163
1790959440727,26304,10.8,11,456.2,467.0,11,456.2,0,0.0,11.16,163
1790959442736,26304,10.8,11,456.2,467.0,11,456.2,0,0.0,11.16,163
1790959444747,26304,10.8,11,456.3,467.1,11,456.3,0,0.0,11.16,163
1790959446756,26304,10.8,11,456.3,467.1,11,456.3,0,0.0,11.16,163
1790959448765,26304,10.8,11,492.1,502.9,11,492.1,0,0.0,11.16,163
1790959450770,26304,10.8,11,492.1,502.9,11,492.1,0,0.0,11.16,163
1790959452778,26304,10.8,11,492.0,502.8,11,492.0,0,0.0,11.16,163
1790959454788,26304,10.8,11,464.0,474.8,11,464.0,0,0.0,11.16,163
1790959456800,26304,10.8,11,457.8,468.6,11,457.8,0,0.0,11.16,163
1790959458804,26304,10.8,11,456.5,467.3,11,456.5,0,0.0,11.16,163
1790959460807,26304,10.8,11,456.5,467.3,11,456.5,0,0.0,11.16,163
1790959462818,26304,10.8,11,456.5,467.3,11,456.5,0,0.0,11.16,163
1790959464819,26304,10.8,11,456.5,467.3,11,456.5,0,0.0,11.16,163
1790959466829,26304,10.8,11,456.3,467.1,11,456.3,0,0.0,11.16,163
1790959468834,26304,10.8,11,462.0,472.8,11,462.0,0,0.0,11.16,163
1790959470847,26304,10.8,11,459.8,470.6,11,459.8,0,0.0,11.16,163
1790959472851,26304,10.8,11,459.4,470.2,11,459.4,0,0.0,11.16,163
1790959474859,26304,10.8,11,459.4,470.2,11,459.4,0,0.0,11.16,163
1790959476867,26304,10.8,11,455.1,465.9,11,455.1,0,0.0,11.16,163
1790959478873,26304,10.8,11,455.2,466.0,11,455.2,0,0.0,11.16,163
1790959480887,26304,10.8,11,455.2,466.1,11,455.2,0,0.0,11.16,163
1790959482897,26304,10.8,11,455.2,466.0,11,455.2,0,0.0,11.16,163
1790959484910,26304,10.8,11,455.2,466.0,11,455.2,0,0.0,11.16,163
1790959486933,26304,10.8,11,455.9,466.7,11,455.9,0,0.0,11.16,163
1790959488938,26304,10.8,11,456.6,467.4,11,456.6,0,0.0,11.16,163
1790959490939,26304,10.8,11,456.5,467.3,11,456.5,0,0.0,11.16,163
1790959492941,26304,10.8,11,456.5,467.3,11,456.5,0,0.0,11.16,163
1790959494965,26304,10.8,11,456.5,467.3,11,456.5,0,0.0,11.16,163
1790959496990,26304,10.8,11,456.2,467.0,11,456.2,0,0.0,11.16,163
1790959498980,26304,10.8,11,456.2,467.0,11,456.2,0,0.0,11.16,163
1790959500992,26304,10.8,11,456.2,467.0,11,456.2,0,0.0,11.16,163
1790959502998,26304,10.7,11,456.2,466.9,11,456.2,0,0.0,11.16,163
1790959505008,26304,10.7,11,456.2,466.9,11,456.2,0,0.0,11.16,163
1790959507027,26304,10.7,11,456.2,467.0,11,456.2,0,0.0,11.16,163
1790959509030,26304,10.7,11,493.9,504.6,11,493.9,0,0.0,11.16,163
1790959511035,26304,10.7,11,493.8,504.5,11,493.8,0,0.0,11.16,163
1790959513047,26304,10.7,11,493.8,504.5,11,493.8,0,0.0,11.16,163
1790959515059,26304,10.7,11,464.3,475.0,11,464.3,0,0.0,11.16,163
1790959517065,26304,10.7,11,465.3,476.0,11,465.3,0,0.0,11.16,163
1790959519076,26304,10.7,11,463.5,474.2,11,463.5,0,0.0,11.16,163
1790959521085,26304,10.7,11,457.9,468.6,11,457.9,0,0.0,11.16,163
1790959523084,26304,10.7,11,458.0,468.7,11,458.0,0,0.0,11.16,163
1790959525088,26304,10.7,11,458.0,468.7,11,458.0,0,0.0,11.16,163
1790959527101,26304,10.7,11,457.2,467.9,11,457.2,0,0.0,11.16,163
1790959529100,26304,10.7,11,457.2,467.9,11,457.2,0,0.0,11.16,163
1790959531105,26304,10.7,11,457.0,467.7,11,457.0,0,0.0,11.16,163
1790959533119,26304,10.7,11,457.1,467.8,11,457.1,0,0.0,11.16,163
1790959535127,26304,10.7,11,457.0,467.8,11,457.0,0,0.0,11.16,163
1790959537133,26304,10.7,11,457.1,467.8,11,457.1,0,0.0,11.16,163
1790959539147,26304,10.7,11,457.1,467.8,11,457.1,0,0.0,11.16,163
1790959541145,26304,10.7,11,456.2,466.9,11,456.2,0,0.0,11.16,163
1790959543158,26304,10.7,11,456.5,467.2,11,456.5,0,0.0,11.16,163
1790959545171,26304,10.7,11,456.3,467.0,11,456.3,0,0.0,11.16,163
1790959547185,26304,10.7,11,456.3,467.0,11,456.3,0,0.0,11.16,163
1790959549192,26304,10.7,11,456.2,466.9,11,456.2,0,0.0,11.16,163
1790959551204,26304,10.7,11,456.2,466.9,11,456.2,0,0.0,11.16,163
1790959553213,26304,10.7,11,456.4,467.1,11,456.4,0,0.0,11.16,163
1790959555217,26304,10.7,11,456.4,467.1,11,456.4,0,0.0,11.16,163
1790959557225,26304,10.7,11,456.4,467.1,11,456.4,0,0.0,11.16,163
1790959559239,26304,10.7,11,456.4,467.1,11,456.4,0,0.0,11.16,163
1790959561245,26304,10.7,11,456.4,467.1,11,456.4,0,0.0,11.16,163
1790959563255,26304,10.7,11,456.2,466.9,11,456.2,0,0.0,11.16,163
1790959565257,26304,10.7,11,456.2,466.9,11,456.2,0,0.0,11.16,163
1790959567271,26304,10.7,11,456.4,467.1,11,456.4,0,0.0,11.16,163
1790959569280,26304,10.7,11,493.8,504.5,11,493.8,0,0.0,11.16,163
1790959571279,26304,10.7,11,494.0,504.7,11,494.0,0,0.0,11.16,163
1790959573279,26304,10.7,11,486.8,497.5,11,486.8,0,0.0,11.16,163
1790959575291,26304,10.7,11,466.8,477.6,11,466.8,0,0.0,11.16,163
1790959577301,26304,10.7,11,459.7,470.5,11,459.7,0,0.0,11.16,163
1790959579315,26304,10.7,11,455.0,465.7,11,455.0,0,0.0,11.16,163
1790959581314,26304,10.7,11,455.0,465.7,11,455.0,0,0.0,11.16,163
1790959583325,26304,10.7,11,455.0,465.7,11,455.0,0,0.0,11.16,163
1790959585330,26304,10.7,11,455.0,465.7,11,455.0,0,0.0,11.16,163
1790959587345,26304,10.7,11,455.0,465.7,11,455.0,0,0.0,11.16,163
1790959589348,26304,10.7,11,455.7,466.4,11,455.7,0,0.0,11.16,163
1790959591356,26304,10.7,11,456.5,467.3,11,456.5,0,0.0,11.16,163
1790959593366,26304,10.7,11,456.6,467.3,11,456.6,0,0.0,11.16,163
1790959595378,26304,10.7,11,456.6,467.3,11,456.6,0,0.0,11.16,163
1790959597380,26304,10.7,11,456.6,467.3,11,456.6,0,0.0,11.16,163
1790959599381,26304,10.7,11,456.5,467.2,11,456.5,0,0.0,11.16,163
1790959601382,26304,10.7,11,456.4,467.1,11,456.4,0,0.0,11.16,163
1790959603396,26304,10.7,11,456.4,467.1,11,456.4,0,0.0,11.16,163
1790959605401,26304,10.7,11,456.4,467.1,11,456.4,0,0.0,11.16,163
1790959607407,26304,10.7,11,456.3,467.1,11,456.3,0,0.0,11.16,163
1790959609419,26304,10.7,11,456.4,467.1,11,456.4,0,0.0,11.16,163
1790959611424,26304,10.7,11,456.4,467.1,11,456.4,0,0.0,11.16,163
1790959613427,26304,10.7,11,456.6,467.3,11,456.6,0,0.0,11.16,163
1790959615436,26304,10.7,11,456.5,467.2,11,456.5,0,0.0,11.16,163
1790959617440,26304,10.7,11,456.5,467.2,11,456.5,0,0.0,11.16,163
1790959619453,26304,10.7,11,456.5,467.2,11,456.5,0,0.0,11.16,163
1790959621455,26304,10.7,11,456.5,467.2,11,456.5,0,0.0,11.16,163
1790959623465,26304,10.7,11,456.5,467.2,11,456.5,0,0.0,11.16,163
1790959625477,26304,10.7,11,456.5,467.2,11,456.5,0,0.0,11.16,163
1790959627483,26304,10.7,11,456.5,467.2,11,456.5,0,0.0,11.16,163
1790959629491,26304,10.7,11,493.7,504.4,11,493.7,0,0.0,11.16,163
1790959631499,26304,10.7,11,493.4,504.2,11,493.4,0,0.0,11.16,163
1790959633501,26304,10.7,11,466.9,477.6,11,466.9,0,0.0,11.16,163
1790959635508,26304,10.7,11,466.9,477.6,11,466.9,0,0.0,11.16,163
1790959637521,26304,10.7,11,457.4,468.1,11,457.4,0,0.0,11.16,163
1790959639522,26304,10.7,11,457.4,468.1,11,457.4,0,0.0,11.16,163
1790959641524,26304,10.7,11,457.4,468.1,11,457.4,0,0.0,11.16,163
1790959643539,26304,10.7,11,456.7,467.4,11,456.7,0,0.0,11.16,163
1790959645540,26304,10.7,11,456.5,467.2,11,456.5,0,0.0,11.16,163
1790959647553,26304,10.7,11,456.5,467.2,11,456.5,0,0.0,11.16,163
1790959649567,26304,10.7,11,456.5,467.2,11,456.5,0,0.0,11.16,163
1790959651567,26304,10.7,11,456.5,467.2,11,456.5,0,0.0,11.16,163
1790959653580,26304,10.7,11,456.6,467.3,11,456.6,0,0.0,11.16,163
1790959655591,26304,10.7,11,456.8,467.5,11,456.8,0,0.0,11.16,163
1790959657594,26304,10.7,11,456.8,467.5,11,456.8,0,0.0,11.16,163
1790959659607,26304,10.7,11,456.7,467.5,11,456.7,0,0.0,11.16,163
1790959661632,26304,10.7,11,456.8,467.5,11,456.8,0,0.0,11.16,163
1790959663623,26304,10.7,11,456.7,467.5,11,456.7,0,0.0,11.16,163
1790959665638,26304,10.7,11,456.8,467.5,11,456.8,0,0.0,11.16,163
1790959667644,26304,10.7,11,456.8,467.5,11,456.8,0,0.0,11.16,163
1790959669649,26304,10.7,11,456.8,467.5,11,456.8,0,0.0,11.16,163
1790959671652,26304,10.7,11,456.7,467.5,11,456.7,0,0.0,11.16,163
1790959673667,26304,10.7,11,462.3,473.0,11,462.3,0,0.0,11.16,163
1790959675669,26304,10.7,11,459.9,470.6,11,459.9,0,0.0,11.16,163
1790959677680,26304,10.7,11,459.9,470.6,11,459.9,0,0.0,11.16,163
1790959679692,26304,10.7,11,459.9,470.6,11,459.9,0,0.0,11.16,163
1790959681710,26304,10.7,11,455.9,466.6,11,455.9,0,0.0,11.16,163
1790959683719,26304,10.7,11,455.5,466.2,11,455.5,0,0.0,11.16,163
1790959685733,26304,10.7,11,455.5,466.2,11,455.5,0,0.0,11.16,163
1790959687748,26304,10.7,11,455.5,466.2,11,455.5,0,0.0,11.16,163
1790959689751,26304,10.7,11,491.6,502.3,11,491.6,0,0.0,11.16,163
1790959691759,26304,10.7,11,491.3,502.0,11,491.3,0,0.0,11.16,163
1790959693775,26304,10.7,11,465.4,476.1,11,465.4,0,0.0,11.16,163
1790959695776,26304,10.7,11,463.5,474.2,11,463.5,0,0.0,11.16,163
1790959697783,26304,10.7,11,458.0,468.7,11,458.0,0,0.0,11.16,163
1790959699793,26304,10.7,11,457.0,467.7,11,457.0,0,0.0,11.16,163
1790959701794,26304,10.7,11,456.9,467.6,11,456.9,0,0.0,11.16,163
1790959703797,26304,10.7,11,457.0,467.7,11,457.0,0,0.0,11.16,163
1790959705807,26304,10.7,11,456.8,467.5,11,456.8,0,0.0,11.16,163
1790959707822,26304,10.7,11,456.8,467.6,11,456.8,0,0.0,11.16,163
1790959709830,26304,10.7,11,456.8,467.5,11,456.8,0,0.0,11.16,163
1790959711829,26304,10.7,11,456.9,467.6,11,456.9,0,0.0,11.16,163
1790959713833,26304,10.7,11,456.8,467.5,11,456.8,0,0.0,11.16,163
1790959715849,26304,10.7,11,456.9,467.6,11,456.9,0,0.0,11.16,163
1790959717860,26304,10.7,11,456.8,467.5,11,456.8,0,0.0,11.16,163
1790959719874,26304,10.7,11,456.8,467.6,11,456.8,0,0.0,11.16,163
1790959721879,26304,10.7,11,456.8,467.5,11,456.8,0,0.0,11.16,163
1790959723879,26304,10.7,11,456.8,467.6,11,456.8,0,0.0,11.16,163
1790959725888,26304,10.7,11,456.8,467.5,11,456.8,0,0.0,11.16,163
1790959727886,26304,10.7,11,456.8,467.5,11,456.8,0,0.0,11.16,163
1790959729902,26304,10.7,11,456.8,467.5,11,456.8,0,0.0,11.16,163
1790959731906,26304,10.7,11,456.8,467.6,11,456.8,0,0.0,11.16,163
1790959733929,26304,10.7,11,457.4,468.1,11,457.4,0,0.0,11.16,163
1790959735928,26304,10.7,11,457.4,468.1,11,457.4,0,0.0,11.16,163
1790959737940,26304,10.7,11,457.3,468.0,11,457.3,0,0.0,11.16,163
1790959739945,26304,10.7,11,457.4,468.1,11,457.4,0,0.0,11.16,163
1790959741956,26304,10.7,11,457.4,468.1,11,457.4,0,0.0,11.16,163
1790959743966,26304,10.7,11,457.5,468.2,11,457.5,0,0.0,11.16,163
1790959745966,26304,10.7,11,456.7,467.4,11,456.7,0,0.0,11.16,163
1790959747979,26304,10.7,11,456.8,467.5,11,456.8,0,0.0,11.16,163
1790959749981,26304,10.7,11,493.7,504.4,11,493.7,0,0.0,11.16,163
1790959751983,26304,10.7,11,493.8,504.5,11,493.8,0,0.0,11.16,163
1790959753988,26304,10.7,11,468.8,479.5,11,468.8,0,0.0,11.16,163
1790959756003,26304,10.7,11,468.8,479.5,11,468.8,0,0.0,11.16,163
1790959758008,26304,10.7,11,456.8,467.5,11,456.8,0,0.0,11.16,163
1790959760014,26304,10.7,11,456.9,467.6,11,456.9,0,0.0,11.16,163
1790959762026,26304,10.7,11,456.8,467.5,11,456.8,0,0.0,11.16,163
1790959764026,26304,10.7,11,456.8,467.5,11,456.8,0,0.0,11.16,163
1790959766036,26304,10.7,11,456.5,467.2,11,456.5,0,0.0,11.16,163
1790959768042,26304,10.7,11,456.6,467.3,11,456.6,0,0.0,11.16,163
1790959770049,26304,10.7,11,456.5,467.2,11,456.5,0,0.0,11.16,163
1790959772065,26304,10.7,11,456.6,467.3,11,456.6,0,0.0,11.16,163
1790959774104,26304,10.7,11,456.5,467.2,11,456.5,0,0.0,11.16,163
1790959776088,26304,10.7,11,460.4,471.1,11,460.4,0,0.0,11.16,163
1790959778096,26304,10.7,11,460.0,470.7,11,460.0,0,0.0,11.16,163
1790959780107,26304,10.7,11,460.0,470.8,11,460.0,0,0.0,11.16,163
1790959782107,26304,10.7,11,459.6,470.3,11,459.6,0,0.0,11.16,163
1790959784126,26304,10.7,11,456.7,467.4,11,456.7,0,0.0,11.16,163
1790959786131,26304,10.7,11,455.7,466.4,11,455.7,0,0.0,11.16,163
1790959788154,26304,10.7,11,455.5,466.2,11,455.5,0,0.0,11.16,163
1790959790163,26304,10.7,11,455.4,466.1,11,455.4,0,0.0,11.16,163
1790959792169,26304,10.7,11,455.5,466.2,11,455.5,0,0.0,11.16,163
1790959794182,26304,10.7,11,456.1,466.8,11,456.1,0,0.0,11.16,163
1790959796184,26304,10.7,11,456.8,467.5,11,456.8,0,0.0,11.16,163
1790959798191,26304,10.7,11,456.7,467.4,11,456.7,0,0.0,11.16,163
1790959800198,26304,10.7,11,456.8,467.5,11,456.8,0,0.0,11.16,163
1790959802204,26304,10.7,11,456.8,467.5,11,456.8,0,0.0,11.16,163
1790959804208,26304,10.7,11,456.8,467.5,11,456.8,0,0.0,11.16,163
1790959806218,26304,10.7,11,456.8,467.5,11,456.8,0,0.0,11.16,163
1790959808222,26304,10.7,11,479.5,490.2,11,479.5,0,0.0,11.16,163
1790959810237,26304,10.7,11,494.4,505.1,11,494.4,0,0.0,11.16,163
1790959812247,26304,10.7,11,494.4,505.1,11,494.4,0,0.0,11.16,163
1790959814247,26304,10.7,11,464.0,474.7,11,464.0,0,0.0,11.16,163
1790959816264,26304,10.7,11,459.2,469.9,11,459.2,0,0.0,11.16,163
1790959818292,26304,10.7,11,458.0,468.7,11,458.0,0,0.0,11.16,163
1790959820304,26304,10.7,11,456.8,467.5,11,456.8,0,0.0,11.16,163
1790959822308,26304,10.7,11,456.8,467.5,11,456.8,0,0.0,11.16,163
1790959824362,26304,10.7,11,456.8,467.5,11,456.8,0,0.0,11.16,163
1790959826337,26304,10.7,11,456.6,467.3,11,456.6,0,0.0,11.16,163
1790959828356,26304,10.7,11,456.6,467.3,11,456.6,0,0.0,11.16,163
1790959830354,26304,10.7,11,456.6,467.3,11,456.6,0,0.0,11.16,163
1790959832368,26304,10.7,11,456.6,467.4,11,456.6,0,0.0,11.16,163
1790959834379,26304,10.7,11,456.6,467.4,11,456.6,0,0.0,11.16,163
1790959836394,26304,10.7,11,457.3,468.0,11,457.3,0,0.0,11.16,163
1790959838397,26304,10.7,11,457.4,468.1,11,457.4,0,0.0,11.16,163
1790959840409,26304,10.7,11,457.5,468.2,11,457.5,0,0.0,11.16,163
1790959842411,26304,10.7,11,457.5,468.2,11,457.5,0,0.0,11.16,163
1790959844413,26304,10.7,11,457.5,468.2,11,457.5,0,0.0,11.16,163
1790959846431,26304,10.7,11,457.5,468.2,11,457.5,0,0.0,11.16,163
1790959848428,26304,10.7,11,456.8,467.5,11,456.8,0,0.0,11.16,163
1790959850443,26304,10.7,11,456.8,467.5,11,456.8,0,0.0,11.16,163
1790959852458,26304,10.7,11,456.8,467.5,11,456.8,0,0.0,11.16,163
1790959854457,26304,10.7,11,456.8,467.5,11,456.8,0,0.0,11.16,163
1790959856470,26304,10.7,11,456.5,467.2,11,456.5,0,0.0,11.16,163
1790959858486,26304,10.7,11,456.5,467.3,11,456.5,0,0.0,11.16,163
1790959860490,26304,10.7,11,456.7,467.4,11,456.7,0,0.0,11.16,163
1790959862493,26304,10.7,11,456.7,467.4,11,456.7,0,0.0,11.16,163
1790959864495,26304,10.7,11,456.7,467.4,11,456.7,0,0.0,11.16,163
1790959866504,26304,10.7,11,456.7,467.4,11,456.7,0,0.0,11.16,163
1790959868513,26304,10.7,11,480.6,491.3,11,480.6,0,0.0,11.16,163
1790959870534,26304,10.7,11,493.6,504.3,11,493.6,0,0.0,11.16,163
1790959872549,26304,10.7,11,493.7,504.4,11,493.7,0,0.0,11.16,163
1790959874573,26304,10.7,11,464.2,474.9,11,464.2,0,0.0,11.16,163
1790959876568,26304,10.7,11,457.9,468.6,11,457.9,0,0.0,11.16,163
1790959878589,26304,10.7,11,461.7,472.4,11,461.7,0,0.0,11.16,163
1790959880598,26304,10.7,11,459.9,470.6,11,459.9,0,0.0,11.16,163
1790959882615,26304,10.7,11,459.9,470.6,11,459.9,0,0.0,11.16,163
1790959884617,26304,10.7,11,459.9,470.6,11,459.9,0,0.0,11.16,163
1790959886630,26304,10.7,11,455.4,466.1,11,455.4,0,0.0,11.16,163
1790959888635,26304,10.7,11,455.4,466.1,11,455.4,0,0.0,11.16,163
1790959890649,26304,10.7,11,455.4,466.1,11,455.4,0,0.0,11.16,163
1790959892662,26304,10.7,11,455.4,466.1,11,455.4,0,0.0,11.16,163
1790959894664,26304,10.7,11,455.2,465.9,11,455.2,0,0.0,11.16,163
1790959896671,26304,10.7,11,455.9,466.6,11,455.9,0,0.0,11.16,163
1790959898674,26304,10.7,11,456.7,467.4,11,456.7,0,0.0,11.16,163
1790959900687,26304,10.7,11,456.8,467.5,11,456.8,0,0.0,11.16,163
1790959902702,26304,10.7,11,456.8,467.5,11,456.8,0,0.0,11.16,163
1790959904716,26304,10.7,11,456.8,467.5,11,456.8,0,0.0,11.16,163
1790959906719,26304,10.7,11,456.7,467.5,11,456.7,0,0.0,11.16,163
1790959908729,26304,10.7,11,456.5,467.2,11,456.5,0,0.0,11.16,163
1790959910734,26304,10.7,11,456.5,467.2,11,456.5,0,0.0,11.16,163
1790959912741,26304,10.7,11,456.5,467.2,11,456.5,0,0.0,11.16,163
1790959914756,26304,10.7,11,456.5,467.2,11,456.5,0,0.0,11.16,163
1790959916767,26304,10.7,11,456.6,467.3,11,456.6,0,0.0,11.16,163
1790959918773,26304,10.7,11,456.6,467.3,11,456.6,0,0.0,11.16,163
1790959920789,26304,10.7,11,456.8,467.5,11,456.8,0,0.0,11.16,163
1790959922799,26304,10.7,11,456.6,467.3,11,456.6,0,0.0,11.16,163
1790959924804,26304,10.7,11,456.6,467.3,11,456.6,0,0.0,11.16,163
1790959926811,26304,10.7,11,456.6,467.3,11,456.6,0,0.0,11.16,163
1790959928843,26304,28.3,17,629.6,657.9,11,495.3,6,134.3,11.16,163
1790959930844,26304,11.8,11,495.1,506.9,11,495.1,0,0.0,11.16,163
1790959932861,26304,11.8,11,495.1,507.0,11,495.1,0,0.0,11.16,163
1790959934886,26304,11.8,11,464.2,476.0,11,464.2,0,0.0,11.16,163
1790959936881,26304,11.8,11,458.0,469.8,11,458.0,0,0.0,12.41,164
1790959938890,26304,11.8,11,458.0,469.8,11,458.0,0,0.0,12.41,164
1790959940901,26304,11.8,11,457.5,469.4,11,457.5,0,0.0,12.41,164
1790959942908,26304,11.8,11,457.6,469.4,11,457.6,0,0.0,12.41,164
1790959944915,26304,11.8,11,457.5,469.3,11,457.5,0,0.0,12.41,164
1790959946936,26304,11.8,11,457.4,469.3,11,457.4,0,0.0,12.41,164
1790959948943,26304,11.8,11,457.5,469.3,11,457.5,0,0.0,12.41,164
1790959950945,26304,11.8,11,456.8,468.6,11,456.8,0,0.0,12.41,164
1790959952956,26304,11.8,11,456.8,468.6,11,456.8,0,0.0,12.41,164
1790959954970,26304,11.8,11,456.8,468.6,11,456.8,0,0.0,12.41,164
1790959956975,26304,11.8,11,456.8,468.7,11,456.8,0,0.0,12.41,164
1790959958979,26304,11.8,11,456.8,468.6,11,456.8,0,0.0,12.41,164
1790959960998,26304,11.8,11,456.8,468.7,11,456.8,0,0.0,12.41,164
1790959963017,26304,11.8,11,456.8,468.7,11,456.8,0,0.0,12.41,164
1790959965031,26304,11.8,11,456.8,468.7,11,456.8,0,0.0,12.41,164
1790959967056,26304,11.8,11,456.8,468.7,11,456.8,0,0.0,12.41,164
1790959969065,26304,11.8,11,456.5,468.4,11,456.5,0,0.0,12.41,164
1790959971064,26304,11.8,11,456.5,468.4,11,456.5,0,0.0,12.41,164
1790959973072,26304,11.8,11,456.5,468.4,11,456.5,0,0.0,12.41,164
1790959975076,26304,11.8,11,456.5,468.4,11,456.5,0,0.0,12.41,164
1790959977093,26304,11.8,11,456.6,468.4,11,456.6,0,0.0,12.41,164
1790959979095,26304,11.8,11,456.5,468.4,11,456.5,0,0.0,12.41,164
1790959981105,26304,11.8,11,462.3,474.1,11,462.3,0,0.0,12.41,164
1790959983105,26304,11.8,11,459.9,471.7,11,459.9,0,0.0,12.41,164
1790959985110,26304,11.8,11,459.5,471.3,11,459.5,0,0.0,12.41,164
1790959987112,26304,11.8,11,458.8,470.7,11,458.8,0,0.0,12.41,164
1790959989126,26304,11.8,11,491.8,503.7,11,491.8,0,0.0,12.41,164
1790959991135,26304,11.8,11,492.6,504.5,11,492.6,0,0.0,12.41,164
1790959993146,26304,11.8,11,462.9,474.7,11,462.9,0,0.0,12.41,164
1790959995157,26304,11.8,11,462.9,474.7,11,462.9,0,0.0,12.41,164
1790959997172,26304,11.8,11,456.8,468.7,11,456.8,0,0.0,12.41,164
1790959999178,26304,11.8,11,456.8,468.6,11,456.8,0,0.0,12.41,164
1790960001183,26304,11.9,11,457.3,469.2,11,457.3,0,0.0,12.41,164
1790960003193,26304,11.9,11,456.9,468.8,11,456.9,0,0.0,12.41,164
1790960005193,26304,11.9,11,457.1,468.9,11,457.1,0,0.0,12.41,164
1790960007203,26304,11.9,11,457.0,468.9,11,457.0,0,0.0,12.41,164
1790960009217,26304,11.9,11,457.1,468.9,11,457.1,0,0.0,12.41,164
1790960011228,26304,11.9,11,457.1,469.0,11,457.1,0,0.0,12.41,164
1790960013230,26304,11.9,11,457.1,469.0,11,457.1,0,0.0,12.41,164
1790960015251,26304,11.9,11,457.1,469.0,11,457.1,0,0.0,12.41,164
1790960017244,26304,11.9,11,457.1,469.0,11,457.1,0,0.0,12.41,164
1790960019253,26304,11.9,11,457.1,469.0,11,457.1,0,0.0,12.41,164
1790960021256,26304,11.9,11,457.1,469.0,11,457.1,0,0.0,12.41,164
1790960023267,26304,11.9,11,457.1,469.0,11,457.1,0,0.0,12.41,164
1790960025281,26304,11.9,11,457.1,469.0,11,457.1,0,0.0,12.41,164
1790960027286,26304,11.9,11,457.1,469.0,11,457.1,0,0.0,12.41,164
1790960029315,26304,11.9,11,456.9,468.7,11,456.9,0,0.0,12.41,164
1790960031316,26304,11.9,11,456.8,468.7,11,456.8,0,0.0,12.41,164
1790960033324,26304,11.9,11,456.8,468.7,11,456.8,0,0.0,12.41,164
1790960035329,26304,11.9,11,456.8,468.7,11,456.8,0,0.0,12.41,164
1790960037332,26304,11.9,11,456.8,468.7,11,456.8,0,0.0,12.41,164
1790960039336,26304,11.9,11,456.8,468.7,11,456.8,0,0.0,12.41,164
1790960041350,26304,11.9,11,457.6,469.4,11,457.6,0,0.0,12.41,164
1790960043356,26304,11.9,11,457.7,469.6,11,457.7,0,0.0,12.41,164
1790960045352,26304,11.9,11,457.8,469.6,11,457.8,0,0.0,12.41,164
1790960047365,26304,11.9,11,457.7,469.6,11,457.7,0,0.0,12.41,164
1790960049367,26304,11.9,11,495.9,507.8,11,495.9,0,0.0,12.41,164
1790960051393,26304,11.9,11,495.7,507.6,11,495.7,0,0.0,12.41,164
1790960053386,26304,11.9,11,463.8,475.6,11,463.8,0,0.0,12.41,164
1790960055393,26304,11.9,11,463.8,475.7,11,463.8,0,0.0,12.41,164
1790960057404,26304,11.9,11,457.7,469.5,11,457.7,0,0.0,12.41,164
1790960059410,26304,11.9,11,457.4,469.2,11,457.4,0,0.0,12.41,164
1790960061410,26304,11.9,11,456.9,468.7,11,456.9,0,0.0,12.41,164
1790960063416,26304,11.9,11,456.8,468.7,11,456.8,0,0.0,12.41,164
1790960065427,26304,11.9,11,457.0,468.9,11,457.0,0,0.0,12.41,164
1790960067436,26304,11.9,11,457.0,468.9,11,457.0,0,0.0,12.41,164
1790960069446,26304,11.9,11,457.0,468.9,11,457.0,0,0.0,12.41,164
1790960071447,26304,11.9,11,457.0,468.9,11,457.0,0,0.0,12.41,164
1790960073454,26304,11.9,11,456.8,468.7,11,456.8,0,0.0,12.41,164
1790960075458,26304,11.9,11,456.8,468.7,11,456.8,0,0.0,12.41,164
1790960077460,26304,11.9,11,456.9,468.8,11,456.9,0,0.0,12.41,164
1790960079465,26304,11.9,11,456.8,468.7,11,456.8,0,0.0,12.41,164
1790960081474,26304,11.9,11,456.8,468.7,11,456.8,0,0.0,12.41,164
1790960083475,26304,11.9,11,462.2,474.0,11,462.2,0,0.0,12.41,164
1790960085482,26304,11.9,11,460.3,472.2,11,460.3,0,0.0,12.41,164
1790960087496,26304,11.9,11,460.3,472.1,11,460.3,0,0.0,12.41,164
1790960089501,26304,11.9,11,459.7,471.6,11,459.7,0,0.0,12.41,164
1790960091522,26304,11.9,11,456.2,468.1,11,456.2,0,0.0,12.41,164
1790960093524,26304,11.9,11,455.6,467.4,11,455.6,0,0.0,12.41,164
1790960095532,26304,11.9,11,455.5,467.4,11,455.5,0,0.0,12.41,164
1790960097544,26304,11.9,11,455.6,467.4,11,455.6,0,0.0,12.41,164
1790960099549,26304,11.9,11,455.6,467.4,11,455.6,0,0.0,12.41,164
1790960101562,26304,11.9,11,456.3,468.1,11,456.3,0,0.0,12.41,164
1790960103571,26304,11.9,11,457.1,468.9,11,457.1,0,0.0,12.41,164
1790960105579,26304,11.9,11,457.1,468.9,11,457.1,0,0.0,12.41,164
1790960107587,26304,11.8,11,456.7,468.5,11,456.7,0,0.0,12.41,164
1790960109598,26304,11.8,11,494.5,506.3,11,494.5,0,0.0,12.41,164
1790960111603,26304,11.8,11,494.1,506.0,11,494.1,0,0.0,12.41,164
1790960113625,26304,11.8,11,463.6,475.5,11,463.6,0,0.0,12.41,164
1790960115630,26304,11.8,11,463.5,475.4,11,463.5,0,0.0,12.41,164
1790960117636,26304,11.8,11,457.4,469.2,11,457.4,0,0.0,12.41,164
1790960119652,26304,11.8,11,456.2,468.0,11,456.2,0,0.0,12.41,164
1790960121654,26304,11.8,11,457.8,469.6,11,457.8,0,0.0,12.41,164
1790960123666,26304,11.8,11,457.4,469.3,11,457.4,0,0.0,12.41,164
1790960125671,26304,11.8,11,460.9,472.7,11,460.9,0,0.0,12.41,164
1790960127686,26304,11.8,11,460.6,472.4,11,460.6,0,0.0,12.41,164
1790960129694,26304,11.8,11,456.0,467.8,11,456.0,0,0.0,12.41,164
1790960131705,26304,11.8,11,455.9,467.7,11,455.9,0,0.0,12.41,164
1790960133712,26304,11.8,11,455.6,467.5,11,455.6,0,0.0,12.41,164
1790960135715,26304,11.8,11,455.7,467.5,11,455.7,0,0.0,12.41,164
1790960137725,26304,11.8,11,455.7,467.5,11,455.7,0,0.0,12.41,164
1790960139730,26304,11.8,11,455.5,467.4,11,455.5,0,0.0,12.41,164
1790960141733,26304,11.8,11,455.6,467.5,11,455.6,0,0.0,12.41,164
1790960143748,26304,11.8,11,456.4,468.2,11,456.4,0,0.0,12.41,164
1790960145754,26304,11.8,11,456.5,468.3,11,456.5,0,0.0,12.41,164
1790960147768,26304,11.8,11,456.6,468.4,11,456.6,0,0.0,12.41,164
1790960149787,26304,11.8,11,456.6,468.4,11,456.6,0,0.0,12.41,164
1790960151803,26304,11.8,11,456.6,468.4,11,456.6,0,0.0,12.41,164
1790960153809,26304,11.8,11,456.6,468.4,11,456.6,0,0.0,12.41,164
1790960155822,26304,11.8,11,456.6,468.4,11,456.6,0,0.0,12.41,164
1790960157832,26304,11.8,11,455.8,467.6,11,455.8,0,0.0,12.41,164
1790960159834,26304,11.8,11,455.8,467.6,11,455.8,0,0.0,12.41,164
1790960161845,26304,11.8,11,455.8,467.6,11,455.8,0,0.0,12.41,164
1790960163846,26304,11.8,11,455.6,467.4,11,455.6,0,0.0,12.41,164
1790960165871,26304,11.8,11,455.6,467.4,11,455.6,0,0.0,12.41,164
1790960167878,26304,11.8,11,455.8,467.6,11,455.8,0,0.0,12.41,164
1790960169891,26304,11.8,11,494.0,505.9,11,494.0,0,0.0,12.41,164
1790960171892,26304,11.8,11,493.7,505.5,11,493.7,0,0.0,12.41,164
1790960173902,26304,11.8,11,466.1,477.9,11,466.1,0,0.0,12.41,164
1790960175904,26304,11.8,11,464.9,476.7,11,464.9,0,0.0,12.41,164
1790960177906,26304,11.8,11,457.0,468.9,11,457.0,0,0.0,12.41,164
1790960179908,26304,11.8,11,457.0,468.8,11,457.0,0,0.0,12.41,164
1790960181915,26304,11.8,11,455.6,467.4,11,455.6,0,0.0,12.41,164
1790960183924,26304,11.8,11,455.5,467.4,11,455.5,0,0.0,12.41,164
1790960185941,26304,11.8,11,461.3,473.2,11,461.3,0,0.0,12.41,164
1790960187947,26304,11.8,11,459.4,471.3,11,459.4,0,0.0,12.41,164
1790960189947,26304,11.8,11,459.5,471.3,11,459.5,0,0.0,12.41,164
1790960191951,26304,11.8,11,459.1,470.9,11,459.1,0,0.0,12.41,164
1790960193965,26304,11.8,11,454.8,466.6,11,454.8,0,0.0,12.41,164
1790960195968,26304,11.8,11,454.4,466.3,11,454.4,0,0.0,12.41,164
1790960197985,26304,11.8,11,454.4,466.3,11,454.4,0,0.0,12.41,164
1790960199996,26304,11.8,11,454.4,466.2,11,454.4,0,0.0,12.41,164
1790960202010,26304,11.8,11,454.4,466.3,11,454.4,0,0.0,12.41,164
1790960204017,26304,11.8,11,455.3,467.1,11,455.3,0,0.0,12.41,164
1790960206018,26304,11.8,11,456.2,468.0,11,456.2,0,0.0,12.41,164
1790960208028,26304,11.8,11,456.1,467.9,11,456.1,0,0.0,12.41,164
1790960210039,26304,11.8,11,456.1,468.0,11,456.1,0,0.0,12.41,164
1790960212053,26304,11.8,11,456.1,467.9,11,456.1,0,0.0,12.41,164
1790960214067,26304,11.8,11,456.1,468.0,11,456.1,0,0.0,12.41,164
1790960216082,26304,11.8,11,456.2,468.0,11,456.2,0,0.0,12.41,164
1790960218088,26304,11.8,11,456.0,467.8,11,456.0,0,0.0,12.41,164
1790960220096,26304,11.8,11,455.9,467.8,11,455.9,0,0.0,12.41,164
1790960222105,26304,11.8,11,456.0,467.8,11,456.0,0,0.0,12.41,164
1790960224114,26304,11.8,11,456.1,467.9,11,456.1,0,0.0,12.41,164
1790960226128,26304,11.8,11,456.1,467.9,11,456.1,0,0.0,12.41,164
1790960228127,26304,11.8,11,456.1,468.0,11,456.1,0,0.0,12.41,164
1790960230135,26304,11.8,11,494.2,506.1,11,494.2,0,0.0,12.41,164
1790960232153,26304,11.8,11,493.9,505.7,11,493.9,0,0.0,12.41,164
1790960234151,26304,11.8,11,464.3,476.1,11,464.3,0,0.0,12.41,164
1790960236152,26304,11.8,11,458.1,469.9,11,458.1,0,0.0,12.41,164
1790960238166,26304,11.8,11,457.1,468.9,11,457.1,0,0.0,12.41,164
1790960240177,26304,11.8,11,455.9,467.7,11,455.9,0,0.0,12.41,164
1790960242192,26304,11.8,11,455.9,467.7,11,455.9,0,0.0,12.41,164
1790960244203,26304,11.8,11,455.9,467.7,11,455.9,0,0.0,12.41,164
1790960246215,26304,11.8,11,456.5,468.4,11,456.5,0,0.0,12.41,164
1790960248228,26304,11.8,11,456.7,468.5,11,456.7,0,0.0,12.41,164
1790960250233,26304,11.8,11,456.8,468.6,11,456.8,0,0.0,12.41,164
1790960252246,26304,11.8,11,456.7,468.6,11,456.7,0,0.0,12.41,164
1790960254253,26304,11.8,11,456.8,468.6,11,456.8,0,0.0,12.41,164
1790960256259,26304,11.8,11,456.8,468.6,11,456.8,0,0.0,12.41,164
1790960258262,26304,11.8,11,455.4,467.3,11,455.4,0,0.0,12.41,164
1790960260273,26304,11.8,11,455.4,467.2,11,455.4,0,0.0,12.41,164
1790960262281,26304,11.8,11,455.4,467.2,11,455.4,0,0.0,12.41,164
1790960264296,26304,11.8,11,455.4,467.2,11,455.4,0,0.0,12.41,164
1790960266297,26304,11.8,11,456.1,467.9,11,456.1,0,0.0,12.41,164
1790960268307,26304,11.8,11,455.9,467.7,11,455.9,0,0.0,12.41,164
1790960270325,26304,11.8,11,456.1,467.9,11,456.1,0,0.0,12.41,164
1790960272334,26304,11.8,11,456.1,467.9,11,456.1,0,0.0,12.41,164
1790960274345,26304,11.8,11,456.0,467.8,11,456.0,0,0.0,12.41,164
1790960276354,26304,11.8,11,456.1,467.9,11,456.1,0,0.0,12.41,164
1790960278366,26304,11.8,11,456.0,467.8,11,456.0,0,0.0,12.41,164
1790960280391,26304,11.8,11,456.1,467.9,11,456.1,0,0.0,12.41,164
1790960282406,26304,11.8,11,456.0,467.8,11,456.0,0,0.0,12.41,164
1790960284420,26304,11.8,11,456.1,467.9,11,456.1,0,0.0,12.41,164
1790960286422,26304,11.8,11,456.0,467.8,11,456.0,0,0.0,12.41,164
1790960288430,26304,11.8,11,483.6,495.4,11,483.6,0,0.0,12.41,164
1790960290440,26304,11.9,11,495.7,507.6,11,495.7,0,0.0,12.41,164
1790960292456,26304,11.9,11,495.8,507.7,11,495.8,0,0.0,12.41,164
1790960294468,26304,11.9,11,468.2,480.2,11,468.2,0,0.0,12.41,164
1790960296474,26304,11.9,11,456.3,468.2,11,456.3,0,0.0,12.41,164
1790960298481,26304,11.9,11,455.6,467.5,11,455.6,0,0.0,12.41,164
1790960300482,26304,11.9,11,455.7,467.6,11,455.7,0,0.0,12.41,164
1790960302486,26304,11.9,11,454.4,466.4,11,454.4,0,0.0,12.41,164
1790960304487,26304,11.9,11,454.5,466.4,11,454.5,0,0.0,12.41,164
1790960306503,26304,11.9,11,455.1,467.0,11,455.1,0,0.0,12.41,164
1790960308510,26304,11.9,11,456.0,467.9,11,456.0,0,0.0,12.41,164
1790960310515,26304,11.9,11,456.0,467.9,11,456.0,0,0.0,12.41,164
1790960312523,26304,11.9,11,456.1,468.0,11,456.1,0,0.0,12.41,164
1790960314526,26304,11.9,11,456.1,468.0,11,456.1,0,0.0,12.41,164
1790960316535,26304,11.9,11,456.1,468.1,11,456.1,0,0.0,12.41,164
1790960318548,26304,11.9,11,456.0,467.9,11,456.0,0,0.0,12.41,164
1790960320562,26304,11.9,11,456.2,468.1,11,456.2,0,0.0,12.41,164
1790960322576,26304,11.9,11,456.1,468.0,11,456.1,0,0.0,12.41,164
1790960324578,26304,11.9,11,456.2,468.1,11,456.2,0,0.0,12.41,164
1790960326596,26304,11.9,11,456.0,468.0,11,456.0,0,0.0,12.41,164
1790960328610,26304,11.9,11,455.8,467.8,11,455.8,0,0.0,12.41,164
1790960330620,26304,11.9,11,455.9,467.9,11,455.9,0,0.0,12.41,164
1790960332632,26304,11.9,11,456.0,468.0,11,456.0,0,0.0,12.41,164
1790960334644,26304,11.9,11,456.0,467.9,11,456.0,0,0.0,12.41,164
1790960336649,26304,11.9,11,456.1,468.0,11,456.1,0,0.0,12.41,164
1790960338654,26304,11.9,11,456.0,467.9,11,456.0,0,0.0,12.41,164
1790960340662,26304,11.9,11,456.0,468.0,11,456.0,0,0.0,12.41,164
1790960342672,26304,11.9,11,455.9,467.9,11,455.9,0,0.0,12.41,164
1790960344672,26304,11.9,11,456.0,468.0,11,456.0,0,0.0,12.41,164
1790960346688,26304,11.9,11,456.0,467.9,11,456.0,0,0.0,12.41,164
1790960348691,26304,11.9,11,494.5,506.4,11,494.5,0,0.0,12.41,164
1790960350703,26304,11.9,11,494.0,505.9,11,494.0,0,0.0,12.41,164
1790960352713,26304,11.9,11,464.5,476.4,11,464.5,0,0.0,12.41,164
1790960354712,26304,11.9,11,464.5,476.4,11,464.5,0,0.0,12.41,164
1790960356725,26304,11.9,11,457.9,469.9,11,457.9,0,0.0,12.41,164
1790960358749,26304,11.9,11,455.7,467.6,11,455.7,0,0.0,12.41,164
1790960360760,26304,11.9,11,455.8,467.7,11,455.8,0,0.0,12.41,164
1790960362775,26304,11.9,11,455.7,467.6,11,455.7,0,0.0,12.41,164
1790960364783,26304,11.9,11,455.8,467.7,11,455.8,0,0.0,12.41,164
1790960366794,26304,11.9,11,455.7,467.6,11,455.7,0,0.0,12.41,164
1790960368802,26304,11.9,11,455.8,467.7,11,455.8,0,0.0,12.41,164
1790960370803,26304,11.9,11,455.7,467.6,11,455.7,0,0.0,12.41,164
1790960372812,26304,11.9,11,456.0,467.9,11,456.0,0,0.0,12.41,164
1790960374820,26304,11.8,11,455.9,467.7,11,455.9,0,0.0,12.41,164
1790960376826,26304,11.8,11,455.9,467.8,11,455.9,0,0.0,12.41,164
1790960378841,26304,11.8,11,455.8,467.6,11,455.8,0,0.0,12.41,164
1790960380840,26304,11.8,11,456.0,467.8,11,456.0,0,0.0,12.41,164
1790960382841,26304,11.8,11,455.9,467.7,11,455.9,0,0.0,12.41,164
1790960384844,26304,11.8,11,455.9,467.8,11,455.9,0,0.0,12.41,164
1790960386847,26304,11.8,11,455.9,467.7,11,455.9,0,0.0,12.41,164
1790960388874,26304,11.8,11,456.0,467.8,11,456.0,0,0.0,12.41,164
1790960390879,26304,11.8,11,461.4,473.2,11,461.4,0,0.0,12.41,164
1790960392888,26304,11.8,11,459.6,471.5,11,459.6,0,0.0,12.41,164
1790960394890,26304,11.8,11,459.1,470.9,11,459.1,0,0.0,12.41,164
1790960396896,26304,11.8,11,458.6,470.4,11,458.6,0,0.0,12.41,164
1790960398896,26304,11.8,11,454.9,466.8,11,454.9,0,0.0,12.41,164
1790960400898,26304,11.8,11,455.0,466.9,11,455.0,0,0.0,12.41,164
1790960402906,26304,11.8,11,454.9,466.8,11,454.9,0,0.0,12.41,164
1790960404910,26304,11.8,11,455.1,466.9,11,455.1,0,0.0,12.41,164
1790960406928,26304,11.8,11,454.9,466.8,11,454.9,0,0.0,12.41,164
1790960408938,26304,11.8,11,494.3,506.1,11,494.3,0,0.0,12.41,164
1790960410951,26304,11.8,11,493.9,505.8,11,493.9,0,0.0,12.41,164
1790960412956,26304,11.8,11,468.9,480.7,11,468.9,0,0.0,12.41,164
1790960414963,26304,11.8,11,464.0,475.8,11,464.0,0,0.0,12.41,164
1790960416966,26304,11.8,11,456.6,468.4,11,456.6,0,0.0,12.41,164
1790960418970,26304,11.8,11,456.2,468.1,11,456.2,0,0.0,12.41,164
1790960420974,26304,11.8,11,456.3,468.2,11,456.3,0,0.0,12.41,164
1790960422973,26304,11.8,11,456.2,468.1,11,456.2,0,0.0,12.41,164
1790960424985,26304,11.8,11,456.3,468.1,11,456.3,0,0.0,12.41,164
1790960426991,26304,11.8,11,456.2,468.1,11,456.2,0,0.0,12.41,164
1790960429001,26304,11.8,11,456.3,468.1,11,456.3,0,0.0,12.41,164
1790960431002,26304,11.8,11,456.2,468.0,11,456.2,0,0.0,12.41,164
1790960433009,26304,11.8,11,456.6,468.4,11,456.6,0,0.0,12.41,164
1790960435019,26304,11.8,11,456.5,468.3,11,456.5,0,0.0,12.41,164
1790960437027,26304,11.8,11,456.6,468.4,11,456.6,0,0.0,12.41,164
1790960439028,26304,11.8,11,456.3,468.1,11,456.3,0,0.0,12.41,164
1790960441043,26304,11.8,11,456.6,468.4,11,456.6,0,0.0,12.41,164
1790960443040,26304,11.8,11,456.5,468.3,11,456.5,0,0.0,12.41,164
1790960445046,26304,11.8,11,456.6,468.4,11,456.6,0,0.0,12.41,164
1790960447058,26304,11.8,11,456.5,468.3,11,456.5,0,0.0,12.41,164
1790960449070,26304,11.8,11,456.3,468.1,11,456.3,0,0.0,12.41,164
1790960451089,26304,11.8,11,456.9,468.7,11,456.9,0,0.0,12.41,164
1790960453100,26304,11.8,11,457.1,469.0,11,457.1,0,0.0,12.41,164
1790960455103,26304,11.8,11,457.1,468.9,11,457.1,0,0.0,12.41,164
1790960457108,26304,11.8,11,457.2,469.0,11,457.2,0,0.0,12.41,164
1790960459104,26304,11.8,11,457.1,469.0,11,457.1,0,0.0,12.41,164
1790960461106,26304,11.8,11,457.2,469.0,11,457.2,0,0.0,12.41,164
1790960463119,26304,11.8,11,456.4,468.3,11,456.4,0,0.0,12.41,164
1790960465132,26304,11.8,11,456.5,468.4,11,456.5,0,0.0,12.41,164
1790960467145,26304,11.8,11,456.4,468.3,11,456.4,0,0.0,12.41,164
1790960469151,26304,11.8,11,493.5,505.3,11,493.5,0,0.0,12.41,164
1790960471163,26304,11.8,11,493.0,504.8,11,493.0,0,0.0,12.41,164
1790960473164,26304,11.8,11,465.0,476.9,11,465.0,0,0.0,12.41,164
1790960475169,26304,11.8,11,464.1,475.9,11,464.1,0,0.0,12.41,164
1790960477180,26304,11.8,11,457.8,469.6,11,457.8,0,0.0,12.41,164
1790960479183,26304,11.8,11,456.3,468.1,11,456.3,0,0.0,12.41,164
1790960481201,26304,11.8,11,456.3,468.2,11,456.3,0,0.0,12.41,164
1790960483202,26304,11.8,11,456.3,468.2,11,456.3,0,0.0,12.41,164
1790960485215,26304,11.8,11,456.3,468.2,11,456.3,0,0.0,12.41,164
1790960487218,26304,11.8,11,456.5,468.3,11,456.5,0,0.0,12.41,164
1790960489227,26304,11.8,11,456.4,468.3,11,456.4,0,0.0,12.41,164
1790960491233,26304,11.8,11,456.4,468.3,11,456.4,0,0.0,12.41,164
1790960493239,26304,11.8,11,462.2,474.0,11,462.2,0,0.0,12.41,164
1790960495254,26304,11.8,11,460.0,471.8,11,460.0,0,0.0,12.41,164
1790960497251,26304,11.8,11,460.0,471.8,11,460.0,0,0.0,12.41,164
1790960499257,26304,11.8,11,459.4,471.2,11,459.4,0,0.0,12.41,164
1790960501259,26304,11.8,11,455.9,467.7,11,455.9,0,0.0,12.41,164
1790960503275,26304,11.8,11,455.3,467.1,11,455.3,0,0.0,12.41,164
1790960505285,26304,11.8,11,455.3,467.1,11,455.3,0,0.0,12.41,164
1790960507293,26304,11.8,11,455.3,467.1,11,455.3,0,0.0,12.41,164
1790960509298,26304,11.8,11,454.9,466.8,11,454.9,0,0.0,12.41,164
1790960511306,26304,11.8,11,455.6,467.5,11,455.6,0,0.0,12.41,164
1790960513315,26304,11.8,11,456.5,468.3,11,456.5,0,0.0,12.41,164
1790960515343,26304,11.8,11,456.5,468.3,11,456.5,0,0.0,12.41,164
1790960517346,26304,11.8,11,456.5,468.3,11,456.5,0,0.0,12.41,164
1790960519363,26304,11.8,11,456.5,468.3,11,456.5,0,0.0,12.41,164
1790960521372,26304,11.8,11,456.5,468.4,11,456.5,0,0.0,12.41,164
1790960523371,26304,11.8,11,456.3,468.2,11,456.3,0,0.0,12.41,164
1790960525380,26304,11.8,11,456.3,468.2,11,456.3,0,0.0,12.41,164
1790960527386,26304,11.8,11,456.4,468.2,11,456.4,0,0.0,12.41,164
1790960529392,26304,11.8,11,494.2,506.0,11,494.2,0,0.0,12.41,164
1790960531400,26304,11.8,11,493.9,505.7,11,493.9,0,0.0,12.41,164
1790960533414,26304,11.8,11,464.3,476.1,11,464.3,0,0.0,12.41,164
1790960535417,26304,11.8,11,464.4,476.2,11,464.4,0,0.0,12.41,164
1790960537423,26304,11.8,11,456.8,468.6,11,456.8,0,0.0,12.41,164
1790960539436,26304,11.8,11,456.5,468.3,11,456.5,0,0.0,12.41,164
1790960541453,26304,11.8,11,456.5,468.3,11,456.5,0,0.0,12.41,164
1790960543458,26304,11.8,11,456.5,468.3,11,456.5,0,0.0,12.41,164
1790960545482,26304,11.8,11,456.5,468.3,11,456.5,0,0.0,12.41,164
1790960547480,26304,11.8,11,456.5,468.3,11,456.5,0,0.0,12.41,164
1790960549481,26304,11.8,11,456.5,468.3,11,456.5,0,0.0,12.41,164
1790960551496,26304,11.8,11,456.5,468.3,11,456.5,0,0.0,12.41,164
1790960553495,26304,11.8,11,457.2,469.0,11,457.2,0,0.0,12.41,164
1790960555504,26304,11.8,11,457.4,469.2,11,457.4,0,0.0,12.41,164
1790960557513,26304,11.8,11,457.4,469.2,11,457.4,0,0.0,12.41,164
1790960559517,26304,11.8,11,457.2,469.1,11,457.2,0,0.0,12.41,164
1790960561527,26304,11.8,11,457.4,469.2,11,457.4,0,0.0,12.41,164
1790960563529,26304,11.8,11,457.4,469.2,11,457.4,0,0.0,12.41,164
1790960565542,26304,11.8,11,456.7,468.5,11,456.7,0,0.0,12.41,164
1790960567556,26304,11.8,11,456.7,468.5,11,456.7,0,0.0,12.41,164
1790960569569,26304,11.8,11,456.7,468.5,11,456.7,0,0.0,12.41,164
1790960571587,26304,11.8,11,456.7,468.5,11,456.7,0,0.0,12.41,164
1790960573587,26304,11.8,11,456.7,468.5,11,456.7,0,0.0,12.41,164
1790960575595,26304,11.8,11,456.8,468.6,11,456.8,0,0.0,12.41,164
1790960577599,26304,11.8,11,456.8,468.6,11,456.8,0,0.0,12.41,164
1790960579607,26304,11.8,11,456.8,468.6,11,456.8,0,0.0,12.41,164
1790960581619,26304,11.8,11,456.8,468.6,11,456.8,0,0.0,12.41,164
1790960583633,26304,11.8,11,456.5,468.3,11,456.5,0,0.0,12.41,164
1790960585645,26304,11.8,11,456.5,468.3,11,456.5,0,0.0,12.41,164
1790960587651,26304,11.8,11,456.5,468.3,11,456.5,0,0.0,12.41,164
1790960589656,26304,11.8,11,495.9,507.7,11,495.9,0,0.0,12.41,164
1790960591666,26304,11.8,11,495.5,507.4,11,495.5,0,0.0,12.41,164
1790960593672,26304,11.8,11,464.4,476.3,11,464.4,0,0.0,12.41,164
1790960595673,26304,11.8,11,464.6,476.4,11,464.6,0,0.0,12.41,164
1790960597675,26304,11.8,11,460.6,472.5,11,460.6,0,0.0,12.41,164
1790960599681,26304,11.8,11,460.6,472.4,11,460.6,0,0.0,12.41,164
1790960601692,26304,11.8,11,460.6,472.4,11,460.6,0,0.0,12.41,164
1790960603704,26304,11.8,11,455.6,467.5,11,455.6,0,0.0,12.41,164
1790960605710,26304,11.8,11,455.3,467.2,11,455.3,0,0.0,12.41,164
1790960607720,26304,11.8,11,455.3,467.1,11,455.3,0,0.0,12.41,164
1790960609731,26304,11.8,11,455.3,467.1,11,455.3,0,0.0,12.41,164
1790960611731,26304,11.8,11,455.2,467.1,11,455.2,0,0.0,12.41,164
1790960613750,26304,11.8,11,455.7,467.6,11,455.7,0,0.0,12.41,164
1790960615758,26304,11.8,11,456.6,468.4,11,456.6,0,0.0,12.41,164
1790960617761,26304,11.8,11,456.6,468.5,11,456.6,0,0.0,12.41,164
1790960619771,26304,11.8,11,456.6,468.4,11,456.6,0,0.0,12.41,164
1790960621786,26304,11.8,11,456.7,468.5,11,456.7,0,0.0,12.41,164
1790960623811,26304,11.8,11,456.7,468.5,11,456.7,0,0.0,12.41,164
1790960625816,26304,11.8,11,456.7,468.5,11,456.7,0,0.0,12.41,164
1790960627831,26304,11.8,11,456.7,468.5,11,456.7,0,0.0,12.41,164
1790960629841,26304,11.8,11,456.7,468.5,11,456.7,0,0.0,12.41,164
1790960631844,26304,11.8,11,456.7,468.5,11,456.7,0,0.0,12.41,164
1790960633845,26304,11.8,11,456.7,468.5,11,456.7,0,0.0,12.41,164
1790960635859,26304,11.8,11,456.7,468.5,11,456.7,0,0.0,12.41,164
1790960637861,26304,11.8,11,456.7,468.6,11,456.7,0,0.0,12.41,164
1790960639876,26304,11.8,11,456.7,468.5,11,456.7,0,0.0,12.41,164
1790960641889,26304,11.8,11,456.7,468.6,11,456.7,0,0.0,12.41,164
1790960643889,26304,11.8,11,456.3,468.2,11,456.3,0,0.0,12.41,164
1790960645896,26304,11.8,11,456.3,468.2,11,456.3,0,0.0,12.41,164
1790960647892,26304,11.8,11,456.3,468.2,11,456.3,0,0.0,12.41,164
1790960649904,26304,11.8,11,495.2,507.1,11,495.2,0,0.0,12.41,164
1790960651906,26304,11.8,11,494.9,506.7,11,494.9,0,0.0,12.41,164
1790960653917,26304,11.8,11,464.1,476.0,11,464.1,0,0.0,12.41,164
1790960655920,26304,11.8,11,464.1,476.0,11,464.1,0,0.0,12.41,164
1790960657922,26304,11.8,11,457.2,469.1,11,457.2,0,0.0,12.41,164
1790960659932,26304,11.8,11,457.3,469.2,11,457.3,0,0.0,12.41,164
1790960661955,26304,11.8,11,457.3,469.2,11,457.3,0,0.0,12.41,164
1790960663957,26304,11.8,11,457.4,469.3,11,457.4,0,0.0,12.41,164
1790960665962,26304,11.8,11,456.7,468.6,11,456.7,0,0.0,12.41,164
1790960667974,26304,11.8,11,456.7,468.6,11,456.7,0,0.0,12.41,164
1790960669977,26304,11.8,11,456.7,468.6,11,456.7,0,0.0,12.41,164
1790960671980,26304,11.8,11,456.5,468.3,11,456.5,0,0.0,12.41,164
1790960673985,26304,11.8,11,456.1,467.9,11,456.1,0,0.0,12.41,164
1790960675988,26304,11.8,11,456.1,468.0,11,456.1,0,0.0,12.41,164
1790960678006,26304,11.8,11,456.1,468.0,11,456.1,0,0.0,12.41,164
1790960680016,26304,11.8,11,456.2,468.0,11,456.2,0,0.0,12.41,164
1790960682031,26304,11.8,11,456.3,468.1,11,456.3,0,0.0,12.41,164
1790960684034,26304,11.8,11,456.3,468.1,11,456.3,0,0.0,12.41,164
1790960686042,26304,11.8,11,456.3,468.1,11,456.3,0,0.0,12.41,164
1790960688048,26304,11.8,11,462.6,474.4,11,462.6,0,0.0,12.41,164
1790960690077,26304,11.8,11,463.5,475.4,11,463.5,0,0.0,12.41,164
1790960692082,26304,11.8,11,456.1,467.9,11,456.1,0,0.0,12.41,164
1790960694087,26304,11.8,11,456.1,468.0,11,456.1,0,0.0,12.41,164
1790960696098,26304,11.8,11,456.1,467.9,11,456.1,0,0.0,12.41,164
1790960698112,26304,11.8,11,461.8,473.6,11,461.8,0,0.0,12.41,164
1790960700128,26304,11.8,11,459.7,471.6,11,459.7,0,0.0,12.41,164
1790960702130,26304,11.8,11,459.3,471.1,11,459.3,0,0.0,12.41,164
1790960704137,26304,11.8,11,459.1,470.9,11,459.1,0,0.0,12.41,164
1790960706153,26304,11.8,11,454.9,466.8,11,454.9,0,0.0,12.41,164
1790960708155,26304,11.8,11,454.9,466.8,11,454.9,0,0.0,12.41,164
1790960710168,26304,11.8,11,493.4,505.3,11,493.4,0,0.0,12.41,164
1790960712175,26304,11.8,11,493.1,504.9,11,493.1,0,0.0,12.41,164
1790960714191,26304,11.8,11,464.1,476.0,11,464.1,0,0.0,12.41,164
1790960716196,26304,11.8,11,458.0,469.8,11,458.0,0,0.0,12.41,164
1790960718196,26304,11.8,11,457.1,469.0,11,457.1,0,0.0,12.41,164
1790960720210,26304,11.8,11,456.9,468.8,11,456.9,0,0.0,12.41,164
1790960722227,26304,11.8,11,456.4,468.3,11,456.4,0,0.0,12.41,164
1790960724234,26304,11.8,11,456.4,468.2,11,456.4,0,0.0,12.41,164
1790960726240,26304,11.8,11,456.4,468.2,11,456.4,0,0.0,12.41,164
1790960728252,26304,11.8,11,456.4,468.2,11,456.4,0,0.0,12.41,164
1790960730259,26304,11.8,11,461.5,473.3,11,461.5,0,0.0,12.41,164
1790960732268,26304,11.8,11,461.0,472.9,11,461.0,0,0.0,12.41,164
1790960734272,26304,11.8,11,460.6,472.4,11,460.6,0,0.0,12.41,164
1790960736277,26304,11.8,11,460.6,472.4,11,460.6,0,0.0,12.41,164
1790960738284,26304,11.8,11,460.6,472.4,11,460.6,0,0.0,12.41,164
1790960740287,26304,11.8,11,460.8,472.6,11,460.8,0,0.0,12.41,164
1790960742306,26304,11.8,11,460.7,472.6,11,460.7,0,0.0,12.41,164
1790960744309,26304,11.8,11,460.7,472.6,11,460.7,0,0.0,12.41,164
1790960746322,26304,11.8,11,460.7,472.6,11,460.7,0,0.0,12.41,164
1790960748337,26304,11.8,11,458.1,470.0,11,458.1,0,0.0,12.41,164
1790960750354,26304,11.8,11,458.2,470.0,11,458.2,0,0.0,12.41,164
1790960752370,26304,11.8,11,458.2,470.0,11,458.2,0,0.0,12.41,164
1790960754375,26304,11.8,11,458.2,470.0,11,458.2,0,0.0,12.41,164
1790960756390,26304,11.8,11,458.0,469.8,11,458.0,0,0.0,12.41,164
1790960758400,26304,11.8,11,458.6,470.4,11,458.6,0,0.0,12.41,164
1790960760407,26304,11.8,11,458.7,470.5,11,458.7,0,0.0,12.41,164
1790960762414,26304,11.8,11,458.7,470.5,11,458.7,0,0.0,12.41,164
1790960764425,26304,11.8,11,458.6,470.4,11,458.6,0,0.0,12.41,164
1790960766444,26304,11.8,11,458.6,470.4,11,458.6,0,0.0,12.41,164
1790960768446,26304,11.8,11,479.3,491.1,11,479.3,0,0.0,12.41,164
1790960770447,26304,11.8,11,495.1,506.9,11,495.1,0,0.0,12.41,164
1790960772456,26304,11.8,11,494.7,506.6,11,494.7,0,0.0,12.41,164
1790960774463,26304,11.8,11,466.1,477.9,11,466.1,0,0.0,12.41,164
1790960776470,26304,11.8,11,458.5,470.4,11,458.5,0,0.0,12.41,164
1790960778483,26304,11.8,11,457.0,468.9,11,457.0,0,0.0,12.41,164
1790960780484,26304,11.8,11,457.0,468.8,11,457.0,0,0.0,12.41,164
1790960782495,26304,11.8,11,457.2,469.0,11,457.2,0,0.0,12.41,164
1790960784508,26304,11.8,11,457.2,469.1,11,457.2,0,0.0,12.41,164
1790960786520,26304,11.8,11,457.1,469.0,11,457.1,0,0.0,12.41,164
1790960788526,26304,11.8,11,457.2,469.0,11,457.2,0,0.0,12.41,164
1790960790529,26304,11.8,11,457.2,469.0,11,457.2,0,0.0,12.41,164
1790960792536,26304,11.8,11,457.1,468.9,11,457.1,0,0.0,12.41,164
1790960794544,26304,11.8,11,457.2,469.0,11,457.2,0,0.0,12.41,164
1790960796546,26304,11.8,11,457.2,469.0,11,457.2,0,0.0,12.41,164
1790960798551,26304,11.8,11,457.2,469.0,11,457.2,0,0.0,12.41,164
1790960800559,26304,11.8,11,462.5,474.3,11,462.5,0,0.0,12.41,164
1790960802570,26304,11.8,11,460.6,472.4,11,460.6,0,0.0,12.41,164
1790960804569,26304,11.8,11,460.5,472.4,11,460.5,0,0.0,12.41,164
1790960806568,26304,11.8,11,459.4,471.3,11,459.4,0,0.0,12.41,164
1790960808577,26304,11.8,11,455.8,467.7,11,455.8,0,0.0,12.41,164
1790960810579,26304,11.8,11,455.9,467.7,11,455.9,0,0.0,12.41,164
1790960812586,26304,11.8,11,455.8,467.7,11,455.8,0,0.0,12.41,164
1790960814606,26304,11.8,11,455.9,467.7,11,455.9,0,0.0,12.41,164
1790960816615,26304,11.8,11,455.6,467.4,11,455.6,0,0.0,12.41,164
1790960818630,26304,11.8,11,456.3,468.2,11,456.3,0,0.0,12.41,164
1790960820636,26304,11.8,11,457.2,469.0,11,457.2,0,0.0,12.41,164
1790960822654,26304,11.8,11,457.2,469.0,11,457.2,0,0.0,12.41,164
1790960824669,26304,11.8,11,457.2,469.0,11,457.2,0,0.0,12.41,164
1790960826679,26304,11.8,11,457.2,469.1,11,457.2,0,0.0,12.41,164
1790960828695,26304,11.9,17,567.0,578.9,11,494.4,6,72.6,12.41,164
1790960830685,26304,11.5,11,494.1,505.6,11,494.1,0,0.0,12.41,164
1790960832695,26304,11.5,11,482.1,493.7,11,482.1,0,0.0,12.41,164
1790960834704,26304,11.5,11,466.2,477.7,11,466.2,0,0.0,12.41,164
1790960836716,26304,11.5,11,457.7,469.2,11,457.7,0,0.0,12.41,164
1790960838725,26304,11.5,11,457.8,469.3,11,457.8,0,0.0,12.41,164
1790960840737,26304,11.5,11,457.8,469.3,11,457.8,0,0.0,13.66,165
1790960842751,26304,11.5,11,457.4,468.9,11,457.4,0,0.0,13.66,165
1790960844763,26304,11.5,11,457.4,468.9,11,457.4,0,0.0,13.66,165
1790960846768,26304,11.5,11,457.3,468.8,11,457.3,0,0.0,13.66,165
1790960848774,26304,11.5,11,457.3,468.8,11,457.3,0,0.0,13.66,165
1790960850781,26304,11.5,11,457.3,468.8,11,457.3,0,0.0,13.66,165
1790960852789,26304,11.5,11,457.2,468.7,11,457.2,0,0.0,13.66,165
1790960854803,26304,11.5,11,457.2,468.7,11,457.2,0,0.0,13.66,165
1790960856815,26304,11.5,11,457.2,468.8,11,457.2,0,0.0,13.66,165
1790960858818,26304,11.5,11,457.2,468.7,11,457.2,0,0.0,13.66,165
1790960860827,26304,11.5,11,458.0,469.5,11,458.0,0,0.0,13.66,165
1790960862839,26304,11.5,11,457.6,469.2,11,457.6,0,0.0,13.66,165
1790960864854,26304,11.5,11,457.6,469.2,11,457.6,0,0.0,13.66,165
1790960866854,26304,11.5,11,457.7,469.2,11,457.7,0,0.0,13.66,165
1790960868855,26304,11.5,11,457.6,469.2,11,457.6,0,0.0,13.66,165
1790960870870,26304,11.5,11,457.0,468.5,11,457.0,0,0.0,13.66,165
1790960872883,26304,11.5,11,456.9,468.5,11,456.9,0,0.0,13.66,165
1790960874897,26304,11.5,11,457.0,468.5,11,457.0,0,0.0,13.66,165
1790960876912,26304,11.5,11,456.7,468.3,11,456.7,0,0.0,13.66,165
1790960878913,26304,11.5,11,456.6,468.1,11,456.6,0,0.0,13.66,165
1790960880921,26304,11.5,11,456.8,468.3,11,456.8,0,0.0,13.66,165
1790960882930,26304,11.5,11,456.7,468.2,11,456.7,0,0.0,13.66,165
1790960884929,26304,11.5,11,457.0,468.5,11,457.0,0,0.0,13.66,165
1790960886942,26304,11.5,11,456.9,468.4,11,456.9,0,0.0,13.66,165
1790960888954,26304,11.5,11,495.5,507.0,11,495.5,0,0.0,13.66,165
1790960890955,26304,11.5,11,495.1,506.6,11,495.1,0,0.0,13.66,165
1790960892966,26304,11.5,11,487.9,499.5,11,487.9,0,0.0,13.66,165
1790960894968,26304,11.5,11,466.5,478.0,11,466.5,0,0.0,13.66,165
1790960896970,26304,11.5,11,458.5,470.1,11,458.5,0,0.0,13.66,165
1790960898987,26304,11.5,11,457.0,468.5,11,457.0,0,0.0,13.66,165
1790960900999,26304,11.5,11,457.0,468.6,11,457.0,0,0.0,13.66,165
1790960903011,26304,11.5,11,462.1,473.7,11,462.1,0,0.0,13.66,165
1790960905020,26304,11.5,11,460.4,471.9,11,460.4,0,0.0,13.66,165
1790960907032,26304,11.5,11,460.1,471.7,11,460.1,0,0.0,13.66,165
1790960909046,26304,11.5,11,458.1,469.6,11,458.1,0,0.0,13.66,165
1790960911041,26304,11.5,11,455.7,467.2,11,455.7,0,0.0,13.66,165
1790960913051,26304,11.5,11,455.5,467.0,11,455.5,0,0.0,13.66,165
1790960915055,26304,11.5,11,455.4,466.9,11,455.4,0,0.0,13.66,165
1790960917062,26304,11.5,11,455.5,467.0,11,455.5,0,0.0,13.66,165
1790960919072,26304,11.5,11,455.3,466.8,11,455.3,0,0.0,13.66,165
1790960921077,26304,11.5,11,456.2,467.7,11,456.2,0,0.0,13.66,165
1790960923082,26304,11.5,11,456.8,468.3,11,456.8,0,0.0,13.66,165
1790960925083,26304,11.5,11,457.0,468.5,11,457.0,0,0.0,13.66,165
1790960927088,26304,11.5,11,456.9,468.4,11,456.9,0,0.0,13.66,165
1790960929103,26304,11.5,11,456.9,468.4,11,456.9,0,0.0,13.66,165
1790960931118,26304,11.5,11,456.9,468.4,11,456.9,0,0.0,13.66,165
1790960933125,26304,11.5,11,457.0,468.5,11,457.0,0,0.0,13.66,165
1790960935143,26304,11.5,11,456.9,468.4,11,456.9,0,0.0,13.66,165
1790960937152,26304,11.5,11,457.0,468.5,11,457.0,0,0.0,13.66,165
1790960939171,26304,11.5,11,456.9,468.4,11,456.9,0,0.0,13.66,165
1790960941177,26304,11.5,11,457.0,468.5,11,457.0,0,0.0,13.66,165
1790960943181,26304,11.5,11,456.9,468.4,11,456.9,0,0.0,13.66,165
1790960945188,26304,11.5,11,457.0,468.5,11,457.0,0,0.0,13.66,165
1790960947195,26304,11.5,11,457.0,468.5,11,457.0,0,0.0,13.66,165
1790960949201,26304,11.5,11,495.6,507.1,11,495.6,0,0.0,13.66,165
1790960951214,26304,11.5,11,495.2,506.8,11,495.2,0,0.0,13.66,165
1790960953219,26304,11.5,11,464.5,476.0,11,464.5,0,0.0,13.66,165
1790960955223,26304,11.5,11,464.5,476.1,11,464.5,0,0.0,13.66,165
1790960957230,26304,11.5,11,458.4,469.9,11,458.4,0,0.0,13.66,165
1790960959235,26304,11.5,11,458.3,469.9,11,458.3,0,0.0,13.66,165
1790960961241,26304,11.5,11,457.2,468.7,11,457.2,0,0.0,13.66,165
1790960963256,26304,11.5,11,457.8,469.3,11,457.8,0,0.0,13.66,165
1790960965262,26304,11.5,11,457.8,469.4,11,457.8,0,0.0,13.66,165
1790960967259,26304,11.5,11,457.8,469.3,11,457.8,0,0.0,13.66,165
1790960969272,26304,11.5,11,457.8,469.4,11,457.8,0,0.0,13.66,165
1790960971275,26304,11.5,11,457.8,469.4,11,457.8,0,0.0,13.66,165
1790960973290,26304,11.5,11,457.2,468.7,11,457.2,0,0.0,13.66,165
1790960975302,26304,11.5,11,457.1,468.7,11,457.1,0,0.0,13.66,165
1790960977316,26304,11.5,11,457.1,468.7,11,457.1,0,0.0,13.66,165
1790960979329,26304,11.5,11,457.0,468.6,11,457.0,0,0.0,13.66,165
1790960981335,26304,11.5,11,457.2,468.7,11,457.2,0,0.0,13.66,165
1790960983342,26304,11.5,11,457.2,468.7,11,457.2,0,0.0,13.66,165
1790960985356,26304,11.5,11,457.2,468.7,11,457.2,0,0.0,13.66,165
1790960987369,26304,11.5,11,457.2,468.7,11,457.2,0,0.0,13.66,165
1790960989367,26304,11.5,11,457.2,468.7,11,457.2,0,0.0,13.66,165
1790960991377,26304,11.5,11,457.1,468.7,11,457.1,0,0.0,13.66,165
1790960993384,26304,11.5,11,457.1,468.7,11,457.1,0,0.0,13.66,165
1790960995392,26304,11.5,11,457.1,468.7,11,457.1,0,0.0,13.66,165
1790960997401,26304,11.5,11,457.2,468.7,11,457.2,0,0.0,13.66,165
1790960999408,26304,11.5,11,457.1,468.7,11,457.1,0,0.0,13.66,165
1790961001428,26304,11.5,11,457.1,468.7,11,457.1,0,0.0,13.66,165
1790961003433,26304,11.5,11,457.2,468.7,11,457.2,0,0.0,13.66,165
1790961005435,26304,11.5,11,460.9,472.4,11,460.9,0,0.0,13.66,165
1790961007450,26304,11.5,11,460.5,472.0,11,460.5,0,0.0,13.66,165
1790961009455,26304,11.5,11,495.4,506.9,11,495.4,0,0.0,13.66,165
1790961011467,26304,11.5,11,496.0,507.5,11,496.0,0,0.0,13.66,165
1790961013474,26304,11.5,11,465.1,476.6,11,465.1,0,0.0,13.66,165
1790961015475,26304,11.5,11,464.4,475.9,11,464.4,0,0.0,13.66,165
1790961017480,26304,11.5,11,457.0,468.6,11,457.0,0,0.0,13.66,165
1790961019499,26304,11.5,11,455.8,467.4,11,455.8,0,0.0,13.66,165
1790961021505,26304,11.5,11,455.9,467.4,11,455.9,0,0.0,13.66,165
1790961023513,26304,11.5,11,456.5,468.0,11,456.5,0,0.0,13.66,165
1790961025523,26304,11.5,11,456.9,468.5,11,456.9,0,0.0,13.66,165
1790961027532,26304,11.5,11,457.0,468.5,11,457.0,0,0.0,13.66,165
1790961029542,26304,11.5,11,457.0,468.5,11,457.0,0,0.0,13.66,165
1790961031552,26304,11.5,11,457.0,468.5,11,457.0,0,0.0,13.66,165
1790961033561,26304,11.5,11,457.0,468.5,11,457.0,0,0.0,13.66,165
1790961035562,26304,11.5,11,457.0,468.5,11,457.0,0,0.0,13.66,165
1790961037563,26304,11.5,11,457.0,468.5,11,457.0,0,0.0,13.66,165
1790961039567,26304,11.5,11,456.9,468.4,11,456.9,0,0.0,13.66,165
1790961041569,26304,11.5,11,457.0,468.6,11,457.0,0,0.0,13.66,165
1790961043573,26304,11.5,11,457.0,468.5,11,457.0,0,0.0,13.66,165
1790961045587,26304,11.5,11,457.0,468.5,11,457.0,0,0.0,13.66,165
1790961047611,26304,11.5,11,457.0,468.5,11,457.0,0,0.0,13.66,165
1790961049624,26304,11.5,11,457.0,468.5,11,457.0,0,0.0,13.66,165
1790961051630,26304,11.5,11,457.0,468.5,11,457.0,0,0.0,13.66,165
1790961053644,26304,11.5,11,457.0,468.6,11,457.0,0,0.0,13.66,165
1790961055656,26304,11.5,11,457.0,468.5,11,457.0,0,0.0,13.66,165
1790961057657,26304,11.5,11,457.2,468.7,11,457.2,0,0.0,13.66,165
1790961059671,26304,11.5,11,457.1,468.7,11,457.1,0,0.0,13.66,165
1790961061679,26304,11.5,11,457.1,468.6,11,457.1,0,0.0,13.66,165
1790961063700,26304,11.5,11,457.1,468.6,11,457.1,0,0.0,13.66,165
1790961065700,26304,11.5,11,457.9,469.4,11,457.9,0,0.0,13.66,165
1790961067698,26304,11.5,11,457.8,469.3,11,457.8,0,0.0,13.66,165
1790961069708,26304,11.5,11,496.2,507.7,11,496.2,0,0.0,13.66,165
1790961071715,26304,11.5,11,495.8,507.3,11,495.8,0,0.0,13.66,165
1790961073726,26304,11.5,11,465.5,477.0,11,465.5,0,0.0,13.66,165
1790961075733,26304,11.5,11,465.5,477.0,11,465.5,0,0.0,13.66,165
1790961077740,26304,11.5,11,457.8,469.3,11,457.8,0,0.0,13.66,165
1790961079746,26304,11.5,11,457.8,469.4,11,457.8,0,0.0,13.66,165
1790961081757,26304,11.5,11,456.6,468.1,11,456.6,0,0.0,13.66,165
1790961083767,26304,11.5,11,456.6,468.2,11,456.6,0,0.0,13.66,165
1790961085771,26304,11.5,11,457.3,468.8,11,457.3,0,0.0,13.66,165
1790961087786,26304,11.5,11,457.3,468.8,11,457.3,0,0.0,13.66,165
1790961089805,26304,11.5,11,457.4,469.0,11,457.4,0,0.0,13.66,165
1790961091816,26304,11.5,11,457.4,469.0,11,457.4,0,0.0,13.66,165
1790961093847,26304,11.5,11,457.5,469.0,11,457.5,0,0.0,13.66,165
1790961095831,26304,11.5,11,457.4,469.0,11,457.4,0,0.0,13.66,165
1790961097837,26304,11.5,11,457.4,468.9,11,457.4,0,0.0,13.66,165
1790961099845,26304,11.5,11,457.3,468.8,11,457.3,0,0.0,13.66,165
1790961101855,26304,11.5,11,457.5,469.0,11,457.5,0,0.0,13.66,165
1790961103864,26304,11.5,11,457.5,469.0,11,457.5,0,0.0,13.66,165
1790961105865,26304,11.5,11,457.5,469.0,11,457.5,0,0.0,13.66,165
1790961107874,26304,11.5,11,462.7,474.2,11,462.7,0,0.0,13.66,165
1790961109878,26304,11.5,11,460.8,472.3,11,460.8,0,0.0,13.66,165
1790961111885,26304,11.5,11,460.4,472.0,11,460.4,0,0.0,13.66,165
1790961113892,26304,11.5,11,459.8,471.3,11,459.8,0,0.0,13.66,165
1790961115911,26304,11.5,11,455.9,467.4,11,455.9,0,0.0,13.66,165
1790961117923,26304,11.5,11,455.9,467.4,11,455.9,0,0.0,13.66,165
1790961119931,26304,11.5,11,455.9,467.4,11,455.9,0,0.0,13.66,165
1790961121939,26304,11.5,11,455.9,467.4,11,455.9,0,0.0,13.66,165
1790961123948,26304,11.5,11,455.9,467.4,11,455.9,0,0.0,13.66,165
1790961125954,26304,11.5,11,456.6,468.1,11,456.6,0,0.0,13.66,165
1790961127961,26304,11.5,11,457.5,469.0,11,457.5,0,0.0,13.66,165
1790961129960,26304,11.5,11,495.3,506.8,11,495.3,0,0.0,13.66,165
1790961131964,26304,11.5,11,495.0,506.5,11,495.0,0,0.0,13.66,165
1790961133967,26304,11.5,11,465.3,476.8,11,465.3,0,0.0,13.66,165
1790961135971,26304,11.5,11,465.2,476.7,11,465.2,0,0.0,13.66,165
1790961137985,26304,11.5,11,458.0,469.5,11,458.0,0,0.0,13.66,165
1790961140000,26304,11.5,11,456.8,468.3,11,456.8,0,0.0,13.66,165
1790961142007,26304,11.5,11,456.8,468.4,11,456.8,0,0.0,13.66,165
1790961144012,26304,11.5,11,456.8,468.3,11,456.8,0,0.0,13.66,165
1790961146025,26304,11.5,11,457.4,468.9,11,457.4,0,0.0,13.66,165
1790961148031,26304,11.5,11,457.4,468.9,11,457.4,0,0.0,13.66,165
1790961150034,26304,11.5,11,457.6,469.1,11,457.6,0,0.0,13.66,165
1790961152036,26304,11.5,11,457.6,469.1,11,457.6,0,0.0,13.66,165
1790961154050,26304,11.5,11,457.6,469.1,11,457.6,0,0.0,13.66,165
1790961156058,26304,11.5,11,457.6,469.1,11,457.6,0,0.0,13.66,165
1790961158057,26304,11.5,11,457.5,469.0,11,457.5,0,0.0,13.66,165
1790961160059,26304,11.5,11,457.4,469.0,11,457.4,0,0.0,13.66,165
1790961162074,26304,11.5,11,457.5,469.1,11,457.5,0,0.0,13.66,165
1790961164089,26304,11.5,11,457.5,469.0,11,457.5,0,0.0,13.66,165
1790961166093,26304,11.5,11,457.6,469.1,11,457.6,0,0.0,13.66,165
1790961168107,26304,11.5,11,458.3,469.8,11,458.3,0,0.0,13.66,165
1790961170120,26304,11.5,11,458.3,469.8,11,458.3,0,0.0,13.66,165
1790961172128,26304,11.5,11,458.2,469.7,11,458.2,0,0.0,13.66,165
1790961174140,26304,11.5,11,458.3,469.8,11,458.3,0,0.0,13.66,165
1790961176149,26304,11.5,11,457.9,469.4,11,457.9,0,0.0,13.66,165
1790961178155,26304,11.5,11,457.3,468.9,11,457.3,0,0.0,13.66,165
1790961180167,26304,11.5,11,457.2,468.7,11,457.2,0,0.0,13.66,165
1790961182174,26304,11.5,11,457.3,468.8,11,457.3,0,0.0,13.66,165
1790961184187,26304,11.5,11,457.2,468.7,11,457.2,0,0.0,13.66,165
1790961186199,26304,11.5,11,457.3,468.8,11,457.3,0,0.0,13.66,165
1790961188203,26304,11.5,11,480.7,492.2,11,480.7,0,0.0,13.66,165
1790961190221,26304,11.6,11,495.8,507.4,11,495.8,0,0.0,13.66,165
1790961192234,26304,11.6,11,495.6,507.2,11,495.6,0,0.0,13.66,165
1790961194247,26304,11.6,11,466.5,478.1,11,466.5,0,0.0,13.66,165
1790961196259,26304,11.6,11,459.4,471.0,11,459.4,0,0.0,13.66,165
1790961198260,26304,11.6,11,457.6,469.2,11,457.6,0,0.0,13.66,165
1790961200264,26304,11.6,11,457.6,469.2,11,457.6,0,0.0,13.66,165
1790961202266,26304,11.6,11,457.6,469.2,11,457.6,0,0.0,13.66,165
1790961204265,26304,11.6,11,457.6,469.2,11,457.6,0,0.0,13.66,165
1790961206273,26304,11.6,11,457.3,469.0,11,457.3,0,0.0,13.66,165
1790961208283,26304,11.6,11,457.3,469.0,11,457.3,0,0.0,13.66,165
1790961210295,26304,11.6,11,461.2,472.8,11,461.2,0,0.0,13.66,165
1790961212301,26304,11.6,11,460.9,472.5,11,460.9,0,0.0,13.66,165
1790961214316,26304,11.6,11,460.9,472.5,11,460.9,0,0.0,13.66,165
1790961216318,26304,11.6,11,460.5,472.1,11,460.5,0,0.0,13.66,165
1790961218329,26304,11.6,11,456.8,468.4,11,456.8,0,0.0,13.66,165
1790961220341,26304,11.6,11,456.1,467.7,11,456.1,0,0.0,13.66,165
1790961222351,26304,11.6,11,455.9,467.5,11,455.9,0,0.0,13.66,165
1790961224353,26304,11.6,11,455.9,467.5,11,455.9,0,0.0,13.66,165
1790961226367,26304,11.6,11,455.9,467.5,11,455.9,0,0.0,13.66,165
1790961228377,26304,11.6,11,456.6,468.2,11,456.6,0,0.0,13.66,165
1790961230380,26304,11.6,11,457.5,469.1,11,457.5,0,0.0,13.66,165
1790961232383,26304,11.6,11,457.6,469.2,11,457.6,0,0.0,13.66,165
1790961234396,26304,11.6,11,457.8,469.4,11,457.8,0,0.0,13.66,165
1790961236398,26304,11.6,11,463.7,475.3,11,463.7,0,0.0,13.66,165
1790961238402,26304,11.6,11,458.8,470.4,11,458.8,0,0.0,13.66,165
1790961240401,26304,11.6,11,458.3,469.9,11,458.3,0,0.0,13.66,165
1790961242411,26304,11.6,11,458.2,469.8,11,458.2,0,0.0,13.66,165
1790961244419,26304,11.6,11,457.8,469.4,11,457.8,0,0.0,13.66,165
1790961246418,26304,11.6,11,456.8,468.4,11,456.8,0,0.0,13.66,165
1790961248419,26304,11.6,11,480.7,492.3,11,480.7,0,0.0,13.66,165
1790961250434,26304,11.6,11,494.6,506.2,11,494.6,0,0.0,13.66,165
1790961252445,26304,11.6,11,487.3,498.9,11,487.3,0,0.0,13.66,165
1790961254455,26304,11.6,11,467.1,478.7,11,467.1,0,0.0,13.66,165
1790961256462,26304,11.6,11,459.3,470.9,11,459.3,0,0.0,13.66,165
1790961258465,26304,11.6,11,458.9,470.5,11,458.9,0,0.0,13.66,165
1790961260472,26304,11.6,11,457.7,469.3,11,457.7,0,0.0,13.66,165
1790961262476,26304,11.6,11,457.8,469.4,11,457.8,0,0.0,13.66,165
1790961264484,26304,11.6,11,457.7,469.3,11,457.7,0,0.0,13.66,165
1790961266495,26304,11.6,11,457.5,469.1,11,457.5,0,0.0,13.66,165
1790961268508,26304,11.6,11,457.5,469.2,11,457.5,0,0.0,13.66,165
1790961270508,26304,11.6,11,458.3,470.0,11,458.3,0,0.0,13.66,165
1790961272517,26304,11.6,11,458.5,470.1,11,458.5,0,0.0,13.66,165
1790961274531,26304,11.6,11,458.6,470.2,11,458.6,0,0.0,13.66,165
1790961276539,26304,11.6,11,458.6,470.2,11,458.6,0,0.0,13.66,165
1790961278545,26304,11.6,11,458.6,470.2,11,458.6,0,0.0,13.66,165
1790961280542,26304,11.6,11,458.3,469.9,11,458.3,0,0.0,13.66,165
1790961282554,26304,11.6,11,458.3,469.9,11,458.3,0,0.0,13.66,165
1790961284565,26304,11.6,11,457.5,469.1,11,457.5,0,0.0,13.66,165
1790961286577,26304,11.6,11,457.5,469.1,11,457.5,0,0.0,13.66,165
1790961288588,26304,11.6,11,457.5,469.1,11,457.5,0,0.0,13.66,165
1790961290591,26304,11.6,11,457.5,469.2,11,457.5,0,0.0,13.66,165
1790961292607,26304,11.6,11,457.5,469.1,11,457.5,0,0.0,13.66,165
1790961294612,26304,11.6,11,457.7,469.4,11,457.7,0,0.0,13.66,165
1790961296619,26304,11.6,11,457.7,469.3,11,457.7,0,0.0,13.66,165
1790961298628,26304,11.6,11,457.7,469.3,11,457.7,0,0.0,13.66,165
1790961300644,26304,11.6,11,458.0,469.6,11,458.0,0,0.0,13.66,165
1790961302649,26304,11.6,11,458.0,469.6,11,458.0,0,0.0,13.66,165
1790961304650,26304,11.6,11,458.0,469.7,11,458.0,0,0.0,13.66,165
1790961306662,26304,11.6,11,458.0,469.6,11,458.0,0,0.0,13.66,165
1790961308664,26304,11.6,11,495.6,507.2,11,495.6,0,0.0,13.66,165
1790961310668,26304,11.6,11,495.5,507.1,11,495.5,0,0.0,13.66,165
1790961312673,26304,11.5,11,484.7,496.2,11,484.7,0,0.0,13.66,165
1790961314691,26304,11.5,11,468.8,480.3,11,468.8,0,0.0,13.66,165
1790961316702,26304,11.5,11,464.5,476.1,11,464.5,0,0.0,13.66,165
1790961318706,26304,11.5,11,464.4,475.9,11,464.4,0,0.0,13.66,165
1790961320720,26304,11.5,11,457.0,468.5,11,457.0,0,0.0,13.66,165
1790961322732,26304,11.5,11,456.7,468.2,11,456.7,0,0.0,13.66,165
1790961324749,26304,11.5,11,456.7,468.2,11,456.7,0,0.0,13.66,165
1790961326755,26304,11.5,11,456.4,468.0,11,456.4,0,0.0,13.66,165
1790961328763,26304,11.5,11,456.4,467.9,11,456.4,0,0.0,13.66,165
1790961330775,26304,11.5,11,457.2,468.7,11,457.2,0,0.0,13.66,165
1790961332803,26304,11.5,11,458.1,469.6,11,458.1,0,0.0,13.66,165
1790961334807,26304,11.5,11,458.1,469.6,11,458.1,0,0.0,13.66,165
1790961336809,26304,11.5,11,458.1,469.6,11,458.1,0,0.0,13.66,165
1790961338820,26304,11.5,11,458.0,469.5,11,458.0,0,0.0,13.66,165
1790961340821,26304,11.5,11,458.1,469.6,11,458.1,0,0.0,13.66,165
1790961342829,26304,11.5,11,458.1,469.6,11,458.1,0,0.0,13.66,165
1790961344830,26304,11.5,11,458.1,469.6,11,458.1,0,0.0,13.66,165
1790961346840,26304,11.5,11,458.1,469.6,11,458.1,0,0.0,13.66,165
1790961348842,26304,11.5,11,458.1,469.6,11,458.1,0,0.0,13.66,165
1790961350854,26304,11.5,11,458.1,469.6,11,458.1,0,0.0,13.66,165
1790961352855,26304,11.5,11,458.1,469.6,11,458.1,0,0.0,13.66,165
1790961354860,26304,11.5,11,458.1,469.6,11,458.1,0,0.0,13.66,165
1790961356860,26304,11.5,11,457.9,469.4,11,457.9,0,0.0,13.66,165
1790961358876,26304,11.5,11,457.9,469.4,11,457.9,0,0.0,13.66,165
1790961360886,26304,11.5,11,457.9,469.4,11,457.9,0,0.0,13.66,165
1790961362895,26304,11.5,11,457.9,469.4,11,457.9,0,0.0,13.66,165
1790961364905,26304,11.5,11,458.0,469.5,11,458.0,0,0.0,13.66,165
1790961366908,26304,11.5,11,458.0,469.5,11,458.0,0,0.0,13.66,165
1790961368922,26304,11.5,11,496.0,507.6,11,496.0,0,0.0,13.66,165
1790961370920,26304,11.5,11,496.1,507.6,11,496.1,0,0.0,13.66,165
1790961372928,26304,11.5,11,489.3,500.8,11,489.3,0,0.0,13.66,165
1790961374941,26304,11.5,11,467.9,479.4,11,467.9,0,0.0,13.66,165
1790961376960,26304,11.5,11,460.1,471.7,11,460.1,0,0.0,13.66,165
1790961378972,26304,11.5,11,460.0,471.6,11,460.0,0,0.0,13.66,165
1790961380980,26304,11.5,11,458.7,470.2,11,458.7,0,0.0,13.66,165
1790961382987,26304,11.5,11,458.7,470.2,11,458.7,0,0.0,13.66,165
1790961385005,26304,11.5,11,458.0,469.6,11,458.0,0,0.0,13.66,165
1790961387011,26304,11.5,11,457.8,469.3,11,457.8,0,0.0,13.66,165
1790961389014,26304,11.5,11,457.8,469.3,11,457.8,0,0.0,13.66,165
1790961391024,26304,11.5,11,457.8,469.3,11,457.8,0,0.0,13.66,165
1790961393023,26304,11.5,11,457.8,469.3,11,457.8,0,0.0,13.66,165
1790961395027,26304,11.5,11,457.8,469.3,11,457.8,0,0.0,13.66,165
1790961397037,26304,11.5,11,457.9,469.4,11,457.9,0,0.0,13.66,165
1790961399050,26304,11.5,11,457.9,469.4,11,457.9,0,0.0,13.66,165
1790961401065,26304,11.5,11,457.9,469.5,11,457.9,0,0.0,13.66,165
1790961403077,26304,11.5,11,457.6,469.2,11,457.6,0,0.0,13.66,165
1790961405078,26304,11.5,11,457.6,469.2,11,457.6,0,0.0,13.66,165
1790961407077,26304,11.5,11,457.7,469.2,11,457.7,0,0.0,13.66,165
1790961409078,26304,11.5,11,457.7,469.2,11,457.7,0,0.0,13.66,165
1790961411093,26304,11.5,11,457.7,469.2,11,457.7,0,0.0,13.66,165
1790961413106,26304,11.5,11,457.7,469.2,11,457.7,0,0.0,13.66,165
1790961415118,26304,11.5,11,463.2,474.8,11,463.2,0,0.0,13.66,165
1790961417128,26304,11.5,11,460.8,472.3,11,460.8,0,0.0,13.66,165
1790961419135,26304,11.5,11,460.4,471.9,11,460.4,0,0.0,13.66,165
1790961421148,26304,11.5,11,456.1,467.6,11,456.1,0,0.0,13.66,165
1790961423148,26304,11.5,11,456.1,467.6,11,456.1,0,0.0,13.66,165
1790961425152,26304,11.5,11,456.1,467.6,11,456.1,0,0.0,13.66,165
1790961427152,26304,11.5,11,456.1,467.6,11,456.1,0,0.0,13.66,165
1790961429165,26304,11.5,11,495.1,506.6,11,495.1,0,0.0,13.66,165
1790961431172,26304,11.5,11,495.1,506.6,11,495.1,0,0.0,13.66,165
1790961433182,26304,11.5,11,488.6,500.1,11,488.6,0,0.0,13.66,165
1790961435195,26304,11.5,11,474.2,485.7,11,474.2,0,0.0,13.66,165
1790961437197,26304,11.5,11,460.0,471.5,11,460.0,0,0.0,13.66,165
1790961439205,26304,11.5,11,458.1,469.7,11,458.1,0,0.0,13.66,165
1790961441212,26304,11.5,11,458.1,469.6,11,458.1,0,0.0,13.66,165
1790961443221,26304,11.5,11,458.1,469.6,11,458.1,0,0.0,13.66,165
1790961445238,26304,11.5,11,458.1,469.6,11,458.1,0,0.0,13.66,165
1790961447253,26304,11.5,11,457.9,469.5,11,457.9,0,0.0,13.66,165
1790961449254,26304,11.5,11,457.9,469.4,11,457.9,0,0.0,13.66,165
1790961451259,26304,11.5,11,458.0,469.5,11,458.0,0,0.0,13.66,165
1790961453276,26304,11.5,11,458.0,469.5,11,458.0,0,0.0,13.66,165
1790961455275,26304,11.5,11,458.0,469.6,11,458.0,0,0.0,13.66,165
1790961457286,26304,11.5,11,458.2,469.7,11,458.2,0,0.0,13.66,165
1790961459292,26304,11.5,11,458.1,469.6,11,458.1,0,0.0,13.66,165
1790961461304,26304,11.5,11,458.2,469.7,11,458.2,0,0.0,13.66,165
1790961463316,26304,11.5,11,457.9,469.5,11,457.9,0,0.0,13.66,165
1790961465330,26304,11.5,11,457.9,469.4,11,457.9,0,0.0,13.66,165
1790961467337,26304,11.5,11,457.9,469.4,11,457.9,0,0.0,13.66,165
1790961469339,26304,11.5,11,457.9,469.5,11,457.9,0,0.0,13.66,165
1790961471339,26304,11.5,11,458.0,469.5,11,458.0,0,0.0,13.66,165
1790961473344,26304,11.5,11,457.9,469.5,11,457.9,0,0.0,13.66,165
1790961475360,26304,11.5,11,458.6,470.1,11,458.6,0,0.0,13.66,165
1790961477371,26304,11.5,11,458.6,470.1,11,458.6,0,0.0,13.66,165
1790961479381,26304,11.5,11,458.6,470.1,11,458.6,0,0.0,13.66,165
1790961481387,26304,11.5,11,458.6,470.1,11,458.6,0,0.0,13.66,165
1790961483400,26304,11.5,11,458.6,470.1,11,458.6,0,0.0,13.66,165
1790961485412,26304,11.5,11,457.2,468.7,11,457.2,0,0.0,13.66,165
1790961487424,26304,11.5,11,457.2,468.7,11,457.2,0,0.0,13.66,165
1790961489439,26304,11.5,11,494.7,506.2,11,494.7,0,0.0,13.66,165
1790961491447,26304,11.5,11,494.6,506.1,11,494.6,0,0.0,13.66,165
1790961493447,26304,11.5,11,464.7,476.2,11,464.7,0,0.0,13.66,165
1790961495448,26304,11.5,11,464.7,476.3,11,464.7,0,0.0,13.66,165
1790961497454,26304,11.5,11,460.4,471.9,11,460.4,0,0.0,13.66,165
1790961499462,26304,11.5,11,459.2,470.7,11,459.2,0,0.0,13.66,165
1790961501473,26304,11.5,11,458.0,469.6,11,458.0,0,0.0,13.66,165
1790961503475,26304,11.5,11,458.0,469.6,11,458.0,0,0.0,13.66,165
1790961505488,26304,11.5,11,458.0,469.5,11,458.0,0,0.0,13.66,165
1790961507503,26304,11.5,11,457.7,469.3,11,457.7,0,0.0,13.66,165
1790961509514,26304,11.5,11,457.7,469.3,11,457.7,0,0.0,13.66,165
1790961511517,26304,11.5,11,457.7,469.2,11,457.7,0,0.0,13.66,165
1790961513535,26304,11.5,11,457.7,469.2,11,457.7,0,0.0,13.66,165
1790961515547,26304,11.5,11,457.7,469.2,11,457.7,0,0.0,13.66,165
1790961517560,26304,11.5,11,461.5,473.0,11,461.5,0,0.0,13.66,165
1790961519568,26304,11.5,11,460.8,472.4,11,460.8,0,0.0,13.66,165
1790961521576,26304,11.5,11,460.8,472.3,11,460.8,0,0.0,13.66,165
1790961523586,26304,11.5,11,460.4,471.9,11,460.4,0,0.0,13.66,165
1790961525586,26304,11.5,11,456.5,468.0,11,456.5,0,0.0,13.66,165
1790961527595,26304,11.5,11,456.4,467.9,11,456.4,0,0.0,13.66,165
1790961529604,26304,11.5,11,456.5,468.0,11,456.5,0,0.0,13.66,165
1790961531609,26304,11.5,11,456.4,467.9,11,456.4,0,0.0,13.66,165
1790961533620,26304,11.5,11,456.5,468.0,11,456.5,0,0.0,13.66,165
1790961535636,26304,11.5,11,456.9,468.4,11,456.9,0,0.0,13.66,165
1790961537650,26304,11.5,11,457.9,469.4,11,457.9,0,0.0,13.66,165
1790961539658,26304,11.5,11,457.8,469.4,11,457.8,0,0.0,13.66,165
1790961541663,26304,11.5,11,457.9,469.5,11,457.9,0,0.0,13.66,165
1790961543676,26304,11.5,11,457.9,469.4,11,457.9,0,0.0,13.66,165
1790961545678,26304,11.5,11,457.9,469.5,11,457.9,0,0.0,13.66,165
1790961547683,26304,11.5,11,457.9,469.4,11,457.9,0,0.0,13.66,165
1790961549692,26304,11.5,11,496.2,507.8,11,496.2,0,0.0,13.66,165
1790961551708,26304,11.5,11,495.8,507.3,11,495.8,0,0.0,13.66,165
1790961553726,26304,11.5,11,464.7,476.2,11,464.7,0,0.0,13.66,165
1790961555726,26304,11.5,11,464.3,475.8,11,464.3,0,0.0,13.66,165
1790961557731,26304,11.5,11,460.3,471.9,11,460.3,0,0.0,13.66,165
1790961559742,26304,11.5,11,457.9,469.4,11,457.9,0,0.0,13.66,165
1790961561750,26304,11.5,11,458.0,469.5,11,458.0,0,0.0,13.66,165
1790961563759,26304,11.5,11,457.9,469.4,11,457.9,0,0.0,13.66,165
1790961565767,26304,11.5,11,457.7,469.2,11,457.7,0,0.0,13.66,165
1790961567781,26304,11.5,11,457.6,469.1,11,457.6,0,0.0,13.66,165
1790961569798,26304,11.5,11,457.7,469.2,11,457.7,0,0.0,13.66,165
1790961571807,26304,11.5,11,457.6,469.1,11,457.6,0,0.0,13.66,165
1790961573819,26304,11.5,11,457.7,469.2,11,457.7,0,0.0,13.66,165
1790961575833,26304,11.5,11,457.6,469.1,11,457.6,0,0.0,13.66,165
1790961577846,26304,11.5,11,458.7,470.3,11,458.7,0,0.0,13.66,165
1790961579851,26304,11.5,11,458.5,470.0,11,458.5,0,0.0,13.66,165
1790961581856,26304,11.5,11,458.5,470.1,11,458.5,0,0.0,13.66,165
1790961583859,26304,11.5,11,458.6,470.1,11,458.6,0,0.0,13.66,165
1790961585863,26304,11.5,11,458.6,470.2,11,458.6,0,0.0,13.66,165
1790961587883,26304,11.5,11,457.8,469.3,11,457.8,0,0.0,13.66,165
1790961589893,26304,11.5,11,457.9,469.4,11,457.9,0,0.0,13.66,165
1790961591904,26304,11.5,11,457.8,469.3,11,457.8,0,0.0,13.66,165
1790961593918,26304,11.5,11,458.0,469.5,11,458.0,0,0.0,13.66,165
1790961595924,26304,11.5,11,457.9,469.4,11,457.9,0,0.0,13.66,165
1790961597933,26304,11.5,11,458.0,469.5,11,458.0,0,0.0,13.66,165
1790961599947,26304,11.5,11,457.9,469.4,11,457.9,0,0.0,13.66,165
1790961601948,26304,11.5,11,458.1,469.6,11,458.1,0,0.0,13.66,165
1790961603960,26304,11.5,11,458.0,469.5,11,458.0,0,0.0,13.66,165
1790961605971,26304,11.5,11,458.1,469.6,11,458.1,0,0.0,13.66,165
1790961607980,26304,11.5,11,458.1,469.6,11,458.1,0,0.0,13.66,165
1790961609983,26304,11.5,11,496.5,508.0,11,496.5,0,0.0,13.66,165
1790961611989,26304,11.5,11,495.9,507.4,11,495.9,0,0.0,13.66,165
1790961614004,26304,11.5,11,465.5,477.1,11,465.5,0,0.0,13.66,165
1790961616006,26304,11.5,11,465.4,477.0,11,465.4,0,0.0,13.66,165
1790961618006,26304,11.5,11,461.3,472.8,11,461.3,0,0.0,13.66,165
1790961620018,26304,11.5,11,462.9,474.4,11,462.9,0,0.0,13.66,165
1790961622022,26304,11.5,11,461.0,472.5,11,461.0,0,0.0,13.66,165
1790961624025,26304,11.5,11,461.8,473.3,11,461.8,0,0.0,13.66,165
1790961626033,26304,11.5,11,459.4,471.0,11,459.4,0,0.0,13.66,165
1790961628051,26304,11.5,11,457.6,469.1,11,457.6,0,0.0,13.66,165
1790961630069,26304,11.5,11,456.7,468.2,11,456.7,0,0.0,13.66,165
1790961632078,26304,11.5,11,456.6,468.1,11,456.6,0,0.0,13.66,165
1790961634077,26304,11.5,11,456.6,468.2,11,456.6,0,0.0,13.66,165
1790961636093,26304,11.5,11,456.6,468.1,11,456.6,0,0.0,13.66,165
1790961638104,26304,11.5,11,457.3,468.9,11,457.3,0,0.0,13.66,165
1790961640107,26304,11.5,11,457.8,469.4,11,457.8,0,0.0,13.66,165
1790961642119,26304,11.5,11,457.9,469.4,11,457.9,0,0.0,13.66,165
1790961644126,26304,11.5,11,457.8,469.3,11,457.8,0,0.0,13.66,165
1790961646147,26304,11.5,11,457.9,469.4,11,457.9,0,0.0,13.66,165
1790961648161,26304,11.5,11,457.8,469.3,11,457.8,0,0.0,13.66,165
1790961650176,26304,11.5,11,457.8,469.3,11,457.8,0,0.0,13.66,165
1790961652194,26304,11.5,11,457.9,469.4,11,457.9,0,0.0,13.66,165
1790961654199,26304,11.5,11,457.9,469.4,11,457.9,0,0.0,13.66,165
1790961656226,26304,11.5,11,457.9,469.4,11,457.9,0,0.0,13.66,165
1790961658228,26304,11.5,11,457.9,469.4,11,457.9,0,0.0,13.66,165
1790961660237,26304,11.5,11,457.9,469.4,11,457.9,0,0.0,13.66,165
1790961662247,26304,11.5,11,457.9,469.5,11,457.9,0,0.0,13.66,165
1790961664246,26304,11.5,11,457.9,469.5,11,457.9,0,0.0,13.66,165
1790961666263,26304,11.5,11,457.9,469.5,11,457.9,0,0.0,13.66,165
1790961668266,26304,11.5,11,481.5,493.0,11,481.5,0,0.0,13.66,165
1790961670282,26304,11.5,11,496.5,508.0,11,496.5,0,0.0,13.66,165
1790961672300,26304,11.5,11,496.0,507.6,11,496.0,0,0.0,13.66,165
1790961674310,26304,11.5,11,465.7,477.2,11,465.7,0,0.0,13.66,165
1790961676325,26304,11.5,11,459.2,470.7,11,459.2,0,0.0,13.66,165
1790961678353,26304,11.5,11,458.0,469.5,11,458.0,0,0.0,13.66,165
1790961680341,26304,11.5,11,458.6,470.2,11,458.6,0,0.0,13.66,165
1790961682354,26304,11.5,11,458.8,470.3,11,458.8,0,0.0,13.66,165
1790961684370,26304,11.5,11,458.8,470.4,11,458.8,0,0.0,13.66,165
1790961686372,26304,11.5,11,458.8,470.4,11,458.8,0,0.0,13.66,165
1790961688389,26304,11.5,11,458.8,470.4,11,458.8,0,0.0,13.66,165
1790961690399,26304,11.5,11,458.1,469.7,11,458.1,0,0.0,13.66,165
1790961692400,26304,11.5,11,458.2,469.7,11,458.2,0,0.0,13.66,165
1790961694417,26304,11.5,11,458.2,469.7,11,458.2,0,0.0,13.66,165
1790961696427,26304,11.5,11,458.1,469.7,11,458.1,0,0.0,13.66,165
1790961698434,26304,11.5,11,458.2,469.7,11,458.2,0,0.0,13.66,165
1790961700445,26304,11.5,11,458.1,469.7,11,458.1,0,0.0,13.66,165
1790961702449,26304,11.5,11,457.9,469.4,11,457.9,0,0.0,13.66,165
1790961704451,26304,11.5,11,458.1,469.6,11,458.1,0,0.0,13.66,165
1790961706467,26304,11.5,11,458.1,469.6,11,458.1,0,0.0,13.66,165
1790961708476,26304,11.5,11,458.1,469.6,11,458.1,0,0.0,13.66,165
1790961710481,26304,11.5,11,458.1,469.6,11,458.1,0,0.0,13.66,165
1790961712489,26304,11.5,11,458.1,469.6,11,458.1,0,0.0,13.66,165
1790961714500,26304,11.5,11,457.9,469.4,11,457.9,0,0.0,13.66,165
1790961716515,26304,11.5,11,458.0,469.5,11,458.0,0,0.0,13.66,165
1790961718530,26304,11.5,11,458.0,469.5,11,458.0,0,0.0,13.66,165
1790961720543,26304,11.5,11,461.6,473.2,11,461.6,0,0.0,13.66,165
1790961722553,26304,11.5,11,461.6,473.1,11,461.6,0,0.0,13.66,165
1790961724562,26304,11.5,11,461.2,472.8,11,461.2,0,0.0,13.66,165
1790961726577,26304,11.5,11,460.8,472.4,11,460.8,0,0.0,13.66,165
1790961728595,26304,11.6,13,498.8,510.4,11,493.5,2,5.3,13.66,165
1790961730607,26304,11.6,17,635.5,647.1,11,493.1,6,142.4,13.66,165
1790961732614,26304,11.6,17,639.2,650.8,11,492.7,6,146.5,13.66,165
1790961734628,26304,11.6,17,610.7,622.4,11,464.2,6,146.6,13.66,165
1790961736636,26304,11.6,17,604.1,615.7,11,457.6,6,146.5,13.66,165
1790961738643,26304,11.6,17,604.1,615.8,11,457.7,6,146.5,13.66,165
1790961740649,26304,11.6,17,603.0,614.6,11,457.6,6,145.4,13.66,165
1790961742651,26304,11.6,17,603.3,615.0,11,458.0,6,145.4,13.66,165
1790961744661,26304,11.6,17,603.3,615.0,11,458.0,6,145.4,13.76,190
1790961746668,26304,11.6,17,603.4,615.0,11,458.0,6,145.4,13.76,190
1790961748682,26304,11.6,17,603.3,615.0,11,458.0,6,145.4,13.76,190
1790961750692,26304,11.6,17,603.3,615.0,11,458.0,6,145.4,13.76,190
1790961752704,26304,11.6,17,603.4,615.0,11,458.0,6,145.4,13.76,190
1790961754723,26304,11.6,17,603.4,615.0,11,458.0,6,145.4,13.76,190
1790961756731,26304,11.6,17,603.4,615.0,11,458.0,6,145.4,13.76,190
1790961758732,26304,11.6,11,458.1,469.6,11,458.1,0,0.0,13.76,190
1790961760744,26304,11.6,11,457.9,469.4,11,457.9,0,0.0,13.76,190
1790961762744,26304,11.6,11,457.9,469.5,11,457.9,0,0.0,13.76,190
1790961764750,26304,11.6,11,458.0,469.6,11,458.0,0,0.0,13.76,190
1790961766756,26304,11.6,11,458.1,469.6,11,458.1,0,0.0,13.76,190
1790961768762,26304,11.6,11,458.1,469.6,11,458.1,0,0.0,13.76,190
1790961770768,26304,11.6,11,458.0,469.6,11,458.0,0,0.0,13.76,190
1790961772784,26304,11.6,11,458.0,469.6,11,458.0,0,0.0,13.76,190
1790961774799,26304,11.6,11,458.1,469.6,11,458.1,0,0.0,13.80,188
1790961776804,26304,11.6,11,458.1,469.7,11,458.1,0,0.0,13.80,188
1790961778814,26304,11.6,11,458.1,469.7,11,458.1,0,0.0,13.80,188
1790961780826,26304,11.6,11,458.1,469.6,11,458.1,0,0.0,13.80,188
1790961782835,26304,11.6,11,458.8,470.3,11,458.8,0,0.0,13.80,188
1790961784834,26304,11.6,11,458.8,470.3,11,458.8,0,0.0,13.80,188
1790961786849,26304,11.6,11,458.8,470.3,11,458.8,0,0.0,13.80,188
1790961788858,26304,11.6,11,497.3,508.9,11,497.3,0,0.0,13.80,188
1790961790860,26304,11.6,11,497.0,508.5,11,497.0,0,0.0,13.80,188
1790961792869,26304,11.6,11,496.6,508.2,11,496.6,0,0.0,13.80,188
1790961794873,26304,11.6,11,464.8,476.3,11,464.8,0,0.0,13.80,188
1790961796887,26304,11.6,11,458.5,470.1,11,458.5,0,0.0,13.80,188
1790961798903,26304,11.6,11,457.3,468.9,11,457.3,0,0.0,13.80,188
1790961800904,26304,11.6,11,457.6,469.2,11,457.6,0,0.0,13.80,188
1790961802913,26304,11.6,11,458.3,469.9,11,458.3,0,0.0,13.80,188
1790961804917,26304,11.6,11,458.3,469.9,11,458.3,0,0.0,13.80,188
1790961806928,26304,11.6,11,458.5,470.1,11,458.5,0,0.0,13.80,188
1790961808936,26304,11.6,11,458.5,470.1,11,458.5,0,0.0,13.80,188
1790961810946,26304,11.6,11,458.5,470.1,11,458.5,0,0.0,13.80,188
1790961812950,26304,11.6,11,458.5,470.1,11,458.5,0,0.0,13.80,188
1790961814975,26304,11.6,11,458.5,470.1,11,458.5,0,0.0,13.80,188
1790961816984,26304,11.6,11,458.5,470.1,11,458.5,0,0.0,13.80,188
1790961819000,26304,11.6,11,458.4,470.0,11,458.4,0,0.0,13.80,188
1790961821008,26304,11.6,11,462.9,474.5,11,462.9,0,0.0,13.80,188
1790961823012,26304,11.6,11,466.3,477.9,11,466.3,0,0.0,13.80,188
1790961825020,26304,11.6,11,467.1,478.7,11,467.1,0,0.0,13.80,188
1790961827029,26304,11.6,11,462.9,474.4,11,462.9,0,0.0,13.80,188
1790961829036,26304,11.6,11,462.9,474.5,11,462.9,0,0.0,13.80,188
1790961831044,26304,11.6,11,457.4,469.0,11,457.4,0,0.0,13.80,188
1790961833047,26304,11.6,11,457.5,469.0,11,457.5,0,0.0,13.80,188
1790961835050,26304,11.6,11,457.4,469.0,11,457.4,0,0.0,13.80,188
1790961837057,26304,11.6,11,457.4,469.0,11,457.4,0,0.0,13.80,188
1790961839067,26304,11.6,11,457.4,469.0,11,457.4,0,0.0,13.80,188
1790961841082,26304,11.6,11,458.1,469.7,11,458.1,0,0.0,13.80,188
1790961843098,26304,11.6,11,458.1,469.7,11,458.1,0,0.0,13.80,188
1790961845106,26304,11.6,11,458.8,470.4,11,458.8,0,0.0,13.80,188
1790961847117,26304,11.6,11,458.9,470.5,11,458.9,0,0.0,13.80,188
1790961849127,26304,11.6,11,495.6,507.2,11,495.6,0,0.0,13.80,188
1790961851137,26304,11.6,11,495.4,507.0,11,495.4,0,0.0,13.80,188
1790961853151,26304,11.6,11,477.9,489.5,11,477.9,0,0.0,13.80,188
1790961855154,26304,11.6,11,467.8,479.3,11,467.8,0,0.0,13.80,188
1790961857168,26304,11.6,11,459.1,470.6,11,459.1,0,0.0,13.80,188
1790961859182,26304,11.6,11,459.1,470.6,11,459.1,0,0.0,13.80,188
1790961861198,26304,11.6,11,457.8,469.4,11,457.8,0,0.0,13.80,188
1790961863209,26304,11.6,11,458.9,470.5,11,458.9,0,0.0,13.80,188
1790961865210,26304,11.6,11,459.0,470.6,11,459.0,0,0.0,13.80,188
1790961867226,26304,11.6,11,459.2,470.7,11,459.2,0,0.0,13.80,188
1790961869243,26304,11.6,11,459.1,470.7,11,459.1,0,0.0,13.80,188
1790961871256,26304,11.6,11,459.1,470.7,11,459.1,0,0.0,13.80,188
1790961873265,26304,11.6,11,459.1,470.7,11,459.1,0,0.0,13.80,188
1790961875267,26304,11.6,11,459.1,470.7,11,459.1,0,0.0,13.80,188
1790961877268,26304,11.6,11,459.2,470.7,11,459.2,0,0.0,13.80,188
1790961879284,26304,11.6,11,459.0,470.6,11,459.0,0,0.0,13.80,188
1790961881305,26304,11.6,11,458.9,470.4,11,458.9,0,0.0,13.80,188
1790961883322,26304,11.6,11,459.6,471.2,11,459.6,0,0.0,13.80,188
1790961885328,26304,11.6,11,459.6,471.2,11,459.6,0,0.0,13.80,188
1790961887340,26304,11.6,11,459.8,471.3,11,459.8,0,0.0,13.80,188
1790961889353,26304,11.6,11,459.8,471.3,11,459.8,0,0.0,13.80,188
1790961891356,26304,11.6,11,459.7,471.3,11,459.7,0,0.0,13.80,188
1790961893357,26304,11.6,11,459.7,471.3,11,459.7,0,0.0,13.80,188
1790961895363,26304,11.6,11,459.7,471.3,11,459.7,0,0.0,13.80,188
1790961897378,26304,11.6,11,459.8,471.3,11,459.8,0,0.0,13.80,188
1790961899394,26304,11.6,11,459.7,471.2,11,459.7,0,0.0,13.80,188
1790961901407,26304,11.6,11,459.0,470.5,11,459.0,0,0.0,13.80,188
1790961903417,26304,11.6,11,459.0,470.6,11,459.0,0,0.0,13.80,188
1790961905415,26304,11.6,11,459.0,470.6,11,459.0,0,0.0,13.80,188
1790961907421,26304,11.6,11,459.0,470.6,11,459.0,0,0.0,13.80,188
1790961909441,26304,11.6,11,495.9,507.5,11,495.9,0,0.0,13.80,188
1790961911444,26304,11.6,11,495.7,507.3,11,495.7,0,0.0,13.80,188
1790961913453,26304,11.6,11,474.4,486.0,11,474.4,0,0.0,13.80,188
1790961915463,26304,11.6,11,467.1,478.7,11,467.1,0,0.0,13.80,188
1790961917465,26304,11.6,11,459.9,471.5,11,459.9,0,0.0,13.80,188
1790961919477,26304,11.6,11,458.8,470.4,11,458.8,0,0.0,13.80,188
1790961921480,26304,11.6,11,458.8,470.3,11,458.8,0,0.0,13.80,188
1790961923491,26304,11.6,11,458.8,470.3,11,458.8,0,0.0,13.80,188
1790961925493,26304,11.6,11,464.4,476.0,11,464.4,0,0.0,13.80,188
1790961927502,26304,11.6,11,464.5,476.0,11,464.5,0,0.0,13.80,188
1790961929506,26304,11.6,11,461.9,473.4,11,461.9,0,0.0,13.80,188
1790961931513,26304,11.6,11,461.9,473.4,11,461.9,0,0.0,13.80,188
1790961933528,26304,11.6,11,457.6,469.1,11,457.6,0,0.0,13.80,188
1790961935540,26304,11.6,11,457.7,469.2,11,457.7,0,0.0,13.80,188
1790961937540,26304,11.6,11,457.6,469.2,11,457.6,0,0.0,13.80,188
1790961939539,26304,11.6,11,457.5,469.0,11,457.5,0,0.0,13.80,188
1790961941547,26304,11.6,11,457.6,469.2,11,457.6,0,0.0,13.80,188
1790961943561,26304,11.6,11,458.3,469.9,11,458.3,0,0.0,13.80,188
1790961945564,26304,11.6,11,458.3,469.9,11,458.3,0,0.0,13.80,188
1790961947576,26304,11.6,11,459.1,470.6,11,459.1,0,0.0,13.80,188
1790961949581,26304,11.6,11,459.1,470.6,11,459.1,0,0.0,13.80,188
1790961951595,26304,11.6,11,459.1,470.6,11,459.1,0,0.0,13.80,188
1790961953615,26304,11.6,11,459.1,470.6,11,459.1,0,0.0,13.80,188
1790961955618,26304,11.6,11,458.8,470.4,11,458.8,0,0.0,13.80,188
1790961957628,26304,11.6,11,458.8,470.4,11,458.8,0,0.0,13.80,188
1790961959642,26304,11.6,11,458.9,470.4,11,458.9,0,0.0,13.80,188
1790961961661,26304,11.6,11,458.8,470.4,11,458.8,0,0.0,13.80,188
1790961963672,26304,11.6,11,458.8,470.4,11,458.8,0,0.0,13.80,188
1790961965673,26304,11.6,11,458.9,470.5,11,458.9,0,0.0,13.80,188
1790961967684,26304,11.6,11,459.0,470.5,11,459.0,0,0.0,13.80,188
1790961969691,26304,11.6,11,495.7,507.3,11,495.7,0,0.0,13.80,188
1790961971700,26304,11.6,11,495.8,507.3,11,495.8,0,0.0,13.80,188
1790961973713,26304,11.6,11,468.5,480.0,11,468.5,0,0.0,13.80,188
1790961975726,26304,11.6,11,468.3,479.9,11,468.3,0,0.0,13.80,188
1790961977741,26304,11.6,11,459.0,470.6,11,459.0,0,0.0,13.80,188
1790961979751,26304,11.6,11,459.1,470.7,11,459.1,0,0.0,13.80,188
1790961981773,26304,11.6,11,459.1,470.7,11,459.1,0,0.0,13.80,188
1790961983785,26304,11.6,11,459.1,470.7,11,459.1,0,0.0,13.80,188
1790961985789,26304,11.6,11,459.6,471.2,11,459.6,0,0.0,13.80,188
1790961987802,26304,11.6,11,459.6,471.1,11,459.6,0,0.0,13.80,188
1790961989820,26304,11.6,11,459.7,471.3,11,459.7,0,0.0,13.80,188
1790961991834,26304,11.6,11,459.7,471.3,11,459.7,0,0.0,13.80,188
1790961993862,26304,11.6,11,459.7,471.3,11,459.7,0,0.0,13.80,188
1790961995871,26304,11.6,11,459.8,471.3,11,459.8,0,0.0,13.80,188
1790961997893,26304,11.6,11,459.1,470.6,11,459.1,0,0.0,13.80,188
1790961999891,26304,11.6,11,459.0,470.6,11,459.0,0,0.0,13.80,188
1790962001924,26304,11.6,11,459.1,470.6,11,459.1,0,0.0,13.80,188
1790962003931,26304,11.6,11,459.1,470.7,11,459.1,0,0.0,13.80,188
1790962005942,26304,11.6,11,459.1,470.7,11,459.1,0,0.0,13.80,188
1790962007945,26304,11.6,11,459.1,470.7,11,459.1,0,0.0,13.80,188
1790962009949,26304,11.6,11,459.1,470.6,11,459.1,0,0.0,13.80,188
1790962011956,26304,11.6,11,459.1,470.6,11,459.1,0,0.0,13.80,188
1790962013962,26304,11.6,11,459.0,470.6,11,459.0,0,0.0,13.80,188
1790962015971,26304,11.6,11,458.9,470.4,11,458.9,0,0.0,13.80,188
1790962017977,26304,11.6,11,458.9,470.4,11,458.9,0,0.0,13.80,188
1790962019978,26304,11.6,11,458.9,470.4,11,458.9,0,0.0,13.80,188
1790962021981,26304,11.6,11,458.9,470.4,11,458.9,0,0.0,13.80,188
1790962023990,26304,11.6,11,458.9,470.5,11,458.9,0,0.0,13.80,188
1790962026002,26304,11.6,11,458.9,470.5,11,458.9,0,0.0,13.80,188
1790962028017,26304,11.6,11,464.6,476.2,11,464.6,0,0.0,13.80,188
1790962030022,26304,11.6,11,499.6,511.2,11,499.6,0,0.0,13.80,188
1790962032033,26304,11.6,11,500.1,511.7,11,500.1,0,0.0,13.80,188
1790962034052,26304,11.6,11,472.2,483.8,11,472.2,0,0.0,13.80,188
1790962036066,26304,11.6,11,466.6,478.2,11,466.6,0,0.0,13.80,188
1790962038083,26304,11.6,11,460.1,471.7,11,460.1,0,0.0,13.80,188
1790962040088,26304,11.6,11,458.8,470.4,11,458.8,0,0.0,13.80,188
1790962042090,26304,11.6,11,458.9,470.4,11,458.9,0,0.0,13.80,188
1790962044110,26304,11.6,11,457.8,469.4,11,457.8,0,0.0,13.80,188
1790962046125,26304,11.6,11,458.3,469.9,11,458.3,0,0.0,13.80,188
1790962048134,26304,11.6,11,458.2,469.8,11,458.2,0,0.0,13.80,188
1790962050149,26304,11.6,11,459.2,470.8,11,459.2,0,0.0,13.80,188
1790962052157,26304,11.6,11,459.1,470.6,11,459.1,0,0.0,13.80,188
1790962054172,26304,11.6,11,459.2,470.7,11,459.2,0,0.0,13.80,188
1790962056185,26304,11.6,11,459.1,470.7,11,459.1,0,0.0,13.80,188
1790962058188,26304,11.6,11,459.2,470.7,11,459.2,0,0.0,13.80,188
1790962060201,26304,11.6,11,459.1,470.7,11,459.1,0,0.0,13.80,188
1790962062200,26304,11.6,11,459.1,470.6,11,459.1,0,0.0,13.80,188
1790962064209,26304,11.6,11,459.1,470.6,11,459.1,0,0.0,13.80,188
1790962066215,26304,11.6,11,459.1,470.6,11,459.1,0,0.0,13.80,188
1790962068225,26304,11.6,11,459.1,470.7,11,459.1,0,0.0,13.80,188
1790962070236,26304,11.6,11,459.1,470.7,11,459.1,0,0.0,13.80,188
1790962072250,26304,11.6,11,458.8,470.4,11,458.8,0,0.0,13.80,188
1790962074260,26304,11.6,11,458.8,470.4,11,458.8,0,0.0,13.80,188
1790962076264,26304,11.6,11,458.8,470.3,11,458.8,0,0.0,13.80,188
1790962078277,26304,11.6,11,458.8,470.3,11,458.8,0,0.0,13.80,188
1790962080277,26304,11.6,11,458.8,470.4,11,458.8,0,0.0,13.80,188
1790962082291,26304,11.6,11,458.8,470.4,11,458.8,0,0.0,13.80,188
1790962084304,26304,11.6,11,458.8,470.4,11,458.8,0,0.0,13.80,188
1790962086318,26304,11.6,11,458.8,470.4,11,458.8,0,0.0,13.80,188
1790962088334,26304,11.6,11,482.5,494.1,11,482.5,0,0.0,13.80,188
1790962090351,26304,11.7,11,497.6,509.3,11,497.6,0,0.0,13.80,188
1790962092360,26304,11.7,11,497.4,509.1,11,497.4,0,0.0,13.80,188
1790962094367,26304,11.7,11,467.0,478.7,11,467.0,0,0.0,13.80,188
1790962096371,26304,11.7,11,460.7,472.4,11,460.7,0,0.0,13.80,188
1790962098374,26304,11.7,11,459.6,471.2,11,459.6,0,0.0,13.80,188
1790962100375,26304,11.7,11,459.6,471.2,11,459.6,0,0.0,13.80,188
1790962102382,26304,11.7,11,458.9,470.5,11,458.9,0,0.0,13.80,188
1790962104396,26304,11.7,11,458.9,470.5,11,458.9,0,0.0,13.80,188
1790962106400,26304,11.7,11,458.9,470.5,11,458.9,0,0.0,13.80,188
1790962108409,26304,11.7,11,458.9,470.5,11,458.9,0,0.0,13.80,188
1790962110416,26304,11.7,11,458.9,470.5,11,458.9,0,0.0,13.80,188
1790962112424,26304,11.7,11,458.9,470.6,11,458.9,0,0.0,13.80,188
1790962114431,26304,11.7,11,458.9,470.6,11,458.9,0,0.0,13.80,188
1790962116434,26304,11.7,11,458.9,470.6,11,458.9,0,0.0,13.80,188
1790962118449,26304,11.7,11,458.9,470.6,11,458.9,0,0.0,13.80,188
1790962120458,26304,11.7,11,458.9,470.5,11,458.9,0,0.0,13.80,188
1790962122460,26304,11.7,11,458.9,470.5,11,458.9,0,0.0,13.80,188
1790962124465,26304,11.7,11,458.9,470.5,11,458.9,0,0.0,13.80,188
1790962126469,26304,11.7,11,458.9,470.5,11,458.9,0,0.0,13.80,188
1790962128475,26304,11.7,11,458.9,470.5,11,458.9,0,0.0,13.80,188
1790962130482,26304,11.7,11,464.5,476.1,11,464.5,0,0.0,13.80,188
1790962132492,26304,11.7,11,464.0,475.6,11,464.0,0,0.0,13.80,188
1790962134499,26304,11.7,11,462.1,473.8,11,462.1,0,0.0,13.80,188
1790962136518,26304,11.7,11,461.6,473.2,11,461.6,0,0.0,13.80,188
1790962138515,26304,11.7,11,457.9,469.6,11,457.9,0,0.0,13.80,188
1790962140525,26304,11.7,11,457.6,469.3,11,457.6,0,0.0,13.80,188
1790962142532,26304,11.7,11,457.3,469.0,11,457.3,0,0.0,13.80,188
1790962144540,26304,11.7,11,457.3,469.0,11,457.3,0,0.0,13.80,188
1790962146553,26304,11.7,11,457.3,469.0,11,457.3,0,0.0,13.80,188
1790962148559,26304,11.7,11,481.2,492.8,11,481.2,0,0.0,13.80,188
1790962150560,26304,11.7,11,496.2,507.9,11,496.2,0,0.0,13.80,188
1790962152574,26304,11.7,11,496.0,507.7,11,496.0,0,0.0,13.80,188
1790962154579,26304,11.7,11,466.6,478.3,11,466.6,0,0.0,13.80,188
1790962156579,26304,11.7,11,460.1,471.8,11,460.1,0,0.0,13.80,188
1790962158591,26304,11.7,11,460.1,471.8,11,460.1,0,0.0,13.80,188
1790962160597,26304,11.7,11,458.3,469.9,11,458.3,0,0.0,13.80,188
1790962162611,26304,11.7,11,458.3,469.9,11,458.3,0,0.0,13.80,188
1790962164620,26304,11.7,11,458.2,469.9,11,458.2,0,0.0,13.80,188
1790962166640,26304,11.7,11,458.3,469.9,11,458.3,0,0.0,13.80,188
1790962168647,26304,11.7,11,458.2,469.9,11,458.2,0,0.0,13.80,188
1790962170656,26304,11.7,11,458.9,470.6,11,458.9,0,0.0,13.80,188
1790962172659,26304,11.7,11,458.9,470.6,11,458.9,0,0.0,13.80,188
1790962174667,26304,11.7,11,458.9,470.6,11,458.9,0,0.0,13.80,188
1790962176689,26304,11.7,11,458.9,470.6,11,458.9,0,0.0,13.80,188
1790962178685,26304,11.7,11,458.9,470.6,11,458.9,0,0.0,13.80,188
1790962180698,26304,11.7,11,459.0,470.6,11,459.0,0,0.0,13.80,188
1790962182702,26304,11.7,11,459.0,470.6,11,459.0,0,0.0,13.80,188
1790962184712,26304,11.6,11,458.9,470.4,11,458.9,0,0.0,13.80,188
1790962186718,26304,11.6,11,458.9,470.4,11,458.9,0,0.0,13.80,188
1790962188725,26304,11.6,11,458.9,470.4,11,458.9,0,0.0,13.80,188
1790962190730,26304,11.6,11,459.6,471.2,11,459.6,0,0.0,13.80,188
1790962192736,26304,11.6,11,459.6,471.2,11,459.6,0,0.0,13.80,188
1790962194751,26304,11.6,11,459.6,471.1,11,459.6,0,0.0,13.80,188
1790962196763,26304,11.6,11,459.4,471.0,11,459.4,0,0.0,13.80,188
1790962198765,26304,11.6,11,459.4,471.0,11,459.4,0,0.0,13.80,188
1790962200775,26304,11.6,11,459.5,471.0,11,459.5,0,0.0,13.80,188
1790962202789,26304,11.6,11,459.5,471.0,11,459.5,0,0.0,13.80,188
1790962204802,26304,11.6,11,458.9,470.4,11,458.9,0,0.0,13.80,188
1790962206823,26304,11.6,11,458.9,470.5,11,458.9,0,0.0,13.80,188
1790962208835,26304,11.6,11,494.8,506.4,11,494.8,0,0.0,13.80,188
1790962210861,26304,11.6,11,495.9,507.4,11,495.9,0,0.0,13.80,188
1790962212864,26304,11.6,11,495.4,506.9,11,495.4,0,0.0,13.80,188
1790962214868,26304,11.6,11,467.2,478.8,11,467.2,0,0.0,13.80,188
1790962216869,26304,11.6,11,461.1,472.6,11,461.1,0,0.0,13.80,188
1790962218872,26304,11.6,11,458.9,470.4,11,458.9,0,0.0,13.80,188
1790962220995,26304,11.6,11,458.8,470.3,11,458.8,0,0.0,13.80,188
1790962222889,26304,11.6,11,458.8,470.4,11,458.8,0,0.0,13.80,188
1790962224900,26304,11.6,11,458.8,470.4,11,458.8,0,0.0,13.80,188
1790962226900,26304,11.6,11,458.8,470.4,11,458.8,0,0.0,13.80,188
1790962228905,26304,11.6,11,458.8,470.4,11,458.8,0,0.0,13.80,188
1790962230913,26304,11.6,11,458.9,470.4,11,458.9,0,0.0,13.80,188
1790962232930,26304,11.6,11,464.4,475.9,11,464.4,0,0.0,13.80,188
1790962234938,26304,11.6,11,464.4,476.0,11,464.4,0,0.0,13.80,188
1790962236935,26304,11.6,11,462.1,473.7,11,462.1,0,0.0,13.80,188
1790962238948,26304,11.6,11,461.7,473.3,11,461.7,0,0.0,13.80,188
1790962240957,26304,11.6,11,459.3,470.9,11,459.3,0,0.0,13.80,188
1790962242971,26304,11.6,11,457.5,469.1,11,457.5,0,0.0,13.80,188
1790962244991,26304,11.6,11,457.4,469.0,11,457.4,0,0.0,13.80,188
1790962247000,26304,11.6,11,457.5,469.1,11,457.5,0,0.0,13.80,188
1790962249003,26304,11.6,11,457.4,469.0,11,457.4,0,0.0,13.80,188
1790962251014,26304,11.6,11,458.2,469.8,11,458.2,0,0.0,13.80,188
1790962253035,26304,11.6,11,458.1,469.7,11,458.1,0,0.0,13.80,188
1790962255055,26304,11.6,11,458.9,470.4,11,458.9,0,0.0,13.80,188
1790962257066,26304,11.6,11,458.7,470.2,11,458.7,0,0.0,13.80,188
1790962259074,26304,11.6,11,458.9,470.4,11,458.9,0,0.0,13.80,188
1790962261075,26304,11.6,11,458.8,470.4,11,458.8,0,0.0,13.80,188
1790962263095,26304,11.6,11,458.9,470.4,11,458.9,0,0.0,13.80,188
1790962265114,26304,11.6,11,458.8,470.3,11,458.8,0,0.0,13.80,188
1790962267146,26304,11.6,11,458.9,470.4,11,458.9,0,0.0,13.80,188
1790962269136,26304,11.6,11,495.9,507.4,11,495.9,0,0.0,13.80,188
1790962271137,26304,11.6,11,495.9,507.4,11,495.9,0,0.0,13.80,188
1790962273145,26304,11.6,11,467.1,478.6,11,467.1,0,0.0,13.80,188
1790962275161,26304,11.6,11,466.2,477.8,11,466.2,0,0.0,13.80,188
1790962277172,26304,11.6,11,460.0,471.6,11,460.0,0,0.0,13.80,188
1790962279180,26304,11.6,11,460.1,471.7,11,460.1,0,0.0,13.80,188
1790962281182,26304,11.6,11,458.8,470.4,11,458.8,0,0.0,13.80,188
1790962283181,26304,11.6,11,458.9,470.5,11,458.9,0,0.0,13.80,188
1790962285192,26304,11.6,11,459.0,470.5,11,459.0,0,0.0,13.80,188
1790962287199,26304,11.6,11,459.0,470.5,11,459.0,0,0.0,13.80,188
1790962289224,26304,11.6,11,459.0,470.5,11,459.0,0,0.0,13.80,188
1790962291237,26304,11.6,11,459.0,470.5,11,459.0,0,0.0,13.80,188
1790962293253,26304,11.6,11,459.7,471.3,11,459.7,0,0.0,13.80,188
1790962295269,26304,11.6,11,459.7,471.3,11,459.7,0,0.0,13.80,188
1790962297281,26304,11.6,11,459.7,471.3,11,459.7,0,0.0,13.80,188
1790962299291,26304,11.6,11,459.7,471.2,11,459.7,0,0.0,13.80,188
1790962301299,26304,11.6,11,459.7,471.3,11,459.7,0,0.0,13.80,188
1790962303315,26304,11.6,11,459.7,471.3,11,459.7,0,0.0,13.80,188
1790962305340,26304,11.6,11,459.0,470.6,11,459.0,0,0.0,13.80,188
1790962307355,26304,11.6,11,459.0,470.6,11,459.0,0,0.0,13.80,188
1790962309365,26304,11.6,11,459.0,470.5,11,459.0,0,0.0,13.80,188
1790962311379,26304,11.6,11,459.0,470.5,11,459.0,0,0.0,13.80,188
1790962313385,26304,11.6,11,459.0,470.5,11,459.0,0,0.0,13.80,188
1790962315384,26304,11.6,11,458.9,470.5,11,458.9,0,0.0,13.80,188
1790962317388,26304,11.6,11,458.8,470.4,11,458.8,0,0.0,13.80,188
1790962319406,26304,11.6,11,458.9,470.5,11,458.9,0,0.0,13.80,188
1790962321420,26304,11.6,11,458.9,470.4,11,458.9,0,0.0,13.80,188
1790962323422,26304,11.6,11,458.9,470.4,11,458.9,0,0.0,13.80,188
1790962325436,26304,11.6,11,458.9,470.4,11,458.9,0,0.0,13.80,188
1790962327446,26304,11.6,11,458.9,470.5,11,458.9,0,0.0,13.80,188
1790962329455,26304,11.6,11,496.9,508.5,11,496.9,0,0.0,13.80,188
1790962331469,26304,11.6,11,496.9,508.5,11,496.9,0,0.0,13.80,188
1790962333482,26304,11.6,11,467.4,479.0,11,467.4,0,0.0,13.80,188
1790962335491,26304,11.6,11,467.8,479.4,11,467.8,0,0.0,13.80,188
1790962337499,26304,11.6,11,463.4,475.0,11,463.4,0,0.0,13.80,188
1790962339504,26304,11.6,11,463.1,474.7,11,463.1,0,0.0,13.80,188
1790962341517,26304,11.6,11,463.0,474.6,11,463.0,0,0.0,13.80,188
1790962343529,26304,11.6,11,458.4,470.0,11,458.4,0,0.0,13.80,188
1790962345562,26304,11.6,11,458.4,470.0,11,458.4,0,0.0,13.80,188
1790962347548,26304,11.6,11,457.7,469.3,11,457.7,0,0.0,13.80,188
1790962349563,26304,11.6,11,457.7,469.2,11,457.7,0,0.0,13.80,188
1790962351574,26304,11.6,11,457.7,469.3,11,457.7,0,0.0,13.80,188
1790962353584,26304,11.6,11,458.4,469.9,11,458.4,0,0.0,13.80,188
1790962355594,26304,11.6,11,458.4,469.9,11,458.4,0,0.0,13.80,188
1790962357594,26304,11.6,11,459.1,470.7,11,459.1,0,0.0,13.80,188
1790962359611,26304,11.6,11,458.9,470.5,11,458.9,0,0.0,13.80,188
1790962361610,26304,11.6,11,459.1,470.6,11,459.1,0,0.0,13.80,188
1790962363611,26304,11.6,11,459.0,470.6,11,459.0,0,0.0,13.80,188
1790962365622,26304,11.6,11,459.0,470.6,11,459.0,0,0.0,13.80,188
1790962367624,26304,11.6,11,459.0,470.6,11,459.0,0,0.0,13.80,188
1790962369636,26304,11.6,11,459.1,470.6,11,459.1,0,0.0,13.80,188
1790962371645,26304,11.6,11,459.1,470.6,11,459.1,0,0.0,13.80,188
1790962373648,26304,11.6,11,459.0,470.6,11,459.0,0,0.0,13.80,188
1790962375652,26304,11.6,11,459.0,470.6,11,459.0,0,0.0,13.80,188
1790962377661,26304,11.6,11,459.0,470.6,11,459.0,0,0.0,13.80,188
1790962379663,26304,11.6,11,459.1,470.6,11,459.1,0,0.0,13.80,188
1790962381679,26304,11.6,11,459.1,470.6,11,459.1,0,0.0,13.80,188
1790962383681,26304,11.6,11,459.1,470.7,11,459.1,0,0.0,13.80,188
1790962385693,26304,11.6,11,459.1,470.6,11,459.1,0,0.0,13.80,188
1790962387695,26304,11.6,11,459.1,470.6,11,459.1,0,0.0,13.80,188
1790962389698,26304,11.6,11,497.3,508.9,11,497.3,0,0.0,13.80,188
1790962391701,26304,11.6,11,497.3,508.9,11,497.3,0,0.0,13.80,188
1790962393710,26304,11.6,11,475.6,487.2,11,475.6,0,0.0,13.80,188
1790962395719,26304,11.6,11,472.0,483.6,11,472.0,0,0.0,13.80,188
1790962397719,26304,11.6,11,469.8,481.4,11,469.8,0,0.0,13.80,188
1790962399732,26304,11.6,11,461.4,473.0,11,461.4,0,0.0,13.80,188
1790962401734,26304,11.6,11,461.1,472.7,11,461.1,0,0.0,13.80,188
1790962403749,26304,11.6,11,461.0,472.6,11,461.0,0,0.0,13.80,188
1790962405754,26304,11.6,11,459.4,470.9,11,459.4,0,0.0,13.80,188
1790962407764,26304,11.6,11,459.4,470.9,11,459.4,0,0.0,13.80,188
1790962409767,26304,11.6,11,459.4,470.9,11,459.4,0,0.0,13.80,188
1790962411777,26304,11.6,11,458.7,470.3,11,458.7,0,0.0,13.80,188
1790962413783,26304,11.6,11,458.7,470.3,11,458.7,0,0.0,13.80,188
1790962415789,26304,11.6,11,458.7,470.3,11,458.7,0,0.0,13.80,188
1790962417794,26304,11.6,11,458.8,470.4,11,458.8,0,0.0,13.80,188
1790962419806,26304,11.6,11,458.7,470.3,11,458.7,0,0.0,13.80,188
1790962421815,26304,11.6,11,458.9,470.5,11,458.9,0,0.0,13.80,188
1790962423825,26304,11.6,11,458.9,470.5,11,458.9,0,0.0,13.80,188
1790962425834,26304,11.6,11,458.9,470.4,11,458.9,0,0.0,13.80,188
1790962427835,26304,11.6,11,458.9,470.4,11,458.9,0,0.0,13.80,188
1790962429843,26304,11.6,11,458.8,470.4,11,458.8,0,0.0,13.80,188
1790962431860,26304,11.6,11,458.8,470.4,11,458.8,0,0.0,13.80,188
1790962433858,26304,11.6,11,458.8,470.4,11,458.8,0,0.0,13.80,188
1790962435867,26304,11.6,11,458.8,470.4,11,458.8,0,0.0,13.80,188
1790962437874,26304,11.6,11,464.6,476.1,11,464.6,0,0.0,13.80,188
1790962439881,26304,11.6,11,464.6,476.1,11,464.6,0,0.0,13.80,188
1790962441893,26304,11.6,11,462.3,473.9,11,462.3,0,0.0,13.80,188
1790962443908,26304,11.6,11,461.9,473.4,11,461.9,0,0.0,13.80,188
1790962445912,26304,11.6,11,458.3,469.9,11,458.3,0,0.0,13.80,188
1790962447925,26304,11.6,11,458.3,469.9,11,458.3,0,0.0,13.80,188
1790962449934,26304,11.6,11,493.6,505.1,11,493.6,0,0.0,13.80,188
1790962451939,26304,11.6,11,493.3,504.9,11,493.3,0,0.0,13.80,188
1790962453951,26304,11.6,11,467.1,478.6,11,467.1,0,0.0,13.80,188
1790962455964,26304,11.6,11,467.0,478.6,11,467.0,0,0.0,13.80,188
1790962457972,26304,11.6,11,460.3,471.8,11,460.3,0,0.0,13.80,188
1790962459977,26304,11.6,11,459.1,470.7,11,459.1,0,0.0,13.80,188
1790962461982,26304,11.6,11,459.1,470.7,11,459.1,0,0.0,13.80,188
1790962463995,26304,11.6,11,459.2,470.7,11,459.2,0,0.0,13.80,188
1790962466008,26304,11.6,11,458.9,470.5,11,458.9,0,0.0,13.80,188
1790962468023,26304,11.6,11,458.9,470.5,11,458.9,0,0.0,13.80,188
1790962470033,26304,11.6,11,459.0,470.5,11,459.0,0,0.0,13.80,188
1790962472053,26304,11.6,11,459.0,470.5,11,459.0,0,0.0,13.80,188
1790962474067,26304,11.6,11,459.0,470.5,11,459.0,0,0.0,13.80,188
1790962476077,26304,11.6,11,459.0,470.5,11,459.0,0,0.0,13.80,188
1790962478097,26304,11.6,11,458.9,470.5,11,458.9,0,0.0,13.80,188
1790962480089,26304,11.6,11,459.0,470.6,11,459.0,0,0.0,13.80,188
1790962482089,26304,11.6,11,459.1,470.7,11,459.1,0,0.0,13.80,188
1790962484100,26304,11.6,11,459.1,470.7,11,459.1,0,0.0,13.80,188
1790962486104,26304,11.6,11,459.1,470.7,11,459.1,0,0.0,13.80,188
1790962488121,26304,11.6,11,459.2,470.7,11,459.2,0,0.0,13.80,188
1790962490126,26304,11.6,11,459.1,470.7,11,459.1,0,0.0,13.80,188
1790962492139,26304,11.6,11,459.1,470.7,11,459.1,0,0.0,13.80,188
1790962494154,26304,11.6,11,459.1,470.7,11,459.1,0,0.0,13.80,188
1790962496162,26304,11.6,11,459.1,470.7,11,459.1,0,0.0,13.80,188
1790962498168,26304,11.6,11,459.8,471.3,11,459.8,0,0.0,13.80,188
1790962500179,26304,11.6,11,459.8,471.3,11,459.8,0,0.0,13.80,188
1790962502178,26304,11.6,11,459.8,471.3,11,459.8,0,0.0,13.80,188
1790962504186,26304,11.6,11,459.8,471.4,11,459.8,0,0.0,13.80,188
1790962506196,26304,11.6,11,460.1,471.6,11,460.1,0,0.0,13.80,188
1790962508211,26304,11.6,11,482.1,493.7,11,482.1,0,0.0,13.80,188
1790962510225,26304,11.6,11,495.5,507.1,11,495.5,0,0.0,13.80,188
1790962512231,26304,11.6,11,495.1,506.7,11,495.1,0,0.0,13.80,188
1790962514238,26304,11.6,11,468.6,480.1,11,468.6,0,0.0,13.80,188
1790962516244,26304,11.6,11,460.2,471.8,11,460.2,0,0.0,13.80,188
1790962518243,26304,11.6,11,460.2,471.8,11,460.2,0,0.0,13.80,188
1790962520255,26304,11.6,11,459.9,471.5,11,459.9,0,0.0,13.80,188
1790962522263,26304,11.6,11,459.5,471.0,11,459.5,0,0.0,13.80,188
1790962524266,26304,11.6,11,459.5,471.0,11,459.5,0,0.0,13.80,188
1790962526269,26304,11.6,11,459.3,470.8,11,459.3,0,0.0,13.80,188
1790962528278,26304,11.6,11,459.3,470.9,11,459.3,0,0.0,13.80,188
1790962530284,26304,11.6,11,459.3,470.8,11,459.3,0,0.0,13.80,188
1790962532298,26304,11.6,11,459.3,470.8,11,459.3,0,0.0,13.80,188
1790962534303,26304,11.6,11,459.3,470.8,11,459.3,0,0.0,13.80,188
1790962536304,26304,11.6,11,459.3,470.8,11,459.3,0,0.0,13.80,188
1790962538312,26304,11.6,11,459.3,470.9,11,459.3,0,0.0,13.80,188
1790962540318,26304,11.6,11,464.8,476.4,11,464.8,0,0.0,13.80,188
1790962542320,26304,11.6,11,464.6,476.1,11,464.6,0,0.0,13.80,188
1790962544334,26304,11.6,11,462.7,474.3,11,462.7,0,0.0,13.80,188
1790962546340,26304,11.6,11,462.2,473.8,11,462.2,0,0.0,13.80,188
1790962548347,26304,11.6,11,458.3,469.8,11,458.3,0,0.0,13.80,188
1790962550360,26304,11.6,11,458.3,469.8,11,458.3,0,0.0,13.80,188
1790962552368,26304,11.6,11,458.0,469.6,11,458.0,0,0.0,13.80,188
1790962554372,26304,11.6,11,458.0,469.6,11,458.0,0,0.0,13.80,188
1790962556382,26304,11.6,11,458.0,469.6,11,458.0,0,0.0,13.80,188
1790962558396,26304,11.6,11,458.7,470.3,11,458.7,0,0.0,13.80,188
1790962560407,26304,11.6,11,458.7,470.3,11,458.7,0,0.0,13.80,188
1790962562412,26304,11.6,11,459.4,471.0,11,459.4,0,0.0,13.80,188
1790962564416,26304,11.6,11,459.4,471.0,11,459.4,0,0.0,13.80,188
1790962566432,26304,11.6,11,459.4,470.9,11,459.4,0,0.0,13.80,188
1790962568438,26304,11.6,11,482.9,494.4,11,482.9,0,0.0,13.80,188
1790962570440,26304,11.6,11,496.1,507.7,11,496.1,0,0.0,13.80,188
1790962572448,26304,11.6,11,496.1,507.7,11,496.1,0,0.0,13.80,188
1790962574459,26304,11.6,11,466.5,478.1,11,466.5,0,0.0,13.80,188
1790962576472,26304,11.6,11,460.5,472.0,11,460.5,0,0.0,13.80,188
1790962578477,26304,11.6,11,460.0,471.6,11,460.0,0,0.0,13.80,188
1790962580483,26304,11.6,11,459.6,471.1,11,459.6,0,0.0,13.80,188
1790962582498,26304,11.6,11,459.6,471.1,11,459.6,0,0.0,13.80,188
1790962584510,26304,11.6,11,459.6,471.1,11,459.6,0,0.0,13.80,188
1790962586516,26304,11.6,11,459.4,471.0,11,459.4,0,0.0,13.80,188
1790962588524,26304,11.6,11,459.4,471.0,11,459.4,0,0.0,13.80,188
1790962590527,26304,11.6,11,459.4,471.0,11,459.4,0,0.0,13.80,188
1790962592534,26304,11.6,11,459.4,471.0,11,459.4,0,0.0,13.80,188
1790962594536,26304,11.6,11,459.4,471.0,11,459.4,0,0.0,13.80,188
1790962596548,26304,11.6,11,459.4,471.0,11,459.4,0,0.0,13.80,188
1790962598557,26304,11.6,11,459.4,471.0,11,459.4,0,0.0,13.80,188
1790962600562,26304,11.6,11,460.1,471.6,11,460.1,0,0.0,13.80,188
1790962602571,26304,11.6,11,460.1,471.7,11,460.1,0,0.0,13.80,188
1790962604577,26304,11.6,11,460.2,471.8,11,460.2,0,0.0,13.80,188
1790962606582,26304,11.6,11,460.2,471.7,11,460.2,0,0.0,13.80,188
1790962608586,26304,11.6,11,460.2,471.8,11,460.2,0,0.0,13.80,188
1790962610594,26304,11.6,11,460.2,471.7,11,460.2,0,0.0,13.80,188
1790962612597,26304,11.6,11,459.3,470.9,11,459.3,0,0.0,13.80,188
1790962614604,26304,11.6,11,459.5,471.1,11,459.5,0,0.0,13.80,188
1790962616608,26304,11.6,11,459.4,471.0,11,459.4,0,0.0,13.80,188
1790962618610,26304,11.6,11,459.5,471.0,11,459.5,0,0.0,13.80,188
1790962620617,26304,11.6,11,459.3,470.9,11,459.3,0,0.0,13.80,188
1790962622631,26304,11.6,11,459.5,471.0,11,459.5,0,0.0,13.80,188
1790962624639,26304,11.6,11,459.4,471.0,11,459.4,0,0.0,13.80,188
1790962626645,26304,11.6,11,459.5,471.1,11,459.5,0,0.0,13.80,188
1790962628651,26304,11.6,13,521.1,532.7,11,495.7,2,25.5,13.80,188
1790962630658,26304,12.4,11,495.7,508.1,11,495.7,0,0.0,13.80,188
1790962632678,26304,12.4,11,468.2,480.6,11,468.2,0,0.0,13.80,188
1790962634680,26304,12.4,11,468.2,480.7,11,468.2,0,0.0,13.80,188
1790962636691,26304,12.4,11,459.4,471.9,11,459.4,0,0.0,13.80,188
1790962638696,26304,12.4,11,459.6,472.0,11,459.6,0,0.0,13.80,188
1790962640705,26304,12.4,11,459.5,472.0,11,459.5,0,0.0,13.80,188
1790962642715,26304,12.4,11,465.2,477.6,11,465.2,0,0.0,13.80,188
1790962644724,26304,12.4,11,464.7,477.1,11,464.7,0,0.0,13.80,188
1790962646738,26304,12.4,11,462.4,474.8,11,462.4,0,0.0,13.80,188
1790962648742,26304,12.4,11,462.3,474.7,11,462.3,0,0.0,13.82,189
1790962650760,26304,12.4,11,458.1,470.5,11,458.1,0,0.0,13.82,189
1790962652769,26304,12.4,11,458.0,470.4,11,458.0,0,0.0,13.82,189
1790962654778,26304,12.4,11,458.1,470.5,11,458.1,0,0.0,13.82,189
1790962656791,26304,12.4,11,458.0,470.4,11,458.0,0,0.0,13.82,189
1790962658810,26304,12.4,11,458.1,470.5,11,458.1,0,0.0,13.82,189
1790962660808,26304,12.4,11,458.7,471.1,11,458.7,0,0.0,13.82,189
1790962662820,26304,12.4,11,458.8,471.2,11,458.8,0,0.0,13.82,189
1790962664826,26304,12.4,11,459.5,471.9,11,459.5,0,0.0,13.82,189
1790962666836,26304,12.4,11,459.5,472.0,11,459.5,0,0.0,13.82,189
1790962668836,26304,12.4,11,459.5,471.9,11,459.5,0,0.0,13.82,189
1790962670842,26304,12.4,11,459.5,472.0,11,459.5,0,0.0,13.82,189
1790962672851,26304,12.4,11,459.5,471.9,11,459.5,0,0.0,13.82,189
1790962674863,26304,12.4,11,459.5,472.0,11,459.5,0,0.0,13.82,189
1790962676865,26304,12.4,11,459.5,471.9,11,459.5,0,0.0,13.82,189
1790962678882,26304,12.4,11,459.6,472.0,11,459.6,0,0.0,13.82,189
1790962680897,26304,12.4,11,459.5,471.9,11,459.5,0,0.0,13.82,189
1790962682901,26304,12.4,11,459.5,471.9,11,459.5,0,0.0,13.82,189
1790962684915,26304,12.4,11,459.5,471.9,11,459.5,0,0.0,13.82,189
1790962686917,26304,12.4,11,459.6,472.0,11,459.6,0,0.0,13.82,189
1790962688926,26304,12.4,11,497.1,509.5,11,497.1,0,0.0,13.82,189
1790962690933,26304,12.4,11,497.1,509.6,11,497.1,0,0.0,13.82,189
1790962692947,26304,12.4,11,467.7,480.2,11,467.7,0,0.0,13.82,189
1790962694955,26304,12.4,11,467.8,480.2,11,467.8,0,0.0,13.82,189
1790962696965,26304,12.4,11,460.9,473.3,11,460.9,0,0.0,13.82,189
1790962698979,26304,12.4,11,459.9,472.3,11,459.9,0,0.0,13.82,189
1790962700985,26304,12.4,11,459.7,472.1,11,459.7,0,0.0,13.82,189
1790962703001,26304,12.4,11,460.6,473.0,11,460.6,0,0.0,13.82,189
1790962705003,26304,12.4,11,460.4,472.9,11,460.4,0,0.0,13.82,189
1790962707007,26304,12.4,11,460.4,472.8,11,460.4,0,0.0,13.82,189
1790962709013,26304,12.4,11,460.3,472.8,11,460.3,0,0.0,13.82,189
1790962711020,26304,12.4,11,460.4,472.9,11,460.4,0,0.0,13.82,189
1790962713023,26304,12.4,11,460.3,472.7,11,460.3,0,0.0,13.82,189
1790962715039,26304,12.4,11,459.0,471.4,11,459.0,0,0.0,13.82,189
1790962717054,26304,12.4,11,458.9,471.3,11,458.9,0,0.0,13.82,189
1790962719069,26304,12.4,11,458.9,471.3,11,458.9,0,0.0,13.82,189
1790962721077,26304,12.4,11,458.8,471.2,11,458.8,0,0.0,13.82,189
1790962723084,26304,12.4,11,458.9,471.3,11,458.9,0,0.0,13.82,189
1790962725086,26304,12.4,11,459.5,471.9,11,459.5,0,0.0,13.82,189
1790962727095,26304,12.4,11,459.6,472.0,11,459.6,0,0.0,13.82,189
1790962729095,26304,12.4,11,459.6,472.0,11,459.6,0,0.0,13.82,189
1790962731096,26304,12.4,11,459.7,472.1,11,459.7,0,0.0,13.82,189
1790962733112,26304,12.4,11,459.6,472.0,11,459.6,0,0.0,13.82,189
1790962735125,26304,12.4,11,459.7,472.1,11,459.7,0,0.0,13.82,189
1790962737138,26304,12.4,11,459.6,472.0,11,459.6,0,0.0,13.82,189
1790962739149,26304,12.4,11,459.7,472.1,11,459.7,0,0.0,13.82,189
1790962741152,26304,12.4,11,459.6,472.1,11,459.6,0,0.0,13.82,189
1790962743153,26304,12.4,11,459.6,472.1,11,459.6,0,0.0,13.82,189
1790962745158,26304,12.4,11,464.8,477.2,11,464.8,0,0.0,13.82,189
1790962747174,26304,12.4,11,464.9,477.3,11,464.9,0,0.0,13.82,189
1790962749185,26304,12.4,11,500.2,512.6,11,500.2,0,0.0,13.82,189
1790962751188,26304,12.4,11,500.2,512.7,11,500.2,0,0.0,13.82,189
1790962753208,26304,12.4,11,466.4,478.8,11,466.4,0,0.0,13.82,189
1790962755219,26304,12.4,11,466.3,478.7,11,466.3,0,0.0,13.82,189
1790962757233,26304,12.4,11,458.3,470.7,11,458.3,0,0.0,13.82,189
1790962759248,26304,12.4,11,458.3,470.7,11,458.3,0,0.0,13.82,189
1790962761258,26304,12.4,11,458.2,470.7,11,458.2,0,0.0,13.82,189
1790962763257,26304,12.4,11,459.0,471.4,11,459.0,0,0.0,13.82,189
1790962765270,26304,12.4,11,458.9,471.4,11,458.9,0,0.0,13.82,189
1790962767276,26304,12.4,11,459.4,471.9,11,459.4,0,0.0,13.82,189
1790962769275,26304,12.4,11,459.5,471.9,11,459.5,0,0.0,13.82,189
1790962771287,26304,12.4,11,459.5,471.9,11,459.5,0,0.0,13.82,189
1790962773298,26304,12.4,11,459.6,472.0,11,459.6,0,0.0,13.82,189
1790962775300,26304,12.4,11,459.6,472.0,11,459.6,0,0.0,13.82,189
1790962777307,26304,12.4,11,459.6,472.0,11,459.6,0,0.0,13.82,189
1790962779306,26304,12.4,11,459.5,471.9,11,459.5,0,0.0,13.82,189
1790962781317,26304,12.4,11,459.5,472.0,11,459.5,0,0.0,13.82,189
1790962783320,26304,12.4,11,459.6,472.0,11,459.6,0,0.0,13.82,189
1790962785325,26304,12.4,11,459.6,472.0,11,459.6,0,0.0,13.82,189
1790962787333,26304,12.4,11,459.6,472.0,11,459.6,0,0.0,13.82,189
1790962789344,26304,12.4,11,459.6,472.0,11,459.6,0,0.0,13.82,189
1790962791344,26304,12.4,11,459.5,472.0,11,459.5,0,0.0,13.82,189
1790962793352,26304,12.4,11,459.5,472.0,11,459.5,0,0.0,13.82,189
1790962795360,26304,12.4,11,459.5,472.0,11,459.5,0,0.0,13.82,189
1790962797366,26304,12.4,11,459.5,472.0,11,459.5,0,0.0,13.82,189
1790962799381,26304,12.4,11,459.5,472.0,11,459.5,0,0.0,13.82,189
1790962801392,26304,12.4,11,459.5,472.0,11,459.5,0,0.0,13.82,189
1790962803405,26304,12.4,11,459.3,471.7,11,459.3,0,0.0,13.82,189
1790962805414,26304,12.4,11,460.0,472.4,11,460.0,0,0.0,13.82,189
1790962807423,26304,12.4,11,460.0,472.4,11,460.0,0,0.0,13.82,189
1790962809425,26304,12.4,11,496.8,509.2,11,496.8,0,0.0,13.82,189
1790962811437,26304,12.4,11,496.9,509.3,11,496.9,0,0.0,13.82,189
1790962813447,26304,12.4,11,467.7,480.2,11,467.7,0,0.0,13.82,189
1790962815452,26304,12.4,11,467.7,480.2,11,467.7,0,0.0,13.82,189
1790962817463,26304,12.4,11,459.8,472.3,11,459.8,0,0.0,13.82,189
1790962819461,26304,12.4,11,459.6,472.0,11,459.6,0,0.0,13.82,189
1790962821464,26304,12.4,11,459.6,472.0,11,459.6,0,0.0,13.82,189
1790962823475,26304,12.4,11,459.6,472.0,11,459.6,0,0.0,13.82,189
1790962825478,26304,12.4,11,459.6,472.0,11,459.6,0,0.0,13.82,189
1790962827496,26304,12.4,11,459.3,471.7,11,459.3,0,0.0,13.82,189
1790962829546,26304,12.4,11,459.4,471.9,11,459.4,0,0.0,13.82,189
1790962831510,26304,12.4,11,459.5,472.0,11,459.5,0,0.0,13.82,189
1790962833520,26304,12.4,11,459.5,471.9,11,459.5,0,0.0,13.82,189
1790962835528,26304,12.4,11,459.5,471.9,11,459.5,0,0.0,13.82,189
1790962837588,26304,12.4,11,459.5,471.9,11,459.5,0,0.0,13.82,189
1790962839540,26304,12.4,11,459.4,471.8,11,459.4,0,0.0,13.82,189
1790962841553,26304,12.4,11,459.5,472.0,11,459.5,0,0.0,13.82,189
1790962843563,26304,12.4,11,459.6,472.0,11,459.6,0,0.0,13.82,189
1790962845571,26304,12.4,11,459.5,471.9,11,459.5,0,0.0,13.82,189
1790962847575,26304,12.4,11,465.2,477.7,11,465.2,0,0.0,13.82,189
1790962849580,26304,12.4,11,464.8,477.3,11,464.8,0,0.0,13.82,189
1790962851590,26304,12.4,11,463.0,475.4,11,463.0,0,0.0,13.82,189
1790962853601,26304,12.4,11,462.5,474.9,11,462.5,0,0.0,13.82,189
1790962855617,26304,12.4,11,458.9,471.3,11,458.9,0,0.0,13.82,189
1790962857622,26304,12.4,11,458.5,470.9,11,458.5,0,0.0,13.82,189
1790962859634,26304,12.4,11,458.2,470.6,11,458.2,0,0.0,13.82,189
1790962861633,26304,12.4,11,458.3,470.7,11,458.3,0,0.0,13.82,189
1790962863644,26304,12.4,11,458.2,470.6,11,458.2,0,0.0,13.82,189
1790962865650,26304,12.4,11,458.9,471.4,11,458.9,0,0.0,13.82,189
1790962867649,26304,12.4,11,459.0,471.4,11,459.0,0,0.0,13.82,189
1790962869662,26304,28.1,11,497.2,525.3,11,497.2,0,0.0,13.82,189
1790962871677,26304,28.1,11,497.4,525.5,11,497.4,0,0.0,13.82,189
1790962873694,26304,28.1,11,494.5,522.6,11,494.5,0,0.0,13.82,189
1790962875701,26304,28.1,11,467.0,495.2,11,467.0,0,0.0,13.82,189
1790962877718,26304,28.1,11,459.1,487.2,11,459.1,0,0.0,13.82,189
1790962879719,26304,28.1,11,459.1,487.2,11,459.1,0,0.0,13.82,189
1790962881729,26304,28.1,11,459.1,487.2,11,459.1,0,0.0,13.82,189
1790962883730,26304,28.1,11,459.1,487.2,11,459.1,0,0.0,13.82,189
1790962885727,26304,28.1,11,459.1,487.2,11,459.1,0,0.0,13.82,189
1790962887738,26304,28.1,11,459.8,487.9,11,459.8,0,0.0,13.82,189
1790962889752,26304,28.1,11,459.8,487.9,11,459.8,0,0.0,13.82,189
1790962891765,26304,28.1,11,459.8,487.9,11,459.8,0,0.0,13.82,189
1790962893765,26304,28.1,11,459.8,487.9,11,459.8,0,0.0,13.82,189
1790962895780,26304,28.1,11,459.8,487.9,11,459.8,0,0.0,13.82,189
1790962897787,26304,28.1,11,459.8,487.9,11,459.8,0,0.0,13.82,189
1790962899796,26304,28.1,11,459.6,487.8,11,459.6,0,0.0,13.82,189
1790962901805,26304,28.1,11,459.8,487.9,11,459.8,0,0.0,13.82,189
1790962903810,26304,28.1,11,459.8,487.9,11,459.8,0,0.0,13.82,189
1790962905822,26304,28.1,11,459.8,487.9,11,459.8,0,0.0,13.82,189
1790962907825,26304,28.1,11,460.5,488.6,11,460.5,0,0.0,13.82,189
1790962909834,26304,28.1,11,460.4,488.6,11,460.4,0,0.0,13.82,189
1790962911838,26304,28.1,11,460.5,488.6,11,460.5,0,0.0,13.82,189
1790962913851,26304,28.1,11,460.5,488.6,11,460.5,0,0.0,13.82,189
1790962915867,26304,28.1,11,460.3,488.4,11,460.3,0,0.0,13.82,189
1790962917882,26304,28.1,11,460.3,488.4,11,460.3,0,0.0,13.82,189
1790962919887,26304,28.1,11,459.6,487.7,11,459.6,0,0.0,13.82,189
1790962921900,26304,28.1,11,459.4,487.6,11,459.4,0,0.0,13.82,189
1790962923905,26304,28.1,11,459.4,487.5,11,459.4,0,0.0,13.82,189
1790962925906,26304,28.1,11,459.4,487.5,11,459.4,0,0.0,13.82,189
1790962927906,26304,28.1,11,459.4,487.5,11,459.4,0,0.0,13.82,189
1790962929921,26304,28.1,11,496.7,524.8,11,496.7,0,0.0,13.82,189
1790962931929,26304,28.1,11,496.7,524.8,11,496.7,0,0.0,13.82,189
1790962933939,26304,28.1,11,467.0,495.1,11,467.0,0,0.0,13.82,189
1790962935951,26304,28.1,11,466.9,495.0,11,466.9,0,0.0,13.82,189
1790962937961,26304,28.1,11,460.9,489.0,11,460.9,0,0.0,13.82,189
1790962939965,26304,28.1,11,459.6,487.7,11,459.6,0,0.0,13.82,189
1790962941976,26304,28.1,11,459.6,487.7,11,459.6,0,0.0,13.82,189
1790962943984,26304,28.1,11,459.6,487.7,11,459.6,0,0.0,13.82,189
1790962945987,26304,28.1,11,459.6,487.7,11,459.6,0,0.0,13.82,189
1790962948005,26304,28.1,11,459.6,487.7,11,459.6,0,0.0,13.82,189
1790962950011,26304,28.1,11,465.1,493.2,11,465.1,0,0.0,13.82,189
1790962952012,26304,28.1,11,465.1,493.2,11,465.1,0,0.0,13.82,189
1790962954014,26304,28.1,11,462.9,491.0,11,462.9,0,0.0,13.82,189
1790962956020,26304,28.1,11,460.1,488.2,11,460.1,0,0.0,13.82,189
1790962958025,26304,28.1,11,460.1,488.2,11,460.1,0,0.0,13.82,189
1790962960043,26304,28.1,11,458.1,486.2,11,458.1,0,0.0,13.82,189
1790962962055,26304,28.1,11,458.3,486.4,11,458.3,0,0.0,13.82,189
1790962964071,26304,28.1,11,458.2,486.4,11,458.2,0,0.0,13.82,189
1790962966084,26304,28.1,11,458.2,486.4,11,458.2,0,0.0,13.82,189
1790962968100,26304,28.1,11,458.9,487.1,11,458.9,0,0.0,13.82,189
1790962970108,26304,28.1,11,458.9,487.0,11,458.9,0,0.0,13.82,189
1790962972116,26304,28.1,11,459.7,487.8,11,459.7,0,0.0,13.82,189
1790962974123,26304,28.1,11,459.7,487.8,11,459.7,0,0.0,13.82,189
1790962976121,26304,28.1,11,459.4,487.6,11,459.4,0,0.0,13.82,189
1790962978136,26304,28.1,11,459.4,487.5,11,459.4,0,0.0,13.82,189
1790962980152,26304,28.1,11,459.4,487.5,11,459.4,0,0.0,13.82,189
1790962982163,26304,28.1,11,459.4,487.5,11,459.4,0,0.0,13.82,189
1790962984177,26304,28.1,11,459.4,487.5,11,459.4,0,0.0,13.82,189
1790962986184,26304,28.1,11,459.4,487.5,11,459.4,0,0.0,13.82,189
1790962988194,26304,28.1,11,459.3,487.4,11,459.3,0,0.0,13.82,189
1790962990195,26304,28.2,11,496.3,524.5,11,496.3,0,0.0,13.82,189
1790962992209,26304,28.2,11,496.5,524.7,11,496.5,0,0.0,13.82,189
1790962994222,26304,28.2,11,467.2,495.4,11,467.2,0,0.0,13.82,189
1790962996230,26304,28.2,11,460.8,489.0,11,460.8,0,0.0,13.82,189
1790962998229,26304,28.2,11,459.5,487.7,11,459.5,0,0.0,13.82,189
1790963000237,26304,28.2,11,459.6,487.8,11,459.6,0,0.0,13.82,189
1790963002246,26304,28.2,11,459.6,487.8,11,459.6,0,0.0,13.82,189
1790963004251,26304,28.2,11,459.6,487.8,11,459.6,0,0.0,13.82,189
1790963006256,26304,28.2,11,459.6,487.8,11,459.6,0,0.0,13.82,189
1790963008267,26304,28.2,11,459.6,487.8,11,459.6,0,0.0,13.82,189
1790963010274,26304,28.2,11,460.3,488.5,11,460.3,0,0.0,13.82,189
1790963012275,26304,28.2,11,460.3,488.5,11,460.3,0,0.0,13.82,189
1790963014293,26304,28.2,11,460.2,488.4,11,460.2,0,0.0,13.82,189
1790963016295,26304,28.2,11,460.3,488.5,11,460.3,0,0.0,13.82,189
1790963018297,26304,28.2,11,460.3,488.5,11,460.3,0,0.0,13.82,189
1790963020304,26304,28.2,11,460.2,488.4,11,460.2,0,0.0,13.82,189
1790963022316,26304,28.2,11,459.6,487.8,11,459.6,0,0.0,13.82,189
1790963024323,26304,28.2,11,459.6,487.8,11,459.6,0,0.0,13.82,189
1790963026329,26304,28.2,11,459.6,487.8,11,459.6,0,0.0,13.82,189
1790963028334,26304,28.2,11,459.6,487.8,11,459.6,0,0.0,13.82,189
1790963030341,26304,28.2,11,460.3,488.5,11,460.3,0,0.0,13.82,189
1790963032342,26304,28.2,11,460.3,488.5,11,460.3,0,0.0,13.82,189
1790963034366,26304,28.2,11,465.2,493.4,11,465.2,0,0.0,13.82,189
1790963036355,26304,28.2,11,465.1,493.3,11,465.1,0,0.0,13.82,189
1790963038358,26304,28.2,11,461.4,489.6,11,461.4,0,0.0,13.82,189
1790963040371,26304,28.2,11,460.8,489.0,11,460.8,0,0.0,13.82,189
1790963042376,26304,28.2,11,459.8,488.0,11,459.8,0,0.0,13.82,189
1790963044394,26304,28.2,11,459.8,488.0,11,459.8,0,0.0,13.82,189
1790963046398,26304,28.2,11,459.8,488.0,11,459.8,0,0.0,13.82,189
1790963048398,26304,28.2,11,483.3,511.5,11,483.3,0,0.0,13.82,189
1790963050413,26304,28.2,11,496.4,524.6,11,496.4,0,0.0,13.82,189
1790963052420,26304,28.2,11,496.5,524.7,11,496.5,0,0.0,13.82,189
1790963054421,26304,28.2,11,478.2,506.4,11,478.2,0,0.0,13.82,189
1790963056424,26304,28.2,11,464.7,492.9,11,464.7,0,0.0,13.82,189
1790963058441,26304,28.2,11,464.6,492.8,11,464.6,0,0.0,13.82,189
1790963060453,26304,28.2,11,458.5,486.7,11,458.5,0,0.0,13.82,189
1790963062458,26304,28.2,11,458.5,486.7,11,458.5,0,0.0,13.82,189
1790963064468,26304,28.2,11,458.4,486.6,11,458.4,0,0.0,13.82,189
1790963066481,26304,28.2,11,458.4,486.6,11,458.4,0,0.0,13.82,189
1790963068482,26304,28.2,11,458.4,486.6,11,458.4,0,0.0,13.82,189
1790963070486,26304,28.2,11,459.2,487.4,11,459.2,0,0.0,13.82,189
1790963072499,26304,28.2,11,459.2,487.4,11,459.2,0,0.0,13.82,189
1790963074509,26304,28.2,11,460.0,488.2,11,460.0,0,0.0,13.82,189
1790963076510,26304,28.2,11,460.0,488.2,11,460.0,0,0.0,13.82,189
1790963078521,26304,28.2,11,460.0,488.2,11,460.0,0,0.0,13.82,189
1790963080532,26304,28.2,11,460.0,488.2,11,460.0,0,0.0,13.82,189
1790963082549,26304,28.2,11,459.4,487.6,11,459.4,0,0.0,13.82,189
1790963084557,26304,28.2,11,459.1,487.3,11,459.1,0,0.0,13.82,189
1790963086566,26304,28.2,11,459.1,487.3,11,459.1,0,0.0,13.82,189
1790963088579,26304,28.2,11,459.1,487.3,11,459.1,0,0.0,13.82,189
1790963090586,26304,28.2,11,459.1,487.3,11,459.1,0,0.0,13.82,189
1790963092601,26304,28.2,11,460.4,488.6,11,460.4,0,0.0,13.82,189
1790963094612,26304,28.2,11,460.4,488.6,11,460.4,0,0.0,13.82,189
1790963096623,26304,28.2,11,460.3,488.5,11,460.3,0,0.0,13.82,189
1790963098638,26304,28.2,11,460.3,488.5,11,460.3,0,0.0,13.82,189
1790963100649,26304,28.2,11,460.3,488.5,11,460.3,0,0.0,13.82,189
1790963102664,26304,28.2,11,460.3,488.5,11,460.3,0,0.0,13.82,189
1790963104672,26304,28.2,11,460.3,488.5,11,460.3,0,0.0,13.82,189
1790963106678,26304,28.2,11,460.2,488.4,11,460.2,0,0.0,13.82,189
1790963108683,26304,28.2,11,497.1,525.3,11,497.1,0,0.0,13.82,189
1790963110696,26304,28.2,11,496.7,524.9,11,496.7,0,0.0,13.82,189
1790963112701,26304,28.2,11,481.3,509.5,11,481.3,0,0.0,13.82,189
1790963114713,26304,28.2,11,468.7,496.9,11,468.7,0,0.0,13.82,189
1790963116720,26304,28.2,11,464.3,492.5,11,464.3,0,0.0,13.82,189
1790963118728,26304,28.2,11,463.1,491.3,11,463.1,0,0.0,13.82,189
1790963120744,26304,28.2,11,460.9,489.1,11,460.9,0,0.0,13.82,189
1790963122755,26304,28.1,11,460.8,488.9,11,460.8,0,0.0,13.82,189
1790963124761,26304,28.1,11,460.1,488.2,11,460.1,0,0.0,13.82,189
1790963126777,26304,28.1,11,460.2,488.3,11,460.2,0,0.0,13.82,189
1790963128786,26304,28.1,11,460.2,488.3,11,460.2,0,0.0,13.82,189
1790963130793,26304,28.1,11,460.2,488.3,11,460.2,0,0.0,13.82,189
1790963132808,26304,28.1,11,460.2,488.3,11,460.2,0,0.0,13.82,189
1790963134806,26304,28.1,11,460.2,488.3,11,460.2,0,0.0,13.82,189
1790963136807,26304,28.1,11,460.2,488.3,11,460.2,0,0.0,13.82,189
1790963138809,26304,28.1,11,460.2,488.3,11,460.2,0,0.0,13.82,189
1790963140817,26304,28.1,11,460.2,488.3,11,460.2,0,0.0,13.82,189
1790963142832,26304,28.1,11,460.2,488.3,11,460.2,0,0.0,13.82,189
1790963144835,26304,28.1,11,460.2,488.3,11,460.2,0,0.0,13.82,189
1790963146847,26304,28.1,11,460.2,488.3,11,460.2,0,0.0,13.82,189
1790963148857,26304,28.1,11,460.2,488.3,11,460.2,0,0.0,13.82,189
1790963150867,26304,28.1,11,460.2,488.3,11,460.2,0,0.0,13.82,189
1790963152869,26304,28.1,11,460.2,488.3,11,460.2,0,0.0,13.82,189
1790963154874,26304,28.1,11,465.7,493.8,11,465.7,0,0.0,13.82,189
1790963156877,26304,28.1,11,465.6,493.7,11,465.6,0,0.0,13.82,189
1790963158887,26304,28.1,11,463.3,491.4,11,463.3,0,0.0,13.82,189
1790963160890,26304,28.1,11,463.3,491.4,11,463.3,0,0.0,13.82,189
1790963162894,26304,28.1,11,459.4,487.5,11,459.4,0,0.0,13.82,189
1790963164905,26304,28.1,11,458.7,486.8,11,458.7,0,0.0,13.82,189
1790963166912,26304,28.1,11,458.7,486.8,11,458.7,0,0.0,13.82,189
1790963168918,26304,28.1,11,495.8,523.9,11,495.8,0,0.0,13.82,189
1790963170931,26304,28.1,11,495.6,523.7,11,495.6,0,0.0,13.82,189
1790963172944,26304,28.1,11,479.2,507.4,11,479.2,0,0.0,13.82,189
1790963174948,26304,28.1,11,469.3,497.5,11,469.3,0,0.0,13.82,189
1790963176957,26304,28.1,11,462.3,490.4,11,462.3,0,0.0,13.82,189
1790963178960,26304,28.1,11,461.5,489.6,11,461.5,0,0.0,13.82,189
1790963180967,26304,28.1,11,460.1,488.3,11,460.1,0,0.0,13.82,189
1790963182988,26304,28.1,11,460.1,488.3,11,460.1,0,0.0,13.82,189
1790963184994,26304,28.1,11,460.2,488.3,11,460.2,0,0.0,13.82,189
1790963186993,26304,28.1,11,460.2,488.3,11,460.2,0,0.0,13.82,189
1790963189005,26304,28.1,11,460.2,488.3,11,460.2,0,0.0,13.82,189
1790963191006,26304,28.1,11,460.2,488.3,11,460.2,0,0.0,13.82,189
1790963193021,26304,28.1,11,460.2,488.3,11,460.2,0,0.0,13.82,189
1790963195027,26304,28.1,11,460.1,488.2,11,460.1,0,0.0,13.82,189
1790963197029,26304,28.1,11,460.1,488.3,11,460.1,0,0.0,13.82,189
1790963199032,26304,28.1,11,460.2,488.3,11,460.2,0,0.0,13.82,189
1790963201037,26304,28.1,11,460.2,488.3,11,460.2,0,0.0,13.82,189
1790963203037,26304,28.1,11,460.2,488.3,11,460.2,0,0.0,13.82,189
1790963205054,26304,28.1,11,460.2,488.3,11,460.2,0,0.0,13.82,189
1790963207058,26304,28.1,11,460.1,488.2,11,460.1,0,0.0,13.82,189
1790963209070,26304,28.1,11,460.1,488.2,11,460.1,0,0.0,13.82,189
1790963211076,26304,28.1,11,460.1,488.2,11,460.1,0,0.0,13.82,189
1790963213079,26304,28.1,11,460.4,488.5,11,460.4,0,0.0,13.82,189
1790963215089,26304,28.1,11,461.1,489.2,11,461.1,0,0.0,13.82,189
1790963217108,26304,28.1,11,460.9,489.0,11,460.9,0,0.0,13.82,189
1790963219113,26304,28.1,11,461.0,489.1,11,461.0,0,0.0,13.82,189
1790963221122,26304,28.1,11,460.8,489.0,11,460.8,0,0.0,13.82,189
1790963223124,26304,28.1,11,461.0,489.1,11,461.0,0,0.0,13.82,189
1790963225134,26304,28.1,11,460.9,489.0,11,460.9,0,0.0,13.82,189
1790963227142,26304,28.1,11,460.3,488.4,11,460.3,0,0.0,13.82,189
1790963229144,26304,28.1,11,495.7,523.8,11,495.7,0,0.0,13.82,189
1790963231155,26304,28.1,11,495.8,523.9,11,495.8,0,0.0,13.82,189
1790963233156,26304,28.1,11,483.3,511.4,11,483.3,0,0.0,13.82,189
1790963235176,26304,28.1,11,468.9,497.0,11,468.9,0,0.0,13.82,189
1790963237178,26304,28.1,11,461.0,489.1,11,461.0,0,0.0,13.82,189
1790963239186,26304,28.1,11,460.5,488.6,11,460.5,0,0.0,13.82,189
1790963241198,26304,28.1,11,460.5,488.6,11,460.5,0,0.0,13.82,189
1790963243206,26304,28.1,11,460.5,488.6,11,460.5,0,0.0,13.82,189
1790963245222,26304,28.1,11,460.5,488.6,11,460.5,0,0.0,13.82,189
1790963247233,26304,28.1,11,460.5,488.6,11,460.5,0,0.0,13.82,189
1790963249236,26304,28.1,11,460.5,488.6,11,460.5,0,0.0,13.82,189
1790963251236,26304,28.1,11,460.5,488.6,11,460.5,0,0.0,13.82,189
1790963253248,26304,28.1,11,460.5,488.6,11,460.5,0,0.0,13.82,189
1790963255256,26304,28.1,11,460.5,488.6,11,460.5,0,0.0,13.82,189
1790963257265,26304,28.1,11,465.8,493.9,11,465.8,0,0.0,13.82,189
1790963259286,26304,28.1,11,465.6,493.7,11,465.6,0,0.0,13.82,189
1790963261296,26304,28.1,11,463.7,491.8,11,463.7,0,0.0,13.82,189
1790963263303,26304,28.1,11,463.3,491.4,11,463.3,0,0.0,13.82,189
1790963265319,26304,28.1,11,459.4,487.5,11,459.4,0,0.0,13.82,189
1790963267330,26304,28.1,11,459.4,487.5,11,459.4,0,0.0,13.82,189
1790963269347,26304,28.1,11,459.1,487.2,11,459.1,0,0.0,13.82,189
1790963271360,26304,28.1,11,459.1,487.3,11,459.1,0,0.0,13.82,189
1790963273373,26304,28.1,11,459.2,487.3,11,459.2,0,0.0,13.82,189
1790963275385,26304,28.1,11,459.9,488.0,11,459.9,0,0.0,13.82,189
1790963277394,26304,28.1,11,459.6,487.7,11,459.6,0,0.0,13.82,189
1790963279402,26304,28.1,11,460.4,488.5,11,460.4,0,0.0,13.82,189
1790963281400,26304,28.1,11,460.4,488.6,11,460.4,0,0.0,13.82,189
1790963283418,26304,28.1,11,460.5,488.6,11,460.5,0,0.0,13.82,189
1790963285443,26304,28.1,11,460.5,488.6,11,460.5,0,0.0,13.82,189
1790963287457,26304,28.1,11,460.5,488.6,11,460.5,0,0.0,13.82,189
1790963289465,26304,28.1,11,495.9,524.0,11,495.9,0,0.0,13.82,189
1790963291474,26304,28.1,11,496.0,524.1,11,496.0,0,0.0,13.82,189
1790963293485,26304,28.1,11,467.5,495.6,11,467.5,0,0.0,13.82,189
1790963295494,26304,28.1,11,467.5,495.6,11,467.5,0,0.0,13.82,189
1790963297501,26304,28.1,11,462.9,491.0,11,462.9,0,0.0,13.82,189
1790963299519,26304,28.1,11,461.7,489.8,11,461.7,0,0.0,13.82,189
1790963301523,26304,28.1,11,460.5,488.6,11,460.5,0,0.0,13.82,189
1790963303533,26304,28.1,11,460.5,488.6,11,460.5,0,0.0,13.82,189
1790963305539,26304,28.1,11,460.5,488.6,11,460.5,0,0.0,13.82,189
1790963307549,26304,28.1,11,460.5,488.6,11,460.5,0,0.0,13.82,189
1790963309551,26304,28.1,11,460.5,488.6,11,460.5,0,0.0,13.82,189
1790963311556,26304,28.1,11,460.5,488.7,11,460.5,0,0.0,13.82,189
1790963313575,26304,28.1,11,460.5,488.7,11,460.5,0,0.0,13.82,189
1790963315578,26304,28.1,11,460.6,488.7,11,460.6,0,0.0,13.82,189
1790963317590,26304,28.1,11,461.3,489.4,11,461.3,0,0.0,13.82,189
1790963319593,26304,28.1,11,461.1,489.2,11,461.1,0,0.0,13.82,189
1790963321598,26304,28.1,11,461.2,489.3,11,461.2,0,0.0,13.82,189
1790963323598,26304,28.1,11,461.2,489.3,11,461.2,0,0.0,13.82,189
1790963325610,26304,28.1,11,461.2,489.3,11,461.2,0,0.0,13.82,189
1790963327621,26304,28.1,11,461.3,489.4,11,461.3,0,0.0,13.82,189
1790963329624,26304,28.1,11,460.5,488.6,11,460.5,0,0.0,13.82,189
1790963331637,26304,28.1,11,460.6,488.7,11,460.6,0,0.0,13.82,189
1790963333649,26304,28.1,11,460.5,488.6,11,460.5,0,0.0,13.82,189
1790963335647,26304,28.1,11,460.5,488.7,11,460.5,0,0.0,13.82,189
1790963337656,26304,28.1,11,460.2,488.3,11,460.2,0,0.0,13.82,189
1790963339657,26304,28.1,11,460.3,488.4,11,460.3,0,0.0,13.82,189
1790963341671,26304,28.1,11,460.3,488.5,11,460.3,0,0.0,13.82,189
1790963343677,26304,28.1,11,460.5,488.6,11,460.5,0,0.0,13.82,189
1790963345683,26304,28.1,11,460.4,488.5,11,460.4,0,0.0,13.82,189
1790963347695,26304,28.1,11,460.5,488.6,11,460.5,0,0.0,13.82,189
1790963349707,26304,28.1,11,497.1,525.2,11,497.1,0,0.0,13.82,189
1790963351712,26304,28.1,11,497.2,525.3,11,497.2,0,0.0,13.82,189
1790963353716,26304,28.1,11,467.9,496.0,11,467.9,0,0.0,13.82,189
1790963355717,26304,28.1,11,467.9,496.0,11,467.9,0,0.0,13.82,189
1790963357721,26304,28.1,11,461.6,489.7,11,461.6,0,0.0,13.82,189
1790963359731,26304,28.1,11,465.7,493.8,11,465.7,0,0.0,13.82,189
1790963361748,26304,28.1,11,465.5,493.6,11,465.5,0,0.0,13.82,189
1790963363750,26304,28.1,11,463.7,491.8,11,463.7,0,0.0,13.82,189
1790963365764,26304,28.1,11,463.2,491.4,11,463.2,0,0.0,13.82,189
1790963367765,26304,28.1,11,459.2,487.3,11,459.2,0,0.0,13.82,189
1790963369769,26304,28.1,11,459.1,487.2,11,459.1,0,0.0,13.82,189
1790963371782,26304,28.1,11,459.2,487.3,11,459.2,0,0.0,13.82,189
1790963373800,26304,28.1,11,459.1,487.2,11,459.1,0,0.0,13.82,189
1790963375816,26304,28.1,11,459.2,487.3,11,459.2,0,0.0,13.82,189
1790963377818,26304,28.1,11,459.8,487.9,11,459.8,0,0.0,13.82,189
1790963379832,26304,28.1,11,459.7,487.8,11,459.7,0,0.0,13.82,189
1790963381839,26304,28.1,11,460.5,488.6,11,460.5,0,0.0,13.82,189
1790963383850,26304,28.1,11,460.6,488.7,11,460.6,0,0.0,13.82,189
1790963385866,26304,28.1,11,460.5,488.6,11,460.5,0,0.0,13.82,189
1790963387856,26304,28.1,11,460.5,488.7,11,460.5,0,0.0,13.82,189
1790963389877,26304,28.1,11,460.4,488.5,11,460.4,0,0.0,13.82,189
1790963391890,26304,28.1,11,460.5,488.6,11,460.5,0,0.0,13.82,189
1790963393896,26304,28.1,11,460.4,488.5,11,460.4,0,0.0,13.82,189
1790963395904,26304,28.1,11,460.2,488.4,11,460.2,0,0.0,13.82,189
1790963397902,26304,28.1,11,460.1,488.3,11,460.1,0,0.0,13.82,189
1790963399903,26304,28.1,11,460.2,488.3,11,460.2,0,0.0,13.82,189
1790963401917,26304,28.1,11,460.4,488.5,11,460.4,0,0.0,13.82,189
1790963403925,26304,28.1,11,460.5,488.6,11,460.5,0,0.0,13.82,189
1790963405931,26304,28.1,11,460.4,488.5,11,460.4,0,0.0,13.82,189
1790963407939,26304,28.1,11,460.5,488.6,11,460.5,0,0.0,13.82,189
1790963409952,26304,28.1,11,496.6,524.7,11,496.6,0,0.0,13.82,189
1790963411958,26304,28.1,11,496.6,524.8,11,496.6,0,0.0,13.82,189
1790963413962,26304,28.1,11,467.9,496.0,11,467.9,0,0.0,13.82,189
1790963415973,26304,28.1,11,468.0,496.1,11,468.0,0,0.0,13.82,189
1790963417983,26304,28.1,11,461.7,489.8,11,461.7,0,0.0,13.82,189
1790963419985,26304,28.1,11,461.8,489.9,11,461.8,0,0.0,13.82,189
1790963421994,26304,28.1,11,461.7,489.8,11,461.7,0,0.0,13.82,189
1790963424003,26304,28.1,11,461.3,489.4,11,461.3,0,0.0,13.82,189
1790963426008,26304,28.1,11,461.2,489.3,11,461.2,0,0.0,13.82,189
1790963428016,26304,28.1,11,461.3,489.4,11,461.3,0,0.0,13.82,189
1790963430025,26304,28.1,11,461.2,489.3,11,461.2,0,0.0,13.82,189
1790963432039,26304,28.1,11,460.6,488.7,11,460.6,0,0.0,13.82,189
1790963434040,26304,28.1,11,460.6,488.7,11,460.6,0,0.0,13.82,189
1790963436044,26304,28.1,11,460.7,488.8,11,460.7,0,0.0,13.82,189
1790963438055,26304,28.1,11,460.6,488.7,11,460.6,0,0.0,13.82,189
1790963440077,26304,28.1,11,460.4,488.5,11,460.4,0,0.0,13.82,189
1790963442084,26304,28.1,11,460.6,488.7,11,460.6,0,0.0,13.82,189
1790963444085,26304,28.1,11,460.7,488.8,11,460.7,0,0.0,13.82,189
1790963446092,26304,28.1,11,460.6,488.7,11,460.6,0,0.0,13.82,189
1790963448094,26304,28.1,11,460.7,488.8,11,460.7,0,0.0,13.82,189
1790963450098,26304,28.1,11,460.6,488.7,11,460.6,0,0.0,13.82,189
1790963452112,26304,28.1,11,460.7,488.8,11,460.7,0,0.0,13.82,189
1790963454118,26304,28.1,11,460.6,488.7,11,460.6,0,0.0,13.82,189
1790963456133,26304,28.1,11,460.4,488.5,11,460.4,0,0.0,13.82,189
1790963458146,26304,28.1,11,460.3,488.4,11,460.3,0,0.0,13.82,189
1790963460160,26304,28.1,11,460.4,488.5,11,460.4,0,0.0,13.82,189
1790963462169,26304,28.1,11,464.1,492.3,11,464.1,0,0.0,13.82,189
1790963464172,26304,28.1,11,464.2,492.4,11,464.2,0,0.0,13.82,189
1790963466177,26304,28.1,11,463.8,491.9,11,463.8,0,0.0,13.82,189
1790963468193,26304,28.1,11,463.9,492.0,11,463.9,0,0.0,13.82,189
1790963470209,26304,28.1,11,495.2,523.3,11,495.2,0,0.0,13.82,189
1790963472224,26304,28.1,11,496.1,524.2,11,496.1,0,0.0,13.82,189
1790963474223,26304,28.1,11,467.7,495.8,11,467.7,0,0.0,13.82,189
1790963476231,26304,28.1,11,467.1,495.2,11,467.1,0,0.0,13.82,189
1790963478232,26304,28.1,11,460.3,488.4,11,460.3,0,0.0,13.82,189
1790963480250,26304,28.1,11,459.8,487.9,11,459.8,0,0.0,13.82,189
1790963482260,26304,28.1,11,459.8,487.9,11,459.8,0,0.0,13.82,189
1790963484269,26304,28.1,11,460.5,488.6,11,460.5,0,0.0,13.82,189
1790963486267,26304,28.1,11,460.3,488.5,11,460.3,0,0.0,13.82,189
1790963488271,26304,28.1,11,460.3,488.5,11,460.3,0,0.0,13.82,189
1790963490277,26304,28.1,11,460.4,488.5,11,460.4,0,0.0,13.82,189
1790963492276,26304,28.1,11,460.4,488.5,11,460.4,0,0.0,13.82,189
1790963494284,26304,28.1,11,460.4,488.5,11,460.4,0,0.0,13.82,189
1790963496301,26304,28.1,11,460.4,488.5,11,460.4,0,0.0,13.82,189
1790963498306,26304,28.1,11,460.4,488.5,11,460.4,0,0.0,13.82,189
1790963500315,26304,28.1,11,460.3,488.4,11,460.3,0,0.0,13.82,189
1790963502328,26304,28.1,11,460.4,488.5,11,460.4,0,0.0,13.82,189
1790963504340,26304,28.1,11,460.4,488.6,11,460.4,0,0.0,13.82,189
1790963506348,26304,28.1,11,460.4,488.6,11,460.4,0,0.0,13.82,189
1790963508354,26304,28.1,11,460.4,488.6,11,460.4,0,0.0,13.82,189
1790963510376,26304,28.1,11,460.4,488.5,11,460.4,0,0.0,13.82,189
1790963512394,26304,28.1,11,460.5,488.6,11,460.5,0,0.0,13.82,189
1790963514398,26304,28.1,11,460.4,488.5,11,460.4,0,0.0,13.82,189
1790963516410,26304,28.1,11,460.4,488.5,11,460.4,0,0.0,13.82,189
1790963518409,26304,28.1,11,460.4,488.5,11,460.4,0,0.0,13.82,189
1790963520414,26304,28.1,11,460.4,488.5,11,460.4,0,0.0,13.82,189
1790963522416,26304,28.1,11,461.2,489.4,11,461.2,0,0.0,13.82,189
1790963524444,26304,28.1,11,461.2,489.3,11,461.2,0,0.0,13.82,189
1790963526453,26304,28.1,11,461.2,489.3,11,461.2,0,0.0,13.82,189
1790963528455,26304,28.2,11,484.3,512.5,11,484.3,0,0.0,13.82,189
1790963530467,26304,28.0,11,497.8,525.8,11,497.8,0,0.0,13.82,189
1790963532470,26304,28.0,11,497.5,525.5,11,497.5,0,0.0,13.82,189
1790963534474,26304,28.0,11,468.7,496.7,11,468.7,0,0.0,13.82,189
1790963536481,26304,28.0,11,460.8,488.8,11,460.8,0,0.0,13.82,189
1790963538489,26304,28.0,11,459.6,487.6,11,459.6,0,0.0,13.82,189
1790963540507,26304,28.0,11,459.7,487.7,11,459.7,0,0.0,13.82,189
1790963542518,26304,28.0,11,459.7,487.7,11,459.7,0,0.0,13.82,189
1790963544532,26304,28.0,11,460.4,488.4,11,460.4,0,0.0,13.82,189
1790963546544,26304,28.0,11,460.2,488.2,11,460.2,0,0.0,13.82,189
1790963548553,26304,28.0,11,460.3,488.3,11,460.3,0,0.0,13.82,189
1790963550556,26304,28.0,11,460.3,488.2,11,460.3,0,0.0,13.82,189
1790963552580,26304,28.0,11,460.2,488.2,11,460.2,0,0.0,13.82,189
1790963554581,26304,28.0,11,460.2,488.2,11,460.2,0,0.0,13.82,189
1790963556582,26304,28.0,11,460.2,488.2,11,460.2,0,0.0,13.82,189
1790963558595,26304,26.9,11,460.2,487.1,11,460.2,0,0.0,13.82,189
1790963560605,26304,26.9,11,460.2,487.1,11,460.2,0,0.0,13.82,189
1790963562609,26304,26.9,11,460.2,487.1,11,460.2,0,0.0,13.82,189
1790963564611,26304,26.9,11,465.9,492.8,11,465.9,0,0.0,13.82,189
1790963566620,26304,26.9,11,465.6,492.5,11,465.6,0,0.0,13.82,189
1790963568623,26304,26.9,11,463.7,490.6,11,463.7,0,0.0,13.82,189
1790963570627,26304,26.9,11,463.3,490.2,11,463.3,0,0.0,13.82,189
1790963572637,26304,26.9,11,459.7,486.5,11,459.7,0,0.0,13.82,189
1790963574640,26304,26.9,11,459.3,486.2,11,459.3,0,0.0,13.82,189
1790963576656,26304,26.9,11,459.0,485.9,11,459.0,0,0.0,13.82,189
1790963578654,26304,26.9,11,459.0,485.9,11,459.0,0,0.0,13.82,189
1790963580675,26304,26.9,11,459.0,485.9,11,459.0,0,0.0,13.82,189
1790963582682,26304,26.9,11,465.5,492.4,11,465.5,0,0.0,13.82,189
1790963584684,26304,26.9,11,459.6,486.5,11,459.6,0,0.0,13.82,189
1790963586687,26304,26.9,11,466.1,493.0,11,466.1,0,0.0,13.82,189
1790963588694,26304,26.9,11,496.6,523.5,11,496.6,0,0.0,13.82,189
1790963590693,26304,26.9,11,496.1,523.0,11,496.1,0,0.0,13.82,189
1790963592699,26304,26.9,11,481.1,507.9,11,481.1,0,0.0,13.82,189
1790963594704,26304,26.9,11,471.1,498.0,11,471.1,0,0.0,13.82,189
1790963596707,26304,26.9,11,460.0,486.9,11,460.0,0,0.0,13.82,189
1790963598721,26304,26.9,11,460.7,487.7,11,460.7,0,0.0,13.82,189
1790963600733,26304,26.9,11,459.5,486.5,11,459.5,0,0.0,13.82,189
1790963602734,26304,26.9,11,459.6,486.5,11,459.6,0,0.0,13.82,189
1790963604744,26304,26.9,11,460.3,487.2,11,460.3,0,0.0,13.82,189
1790963606750,26304,26.9,11,460.2,487.1,11,460.2,0,0.0,13.82,189
1790963608762,26304,26.9,11,460.3,487.2,11,460.3,0,0.0,13.82,189
1790963610772,26304,26.9,11,460.3,487.2,11,460.3,0,0.0,13.82,189
1790963612789,26304,26.9,11,460.3,487.2,11,460.3,0,0.0,13.82,189
1790963614804,26304,26.9,11,460.3,487.2,11,460.3,0,0.0,13.82,189
1790963616813,26304,26.9,11,460.3,487.2,11,460.3,0,0.0,13.82,189
1790963618817,26304,26.9,11,460.3,487.2,11,460.3,0,0.0,13.82,189
1790963620835,26304,26.9,11,460.3,487.2,11,460.3,0,0.0,13.82,189
1790963622838,26304,26.9,11,460.3,487.2,11,460.3,0,0.0,13.82,189
1790963624850,26304,26.9,11,461.0,487.9,11,461.0,0,0.0,13.82,189
1790963626858,26304,26.9,11,461.0,487.9,11,461.0,0,0.0,13.82,189
1790963628861,26304,26.9,11,461.0,487.9,11,461.0,0,0.0,13.82,189
1790963630871,26304,26.9,11,461.0,487.9,11,461.0,0,0.0,13.82,189
1790963632886,26304,26.9,11,461.0,487.9,11,461.0,0,0.0,13.82,189
1790963634893,26304,26.9,11,461.0,487.9,11,461.0,0,0.0,13.82,189
1790963636908,26304,26.9,11,460.0,487.0,11,460.0,0,0.0,13.82,189
1790963638921,26304,26.9,11,460.0,487.0,11,460.0,0,0.0,13.82,189
1790963640934,26304,26.9,11,460.0,487.0,11,460.0,0,0.0,13.82,189
1790963642941,26304,26.9,11,460.1,487.0,11,460.1,0,0.0,13.82,189
1790963644954,26304,26.9,11,460.1,487.0,11,460.1,0,0.0,13.82,189
1790963646960,26304,26.9,11,460.1,487.0,11,460.1,0,0.0,13.82,189
1790963648973,26304,26.9,11,498.0,525.0,11,498.0,0,0.0,13.82,189
1790963650972,26304,26.9,11,497.8,524.7,11,497.8,0,0.0,13.82,189
1790963652978,26304,26.9,11,490.0,516.9,11,490.0,0,0.0,13.82,189
1790963654989,26304,26.9,11,469.6,496.5,11,469.6,0,0.0,13.82,189
1790963657005,26304,26.9,11,460.5,487.4,11,460.5,0,0.0,13.82,189
1790963659015,26304,26.9,11,460.5,487.4,11,460.5,0,0.0,13.82,189
1790963661020,26304,26.9,11,460.4,487.3,11,460.4,0,0.0,13.82,189
1790963663033,26304,26.9,11,460.4,487.3,11,460.4,0,0.0,13.82,189
1790963665036,26304,26.9,11,460.4,487.3,11,460.4,0,0.0,13.82,189
1790963667045,26304,26.9,11,465.8,492.7,11,465.8,0,0.0,13.82,189
1790963669049,26304,26.9,11,465.9,492.8,11,465.9,0,0.0,13.82,189
1790963671042,26304,26.9,11,463.6,490.5,11,463.6,0,0.0,13.82,189
1790963673050,26304,26.9,11,463.2,490.1,11,463.2,0,0.0,13.82,189
1790963675064,26304,26.9,11,460.8,487.7,11,460.8,0,0.0,13.82,189
1790963677071,26304,26.9,11,458.9,485.9,11,458.9,0,0.0,13.82,189
1790963679079,26304,26.9,11,458.9,485.9,11,458.9,0,0.0,13.82,189
1790963681074,26304,26.9,11,459.0,485.9,11,459.0,0,0.0,13.82,189
1790963683089,26304,26.9,11,458.9,485.9,11,458.9,0,0.0,13.82,189
1790963685106,26304,26.9,11,459.6,486.6,11,459.6,0,0.0,13.82,189
1790963687114,26304,26.9,11,459.6,486.5,11,459.6,0,0.0,13.82,189
1790963689126,26304,26.9,11,460.3,487.2,11,460.3,0,0.0,13.82,189
1790963691136,26304,26.9,11,460.3,487.2,11,460.3,0,0.0,13.82,189
1790963693143,26304,26.9,11,460.3,487.2,11,460.3,0,0.0,13.82,189
1790963695147,26304,26.9,11,460.3,487.2,11,460.3,0,0.0,13.82,189
1790963697162,26304,26.9,11,460.2,487.1,11,460.2,0,0.0,13.82,189
1790963699169,26304,26.9,11,460.2,487.1,11,460.2,0,0.0,13.82,189
1790963701185,26304,26.9,11,460.2,487.1,11,460.2,0,0.0,13.82,189
1790963703200,26304,26.9,11,460.2,487.1,11,460.2,0,0.0,13.82,189
1790963705213,26304,26.9,11,460.2,487.1,11,460.2,0,0.0,13.82,189
1790963707223,26304,26.9,11,460.2,487.1,11,460.2,0,0.0,13.82,189
1790963709240,26304,26.9,11,498.3,525.2,11,498.3,0,0.0,13.82,189
1790963711256,26304,26.9,11,498.0,525.0,11,498.0,0,0.0,13.82,189
1790963713267,26304,26.9,11,481.6,508.5,11,481.6,0,0.0,13.82,189
1790963715269,26304,26.9,11,470.1,497.0,11,470.1,0,0.0,13.82,189
1790963717277,26304,26.9,11,462.0,488.9,11,462.0,0,0.0,13.82,189
1790963719279,26304,26.9,11,461.6,488.5,11,461.6,0,0.0,13.82,189
1790963721283,26304,26.9,11,460.4,487.4,11,460.4,0,0.0,13.82,189
1790963723283,26304,26.9,11,460.4,487.4,11,460.4,0,0.0,13.82,189
1790963725298,26304,26.9,11,460.0,486.9,11,460.0,0,0.0,13.82,189
1790963727306,26304,26.9,11,460.6,487.5,11,460.6,0,0.0,13.82,189
1790963729310,26304,26.9,11,460.6,487.5,11,460.6,0,0.0,13.82,189
1790963731324,26304,26.9,11,460.7,487.6,11,460.7,0,0.0,13.82,189
1790963733325,26304,26.9,11,460.7,487.6,11,460.7,0,0.0,13.82,189
1790963735328,26304,26.9,11,460.7,487.6,11,460.7,0,0.0,13.82,189
1790963737337,26304,26.9,11,460.7,487.6,11,460.7,0,0.0,13.82,189
1790963739348,26304,26.9,11,460.0,486.9,11,460.0,0,0.0,13.82,189
1790963741352,26304,26.9,11,460.0,486.9,11,460.0,0,0.0,13.82,189
1790963743367,26304,26.9,11,460.1,487.0,11,460.1,0,0.0,13.82,189
1790963745383,26304,26.9,11,460.1,486.9,11,460.1,0,0.0,13.82,189
1790963747399,26304,26.9,11,460.0,486.9,11,460.0,0,0.0,13.82,189
1790963749403,26304,26.9,11,460.0,486.9,11,460.0,0,0.0,13.82,189
1790963751408,26304,26.9,11,460.1,486.9,11,460.1,0,0.0,13.82,189
1790963753413,26304,26.9,11,460.1,487.0,11,460.1,0,0.0,13.82,189
1790963755425,26304,26.9,11,460.1,487.0,11,460.1,0,0.0,13.82,189
1790963757436,26304,26.9,11,459.9,486.8,11,459.9,0,0.0,13.82,189
1790963759444,26304,26.9,11,459.9,486.8,11,459.9,0,0.0,13.82,189
1790963761456,26304,26.9,11,460.0,486.9,11,460.0,0,0.0,13.82,189
1790963763462,26304,26.9,11,460.1,486.9,11,460.1,0,0.0,13.82,189
1790963765461,26304,26.9,11,460.1,487.0,11,460.1,0,0.0,13.82,189
1790963767473,26304,26.9,11,460.0,486.9,11,460.0,0,0.0,13.82,189
1790963769498,26304,26.9,11,503.1,530.0,11,503.1,0,0.0,13.82,189
1790963771488,26304,26.9,11,502.5,529.4,11,502.5,0,0.0,13.82,189
1790963773496,26304,26.9,11,471.4,498.3,11,471.4,0,0.0,13.82,189
1790963775503,26304,26.9,11,471.3,498.2,11,471.3,0,0.0,13.82,189
1790963777514,26304,26.9,11,458.7,485.6,11,458.7,0,0.0,13.82,189
1790963779524,26304,26.9,11,458.6,485.5,11,458.6,0,0.0,13.82,189
1790963781531,26304,26.9,11,458.4,485.3,11,458.4,0,0.0,13.82,189
1790963783540,26304,26.9,11,458.4,485.3,11,458.4,0,0.0,13.82,189
1790963785546,26304,26.9,11,458.5,485.4,11,458.5,0,0.0,13.82,189
1790963787560,26304,26.9,11,459.2,486.1,11,459.2,0,0.0,13.82,189
1790963789573,26304,26.9,11,459.1,486.0,11,459.1,0,0.0,13.82,189
1790963791581,26304,26.9,11,459.8,486.7,11,459.8,0,0.0,13.82,189
1790963793591,26304,26.9,11,459.8,486.7,11,459.8,0,0.0,13.82,189
1790963795604,26304,26.9,11,459.8,486.7,11,459.8,0,0.0,13.82,189
1790963797607,26304,26.9,11,459.8,486.7,11,459.8,0,0.0,13.82,189
1790963799610,26304,26.9,11,459.8,486.7,11,459.8,0,0.0,13.82,189
1790963801620,26304,26.9,11,459.8,486.7,11,459.8,0,0.0,13.82,189
1790963803635,26304,26.9,11,459.8,486.7,11,459.8,0,0.0,13.82,189
1790963805645,26304,26.9,11,459.8,486.7,11,459.8,0,0.0,13.82,189
1790963807653,26304,26.9,11,459.8,486.7,11,459.8,0,0.0,13.82,189
1790963809658,26304,26.9,11,459.8,486.7,11,459.8,0,0.0,13.82,189
1790963811673,26304,26.9,11,459.8,486.7,11,459.8,0,0.0,13.82,189
1790963813685,26304,26.9,11,459.7,486.6,11,459.7,0,0.0,13.82,189
1790963815691,26304,26.9,11,459.8,486.7,11,459.8,0,0.0,13.82,189
1790963817714,26304,26.9,11,459.4,486.3,11,459.4,0,0.0,13.82,189
1790963819726,26304,26.9,11,459.5,486.4,11,459.5,0,0.0,13.82,189
1790963821731,26304,26.9,11,459.4,486.3,11,459.4,0,0.0,13.82,189
1790963823744,26304,26.9,11,459.5,486.4,11,459.5,0,0.0,13.82,189
1790963825746,26304,26.9,11,459.4,486.3,11,459.4,0,0.0,13.82,189
1790963827760,26304,26.9,11,459.5,486.4,11,459.5,0,0.0,13.82,189
1790963829765,26304,26.9,11,497.1,524.0,11,497.1,0,0.0,13.82,189
1790963831765,26304,26.9,11,497.3,524.2,11,497.3,0,0.0,13.82,189
1790963833776,26304,26.9,11,467.9,494.8,11,467.9,0,0.0,13.82,189
1790963835789,26304,26.9,11,468.0,494.9,11,468.0,0,0.0,13.82,189
1790963837791,26304,26.9,11,461.7,488.6,11,461.7,0,0.0,13.82,189
1790963839814,26304,26.9,11,461.7,488.6,11,461.7,0,0.0,13.82,189
1790963841817,26304,26.9,11,460.4,487.3,11,460.4,0,0.0,13.82,189
1790963843823,26304,26.9,11,460.6,487.4,11,460.6,0,0.0,13.82,189
1790963845824,26304,26.9,11,459.8,486.7,11,459.8,0,0.0,13.82,189
1790963847833,26304,26.9,11,459.9,486.8,11,459.9,0,0.0,13.82,189
1790963849833,26304,26.9,11,459.8,486.7,11,459.8,0,0.0,13.82,189
1790963851850,26304,26.9,11,459.9,486.8,11,459.9,0,0.0,13.82,189
1790963853850,26304,26.9,11,459.8,486.7,11,459.8,0,0.0,13.82,189
1790963855860,26304,26.9,11,459.9,486.8,11,459.9,0,0.0,13.82,189
1790963857861,26304,26.9,11,459.8,486.7,11,459.8,0,0.0,13.82,189
1790963859872,26304,26.9,11,459.8,486.7,11,459.8,0,0.0,13.82,189
1790963861876,26304,26.9,11,459.8,486.7,11,459.8,0,0.0,13.82,189
1790963863884,26304,26.9,11,459.9,486.8,11,459.9,0,0.0,13.82,189
1790963865896,26304,26.9,11,459.8,486.7,11,459.8,0,0.0,13.82,189
1790963867898,26304,26.9,11,459.9,486.8,11,459.9,0,0.0,13.82,189
1790963869915,26304,26.9,11,459.8,486.7,11,459.8,0,0.0,13.82,189
1790963871924,26304,26.9,11,465.4,492.3,11,465.4,0,0.0,13.82,189
1790963873933,26304,26.9,11,465.1,492.0,11,465.1,0,0.0,13.82,189
1790963875942,26304,26.9,11,463.1,490.0,11,463.1,0,0.0,13.82,189
1790963877941,26304,26.9,11,463.1,489.9,11,463.1,0,0.0,13.82,189
1790963879957,26304,26.9,11,459.1,486.0,11,459.1,0,0.0,13.82,189
1790963881968,26304,26.9,11,458.4,485.3,11,458.4,0,0.0,13.82,189
1790963883975,26304,26.9,11,458.5,485.3,11,458.5,0,0.0,13.82,189
1790963885984,26304,26.9,11,458.4,485.3,11,458.4,0,0.0,13.82,189
1790963887997,26304,26.9,11,458.4,485.3,11,458.4,0,0.0,13.82,189
1790963890009,26304,27.0,11,495.1,522.1,11,495.1,0,0.0,13.82,189
1790963892013,26304,27.0,11,495.3,522.3,11,495.3,0,0.0,13.82,189
1790963894021,26304,27.0,11,470.9,498.0,11,470.9,0,0.0,13.82,189
1790963896027,26304,27.0,11,466.9,493.9,11,466.9,0,0.0,13.82,189
1790963898038,26304,27.0,11,459.8,486.8,11,459.8,0,0.0,13.82,189
1790963900051,26304,27.0,11,459.8,486.8,11,459.8,0,0.0,13.82,189
1790963902051,26304,27.0,11,459.7,486.7,11,459.7,0,0.0,13.82,189
1790963904067,26304,27.0,11,459.8,486.8,11,459.8,0,0.0,13.82,189
1790963906071,26304,27.0,11,459.7,486.8,11,459.7,0,0.0,13.82,189
1790963908088,26304,27.0,11,459.9,486.9,11,459.9,0,0.0,13.82,189
1790963910101,26304,27.0,11,459.8,486.8,11,459.8,0,0.0,13.82,189
1790963912105,26304,27.0,11,459.9,486.9,11,459.9,0,0.0,13.82,189
1790963914116,26304,27.0,11,459.8,486.8,11,459.8,0,0.0,13.82,189
1790963916115,26304,27.0,11,459.9,486.9,11,459.9,0,0.0,13.82,189
1790963918127,26304,27.0,11,459.8,486.8,11,459.8,0,0.0,13.82,189
1790963920143,26304,27.0,11,460.1,487.1,11,460.1,0,0.0,13.82,189
1790963922156,26304,27.0,11,460.1,487.1,11,460.1,0,0.0,13.82,189
1790963924162,26304,27.0,11,460.1,487.2,11,460.1,0,0.0,13.82,189
1790963926173,26304,27.0,11,460.0,487.0,11,460.0,0,0.0,13.82,189
1790963928177,26304,27.0,11,460.1,487.1,11,460.1,0,0.0,13.82,189
1790963930189,26304,27.0,11,460.0,487.0,11,460.0,0,0.0,13.82,189
1790963932198,26304,27.0,11,460.8,487.8,11,460.8,0,0.0,13.82,189
1790963934208,26304,27.0,11,460.8,487.8,11,460.8,0,0.0,13.82,189
1790963936218,26304,27.0,11,460.6,487.6,11,460.6,0,0.0,13.82,189
1790963938221,26304,27.0,11,460.7,487.7,11,460.7,0,0.0,13.82,189
1790963940231,26304,27.0,11,460.7,487.7,11,460.7,0,0.0,13.82,189
1790963942236,26304,27.0,11,460.7,487.7,11,460.7,0,0.0,13.82,189
1790963944256,26304,27.0,11,459.4,486.4,11,459.4,0,0.0,13.82,189
1790963946259,26304,27.0,11,459.3,486.3,11,459.3,0,0.0,13.82,189
1790963948269,26304,27.0,11,482.1,509.1,11,482.1,0,0.0,13.82,189
1790963950273,26304,27.0,11,497.4,524.4,11,497.4,0,0.0,13.82,189
1790963952282,26304,27.0,11,497.6,524.6,11,497.6,0,0.0,13.82,189
1790963954296,26304,27.0,11,468.7,495.8,11,468.7,0,0.0,13.82,189
1790963956296,26304,27.0,11,461.3,488.3,11,461.3,0,0.0,13.82,189
1790963958308,26304,27.0,11,461.3,488.3,11,461.3,0,0.0,13.82,189
1790963960318,26304,27.0,11,461.3,488.3,11,461.3,0,0.0,13.82,189
1790963962331,26304,27.0,11,460.1,487.2,11,460.1,0,0.0,13.82,189
1790963964341,26304,27.0,11,460.1,487.2,11,460.1,0,0.0,13.82,189
1790963966357,26304,27.0,11,460.1,487.1,11,460.1,0,0.0,13.82,189
1790963968366,26304,27.0,11,460.1,487.1,11,460.1,0,0.0,13.82,189
1790963970375,26304,27.0,11,460.1,487.2,11,460.1,0,0.0,13.82,189
1790963972384,26304,27.0,11,460.1,487.2,11,460.1,0,0.0,13.82,189
1790963974393,26304,27.0,11,465.4,492.4,11,465.4,0,0.0,13.82,189
1790963976408,26304,27.0,11,465.3,492.3,11,465.3,0,0.0,13.82,189
1790963978412,26304,27.0,11,463.4,490.4,11,463.4,0,0.0,13.82,189
1790963980418,26304,27.0,11,463.1,490.1,11,463.1,0,0.0,13.82,189
1790963982419,26304,27.0,11,459.4,486.4,11,459.4,0,0.0,13.82,189
1790963984420,26304,27.0,11,459.1,486.1,11,459.1,0,0.0,13.82,189
1790963986427,26304,27.0,11,458.8,485.8,11,458.8,0,0.0,13.82,189
1790963988441,26304,27.0,11,458.8,485.8,11,458.8,0,0.0,13.82,189
1790963990444,26304,27.0,11,458.8,485.8,11,458.8,0,0.0,13.82,189
1790963992448,26304,26.9,11,459.5,486.4,11,459.5,0,0.0,13.82,189
1790963994452,26304,26.9,11,459.5,486.4,11,459.5,0,0.0,13.82,189
1790963996469,26304,26.9,11,460.1,487.0,11,460.1,0,0.0,13.82,189
1790963998482,26304,26.9,11,460.1,487.1,11,460.1,0,0.0,13.82,189
1790964000504,26304,26.9,11,460.3,487.2,11,460.3,0,0.0,13.82,189
1790964002507,26304,26.9,11,460.2,487.2,11,460.2,0,0.0,13.82,189
1790964004514,26304,26.9,11,460.3,487.2,11,460.3,0,0.0,13.82,189
1790964006517,26304,26.9,11,460.3,487.2,11,460.3,0,0.0,13.82,189
1790964008530,26304,26.9,11,483.9,510.8,11,483.9,0,0.0,13.82,189
1790964010532,26304,26.9,11,496.7,523.6,11,496.7,0,0.0,13.82,189
1790964012546,26304,26.9,11,496.7,523.6,11,496.7,0,0.0,13.82,189
1790964014556,26304,26.9,11,474.1,501.0,11,474.1,0,0.0,13.82,189
1790964016571,26304,26.9,11,461.5,488.4,11,461.5,0,0.0,13.82,189
1790964018573,26304,26.9,11,460.3,487.2,11,460.3,0,0.0,13.82,189
1790964020582,26304,26.9,11,460.3,487.2,11,460.3,0,0.0,13.82,189
1790964022591,26304,26.9,11,460.3,487.2,11,460.3,0,0.0,13.82,189
1790964024607,26304,26.9,11,460.3,487.2,11,460.3,0,0.0,13.82,189
1790964026613,26304,26.9,11,460.3,487.2,11,460.3,0,0.0,13.82,189
1790964028617,26304,26.9,11,460.3,487.2,11,460.3,0,0.0,13.82,189
1790964030632,26304,26.9,11,460.3,487.2,11,460.3,0,0.0,13.82,189
1790964032637,26304,26.9,11,460.3,487.2,11,460.3,0,0.0,13.82,189
1790964034637,26304,26.9,11,461.0,487.9,11,461.0,0,0.0,13.82,189
1790964036640,26304,26.9,11,461.0,487.9,11,461.0,0,0.0,13.82,189
1790964038643,26304,26.9,11,460.9,487.9,11,460.9,0,0.0,13.82,189
1790964040660,26304,26.9,11,460.9,487.9,11,460.9,0,0.0,13.82,189
1790964042669,26304,26.9,11,460.9,487.9,11,460.9,0,0.0,13.82,189
1790964044678,26304,26.9,11,461.0,487.9,11,461.0,0,0.0,13.82,189
1790964046688,26304,26.9,11,460.3,487.2,11,460.3,0,0.0,13.82,189
1790964048701,26304,26.9,11,460.3,487.2,11,460.3,0,0.0,13.82,189
1790964050707,26304,26.9,11,460.3,487.2,11,460.3,0,0.0,13.82,189
1790964052707,26304,26.9,11,460.3,487.2,11,460.3,0,0.0,13.82,189
1790964054722,26304,26.9,11,460.3,487.2,11,460.3,0,0.0,13.82,189
1790964056725,26304,26.9,11,460.0,486.9,11,460.0,0,0.0,13.82,189
1790964058737,26304,26.9,11,460.1,487.1,11,460.1,0,0.0,13.82,189
1790964060743,26304,26.9,11,460.1,487.1,11,460.1,0,0.0,13.82,189
1790964062761,26304,26.9,11,460.1,487.0,11,460.1,0,0.0,13.82,189
1790964064768,26304,26.9,11,460.2,487.1,11,460.2,0,0.0,13.82,189
1790964066782,26304,26.9,11,460.1,487.1,11,460.1,0,0.0,13.82,189
1790964068795,26304,26.9,11,497.0,523.9,11,497.0,0,0.0,13.82,189
1790964070791,26304,26.9,11,496.5,523.4,11,496.5,0,0.0,13.82,189
1790964072801,26304,26.9,11,496.6,523.5,11,496.6,0,0.0,13.82,189
1790964074804,26304,26.9,11,467.6,494.5,11,467.6,0,0.0,13.82,189
1790964076816,26304,26.9,11,469.3,496.2,11,469.3,0,0.0,13.82,189
1790964078827,26304,26.9,11,469.9,496.8,11,469.9,0,0.0,13.82,189
1790964080827,26304,26.9,11,463.8,490.7,11,463.8,0,0.0,13.82,189
1790964082844,26304,26.9,11,463.8,490.7,11,463.8,0,0.0,13.82,189
1790964084856,26304,26.9,11,458.9,485.8,11,458.9,0,0.0,13.82,189
1790964086857,26304,26.9,11,458.7,485.6,11,458.7,0,0.0,13.82,189
1790964088884,26304,26.9,11,458.7,485.6,11,458.7,0,0.0,13.82,189
1790964090892,26304,26.9,11,458.7,485.6,11,458.7,0,0.0,13.82,189
1790964092897,26304,26.9,11,458.7,485.6,11,458.7,0,0.0,13.82,189
1790964094912,26304,26.9,11,459.5,486.4,11,459.5,0,0.0,13.82,189
1790964096917,26304,26.9,11,459.5,486.4,11,459.5,0,0.0,13.82,189
1790964098929,26304,26.9,11,460.3,487.3,11,460.3,0,0.0,13.82,189
1790964100941,26304,26.9,11,460.4,487.3,11,460.4,0,0.0,13.82,189
1790964102948,26304,26.9,11,460.3,487.3,11,460.3,0,0.0,13.82,189
1790964104958,26304,26.9,11,460.3,487.3,11,460.3,0,0.0,13.82,189
1790964106979,26304,26.9,11,460.3,487.3,11,460.3,0,0.0,13.82,189
1790964108986,26304,26.9,11,460.3,487.3,11,460.3,0,0.0,13.82,189
1790964110992,26304,26.9,11,460.3,487.3,11,460.3,0,0.0,13.82,189
1790964112997,26304,26.9,11,460.3,487.3,11,460.3,0,0.0,13.82,189
1790964115012,26304,26.9,11,460.4,487.3,11,460.4,0,0.0,13.82,189
1790964117013,26304,26.9,11,460.1,487.0,11,460.1,0,0.0,13.82,189
1790964119019,26304,26.9,11,460.2,487.1,11,460.2,0,0.0,13.82,189
1790964121022,26304,26.9,11,460.2,487.2,11,460.2,0,0.0,13.82,189
1790964123032,26304,26.9,11,460.2,487.2,11,460.2,0,0.0,13.82,189
1790964125042,26304,26.9,11,460.2,487.2,11,460.2,0,0.0,13.82,189
1790964127059,26304,26.9,11,460.2,487.2,11,460.2,0,0.0,13.82,189
1790964129070,26304,26.9,11,497.4,524.3,11,497.4,0,0.0,13.82,189
1790964131074,26304,26.9,11,496.9,523.8,11,496.9,0,0.0,13.82,189
1790964133079,26304,26.9,11,496.9,523.8,11,496.9,0,0.0,13.82,189
1790964135090,26304,26.9,11,467.4,494.3,11,467.4,0,0.0,13.82,189
1790964137096,26304,26.9,11,461.2,488.1,11,461.2,0,0.0,13.82,189
1790964139105,26304,26.9,11,461.2,488.2,11,461.2,0,0.0,13.82,189
1790964141129,26304,26.9,11,460.9,487.8,11,460.9,0,0.0,13.82,189
1790964143139,26304,26.9,11,460.9,487.9,11,460.9,0,0.0,13.82,189
1790964145144,26304,26.9,11,460.9,487.8,11,460.9,0,0.0,13.82,189
1790964147156,26304,26.9,11,460.6,487.5,11,460.6,0,0.0,13.82,189
1790964149159,26304,26.9,11,459.9,486.8,11,459.9,0,0.0,13.82,189
1790964151170,26304,26.9,11,460.0,486.9,11,460.0,0,0.0,13.82,189
1790964153172,26304,26.9,11,460.0,486.9,11,460.0,0,0.0,13.82,189
1790964155185,26304,26.9,11,459.9,486.9,11,459.9,0,0.0,13.82,189
1790964157209,26304,26.9,11,459.9,486.9,11,459.9,0,0.0,13.82,189
1790964159215,26304,26.9,11,459.9,486.8,11,459.9,0,0.0,13.82,189
1790964161221,26304,26.9,11,460.0,486.9,11,460.0,0,0.0,13.82,189
1790964163223,26304,26.9,11,460.1,487.0,11,460.1,0,0.0,13.82,189
1790964165230,26304,26.9,11,460.1,487.0,11,460.1,0,0.0,13.82,189
1790964167258,26304,26.9,11,466.2,493.1,11,466.2,0,0.0,13.82,189
1790964169262,26304,26.9,11,466.2,493.1,11,466.2,0,0.0,13.82,189
1790964171273,26304,26.9,11,463.7,490.6,11,463.7,0,0.0,13.82,189
1790964173276,26304,26.9,11,459.9,486.8,11,459.9,0,0.0,13.82,189
1790964175279,26304,26.9,11,459.6,486.5,11,459.6,0,0.0,13.82,189
1790964177290,26304,26.9,11,459.4,486.4,11,459.4,0,0.0,13.82,189
1790964179300,26304,26.9,11,465.1,492.0,11,465.1,0,0.0,13.82,189
1790964181302,26304,26.9,11,464.9,491.9,11,464.9,0,0.0,13.82,189
1790964183311,26304,26.9,11,462.4,489.4,11,462.4,0,0.0,13.82,189
1790964185320,26304,26.9,11,462.5,489.4,11,462.5,0,0.0,13.82,189
1790964187329,26304,26.9,11,458.2,485.1,11,458.2,0,0.0,13.82,189
1790964189336,26304,26.9,11,495.8,522.7,11,495.8,0,0.0,13.82,189
1790964191347,26304,26.9,11,495.1,522.0,11,495.1,0,0.0,13.82,189
1790964193359,26304,26.9,11,467.7,494.6,11,467.7,0,0.0,13.82,189
1790964195372,26304,26.9,11,467.7,494.6,11,467.7,0,0.0,13.82,189
1790964197377,26304,26.9,11,459.7,486.6,11,459.7,0,0.0,13.82,189
1790964199384,26304,26.9,11,459.7,486.6,11,459.7,0,0.0,13.82,189
1790964201385,26304,26.9,11,459.8,486.8,11,459.8,0,0.0,13.82,189
1790964203391,26304,26.9,11,459.3,486.3,11,459.3,0,0.0,13.82,189
1790964205408,26304,26.9,11,459.3,486.3,11,459.3,0,0.0,13.82,189
1790964207409,26304,26.9,11,458.9,485.9,11,458.9,0,0.0,13.82,189
1790964209413,26304,26.9,11,458.9,485.9,11,458.9,0,0.0,13.82,189
1790964211420,26304,26.9,11,459.0,485.9,11,459.0,0,0.0,13.82,189
1790964213431,26304,26.9,11,459.0,485.9,11,459.0,0,0.0,13.82,189
1790964215445,26304,26.9,11,459.0,485.9,11,459.0,0,0.0,13.82,189
1790964217454,26304,26.9,11,459.0,485.9,11,459.0,0,0.0,13.82,189
1790964219459,26304,26.9,11,459.5,486.4,11,459.5,0,0.0,13.82,189
1790964221468,26304,26.9,11,459.7,486.6,11,459.7,0,0.0,13.82,189
1790964223479,26304,26.9,11,459.7,486.6,11,459.7,0,0.0,13.82,189
1790964225499,26304,26.9,11,459.7,486.6,11,459.7,0,0.0,13.82,189
1790964227512,26304,26.9,11,459.8,486.7,11,459.8,0,0.0,13.82,189
1790964229513,26304,26.9,11,459.8,486.7,11,459.8,0,0.0,13.82,189
1790964231521,26304,26.9,11,459.8,486.7,11,459.8,0,0.0,13.82,189
1790964233528,26304,26.9,11,459.8,486.7,11,459.8,0,0.0,13.82,189
1790964235540,26304,26.9,11,459.8,486.7,11,459.8,0,0.0,13.82,189
1790964237545,26304,26.9,11,459.8,486.7,11,459.8,0,0.0,13.82,189
1790964239550,26304,26.9,11,460.6,487.5,11,460.6,0,0.0,13.82,189
1790964241556,26304,26.9,11,460.6,487.5,11,460.6,0,0.0,13.82,189
1790964243571,26304,26.9,11,460.6,487.5,11,460.6,0,0.0,13.82,189
1790964245581,26304,26.9,11,460.6,487.5,11,460.6,0,0.0,13.82,189
1790964247581,26304,26.9,11,460.6,487.5,11,460.6,0,0.0,13.82,189
1790964249592,26304,26.9,11,495.9,522.8,11,495.9,0,0.0,13.82,189
1790964251593,26304,26.9,11,496.4,523.4,11,496.4,0,0.0,13.82,189
1790964253596,26304,26.9,11,468.9,495.8,11,468.9,0,0.0,13.82,189
1790964255606,26304,26.9,11,467.0,493.9,11,467.0,0,0.0,13.82,189
1790964257611,26304,26.9,11,461.0,487.9,11,461.0,0,0.0,13.82,189
1790964259616,26304,26.9,11,458.8,485.7,11,458.8,0,0.0,13.82,189
1790964261625,26304,26.9,11,459.4,486.3,11,459.4,0,0.0,13.82,189
1790964263631,26304,26.9,11,459.5,486.4,11,459.5,0,0.0,13.82,189
1790964265638,26304,26.9,11,459.6,486.5,11,459.6,0,0.0,13.82,189
1790964267638,26304,26.9,11,459.4,486.3,11,459.4,0,0.0,13.82,189
1790964269654,26304,26.9,11,459.4,486.3,11,459.4,0,0.0,13.82,189
1790964271659,26304,26.9,11,459.5,486.4,11,459.5,0,0.0,13.82,189
1790964273661,26304,26.9,11,459.5,486.4,11,459.5,0,0.0,13.82,189
1790964275662,26304,26.9,11,459.5,486.4,11,459.5,0,0.0,13.82,189
1790964277677,26304,26.9,11,459.6,486.5,11,459.6,0,0.0,13.82,189
1790964279677,26304,26.9,11,459.6,486.5,11,459.6,0,0.0,13.82,189
1790964281687,26304,26.9,11,465.2,492.1,11,465.2,0,0.0,13.82,189
1790964283691,26304,26.9,11,464.8,491.8,11,464.8,0,0.0,13.82,189
1790964285702,26304,26.9,11,462.9,489.9,11,462.9,0,0.0,13.82,189
1790964287704,26304,26.9,11,462.9,489.8,11,462.9,0,0.0,13.82,189
1790964289709,26304,26.9,11,458.8,485.8,11,458.8,0,0.0,13.82,189
1790964291715,26304,26.9,11,458.9,485.8,11,458.9,0,0.0,13.82,189
1790964293729,26304,26.9,11,458.2,485.2,11,458.2,0,0.0,13.82,189
1790964295752,26304,26.9,11,458.2,485.1,11,458.2,0,0.0,13.82,189
1790964297762,26304,26.9,11,457.9,484.8,11,457.9,0,0.0,13.82,189
1790964299768,26304,26.9,11,458.6,485.5,11,458.6,0,0.0,13.82,189
1790964301767,26304,26.9,11,458.6,485.5,11,458.6,0,0.0,13.82,189
1790964303779,26304,26.9,11,459.4,486.4,11,459.4,0,0.0,13.82,189
1790964305793,26304,26.9,11,459.5,486.4,11,459.5,0,0.0,13.82,189
1790964307801,26304,26.9,11,459.5,486.4,11,459.5,0,0.0,13.82,189
1790964309813,26304,26.9,11,496.8,523.8,11,496.8,0,0.0,13.82,189
1790964311826,26304,26.9,11,496.6,523.5,11,496.6,0,0.0,13.82,189
1790964313839,26304,26.9,11,466.5,493.5,11,466.5,0,0.0,13.82,189
1790964315850,26304,26.9,11,466.2,493.1,11,466.2,0,0.0,13.82,189
1790964317852,26304,26.9,11,459.1,486.0,11,459.1,0,0.0,13.82,189
1790964319861,26304,26.9,11,459.1,486.0,11,459.1,0,0.0,13.82,189
1790964321868,26304,26.9,11,459.7,486.6,11,459.7,0,0.0,13.82,189
1790964323886,26304,26.9,11,459.7,486.7,11,459.7,0,0.0,13.82,189
1790964325890,26304,26.9,11,459.6,486.5,11,459.6,0,0.0,13.82,189
1790964327902,26304,26.9,11,459.5,486.4,11,459.5,0,0.0,13.82,189
1790964329916,26304,26.9,11,459.4,486.4,11,459.4,0,0.0,13.82,189
1790964331916,26304,26.9,11,459.5,486.4,11,459.5,0,0.0,13.82,189
1790964333930,26304,26.9,11,459.5,486.4,11,459.5,0,0.0,13.82,189
1790964335932,26304,26.9,11,459.4,486.4,11,459.4,0,0.0,13.82,189
1790964337948,26304,26.9,11,459.4,486.4,11,459.4,0,0.0,13.82,189
1790964339959,26304,26.9,11,459.4,486.3,11,459.4,0,0.0,13.82,189
1790964341975,26304,26.9,11,460.1,487.1,11,460.1,0,0.0,13.82,189
1790964343984,26304,26.9,11,460.2,487.1,11,460.2,0,0.0,13.82,189
1790964345999,26304,26.9,11,460.2,487.1,11,460.2,0,0.0,13.82,189
1790964348004,26304,26.9,11,460.2,487.1,11,460.2,0,0.0,13.82,189
1790964350025,26304,26.9,11,460.3,487.2,11,460.3,0,0.0,13.82,189
1790964352036,26304,26.9,11,460.3,487.2,11,460.3,0,0.0,13.82,189
1790964354047,26304,26.9,11,459.6,486.5,11,459.6,0,0.0,13.82,189
1790964356062,26304,26.9,11,459.5,486.5,11,459.5,0,0.0,13.82,189
1790964358070,26304,26.9,11,459.6,486.5,11,459.6,0,0.0,13.82,189
1790964360081,26304,26.9,11,459.6,486.6,11,459.6,0,0.0,13.82,189
1790964362084,26304,26.9,11,459.6,486.6,11,459.6,0,0.0,13.82,189
1790964364089,26304,26.9,11,459.6,486.6,11,459.6,0,0.0,13.82,189
1790964366089,26304,26.9,11,459.7,486.6,11,459.7,0,0.0,13.82,189
1790964368110,26304,26.9,11,459.7,486.6,11,459.7,0,0.0,13.82,189
1790964370121,26304,26.9,11,496.3,523.3,11,496.3,0,0.0,13.82,189
1790964372122,26304,26.9,11,496.2,523.1,11,496.2,0,0.0,13.82,189
1790964374136,26304,26.9,11,469.2,496.1,11,469.2,0,0.0,13.82,189
1790964376148,26304,26.9,11,468.8,495.7,11,468.8,0,0.0,13.82,189
1790964378162,26304,26.9,11,460.7,487.6,11,460.7,0,0.0,13.82,189
1790964380170,26304,26.9,11,459.6,486.5,11,459.6,0,0.0,13.82,189
1790964382171,26304,26.9,11,459.4,486.4,11,459.4,0,0.0,13.82,189
1790964384175,26304,26.9,11,465.1,492.1,11,465.1,0,0.0,13.82,189
1790964386179,26304,26.9,11,464.5,491.4,11,464.5,0,0.0,13.82,189
1790964388184,26304,26.9,11,464.6,491.5,11,464.6,0,0.0,13.82,189
1790964390197,26304,27.0,11,462.2,489.2,11,462.2,0,0.0,13.82,189
1790964392202,26304,27.0,11,458.0,485.0,11,458.0,0,0.0,13.82,189
1790964394205,26304,27.0,11,458.1,485.1,11,458.1,0,0.0,13.82,189
1790964396216,26304,27.0,11,458.1,485.0,11,458.1,0,0.0,13.82,189
1790964398220,26304,27.0,11,458.0,485.0,11,458.0,0,0.0,13.82,189
1790964400228,26304,27.0,11,458.0,485.0,11,458.0,0,0.0,13.82,189
1790964402248,26304,27.0,11,458.8,485.8,11,458.8,0,0.0,13.82,189
1790964404261,26304,27.0,11,458.8,485.8,11,458.8,0,0.0,13.82,189
1790964406281,26304,27.0,11,459.5,486.5,11,459.5,0,0.0,13.82,189
1790964408279,26304,27.0,11,459.5,486.5,11,459.5,0,0.0,13.82,189
1790964410294,26304,27.0,11,459.5,486.5,11,459.5,0,0.0,13.82,189
1790964412307,26304,27.0,11,459.5,486.5,11,459.5,0,0.0,13.82,189
1790964414308,26304,27.0,11,459.6,486.5,11,459.6,0,0.0,13.82,189
1790964416324,26304,27.0,11,459.6,486.5,11,459.6,0,0.0,13.82,189
1790964418334,26304,27.0,11,459.5,486.5,11,459.5,0,0.0,13.82,189
1790964420339,26304,27.0,11,459.5,486.5,11,459.5,0,0.0,13.82,189
1790964422351,26304,27.0,11,459.5,486.5,11,459.5,0,0.0,13.82,189
1790964424362,26304,27.0,11,459.5,486.5,11,459.5,0,0.0,13.82,189
1790964426370,26304,27.0,11,459.5,486.5,11,459.5,0,0.0,13.82,189
1790964428372,26304,27.0,11,483.1,510.1,11,483.1,0,0.0,13.82,189
1790964430375,26304,27.3,11,496.4,523.7,11,496.4,0,0.0,13.82,189
1790964432383,26304,27.3,11,496.6,523.8,11,496.6,0,0.0,13.82,189
1790964434383,26304,27.3,11,467.1,494.3,11,467.1,0,0.0,13.82,189
1790964436389,26304,27.3,11,460.9,488.2,11,460.9,0,0.0,13.82,189
1790964438393,26304,27.3,11,459.6,486.9,11,459.6,0,0.0,13.82,189
1790964440401,26304,27.3,11,459.7,487.0,11,459.7,0,0.0,13.82,189
1790964442403,26304,27.3,11,459.6,486.9,11,459.6,0,0.0,13.82,189
1790964444406,26304,27.3,11,460.4,487.7,11,460.4,0,0.0,13.82,189
1790964446419,26304,27.3,11,460.1,487.4,11,460.1,0,0.0,13.82,189
1790964448431,26304,27.3,11,460.4,487.7,11,460.4,0,0.0,13.82,189
1790964450461,26304,27.3,11,460.3,487.6,11,460.3,0,0.0,13.82,189
1790964452475,26304,27.3,11,460.4,487.7,11,460.4,0,0.0,13.82,189
1790964454483,26304,27.3,11,460.3,487.6,11,460.3,0,0.0,13.82,189
1790964456493,26304,27.3,11,459.7,487.0,11,459.7,0,0.0,13.82,189
1790964458494,26304,27.3,11,459.6,486.9,11,459.6,0,0.0,13.82,189
1790964460506,26304,27.3,11,459.7,487.0,11,459.7,0,0.0,13.82,189
1790964462514,26304,27.3,11,459.6,486.9,11,459.6,0,0.0,13.82,189
1790964464527,26304,27.3,11,459.7,487.0,11,459.7,0,0.0,13.82,189
1790964466528,26304,27.3,11,459.6,486.9,11,459.6,0,0.0,13.82,189
1790964468545,26304,27.3,11,459.7,487.0,11,459.7,0,0.0,13.82,189
1790964470551,26304,27.3,11,459.6,486.9,11,459.6,0,0.0,13.82,189
1790964472551,26304,27.3,11,459.7,487.0,11,459.7,0,0.0,13.82,189
1790964474570,26304,27.3,11,459.6,486.9,11,459.6,0,0.0,13.82,189
1790964476588,26304,27.3,11,459.5,486.8,11,459.5,0,0.0,13.82,189
1790964478591,26304,27.3,11,459.4,486.7,11,459.4,0,0.0,13.82,189
1790964480603,26304,27.3,11,459.5,486.8,11,459.5,0,0.0,13.82,189
1790964482615,26304,27.3,11,459.4,486.7,11,459.4,0,0.0,13.82,189
1790964484626,26304,27.3,11,459.5,486.8,11,459.5,0,0.0,13.82,189
1790964486626,26304,27.3,11,464.8,492.1,11,464.8,0,0.0,13.82,189
1790964488645,26304,27.3,11,499.3,526.6,11,499.3,0,0.0,13.82,189
1790964490654,26304,27.3,11,498.8,526.1,11,498.8,0,0.0,13.82,189
1790964492661,26304,27.3,11,498.4,525.7,11,498.4,0,0.0,13.82,189
1790964494669,26304,27.3,11,466.2,493.5,11,466.2,0,0.0,13.82,189
1790964496681,26304,27.3,11,459.7,487.0,11,459.7,0,0.0,13.82,189
1790964498685,26304,27.3,11,459.5,486.8,11,459.5,0,0.0,13.82,189
1790964500697,26304,27.3,11,458.4,485.7,11,458.4,0,0.0,13.82,189
1790964502707,26304,27.3,11,458.3,485.6,11,458.3,0,0.0,13.82,189
1790964504718,26304,27.3,11,459.1,486.4,11,459.1,0,0.0,13.82,189
1790964506725,26304,27.3,11,458.7,486.0,11,458.7,0,0.0,13.82,189
1790964508733,26304,27.3,11,459.7,486.9,11,459.7,0,0.0,13.82,189
1790964510738,26304,27.3,11,459.6,486.9,11,459.6,0,0.0,13.82,189
1790964512743,26304,27.3,11,459.6,486.9,11,459.6,0,0.0,13.82,189
1790964514751,26304,27.3,11,459.6,486.8,11,459.6,0,0.0,13.82,189
1790964516754,26304,27.3,11,459.7,486.9,11,459.7,0,0.0,13.82,189
1790964518765,26304,27.3,11,459.6,486.9,11,459.6,0,0.0,13.82,189
1790964520773,26304,27.3,11,459.7,487.0,11,459.7,0,0.0,13.82,189
1790964522768,26304,27.3,11,459.6,486.9,11,459.6,0,0.0,13.82,189
1790964524771,26304,27.3,11,459.7,487.0,11,459.7,0,0.0,13.82,189
1790964526780,26304,27.3,11,459.6,486.9,11,459.6,0,0.0,13.82,189
1790964528792,26304,27.3,11,459.6,486.9,11,459.6,0,0.0,13.82,189
1790964530805,26304,27.3,11,459.6,486.9,11,459.6,0,0.0,13.82,189
1790964532814,26304,27.3,11,459.7,487.0,11,459.7,0,0.0,13.82,189
1790964534821,26304,27.3,11,459.6,486.9,11,459.6,0,0.0,13.82,189
1790964536823,26304,27.3,11,459.5,486.8,11,459.5,0,0.0,13.82,189
1790964538833,26304,27.3,11,459.4,486.7,11,459.4,0,0.0,13.82,189
1790964540841,26304,27.3,11,459.5,486.8,11,459.5,0,0.0,13.82,189
1790964542851,26304,27.3,11,459.4,486.7,11,459.4,0,0.0,13.82,189
1790964544858,26304,27.3,11,459.5,486.8,11,459.5,0,0.0,13.82,189
1790964546870,26304,27.3,11,460.1,487.4,11,460.1,0,0.0,13.82,189
1790964548879,26304,27.3,11,498.2,525.5,11,498.2,0,0.0,13.82,189
1790964550898,26304,27.3,11,497.8,525.1,11,497.8,0,0.0,13.82,189
1790964552909,26304,27.3,11,498.0,525.3,11,498.0,0,0.0,13.82,189
1790964554915,26304,27.3,11,467.8,495.1,11,467.8,0,0.0,13.82,189
1790964556937,26304,27.3,11,461.7,489.0,11,461.7,0,0.0,13.82,189
1790964558941,26304,27.3,11,460.4,487.7,11,460.4,0,0.0,13.82,189
1790964560950,26304,27.3,11,460.5,487.8,11,460.5,0,0.0,13.82,189
1790964562961,26304,27.3,11,459.7,487.0,11,459.7,0,0.0,13.82,189
1790964564971,26304,27.3,11,459.9,487.1,11,459.9,0,0.0,13.82,189
1790964566979,26304,27.3,11,459.5,486.8,11,459.5,0,0.0,13.82,189
1790964568983,26304,27.3,11,459.7,487.0,11,459.7,0,0.0,13.82,189
1790964570991,26304,27.3,11,459.7,487.0,11,459.7,0,0.0,13.82,189
1790964573007,26304,27.3,11,459.8,487.1,11,459.8,0,0.0,13.82,189
1790964575009,26304,27.3,11,459.7,487.0,11,459.7,0,0.0,13.82,189
1790964577013,26304,27.3,11,459.8,487.1,11,459.8,0,0.0,13.82,189
1790964579026,26304,27.3,11,459.8,487.1,11,459.8,0,0.0,13.82,189
1790964581030,26304,27.3,11,459.9,487.2,11,459.9,0,0.0,13.82,189
1790964583040,26304,27.3,11,459.9,487.2,11,459.9,0,0.0,13.82,189
1790964585054,26304,27.3,11,460.0,487.2,11,460.0,0,0.0,13.82,189
1790964587063,26304,27.3,11,459.9,487.2,11,459.9,0,0.0,13.82,189
1790964589068,26304,27.3,11,465.4,492.7,11,465.4,0,0.0,13.82,189
1790964591086,26304,27.3,11,465.0,492.3,11,465.0,0,0.0,13.82,189
1790964593096,26304,27.3,11,463.2,490.5,11,463.2,0,0.0,13.82,189
1790964595097,26304,27.3,11,463.1,490.4,11,463.1,0,0.0,13.82,189
1790964597109,26304,27.3,11,458.9,486.2,11,458.9,0,0.0,13.82,189
1790964599121,26304,27.3,11,458.4,485.7,11,458.4,0,0.0,13.82,189
1790964601127,26304,27.3,11,458.4,485.7,11,458.4,0,0.0,13.82,189
1790964603135,26304,27.3,11,458.3,485.6,11,458.3,0,0.0,13.82,189
1790964605135,26304,27.3,11,458.4,485.7,11,458.4,0,0.0,13.82,189
1790964607137,26304,27.3,11,459.0,486.3,11,459.0,0,0.0,13.82,189
1790964609142,26304,27.3,11,496.3,523.6,11,496.3,0,0.0,13.82,189
1790964611142,26304,27.3,11,496.7,524.0,11,496.7,0,0.0,13.82,189
1790964613156,26304,27.3,11,467.7,494.9,11,467.7,0,0.0,13.82,189
1790964615180,26304,27.3,11,467.8,495.1,11,467.8,0,0.0,13.82,189
1790964617193,26304,27.3,11,461.3,488.6,11,461.3,0,0.0,13.82,189
1790964619210,26304,27.3,11,459.4,486.7,11,459.4,0,0.0,13.82,189
1790964621223,26304,27.3,11,459.4,486.7,11,459.4,0,0.0,13.82,189
1790964623237,26304,27.3,11,459.5,486.7,11,459.5,0,0.0,13.82,189
1790964625236,26304,27.3,11,459.5,486.8,11,459.5,0,0.0,13.82,189
1790964627251,26304,27.3,11,459.2,486.5,11,459.2,0,0.0,13.82,189
1790964629265,26304,27.3,11,459.9,487.2,11,459.9,0,0.0,13.82,189
1790964631267,26304,27.3,11,460.1,487.4,11,460.1,0,0.0,13.82,189
1790964633275,26304,27.3,11,460.1,487.4,11,460.1,0,0.0,13.82,189
1790964635290,26304,27.3,11,460.1,487.4,11,460.1,0,0.0,13.82,189
1790964637294,26304,27.3,11,460.1,487.4,11,460.1,0,0.0,13.82,189
1790964639310,26304,27.3,11,460.1,487.4,11,460.1,0,0.0,13.82,189
1790964641325,26304,27.3,11,460.1,487.4,11,460.1,0,0.0,13.82,189
1790964643328,26304,27.3,11,460.1,487.4,11,460.1,0,0.0,13.82,189
1790964645331,26304,27.3,11,460.1,487.4,11,460.1,0,0.0,13.82,189
1790964647333,26304,27.3,11,460.1,487.4,11,460.1,0,0.0,13.82,189
1790964649350,26304,27.3,11,460.9,488.1,11,460.9,0,0.0,13.82,189
1790964651359,26304,27.3,11,460.8,488.1,11,460.8,0,0.0,13.82,189
1790964653364,26304,27.3,11,460.9,488.2,11,460.9,0,0.0,13.82,189
1790964655365,26304,27.3,11,460.9,488.2,11,460.9,0,0.0,13.82,189
1790964657381,26304,27.3,11,460.7,488.0,11,460.7,0,0.0,13.82,189
1790964659382,26304,27.3,11,460.7,487.9,11,460.7,0,0.0,13.82,189
1790964661396,26304,27.3,11,459.9,487.2,11,459.9,0,0.0,13.82,189
1790964663398,26304,27.3,11,459.9,487.2,11,459.9,0,0.0,13.82,189
1790964665407,26304,27.3,11,459.9,487.2,11,459.9,0,0.0,13.82,189
1790964667422,26304,27.3,11,460.0,487.3,11,460.0,0,0.0,13.82,189
1790964669434,26304,27.3,11,498.1,525.4,11,498.1,0,0.0,13.82,189
1790964671437,26304,27.3,11,497.7,524.9,11,497.7,0,0.0,13.82,189
1790964673439,26304,27.3,11,467.6,494.8,11,467.6,0,0.0,13.82,189
1790964675452,26304,27.3,11,467.5,494.8,11,467.5,0,0.0,13.82,189
1790964677451,26304,27.3,11,461.4,488.7,11,461.4,0,0.0,13.82,189
1790964679463,26304,27.3,11,460.2,487.5,11,460.2,0,0.0,13.82,189
1790964681463,26304,27.3,11,460.2,487.5,11,460.2,0,0.0,13.82,189
1790964683490,26304,27.3,11,460.2,487.5,11,460.2,0,0.0,13.82,189
1790964685505,26304,27.3,11,460.2,487.5,11,460.2,0,0.0,13.82,189
1790964687521,26304,27.3,11,459.9,487.2,11,459.9,0,0.0,13.82,189
1790964689523,26304,27.3,11,459.9,487.2,11,459.9,0,0.0,13.82,189
1790964691523,26304,27.3,11,465.7,493.0,11,465.7,0,0.0,13.82,189
1790964693526,26304,27.3,11,465.7,493.0,11,465.7,0,0.0,13.82,189
1790964695532,26304,27.3,11,463.5,490.7,11,463.5,0,0.0,13.82,189
1790964697540,26304,27.3,11,463.0,490.3,11,463.0,0,0.0,13.82,189
1790964699538,26304,27.3,11,460.1,487.4,11,460.1,0,0.0,13.82,189
1790964701544,26304,27.3,11,458.9,486.2,11,458.9,0,0.0,13.82,189
1790964703564,26304,27.3,11,458.6,485.9,11,458.6,0,0.0,13.82,189
1790964705579,26304,27.3,11,458.6,485.9,11,458.6,0,0.0,13.82,189
1790964707585,26304,27.3,11,458.6,485.9,11,458.6,0,0.0,13.82,189
1790964709603,26304,27.3,11,459.4,486.6,11,459.4,0,0.0,13.82,189
1790964711613,26304,27.3,11,459.3,486.6,11,459.3,0,0.0,13.82,189
1790964713621,26304,27.3,11,460.2,487.5,11,460.2,0,0.0,13.82,189
1790964715643,26304,27.3,11,460.2,487.5,11,460.2,0,0.0,13.82,189
1790964717652,26304,27.3,11,460.0,487.3,11,460.0,0,0.0,13.82,189
1790964719658,26304,27.3,11,460.0,487.3,11,460.0,0,0.0,13.82,189
1790964721666,26304,27.3,11,460.0,487.2,11,460.0,0,0.0,13.82,189
1790964723671,26304,27.3,11,460.0,487.2,11,460.0,0,0.0,13.82,189
1790964725691,26304,27.3,11,460.0,487.3,11,460.0,0,0.0,13.82,189
1790964727699,26304,27.3,11,460.0,487.2,11,460.0,0,0.0,13.82,189
1790964729704,26304,27.3,11,497.6,524.9,11,497.6,0,0.0,13.82,189
1790964731718,26304,27.3,11,497.5,524.7,11,497.5,0,0.0,13.82,189
1790964733725,26304,27.3,11,468.2,495.5,11,468.2,0,0.0,13.82,189
1790964735735,26304,27.3,11,468.1,495.4,11,468.1,0,0.0,13.82,189
1790964737745,26304,27.3,11,461.5,488.8,11,461.5,0,0.0,13.82,189
1790964739759,26304,27.3,11,465.8,493.1,11,465.8,0,0.0,13.82,189
1790964741768,26304,27.3,11,460.6,487.8,11,460.6,0,0.0,13.82,189
1790964743783,26304,27.3,11,460.5,487.8,11,460.5,0,0.0,13.82,189
1790964745786,26304,27.3,11,460.3,487.6,11,460.3,0,0.0,13.82,189
1790964747793,26304,27.3,11,460.3,487.6,11,460.3,0,0.0,13.82,189
1790964749803,26304,27.3,11,460.4,487.7,11,460.4,0,0.0,13.82,189
1790964751813,26304,27.3,11,461.1,488.4,11,461.1,0,0.0,13.82,189
1790964753810,26304,27.3,11,461.2,488.5,11,461.2,0,0.0,13.82,189
1790964755824,26304,27.3,11,461.2,488.5,11,461.2,0,0.0,13.82,189
1790964757824,26304,27.3,11,461.2,488.5,11,461.2,0,0.0,13.82,189
1790964759836,26304,27.3,11,461.2,488.5,11,461.2,0,0.0,13.82,189
1790964761846,26304,27.3,11,460.9,488.2,11,460.9,0,0.0,13.82,189
1790964763861,26304,27.3,11,460.9,488.2,11,460.9,0,0.0,13.82,189
1790964765860,26304,27.3,11,460.2,487.5,11,460.2,0,0.0,13.82,189
1790964767886,26304,27.3,11,460.2,487.5,11,460.2,0,0.0,13.82,189
1790964769891,26304,27.3,11,460.2,487.4,11,460.2,0,0.0,13.82,189
1790964771909,26304,27.3,11,460.2,487.4,11,460.2,0,0.0,13.82,189
1790964773922,26304,27.3,11,460.2,487.5,11,460.2,0,0.0,13.82,189
1790964775942,26304,27.3,11,460.4,487.7,11,460.4,0,0.0,13.82,189
1790964777958,26304,27.3,11,460.4,487.7,11,460.4,0,0.0,13.82,189
1790964779957,26304,27.3,11,460.4,487.7,11,460.4,0,0.0,13.82,189
1790964781966,26304,27.3,11,460.4,487.7,11,460.4,0,0.0,13.82,189
1790964783975,26304,27.3,11,460.4,487.7,11,460.4,0,0.0,13.82,189
1790964785985,26304,27.3,11,460.4,487.7,11,460.4,0,0.0,13.82,189
1790964787999,26304,27.3,11,460.4,487.7,11,460.4,0,0.0,13.82,189
1790964789994,26304,27.4,11,497.4,524.7,11,497.4,0,0.0,13.82,189
1790964792001,26304,27.4,11,496.9,524.3,11,496.9,0,0.0,13.82,189
1790964794012,26304,27.4,11,479.0,506.4,11,479.0,0,0.0,13.82,189
1790964796016,26304,27.4,11,473.1,500.4,11,473.1,0,0.0,13.82,189
1790964798019,26304,27.4,11,465.5,492.9,11,465.5,0,0.0,13.82,189
1790964800028,26304,27.4,11,465.1,492.5,11,465.1,0,0.0,13.82,189
1790964802035,26304,27.4,11,459.4,486.8,11,459.4,0,0.0,13.82,189
1790964804050,26304,27.4,11,459.4,486.8,11,459.4,0,0.0,13.82,189
1790964806050,26304,27.4,11,459.4,486.8,11,459.4,0,0.0,13.82,189
1790964808062,26304,27.4,11,459.4,486.8,11,459.4,0,0.0,13.82,189
1790964810072,26304,27.4,11,459.4,486.8,11,459.4,0,0.0,13.82,189
1790964812083,26304,27.4,11,460.1,487.5,11,460.1,0,0.0,13.82,189
1790964814094,26304,27.4,11,460.1,487.5,11,460.1,0,0.0,13.82,189
1790964816100,26304,27.4,11,460.8,488.2,11,460.8,0,0.0,13.82,189
1790964818109,26304,27.4,11,465.4,492.8,11,465.4,0,0.0,13.82,189
1790964820113,26304,27.4,11,465.2,492.6,11,465.2,0,0.0,13.82,189
1790964822129,26304,27.4,11,464.6,492.0,11,464.6,0,0.0,13.82,189
1790964824138,26304,27.4,11,464.6,492.0,11,464.6,0,0.0,13.82,189
1790964826142,26304,27.4,11,464.6,492.0,11,464.6,0,0.0,13.82,189
1790964828154,26304,27.4,11,464.6,492.0,11,464.6,0,0.0,13.82,189
1790964830156,26304,27.4,11,464.6,492.0,11,464.6,0,0.0,13.82,189
1790964832174,26304,27.4,11,464.6,492.0,11,464.6,0,0.0,13.82,189
1790964834175,26304,27.4,11,464.7,492.1,11,464.7,0,0.0,13.82,189
1790964836180,26304,27.4,11,464.8,492.2,11,464.8,0,0.0,13.82,189
1790964838182,26304,27.4,11,464.8,492.1,11,464.8,0,0.0,13.82,189
1790964840200,26304,27.4,11,464.8,492.1,11,464.8,0,0.0,13.82,189
1790964842208,26304,27.4,11,464.6,492.0,11,464.6,0,0.0,13.82,189
1790964844214,26304,27.4,11,464.8,492.2,11,464.8,0,0.0,13.82,189
1790964846229,26304,27.4,11,464.9,492.2,11,464.9,0,0.0,13.82,189
1790964848241,26304,27.4,11,486.4,513.8,11,486.4,0,0.0,13.82,189
1790964850256,26304,27.4,11,500.1,527.5,11,500.1,0,0.0,13.82,189
1790964852256,26304,27.4,11,500.0,527.4,11,500.0,0,0.0,13.82,189
1790964854268,26304,27.4,11,471.3,498.7,11,471.3,0,0.0,13.82,189
1790964856274,26304,27.4,11,465.0,492.4,11,465.0,0,0.0,13.82,189
1790964858283,26304,27.4,11,465.1,492.4,11,465.1,0,0.0,13.82,189
1790964860288,26304,27.4,11,463.6,491.0,11,463.6,0,0.0,13.82,189
1790964862302,26304,27.4,11,462.4,489.8,11,462.4,0,0.0,13.82,189
1790964864301,26304,27.3,11,462.4,489.7,11,462.4,0,0.0,13.82,189
1790964866311,26304,27.3,11,461.4,488.7,11,461.4,0,0.0,13.82,189
1790964868312,26304,27.3,11,461.4,488.7,11,461.4,0,0.0,13.82,189
1790964870322,26304,27.3,11,461.5,488.7,11,461.5,0,0.0,13.82,189
1790964872342,26304,27.3,11,461.4,488.7,11,461.4,0,0.0,13.82,189
1790964874351,26304,27.3,11,461.4,488.7,11,461.4,0,0.0,13.82,189
1790964876366,26304,27.3,11,461.4,488.7,11,461.4,0,0.0,13.82,189
1790964878381,26304,27.3,11,461.3,488.6,11,461.3,0,0.0,13.82,189
1790964880391,26304,27.3,11,461.4,488.7,11,461.4,0,0.0,13.82,189
1790964882399,26304,27.3,11,461.4,488.7,11,461.4,0,0.0,13.82,189
1790964884414,26304,27.3,11,461.4,488.7,11,461.4,0,0.0,13.82,189
1790964886415,26304,27.3,11,461.4,488.7,11,461.4,0,0.0,13.82,189
1790964888430,26304,27.3,11,461.3,488.6,11,461.3,0,0.0,13.82,189
1790964890439,26304,27.3,11,461.4,488.6,11,461.4,0,0.0,13.82,189
1790964892461,26304,27.3,11,461.4,488.7,11,461.4,0,0.0,13.82,189
1790964894472,26304,27.3,11,461.4,488.7,11,461.4,0,0.0,13.82,189
1790964896478,26304,27.3,11,466.9,494.2,11,466.9,0,0.0,13.82,189
1790964898477,26304,27.3,11,465.1,492.4,11,465.1,0,0.0,13.82,189
1790964900483,26304,27.3,11,464.7,492.0,11,464.7,0,0.0,13.82,189
1790964902486,26304,27.3,11,463.7,491.0,11,463.7,0,0.0,13.82,189
1790964904491,26304,27.3,11,460.0,487.3,11,460.0,0,0.0,13.82,189
1790964906501,26304,27.3,11,460.0,487.3,11,460.0,0,0.0,13.82,189
1790964908510,26304,27.3,11,483.3,510.6,11,483.3,0,0.0,13.82,189
1790964910519,26304,27.3,11,497.5,524.8,11,497.5,0,0.0,13.82,189
1790964912530,26304,27.3,11,497.4,524.7,11,497.4,0,0.0,13.82,189
1790964914532,26304,27.3,11,467.3,494.6,11,467.3,0,0.0,13.82,189
1790964916537,26304,27.3,11,461.7,489.0,11,461.7,0,0.0,13.82,189
1790964918542,26304,27.3,11,461.7,489.0,11,461.7,0,0.0,13.82,189
1790964920548,26304,27.3,11,461.2,488.5,11,461.2,0,0.0,13.82,189
1790964922569,26304,27.3,11,461.3,488.5,11,461.3,0,0.0,13.82,189
1790964924574,26304,27.3,11,461.2,488.5,11,461.2,0,0.0,13.82,189
1790964926582,26304,27.3,11,461.2,488.5,11,461.2,0,0.0,13.82,189
1790964928596,26304,27.3,11,461.2,488.5,11,461.2,0,0.0,13.82,189
1790964930609,26304,27.3,11,461.3,488.6,11,461.3,0,0.0,13.82,189
1790964932615,26304,27.3,11,461.3,488.6,11,461.3,0,0.0,13.82,189
1790964934625,26304,27.3,11,461.3,488.6,11,461.3,0,0.0,13.82,189
1790964936634,26304,27.3,11,461.3,488.5,11,461.3,0,0.0,13.82,189
1790964938636,26304,27.3,11,461.3,488.6,11,461.3,0,0.0,13.82,189
1790964940641,26304,27.3,11,461.3,488.6,11,461.3,0,0.0,13.82,189
1790964942653,26304,27.3,11,461.3,488.6,11,461.3,0,0.0,13.82,189
1790964944666,26304,27.3,11,461.3,488.6,11,461.3,0,0.0,13.82,189
1790964946679,26304,27.3,11,461.2,488.5,11,461.2,0,0.0,13.82,189
1790964948695,26304,27.3,11,461.2,488.5,11,461.2,0,0.0,13.82,189
1790964950700,26304,27.3,11,461.3,488.6,11,461.3,0,0.0,13.82,189
1790964952723,26304,27.3,11,461.3,488.5,11,461.3,0,0.0,13.82,189
1790964954724,26304,27.3,11,461.3,488.5,11,461.3,0,0.0,13.82,189
1790964956739,26304,27.3,11,461.7,488.9,11,461.7,0,0.0,13.82,189
1790964958751,26304,27.3,11,461.5,488.8,11,461.5,0,0.0,13.82,189
1790964960763,26304,27.3,11,461.9,489.1,11,461.9,0,0.0,13.82,189
1790964962769,26304,27.3,11,461.8,489.1,11,461.8,0,0.0,13.82,189
1790964964777,26304,27.3,11,461.9,489.2,11,461.9,0,0.0,13.82,189
1790964966777,26304,27.3,11,461.8,489.1,11,461.8,0,0.0,13.82,189
1790964968786,26304,27.3,11,498.3,525.6,11,498.3,0,0.0,13.82,189
1790964970787,26304,27.3,11,497.9,525.1,11,497.9,0,0.0,13.82,189
1790964972790,26304,27.3,11,467.8,495.1,11,467.8,0,0.0,13.82,189
1790964974799,26304,27.3,11,468.7,496.0,11,468.7,0,0.0,13.82,189
1790964976810,26304,27.3,11,460.5,487.8,11,460.5,0,0.0,13.82,189
1790964978815,26304,27.3,11,461.1,488.4,11,461.1,0,0.0,13.82,189
1790964980826,26304,27.3,11,461.2,488.5,11,461.2,0,0.0,13.82,189
1790964982827,26304,27.3,11,461.1,488.4,11,461.1,0,0.0,13.82,189
1790964984844,26304,27.3,11,461.2,488.5,11,461.2,0,0.0,13.82,189
1790964986846,26304,27.3,11,460.9,488.1,11,460.9,0,0.0,13.82,189
1790964988858,26304,27.3,11,460.9,488.2,11,460.9,0,0.0,13.82,189
1790964990871,26304,27.3,11,460.9,488.2,11,460.9,0,0.0,13.82,189
1790964992881,26304,27.3,11,460.9,488.2,11,460.9,0,0.0,13.82,189
1790964994888,26304,27.3,11,460.9,488.1,11,460.9,0,0.0,13.82,189
1790964996897,26304,27.3,11,460.9,488.2,11,460.9,0,0.0,13.82,189
1790964998906,26304,27.3,11,466.2,493.5,11,466.2,0,0.0,13.82,189
1790965000927,26304,27.3,11,464.5,491.7,11,464.5,0,0.0,13.82,189
1790965002933,26304,27.3,11,464.3,491.6,11,464.3,0,0.0,13.82,189
1790965004951,26304,27.3,11,464.4,491.7,11,464.4,0,0.0,13.82,189
1790965006952,26304,27.3,11,460.2,487.5,11,460.2,0,0.0,13.82,189
1790965008966,26304,27.3,11,459.9,487.2,11,459.9,0,0.0,13.82,189
1790965010979,26304,27.3,11,459.6,486.9,11,459.6,0,0.0,13.82,189
1790965012995,26304,27.3,11,459.7,487.0,11,459.7,0,0.0,13.82,189
1790965014998,26304,27.3,11,459.7,486.9,11,459.7,0,0.0,13.82,189
1790965017007,26304,27.3,11,460.2,487.5,11,460.2,0,0.0,13.82,189
1790965019011,26304,27.3,11,460.2,487.5,11,460.2,0,0.0,13.82,189
1790965021022,26304,27.3,11,461.2,488.4,11,461.2,0,0.0,13.82,189
1790965023035,26304,27.3,11,461.1,488.3,11,461.1,0,0.0,13.82,189
1790965025046,26304,27.3,11,461.1,488.4,11,461.1,0,0.0,13.82,189
1790965027050,26304,27.3,11,461.1,488.3,11,461.1,0,0.0,13.82,189
1790965029070,26304,27.3,11,498.4,525.7,11,498.4,0,0.0,13.82,189
1790965031075,26304,27.3,11,497.8,525.1,11,497.8,0,0.0,13.82,189
1790965033082,26304,27.3,11,468.9,496.1,11,468.9,0,0.0,13.82,189
1790965035085,26304,27.3,11,468.7,495.9,11,468.7,0,0.0,13.82,189
1790965037088,26304,27.3,11,461.9,489.2,11,461.9,0,0.0,13.82,189
1790965039098,26304,27.3,11,461.8,489.1,11,461.8,0,0.0,13.82,189
1790965041106,26304,27.3,11,461.4,488.7,11,461.4,0,0.0,13.82,189
1790965043127,26304,27.3,11,461.3,488.6,11,461.3,0,0.0,13.82,189
1790965045141,26304,27.3,11,461.4,488.7,11,461.4,0,0.0,13.82,189
1790965047146,26304,27.3,11,461.1,488.4,11,461.1,0,0.0,13.82,189
1790965049152,26304,27.3,11,461.2,488.5,11,461.2,0,0.0,13.82,189
1790965051160,26304,27.3,11,461.1,488.4,11,461.1,0,0.0,13.82,189
1790965053158,26304,27.3,11,461.2,488.5,11,461.2,0,0.0,13.82,189
1790965055175,26304,27.3,11,461.1,488.4,11,461.1,0,0.0,13.82,189
1790965057184,26304,27.3,11,461.2,488.5,11,461.2,0,0.0,13.82,189
1790965059192,26304,27.3,11,461.7,489.0,11,461.7,0,0.0,13.82,189
1790965061207,26304,27.3,11,461.8,489.1,11,461.8,0,0.0,13.82,189
1790965063213,26304,27.3,11,462.0,489.3,11,462.0,0,0.0,13.82,189
1790965065223,26304,27.3,11,462.0,489.3,11,462.0,0,0.0,13.82,189
1790965067237,26304,27.3,11,462.1,489.4,11,462.1,0,0.0,13.82,189
1790965069260,26304,27.3,11,462.0,489.3,11,462.0,0,0.0,13.82,189
1790965071262,26304,27.3,11,462.0,489.3,11,462.0,0,0.0,13.82,189
1790965073269,26304,27.3,11,461.3,488.6,11,461.3,0,0.0,13.82,189
1790965075280,26304,27.3,11,461.3,488.6,11,461.3,0,0.0,13.82,189
1790965077283,26304,27.3,11,461.0,488.2,11,461.0,0,0.0,13.82,189
1790965079304,26304,27.3,11,460.9,488.2,11,460.9,0,0.0,13.82,189
1790965081304,26304,27.3,11,460.9,488.2,11,460.9,0,0.0,13.82,189
1790965083312,26304,27.3,11,461.1,488.4,11,461.1,0,0.0,13.82,189
1790965085316,26304,27.3,11,461.2,488.4,11,461.2,0,0.0,13.82,189
1790965087319,26304,27.3,11,461.2,488.4,11,461.2,0,0.0,13.82,189
1790965089333,26304,27.3,11,497.6,524.9,11,497.6,0,0.0,13.82,189
1790965091336,26304,27.3,11,497.3,524.6,11,497.3,0,0.0,13.82,189
1790965093346,26304,27.3,11,468.9,496.2,11,468.9,0,0.0,13.82,189
1790965095351,26304,27.3,11,468.9,496.2,11,468.9,0,0.0,13.82,189
1790965097363,26304,27.3,11,461.0,488.3,11,461.0,0,0.0,13.82,189
1790965099375,26304,27.3,11,461.0,488.3,11,461.0,0,0.0,13.82,189
1790965101387,26304,27.3,11,466.5,493.8,11,466.5,0,0.0,13.82,189
1790965103388,26304,27.3,11,464.3,491.6,11,464.3,0,0.0,13.82,189
1790965105394,26304,27.3,11,464.3,491.6,11,464.3,0,0.0,13.82,189
1790965107394,26304,27.3,11,463.7,491.0,11,463.7,0,0.0,13.82,189
1790965109407,26304,27.3,11,459.5,486.8,11,459.5,0,0.0,13.82,189
1790965111421,26304,27.3,11,459.5,486.8,11,459.5,0,0.0,13.82,189
1790965113422,26304,27.3,11,459.5,486.8,11,459.5,0,0.0,13.82,189
1790965115421,26304,27.3,11,459.5,486.8,11,459.5,0,0.0,13.82,189
1790965117444,26304,27.3,11,459.5,486.8,11,459.5,0,0.0,13.82,189
1790965119454,26304,27.3,11,460.2,487.4,11,460.2,0,0.0,13.82,189
1790965121468,26304,27.3,11,460.2,487.5,11,460.2,0,0.0,13.82,189
1790965123471,26304,27.3,11,461.0,488.3,11,461.0,0,0.0,13.82,189
1790965125474,26304,27.3,11,461.0,488.3,11,461.0,0,0.0,13.82,189
1790965127486,26304,27.3,11,461.0,488.3,11,461.0,0,0.0,13.82,189
1790965129490,26304,27.3,11,461.1,488.3,11,461.1,0,0.0,13.82,189
1790965131506,26304,27.3,11,460.9,488.2,11,460.9,0,0.0,13.82,189
1790965133511,26304,27.3,11,460.9,488.2,11,460.9,0,0.0,13.82,189
1790965135512,26304,27.3,11,460.9,488.1,11,460.9,0,0.0,13.82,189
1790965137524,26304,27.3,11,460.7,488.0,11,460.7,0,0.0,13.82,189
1790965139540,26304,27.3,11,460.7,488.0,11,460.7,0,0.0,13.82,189
1790965141544,26304,27.3,11,460.7,488.0,11,460.7,0,0.0,13.82,189
1790965143557,26304,27.3,11,460.9,488.2,11,460.9,0,0.0,13.82,189
1790965145560,26304,27.3,11,460.9,488.2,11,460.9,0,0.0,13.82,189
1790965147568,26304,27.3,11,460.9,488.2,11,460.9,0,0.0,13.82,189
1790965149573,26304,27.3,11,498.8,526.1,11,498.8,0,0.0,13.82,189
1790965151588,26304,27.3,11,498.5,525.8,11,498.5,0,0.0,13.82,189
1790965153601,26304,27.3,11,468.6,495.9,11,468.6,0,0.0,13.82,189
1790965155609,26304,27.3,11,468.5,495.8,11,468.5,0,0.0,13.82,189
1790965157611,26304,27.3,11,462.2,489.5,11,462.2,0,0.0,13.82,189
1790965159625,26304,27.3,11,461.0,488.3,11,461.0,0,0.0,13.82,189
1790965161634,26304,27.3,11,461.7,489.0,11,461.7,0,0.0,13.82,189
1790965163652,26304,27.3,11,461.7,489.0,11,461.7,0,0.0,13.82,189
1790965165668,26304,27.3,11,461.7,489.0,11,461.7,0,0.0,13.82,189
1790965167675,26304,27.3,11,461.6,488.9,11,461.6,0,0.0,13.82,189
1790965169678,26304,27.3,11,461.6,488.9,11,461.6,0,0.0,13.82,189
1790965171681,26304,27.3,11,461.6,488.8,11,461.6,0,0.0,13.82,189
1790965173687,26304,27.3,11,460.2,487.5,11,460.2,0,0.0,13.82,189
1790965175703,26304,27.3,11,460.2,487.5,11,460.2,0,0.0,13.82,189
1790965177705,26304,27.3,11,460.5,487.8,11,460.5,0,0.0,13.82,189
1790965179713,26304,27.3,11,460.3,487.6,11,460.3,0,0.0,13.82,189
1790965181725,26304,27.3,11,460.3,487.6,11,460.3,0,0.0,13.82,189
1790965183735,26304,27.3,11,461.0,488.2,11,461.0,0,0.0,13.82,189
1790965185734,26304,27.3,11,461.0,488.3,11,461.0,0,0.0,13.82,189
1790965187751,26304,27.3,11,461.0,488.3,11,461.0,0,0.0,13.82,189
1790965189765,26304,27.3,11,461.1,488.3,11,461.1,0,0.0,13.82,189
1790965191766,26304,27.3,11,461.0,488.3,11,461.0,0,0.0,13.82,189
1790965193778,26304,27.3,11,461.1,488.4,11,461.1,0,0.0,13.82,189
1790965195779,26304,27.3,11,461.1,488.4,11,461.1,0,0.0,13.82,189
1790965197793,26304,27.3,11,461.1,488.4,11,461.1,0,0.0,13.82,189
1790965199799,26304,27.3,11,461.1,488.4,11,461.1,0,0.0,13.82,189
1790965201809,26304,27.3,11,461.1,488.4,11,461.1,0,0.0,13.82,189
1790965203815,26304,27.3,11,466.3,493.6,11,466.3,0,0.0,13.82,189
1790965205813,26304,27.3,11,464.5,491.8,11,464.5,0,0.0,13.82,189
1790965207826,26304,27.3,11,464.2,491.5,11,464.2,0,0.0,13.82,189
1790965209840,26304,27.3,11,497.4,524.7,11,497.4,0,0.0,13.82,189
1790965211854,26304,27.3,11,500.1,527.4,11,500.1,0,0.0,13.82,189
1790965213858,26304,27.3,11,471.6,498.9,11,471.6,0,0.0,13.82,189
1790965215859,26304,27.3,11,471.6,498.9,11,471.6,0,0.0,13.82,189
1790965217871,26304,27.3,11,463.8,491.1,11,463.8,0,0.0,13.82,189
1790965219887,26304,27.3,11,463.8,491.1,11,463.8,0,0.0,13.82,189
1790965221901,26304,27.3,11,464.5,491.8,11,464.5,0,0.0,13.82,189
1790965223903,26304,27.3,11,464.5,491.8,11,464.5,0,0.0,13.82,189
1790965225903,26304,27.3,11,465.2,492.5,11,465.2,0,0.0,13.82,189
1790965227929,26304,27.3,11,464.8,492.1,11,464.8,0,0.0,13.82,189
1790965229937,26304,27.3,11,464.8,492.1,11,464.8,0,0.0,13.82,189
1790965231948,26304,27.3,11,464.8,492.1,11,464.8,0,0.0,13.82,189
1790965233950,26304,27.3,11,464.8,492.1,11,464.8,0,0.0,13.82,189
1790965235956,26304,27.3,11,464.8,492.1,11,464.8,0,0.0,13.82,189
1790965237965,26304,27.3,11,464.9,492.2,11,464.9,0,0.0,13.82,189
1790965239966,26304,27.3,11,464.8,492.1,11,464.8,0,0.0,13.82,189
1790965241970,26304,27.3,11,464.9,492.2,11,464.9,0,0.0,13.82,189
1790965243982,26304,27.3,11,464.9,492.2,11,464.9,0,0.0,13.82,189
1790965245992,26304,27.3,11,464.9,492.2,11,464.9,0,0.0,13.82,189
1790965248000,26304,27.3,11,464.9,492.2,11,464.9,0,0.0,13.82,189
1790965250015,26304,27.3,11,464.9,492.2,11,464.9,0,0.0,13.82,189
1790965252032,26304,27.3,11,464.9,492.2,11,464.9,0,0.0,13.82,189
1790965254037,26304,27.3,11,464.9,492.2,11,464.9,0,0.0,13.82,189
1790965256037,26304,27.3,11,464.4,491.7,11,464.4,0,0.0,13.82,189
1790965258040,26304,27.3,11,464.3,491.6,11,464.3,0,0.0,13.82,189
1790965260052,26304,27.3,11,464.3,491.5,11,464.3,0,0.0,13.82,189
1790965262065,26304,27.3,11,464.3,491.5,11,464.3,0,0.0,13.82,189
1790965264077,26304,27.3,11,465.0,492.3,11,465.0,0,0.0,13.82,189
1790965266075,26304,27.3,11,465.0,492.3,11,465.0,0,0.0,13.82,189
1790965268083,26304,27.3,11,465.1,492.4,11,465.1,0,0.0,13.82,189
1790965270095,26304,27.3,11,498.4,525.7,11,498.4,0,0.0,13.82,189
1790965272110,26304,27.3,11,498.2,525.4,11,498.2,0,0.0,13.82,189
1790965274112,26304,27.3,11,469.3,496.6,11,469.3,0,0.0,13.82,189
1790965276135,26304,27.3,11,469.2,496.5,11,469.2,0,0.0,13.82,189
1790965278141,26304,27.3,11,461.9,489.1,11,461.9,0,0.0,13.82,189
1790965280144,26304,27.3,11,460.5,487.8,11,460.5,0,0.0,13.82,189
1790965282148,26304,27.3,11,460.6,487.9,11,460.6,0,0.0,13.82,189
1790965284158,26304,27.3,11,460.6,487.9,11,460.6,0,0.0,13.82,189
1790965286166,26304,27.3,11,461.0,488.3,11,461.0,0,0.0,13.82,189
1790965288171,26304,27.3,11,461.2,488.5,11,461.2,0,0.0,13.82,189
1790965290195,26304,27.3,11,461.2,488.5,11,461.2,0,0.0,13.82,189
1790965292207,26304,27.3,11,461.2,488.5,11,461.2,0,0.0,13.82,189
1790965294222,26304,27.3,11,461.2,488.5,11,461.2,0,0.0,13.82,189
1790965296226,26304,27.3,11,461.2,488.5,11,461.2,0,0.0,13.82,189
1790965298236,26304,27.3,11,461.2,488.5,11,461.2,0,0.0,13.82,189
1790965300250,26304,27.3,11,461.2,488.4,11,461.2,0,0.0,13.82,189
1790965302258,26304,27.3,11,461.2,488.5,11,461.2,0,0.0,13.82,189
1790965304262,26304,27.3,11,461.2,488.5,11,461.2,0,0.0,13.82,189
1790965306275,26304,27.3,11,466.7,494.0,11,466.7,0,0.0,13.82,189
1790965308292,26304,27.3,11,464.5,491.7,11,464.5,0,0.0,13.82,189
1790965310303,26304,27.3,11,464.1,491.4,11,464.1,0,0.0,13.82,189
1790965312310,26304,27.3,11,463.5,490.8,11,463.5,0,0.0,13.82,189
1790965314312,26304,27.3,11,459.8,487.1,11,459.8,0,0.0,13.82,189
1790965316324,26304,27.3,11,459.6,486.9,11,459.6,0,0.0,13.82,189
1790965318331,26304,27.3,11,459.6,486.9,11,459.6,0,0.0,13.82,189
1790965320349,26304,27.3,11,459.6,486.9,11,459.6,0,0.0,13.82,189
1790965322362,26304,27.3,11,466.4,493.6,11,466.4,0,0.0,13.82,189
1790965324366,26304,27.3,11,465.8,493.1,11,465.8,0,0.0,13.82,189
1790965326375,26304,27.3,11,465.6,492.9,11,465.6,0,0.0,13.82,189
1790965328392,26304,27.3,11,484.4,511.7,11,484.4,0,0.0,13.82,189
1790965330414,26304,27.1,11,496.7,523.8,11,496.7,0,0.0,13.82,189
1790965332427,26304,27.1,11,479.9,507.0,11,479.9,0,0.0,13.82,189
1790965334428,26304,27.1,11,470.6,497.7,11,470.6,0,0.0,13.82,189
1790965336432,26304,27.1,11,461.6,488.7,11,461.6,0,0.0,13.82,189
1790965338447,26304,27.1,11,460.4,487.5,11,460.4,0,0.0,13.82,189
1790965340456,26304,27.1,11,460.4,487.5,11,460.4,0,0.0,13.82,189
1790965342477,26304,27.1,11,460.4,487.5,11,460.4,0,0.0,13.82,189
1790965344479,26304,27.1,11,461.3,488.4,11,461.3,0,0.0,13.82,189
1790965346495,26304,27.1,11,461.0,488.1,11,461.0,0,0.0,13.82,189
1790965348508,26304,27.1,11,461.2,488.3,11,461.2,0,0.0,13.82,189
1790965350525,26304,27.1,11,461.2,488.3,11,461.2,0,0.0,13.82,189
1790965352540,26304,27.1,11,461.2,488.3,11,461.2,0,0.0,13.82,189
1790965354553,26304,27.1,11,461.2,488.3,11,461.2,0,0.0,13.82,189
1790965356556,26304,27.1,11,461.2,488.3,11,461.2,0,0.0,13.82,189
1790965358565,26304,27.1,11,461.2,488.3,11,461.2,0,0.0,13.82,189
1790965360592,26304,27.1,11,461.2,488.3,11,461.2,0,0.0,13.82,189
1790965362598,26304,27.1,11,461.0,488.1,11,461.0,0,0.0,13.82,189
1790965364607,26304,27.1,11,461.0,488.1,11,461.0,0,0.0,13.82,189
1790965366621,26304,27.1,11,461.8,488.9,11,461.8,0,0.0,13.82,189
1790965368623,26304,27.1,11,461.9,489.0,11,461.9,0,0.0,13.82,189
1790965370626,26304,27.1,11,462.1,489.2,11,462.1,0,0.0,13.82,189
1790965372624,26304,27.1,11,462.1,489.2,11,462.1,0,0.0,13.82,189
1790965374626,26304,27.1,11,462.1,489.2,11,462.1,0,0.0,13.82,189
1790965376632,26304,27.1,11,461.8,488.9,11,461.8,0,0.0,13.82,189
1790965378641,26304,27.1,11,461.8,488.9,11,461.8,0,0.0,13.82,189
1790965380644,26304,27.1,11,461.8,489.0,11,461.8,0,0.0,13.82,189
1790965382657,26304,27.1,11,461.2,488.3,11,461.2,0,0.0,13.82,189
1790965384672,26304,27.1,11,461.2,488.3,11,461.2,0,0.0,13.82,189
1790965386674,26304,27.1,11,460.9,488.0,11,460.9,0,0.0,13.82,189
1790965388674,26304,27.1,11,497.1,524.2,11,497.1,0,0.0,13.82,189
1790965390677,26304,27.1,11,497.1,524.2,11,497.1,0,0.0,13.82,189
1790965392693,26304,27.1,11,480.3,507.4,11,480.3,0,0.0,13.82,189
1790965394707,26304,27.1,11,470.3,497.4,11,470.3,0,0.0,13.82,189
1790965396707,26304,27.1,11,462.4,489.5,11,462.4,0,0.0,13.82,189
1790965398723,26304,27.1,11,462.3,489.4,11,462.3,0,0.0,13.82,189
1790965400730,26304,27.1,11,461.1,488.2,11,461.1,0,0.0,13.82,189
1790965402756,26304,27.1,11,461.1,488.2,11,461.1,0,0.0,13.82,189
1790965404764,26304,27.1,11,461.0,488.1,11,461.0,0,0.0,13.82,189
1790965406771,26304,27.1,11,461.0,488.1,11,461.0,0,0.0,13.82,189
1790965408782,26304,27.1,11,466.9,494.1,11,466.9,0,0.0,13.82,189
1790965410793,26304,27.1,11,465.1,492.2,11,465.1,0,0.0,13.82,189
1790965412807,26304,27.1,11,464.7,491.8,11,464.7,0,0.0,13.82,189
1790965414809,26304,27.1,11,464.4,491.5,11,464.4,0,0.0,13.82,189
1790965416813,26304,27.1,11,460.7,487.9,11,460.7,0,0.0,13.82,189
1790965418829,26304,27.1,11,460.1,487.2,11,460.1,0,0.0,13.82,189
1790965420834,26304,27.1,11,459.8,486.9,11,459.8,0,0.0,13.82,189
1790965422846,26304,27.1,11,459.5,486.6,11,459.5,0,0.0,13.82,189
1790965424861,26304,27.1,11,459.5,486.6,11,459.5,0,0.0,13.82,189
1790965426865,26304,27.1,11,460.2,487.3,11,460.2,0,0.0,13.82,189
1790965428871,26304,27.1,11,461.0,488.1,11,461.0,0,0.0,13.82,189
1790965430887,26304,27.1,11,461.0,488.2,11,461.0,0,0.0,13.82,189
1790965432892,26304,27.1,11,461.0,488.1,11,461.0,0,0.0,13.82,189
1790965434893,26304,27.1,11,461.0,488.2,11,461.0,0,0.0,13.82,189
1790965436894,26304,27.1,11,460.9,488.0,11,460.9,0,0.0,13.82,189
1790965438897,26304,27.1,11,460.8,487.9,11,460.8,0,0.0,13.82,189
1790965440911,26304,27.1,11,460.8,487.9,11,460.8,0,0.0,13.82,189
1790965442924,26304,27.1,11,460.8,487.9,11,460.8,0,0.0,13.82,189
1790965444930,26304,27.1,11,460.8,487.9,11,460.8,0,0.0,13.82,189
1790965446945,26304,27.1,11,460.9,488.0,11,460.9,0,0.0,13.82,189
1790965448963,26304,27.1,11,496.3,523.5,11,496.3,0,0.0,13.82,189
1790965450973,26304,27.1,11,496.3,523.4,11,496.3,0,0.0,13.82,189
1790965452988,26304,27.1,11,480.7,507.8,11,480.7,0,0.0,13.82,189
1790965455008,26304,27.1,11,468.9,496.1,11,468.9,0,0.0,13.82,189
1790965457008,26304,27.1,11,462.3,489.4,11,462.3,0,0.0,13.82,189
1790965459026,26304,27.1,11,461.1,488.2,11,461.1,0,0.0,13.82,189
1790965461040,26304,27.1,11,461.1,488.2,11,461.1,0,0.0,13.82,189
1790965463056,26304,27.1,11,461.1,488.2,11,461.1,0,0.0,13.82,189
1790965465054,26304,27.1,11,461.1,488.3,11,461.1,0,0.0,13.82,189
1790965467066,26304,27.1,11,461.1,488.2,11,461.1,0,0.0,13.82,189
1790965469086,26304,27.1,11,461.8,488.9,11,461.8,0,0.0,13.82,189
1790965471094,26304,27.1,11,461.8,488.9,11,461.8,0,0.0,13.82,189
1790965473104,26304,27.1,11,461.9,489.0,11,461.9,0,0.0,13.82,189
1790965475105,26304,27.1,11,461.9,489.0,11,461.9,0,0.0,13.82,189
1790965477108,26304,27.1,11,461.9,489.0,11,461.9,0,0.0,13.82,189
1790965479112,26304,27.1,11,461.9,489.0,11,461.9,0,0.0,13.82,189
1790965481129,26304,27.1,11,460.9,488.0,11,460.9,0,0.0,13.82,189
1790965483138,26304,27.1,11,460.9,488.0,11,460.9,0,0.0,13.82,189
1790965485161,26304,27.1,11,460.9,488.1,11,460.9,0,0.0,13.82,189
1790965487164,26304,27.1,11,460.9,488.1,11,460.9,0,0.0,13.82,189
1790965489170,26304,27.1,11,460.9,488.1,11,460.9,0,0.0,13.82,189
1790965491174,26304,27.1,11,460.9,488.0,11,460.9,0,0.0,13.82,189
1790965493175,26304,27.1,11,461.1,488.2,11,461.1,0,0.0,13.82,189
1790965495178,26304,27.1,11,461.1,488.2,11,461.1,0,0.0,13.82,189
1790965497183,26304,27.1,11,461.1,488.2,11,461.1,0,0.0,13.82,189
1790965499191,26304,27.1,11,461.1,488.2,11,461.1,0,0.0,13.82,189
1790965501210,26304,27.1,11,461.0,488.1,11,461.0,0,0.0,13.82,189
1790965503222,26304,27.1,11,461.1,488.2,11,461.1,0,0.0,13.82,189
1790965505235,26304,27.1,11,461.1,488.2,11,461.1,0,0.0,13.82,189
1790965507236,26304,27.1,11,461.1,488.2,11,461.1,0,0.0,13.82,189
1790965509238,26304,27.1,11,495.8,522.9,11,495.8,0,0.0,13.82,189
1790965511248,26304,27.1,11,495.8,522.9,11,495.8,0,0.0,13.82,189
1790965513255,26304,27.1,11,485.4,512.6,11,485.4,0,0.0,13.82,189
1790965515269,26304,27.1,11,472.7,499.8,11,472.7,0,0.0,13.82,189
1790965517279,26304,27.1,11,466.2,493.3,11,466.2,0,0.0,13.82,189
1790965519279,26304,27.1,11,459.8,487.0,11,459.8,0,0.0,13.82,189
1790965521288,26304,27.1,11,459.8,487.0,11,459.8,0,0.0,13.82,189
1790965523288,26304,27.1,11,459.7,486.8,11,459.7,0,0.0,13.82,189
1790965525299,26304,27.1,11,459.9,487.0,11,459.9,0,0.0,13.82,189
1790965527321,26304,27.1,11,459.8,486.9,11,459.8,0,0.0,13.82,189
1790965529330,26304,27.1,11,460.6,487.7,11,460.6,0,0.0,13.82,189
1790965531332,26304,27.1,11,461.2,488.3,11,461.2,0,0.0,13.82,189
1790965533340,26304,27.1,11,461.3,488.4,11,461.3,0,0.0,13.82,189
1790965535354,26304,27.1,11,461.2,488.3,11,461.2,0,0.0,13.82,189
1790965537358,26304,27.1,11,461.3,488.4,11,461.3,0,0.0,13.82,189
1790965539363,26304,27.1,11,461.2,488.3,11,461.2,0,0.0,13.82,189
1790965541385,26304,27.1,11,461.3,488.4,11,461.3,0,0.0,13.82,189
1790965543392,26304,27.1,11,461.2,488.3,11,461.2,0,0.0,13.82,189
1790965545407,26304,27.1,11,461.3,488.5,11,461.3,0,0.0,13.82,189
1790965547411,26304,27.1,11,461.3,488.4,11,461.3,0,0.0,13.82,189
1790965549420,26304,27.1,11,461.4,488.5,11,461.4,0,0.0,13.82,189
1790965551421,26304,27.1,11,461.3,488.4,11,461.3,0,0.0,13.82,189
1790965553424,26304,27.1,11,461.4,488.5,11,461.4,0,0.0,13.82,189
1790965555424,26304,27.1,11,461.3,488.4,11,461.3,0,0.0,13.82,189
1790965557434,26304,27.1,11,461.4,488.5,11,461.4,0,0.0,13.82,189
1790965559440,26304,27.1,11,461.2,488.3,11,461.2,0,0.0,13.82,189
1790965561459,26304,27.1,11,461.3,488.5,11,461.3,0,0.0,13.82,189
1790965563468,26304,27.1,11,461.2,488.4,11,461.2,0,0.0,13.82,189
1790965565476,26304,27.1,11,461.3,488.4,11,461.3,0,0.0,13.82,189
1790965567477,26304,27.1,11,461.2,488.4,11,461.2,0,0.0,13.82,189
1790965569483,26304,27.1,11,497.1,524.2,11,497.1,0,0.0,13.82,189
1790965571498,26304,27.1,11,496.4,523.6,11,496.4,0,0.0,13.82,189
1790965573506,26304,27.1,11,471.2,498.3,11,471.2,0,0.0,13.82,189
1790965575511,26304,27.1,11,471.2,498.3,11,471.2,0,0.0,13.82,189
1790965577516,26304,27.1,11,464.8,491.9,11,464.8,0,0.0,13.82,189
1790965579526,26304,27.1,11,462.0,489.1,11,462.0,0,0.0,13.82,189
1790965581542,26304,27.1,11,462.1,489.2,11,462.1,0,0.0,13.82,189
1790965583551,26304,27.1,11,461.3,488.4,11,461.3,0,0.0,13.82,189
1790965585551,26304,27.1,11,461.4,488.5,11,461.4,0,0.0,13.82,189
1790965587565,26304,27.1,11,461.3,488.5,11,461.3,0,0.0,13.82,189
1790965589572,26304,27.1,11,461.5,488.6,11,461.5,0,0.0,13.82,189
1790965591582,26304,27.1,11,461.5,488.6,11,461.5,0,0.0,13.82,189
1790965593586,26304,27.1,11,461.4,488.5,11,461.4,0,0.0,13.82,189
1790965595591,26304,27.1,11,461.3,488.5,11,461.3,0,0.0,13.82,189
1790965597601,26304,27.1,11,461.4,488.5,11,461.4,0,0.0,13.82,189
1790965599609,26304,27.1,11,461.3,488.5,11,461.3,0,0.0,13.82,189
1790965601619,26304,27.1,11,461.4,488.5,11,461.4,0,0.0,13.82,189
1790965603635,26304,27.1,11,461.3,488.4,11,461.3,0,0.0,13.82,189
1790965605642,26304,27.1,11,461.4,488.5,11,461.4,0,0.0,13.82,189
1790965607652,26304,27.1,11,461.3,488.4,11,461.3,0,0.0,13.82,189
1790965609657,26304,27.1,11,461.4,488.6,11,461.4,0,0.0,13.82,189
1790965611664,26304,27.1,11,461.3,488.5,11,461.3,0,0.0,13.82,189
1790965613675,26304,27.1,11,467.0,494.1,11,467.0,0,0.0,13.82,189
1790965615682,26304,27.1,11,464.7,491.8,11,464.7,0,0.0,13.82,189
1790965617688,26304,27.1,11,464.3,491.4,11,464.3,0,0.0,13.82,189
1790965619704,26304,27.1,11,464.3,491.4,11,464.3,0,0.0,13.82,189
1790965621709,26304,27.1,11,459.8,486.9,11,459.8,0,0.0,13.82,189
1790965623716,26304,27.1,11,459.7,486.8,11,459.7,0,0.0,13.82,189
1790965625719,26304,27.1,11,459.8,486.9,11,459.8,0,0.0,13.82,189
1790965627721,26304,27.1,11,459.7,486.8,11,459.7,0,0.0,13.82,189
