ts,host_pid,host_alive,host_private_mb,host_ws_mb,wv_count,wv_private_mb,wv_ws_mb,total_private_mb,explorer_pid,explorer_gdi,explorer_user,explorer_gdi_peak,explorer_user_peak,out_png,backup_files,superseded_backups,state_phase,applied_count,redraw_count,locked,input_desktop,idle_s,gap_s
2026-10-03T18:08:37+08:00,58768,True,12.4,46.4,11,438.7,677.2,451.1,104556,994,698,1040,717,2,2,0,taken_over,2,1,False,True,480,0
2026-10-03T18:09:37+08:00,58768,True,12.3,46.4,11,452.2,708.0,464.5,104556,994,697,1040,717,2,2,0,taken_over,2,1,False,True,540,60
2026-10-03T18:10:37+08:00,58768,True,12.3,46.4,11,451.5,708.6,463.8,104556,994,698,1040,717,2,2,0,taken_over,2,1,False,True,600,60
2026-10-03T18:11:37+08:00,58768,True,12.3,46.4,11,456.3,711.8,468.6,104556,994,698,1040,717,2,2,0,taken_over,2,1,False,True,660,60
2026-10-03T18:12:37+08:00,58768,True,12.3,46.4,11,454.4,716.0,466.7,104556,994,698,1040,717,2,2,0,taken_over,2,1,False,True,720,60
2026-10-03T18:13:37+08:00,58768,True,12.4,46.6,11,455.5,718.8,467.8,104556,994,697,1040,717,2,2,0,taken_over,2,1,False,True,780,60
2026-10-03T18:14:37+08:00,58768,True,12.4,46.7,11,455.8,719.6,468.2,104556,994,698,1040,717,2,2,0,taken_over,2,1,False,True,840,60
2026-10-03T18:15:37+08:00,58768,True,12.3,46.6,11,455.8,720.3,468.1,104556,994,698,1040,717,4,2,0,taken_over,4,2,False,True,900,60
2026-10-03T18:16:37+08:00,58768,True,12.3,46.6,11,456.5,720.6,468.8,104556,994,702,1040,717,4,2,0,taken_over,4,2,False,True,961,60
2026-10-03T18:17:37+08:00,58768,True,12.3,46.6,11,457.4,721.8,469.6,104556,994,698,1040,717,4,2,0,taken_over,4,2,False,True,1020,60
2026-10-03T18:18:37+08:00,58768,True,12.3,46.6,11,459.5,725.0,471.8,104556,994,699,1040,717,4,2,0,taken_over,4,2,False,True,1081,60
2026-10-03T18:19:38+08:00,58768,True,12.3,46.6,11,459.3,724.0,471.6,104556,994,698,1040,717,4,2,0,taken_over,4,2,False,True,1141,60
2026-10-03T18:20:37+08:00,58768,True,12.3,46.6,11,458.1,723.4,470.4,104556,994,696,1040,717,4,2,0,taken_over,4,2,False,True,1201,60
2026-10-03T18:21:37+08:00,58768,True,12.3,46.6,11,458.2,723.4,470.6,104556,994,696,1040,717,4,2,0,taken_over,4,2,False,True,1261,60
2026-10-03T18:22:37+08:00,58768,True,12.3,46.6,11,458.2,723.4,470.5,104556,994,696,1040,717,4,2,0,taken_over,4,2,False,True,1321,60
2026-10-03T18:23:38+08:00,58768,True,12.3,46.6,11,462.5,723.3,474.8,104556,994,696,1040,717,4,2,0,taken_over,4,2,False,True,1381,60
2026-10-03T18:24:37+08:00,58768,True,12.3,46.6,11,463.5,726.2,475.8,104556,994,696,1040,717,4,2,0,taken_over,4,2,False,True,1441,60
2026-10-03T18:25:37+08:00,58768,True,12.3,46.6,11,458.3,721.9,470.6,104556,994,696,1040,717,4,2,0,taken_over,4,2,False,True,1501,60
2026-10-03T18:26:37+08:00,58768,True,12.3,46.6,11,458.3,722.0,470.5,104556,994,696,1040,717,4,2,0,taken_over,4,2,False,True,1561,60
2026-10-03T18:27:37+08:00,58768,True,12.3,46.6,11,458.7,722.1,471.0,104556,994,696,1040,717,4,2,0,taken_over,4,2,False,True,1621,60
2026-10-03T18:28:37+08:00,58768,True,12.3,46.6,11,464.1,723.2,476.4,104556,994,706,1040,717,4,2,0,taken_over,4,2,False,True,1681,60
2026-10-03T18:29:38+08:00,58768,True,12.3,46.6,11,460.3,722.7,472.6,104556,994,701,1040,717,4,2,0,taken_over,4,2,False,True,1741,60
2026-10-03T18:30:37+08:00,58768,True,12.6,46.9,11,458.3,722.5,470.9,104556,994,705,1040,717,4,2,0,taken_over,6,3,False,True,1801,60
2026-10-03T18:31:37+08:00,58768,True,12.6,46.9,11,459.1,722.3,471.7,104556,994,699,1040,717,4,2,0,taken_over,6,3,False,True,1861,60
2026-10-03T18:32:37+08:00,58768,True,12.6,46.9,11,462.6,725.8,475.2,104556,994,697,1040,717,4,2,0,taken_over,6,3,False,True,1921,60
2026-10-03T18:33:37+08:00,58768,True,12.6,46.9,11,459.6,722.7,472.2,104556,994,696,1040,717,4,2,0,taken_over,6,3,False,True,1981,60
2026-10-03T18:34:37+08:00,58768,True,12.6,46.9,11,459.3,722.5,471.9,104556,994,696,1040,717,4,2,0,taken_over,6,3,False,True,2041,60
2026-10-03T18:35:37+08:00,58768,True,12.6,46.9,11,458.7,723.9,471.3,104556,994,696,1040,717,4,2,0,taken_over,6,3,False,True,2101,60
2026-10-03T18:36:37+08:00,58768,True,12.2,46.5,11,460.1,723.2,472.3,104556,994,696,1040,717,4,2,0,taken_over,6,3,False,True,2161,60
2026-10-03T18:37:37+08:00,58768,True,12.2,46.5,11,459.5,723.3,471.6,104556,1000,707,1040,717,4,2,0,taken_over,6,3,False,True,2221,60
2026-10-03T18:38:37+08:00,58768,True,12.2,46.5,11,459.4,723.4,471.6,104556,994,706,1040,717,4,2,0,taken_over,6,3,False,True,2281,60
2026-10-03T18:39:37+08:00,58768,True,12.2,46.5,11,459.3,723.4,471.5,104556,994,702,1040,717,4,2,0,taken_over,6,3,False,True,2341,60
2026-10-03T18:40:37+08:00,58768,True,12.2,46.5,11,462.4,724.1,474.6,104556,994,698,1040,717,4,2,0,taken_over,6,3,False,True,2401,60
2026-10-03T18:41:37+08:00,58768,True,12.2,46.5,11,459.9,723.5,472.1,104556,994,703,1040,717,4,2,0,taken_over,6,3,False,True,2461,60
2026-10-03T18:42:37+08:00,58768,True,12.2,46.5,11,458.2,723.3,470.4,104556,994,697,1040,717,4,2,0,taken_over,6,3,False,True,2521,60
2026-10-03T18:43:37+08:00,58768,True,12.2,46.5,11,459.1,723.3,471.3,104556,994,697,1040,717,4,2,0,taken_over,6,3,False,True,2581,60
2026-10-03T18:44:37+08:00,58768,True,12.2,46.5,11,459.1,723.3,471.3,104556,994,696,1040,717,4,2,0,taken_over,6,3,False,True,2641,60
2026-10-03T18:45:37+08:00,58768,True,13.0,47.2,11,459.2,723.4,472.2,104556,994,696,1040,717,4,2,0,taken_over,8,4,False,True,2701,60
2026-10-03T18:46:38+08:00,58768,True,13.0,47.2,11,459.3,723.4,472.3,104556,994,696,1040,717,4,2,0,taken_over,8,4,False,True,2761,60
2026-10-03T18:47:37+08:00,58768,True,13.0,47.2,11,459.3,724.8,472.3,104556,994,696,1040,717,4,2,0,taken_over,8,4,False,True,2821,60
2026-10-03T18:48:38+08:00,58768,True,13.0,47.2,11,457.7,723.9,470.7,104556,994,696,1040,717,4,2,0,taken_over,8,4,False,True,2881,60
2026-10-03T18:49:38+08:00,58768,True,13.0,47.2,11,458.2,724.2,471.2,104556,994,696,1040,717,4,2,0,taken_over,8,4,False,True,2941,60
2026-10-03T18:50:37+08:00,58768,True,13.0,47.2,11,458.5,724.6,471.5,104556,994,703,1040,717,4,2,0,taken_over,8,4,False,True,3001,60
2026-10-03T18:51:37+08:00,58768,True,13.0,47.2,11,458.6,724.6,471.6,104556,994,699,1040,717,4,2,0,taken_over,8,4,False,True,3061,60
2026-10-03T18:52:37+08:00,58768,True,14.0,47.2,11,465.9,729.2,479.9,104556,994,699,1040,717,4,2,0,taken_over,8,4,False,True,3121,60
2026-10-03T18:53:37+08:00,58768,True,14.0,47.2,11,460.0,725.5,474.0,104556,994,697,1040,717,4,2,0,taken_over,8,4,False,True,3181,60
2026-10-03T18:54:37+08:00,58768,True,14.0,47.2,11,458.8,724.9,472.7,104556,994,700,1040,717,4,2,0,taken_over,8,4,False,True,3241,60
2026-10-03T18:55:37+08:00,58768,True,14.0,47.2,11,458.8,724.9,472.8,104556,994,703,1040,717,4,2,0,taken_over,8,4,False,True,3301,60
2026-10-03T18:56:38+08:00,58768,True,14.0,47.2,11,458.8,725.0,472.8,104556,1000,707,1040,717,4,2,0,taken_over,8,4,False,True,3361,60
2026-10-03T18:57:37+08:00,58768,True,14.0,47.2,11,458.6,724.8,472.6,104556,994,700,1040,717,4,2,0,taken_over,8,4,False,True,3421,60
2026-10-03T18:58:38+08:00,58768,True,14.0,47.2,11,458.7,725.0,472.7,104556,994,700,1040,717,4,2,0,taken_over,8,4,False,True,3481,60
2026-10-03T18:59:38+08:00,58768,True,14.0,47.2,11,457.4,725.0,471.4,104556,994,697,1040,717,4,2,0,taken_over,8,4,False,True,3541,60
2026-10-03T19:00:37+08:00,58768,True,13.9,47.0,11,459.0,724.8,472.9,104556,994,696,1040,717,4,2,0,taken_over,10,5,False,True,3601,60
2026-10-03T19:01:37+08:00,58768,True,13.9,47.0,11,460.3,725.1,474.2,104556,994,696,1040,717,4,2,0,taken_over,10,5,False,True,3661,60
2026-10-03T19:02:38+08:00,58768,True,13.9,47.0,11,460.4,725.2,474.3,104556,994,696,1040,717,4,2,0,taken_over,10,5,False,True,3721,60
2026-10-03T19:03:37+08:00,58768,True,13.9,47.0,11,460.4,725.5,474.4,104556,994,696,1040,717,4,2,0,taken_over,10,5,False,True,3781,60
2026-10-03T19:04:37+08:00,58768,True,13.9,47.0,11,459.9,726.3,473.8,104556,994,696,1040,717,4,2,0,taken_over,10,5,False,True,3841,60
2026-10-03T19:05:37+08:00,58768,True,13.9,47.0,11,461.0,725.3,475.0,104556,994,696,1040,717,4,2,0,taken_over,10,5,False,True,3901,60
2026-10-03T19:06:37+08:00,58768,True,13.9,47.0,11,459.7,724.9,473.7,104556,994,696,1040,717,4,2,0,taken_over,10,5,False,True,3961,60
2026-10-03T19:07:37+08:00,58768,True,13.9,47.0,11,459.7,725.1,473.6,104556,994,696,1040,717,4,2,0,taken_over,10,5,False,True,4021,60
2026-10-03T19:08:37+08:00,58768,True,13.9,47.0,11,460.5,725.8,474.4,104556,994,696,1040,717,4,2,0,taken_over,10,5,False,True,4081,60
2026-10-03T19:09:38+08:00,58768,True,13.9,47.0,11,463.8,726.6,477.7,104556,994,697,1040,717,4,2,0,taken_over,10,5,False,True,4141,60
2026-10-03T19:10:37+08:00,58768,True,13.9,47.0,11,460.5,725.5,474.5,104556,994,718,1040,719,4,2,0,taken_over,10,5,False,True,4201,60
2026-10-03T19:11:38+08:00,58768,True,13.9,47.0,11,459.8,725.3,473.7,104556,994,719,1040,725,4,2,0,taken_over,10,5,False,True,4261,60
2026-10-03T19:12:38+08:00,58768,True,13.9,47.0,11,460.9,725.8,474.8,104556,994,706,1040,725,4,2,0,taken_over,10,5,False,True,4321,60
2026-10-03T19:13:37+08:00,58768,True,13.9,47.0,11,460.9,725.7,474.9,104556,994,699,1040,725,4,2,0,taken_over,10,5,False,True,4381,60
2026-10-03T19:14:38+08:00,58768,True,13.9,47.0,11,462.0,726.8,476.0,104556,994,698,1040,725,4,2,0,taken_over,10,5,False,True,4441,60
2026-10-03T19:15:38+08:00,58768,True,14.8,47.9,11,461.3,726.3,476.1,104556,994,697,1040,725,4,2,0,taken_over,12,6,False,True,4501,60
2026-10-03T19:16:38+08:00,58768,True,14.8,47.9,11,459.6,726.1,474.3,104556,994,697,1040,725,4,2,0,taken_over,12,6,False,True,4561,60
2026-10-03T19:17:38+08:00,58768,True,14.8,47.9,11,460.3,726.1,475.0,104556,994,696,1040,725,4,2,0,taken_over,12,6,False,True,4621,60
2026-10-03T19:18:38+08:00,58768,True,14.8,47.9,11,461.0,726.3,475.8,104556,994,696,1040,725,4,2,0,taken_over,12,6,False,True,4681,60
2026-10-03T19:19:38+08:00,58768,True,14.8,47.9,11,461.1,726.3,475.8,104556,994,696,1040,725,4,2,0,taken_over,12,6,False,True,4741,60
2026-10-03T19:20:38+08:00,58768,True,30.4,63.5,11,461.1,726.0,491.6,104556,994,709,1040,725,4,2,0,taken_over,12,6,False,True,4801,60
2026-10-03T19:21:38+08:00,58768,True,29.7,62.8,11,462.7,726.2,492.4,104556,994,701,1040,725,4,2,0,taken_over,12,6,False,True,4861,60
2026-10-03T19:22:38+08:00,58768,True,29.7,62.8,11,460.1,725.7,489.9,104556,994,698,1040,725,4,2,0,taken_over,12,6,False,True,4921,60
2026-10-03T19:23:38+08:00,58768,True,29.7,62.8,11,459.8,725.6,489.5,104556,994,707,1040,725,4,2,0,taken_over,12,6,False,True,4981,60
2026-10-03T19:24:38+08:00,58768,True,29.7,62.8,11,459.6,725.4,489.3,104556,994,699,1040,725,4,2,0,taken_over,12,6,False,True,5041,60
2026-10-03T19:25:38+08:00,58768,True,29.7,62.8,11,459.6,725.5,489.3,104556,997,709,1040,725,4,2,0,taken_over,12,6,False,True,5101,60
2026-10-03T19:26:38+08:00,58768,True,29.7,62.8,11,459.7,725.7,489.4,104556,994,701,1040,725,4,2,0,taken_over,12,6,False,True,5161,60
2026-10-03T19:27:38+08:00,58768,True,29.7,62.8,11,459.9,725.7,489.6,104556,994,709,1040,725,4,2,0,taken_over,12,6,False,True,5221,60
2026-10-03T19:28:38+08:00,58768,True,30.2,62.9,11,458.1,725.5,488.4,104556,994,709,1040,725,4,2,0,taken_over,12,6,False,True,5281,60
2026-10-03T19:29:38+08:00,58768,True,30.2,62.9,11,459.7,725.8,490.0,104556,994,706,1040,725,4,2,0,taken_over,12,6,False,True,5341,60
2026-10-03T19:30:38+08:00,58768,True,30.5,63.6,11,459.8,725.6,490.3,104556,994,708,1040,725,4,2,0,taken_over,14,7,False,True,5401,60
2026-10-03T19:31:38+08:00,58768,True,30.5,63.6,11,462.2,725.9,492.7,104556,994,699,1040,725,4,2,0,taken_over,14,7,False,True,5461,60
2026-10-03T19:32:38+08:00,58768,True,29.6,62.8,11,461.1,725.8,490.7,104556,994,698,1040,725,4,2,0,taken_over,14,7,False,True,5521,60
2026-10-03T19:33:38+08:00,58768,True,29.7,62.8,11,459.9,725.9,489.6,104556,994,702,1040,725,4,2,0,taken_over,14,7,False,True,5581,60
2026-10-03T19:34:38+08:00,58768,True,29.7,62.8,11,461.9,726.0,491.6,104556,994,698,1040,725,4,2,0,taken_over,14,7,False,True,5641,60
2026-10-03T19:35:38+08:00,58768,True,29.7,62.8,11,461.4,726.0,491.1,104556,994,697,1040,725,4,2,0,taken_over,14,7,False,True,5701,60
2026-10-03T19:36:38+08:00,58768,True,29.7,62.8,11,461.4,726.1,491.1,104556,994,698,1040,725,4,2,0,taken_over,14,7,False,True,5761,60
2026-10-03T19:37:38+08:00,58768,True,29.7,62.8,11,461.4,726.3,491.1,104556,994,698,1040,725,4,2,0,taken_over,14,7,False,True,5821,60
2026-10-03T19:38:38+08:00,58768,True,29.7,62.8,11,466.7,727.2,496.4,104556,994,697,1040,725,4,2,0,taken_over,14,7,False,True,5881,60
2026-10-03T19:39:38+08:00,58768,True,29.7,62.8,11,461.9,726.2,491.6,104556,994,696,1040,725,4,2,0,taken_over,14,7,False,True,5941,60
2026-10-03T19:40:38+08:00,58768,True,29.7,62.8,11,460.5,726.3,490.2,104556,994,696,1040,725,4,2,0,taken_over,14,7,False,True,6001,60
2026-10-03T19:41:38+08:00,58768,True,29.7,62.8,11,461.3,726.2,491.0,104556,994,696,1040,725,4,2,0,taken_over,14,7,False,True,6061,60
2026-10-03T19:42:38+08:00,58768,True,29.7,62.8,11,461.0,726.1,490.7,104556,994,703,1040,725,4,2,0,taken_over,14,7,False,True,6121,60
2026-10-03T19:43:38+08:00,58768,True,29.7,62.8,11,461.6,726.7,491.3,104556,994,696,1040,725,4,2,0,taken_over,14,7,False,True,6181,60
2026-10-03T19:44:38+08:00,58768,True,29.7,62.8,11,461.6,726.6,491.3,104556,994,701,1040,725,4,2,0,taken_over,14,7,False,True,6241,60
2026-10-03T19:45:38+08:00,58768,True,30.4,63.1,11,460.3,726.6,490.7,104556,994,700,1040,725,4,2,0,taken_over,16,8,False,True,6301,60
2026-10-03T19:46:38+08:00,58768,True,30.4,63.1,11,462.1,726.6,492.6,104556,994,701,1040,725,4,2,0,taken_over,16,8,False,True,6361,60
2026-10-03T19:47:38+08:00,58768,True,30.4,63.1,11,462.0,726.7,492.5,104556,994,700,1040,725,4,2,0,taken_over,16,8,False,True,6421,60
2026-10-03T19:48:38+08:00,58768,True,30.4,63.1,11,462.2,727.0,492.6,104556,994,697,1040,725,4,2,0,taken_over,16,8,False,True,6481,60
2026-10-03T19:49:38+08:00,58768,True,30.4,63.1,11,462.2,727.0,492.7,104556,994,696,1040,725,4,2,0,taken_over,16,8,False,True,6541,60
2026-10-03T19:50:38+08:00,58768,True,30.4,63.1,11,465.0,727.5,495.5,104556,994,696,1040,725,4,2,0,taken_over,16,8,False,True,6601,60
2026-10-03T19:51:38+08:00,58768,True,30.5,63.1,11,462.1,727.0,492.5,104556,994,696,1040,725,4,2,0,taken_over,16,8,False,True,6661,60
2026-10-03T19:52:38+08:00,58768,True,30.5,63.1,11,461.5,726.7,491.9,104556,994,699,1040,725,4,2,0,taken_over,16,8,False,True,6721,60
2026-10-03T19:53:38+08:00,58768,True,30.4,63.1,11,461.3,726.8,491.7,104556,994,705,1040,725,4,2,0,taken_over,16,8,False,True,6781,60
2026-10-03T19:54:38+08:00,58768,True,30.4,63.1,11,461.4,727.0,491.8,104556,994,704,1040,725,4,2,0,taken_over,16,8,False,True,6841,60
2026-10-03T19:55:38+08:00,58768,True,30.4,63.1,11,461.3,726.8,491.8,104556,994,704,1040,725,4,2,0,taken_over,16,8,False,True,6901,60
2026-10-03T19:56:38+08:00,58768,True,30.4,63.1,11,461.3,726.9,491.8,104556,1000,708,1040,725,4,2,0,taken_over,16,8,False,True,6961,60
2026-10-03T19:57:38+08:00,58768,True,30.4,63.1,11,460.5,727.4,490.9,104556,994,718,1040,734,4,2,0,taken_over,16,8,False,True,7022,60
2026-10-03T19:58:38+08:00,58768,True,30.4,63.1,11,461.4,727.5,491.8,104556,994,711,1040,734,4,2,0,taken_over,16,8,False,True,7081,60
2026-10-03T19:59:38+08:00,58768,True,30.4,63.1,11,462.2,727.8,492.6,104556,994,697,1040,734,4,2,0,taken_over,16,8,False,True,7141,60
2026-10-03T20:00:38+08:00,58768,True,31.0,63.2,11,462.3,727.9,493.3,104556,994,696,1040,734,4,2,0,taken_over,18,9,False,True,7202,60
2026-10-03T20:01:38+08:00,58768,True,31.0,63.2,11,462.0,727.7,493.0,104556,994,696,1040,734,4,2,0,taken_over,18,9,False,True,7262,60
2026-10-03T20:02:38+08:00,58768,True,31.0,63.2,11,465.8,732.8,496.8,104556,994,696,1040,734,4,2,0,taken_over,18,9,False,True,7322,60
2026-10-03T20:03:38+08:00,58768,True,31.0,63.2,11,464.0,728.5,495.1,104556,994,696,1040,734,4,2,0,taken_over,18,9,False,True,7382,60
2026-10-03T20:04:38+08:00,58768,True,31.0,63.2,11,462.7,728.0,493.7,104556,994,696,1040,734,4,2,0,taken_over,18,9,False,True,7442,60
2026-10-03T20:05:38+08:00,58768,True,31.0,63.2,11,462.3,727.8,493.3,104556,994,696,1040,734,4,2,0,taken_over,18,9,False,True,7502,60
2026-10-03T20:06:38+08:00,58768,True,31.1,63.3,11,462.4,727.8,493.5,104556,994,697,1040,734,4,2,0,taken_over,18,9,False,True,7562,60
2026-10-03T20:07:38+08:00,58768,True,31.1,63.2,11,467.7,728.6,498.7,104556,994,698,1040,734,4,2,0,taken_over,18,9,False,True,7622,60
2026-10-03T20:08:38+08:00,58768,True,31.1,63.2,11,463.7,727.8,494.7,104556,994,698,1040,734,4,2,0,taken_over,18,9,False,True,7682,60
2026-10-03T20:09:38+08:00,58768,True,31.1,63.2,11,462.3,727.9,493.3,104556,994,699,1040,734,4,2,0,taken_over,18,9,False,True,7742,60
2026-10-03T20:10:38+08:00,58768,True,31.1,63.2,11,462.9,728.0,493.9,104556,994,698,1040,734,4,2,0,taken_over,18,9,False,True,7802,60
2026-10-03T20:11:38+08:00,58768,True,31.1,63.2,11,462.9,728.0,494.0,104556,994,696,1040,734,4,2,0,taken_over,18,9,False,True,7862,60
2026-10-03T20:12:38+08:00,58768,True,31.1,63.2,11,462.7,728.1,493.8,104556,994,697,1040,734,4,2,0,taken_over,18,9,False,True,7922,60
2026-10-03T20:13:38+08:00,58768,True,31.1,63.2,11,462.4,728.2,493.4,104556,994,697,1040,734,4,2,0,taken_over,18,9,False,True,7982,60
2026-10-03T20:14:38+08:00,58768,True,31.1,63.2,11,461.2,728.2,492.3,104556,994,697,1040,734,4,2,0,taken_over,18,9,False,True,8042,60
2026-10-03T20:15:38+08:00,58768,True,31.2,64.1,11,463.2,728.4,494.4,104556,994,696,1040,734,4,2,0,taken_over,20,10,False,True,8102,60
2026-10-03T20:16:38+08:00,58768,True,31.2,64.2,11,462.6,728.4,493.8,104556,994,697,1040,734,4,2,0,taken_over,20,10,False,True,8162,60
2026-10-03T20:17:38+08:00,58768,True,31.2,64.2,11,462.7,728.2,493.9,104556,994,697,1040,734,4,2,0,taken_over,20,10,False,True,8222,60
2026-10-03T20:18:38+08:00,58768,True,31.2,64.2,11,462.8,728.4,494.0,104556,994,696,1040,734,4,2,0,taken_over,20,10,False,True,8282,60
2026-10-03T20:19:38+08:00,58768,True,31.2,64.2,11,466.2,729.0,497.5,104556,994,697,1040,734,4,2,0,taken_over,20,10,False,True,8342,60
2026-10-03T20:20:38+08:00,58768,True,31.2,64.2,11,464.0,728.5,495.2,104556,994,697,1040,734,4,2,0,taken_over,20,10,False,True,8402,60
2026-10-03T20:21:38+08:00,58768,True,31.3,64.2,11,463.4,728.6,494.6,104556,994,713,1040,734,4,2,0,taken_over,20,10,False,True,8462,60
2026-10-03T20:22:38+08:00,58768,True,31.3,64.2,11,463.3,728.5,494.6,104556,994,709,1040,734,4,2,0,taken_over,20,10,False,True,8522,60
2026-10-03T20:23:38+08:00,58768,True,31.2,64.2,11,463.5,728.7,494.7,104556,994,700,1040,734,4,2,0,taken_over,20,10,False,True,8582,60
2026-10-03T20:24:38+08:00,58768,True,31.2,64.2,11,462.1,728.5,493.3,104556,994,700,1040,734,4,2,0,taken_over,20,10,False,True,8642,60
2026-10-03T20:25:38+08:00,58768,True,31.2,64.2,11,462.1,728.3,493.4,104556,994,698,1040,734,4,2,0,taken_over,20,10,False,True,8702,60
2026-10-03T20:26:38+08:00,58768,True,31.2,64.2,11,460.8,728.5,492.0,104556,994,697,1040,734,4,2,0,taken_over,20,10,False,True,8762,60
2026-10-03T20:27:38+08:00,58768,True,31.2,64.2,11,462.2,728.7,493.5,104556,994,703,1040,734,4,2,0,taken_over,20,10,False,True,8822,60
2026-10-03T20:28:38+08:00,58768,True,31.2,64.2,11,462.3,728.6,493.5,104556,994,699,1040,734,4,2,0,taken_over,20,10,False,True,8882,60
2026-10-03T20:29:38+08:00,58768,True,31.2,64.2,11,466.7,733.1,497.9,104556,994,699,1040,734,4,2,0,taken_over,20,10,False,True,8942,60
2026-10-03T20:30:38+08:00,58768,True,30.9,63.5,11,463.2,729.6,494.2,104556,994,698,1040,734,4,2,0,taken_over,22,11,False,True,9002,60
2026-10-03T20:31:38+08:00,58768,True,31.0,63.5,11,465.4,729.5,496.4,104556,994,698,1040,734,4,2,0,taken_over,22,11,False,True,9062,60
2026-10-03T20:32:38+08:00,58768,True,31.0,63.5,11,463.7,729.6,494.7,104556,994,696,1040,734,4,2,0,taken_over,22,11,False,True,9122,60
2026-10-03T20:33:38+08:00,58768,True,31.0,63.5,11,463.0,729.4,494.0,104556,994,696,1040,734,4,2,0,taken_over,22,11,False,True,9182,60
2026-10-03T20:34:38+08:00,58768,True,31.0,63.5,11,462.9,729.4,493.9,104556,994,697,1040,734,4,2,0,taken_over,22,11,False,True,9242,60
2026-10-03T20:35:38+08:00,58768,True,31.0,63.5,11,468.3,729.1,499.3,104556,994,697,1040,734,4,2,0,taken_over,22,11,False,True,9302,60
2026-10-03T20:36:38+08:00,58768,True,31.0,63.5,11,467.7,730.0,498.7,104556,994,696,1040,734,4,2,0,taken_over,22,11,False,True,9362,60
2026-10-03T20:37:38+08:00,58768,True,31.0,63.5,11,462.4,729.3,493.4,104556,994,696,1040,734,4,2,0,taken_over,22,11,False,True,9422,60
2026-10-03T20:38:38+08:00,58768,True,31.0,63.5,11,460.8,729.2,491.7,104556,994,696,1040,734,4,2,0,taken_over,22,11,False,True,9482,60
2026-10-03T20:39:39+08:00,58768,True,31.0,63.5,11,461.8,729.4,492.8,104556,994,696,1040,734,4,2,0,taken_over,22,11,False,True,9542,60
2026-10-03T20:40:38+08:00,58768,True,31.0,63.5,11,462.3,729.4,493.3,104556,994,696,1040,734,4,2,0,taken_over,22,11,False,True,9602,60
2026-10-03T20:41:38+08:00,58768,True,31.0,63.5,11,464.0,730.9,495.0,104556,994,696,1040,734,4,2,0,taken_over,22,11,False,True,9662,60
2026-10-03T20:42:39+08:00,58768,True,30.1,63.2,11,463.8,730.7,494.0,104556,994,696,1040,734,4,2,0,taken_over,22,11,False,True,9722,60
2026-10-03T20:43:39+08:00,58768,True,30.2,63.2,11,462.2,730.7,492.4,104556,994,696,1040,734,4,2,0,taken_over,22,11,False,True,9782,60
2026-10-03T20:44:38+08:00,58768,True,30.2,63.2,11,464.0,730.4,494.1,104556,994,696,1040,734,4,2,0,taken_over,22,11,False,True,9842,60
2026-10-03T20:45:38+08:00,58768,True,30.9,64.2,11,463.2,730.5,494.2,104556,994,696,1040,734,4,2,0,taken_over,24,12,False,True,9902,60
2026-10-03T20:46:38+08:00,58768,True,30.9,64.2,11,462.7,730.2,493.6,104556,994,696,1040,734,4,2,0,taken_over,24,12,False,True,9962,60
2026-10-03T20:47:38+08:00,58768,True,30.9,64.2,11,462.5,729.8,493.4,104556,994,696,1040,734,4,2,0,taken_over,24,12,False,True,10022,60
2026-10-03T20:48:39+08:00,58768,True,30.9,64.2,11,466.2,730.8,497.1,104556,994,696,1040,734,4,2,0,taken_over,24,12,False,True,10082,60
2026-10-03T20:49:38+08:00,58768,True,30.9,64.2,11,463.3,729.7,494.2,104556,994,696,1040,734,4,2,0,taken_over,24,12,False,True,10142,60
2026-10-03T20:50:39+08:00,58768,True,30.9,64.2,11,461.8,729.7,492.7,104556,994,697,1040,734,4,2,0,taken_over,24,12,False,True,10202,60
2026-10-03T20:51:38+08:00,58768,True,30.9,64.2,11,462.5,729.8,493.4,104556,994,697,1040,734,4,2,0,taken_over,24,12,False,True,10262,60
2026-10-03T20:52:39+08:00,58768,True,30.9,64.2,11,462.5,729.8,493.4,104556,994,697,1040,734,4,2,0,taken_over,24,12,False,True,10322,60
2026-10-03T20:53:39+08:00,58768,True,30.9,64.2,11,463.0,730.0,493.9,104556,994,697,1040,734,4,2,0,taken_over,24,12,False,True,10382,60
2026-10-03T20:54:39+08:00,58768,True,30.9,64.2,11,463.1,730.2,494.0,104556,994,697,1040,734,4,2,0,taken_over,24,12,False,True,10442,60
2026-10-03T20:55:39+08:00,58768,True,30.9,64.2,11,461.9,730.1,492.8,104556,994,696,1040,734,4,2,0,taken_over,24,12,False,True,10502,60
2026-10-03T20:56:39+08:00,58768,True,30.9,64.2,11,463.2,730.3,494.1,104556,996,706,1040,734,4,2,0,taken_over,24,12,False,True,10562,60
2026-10-03T20:57:39+08:00,58768,True,30.9,64.2,11,463.1,730.4,494.0,104556,994,699,1040,734,4,2,0,taken_over,24,12,False,True,10622,60
2026-10-03T20:58:39+08:00,58768,True,30.9,64.2,11,463.0,730.3,493.9,104556,994,698,1040,734,4,2,0,taken_over,24,12,False,True,10682,60
2026-10-03T20:59:39+08:00,58768,True,30.9,64.2,11,463.1,730.4,494.0,104556,994,697,1040,734,4,2,0,taken_over,24,12,False,True,10742,60
2026-10-03T21:00:39+08:00,58768,True,31.1,64.2,11,466.1,731.0,497.1,104556,994,697,1040,734,4,2,0,taken_over,26,13,False,True,10802,60
2026-10-03T21:01:39+08:00,58768,True,31.1,64.2,11,462.9,730.3,494.0,104556,994,696,1040,734,4,2,0,taken_over,26,13,False,True,10862,60
2026-10-03T21:02:39+08:00,58768,True,31.1,64.2,11,462.3,730.6,493.3,104556,994,696,1040,734,4,2,0,taken_over,26,13,False,True,10922,60
2026-10-03T21:03:39+08:00,58768,True,31.1,64.2,11,465.9,734.1,497.0,104556,994,697,1040,734,4,2,0,taken_over,26,13,False,True,10982,60
2026-10-03T21:04:39+08:00,58768,True,31.1,64.2,11,462.6,730.7,493.6,104556,994,697,1040,734,4,2,0,taken_over,26,13,False,True,11042,60
2026-10-03T21:05:39+08:00,58768,True,31.1,64.2,11,462.8,730.9,493.9,104556,994,696,1040,734,4,2,0,taken_over,26,13,False,True,11102,60
2026-10-03T21:06:39+08:00,58768,True,31.1,64.2,11,462.9,730.8,494.0,104556,994,696,1040,734,4,2,0,taken_over,26,13,False,True,11162,60
2026-10-03T21:07:39+08:00,58768,True,31.1,64.2,11,461.5,731.0,492.6,104556,994,696,1040,734,4,2,0,taken_over,26,13,False,True,11222,60
2026-10-03T21:08:39+08:00,58768,True,31.1,64.2,11,462.7,730.9,493.8,104556,994,696,1040,734,4,2,0,taken_over,26,13,False,True,11282,60
2026-10-03T21:09:39+08:00,58768,True,31.1,64.2,11,462.7,730.9,493.8,104556,994,697,1040,734,4,2,0,taken_over,26,13,False,True,11342,60
2026-10-03T21:10:39+08:00,58768,True,31.1,64.2,11,462.6,730.9,493.7,104556,994,697,1040,734,4,2,0,taken_over,26,13,False,True,11402,60
2026-10-03T21:11:39+08:00,58768,True,31.1,64.2,11,462.8,730.9,493.9,104556,994,696,1040,734,4,2,0,taken_over,26,13,False,True,11462,60
2026-10-03T21:12:39+08:00,58768,True,31.1,64.2,11,461.8,731.3,492.9,104556,994,696,1040,734,4,2,0,taken_over,26,13,False,True,11522,60
2026-10-03T21:13:39+08:00,58768,True,31.1,64.2,11,463.4,731.0,494.5,104556,994,696,1040,734,4,2,0,taken_over,26,13,False,True,11582,60
2026-10-03T21:14:39+08:00,58768,True,31.1,64.2,11,462.9,731.0,493.9,104556,994,696,1040,734,4,2,0,taken_over,26,13,False,True,11642,60
2026-10-03T21:15:39+08:00,58768,True,31.6,64.5,11,462.7,730.8,494.3,104556,994,697,1040,734,4,2,0,taken_over,28,14,False,True,11702,60
2026-10-03T21:16:39+08:00,58768,True,31.6,64.5,11,463.0,731.2,494.6,104556,994,696,1040,734,4,2,0,taken_over,28,14,False,True,11762,60
2026-10-03T21:17:39+08:00,58768,True,31.6,64.5,11,468.6,732.0,500.2,104556,994,696,1040,734,4,2,0,taken_over,28,14,False,True,11822,60
2026-10-03T21:18:39+08:00,58768,True,31.6,64.5,11,463.9,731.2,495.5,104556,994,696,1040,734,4,2,0,taken_over,28,14,False,True,11882,60
2026-10-03T21:19:39+08:00,58768,True,31.6,64.5,11,464.1,732.8,495.8,104556,994,697,1040,734,4,2,0,taken_over,28,14,False,True,11942,60
2026-10-03T21:20:39+08:00,58768,True,31.6,64.5,11,463.1,731.8,494.8,104556,994,700,1040,734,4,2,0,taken_over,28,14,False,True,12002,60
2026-10-03T21:21:39+08:00,58768,True,31.7,64.6,11,463.2,731.5,494.9,104556,994,697,1040,734,4,2,0,taken_over,28,14,False,True,12062,60
2026-10-03T21:22:39+08:00,58768,True,31.6,64.5,11,463.8,731.8,495.4,104556,994,697,1040,734,4,2,0,taken_over,28,14,False,True,12122,60
2026-10-03T21:23:39+08:00,58768,True,31.6,64.5,11,463.4,731.5,495.0,104556,994,696,1040,734,4,2,0,taken_over,28,14,False,True,12182,60
2026-10-03T21:24:39+08:00,58768,True,31.6,64.5,11,462.0,731.7,493.7,104556,994,696,1040,734,4,2,0,taken_over,28,14,False,True,12242,60
2026-10-03T21:25:39+08:00,58768,True,31.6,64.5,11,463.5,731.9,495.1,104556,994,696,1040,734,4,2,0,taken_over,28,14,False,True,12302,60
2026-10-03T21:26:39+08:00,58768,True,31.6,64.5,11,463.4,731.5,495.1,104556,994,696,1040,734,4,2,0,taken_over,28,14,False,True,12362,60
2026-10-03T21:27:39+08:00,58768,True,31.6,64.5,11,463.4,731.7,495.0,104556,994,697,1040,734,4,2,0,taken_over,28,14,False,True,12422,60
2026-10-03T21:28:39+08:00,58768,True,31.6,64.5,11,463.5,731.5,495.1,104556,994,697,1040,734,4,2,0,taken_over,28,14,False,True,12482,60
2026-10-03T21:29:39+08:00,58768,True,31.6,64.5,11,466.9,732.5,498.5,104556,994,696,1040,734,4,2,0,taken_over,28,14,False,True,12542,60
2026-10-03T21:30:39+08:00,58768,True,32.1,64.8,11,464.2,731.9,496.3,104556,994,696,1040,734,4,2,0,taken_over,30,15,False,True,12603,60
2026-10-03T21:31:39+08:00,58768,True,32.1,64.8,11,463.4,731.5,495.5,104556,994,696,1040,734,4,2,0,taken_over,30,15,False,True,12663,60
2026-10-03T21:32:39+08:00,58768,True,32.1,64.8,11,463.5,731.7,495.6,104556,994,696,1040,734,4,2,0,taken_over,30,15,False,True,12723,60
2026-10-03T21:33:39+08:00,58768,True,32.1,64.8,11,464.8,732.8,496.9,104556,994,696,1040,734,4,2,0,taken_over,30,15,False,True,12783,60
2026-10-03T21:34:39+08:00,58768,True,32.1,64.8,11,464.2,732.4,496.3,104556,994,696,1040,734,4,2,0,taken_over,30,15,False,True,12843,60
2026-10-03T21:35:39+08:00,58768,True,32.1,64.8,11,464.0,732.2,496.1,104556,994,696,1040,734,4,2,0,taken_over,30,15,False,True,12903,60
2026-10-03T21:36:39+08:00,58768,True,32.2,64.9,11,467.1,732.5,499.2,104556,994,696,1040,734,4,2,0,taken_over,30,15,False,True,12963,60
2026-10-03T21:37:39+08:00,58768,True,32.2,64.9,11,463.5,732.1,495.7,104556,994,696,1040,734,4,2,0,taken_over,30,15,False,True,13023,60
2026-10-03T21:38:39+08:00,58768,True,32.1,64.9,11,464.2,732.4,496.3,104556,994,696,1040,734,4,2,0,taken_over,30,15,False,True,13083,60
2026-10-03T21:39:39+08:00,58768,True,32.1,64.9,11,464.2,732.3,496.3,104556,994,696,1040,734,4,2,0,taken_over,30,15,False,True,13143,60
2026-10-03T21:40:39+08:00,58768,True,32.1,64.9,11,464.2,732.6,496.3,104556,994,696,1040,734,4,2,0,taken_over,30,15,False,True,13203,60
2026-10-03T21:41:39+08:00,58768,True,32.1,64.9,11,462.5,732.3,494.6,104556,994,696,1040,734,4,2,0,taken_over,30,15,False,True,13263,60
2026-10-03T21:42:39+08:00,58768,True,32.1,64.9,11,464.4,732.0,496.5,104556,994,696,1040,734,4,2,0,taken_over,30,15,False,True,13323,60
2026-10-03T21:43:39+08:00,58768,True,32.1,64.9,11,463.6,732.0,495.7,104556,994,696,1040,734,4,2,0,taken_over,30,15,False,True,13383,60
2026-10-03T21:44:39+08:00,58768,True,30.6,63.7,11,463.7,732.1,494.3,104556,994,696,1040,734,4,2,0,taken_over,30,15,False,True,13443,60
2026-10-03T21:45:39+08:00,58768,True,31.6,64.7,11,463.8,732.2,495.4,104556,994,697,1040,734,4,2,0,taken_over,32,16,False,True,13503,60
2026-10-03T21:46:39+08:00,58768,True,31.6,64.7,11,471.2,733.5,502.8,104556,994,697,1040,734,4,2,0,taken_over,32,16,False,True,13563,60
2026-10-03T21:47:39+08:00,58768,True,31.6,64.7,11,466.7,732.6,498.3,104556,994,696,1040,734,4,2,0,taken_over,32,16,False,True,13623,60
2026-10-03T21:48:39+08:00,58768,True,31.6,64.7,11,465.3,732.8,496.9,104556,994,696,1040,734,4,2,0,taken_over,32,16,False,True,13683,60
2026-10-03T21:49:39+08:00,58768,True,31.6,64.7,11,465.9,732.8,497.5,104556,994,697,1040,734,4,2,0,taken_over,32,16,False,True,13743,60
2026-10-03T21:50:39+08:00,58768,True,31.6,64.7,11,466.2,732.9,497.8,104556,994,697,1040,734,4,2,0,taken_over,32,16,False,True,13803,60
2026-10-03T21:51:39+08:00,58768,True,31.6,64.7,11,466.2,733.0,497.9,104556,994,696,1040,734,4,2,0,taken_over,32,16,False,True,13863,60
2026-10-03T21:52:39+08:00,58768,True,31.6,64.7,11,466.2,733.1,497.8,104556,994,696,1040,734,4,2,0,taken_over,32,16,False,True,13923,60
2026-10-03T21:53:39+08:00,58768,True,31.6,64.7,11,464.8,733.0,496.4,104556,994,696,1040,734,4,2,0,taken_over,32,16,False,True,13983,60
2026-10-03T21:54:39+08:00,58768,True,31.6,64.7,11,466.0,732.9,497.6,104556,994,696,1040,734,4,2,0,taken_over,32,16,False,True,14043,60
2026-10-03T21:55:39+08:00,58768,True,31.6,64.7,11,465.9,732.9,497.5,104556,994,696,1040,734,4,2,0,taken_over,32,16,False,True,14103,60
2026-10-03T21:56:39+08:00,58768,True,31.6,64.7,11,465.9,732.9,497.5,104556,996,704,1040,734,4,2,0,taken_over,32,16,False,True,14163,60
2026-10-03T21:57:39+08:00,58768,True,31.6,64.7,11,466.9,732.7,498.5,104556,994,698,1040,734,4,2,0,taken_over,32,16,False,True,14223,60
2026-10-03T21:58:39+08:00,58768,True,31.6,64.7,11,470.8,733.6,502.4,104556,994,698,1040,734,4,2,0,taken_over,32,16,False,True,14283,60
2026-10-03T21:59:39+08:00,58768,True,31.6,64.7,11,467.9,732.8,499.5,104556,994,697,1040,734,4,2,0,taken_over,32,16,False,True,14343,60
2026-10-03T22:00:40+08:00,58768,True,32.1,65.0,11,467.3,733.0,499.4,104556,994,697,1040,734,4,2,0,taken_over,34,17,False,True,14403,60
2026-10-03T22:01:39+08:00,58768,True,32.1,65.0,11,467.5,732.8,499.6,104556,994,696,1040,734,4,2,0,taken_over,34,17,False,True,14463,60
2026-10-03T22:02:39+08:00,58768,True,32.1,65.0,11,467.5,733.0,499.6,104556,994,696,1040,734,4,2,0,taken_over,34,17,False,True,14523,60
2026-10-03T22:03:40+08:00,58768,True,32.1,65.0,11,467.8,733.2,499.9,104556,994,696,1040,734,4,2,0,taken_over,34,17,False,True,14583,60
2026-10-03T22:04:39+08:00,58768,True,32.1,65.0,11,467.6,733.1,499.8,104556,994,696,1040,734,4,2,0,taken_over,34,17,False,True,14643,60
2026-10-03T22:05:40+08:00,58768,True,32.1,65.0,11,465.9,733.1,498.0,104556,994,696,1040,734,4,2,0,taken_over,34,17,False,True,14703,60
2026-10-03T22:06:39+08:00,58768,True,32.1,65.0,11,467.4,733.0,499.5,104556,994,696,1040,734,4,2,0,taken_over,34,17,False,True,14763,60
2026-10-03T22:07:39+08:00,58768,True,32.1,65.0,11,467.6,733.1,499.7,104556,994,696,1040,734,4,2,0,taken_over,34,17,False,True,14823,60
2026-10-03T22:08:39+08:00,58768,True,32.1,64.9,11,467.7,733.3,499.8,104556,994,696,1040,734,4,2,0,taken_over,34,17,False,True,14883,60
2026-10-03T22:09:39+08:00,58768,True,32.1,64.9,11,467.7,733.2,499.8,104556,994,696,1040,734,4,2,0,taken_over,34,17,False,True,14943,60
2026-10-03T22:10:40+08:00,58768,True,31.1,64.1,11,468.1,733.2,499.2,104556,994,696,1040,734,4,2,0,taken_over,34,17,False,True,15003,60
2026-10-03T22:11:39+08:00,58768,True,31.1,64.1,11,468.2,733.3,499.3,104556,994,696,1040,734,4,2,0,taken_over,34,17,False,True,15063,60
2026-10-03T22:12:39+08:00,58768,True,31.1,64.1,11,469.2,734.3,500.3,104556,994,696,1040,734,4,2,0,taken_over,34,17,False,True,15123,60
2026-10-03T22:13:40+08:00,58768,True,31.1,64.1,11,468.2,733.4,499.3,104556,994,696,1040,734,4,2,0,taken_over,34,17,False,True,15183,60
2026-10-03T22:14:39+08:00,58768,True,31.1,64.1,11,468.2,733.6,499.3,104556,994,696,1040,734,4,2,0,taken_over,34,17,False,True,15243,60
2026-10-03T22:15:39+08:00,58768,True,31.7,64.8,11,473.3,734.3,505.1,104556,994,697,1040,734,4,2,0,taken_over,36,18,False,True,15303,60
2026-10-03T22:16:39+08:00,58768,True,31.7,64.8,11,468.5,733.3,500.2,104556,994,696,1040,734,4,2,0,taken_over,36,18,False,True,15363,60
2026-10-03T22:17:40+08:00,58768,True,31.7,64.8,11,466.2,733.4,497.9,104556,994,696,1040,734,4,2,0,taken_over,36,18,False,True,15423,60
2026-10-03T22:18:40+08:00,58768,True,31.7,64.8,11,471.3,737.6,503.0,104556,994,696,1040,734,4,2,0,taken_over,36,18,False,True,15483,60
2026-10-03T22:19:39+08:00,58768,True,31.7,64.8,11,467.7,734.0,499.5,104556,994,696,1040,734,4,2,0,taken_over,36,18,False,True,15543,60
2026-10-03T22:20:40+08:00,58768,True,31.7,64.8,11,467.9,733.7,499.7,104556,994,696,1040,734,4,2,0,taken_over,36,18,False,True,15603,60
2026-10-03T22:21:39+08:00,58768,True,31.8,64.8,11,467.8,733.8,499.6,104556,994,696,1040,734,4,2,0,taken_over,36,18,False,True,15663,60
2026-10-03T22:22:40+08:00,58768,True,31.8,64.8,11,466.4,733.9,498.2,104556,994,697,1040,734,4,2,0,taken_over,36,18,False,True,15723,60
2026-10-03T22:23:40+08:00,58768,True,31.7,64.8,11,468.9,734.7,500.6,104556,994,697,1040,734,4,2,0,taken_over,36,18,False,True,15783,60
2026-10-03T22:24:40+08:00,58768,True,31.7,64.8,11,468.8,735.4,500.5,104556,994,696,1040,734,4,2,0,taken_over,36,18,False,True,15843,60
2026-10-03T22:25:39+08:00,58768,True,31.7,64.8,11,467.9,734.8,499.6,104556,994,696,1040,734,4,2,0,taken_over,36,18,False,True,15903,60
2026-10-03T22:26:40+08:00,58768,True,31.7,64.8,11,468.0,734.6,499.8,104556,994,696,1040,734,4,2,0,taken_over,36,18,False,True,15963,60
2026-10-03T22:27:40+08:00,58768,True,31.7,64.8,11,471.2,735.7,503.0,104556,994,696,1040,734,4,2,0,taken_over,36,18,False,True,16023,60
2026-10-03T22:28:39+08:00,58768,True,31.7,64.8,11,468.4,734.5,500.1,104556,994,696,1040,734,4,2,0,taken_over,36,18,False,True,16083,60
2026-10-03T22:29:40+08:00,58768,True,31.7,64.8,11,468.1,735.1,499.8,104556,994,696,1040,734,4,2,0,taken_over,36,18,False,True,16143,60
2026-10-03T22:30:40+08:00,58768,True,32.5,65.3,11,467.8,735.0,500.3,104556,994,696,1040,734,4,2,0,taken_over,38,19,False,True,16203,60
2026-10-03T22:31:40+08:00,58768,True,32.5,65.3,11,468.0,735.1,500.5,104556,994,696,1040,734,4,2,0,taken_over,38,19,False,True,16263,60
2026-10-03T22:32:40+08:00,58768,True,32.5,65.3,11,467.9,735.0,500.4,104556,994,696,1040,734,4,2,0,taken_over,38,19,False,True,16323,60
2026-10-03T22:33:40+08:00,58768,True,32.5,65.3,11,468.0,735.3,500.5,104556,994,696,1040,734,4,2,0,taken_over,38,19,False,True,16383,60
2026-10-03T22:34:40+08:00,58768,True,32.5,65.3,11,466.7,735.3,499.2,104556,994,696,1040,734,4,2,0,taken_over,38,19,False,True,16443,60
2026-10-03T22:35:40+08:00,58768,True,32.5,65.3,11,468.2,735.4,500.7,104556,994,696,1040,734,4,2,0,taken_over,38,19,False,True,16503,60
2026-10-03T22:36:40+08:00,58768,True,32.5,65.4,11,468.4,735.5,501.0,104556,994,696,1040,734,4,2,0,taken_over,38,19,False,True,16563,60
2026-10-03T22:37:40+08:00,58768,True,32.5,65.3,11,468.5,735.8,501.0,104556,994,696,1040,734,4,2,0,taken_over,38,19,False,True,16623,60
2026-10-03T22:38:40+08:00,58768,True,32.5,65.3,11,468.5,735.8,501.0,104556,994,696,1040,734,4,2,0,taken_over,38,19,False,True,16683,60
2026-10-03T22:39:40+08:00,58768,True,32.5,65.3,11,471.4,736.4,503.9,104556,994,697,1040,734,4,2,0,taken_over,38,19,False,True,16743,60
2026-10-03T22:40:40+08:00,58768,True,32.5,65.3,11,469.4,735.8,501.9,104556,994,697,1040,734,4,2,0,taken_over,38,19,False,True,16803,60
2026-10-03T22:41:40+08:00,58768,True,32.5,65.3,11,467.8,736.2,500.3,104556,994,697,1040,734,4,2,0,taken_over,38,19,False,True,16863,60
2026-10-03T22:42:40+08:00,58768,True,32.5,65.3,11,467.8,735.7,500.3,104556,994,696,1040,734,4,2,0,taken_over,38,19,False,True,16923,60
2026-10-03T22:43:40+08:00,58768,True,32.5,65.3,11,467.8,736.1,500.3,104556,994,696,1040,734,4,2,0,taken_over,38,19,False,True,16983,60
2026-10-03T22:44:40+08:00,58768,True,32.5,65.3,11,473.8,740.4,506.3,104556,994,696,1040,734,4,2,0,taken_over,38,19,False,True,17043,60
2026-10-03T22:45:40+08:00,58768,True,32.4,65.4,11,467.4,738.7,499.8,104556,994,696,1040,734,4,2,0,taken_over,40,20,False,True,17103,60
2026-10-03T22:46:40+08:00,58768,True,32.4,65.4,11,466.3,738.9,498.7,104556,994,697,1040,734,4,2,0,taken_over,40,20,False,True,17163,60
2026-10-03T22:47:40+08:00,58768,True,32.4,65.4,11,467.8,739.0,500.2,104556,994,697,1040,734,4,2,0,taken_over,40,20,False,True,17223,60
2026-10-03T22:48:40+08:00,58768,True,32.4,65.4,11,467.9,739.3,500.3,104556,994,697,1040,734,4,2,0,taken_over,40,20,False,True,17283,60
2026-10-03T22:49:40+08:00,58768,True,32.4,65.4,11,467.5,739.0,499.9,104556,994,697,1040,734,4,2,0,taken_over,40,20,False,True,17343,60
2026-10-03T22:50:40+08:00,58768,True,32.4,65.4,11,467.4,738.8,499.8,104556,994,696,1040,734,4,2,0,taken_over,40,20,False,True,17403,60
2026-10-03T22:51:40+08:00,58768,True,32.5,65.4,11,466.4,739.2,498.9,104556,994,696,1040,734,4,2,0,taken_over,40,20,False,True,17463,60
2026-10-03T22:52:40+08:00,58768,True,32.5,65.4,11,469.1,739.0,501.6,104556,994,696,1040,734,4,2,0,taken_over,40,20,False,True,17523,60
2026-10-03T22:53:40+08:00,58768,True,32.4,65.4,11,469.7,738.7,502.2,104556,994,696,1040,734,4,2,0,taken_over,40,20,False,True,17583,60
2026-10-03T22:54:40+08:00,58768,True,32.4,65.4,11,470.2,738.9,502.6,104556,994,696,1040,734,4,2,0,taken_over,40,20,False,True,17643,60
2026-10-03T22:55:40+08:00,58768,True,32.4,65.4,11,470.0,738.9,502.5,104556,994,696,1040,734,4,2,0,taken_over,40,20,False,True,17703,60
2026-10-03T22:56:40+08:00,58768,True,32.4,65.4,11,475.6,739.9,508.1,104556,996,705,1040,734,4,2,0,taken_over,40,20,False,True,17763,60
2026-10-03T22:57:40+08:00,58768,True,32.4,65.4,11,471.2,739.0,503.6,104556,994,700,1040,734,4,2,0,taken_over,40,20,False,True,17823,60
2026-10-03T22:58:40+08:00,58768,True,32.4,65.4,11,470.0,739.0,502.4,104556,994,700,1040,734,4,2,0,taken_over,40,20,False,True,17883,60
2026-10-03T22:59:40+08:00,58768,True,32.4,65.4,11,471.6,740.1,504.1,104556,994,697,1040,734,4,2,0,taken_over,40,20,False,True,17943,60
2026-10-03T23:00:40+08:00,58768,True,31.5,64.6,11,471.2,739.8,502.7,104556,994,698,1040,734,4,2,0,taken_over,42,21,False,True,18003,60
2026-10-03T23:01:40+08:00,58768,True,31.5,64.6,11,471.0,739.5,502.5,104556,994,697,1040,734,4,2,0,taken_over,42,21,False,True,18063,60
2026-10-03T23:02:40+08:00,58768,True,31.5,64.6,11,470.9,739.5,502.4,104556,994,697,1040,734,4,2,0,taken_over,42,21,False,True,18123,60
2026-10-03T23:03:40+08:00,58768,True,31.5,64.6,11,469.2,739.4,500.7,104556,994,696,1040,734,4,2,0,taken_over,42,21,False,True,18183,60
2026-10-03T23:04:40+08:00,58768,True,31.5,64.6,11,470.8,739.4,502.3,104556,994,697,1040,734,4,2,0,taken_over,42,21,False,True,18244,60
2026-10-03T23:05:40+08:00,58768,True,31.5,64.6,11,470.7,739.3,502.1,104556,994,697,1040,734,4,2,0,taken_over,42,21,False,True,18304,60
2026-10-03T23:06:40+08:00,58768,True,31.5,64.7,11,471.4,739.5,502.9,104556,994,696,1040,734,4,2,0,taken_over,42,21,False,True,18364,60
2026-10-03T23:07:40+08:00,58768,True,31.5,64.6,11,471.0,739.3,502.4,104556,994,697,1040,734,4,2,0,taken_over,42,21,False,True,18424,60
2026-10-03T23:08:40+08:00,58768,True,31.5,64.6,11,474.2,740.0,505.7,104556,994,697,1040,734,4,2,0,taken_over,42,21,False,True,18484,60
2026-10-03T23:09:40+08:00,58768,True,31.5,64.6,11,472.2,739.3,503.7,104556,994,697,1040,734,4,2,0,taken_over,42,21,False,True,18544,60
2026-10-03T23:10:40+08:00,58768,True,31.5,64.6,11,471.5,739.5,502.9,104556,994,697,1040,734,4,2,0,taken_over,42,21,False,True,18604,60
2026-10-03T23:11:40+08:00,58768,True,31.5,64.6,11,471.3,739.4,502.8,104556,994,697,1040,734,4,2,0,taken_over,42,21,False,True,18664,60
2026-10-03T23:12:40+08:00,58768,True,31.5,64.6,11,471.2,739.4,502.7,104556,994,696,1040,734,4,2,0,taken_over,42,21,False,True,18724,60
2026-10-03T23:13:40+08:00,58768,True,31.5,64.6,11,471.6,739.5,503.0,104556,994,696,1040,734,4,2,0,taken_over,42,21,False,True,18784,60
2026-10-03T23:14:40+08:00,58768,True,31.5,64.6,11,471.5,739.7,503.0,104556,994,696,1040,734,4,2,0,taken_over,42,21,False,True,18844,60
2026-10-03T23:15:40+08:00,58768,True,32.3,65.4,11,470.1,739.6,502.5,104556,994,696,1040,734,4,2,0,taken_over,44,22,False,True,18904,60
2026-10-03T23:16:40+08:00,58768,True,32.3,65.4,11,471.5,739.7,503.8,104556,994,696,1040,734,4,2,0,taken_over,44,22,False,True,18964,60
2026-10-03T23:17:40+08:00,58768,True,32.3,65.4,11,471.5,739.8,503.8,104556,994,696,1040,734,4,2,0,taken_over,44,22,False,True,19024,60
2026-10-03T23:18:40+08:00,58768,True,32.3,65.4,11,471.5,739.8,503.8,104556,994,696,1040,734,4,2,0,taken_over,44,22,False,True,19084,60
2026-10-03T23:19:40+08:00,58768,True,32.3,65.4,11,471.7,740.1,504.0,104556,994,696,1040,734,4,2,0,taken_over,44,22,False,True,19144,60
2026-10-03T23:20:40+08:00,58768,True,32.3,65.4,11,470.7,739.8,503.0,104556,994,696,1040,734,4,2,0,taken_over,44,22,False,True,19204,60
2026-10-03T23:21:40+08:00,58768,True,32.4,65.5,11,474.7,741.7,507.1,104556,994,696,1040,734,4,2,0,taken_over,44,22,False,True,19264,60
2026-10-03T23:22:40+08:00,58768,True,32.4,65.5,11,472.9,740.7,505.3,104556,994,696,1040,734,4,2,0,taken_over,44,22,False,True,19324,60
2026-10-03T23:23:40+08:00,58768,True,32.3,65.4,11,473.9,741.4,506.2,104556,994,696,1040,734,4,2,0,taken_over,44,22,False,True,19384,60
2026-10-03T23:24:40+08:00,58768,True,32.3,65.4,11,473.1,740.8,505.4,104556,994,696,1040,734,4,2,0,taken_over,44,22,False,True,19444,60
2026-10-03T23:25:40+08:00,58768,True,32.3,65.4,11,477.9,741.5,510.2,104556,994,696,1040,734,4,2,0,taken_over,44,22,False,True,19504,60
2026-10-03T23:26:40+08:00,58768,True,32.3,65.4,11,472.5,739.8,504.8,104556,994,696,1040,734,4,2,0,taken_over,44,22,False,True,19564,60
2026-10-03T23:27:40+08:00,58768,True,32.3,65.4,11,471.3,740.2,503.7,104556,994,696,1040,734,4,2,0,taken_over,44,22,False,True,19624,60
2026-10-03T23:28:40+08:00,58768,True,32.3,65.4,11,472.1,740.4,504.5,104556,994,706,1040,734,4,2,0,taken_over,44,22,False,True,19684,60
2026-10-03T23:29:40+08:00,58768,True,32.3,65.4,11,472.0,740.1,504.4,104556,994,705,1040,734,4,2,0,taken_over,44,22,False,True,19744,60
2026-10-03T23:30:40+08:00,58768,True,33.1,65.2,11,471.9,740.0,505.0,104556,994,698,1040,734,4,2,0,taken_over,46,23,False,True,19804,60
2026-10-03T23:31:40+08:00,58768,True,33.1,65.2,11,472.6,740.4,505.7,104556,994,699,1040,734,4,2,0,taken_over,46,23,False,True,19864,60
2026-10-03T23:32:40+08:00,58768,True,33.1,65.2,11,471.2,740.4,504.3,104556,994,699,1040,734,4,2,0,taken_over,46,23,False,True,19924,60
2026-10-03T23:33:40+08:00,58768,True,33.1,65.2,11,472.7,740.6,505.8,104556,994,697,1040,734,4,2,0,taken_over,46,23,False,True,19984,60
2026-10-03T23:34:40+08:00,58768,True,33.1,65.2,11,472.7,740.6,505.8,104556,994,699,1040,734,4,2,0,taken_over,46,23,False,True,20044,60
2026-10-03T23:35:40+08:00,58768,True,33.1,65.2,11,472.5,740.5,505.6,104556,994,698,1040,734,4,2,0,taken_over,46,23,False,True,20104,60
2026-10-03T23:36:40+08:00,58768,True,33.1,65.3,11,472.5,740.7,505.6,104556,994,698,1040,734,4,2,0,taken_over,46,23,False,True,20164,60
2026-10-03T23:37:40+08:00,58768,True,33.1,65.3,11,476.0,741.4,509.1,104556,994,698,1040,734,4,2,0,taken_over,46,23,False,True,20224,60
2026-10-03T23:38:40+08:00,58768,True,33.1,65.3,11,473.4,741.0,506.5,104556,994,698,1040,734,4,2,0,taken_over,46,23,False,True,20284,60
2026-10-03T23:39:41+08:00,58768,True,33.1,65.3,11,472.8,740.8,505.9,104556,994,698,1040,734,4,2,0,taken_over,46,23,False,True,20344,60
2026-10-03T23:40:40+08:00,58768,True,33.1,65.3,11,473.5,740.8,506.6,104556,994,698,1040,734,4,2,0,taken_over,46,23,False,True,20404,60
2026-10-03T23:41:40+08:00,58768,True,33.1,65.3,11,472.0,740.8,505.0,104556,994,697,1040,734,4,2,0,taken_over,46,23,False,True,20464,60
2026-10-03T23:42:40+08:00,58768,True,33.1,65.3,11,472.0,740.7,505.1,104556,994,697,1040,734,4,2,0,taken_over,46,23,False,True,20524,60
2026-10-03T23:43:40+08:00,58768,True,33.1,65.3,11,472.1,740.8,505.2,104556,994,697,1040,734,4,2,0,taken_over,46,23,False,True,20584,60
2026-10-03T23:44:40+08:00,58768,True,33.1,65.3,11,470.6,740.9,503.7,104556,994,697,1040,734,4,2,0,taken_over,46,23,False,True,20644,60
2026-10-03T23:45:41+08:00,58768,True,33.5,66.0,11,471.9,740.8,505.5,104556,994,697,1040,734,4,2,0,taken_over,48,24,False,True,20704,60
2026-10-03T23:46:41+08:00,58768,True,33.5,66.0,11,472.0,740.9,505.5,104556,994,697,1040,734,4,2,0,taken_over,48,24,False,True,20764,60
2026-10-03T23:47:41+08:00,58768,True,33.5,66.0,11,471.8,740.9,505.4,104556,994,697,1040,734,4,2,0,taken_over,48,24,False,True,20824,60
2026-10-03T23:48:40+08:00,58768,True,33.5,66.0,11,471.9,740.8,505.5,104556,994,697,1040,734,4,2,0,taken_over,48,24,False,True,20884,60
2026-10-03T23:49:41+08:00,58768,True,33.5,66.0,11,471.2,741.8,504.8,104556,994,698,1040,734,4,2,0,taken_over,48,24,False,True,20944,60
2026-10-03T23:50:40+08:00,58768,True,33.5,66.0,11,472.8,741.4,506.4,104556,994,698,1040,734,4,2,0,taken_over,48,24,False,True,21004,60
2026-10-03T23:51:41+08:00,58768,True,33.6,66.0,11,472.2,741.4,505.8,104556,994,697,1040,734,4,2,0,taken_over,48,24,False,True,21064,60
2026-10-03T23:52:40+08:00,58768,True,33.6,66.0,11,472.4,741.1,506.0,104556,994,697,1040,734,4,2,0,taken_over,48,24,False,True,21124,60
2026-10-03T23:53:41+08:00,58768,True,33.5,66.0,11,473.0,741.4,506.5,104556,994,697,1040,734,4,2,0,taken_over,48,24,False,True,21184,60
2026-10-03T23:54:41+08:00,58768,True,33.5,66.0,11,476.4,742.2,510.0,104556,994,698,1040,734,4,2,0,taken_over,48,24,False,True,21244,60
2026-10-03T23:55:41+08:00,58768,True,33.5,66.0,11,473.3,741.4,506.9,104556,994,698,1040,734,4,2,0,taken_over,48,24,False,True,21304,60
2026-10-03T23:56:41+08:00,58768,True,33.5,66.0,11,471.9,741.1,505.4,104556,996,705,1040,734,4,2,0,taken_over,48,24,False,True,21364,60
2026-10-03T23:57:41+08:00,58768,True,33.5,66.0,11,472.3,741.1,505.9,104556,994,701,1040,734,4,2,0,taken_over,48,24,False,True,21424,60
2026-10-03T23:58:41+08:00,58768,True,33.5,66.0,11,472.2,741.0,505.7,104556,994,701,1040,734,4,2,0,taken_over,48,24,False,True,21484,60
2026-10-03T23:59:41+08:00,58768,True,33.5,66.0,11,472.1,740.8,505.7,104556,994,698,1040,734,4,2,0,taken_over,48,24,False,True,21544,60
2026-10-04T00:00:41+08:00,58768,True,33.6,65.9,11,472.7,745.7,506.3,104556,994,698,1040,734,4,2,0,taken_over,50,25,False,True,21604,60
2026-10-04T00:01:41+08:00,58768,True,33.6,65.9,11,471.3,745.7,504.8,104556,994,697,1040,734,4,2,0,taken_over,50,25,False,True,21664,60
2026-10-04T00:02:41+08:00,58768,True,33.6,65.9,11,472.6,745.6,506.2,104556,994,697,1040,734,4,2,0,taken_over,50,25,False,True,21724,60
2026-10-04T00:03:41+08:00,58768,True,33.6,65.9,11,477.0,746.0,510.6,104556,994,697,1040,734,4,2,0,taken_over,50,25,False,True,21784,60
2026-10-04T00:04:41+08:00,58768,True,33.6,65.9,11,472.7,745.3,506.3,104556,994,697,1040,734,4,2,0,taken_over,50,25,False,True,21844,60
2026-10-04T00:05:41+08:00,58768,True,33.6,65.9,11,473.1,745.7,506.7,104556,994,697,1040,734,4,2,0,taken_over,50,25,False,True,21904,60
2026-10-04T00:06:41+08:00,58768,True,33.6,65.9,11,476.0,746.5,509.6,104556,994,697,1040,734,4,2,0,taken_over,50,25,False,True,21964,60
2026-10-04T00:07:41+08:00,58768,True,33.6,65.9,11,473.8,745.9,507.4,104556,994,698,1040,734,4,2,0,taken_over,50,25,False,True,22024,60
2026-10-04T00:08:41+08:00,58768,True,33.6,65.9,11,472.9,745.7,506.4,104556,994,698,1040,734,4,2,0,taken_over,50,25,False,True,22084,60
2026-10-04T00:09:41+08:00,58768,True,33.6,65.9,11,472.7,745.7,506.3,104556,994,697,1040,734,4,2,0,taken_over,50,25,False,True,22144,60
2026-10-04T00:10:41+08:00,58768,True,33.6,65.9,11,472.6,745.5,506.2,104556,994,697,1040,734,4,2,0,taken_over,50,25,False,True,22204,60
2026-10-04T00:11:41+08:00,58768,True,33.6,65.9,11,472.7,745.6,506.2,104556,994,697,1040,734,4,2,0,taken_over,50,25,False,True,22264,60
2026-10-04T00:12:41+08:00,58768,True,33.6,65.9,11,472.6,745.6,506.2,104556,994,697,1040,734,4,2,0,taken_over,50,25,False,True,22324,60
2026-10-04T00:13:41+08:00,58768,True,33.6,65.9,11,471.2,745.4,504.7,104556,994,698,1040,734,4,2,0,taken_over,50,25,False,True,22384,60
2026-10-04T00:14:41+08:00,58768,True,33.6,65.9,11,477.2,749.7,510.7,104556,994,698,1040,734,4,2,0,taken_over,50,25,False,True,22444,60
2026-10-04T00:15:41+08:00,58768,True,33.6,66.0,11,472.4,746.3,505.9,104556,994,697,1040,734,4,2,0,taken_over,52,26,False,True,22504,60
2026-10-04T00:16:41+08:00,58768,True,33.6,66.0,11,472.6,746.5,506.1,104556,994,697,1040,734,4,2,0,taken_over,52,26,False,True,22564,60
2026-10-04T00:17:41+08:00,58768,True,33.6,66.0,11,472.6,746.6,506.2,104556,994,697,1040,734,4,2,0,taken_over,52,26,False,True,22624,60
2026-10-04T00:18:41+08:00,58768,True,33.6,66.0,11,471.3,746.6,504.9,104556,994,697,1040,734,4,2,0,taken_over,52,26,False,True,22684,60
2026-10-04T00:19:41+08:00,58768,True,33.6,66.0,11,473.5,746.8,507.1,104556,994,697,1040,734,4,2,0,taken_over,52,26,False,True,22744,60
2026-10-04T00:20:41+08:00,58768,True,33.6,66.0,11,472.7,746.9,506.2,104556,994,697,1040,734,4,2,0,taken_over,52,26,False,True,22804,60
2026-10-04T00:21:41+08:00,58768,True,33.6,66.0,11,472.8,746.8,506.4,104556,994,697,1040,734,4,2,0,taken_over,52,26,False,True,22864,60
2026-10-04T00:22:41+08:00,58768,True,33.6,66.0,11,472.6,746.8,506.2,104556,994,697,1040,734,4,2,0,taken_over,52,26,False,True,22924,60
2026-10-04T00:23:41+08:00,58768,True,33.6,66.0,11,478.0,747.9,511.6,104556,994,697,1040,734,4,2,0,taken_over,52,26,False,True,22984,60
2026-10-04T00:24:41+08:00,58768,True,33.6,66.0,11,473.3,746.9,506.9,104556,994,698,1040,734,4,2,0,taken_over,52,26,False,True,23044,60
2026-10-04T00:25:41+08:00,58768,True,33.6,66.0,11,471.9,746.9,505.5,104556,994,698,1040,734,4,2,0,taken_over,52,26,False,True,23104,60
2026-10-04T00:26:41+08:00,58768,True,33.6,66.0,11,474.4,746.7,507.9,104556,994,697,1040,734,4,2,0,taken_over,52,26,False,True,23164,60
2026-10-04T00:27:41+08:00,58768,True,33.6,66.0,11,473.3,746.8,506.9,104556,994,697,1040,734,4,2,0,taken_over,52,26,False,True,23224,60
2026-10-04T00:28:41+08:00,58768,True,33.6,66.0,11,473.4,747.0,507.0,104556,994,697,1040,734,4,2,0,taken_over,52,26,False,True,23284,60
2026-10-04T00:29:41+08:00,58768,True,33.6,66.0,11,473.4,746.9,507.0,104556,994,697,1040,734,4,2,0,taken_over,52,26,False,True,23344,60
2026-10-04T00:30:41+08:00,58768,True,33.8,66.2,11,472.1,747.1,505.9,104556,994,698,1040,734,4,2,0,taken_over,54,27,False,True,23404,60
2026-10-04T00:31:41+08:00,58768,True,33.8,66.2,11,474.1,747.1,507.9,104556,994,698,1040,734,4,2,0,taken_over,54,27,False,True,23464,60
2026-10-04T00:32:41+08:00,58768,True,33.8,66.2,11,473.3,747.0,507.1,104556,994,698,1040,734,4,2,0,taken_over,54,27,False,True,23524,60
2026-10-04T00:33:41+08:00,58768,True,33.8,66.2,11,473.2,747.0,507.0,104556,994,698,1040,734,4,2,0,taken_over,54,27,False,True,23584,60
2026-10-04T00:34:41+08:00,58768,True,33.8,66.2,11,473.1,747.0,506.9,104556,994,698,1040,734,4,2,0,taken_over,54,27,False,True,23644,60
2026-10-04T00:35:41+08:00,58768,True,33.8,66.2,11,476.4,747.5,510.1,104556,994,697,1040,734,4,2,0,taken_over,54,27,False,True,23704,60
2026-10-04T00:36:41+08:00,58768,True,33.8,66.2,11,473.9,747.1,507.7,104556,994,697,1040,734,4,2,0,taken_over,54,27,False,True,23764,60
2026-10-04T00:37:41+08:00,58768,True,33.8,66.2,11,473.2,746.9,507.0,104556,994,698,1040,734,4,2,0,taken_over,54,27,False,True,23824,60
2026-10-04T00:38:41+08:00,58768,True,33.8,66.2,11,473.1,747.5,506.9,104556,994,698,1040,734,4,2,0,taken_over,54,27,False,True,23884,60
2026-10-04T00:39:41+08:00,58768,True,33.8,66.2,11,472.9,747.3,506.7,104556,994,697,1040,734,4,2,0,taken_over,54,27,False,True,23944,60
2026-10-04T00:40:41+08:00,58768,True,33.8,66.2,11,473.0,747.4,506.8,104556,994,697,1040,734,4,2,0,taken_over,54,27,False,True,24004,60
2026-10-04T00:41:41+08:00,58768,True,33.8,66.2,11,472.9,747.5,506.6,104556,994,697,1040,734,4,2,0,taken_over,54,27,False,True,24065,60
2026-10-04T00:42:41+08:00,58768,True,33.8,66.2,11,471.3,747.3,505.1,104556,994,697,1040,734,4,2,0,taken_over,54,27,False,True,24125,60
2026-10-04T00:43:41+08:00,58768,True,33.8,66.2,11,472.8,747.4,506.6,104556,994,698,1040,734,4,2,0,taken_over,54,27,False,True,24185,60
2026-10-04T00:44:41+08:00,58768,True,33.8,66.2,11,472.5,747.3,506.3,104556,994,698,1040,734,4,2,0,taken_over,54,27,False,True,24245,60
2026-10-04T00:45:41+08:00,58768,True,33.8,66.1,11,472.5,747.3,506.3,104556,994,698,1040,734,4,2,0,taken_over,56,28,False,True,24305,60
2026-10-04T00:46:41+08:00,58768,True,33.8,66.1,11,472.7,747.3,506.5,104556,994,698,1040,734,4,2,0,taken_over,56,28,False,True,24365,60
2026-10-04T00:47:41+08:00,58768,True,33.8,66.1,11,475.7,748.1,509.5,104556,994,698,1040,734,4,2,0,taken_over,56,28,False,True,24425,60
2026-10-04T00:48:41+08:00,58768,True,33.8,66.1,11,473.5,747.3,507.3,104556,994,697,1040,734,4,2,0,taken_over,56,28,False,True,24485,60
2026-10-04T00:49:41+08:00,58768,True,33.8,66.1,11,473.1,747.4,506.9,104556,994,697,1040,734,4,2,0,taken_over,56,28,False,True,24545,60
2026-10-04T00:50:41+08:00,58768,True,33.8,66.1,11,473.1,747.6,506.9,104556,994,697,1040,734,4,2,0,taken_over,56,28,False,True,24605,60
2026-10-04T00:51:41+08:00,58768,True,33.8,66.1,11,472.8,747.1,506.6,104556,994,697,1040,734,4,2,0,taken_over,56,28,False,True,24665,60
2026-10-04T00:52:41+08:00,58768,True,33.8,66.1,11,478.6,748.3,512.4,104556,994,697,1040,734,4,2,0,taken_over,56,28,False,True,24725,60
2026-10-04T00:53:41+08:00,58768,True,33.8,66.1,11,472.9,747.2,506.7,104556,994,697,1040,734,4,2,0,taken_over,56,28,False,True,24785,60
2026-10-04T00:54:41+08:00,58768,True,33.8,66.1,11,471.5,747.1,505.3,104556,994,697,1040,734,4,2,0,taken_over,56,28,False,True,24845,60
2026-10-04T00:55:41+08:00,58768,True,33.8,66.1,11,473.0,747.3,506.8,104556,994,697,1040,734,4,2,0,taken_over,56,28,False,True,24905,60
2026-10-04T00:56:41+08:00,58768,True,33.8,66.1,11,473.0,747.3,506.8,104556,996,708,1040,734,4,2,0,taken_over,56,28,False,True,24965,60
2026-10-04T00:57:41+08:00,58768,True,33.8,66.1,11,473.2,747.3,507.0,104556,994,701,1040,734,4,2,0,taken_over,56,28,False,True,25025,60
2026-10-04T00:58:41+08:00,58768,True,33.8,66.1,11,473.3,747.5,507.1,104556,994,699,1040,734,4,2,0,taken_over,56,28,False,True,25085,60
2026-10-04T00:59:41+08:00,58768,True,33.8,66.1,11,471.9,747.2,505.7,104556,994,698,1040,734,4,2,0,taken_over,56,28,False,True,25145,60
2026-10-04T01:00:41+08:00,58768,True,32.7,65.6,11,474.2,747.4,506.8,104556,994,698,1040,734,4,2,0,taken_over,58,29,False,True,25205,60
2026-10-04T01:01:41+08:00,58768,True,32.7,65.6,11,474.5,747.6,507.2,104556,994,698,1040,734,4,2,0,taken_over,58,29,False,True,25265,60
2026-10-04T01:02:41+08:00,58768,True,32.7,65.6,11,474.4,747.7,507.0,104556,994,698,1040,734,4,2,0,taken_over,58,29,False,True,25325,60
2026-10-04T01:03:41+08:00,58768,True,32.7,65.6,11,474.6,748.1,507.3,104556,994,698,1040,734,4,2,0,taken_over,58,29,False,True,25385,60
2026-10-04T01:04:41+08:00,58768,True,32.7,65.6,11,477.7,748.5,510.3,104556,994,698,1040,734,4,2,0,taken_over,58,29,False,True,25445,60
2026-10-04T01:05:41+08:00,58768,True,32.7,65.6,11,475.0,747.6,507.7,104556,994,697,1040,734,4,2,0,taken_over,58,29,False,True,25505,60
2026-10-04T01:06:41+08:00,58768,True,32.7,65.6,11,473.6,747.7,506.3,104556,994,697,1040,734,4,2,0,taken_over,58,29,False,True,25565,60
2026-10-04T01:07:41+08:00,58768,True,32.7,65.6,11,474.3,747.6,507.0,104556,994,697,1040,734,4,2,0,taken_over,58,29,False,True,25625,60
2026-10-04T01:08:41+08:00,58768,True,32.7,65.6,11,474.3,747.6,507.0,104556,994,697,1040,734,4,2,0,taken_over,58,29,False,True,25685,60
2026-10-04T01:09:41+08:00,58768,True,32.7,65.6,11,474.5,747.8,507.2,104556,994,698,1040,734,4,2,0,taken_over,58,29,False,True,25745,60
2026-10-04T01:10:41+08:00,58768,True,32.7,65.6,11,474.5,747.7,507.1,104556,994,697,1040,734,4,2,0,taken_over,58,29,False,True,25805,60
2026-10-04T01:11:41+08:00,58768,True,32.7,65.6,11,473.4,747.9,506.0,104556,994,697,1040,734,4,2,0,taken_over,58,29,False,True,25865,60
2026-10-04T01:12:41+08:00,58768,True,32.7,65.6,11,475.2,748.1,507.8,104556,994,698,1040,734,4,2,0,taken_over,58,29,False,True,25925,60
2026-10-04T01:13:41+08:00,58768,True,32.7,65.6,11,475.0,747.7,507.6,104556,994,698,1040,734,4,2,0,taken_over,58,29,False,True,25985,60
2026-10-04T01:14:41+08:00,58768,True,32.7,65.6,11,475.1,748.1,507.8,104556,994,697,1040,734,4,2,0,taken_over,58,29,False,True,26045,60
2026-10-04T01:15:42+08:00,58768,True,33.8,66.0,11,474.7,747.9,508.5,104556,994,699,1040,734,4,2,0,taken_over,60,30,False,True,26105,60
2026-10-04T01:16:41+08:00,58768,True,33.8,66.0,11,477.6,748.4,511.4,104556,994,697,1040,734,4,2,0,taken_over,60,30,False,True,26165,60
2026-10-04T01:17:41+08:00,58768,True,33.8,66.0,11,475.4,747.8,509.2,104556,994,697,1040,734,4,2,0,taken_over,60,30,False,True,26225,60
2026-10-04T01:18:41+08:00,58768,True,33.8,66.0,11,474.8,747.7,508.6,104556,994,698,1040,734,4,2,0,taken_over,60,30,False,True,26285,60
2026-10-04T01:19:41+08:00,58768,True,33.8,66.0,11,474.9,747.8,508.7,104556,994,697,1040,734,4,2,0,taken_over,60,30,False,True,26345,60
2026-10-04T01:20:41+08:00,58768,True,33.8,66.0,11,474.9,748.0,508.7,104556,994,697,1040,734,4,2,0,taken_over,60,30,False,True,26405,60
2026-10-04T01:21:41+08:00,58768,True,33.8,66.0,11,474.8,747.8,508.6,104556,994,697,1040,734,4,2,0,taken_over,60,30,False,True,26465,60
2026-10-04T01:22:41+08:00,58768,True,33.8,66.0,11,475.1,747.9,508.9,104556,994,697,1040,734,4,2,0,taken_over,60,30,False,True,26525,60
2026-10-04T01:23:42+08:00,58768,True,33.8,66.0,11,473.7,748.1,507.5,104556,994,697,1040,734,4,2,0,taken_over,60,30,False,True,26585,60
2026-10-04T01:24:41+08:00,58768,True,33.8,66.0,11,475.3,748.1,509.1,104556,994,697,1040,734,4,2,0,taken_over,60,30,False,True,26645,60
2026-10-04T01:25:42+08:00,58768,True,33.8,66.0,11,474.4,748.0,508.2,104556,994,697,1040,734,4,2,0,taken_over,60,30,False,True,26705,60
2026-10-04T01:26:42+08:00,58768,True,33.8,66.0,11,474.5,748.1,508.3,104556,994,697,1040,734,4,2,0,taken_over,60,30,False,True,26765,60
2026-10-04T01:27:41+08:00,58768,True,33.8,66.0,11,474.2,747.8,508.0,104556,994,697,1040,734,4,2,0,taken_over,60,30,False,True,26825,60
2026-10-04T01:28:42+08:00,58768,True,33.8,66.0,11,473.3,748.2,507.1,104556,994,697,1040,734,4,2,0,taken_over,60,30,False,True,26885,60
2026-10-04T01:29:41+08:00,58768,True,33.8,66.0,11,475.1,747.9,508.9,104556,994,697,1040,734,4,2,0,taken_over,60,30,False,True,26945,60
2026-10-04T01:30:42+08:00,58768,True,32.5,65.6,11,474.3,748.0,506.8,104556,994,697,1040,734,4,2,0,taken_over,62,31,False,True,27005,60
2026-10-04T01:31:41+08:00,58768,True,32.5,65.6,11,474.3,748.1,506.9,104556,994,698,1040,734,4,2,0,taken_over,62,31,False,True,27065,60
2026-10-04T01:32:42+08:00,58768,True,32.5,65.6,11,474.2,747.8,506.7,104556,994,698,1040,734,4,2,0,taken_over,62,31,False,True,27125,60
2026-10-04T01:33:41+08:00,58768,True,32.5,65.6,11,480.0,749.1,512.5,104556,994,698,1040,734,4,2,0,taken_over,62,31,False,True,27185,60
2026-10-04T01:34:41+08:00,58768,True,32.5,65.6,11,475.1,748.2,507.7,104556,994,698,1040,734,4,2,0,taken_over,62,31,False,True,27245,60
2026-10-04T01:35:42+08:00,58768,True,32.5,65.6,11,473.8,748.1,506.3,104556,994,698,1040,734,4,2,0,taken_over,62,31,False,True,27305,60
2026-10-04T01:36:42+08:00,58768,True,32.5,65.6,11,474.4,748.2,507.0,104556,994,698,1040,734,4,2,0,taken_over,62,31,False,True,27365,60
2026-10-04T01:37:42+08:00,58768,True,32.5,65.6,11,474.5,748.2,507.1,104556,994,698,1040,734,4,2,0,taken_over,62,31,False,True,27425,60
2026-10-04T01:38:42+08:00,58768,True,32.5,65.6,11,474.5,748.3,507.0,104556,994,698,1040,734,4,2,0,taken_over,62,31,False,True,27485,60
2026-10-04T01:39:41+08:00,58768,True,32.5,65.6,11,474.6,748.6,507.1,104556,994,698,1040,734,4,2,0,taken_over,62,31,False,True,27545,60
2026-10-04T01:40:42+08:00,58768,True,32.5,65.6,11,473.1,748.4,505.7,104556,994,698,1040,734,4,2,0,taken_over,62,31,False,True,27605,60
2026-10-04T01:41:42+08:00,58768,True,32.5,65.6,11,474.5,748.4,507.0,104556,994,698,1040,734,4,2,0,taken_over,62,31,False,True,27665,60
2026-10-04T01:42:42+08:00,58768,True,32.5,65.6,11,474.6,748.5,507.1,104556,994,698,1040,734,4,2,0,taken_over,62,31,False,True,27725,60
2026-10-04T01:43:42+08:00,58768,True,32.5,65.6,11,474.5,748.3,507.0,104556,994,698,1040,734,4,2,0,taken_over,62,31,False,True,27785,60
2026-10-04T01:44:42+08:00,58768,True,32.5,65.6,11,474.8,748.5,507.3,104556,994,698,1040,734,4,2,0,taken_over,62,31,False,True,27845,60
2026-10-04T01:45:42+08:00,58768,True,32.5,65.7,11,477.9,749.1,510.4,104556,994,698,1040,734,4,2,0,taken_over,64,32,False,True,27905,60
2026-10-04T01:46:42+08:00,58768,True,32.5,65.7,11,475.4,748.5,507.9,104556,994,698,1040,734,4,2,0,taken_over,64,32,False,True,27965,60
2026-10-04T01:47:42+08:00,58768,True,32.5,65.7,11,474.9,748.7,507.4,104556,994,698,1040,734,4,2,0,taken_over,64,32,False,True,28025,60
2026-10-04T01:48:42+08:00,58768,True,32.5,65.7,11,474.5,748.6,507.0,104556,994,698,1040,734,4,2,0,taken_over,64,32,False,True,28085,60
2026-10-04T01:49:42+08:00,58768,True,32.5,65.7,11,474.7,748.5,507.2,104556,994,698,1040,734,4,2,0,taken_over,64,32,False,True,28145,60
2026-10-04T01:50:42+08:00,58768,True,32.5,65.7,11,474.6,748.5,507.1,104556,994,698,1040,734,4,2,0,taken_over,64,32,False,True,28205,60
2026-10-04T01:51:42+08:00,58768,True,32.5,65.7,11,474.6,748.3,507.1,104556,994,699,1040,734,4,2,0,taken_over,64,32,False,True,28265,60
2026-10-04T01:52:42+08:00,58768,True,32.5,65.7,11,473.5,749.7,506.0,104556,994,703,1040,734,4,2,0,taken_over,64,32,False,True,28325,60
2026-10-04T01:53:42+08:00,58768,True,32.5,65.7,11,474.8,749.7,507.3,104556,994,702,1040,734,4,2,0,taken_over,64,32,False,True,28385,60
2026-10-04T01:54:42+08:00,58768,True,32.5,65.7,11,474.8,749.7,507.4,104556,994,702,1040,734,4,2,0,taken_over,64,32,False,True,28445,60
2026-10-04T01:55:42+08:00,58768,True,32.5,65.7,11,474.7,749.7,507.2,104556,994,698,1040,734,4,2,0,taken_over,64,32,False,True,28505,60
2026-10-04T01:56:42+08:00,58768,True,32.5,65.7,11,475.0,749.9,507.5,104556,996,706,1040,734,4,2,0,taken_over,64,32,False,True,28565,60
2026-10-04T01:57:42+08:00,58768,True,32.5,65.7,11,473.6,749.7,506.1,104556,994,699,1040,734,4,2,0,taken_over,64,32,False,True,28625,60
2026-10-04T01:58:42+08:00,58768,True,32.5,65.7,11,475.9,750.0,508.4,104556,994,699,1040,734,4,2,0,taken_over,64,32,False,True,28685,60
2026-10-04T01:59:42+08:00,58768,True,32.5,65.7,11,475.0,750.0,507.5,104556,994,699,1040,734,4,2,0,taken_over,64,32,False,True,28745,60
2026-10-04T02:00:42+08:00,58768,True,33.6,66.8,11,474.8,749.8,508.4,104556,994,697,1040,734,4,2,0,taken_over,66,33,False,True,28805,60
2026-10-04T02:01:42+08:00,58768,True,33.6,66.8,11,474.9,749.9,508.5,104556,994,697,1040,734,4,2,0,taken_over,66,33,False,True,28865,60
2026-10-04T02:02:42+08:00,58768,True,33.6,66.8,11,480.3,750.7,513.9,104556,994,697,1040,734,4,2,0,taken_over,66,33,False,True,28925,60
2026-10-04T02:03:42+08:00,58768,True,33.6,66.8,11,475.6,749.6,509.2,104556,994,698,1040,734,4,2,0,taken_over,66,33,False,True,28985,60
2026-10-04T02:04:42+08:00,58768,True,33.6,66.8,11,474.2,749.7,507.8,104556,994,698,1040,734,4,2,0,taken_over,66,33,False,True,29045,60
2026-10-04T02:05:42+08:00,58768,True,33.6,66.8,11,474.8,749.5,508.4,104556,994,697,1040,734,4,2,0,taken_over,66,33,False,True,29105,60
2026-10-04T02:06:42+08:00,58768,True,33.6,66.8,11,474.8,749.6,508.4,104556,994,697,1040,734,4,2,0,taken_over,66,33,False,True,29165,60
2026-10-04T02:07:42+08:00,58768,True,33.6,66.8,11,475.0,749.7,508.6,104556,994,698,1040,734,4,2,0,taken_over,66,33,False,True,29225,60
2026-10-04T02:08:42+08:00,58768,True,33.6,66.8,11,475.2,749.7,508.8,104556,994,697,1040,734,4,2,0,taken_over,66,33,False,True,29285,60
2026-10-04T02:09:42+08:00,58768,True,33.6,66.8,11,473.8,749.9,507.4,104556,994,697,1040,734,4,2,0,taken_over,66,33,False,True,29345,60
2026-10-04T02:10:42+08:00,58768,True,33.6,66.8,11,475.0,749.9,508.6,104556,994,697,1040,734,4,2,0,taken_over,66,33,False,True,29405,60
2026-10-04T02:11:42+08:00,58768,True,33.6,66.8,11,474.8,749.6,508.4,104556,994,697,1040,734,4,2,0,taken_over,66,33,False,True,29465,60
2026-10-04T02:12:42+08:00,58768,True,33.6,66.8,11,474.8,749.7,508.4,104556,994,697,1040,734,4,2,0,taken_over,66,33,False,True,29525,60
2026-10-04T02:13:42+08:00,58768,True,33.6,66.8,11,475.2,749.8,508.8,104556,994,697,1040,734,4,2,0,taken_over,66,33,False,True,29585,60
2026-10-04T02:14:42+08:00,58768,True,33.6,66.8,11,478.0,750.5,511.6,104556,994,697,1040,734,4,2,0,taken_over,66,33,False,True,29645,60
2026-10-04T02:15:42+08:00,58768,True,33.1,66.4,11,475.7,749.8,508.8,104556,994,698,1040,734,4,2,0,taken_over,68,34,False,True,29705,60
2026-10-04T02:16:42+08:00,58768,True,33.1,66.4,11,475.1,749.9,508.2,104556,994,697,1040,734,4,2,0,taken_over,68,34,False,True,29765,60
2026-10-04T02:17:42+08:00,58768,True,33.1,66.4,11,474.8,749.7,507.9,104556,994,697,1040,734,4,2,0,taken_over,68,34,False,True,29825,60
2026-10-04T02:18:42+08:00,58768,True,33.1,66.4,11,475.2,749.9,508.3,104556,994,698,1040,734,4,2,0,taken_over,68,34,False,True,29885,60
2026-10-04T02:19:42+08:00,58768,True,33.1,66.4,11,475.4,750.0,508.5,104556,994,698,1040,734,4,2,0,taken_over,68,34,False,True,29945,60
2026-10-04T02:20:42+08:00,58768,True,33.1,66.4,11,475.7,750.2,508.8,104556,994,697,1040,734,4,2,0,taken_over,68,34,False,True,30005,60
2026-10-04T02:21:42+08:00,58768,True,33.1,66.4,11,473.9,750.4,507.0,104556,994,697,1040,734,4,2,0,taken_over,68,34,False,True,30065,60
2026-10-04T02:22:42+08:00,58768,True,33.1,66.4,11,474.9,750.0,508.0,104556,994,697,1040,734,4,2,0,taken_over,68,34,False,True,30125,60
2026-10-04T02:23:42+08:00,58768,True,33.1,66.4,11,474.9,750.1,508.0,104556,994,697,1040,734,4,2,0,taken_over,68,34,False,True,30185,60
2026-10-04T02:24:42+08:00,58768,True,33.1,66.4,11,475.0,750.1,508.0,104556,994,697,1040,734,4,2,0,taken_over,68,34,False,True,30245,60
2026-10-04T02:25:42+08:00,58768,True,33.1,66.4,11,474.7,749.9,507.8,104556,994,697,1040,734,4,2,0,taken_over,68,34,False,True,30305,60
2026-10-04T02:26:42+08:00,58768,True,33.1,66.4,11,473.4,750.1,506.5,104556,994,697,1040,734,4,2,0,taken_over,68,34,False,True,30366,60
2026-10-04T02:27:42+08:00,58768,True,33.1,66.4,11,475.6,750.1,508.7,104556,994,697,1040,734,4,2,0,taken_over,68,34,False,True,30426,60
2026-10-04T02:28:42+08:00,58768,True,33.1,66.4,11,474.9,750.2,508.0,104556,994,697,1040,734,4,2,0,taken_over,68,34,False,True,30486,60
2026-10-04T02:29:42+08:00,58768,True,33.1,66.4,11,475.1,750.4,508.2,104556,994,697,1040,734,4,2,0,taken_over,68,34,False,True,30546,60
2026-10-04T02:30:42+08:00,58768,True,33.3,66.1,11,475.2,750.3,508.5,104556,994,697,1040,734,4,2,0,taken_over,70,35,False,True,30606,60
2026-10-04T02:31:42+08:00,58768,True,33.3,66.1,11,480.8,751.8,514.1,104556,994,697,1040,734,4,2,0,taken_over,70,35,False,True,30666,60
2026-10-04T02:32:42+08:00,58768,True,33.3,66.1,11,475.6,750.6,508.9,104556,994,697,1040,734,4,2,0,taken_over,70,35,False,True,30726,60
2026-10-04T02:33:42+08:00,58768,True,33.3,66.1,11,474.1,750.3,507.4,104556,994,697,1040,734,4,2,0,taken_over,70,35,False,True,30786,60
2026-10-04T02:34:42+08:00,58768,True,33.3,66.1,11,474.6,750.3,507.9,104556,994,697,1040,734,4,2,0,taken_over,70,35,False,True,30846,60
2026-10-04T02:35:42+08:00,58768,True,33.3,66.1,11,474.7,750.3,508.0,104556,994,697,1040,734,4,2,0,taken_over,70,35,False,True,30906,60
2026-10-04T02:36:42+08:00,58768,True,33.3,66.1,11,474.7,750.5,508.1,104556,994,697,1040,734,4,2,0,taken_over,70,35,False,True,30966,60
2026-10-04T02:37:42+08:00,58768,True,33.3,66.1,11,475.0,751.1,508.3,104556,994,697,1040,734,4,2,0,taken_over,70,35,False,True,31026,60
2026-10-04T02:38:42+08:00,58768,True,33.3,66.1,11,473.8,751.2,507.1,104556,994,697,1040,734,4,2,0,taken_over,70,35,False,True,31086,60
2026-10-04T02:39:42+08:00,58768,True,33.3,66.1,11,475.5,751.1,508.8,104556,994,697,1040,734,4,2,0,taken_over,70,35,False,True,31146,60
2026-10-04T02:40:42+08:00,58768,True,33.3,66.1,11,479.2,755.8,512.5,104556,994,697,1040,734,4,2,0,taken_over,70,35,False,True,31206,60
2026-10-04T02:41:42+08:00,58768,True,33.3,66.1,11,476.0,752.4,509.3,104556,994,697,1040,734,4,2,0,taken_over,70,35,False,True,31266,60
2026-10-04T02:42:42+08:00,58768,True,33.3,66.1,11,475.6,752.3,508.9,104556,994,697,1040,734,4,2,0,taken_over,70,35,False,True,31326,60
2026-10-04T02:43:42+08:00,58768,True,33.3,66.1,11,478.6,752.6,511.9,104556,994,697,1040,734,4,2,0,taken_over,70,35,False,True,31386,60
2026-10-04T02:44:42+08:00,58768,True,33.3,66.1,11,476.7,751.6,510.0,104556,994,697,1040,734,4,2,0,taken_over,70,35,False,True,31446,60
2026-10-04T02:45:42+08:00,58768,True,33.4,66.5,11,475.2,751.5,508.6,104556,994,697,1040,734,4,2,0,taken_over,72,36,False,True,31506,60
2026-10-04T02:46:42+08:00,58768,True,33.4,66.5,11,475.0,751.3,508.4,104556,994,697,1040,734,4,2,0,taken_over,72,36,False,True,31566,60
2026-10-04T02:47:42+08:00,58768,True,33.4,66.5,11,475.1,751.4,508.5,104556,994,697,1040,734,4,2,0,taken_over,72,36,False,True,31626,60
2026-10-04T02:48:42+08:00,58768,True,33.4,66.5,11,475.2,751.6,508.6,104556,994,697,1040,734,4,2,0,taken_over,72,36,False,True,31686,60
2026-10-04T02:49:42+08:00,58768,True,33.4,66.5,11,479.3,755.4,512.7,104556,994,698,1040,734,4,2,0,taken_over,72,36,False,True,31746,60
2026-10-04T02:50:42+08:00,58768,True,33.4,66.5,11,473.9,751.6,507.3,104556,994,698,1040,734,4,2,0,taken_over,72,36,False,True,31806,60
2026-10-04T02:51:42+08:00,58768,True,33.4,66.5,11,475.5,751.7,508.9,104556,994,698,1040,734,4,2,0,taken_over,72,36,False,True,31866,60
2026-10-04T02:52:42+08:00,58768,True,33.4,66.5,11,475.4,751.5,508.9,104556,994,697,1040,734,4,2,0,taken_over,72,36,False,True,31926,60
2026-10-04T02:53:42+08:00,58768,True,33.4,66.5,11,475.5,751.7,508.9,104556,994,697,1040,734,4,2,0,taken_over,72,36,False,True,31986,60
2026-10-04T02:54:42+08:00,58768,True,33.4,66.5,11,475.5,751.5,508.9,104556,994,697,1040,734,4,2,0,taken_over,72,36,False,True,32046,60
2026-10-04T02:55:42+08:00,58768,True,33.4,66.5,11,478.1,752.1,511.5,104556,994,697,1040,734,4,2,0,taken_over,72,36,False,True,32106,60
2026-10-04T02:56:42+08:00,58768,True,33.4,66.5,11,475.7,751.4,509.2,104556,994,704,1040,734,4,2,0,taken_over,72,36,False,True,32166,60
2026-10-04T02:57:42+08:00,58768,True,33.4,66.5,11,475.0,751.2,508.5,104556,994,699,1040,734,4,2,0,taken_over,72,36,False,True,32226,60
2026-10-04T02:58:42+08:00,58768,True,33.4,66.5,11,475.1,751.5,508.6,104556,994,699,1040,734,4,2,0,taken_over,72,36,False,True,32286,60
2026-10-04T02:59:42+08:00,58768,True,33.4,66.5,11,475.1,751.5,508.5,104556,994,699,1040,734,4,2,0,taken_over,72,36,False,True,32346,60
2026-10-04T03:00:42+08:00,58768,True,33.4,66.1,11,480.5,752.2,513.9,104556,994,698,1040,734,4,2,0,taken_over,74,37,False,True,32406,60
2026-10-04T03:01:42+08:00,58768,True,33.4,66.1,11,474.9,751.3,508.3,104556,994,698,1040,734,4,2,0,taken_over,74,37,False,True,32466,60
2026-10-04T03:02:42+08:00,58768,True,33.4,66.1,11,473.8,751.4,507.2,104556,994,698,1040,734,4,2,0,taken_over,74,37,False,True,32526,60
2026-10-04T03:03:43+08:00,58768,True,33.4,66.2,11,475.5,751.5,508.9,104556,994,697,1040,734,4,2,0,taken_over,74,37,False,True,32586,60
2026-10-04T03:04:42+08:00,58768,True,33.4,66.2,11,475.4,751.5,508.8,104556,994,697,1040,734,4,2,0,taken_over,74,37,False,True,32646,60
2026-10-04T03:05:42+08:00,58768,True,33.4,66.2,11,475.4,751.5,508.8,104556,994,697,1040,734,4,2,0,taken_over,74,37,False,True,32706,60
2026-10-04T03:06:43+08:00,58768,True,33.4,66.2,11,475.2,751.5,508.6,104556,994,697,1040,734,4,2,0,taken_over,74,37,False,True,32766,60
2026-10-04T03:07:43+08:00,58768,True,33.4,66.2,11,474.9,751.8,508.3,104556,994,698,1040,734,4,2,0,taken_over,74,37,False,True,32826,60
2026-10-04T03:08:42+08:00,58768,True,33.4,66.2,11,476.9,751.6,510.3,104556,994,698,1040,734,4,2,0,taken_over,74,37,False,True,32886,60
2026-10-04T03:09:42+08:00,58768,True,33.4,66.2,11,476.0,751.5,509.4,104556,994,698,1040,734,4,2,0,taken_over,74,37,False,True,32946,60
2026-10-04T03:10:43+08:00,58768,True,33.4,66.2,11,476.0,751.7,509.4,104556,994,697,1040,734,4,2,0,taken_over,74,37,False,True,33006,60
2026-10-04T03:11:43+08:00,58768,True,33.4,66.2,11,475.9,751.5,509.3,104556,994,697,1040,734,4,2,0,taken_over,74,37,False,True,33066,60
2026-10-04T03:12:42+08:00,58768,True,33.4,66.2,11,479.3,752.1,512.7,104556,994,697,1040,734,4,2,0,taken_over,74,37,False,True,33126,60
2026-10-04T03:13:43+08:00,58768,True,33.4,66.2,11,477.1,751.7,510.5,104556,994,697,1040,734,4,2,0,taken_over,74,37,False,True,33186,60
2026-10-04T03:14:43+08:00,58768,True,33.4,66.2,11,475.9,751.7,509.3,104556,994,697,1040,734,4,2,0,taken_over,74,37,False,True,33246,60
2026-10-04T03:15:43+08:00,58768,True,33.4,66.4,11,476.5,751.8,509.9,104556,994,698,1040,734,4,2,0,taken_over,76,38,False,True,33306,60
2026-10-04T03:16:43+08:00,58768,True,33.4,66.4,11,476.4,751.6,509.8,104556,994,698,1040,734,4,2,0,taken_over,76,38,False,True,33366,60
2026-10-04T03:17:43+08:00,58768,True,33.4,66.4,11,476.2,751.7,509.6,104556,994,697,1040,734,4,2,0,taken_over,76,38,False,True,33426,60
2026-10-04T03:18:43+08:00,58768,True,33.4,66.4,11,476.2,751.9,509.6,104556,994,697,1040,734,4,2,0,taken_over,76,38,False,True,33486,60
2026-10-04T03:19:43+08:00,58768,True,33.4,66.4,11,474.9,751.8,508.3,104556,994,697,1040,734,4,2,0,taken_over,76,38,False,True,33546,60
2026-10-04T03:20:43+08:00,58768,True,33.4,66.4,11,476.5,752.0,509.9,104556,994,697,1040,734,4,2,0,taken_over,76,38,False,True,33606,60
2026-10-04T03:21:43+08:00,58768,True,33.4,66.4,11,476.3,752.0,509.8,104556,994,697,1040,734,4,2,0,taken_over,76,38,False,True,33666,60
2026-10-04T03:22:43+08:00,58768,True,33.4,66.4,11,476.3,751.8,509.8,104556,994,697,1040,734,4,2,0,taken_over,76,38,False,True,33726,60
2026-10-04T03:23:43+08:00,58768,True,33.4,66.4,11,476.4,752.0,509.9,104556,994,697,1040,734,4,2,0,taken_over,76,38,False,True,33786,60
2026-10-04T03:24:43+08:00,58768,True,33.4,66.4,11,479.5,752.4,512.9,104556,994,697,1040,734,4,2,0,taken_over,76,38,False,True,33846,60
2026-10-04T03:25:43+08:00,58768,True,33.4,66.4,11,477.3,751.9,510.8,104556,994,697,1040,734,4,2,0,taken_over,76,38,False,True,33906,60
2026-10-04T03:26:43+08:00,58768,True,33.4,66.4,11,476.6,752.0,510.0,104556,994,697,1040,734,4,2,0,taken_over,76,38,False,True,33966,60
2026-10-04T03:27:43+08:00,58768,True,33.4,66.4,11,476.7,752.1,510.1,104556,994,697,1040,734,4,2,0,taken_over,76,38,False,True,34026,60
2026-10-04T03:28:43+08:00,58768,True,33.4,66.4,11,476.6,752.1,510.0,104556,994,698,1040,734,4,2,0,taken_over,76,38,False,True,34086,60
2026-10-04T03:29:43+08:00,58768,True,33.4,66.4,11,476.4,752.1,509.8,104556,994,698,1040,734,4,2,0,taken_over,76,38,False,True,34146,60
2026-10-04T03:30:43+08:00,58768,True,33.0,66.4,11,476.0,751.9,509.1,104556,994,699,1040,734,4,2,0,taken_over,78,39,False,True,34206,60
2026-10-04T03:31:43+08:00,58768,True,33.0,66.4,11,474.7,752.0,507.7,104556,994,699,1040,734,4,2,0,taken_over,78,39,False,True,34266,60
2026-10-04T03:32:43+08:00,58768,True,33.0,66.4,11,476.2,752.0,509.3,104556,994,698,1040,734,4,2,0,taken_over,78,39,False,True,34326,60
2026-10-04T03:33:43+08:00,58768,True,33.0,66.4,11,476.7,752.0,509.7,104556,994,698,1040,734,4,2,0,taken_over,78,39,False,True,34386,60
2026-10-04T03:34:43+08:00,58768,True,33.0,66.4,11,476.6,752.1,509.7,104556,994,698,1040,734,4,2,0,taken_over,78,39,False,True,34446,60
2026-10-04T03:35:43+08:00,58768,True,33.0,66.4,11,476.6,752.3,509.6,104556,994,697,1040,734,4,2,0,taken_over,78,39,False,True,34506,60
2026-10-04T03:36:43+08:00,58768,True,33.1,66.4,11,476.1,752.8,509.2,104556,994,697,1040,734,4,2,0,taken_over,78,39,False,True,34566,60
2026-10-04T03:37:43+08:00,58768,True,33.0,66.3,11,477.5,752.3,510.5,104556,994,697,1040,734,4,2,0,taken_over,78,39,False,True,34626,60
2026-10-04T03:38:43+08:00,58768,True,33.0,66.3,11,477.0,752.3,510.0,104556,994,697,1040,734,4,2,0,taken_over,78,39,False,True,34686,60
2026-10-04T03:39:43+08:00,58768,True,33.0,66.3,11,477.0,752.6,510.0,104556,994,697,1040,734,4,2,0,taken_over,78,39,False,True,34746,60
2026-10-04T03:40:43+08:00,58768,True,33.0,66.3,11,476.6,752.4,509.6,104556,994,698,1040,734,4,2,0,taken_over,78,39,False,True,34806,60
2026-10-04T03:41:43+08:00,58768,True,33.0,66.3,11,482.1,753.2,515.1,104556,994,698,1040,734,4,2,0,taken_over,78,39,False,True,34866,60
2026-10-04T03:42:43+08:00,58768,True,33.0,66.3,11,477.4,752.4,510.4,104556,994,697,1040,734,4,2,0,taken_over,78,39,False,True,34926,60
2026-10-04T03:43:43+08:00,58768,True,33.0,66.3,11,475.7,752.4,508.7,104556,994,697,1040,734,4,2,0,taken_over,78,39,False,True,34986,60
2026-10-04T03:44:43+08:00,58768,True,33.0,66.3,11,476.5,752.3,509.6,104556,994,697,1040,734,4,2,0,taken_over,78,39,False,True,35046,60
2026-10-04T03:45:43+08:00,58768,True,33.1,66.4,11,476.6,752.4,509.6,104556,994,697,1040,734,4,2,0,taken_over,80,40,False,True,35106,60
2026-10-04T03:46:43+08:00,58768,True,33.1,66.4,11,476.6,752.6,509.7,104556,994,698,1040,734,4,2,0,taken_over,80,40,False,True,35166,60
2026-10-04T03:47:43+08:00,58768,True,33.1,66.4,11,476.9,752.7,509.9,104556,994,698,1040,734,4,2,0,taken_over,80,40,False,True,35226,60
2026-10-04T03:48:43+08:00,58768,True,33.1,66.4,11,475.4,752.7,508.5,104556,994,697,1040,734,4,2,0,taken_over,80,40,False,True,35286,60
2026-10-04T03:49:43+08:00,58768,True,33.1,66.4,11,476.3,752.7,509.3,104556,994,698,1040,734,4,2,0,taken_over,80,40,False,True,35346,60
2026-10-04T03:50:43+08:00,58768,True,33.1,66.4,11,476.9,752.7,509.9,104556,994,698,1040,734,4,2,0,taken_over,80,40,False,True,35406,60
2026-10-04T03:51:43+08:00,58768,True,33.1,66.4,11,476.7,752.7,509.8,104556,994,697,1040,734,4,2,0,taken_over,80,40,False,True,35466,60
2026-10-04T03:52:43+08:00,58768,True,33.1,66.4,11,476.8,752.7,509.8,104556,994,697,1040,734,4,2,0,taken_over,80,40,False,True,35526,60
2026-10-04T03:53:43+08:00,58768,True,33.1,66.4,11,479.9,753.5,513.0,104556,994,697,1040,734,4,2,0,taken_over,80,40,False,True,35586,60
2026-10-04T03:54:43+08:00,58768,True,33.1,66.4,11,477.6,752.9,510.7,104556,994,697,1040,734,4,2,0,taken_over,80,40,False,True,35646,60
2026-10-04T03:55:43+08:00,58768,True,33.1,66.4,11,476.8,752.6,509.8,104556,994,697,1040,734,4,2,0,taken_over,80,40,False,True,35706,60
2026-10-04T03:56:43+08:00,58768,True,33.1,66.4,11,476.6,752.3,509.6,104556,994,705,1040,734,4,2,0,taken_over,80,40,False,True,35766,60
2026-10-04T03:57:43+08:00,58768,True,33.1,66.4,11,476.6,752.6,509.7,104556,994,700,1040,734,4,2,0,taken_over,80,40,False,True,35826,60
2026-10-04T03:58:43+08:00,58768,True,33.1,66.4,11,477.0,752.7,510.1,104556,994,699,1040,734,4,2,0,taken_over,80,40,False,True,35886,60
2026-10-04T03:59:43+08:00,58768,True,33.1,66.4,11,476.9,752.7,510.0,104556,994,698,1040,734,4,2,0,taken_over,80,40,False,True,35946,60
2026-10-04T04:00:43+08:00,58768,True,33.4,66.6,11,475.6,752.7,509.0,104556,994,698,1040,734,4,2,0,taken_over,82,41,False,True,36007,60
2026-10-04T04:01:43+08:00,58768,True,33.4,66.6,11,477.0,752.8,510.4,104556,994,697,1040,734,4,2,0,taken_over,82,41,False,True,36067,60
2026-10-04T04:02:43+08:00,58768,True,33.4,66.6,11,476.6,752.7,510.0,104556,994,697,1040,734,4,2,0,taken_over,82,41,False,True,36127,60
2026-10-04T04:03:43+08:00,58768,True,33.4,66.6,11,476.7,752.7,510.2,104556,994,697,1040,734,4,2,0,taken_over,82,41,False,True,36187,60
2026-10-04T04:04:43+08:00,58768,True,33.4,66.6,11,476.8,752.8,510.2,104556,994,697,1040,734,4,2,0,taken_over,82,41,False,True,36247,60
2026-10-04T04:05:43+08:00,58768,True,33.4,66.6,11,475.6,753.1,509.0,104556,994,697,1040,734,4,2,0,taken_over,82,41,False,True,36307,60
2026-10-04T04:06:43+08:00,58768,True,33.4,66.7,11,477.4,752.6,510.9,104556,994,697,1040,734,4,2,0,taken_over,82,41,False,True,36367,60
2026-10-04T04:07:43+08:00,58768,True,33.4,66.7,11,476.5,752.5,510.0,104556,994,697,1040,734,4,2,0,taken_over,82,41,False,True,36427,60
2026-10-04T04:08:43+08:00,58768,True,33.4,66.6,11,477.1,752.7,510.5,104556,994,697,1040,734,4,2,0,taken_over,82,41,False,True,36487,60
2026-10-04T04:09:43+08:00,58768,True,33.4,66.6,11,477.8,753.1,511.2,104556,994,697,1040,734,4,2,0,taken_over,82,41,False,True,36547,60
2026-10-04T04:10:43+08:00,58768,True,33.4,66.6,11,482.8,753.6,516.2,104556,994,697,1040,734,4,2,0,taken_over,82,41,False,True,36607,60
2026-10-04T04:11:43+08:00,58768,True,33.4,66.6,11,478.1,752.6,511.5,104556,994,697,1040,734,4,2,0,taken_over,82,41,False,True,36667,60
2026-10-04T04:12:43+08:00,58768,True,33.4,66.6,11,476.6,752.7,510.0,104556,994,697,1040,734,4,2,0,taken_over,82,41,False,True,36727,60
2026-10-04T04:13:43+08:00,58768,True,33.4,66.6,11,477.1,752.7,510.5,104556,994,697,1040,734,4,2,0,taken_over,82,41,False,True,36787,60
2026-10-04T04:14:43+08:00,58768,True,33.4,66.6,11,477.1,752.6,510.5,104556,994,697,1040,734,4,2,0,taken_over,82,41,False,True,36847,60
2026-10-04T04:15:43+08:00,58768,True,33.4,66.7,11,476.9,752.6,510.4,104556,994,698,1040,734,4,2,0,taken_over,84,42,False,True,36907,60
2026-10-04T04:16:43+08:00,58768,True,33.4,66.7,11,476.8,752.5,510.2,104556,994,698,1040,734,4,2,0,taken_over,84,42,False,True,36967,60
2026-10-04T04:17:43+08:00,58768,True,33.4,66.7,11,475.5,752.4,508.9,104556,994,697,1040,734,4,2,0,taken_over,84,42,False,True,37027,60
2026-10-04T04:18:43+08:00,58768,True,33.4,66.7,11,476.9,752.6,510.3,104556,994,697,1040,734,4,2,0,taken_over,84,42,False,True,37087,60
2026-10-04T04:19:43+08:00,58768,True,33.4,66.7,11,477.6,752.7,511.0,104556,994,698,1040,734,4,2,0,taken_over,84,42,False,True,37147,60
2026-10-04T04:20:43+08:00,58768,True,33.4,66.7,11,477.4,752.8,510.8,104556,994,698,1040,734,4,2,0,taken_over,84,42,False,True,37207,60
2026-10-04T04:21:43+08:00,58768,True,33.4,66.7,11,477.2,752.7,510.6,104556,994,698,1040,734,4,2,0,taken_over,84,42,False,True,37267,60
2026-10-04T04:22:43+08:00,58768,True,33.4,66.7,11,480.1,753.4,513.5,104556,994,697,1040,734,4,2,0,taken_over,84,42,False,True,37327,60
2026-10-04T04:23:43+08:00,58768,True,33.4,66.7,11,478.0,752.9,511.4,104556,994,697,1040,734,4,2,0,taken_over,84,42,False,True,37387,60
2026-10-04T04:24:43+08:00,58768,True,33.4,66.7,11,477.1,752.7,510.5,104556,994,697,1040,734,4,2,0,taken_over,84,42,False,True,37447,60
2026-10-04T04:25:43+08:00,58768,True,33.4,66.7,11,477.1,752.6,510.5,104556,994,697,1040,734,4,2,0,taken_over,84,42,False,True,37507,60
2026-10-04T04:26:43+08:00,58768,True,33.4,66.7,11,477.0,752.7,510.5,104556,994,697,1040,734,4,2,0,taken_over,84,42,False,True,37567,60
2026-10-04T04:27:43+08:00,58768,True,33.4,66.7,11,477.0,752.7,510.4,104556,994,697,1040,734,4,2,0,taken_over,84,42,False,True,37627,60
2026-10-04T04:28:44+08:00,58768,True,33.4,66.7,11,477.1,752.8,510.5,104556,994,697,1040,734,4,2,0,taken_over,84,42,False,True,37687,60
2026-10-04T04:29:44+08:00,58768,True,33.4,66.7,11,475.8,752.8,509.2,104556,994,697,1040,734,4,2,0,taken_over,84,42,False,True,37747,60
2026-10-04T04:30:43+08:00,58768,True,33.1,66.3,11,475.3,752.8,508.3,104556,994,697,1040,734,4,2,0,taken_over,86,43,False,True,37807,60
2026-10-04T04:31:44+08:00,58768,True,33.1,66.3,11,476.3,752.8,509.3,104556,994,697,1040,734,4,2,0,taken_over,86,43,False,True,37867,60
2026-10-04T04:32:44+08:00,58768,True,33.1,66.3,11,476.3,752.9,509.3,104556,994,697,1040,734,4,2,0,taken_over,86,43,False,True,37927,60
2026-10-04T04:33:43+08:00,58768,True,33.1,66.3,11,476.4,752.9,509.5,104556,994,697,1040,734,4,2,0,taken_over,86,43,False,True,37987,60
2026-10-04T04:34:43+08:00,58768,True,33.1,66.3,11,477.5,753.7,510.6,104556,994,698,1040,734,4,2,0,taken_over,86,43,False,True,38047,60
2026-10-04T04:35:44+08:00,58768,True,33.1,66.3,11,476.8,753.0,509.9,104556,994,698,1040,734,4,2,0,taken_over,86,43,False,True,38107,60
2026-10-04T04:36:44+08:00,58768,True,33.1,66.3,11,476.0,752.7,509.1,104556,994,697,1040,734,4,2,0,taken_over,86,43,False,True,38167,60
2026-10-04T04:37:44+08:00,58768,True,33.1,66.3,11,476.0,752.9,509.1,104556,994,697,1040,734,4,2,0,taken_over,86,43,False,True,38227,60
2026-10-04T04:38:44+08:00,58768,True,33.1,66.3,11,476.2,753.0,509.2,104556,994,697,1040,734,4,2,0,taken_over,86,43,False,True,38287,60
2026-10-04T04:39:44+08:00,58768,True,33.1,66.3,11,479.8,754.0,512.9,104556,994,698,1040,734,4,2,0,taken_over,86,43,False,True,38347,60
2026-10-04T04:40:44+08:00,58768,True,33.1,66.3,11,476.8,753.0,509.8,104556,994,697,1040,734,4,2,0,taken_over,86,43,False,True,38407,60
2026-10-04T04:41:44+08:00,58768,True,33.1,66.3,11,475.4,752.9,508.4,104556,994,697,1040,734,4,2,0,taken_over,86,43,False,True,38467,60
2026-10-04T04:42:43+08:00,58768,True,33.1,66.3,11,476.4,753.1,509.4,104556,994,697,1040,734,4,2,0,taken_over,86,43,False,True,38527,60
2026-10-04T04:43:44+08:00,58768,True,33.1,66.3,11,476.3,753.2,509.4,104556,994,698,1040,734,4,2,0,taken_over,86,43,False,True,38587,60
2026-10-04T04:44:44+08:00,58768,True,33.1,66.3,11,476.3,753.2,509.3,104556,994,698,1040,734,4,2,0,taken_over,86,43,False,True,38647,60
2026-10-04T04:45:44+08:00,58768,True,33.1,66.4,11,476.5,753.4,509.6,104556,994,698,1040,734,4,2,0,taken_over,88,44,False,True,38707,60
2026-10-04T04:46:44+08:00,58768,True,33.1,66.4,11,475.1,753.7,508.1,104556,994,698,1040,734,4,2,0,taken_over,88,44,False,True,38767,60
2026-10-04T04:47:44+08:00,58768,True,33.1,66.4,11,476.7,753.1,509.8,104556,994,697,1040,734,4,2,0,taken_over,88,44,False,True,38827,60
2026-10-04T04:48:44+08:00,58768,True,33.1,66.4,11,476.0,753.2,509.0,104556,994,697,1040,734,4,2,0,taken_over,88,44,False,True,38887,60
2026-10-04T04:49:44+08:00,58768,True,33.1,66.4,11,476.0,753.3,509.1,104556,994,698,1040,734,4,2,0,taken_over,88,44,False,True,38947,60
2026-10-04T04:50:44+08:00,58768,True,33.1,66.4,11,476.0,753.3,509.1,104556,994,697,1040,734,4,2,0,taken_over,88,44,False,True,39007,60
2026-10-04T04:51:44+08:00,58768,True,33.1,66.4,11,479.2,754.2,512.4,104556,994,697,1040,734,4,2,0,taken_over,88,44,False,True,39067,60
2026-10-04T04:52:44+08:00,58768,True,33.1,66.4,11,476.9,753.7,510.0,104556,994,697,1040,734,4,2,0,taken_over,88,44,False,True,39127,60
2026-10-04T04:53:44+08:00,58768,True,33.1,66.4,11,476.5,753.8,509.6,104556,994,697,1040,734,4,2,0,taken_over,88,44,False,True,39187,60
2026-10-04T04:54:44+08:00,58768,True,33.1,66.4,11,476.5,753.8,509.6,104556,994,697,1040,734,4,2,0,taken_over,88,44,False,True,39247,60
2026-10-04T04:55:44+08:00,58768,True,33.1,66.4,11,476.6,753.8,509.7,104556,994,697,1040,734,4,2,0,taken_over,88,44,False,True,39307,60
2026-10-04T04:56:44+08:00,58768,True,33.1,66.4,11,476.6,753.8,509.7,104556,994,704,1040,734,4,2,0,taken_over,88,44,False,True,39367,60
2026-10-04T04:57:44+08:00,58768,True,33.1,66.4,11,476.3,753.8,509.4,104556,994,699,1040,734,4,2,0,taken_over,88,44,False,True,39427,60
2026-10-04T04:58:44+08:00,58768,True,33.1,66.4,11,475.0,753.7,508.1,104556,994,699,1040,734,4,2,0,taken_over,88,44,False,True,39487,60
2026-10-04T04:59:44+08:00,58768,True,33.1,66.4,11,476.4,753.8,509.4,104556,994,698,1040,734,4,2,0,taken_over,88,44,False,True,39547,60
2026-10-04T05:00:44+08:00,58768,True,33.3,66.3,11,476.3,753.8,509.6,104556,994,698,1040,734,4,2,0,taken_over,90,45,False,True,39607,60
2026-10-04T05:01:44+08:00,58768,True,33.3,66.3,11,476.3,753.7,509.6,104556,994,697,1040,734,4,2,0,taken_over,90,45,False,True,39667,60
2026-10-04T05:02:44+08:00,58768,True,33.3,66.3,11,475.8,753.8,509.1,104556,994,697,1040,734,4,2,0,taken_over,90,45,False,True,39727,60
2026-10-04T05:03:44+08:00,58768,True,33.3,66.3,11,479.1,754.5,512.5,104556,994,697,1040,734,4,2,0,taken_over,90,45,False,True,39787,60
2026-10-04T05:04:44+08:00,58768,True,33.3,66.3,11,477.0,753.7,510.3,104556,994,697,1040,734,4,2,0,taken_over,90,45,False,True,39847,60
2026-10-04T05:05:44+08:00,58768,True,33.3,66.3,11,476.6,753.9,509.9,104556,994,697,1040,734,4,2,0,taken_over,90,45,False,True,39907,60
2026-10-04T05:06:44+08:00,58768,True,33.3,66.4,11,476.7,753.9,510.1,104556,994,697,1040,734,4,2,0,taken_over,90,45,False,True,39967,60
2026-10-04T05:07:44+08:00,58768,True,33.3,66.4,11,476.6,754.0,509.9,104556,994,697,1040,734,4,2,0,taken_over,90,45,False,True,40027,60
2026-10-04T05:08:44+08:00,58768,True,33.3,66.4,11,479.7,754.7,513.0,104556,994,697,1040,734,4,2,0,taken_over,90,45,False,True,40087,60
2026-10-04T05:09:44+08:00,58768,True,33.3,66.4,11,477.0,754.0,510.3,104556,994,697,1040,734,4,2,0,taken_over,90,45,False,True,40147,60
2026-10-04T05:10:44+08:00,58768,True,33.3,66.4,11,475.7,754.0,509.0,104556,994,720,1040,734,4,2,0,taken_over,90,45,False,True,40207,60
2026-10-04T05:11:44+08:00,58768,True,33.3,66.4,11,475.8,754.2,509.1,104556,994,713,1040,734,4,2,0,taken_over,90,45,False,True,40267,60
2026-10-04T05:12:44+08:00,58768,True,33.3,66.4,11,476.5,754.2,509.8,104556,994,704,1040,734,4,2,0,taken_over,90,45,False,True,40327,60
2026-10-04T05:13:44+08:00,58768,True,33.3,66.4,11,477.0,754.1,510.3,104556,994,700,1040,734,4,2,0,taken_over,90,45,False,True,40387,60
2026-10-04T05:14:44+08:00,58768,True,33.3,66.4,11,477.4,754.4,510.7,104556,994,698,1040,734,4,2,0,taken_over,90,45,False,True,40447,60
2026-10-04T05:15:44+08:00,58768,True,33.4,66.4,11,476.1,754.4,509.6,104556,994,697,1040,734,4,2,0,taken_over,92,46,False,True,40507,60
2026-10-04T05:16:44+08:00,58768,True,33.4,66.4,11,478.1,754.4,511.5,104556,994,697,1040,734,4,2,0,taken_over,92,46,False,True,40567,60
2026-10-04T05:17:44+08:00,58768,True,33.4,66.4,11,477.5,754.3,510.9,104556,994,697,1040,734,4,2,0,taken_over,92,46,False,True,40627,60
2026-10-04T05:18:44+08:00,58768,True,33.4,66.4,11,477.5,754.5,511.0,104556,994,697,1040,734,4,2,0,taken_over,92,46,False,True,40687,60
2026-10-04T05:19:44+08:00,58768,True,33.4,66.4,11,477.1,754.2,510.5,104556,994,697,1040,734,4,2,0,taken_over,92,46,False,True,40747,60
2026-10-04T05:20:44+08:00,58768,True,33.4,66.4,11,480.5,755.0,513.9,104556,994,697,1040,734,4,2,0,taken_over,92,46,False,True,40807,60
2026-10-04T05:21:44+08:00,58768,True,33.5,66.4,11,477.8,754.3,511.2,104556,994,697,1040,734,4,2,0,taken_over,92,46,False,True,40867,60
2026-10-04T05:22:44+08:00,58768,True,33.4,66.4,11,477.2,754.2,510.6,104556,994,698,1040,734,4,2,0,taken_over,92,46,False,True,40927,60
2026-10-04T05:23:44+08:00,58768,True,33.4,66.4,11,477.3,754.1,510.7,104556,994,698,1040,734,4,2,0,taken_over,92,46,False,True,40987,60
2026-10-04T05:24:44+08:00,58768,True,33.4,66.4,11,477.2,754.1,510.6,104556,994,697,1040,734,4,2,0,taken_over,92,46,False,True,41047,60
2026-10-04T05:25:44+08:00,58768,True,33.4,66.4,11,477.2,754.2,510.6,104556,994,697,1040,734,4,2,0,taken_over,92,46,False,True,41107,60
2026-10-04T05:26:44+08:00,58768,True,33.4,66.4,11,477.3,754.2,510.7,104556,994,697,1040,734,4,2,0,taken_over,92,46,False,True,41167,60
2026-10-04T05:27:44+08:00,58768,True,33.4,66.4,11,476.1,754.4,509.6,104556,994,697,1040,734,4,2,0,taken_over,92,46,False,True,41228,60
2026-10-04T05:28:44+08:00,58768,True,33.4,66.4,11,477.7,754.4,511.1,104556,994,697,1040,734,4,2,0,taken_over,92,46,False,True,41288,60
2026-10-04T05:29:44+08:00,58768,True,33.4,66.4,11,477.6,754.5,511.0,104556,994,697,1040,734,4,2,0,taken_over,92,46,False,True,41348,60
2026-10-04T05:30:44+08:00,58768,True,33.5,66.4,11,477.5,754.6,511.1,104556,994,697,1040,734,4,2,0,taken_over,94,47,False,True,41408,60
2026-10-04T05:31:44+08:00,58768,True,33.5,66.4,11,477.4,754.3,510.9,104556,994,697,1040,734,4,2,0,taken_over,94,47,False,True,41468,60
2026-10-04T05:32:44+08:00,58768,True,33.5,66.4,11,480.1,754.9,513.7,104556,994,697,1040,734,4,2,0,taken_over,94,47,False,True,41528,60
2026-10-04T05:33:44+08:00,58768,True,33.5,66.4,11,478.2,754.4,511.8,104556,994,698,1040,734,4,2,0,taken_over,94,47,False,True,41588,60
2026-10-04T05:34:44+08:00,58768,True,33.5,66.4,11,478.3,754.3,511.9,104556,994,698,1040,734,4,2,0,taken_over,94,47,False,True,41648,60
2026-10-04T05:35:44+08:00,58768,True,33.5,66.4,11,478.2,754.7,511.7,104556,994,697,1040,734,4,2,0,taken_over,94,47,False,True,41708,60
2026-10-04T05:36:44+08:00,58768,True,33.6,66.4,11,477.8,754.2,511.4,104556,994,697,1040,734,4,2,0,taken_over,94,47,False,True,41768,60
2026-10-04T05:37:44+08:00,58768,True,33.5,66.4,11,477.9,754.4,511.5,104556,994,698,1040,734,4,2,0,taken_over,94,47,False,True,41828,60
2026-10-04T05:38:44+08:00,58768,True,33.5,66.4,11,481.3,757.6,514.8,104556,994,697,1040,734,4,2,0,taken_over,94,47,False,True,41888,60
2026-10-04T05:39:44+08:00,58768,True,33.5,66.4,11,476.9,754.4,510.4,104556,994,697,1040,734,4,2,0,taken_over,94,47,False,True,41948,60
2026-10-04T05:40:44+08:00,58768,True,33.5,66.4,11,478.3,754.8,511.8,104556,994,701,1040,734,4,2,0,taken_over,94,47,False,True,42008,60
2026-10-04T05:41:44+08:00,58768,True,33.5,66.4,11,478.2,755.0,511.8,104556,994,697,1040,734,4,2,0,taken_over,94,47,False,True,42068,60
2026-10-04T05:42:44+08:00,58768,True,33.5,66.4,11,478.1,754.7,511.7,104556,994,715,1040,734,4,2,0,taken_over,94,47,False,True,42128,60
2026-10-04T05:43:44+08:00,58768,True,33.5,66.4,11,478.1,754.6,511.6,104556,994,708,1040,734,4,2,0,taken_over,94,47,False,True,42188,60
2026-10-04T05:44:44+08:00,58768,True,33.5,66.4,11,476.8,754.5,510.3,104556,994,705,1040,734,4,2,0,taken_over,94,47,False,True,42248,60
2026-10-04T05:45:44+08:00,58768,True,33.4,66.4,11,478.6,754.4,512.0,104556,994,701,1040,734,4,2,0,taken_over,96,48,False,True,42308,60
2026-10-04T05:46:44+08:00,58768,True,33.4,66.4,11,477.8,754.4,511.2,104556,994,699,1040,734,4,2,0,taken_over,96,48,False,True,42368,60
2026-10-04T05:47:44+08:00,58768,True,33.4,66.4,11,477.8,754.3,511.2,104556,994,697,1040,734,4,2,0,taken_over,96,48,False,True,42428,60
2026-10-04T05:48:44+08:00,58768,True,33.4,66.4,11,477.9,754.4,511.3,104556,994,697,1040,734,4,2,0,taken_over,96,48,False,True,42488,60
2026-10-04T05:49:44+08:00,58768,True,33.4,66.4,11,483.3,755.2,516.7,104556,996,700,1040,734,4,2,0,taken_over,96,48,False,True,42548,60
2026-10-04T05:50:44+08:00,58768,True,33.4,66.4,11,478.8,754.4,512.2,104556,996,700,1040,734,4,2,0,taken_over,96,48,False,True,42608,60
2026-10-04T05:51:44+08:00,58768,True,33.4,66.4,11,477.5,754.7,510.9,104556,994,697,1040,734,4,2,0,taken_over,96,48,False,True,42668,60
2026-10-04T05:52:44+08:00,58768,True,33.4,66.4,11,477.5,754.8,510.9,104556,994,697,1040,734,4,2,0,taken_over,96,48,False,True,42728,60
2026-10-04T05:53:44+08:00,58768,True,33.4,66.4,11,478.2,754.7,511.6,104556,994,697,1040,734,4,2,0,taken_over,96,48,False,True,42788,60
2026-10-04T05:54:44+08:00,58768,True,33.4,66.4,11,477.3,754.3,510.8,104556,994,697,1040,734,4,2,0,taken_over,96,48,False,True,42848,60
2026-10-04T05:55:44+08:00,58768,True,33.4,66.4,11,477.5,754.4,510.9,104556,994,697,1040,734,4,2,0,taken_over,96,48,False,True,42908,60
2026-10-04T05:56:44+08:00,58768,True,33.4,66.4,11,476.2,754.5,509.6,104556,994,705,1040,734,4,2,0,taken_over,96,48,False,True,42968,60
2026-10-04T05:57:44+08:00,58768,True,33.4,66.4,11,477.9,754.9,511.3,104556,994,717,1040,734,4,2,0,taken_over,96,48,False,True,43028,60
2026-10-04T05:58:45+08:00,58768,True,33.4,66.4,11,477.8,754.8,511.2,104556,994,711,1040,734,4,2,0,taken_over,96,48,False,True,43088,60
2026-10-04T05:59:44+08:00,58768,True,33.4,66.4,11,477.8,754.9,511.2,104556,994,701,1040,734,4,2,0,taken_over,96,48,False,True,43148,60
2026-10-04T06:00:45+08:00,58768,True,33.2,66.5,11,478.2,755.2,511.4,104556,994,698,1040,734,4,2,0,taken_over,98,49,False,True,43208,60
2026-10-04T06:01:44+08:00,58768,True,33.2,66.5,11,481.1,755.7,514.3,104556,994,697,1040,734,4,2,0,taken_over,98,49,False,True,43268,60
2026-10-04T06:02:44+08:00,58768,True,33.2,66.5,11,479.0,755.3,512.2,104556,994,697,1040,734,4,2,0,taken_over,98,49,False,True,43328,60
2026-10-04T06:03:45+08:00,58768,True,33.2,66.5,11,482.2,759.3,515.4,104556,994,698,1040,734,4,2,0,taken_over,98,49,False,True,43388,60
2026-10-04T06:04:44+08:00,58768,True,33.2,66.5,11,476.5,755.0,509.7,104556,994,698,1040,734,4,2,0,taken_over,98,49,False,True,43448,60
2026-10-04T06:05:45+08:00,58768,True,33.2,66.5,11,476.6,755.2,509.8,104556,994,697,1040,734,4,2,0,taken_over,98,49,False,True,43508,60
2026-10-04T06:06:44+08:00,58768,True,33.2,66.5,11,476.5,755.1,509.7,104556,994,697,1040,734,4,2,0,taken_over,98,49,False,True,43568,60
2026-10-04T06:07:45+08:00,58768,True,33.2,66.5,11,476.5,755.1,509.7,104556,994,697,1040,734,4,2,0,taken_over,98,49,False,True,43628,60
2026-10-04T06:08:45+08:00,58768,True,33.2,66.5,11,475.1,754.8,508.2,104556,994,697,1040,734,4,2,0,taken_over,98,49,False,True,43688,60
2026-10-04T06:09:45+08:00,58768,True,33.2,66.5,11,476.5,754.8,509.7,104556,994,697,1040,734,4,2,0,taken_over,98,49,False,True,43748,60
2026-10-04T06:10:45+08:00,58768,True,33.2,66.5,11,476.5,754.9,509.7,104556,994,697,1040,734,4,2,0,taken_over,98,49,False,True,43808,60
2026-10-04T06:11:45+08:00,58768,True,33.2,66.5,11,477.1,755.3,510.3,104556,994,697,1040,734,4,2,0,taken_over,98,49,False,True,43868,60
2026-10-04T06:12:45+08:00,58768,True,33.2,66.5,11,476.7,754.9,509.9,104556,994,698,1040,734,4,2,0,taken_over,98,49,False,True,43928,60
2026-10-04T06:13:45+08:00,58768,True,33.2,66.5,11,479.6,759.1,512.8,104556,994,698,1040,734,4,2,0,taken_over,98,49,False,True,43988,60
2026-10-04T06:14:45+08:00,58768,True,33.2,66.5,11,478.1,755.5,511.3,104556,994,698,1040,734,4,2,0,taken_over,98,49,False,True,44048,60
2026-10-04T06:15:45+08:00,58768,True,32.1,65.3,11,477.6,754.9,509.8,104556,994,698,1040,734,4,2,0,taken_over,100,50,False,True,44108,60
2026-10-04T06:16:45+08:00,58768,True,32.1,65.3,11,477.2,754.7,509.3,104556,994,698,1040,734,4,2,0,taken_over,100,50,False,True,44168,60
2026-10-04T06:17:45+08:00,58768,True,32.1,65.3,11,477.7,754.8,509.8,104556,994,697,1040,734,4,2,0,taken_over,100,50,False,True,44228,60
2026-10-04T06:18:45+08:00,58768,True,32.1,65.3,11,482.6,755.2,514.7,104556,994,697,1040,734,4,2,0,taken_over,100,50,False,True,44288,60
2026-10-04T06:19:45+08:00,58768,True,32.1,65.3,11,478.5,755.0,510.6,104556,994,698,1040,734,4,2,0,taken_over,100,50,False,True,44348,60
2026-10-04T06:20:45+08:00,58768,True,32.1,65.3,11,477.2,754.9,509.4,104556,994,698,1040,734,4,2,0,taken_over,100,50,False,True,44408,60
2026-10-04T06:21:45+08:00,58768,True,32.2,65.3,11,477.9,755.0,510.1,104556,994,698,1040,734,4,2,0,taken_over,100,50,False,True,44468,60
2026-10-04T06:22:45+08:00,58768,True,32.2,65.3,11,477.9,755.0,510.1,104556,994,697,1040,734,4,2,0,taken_over,100,50,False,True,44528,60
2026-10-04T06:23:45+08:00,58768,True,32.2,65.3,11,478.2,755.1,510.3,104556,994,697,1040,734,4,2,0,taken_over,100,50,False,True,44588,60
2026-10-04T06:24:45+08:00,58768,True,32.2,65.3,11,477.7,754.9,509.9,104556,994,698,1040,734,4,2,0,taken_over,100,50,False,True,44648,60
2026-10-04T06:25:45+08:00,58768,True,32.2,65.3,11,476.8,754.4,509.0,104556,994,697,1040,734,4,2,0,taken_over,100,50,False,True,44708,60
2026-10-04T06:26:45+08:00,58768,True,32.2,65.3,11,479.1,754.8,511.3,104556,994,697,1040,734,4,2,0,taken_over,100,50,False,True,44768,60
2026-10-04T06:27:45+08:00,58768,True,32.2,65.3,11,478.3,754.7,510.4,104556,994,697,1040,734,4,2,0,taken_over,100,50,False,True,44828,60
2026-10-04T06:28:45+08:00,58768,True,32.2,65.3,11,478.5,754.6,510.7,104556,994,697,1040,734,4,2,0,taken_over,100,50,False,True,44888,60
2026-10-04T06:29:45+08:00,58768,True,32.2,65.3,11,478.5,754.8,510.6,104556,994,697,1040,734,4,2,0,taken_over,100,50,False,True,44948,60
2026-10-04T06:30:45+08:00,58768,True,33.2,66.5,11,481.7,755.4,514.9,104556,994,698,1040,734,4,2,0,taken_over,102,51,False,True,45008,60
2026-10-04T06:31:45+08:00,58768,True,33.2,66.5,11,479.2,754.7,512.4,104556,994,698,1040,734,4,2,0,taken_over,102,51,False,True,45068,60
2026-10-04T06:32:45+08:00,58768,True,33.2,66.5,11,478.6,754.8,511.8,104556,994,697,1040,734,4,2,0,taken_over,102,51,False,True,45128,60
2026-10-04T06:33:45+08:00,58768,True,33.2,66.5,11,478.8,754.9,511.9,104556,994,697,1040,734,4,2,0,taken_over,102,51,False,True,45188,60
2026-10-04T06:34:45+08:00,58768,True,33.2,66.5,11,478.7,754.7,511.9,104556,994,698,1040,734,4,2,0,taken_over,102,51,False,True,45248,60
2026-10-04T06:35:45+08:00,58768,True,33.2,66.5,11,478.7,754.8,511.9,104556,994,698,1040,734,4,2,0,taken_over,102,51,False,True,45308,60
2026-10-04T06:36:45+08:00,58768,True,33.2,66.5,11,478.8,754.7,512.0,104556,994,697,1040,734,4,2,0,taken_over,102,51,False,True,45368,60
2026-10-04T06:37:45+08:00,58768,True,33.2,66.5,11,477.1,754.6,510.3,104556,994,698,1040,734,4,2,0,taken_over,102,51,False,True,45428,60
2026-10-04T06:38:45+08:00,58768,True,33.2,66.5,11,478.5,754.7,511.7,104556,994,698,1040,734,4,2,0,taken_over,102,51,False,True,45488,60
2026-10-04T06:39:45+08:00,58768,True,33.2,66.5,11,478.6,754.7,511.8,104556,994,698,1040,734,4,2,0,taken_over,102,51,False,True,45548,60
2026-10-04T06:40:45+08:00,58768,True,33.2,66.5,11,478.6,754.9,511.8,104556,994,697,1040,734,4,2,0,taken_over,102,51,False,True,45608,60
2026-10-04T06:41:45+08:00,58768,True,33.2,66.5,11,478.5,754.9,511.7,104556,994,697,1040,734,4,2,0,taken_over,102,51,False,True,45668,60
2026-10-04T06:42:45+08:00,58768,True,33.2,66.5,11,477.9,755.5,511.1,104556,994,697,1040,734,4,2,0,taken_over,102,51,False,True,45728,60
2026-10-04T06:43:45+08:00,58768,True,33.2,66.5,11,479.4,755.0,512.6,104556,994,697,1040,734,4,2,0,taken_over,102,51,False,True,45788,60
2026-10-04T06:44:45+08:00,58768,True,33.2,66.5,11,478.6,755.0,511.8,104556,994,697,1040,734,4,2,0,taken_over,102,51,False,True,45848,60
2026-10-04T06:45:45+08:00,58768,True,33.4,66.5,11,478.9,755.0,512.3,104556,994,697,1040,734,4,2,0,taken_over,104,52,False,True,45908,60
2026-10-04T06:46:45+08:00,58768,True,33.4,66.5,11,478.7,755.1,512.1,104556,994,697,1040,734,4,2,0,taken_over,104,52,False,True,45968,60
2026-10-04T06:47:45+08:00,58768,True,33.4,66.5,11,484.3,756.1,517.8,104556,994,697,1040,734,4,2,0,taken_over,104,52,False,True,46028,60
2026-10-04T06:48:45+08:00,58768,True,33.4,66.5,11,479.6,755.3,513.0,104556,994,697,1040,734,4,2,0,taken_over,104,52,False,True,46088,60
2026-10-04T06:49:45+08:00,58768,True,33.4,66.5,11,478.0,755.2,511.4,104556,994,698,1040,734,4,2,0,taken_over,104,52,False,True,46148,60
2026-10-04T06:50:45+08:00,58768,True,33.4,66.5,11,478.7,755.2,512.1,104556,994,698,1040,734,4,2,0,taken_over,104,52,False,True,46208,60
2026-10-04T06:51:45+08:00,58768,True,33.4,66.6,11,478.7,755.2,512.1,104556,994,698,1040,734,4,2,0,taken_over,104,52,False,True,46268,60
2026-10-04T06:52:45+08:00,58768,True,33.4,66.6,11,478.6,755.3,512.1,104556,994,699,1040,734,4,2,0,taken_over,104,52,False,True,46328,60
2026-10-04T06:53:45+08:00,58768,True,33.4,66.6,11,478.7,755.1,512.1,104556,994,698,1040,734,4,2,0,taken_over,104,52,False,True,46388,60
2026-10-04T06:54:45+08:00,58768,True,33.4,66.6,11,477.4,755.3,510.8,104556,994,697,1040,734,4,2,0,taken_over,104,52,False,True,46448,60
2026-10-04T06:55:45+08:00,58768,True,33.4,66.6,11,479.4,755.3,512.8,104556,994,697,1040,734,4,2,0,taken_over,104,52,False,True,46508,60
2026-10-04T06:56:45+08:00,58768,True,33.4,66.6,11,478.6,755.0,512.0,104556,994,705,1040,734,4,2,0,taken_over,104,52,False,True,46568,60
2026-10-04T06:57:45+08:00,58768,True,33.4,66.6,11,478.7,755.0,512.1,104556,994,700,1040,734,4,2,0,taken_over,104,52,False,True,46628,60
2026-10-04T06:58:45+08:00,58768,True,33.4,66.6,11,478.9,755.1,512.3,104556,994,700,1040,734,4,2,0,taken_over,104,52,False,True,46688,60
2026-10-04T06:59:45+08:00,58768,True,33.4,66.6,11,481.8,755.5,515.2,104556,994,699,1040,734,4,2,0,taken_over,104,52,False,True,46748,60
2026-10-04T07:00:45+08:00,58768,True,33.1,66.4,11,478.4,754.2,511.5,104556,994,698,1040,734,4,2,0,taken_over,106,53,False,True,46808,60
2026-10-04T07:01:45+08:00,58768,True,33.1,66.4,11,477.7,754.2,510.8,104556,994,698,1040,734,4,2,0,taken_over,106,53,False,True,46868,60
2026-10-04T07:02:45+08:00,58768,True,33.1,66.4,11,477.7,754.2,510.7,104556,994,698,1040,734,4,2,0,taken_over,106,53,False,True,46928,60
2026-10-04T07:03:45+08:00,58768,True,33.1,66.4,11,477.7,754.4,510.8,104556,994,698,1040,734,4,2,0,taken_over,106,53,False,True,46988,60
2026-10-04T07:04:45+08:00,58768,True,33.1,66.4,11,477.6,754.1,510.7,104556,994,697,1040,734,4,2,0,taken_over,106,53,False,True,47048,60
2026-10-04T07:05:45+08:00,58768,True,33.1,66.4,11,477.8,754.4,510.9,104556,994,697,1040,734,4,2,0,taken_over,106,53,False,True,47108,60
2026-10-04T07:06:45+08:00,58768,True,33.1,66.5,11,476.4,754.1,509.5,104556,994,698,1040,734,4,2,0,taken_over,106,53,False,True,47168,60
2026-10-04T07:07:45+08:00,58768,True,33.1,66.4,11,478.1,754.4,511.2,104556,994,698,1040,734,4,2,0,taken_over,106,53,False,True,47228,60
2026-10-04T07:08:45+08:00,58768,True,33.1,66.4,11,478.2,755.7,511.3,104556,994,697,1040,734,4,2,0,taken_over,106,53,False,True,47288,60
2026-10-04T07:09:45+08:00,58768,True,33.1,66.4,11,478.3,755.6,511.4,104556,994,697,1040,734,4,2,0,taken_over,106,53,False,True,47348,60
2026-10-04T07:10:45+08:00,58768,True,33.1,66.4,11,478.3,755.7,511.4,104556,994,697,1040,734,4,2,0,taken_over,106,53,False,True,47409,60
2026-10-04T07:11:45+08:00,58768,True,33.1,66.4,11,479.1,755.5,512.1,104556,994,697,1040,734,4,2,0,taken_over,106,53,False,True,47469,60
2026-10-04T07:12:45+08:00,58768,True,33.1,66.4,11,478.5,755.3,511.6,104556,994,698,1040,734,4,2,0,taken_over,106,53,False,True,47529,60
2026-10-04T07:13:45+08:00,58768,True,33.1,66.4,11,477.8,755.5,510.9,104556,994,697,1040,734,4,2,0,taken_over,106,53,False,True,47589,60
2026-10-04T07:14:45+08:00,58768,True,33.1,66.4,11,477.8,755.5,510.9,104556,994,697,1040,734,4,2,0,taken_over,106,53,False,True,47649,60
2026-10-04T07:15:45+08:00,58768,True,33.4,66.4,11,477.7,755.2,511.1,104556,994,697,1040,734,4,2,0,taken_over,108,54,False,True,47709,60
2026-10-04T07:16:45+08:00,58768,True,33.4,66.4,11,483.2,756.3,516.6,104556,994,698,1040,734,4,2,0,taken_over,108,54,False,True,47769,60
2026-10-04T07:17:45+08:00,58768,True,33.4,66.4,11,478.2,755.1,511.6,104556,994,698,1040,734,4,2,0,taken_over,108,54,False,True,47829,60
2026-10-04T07:18:45+08:00,58768,True,33.4,66.4,11,477.8,755.4,511.2,104556,994,698,1040,734,4,2,0,taken_over,108,54,False,True,47889,60
2026-10-04T07:19:45+08:00,58768,True,33.4,66.4,11,478.5,755.4,511.9,104556,994,697,1040,734,4,2,0,taken_over,108,54,False,True,47949,60
2026-10-04T07:20:45+08:00,58768,True,33.4,66.4,11,478.9,755.4,512.4,104556,994,697,1040,734,4,2,0,taken_over,108,54,False,True,48009,60
2026-10-04T07:21:45+08:00,58768,True,33.4,66.4,11,478.9,755.5,512.3,104556,994,697,1040,734,4,2,0,taken_over,108,54,False,True,48069,60
2026-10-04T07:22:45+08:00,58768,True,33.4,66.4,11,478.4,755.3,511.8,104556,994,698,1040,734,4,2,0,taken_over,108,54,False,True,48129,60
2026-10-04T07:23:45+08:00,58768,True,33.4,66.4,11,477.2,755.3,510.6,104556,994,698,1040,734,4,2,0,taken_over,108,54,False,True,48189,60
2026-10-04T07:24:45+08:00,58768,True,33.4,66.4,11,479.2,755.3,512.6,104556,994,697,1040,734,4,2,0,taken_over,108,54,False,True,48249,60
2026-10-04T07:25:45+08:00,58768,True,33.4,66.4,11,478.4,755.3,511.8,104556,994,697,1040,734,4,2,0,taken_over,108,54,False,True,48309,60
2026-10-04T07:26:45+08:00,58768,True,33.4,66.4,11,478.5,755.3,511.9,104556,994,697,1040,734,4,2,0,taken_over,108,54,False,True,48369,60
2026-10-04T07:27:45+08:00,58768,True,33.4,66.4,11,478.4,755.4,511.9,104556,994,697,1040,734,4,2,0,taken_over,108,54,False,True,48429,60
2026-10-04T07:28:45+08:00,58768,True,33.4,66.4,11,481.9,756.0,515.3,104556,994,697,1040,734,4,2,0,taken_over,108,54,False,True,48489,60
2026-10-04T07:29:45+08:00,58768,True,33.4,66.4,11,478.8,755.4,512.2,104556,994,697,1040,734,4,2,0,taken_over,108,54,False,True,48549,60
2026-10-04T07:30:45+08:00,58768,True,33.2,66.5,11,478.2,755.6,511.4,104556,994,697,1040,734,4,2,0,taken_over,110,55,False,True,48609,60
2026-10-04T07:31:45+08:00,58768,True,33.2,66.5,11,478.1,755.4,511.3,104556,994,697,1040,734,4,2,0,taken_over,110,55,False,True,48669,60
2026-10-04T07:32:45+08:00,58768,True,33.2,66.5,11,478.1,755.5,511.2,104556,994,697,1040,734,4,2,0,taken_over,110,55,False,True,48729,60
2026-10-04T07:33:45+08:00,58768,True,33.2,66.5,11,477.7,755.5,510.9,104556,994,697,1040,734,4,2,0,taken_over,110,55,False,True,48789,60
2026-10-04T07:34:45+08:00,58768,True,33.2,66.5,11,477.8,755.4,511.0,104556,994,698,1040,734,4,2,0,taken_over,110,55,False,True,48849,60
2026-10-04T07:35:45+08:00,58768,True,33.2,66.5,11,476.3,755.4,509.5,104556,994,698,1040,734,4,2,0,taken_over,110,55,False,True,48909,60
2026-10-04T07:36:45+08:00,58768,True,33.2,66.5,11,477.8,755.4,511.0,104556,994,697,1040,734,4,2,0,taken_over,110,55,False,True,48969,60
2026-10-04T07:37:45+08:00,58768,True,33.2,66.5,11,477.7,755.4,511.0,104556,994,697,1040,734,4,2,0,taken_over,110,55,False,True,49029,60
2026-10-04T07:38:45+08:00,58768,True,33.2,66.5,11,477.8,755.5,511.0,104556,994,697,1040,734,4,2,0,taken_over,110,55,False,True,49089,60
2026-10-04T07:39:45+08:00,58768,True,33.2,66.5,11,478.0,755.6,511.2,104556,994,698,1040,734,4,2,0,taken_over,110,55,False,True,49149,60
2026-10-04T07:40:45+08:00,58768,True,33.2,66.5,11,481.0,756.3,514.2,104556,994,698,1040,734,4,2,0,taken_over,110,55,False,True,49209,60
2026-10-04T07:41:45+08:00,58768,True,33.2,66.5,11,479.5,755.7,512.7,104556,994,697,1040,734,4,2,0,taken_over,110,55,False,True,49269,60
2026-10-04T07:42:45+08:00,58768,True,33.2,66.5,11,479.0,755.4,512.2,104556,994,697,1040,734,4,2,0,taken_over,110,55,False,True,49329,60
2026-10-04T07:43:45+08:00,58768,True,33.2,66.5,11,479.0,755.6,512.2,104556,994,697,1040,734,4,2,0,taken_over,110,55,False,True,49389,60
2026-10-04T07:44:46+08:00,58768,True,33.2,66.5,11,478.6,755.4,511.8,104556,994,697,1040,734,4,2,0,taken_over,110,55,False,True,49449,60
2026-10-04T07:45:46+08:00,58768,True,33.1,66.3,11,478.7,755.5,511.8,104556,994,698,1040,734,4,2,0,taken_over,112,56,False,True,49509,60
2026-10-04T07:46:45+08:00,58768,True,33.1,66.3,11,478.7,755.5,511.8,104556,994,698,1040,734,4,2,0,taken_over,112,56,False,True,49569,60
2026-10-04T07:47:46+08:00,58768,True,33.1,66.3,11,477.5,755.6,510.6,104556,994,698,1040,734,4,2,0,taken_over,112,56,False,True,49629,60
2026-10-04T07:48:46+08:00,58768,True,33.1,66.3,11,478.9,755.6,512.0,104556,994,698,1040,734,4,2,0,taken_over,112,56,False,True,49689,60
2026-10-04T07:49:46+08:00,58768,True,33.1,66.3,11,478.9,755.7,511.9,104556,994,697,1040,734,4,2,0,taken_over,112,56,False,True,49749,60
2026-10-04T07:50:46+08:00,58768,True,33.1,66.3,11,478.8,755.6,511.9,104556,994,697,1040,734,4,2,0,taken_over,112,56,False,True,49809,60
2026-10-04T07:51:45+08:00,58768,True,33.1,66.4,11,478.8,755.6,511.9,104556,994,698,1040,734,4,2,0,taken_over,112,56,False,True,49869,60
2026-10-04T07:52:46+08:00,58768,True,33.1,66.4,11,478.2,756.3,511.3,104556,994,697,1040,734,4,2,0,taken_over,112,56,False,True,49929,60
2026-10-04T07:53:46+08:00,58768,True,33.1,66.4,11,479.7,755.6,512.8,104556,994,697,1040,734,4,2,0,taken_over,112,56,False,True,49989,60
2026-10-04T07:54:46+08:00,58768,True,33.1,66.4,11,479.0,755.7,512.0,104556,994,697,1040,734,4,2,0,taken_over,112,56,False,True,50049,60
2026-10-04T07:55:46+08:00,58768,True,33.1,66.4,11,478.9,755.8,511.9,104556,994,697,1040,734,4,2,0,taken_over,112,56,False,True,50109,60
2026-10-04T07:56:46+08:00,58768,True,33.1,66.4,11,478.9,755.7,512.0,104556,994,706,1040,734,4,2,0,taken_over,112,56,False,True,50169,60
2026-10-04T07:57:46+08:00,58768,True,33.1,66.4,11,484.0,756.4,517.1,104556,994,701,1040,734,4,2,0,taken_over,112,56,False,True,50229,60
2026-10-04T07:58:46+08:00,58768,True,33.1,66.4,11,479.7,755.7,512.8,104556,994,700,1040,734,4,2,0,taken_over,112,56,False,True,50289,60
2026-10-04T07:59:46+08:00,58768,True,33.1,66.4,11,482.8,760.2,515.9,104556,994,699,1040,734,4,2,0,taken_over,112,56,False,True,50349,60
2026-10-04T08:00:46+08:00,58768,True,33.1,66.3,11,479.1,756.0,512.2,104556,994,699,1040,734,4,2,0,taken_over,114,57,False,True,50409,60
2026-10-04T08:01:46+08:00,58768,True,33.1,66.3,11,478.9,755.7,512.0,104556,994,698,1040,734,4,2,0,taken_over,114,57,False,True,50469,60
2026-10-04T08:02:46+08:00,58768,True,33.1,66.3,11,479.2,755.8,512.2,104556,994,697,1040,734,4,2,0,taken_over,114,57,False,True,50529,60
2026-10-04T08:03:46+08:00,58768,True,33.1,66.3,11,479.2,756.0,512.3,104556,994,697,1040,734,4,2,0,taken_over,114,57,False,True,50589,60
2026-10-04T08:04:46+08:00,58768,True,33.1,66.3,11,477.8,755.9,510.9,104556,994,697,1040,734,4,2,0,taken_over,114,57,False,True,50649,60
2026-10-04T08:05:46+08:00,58768,True,33.1,66.3,11,479.2,756.0,512.3,104556,994,697,1040,734,4,2,0,taken_over,114,57,False,True,50709,60
2026-10-04T08:06:46+08:00,58768,True,33.1,66.3,11,479.0,756.0,512.2,104556,994,697,1040,734,4,2,0,taken_over,114,57,False,True,50769,60
2026-10-04T08:07:46+08:00,58768,True,33.1,66.3,11,479.1,755.9,512.2,104556,994,697,1040,734,4,2,0,taken_over,114,57,False,True,50829,60
2026-10-04T08:08:46+08:00,58768,True,33.1,66.3,11,479.1,756.0,512.2,104556,994,697,1040,734,4,2,0,taken_over,114,57,False,True,50889,60
2026-10-04T08:09:46+08:00,58768,True,33.1,66.3,11,482.0,756.5,515.0,104556,994,697,1040,734,4,2,0,taken_over,114,57,False,True,50949,60
2026-10-04T08:10:46+08:00,58768,True,33.1,66.3,11,479.8,756.0,512.9,104556,994,697,1040,734,4,2,0,taken_over,114,57,False,True,51009,60
2026-10-04T08:11:46+08:00,58768,True,33.1,66.3,11,479.1,756.0,512.2,104556,994,697,1040,734,4,2,0,taken_over,114,57,False,True,51069,60
2026-10-04T08:12:46+08:00,58768,True,33.1,66.3,11,479.0,755.9,512.1,104556,994,697,1040,734,4,2,0,taken_over,114,57,False,True,51129,60
2026-10-04T08:13:46+08:00,58768,True,33.1,66.3,11,479.0,755.9,512.1,104556,994,698,1040,734,4,2,0,taken_over,114,57,False,True,51189,60
2026-10-04T08:14:46+08:00,58768,True,33.1,66.3,11,479.2,755.9,512.3,104556,994,698,1040,734,4,2,0,taken_over,114,57,False,True,51249,60
2026-10-04T08:15:46+08:00,58768,True,33.1,66.3,11,479.2,755.8,512.3,104556,994,697,1040,734,4,2,0,taken_over,116,58,False,True,51309,60
2026-10-04T08:16:46+08:00,58768,True,33.1,66.3,11,477.8,755.8,510.8,104556,994,697,1040,734,4,2,0,taken_over,116,58,False,True,51369,60
2026-10-04T08:17:46+08:00,58768,True,33.1,66.3,11,479.0,755.7,512.1,104556,994,697,1040,734,4,2,0,taken_over,116,58,False,True,51429,60
2026-10-04T08:18:46+08:00,58768,True,33.1,66.3,11,478.9,755.5,511.9,104556,994,697,1040,734,4,2,0,taken_over,116,58,False,True,51489,60
2026-10-04T08:19:46+08:00,58768,True,33.1,66.3,11,479.1,755.8,512.1,104556,994,697,1040,734,4,2,0,taken_over,116,58,False,True,51549,60
2026-10-04T08:20:46+08:00,58768,True,33.1,66.3,11,479.1,755.7,512.1,104556,994,697,1040,734,4,2,0,taken_over,116,58,False,True,51609,60
2026-10-04T08:21:46+08:00,58768,True,33.1,66.3,11,477.8,755.9,510.9,104556,994,697,1040,734,4,2,0,taken_over,116,58,False,True,51669,60
2026-10-04T08:22:46+08:00,58768,True,33.1,66.3,11,479.6,755.7,512.7,104556,994,697,1040,734,4,2,0,taken_over,116,58,False,True,51729,60
2026-10-04T08:23:46+08:00,58768,True,33.1,66.3,11,479.1,755.7,512.2,104556,994,697,1040,734,4,2,0,taken_over,116,58,False,True,51789,60
2026-10-04T08:24:46+08:00,58768,True,33.1,66.3,11,478.4,755.6,511.5,104556,994,698,1040,734,4,2,0,taken_over,116,58,False,True,51849,60
2026-10-04T08:25:46+08:00,58768,True,33.1,66.3,11,479.2,756.2,512.2,104556,994,698,1040,734,4,2,0,taken_over,116,58,False,True,51909,60
2026-10-04T08:26:46+08:00,58768,True,33.1,66.3,11,484.1,756.6,517.2,104556,994,697,1040,734,4,2,0,taken_over,116,58,False,True,51969,60
2026-10-04T08:27:46+08:00,58768,True,33.1,66.3,11,479.7,756.1,512.7,104556,994,697,1040,734,4,2,0,taken_over,116,58,False,True,52029,60
2026-10-04T08:28:46+08:00,58768,True,33.1,66.3,11,478.2,756.0,511.3,104556,994,697,1040,734,4,2,0,taken_over,116,58,False,True,52089,60
2026-10-04T08:29:46+08:00,58768,True,33.1,66.3,11,478.6,755.6,511.7,104556,994,697,1040,734,4,2,0,taken_over,116,58,False,True,52149,60
2026-10-04T08:30:46+08:00,58768,True,33.4,66.3,11,478.7,755.9,512.1,104556,994,697,1040,734,4,2,0,taken_over,118,59,False,True,52209,60
2026-10-04T08:31:46+08:00,58768,True,33.4,66.3,11,478.7,755.8,512.1,104556,994,698,1040,734,4,2,0,taken_over,118,59,False,True,52269,60
2026-10-04T08:32:46+08:00,58768,True,33.4,66.3,11,478.8,755.8,512.2,104556,994,698,1040,734,4,2,0,taken_over,118,59,False,True,52329,60
2026-10-04T08:33:46+08:00,58768,True,33.4,66.3,11,477.5,756.0,510.9,104556,994,698,1040,734,4,2,0,taken_over,118,59,False,True,52389,60
2026-10-04T08:34:46+08:00,58768,True,33.4,66.3,11,478.2,755.5,511.7,104556,994,698,1040,734,4,2,0,taken_over,118,59,False,True,52449,60
2026-10-04T08:35:46+08:00,58768,True,33.4,66.3,11,478.3,755.7,511.7,104556,994,697,1040,734,4,2,0,taken_over,118,59,False,True,52509,60
2026-10-04T08:36:46+08:00,58768,True,33.5,66.3,11,478.6,755.9,512.0,104556,994,698,1040,734,4,2,0,taken_over,118,59,False,True,52569,60
2026-10-04T08:37:46+08:00,58768,True,33.5,66.3,11,478.6,755.8,512.0,104556,994,698,1040,734,4,2,0,taken_over,118,59,False,True,52629,60
2026-10-04T08:38:46+08:00,58768,True,33.4,66.3,11,482.0,756.7,515.4,104556,994,697,1040,734,4,2,0,taken_over,118,59,False,True,52689,60
2026-10-04T08:39:46+08:00,58768,True,33.4,66.3,11,479.3,755.9,512.7,104556,994,697,1040,734,4,2,0,taken_over,118,59,False,True,52749,60
2026-10-04T08:40:46+08:00,58768,True,33.4,66.3,11,478.3,755.7,511.7,104556,994,697,1040,734,4,2,0,taken_over,118,59,False,True,52809,60
2026-10-04T08:41:46+08:00,58768,True,33.4,66.3,11,478.4,755.9,511.8,104556,994,699,1040,734,4,2,0,taken_over,118,59,False,True,52869,60
2026-10-04T08:42:46+08:00,58768,True,33.4,66.3,11,478.4,755.6,511.9,104556,994,698,1040,734,4,2,0,taken_over,118,59,False,True,52929,60
2026-10-04T08:43:46+08:00,58768,True,33.4,66.3,11,478.3,755.6,511.8,104556,994,698,1040,734,4,2,0,taken_over,118,59,False,True,52989,60
2026-10-04T08:44:46+08:00,58768,True,33.4,66.3,11,478.2,755.8,511.7,104556,994,698,1040,734,4,2,0,taken_over,118,59,False,True,53049,60
2026-10-04T08:45:46+08:00,58768,True,33.5,66.4,11,476.9,755.6,510.4,104556,994,698,1040,734,4,2,0,taken_over,120,60,False,True,53109,60
2026-10-04T08:46:46+08:00,58768,True,33.5,66.4,11,478.3,755.8,511.8,104556,994,699,1040,734,4,2,0,taken_over,120,60,False,True,53169,60
2026-10-04T08:47:46+08:00,58768,True,33.5,66.4,11,478.6,755.8,512.2,104556,994,699,1040,734,4,2,0,taken_over,120,60,False,True,53229,60
2026-10-04T08:48:46+08:00,58768,True,33.5,66.4,11,478.6,755.9,512.2,104556,994,699,1040,734,4,2,0,taken_over,120,60,False,True,53290,60
2026-10-04T08:49:46+08:00,58768,True,33.5,66.4,11,478.6,756.0,512.2,104556,994,699,1040,734,4,2,0,taken_over,120,60,False,True,53350,60
2026-10-04T08:50:46+08:00,58768,True,33.5,66.4,11,478.6,756.5,512.1,104556,994,699,1040,734,4,2,0,taken_over,120,60,False,True,53410,60
2026-10-04T08:51:46+08:00,58768,True,33.6,66.4,11,483.2,759.9,516.8,104556,994,698,1040,734,4,2,0,taken_over,120,60,False,True,53470,60
2026-10-04T08:52:46+08:00,58768,True,33.6,66.4,11,478.9,756.5,512.5,104556,994,699,1040,734,4,2,0,taken_over,120,60,False,True,53530,60
2026-10-04T08:53:46+08:00,58768,True,33.6,66.4,11,478.8,756.1,512.4,104556,994,698,1040,734,4,2,0,taken_over,120,60,False,True,53590,60
2026-10-04T08:54:46+08:00,58768,True,33.6,66.4,11,478.9,756.4,512.4,104556,994,698,1040,734,4,2,0,taken_over,120,60,False,True,53650,60
2026-10-04T08:55:46+08:00,58768,True,33.6,66.4,11,484.0,757.3,517.5,104556,994,697,1040,734,4,2,0,taken_over,120,60,False,True,53710,60
2026-10-04T08:56:46+08:00,58768,True,33.6,66.4,11,479.5,756.1,513.0,104556,994,704,1040,734,4,2,0,taken_over,120,60,False,True,53770,60
2026-10-04T08:57:46+08:00,58768,True,33.6,66.4,11,478.0,756.1,511.5,104556,994,699,1040,734,4,2,0,taken_over,120,60,False,True,53830,60
2026-10-04T08:58:46+08:00,58768,True,33.6,66.4,11,479.0,756.1,512.5,104556,994,699,1040,734,4,2,0,taken_over,120,60,False,True,53890,60
2026-10-04T08:59:46+08:00,58768,True,33.6,66.4,11,479.0,756.3,512.5,104556,994,698,1040,734,4,2,0,taken_over,120,60,False,True,53950,60
2026-10-04T09:00:46+08:00,58768,True,33.3,66.4,11,478.5,755.9,511.9,104556,994,698,1040,734,4,2,0,taken_over,122,61,False,True,54010,60
2026-10-04T09:01:46+08:00,58768,True,33.3,66.4,11,478.6,755.9,511.9,104556,994,697,1040,734,4,2,0,taken_over,122,61,False,True,54070,60
2026-10-04T09:02:46+08:00,58768,True,33.3,66.4,11,477.0,755.8,510.3,104556,994,697,1040,734,4,2,0,taken_over,122,61,False,True,54130,60
2026-10-04T09:03:46+08:00,58768,True,33.3,66.4,11,478.9,755.8,512.2,104556,994,697,1040,734,4,2,0,taken_over,122,61,False,True,54190,60
2026-10-04T09:04:46+08:00,58768,True,33.3,66.4,11,478.3,755.8,511.6,104556,994,697,1040,734,4,2,0,taken_over,122,61,False,True,54250,60
2026-10-04T09:05:46+08:00,58768,True,33.3,66.4,11,478.2,755.9,511.6,104556,994,697,1040,734,4,2,0,taken_over,122,61,False,True,54310,60
2026-10-04T09:06:46+08:00,58768,True,33.4,66.4,11,477.5,755.8,510.9,104556,994,697,1040,734,4,2,0,taken_over,122,61,False,True,54370,60
2026-10-04T09:07:46+08:00,58768,True,33.3,66.4,11,480.4,756.3,513.7,104556,994,698,1040,734,4,2,0,taken_over,122,61,False,True,54430,60
2026-10-04T09:08:46+08:00,58768,True,33.3,66.4,11,478.1,755.6,511.5,104556,994,697,1040,734,4,2,0,taken_over,122,61,False,True,54490,60
2026-10-04T09:09:46+08:00,58768,True,33.3,66.4,11,478.2,756.1,511.5,104556,994,697,1040,734,4,2,0,taken_over,122,61,False,True,54550,60
2026-10-04T09:10:46+08:00,58768,True,33.3,66.4,11,478.2,756.2,511.5,104556,994,697,1040,734,4,2,0,taken_over,122,61,False,True,54610,60
2026-10-04T09:11:46+08:00,58768,True,33.3,66.4,11,478.0,756.2,511.3,104556,994,697,1040,734,4,2,0,taken_over,122,61,False,True,54670,60
2026-10-04T09:12:46+08:00,58768,True,33.3,66.4,11,478.1,756.1,511.4,104556,994,697,1040,734,4,2,0,taken_over,122,61,False,True,54730,60
2026-10-04T09:13:46+08:00,58768,True,33.3,66.4,11,477.9,756.1,511.3,104556,994,697,1040,734,4,2,0,taken_over,122,61,False,True,54790,60
2026-10-04T09:14:46+08:00,58768,True,33.3,66.4,11,476.1,755.8,509.5,104556,994,697,1040,734,4,2,0,taken_over,122,61,False,True,54850,60
2026-10-04T09:15:47+08:00,58768,True,33.7,66.9,11,477.6,755.7,511.2,104556,994,697,1040,734,4,2,0,taken_over,124,62,False,True,54910,60
2026-10-04T09:16:46+08:00,58768,True,33.7,66.9,11,477.2,755.9,510.9,104556,994,697,1040,734,4,2,0,taken_over,124,62,False,True,54970,60
2026-10-04T09:17:46+08:00,58768,True,33.7,66.9,11,477.3,756.0,511.0,104556,994,697,1040,734,4,2,0,taken_over,124,62,False,True,55030,60
2026-10-04T09:18:46+08:00,58768,True,33.7,66.9,11,477.4,756.0,511.1,104556,994,697,1040,734,4,2,0,taken_over,124,62,False,True,55090,60
2026-10-04T09:19:47+08:00,58768,True,33.7,66.9,11,479.7,756.2,513.4,104556,994,698,1040,734,4,2,0,taken_over,124,62,False,True,55150,60
2026-10-04T09:20:46+08:00,58768,True,33.7,66.9,11,478.5,756.1,512.1,104556,994,698,1040,734,4,2,0,taken_over,124,62,False,True,55210,60
2026-10-04T09:21:47+08:00,58768,True,33.7,66.9,11,477.6,756.1,511.3,104556,994,698,1040,734,4,2,0,taken_over,124,62,False,True,55270,60
2026-10-04T09:22:46+08:00,58768,True,33.7,66.9,11,477.7,756.4,511.5,104556,994,697,1040,734,4,2,0,taken_over,124,62,False,True,55330,60
2026-10-04T09:23:46+08:00,58768,True,33.7,66.9,11,477.8,756.3,511.5,104556,994,697,1040,734,4,2,0,taken_over,124,62,False,True,55390,60
2026-10-04T09:24:47+08:00,58768,True,33.7,66.9,11,481.2,757.3,514.9,104556,994,697,1040,734,4,2,0,taken_over,124,62,False,True,55450,60
2026-10-04T09:25:46+08:00,58768,True,33.7,66.9,11,478.1,756.3,511.8,104556,994,697,1040,734,4,2,0,taken_over,124,62,False,True,55510,60
2026-10-04T09:26:46+08:00,58768,True,33.7,66.9,11,477.9,756.2,511.5,104556,994,697,1040,734,4,2,0,taken_over,124,62,False,True,55570,60
2026-10-04T09:27:47+08:00,58768,True,33.7,66.9,11,478.7,756.4,512.3,104556,994,697,1040,734,4,2,0,taken_over,124,62,False,True,55630,60
2026-10-04T09:28:46+08:00,58768,True,33.7,66.9,11,478.6,756.4,512.3,104556,994,697,1040,734,4,2,0,taken_over,124,62,False,True,55690,60
2026-10-04T09:29:47+08:00,58768,True,33.7,66.9,11,478.6,756.3,512.3,104556,994,697,1040,734,4,2,0,taken_over,124,62,False,True,55750,60
2026-10-04T09:30:47+08:00,58768,True,33.3,66.7,11,478.6,756.3,511.9,104556,994,697,1040,734,4,2,0,taken_over,126,63,False,True,55810,60
2026-10-04T09:31:47+08:00,58768,True,33.3,66.7,11,477.3,756.3,510.6,104556,994,698,1040,734,4,2,0,taken_over,126,63,False,True,55870,60
2026-10-04T09:32:47+08:00,58768,True,33.3,66.7,11,479.6,756.4,513.0,104556,994,698,1040,734,4,2,0,taken_over,126,63,False,True,55930,60
2026-10-04T09:33:47+08:00,58768,True,33.3,66.7,11,478.9,756.5,512.3,104556,994,698,1040,734,4,2,0,taken_over,126,63,False,True,55990,60
2026-10-04T09:34:47+08:00,58768,True,33.3,66.7,11,479.2,756.6,512.5,104556,994,699,1040,734,4,2,0,taken_over,126,63,False,True,56050,60
2026-10-04T09:35:47+08:00,58768,True,33.3,66.7,11,478.8,756.4,512.1,104556,994,698,1040,734,4,2,0,taken_over,126,63,False,True,56110,60
2026-10-04T09:36:47+08:00,58768,True,33.4,66.7,11,481.7,756.9,515.1,104556,994,697,1040,734,4,2,0,taken_over,126,63,False,True,56170,60
2026-10-04T09:37:47+08:00,58768,True,33.3,66.7,11,479.0,756.1,512.4,104556,994,697,1040,734,4,2,0,taken_over,126,63,False,True,56230,60
2026-10-04T09:38:47+08:00,58768,True,33.3,66.7,11,478.5,756.2,511.8,104556,994,697,1040,734,4,2,0,taken_over,126,63,False,True,56290,60
2026-10-04T09:39:47+08:00,58768,True,33.3,66.7,11,478.4,756.1,511.8,104556,994,697,1040,734,4,2,0,taken_over,126,63,False,True,56350,60
2026-10-04T09:40:47+08:00,58768,True,33.3,66.7,11,478.4,756.0,511.7,104556,994,697,1040,734,4,2,0,taken_over,126,63,False,True,56410,60
2026-10-04T09:41:47+08:00,58768,True,33.3,66.7,11,478.4,756.0,511.7,104556,994,697,1040,734,4,2,0,taken_over,126,63,False,True,56470,60
2026-10-04T09:42:47+08:00,58768,True,33.3,66.7,11,478.5,756.1,511.9,104556,994,697,1040,734,4,2,0,taken_over,126,63,False,True,56530,60
2026-10-04T09:43:47+08:00,58768,True,33.3,66.7,11,477.4,756.3,510.8,104556,994,697,1040,734,4,2,0,taken_over,126,63,False,True,56590,60
2026-10-04T09:44:47+08:00,58768,True,33.3,66.7,11,478.8,756.5,512.1,104556,994,697,1040,734,4,2,0,taken_over,126,63,False,True,56650,60
2026-10-04T09:45:47+08:00,58768,True,33.3,66.7,11,478.9,756.4,512.2,104556,994,697,1040,734,4,2,0,taken_over,128,64,False,True,56710,60
2026-10-04T09:46:47+08:00,58768,True,33.3,66.7,11,478.8,756.5,512.1,104556,994,697,1040,734,4,2,0,taken_over,128,64,False,True,56770,60
2026-10-04T09:47:47+08:00,58768,True,33.3,66.7,11,482.5,760.1,515.8,104556,994,697,1040,734,4,2,0,taken_over,128,64,False,True,56830,60
2026-10-04T09:48:47+08:00,58768,True,33.3,66.7,11,482.2,757.4,515.5,104556,994,697,1040,734,4,2,0,taken_over,128,64,False,True,56890,60
2026-10-04T09:49:47+08:00,58768,True,33.3,66.7,11,479.5,756.4,512.9,104556,994,697,1040,734,4,2,0,taken_over,128,64,False,True,56950,60
2026-10-04T09:50:47+08:00,58768,True,33.3,66.7,11,478.8,756.4,512.1,104556,994,697,1040,734,4,2,0,taken_over,128,64,False,True,57010,60
2026-10-04T09:51:47+08:00,58768,True,33.4,66.8,11,478.9,756.5,512.2,104556,994,697,1040,734,4,2,0,taken_over,128,64,False,True,57070,60
2026-10-04T09:52:47+08:00,58768,True,33.4,66.8,11,478.7,756.3,512.1,104556,994,697,1040,734,4,2,0,taken_over,128,64,False,True,57130,60
2026-10-04T09:53:47+08:00,58768,True,33.3,66.7,11,478.9,756.3,512.2,104556,994,697,1040,734,4,2,0,taken_over,128,64,False,True,57190,60
2026-10-04T09:54:47+08:00,58768,True,33.3,66.7,11,479.1,756.5,512.4,104556,994,697,1040,734,4,2,0,taken_over,128,64,False,True,57250,60
2026-10-04T09:55:47+08:00,58768,True,33.3,66.7,11,477.6,756.5,510.9,104556,994,697,1040,734,4,2,0,taken_over,128,64,False,True,57310,60
2026-10-04T09:56:47+08:00,58768,True,33.3,66.7,11,479.0,756.4,512.3,104556,994,704,1040,734,4,2,0,taken_over,128,64,False,True,57370,60
2026-10-04T09:57:47+08:00,58768,True,33.3,66.7,11,479.0,756.6,512.3,104556,994,699,1040,734,4,2,0,taken_over,128,64,False,True,57430,60
2026-10-04T09:58:47+08:00,58768,True,33.3,66.7,11,478.4,756.0,511.7,104556,994,699,1040,734,4,2,0,taken_over,128,64,False,True,57490,60
2026-10-04T09:59:47+08:00,58768,True,33.3,66.7,11,478.4,755.9,511.7,104556,994,699,1040,734,4,2,0,taken_over,128,64,False,True,57550,60
2026-10-04T10:00:47+08:00,58768,True,33.3,66.8,11,477.6,756.6,511.0,104556,994,699,1040,734,4,2,0,taken_over,130,65,False,True,57610,60
2026-10-04T10:01:47+08:00,58768,True,33.3,66.8,11,479.1,756.0,512.4,104556,994,697,1040,734,4,2,0,taken_over,130,65,False,True,57670,60
2026-10-04T10:02:47+08:00,58768,True,33.3,66.8,11,478.4,756.0,511.8,104556,994,697,1040,734,4,2,0,taken_over,130,65,False,True,57730,60
2026-10-04T10:03:47+08:00,58768,True,33.3,66.8,11,478.5,756.0,511.8,104556,994,697,1040,734,4,2,0,taken_over,130,65,False,True,57790,60
2026-10-04T10:04:47+08:00,58768,True,33.3,66.8,11,478.5,756.0,511.8,104556,994,697,1040,734,4,2,0,taken_over,130,65,False,True,57850,60
2026-10-04T10:05:47+08:00,58768,True,33.3,66.8,11,481.9,756.7,515.2,104556,994,697,1040,734,4,2,0,taken_over,130,65,False,True,57910,60
2026-10-04T10:06:47+08:00,58768,True,33.4,66.8,11,479.3,756.1,512.7,104556,994,697,1040,734,4,2,0,taken_over,130,65,False,True,57970,60
2026-10-04T10:07:47+08:00,58768,True,33.3,66.8,11,478.0,756.1,511.4,104556,994,697,1040,734,4,2,0,taken_over,130,65,False,True,58030,60
2026-10-04T10:08:47+08:00,58768,True,33.3,66.8,11,477.7,756.0,511.0,104556,994,697,1040,734,4,2,0,taken_over,130,65,False,True,58090,60
2026-10-04T10:09:47+08:00,58768,True,33.3,66.8,11,477.7,756.3,511.0,104556,994,697,1040,734,4,2,0,taken_over,130,65,False,True,58150,60
2026-10-04T10:10:47+08:00,58768,True,33.3,66.8,11,477.7,756.1,511.1,104556,994,697,1040,734,4,2,0,taken_over,130,65,False,True,58210,60
2026-10-04T10:11:47+08:00,58768,True,33.3,66.8,11,477.6,756.1,510.9,104556,994,697,1040,734,4,2,0,taken_over,130,65,False,True,58270,60
2026-10-04T10:12:47+08:00,58768,True,33.3,66.8,11,476.1,756.1,509.4,104556,994,697,1040,734,4,2,0,taken_over,130,65,False,True,58330,60
2026-10-04T10:13:47+08:00,58768,True,33.3,66.8,11,477.6,756.1,511.0,104556,994,697,1040,734,4,2,0,taken_over,130,65,False,True,58390,60
2026-10-04T10:14:47+08:00,58768,True,33.3,66.8,11,477.5,756.0,510.9,104556,994,697,1040,734,4,2,0,taken_over,130,65,False,True,58450,60
2026-10-04T10:15:47+08:00,58768,True,33.3,66.8,11,477.6,755.9,510.9,104556,994,697,1040,734,4,2,0,taken_over,132,66,False,True,58510,60
2026-10-04T10:16:47+08:00,58768,True,33.3,66.8,11,477.8,756.1,511.1,104556,994,697,1040,734,4,2,0,taken_over,132,66,False,True,58570,60
2026-10-04T10:17:47+08:00,58768,True,33.3,66.8,11,480.9,756.8,514.3,104556,994,697,1040,734,4,2,0,taken_over,132,66,False,True,58630,60
2026-10-04T10:18:47+08:00,58768,True,33.3,66.8,11,478.5,756.2,511.9,104556,994,697,1040,734,4,2,0,taken_over,132,66,False,True,58690,60
2026-10-04T10:19:47+08:00,58768,True,33.3,66.8,11,477.9,756.4,511.2,104556,994,697,1040,734,4,2,0,taken_over,132,66,False,True,58750,60
2026-10-04T10:20:47+08:00,58768,True,33.3,66.8,11,477.6,756.2,511.0,104556,994,697,1040,734,4,2,0,taken_over,132,66,False,True,58810,60
2026-10-04T10:21:47+08:00,58768,True,33.4,66.8,11,477.6,756.1,511.0,104556,994,697,1040,734,4,2,0,taken_over,132,66,False,True,58870,60
2026-10-04T10:22:47+08:00,58768,True,33.4,66.8,11,477.4,756.0,510.8,104556,994,698,1040,734,4,2,0,taken_over,132,66,False,True,58930,60
2026-10-04T10:23:47+08:00,58768,True,33.3,66.8,11,477.6,756.0,511.0,104556,994,698,1040,734,4,2,0,taken_over,132,66,False,True,58990,60
2026-10-04T10:24:47+08:00,58768,True,33.3,66.8,11,476.2,756.1,509.6,104556,994,697,1040,734,4,2,0,taken_over,132,66,False,True,59050,60
2026-10-04T10:25:47+08:00,58768,True,33.3,66.8,11,477.5,756.1,510.8,104556,994,697,1040,734,4,2,0,taken_over,132,66,False,True,59110,60
2026-10-04T10:26:47+08:00,58768,True,33.3,66.8,11,477.5,756.1,510.8,104556,994,697,1040,734,4,2,0,taken_over,132,66,False,True,59170,60
2026-10-04T10:27:47+08:00,58768,True,33.3,66.8,11,477.8,756.2,511.1,104556,994,698,1040,734,4,2,0,taken_over,132,66,False,True,59230,60
2026-10-04T10:28:47+08:00,58768,True,33.3,66.8,11,477.8,756.4,511.2,104556,994,698,1040,734,4,2,0,taken_over,132,66,False,True,59291,60
2026-10-04T10:29:47+08:00,58768,True,33.3,66.8,11,477.1,756.8,510.4,104556,994,697,1040,734,4,2,0,taken_over,132,66,False,True,59351,60
2026-10-04T10:30:47+08:00,58768,True,33.3,66.8,11,479.6,756.5,512.9,104556,994,698,1040,734,4,2,0,taken_over,134,67,False,True,59411,60
2026-10-04T10:31:47+08:00,58768,True,33.3,66.8,11,478.6,756.4,512.0,104556,994,698,1040,734,4,2,0,taken_over,134,67,False,True,59471,60
2026-10-04T10:32:47+08:00,58768,True,33.3,66.8,11,478.6,756.3,511.9,104556,994,697,1040,734,4,2,0,taken_over,134,67,False,True,59531,60
2026-10-04T10:33:47+08:00,58768,True,33.3,66.8,11,478.5,756.3,511.8,104556,994,697,1040,734,4,2,0,taken_over,134,67,False,True,59591,60
2026-10-04T10:34:47+08:00,58768,True,33.3,66.8,11,484.0,757.2,517.3,104556,994,698,1040,734,4,2,0,taken_over,134,67,False,True,59651,60
2026-10-04T10:35:47+08:00,58768,True,33.3,66.8,11,479.2,756.2,512.5,104556,994,697,1040,734,4,2,0,taken_over,134,67,False,True,59711,60
2026-10-04T10:36:47+08:00,58768,True,33.4,66.8,11,477.7,756.1,511.0,104556,994,697,1040,734,4,2,0,taken_over,134,67,False,True,59771,60
2026-10-04T10:37:47+08:00,58768,True,33.3,66.8,11,478.5,756.1,511.8,104556,994,697,1040,734,4,2,0,taken_over,134,67,False,True,59831,60
2026-10-04T10:38:47+08:00,58768,True,33.3,66.8,11,478.5,756.2,511.8,104556,994,697,1040,734,4,2,0,taken_over,134,67,False,True,59891,60
2026-10-04T10:39:47+08:00,58768,True,33.3,66.8,11,478.8,756.3,512.2,104556,994,697,1040,734,4,2,0,taken_over,134,67,False,True,59951,60
2026-10-04T10:40:47+08:00,58768,True,33.3,66.8,11,478.8,756.5,512.1,104556,994,697,1040,734,4,2,0,taken_over,134,67,False,True,60011,60
2026-10-04T10:41:47+08:00,58768,True,33.3,66.8,11,477.7,756.2,511.0,104556,994,697,1040,734,4,2,0,taken_over,134,67,False,True,60071,60
2026-10-04T10:42:47+08:00,58768,True,33.3,66.8,11,480.2,756.6,513.6,104556,994,697,1040,734,4,2,0,taken_over,134,67,False,True,60131,60
2026-10-04T10:43:47+08:00,58768,True,33.3,66.8,11,479.2,756.4,512.6,104556,994,697,1040,734,4,2,0,taken_over,134,67,False,True,60191,60
2026-10-04T10:44:47+08:00,58768,True,33.3,66.8,11,479.2,756.4,512.5,104556,994,697,1040,734,4,2,0,taken_over,134,67,False,True,60251,60
2026-10-04T10:45:48+08:00,58768,True,33.6,67.0,11,479.1,756.3,512.7,104556,994,697,1040,734,4,2,0,taken_over,136,68,False,True,60311,60
2026-10-04T10:46:47+08:00,58768,True,33.6,67.0,11,482.1,757.0,515.6,104556,994,697,1040,734,4,2,0,taken_over,136,68,False,True,60371,60
2026-10-04T10:47:47+08:00,58768,True,33.6,67.0,11,479.7,756.3,513.3,104556,994,697,1040,734,4,2,0,taken_over,136,68,False,True,60431,60
2026-10-04T10:48:47+08:00,58768,True,33.6,67.0,11,479.2,756.2,512.8,104556,994,697,1040,734,4,2,0,taken_over,136,68,False,True,60491,60
2026-10-04T10:49:47+08:00,58768,True,33.6,67.0,11,479.2,756.4,512.8,104556,994,697,1040,734,4,2,0,taken_over,136,68,False,True,60551,60
2026-10-04T10:50:47+08:00,58768,True,33.6,67.0,11,479.3,756.5,512.9,104556,994,697,1040,734,4,2,0,taken_over,136,68,False,True,60611,60
2026-10-04T10:51:47+08:00,58768,True,33.6,67.1,11,480.3,756.2,514.0,104556,994,697,1040,734,4,2,0,taken_over,136,68,False,True,60671,60
2026-10-04T10:52:47+08:00,58768,True,33.6,67.1,11,479.7,756.7,513.3,104556,994,697,1040,734,4,2,0,taken_over,136,68,False,True,60731,60
2026-10-04T10:53:47+08:00,58768,True,33.6,67.0,11,478.2,756.4,511.8,104556,994,697,1040,734,4,2,0,taken_over,136,68,False,True,60791,60
2026-10-04T10:54:47+08:00,58768,True,33.6,67.0,11,479.3,756.4,512.9,104556,994,697,1040,734,4,2,0,taken_over,136,68,False,True,60851,60
2026-10-04T10:55:47+08:00,58768,True,33.6,67.0,11,479.1,756.3,512.7,104556,994,697,1040,734,4,2,0,taken_over,136,68,False,True,60911,60
2026-10-04T10:56:47+08:00,58768,True,33.6,67.0,11,479.3,756.3,512.9,104556,994,704,1040,734,4,2,0,taken_over,136,68,False,True,60971,60
2026-10-04T10:57:47+08:00,58768,True,33.6,67.0,11,479.3,756.3,512.9,104556,994,699,1040,734,4,2,0,taken_over,136,68,False,True,61031,60
2026-10-04T10:58:47+08:00,58768,True,33.6,67.0,11,477.9,756.5,511.5,104556,994,699,1040,734,4,2,0,taken_over,136,68,False,True,61091,60
2026-10-04T10:59:47+08:00,58768,True,33.6,67.0,11,480.1,756.4,513.7,104556,994,698,1040,734,4,2,0,taken_over,136,68,False,True,61151,60
2026-10-04T11:00:48+08:00,58768,True,33.6,66.9,11,479.4,756.5,513.0,104556,994,698,1040,734,4,2,0,taken_over,138,69,False,True,61211,60
2026-10-04T11:01:48+08:00,58768,True,33.6,66.9,11,479.7,756.6,513.3,104556,994,697,1040,734,4,2,0,taken_over,138,69,False,True,61271,60
2026-10-04T11:02:48+08:00,58768,True,33.6,66.9,11,479.7,756.5,513.3,104556,994,697,1040,734,4,2,0,taken_over,138,69,False,True,61331,60
2026-10-04T11:03:48+08:00,58768,True,33.6,66.9,11,485.2,757.8,518.8,104556,994,697,1040,734,4,2,0,taken_over,138,69,False,True,61391,60
2026-10-04T11:04:48+08:00,58768,True,33.6,66.9,11,480.3,756.6,513.9,104556,994,697,1040,734,4,2,0,taken_over,138,69,False,True,61451,60
2026-10-04T11:05:48+08:00,58768,True,33.6,66.9,11,478.9,756.6,512.5,104556,994,705,1040,734,4,2,0,taken_over,138,69,False,True,61511,60
2026-10-04T11:06:48+08:00,58768,True,33.6,66.9,11,482.9,760.0,516.5,104556,994,701,1040,734,4,2,0,taken_over,138,69,False,True,61571,60
2026-10-04T11:07:48+08:00,58768,True,33.6,66.9,11,479.9,756.8,513.4,104556,994,701,1040,734,4,2,0,taken_over,138,69,False,True,61631,60
2026-10-04T11:08:48+08:00,58768,True,33.6,66.9,11,479.9,756.9,513.5,104556,994,700,1040,734,4,2,0,taken_over,138,69,False,True,61691,60
2026-10-04T11:09:48+08:00,58768,True,33.6,66.9,11,479.9,757.0,513.4,104556,994,699,1040,734,4,2,0,taken_over,138,69,False,True,61751,60
2026-10-04T11:10:48+08:00,58768,True,33.6,66.9,11,478.5,756.9,512.1,104556,994,697,1040,734,4,2,0,taken_over,138,69,False,True,61811,60
2026-10-04T11:11:48+08:00,58768,True,33.6,66.9,11,479.8,757.1,513.4,104556,994,697,1040,734,4,2,0,taken_over,138,69,False,True,61871,60
2026-10-04T11:12:48+08:00,58768,True,33.6,66.9,11,480.1,757.1,513.7,104556,994,697,1040,734,4,2,0,taken_over,138,69,False,True,61931,60
2026-10-04T11:13:48+08:00,58768,True,33.6,66.9,11,479.9,756.8,513.4,104556,994,697,1040,734,4,2,0,taken_over,138,69,False,True,61991,60
2026-10-04T11:14:48+08:00,58768,True,33.6,66.9,11,480.2,756.9,513.7,104556,994,697,1040,734,4,2,0,taken_over,138,69,False,True,62051,60
2026-10-04T11:15:48+08:00,58768,True,33.4,66.8,11,483.3,757.5,516.7,104556,994,697,1040,734,4,2,0,taken_over,140,70,False,True,62111,60
2026-10-04T11:16:48+08:00,58768,True,33.4,66.8,11,480.3,756.4,513.7,104556,994,697,1040,734,4,2,0,taken_over,140,70,False,True,62171,60
2026-10-04T11:17:48+08:00,58768,True,33.4,66.8,11,479.6,756.4,513.0,104556,994,697,1040,734,4,2,0,taken_over,140,70,False,True,62231,60
2026-10-04T11:18:48+08:00,58768,True,33.4,66.8,11,479.5,756.3,512.9,104556,994,697,1040,734,4,2,0,taken_over,140,70,False,True,62291,60
2026-10-04T11:19:48+08:00,58768,True,33.4,66.8,11,479.7,756.6,513.1,104556,994,697,1040,734,4,2,0,taken_over,140,70,False,True,62351,60
2026-10-04T11:20:48+08:00,58768,True,33.4,66.8,11,479.5,756.5,513.0,104556,994,697,1040,734,4,2,0,taken_over,140,70,False,True,62411,60
2026-10-04T11:21:48+08:00,58768,True,33.5,66.8,11,479.5,756.4,513.0,104556,994,698,1040,734,4,2,0,taken_over,140,70,False,True,62471,60
2026-10-04T11:22:48+08:00,58768,True,33.4,66.8,11,477.9,756.3,511.4,104556,994,698,1040,734,4,2,0,taken_over,140,70,False,True,62531,60
2026-10-04T11:23:48+08:00,58768,True,33.4,66.8,11,479.0,756.3,512.4,104556,994,698,1040,734,4,2,0,taken_over,140,70,False,True,62591,60
2026-10-04T11:24:48+08:00,58768,True,33.4,66.8,11,478.9,756.4,512.4,104556,994,699,1040,734,4,2,0,taken_over,140,70,False,True,62651,60
2026-10-04T11:25:48+08:00,58768,True,33.4,66.8,11,478.8,756.5,512.3,104556,994,698,1040,734,4,2,0,taken_over,140,70,False,True,62711,60
2026-10-04T11:26:48+08:00,58768,True,33.4,66.8,11,479.1,756.6,512.5,104556,994,697,1040,734,4,2,0,taken_over,140,70,False,True,62771,60
2026-10-04T11:27:48+08:00,58768,True,33.4,66.8,11,478.0,757.0,511.4,104556,994,697,1040,734,4,2,0,taken_over,140,70,False,True,62831,60
2026-10-04T11:28:48+08:00,58768,True,33.4,66.8,11,479.2,756.3,512.7,104556,994,697,1040,734,4,2,0,taken_over,140,70,False,True,62891,60
2026-10-04T11:29:48+08:00,58768,True,33.4,66.8,11,478.6,756.2,512.1,104556,994,697,1040,734,4,2,0,taken_over,140,70,False,True,62951,60
2026-10-04T11:30:48+08:00,58768,True,33.6,66.9,11,478.6,756.4,512.2,104556,994,697,1040,734,4,2,0,taken_over,142,71,False,True,63011,60
2026-10-04T11:31:48+08:00,58768,True,33.6,66.9,11,478.6,756.6,512.2,104556,994,697,1040,734,4,2,0,taken_over,142,71,False,True,63071,60
2026-10-04T11:32:48+08:00,58768,True,33.6,66.9,11,483.7,757.1,517.3,104556,994,697,1040,734,4,2,0,taken_over,142,71,False,True,63131,60
2026-10-04T11:33:48+08:00,58768,True,33.6,66.9,11,478.9,756.5,512.5,104556,994,697,1040,734,4,2,0,taken_over,142,71,False,True,63191,60
2026-10-04T11:34:48+08:00,58768,True,33.6,66.9,11,477.9,756.5,511.4,104556,994,697,1040,734,4,2,0,taken_over,142,71,False,True,63251,60
2026-10-04T11:35:48+08:00,58768,True,33.6,66.9,11,478.4,756.5,512.0,104556,994,697,1040,734,4,2,0,taken_over,142,71,False,True,63311,60
2026-10-04T11:36:48+08:00,58768,True,33.6,67.0,11,478.4,756.6,512.0,104556,994,697,1040,734,4,2,0,taken_over,142,71,False,True,63371,60
2026-10-04T11:37:48+08:00,58768,True,33.6,67.0,11,478.4,756.4,512.0,104556,994,697,1040,734,4,2,0,taken_over,142,71,False,True,63431,60
2026-10-04T11:38:48+08:00,58768,True,33.6,66.9,11,478.3,756.5,511.9,104556,994,697,1040,734,4,2,0,taken_over,142,71,False,True,63491,60
2026-10-04T11:39:48+08:00,58768,True,33.6,66.9,11,476.8,756.4,510.4,104556,994,697,1040,734,4,2,0,taken_over,142,71,False,True,63551,60
2026-10-04T11:40:48+08:00,58768,True,33.6,66.9,11,482.9,760.3,516.5,104556,994,697,1040,734,4,2,0,taken_over,142,71,False,True,63611,60
2026-10-04T11:41:48+08:00,58768,True,33.6,66.9,11,478.9,757.1,512.5,104556,994,697,1040,734,4,2,0,taken_over,142,71,False,True,63671,60
2026-10-04T11:42:48+08:00,58768,True,33.6,66.9,11,478.6,756.8,512.2,104556,994,697,1040,734,4,2,0,taken_over,142,71,False,True,63731,60
2026-10-04T11:43:48+08:00,58768,True,33.6,66.9,11,478.6,756.8,512.2,104556,994,697,1040,734,4,2,0,taken_over,142,71,False,True,63791,60
2026-10-04T11:44:48+08:00,58768,True,33.6,66.9,11,487.0,761.3,520.5,104556,994,697,1040,734,4,2,0,taken_over,142,71,False,True,63851,60
2026-10-04T11:45:48+08:00,58768,True,33.8,67.0,11,484.8,760.7,518.6,104556,994,697,1040,734,4,2,0,taken_over,144,72,False,True,63911,60
2026-10-04T11:46:48+08:00,58768,True,33.8,67.0,11,480.1,757.0,513.9,104556,994,698,1040,734,4,2,0,taken_over,144,72,False,True,63971,60
2026-10-04T11:47:48+08:00,58768,True,33.8,67.0,11,480.1,757.1,513.8,104556,994,698,1040,734,4,2,0,taken_over,144,72,False,True,64031,60
2026-10-04T11:48:48+08:00,58768,True,33.8,67.0,11,480.0,756.9,513.8,104556,994,697,1040,734,4,2,0,taken_over,144,72,False,True,64091,60
2026-10-04T11:49:48+08:00,58768,True,33.8,67.0,11,479.8,756.9,513.6,104556,994,697,1040,734,4,2,0,taken_over,144,72,False,True,64151,60
2026-10-04T11:50:48+08:00,58768,True,33.8,67.0,11,479.6,756.8,513.3,104556,994,697,1040,734,4,2,0,taken_over,144,72,False,True,64211,60
2026-10-04T11:51:48+08:00,58768,True,33.8,67.0,11,478.2,756.7,512.0,104556,994,697,1040,734,4,2,0,taken_over,144,72,False,True,64271,60
2026-10-04T11:52:48+08:00,58768,True,33.8,67.0,11,479.9,756.8,513.6,104556,994,697,1040,734,4,2,0,taken_over,144,72,False,True,64331,60
2026-10-04T11:53:48+08:00,58768,True,33.8,67.0,11,479.9,756.8,513.7,104556,994,697,1040,734,4,2,0,taken_over,144,72,False,True,64391,60
2026-10-04T11:54:48+08:00,58768,True,33.8,67.0,11,479.9,756.7,513.7,104556,994,697,1040,734,4,2,0,taken_over,144,72,False,True,64451,60
2026-10-04T11:55:48+08:00,58768,True,33.8,67.0,11,479.1,756.5,512.8,104556,994,697,1040,734,4,2,0,taken_over,144,72,False,True,64511,60
2026-10-04T11:56:48+08:00,58768,True,33.8,67.0,11,483.0,757.5,516.8,104556,994,705,1040,734,4,2,0,taken_over,144,72,False,True,64571,60
2026-10-04T11:57:48+08:00,58768,True,33.8,67.0,11,479.9,756.3,513.7,104556,994,701,1040,734,4,2,0,taken_over,144,72,False,True,64631,60
2026-10-04T11:58:48+08:00,58768,True,33.8,67.0,11,479.2,756.5,513.0,104556,994,705,1040,734,4,2,0,taken_over,144,72,False,True,64691,60
2026-10-04T11:59:48+08:00,58768,True,33.8,67.0,11,479.3,756.5,513.1,104556,994,698,1040,734,4,2,0,taken_over,144,72,False,True,64751,60
2026-10-04T12:00:48+08:00,58768,True,34.0,67.3,11,479.1,756.5,513.1,104556,994,698,1040,734,4,2,0,taken_over,146,73,False,True,64811,60
2026-10-04T12:01:48+08:00,58768,True,34.0,67.3,11,478.8,756.3,512.8,104556,994,697,1040,734,4,2,0,taken_over,146,73,False,True,64871,60
2026-10-04T12:02:48+08:00,58768,True,34.0,67.3,11,479.1,756.4,513.0,104556,994,697,1040,734,4,2,0,taken_over,146,73,False,True,64931,60
2026-10-04T12:03:48+08:00,58768,True,34.0,67.3,11,477.8,756.5,511.8,104556,994,697,1040,734,4,2,0,taken_over,146,73,False,True,64991,60
2026-10-04T12:04:48+08:00,58768,True,34.0,67.3,11,479.1,756.3,513.1,104556,994,697,1040,734,4,2,0,taken_over,146,73,False,True,65051,60
2026-10-04T12:05:48+08:00,58768,True,34.0,67.3,11,477.9,756.3,511.9,104556,994,697,1040,734,4,2,0,taken_over,146,73,False,True,65111,60
2026-10-04T12:06:48+08:00,58768,True,34.0,67.3,11,478.0,756.5,512.0,104556,994,697,1040,734,4,2,0,taken_over,146,73,False,True,65171,60
2026-10-04T12:07:48+08:00,58768,True,34.0,67.3,11,478.4,756.5,512.4,104556,994,697,1040,734,4,2,0,taken_over,146,73,False,True,65231,60
2026-10-04T12:08:48+08:00,58768,True,34.0,67.3,11,477.0,756.5,511.0,104556,994,697,1040,734,4,2,0,taken_over,146,73,False,True,65291,60
2026-10-04T12:09:48+08:00,58768,True,34.0,67.3,11,479.1,756.7,513.0,104556,994,697,1040,734,4,2,0,taken_over,146,73,False,True,65351,60
2026-10-04T12:10:48+08:00,58768,True,34.0,67.3,11,478.4,756.5,512.4,104556,994,697,1040,734,4,2,0,taken_over,146,73,False,True,65412,60
2026-10-04T12:11:48+08:00,58768,True,34.0,67.3,11,478.1,756.6,512.1,104556,994,697,1040,734,4,2,0,taken_over,146,73,False,True,65472,60
2026-10-04T12:12:48+08:00,58768,True,34.0,67.3,11,478.0,756.4,512.0,104556,994,697,1040,734,4,2,0,taken_over,146,73,False,True,65532,60
2026-10-04T12:13:48+08:00,58768,True,34.0,67.3,11,481.7,757.3,515.7,104556,994,697,1040,734,4,2,0,taken_over,146,73,False,True,65592,60
2026-10-04T12:14:48+08:00,58768,True,34.0,67.3,11,478.6,756.3,512.6,104556,994,697,1040,734,4,2,0,taken_over,146,73,False,True,65652,60
2026-10-04T12:15:48+08:00,58768,True,34.0,67.4,11,477.4,756.1,511.3,104556,994,697,1040,734,4,2,0,taken_over,148,74,False,True,65712,60
2026-10-04T12:16:48+08:00,58768,True,34.0,67.4,11,478.2,756.2,512.2,104556,994,697,1040,734,4,2,0,taken_over,148,74,False,True,65772,60
2026-10-04T12:17:49+08:00,58768,True,34.0,67.4,11,478.2,756.3,512.2,104556,994,697,1040,734,4,2,0,taken_over,148,74,False,True,65832,60
2026-10-04T12:18:48+08:00,58768,True,34.0,67.4,11,478.3,756.2,512.3,104556,994,697,1040,734,4,2,0,taken_over,148,74,False,True,65892,60
2026-10-04T12:19:48+08:00,58768,True,34.0,67.4,11,478.7,756.5,512.6,104556,994,697,1040,734,4,2,0,taken_over,148,74,False,True,65952,60
2026-10-04T12:20:48+08:00,58768,True,34.0,67.4,11,477.6,756.9,511.5,104556,994,697,1040,734,4,2,0,taken_over,148,74,False,True,66012,60
2026-10-04T12:21:48+08:00,58768,True,34.0,67.4,11,478.0,756.6,512.0,104556,994,697,1040,734,4,2,0,taken_over,148,74,False,True,66072,60
2026-10-04T12:22:48+08:00,58768,True,34.0,67.4,11,478.5,756.5,512.5,104556,994,697,1040,734,4,2,0,taken_over,148,74,False,True,66132,60
2026-10-04T12:23:48+08:00,58768,True,34.0,67.4,11,478.3,756.5,512.3,104556,994,697,1040,734,4,2,0,taken_over,148,74,False,True,66192,60
2026-10-04T12:24:48+08:00,58768,True,34.0,67.4,11,478.4,756.6,512.3,104556,994,697,1040,734,4,2,0,taken_over,148,74,False,True,66252,60
2026-10-04T12:25:48+08:00,58768,True,34.0,67.4,11,481.1,757.2,515.1,104556,994,697,1040,734,4,2,0,taken_over,148,74,False,True,66312,60
2026-10-04T12:26:48+08:00,58768,True,34.0,67.4,11,479.1,756.5,513.1,104556,994,697,1040,734,4,2,0,taken_over,148,74,False,True,66372,60
2026-10-04T12:27:48+08:00,58768,True,34.0,67.4,11,478.3,756.4,512.3,104556,994,697,1040,734,4,2,0,taken_over,148,74,False,True,66432,60
2026-10-04T12:28:48+08:00,58768,True,34.0,67.4,11,477.9,756.1,511.9,104556,994,698,1040,734,4,2,0,taken_over,148,74,False,True,66492,60
2026-10-04T12:29:48+08:00,58768,True,34.0,67.4,11,478.2,756.1,512.2,104556,994,697,1040,734,4,2,0,taken_over,148,74,False,True,66552,60
2026-10-04T12:30:48+08:00,58768,True,34.0,67.2,11,478.5,756.3,512.5,104556,994,697,1040,734,4,2,0,taken_over,150,75,False,True,66612,60
2026-10-04T12:31:49+08:00,58768,True,34.0,67.2,11,478.6,756.4,512.5,104556,994,698,1040,734,4,2,0,taken_over,150,75,False,True,66672,60
2026-10-04T12:32:48+08:00,58768,True,34.0,67.2,11,477.1,756.3,511.0,104556,994,698,1040,734,4,2,0,taken_over,150,75,False,True,66732,60
2026-10-04T12:33:48+08:00,58768,True,34.0,67.2,11,478.3,756.2,512.2,104556,994,697,1040,734,4,2,0,taken_over,150,75,False,True,66792,60
2026-10-04T12:34:48+08:00,58768,True,34.0,67.2,11,478.2,756.1,512.2,104556,994,697,1040,734,4,2,0,taken_over,150,75,False,True,66852,60
2026-10-04T12:35:48+08:00,58768,True,34.0,67.2,11,478.2,756.3,512.2,104556,994,697,1040,734,4,2,0,taken_over,150,75,False,True,66912,60
2026-10-04T12:36:48+08:00,58768,True,34.1,67.2,11,478.3,756.4,512.4,104556,994,697,1040,734,4,2,0,taken_over,150,75,False,True,66972,60
2026-10-04T12:37:48+08:00,58768,True,34.1,67.2,11,476.9,756.2,510.9,104556,994,697,1040,734,4,2,0,taken_over,150,75,False,True,67032,60
2026-10-04T12:38:49+08:00,58768,True,34.0,67.2,11,479.0,756.3,513.0,104556,994,697,1040,734,4,2,0,taken_over,150,75,False,True,67092,60
2026-10-04T12:39:48+08:00,58768,True,34.0,67.2,11,478.5,756.5,512.5,104556,994,697,1040,734,4,2,0,taken_over,150,75,False,True,67152,60
2026-10-04T12:40:48+08:00,58768,True,34.0,67.2,11,478.5,756.4,512.5,104556,994,697,1040,734,4,2,0,taken_over,150,75,False,True,67212,60
2026-10-04T12:41:48+08:00,58768,True,34.0,67.2,11,478.7,756.6,512.7,104556,994,697,1040,734,4,2,0,taken_over,150,75,False,True,67272,60
2026-10-04T12:42:48+08:00,58768,True,34.0,67.2,11,483.8,757.1,517.8,104556,994,697,1040,734,4,2,0,taken_over,150,75,False,True,67332,60
2026-10-04T12:43:49+08:00,58768,True,34.0,67.2,11,479.4,756.5,513.4,104556,994,697,1040,734,4,2,0,taken_over,150,75,False,True,67392,60
2026-10-04T12:44:49+08:00,58768,True,34.0,67.2,11,478.1,756.5,512.0,104556,994,697,1040,734,4,2,0,taken_over,150,75,False,True,67452,60
2026-10-04T12:45:49+08:00,58768,True,33.2,66.5,11,478.4,756.3,511.6,104556,994,697,1040,734,4,2,0,taken_over,152,76,False,True,67512,60
2026-10-04T12:46:49+08:00,58768,True,33.2,66.5,11,478.4,756.3,511.6,104556,994,697,1040,734,4,2,0,taken_over,152,76,False,True,67572,60
2026-10-04T12:47:48+08:00,58768,True,33.2,66.5,11,478.3,756.3,511.5,104556,994,697,1040,734,4,2,0,taken_over,152,76,False,True,67632,60
2026-10-04T12:48:49+08:00,58768,True,33.2,66.5,11,478.4,756.3,511.6,104556,994,697,1040,734,4,2,0,taken_over,152,76,False,True,67692,60
2026-10-04T12:49:49+08:00,58768,True,33.2,66.5,11,477.0,756.3,510.2,104556,994,697,1040,734,4,2,0,taken_over,152,76,False,True,67752,60
2026-10-04T12:50:49+08:00,58768,True,33.2,66.5,11,480.5,756.3,513.6,104556,994,697,1040,734,4,2,0,taken_over,152,76,False,True,67812,60
2026-10-04T12:51:49+08:00,58768,True,33.2,66.5,11,480.1,756.6,513.3,104556,994,698,1040,734,4,2,0,taken_over,152,76,False,True,67872,60
2026-10-04T12:52:49+08:00,58768,True,33.2,66.5,11,480.3,756.6,513.4,104556,994,698,1040,734,4,2,0,taken_over,152,76,False,True,67932,60
2026-10-04T12:53:49+08:00,58768,True,33.2,66.5,11,480.5,756.7,513.7,104556,994,697,1040,734,4,2,0,taken_over,152,76,False,True,67992,60
2026-10-04T12:54:49+08:00,58768,True,33.2,66.5,11,483.3,757.4,516.4,104556,994,697,1040,734,4,2,0,taken_over,152,76,False,True,68052,60
2026-10-04T12:55:49+08:00,58768,True,33.2,66.5,11,481.0,756.8,514.2,104556,994,698,1040,734,4,2,0,taken_over,152,76,False,True,68112,60
2026-10-04T12:56:49+08:00,58768,True,33.2,66.5,11,480.1,756.5,513.3,104556,994,705,1040,734,4,2,0,taken_over,152,76,False,True,68172,60
2026-10-04T12:57:49+08:00,58768,True,33.2,66.5,11,480.1,756.5,513.2,104556,994,700,1040,734,4,2,0,taken_over,152,76,False,True,68232,60
2026-10-04T12:58:49+08:00,58768,True,33.2,66.5,11,480.1,756.6,513.2,104556,994,700,1040,734,4,2,0,taken_over,152,76,False,True,68292,60
2026-10-04T12:59:49+08:00,58768,True,33.2,66.5,11,480.0,756.4,513.2,104556,994,698,1040,734,4,2,0,taken_over,152,76,False,True,68352,60
2026-10-04T13:00:49+08:00,58768,True,33.2,66.5,11,480.0,756.4,513.2,104556,994,698,1040,734,4,2,0,taken_over,154,77,False,True,68412,60
2026-10-04T13:01:49+08:00,58768,True,33.2,66.5,11,477.2,756.4,510.4,104556,994,698,1040,734,4,2,0,taken_over,154,77,False,True,68472,60
2026-10-04T13:02:49+08:00,58768,True,33.2,66.5,11,478.3,756.7,511.4,104556,994,698,1040,734,4,2,0,taken_over,154,77,False,True,68532,60
2026-10-04T13:03:49+08:00,58768,True,33.2,66.5,11,479.3,757.1,512.5,104556,994,697,1040,734,4,2,0,taken_over,154,77,False,True,68592,60
2026-10-04T13:04:49+08:00,58768,True,33.2,66.5,11,479.3,757.1,512.5,104556,994,697,1040,734,4,2,0,taken_over,154,77,False,True,68652,60
2026-10-04T13:05:49+08:00,58768,True,33.2,66.5,11,479.3,756.9,512.5,104556,994,697,1040,734,4,2,0,taken_over,154,77,False,True,68712,60
2026-10-04T13:06:49+08:00,58768,True,33.2,66.5,11,479.9,757.0,513.1,104556,994,697,1040,734,4,2,0,taken_over,154,77,False,True,68772,60
2026-10-04T13:07:49+08:00,58768,True,33.2,66.5,11,479.8,756.7,512.9,104556,994,697,1040,734,4,2,0,taken_over,154,77,False,True,68832,60
2026-10-04T13:08:49+08:00,58768,True,33.2,66.5,11,479.2,756.8,512.3,104556,994,697,1040,734,4,2,0,taken_over,154,77,False,True,68892,60
2026-10-04T13:09:49+08:00,58768,True,33.2,66.5,11,479.2,756.9,512.3,104556,994,697,1040,734,4,2,0,taken_over,154,77,False,True,68952,60
2026-10-04T13:10:49+08:00,58768,True,33.2,66.5,11,479.1,756.8,512.3,104556,994,697,1040,734,4,2,0,taken_over,154,77,False,True,69012,60
2026-10-04T13:11:49+08:00,58768,True,33.2,66.5,11,484.3,757.6,517.5,104556,994,697,1040,734,4,2,0,taken_over,154,77,False,True,69072,60
2026-10-04T13:12:49+08:00,58768,True,33.2,66.5,11,479.8,756.8,512.9,104556,994,697,1040,734,4,2,0,taken_over,154,77,False,True,69132,60
2026-10-04T13:13:49+08:00,58768,True,33.2,66.5,11,478.6,756.9,511.8,104556,994,697,1040,734,4,2,0,taken_over,154,77,False,True,69192,60
2026-10-04T13:14:49+08:00,58768,True,33.2,66.5,11,479.5,756.9,512.7,104556,994,697,1040,734,4,2,0,taken_over,154,77,False,True,69252,60
2026-10-04T13:15:49+08:00,58768,True,33.2,66.4,11,479.5,756.9,512.7,104556,994,697,1040,734,4,2,0,taken_over,156,78,False,True,69312,60
2026-10-04T13:16:49+08:00,58768,True,33.2,66.4,11,479.4,756.9,512.5,104556,994,697,1040,734,4,2,0,taken_over,156,78,False,True,69372,60
2026-10-04T13:17:49+08:00,58768,True,33.2,66.4,11,479.4,757.0,512.5,104556,994,697,1040,734,4,2,0,taken_over,156,78,False,True,69432,60
2026-10-04T13:18:49+08:00,58768,True,33.2,66.4,11,477.8,756.8,510.9,104556,994,697,1040,734,4,2,0,taken_over,156,78,False,True,69492,60
2026-10-04T13:19:49+08:00,58768,True,33.2,66.4,11,479.8,756.9,512.9,104556,994,697,1040,734,4,2,0,taken_over,156,78,False,True,69552,60
2026-10-04T13:20:49+08:00,58768,True,33.2,66.4,11,479.1,756.9,512.3,104556,994,697,1040,734,4,2,0,taken_over,156,78,False,True,69612,60
2026-10-04T13:21:49+08:00,58768,True,33.2,66.5,11,479.1,756.7,512.2,104556,994,697,1040,734,4,2,0,taken_over,156,78,False,True,69672,60
2026-10-04T13:22:49+08:00,58768,True,33.2,66.5,11,477.9,756.7,511.1,104556,994,697,1040,734,4,2,0,taken_over,156,78,False,True,69732,60
2026-10-04T13:23:49+08:00,58768,True,33.2,66.4,11,481.3,757.5,514.4,104556,994,697,1040,734,4,2,0,taken_over,156,78,False,True,69792,60
2026-10-04T13:24:49+08:00,58768,True,33.2,66.4,11,478.6,756.6,511.8,104556,994,697,1040,734,4,2,0,taken_over,156,78,False,True,69852,60
2026-10-04T13:25:49+08:00,58768,True,33.2,66.4,11,478.1,756.8,511.3,104556,994,697,1040,734,4,2,0,taken_over,156,78,False,True,69912,60
2026-10-04T13:26:49+08:00,58768,True,33.2,66.4,11,478.2,756.8,511.3,104556,994,697,1040,734,4,2,0,taken_over,156,78,False,True,69972,60
2026-10-04T13:27:49+08:00,58768,True,33.2,66.4,11,478.2,756.9,511.3,104556,994,697,1040,734,4,2,0,taken_over,156,78,False,True,70032,60
2026-10-04T13:28:49+08:00,58768,True,33.2,66.4,11,478.2,757.0,511.4,104556,994,697,1040,734,4,2,0,taken_over,156,78,False,True,70092,60
2026-10-04T13:29:49+08:00,58768,True,33.2,66.4,11,477.9,756.7,511.1,104556,994,697,1040,734,4,2,0,taken_over,156,78,False,True,70152,60
2026-10-04T13:30:49+08:00,58768,True,33.2,66.5,11,476.5,756.7,509.7,104556,994,697,1040,734,4,2,0,taken_over,158,79,False,True,70212,60
2026-10-04T13:31:49+08:00,58768,True,33.2,66.5,11,477.9,756.8,511.0,104556,994,697,1040,734,4,2,0,taken_over,158,79,False,True,70272,60
2026-10-04T13:32:49+08:00,58768,True,33.2,66.5,11,479.8,756.5,513.0,104556,994,697,1040,734,4,2,0,taken_over,158,79,False,True,70332,60
2026-10-04T13:33:49+08:00,58768,True,33.2,66.5,11,478.6,756.0,511.7,104556,994,697,1040,734,4,2,0,taken_over,158,79,False,True,70392,60
2026-10-04T13:34:49+08:00,58768,True,33.2,66.5,11,478.6,756.0,511.8,104556,994,697,1040,734,4,2,0,taken_over,158,79,False,True,70452,60
2026-10-04T13:35:49+08:00,58768,True,33.2,66.5,11,481.5,756.6,514.7,104556,994,697,1040,734,4,2,0,taken_over,158,79,False,True,70512,60
2026-10-04T13:36:49+08:00,58768,True,33.2,66.5,11,479.4,756.1,512.6,104556,994,697,1040,734,4,2,0,taken_over,158,79,False,True,70572,60
2026-10-04T13:37:49+08:00,58768,True,33.2,66.5,11,479.1,756.1,512.3,104556,994,697,1040,734,4,2,0,taken_over,158,79,False,True,70632,60
2026-10-04T13:38:49+08:00,58768,True,33.2,66.5,11,479.1,756.1,512.2,104556,994,697,1040,734,4,2,0,taken_over,158,79,False,True,70692,60
2026-10-04T13:39:49+08:00,58768,True,33.2,66.5,11,479.0,756.2,512.1,104556,994,698,1040,734,4,2,0,taken_over,158,79,False,True,70752,60
2026-10-04T13:40:49+08:00,58768,True,33.2,66.5,11,484.1,757.0,517.3,104556,994,698,1040,734,4,2,0,taken_over,158,79,False,True,70812,60
2026-10-04T13:41:49+08:00,58768,True,33.2,66.5,11,479.2,756.0,512.4,104556,994,698,1040,734,4,2,0,taken_over,158,79,False,True,70872,60
2026-10-04T13:42:49+08:00,58768,True,33.2,66.5,11,477.9,756.2,511.1,104556,994,697,1040,734,4,2,0,taken_over,158,79,False,True,70932,60
2026-10-04T13:43:49+08:00,58768,True,33.2,66.5,11,478.0,756.0,511.2,104556,994,697,1040,734,4,2,0,taken_over,158,79,False,True,70992,60
2026-10-04T13:44:49+08:00,58768,True,33.2,66.5,11,478.6,756.0,511.8,104556,994,697,1040,734,4,2,0,taken_over,158,79,False,True,71052,60
2026-10-04T13:45:49+08:00,58768,True,34.0,67.3,11,478.8,756.1,512.8,104556,994,697,1040,734,4,2,0,taken_over,160,80,False,True,71112,60
2026-10-04T13:46:49+08:00,58768,True,34.0,67.3,11,478.7,755.9,512.7,104556,994,698,1040,734,4,2,0,taken_over,160,80,False,True,71172,60
2026-10-04T13:47:49+08:00,58768,True,34.0,67.3,11,477.5,756.2,511.5,104556,994,697,1040,734,4,2,0,taken_over,160,80,False,True,71232,60
2026-10-04T13:48:49+08:00,58768,True,34.0,67.3,11,479.7,755.9,513.7,104556,994,697,1040,734,4,2,0,taken_over,160,80,False,True,71292,60
2026-10-04T13:49:49+08:00,58768,True,34.0,67.3,11,479.0,756.0,513.0,104556,994,697,1040,734,4,2,0,taken_over,160,80,False,True,71352,60
2026-10-04T13:50:49+08:00,58768,True,34.0,67.3,11,478.9,756.1,512.9,104556,994,697,1040,734,4,2,0,taken_over,160,80,False,True,71413,60
2026-10-04T13:51:49+08:00,58768,True,34.1,67.4,11,478.9,756.1,512.9,104556,994,697,1040,734,4,2,0,taken_over,160,80,False,True,71473,60
2026-10-04T13:52:49+08:00,58768,True,34.1,67.4,11,481.9,756.5,515.9,104556,994,697,1040,734,4,2,0,taken_over,160,80,False,True,71533,60
2026-10-04T13:53:49+08:00,58768,True,34.0,67.3,11,479.0,756.1,513.0,104556,994,697,1040,734,4,2,0,taken_over,160,80,False,True,71593,60
2026-10-04T13:54:49+08:00,58768,True,34.0,67.3,11,478.6,756.2,512.6,104556,994,698,1040,734,4,2,0,taken_over,160,80,False,True,71653,60
2026-10-04T13:55:49+08:00,58768,True,34.0,67.3,11,478.5,756.1,512.5,104556,994,697,1040,734,4,2,0,taken_over,160,80,False,True,71713,60
2026-10-04T13:56:49+08:00,58768,True,34.0,67.3,11,478.6,756.2,512.6,104556,994,704,1040,734,4,2,0,taken_over,160,80,False,True,71773,60
2026-10-04T13:57:49+08:00,58768,True,34.0,67.3,11,478.5,756.1,512.5,104556,994,700,1040,734,4,2,0,taken_over,160,80,False,True,71833,60
2026-10-04T13:58:49+08:00,58768,True,34.0,67.3,11,478.5,756.1,512.5,104556,994,699,1040,734,4,2,0,taken_over,160,80,False,True,71893,60
2026-10-04T13:59:49+08:00,58768,True,34.0,67.3,11,477.4,756.1,511.3,104556,994,698,1040,734,4,2,0,taken_over,160,80,False,True,71953,60
2026-10-04T14:00:49+08:00,58768,True,33.2,66.6,11,478.8,756.2,511.9,104556,994,698,1040,734,4,2,0,taken_over,162,81,False,True,72013,60
2026-10-04T14:01:49+08:00,58768,True,33.2,66.6,11,478.8,756.3,511.9,104556,994,697,1040,734,4,2,0,taken_over,162,81,False,True,72073,60
2026-10-04T14:02:49+08:00,58768,True,33.2,66.6,11,478.7,756.2,511.8,104556,994,697,1040,734,4,2,0,taken_over,162,81,False,True,72133,60
2026-10-04T14:03:49+08:00,58768,True,33.2,66.6,11,477.6,756.3,510.8,104556,994,698,1040,734,4,2,0,taken_over,162,81,False,True,72193,60
2026-10-04T14:04:49+08:00,58768,True,33.2,66.6,11,480.5,756.9,513.6,104556,994,697,1040,734,4,2,0,taken_over,162,81,False,True,72253,60
2026-10-04T14:05:49+08:00,58768,True,33.2,66.6,11,478.2,756.1,511.4,104556,994,697,1040,734,4,2,0,taken_over,162,81,False,True,72313,60
2026-10-04T14:06:49+08:00,58768,True,33.2,66.6,11,477.5,756.2,510.7,104556,994,697,1040,734,4,2,0,taken_over,162,81,False,True,72373,60
2026-10-04T14:07:49+08:00,58768,True,33.2,66.6,11,477.8,756.4,510.9,104556,994,697,1040,734,4,2,0,taken_over,162,81,False,True,72433,60
2026-10-04T14:08:50+08:00,58768,True,33.2,66.6,11,477.7,756.3,510.8,104556,994,697,1040,734,4,2,0,taken_over,162,81,False,True,72493,60
2026-10-04T14:09:49+08:00,58768,True,33.2,66.6,11,481.0,756.9,514.1,104556,994,697,1040,734,4,2,0,taken_over,162,81,False,True,72553,60
2026-10-04T14:10:49+08:00,58768,True,33.2,66.6,11,478.0,756.3,511.1,104556,994,697,1040,734,4,2,0,taken_over,162,81,False,True,72613,60
2026-10-04T14:11:49+08:00,58768,True,33.2,66.6,11,476.5,756.3,509.7,104556,994,697,1040,734,4,2,0,taken_over,162,81,False,True,72673,60
2026-10-04T14:12:50+08:00,58768,True,33.2,66.6,11,477.9,756.4,511.0,104556,994,697,1040,734,4,2,0,taken_over,162,81,False,True,72733,60
2026-10-04T14:13:50+08:00,58768,True,33.2,66.6,11,478.0,756.4,511.2,104556,994,697,1040,734,4,2,0,taken_over,162,81,False,True,72793,60
2026-10-04T14:14:50+08:00,58768,True,33.2,66.6,11,477.7,756.3,510.9,104556,994,697,1040,734,4,2,0,taken_over,162,81,False,True,72853,60
2026-10-04T14:15:50+08:00,58768,True,33.2,66.5,11,477.6,756.4,510.8,104556,994,697,1040,734,4,2,0,taken_over,164,82,False,True,72913,60
2026-10-04T14:16:50+08:00,58768,True,33.2,66.5,11,476.2,756.2,509.3,104556,994,697,1040,734,4,2,0,taken_over,164,82,False,True,72973,60
2026-10-04T14:17:49+08:00,58768,True,33.2,66.5,11,478.3,756.4,511.5,104556,994,697,1040,734,4,2,0,taken_over,164,82,False,True,73033,60
2026-10-04T14:18:50+08:00,58768,True,33.2,66.5,11,477.6,756.4,510.7,104556,994,697,1040,734,4,2,0,taken_over,164,82,False,True,73093,60
2026-10-04T14:19:50+08:00,58768,True,33.2,66.5,11,477.8,756.5,510.9,104556,994,697,1040,734,4,2,0,taken_over,164,82,False,True,73153,60
2026-10-04T14:20:50+08:00,58768,True,33.2,66.5,11,477.9,756.5,511.0,104556,994,697,1040,734,4,2,0,taken_over,164,82,False,True,73213,60
2026-10-04T14:21:50+08:00,58768,True,33.2,66.5,11,481.4,757.1,514.6,104556,994,697,1040,734,4,2,0,taken_over,164,82,False,True,73273,60
2026-10-04T14:22:50+08:00,58768,True,33.2,66.5,11,478.6,756.5,511.8,104556,994,697,1040,734,4,2,0,taken_over,164,82,False,True,73333,60
2026-10-04T14:23:50+08:00,58768,True,33.2,66.5,11,478.2,757.5,511.4,104556,994,697,1040,734,4,2,0,taken_over,164,82,False,True,73393,60
2026-10-04T14:24:50+08:00,58768,True,33.2,66.5,11,477.6,756.8,510.7,104556,994,697,1040,734,4,2,0,taken_over,164,82,False,True,73453,60
2026-10-04T14:25:50+08:00,58768,True,33.2,66.5,11,477.1,756.8,510.2,104556,994,697,1040,734,4,2,0,taken_over,164,82,False,True,73513,60
2026-10-04T14:26:50+08:00,58768,True,33.2,66.5,11,476.8,756.8,510.0,104556,994,697,1040,734,4,2,0,taken_over,164,82,False,True,73573,60
2026-10-04T14:27:50+08:00,58768,True,33.2,66.5,11,476.9,756.7,510.1,104556,994,697,1040,734,4,2,0,taken_over,164,82,False,True,73633,60
2026-10-04T14:28:50+08:00,58768,True,33.2,66.5,11,475.6,756.7,508.8,104556,994,697,1040,734,4,2,0,taken_over,164,82,False,True,73693,60
2026-10-04T14:29:50+08:00,58768,True,33.2,66.5,11,476.9,756.7,510.1,104556,994,697,1040,734,4,2,0,taken_over,164,82,False,True,73753,60
2026-10-04T14:30:50+08:00,58768,True,33.2,66.6,11,476.9,756.6,510.1,104556,994,697,1040,734,4,2,0,taken_over,166,83,False,True,73813,60
2026-10-04T14:31:50+08:00,58768,True,33.2,66.6,11,476.9,756.7,510.1,104556,994,697,1040,734,4,2,0,taken_over,166,83,False,True,73873,60
2026-10-04T14:32:50+08:00,58768,True,33.2,66.6,11,477.2,756.6,510.3,104556,994,697,1040,734,4,2,0,taken_over,166,83,False,True,73933,60
2026-10-04T14:33:50+08:00,58768,True,33.2,66.6,11,480.1,757.4,513.3,104556,994,697,1040,734,4,2,0,taken_over,166,83,False,True,73993,60
2026-10-04T14:34:50+08:00,58768,True,33.2,66.6,11,478.0,757.0,511.1,104556,994,697,1040,734,4,2,0,taken_over,166,83,False,True,74053,60
2026-10-04T14:35:50+08:00,58768,True,33.2,66.6,11,478.2,756.3,511.3,104556,994,697,1040,734,4,2,0,taken_over,166,83,False,True,74113,60
2026-10-04T14:36:50+08:00,58768,True,33.2,66.6,11,478.4,756.7,511.6,104556,994,697,1040,734,4,2,0,taken_over,166,83,False,True,74173,60
2026-10-04T14:37:50+08:00,58768,True,33.1,66.6,11,478.4,756.5,511.5,104556,994,697,1040,734,4,2,0,taken_over,166,83,False,True,74233,60
2026-10-04T14:38:50+08:00,58768,True,33.1,66.6,11,478.4,756.5,511.6,104556,994,697,1040,734,4,2,0,taken_over,166,83,False,True,74293,60
2026-10-04T14:39:50+08:00,58768,True,33.1,66.6,11,478.4,756.6,511.6,104556,994,697,1040,734,4,2,0,taken_over,166,83,False,True,74353,60
2026-10-04T14:40:50+08:00,58768,True,33.1,66.6,11,476.9,756.6,510.0,104556,994,697,1040,734,4,2,0,taken_over,166,83,False,True,74413,60
2026-10-04T14:41:50+08:00,58768,True,33.1,66.6,11,478.3,756.5,511.4,104556,994,697,1040,734,4,2,0,taken_over,166,83,False,True,74473,60
2026-10-04T14:42:50+08:00,58768,True,33.1,66.6,11,478.4,756.6,511.5,104556,994,697,1040,734,4,2,0,taken_over,166,83,False,True,74533,60
2026-10-04T14:43:50+08:00,58768,True,33.1,66.6,11,478.8,756.7,511.9,104556,994,698,1040,734,4,2,0,taken_over,166,83,False,True,74593,60
2026-10-04T14:44:50+08:00,58768,True,33.1,66.6,11,479.2,757.1,512.3,104556,994,697,1040,734,4,2,0,taken_over,166,83,False,True,74653,60
2026-10-04T14:45:50+08:00,58768,True,33.1,66.6,12,488.0,775.7,521.2,104556,994,697,1040,734,4,2,0,taken_over,168,84,False,True,74713,60
2026-10-04T14:46:50+08:00,58768,True,33.1,66.6,12,482.4,769.7,515.5,104556,994,697,1040,734,4,2,0,taken_over,168,84,False,True,74773,60
2026-10-04T14:47:50+08:00,58768,True,33.1,66.6,12,481.2,769.4,514.4,104556,994,697,1040,734,4,2,0,taken_over,168,84,False,True,74833,60
2026-10-04T14:48:50+08:00,58768,True,33.1,66.6,12,481.1,769.4,514.3,104556,994,698,1040,734,4,2,0,taken_over,168,84,False,True,74893,60
2026-10-04T14:49:50+08:00,58768,True,33.1,66.6,12,481.2,769.3,514.4,104556,994,698,1040,734,4,2,0,taken_over,168,84,False,True,74953,60
2026-10-04T14:50:50+08:00,58768,True,33.1,66.6,12,486.3,770.1,519.5,104556,994,697,1040,734,4,2,0,taken_over,168,84,False,True,75013,60
2026-10-04T14:51:50+08:00,58768,True,33.2,66.7,12,481.8,769.4,515.0,104556,994,697,1040,734,4,2,0,taken_over,168,84,False,True,75073,60
2026-10-04T14:52:50+08:00,58768,True,33.2,66.6,12,480.4,769.4,513.6,104556,994,697,1040,734,4,2,0,taken_over,168,84,False,True,75133,60
2026-10-04T14:53:50+08:00,58768,True,33.2,66.6,12,481.2,769.4,514.3,104556,994,697,1040,734,4,2,0,taken_over,168,84,False,True,75193,60
2026-10-04T14:54:50+08:00,58768,True,33.2,66.6,12,481.2,769.3,514.4,104556,994,697,1040,734,4,2,0,taken_over,168,84,False,True,75253,60
2026-10-04T14:55:50+08:00,58768,True,33.2,66.6,12,481.5,769.5,514.7,104556,994,697,1040,734,4,2,0,taken_over,168,84,False,True,75313,60
2026-10-04T14:56:50+08:00,58768,True,33.2,66.6,12,480.6,769.5,513.8,104556,994,703,1040,734,4,2,0,taken_over,168,84,False,True,75373,60
2026-10-04T14:57:50+08:00,58768,True,33.2,66.6,12,479.7,769.8,512.8,104556,994,699,1040,734,4,2,0,taken_over,168,84,False,True,75433,60
2026-10-04T14:58:50+08:00,58768,True,33.2,66.6,12,481.0,769.9,514.1,104556,994,700,1040,734,4,2,0,taken_over,168,84,False,True,75493,60
2026-10-04T14:59:50+08:00,58768,True,33.2,66.6,12,480.7,769.7,513.9,104556,994,700,1040,734,4,2,0,taken_over,168,84,False,True,75553,60
2026-10-04T15:00:50+08:00,58768,True,33.2,66.6,12,480.7,769.6,513.8,104556,994,700,1040,734,4,2,0,taken_over,170,85,False,True,75613,60
2026-10-04T15:01:50+08:00,58768,True,33.2,66.6,12,480.7,769.7,513.9,104556,994,697,1040,734,4,2,0,taken_over,170,85,False,True,75673,60
2026-10-04T15:02:50+08:00,58768,True,33.2,66.6,12,484.2,770.4,517.4,104556,994,697,1040,734,4,2,0,taken_over,170,85,False,True,75733,60
2026-10-04T15:03:50+08:00,58768,True,33.2,66.6,12,481.8,769.9,515.0,104556,994,698,1040,734,4,2,0,taken_over,170,85,False,True,75793,60
2026-10-04T15:04:50+08:00,58768,True,33.2,66.6,12,480.8,769.8,514.0,104556,994,698,1040,734,4,2,0,taken_over,170,85,False,True,75853,60
2026-10-04T15:05:50+08:00,58768,True,33.2,66.6,12,480.8,769.7,514.0,104556,994,697,1040,734,4,2,0,taken_over,170,85,False,True,75913,60
2026-10-04T15:06:50+08:00,58768,True,33.2,66.6,12,481.1,769.9,514.3,104556,994,697,1040,734,4,2,0,taken_over,170,85,False,True,75973,60
2026-10-04T15:07:50+08:00,58768,True,33.2,66.6,12,481.1,770.0,514.2,104556,994,698,1040,734,4,2,0,taken_over,170,85,False,True,76033,60
2026-10-04T15:08:50+08:00,58768,True,33.2,66.6,12,481.2,769.9,514.3,104556,994,698,1040,734,4,2,0,taken_over,170,85,False,True,76093,60
2026-10-04T15:09:50+08:00,58768,True,33.2,66.6,12,479.5,769.9,512.7,104556,994,697,1040,734,4,2,0,taken_over,170,85,False,True,76153,60
2026-10-04T15:10:50+08:00,58768,True,33.2,66.6,12,480.8,769.9,514.0,104556,994,720,1040,734,4,2,0,taken_over,170,85,False,True,76213,60
2026-10-04T15:11:50+08:00,58768,True,33.2,66.6,12,480.8,770.0,514.0,104556,994,712,1040,734,4,2,0,taken_over,170,85,False,True,76273,60
2026-10-04T15:12:50+08:00,58768,True,33.2,66.6,12,480.8,770.1,514.0,104556,994,702,1040,734,4,2,0,taken_over,170,85,False,True,76333,60
2026-10-04T15:13:50+08:00,58768,True,33.2,66.6,12,481.0,770.1,514.1,104556,994,698,1040,734,4,2,0,taken_over,170,85,False,True,76393,60
2026-10-04T15:14:50+08:00,58768,True,33.2,66.6,12,480.2,770.8,513.4,104556,994,698,1040,734,4,2,0,taken_over,170,85,False,True,76453,60
2026-10-04T15:15:50+08:00,58768,True,33.2,66.6,12,481.6,770.2,514.8,104556,994,698,1040,734,4,2,0,taken_over,172,86,False,True,76513,60
2026-10-04T15:16:50+08:00,58768,True,33.2,66.6,12,481.0,770.1,514.2,104556,994,698,1040,734,4,2,0,taken_over,172,86,False,True,76573,60
2026-10-04T15:17:50+08:00,58768,True,33.2,66.6,12,481.1,770.1,514.3,104556,994,698,1040,734,4,2,0,taken_over,172,86,False,True,76633,60
2026-10-04T15:18:50+08:00,58768,True,33.2,66.6,12,481.1,770.2,514.3,104556,994,697,1040,734,4,2,0,taken_over,172,86,False,True,76693,60
2026-10-04T15:19:50+08:00,58768,True,33.2,66.6,12,484.9,771.3,518.1,104556,994,697,1040,734,4,2,0,taken_over,172,86,False,True,76753,60
2026-10-04T15:20:50+08:00,58768,True,33.2,66.6,12,481.7,770.1,514.9,104556,994,697,1040,734,4,2,0,taken_over,172,86,False,True,76813,60
2026-10-04T15:21:50+08:00,58768,True,33.2,66.6,12,480.2,770.0,513.4,104556,994,697,1040,734,4,2,0,taken_over,172,86,False,True,76874,60
2026-10-04T15:22:50+08:00,58768,True,33.1,66.5,12,480.9,770.0,514.0,104556,994,697,1040,734,4,2,0,taken_over,172,86,False,True,76934,60
2026-10-04T15:23:50+08:00,58768,True,33.1,66.5,12,480.9,769.8,514.0,104556,994,697,1040,734,4,2,0,taken_over,172,86,False,True,76994,60
2026-10-04T15:24:50+08:00,58768,True,33.1,66.5,12,480.9,769.6,514.0,104556,994,697,1040,734,4,2,0,taken_over,172,86,False,True,77054,60
2026-10-04T15:25:50+08:00,58768,True,33.1,66.5,12,480.8,769.7,514.0,104556,994,697,1040,734,4,2,0,taken_over,172,86,False,True,77114,60
2026-10-04T15:26:50+08:00,58768,True,33.1,66.5,12,479.4,769.8,512.5,104556,994,697,1040,734,4,2,0,taken_over,172,86,False,True,77174,60
2026-10-04T15:27:50+08:00,58768,True,33.1,66.5,12,480.8,769.7,514.0,104556,994,697,1040,734,4,2,0,taken_over,172,86,False,True,77234,60
2026-10-04T15:28:50+08:00,58768,True,33.1,66.5,12,483.0,769.7,516.2,104556,994,698,1040,734,4,2,0,taken_over,172,86,False,True,77294,60
2026-10-04T15:29:50+08:00,58768,True,33.1,66.5,12,482.9,769.8,516.1,104556,994,698,1040,734,4,2,0,taken_over,172,86,False,True,77354,60
2026-10-04T15:30:50+08:00,58768,True,33.1,66.6,12,483.0,769.9,516.2,104556,994,697,1040,734,4,2,0,taken_over,174,87,False,True,77414,60
2026-10-04T15:31:50+08:00,58768,True,33.1,66.6,12,486.1,770.6,519.3,104556,994,697,1040,734,4,2,0,taken_over,174,87,False,True,77474,60
2026-10-04T15:32:50+08:00,58768,True,33.1,66.6,12,483.4,769.8,516.6,104556,994,697,1040,734,4,2,0,taken_over,174,87,False,True,77534,60
2026-10-04T15:33:50+08:00,58768,True,33.1,66.6,12,482.7,769.8,515.9,104556,994,697,1040,734,4,2,0,taken_over,174,87,False,True,77594,60
2026-10-04T15:34:50+08:00,58768,True,33.1,66.6,12,482.6,769.8,515.7,104556,994,697,1040,734,4,2,0,taken_over,174,87,False,True,77654,60
2026-10-04T15:35:50+08:00,58768,True,33.1,66.6,12,482.6,769.7,515.7,104556,994,697,1040,734,4,2,0,taken_over,174,87,False,True,77714,60
2026-10-04T15:36:50+08:00,58768,True,33.2,66.6,12,482.6,769.7,515.8,104556,994,697,1040,734,4,2,0,taken_over,174,87,False,True,77774,60
2026-10-04T15:37:50+08:00,58768,True,33.2,66.6,12,482.5,769.7,515.7,104556,994,697,1040,734,4,2,0,taken_over,174,87,False,True,77834,60
2026-10-04T15:38:50+08:00,58768,True,33.2,66.6,12,481.4,769.8,514.6,104556,994,697,1040,734,4,2,0,taken_over,174,87,False,True,77894,60
2026-10-04T15:39:50+08:00,58768,True,33.2,66.6,12,481.0,769.9,514.2,104556,994,697,1040,734,4,2,0,taken_over,174,87,False,True,77954,60
2026-10-04T15:40:51+08:00,58768,True,33.2,66.6,12,481.1,769.9,514.2,104556,994,697,1040,734,4,2,0,taken_over,174,87,False,True,78014,60
2026-10-04T15:41:50+08:00,58768,True,33.2,66.6,12,481.1,769.9,514.3,104556,994,697,1040,734,4,2,0,taken_over,174,87,False,True,78074,60
2026-10-04T15:42:50+08:00,58768,True,33.2,66.6,12,481.1,770.0,514.3,104556,994,697,1040,734,4,2,0,taken_over,174,87,False,True,78134,60
2026-10-04T15:43:50+08:00,58768,True,33.2,66.6,12,483.8,770.4,517.0,104556,994,698,1040,734,4,2,0,taken_over,174,87,False,True,78194,60
2026-10-04T15:44:50+08:00,58768,True,33.2,66.6,12,481.5,769.8,514.6,104556,994,698,1040,734,4,2,0,taken_over,174,87,False,True,78254,60
2026-10-04T15:45:50+08:00,58768,True,33.9,67.2,12,480.8,769.7,514.7,104556,994,699,1040,734,4,2,0,taken_over,176,88,False,True,78314,60
2026-10-04T15:46:50+08:00,58768,True,33.9,67.2,12,480.8,769.7,514.7,104556,994,697,1040,734,4,2,0,taken_over,176,88,False,True,78374,60
2026-10-04T15:47:51+08:00,58768,True,33.9,67.2,12,480.8,769.8,514.7,104556,994,697,1040,734,4,2,0,taken_over,176,88,False,True,78434,60
2026-10-04T15:48:51+08:00,58768,True,33.9,67.2,12,490.8,775.3,524.7,104556,994,697,1040,734,4,2,0,taken_over,176,88,False,True,78494,60
2026-10-04T15:49:51+08:00,58768,True,33.9,67.2,12,482.3,770.5,516.2,104556,994,698,1040,734,4,2,0,taken_over,176,88,False,True,78554,60
2026-10-04T15:50:51+08:00,58768,True,33.9,67.2,12,483.8,774.1,517.7,104556,994,698,1040,734,4,2,0,taken_over,176,88,False,True,78614,60
2026-10-04T15:51:50+08:00,58768,True,33.9,67.3,12,480.4,770.1,514.3,104556,994,697,1040,734,4,2,0,taken_over,176,88,False,True,78674,60
2026-10-04T15:52:51+08:00,58768,True,33.9,67.2,12,480.5,770.3,514.5,104556,994,697,1040,734,4,2,0,taken_over,176,88,False,True,78734,60
2026-10-04T15:53:51+08:00,58768,True,33.9,67.2,12,480.3,770.1,514.3,104556,994,697,1040,734,4,2,0,taken_over,176,88,False,True,78794,60
2026-10-04T15:54:51+08:00,58768,True,33.9,67.2,12,480.1,769.8,514.0,104556,994,697,1040,734,4,2,0,taken_over,176,88,False,True,78854,60
2026-10-04T15:55:51+08:00,58768,True,33.9,67.2,12,478.8,770.0,512.8,104556,994,697,1040,734,4,2,0,taken_over,176,88,False,True,78914,60
2026-10-04T15:56:51+08:00,58768,True,33.9,67.2,12,480.9,770.1,514.8,104556,994,704,1040,734,4,2,0,taken_over,176,88,False,True,78974,60
2026-10-04T15:57:51+08:00,58768,True,33.9,67.2,12,480.8,770.7,514.8,104556,994,717,1040,734,4,2,0,taken_over,176,88,False,True,79034,60
2026-10-04T15:58:51+08:00,58768,True,33.9,67.2,12,480.0,770.1,513.9,104556,994,704,1040,734,4,2,0,taken_over,176,88,False,True,79094,60
2026-10-04T15:59:51+08:00,58768,True,33.9,67.2,12,480.0,770.4,513.9,104556,994,698,1040,734,4,2,0,taken_over,176,88,False,True,79154,60
2026-10-04T16:00:51+08:00,58768,True,33.6,66.9,12,484.2,770.8,517.8,104556,994,698,1040,734,4,2,0,taken_over,178,89,False,True,79214,60
2026-10-04T16:01:51+08:00,58768,True,33.6,66.9,12,481.8,770.0,515.3,104556,994,697,1040,734,4,2,0,taken_over,178,89,False,True,79274,60
2026-10-04T16:02:51+08:00,58768,True,33.6,66.9,12,480.9,770.0,514.5,104556,994,697,1040,734,4,2,0,taken_over,178,89,False,True,79334,60
2026-10-04T16:03:51+08:00,58768,True,33.6,66.9,12,481.1,770.1,514.6,104556,994,697,1040,734,4,2,0,taken_over,178,89,False,True,79394,60
2026-10-04T16:04:51+08:00,58768,True,33.6,66.9,12,480.9,770.0,514.5,104556,994,697,1040,734,4,2,0,taken_over,178,89,False,True,79454,60
2026-10-04T16:05:51+08:00,58768,True,33.6,66.9,12,485.3,774.2,518.8,104556,994,697,1040,734,4,2,0,taken_over,178,89,False,True,79514,60
2026-10-04T16:06:51+08:00,58768,True,33.6,67.0,12,481.3,770.4,514.9,104556,994,697,1040,734,4,2,0,taken_over,178,89,False,True,79574,60
2026-10-04T16:07:51+08:00,58768,True,33.6,67.0,12,479.9,770.2,513.5,104556,994,697,1040,734,4,2,0,taken_over,178,89,False,True,79634,60
2026-10-04T16:08:51+08:00,58768,True,33.6,66.9,12,481.4,770.1,515.0,104556,994,697,1040,734,4,2,0,taken_over,178,89,False,True,79694,60
2026-10-04T16:09:51+08:00,58768,True,33.6,66.9,12,481.4,770.2,515.0,104556,994,697,1040,734,4,2,0,taken_over,178,89,False,True,79754,60
2026-10-04T16:10:51+08:00,58768,True,33.6,66.9,12,481.3,770.2,514.9,104556,994,697,1040,734,4,2,0,taken_over,178,89,False,True,79814,60
2026-10-04T16:11:51+08:00,58768,True,33.6,66.9,12,481.6,770.6,515.2,104556,994,697,1040,734,4,2,0,taken_over,178,89,False,True,79874,60
2026-10-04T16:12:51+08:00,58768,True,33.6,66.9,12,484.7,771.4,518.3,104556,994,698,1040,734,4,2,0,taken_over,178,89,False,True,79934,60
2026-10-04T16:13:51+08:00,58768,True,33.6,66.9,12,482.6,770.9,516.2,104556,994,699,1040,734,4,2,0,taken_over,178,89,False,True,79994,60
2026-10-04T16:14:51+08:00,58768,True,33.6,66.9,12,481.9,770.8,515.5,104556,994,699,1040,734,4,2,0,taken_over,178,89,False,True,80054,60
2026-10-04T16:15:51+08:00,58768,True,33.4,66.8,12,483.4,772.3,516.8,104556,994,699,1040,734,4,2,0,taken_over,180,90,False,True,80114,60
2026-10-04T16:16:51+08:00,58768,True,33.4,66.8,12,481.9,770.9,515.4,104556,994,697,1040,734,4,2,0,taken_over,180,90,False,True,80174,60
2026-10-04T16:17:51+08:00,58768,True,33.4,66.8,12,487.2,771.8,520.6,104556,994,697,1040,734,4,2,0,taken_over,180,90,False,True,80234,60
2026-10-04T16:18:51+08:00,58768,True,33.4,66.8,12,481.6,770.9,515.1,104556,994,708,1040,734,4,2,0,taken_over,180,90,False,True,2,60
2026-10-04T16:19:51+08:00,58768,True,33.4,66.8,12,480.4,770.9,513.8,104556,994,701,1040,734,4,2,0,taken_over,180,90,False,True,41,60
2026-10-04T16:20:51+08:00,58768,True,33.4,66.8,12,481.8,770.9,515.2,104556,994,698,1040,734,4,2,0,taken_over,180,90,False,True,101,60
2026-10-04T16:21:51+08:00,58768,True,33.4,66.8,12,481.4,770.8,514.8,104556,994,698,1040,734,4,2,0,taken_over,180,90,False,True,161,60
2026-10-04T16:22:51+08:00,58768,True,33.4,66.8,12,481.8,770.7,515.2,104556,994,697,1040,734,4,2,0,taken_over,180,90,False,True,221,60
2026-10-04T16:23:51+08:00,58768,True,33.4,66.8,12,481.8,770.2,515.2,104556,994,698,1040,734,4,2,0,taken_over,180,90,False,True,281,60
2026-10-04T16:24:51+08:00,58768,True,33.4,66.8,12,480.7,770.2,514.1,104556,994,697,1040,734,4,2,0,taken_over,180,90,False,True,341,60
2026-10-04T16:25:51+08:00,58768,True,33.4,66.8,12,482.7,770.2,516.1,104556,994,697,1040,734,4,2,0,taken_over,180,90,False,True,401,60
2026-10-04T16:26:51+08:00,58768,True,33.4,66.8,12,482.0,770.2,515.4,104556,994,698,1040,734,4,2,0,taken_over,180,90,False,True,461,60
2026-10-04T16:27:51+08:00,58768,True,33.4,66.8,12,481.5,769.7,514.9,104556,994,697,1040,734,4,2,0,taken_over,180,90,False,True,521,60
2026-10-04T16:28:51+08:00,58768,True,33.4,66.8,12,481.4,769.7,514.8,104556,994,698,1040,734,4,2,0,taken_over,180,90,False,True,581,60
2026-10-04T16:29:51+08:00,58768,True,33.4,66.8,12,484.6,770.3,518.0,104556,994,698,1040,734,4,2,0,taken_over,180,90,False,True,641,60
2026-10-04T16:30:51+08:00,58768,True,33.5,67.0,12,482.0,769.6,515.6,104556,994,698,1040,734,4,2,0,taken_over,182,91,False,True,701,60
2026-10-04T16:31:51+08:00,58768,True,33.5,67.0,12,480.6,769.6,514.2,104556,994,697,1040,734,4,2,0,taken_over,182,91,False,True,761,60
2026-10-04T16:32:51+08:00,58768,True,33.5,67.0,12,481.0,769.6,514.5,104556,994,697,1040,734,4,2,0,taken_over,182,91,False,True,821,60
2026-10-04T16:33:51+08:00,58768,True,33.5,67.0,12,481.1,769.6,514.7,104556,994,697,1040,734,4,2,0,taken_over,182,91,False,True,881,60
2026-10-04T16:34:51+08:00,58768,True,33.5,67.0,12,481.1,769.7,514.6,104556,994,698,1040,734,4,2,0,taken_over,182,91,False,True,941,60
2026-10-04T16:35:51+08:00,58768,True,33.5,67.0,12,481.3,769.7,514.9,104556,994,704,1040,734,4,2,0,taken_over,182,91,False,True,1001,60
2026-10-04T16:36:51+08:00,58768,True,33.6,67.0,12,479.9,769.8,513.5,104556,994,700,1040,734,4,2,0,taken_over,182,91,False,True,1061,60
2026-10-04T16:37:51+08:00,58768,True,33.5,67.0,12,481.4,769.9,514.9,104556,994,699,1040,734,4,2,0,taken_over,182,91,False,True,1121,60
2026-10-04T16:38:51+08:00,58768,True,33.5,67.0,12,481.3,769.8,514.9,104556,994,698,1040,734,4,2,0,taken_over,182,91,False,True,1181,60
2026-10-04T16:39:51+08:00,58768,True,33.5,67.0,12,481.1,769.7,514.6,104556,994,698,1040,734,4,2,0,taken_over,182,91,False,True,1241,60
2026-10-04T16:40:51+08:00,58768,True,33.5,67.0,12,481.1,769.8,514.6,104556,994,697,1040,734,4,2,0,taken_over,182,91,False,True,1301,60
2026-10-04T16:41:51+08:00,58768,True,33.5,67.0,12,483.8,770.1,517.4,104556,994,697,1040,734,4,2,0,taken_over,182,91,False,True,1361,60
2026-10-04T16:42:51+08:00,58768,True,33.5,67.0,12,482.7,769.8,516.2,104556,994,697,1040,734,4,2,0,taken_over,182,91,False,True,1421,60
2026-10-04T16:43:51+08:00,58768,True,33.5,67.0,12,482.1,769.9,515.7,104556,994,697,1040,734,4,2,0,taken_over,182,91,False,True,1481,60
2026-10-04T16:44:51+08:00,58768,True,33.5,67.0,12,482.3,769.8,515.8,104556,994,697,1040,734,4,2,0,taken_over,182,91,False,True,1541,60
2026-10-04T16:45:51+08:00,58768,True,33.3,66.8,12,482.2,769.8,515.5,104556,994,697,1040,734,4,2,0,taken_over,184,92,False,True,1601,60
2026-10-04T16:46:51+08:00,58768,True,33.3,66.8,12,482.5,769.7,515.8,104556,994,697,1040,734,4,2,0,taken_over,184,92,False,True,1661,60
2026-10-04T16:47:51+08:00,58768,True,33.3,66.8,12,482.8,769.9,516.1,104556,994,697,1040,734,4,2,0,taken_over,184,92,False,True,1721,60
2026-10-04T16:48:51+08:00,58768,True,33.3,66.8,12,481.6,770.1,514.9,104556,994,697,1040,734,4,2,0,taken_over,184,92,False,True,1781,60
2026-10-04T16:49:51+08:00,58768,True,33.3,66.8,12,482.9,770.0,516.2,104556,994,697,1040,734,4,2,0,taken_over,184,92,False,True,1841,60
2026-10-04T16:50:51+08:00,58768,True,33.3,66.8,12,482.6,769.8,515.9,104556,994,697,1040,734,4,2,0,taken_over,184,92,False,True,1901,60
2026-10-04T16:51:51+08:00,58768,True,33.3,66.8,12,482.6,769.9,515.9,104556,994,697,1040,734,4,2,0,taken_over,184,92,False,True,1961,60
2026-10-04T16:52:51+08:00,58768,True,33.3,66.8,12,482.6,769.7,515.9,104556,994,697,1040,734,4,2,0,taken_over,184,92,False,True,2021,60
2026-10-04T16:53:51+08:00,58768,True,33.3,66.8,12,481.7,770.2,515.0,104556,994,697,1040,734,4,2,0,taken_over,184,92,False,True,2081,60
2026-10-04T16:54:51+08:00,58768,True,33.3,66.8,12,483.2,769.9,516.5,104556,994,697,1040,734,4,2,0,taken_over,184,92,False,True,2141,60
2026-10-04T16:55:51+08:00,58768,True,33.3,66.8,12,482.6,769.8,515.9,104556,994,697,1040,734,4,2,0,taken_over,184,92,False,True,2201,60
2026-10-04T16:56:51+08:00,58768,True,33.3,66.8,12,482.7,770.0,516.0,104556,994,704,1040,734,4,2,0,taken_over,184,92,False,True,2261,60
2026-10-04T16:57:51+08:00,58768,True,33.3,66.8,12,482.9,770.1,516.3,104556,994,700,1040,734,4,2,0,taken_over,184,92,False,True,2321,60
2026-10-04T16:58:51+08:00,58768,True,33.3,66.8,12,488.5,771.0,521.8,104556,994,698,1040,734,4,2,0,taken_over,184,92,False,True,2381,60
2026-10-04T16:59:51+08:00,58768,True,33.3,66.8,12,483.6,770.1,516.9,104556,994,698,1040,734,4,2,0,taken_over,184,92,False,True,2441,60
2026-10-04T17:00:52+08:00,58768,True,33.2,66.6,12,482.2,770.0,515.4,104556,994,698,1040,734,4,2,0,taken_over,186,93,False,True,2501,60
2026-10-04T17:01:51+08:00,58768,True,33.2,66.6,12,482.7,769.9,515.8,104556,994,698,1040,734,4,2,0,taken_over,186,93,False,True,2561,60
2026-10-04T17:02:51+08:00,58768,True,33.2,66.6,12,482.6,770.0,515.8,104556,994,698,1040,734,4,2,0,taken_over,186,93,False,True,2621,60
2026-10-04T17:03:51+08:00,58768,True,33.2,66.6,12,482.8,769.9,515.9,104556,994,698,1040,734,4,2,0,taken_over,186,93,False,True,2681,60
2026-10-04T17:04:51+08:00,58768,True,33.2,66.6,12,483.5,770.3,516.7,104556,994,697,1040,734,4,2,0,taken_over,186,93,False,True,2741,60
2026-10-04T17:05:51+08:00,58768,True,33.2,66.6,12,482.2,770.4,515.4,104556,994,697,1040,734,4,2,0,taken_over,186,93,False,True,2801,60
2026-10-04T17:06:51+08:00,58768,True,33.2,66.7,12,483.5,770.2,516.7,104556,994,697,1040,734,4,2,0,taken_over,186,93,False,True,2861,60
2026-10-04T17:07:52+08:00,58768,True,33.2,66.6,12,483.5,770.3,516.7,104556,994,697,1040,734,4,2,0,taken_over,186,93,False,True,2921,60
2026-10-04T17:08:51+08:00,58768,True,33.2,66.6,12,483.9,770.3,517.1,104556,994,697,1040,734,4,2,0,taken_over,186,93,False,True,2981,60
2026-10-04T17:09:52+08:00,58768,True,33.2,66.6,12,483.8,770.3,517.0,104556,994,697,1040,734,4,2,0,taken_over,186,93,False,True,3041,60
2026-10-04T17:10:51+08:00,58768,True,33.2,66.6,12,487.1,771.1,520.2,104556,994,697,1040,734,4,2,0,taken_over,186,93,False,True,3101,60
2026-10-04T17:11:52+08:00,58768,True,33.2,66.6,12,484.6,770.4,517.8,104556,994,697,1040,734,4,2,0,taken_over,186,93,False,True,3161,60
2026-10-04T17:12:51+08:00,58768,True,33.2,66.6,12,483.6,770.3,516.7,104556,994,697,1040,734,4,2,0,taken_over,186,93,False,True,3221,60
2026-10-04T17:13:52+08:00,58768,True,33.2,66.6,12,483.0,770.1,516.1,104556,994,697,1040,734,4,2,0,taken_over,186,93,False,True,3281,60
2026-10-04T17:14:52+08:00,58768,True,33.2,66.6,12,483.5,770.4,516.6,104556,994,697,1040,734,4,2,0,taken_over,186,93,False,True,3341,60
2026-10-04T17:15:52+08:00,58768,True,33.2,66.5,12,483.3,770.3,516.5,104556,994,697,1040,734,4,2,0,taken_over,188,94,False,True,3401,60
2026-10-04T17:16:52+08:00,58768,True,33.2,66.5,12,483.2,770.0,516.4,104556,994,697,1040,734,4,2,0,taken_over,188,94,False,True,3461,60
2026-10-04T17:17:52+08:00,58768,True,33.2,66.5,12,481.8,770.1,515.0,104556,994,697,1040,734,4,2,0,taken_over,188,94,False,True,3521,60
2026-10-04T17:18:52+08:00,58768,True,33.2,66.5,12,483.3,770.3,516.5,104556,994,698,1040,734,4,2,0,taken_over,188,94,False,True,3581,60
2026-10-04T17:19:52+08:00,58768,True,33.2,66.5,12,483.6,770.4,516.8,104556,994,698,1040,734,4,2,0,taken_over,188,94,False,True,3641,60
2026-10-04T17:20:52+08:00,58768,True,33.2,66.5,12,483.7,770.5,516.9,104556,994,698,1040,734,4,2,0,taken_over,188,94,False,True,3701,60
2026-10-04T17:21:52+08:00,58768,True,33.2,66.5,12,483.8,770.7,517.0,104556,994,697,1040,734,4,2,0,taken_over,188,94,False,True,3761,60
2026-10-04T17:22:51+08:00,58768,True,33.2,66.5,12,482.7,771.0,516.0,104556,994,697,1040,734,4,2,0,taken_over,188,94,False,True,3821,60
2026-10-04T17:23:52+08:00,58768,True,33.2,66.5,12,483.8,770.3,517.0,104556,994,697,1040,734,4,2,0,taken_over,188,94,False,True,3881,60
2026-10-04T17:24:52+08:00,58768,True,33.2,66.5,12,483.3,770.2,516.5,104556,994,698,1040,734,4,2,0,taken_over,188,94,False,True,3941,60
2026-10-04T17:25:52+08:00,58768,True,33.2,66.5,12,483.2,770.1,516.4,104556,994,697,1040,734,4,2,0,taken_over,188,94,False,True,4001,60
2026-10-04T17:26:52+08:00,58768,True,33.2,66.5,12,483.3,770.1,516.5,104556,994,697,1040,734,4,2,0,taken_over,188,94,False,True,4061,60
2026-10-04T17:27:52+08:00,58768,True,33.2,66.5,12,486.7,771.1,519.9,104556,994,697,1040,734,4,2,0,taken_over,188,94,False,True,4121,60
2026-10-04T17:28:52+08:00,58768,True,33.2,66.5,12,483.6,769.9,516.7,104556,994,697,1040,734,4,2,0,taken_over,188,94,False,True,4181,60
2026-10-04T17:29:52+08:00,58768,True,33.2,66.5,12,482.3,770.0,515.5,104556,994,697,1040,734,4,2,0,taken_over,188,94,False,True,4241,60
2026-10-04T17:30:52+08:00,58768,True,33.2,66.6,12,482.3,769.8,515.5,104556,994,697,1040,734,4,2,0,taken_over,190,95,False,True,4301,60
2026-10-04T17:31:52+08:00,58768,True,33.2,66.6,12,483.0,769.9,516.2,104556,994,698,1040,734,4,2,0,taken_over,190,95,False,True,4361,60
2026-10-04T17:32:52+08:00,58768,True,33.2,66.6,12,483.1,770.1,516.3,104556,994,698,1040,734,4,2,0,taken_over,190,95,False,True,4422,60
2026-10-04T17:33:52+08:00,58768,True,33.2,66.6,12,481.7,769.7,514.9,104556,994,697,1040,734,4,2,0,taken_over,190,95,False,True,4482,60
2026-10-04T17:34:52+08:00,58768,True,33.2,66.6,12,480.3,769.8,513.5,104556,994,697,1040,734,4,2,0,taken_over,190,95,False,True,4542,60
2026-10-04T17:35:52+08:00,58768,True,33.2,66.6,12,481.7,770.0,514.9,104556,994,697,1040,734,4,2,0,taken_over,190,95,False,True,4602,60
2026-10-04T17:36:52+08:00,58768,True,33.2,66.6,12,481.8,769.9,515.0,104556,994,697,1040,734,4,2,0,taken_over,190,95,False,True,4662,60
2026-10-04T17:37:52+08:00,58768,True,33.2,66.6,12,481.8,769.9,515.0,104556,994,697,1040,734,4,2,0,taken_over,190,95,False,True,4722,60
2026-10-04T17:38:52+08:00,58768,True,33.2,66.6,12,481.8,769.8,515.0,104556,994,697,1040,734,4,2,0,taken_over,190,95,False,True,4782,60
2026-10-04T17:39:52+08:00,58768,True,33.2,66.6,12,484.5,770.4,517.7,104556,994,697,1040,734,4,2,0,taken_over,190,95,False,True,4842,60
2026-10-04T17:40:52+08:00,58768,True,33.2,66.6,12,482.3,769.9,515.5,104556,994,697,1040,734,4,2,0,taken_over,190,95,False,True,4902,60
2026-10-04T17:41:52+08:00,58768,True,33.2,66.6,12,481.7,769.8,514.9,104556,994,697,1040,734,4,2,0,taken_over,190,95,False,True,4962,60
2026-10-04T17:42:52+08:00,58768,True,33.2,66.6,12,482.1,770.0,515.3,104556,994,698,1040,734,4,2,0,taken_over,190,95,False,True,5022,60
2026-10-04T17:43:52+08:00,58768,True,33.2,66.6,12,482.0,770.1,515.2,104556,996,699,1040,734,4,2,0,taken_over,190,95,False,True,5082,60
2026-10-04T17:44:52+08:00,58768,True,33.2,66.6,12,482.0,769.9,515.2,104556,996,699,1040,734,4,2,0,taken_over,190,95,False,True,5142,60
2026-10-04T17:45:52+08:00,58768,True,33.4,66.7,12,483.2,771.4,516.6,104556,994,697,1040,734,4,2,0,taken_over,192,96,False,True,5202,60
2026-10-04T17:46:52+08:00,58768,True,33.4,66.7,12,480.4,770.1,513.8,104556,994,697,1040,734,4,2,0,taken_over,192,96,False,True,5262,60
2026-10-04T17:47:52+08:00,58768,True,33.4,66.7,12,481.5,769.7,514.9,104556,994,697,1040,734,4,2,0,taken_over,192,96,False,True,5322,60
2026-10-04T17:48:52+08:00,58768,True,33.4,66.7,12,481.5,769.8,514.9,104556,994,697,1040,734,4,2,0,taken_over,192,96,False,True,5382,60
2026-10-04T17:49:52+08:00,58768,True,33.4,66.7,12,481.6,769.6,515.0,104556,994,698,1040,734,4,2,0,taken_over,192,96,False,True,5442,60
2026-10-04T17:50:52+08:00,58768,True,33.4,66.7,12,481.6,769.8,515.1,104556,994,698,1040,734,4,2,0,taken_over,192,96,False,True,5502,60
2026-10-04T17:51:52+08:00,58768,True,33.4,66.8,12,480.2,769.9,513.6,104556,994,697,1040,734,4,2,0,taken_over,192,96,False,True,5562,60
2026-10-04T17:52:52+08:00,58768,True,33.4,66.8,12,482.3,769.8,515.8,104556,994,697,1040,734,4,2,0,taken_over,192,96,False,True,5622,60
2026-10-04T17:53:52+08:00,58768,True,33.4,66.7,12,481.9,770.0,515.4,104556,994,697,1040,734,4,2,0,taken_over,192,96,False,True,5682,60
2026-10-04T17:54:52+08:00,58768,True,33.4,66.7,12,482.4,770.0,515.8,104556,994,697,1040,734,4,2,0,taken_over,192,96,False,True,5742,60
2026-10-04T17:55:52+08:00,58768,True,33.4,66.7,12,482.6,770.1,516.0,104556,994,697,1040,734,4,2,0,taken_over,192,96,False,True,5802,60
2026-10-04T17:56:52+08:00,58768,True,33.4,66.7,12,488.0,771.2,521.4,104556,994,703,1040,734,4,2,0,taken_over,192,96,False,True,5862,60
2026-10-04T17:57:52+08:00,58768,True,33.4,66.7,12,482.9,770.1,516.4,104556,994,699,1040,734,4,2,0,taken_over,192,96,False,True,5922,60
2026-10-04T17:58:52+08:00,58768,True,33.4,66.7,12,481.7,770.0,515.1,104556,994,699,1040,734,4,2,0,taken_over,192,96,False,True,5982,60
2026-10-04T17:59:52+08:00,58768,True,33.4,66.7,12,482.2,769.9,515.6,104556,994,698,1040,734,4,2,0,taken_over,192,96,False,True,6042,60
2026-10-04T18:00:52+08:00,58768,True,33.2,66.6,12,482.3,769.8,515.6,104556,994,698,1040,734,4,2,0,taken_over,194,97,False,True,6102,60
2026-10-04T18:01:52+08:00,58768,True,33.2,66.6,12,482.2,769.9,515.5,104556,994,697,1040,734,4,2,0,taken_over,194,97,False,True,6162,60
2026-10-04T18:02:52+08:00,58768,True,33.2,66.6,12,482.2,769.9,515.5,104556,994,697,1040,734,4,2,0,taken_over,194,97,False,True,6222,60
2026-10-04T18:03:52+08:00,58768,True,33.2,66.6,12,481.0,770.0,514.2,104556,994,698,1040,734,4,2,0,taken_over,194,97,False,True,6282,60
2026-10-04T18:04:52+08:00,58768,True,33.2,66.6,12,483.3,770.1,516.5,104556,994,697,1040,734,4,2,0,taken_over,194,97,False,True,6342,60
2026-10-04T18:05:52+08:00,58768,True,33.2,66.6,12,483.1,769.9,516.3,104556,994,697,1040,734,4,2,0,taken_over,194,97,False,True,6402,60
2026-10-04T18:06:52+08:00,58768,True,33.3,66.7,12,483.2,769.9,516.4,104556,994,697,1040,734,4,2,0,taken_over,194,97,False,True,6462,60
2026-10-04T18:07:52+08:00,58768,True,33.2,66.6,12,483.3,770.0,516.6,104556,994,698,1040,734,4,2,0,taken_over,194,97,False,True,6522,60
2026-10-04T18:08:52+08:00,58768,True,33.2,66.6,12,486.9,772.0,520.1,104556,994,698,1040,734,4,2,0,taken_over,194,97,False,True,6582,60
2026-10-04T18:09:52+08:00,58768,True,33.2,66.6,12,484.3,771.5,517.6,104556,994,697,1040,734,4,2,0,taken_over,194,97,False,True,6642,60
2026-10-04T18:10:52+08:00,58768,True,33.2,66.6,12,483.4,771.4,516.7,104556,994,697,1040,734,4,2,0,taken_over,194,97,False,True,6702,60
2026-10-04T18:11:52+08:00,58768,True,33.2,66.6,12,483.3,771.1,516.6,104556,994,697,1040,734,4,2,0,taken_over,194,97,False,True,6762,60
2026-10-04T18:12:52+08:00,58768,True,33.2,66.6,12,483.3,771.3,516.6,104556,994,697,1040,734,4,2,0,taken_over,194,97,False,True,6822,60
2026-10-04T18:13:52+08:00,58768,True,33.2,66.7,12,483.9,772.1,517.1,104556,994,698,1040,734,4,2,0,not_taken_over,194,97,False,True,6882,60
2026-10-04T18:14:52+08:00,58768,True,33.1,66.6,12,484.1,772.1,517.2,104556,994,698,1040,734,4,2,0,not_taken_over,194,97,False,True,6942,60
