1791115431252 START FC_HOST_SELF_TEST_RENDER_BUILD pid=55816 args=Args { log: "D:\\projects\\finance-calendar-dynamic-wallpaper\\host\\tools\\evidence\\dw-bug-renderer-fixed-prodlike-render.log", count: 600, interval: 60s, warmup: 5s, tail: 20s, width: 2560, height: 1600, theme: Astrolabe, fixture: true, timeout_at: None, skip_render: false, gap: Some(1s), alt_size: Some((3840, 2160)), pair_idle: Some(3s) }
1791115431253 RENDERER-UDF %TEMP%\fc-repro-leak-20261004-200350\webview2\wallpaper-renderer
1791115431253 OUTPUT dir=%TEMP%\fc-repro-leak-20261004-200350\localappdata\tw.fintools.fc-host\wallpaper key=m-7ebe8f017cddc2d6
1791115431253 WARMUP 5 s
1791115436254 RENDER-START n=1
1791115436992 RENDER-OK n=1 id=1 browser_pid=Some(112372) slot=A path=%TEMP%\fc-repro-leak-20261004-200350\localappdata\tw.fintools.fc-host\wallpaper\m-7ebe8f017cddc2d6-a.png wh=2560x1600 body=raw open_ms=264.2 page_ms=463.4 to_png_ms=727.6 close_ms=2.0 write_ms=8.9 warnings=0
1791115436993 VERIFY n=1 dims=Some((2560, 1600)) expect=2560x1600 own_files=1 PASS
1791115437187 BROWSER-EXIT n=1 pid=112372 after_return_ms=194.4
1791115437993 PREV-BROWSER n=2 prev_n=1 pid=112372 alive=false
1791115437993 RENDER-START n=2
1791115438732 RENDER-OK n=2 id=2 browser_pid=Some(112696) slot=B path=%TEMP%\fc-repro-leak-20261004-200350\localappdata\tw.fintools.fc-host\wallpaper\m-7ebe8f017cddc2d6-b.png wh=3840x2160 body=raw open_ms=258.0 page_ms=460.6 to_png_ms=718.6 close_ms=2.8 write_ms=17.6 warnings=0
1791115438732 VERIFY n=2 dims=Some((3840, 2160)) expect=3840x2160 own_files=2 PASS
1791115438913 BROWSER-EXIT n=2 pid=112696 after_return_ms=180.5
1791115441733 PREV-BROWSER n=3 prev_n=2 pid=112696 alive=false
1791115441733 RENDER-START n=3
1791115442355 RENDER-OK n=3 id=3 browser_pid=Some(110140) slot=A path=%TEMP%\fc-repro-leak-20261004-200350\localappdata\tw.fintools.fc-host\wallpaper\m-7ebe8f017cddc2d6-a.png wh=2560x1600 body=raw open_ms=265.0 page_ms=345.0 to_png_ms=610.0 close_ms=2.0 write_ms=10.0 warnings=0
1791115442355 VERIFY n=3 dims=Some((2560, 1600)) expect=2560x1600 own_files=2 PASS
1791115442548 BROWSER-EXIT n=3 pid=110140 after_return_ms=192.8
1791115443355 PREV-BROWSER n=4 prev_n=3 pid=110140 alive=false
1791115443355 RENDER-START n=4
1791115444087 RENDER-OK n=4 id=4 browser_pid=Some(9616) slot=B path=%TEMP%\fc-repro-leak-20261004-200350\localappdata\tw.fintools.fc-host\wallpaper\m-7ebe8f017cddc2d6-b.png wh=3840x2160 body=raw open_ms=258.9 page_ms=457.9 to_png_ms=716.8 close_ms=3.1 write_ms=11.5 warnings=0
1791115444087 VERIFY n=4 dims=Some((3840, 2160)) expect=3840x2160 own_files=2 PASS
1791115444270 BROWSER-EXIT n=4 pid=9616 after_return_ms=183.6
1791115447087 PREV-BROWSER n=5 prev_n=4 pid=9616 alive=false
1791115447087 RENDER-START n=5
1791115447705 RENDER-OK n=5 id=5 browser_pid=Some(112612) slot=A path=%TEMP%\fc-repro-leak-20261004-200350\localappdata\tw.fintools.fc-host\wallpaper\m-7ebe8f017cddc2d6-a.png wh=2560x1600 body=raw open_ms=254.9 page_ms=344.6 to_png_ms=599.4 close_ms=2.0 write_ms=16.8 warnings=0
1791115447706 VERIFY n=5 dims=Some((2560, 1600)) expect=2560x1600 own_files=2 PASS
1791115447883 BROWSER-EXIT n=5 pid=112612 after_return_ms=178.1
1791115448706 PREV-BROWSER n=6 prev_n=5 pid=112612 alive=false
1791115448706 RENDER-START n=6
1791115449472 RENDER-OK n=6 id=6 browser_pid=Some(106608) slot=B path=%TEMP%\fc-repro-leak-20261004-200350\localappdata\tw.fintools.fc-host\wallpaper\m-7ebe8f017cddc2d6-b.png wh=3840x2160 body=raw open_ms=307.5 page_ms=437.5 to_png_ms=744.9 close_ms=3.0 write_ms=17.8 warnings=0
1791115449472 VERIFY n=6 dims=Some((3840, 2160)) expect=3840x2160 own_files=2 PASS
1791115449649 BROWSER-EXIT n=6 pid=106608 after_return_ms=177.6
1791115452472 PREV-BROWSER n=7 prev_n=6 pid=106608 alive=false
1791115452472 RENDER-START n=7
1791115453087 RENDER-OK n=7 id=7 browser_pid=Some(86580) slot=A path=%TEMP%\fc-repro-leak-20261004-200350\localappdata\tw.fintools.fc-host\wallpaper\m-7ebe8f017cddc2d6-a.png wh=2560x1600 body=raw open_ms=257.2 page_ms=339.0 to_png_ms=596.1 close_ms=2.1 write_ms=17.0 warnings=0
1791115453088 VERIFY n=7 dims=Some((2560, 1600)) expect=2560x1600 own_files=2 PASS
1791115453267 BROWSER-EXIT n=7 pid=86580 after_return_ms=179.4
1791115454088 PREV-BROWSER n=8 prev_n=7 pid=86580 alive=false
1791115454088 RENDER-START n=8
1791115454803 RENDER-OK n=8 id=8 browser_pid=Some(96584) slot=B path=%TEMP%\fc-repro-leak-20261004-200350\localappdata\tw.fintools.fc-host\wallpaper\m-7ebe8f017cddc2d6-b.png wh=3840x2160 body=raw open_ms=256.4 page_ms=437.9 to_png_ms=694.3 close_ms=2.8 write_ms=17.6 warnings=0
1791115454803 VERIFY n=8 dims=Some((3840, 2160)) expect=3840x2160 own_files=2 PASS
1791115454979 BROWSER-EXIT n=8 pid=96584 after_return_ms=175.8
1791115457803 PREV-BROWSER n=9 prev_n=8 pid=96584 alive=false
1791115457803 RENDER-START n=9
1791115458477 RENDER-OK n=9 id=9 browser_pid=Some(49752) slot=A path=%TEMP%\fc-repro-leak-20261004-200350\localappdata\tw.fintools.fc-host\wallpaper\m-7ebe8f017cddc2d6-a.png wh=2560x1600 body=raw open_ms=312.2 page_ms=342.9 to_png_ms=655.1 close_ms=2.0 write_ms=17.1 warnings=0
1791115458478 VERIFY n=9 dims=Some((2560, 1600)) expect=2560x1600 own_files=2 PASS
1791115458650 BROWSER-EXIT n=9 pid=49752 after_return_ms=173.1
1791115459478 PREV-BROWSER n=10 prev_n=9 pid=49752 alive=false
1791115459478 RENDER-START n=10
1791115460207 RENDER-OK n=10 id=10 browser_pid=Some(110216) slot=B path=%TEMP%\fc-repro-leak-20261004-200350\localappdata\tw.fintools.fc-host\wallpaper\m-7ebe8f017cddc2d6-b.png wh=3840x2160 body=raw open_ms=264.5 page_ms=443.4 to_png_ms=707.9 close_ms=2.9 write_ms=17.8 warnings=0
1791115460207 VERIFY n=10 dims=Some((3840, 2160)) expect=3840x2160 own_files=2 PASS
1791115460386 BROWSER-EXIT n=10 pid=110216 after_return_ms=179.8
1791115463207 PREV-BROWSER n=11 prev_n=10 pid=110216 alive=false
1791115463207 RENDER-START n=11
1791115463881 RENDER-OK n=11 id=11 browser_pid=Some(6056) slot=A path=%TEMP%\fc-repro-leak-20261004-200350\localappdata\tw.fintools.fc-host\wallpaper\m-7ebe8f017cddc2d6-a.png wh=2560x1600 body=raw open_ms=316.3 page_ms=338.6 to_png_ms=654.9 close_ms=2.2 write_ms=16.1 warnings=0
1791115463881 VERIFY n=11 dims=Some((2560, 1600)) expect=2560x1600 own_files=2 PASS
1791115464055 BROWSER-EXIT n=11 pid=6056 after_return_ms=174.6
1791115464881 PREV-BROWSER n=12 prev_n=11 pid=6056 alive=false
1791115464881 RENDER-START n=12
1791115465674 RENDER-OK n=12 id=12 browser_pid=Some(101364) slot=B path=%TEMP%\fc-repro-leak-20261004-200350\localappdata\tw.fintools.fc-host\wallpaper\m-7ebe8f017cddc2d6-b.png wh=3840x2160 body=raw open_ms=323.5 page_ms=448.2 to_png_ms=771.6 close_ms=3.1 write_ms=17.9 warnings=0
1791115465674 VERIFY n=12 dims=Some((3840, 2160)) expect=3840x2160 own_files=2 PASS
1791115465846 BROWSER-EXIT n=12 pid=101364 after_return_ms=172.3
1791115468674 PREV-BROWSER n=13 prev_n=12 pid=101364 alive=false
1791115468674 RENDER-START n=13
1791115469350 RENDER-OK n=13 id=13 browser_pid=Some(52048) slot=A path=%TEMP%\fc-repro-leak-20261004-200350\localappdata\tw.fintools.fc-host\wallpaper\m-7ebe8f017cddc2d6-a.png wh=2560x1600 body=raw open_ms=299.5 page_ms=356.8 to_png_ms=656.3 close_ms=2.0 write_ms=17.3 warnings=0
1791115469350 VERIFY n=13 dims=Some((2560, 1600)) expect=2560x1600 own_files=2 PASS
1791115469520 BROWSER-EXIT n=13 pid=52048 after_return_ms=170.2
1791115470350 PREV-BROWSER n=14 prev_n=13 pid=52048 alive=false
1791115470350 RENDER-START n=14
1791115471074 RENDER-OK n=14 id=14 browser_pid=Some(10200) slot=B path=%TEMP%\fc-repro-leak-20261004-200350\localappdata\tw.fintools.fc-host\wallpaper\m-7ebe8f017cddc2d6-b.png wh=3840x2160 body=raw open_ms=253.4 page_ms=455.6 to_png_ms=709.1 close_ms=2.9 write_ms=11.5 warnings=0
1791115471074 VERIFY n=14 dims=Some((3840, 2160)) expect=3840x2160 own_files=2 PASS
1791115471249 BROWSER-EXIT n=14 pid=10200 after_return_ms=174.9
1791115474074 PREV-BROWSER n=15 prev_n=14 pid=10200 alive=false
1791115474074 RENDER-START n=15
1791115474751 RENDER-OK n=15 id=15 browser_pid=Some(69980) slot=A path=%TEMP%\fc-repro-leak-20261004-200350\localappdata\tw.fintools.fc-host\wallpaper\m-7ebe8f017cddc2d6-a.png wh=2560x1600 body=raw open_ms=315.2 page_ms=350.4 to_png_ms=665.7 close_ms=2.2 write_ms=9.0 warnings=0
1791115474752 VERIFY n=15 dims=Some((2560, 1600)) expect=2560x1600 own_files=2 PASS
1791115474932 BROWSER-EXIT n=15 pid=69980 after_return_ms=180.3
1791115475752 PREV-BROWSER n=16 prev_n=15 pid=69980 alive=false
1791115475752 RENDER-START n=16
1791115476542 RENDER-OK n=16 id=16 browser_pid=Some(110740) slot=B path=%TEMP%\fc-repro-leak-20261004-200350\localappdata\tw.fintools.fc-host\wallpaper\m-7ebe8f017cddc2d6-b.png wh=3840x2160 body=raw open_ms=309.8 page_ms=459.9 to_png_ms=769.7 close_ms=3.0 write_ms=17.7 warnings=0
1791115476542 VERIFY n=16 dims=Some((3840, 2160)) expect=3840x2160 own_files=2 PASS
1791115476703 BROWSER-EXIT n=16 pid=110740 after_return_ms=161.2
1791115479543 PREV-BROWSER n=17 prev_n=16 pid=110740 alive=false
1791115479543 RENDER-START n=17
1791115480155 RENDER-OK n=17 id=17 browser_pid=Some(102476) slot=A path=%TEMP%\fc-repro-leak-20261004-200350\localappdata\tw.fintools.fc-host\wallpaper\m-7ebe8f017cddc2d6-a.png wh=2560x1600 body=raw open_ms=254.5 page_ms=346.7 to_png_ms=601.2 close_ms=2.0 write_ms=9.3 warnings=0
1791115480155 VERIFY n=17 dims=Some((2560, 1600)) expect=2560x1600 own_files=2 PASS
1791115480340 BROWSER-EXIT n=17 pid=102476 after_return_ms=184.2
1791115481155 PREV-BROWSER n=18 prev_n=17 pid=102476 alive=false
1791115481156 RENDER-START n=18
1791115481875 RENDER-OK n=18 id=18 browser_pid=Some(115324) slot=B path=%TEMP%\fc-repro-leak-20261004-200350\localappdata\tw.fintools.fc-host\wallpaper\m-7ebe8f017cddc2d6-b.png wh=3840x2160 body=raw open_ms=256.6 page_ms=441.6 to_png_ms=698.2 close_ms=3.0 write_ms=17.8 warnings=0
1791115481875 VERIFY n=18 dims=Some((3840, 2160)) expect=3840x2160 own_files=2 PASS
1791115482049 BROWSER-EXIT n=18 pid=115324 after_return_ms=174.2
1791115484875 PREV-BROWSER n=19 prev_n=18 pid=115324 alive=false
1791115484875 RENDER-START n=19
1791115485514 RENDER-OK n=19 id=19 browser_pid=Some(113480) slot=A path=%TEMP%\fc-repro-leak-20261004-200350\localappdata\tw.fintools.fc-host\wallpaper\m-7ebe8f017cddc2d6-a.png wh=2560x1600 body=raw open_ms=252.3 page_ms=366.1 to_png_ms=618.4 close_ms=2.1 write_ms=17.5 warnings=0
1791115485514 VERIFY n=19 dims=Some((2560, 1600)) expect=2560x1600 own_files=2 PASS
1791115485682 BROWSER-EXIT n=19 pid=113480 after_return_ms=169.0
1791115486514 PREV-BROWSER n=20 prev_n=19 pid=113480 alive=false
1791115486514 RENDER-START n=20
1791115487228 RENDER-OK n=20 id=20 browser_pid=Some(91240) slot=B path=%TEMP%\fc-repro-leak-20261004-200350\localappdata\tw.fintools.fc-host\wallpaper\m-7ebe8f017cddc2d6-b.png wh=3840x2160 body=raw open_ms=255.9 page_ms=437.8 to_png_ms=693.7 close_ms=3.0 write_ms=17.5 warnings=0
1791115487228 VERIFY n=20 dims=Some((3840, 2160)) expect=3840x2160 own_files=2 PASS
1791115487403 BROWSER-EXIT n=20 pid=91240 after_return_ms=175.1
1791115490228 PREV-BROWSER n=21 prev_n=20 pid=91240 alive=false
1791115490228 RENDER-START n=21
1791115490847 RENDER-OK n=21 id=21 browser_pid=Some(66032) slot=A path=%TEMP%\fc-repro-leak-20261004-200350\localappdata\tw.fintools.fc-host\wallpaper\m-7ebe8f017cddc2d6-a.png wh=2560x1600 body=raw open_ms=261.6 page_ms=345.7 to_png_ms=607.2 close_ms=2.6 write_ms=8.4 warnings=0
1791115490847 VERIFY n=21 dims=Some((2560, 1600)) expect=2560x1600 own_files=2 PASS
1791115491024 BROWSER-EXIT n=21 pid=66032 after_return_ms=177.3
1791115491847 PREV-BROWSER n=22 prev_n=21 pid=66032 alive=false
1791115491847 RENDER-START n=22
1791115492563 RENDER-OK n=22 id=22 browser_pid=Some(113900) slot=B path=%TEMP%\fc-repro-leak-20261004-200350\localappdata\tw.fintools.fc-host\wallpaper\m-7ebe8f017cddc2d6-b.png wh=3840x2160 body=raw open_ms=255.0 page_ms=445.4 to_png_ms=700.5 close_ms=3.0 write_ms=11.6 warnings=0
1791115492563 VERIFY n=22 dims=Some((3840, 2160)) expect=3840x2160 own_files=2 PASS
1791115492742 BROWSER-EXIT n=22 pid=113900 after_return_ms=179.0
1791115495563 PREV-BROWSER n=23 prev_n=22 pid=113900 alive=false
1791115495563 RENDER-START n=23
1791115496177 RENDER-OK n=23 id=23 browser_pid=Some(13420) slot=A path=%TEMP%\fc-repro-leak-20261004-200350\localappdata\tw.fintools.fc-host\wallpaper\m-7ebe8f017cddc2d6-a.png wh=2560x1600 body=raw open_ms=245.2 page_ms=349.1 to_png_ms=594.4 close_ms=2.4 write_ms=17.2 warnings=0
1791115496177 VERIFY n=23 dims=Some((2560, 1600)) expect=2560x1600 own_files=2 PASS
1791115496342 BROWSER-EXIT n=23 pid=13420 after_return_ms=165.4
1791115497177 PREV-BROWSER n=24 prev_n=23 pid=13420 alive=false
1791115497177 RENDER-START n=24
1791115497902 RENDER-OK n=24 id=24 browser_pid=Some(114168) slot=B path=%TEMP%\fc-repro-leak-20261004-200350\localappdata\tw.fintools.fc-host\wallpaper\m-7ebe8f017cddc2d6-b.png wh=3840x2160 body=raw open_ms=263.8 page_ms=439.4 to_png_ms=703.2 close_ms=3.5 write_ms=17.7 warnings=0
1791115497902 VERIFY n=24 dims=Some((3840, 2160)) expect=3840x2160 own_files=2 PASS
1791115498087 BROWSER-EXIT n=24 pid=114168 after_return_ms=185.5
1791115500902 PREV-BROWSER n=25 prev_n=24 pid=114168 alive=false
1791115500902 RENDER-START n=25
1791115501515 RENDER-OK n=25 id=25 browser_pid=Some(93884) slot=A path=%TEMP%\fc-repro-leak-20261004-200350\localappdata\tw.fintools.fc-host\wallpaper\m-7ebe8f017cddc2d6-a.png wh=2560x1600 body=raw open_ms=253.4 page_ms=341.6 to_png_ms=595.0 close_ms=2.0 write_ms=15.4 warnings=0
1791115501515 VERIFY n=25 dims=Some((2560, 1600)) expect=2560x1600 own_files=2 PASS
1791115501686 BROWSER-EXIT n=25 pid=93884 after_return_ms=171.8
1791115502515 PREV-BROWSER n=26 prev_n=25 pid=93884 alive=false
1791115502515 RENDER-START n=26
1791115503224 RENDER-OK n=26 id=26 browser_pid=Some(110088) slot=B path=%TEMP%\fc-repro-leak-20261004-200350\localappdata\tw.fintools.fc-host\wallpaper\m-7ebe8f017cddc2d6-b.png wh=3840x2160 body=raw open_ms=255.4 page_ms=440.1 to_png_ms=695.5 close_ms=3.0 write_ms=10.8 warnings=0
1791115503225 VERIFY n=26 dims=Some((3840, 2160)) expect=3840x2160 own_files=2 PASS
1791115503412 BROWSER-EXIT n=26 pid=110088 after_return_ms=187.8
1791115506225 PREV-BROWSER n=27 prev_n=26 pid=110088 alive=false
1791115506225 RENDER-START n=27
1791115506835 RENDER-OK n=27 id=27 browser_pid=Some(94480) slot=A path=%TEMP%\fc-repro-leak-20261004-200350\localappdata\tw.fintools.fc-host\wallpaper\m-7ebe8f017cddc2d6-a.png wh=2560x1600 body=raw open_ms=252.4 page_ms=346.9 to_png_ms=599.3 close_ms=1.9 write_ms=9.2 warnings=0
1791115506835 VERIFY n=27 dims=Some((2560, 1600)) expect=2560x1600 own_files=2 PASS
1791115507015 BROWSER-EXIT n=27 pid=94480 after_return_ms=179.5
1791115507836 PREV-BROWSER n=28 prev_n=27 pid=94480 alive=false
1791115507836 RENDER-START n=28
1791115508558 RENDER-OK n=28 id=28 browser_pid=Some(113864) slot=B path=%TEMP%\fc-repro-leak-20261004-200350\localappdata\tw.fintools.fc-host\wallpaper\m-7ebe8f017cddc2d6-b.png wh=3840x2160 body=raw open_ms=255.2 page_ms=446.3 to_png_ms=701.5 close_ms=2.8 write_ms=17.2 warnings=0
1791115508558 VERIFY n=28 dims=Some((3840, 2160)) expect=3840x2160 own_files=2 PASS
1791115508729 BROWSER-EXIT n=28 pid=113864 after_return_ms=171.3
1791115511558 PREV-BROWSER n=29 prev_n=28 pid=113864 alive=false
1791115511558 RENDER-START n=29
1791115512170 RENDER-OK n=29 id=29 browser_pid=Some(83956) slot=A path=%TEMP%\fc-repro-leak-20261004-200350\localappdata\tw.fintools.fc-host\wallpaper\m-7ebe8f017cddc2d6-a.png wh=2560x1600 body=raw open_ms=254.7 page_ms=340.6 to_png_ms=595.4 close_ms=1.9 write_ms=15.0 warnings=0
1791115512170 VERIFY n=29 dims=Some((2560, 1600)) expect=2560x1600 own_files=2 PASS
1791115512337 BROWSER-EXIT n=29 pid=83956 after_return_ms=167.0
1791115513171 PREV-BROWSER n=30 prev_n=29 pid=83956 alive=false
1791115513171 RENDER-START n=30
1791115513887 RENDER-OK n=30 id=30 browser_pid=Some(91464) slot=B path=%TEMP%\fc-repro-leak-20261004-200350\localappdata\tw.fintools.fc-host\wallpaper\m-7ebe8f017cddc2d6-b.png wh=3840x2160 body=raw open_ms=251.1 page_ms=450.9 to_png_ms=702.0 close_ms=3.0 write_ms=10.6 warnings=0
1791115513887 VERIFY n=30 dims=Some((3840, 2160)) expect=3840x2160 own_files=2 PASS
1791115514067 BROWSER-EXIT n=30 pid=91464 after_return_ms=180.4
1791115516887 PREV-BROWSER n=31 prev_n=30 pid=91464 alive=false
1791115516887 RENDER-START n=31
1791115517553 RENDER-OK n=31 id=31 browser_pid=Some(106516) slot=A path=%TEMP%\fc-repro-leak-20261004-200350\localappdata\tw.fintools.fc-host\wallpaper\m-7ebe8f017cddc2d6-a.png wh=2560x1600 body=raw open_ms=280.7 page_ms=367.0 to_png_ms=647.8 close_ms=2.1 write_ms=16.1 warnings=0
1791115517554 VERIFY n=31 dims=Some((2560, 1600)) expect=2560x1600 own_files=2 PASS
1791115517718 BROWSER-EXIT n=31 pid=106516 after_return_ms=165.0
1791115518554 PREV-BROWSER n=32 prev_n=31 pid=106516 alive=false
1791115518554 RENDER-START n=32
1791115519266 RENDER-OK n=32 id=32 browser_pid=Some(7000) slot=B path=%TEMP%\fc-repro-leak-20261004-200350\localappdata\tw.fintools.fc-host\wallpaper\m-7ebe8f017cddc2d6-b.png wh=3840x2160 body=raw open_ms=253.1 page_ms=443.8 to_png_ms=696.9 close_ms=3.4 write_ms=11.6 warnings=0
1791115519266 VERIFY n=32 dims=Some((3840, 2160)) expect=3840x2160 own_files=2 PASS
1791115519445 BROWSER-EXIT n=32 pid=7000 after_return_ms=179.2
1791115522266 PREV-BROWSER n=33 prev_n=32 pid=7000 alive=false
1791115522266 RENDER-START n=33
1791115522903 RENDER-OK n=33 id=33 browser_pid=Some(114624) slot=A path=%TEMP%\fc-repro-leak-20261004-200350\localappdata\tw.fintools.fc-host\wallpaper\m-7ebe8f017cddc2d6-a.png wh=2560x1600 body=raw open_ms=257.4 page_ms=360.7 to_png_ms=618.1 close_ms=2.3 write_ms=16.0 warnings=0
1791115522903 VERIFY n=33 dims=Some((2560, 1600)) expect=2560x1600 own_files=2 PASS
1791115523074 BROWSER-EXIT n=33 pid=114624 after_return_ms=171.4
1791115523903 PREV-BROWSER n=34 prev_n=33 pid=114624 alive=false
1791115523904 RENDER-START n=34
1791115524621 RENDER-OK n=34 id=34 browser_pid=Some(48588) slot=B path=%TEMP%\fc-repro-leak-20261004-200350\localappdata\tw.fintools.fc-host\wallpaper\m-7ebe8f017cddc2d6-b.png wh=3840x2160 body=raw open_ms=245.6 page_ms=451.6 to_png_ms=697.2 close_ms=3.0 write_ms=17.5 warnings=0
1791115524622 VERIFY n=34 dims=Some((3840, 2160)) expect=3840x2160 own_files=2 PASS
1791115524793 BROWSER-EXIT n=34 pid=48588 after_return_ms=171.1
1791115527622 PREV-BROWSER n=35 prev_n=34 pid=48588 alive=false
1791115527622 RENDER-START n=35
1791115528246 RENDER-OK n=35 id=35 browser_pid=Some(44600) slot=A path=%TEMP%\fc-repro-leak-20261004-200350\localappdata\tw.fintools.fc-host\wallpaper\m-7ebe8f017cddc2d6-a.png wh=2560x1600 body=raw open_ms=260.0 page_ms=346.6 to_png_ms=606.6 close_ms=2.2 write_ms=15.6 warnings=0
1791115528247 VERIFY n=35 dims=Some((2560, 1600)) expect=2560x1600 own_files=2 PASS
1791115528421 BROWSER-EXIT n=35 pid=44600 after_return_ms=174.3
1791115529247 PREV-BROWSER n=36 prev_n=35 pid=44600 alive=false
1791115529247 RENDER-START n=36
1791115529975 RENDER-OK n=36 id=36 browser_pid=Some(102644) slot=B path=%TEMP%\fc-repro-leak-20261004-200350\localappdata\tw.fintools.fc-host\wallpaper\m-7ebe8f017cddc2d6-b.png wh=3840x2160 body=raw open_ms=254.2 page_ms=459.7 to_png_ms=713.9 close_ms=3.3 write_ms=11.4 warnings=0
1791115529976 VERIFY n=36 dims=Some((3840, 2160)) expect=3840x2160 own_files=2 PASS
1791115530163 BROWSER-EXIT n=36 pid=102644 after_return_ms=187.6
1791115532975 PREV-BROWSER n=37 prev_n=36 pid=102644 alive=false
1791115532975 RENDER-START n=37
1791115533592 RENDER-OK n=37 id=37 browser_pid=Some(91068) slot=A path=%TEMP%\fc-repro-leak-20261004-200350\localappdata\tw.fintools.fc-host\wallpaper\m-7ebe8f017cddc2d6-a.png wh=2560x1600 body=raw open_ms=259.5 page_ms=344.3 to_png_ms=603.8 close_ms=2.5 write_ms=10.1 warnings=0
1791115533592 VERIFY n=37 dims=Some((2560, 1600)) expect=2560x1600 own_files=2 PASS
1791115533765 BROWSER-EXIT n=37 pid=91068 after_return_ms=173.3
1791115534593 PREV-BROWSER n=38 prev_n=37 pid=91068 alive=false
1791115534593 RENDER-START n=38
1791115535378 RENDER-OK n=38 id=38 browser_pid=Some(114004) slot=B path=%TEMP%\fc-repro-leak-20261004-200350\localappdata\tw.fintools.fc-host\wallpaper\m-7ebe8f017cddc2d6-b.png wh=3840x2160 body=raw open_ms=320.5 page_ms=447.8 to_png_ms=768.3 close_ms=3.5 write_ms=13.7 warnings=0
1791115535379 VERIFY n=38 dims=Some((3840, 2160)) expect=3840x2160 own_files=2 PASS
1791115535549 BROWSER-EXIT n=38 pid=114004 after_return_ms=170.9
1791115538379 PREV-BROWSER n=39 prev_n=38 pid=114004 alive=false
1791115538379 RENDER-START n=39
1791115539007 RENDER-OK n=39 id=39 browser_pid=Some(115208) slot=A path=%TEMP%\fc-repro-leak-20261004-200350\localappdata\tw.fintools.fc-host\wallpaper\m-7ebe8f017cddc2d6-a.png wh=2560x1600 body=raw open_ms=259.0 page_ms=350.3 to_png_ms=609.3 close_ms=2.1 write_ms=16.6 warnings=0
1791115539007 VERIFY n=39 dims=Some((2560, 1600)) expect=2560x1600 own_files=2 PASS
1791115539181 BROWSER-EXIT n=39 pid=115208 after_return_ms=174.2
1791115540007 PREV-BROWSER n=40 prev_n=39 pid=115208 alive=false
1791115540007 RENDER-START n=40
1791115540748 RENDER-OK n=40 id=40 browser_pid=Some(78876) slot=B path=%TEMP%\fc-repro-leak-20261004-200350\localappdata\tw.fintools.fc-host\wallpaper\m-7ebe8f017cddc2d6-b.png wh=3840x2160 body=raw open_ms=260.7 page_ms=458.3 to_png_ms=719.0 close_ms=3.2 write_ms=18.3 warnings=0
1791115540748 VERIFY n=40 dims=Some((3840, 2160)) expect=3840x2160 own_files=2 PASS
1791115540919 BROWSER-EXIT n=40 pid=78876 after_return_ms=171.4
1791115543748 PREV-BROWSER n=41 prev_n=40 pid=78876 alive=false
1791115543748 RENDER-START n=41
1791115544372 RENDER-OK n=41 id=41 browser_pid=Some(110876) slot=A path=%TEMP%\fc-repro-leak-20261004-200350\localappdata\tw.fintools.fc-host\wallpaper\m-7ebe8f017cddc2d6-a.png wh=2560x1600 body=raw open_ms=253.7 page_ms=349.4 to_png_ms=603.0 close_ms=2.4 write_ms=17.5 warnings=0
1791115544372 VERIFY n=41 dims=Some((2560, 1600)) expect=2560x1600 own_files=2 PASS
1791115544548 BROWSER-EXIT n=41 pid=110876 after_return_ms=176.9
1791115545372 PREV-BROWSER n=42 prev_n=41 pid=110876 alive=false
1791115545372 RENDER-START n=42
1791115546091 RENDER-OK n=42 id=42 browser_pid=Some(46820) slot=B path=%TEMP%\fc-repro-leak-20261004-200350\localappdata\tw.fintools.fc-host\wallpaper\m-7ebe8f017cddc2d6-b.png wh=3840x2160 body=raw open_ms=244.0 page_ms=454.1 to_png_ms=698.2 close_ms=2.9 write_ms=17.7 warnings=0
1791115546091 VERIFY n=42 dims=Some((3840, 2160)) expect=3840x2160 own_files=2 PASS
1791115546267 BROWSER-EXIT n=42 pid=46820 after_return_ms=175.7
1791115549091 PREV-BROWSER n=43 prev_n=42 pid=46820 alive=false
1791115549092 RENDER-START n=43
1791115549768 RENDER-OK n=43 id=43 browser_pid=Some(95160) slot=A path=%TEMP%\fc-repro-leak-20261004-200350\localappdata\tw.fintools.fc-host\wallpaper\m-7ebe8f017cddc2d6-a.png wh=2560x1600 body=raw open_ms=311.9 page_ms=347.1 to_png_ms=659.0 close_ms=2.3 write_ms=15.3 warnings=0
1791115549768 VERIFY n=43 dims=Some((2560, 1600)) expect=2560x1600 own_files=2 PASS
1791115549936 BROWSER-EXIT n=43 pid=95160 after_return_ms=167.3
1791115550768 PREV-BROWSER n=44 prev_n=43 pid=95160 alive=false
1791115550769 RENDER-START n=44
1791115551507 RENDER-OK n=44 id=44 browser_pid=Some(110384) slot=B path=%TEMP%\fc-repro-leak-20261004-200350\localappdata\tw.fintools.fc-host\wallpaper\m-7ebe8f017cddc2d6-b.png wh=3840x2160 body=raw open_ms=256.5 page_ms=460.9 to_png_ms=717.4 close_ms=2.9 write_ms=18.2 warnings=0
1791115551508 VERIFY n=44 dims=Some((3840, 2160)) expect=3840x2160 own_files=2 PASS
1791115551681 BROWSER-EXIT n=44 pid=110384 after_return_ms=173.6
1791115554507 PREV-BROWSER n=45 prev_n=44 pid=110384 alive=false
1791115554508 RENDER-START n=45
1791115555127 RENDER-OK n=45 id=45 browser_pid=Some(57332) slot=A path=%TEMP%\fc-repro-leak-20261004-200350\localappdata\tw.fintools.fc-host\wallpaper\m-7ebe8f017cddc2d6-a.png wh=2560x1600 body=raw open_ms=255.0 page_ms=346.1 to_png_ms=601.1 close_ms=1.9 write_ms=16.3 warnings=0
1791115555127 VERIFY n=45 dims=Some((2560, 1600)) expect=2560x1600 own_files=2 PASS
1791115555301 BROWSER-EXIT n=45 pid=57332 after_return_ms=173.6
1791115556127 PREV-BROWSER n=46 prev_n=45 pid=57332 alive=false
1791115556127 RENDER-START n=46
1791115556858 RENDER-OK n=46 id=46 browser_pid=Some(113372) slot=B path=%TEMP%\fc-repro-leak-20261004-200350\localappdata\tw.fintools.fc-host\wallpaper\m-7ebe8f017cddc2d6-b.png wh=3840x2160 body=raw open_ms=254.1 page_ms=456.1 to_png_ms=710.2 close_ms=2.7 write_ms=17.1 warnings=0
1791115556858 VERIFY n=46 dims=Some((3840, 2160)) expect=3840x2160 own_files=2 PASS
1791115557033 BROWSER-EXIT n=46 pid=113372 after_return_ms=174.9
1791115559858 PREV-BROWSER n=47 prev_n=46 pid=113372 alive=false
1791115559858 RENDER-START n=47
1791115560495 RENDER-OK n=47 id=47 browser_pid=Some(88132) slot=A path=%TEMP%\fc-repro-leak-20261004-200350\localappdata\tw.fintools.fc-host\wallpaper\m-7ebe8f017cddc2d6-a.png wh=2560x1600 body=raw open_ms=262.0 page_ms=356.3 to_png_ms=618.3 close_ms=2.0 write_ms=16.5 warnings=0
1791115560495 VERIFY n=47 dims=Some((2560, 1600)) expect=2560x1600 own_files=2 PASS
1791115560673 BROWSER-EXIT n=47 pid=88132 after_return_ms=177.9
1791115561495 PREV-BROWSER n=48 prev_n=47 pid=88132 alive=false
1791115561495 RENDER-START n=48
1791115562236 RENDER-OK n=48 id=48 browser_pid=Some(38404) slot=B path=%TEMP%\fc-repro-leak-20261004-200350\localappdata\tw.fintools.fc-host\wallpaper\m-7ebe8f017cddc2d6-b.png wh=3840x2160 body=raw open_ms=266.0 page_ms=453.4 to_png_ms=719.3 close_ms=3.4 write_ms=18.4 warnings=0
1791115562237 VERIFY n=48 dims=Some((3840, 2160)) expect=3840x2160 own_files=2 PASS
1791115562410 BROWSER-EXIT n=48 pid=38404 after_return_ms=173.2
1791115565237 PREV-BROWSER n=49 prev_n=48 pid=38404 alive=false
1791115565237 RENDER-START n=49
1791115565859 RENDER-OK n=49 id=49 browser_pid=Some(109752) slot=A path=%TEMP%\fc-repro-leak-20261004-200350\localappdata\tw.fintools.fc-host\wallpaper\m-7ebe8f017cddc2d6-a.png wh=2560x1600 body=raw open_ms=258.3 page_ms=346.8 to_png_ms=605.1 close_ms=2.2 write_ms=15.1 warnings=0
1791115565860 VERIFY n=49 dims=Some((2560, 1600)) expect=2560x1600 own_files=2 PASS
1791115566036 BROWSER-EXIT n=49 pid=109752 after_return_ms=176.8
1791115566860 PREV-BROWSER n=50 prev_n=49 pid=109752 alive=false
1791115566860 RENDER-START n=50
1791115567618 RENDER-OK n=50 id=50 browser_pid=Some(66016) slot=B path=%TEMP%\fc-repro-leak-20261004-200350\localappdata\tw.fintools.fc-host\wallpaper\m-7ebe8f017cddc2d6-b.png wh=3840x2160 body=raw open_ms=287.7 page_ms=454.9 to_png_ms=742.5 close_ms=3.1 write_ms=12.7 warnings=0
1791115567619 VERIFY n=50 dims=Some((3840, 2160)) expect=3840x2160 own_files=2 PASS
1791115567804 BROWSER-EXIT n=50 pid=66016 after_return_ms=185.4
1791115570619 PREV-BROWSER n=51 prev_n=50 pid=66016 alive=false
1791115570619 RENDER-START n=51
1791115571244 RENDER-OK n=51 id=51 browser_pid=Some(110700) slot=A path=%TEMP%\fc-repro-leak-20261004-200350\localappdata\tw.fintools.fc-host\wallpaper\m-7ebe8f017cddc2d6-a.png wh=2560x1600 body=raw open_ms=254.6 page_ms=351.8 to_png_ms=606.5 close_ms=2.0 write_ms=16.7 warnings=0
1791115571244 VERIFY n=51 dims=Some((2560, 1600)) expect=2560x1600 own_files=2 PASS
1791115571420 BROWSER-EXIT n=51 pid=110700 after_return_ms=175.5
1791115572244 PREV-BROWSER n=52 prev_n=51 pid=110700 alive=false
1791115572244 RENDER-START n=52
1791115572972 RENDER-OK n=52 id=52 browser_pid=Some(36852) slot=B path=%TEMP%\fc-repro-leak-20261004-200350\localappdata\tw.fintools.fc-host\wallpaper\m-7ebe8f017cddc2d6-b.png wh=3840x2160 body=raw open_ms=255.8 page_ms=451.8 to_png_ms=707.6 close_ms=2.9 write_ms=17.5 warnings=0
1791115572973 VERIFY n=52 dims=Some((3840, 2160)) expect=3840x2160 own_files=2 PASS
1791115573144 BROWSER-EXIT n=52 pid=36852 after_return_ms=171.2
1791115575973 PREV-BROWSER n=53 prev_n=52 pid=36852 alive=false
1791115575973 RENDER-START n=53
1791115576625 RENDER-OK n=53 id=53 browser_pid=Some(114720) slot=A path=%TEMP%\fc-repro-leak-20261004-200350\localappdata\tw.fintools.fc-host\wallpaper\m-7ebe8f017cddc2d6-a.png wh=2560x1600 body=raw open_ms=275.3 page_ms=359.9 to_png_ms=635.3 close_ms=1.9 write_ms=15.4 warnings=0
1791115576626 VERIFY n=53 dims=Some((2560, 1600)) expect=2560x1600 own_files=2 PASS
1791115576799 BROWSER-EXIT n=53 pid=114720 after_return_ms=173.1
1791115577626 PREV-BROWSER n=54 prev_n=53 pid=114720 alive=false
1791115577626 RENDER-START n=54
1791115578381 RENDER-OK n=54 id=54 browser_pid=Some(112848) slot=B path=%TEMP%\fc-repro-leak-20261004-200350\localappdata\tw.fintools.fc-host\wallpaper\m-7ebe8f017cddc2d6-b.png wh=3840x2160 body=raw open_ms=260.7 page_ms=468.4 to_png_ms=729.1 close_ms=3.5 write_ms=21.6 warnings=0
1791115578381 VERIFY n=54 dims=Some((3840, 2160)) expect=3840x2160 own_files=2 PASS
1791115578549 BROWSER-EXIT n=54 pid=112848 after_return_ms=168.3
1791115581381 PREV-BROWSER n=55 prev_n=54 pid=112848 alive=false
1791115581381 RENDER-START n=55
1791115582004 RENDER-OK n=55 id=55 browser_pid=Some(109256) slot=A path=%TEMP%\fc-repro-leak-20261004-200350\localappdata\tw.fintools.fc-host\wallpaper\m-7ebe8f017cddc2d6-a.png wh=2560x1600 body=raw open_ms=257.7 page_ms=346.5 to_png_ms=604.2 close_ms=2.2 write_ms=16.7 warnings=0
1791115582004 VERIFY n=55 dims=Some((2560, 1600)) expect=2560x1600 own_files=2 PASS
1791115582178 BROWSER-EXIT n=55 pid=109256 after_return_ms=173.9
1791115583004 PREV-BROWSER n=56 prev_n=55 pid=109256 alive=false
1791115583004 RENDER-START n=56
1791115583737 RENDER-OK n=56 id=56 browser_pid=Some(113968) slot=B path=%TEMP%\fc-repro-leak-20261004-200350\localappdata\tw.fintools.fc-host\wallpaper\m-7ebe8f017cddc2d6-b.png wh=3840x2160 body=raw open_ms=255.9 page_ms=456.2 to_png_ms=712.1 close_ms=3.1 write_ms=17.4 warnings=0
1791115583737 VERIFY n=56 dims=Some((3840, 2160)) expect=3840x2160 own_files=2 PASS
1791115584064 BROWSER-EXIT n=56 pid=113968 after_return_ms=326.9
1791115586737 PREV-BROWSER n=57 prev_n=56 pid=113968 alive=false
1791115586737 RENDER-START n=57
1791115587359 RENDER-OK n=57 id=57 browser_pid=Some(104568) slot=A path=%TEMP%\fc-repro-leak-20261004-200350\localappdata\tw.fintools.fc-host\wallpaper\m-7ebe8f017cddc2d6-a.png wh=2560x1600 body=raw open_ms=255.1 page_ms=347.9 to_png_ms=603.0 close_ms=2.3 write_ms=16.3 warnings=0
1791115587359 VERIFY n=57 dims=Some((2560, 1600)) expect=2560x1600 own_files=2 PASS
1791115587535 BROWSER-EXIT n=57 pid=104568 after_return_ms=175.9
1791115588359 PREV-BROWSER n=58 prev_n=57 pid=104568 alive=false
1791115588359 RENDER-START n=58
1791115589076 RENDER-OK n=58 id=58 browser_pid=Some(24792) slot=B path=%TEMP%\fc-repro-leak-20261004-200350\localappdata\tw.fintools.fc-host\wallpaper\m-7ebe8f017cddc2d6-b.png wh=3840x2160 body=raw open_ms=253.4 page_ms=442.7 to_png_ms=696.1 close_ms=3.1 write_ms=17.2 warnings=0
1791115589076 VERIFY n=58 dims=Some((3840, 2160)) expect=3840x2160 own_files=2 PASS
1791115589252 BROWSER-EXIT n=58 pid=24792 after_return_ms=175.9
1791115592076 PREV-BROWSER n=59 prev_n=58 pid=24792 alive=false
1791115592076 RENDER-START n=59
1791115592686 RENDER-OK n=59 id=59 browser_pid=Some(114120) slot=A path=%TEMP%\fc-repro-leak-20261004-200350\localappdata\tw.fintools.fc-host\wallpaper\m-7ebe8f017cddc2d6-a.png wh=2560x1600 body=raw open_ms=255.7 page_ms=341.9 to_png_ms=597.6 close_ms=2.1 write_ms=9.7 warnings=0
1791115592686 VERIFY n=59 dims=Some((2560, 1600)) expect=2560x1600 own_files=2 PASS
1791115592855 BROWSER-EXIT n=59 pid=114120 after_return_ms=168.9
1791115593686 PREV-BROWSER n=60 prev_n=59 pid=114120 alive=false
1791115593686 RENDER-START n=60
1791115594406 RENDER-OK n=60 id=60 browser_pid=Some(37008) slot=B path=%TEMP%\fc-repro-leak-20261004-200350\localappdata\tw.fintools.fc-host\wallpaper\m-7ebe8f017cddc2d6-b.png wh=3840x2160 body=raw open_ms=253.4 page_ms=444.2 to_png_ms=697.6 close_ms=3.5 write_ms=18.4 warnings=0
1791115594406 VERIFY n=60 dims=Some((3840, 2160)) expect=3840x2160 own_files=2 PASS
1791115594574 BROWSER-EXIT n=60 pid=37008 after_return_ms=167.6
1791115597407 PREV-BROWSER n=61 prev_n=60 pid=37008 alive=false
1791115597407 RENDER-START n=61
1791115598025 RENDER-OK n=61 id=61 browser_pid=Some(15732) slot=A path=%TEMP%\fc-repro-leak-20261004-200350\localappdata\tw.fintools.fc-host\wallpaper\m-7ebe8f017cddc2d6-a.png wh=2560x1600 body=raw open_ms=258.0 page_ms=349.4 to_png_ms=607.4 close_ms=2.4 write_ms=8.4 warnings=0
1791115598025 VERIFY n=61 dims=Some((2560, 1600)) expect=2560x1600 own_files=2 PASS
1791115598209 BROWSER-EXIT n=61 pid=15732 after_return_ms=183.3
1791115599026 PREV-BROWSER n=62 prev_n=61 pid=15732 alive=false
1791115599026 RENDER-START n=62
1791115599750 RENDER-OK n=62 id=62 browser_pid=Some(24604) slot=B path=%TEMP%\fc-repro-leak-20261004-200350\localappdata\tw.fintools.fc-host\wallpaper\m-7ebe8f017cddc2d6-b.png wh=3840x2160 body=raw open_ms=252.1 page_ms=452.5 to_png_ms=704.6 close_ms=2.9 write_ms=16.5 warnings=0
1791115599750 VERIFY n=62 dims=Some((3840, 2160)) expect=3840x2160 own_files=2 PASS
1791115599930 BROWSER-EXIT n=62 pid=24604 after_return_ms=180.3
1791115602750 PREV-BROWSER n=63 prev_n=62 pid=24604 alive=false
1791115602750 RENDER-START n=63
1791115603389 RENDER-OK n=63 id=63 browser_pid=Some(113720) slot=A path=%TEMP%\fc-repro-leak-20261004-200350\localappdata\tw.fintools.fc-host\wallpaper\m-7ebe8f017cddc2d6-a.png wh=2560x1600 body=raw open_ms=269.8 page_ms=349.6 to_png_ms=619.4 close_ms=2.3 write_ms=17.0 warnings=0
1791115603390 VERIFY n=63 dims=Some((2560, 1600)) expect=2560x1600 own_files=2 PASS
1791115603559 BROWSER-EXIT n=63 pid=113720 after_return_ms=169.7
1791115604389 PREV-BROWSER n=64 prev_n=63 pid=113720 alive=false
1791115604389 RENDER-START n=64
1791115605116 RENDER-OK n=64 id=64 browser_pid=Some(40600) slot=B path=%TEMP%\fc-repro-leak-20261004-200350\localappdata\tw.fintools.fc-host\wallpaper\m-7ebe8f017cddc2d6-b.png wh=3840x2160 body=raw open_ms=250.2 page_ms=456.1 to_png_ms=706.3 close_ms=3.0 write_ms=17.4 warnings=0
1791115605117 VERIFY n=64 dims=Some((3840, 2160)) expect=3840x2160 own_files=2 PASS
1791115605288 BROWSER-EXIT n=64 pid=40600 after_return_ms=171.6
1791115608117 PREV-BROWSER n=65 prev_n=64 pid=40600 alive=false
1791115608117 RENDER-START n=65
1791115608732 RENDER-OK n=65 id=65 browser_pid=Some(62436) slot=A path=%TEMP%\fc-repro-leak-20261004-200350\localappdata\tw.fintools.fc-host\wallpaper\m-7ebe8f017cddc2d6-a.png wh=2560x1600 body=raw open_ms=254.4 page_ms=342.5 to_png_ms=596.9 close_ms=2.1 write_ms=15.9 warnings=0
1791115608732 VERIFY n=65 dims=Some((2560, 1600)) expect=2560x1600 own_files=2 PASS
1791115608911 BROWSER-EXIT n=65 pid=62436 after_return_ms=178.6
1791115609732 PREV-BROWSER n=66 prev_n=65 pid=62436 alive=false
1791115609732 RENDER-START n=66
1791115610461 RENDER-OK n=66 id=66 browser_pid=Some(114496) slot=B path=%TEMP%\fc-repro-leak-20261004-200350\localappdata\tw.fintools.fc-host\wallpaper\m-7ebe8f017cddc2d6-b.png wh=3840x2160 body=raw open_ms=247.5 page_ms=458.1 to_png_ms=705.6 close_ms=3.1 write_ms=20.1 warnings=0
1791115610462 VERIFY n=66 dims=Some((3840, 2160)) expect=3840x2160 own_files=2 PASS
1791115610629 BROWSER-EXIT n=66 pid=114496 after_return_ms=167.9
1791115613462 PREV-BROWSER n=67 prev_n=66 pid=114496 alive=false
1791115613462 RENDER-START n=67
1791115614096 RENDER-OK n=67 id=67 browser_pid=Some(115528) slot=A path=%TEMP%\fc-repro-leak-20261004-200350\localappdata\tw.fintools.fc-host\wallpaper\m-7ebe8f017cddc2d6-a.png wh=2560x1600 body=raw open_ms=256.5 page_ms=358.7 to_png_ms=615.2 close_ms=2.1 write_ms=16.7 warnings=0
1791115614096 VERIFY n=67 dims=Some((2560, 1600)) expect=2560x1600 own_files=2 PASS
1791115614262 BROWSER-EXIT n=67 pid=115528 after_return_ms=166.3
1791115615096 PREV-BROWSER n=68 prev_n=67 pid=115528 alive=false
1791115615096 RENDER-START n=68
1791115615824 RENDER-OK n=68 id=68 browser_pid=Some(77956) slot=B path=%TEMP%\fc-repro-leak-20261004-200350\localappdata\tw.fintools.fc-host\wallpaper\m-7ebe8f017cddc2d6-b.png wh=3840x2160 body=raw open_ms=259.2 page_ms=453.0 to_png_ms=712.2 close_ms=2.9 write_ms=12.4 warnings=0
1791115615824 VERIFY n=68 dims=Some((3840, 2160)) expect=3840x2160 own_files=2 PASS
1791115616002 BROWSER-EXIT n=68 pid=77956 after_return_ms=177.7
1791115618825 PREV-BROWSER n=69 prev_n=68 pid=77956 alive=false
1791115618825 RENDER-START n=69
1791115619439 RENDER-OK n=69 id=69 browser_pid=Some(17776) slot=A path=%TEMP%\fc-repro-leak-20261004-200350\localappdata\tw.fintools.fc-host\wallpaper\m-7ebe8f017cddc2d6-a.png wh=2560x1600 body=raw open_ms=252.7 page_ms=342.3 to_png_ms=595.0 close_ms=2.1 write_ms=16.9 warnings=0
1791115619439 VERIFY n=69 dims=Some((2560, 1600)) expect=2560x1600 own_files=2 PASS
1791115619612 BROWSER-EXIT n=69 pid=17776 after_return_ms=173.3
1791115620439 PREV-BROWSER n=70 prev_n=69 pid=17776 alive=false
1791115620439 RENDER-START n=70
1791115621183 RENDER-OK n=70 id=70 browser_pid=Some(104984) slot=B path=%TEMP%\fc-repro-leak-20261004-200350\localappdata\tw.fintools.fc-host\wallpaper\m-7ebe8f017cddc2d6-b.png wh=3840x2160 body=raw open_ms=261.3 page_ms=460.9 to_png_ms=722.2 close_ms=2.9 write_ms=18.1 warnings=0
1791115621183 VERIFY n=70 dims=Some((3840, 2160)) expect=3840x2160 own_files=2 PASS
1791115621357 BROWSER-EXIT n=70 pid=104984 after_return_ms=174.0
1791115624183 PREV-BROWSER n=71 prev_n=70 pid=104984 alive=false
1791115624183 RENDER-START n=71
1791115624799 RENDER-OK n=71 id=71 browser_pid=Some(101344) slot=A path=%TEMP%\fc-repro-leak-20261004-200350\localappdata\tw.fintools.fc-host\wallpaper\m-7ebe8f017cddc2d6-a.png wh=2560x1600 body=raw open_ms=257.0 page_ms=345.5 to_png_ms=602.5 close_ms=3.0 write_ms=10.1 warnings=0
1791115624799 VERIFY n=71 dims=Some((2560, 1600)) expect=2560x1600 own_files=2 PASS
1791115624975 BROWSER-EXIT n=71 pid=101344 after_return_ms=176.5
1791115625799 PREV-BROWSER n=72 prev_n=71 pid=101344 alive=false
1791115625799 RENDER-START n=72
1791115626531 RENDER-OK n=72 id=72 browser_pid=Some(91140) slot=B path=%TEMP%\fc-repro-leak-20261004-200350\localappdata\tw.fintools.fc-host\wallpaper\m-7ebe8f017cddc2d6-b.png wh=3840x2160 body=raw open_ms=256.3 page_ms=452.9 to_png_ms=709.3 close_ms=3.3 write_ms=19.0 warnings=0
1791115626532 VERIFY n=72 dims=Some((3840, 2160)) expect=3840x2160 own_files=2 PASS
1791115626702 BROWSER-EXIT n=72 pid=91140 after_return_ms=170.9
1791115629532 PREV-BROWSER n=73 prev_n=72 pid=91140 alive=false
1791115629532 RENDER-START n=73
1791115630152 RENDER-OK n=73 id=73 browser_pid=Some(91088) slot=A path=%TEMP%\fc-repro-leak-20261004-200350\localappdata\tw.fintools.fc-host\wallpaper\m-7ebe8f017cddc2d6-a.png wh=2560x1600 body=raw open_ms=252.9 page_ms=350.0 to_png_ms=602.9 close_ms=2.0 write_ms=15.5 warnings=0
1791115630152 VERIFY n=73 dims=Some((2560, 1600)) expect=2560x1600 own_files=2 PASS
1791115630336 BROWSER-EXIT n=73 pid=91088 after_return_ms=183.9
1791115631152 PREV-BROWSER n=74 prev_n=73 pid=91088 alive=false
1791115631152 RENDER-START n=74
1791115631894 RENDER-OK n=74 id=74 browser_pid=Some(111540) slot=B path=%TEMP%\fc-repro-leak-20261004-200350\localappdata\tw.fintools.fc-host\wallpaper\m-7ebe8f017cddc2d6-b.png wh=3840x2160 body=raw open_ms=261.2 page_ms=460.0 to_png_ms=721.2 close_ms=2.8 write_ms=17.3 warnings=0
1791115631894 VERIFY n=74 dims=Some((3840, 2160)) expect=3840x2160 own_files=2 PASS
1791115632068 BROWSER-EXIT n=74 pid=111540 after_return_ms=173.9
1791115634894 PREV-BROWSER n=75 prev_n=74 pid=111540 alive=false
1791115634894 RENDER-START n=75
1791115635511 RENDER-OK n=75 id=75 browser_pid=Some(114960) slot=A path=%TEMP%\fc-repro-leak-20261004-200350\localappdata\tw.fintools.fc-host\wallpaper\m-7ebe8f017cddc2d6-a.png wh=2560x1600 body=raw open_ms=256.2 page_ms=340.4 to_png_ms=596.6 close_ms=2.2 write_ms=17.4 warnings=0
1791115635511 VERIFY n=75 dims=Some((2560, 1600)) expect=2560x1600 own_files=2 PASS
1791115635685 BROWSER-EXIT n=75 pid=114960 after_return_ms=174.3
1791115636511 PREV-BROWSER n=76 prev_n=75 pid=114960 alive=false
1791115636511 RENDER-START n=76
1791115637238 RENDER-OK n=76 id=76 browser_pid=Some(50208) slot=B path=%TEMP%\fc-repro-leak-20261004-200350\localappdata\tw.fintools.fc-host\wallpaper\m-7ebe8f017cddc2d6-b.png wh=3840x2160 body=raw open_ms=256.0 page_ms=451.1 to_png_ms=707.1 close_ms=3.0 write_ms=17.0 warnings=0
1791115637238 VERIFY n=76 dims=Some((3840, 2160)) expect=3840x2160 own_files=2 PASS
1791115637416 BROWSER-EXIT n=76 pid=50208 after_return_ms=178.3
1791115640238 PREV-BROWSER n=77 prev_n=76 pid=50208 alive=false
1791115640238 RENDER-START n=77
1791115640865 RENDER-OK n=77 id=77 browser_pid=Some(90140) slot=A path=%TEMP%\fc-repro-leak-20261004-200350\localappdata\tw.fintools.fc-host\wallpaper\m-7ebe8f017cddc2d6-a.png wh=2560x1600 body=raw open_ms=257.5 page_ms=350.7 to_png_ms=608.2 close_ms=2.3 write_ms=15.4 warnings=0
1791115640865 VERIFY n=77 dims=Some((2560, 1600)) expect=2560x1600 own_files=2 PASS
1791115641044 BROWSER-EXIT n=77 pid=90140 after_return_ms=179.0
1791115641865 PREV-BROWSER n=78 prev_n=77 pid=90140 alive=false
1791115641865 RENDER-START n=78
1791115642591 RENDER-OK n=78 id=78 browser_pid=Some(113828) slot=B path=%TEMP%\fc-repro-leak-20261004-200350\localappdata\tw.fintools.fc-host\wallpaper\m-7ebe8f017cddc2d6-b.png wh=3840x2160 body=raw open_ms=256.4 page_ms=449.1 to_png_ms=705.5 close_ms=3.0 write_ms=17.4 warnings=0
1791115642591 VERIFY n=78 dims=Some((3840, 2160)) expect=3840x2160 own_files=2 PASS
1791115642763 BROWSER-EXIT n=78 pid=113828 after_return_ms=171.5
1791115645591 PREV-BROWSER n=79 prev_n=78 pid=113828 alive=false
1791115645591 RENDER-START n=79
1791115646213 RENDER-OK n=79 id=79 browser_pid=Some(115096) slot=A path=%TEMP%\fc-repro-leak-20261004-200350\localappdata\tw.fintools.fc-host\wallpaper\m-7ebe8f017cddc2d6-a.png wh=2560x1600 body=raw open_ms=256.8 page_ms=346.0 to_png_ms=602.7 close_ms=2.1 write_ms=16.8 warnings=0
1791115646214 VERIFY n=79 dims=Some((2560, 1600)) expect=2560x1600 own_files=2 PASS
1791115646396 BROWSER-EXIT n=79 pid=115096 after_return_ms=182.9
1791115647214 PREV-BROWSER n=80 prev_n=79 pid=115096 alive=false
1791115647214 RENDER-START n=80
1791115647935 RENDER-OK n=80 id=80 browser_pid=Some(111320) slot=B path=%TEMP%\fc-repro-leak-20261004-200350\localappdata\tw.fintools.fc-host\wallpaper\m-7ebe8f017cddc2d6-b.png wh=3840x2160 body=raw open_ms=252.4 page_ms=448.2 to_png_ms=700.7 close_ms=2.8 write_ms=17.2 warnings=0
1791115647935 VERIFY n=80 dims=Some((3840, 2160)) expect=3840x2160 own_files=2 PASS
1791115648112 BROWSER-EXIT n=80 pid=111320 after_return_ms=177.6
1791115650935 PREV-BROWSER n=81 prev_n=80 pid=111320 alive=false
1791115650935 RENDER-START n=81
1791115651543 RENDER-OK n=81 id=81 browser_pid=Some(99132) slot=A path=%TEMP%\fc-repro-leak-20261004-200350\localappdata\tw.fintools.fc-host\wallpaper\m-7ebe8f017cddc2d6-a.png wh=2560x1600 body=raw open_ms=253.4 page_ms=338.2 to_png_ms=591.6 close_ms=2.1 write_ms=13.7 warnings=0
1791115651543 VERIFY n=81 dims=Some((2560, 1600)) expect=2560x1600 own_files=2 PASS
1791115651716 BROWSER-EXIT n=81 pid=99132 after_return_ms=173.4
1791115652543 PREV-BROWSER n=82 prev_n=81 pid=99132 alive=false
1791115652544 RENDER-START n=82
1791115653260 RENDER-OK n=82 id=82 browser_pid=Some(53352) slot=B path=%TEMP%\fc-repro-leak-20261004-200350\localappdata\tw.fintools.fc-host\wallpaper\m-7ebe8f017cddc2d6-b.png wh=3840x2160 body=raw open_ms=262.8 page_ms=440.4 to_png_ms=703.2 close_ms=2.9 write_ms=10.1 warnings=0
1791115653260 VERIFY n=82 dims=Some((3840, 2160)) expect=3840x2160 own_files=2 PASS
1791115653440 BROWSER-EXIT n=82 pid=53352 after_return_ms=179.7
1791115656261 PREV-BROWSER n=83 prev_n=82 pid=53352 alive=false
1791115656261 RENDER-START n=83
1791115656925 RENDER-OK n=83 id=83 browser_pid=Some(84312) slot=A path=%TEMP%\fc-repro-leak-20261004-200350\localappdata\tw.fintools.fc-host\wallpaper\m-7ebe8f017cddc2d6-a.png wh=2560x1600 body=raw open_ms=316.8 page_ms=329.3 to_png_ms=646.0 close_ms=2.0 write_ms=16.5 warnings=0
1791115656926 VERIFY n=83 dims=Some((2560, 1600)) expect=2560x1600 own_files=2 PASS
1791115657092 BROWSER-EXIT n=83 pid=84312 after_return_ms=166.6
1791115657926 PREV-BROWSER n=84 prev_n=83 pid=84312 alive=false
1791115657926 RENDER-START n=84
1791115658627 RENDER-OK n=84 id=84 browser_pid=Some(102552) slot=B path=%TEMP%\fc-repro-leak-20261004-200350\localappdata\tw.fintools.fc-host\wallpaper\m-7ebe8f017cddc2d6-b.png wh=3840x2160 body=raw open_ms=255.6 page_ms=433.3 to_png_ms=688.9 close_ms=2.8 write_ms=9.4 warnings=0
1791115658627 VERIFY n=84 dims=Some((3840, 2160)) expect=3840x2160 own_files=2 PASS
1791115658811 BROWSER-EXIT n=84 pid=102552 after_return_ms=184.1
1791115661627 PREV-BROWSER n=85 prev_n=84 pid=102552 alive=false
1791115661627 RENDER-START n=85
1791115662240 RENDER-OK n=85 id=85 browser_pid=Some(103936) slot=A path=%TEMP%\fc-repro-leak-20261004-200350\localappdata\tw.fintools.fc-host\wallpaper\m-7ebe8f017cddc2d6-a.png wh=2560x1600 body=raw open_ms=258.5 page_ms=336.9 to_png_ms=595.5 close_ms=2.0 write_ms=14.8 warnings=0
1791115662240 VERIFY n=85 dims=Some((2560, 1600)) expect=2560x1600 own_files=2 PASS
1791115662419 BROWSER-EXIT n=85 pid=103936 after_return_ms=179.4
1791115663240 PREV-BROWSER n=86 prev_n=85 pid=103936 alive=false
1791115663240 RENDER-START n=86
1791115663995 RENDER-OK n=86 id=86 browser_pid=Some(80212) slot=B path=%TEMP%\fc-repro-leak-20261004-200350\localappdata\tw.fintools.fc-host\wallpaper\m-7ebe8f017cddc2d6-b.png wh=3840x2160 body=raw open_ms=299.0 page_ms=436.1 to_png_ms=735.1 close_ms=2.9 write_ms=16.9 warnings=0
1791115663996 VERIFY n=86 dims=Some((3840, 2160)) expect=3840x2160 own_files=2 PASS
1791115664175 BROWSER-EXIT n=86 pid=80212 after_return_ms=179.5
1791115666995 PREV-BROWSER n=87 prev_n=86 pid=80212 alive=false
1791115666996 RENDER-START n=87
1791115667627 RENDER-OK n=87 id=87 browser_pid=Some(89456) slot=A path=%TEMP%\fc-repro-leak-20261004-200350\localappdata\tw.fintools.fc-host\wallpaper\m-7ebe8f017cddc2d6-a.png wh=2560x1600 body=raw open_ms=260.0 page_ms=352.6 to_png_ms=612.6 close_ms=2.0 write_ms=16.7 warnings=0
1791115667627 VERIFY n=87 dims=Some((2560, 1600)) expect=2560x1600 own_files=2 PASS
1791115667802 BROWSER-EXIT n=87 pid=89456 after_return_ms=174.5
1791115668628 PREV-BROWSER n=88 prev_n=87 pid=89456 alive=false
1791115668628 RENDER-START n=88
1791115669341 RENDER-OK n=88 id=88 browser_pid=Some(59804) slot=B path=%TEMP%\fc-repro-leak-20261004-200350\localappdata\tw.fintools.fc-host\wallpaper\m-7ebe8f017cddc2d6-b.png wh=3840x2160 body=raw open_ms=253.8 page_ms=437.7 to_png_ms=691.5 close_ms=3.0 write_ms=18.6 warnings=0
1791115669341 VERIFY n=88 dims=Some((3840, 2160)) expect=3840x2160 own_files=2 PASS
1791115669507 BROWSER-EXIT n=88 pid=59804 after_return_ms=165.6
1791115672341 PREV-BROWSER n=89 prev_n=88 pid=59804 alive=false
1791115672341 RENDER-START n=89
1791115673024 RENDER-OK n=89 id=89 browser_pid=Some(100972) slot=A path=%TEMP%\fc-repro-leak-20261004-200350\localappdata\tw.fintools.fc-host\wallpaper\m-7ebe8f017cddc2d6-a.png wh=2560x1600 body=raw open_ms=323.4 page_ms=341.4 to_png_ms=664.8 close_ms=2.3 write_ms=15.7 warnings=0
1791115673025 VERIFY n=89 dims=Some((2560, 1600)) expect=2560x1600 own_files=2 PASS
1791115673196 BROWSER-EXIT n=89 pid=100972 after_return_ms=171.9
1791115674025 PREV-BROWSER n=90 prev_n=89 pid=100972 alive=false
1791115674025 RENDER-START n=90
1791115674729 RENDER-OK n=90 id=90 browser_pid=Some(91356) slot=B path=%TEMP%\fc-repro-leak-20261004-200350\localappdata\tw.fintools.fc-host\wallpaper\m-7ebe8f017cddc2d6-b.png wh=3840x2160 body=raw open_ms=255.9 page_ms=433.9 to_png_ms=689.8 close_ms=2.9 write_ms=11.0 warnings=0
1791115674729 VERIFY n=90 dims=Some((3840, 2160)) expect=3840x2160 own_files=2 PASS
1791115674912 BROWSER-EXIT n=90 pid=91356 after_return_ms=183.3
1791115677729 PREV-BROWSER n=91 prev_n=90 pid=91356 alive=false
1791115677729 RENDER-START n=91
1791115678368 RENDER-OK n=91 id=91 browser_pid=Some(108884) slot=A path=%TEMP%\fc-repro-leak-20261004-200350\localappdata\tw.fintools.fc-host\wallpaper\m-7ebe8f017cddc2d6-a.png wh=2560x1600 body=raw open_ms=264.7 page_ms=353.6 to_png_ms=618.3 close_ms=2.3 write_ms=18.3 warnings=0
1791115678368 VERIFY n=91 dims=Some((2560, 1600)) expect=2560x1600 own_files=2 PASS
1791115678535 BROWSER-EXIT n=91 pid=108884 after_return_ms=167.2
1791115679368 PREV-BROWSER n=92 prev_n=91 pid=108884 alive=false
1791115679368 RENDER-START n=92
1791115680099 RENDER-OK n=92 id=92 browser_pid=Some(30896) slot=B path=%TEMP%\fc-repro-leak-20261004-200350\localappdata\tw.fintools.fc-host\wallpaper\m-7ebe8f017cddc2d6-b.png wh=3840x2160 body=raw open_ms=261.4 page_ms=449.9 to_png_ms=711.3 close_ms=3.1 write_ms=15.8 warnings=0
1791115680099 VERIFY n=92 dims=Some((3840, 2160)) expect=3840x2160 own_files=2 PASS
1791115680276 BROWSER-EXIT n=92 pid=30896 after_return_ms=177.4
1791115683099 PREV-BROWSER n=93 prev_n=92 pid=30896 alive=false
1791115683099 RENDER-START n=93
1791115683747 RENDER-OK n=93 id=93 browser_pid=Some(111676) slot=A path=%TEMP%\fc-repro-leak-20261004-200350\localappdata\tw.fintools.fc-host\wallpaper\m-7ebe8f017cddc2d6-a.png wh=2560x1600 body=raw open_ms=281.8 page_ms=347.2 to_png_ms=629.0 close_ms=2.7 write_ms=16.4 warnings=0
1791115683747 VERIFY n=93 dims=Some((2560, 1600)) expect=2560x1600 own_files=2 PASS
1791115683916 BROWSER-EXIT n=93 pid=111676 after_return_ms=169.3
1791115684748 PREV-BROWSER n=94 prev_n=93 pid=111676 alive=false
1791115684748 RENDER-START n=94
1791115685460 RENDER-OK n=94 id=94 browser_pid=Some(44636) slot=B path=%TEMP%\fc-repro-leak-20261004-200350\localappdata\tw.fintools.fc-host\wallpaper\m-7ebe8f017cddc2d6-b.png wh=3840x2160 body=raw open_ms=251.0 page_ms=441.2 to_png_ms=692.3 close_ms=3.0 write_ms=17.2 warnings=0
1791115685461 VERIFY n=94 dims=Some((3840, 2160)) expect=3840x2160 own_files=2 PASS
1791115685644 BROWSER-EXIT n=94 pid=44636 after_return_ms=183.6
1791115688461 PREV-BROWSER n=95 prev_n=94 pid=44636 alive=false
1791115688461 RENDER-START n=95
1791115689071 RENDER-OK n=95 id=95 browser_pid=Some(24056) slot=A path=%TEMP%\fc-repro-leak-20261004-200350\localappdata\tw.fintools.fc-host\wallpaper\m-7ebe8f017cddc2d6-a.png wh=2560x1600 body=raw open_ms=247.3 page_ms=344.1 to_png_ms=591.3 close_ms=2.3 write_ms=16.5 warnings=0
1791115689071 VERIFY n=95 dims=Some((2560, 1600)) expect=2560x1600 own_files=2 PASS
1791115689251 BROWSER-EXIT n=95 pid=24056 after_return_ms=179.4
1791115690072 PREV-BROWSER n=96 prev_n=95 pid=24056 alive=false
1791115690072 RENDER-START n=96
1791115690794 RENDER-OK n=96 id=96 browser_pid=Some(114488) slot=B path=%TEMP%\fc-repro-leak-20261004-200350\localappdata\tw.fintools.fc-host\wallpaper\m-7ebe8f017cddc2d6-b.png wh=3840x2160 body=raw open_ms=254.6 page_ms=448.0 to_png_ms=702.6 close_ms=3.4 write_ms=16.1 warnings=0
1791115690794 VERIFY n=96 dims=Some((3840, 2160)) expect=3840x2160 own_files=2 PASS
1791115690971 BROWSER-EXIT n=96 pid=114488 after_return_ms=176.7
1791115693794 PREV-BROWSER n=97 prev_n=96 pid=114488 alive=false
1791115693794 RENDER-START n=97
1791115694407 RENDER-OK n=97 id=97 browser_pid=Some(112888) slot=A path=%TEMP%\fc-repro-leak-20261004-200350\localappdata\tw.fintools.fc-host\wallpaper\m-7ebe8f017cddc2d6-a.png wh=2560x1600 body=raw open_ms=251.1 page_ms=343.7 to_png_ms=594.9 close_ms=2.3 write_ms=15.8 warnings=0
1791115694408 VERIFY n=97 dims=Some((2560, 1600)) expect=2560x1600 own_files=2 PASS
1791115694586 BROWSER-EXIT n=97 pid=112888 after_return_ms=178.9
1791115695408 PREV-BROWSER n=98 prev_n=97 pid=112888 alive=false
1791115695408 RENDER-START n=98
1791115696168 RENDER-OK n=98 id=98 browser_pid=Some(49904) slot=B path=%TEMP%\fc-repro-leak-20261004-200350\localappdata\tw.fintools.fc-host\wallpaper\m-7ebe8f017cddc2d6-b.png wh=3840x2160 body=raw open_ms=287.9 page_ms=450.6 to_png_ms=738.5 close_ms=3.0 write_ms=18.2 warnings=0
1791115696168 VERIFY n=98 dims=Some((3840, 2160)) expect=3840x2160 own_files=2 PASS
1791115696339 BROWSER-EXIT n=98 pid=49904 after_return_ms=171.2
1791115699168 PREV-BROWSER n=99 prev_n=98 pid=49904 alive=false
1791115699168 RENDER-START n=99
1791115699933 RENDER-OK n=99 id=99 browser_pid=Some(105236) slot=A path=%TEMP%\fc-repro-leak-20261004-200350\localappdata\tw.fintools.fc-host\wallpaper\m-7ebe8f017cddc2d6-a.png wh=2560x1600 body=raw open_ms=378.4 page_ms=365.2 to_png_ms=743.5 close_ms=2.6 write_ms=18.8 warnings=0
1791115699933 VERIFY n=99 dims=Some((2560, 1600)) expect=2560x1600 own_files=2 PASS
1791115700100 BROWSER-EXIT n=99 pid=105236 after_return_ms=167.2
1791115700933 PREV-BROWSER n=100 prev_n=99 pid=105236 alive=false
1791115700933 RENDER-START n=100
1791115701666 RENDER-OK n=100 id=100 browser_pid=Some(50344) slot=B path=%TEMP%\fc-repro-leak-20261004-200350\localappdata\tw.fintools.fc-host\wallpaper\m-7ebe8f017cddc2d6-b.png wh=3840x2160 body=raw open_ms=255.6 page_ms=457.9 to_png_ms=713.5 close_ms=2.8 write_ms=17.0 warnings=0
1791115701667 VERIFY n=100 dims=Some((3840, 2160)) expect=3840x2160 own_files=2 PASS
1791115701845 BROWSER-EXIT n=100 pid=50344 after_return_ms=178.6
1791115704667 PREV-BROWSER n=101 prev_n=100 pid=50344 alive=false
1791115704667 RENDER-START n=101
1791115705286 RENDER-OK n=101 id=101 browser_pid=Some(87204) slot=A path=%TEMP%\fc-repro-leak-20261004-200350\localappdata\tw.fintools.fc-host\wallpaper\m-7ebe8f017cddc2d6-a.png wh=2560x1600 body=raw open_ms=256.8 page_ms=343.8 to_png_ms=600.6 close_ms=2.0 write_ms=16.2 warnings=0
1791115705286 VERIFY n=101 dims=Some((2560, 1600)) expect=2560x1600 own_files=2 PASS
1791115705466 BROWSER-EXIT n=101 pid=87204 after_return_ms=180.2
1791115706286 PREV-BROWSER n=102 prev_n=101 pid=87204 alive=false
1791115706286 RENDER-START n=102
1791115707010 RENDER-OK n=102 id=102 browser_pid=Some(111276) slot=B path=%TEMP%\fc-repro-leak-20261004-200350\localappdata\tw.fintools.fc-host\wallpaper\m-7ebe8f017cddc2d6-b.png wh=3840x2160 body=raw open_ms=256.0 page_ms=445.5 to_png_ms=701.6 close_ms=3.1 write_ms=18.6 warnings=0
1791115707010 VERIFY n=102 dims=Some((3840, 2160)) expect=3840x2160 own_files=2 PASS
1791115707179 BROWSER-EXIT n=102 pid=111276 after_return_ms=169.5
1791115710010 PREV-BROWSER n=103 prev_n=102 pid=111276 alive=false
1791115710010 RENDER-START n=103
1791115710620 RENDER-OK n=103 id=103 browser_pid=Some(13744) slot=A path=%TEMP%\fc-repro-leak-20261004-200350\localappdata\tw.fintools.fc-host\wallpaper\m-7ebe8f017cddc2d6-a.png wh=2560x1600 body=raw open_ms=255.3 page_ms=342.9 to_png_ms=598.2 close_ms=2.1 write_ms=9.0 warnings=0
1791115710620 VERIFY n=103 dims=Some((2560, 1600)) expect=2560x1600 own_files=2 PASS
1791115710795 BROWSER-EXIT n=103 pid=13744 after_return_ms=175.1
1791115711619 PREV-BROWSER n=104 prev_n=103 pid=13744 alive=false
1791115711620 RENDER-START n=104
1791115712331 RENDER-OK n=104 id=104 browser_pid=Some(62788) slot=B path=%TEMP%\fc-repro-leak-20261004-200350\localappdata\tw.fintools.fc-host\wallpaper\m-7ebe8f017cddc2d6-b.png wh=3840x2160 body=raw open_ms=255.1 page_ms=435.3 to_png_ms=690.4 close_ms=2.9 write_ms=17.4 warnings=0
1791115712331 VERIFY n=104 dims=Some((3840, 2160)) expect=3840x2160 own_files=2 PASS
1791115712506 BROWSER-EXIT n=104 pid=62788 after_return_ms=175.7
1791115715331 PREV-BROWSER n=105 prev_n=104 pid=62788 alive=false
1791115715331 RENDER-START n=105
1791115715952 RENDER-OK n=105 id=105 browser_pid=Some(75264) slot=A path=%TEMP%\fc-repro-leak-20261004-200350\localappdata\tw.fintools.fc-host\wallpaper\m-7ebe8f017cddc2d6-a.png wh=2560x1600 body=raw open_ms=259.6 page_ms=343.9 to_png_ms=603.5 close_ms=2.0 write_ms=15.0 warnings=0
1791115715952 VERIFY n=105 dims=Some((2560, 1600)) expect=2560x1600 own_files=2 PASS
1791115716125 BROWSER-EXIT n=105 pid=75264 after_return_ms=173.8
1791115716952 PREV-BROWSER n=106 prev_n=105 pid=75264 alive=false
1791115716952 RENDER-START n=106
1791115717732 RENDER-OK n=106 id=106 browser_pid=Some(113408) slot=B path=%TEMP%\fc-repro-leak-20261004-200350\localappdata\tw.fintools.fc-host\wallpaper\m-7ebe8f017cddc2d6-b.png wh=3840x2160 body=raw open_ms=315.7 page_ms=444.9 to_png_ms=760.6 close_ms=2.8 write_ms=16.4 warnings=0
1791115717733 VERIFY n=106 dims=Some((3840, 2160)) expect=3840x2160 own_files=2 PASS
1791115717910 BROWSER-EXIT n=106 pid=113408 after_return_ms=177.5
1791115720733 PREV-BROWSER n=107 prev_n=106 pid=113408 alive=false
1791115720733 RENDER-START n=107
1791115721368 RENDER-OK n=107 id=107 browser_pid=Some(80644) slot=A path=%TEMP%\fc-repro-leak-20261004-200350\localappdata\tw.fintools.fc-host\wallpaper\m-7ebe8f017cddc2d6-a.png wh=2560x1600 body=raw open_ms=255.7 page_ms=357.3 to_png_ms=613.0 close_ms=2.1 write_ms=19.9 warnings=0
1791115721368 VERIFY n=107 dims=Some((2560, 1600)) expect=2560x1600 own_files=2 PASS
1791115721539 BROWSER-EXIT n=107 pid=80644 after_return_ms=171.4
1791115722368 PREV-BROWSER n=108 prev_n=107 pid=80644 alive=false
1791115722368 RENDER-START n=108
1791115723087 RENDER-OK n=108 id=108 browser_pid=Some(97132) slot=B path=%TEMP%\fc-repro-leak-20261004-200350\localappdata\tw.fintools.fc-host\wallpaper\m-7ebe8f017cddc2d6-b.png wh=3840x2160 body=raw open_ms=252.5 page_ms=445.6 to_png_ms=698.1 close_ms=2.9 write_ms=17.5 warnings=0
1791115723087 VERIFY n=108 dims=Some((3840, 2160)) expect=3840x2160 own_files=2 PASS
1791115723264 BROWSER-EXIT n=108 pid=97132 after_return_ms=177.0
1791115726087 PREV-BROWSER n=109 prev_n=108 pid=97132 alive=false
1791115726087 RENDER-START n=109
1791115726700 RENDER-OK n=109 id=109 browser_pid=Some(112616) slot=A path=%TEMP%\fc-repro-leak-20261004-200350\localappdata\tw.fintools.fc-host\wallpaper\m-7ebe8f017cddc2d6-a.png wh=2560x1600 body=raw open_ms=255.0 page_ms=339.7 to_png_ms=594.7 close_ms=2.3 write_ms=15.7 warnings=0
1791115726700 VERIFY n=109 dims=Some((2560, 1600)) expect=2560x1600 own_files=2 PASS
1791115726865 BROWSER-EXIT n=109 pid=112616 after_return_ms=164.6
1791115727701 PREV-BROWSER n=110 prev_n=109 pid=112616 alive=false
1791115727701 RENDER-START n=110
1791115728421 RENDER-OK n=110 id=110 browser_pid=Some(113432) slot=B path=%TEMP%\fc-repro-leak-20261004-200350\localappdata\tw.fintools.fc-host\wallpaper\m-7ebe8f017cddc2d6-b.png wh=3840x2160 body=raw open_ms=251.0 page_ms=447.9 to_png_ms=699.0 close_ms=2.9 write_ms=18.6 warnings=0
1791115728422 VERIFY n=110 dims=Some((3840, 2160)) expect=3840x2160 own_files=2 PASS
1791115728589 BROWSER-EXIT n=110 pid=113432 after_return_ms=167.3
1791115731421 PREV-BROWSER n=111 prev_n=110 pid=113432 alive=false
1791115731422 RENDER-START n=111
1791115732033 RENDER-OK n=111 id=111 browser_pid=Some(89192) slot=A path=%TEMP%\fc-repro-leak-20261004-200350\localappdata\tw.fintools.fc-host\wallpaper\m-7ebe8f017cddc2d6-a.png wh=2560x1600 body=raw open_ms=250.6 page_ms=342.2 to_png_ms=592.8 close_ms=2.2 write_ms=16.2 warnings=0
1791115732033 VERIFY n=111 dims=Some((2560, 1600)) expect=2560x1600 own_files=2 PASS
1791115732210 BROWSER-EXIT n=111 pid=89192 after_return_ms=177.5
1791115733033 PREV-BROWSER n=112 prev_n=111 pid=89192 alive=false
1791115733033 RENDER-START n=112
1791115733756 RENDER-OK n=112 id=112 browser_pid=Some(58488) slot=B path=%TEMP%\fc-repro-leak-20261004-200350\localappdata\tw.fintools.fc-host\wallpaper\m-7ebe8f017cddc2d6-b.png wh=3840x2160 body=raw open_ms=265.4 page_ms=436.1 to_png_ms=701.4 close_ms=3.1 write_ms=18.1 warnings=0
1791115733756 VERIFY n=112 dims=Some((3840, 2160)) expect=3840x2160 own_files=2 PASS
1791115733930 BROWSER-EXIT n=112 pid=58488 after_return_ms=174.1
1791115736756 PREV-BROWSER n=113 prev_n=112 pid=58488 alive=false
1791115736756 RENDER-START n=113
1791115737388 RENDER-OK n=113 id=113 browser_pid=Some(114464) slot=A path=%TEMP%\fc-repro-leak-20261004-200350\localappdata\tw.fintools.fc-host\wallpaper\m-7ebe8f017cddc2d6-a.png wh=2560x1600 body=raw open_ms=261.7 page_ms=358.8 to_png_ms=620.5 close_ms=2.4 write_ms=8.9 warnings=0
1791115737388 VERIFY n=113 dims=Some((2560, 1600)) expect=2560x1600 own_files=2 PASS
1791115737573 BROWSER-EXIT n=113 pid=114464 after_return_ms=184.6
1791115738389 PREV-BROWSER n=114 prev_n=113 pid=114464 alive=false
1791115738389 RENDER-START n=114
1791115739103 RENDER-OK n=114 id=114 browser_pid=Some(22652) slot=B path=%TEMP%\fc-repro-leak-20261004-200350\localappdata\tw.fintools.fc-host\wallpaper\m-7ebe8f017cddc2d6-b.png wh=3840x2160 body=raw open_ms=257.3 page_ms=436.5 to_png_ms=693.7 close_ms=2.8 write_ms=17.5 warnings=0
1791115739103 VERIFY n=114 dims=Some((3840, 2160)) expect=3840x2160 own_files=2 PASS
1791115739276 BROWSER-EXIT n=114 pid=22652 after_return_ms=172.9
1791115742103 PREV-BROWSER n=115 prev_n=114 pid=22652 alive=false
1791115742104 RENDER-START n=115
1791115742718 RENDER-OK n=115 id=115 browser_pid=Some(72740) slot=A path=%TEMP%\fc-repro-leak-20261004-200350\localappdata\tw.fintools.fc-host\wallpaper\m-7ebe8f017cddc2d6-a.png wh=2560x1600 body=raw open_ms=256.6 page_ms=339.0 to_png_ms=595.6 close_ms=2.1 write_ms=16.9 warnings=0
1791115742719 VERIFY n=115 dims=Some((2560, 1600)) expect=2560x1600 own_files=2 PASS
1791115742893 BROWSER-EXIT n=115 pid=72740 after_return_ms=174.8
1791115743719 PREV-BROWSER n=116 prev_n=115 pid=72740 alive=false
1791115743719 RENDER-START n=116
1791115744450 RENDER-OK n=116 id=116 browser_pid=Some(68744) slot=B path=%TEMP%\fc-repro-leak-20261004-200350\localappdata\tw.fintools.fc-host\wallpaper\m-7ebe8f017cddc2d6-b.png wh=3840x2160 body=raw open_ms=265.5 page_ms=445.1 to_png_ms=710.6 close_ms=2.9 write_ms=17.5 warnings=0
1791115744450 VERIFY n=116 dims=Some((3840, 2160)) expect=3840x2160 own_files=2 PASS
1791115744618 BROWSER-EXIT n=116 pid=68744 after_return_ms=168.3
1791115747450 PREV-BROWSER n=117 prev_n=116 pid=68744 alive=false
1791115747450 RENDER-START n=117
1791115748051 RENDER-OK n=117 id=117 browser_pid=Some(94980) slot=A path=%TEMP%\fc-repro-leak-20261004-200350\localappdata\tw.fintools.fc-host\wallpaper\m-7ebe8f017cddc2d6-a.png wh=2560x1600 body=raw open_ms=246.8 page_ms=343.4 to_png_ms=590.2 close_ms=2.1 write_ms=7.9 warnings=0
1791115748051 VERIFY n=117 dims=Some((2560, 1600)) expect=2560x1600 own_files=2 PASS
1791115748238 BROWSER-EXIT n=117 pid=94980 after_return_ms=187.6
1791115749051 PREV-BROWSER n=118 prev_n=117 pid=94980 alive=false
1791115749051 RENDER-START n=118
1791115749778 RENDER-OK n=118 id=118 browser_pid=Some(98636) slot=B path=%TEMP%\fc-repro-leak-20261004-200350\localappdata\tw.fintools.fc-host\wallpaper\m-7ebe8f017cddc2d6-b.png wh=3840x2160 body=raw open_ms=259.6 page_ms=445.7 to_png_ms=705.3 close_ms=3.2 write_ms=18.3 warnings=0
1791115749778 VERIFY n=118 dims=Some((3840, 2160)) expect=3840x2160 own_files=2 PASS
1791115749946 BROWSER-EXIT n=118 pid=98636 after_return_ms=168.6
1791115752778 PREV-BROWSER n=119 prev_n=118 pid=98636 alive=false
1791115752778 RENDER-START n=119
1791115753397 RENDER-OK n=119 id=119 browser_pid=Some(112784) slot=A path=%TEMP%\fc-repro-leak-20261004-200350\localappdata\tw.fintools.fc-host\wallpaper\m-7ebe8f017cddc2d6-a.png wh=2560x1600 body=raw open_ms=255.6 page_ms=351.5 to_png_ms=607.1 close_ms=2.7 write_ms=8.9 warnings=0
1791115753398 VERIFY n=119 dims=Some((2560, 1600)) expect=2560x1600 own_files=2 PASS
1791115753574 BROWSER-EXIT n=119 pid=112784 after_return_ms=176.4
1791115754398 PREV-BROWSER n=120 prev_n=119 pid=112784 alive=false
1791115754398 RENDER-START n=120
1791115755129 RENDER-OK n=120 id=120 browser_pid=Some(113652) slot=B path=%TEMP%\fc-repro-leak-20261004-200350\localappdata\tw.fintools.fc-host\wallpaper\m-7ebe8f017cddc2d6-b.png wh=3840x2160 body=raw open_ms=259.3 page_ms=449.8 to_png_ms=709.1 close_ms=3.1 write_ms=18.8 warnings=0
1791115755129 VERIFY n=120 dims=Some((3840, 2160)) expect=3840x2160 own_files=2 PASS
1791115755298 BROWSER-EXIT n=120 pid=113652 after_return_ms=169.5
1791115758129 PREV-BROWSER n=121 prev_n=120 pid=113652 alive=false
1791115758129 RENDER-START n=121
1791115758733 RENDER-OK n=121 id=121 browser_pid=Some(18936) slot=A path=%TEMP%\fc-repro-leak-20261004-200350\localappdata\tw.fintools.fc-host\wallpaper\m-7ebe8f017cddc2d6-a.png wh=2560x1600 body=raw open_ms=252.7 page_ms=339.7 to_png_ms=592.4 close_ms=2.1 write_ms=8.9 warnings=0
1791115758733 VERIFY n=121 dims=Some((2560, 1600)) expect=2560x1600 own_files=2 PASS
1791115758903 BROWSER-EXIT n=121 pid=18936 after_return_ms=170.4
1791115759733 PREV-BROWSER n=122 prev_n=121 pid=18936 alive=false
1791115759733 RENDER-START n=122
1791115760483 RENDER-OK n=122 id=122 browser_pid=Some(114880) slot=B path=%TEMP%\fc-repro-leak-20261004-200350\localappdata\tw.fintools.fc-host\wallpaper\m-7ebe8f017cddc2d6-b.png wh=3840x2160 body=raw open_ms=261.2 page_ms=468.0 to_png_ms=729.2 close_ms=2.9 write_ms=17.5 warnings=0
1791115760483 VERIFY n=122 dims=Some((3840, 2160)) expect=3840x2160 own_files=2 PASS
1791115760655 BROWSER-EXIT n=122 pid=114880 after_return_ms=171.9
1791115763483 PREV-BROWSER n=123 prev_n=122 pid=114880 alive=false
1791115763483 RENDER-START n=123
1791115764099 RENDER-OK n=123 id=123 browser_pid=Some(115216) slot=A path=%TEMP%\fc-repro-leak-20261004-200350\localappdata\tw.fintools.fc-host\wallpaper\m-7ebe8f017cddc2d6-a.png wh=2560x1600 body=raw open_ms=253.9 page_ms=343.4 to_png_ms=597.3 close_ms=2.1 write_ms=16.3 warnings=0
1791115764100 VERIFY n=123 dims=Some((2560, 1600)) expect=2560x1600 own_files=2 PASS
1791115764272 BROWSER-EXIT n=123 pid=115216 after_return_ms=173.2
1791115765100 PREV-BROWSER n=124 prev_n=123 pid=115216 alive=false
1791115765100 RENDER-START n=124
1791115765866 RENDER-OK n=124 id=124 browser_pid=Some(40192) slot=B path=%TEMP%\fc-repro-leak-20261004-200350\localappdata\tw.fintools.fc-host\wallpaper\m-7ebe8f017cddc2d6-b.png wh=3840x2160 body=raw open_ms=284.3 page_ms=460.5 to_png_ms=744.8 close_ms=3.0 write_ms=18.5 warnings=0
1791115765867 VERIFY n=124 dims=Some((3840, 2160)) expect=3840x2160 own_files=2 PASS
1791115766041 BROWSER-EXIT n=124 pid=40192 after_return_ms=174.2
1791115768867 PREV-BROWSER n=125 prev_n=124 pid=40192 alive=false
1791115768867 RENDER-START n=125
1791115769484 RENDER-OK n=125 id=125 browser_pid=Some(115472) slot=A path=%TEMP%\fc-repro-leak-20261004-200350\localappdata\tw.fintools.fc-host\wallpaper\m-7ebe8f017cddc2d6-a.png wh=2560x1600 body=raw open_ms=256.0 page_ms=342.9 to_png_ms=598.9 close_ms=2.2 write_ms=15.7 warnings=0
1791115769484 VERIFY n=125 dims=Some((2560, 1600)) expect=2560x1600 own_files=2 PASS
1791115769650 BROWSER-EXIT n=125 pid=115472 after_return_ms=166.4
1791115770485 PREV-BROWSER n=126 prev_n=125 pid=115472 alive=false
1791115770485 RENDER-START n=126
1791115771216 RENDER-OK n=126 id=126 browser_pid=Some(70096) slot=B path=%TEMP%\fc-repro-leak-20261004-200350\localappdata\tw.fintools.fc-host\wallpaper\m-7ebe8f017cddc2d6-b.png wh=3840x2160 body=raw open_ms=259.9 page_ms=448.5 to_png_ms=708.4 close_ms=2.8 write_ms=20.2 warnings=0
1791115771217 VERIFY n=126 dims=Some((3840, 2160)) expect=3840x2160 own_files=2 PASS
1791115771391 BROWSER-EXIT n=126 pid=70096 after_return_ms=174.7
1791115774216 PREV-BROWSER n=127 prev_n=126 pid=70096 alive=false
1791115774216 RENDER-START n=127
1791115774823 RENDER-OK n=127 id=127 browser_pid=Some(110660) slot=A path=%TEMP%\fc-repro-leak-20261004-200350\localappdata\tw.fintools.fc-host\wallpaper\m-7ebe8f017cddc2d6-a.png wh=2560x1600 body=raw open_ms=251.6 page_ms=342.6 to_png_ms=594.2 close_ms=2.1 write_ms=9.7 warnings=0
1791115774823 VERIFY n=127 dims=Some((2560, 1600)) expect=2560x1600 own_files=2 PASS
1791115775005 BROWSER-EXIT n=127 pid=110660 after_return_ms=182.9
1791115775823 PREV-BROWSER n=128 prev_n=127 pid=110660 alive=false
1791115775823 RENDER-START n=128
1791115776557 RENDER-OK n=128 id=128 browser_pid=Some(89832) slot=B path=%TEMP%\fc-repro-leak-20261004-200350\localappdata\tw.fintools.fc-host\wallpaper\m-7ebe8f017cddc2d6-b.png wh=3840x2160 body=raw open_ms=258.9 page_ms=454.0 to_png_ms=712.9 close_ms=3.1 write_ms=17.2 warnings=0
1791115776557 VERIFY n=128 dims=Some((3840, 2160)) expect=3840x2160 own_files=2 PASS
1791115776742 BROWSER-EXIT n=128 pid=89832 after_return_ms=185.1
1791115779557 PREV-BROWSER n=129 prev_n=128 pid=89832 alive=false
1791115779557 RENDER-START n=129
1791115780174 RENDER-OK n=129 id=129 browser_pid=Some(113172) slot=A path=%TEMP%\fc-repro-leak-20261004-200350\localappdata\tw.fintools.fc-host\wallpaper\m-7ebe8f017cddc2d6-a.png wh=2560x1600 body=raw open_ms=253.1 page_ms=345.1 to_png_ms=598.2 close_ms=2.1 write_ms=16.7 warnings=0
1791115780175 VERIFY n=129 dims=Some((2560, 1600)) expect=2560x1600 own_files=2 PASS
1791115780343 BROWSER-EXIT n=129 pid=113172 after_return_ms=168.5
1791115781175 PREV-BROWSER n=130 prev_n=129 pid=113172 alive=false
1791115781175 RENDER-START n=130
1791115781914 RENDER-OK n=130 id=130 browser_pid=Some(112948) slot=B path=%TEMP%\fc-repro-leak-20261004-200350\localappdata\tw.fintools.fc-host\wallpaper\m-7ebe8f017cddc2d6-b.png wh=3840x2160 body=raw open_ms=261.5 page_ms=457.8 to_png_ms=719.2 close_ms=2.9 write_ms=16.5 warnings=0
1791115781914 VERIFY n=130 dims=Some((3840, 2160)) expect=3840x2160 own_files=2 PASS
1791115782089 BROWSER-EXIT n=130 pid=112948 after_return_ms=175.2
1791115784914 PREV-BROWSER n=131 prev_n=130 pid=112948 alive=false
1791115784914 RENDER-START n=131
1791115785537 RENDER-OK n=131 id=131 browser_pid=Some(30152) slot=A path=%TEMP%\fc-repro-leak-20261004-200350\localappdata\tw.fintools.fc-host\wallpaper\m-7ebe8f017cddc2d6-a.png wh=2560x1600 body=raw open_ms=251.9 page_ms=353.2 to_png_ms=605.1 close_ms=2.3 write_ms=15.3 warnings=0
1791115785537 VERIFY n=131 dims=Some((2560, 1600)) expect=2560x1600 own_files=2 PASS
1791115785718 BROWSER-EXIT n=131 pid=30152 after_return_ms=180.3
1791115786537 PREV-BROWSER n=132 prev_n=131 pid=30152 alive=false
1791115786537 RENDER-START n=132
1791115787296 RENDER-OK n=132 id=132 browser_pid=Some(71380) slot=B path=%TEMP%\fc-repro-leak-20261004-200350\localappdata\tw.fintools.fc-host\wallpaper\m-7ebe8f017cddc2d6-b.png wh=3840x2160 body=raw open_ms=273.9 page_ms=462.9 to_png_ms=736.8 close_ms=3.0 write_ms=18.8 warnings=0
1791115787297 VERIFY n=132 dims=Some((3840, 2160)) expect=3840x2160 own_files=2 PASS
1791115787467 BROWSER-EXIT n=132 pid=71380 after_return_ms=170.7
1791115790297 PREV-BROWSER n=133 prev_n=132 pid=71380 alive=false
1791115790297 RENDER-START n=133
1791115790920 RENDER-OK n=133 id=133 browser_pid=Some(86824) slot=A path=%TEMP%\fc-repro-leak-20261004-200350\localappdata\tw.fintools.fc-host\wallpaper\m-7ebe8f017cddc2d6-a.png wh=2560x1600 body=raw open_ms=255.6 page_ms=349.0 to_png_ms=604.6 close_ms=2.5 write_ms=15.7 warnings=0
1791115790920 VERIFY n=133 dims=Some((2560, 1600)) expect=2560x1600 own_files=2 PASS
1791115791095 BROWSER-EXIT n=133 pid=86824 after_return_ms=175.0
1791115791920 PREV-BROWSER n=134 prev_n=133 pid=86824 alive=false
1791115791920 RENDER-START n=134
1791115792662 RENDER-OK n=134 id=134 browser_pid=Some(28684) slot=B path=%TEMP%\fc-repro-leak-20261004-200350\localappdata\tw.fintools.fc-host\wallpaper\m-7ebe8f017cddc2d6-b.png wh=3840x2160 body=raw open_ms=260.1 page_ms=459.3 to_png_ms=719.4 close_ms=3.2 write_ms=18.4 warnings=0
1791115792662 VERIFY n=134 dims=Some((3840, 2160)) expect=3840x2160 own_files=2 PASS
1791115792835 BROWSER-EXIT n=134 pid=28684 after_return_ms=172.9
1791115795662 PREV-BROWSER n=135 prev_n=134 pid=28684 alive=false
1791115795662 RENDER-START n=135
1791115796340 RENDER-OK n=135 id=135 browser_pid=Some(28288) slot=A path=%TEMP%\fc-repro-leak-20261004-200350\localappdata\tw.fintools.fc-host\wallpaper\m-7ebe8f017cddc2d6-a.png wh=2560x1600 body=raw open_ms=305.6 page_ms=353.5 to_png_ms=659.1 close_ms=2.2 write_ms=16.4 warnings=0
1791115796340 VERIFY n=135 dims=Some((2560, 1600)) expect=2560x1600 own_files=2 PASS
1791115796515 BROWSER-EXIT n=135 pid=28288 after_return_ms=174.9
1791115797340 PREV-BROWSER n=136 prev_n=135 pid=28288 alive=false
1791115797340 RENDER-START n=136
1791115798076 RENDER-OK n=136 id=136 browser_pid=Some(103136) slot=B path=%TEMP%\fc-repro-leak-20261004-200350\localappdata\tw.fintools.fc-host\wallpaper\m-7ebe8f017cddc2d6-b.png wh=3840x2160 body=raw open_ms=257.4 page_ms=461.9 to_png_ms=719.2 close_ms=3.9 write_ms=12.1 warnings=0
1791115798076 VERIFY n=136 dims=Some((3840, 2160)) expect=3840x2160 own_files=2 PASS
1791115798262 BROWSER-EXIT n=136 pid=103136 after_return_ms=185.9
1791115801076 PREV-BROWSER n=137 prev_n=136 pid=103136 alive=false
1791115801076 RENDER-START n=137
1791115801708 RENDER-OK n=137 id=137 browser_pid=Some(114180) slot=A path=%TEMP%\fc-repro-leak-20261004-200350\localappdata\tw.fintools.fc-host\wallpaper\m-7ebe8f017cddc2d6-a.png wh=2560x1600 body=raw open_ms=257.9 page_ms=355.8 to_png_ms=613.7 close_ms=2.1 write_ms=15.9 warnings=0
1791115801708 VERIFY n=137 dims=Some((2560, 1600)) expect=2560x1600 own_files=2 PASS
1791115801876 BROWSER-EXIT n=137 pid=114180 after_return_ms=168.5
1791115802708 PREV-BROWSER n=138 prev_n=137 pid=114180 alive=false
1791115802708 RENDER-START n=138
1791115803441 RENDER-OK n=138 id=138 browser_pid=Some(114028) slot=B path=%TEMP%\fc-repro-leak-20261004-200350\localappdata\tw.fintools.fc-host\wallpaper\m-7ebe8f017cddc2d6-b.png wh=3840x2160 body=raw open_ms=249.4 page_ms=461.6 to_png_ms=711.0 close_ms=3.5 write_ms=18.0 warnings=0
1791115803441 VERIFY n=138 dims=Some((3840, 2160)) expect=3840x2160 own_files=2 PASS
1791115803607 BROWSER-EXIT n=138 pid=114028 after_return_ms=166.6
1791115806441 PREV-BROWSER n=139 prev_n=138 pid=114028 alive=false
1791115806441 RENDER-START n=139
1791115807066 RENDER-OK n=139 id=139 browser_pid=Some(102420) slot=A path=%TEMP%\fc-repro-leak-20261004-200350\localappdata\tw.fintools.fc-host\wallpaper\m-7ebe8f017cddc2d6-a.png wh=2560x1600 body=raw open_ms=256.0 page_ms=349.6 to_png_ms=605.6 close_ms=2.2 write_ms=16.6 warnings=0
1791115807066 VERIFY n=139 dims=Some((2560, 1600)) expect=2560x1600 own_files=2 PASS
1791115807241 BROWSER-EXIT n=139 pid=102420 after_return_ms=175.1
1791115808066 PREV-BROWSER n=140 prev_n=139 pid=102420 alive=false
1791115808066 RENDER-START n=140
1791115808868 RENDER-OK n=140 id=140 browser_pid=Some(115212) slot=B path=%TEMP%\fc-repro-leak-20261004-200350\localappdata\tw.fintools.fc-host\wallpaper\m-7ebe8f017cddc2d6-b.png wh=3840x2160 body=raw open_ms=319.6 page_ms=460.0 to_png_ms=779.6 close_ms=3.8 write_ms=18.4 warnings=0
1791115808869 VERIFY n=140 dims=Some((3840, 2160)) expect=3840x2160 own_files=2 PASS
1791115809042 BROWSER-EXIT n=140 pid=115212 after_return_ms=173.2
1791115811869 PREV-BROWSER n=141 prev_n=140 pid=115212 alive=false
1791115811869 RENDER-START n=141
1791115812501 RENDER-OK n=141 id=141 browser_pid=Some(114572) slot=A path=%TEMP%\fc-repro-leak-20261004-200350\localappdata\tw.fintools.fc-host\wallpaper\m-7ebe8f017cddc2d6-a.png wh=2560x1600 body=raw open_ms=258.6 page_ms=354.9 to_png_ms=613.6 close_ms=2.1 write_ms=16.1 warnings=0
1791115812501 VERIFY n=141 dims=Some((2560, 1600)) expect=2560x1600 own_files=2 PASS
1791115812669 BROWSER-EXIT n=141 pid=114572 after_return_ms=168.8
1791115813501 PREV-BROWSER n=142 prev_n=141 pid=114572 alive=false
1791115813501 RENDER-START n=142
1791115814236 RENDER-OK n=142 id=142 browser_pid=Some(101560) slot=B path=%TEMP%\fc-repro-leak-20261004-200350\localappdata\tw.fintools.fc-host\wallpaper\m-7ebe8f017cddc2d6-b.png wh=3840x2160 body=raw open_ms=254.1 page_ms=460.1 to_png_ms=714.2 close_ms=3.1 write_ms=17.6 warnings=0
1791115814236 VERIFY n=142 dims=Some((3840, 2160)) expect=3840x2160 own_files=2 PASS
1791115814415 BROWSER-EXIT n=142 pid=101560 after_return_ms=178.7
1791115817237 PREV-BROWSER n=143 prev_n=142 pid=101560 alive=false
1791115817237 RENDER-START n=143
1791115817923 RENDER-OK n=143 id=143 browser_pid=Some(110604) slot=A path=%TEMP%\fc-repro-leak-20261004-200350\localappdata\tw.fintools.fc-host\wallpaper\m-7ebe8f017cddc2d6-a.png wh=2560x1600 body=raw open_ms=320.1 page_ms=347.3 to_png_ms=667.3 close_ms=2.0 write_ms=16.3 warnings=0
1791115817923 VERIFY n=143 dims=Some((2560, 1600)) expect=2560x1600 own_files=2 PASS
1791115818087 BROWSER-EXIT n=143 pid=110604 after_return_ms=164.2
1791115818923 PREV-BROWSER n=144 prev_n=143 pid=110604 alive=false
1791115818923 RENDER-START n=144
1791115819658 RENDER-OK n=144 id=144 browser_pid=Some(111532) slot=B path=%TEMP%\fc-repro-leak-20261004-200350\localappdata\tw.fintools.fc-host\wallpaper\m-7ebe8f017cddc2d6-b.png wh=3840x2160 body=raw open_ms=251.6 page_ms=462.0 to_png_ms=713.6 close_ms=3.2 write_ms=17.8 warnings=0
1791115819658 VERIFY n=144 dims=Some((3840, 2160)) expect=3840x2160 own_files=2 PASS
1791115819836 BROWSER-EXIT n=144 pid=111532 after_return_ms=178.5
1791115822658 PREV-BROWSER n=145 prev_n=144 pid=111532 alive=false
1791115822658 RENDER-START n=145
1791115823295 RENDER-OK n=145 id=145 browser_pid=Some(89788) slot=A path=%TEMP%\fc-repro-leak-20261004-200350\localappdata\tw.fintools.fc-host\wallpaper\m-7ebe8f017cddc2d6-a.png wh=2560x1600 body=raw open_ms=261.5 page_ms=363.4 to_png_ms=624.9 close_ms=2.0 write_ms=9.6 warnings=0
1791115823295 VERIFY n=145 dims=Some((2560, 1600)) expect=2560x1600 own_files=2 PASS
1791115823476 BROWSER-EXIT n=145 pid=89788 after_return_ms=181.1
1791115824295 PREV-BROWSER n=146 prev_n=145 pid=89788 alive=false
1791115824295 RENDER-START n=146
1791115825024 RENDER-OK n=146 id=146 browser_pid=Some(76896) slot=B path=%TEMP%\fc-repro-leak-20261004-200350\localappdata\tw.fintools.fc-host\wallpaper\m-7ebe8f017cddc2d6-b.png wh=3840x2160 body=raw open_ms=253.3 page_ms=459.7 to_png_ms=713.0 close_ms=3.3 write_ms=12.0 warnings=0
1791115825024 VERIFY n=146 dims=Some((3840, 2160)) expect=3840x2160 own_files=2 PASS
1791115825210 BROWSER-EXIT n=146 pid=76896 after_return_ms=185.8
1791115828025 PREV-BROWSER n=147 prev_n=146 pid=76896 alive=false
1791115828025 RENDER-START n=147
1791115828649 RENDER-OK n=147 id=147 browser_pid=Some(19556) slot=A path=%TEMP%\fc-repro-leak-20261004-200350\localappdata\tw.fintools.fc-host\wallpaper\m-7ebe8f017cddc2d6-a.png wh=2560x1600 body=raw open_ms=256.9 page_ms=355.5 to_png_ms=612.4 close_ms=2.1 write_ms=9.5 warnings=0
1791115828649 VERIFY n=147 dims=Some((2560, 1600)) expect=2560x1600 own_files=2 PASS
1791115828836 BROWSER-EXIT n=147 pid=19556 after_return_ms=187.5
1791115829649 PREV-BROWSER n=148 prev_n=147 pid=19556 alive=false
1791115829649 RENDER-START n=148
1791115830438 RENDER-OK n=148 id=148 browser_pid=Some(113280) slot=B path=%TEMP%\fc-repro-leak-20261004-200350\localappdata\tw.fintools.fc-host\wallpaper\m-7ebe8f017cddc2d6-b.png wh=3840x2160 body=raw open_ms=314.6 page_ms=455.0 to_png_ms=769.6 close_ms=2.9 write_ms=15.6 warnings=0
1791115830438 VERIFY n=148 dims=Some((3840, 2160)) expect=3840x2160 own_files=2 PASS
1791115830614 BROWSER-EXIT n=148 pid=113280 after_return_ms=176.1
1791115833438 PREV-BROWSER n=149 prev_n=148 pid=113280 alive=false
1791115833438 RENDER-START n=149
1791115834119 RENDER-OK n=149 id=149 browser_pid=Some(88680) slot=A path=%TEMP%\fc-repro-leak-20261004-200350\localappdata\tw.fintools.fc-host\wallpaper\m-7ebe8f017cddc2d6-a.png wh=2560x1600 body=raw open_ms=318.8 page_ms=343.0 to_png_ms=661.8 close_ms=2.2 write_ms=16.6 warnings=0
1791115834119 VERIFY n=149 dims=Some((2560, 1600)) expect=2560x1600 own_files=2 PASS
1791115834299 BROWSER-EXIT n=149 pid=88680 after_return_ms=179.7
1791115835120 PREV-BROWSER n=150 prev_n=149 pid=88680 alive=false
1791115835120 RENDER-START n=150
1791115835909 RENDER-OK n=150 id=150 browser_pid=Some(28828) slot=B path=%TEMP%\fc-repro-leak-20261004-200350\localappdata\tw.fintools.fc-host\wallpaper\m-7ebe8f017cddc2d6-b.png wh=3840x2160 body=raw open_ms=315.2 page_ms=451.8 to_png_ms=767.1 close_ms=3.0 write_ms=18.6 warnings=0
1791115835909 VERIFY n=150 dims=Some((3840, 2160)) expect=3840x2160 own_files=2 PASS
1791115836081 BROWSER-EXIT n=150 pid=28828 after_return_ms=172.4
1791115838909 PREV-BROWSER n=151 prev_n=150 pid=28828 alive=false
1791115838909 RENDER-START n=151
1791115839588 RENDER-OK n=151 id=151 browser_pid=Some(68068) slot=A path=%TEMP%\fc-repro-leak-20261004-200350\localappdata\tw.fintools.fc-host\wallpaper\m-7ebe8f017cddc2d6-a.png wh=2560x1600 body=raw open_ms=312.6 page_ms=347.4 to_png_ms=660.0 close_ms=2.1 write_ms=16.3 warnings=0
1791115839588 VERIFY n=151 dims=Some((2560, 1600)) expect=2560x1600 own_files=2 PASS
1791115839755 BROWSER-EXIT n=151 pid=68068 after_return_ms=167.6
1791115840588 PREV-BROWSER n=152 prev_n=151 pid=68068 alive=false
1791115840588 RENDER-START n=152
1791115841319 RENDER-OK n=152 id=152 browser_pid=Some(113520) slot=B path=%TEMP%\fc-repro-leak-20261004-200350\localappdata\tw.fintools.fc-host\wallpaper\m-7ebe8f017cddc2d6-b.png wh=3840x2160 body=raw open_ms=256.1 page_ms=454.3 to_png_ms=710.4 close_ms=2.9 write_ms=18.1 warnings=0
1791115841320 VERIFY n=152 dims=Some((3840, 2160)) expect=3840x2160 own_files=2 PASS
1791115841493 BROWSER-EXIT n=152 pid=113520 after_return_ms=173.3
1791115844319 PREV-BROWSER n=153 prev_n=152 pid=113520 alive=false
1791115844319 RENDER-START n=153
1791115844936 RENDER-OK n=153 id=153 browser_pid=Some(109920) slot=A path=%TEMP%\fc-repro-leak-20261004-200350\localappdata\tw.fintools.fc-host\wallpaper\m-7ebe8f017cddc2d6-a.png wh=2560x1600 body=raw open_ms=256.0 page_ms=341.6 to_png_ms=597.6 close_ms=2.2 write_ms=16.2 warnings=0
1791115844936 VERIFY n=153 dims=Some((2560, 1600)) expect=2560x1600 own_files=2 PASS
1791115845114 BROWSER-EXIT n=153 pid=109920 after_return_ms=178.4
1791115845936 PREV-BROWSER n=154 prev_n=153 pid=109920 alive=false
1791115845936 RENDER-START n=154
1791115846662 RENDER-OK n=154 id=154 browser_pid=Some(111528) slot=B path=%TEMP%\fc-repro-leak-20261004-200350\localappdata\tw.fintools.fc-host\wallpaper\m-7ebe8f017cddc2d6-b.png wh=3840x2160 body=raw open_ms=262.6 page_ms=442.2 to_png_ms=704.8 close_ms=4.0 write_ms=16.3 warnings=0
1791115846662 VERIFY n=154 dims=Some((3840, 2160)) expect=3840x2160 own_files=2 PASS
1791115846832 BROWSER-EXIT n=154 pid=111528 after_return_ms=170.7
1791115849662 PREV-BROWSER n=155 prev_n=154 pid=111528 alive=false
1791115849662 RENDER-START n=155
1791115850277 RENDER-OK n=155 id=155 browser_pid=Some(113928) slot=A path=%TEMP%\fc-repro-leak-20261004-200350\localappdata\tw.fintools.fc-host\wallpaper\m-7ebe8f017cddc2d6-a.png wh=2560x1600 body=raw open_ms=253.6 page_ms=342.2 to_png_ms=595.8 close_ms=2.0 write_ms=17.0 warnings=0
1791115850277 VERIFY n=155 dims=Some((2560, 1600)) expect=2560x1600 own_files=2 PASS
1791115850456 BROWSER-EXIT n=155 pid=113928 after_return_ms=178.9
1791115851278 PREV-BROWSER n=156 prev_n=155 pid=113928 alive=false
1791115851278 RENDER-START n=156
1791115852013 RENDER-OK n=156 id=156 browser_pid=Some(108496) slot=B path=%TEMP%\fc-repro-leak-20261004-200350\localappdata\tw.fintools.fc-host\wallpaper\m-7ebe8f017cddc2d6-b.png wh=3840x2160 body=raw open_ms=262.9 page_ms=450.8 to_png_ms=713.7 close_ms=3.6 write_ms=17.9 warnings=0
1791115852013 VERIFY n=156 dims=Some((3840, 2160)) expect=3840x2160 own_files=2 PASS
1791115852188 BROWSER-EXIT n=156 pid=108496 after_return_ms=174.3
1791115855014 PREV-BROWSER n=157 prev_n=156 pid=108496 alive=false
1791115855014 RENDER-START n=157
1791115855638 RENDER-OK n=157 id=157 browser_pid=Some(113980) slot=A path=%TEMP%\fc-repro-leak-20261004-200350\localappdata\tw.fintools.fc-host\wallpaper\m-7ebe8f017cddc2d6-a.png wh=2560x1600 body=raw open_ms=250.2 page_ms=355.6 to_png_ms=605.9 close_ms=2.0 write_ms=16.5 warnings=0
1791115855639 VERIFY n=157 dims=Some((2560, 1600)) expect=2560x1600 own_files=2 PASS
1791115855810 BROWSER-EXIT n=157 pid=113980 after_return_ms=171.2
1791115856639 PREV-BROWSER n=158 prev_n=157 pid=113980 alive=false
1791115856639 RENDER-START n=158
1791115857373 RENDER-OK n=158 id=158 browser_pid=Some(67580) slot=B path=%TEMP%\fc-repro-leak-20261004-200350\localappdata\tw.fintools.fc-host\wallpaper\m-7ebe8f017cddc2d6-b.png wh=3840x2160 body=raw open_ms=261.2 page_ms=451.7 to_png_ms=712.9 close_ms=3.0 write_ms=18.3 warnings=0
1791115857373 VERIFY n=158 dims=Some((3840, 2160)) expect=3840x2160 own_files=2 PASS
1791115857542 BROWSER-EXIT n=158 pid=67580 after_return_ms=169.1
1791115860373 PREV-BROWSER n=159 prev_n=158 pid=67580 alive=false
1791115860373 RENDER-START n=159
1791115860999 RENDER-OK n=159 id=159 browser_pid=Some(102172) slot=A path=%TEMP%\fc-repro-leak-20261004-200350\localappdata\tw.fintools.fc-host\wallpaper\m-7ebe8f017cddc2d6-a.png wh=2560x1600 body=raw open_ms=257.1 page_ms=350.9 to_png_ms=608.0 close_ms=2.6 write_ms=15.2 warnings=0
1791115861000 VERIFY n=159 dims=Some((2560, 1600)) expect=2560x1600 own_files=2 PASS
1791115861172 BROWSER-EXIT n=159 pid=102172 after_return_ms=172.8
1791115861999 PREV-BROWSER n=160 prev_n=159 pid=102172 alive=false
1791115861999 RENDER-START n=160
1791115862735 RENDER-OK n=160 id=160 browser_pid=Some(114016) slot=B path=%TEMP%\fc-repro-leak-20261004-200350\localappdata\tw.fintools.fc-host\wallpaper\m-7ebe8f017cddc2d6-b.png wh=3840x2160 body=raw open_ms=260.5 page_ms=453.4 to_png_ms=713.9 close_ms=2.8 write_ms=18.2 warnings=0
1791115862735 VERIFY n=160 dims=Some((3840, 2160)) expect=3840x2160 own_files=2 PASS
1791115862905 BROWSER-EXIT n=160 pid=114016 after_return_ms=170.6
1791115865735 PREV-BROWSER n=161 prev_n=160 pid=114016 alive=false
1791115865735 RENDER-START n=161
1791115866355 RENDER-OK n=161 id=161 browser_pid=Some(44028) slot=A path=%TEMP%\fc-repro-leak-20261004-200350\localappdata\tw.fintools.fc-host\wallpaper\m-7ebe8f017cddc2d6-a.png wh=2560x1600 body=raw open_ms=257.3 page_ms=350.2 to_png_ms=607.5 close_ms=2.6 write_ms=9.2 warnings=0
1791115866355 VERIFY n=161 dims=Some((2560, 1600)) expect=2560x1600 own_files=2 PASS
1791115866533 BROWSER-EXIT n=161 pid=44028 after_return_ms=178.7
1791115867355 PREV-BROWSER n=162 prev_n=161 pid=44028 alive=false
1791115867355 RENDER-START n=162
1791115868103 RENDER-OK n=162 id=162 browser_pid=Some(71492) slot=B path=%TEMP%\fc-repro-leak-20261004-200350\localappdata\tw.fintools.fc-host\wallpaper\m-7ebe8f017cddc2d6-b.png wh=3840x2160 body=raw open_ms=279.2 page_ms=447.7 to_png_ms=726.8 close_ms=3.0 write_ms=18.1 warnings=0
1791115868103 VERIFY n=162 dims=Some((3840, 2160)) expect=3840x2160 own_files=2 PASS
1791115868278 BROWSER-EXIT n=162 pid=71492 after_return_ms=174.4
1791115871104 PREV-BROWSER n=163 prev_n=162 pid=71492 alive=false
1791115871104 RENDER-START n=163
1791115871736 RENDER-OK n=163 id=163 browser_pid=Some(73348) slot=A path=%TEMP%\fc-repro-leak-20261004-200350\localappdata\tw.fintools.fc-host\wallpaper\m-7ebe8f017cddc2d6-a.png wh=2560x1600 body=raw open_ms=258.9 page_ms=361.4 to_png_ms=620.4 close_ms=2.6 write_ms=9.1 warnings=0
1791115871736 VERIFY n=163 dims=Some((2560, 1600)) expect=2560x1600 own_files=2 PASS
1791115871913 BROWSER-EXIT n=163 pid=73348 after_return_ms=176.9
1791115872736 PREV-BROWSER n=164 prev_n=163 pid=73348 alive=false
1791115872736 RENDER-START n=164
1791115873473 RENDER-OK n=164 id=164 browser_pid=Some(21440) slot=B path=%TEMP%\fc-repro-leak-20261004-200350\localappdata\tw.fintools.fc-host\wallpaper\m-7ebe8f017cddc2d6-b.png wh=3840x2160 body=raw open_ms=259.6 page_ms=456.0 to_png_ms=715.7 close_ms=4.0 write_ms=16.6 warnings=0
1791115873473 VERIFY n=164 dims=Some((3840, 2160)) expect=3840x2160 own_files=2 PASS
1791115873647 BROWSER-EXIT n=164 pid=21440 after_return_ms=173.7
1791115876473 PREV-BROWSER n=165 prev_n=164 pid=21440 alive=false
1791115876473 RENDER-START n=165
1791115877110 RENDER-OK n=165 id=165 browser_pid=Some(94464) slot=A path=%TEMP%\fc-repro-leak-20261004-200350\localappdata\tw.fintools.fc-host\wallpaper\m-7ebe8f017cddc2d6-a.png wh=2560x1600 body=raw open_ms=255.6 page_ms=362.6 to_png_ms=618.2 close_ms=2.1 write_ms=15.7 warnings=0
1791115877110 VERIFY n=165 dims=Some((2560, 1600)) expect=2560x1600 own_files=2 PASS
1791115877284 BROWSER-EXIT n=165 pid=94464 after_return_ms=174.8
1791115878110 PREV-BROWSER n=166 prev_n=165 pid=94464 alive=false
1791115878110 RENDER-START n=166
1791115878840 RENDER-OK n=166 id=166 browser_pid=Some(47988) slot=B path=%TEMP%\fc-repro-leak-20261004-200350\localappdata\tw.fintools.fc-host\wallpaper\m-7ebe8f017cddc2d6-b.png wh=3840x2160 body=raw open_ms=265.6 page_ms=442.8 to_png_ms=708.4 close_ms=3.0 write_ms=18.2 warnings=0
1791115878840 VERIFY n=166 dims=Some((3840, 2160)) expect=3840x2160 own_files=2 PASS
1791115879013 BROWSER-EXIT n=166 pid=47988 after_return_ms=173.0
1791115881840 PREV-BROWSER n=167 prev_n=166 pid=47988 alive=false
1791115881840 RENDER-START n=167
1791115882456 RENDER-OK n=167 id=167 browser_pid=Some(35212) slot=A path=%TEMP%\fc-repro-leak-20261004-200350\localappdata\tw.fintools.fc-host\wallpaper\m-7ebe8f017cddc2d6-a.png wh=2560x1600 body=raw open_ms=258.8 page_ms=338.5 to_png_ms=597.3 close_ms=2.0 write_ms=16.6 warnings=0
1791115882456 VERIFY n=167 dims=Some((2560, 1600)) expect=2560x1600 own_files=2 PASS
1791115882636 BROWSER-EXIT n=167 pid=35212 after_return_ms=179.6
1791115883456 PREV-BROWSER n=168 prev_n=167 pid=35212 alive=false
1791115883456 RENDER-START n=168
1791115884199 RENDER-OK n=168 id=168 browser_pid=Some(114172) slot=B path=%TEMP%\fc-repro-leak-20261004-200350\localappdata\tw.fintools.fc-host\wallpaper\m-7ebe8f017cddc2d6-b.png wh=3840x2160 body=raw open_ms=257.3 page_ms=464.9 to_png_ms=722.2 close_ms=2.9 write_ms=17.5 warnings=0
1791115884199 VERIFY n=168 dims=Some((3840, 2160)) expect=3840x2160 own_files=2 PASS
1791115884383 BROWSER-EXIT n=168 pid=114172 after_return_ms=183.9
1791115887199 PREV-BROWSER n=169 prev_n=168 pid=114172 alive=false
1791115887200 RENDER-START n=169
1791115887831 RENDER-OK n=169 id=169 browser_pid=Some(106664) slot=A path=%TEMP%\fc-repro-leak-20261004-200350\localappdata\tw.fintools.fc-host\wallpaper\m-7ebe8f017cddc2d6-a.png wh=2560x1600 body=raw open_ms=259.7 page_ms=353.7 to_png_ms=613.4 close_ms=2.2 write_ms=15.3 warnings=0
1791115887831 VERIFY n=169 dims=Some((2560, 1600)) expect=2560x1600 own_files=2 PASS
1791115888092 BROWSER-EXIT n=169 pid=106664 after_return_ms=261.5
1791115888831 PREV-BROWSER n=170 prev_n=169 pid=106664 alive=false
1791115888831 RENDER-START n=170
1791115889592 RENDER-OK n=170 id=170 browser_pid=Some(112700) slot=B path=%TEMP%\fc-repro-leak-20261004-200350\localappdata\tw.fintools.fc-host\wallpaper\m-7ebe8f017cddc2d6-b.png wh=3840x2160 body=raw open_ms=298.5 page_ms=442.2 to_png_ms=740.7 close_ms=2.9 write_ms=17.2 warnings=0
1791115889592 VERIFY n=170 dims=Some((3840, 2160)) expect=3840x2160 own_files=2 PASS
1791115889771 BROWSER-EXIT n=170 pid=112700 after_return_ms=179.0
1791115892593 PREV-BROWSER n=171 prev_n=170 pid=112700 alive=false
1791115892593 RENDER-START n=171
1791115893210 RENDER-OK n=171 id=171 browser_pid=Some(69588) slot=A path=%TEMP%\fc-repro-leak-20261004-200350\localappdata\tw.fintools.fc-host\wallpaper\m-7ebe8f017cddc2d6-a.png wh=2560x1600 body=raw open_ms=255.5 page_ms=344.0 to_png_ms=599.6 close_ms=2.2 write_ms=15.9 warnings=0
1791115893211 VERIFY n=171 dims=Some((2560, 1600)) expect=2560x1600 own_files=2 PASS
1791115893389 BROWSER-EXIT n=171 pid=69588 after_return_ms=178.5
1791115894211 PREV-BROWSER n=172 prev_n=171 pid=69588 alive=false
1791115894211 RENDER-START n=172
1791115894935 RENDER-OK n=172 id=172 browser_pid=Some(112860) slot=B path=%TEMP%\fc-repro-leak-20261004-200350\localappdata\tw.fintools.fc-host\wallpaper\m-7ebe8f017cddc2d6-b.png wh=3840x2160 body=raw open_ms=259.6 page_ms=450.1 to_png_ms=709.7 close_ms=2.9 write_ms=11.3 warnings=0
1791115894935 VERIFY n=172 dims=Some((3840, 2160)) expect=3840x2160 own_files=2 PASS
1791115895118 BROWSER-EXIT n=172 pid=112860 after_return_ms=183.4
1791115897935 PREV-BROWSER n=173 prev_n=172 pid=112860 alive=false
1791115897935 RENDER-START n=173
1791115898584 RENDER-OK n=173 id=173 browser_pid=Some(109260) slot=A path=%TEMP%\fc-repro-leak-20261004-200350\localappdata\tw.fintools.fc-host\wallpaper\m-7ebe8f017cddc2d6-a.png wh=2560x1600 body=raw open_ms=258.1 page_ms=372.4 to_png_ms=630.5 close_ms=2.2 write_ms=15.6 warnings=0
1791115898584 VERIFY n=173 dims=Some((2560, 1600)) expect=2560x1600 own_files=2 PASS
1791115898750 BROWSER-EXIT n=173 pid=109260 after_return_ms=166.2
1791115899584 PREV-BROWSER n=174 prev_n=173 pid=109260 alive=false
1791115899584 RENDER-START n=174
1791115900305 RENDER-OK n=174 id=174 browser_pid=Some(108820) slot=B path=%TEMP%\fc-repro-leak-20261004-200350\localappdata\tw.fintools.fc-host\wallpaper\m-7ebe8f017cddc2d6-b.png wh=3840x2160 body=raw open_ms=261.0 page_ms=446.2 to_png_ms=707.1 close_ms=3.0 write_ms=9.9 warnings=0
1791115900305 VERIFY n=174 dims=Some((3840, 2160)) expect=3840x2160 own_files=2 PASS
1791115900486 BROWSER-EXIT n=174 pid=108820 after_return_ms=181.0
1791115903305 PREV-BROWSER n=175 prev_n=174 pid=108820 alive=false
1791115903305 RENDER-START n=175
1791115903945 RENDER-OK n=175 id=175 browser_pid=Some(1164) slot=A path=%TEMP%\fc-repro-leak-20261004-200350\localappdata\tw.fintools.fc-host\wallpaper\m-7ebe8f017cddc2d6-a.png wh=2560x1600 body=raw open_ms=262.7 page_ms=356.4 to_png_ms=619.0 close_ms=2.0 write_ms=18.2 warnings=0
1791115903945 VERIFY n=175 dims=Some((2560, 1600)) expect=2560x1600 own_files=2 PASS
1791115904117 BROWSER-EXIT n=175 pid=1164 after_return_ms=171.9
1791115904945 PREV-BROWSER n=176 prev_n=175 pid=1164 alive=false
1791115904945 RENDER-START n=176
1791115905667 RENDER-OK n=176 id=176 browser_pid=Some(115484) slot=B path=%TEMP%\fc-repro-leak-20261004-200350\localappdata\tw.fintools.fc-host\wallpaper\m-7ebe8f017cddc2d6-b.png wh=3840x2160 body=raw open_ms=259.8 page_ms=447.4 to_png_ms=707.3 close_ms=2.9 write_ms=11.7 warnings=0
1791115905667 VERIFY n=176 dims=Some((3840, 2160)) expect=3840x2160 own_files=2 PASS
1791115905854 BROWSER-EXIT n=176 pid=115484 after_return_ms=186.5
1791115908667 PREV-BROWSER n=177 prev_n=176 pid=115484 alive=false
1791115908667 RENDER-START n=177
1791115909351 RENDER-OK n=177 id=177 browser_pid=Some(20584) slot=A path=%TEMP%\fc-repro-leak-20261004-200350\localappdata\tw.fintools.fc-host\wallpaper\m-7ebe8f017cddc2d6-a.png wh=2560x1600 body=raw open_ms=314.4 page_ms=350.1 to_png_ms=664.5 close_ms=2.0 write_ms=17.0 warnings=0
1791115909351 VERIFY n=177 dims=Some((2560, 1600)) expect=2560x1600 own_files=2 PASS
1791115909517 BROWSER-EXIT n=177 pid=20584 after_return_ms=165.5
1791115910352 PREV-BROWSER n=178 prev_n=177 pid=20584 alive=false
1791115910352 RENDER-START n=178
1791115911078 RENDER-OK n=178 id=178 browser_pid=Some(39720) slot=B path=%TEMP%\fc-repro-leak-20261004-200350\localappdata\tw.fintools.fc-host\wallpaper\m-7ebe8f017cddc2d6-b.png wh=3840x2160 body=raw open_ms=263.3 page_ms=449.0 to_png_ms=712.3 close_ms=2.8 write_ms=10.7 warnings=0
1791115911078 VERIFY n=178 dims=Some((3840, 2160)) expect=3840x2160 own_files=2 PASS
1791115911262 BROWSER-EXIT n=178 pid=39720 after_return_ms=184.4
1791115914078 PREV-BROWSER n=179 prev_n=178 pid=39720 alive=false
1791115914078 RENDER-START n=179
1791115914696 RENDER-OK n=179 id=179 browser_pid=Some(112080) slot=A path=%TEMP%\fc-repro-leak-20261004-200350\localappdata\tw.fintools.fc-host\wallpaper\m-7ebe8f017cddc2d6-a.png wh=2560x1600 body=raw open_ms=263.0 page_ms=335.4 to_png_ms=598.5 close_ms=2.2 write_ms=16.7 warnings=0
1791115914696 VERIFY n=179 dims=Some((2560, 1600)) expect=2560x1600 own_files=2 PASS
1791115914861 BROWSER-EXIT n=179 pid=112080 after_return_ms=165.6
1791115915696 PREV-BROWSER n=180 prev_n=179 pid=112080 alive=false
1791115915696 RENDER-START n=180
1791115916422 RENDER-OK n=180 id=180 browser_pid=Some(96176) slot=B path=%TEMP%\fc-repro-leak-20261004-200350\localappdata\tw.fintools.fc-host\wallpaper\m-7ebe8f017cddc2d6-b.png wh=3840x2160 body=raw open_ms=257.0 page_ms=447.5 to_png_ms=704.6 close_ms=3.0 write_ms=18.3 warnings=0
1791115916423 VERIFY n=180 dims=Some((3840, 2160)) expect=3840x2160 own_files=2 PASS
1791115916602 BROWSER-EXIT n=180 pid=96176 after_return_ms=179.7
1791115919423 PREV-BROWSER n=181 prev_n=180 pid=96176 alive=false
1791115919423 RENDER-START n=181
1791115920040 RENDER-OK n=181 id=181 browser_pid=Some(87692) slot=A path=%TEMP%\fc-repro-leak-20261004-200350\localappdata\tw.fintools.fc-host\wallpaper\m-7ebe8f017cddc2d6-a.png wh=2560x1600 body=raw open_ms=256.2 page_ms=341.6 to_png_ms=597.8 close_ms=2.3 write_ms=16.8 warnings=0
1791115920040 VERIFY n=181 dims=Some((2560, 1600)) expect=2560x1600 own_files=2 PASS
1791115920211 BROWSER-EXIT n=181 pid=87692 after_return_ms=170.9
1791115921040 PREV-BROWSER n=182 prev_n=181 pid=87692 alive=false
1791115921040 RENDER-START n=182
1791115921821 RENDER-OK n=182 id=182 browser_pid=Some(114340) slot=B path=%TEMP%\fc-repro-leak-20261004-200350\localappdata\tw.fintools.fc-host\wallpaper\m-7ebe8f017cddc2d6-b.png wh=3840x2160 body=raw open_ms=319.9 page_ms=440.1 to_png_ms=760.1 close_ms=3.0 write_ms=17.1 warnings=0
1791115921821 VERIFY n=182 dims=Some((3840, 2160)) expect=3840x2160 own_files=2 PASS
1791115921988 BROWSER-EXIT n=182 pid=114340 after_return_ms=167.7
1791115924821 PREV-BROWSER n=183 prev_n=182 pid=114340 alive=false
1791115924821 RENDER-START n=183
1791115925441 RENDER-OK n=183 id=183 browser_pid=Some(76488) slot=A path=%TEMP%\fc-repro-leak-20261004-200350\localappdata\tw.fintools.fc-host\wallpaper\m-7ebe8f017cddc2d6-a.png wh=2560x1600 body=raw open_ms=261.1 page_ms=342.0 to_png_ms=603.1 close_ms=2.0 write_ms=14.8 warnings=0
1791115925442 VERIFY n=183 dims=Some((2560, 1600)) expect=2560x1600 own_files=2 PASS
1791115925620 BROWSER-EXIT n=183 pid=76488 after_return_ms=179.1
1791115926441 PREV-BROWSER n=184 prev_n=183 pid=76488 alive=false
1791115926441 RENDER-START n=184
1791115927163 RENDER-OK n=184 id=184 browser_pid=Some(109404) slot=B path=%TEMP%\fc-repro-leak-20261004-200350\localappdata\tw.fintools.fc-host\wallpaper\m-7ebe8f017cddc2d6-b.png wh=3840x2160 body=raw open_ms=259.4 page_ms=443.0 to_png_ms=702.4 close_ms=3.0 write_ms=16.2 warnings=0
1791115927163 VERIFY n=184 dims=Some((3840, 2160)) expect=3840x2160 own_files=2 PASS
1791115927335 BROWSER-EXIT n=184 pid=109404 after_return_ms=171.5
1791115930164 PREV-BROWSER n=185 prev_n=184 pid=109404 alive=false
1791115930164 RENDER-START n=185
1791115930772 RENDER-OK n=185 id=185 browser_pid=Some(95444) slot=A path=%TEMP%\fc-repro-leak-20261004-200350\localappdata\tw.fintools.fc-host\wallpaper\m-7ebe8f017cddc2d6-a.png wh=2560x1600 body=raw open_ms=255.5 page_ms=340.3 to_png_ms=595.8 close_ms=2.1 write_ms=10.1 warnings=0
1791115930772 VERIFY n=185 dims=Some((2560, 1600)) expect=2560x1600 own_files=2 PASS
1791115930949 BROWSER-EXIT n=185 pid=95444 after_return_ms=177.4
1791115931772 PREV-BROWSER n=186 prev_n=185 pid=95444 alive=false
1791115931772 RENDER-START n=186
1791115932489 RENDER-OK n=186 id=186 browser_pid=Some(45192) slot=B path=%TEMP%\fc-repro-leak-20261004-200350\localappdata\tw.fintools.fc-host\wallpaper\m-7ebe8f017cddc2d6-b.png wh=3840x2160 body=raw open_ms=258.2 page_ms=437.1 to_png_ms=695.3 close_ms=2.9 write_ms=18.4 warnings=0
1791115932489 VERIFY n=186 dims=Some((3840, 2160)) expect=3840x2160 own_files=2 PASS
1791115932662 BROWSER-EXIT n=186 pid=45192 after_return_ms=173.5
1791115935489 PREV-BROWSER n=187 prev_n=186 pid=45192 alive=false
1791115935489 RENDER-START n=187
1791115936124 RENDER-OK n=187 id=187 browser_pid=Some(94436) slot=A path=%TEMP%\fc-repro-leak-20261004-200350\localappdata\tw.fintools.fc-host\wallpaper\m-7ebe8f017cddc2d6-a.png wh=2560x1600 body=raw open_ms=265.8 page_ms=350.7 to_png_ms=616.4 close_ms=2.1 write_ms=15.8 warnings=0
1791115936124 VERIFY n=187 dims=Some((2560, 1600)) expect=2560x1600 own_files=2 PASS
1791115936293 BROWSER-EXIT n=187 pid=94436 after_return_ms=169.2
1791115937124 PREV-BROWSER n=188 prev_n=187 pid=94436 alive=false
1791115937124 RENDER-START n=188
1791115937904 RENDER-OK n=188 id=188 browser_pid=Some(84552) slot=B path=%TEMP%\fc-repro-leak-20261004-200350\localappdata\tw.fintools.fc-host\wallpaper\m-7ebe8f017cddc2d6-b.png wh=3840x2160 body=raw open_ms=330.3 page_ms=429.4 to_png_ms=759.7 close_ms=2.7 write_ms=16.9 warnings=0
1791115937904 VERIFY n=188 dims=Some((3840, 2160)) expect=3840x2160 own_files=2 PASS
1791115938082 BROWSER-EXIT n=188 pid=84552 after_return_ms=178.1
1791115940904 PREV-BROWSER n=189 prev_n=188 pid=84552 alive=false
1791115940904 RENDER-START n=189
1791115941604 RENDER-OK n=189 id=189 browser_pid=Some(110624) slot=A path=%TEMP%\fc-repro-leak-20261004-200350\localappdata\tw.fintools.fc-host\wallpaper\m-7ebe8f017cddc2d6-a.png wh=2560x1600 body=raw open_ms=320.0 page_ms=360.4 to_png_ms=680.4 close_ms=2.3 write_ms=16.5 warnings=0
1791115941604 VERIFY n=189 dims=Some((2560, 1600)) expect=2560x1600 own_files=2 PASS
1791115941784 BROWSER-EXIT n=189 pid=110624 after_return_ms=180.7
1791115942604 PREV-BROWSER n=190 prev_n=189 pid=110624 alive=false
1791115942604 RENDER-START n=190
1791115943351 RENDER-OK n=190 id=190 browser_pid=Some(108280) slot=B path=%TEMP%\fc-repro-leak-20261004-200350\localappdata\tw.fintools.fc-host\wallpaper\m-7ebe8f017cddc2d6-b.png wh=3840x2160 body=raw open_ms=282.7 page_ms=444.7 to_png_ms=727.4 close_ms=3.0 write_ms=16.4 warnings=0
1791115943351 VERIFY n=190 dims=Some((3840, 2160)) expect=3840x2160 own_files=2 PASS
1791115943531 BROWSER-EXIT n=190 pid=108280 after_return_ms=179.9
1791115946351 PREV-BROWSER n=191 prev_n=190 pid=108280 alive=false
1791115946351 RENDER-START n=191
1791115946970 RENDER-OK n=191 id=191 browser_pid=Some(100536) slot=A path=%TEMP%\fc-repro-leak-20261004-200350\localappdata\tw.fintools.fc-host\wallpaper\m-7ebe8f017cddc2d6-a.png wh=2560x1600 body=raw open_ms=258.5 page_ms=341.9 to_png_ms=600.5 close_ms=2.1 write_ms=16.1 warnings=0
1791115946971 VERIFY n=191 dims=Some((2560, 1600)) expect=2560x1600 own_files=2 PASS
1791115947147 BROWSER-EXIT n=191 pid=100536 after_return_ms=176.6
1791115947970 PREV-BROWSER n=192 prev_n=191 pid=100536 alive=false
1791115947970 RENDER-START n=192
1791115948750 RENDER-OK n=192 id=192 browser_pid=Some(8240) slot=B path=%TEMP%\fc-repro-leak-20261004-200350\localappdata\tw.fintools.fc-host\wallpaper\m-7ebe8f017cddc2d6-b.png wh=3840x2160 body=raw open_ms=314.7 page_ms=443.2 to_png_ms=757.8 close_ms=3.0 write_ms=18.2 warnings=0
1791115948750 VERIFY n=192 dims=Some((3840, 2160)) expect=3840x2160 own_files=2 PASS
1791115948925 BROWSER-EXIT n=192 pid=8240 after_return_ms=175.6
1791115951750 PREV-BROWSER n=193 prev_n=192 pid=8240 alive=false
1791115951750 RENDER-START n=193
1791115952503 RENDER-OK n=193 id=193 browser_pid=Some(55920) slot=A path=%TEMP%\fc-repro-leak-20261004-200350\localappdata\tw.fintools.fc-host\wallpaper\m-7ebe8f017cddc2d6-a.png wh=2560x1600 body=raw open_ms=385.5 page_ms=350.1 to_png_ms=735.6 close_ms=1.9 write_ms=16.0 warnings=0
1791115952504 VERIFY n=193 dims=Some((2560, 1600)) expect=2560x1600 own_files=2 PASS
1791115952682 BROWSER-EXIT n=193 pid=55920 after_return_ms=178.6
1791115953503 PREV-BROWSER n=194 prev_n=193 pid=55920 alive=false
1791115953504 RENDER-START n=194
1791115954356 RENDER-OK n=194 id=194 browser_pid=Some(66832) slot=B path=%TEMP%\fc-repro-leak-20261004-200350\localappdata\tw.fintools.fc-host\wallpaper\m-7ebe8f017cddc2d6-b.png wh=3840x2160 body=raw open_ms=379.8 page_ms=457.5 to_png_ms=837.3 close_ms=2.9 write_ms=11.5 warnings=0
1791115954356 VERIFY n=194 dims=Some((3840, 2160)) expect=3840x2160 own_files=2 PASS
1791115954538 BROWSER-EXIT n=194 pid=66832 after_return_ms=182.1
1791115957356 PREV-BROWSER n=195 prev_n=194 pid=66832 alive=false
1791115957356 RENDER-START n=195
1791115957981 RENDER-OK n=195 id=195 browser_pid=Some(115644) slot=A path=%TEMP%\fc-repro-leak-20261004-200350\localappdata\tw.fintools.fc-host\wallpaper\m-7ebe8f017cddc2d6-a.png wh=2560x1600 body=raw open_ms=253.9 page_ms=354.2 to_png_ms=608.1 close_ms=2.2 write_ms=14.4 warnings=0
1791115957981 VERIFY n=195 dims=Some((2560, 1600)) expect=2560x1600 own_files=2 PASS
1791115958152 BROWSER-EXIT n=195 pid=115644 after_return_ms=171.3
1791115958981 PREV-BROWSER n=196 prev_n=195 pid=115644 alive=false
1791115958981 RENDER-START n=196
1791115959715 RENDER-OK n=196 id=196 browser_pid=Some(115308) slot=B path=%TEMP%\fc-repro-leak-20261004-200350\localappdata\tw.fintools.fc-host\wallpaper\m-7ebe8f017cddc2d6-b.png wh=3840x2160 body=raw open_ms=255.5 page_ms=457.4 to_png_ms=712.9 close_ms=3.2 write_ms=18.1 warnings=0
1791115959716 VERIFY n=196 dims=Some((3840, 2160)) expect=3840x2160 own_files=2 PASS
1791115959889 BROWSER-EXIT n=196 pid=115308 after_return_ms=173.1
1791115962716 PREV-BROWSER n=197 prev_n=196 pid=115308 alive=false
1791115962716 RENDER-START n=197
1791115963346 RENDER-OK n=197 id=197 browser_pid=Some(110332) slot=A path=%TEMP%\fc-repro-leak-20261004-200350\localappdata\tw.fintools.fc-host\wallpaper\m-7ebe8f017cddc2d6-a.png wh=2560x1600 body=raw open_ms=263.1 page_ms=346.5 to_png_ms=609.6 close_ms=2.1 write_ms=17.6 warnings=0
1791115963346 VERIFY n=197 dims=Some((2560, 1600)) expect=2560x1600 own_files=2 PASS
1791115963515 BROWSER-EXIT n=197 pid=110332 after_return_ms=169.8
1791115964346 PREV-BROWSER n=198 prev_n=197 pid=110332 alive=false
1791115964346 RENDER-START n=198
1791115965080 RENDER-OK n=198 id=198 browser_pid=Some(113452) slot=B path=%TEMP%\fc-repro-leak-20261004-200350\localappdata\tw.fintools.fc-host\wallpaper\m-7ebe8f017cddc2d6-b.png wh=3840x2160 body=raw open_ms=250.0 page_ms=457.0 to_png_ms=706.9 close_ms=3.2 write_ms=23.8 warnings=0
1791115965080 VERIFY n=198 dims=Some((3840, 2160)) expect=3840x2160 own_files=2 PASS
1791115965247 BROWSER-EXIT n=198 pid=113452 after_return_ms=166.9
1791115968080 PREV-BROWSER n=199 prev_n=198 pid=113452 alive=false
1791115968080 RENDER-START n=199
1791115968717 RENDER-OK n=199 id=199 browser_pid=Some(54220) slot=A path=%TEMP%\fc-repro-leak-20261004-200350\localappdata\tw.fintools.fc-host\wallpaper\m-7ebe8f017cddc2d6-a.png wh=2560x1600 body=raw open_ms=258.8 page_ms=359.0 to_png_ms=617.8 close_ms=2.1 write_ms=17.0 warnings=0
1791115968717 VERIFY n=199 dims=Some((2560, 1600)) expect=2560x1600 own_files=2 PASS
1791115968891 BROWSER-EXIT n=199 pid=54220 after_return_ms=174.0
1791115969717 PREV-BROWSER n=200 prev_n=199 pid=54220 alive=false
1791115969717 RENDER-START n=200
1791115970457 RENDER-OK n=200 id=200 browser_pid=Some(114384) slot=B path=%TEMP%\fc-repro-leak-20261004-200350\localappdata\tw.fintools.fc-host\wallpaper\m-7ebe8f017cddc2d6-b.png wh=3840x2160 body=raw open_ms=257.8 page_ms=461.1 to_png_ms=718.9 close_ms=3.3 write_ms=17.3 warnings=0
1791115970457 VERIFY n=200 dims=Some((3840, 2160)) expect=3840x2160 own_files=2 PASS
1791115970626 BROWSER-EXIT n=200 pid=114384 after_return_ms=169.2
1791115973457 PREV-BROWSER n=201 prev_n=200 pid=114384 alive=false
1791115973457 RENDER-START n=201
1791115974149 RENDER-OK n=201 id=201 browser_pid=Some(64284) slot=A path=%TEMP%\fc-repro-leak-20261004-200350\localappdata\tw.fintools.fc-host\wallpaper\m-7ebe8f017cddc2d6-a.png wh=2560x1600 body=raw open_ms=317.0 page_ms=362.9 to_png_ms=679.8 close_ms=2.0 write_ms=10.2 warnings=0
1791115974150 VERIFY n=201 dims=Some((2560, 1600)) expect=2560x1600 own_files=2 PASS
1791115974327 BROWSER-EXIT n=201 pid=64284 after_return_ms=177.4
1791115975149 PREV-BROWSER n=202 prev_n=201 pid=64284 alive=false
1791115975150 RENDER-START n=202
1791115975873 RENDER-OK n=202 id=202 browser_pid=Some(76780) slot=B path=%TEMP%\fc-repro-leak-20261004-200350\localappdata\tw.fintools.fc-host\wallpaper\m-7ebe8f017cddc2d6-b.png wh=3840x2160 body=raw open_ms=256.7 page_ms=445.5 to_png_ms=702.2 close_ms=2.9 write_ms=18.4 warnings=0
1791115975874 VERIFY n=202 dims=Some((3840, 2160)) expect=3840x2160 own_files=2 PASS
1791115976047 BROWSER-EXIT n=202 pid=76780 after_return_ms=173.2
1791115978874 PREV-BROWSER n=203 prev_n=202 pid=76780 alive=false
1791115978874 RENDER-START n=203
1791115979489 RENDER-OK n=203 id=203 browser_pid=Some(109756) slot=A path=%TEMP%\fc-repro-leak-20261004-200350\localappdata\tw.fintools.fc-host\wallpaper\m-7ebe8f017cddc2d6-a.png wh=2560x1600 body=raw open_ms=257.2 page_ms=347.2 to_png_ms=604.4 close_ms=2.0 write_ms=8.6 warnings=0
1791115979489 VERIFY n=203 dims=Some((2560, 1600)) expect=2560x1600 own_files=2 PASS
1791115979664 BROWSER-EXIT n=203 pid=109756 after_return_ms=175.4
1791115980489 PREV-BROWSER n=204 prev_n=203 pid=109756 alive=false
1791115980489 RENDER-START n=204
1791115981202 RENDER-OK n=204 id=204 browser_pid=Some(57012) slot=B path=%TEMP%\fc-repro-leak-20261004-200350\localappdata\tw.fintools.fc-host\wallpaper\m-7ebe8f017cddc2d6-b.png wh=3840x2160 body=raw open_ms=253.4 page_ms=446.0 to_png_ms=699.4 close_ms=2.8 write_ms=10.1 warnings=0
1791115981202 VERIFY n=204 dims=Some((3840, 2160)) expect=3840x2160 own_files=2 PASS
1791115981393 BROWSER-EXIT n=204 pid=57012 after_return_ms=190.7
1791115984203 PREV-BROWSER n=205 prev_n=204 pid=57012 alive=false
1791115984203 RENDER-START n=205
1791115984816 RENDER-OK n=205 id=205 browser_pid=Some(111048) slot=A path=%TEMP%\fc-repro-leak-20261004-200350\localappdata\tw.fintools.fc-host\wallpaper\m-7ebe8f017cddc2d6-a.png wh=2560x1600 body=raw open_ms=254.6 page_ms=341.0 to_png_ms=595.6 close_ms=2.1 write_ms=15.2 warnings=0
1791115984816 VERIFY n=205 dims=Some((2560, 1600)) expect=2560x1600 own_files=2 PASS
1791115984998 BROWSER-EXIT n=205 pid=111048 after_return_ms=182.0
1791115985816 PREV-BROWSER n=206 prev_n=205 pid=111048 alive=false
1791115985816 RENDER-START n=206
1791115986537 RENDER-OK n=206 id=206 browser_pid=Some(114100) slot=B path=%TEMP%\fc-repro-leak-20261004-200350\localappdata\tw.fintools.fc-host\wallpaper\m-7ebe8f017cddc2d6-b.png wh=3840x2160 body=raw open_ms=260.9 page_ms=438.9 to_png_ms=699.8 close_ms=3.1 write_ms=17.7 warnings=0
1791115986537 VERIFY n=206 dims=Some((3840, 2160)) expect=3840x2160 own_files=2 PASS
1791115986710 BROWSER-EXIT n=206 pid=114100 after_return_ms=173.0
1791115989537 PREV-BROWSER n=207 prev_n=206 pid=114100 alive=false
1791115989537 RENDER-START n=207
1791115990181 RENDER-OK n=207 id=207 browser_pid=Some(95132) slot=A path=%TEMP%\fc-repro-leak-20261004-200350\localappdata\tw.fintools.fc-host\wallpaper\m-7ebe8f017cddc2d6-a.png wh=2560x1600 body=raw open_ms=275.8 page_ms=348.4 to_png_ms=624.2 close_ms=2.2 write_ms=17.2 warnings=0
1791115990181 VERIFY n=207 dims=Some((2560, 1600)) expect=2560x1600 own_files=2 PASS
1791115990356 BROWSER-EXIT n=207 pid=95132 after_return_ms=175.6
1791115991181 PREV-BROWSER n=208 prev_n=207 pid=95132 alive=false
1791115991181 RENDER-START n=208
1791115991910 RENDER-OK n=208 id=208 browser_pid=Some(46636) slot=B path=%TEMP%\fc-repro-leak-20261004-200350\localappdata\tw.fintools.fc-host\wallpaper\m-7ebe8f017cddc2d6-b.png wh=3840x2160 body=raw open_ms=262.8 page_ms=448.7 to_png_ms=711.5 close_ms=2.8 write_ms=14.1 warnings=0
1791115991910 VERIFY n=208 dims=Some((3840, 2160)) expect=3840x2160 own_files=2 PASS
1791115992086 BROWSER-EXIT n=208 pid=46636 after_return_ms=176.4
1791115994910 PREV-BROWSER n=209 prev_n=208 pid=46636 alive=false
1791115994911 RENDER-START n=209
1791115995524 RENDER-OK n=209 id=209 browser_pid=Some(113012) slot=A path=%TEMP%\fc-repro-leak-20261004-200350\localappdata\tw.fintools.fc-host\wallpaper\m-7ebe8f017cddc2d6-a.png wh=2560x1600 body=raw open_ms=253.5 page_ms=341.2 to_png_ms=594.7 close_ms=2.0 write_ms=16.3 warnings=0
1791115995524 VERIFY n=209 dims=Some((2560, 1600)) expect=2560x1600 own_files=2 PASS
1791115995689 BROWSER-EXIT n=209 pid=113012 after_return_ms=165.2
1791115996524 PREV-BROWSER n=210 prev_n=209 pid=113012 alive=false
1791115996524 RENDER-START n=210
1791115997254 RENDER-OK n=210 id=210 browser_pid=Some(72124) slot=B path=%TEMP%\fc-repro-leak-20261004-200350\localappdata\tw.fintools.fc-host\wallpaper\m-7ebe8f017cddc2d6-b.png wh=3840x2160 body=raw open_ms=254.7 page_ms=456.3 to_png_ms=711.0 close_ms=2.8 write_ms=16.3 warnings=0
1791115997255 VERIFY n=210 dims=Some((3840, 2160)) expect=3840x2160 own_files=2 PASS
1791115997435 BROWSER-EXIT n=210 pid=72124 after_return_ms=180.2
1791116000255 PREV-BROWSER n=211 prev_n=210 pid=72124 alive=false
1791116000255 RENDER-START n=211
1791116000880 RENDER-OK n=211 id=211 browser_pid=Some(111444) slot=A path=%TEMP%\fc-repro-leak-20261004-200350\localappdata\tw.fintools.fc-host\wallpaper\m-7ebe8f017cddc2d6-a.png wh=2560x1600 body=raw open_ms=250.9 page_ms=356.1 to_png_ms=607.0 close_ms=2.1 write_ms=16.2 warnings=0
1791116000880 VERIFY n=211 dims=Some((2560, 1600)) expect=2560x1600 own_files=2 PASS
1791116001047 BROWSER-EXIT n=211 pid=111444 after_return_ms=167.1
1791116001881 PREV-BROWSER n=212 prev_n=211 pid=111444 alive=false
1791116001881 RENDER-START n=212
1791116002594 RENDER-OK n=212 id=212 browser_pid=Some(100284) slot=B path=%TEMP%\fc-repro-leak-20261004-200350\localappdata\tw.fintools.fc-host\wallpaper\m-7ebe8f017cddc2d6-b.png wh=3840x2160 body=raw open_ms=254.6 page_ms=438.8 to_png_ms=693.5 close_ms=2.7 write_ms=17.1 warnings=0
1791116002594 VERIFY n=212 dims=Some((3840, 2160)) expect=3840x2160 own_files=2 PASS
1791116002769 BROWSER-EXIT n=212 pid=100284 after_return_ms=174.9
1791116005594 PREV-BROWSER n=213 prev_n=212 pid=100284 alive=false
1791116005594 RENDER-START n=213
1791116006211 RENDER-OK n=213 id=213 browser_pid=Some(97412) slot=A path=%TEMP%\fc-repro-leak-20261004-200350\localappdata\tw.fintools.fc-host\wallpaper\m-7ebe8f017cddc2d6-a.png wh=2560x1600 body=raw open_ms=252.8 page_ms=344.4 to_png_ms=597.3 close_ms=2.2 write_ms=16.8 warnings=0
1791116006211 VERIFY n=213 dims=Some((2560, 1600)) expect=2560x1600 own_files=2 PASS
1791116006397 BROWSER-EXIT n=213 pid=97412 after_return_ms=186.2
1791116007211 PREV-BROWSER n=214 prev_n=213 pid=97412 alive=false
1791116007211 RENDER-START n=214
1791116007934 RENDER-OK n=214 id=214 browser_pid=Some(115596) slot=B path=%TEMP%\fc-repro-leak-20261004-200350\localappdata\tw.fintools.fc-host\wallpaper\m-7ebe8f017cddc2d6-b.png wh=3840x2160 body=raw open_ms=255.9 page_ms=446.5 to_png_ms=702.5 close_ms=3.2 write_ms=16.6 warnings=0
1791116007934 VERIFY n=214 dims=Some((3840, 2160)) expect=3840x2160 own_files=2 PASS
1791116008109 BROWSER-EXIT n=214 pid=115596 after_return_ms=175.3
1791116010934 PREV-BROWSER n=215 prev_n=214 pid=115596 alive=false
1791116010934 RENDER-START n=215
1791116011542 RENDER-OK n=215 id=215 browser_pid=Some(115704) slot=A path=%TEMP%\fc-repro-leak-20261004-200350\localappdata\tw.fintools.fc-host\wallpaper\m-7ebe8f017cddc2d6-a.png wh=2560x1600 body=raw open_ms=260.1 page_ms=337.2 to_png_ms=597.3 close_ms=1.9 write_ms=8.1 warnings=0
1791116011542 VERIFY n=215 dims=Some((2560, 1600)) expect=2560x1600 own_files=2 PASS
1791116011735 BROWSER-EXIT n=215 pid=115704 after_return_ms=193.8
1791116012542 PREV-BROWSER n=216 prev_n=215 pid=115704 alive=false
1791116012542 RENDER-START n=216
1791116013260 RENDER-OK n=216 id=216 browser_pid=Some(114876) slot=B path=%TEMP%\fc-repro-leak-20261004-200350\localappdata\tw.fintools.fc-host\wallpaper\m-7ebe8f017cddc2d6-b.png wh=3840x2160 body=raw open_ms=254.1 page_ms=443.3 to_png_ms=697.4 close_ms=2.8 write_ms=17.4 warnings=0
1791116013260 VERIFY n=216 dims=Some((3840, 2160)) expect=3840x2160 own_files=2 PASS
1791116013440 BROWSER-EXIT n=216 pid=114876 after_return_ms=179.8
1791116016260 PREV-BROWSER n=217 prev_n=216 pid=114876 alive=false
1791116016260 RENDER-START n=217
1791116016943 RENDER-OK n=217 id=217 browser_pid=Some(115236) slot=A path=%TEMP%\fc-repro-leak-20261004-200350\localappdata\tw.fintools.fc-host\wallpaper\m-7ebe8f017cddc2d6-a.png wh=2560x1600 body=raw open_ms=322.2 page_ms=343.4 to_png_ms=665.6 close_ms=2.2 write_ms=14.8 warnings=0
1791116016943 VERIFY n=217 dims=Some((2560, 1600)) expect=2560x1600 own_files=2 PASS
1791116017112 BROWSER-EXIT n=217 pid=115236 after_return_ms=169.4
1791116017943 PREV-BROWSER n=218 prev_n=217 pid=115236 alive=false
1791116017943 RENDER-START n=218
1791116018672 RENDER-OK n=218 id=218 browser_pid=Some(93520) slot=B path=%TEMP%\fc-repro-leak-20261004-200350\localappdata\tw.fintools.fc-host\wallpaper\m-7ebe8f017cddc2d6-b.png wh=3840x2160 body=raw open_ms=260.0 page_ms=448.5 to_png_ms=708.4 close_ms=2.9 write_ms=16.9 warnings=0
1791116018672 VERIFY n=218 dims=Some((3840, 2160)) expect=3840x2160 own_files=2 PASS
1791116018847 BROWSER-EXIT n=218 pid=93520 after_return_ms=175.8
1791116021672 PREV-BROWSER n=219 prev_n=218 pid=93520 alive=false
1791116021672 RENDER-START n=219
1791116022292 RENDER-OK n=219 id=219 browser_pid=Some(92768) slot=A path=%TEMP%\fc-repro-leak-20261004-200350\localappdata\tw.fintools.fc-host\wallpaper\m-7ebe8f017cddc2d6-a.png wh=2560x1600 body=raw open_ms=258.5 page_ms=349.9 to_png_ms=608.3 close_ms=2.1 write_ms=9.2 warnings=0
1791116022292 VERIFY n=219 dims=Some((2560, 1600)) expect=2560x1600 own_files=2 PASS
1791116022467 BROWSER-EXIT n=219 pid=92768 after_return_ms=175.6
1791116023292 PREV-BROWSER n=220 prev_n=219 pid=92768 alive=false
1791116023292 RENDER-START n=220
1791116024009 RENDER-OK n=220 id=220 browser_pid=Some(82104) slot=B path=%TEMP%\fc-repro-leak-20261004-200350\localappdata\tw.fintools.fc-host\wallpaper\m-7ebe8f017cddc2d6-b.png wh=3840x2160 body=raw open_ms=257.2 page_ms=437.5 to_png_ms=694.7 close_ms=3.4 write_ms=18.4 warnings=0
1791116024009 VERIFY n=220 dims=Some((3840, 2160)) expect=3840x2160 own_files=2 PASS
1791116024187 BROWSER-EXIT n=220 pid=82104 after_return_ms=177.4
1791116027010 PREV-BROWSER n=221 prev_n=220 pid=82104 alive=false
1791116027010 RENDER-START n=221
1791116027637 RENDER-OK n=221 id=221 browser_pid=Some(114976) slot=A path=%TEMP%\fc-repro-leak-20261004-200350\localappdata\tw.fintools.fc-host\wallpaper\m-7ebe8f017cddc2d6-a.png wh=2560x1600 body=raw open_ms=253.8 page_ms=354.7 to_png_ms=608.5 close_ms=2.0 write_ms=17.0 warnings=0
1791116027638 VERIFY n=221 dims=Some((2560, 1600)) expect=2560x1600 own_files=2 PASS
1791116027803 BROWSER-EXIT n=221 pid=114976 after_return_ms=165.7
1791116028638 PREV-BROWSER n=222 prev_n=221 pid=114976 alive=false
1791116028638 RENDER-START n=222
1791116029361 RENDER-OK n=222 id=222 browser_pid=Some(100180) slot=B path=%TEMP%\fc-repro-leak-20261004-200350\localappdata\tw.fintools.fc-host\wallpaper\m-7ebe8f017cddc2d6-b.png wh=3840x2160 body=raw open_ms=260.0 page_ms=442.5 to_png_ms=702.4 close_ms=3.3 write_ms=17.4 warnings=0
1791116029362 VERIFY n=222 dims=Some((3840, 2160)) expect=3840x2160 own_files=2 PASS
1791116029534 BROWSER-EXIT n=222 pid=100180 after_return_ms=172.7
1791116032362 PREV-BROWSER n=223 prev_n=222 pid=100180 alive=false
1791116032362 RENDER-START n=223
1791116032989 RENDER-OK n=223 id=223 browser_pid=Some(56068) slot=A path=%TEMP%\fc-repro-leak-20261004-200350\localappdata\tw.fintools.fc-host\wallpaper\m-7ebe8f017cddc2d6-a.png wh=2560x1600 body=raw open_ms=261.2 page_ms=353.8 to_png_ms=615.0 close_ms=2.0 write_ms=10.0 warnings=0
1791116032989 VERIFY n=223 dims=Some((2560, 1600)) expect=2560x1600 own_files=2 PASS
1791116033173 BROWSER-EXIT n=223 pid=56068 after_return_ms=184.4
1791116033989 PREV-BROWSER n=224 prev_n=223 pid=56068 alive=false
1791116033989 RENDER-START n=224
1791116034707 RENDER-OK n=224 id=224 browser_pid=Some(9948) slot=B path=%TEMP%\fc-repro-leak-20261004-200350\localappdata\tw.fintools.fc-host\wallpaper\m-7ebe8f017cddc2d6-b.png wh=3840x2160 body=raw open_ms=251.3 page_ms=446.0 to_png_ms=697.3 close_ms=2.9 write_ms=17.0 warnings=0
1791116034707 VERIFY n=224 dims=Some((3840, 2160)) expect=3840x2160 own_files=2 PASS
1791116034876 BROWSER-EXIT n=224 pid=9948 after_return_ms=169.2
1791116037707 PREV-BROWSER n=225 prev_n=224 pid=9948 alive=false
1791116037707 RENDER-START n=225
1791116038336 RENDER-OK n=225 id=225 browser_pid=Some(100048) slot=A path=%TEMP%\fc-repro-leak-20261004-200350\localappdata\tw.fintools.fc-host\wallpaper\m-7ebe8f017cddc2d6-a.png wh=2560x1600 body=raw open_ms=258.6 page_ms=351.2 to_png_ms=609.8 close_ms=2.2 write_ms=17.1 warnings=0
1791116038337 VERIFY n=225 dims=Some((2560, 1600)) expect=2560x1600 own_files=2 PASS
1791116038502 BROWSER-EXIT n=225 pid=100048 after_return_ms=165.6
1791116039337 PREV-BROWSER n=226 prev_n=225 pid=100048 alive=false
1791116039337 RENDER-START n=226
1791116040147 RENDER-OK n=226 id=226 browser_pid=Some(113616) slot=B path=%TEMP%\fc-repro-leak-20261004-200350\localappdata\tw.fintools.fc-host\wallpaper\m-7ebe8f017cddc2d6-b.png wh=3840x2160 body=raw open_ms=320.9 page_ms=468.8 to_png_ms=789.8 close_ms=2.9 write_ms=16.8 warnings=0
1791116040147 VERIFY n=226 dims=Some((3840, 2160)) expect=3840x2160 own_files=2 PASS
1791116040321 BROWSER-EXIT n=226 pid=113616 after_return_ms=174.7
1791116043147 PREV-BROWSER n=227 prev_n=226 pid=113616 alive=false
1791116043147 RENDER-START n=227
1791116043794 RENDER-OK n=227 id=227 browser_pid=Some(114684) slot=A path=%TEMP%\fc-repro-leak-20261004-200350\localappdata\tw.fintools.fc-host\wallpaper\m-7ebe8f017cddc2d6-a.png wh=2560x1600 body=raw open_ms=265.1 page_ms=364.1 to_png_ms=629.2 close_ms=2.3 write_ms=15.5 warnings=0
1791116043794 VERIFY n=227 dims=Some((2560, 1600)) expect=2560x1600 own_files=2 PASS
1791116043965 BROWSER-EXIT n=227 pid=114684 after_return_ms=170.8
1791116044794 PREV-BROWSER n=228 prev_n=227 pid=114684 alive=false
1791116044795 RENDER-START n=228
1791116045591 RENDER-OK n=228 id=228 browser_pid=Some(109636) slot=B path=%TEMP%\fc-repro-leak-20261004-200350\localappdata\tw.fintools.fc-host\wallpaper\m-7ebe8f017cddc2d6-b.png wh=3840x2160 body=raw open_ms=323.9 page_ms=451.9 to_png_ms=775.8 close_ms=3.0 write_ms=17.8 warnings=0
1791116045592 VERIFY n=228 dims=Some((3840, 2160)) expect=3840x2160 own_files=2 PASS
1791116045771 BROWSER-EXIT n=228 pid=109636 after_return_ms=179.5
1791116048591 PREV-BROWSER n=229 prev_n=228 pid=109636 alive=false
1791116048592 RENDER-START n=229
1791116049226 RENDER-OK n=229 id=229 browser_pid=Some(89912) slot=A path=%TEMP%\fc-repro-leak-20261004-200350\localappdata\tw.fintools.fc-host\wallpaper\m-7ebe8f017cddc2d6-a.png wh=2560x1600 body=raw open_ms=261.5 page_ms=354.2 to_png_ms=615.7 close_ms=2.6 write_ms=15.8 warnings=0
1791116049226 VERIFY n=229 dims=Some((2560, 1600)) expect=2560x1600 own_files=2 PASS
1791116049401 BROWSER-EXIT n=229 pid=89912 after_return_ms=174.8
1791116050226 PREV-BROWSER n=230 prev_n=229 pid=89912 alive=false
1791116050226 RENDER-START n=230
1791116051009 RENDER-OK n=230 id=230 browser_pid=Some(112056) slot=B path=%TEMP%\fc-repro-leak-20261004-200350\localappdata\tw.fintools.fc-host\wallpaper\m-7ebe8f017cddc2d6-b.png wh=3840x2160 body=raw open_ms=299.3 page_ms=461.9 to_png_ms=761.3 close_ms=3.4 write_ms=18.5 warnings=0
1791116051009 VERIFY n=230 dims=Some((3840, 2160)) expect=3840x2160 own_files=2 PASS
1791116051176 BROWSER-EXIT n=230 pid=112056 after_return_ms=166.6
1791116054010 PREV-BROWSER n=231 prev_n=230 pid=112056 alive=false
1791116054010 RENDER-START n=231
1791116054643 RENDER-OK n=231 id=231 browser_pid=Some(17816) slot=A path=%TEMP%\fc-repro-leak-20261004-200350\localappdata\tw.fintools.fc-host\wallpaper\m-7ebe8f017cddc2d6-a.png wh=2560x1600 body=raw open_ms=257.0 page_ms=358.2 to_png_ms=615.2 close_ms=2.7 write_ms=15.4 warnings=0
1791116054643 VERIFY n=231 dims=Some((2560, 1600)) expect=2560x1600 own_files=2 PASS
1791116054828 BROWSER-EXIT n=231 pid=17816 after_return_ms=185.3
1791116055644 PREV-BROWSER n=232 prev_n=231 pid=17816 alive=false
1791116055644 RENDER-START n=232
1791116056391 RENDER-OK n=232 id=232 browser_pid=Some(21276) slot=B path=%TEMP%\fc-repro-leak-20261004-200350\localappdata\tw.fintools.fc-host\wallpaper\m-7ebe8f017cddc2d6-b.png wh=3840x2160 body=raw open_ms=258.6 page_ms=465.1 to_png_ms=723.6 close_ms=3.9 write_ms=19.2 warnings=0
1791116056391 VERIFY n=232 dims=Some((3840, 2160)) expect=3840x2160 own_files=2 PASS
1791116056560 BROWSER-EXIT n=232 pid=21276 after_return_ms=169.0
1791116059391 PREV-BROWSER n=233 prev_n=232 pid=21276 alive=false
1791116059391 RENDER-START n=233
1791116060034 RENDER-OK n=233 id=233 browser_pid=Some(115592) slot=A path=%TEMP%\fc-repro-leak-20261004-200350\localappdata\tw.fintools.fc-host\wallpaper\m-7ebe8f017cddc2d6-a.png wh=2560x1600 body=raw open_ms=270.1 page_ms=353.4 to_png_ms=623.5 close_ms=2.1 write_ms=16.6 warnings=0
1791116060034 VERIFY n=233 dims=Some((2560, 1600)) expect=2560x1600 own_files=2 PASS
1791116060217 BROWSER-EXIT n=233 pid=115592 after_return_ms=183.1
1791116061034 PREV-BROWSER n=234 prev_n=233 pid=115592 alive=false
1791116061034 RENDER-START n=234
1791116061763 RENDER-OK n=234 id=234 browser_pid=Some(4864) slot=B path=%TEMP%\fc-repro-leak-20261004-200350\localappdata\tw.fintools.fc-host\wallpaper\m-7ebe8f017cddc2d6-b.png wh=3840x2160 body=raw open_ms=257.0 page_ms=450.3 to_png_ms=707.4 close_ms=4.1 write_ms=17.5 warnings=0
1791116061764 VERIFY n=234 dims=Some((3840, 2160)) expect=3840x2160 own_files=2 PASS
1791116061934 BROWSER-EXIT n=234 pid=4864 after_return_ms=171.2
1791116064764 PREV-BROWSER n=235 prev_n=234 pid=4864 alive=false
1791116064764 RENDER-START n=235
1791116065397 RENDER-OK n=235 id=235 browser_pid=Some(71412) slot=A path=%TEMP%\fc-repro-leak-20261004-200350\localappdata\tw.fintools.fc-host\wallpaper\m-7ebe8f017cddc2d6-a.png wh=2560x1600 body=raw open_ms=259.2 page_ms=355.7 to_png_ms=615.0 close_ms=2.6 write_ms=15.9 warnings=0
1791116065398 VERIFY n=235 dims=Some((2560, 1600)) expect=2560x1600 own_files=2 PASS
1791116065569 BROWSER-EXIT n=235 pid=71412 after_return_ms=171.2
1791116066398 PREV-BROWSER n=236 prev_n=235 pid=71412 alive=false
1791116066398 RENDER-START n=236
1791116067196 RENDER-OK n=236 id=236 browser_pid=Some(115000) slot=B path=%TEMP%\fc-repro-leak-20261004-200350\localappdata\tw.fintools.fc-host\wallpaper\m-7ebe8f017cddc2d6-b.png wh=3840x2160 body=raw open_ms=318.9 page_ms=459.1 to_png_ms=777.9 close_ms=2.9 write_ms=17.5 warnings=0
1791116067197 VERIFY n=236 dims=Some((3840, 2160)) expect=3840x2160 own_files=2 PASS
1791116067383 BROWSER-EXIT n=236 pid=115000 after_return_ms=186.5
1791116070197 PREV-BROWSER n=237 prev_n=236 pid=115000 alive=false
1791116070197 RENDER-START n=237
1791116070836 RENDER-OK n=237 id=237 browser_pid=Some(102724) slot=A path=%TEMP%\fc-repro-leak-20261004-200350\localappdata\tw.fintools.fc-host\wallpaper\m-7ebe8f017cddc2d6-a.png wh=2560x1600 body=raw open_ms=270.1 page_ms=351.0 to_png_ms=621.2 close_ms=2.1 write_ms=15.7 warnings=0
1791116070836 VERIFY n=237 dims=Some((2560, 1600)) expect=2560x1600 own_files=2 PASS
1791116071005 BROWSER-EXIT n=237 pid=102724 after_return_ms=168.5
1791116071836 PREV-BROWSER n=238 prev_n=237 pid=102724 alive=false
1791116071836 RENDER-START n=238
1791116072612 RENDER-OK n=238 id=238 browser_pid=Some(28060) slot=B path=%TEMP%\fc-repro-leak-20261004-200350\localappdata\tw.fintools.fc-host\wallpaper\m-7ebe8f017cddc2d6-b.png wh=3840x2160 body=raw open_ms=297.6 page_ms=455.2 to_png_ms=752.8 close_ms=3.1 write_ms=19.2 warnings=0
1791116072612 VERIFY n=238 dims=Some((3840, 2160)) expect=3840x2160 own_files=2 PASS
1791116072781 BROWSER-EXIT n=238 pid=28060 after_return_ms=168.9
1791116075612 PREV-BROWSER n=239 prev_n=238 pid=28060 alive=false
1791116075612 RENDER-START n=239
1791116076233 RENDER-OK n=239 id=239 browser_pid=Some(53120) slot=A path=%TEMP%\fc-repro-leak-20261004-200350\localappdata\tw.fintools.fc-host\wallpaper\m-7ebe8f017cddc2d6-a.png wh=2560x1600 body=raw open_ms=254.0 page_ms=348.7 to_png_ms=602.7 close_ms=2.1 write_ms=16.3 warnings=0
1791116076234 VERIFY n=239 dims=Some((2560, 1600)) expect=2560x1600 own_files=2 PASS
1791116076415 BROWSER-EXIT n=239 pid=53120 after_return_ms=182.1
1791116077234 PREV-BROWSER n=240 prev_n=239 pid=53120 alive=false
1791116077234 RENDER-START n=240
1791116078012 RENDER-OK n=240 id=240 browser_pid=Some(89900) slot=B path=%TEMP%\fc-repro-leak-20261004-200350\localappdata\tw.fintools.fc-host\wallpaper\m-7ebe8f017cddc2d6-b.png wh=3840x2160 body=raw open_ms=311.8 page_ms=444.2 to_png_ms=756.0 close_ms=3.2 write_ms=18.6 warnings=0
1791116078012 VERIFY n=240 dims=Some((3840, 2160)) expect=3840x2160 own_files=2 PASS
1791116078185 BROWSER-EXIT n=240 pid=89900 after_return_ms=173.3
1791116081012 PREV-BROWSER n=241 prev_n=240 pid=89900 alive=false
1791116081012 RENDER-START n=241
1791116081648 RENDER-OK n=241 id=241 browser_pid=Some(104944) slot=A path=%TEMP%\fc-repro-leak-20261004-200350\localappdata\tw.fintools.fc-host\wallpaper\m-7ebe8f017cddc2d6-a.png wh=2560x1600 body=raw open_ms=265.8 page_ms=351.1 to_png_ms=616.9 close_ms=2.0 write_ms=16.1 warnings=0
1791116081648 VERIFY n=241 dims=Some((2560, 1600)) expect=2560x1600 own_files=2 PASS
1791116081828 BROWSER-EXIT n=241 pid=104944 after_return_ms=180.0
1791116082648 PREV-BROWSER n=242 prev_n=241 pid=104944 alive=false
1791116082648 RENDER-START n=242
1791116083377 RENDER-OK n=242 id=242 browser_pid=Some(40368) slot=B path=%TEMP%\fc-repro-leak-20261004-200350\localappdata\tw.fintools.fc-host\wallpaper\m-7ebe8f017cddc2d6-b.png wh=3840x2160 body=raw open_ms=254.8 page_ms=449.0 to_png_ms=703.8 close_ms=3.0 write_ms=22.2 warnings=0
1791116083378 VERIFY n=242 dims=Some((3840, 2160)) expect=3840x2160 own_files=2 PASS
1791116083551 BROWSER-EXIT n=242 pid=40368 after_return_ms=173.5
1791116086378 PREV-BROWSER n=243 prev_n=242 pid=40368 alive=false
1791116086378 RENDER-START n=243
1791116087002 RENDER-OK n=243 id=243 browser_pid=Some(111728) slot=A path=%TEMP%\fc-repro-leak-20261004-200350\localappdata\tw.fintools.fc-host\wallpaper\m-7ebe8f017cddc2d6-a.png wh=2560x1600 body=raw open_ms=256.5 page_ms=350.0 to_png_ms=606.5 close_ms=1.9 write_ms=15.5 warnings=0
1791116087002 VERIFY n=243 dims=Some((2560, 1600)) expect=2560x1600 own_files=2 PASS
1791116087182 BROWSER-EXIT n=243 pid=111728 after_return_ms=180.0
1791116088002 PREV-BROWSER n=244 prev_n=243 pid=111728 alive=false
1791116088002 RENDER-START n=244
1791116088726 RENDER-OK n=244 id=244 browser_pid=Some(15792) slot=B path=%TEMP%\fc-repro-leak-20261004-200350\localappdata\tw.fintools.fc-host\wallpaper\m-7ebe8f017cddc2d6-b.png wh=3840x2160 body=raw open_ms=252.5 page_ms=450.5 to_png_ms=703.1 close_ms=3.0 write_ms=17.9 warnings=0
1791116088727 VERIFY n=244 dims=Some((3840, 2160)) expect=3840x2160 own_files=2 PASS
1791116088905 BROWSER-EXIT n=244 pid=15792 after_return_ms=179.0
1791116091727 PREV-BROWSER n=245 prev_n=244 pid=15792 alive=false
1791116091727 RENDER-START n=245
1791116092359 RENDER-OK n=245 id=245 browser_pid=Some(37140) slot=A path=%TEMP%\fc-repro-leak-20261004-200350\localappdata\tw.fintools.fc-host\wallpaper\m-7ebe8f017cddc2d6-a.png wh=2560x1600 body=raw open_ms=266.6 page_ms=354.7 to_png_ms=621.3 close_ms=2.0 write_ms=8.8 warnings=0
1791116092360 VERIFY n=245 dims=Some((2560, 1600)) expect=2560x1600 own_files=2 PASS
1791116092537 BROWSER-EXIT n=245 pid=37140 after_return_ms=177.8
1791116093360 PREV-BROWSER n=246 prev_n=245 pid=37140 alive=false
1791116093360 RENDER-START n=246
1791116094080 RENDER-OK n=246 id=246 browser_pid=Some(112584) slot=B path=%TEMP%\fc-repro-leak-20261004-200350\localappdata\tw.fintools.fc-host\wallpaper\m-7ebe8f017cddc2d6-b.png wh=3840x2160 body=raw open_ms=254.9 page_ms=443.4 to_png_ms=698.3 close_ms=3.1 write_ms=18.6 warnings=0
1791116094080 VERIFY n=246 dims=Some((3840, 2160)) expect=3840x2160 own_files=2 PASS
1791116094254 BROWSER-EXIT n=246 pid=112584 after_return_ms=173.9
1791116097081 PREV-BROWSER n=247 prev_n=246 pid=112584 alive=false
1791116097081 RENDER-START n=247
1791116097708 RENDER-OK n=247 id=247 browser_pid=Some(114008) slot=A path=%TEMP%\fc-repro-leak-20261004-200350\localappdata\tw.fintools.fc-host\wallpaper\m-7ebe8f017cddc2d6-a.png wh=2560x1600 body=raw open_ms=260.7 page_ms=348.6 to_png_ms=609.3 close_ms=2.0 write_ms=15.8 warnings=0
1791116097708 VERIFY n=247 dims=Some((2560, 1600)) expect=2560x1600 own_files=2 PASS
1791116097887 BROWSER-EXIT n=247 pid=114008 after_return_ms=178.8
1791116098708 PREV-BROWSER n=248 prev_n=247 pid=114008 alive=false
1791116098708 RENDER-START n=248
1791116099436 RENDER-OK n=248 id=248 browser_pid=Some(111948) slot=B path=%TEMP%\fc-repro-leak-20261004-200350\localappdata\tw.fintools.fc-host\wallpaper\m-7ebe8f017cddc2d6-b.png wh=3840x2160 body=raw open_ms=247.9 page_ms=457.4 to_png_ms=705.3 close_ms=2.9 write_ms=19.3 warnings=0
1791116099436 VERIFY n=248 dims=Some((3840, 2160)) expect=3840x2160 own_files=2 PASS
1791116099608 BROWSER-EXIT n=248 pid=111948 after_return_ms=171.4
1791116102437 PREV-BROWSER n=249 prev_n=248 pid=111948 alive=false
1791116102437 RENDER-START n=249
1791116103069 RENDER-OK n=249 id=249 browser_pid=Some(113628) slot=A path=%TEMP%\fc-repro-leak-20261004-200350\localappdata\tw.fintools.fc-host\wallpaper\m-7ebe8f017cddc2d6-a.png wh=2560x1600 body=raw open_ms=264.5 page_ms=355.1 to_png_ms=619.7 close_ms=2.2 write_ms=9.9 warnings=0
1791116103069 VERIFY n=249 dims=Some((2560, 1600)) expect=2560x1600 own_files=2 PASS
1791116103258 BROWSER-EXIT n=249 pid=113628 after_return_ms=189.1
1791116104069 PREV-BROWSER n=250 prev_n=249 pid=113628 alive=false
1791116104069 RENDER-START n=250
1791116104801 RENDER-OK n=250 id=250 browser_pid=Some(108080) slot=B path=%TEMP%\fc-repro-leak-20261004-200350\localappdata\tw.fintools.fc-host\wallpaper\m-7ebe8f017cddc2d6-b.png wh=3840x2160 body=raw open_ms=256.2 page_ms=453.4 to_png_ms=709.6 close_ms=3.0 write_ms=18.6 warnings=0
1791116104801 VERIFY n=250 dims=Some((3840, 2160)) expect=3840x2160 own_files=2 PASS
1791116104973 BROWSER-EXIT n=250 pid=108080 after_return_ms=172.7
1791116107801 PREV-BROWSER n=251 prev_n=250 pid=108080 alive=false
1791116107801 RENDER-START n=251
1791116108430 RENDER-OK n=251 id=251 browser_pid=Some(112992) slot=A path=%TEMP%\fc-repro-leak-20261004-200350\localappdata\tw.fintools.fc-host\wallpaper\m-7ebe8f017cddc2d6-a.png wh=2560x1600 body=raw open_ms=256.6 page_ms=353.7 to_png_ms=610.3 close_ms=2.0 write_ms=16.6 warnings=0
1791116108430 VERIFY n=251 dims=Some((2560, 1600)) expect=2560x1600 own_files=2 PASS
1791116108605 BROWSER-EXIT n=251 pid=112992 after_return_ms=174.6
1791116109430 PREV-BROWSER n=252 prev_n=251 pid=112992 alive=false
1791116109430 RENDER-START n=252
1791116110156 RENDER-OK n=252 id=252 browser_pid=Some(114780) slot=B path=%TEMP%\fc-repro-leak-20261004-200350\localappdata\tw.fintools.fc-host\wallpaper\m-7ebe8f017cddc2d6-b.png wh=3840x2160 body=raw open_ms=251.2 page_ms=453.8 to_png_ms=705.0 close_ms=3.0 write_ms=17.8 warnings=0
1791116110157 VERIFY n=252 dims=Some((3840, 2160)) expect=3840x2160 own_files=2 PASS
1791116110329 BROWSER-EXIT n=252 pid=114780 after_return_ms=172.6
1791116113157 PREV-BROWSER n=253 prev_n=252 pid=114780 alive=false
1791116113157 RENDER-START n=253
1791116113799 RENDER-OK n=253 id=253 browser_pid=Some(87620) slot=A path=%TEMP%\fc-repro-leak-20261004-200350\localappdata\tw.fintools.fc-host\wallpaper\m-7ebe8f017cddc2d6-a.png wh=2560x1600 body=raw open_ms=270.3 page_ms=351.5 to_png_ms=621.8 close_ms=2.3 write_ms=17.4 warnings=0
1791116113799 VERIFY n=253 dims=Some((2560, 1600)) expect=2560x1600 own_files=2 PASS
1791116113967 BROWSER-EXIT n=253 pid=87620 after_return_ms=168.4
1791116114799 PREV-BROWSER n=254 prev_n=253 pid=87620 alive=false
1791116114799 RENDER-START n=254
1791116115534 RENDER-OK n=254 id=254 browser_pid=Some(113096) slot=B path=%TEMP%\fc-repro-leak-20261004-200350\localappdata\tw.fintools.fc-host\wallpaper\m-7ebe8f017cddc2d6-b.png wh=3840x2160 body=raw open_ms=257.3 page_ms=457.8 to_png_ms=715.1 close_ms=3.3 write_ms=16.6 warnings=0
1791116115534 VERIFY n=254 dims=Some((3840, 2160)) expect=3840x2160 own_files=2 PASS
1791116115711 BROWSER-EXIT n=254 pid=113096 after_return_ms=176.6
1791116118535 PREV-BROWSER n=255 prev_n=254 pid=113096 alive=false
1791116118535 RENDER-START n=255
1791116119153 RENDER-OK n=255 id=255 browser_pid=Some(96164) slot=A path=%TEMP%\fc-repro-leak-20261004-200350\localappdata\tw.fintools.fc-host\wallpaper\m-7ebe8f017cddc2d6-a.png wh=2560x1600 body=raw open_ms=253.0 page_ms=347.3 to_png_ms=600.3 close_ms=2.3 write_ms=15.8 warnings=0
1791116119153 VERIFY n=255 dims=Some((2560, 1600)) expect=2560x1600 own_files=2 PASS
1791116119325 BROWSER-EXIT n=255 pid=96164 after_return_ms=171.6
1791116120153 PREV-BROWSER n=256 prev_n=255 pid=96164 alive=false
1791116120154 RENDER-START n=256
1791116120883 RENDER-OK n=256 id=256 browser_pid=Some(113476) slot=B path=%TEMP%\fc-repro-leak-20261004-200350\localappdata\tw.fintools.fc-host\wallpaper\m-7ebe8f017cddc2d6-b.png wh=3840x2160 body=raw open_ms=262.3 page_ms=452.9 to_png_ms=715.2 close_ms=3.0 write_ms=11.2 warnings=0
1791116120883 VERIFY n=256 dims=Some((3840, 2160)) expect=3840x2160 own_files=2 PASS
1791116121070 BROWSER-EXIT n=256 pid=113476 after_return_ms=187.0
1791116123884 PREV-BROWSER n=257 prev_n=256 pid=113476 alive=false
1791116123884 RENDER-START n=257
1791116124543 RENDER-OK n=257 id=257 browser_pid=Some(97884) slot=A path=%TEMP%\fc-repro-leak-20261004-200350\localappdata\tw.fintools.fc-host\wallpaper\m-7ebe8f017cddc2d6-a.png wh=2560x1600 body=raw open_ms=275.0 page_ms=365.9 to_png_ms=640.9 close_ms=2.1 write_ms=16.3 warnings=0
1791116124544 VERIFY n=257 dims=Some((2560, 1600)) expect=2560x1600 own_files=2 PASS
1791116124728 BROWSER-EXIT n=257 pid=97884 after_return_ms=184.6
1791116125544 PREV-BROWSER n=258 prev_n=257 pid=97884 alive=false
1791116125544 RENDER-START n=258
1791116126292 RENDER-OK n=258 id=258 browser_pid=Some(6712) slot=B path=%TEMP%\fc-repro-leak-20261004-200350\localappdata\tw.fintools.fc-host\wallpaper\m-7ebe8f017cddc2d6-b.png wh=3840x2160 body=raw open_ms=258.8 page_ms=468.0 to_png_ms=726.7 close_ms=3.1 write_ms=18.3 warnings=0
1791116126292 VERIFY n=258 dims=Some((3840, 2160)) expect=3840x2160 own_files=2 PASS
1791116126474 BROWSER-EXIT n=258 pid=6712 after_return_ms=182.4
1791116129292 PREV-BROWSER n=259 prev_n=258 pid=6712 alive=false
1791116129293 RENDER-START n=259
1791116129936 RENDER-OK n=259 id=259 browser_pid=Some(101672) slot=A path=%TEMP%\fc-repro-leak-20261004-200350\localappdata\tw.fintools.fc-host\wallpaper\m-7ebe8f017cddc2d6-a.png wh=2560x1600 body=raw open_ms=272.3 page_ms=353.1 to_png_ms=625.4 close_ms=2.1 write_ms=15.8 warnings=0
1791116129936 VERIFY n=259 dims=Some((2560, 1600)) expect=2560x1600 own_files=2 PASS
1791116130116 BROWSER-EXIT n=259 pid=101672 after_return_ms=180.4
1791116130936 PREV-BROWSER n=260 prev_n=259 pid=101672 alive=false
1791116130937 RENDER-START n=260
1791116131665 RENDER-OK n=260 id=260 browser_pid=Some(109244) slot=B path=%TEMP%\fc-repro-leak-20261004-200350\localappdata\tw.fintools.fc-host\wallpaper\m-7ebe8f017cddc2d6-b.png wh=3840x2160 body=raw open_ms=258.8 page_ms=447.6 to_png_ms=706.4 close_ms=3.0 write_ms=18.7 warnings=0
1791116131665 VERIFY n=260 dims=Some((3840, 2160)) expect=3840x2160 own_files=2 PASS
1791116131836 BROWSER-EXIT n=260 pid=109244 after_return_ms=171.2
1791116134665 PREV-BROWSER n=261 prev_n=260 pid=109244 alive=false
1791116134665 RENDER-START n=261
1791116135288 RENDER-OK n=261 id=261 browser_pid=Some(104980) slot=A path=%TEMP%\fc-repro-leak-20261004-200350\localappdata\tw.fintools.fc-host\wallpaper\m-7ebe8f017cddc2d6-a.png wh=2560x1600 body=raw open_ms=256.0 page_ms=346.7 to_png_ms=602.7 close_ms=2.3 write_ms=17.3 warnings=0
1791116135288 VERIFY n=261 dims=Some((2560, 1600)) expect=2560x1600 own_files=2 PASS
1791116135461 BROWSER-EXIT n=261 pid=104980 after_return_ms=173.1
1791116136288 PREV-BROWSER n=262 prev_n=261 pid=104980 alive=false
1791116136288 RENDER-START n=262
1791116137001 RENDER-OK n=262 id=262 browser_pid=Some(114336) slot=B path=%TEMP%\fc-repro-leak-20261004-200350\localappdata\tw.fintools.fc-host\wallpaper\m-7ebe8f017cddc2d6-b.png wh=3840x2160 body=raw open_ms=255.0 page_ms=436.8 to_png_ms=691.8 close_ms=3.1 write_ms=17.5 warnings=0
1791116137001 VERIFY n=262 dims=Some((3840, 2160)) expect=3840x2160 own_files=2 PASS
1791116137183 BROWSER-EXIT n=262 pid=114336 after_return_ms=181.9
1791116140001 PREV-BROWSER n=263 prev_n=262 pid=114336 alive=false
1791116140001 RENDER-START n=263
1791116140623 RENDER-OK n=263 id=263 browser_pid=Some(23528) slot=A path=%TEMP%\fc-repro-leak-20261004-200350\localappdata\tw.fintools.fc-host\wallpaper\m-7ebe8f017cddc2d6-a.png wh=2560x1600 body=raw open_ms=254.1 page_ms=349.0 to_png_ms=603.1 close_ms=2.2 write_ms=16.5 warnings=0
1791116140623 VERIFY n=263 dims=Some((2560, 1600)) expect=2560x1600 own_files=2 PASS
1791116140797 BROWSER-EXIT n=263 pid=23528 after_return_ms=173.8
1791116141623 PREV-BROWSER n=264 prev_n=263 pid=23528 alive=false
1791116141623 RENDER-START n=264
1791116142372 RENDER-OK n=264 id=264 browser_pid=Some(115032) slot=B path=%TEMP%\fc-repro-leak-20261004-200350\localappdata\tw.fintools.fc-host\wallpaper\m-7ebe8f017cddc2d6-b.png wh=3840x2160 body=raw open_ms=277.2 page_ms=448.1 to_png_ms=725.3 close_ms=3.2 write_ms=19.8 warnings=0
1791116142372 VERIFY n=264 dims=Some((3840, 2160)) expect=3840x2160 own_files=2 PASS
1791116142546 BROWSER-EXIT n=264 pid=115032 after_return_ms=174.0
1791116145372 PREV-BROWSER n=265 prev_n=264 pid=115032 alive=false
1791116145372 RENDER-START n=265
1791116146017 RENDER-OK n=265 id=265 browser_pid=Some(101412) slot=A path=%TEMP%\fc-repro-leak-20261004-200350\localappdata\tw.fintools.fc-host\wallpaper\m-7ebe8f017cddc2d6-a.png wh=2560x1600 body=raw open_ms=256.9 page_ms=369.6 to_png_ms=626.4 close_ms=2.2 write_ms=15.4 warnings=0
1791116146017 VERIFY n=265 dims=Some((2560, 1600)) expect=2560x1600 own_files=2 PASS
1791116146205 BROWSER-EXIT n=265 pid=101412 after_return_ms=188.6
1791116147017 PREV-BROWSER n=266 prev_n=265 pid=101412 alive=false
1791116147017 RENDER-START n=266
1791116147764 RENDER-OK n=266 id=266 browser_pid=Some(110844) slot=B path=%TEMP%\fc-repro-leak-20261004-200350\localappdata\tw.fintools.fc-host\wallpaper\m-7ebe8f017cddc2d6-b.png wh=3840x2160 body=raw open_ms=265.8 page_ms=459.8 to_png_ms=725.7 close_ms=2.9 write_ms=17.7 warnings=0
1791116147764 VERIFY n=266 dims=Some((3840, 2160)) expect=3840x2160 own_files=2 PASS
1791116147948 BROWSER-EXIT n=266 pid=110844 after_return_ms=184.8
1791116150764 PREV-BROWSER n=267 prev_n=266 pid=110844 alive=false
1791116150764 RENDER-START n=267
1791116151392 RENDER-OK n=267 id=267 browser_pid=Some(113116) slot=A path=%TEMP%\fc-repro-leak-20261004-200350\localappdata\tw.fintools.fc-host\wallpaper\m-7ebe8f017cddc2d6-a.png wh=2560x1600 body=raw open_ms=255.0 page_ms=353.8 to_png_ms=608.8 close_ms=2.4 write_ms=15.9 warnings=0
1791116151392 VERIFY n=267 dims=Some((2560, 1600)) expect=2560x1600 own_files=2 PASS
1791116151562 BROWSER-EXIT n=267 pid=113116 after_return_ms=170.4
1791116152392 PREV-BROWSER n=268 prev_n=267 pid=113116 alive=false
1791116152392 RENDER-START n=268
1791116153117 RENDER-OK n=268 id=268 browser_pid=Some(113640) slot=B path=%TEMP%\fc-repro-leak-20261004-200350\localappdata\tw.fintools.fc-host\wallpaper\m-7ebe8f017cddc2d6-b.png wh=3840x2160 body=raw open_ms=254.2 page_ms=447.0 to_png_ms=701.2 close_ms=4.0 write_ms=20.0 warnings=0
1791116153118 VERIFY n=268 dims=Some((3840, 2160)) expect=3840x2160 own_files=2 PASS
1791116153293 BROWSER-EXIT n=268 pid=113640 after_return_ms=175.8
1791116156118 PREV-BROWSER n=269 prev_n=268 pid=113640 alive=false
1791116156118 RENDER-START n=269
1791116156730 RENDER-OK n=269 id=269 browser_pid=Some(78572) slot=A path=%TEMP%\fc-repro-leak-20261004-200350\localappdata\tw.fintools.fc-host\wallpaper\m-7ebe8f017cddc2d6-a.png wh=2560x1600 body=raw open_ms=258.1 page_ms=342.0 to_png_ms=600.1 close_ms=2.2 write_ms=9.2 warnings=0
1791116156730 VERIFY n=269 dims=Some((2560, 1600)) expect=2560x1600 own_files=2 PASS
1791116156910 BROWSER-EXIT n=269 pid=78572 after_return_ms=180.6
1791116157730 PREV-BROWSER n=270 prev_n=269 pid=78572 alive=false
1791116157730 RENDER-START n=270
1791116158476 RENDER-OK n=270 id=270 browser_pid=Some(22296) slot=B path=%TEMP%\fc-repro-leak-20261004-200350\localappdata\tw.fintools.fc-host\wallpaper\m-7ebe8f017cddc2d6-b.png wh=3840x2160 body=raw open_ms=272.7 page_ms=451.8 to_png_ms=724.5 close_ms=2.9 write_ms=18.2 warnings=0
1791116158476 VERIFY n=270 dims=Some((3840, 2160)) expect=3840x2160 own_files=2 PASS
1791116158659 BROWSER-EXIT n=270 pid=22296 after_return_ms=183.5
1791116161476 PREV-BROWSER n=271 prev_n=270 pid=22296 alive=false
1791116161476 RENDER-START n=271
1791116162101 RENDER-OK n=271 id=271 browser_pid=Some(11320) slot=A path=%TEMP%\fc-repro-leak-20261004-200350\localappdata\tw.fintools.fc-host\wallpaper\m-7ebe8f017cddc2d6-a.png wh=2560x1600 body=raw open_ms=255.7 page_ms=351.5 to_png_ms=607.2 close_ms=2.2 write_ms=15.4 warnings=0
1791116162101 VERIFY n=271 dims=Some((2560, 1600)) expect=2560x1600 own_files=2 PASS
1791116162277 BROWSER-EXIT n=271 pid=11320 after_return_ms=175.7
1791116163101 PREV-BROWSER n=272 prev_n=271 pid=11320 alive=false
1791116163101 RENDER-START n=272
1791116163822 RENDER-OK n=272 id=272 browser_pid=Some(90968) slot=B path=%TEMP%\fc-repro-leak-20261004-200350\localappdata\tw.fintools.fc-host\wallpaper\m-7ebe8f017cddc2d6-b.png wh=3840x2160 body=raw open_ms=265.5 page_ms=441.5 to_png_ms=707.0 close_ms=3.8 write_ms=10.1 warnings=0
1791116163823 VERIFY n=272 dims=Some((3840, 2160)) expect=3840x2160 own_files=2 PASS
1791116163999 BROWSER-EXIT n=272 pid=90968 after_return_ms=176.7
1791116166823 PREV-BROWSER n=273 prev_n=272 pid=90968 alive=false
1791116166823 RENDER-START n=273
1791116167446 RENDER-OK n=273 id=273 browser_pid=Some(96492) slot=A path=%TEMP%\fc-repro-leak-20261004-200350\localappdata\tw.fintools.fc-host\wallpaper\m-7ebe8f017cddc2d6-a.png wh=2560x1600 body=raw open_ms=258.8 page_ms=347.6 to_png_ms=606.4 close_ms=2.1 write_ms=14.6 warnings=0
1791116167446 VERIFY n=273 dims=Some((2560, 1600)) expect=2560x1600 own_files=2 PASS
1791116167630 BROWSER-EXIT n=273 pid=96492 after_return_ms=184.3
1791116168446 PREV-BROWSER n=274 prev_n=273 pid=96492 alive=false
1791116168447 RENDER-START n=274
1791116169309 RENDER-OK n=274 id=274 browser_pid=Some(111604) slot=B path=%TEMP%\fc-repro-leak-20261004-200350\localappdata\tw.fintools.fc-host\wallpaper\m-7ebe8f017cddc2d6-b.png wh=3840x2160 body=raw open_ms=384.7 page_ms=464.2 to_png_ms=848.9 close_ms=2.9 write_ms=10.4 warnings=0
1791116169309 VERIFY n=274 dims=Some((3840, 2160)) expect=3840x2160 own_files=2 PASS
1791116169484 BROWSER-EXIT n=274 pid=111604 after_return_ms=174.7
1791116172309 PREV-BROWSER n=275 prev_n=274 pid=111604 alive=false
1791116172309 RENDER-START n=275
1791116172939 RENDER-OK n=275 id=275 browser_pid=Some(99168) slot=A path=%TEMP%\fc-repro-leak-20261004-200350\localappdata\tw.fintools.fc-host\wallpaper\m-7ebe8f017cddc2d6-a.png wh=2560x1600 body=raw open_ms=270.8 page_ms=339.2 to_png_ms=610.0 close_ms=2.8 write_ms=16.1 warnings=0
1791116172939 VERIFY n=275 dims=Some((2560, 1600)) expect=2560x1600 own_files=2 PASS
1791116173111 BROWSER-EXIT n=275 pid=99168 after_return_ms=172.7
1791116173939 PREV-BROWSER n=276 prev_n=275 pid=99168 alive=false
1791116173939 RENDER-START n=276
1791116174662 RENDER-OK n=276 id=276 browser_pid=Some(28368) slot=B path=%TEMP%\fc-repro-leak-20261004-200350\localappdata\tw.fintools.fc-host\wallpaper\m-7ebe8f017cddc2d6-b.png wh=3840x2160 body=raw open_ms=262.2 page_ms=440.3 to_png_ms=702.5 close_ms=3.3 write_ms=17.2 warnings=0
1791116174663 VERIFY n=276 dims=Some((3840, 2160)) expect=3840x2160 own_files=2 PASS
1791116174844 BROWSER-EXIT n=276 pid=28368 after_return_ms=181.6
1791116177663 PREV-BROWSER n=277 prev_n=276 pid=28368 alive=false
1791116177663 RENDER-START n=277
1791116178282 RENDER-OK n=277 id=277 browser_pid=Some(35880) slot=A path=%TEMP%\fc-repro-leak-20261004-200350\localappdata\tw.fintools.fc-host\wallpaper\m-7ebe8f017cddc2d6-a.png wh=2560x1600 body=raw open_ms=258.0 page_ms=341.5 to_png_ms=599.5 close_ms=2.5 write_ms=16.9 warnings=0
1791116178282 VERIFY n=277 dims=Some((2560, 1600)) expect=2560x1600 own_files=2 PASS
1791116178458 BROWSER-EXIT n=277 pid=35880 after_return_ms=175.8
1791116179282 PREV-BROWSER n=278 prev_n=277 pid=35880 alive=false
1791116179282 RENDER-START n=278
1791116180026 RENDER-OK n=278 id=278 browser_pid=Some(58856) slot=B path=%TEMP%\fc-repro-leak-20261004-200350\localappdata\tw.fintools.fc-host\wallpaper\m-7ebe8f017cddc2d6-b.png wh=3840x2160 body=raw open_ms=300.1 page_ms=420.9 to_png_ms=721.0 close_ms=3.7 write_ms=19.0 warnings=0
1791116180026 VERIFY n=278 dims=Some((3840, 2160)) expect=3840x2160 own_files=2 PASS
1791116180211 BROWSER-EXIT n=278 pid=58856 after_return_ms=184.7
1791116183026 PREV-BROWSER n=279 prev_n=278 pid=58856 alive=false
1791116183026 RENDER-START n=279
1791116183650 RENDER-OK n=279 id=279 browser_pid=Some(79216) slot=A path=%TEMP%\fc-repro-leak-20261004-200350\localappdata\tw.fintools.fc-host\wallpaper\m-7ebe8f017cddc2d6-a.png wh=2560x1600 body=raw open_ms=259.6 page_ms=347.9 to_png_ms=607.5 close_ms=2.0 write_ms=14.5 warnings=0
1791116183650 VERIFY n=279 dims=Some((2560, 1600)) expect=2560x1600 own_files=2 PASS
1791116183819 BROWSER-EXIT n=279 pid=79216 after_return_ms=169.2
1791116184651 PREV-BROWSER n=280 prev_n=279 pid=79216 alive=false
1791116184651 RENDER-START n=280
1791116185380 RENDER-OK n=280 id=280 browser_pid=Some(96952) slot=B path=%TEMP%\fc-repro-leak-20261004-200350\localappdata\tw.fintools.fc-host\wallpaper\m-7ebe8f017cddc2d6-b.png wh=3840x2160 body=raw open_ms=252.9 page_ms=453.8 to_png_ms=706.7 close_ms=3.6 write_ms=18.2 warnings=0
1791116185380 VERIFY n=280 dims=Some((3840, 2160)) expect=3840x2160 own_files=2 PASS
1791116185549 BROWSER-EXIT n=280 pid=96952 after_return_ms=169.7
1791116188380 PREV-BROWSER n=281 prev_n=280 pid=96952 alive=false
1791116188380 RENDER-START n=281
1791116189007 RENDER-OK n=281 id=281 browser_pid=Some(90980) slot=A path=%TEMP%\fc-repro-leak-20261004-200350\localappdata\tw.fintools.fc-host\wallpaper\m-7ebe8f017cddc2d6-a.png wh=2560x1600 body=raw open_ms=255.6 page_ms=359.4 to_png_ms=615.0 close_ms=2.2 write_ms=9.0 warnings=0
1791116189007 VERIFY n=281 dims=Some((2560, 1600)) expect=2560x1600 own_files=2 PASS
1791116189369 BROWSER-EXIT n=281 pid=90980 after_return_ms=362.9
1791116190007 PREV-BROWSER n=282 prev_n=281 pid=90980 alive=false
1791116190007 RENDER-START n=282
1791116190749 RENDER-OK n=282 id=282 browser_pid=Some(34248) slot=B path=%TEMP%\fc-repro-leak-20261004-200350\localappdata\tw.fintools.fc-host\wallpaper\m-7ebe8f017cddc2d6-b.png wh=3840x2160 body=raw open_ms=272.1 page_ms=448.3 to_png_ms=720.4 close_ms=3.5 write_ms=17.4 warnings=0
1791116190749 VERIFY n=282 dims=Some((3840, 2160)) expect=3840x2160 own_files=2 PASS
1791116190925 BROWSER-EXIT n=282 pid=34248 after_return_ms=176.5
1791116193749 PREV-BROWSER n=283 prev_n=282 pid=34248 alive=false
1791116193749 RENDER-START n=283
1791116194441 RENDER-OK n=283 id=283 browser_pid=Some(115640) slot=A path=%TEMP%\fc-repro-leak-20261004-200350\localappdata\tw.fintools.fc-host\wallpaper\m-7ebe8f017cddc2d6-a.png wh=2560x1600 body=raw open_ms=322.0 page_ms=351.0 to_png_ms=673.1 close_ms=2.0 write_ms=16.1 warnings=0
1791116194441 VERIFY n=283 dims=Some((2560, 1600)) expect=2560x1600 own_files=2 PASS
1791116194617 BROWSER-EXIT n=283 pid=115640 after_return_ms=176.7
1791116195441 PREV-BROWSER n=284 prev_n=283 pid=115640 alive=false
1791116195441 RENDER-START n=284
1791116196162 RENDER-OK n=284 id=284 browser_pid=Some(112864) slot=B path=%TEMP%\fc-repro-leak-20261004-200350\localappdata\tw.fintools.fc-host\wallpaper\m-7ebe8f017cddc2d6-b.png wh=3840x2160 body=raw open_ms=251.0 page_ms=447.2 to_png_ms=698.2 close_ms=3.5 write_ms=19.3 warnings=0
1791116196163 VERIFY n=284 dims=Some((3840, 2160)) expect=3840x2160 own_files=2 PASS
1791116196337 BROWSER-EXIT n=284 pid=112864 after_return_ms=175.1
1791116199163 PREV-BROWSER n=285 prev_n=284 pid=112864 alive=false
1791116199163 RENDER-START n=285
1791116199774 RENDER-OK n=285 id=285 browser_pid=Some(50100) slot=A path=%TEMP%\fc-repro-leak-20261004-200350\localappdata\tw.fintools.fc-host\wallpaper\m-7ebe8f017cddc2d6-a.png wh=2560x1600 body=raw open_ms=256.6 page_ms=336.4 to_png_ms=593.1 close_ms=2.1 write_ms=15.8 warnings=0
1791116199774 VERIFY n=285 dims=Some((2560, 1600)) expect=2560x1600 own_files=2 PASS
1791116199949 BROWSER-EXIT n=285 pid=50100 after_return_ms=175.4
1791116200774 PREV-BROWSER n=286 prev_n=285 pid=50100 alive=false
1791116200774 RENDER-START n=286
1791116201507 RENDER-OK n=286 id=286 browser_pid=Some(95644) slot=B path=%TEMP%\fc-repro-leak-20261004-200350\localappdata\tw.fintools.fc-host\wallpaper\m-7ebe8f017cddc2d6-b.png wh=3840x2160 body=raw open_ms=266.6 page_ms=445.2 to_png_ms=711.9 close_ms=2.9 write_ms=18.0 warnings=0
1791116201507 VERIFY n=286 dims=Some((3840, 2160)) expect=3840x2160 own_files=2 PASS
1791116201687 BROWSER-EXIT n=286 pid=95644 after_return_ms=180.1
1791116204508 PREV-BROWSER n=287 prev_n=286 pid=95644 alive=false
1791116204508 RENDER-START n=287
1791116205192 RENDER-OK n=287 id=287 browser_pid=Some(92116) slot=A path=%TEMP%\fc-repro-leak-20261004-200350\localappdata\tw.fintools.fc-host\wallpaper\m-7ebe8f017cddc2d6-a.png wh=2560x1600 body=raw open_ms=323.8 page_ms=342.6 to_png_ms=666.4 close_ms=1.8 write_ms=15.7 warnings=0
1791116205192 VERIFY n=287 dims=Some((2560, 1600)) expect=2560x1600 own_files=2 PASS
1791116205370 BROWSER-EXIT n=287 pid=92116 after_return_ms=178.5
1791116206192 PREV-BROWSER n=288 prev_n=287 pid=92116 alive=false
1791116206192 RENDER-START n=288
1791116206906 RENDER-OK n=288 id=288 browser_pid=Some(69784) slot=B path=%TEMP%\fc-repro-leak-20261004-200350\localappdata\tw.fintools.fc-host\wallpaper\m-7ebe8f017cddc2d6-b.png wh=3840x2160 body=raw open_ms=254.1 page_ms=438.5 to_png_ms=692.7 close_ms=2.8 write_ms=17.6 warnings=0
1791116206906 VERIFY n=288 dims=Some((3840, 2160)) expect=3840x2160 own_files=2 PASS
1791116207089 BROWSER-EXIT n=288 pid=69784 after_return_ms=183.3
1791116209906 PREV-BROWSER n=289 prev_n=288 pid=69784 alive=false
1791116209906 RENDER-START n=289
1791116210534 RENDER-OK n=289 id=289 browser_pid=Some(16188) slot=A path=%TEMP%\fc-repro-leak-20261004-200350\localappdata\tw.fintools.fc-host\wallpaper\m-7ebe8f017cddc2d6-a.png wh=2560x1600 body=raw open_ms=264.7 page_ms=345.1 to_png_ms=609.8 close_ms=2.1 write_ms=16.2 warnings=0
1791116210535 VERIFY n=289 dims=Some((2560, 1600)) expect=2560x1600 own_files=2 PASS
1791116210708 BROWSER-EXIT n=289 pid=16188 after_return_ms=173.3
1791116211535 PREV-BROWSER n=290 prev_n=289 pid=16188 alive=false
1791116211535 RENDER-START n=290
1791116212290 RENDER-OK n=290 id=290 browser_pid=Some(95388) slot=B path=%TEMP%\fc-repro-leak-20261004-200350\localappdata\tw.fintools.fc-host\wallpaper\m-7ebe8f017cddc2d6-b.png wh=3840x2160 body=raw open_ms=276.6 page_ms=456.1 to_png_ms=732.7 close_ms=4.0 write_ms=18.1 warnings=0
1791116212290 VERIFY n=290 dims=Some((3840, 2160)) expect=3840x2160 own_files=2 PASS
1791116212460 BROWSER-EXIT n=290 pid=95388 after_return_ms=170.6
1791116215290 PREV-BROWSER n=291 prev_n=290 pid=95388 alive=false
1791116215290 RENDER-START n=291
1791116215907 RENDER-OK n=291 id=291 browser_pid=Some(105672) slot=A path=%TEMP%\fc-repro-leak-20261004-200350\localappdata\tw.fintools.fc-host\wallpaper\m-7ebe8f017cddc2d6-a.png wh=2560x1600 body=raw open_ms=258.0 page_ms=340.6 to_png_ms=598.5 close_ms=2.1 write_ms=16.1 warnings=0
1791116215907 VERIFY n=291 dims=Some((2560, 1600)) expect=2560x1600 own_files=2 PASS
1791116216080 BROWSER-EXIT n=291 pid=105672 after_return_ms=173.3
1791116216907 PREV-BROWSER n=292 prev_n=291 pid=105672 alive=false
1791116216907 RENDER-START n=292
1791116217635 RENDER-OK n=292 id=292 browser_pid=Some(105220) slot=B path=%TEMP%\fc-repro-leak-20261004-200350\localappdata\tw.fintools.fc-host\wallpaper\m-7ebe8f017cddc2d6-b.png wh=3840x2160 body=raw open_ms=261.3 page_ms=453.1 to_png_ms=714.3 close_ms=3.0 write_ms=10.1 warnings=0
1791116217635 VERIFY n=292 dims=Some((3840, 2160)) expect=3840x2160 own_files=2 PASS
1791116217817 BROWSER-EXIT n=292 pid=105220 after_return_ms=182.0
1791116220635 PREV-BROWSER n=293 prev_n=292 pid=105220 alive=false
1791116220635 RENDER-START n=293
1791116221274 RENDER-OK n=293 id=293 browser_pid=Some(114412) slot=A path=%TEMP%\fc-repro-leak-20261004-200350\localappdata\tw.fintools.fc-host\wallpaper\m-7ebe8f017cddc2d6-a.png wh=2560x1600 body=raw open_ms=260.7 page_ms=358.0 to_png_ms=618.7 close_ms=2.7 write_ms=17.2 warnings=0
1791116221274 VERIFY n=293 dims=Some((2560, 1600)) expect=2560x1600 own_files=2 PASS
1791116221450 BROWSER-EXIT n=293 pid=114412 after_return_ms=176.5
1791116222274 PREV-BROWSER n=294 prev_n=293 pid=114412 alive=false
1791116222274 RENDER-START n=294
1791116222999 RENDER-OK n=294 id=294 browser_pid=Some(114924) slot=B path=%TEMP%\fc-repro-leak-20261004-200350\localappdata\tw.fintools.fc-host\wallpaper\m-7ebe8f017cddc2d6-b.png wh=3840x2160 body=raw open_ms=265.0 page_ms=442.2 to_png_ms=707.2 close_ms=3.7 write_ms=13.3 warnings=0
1791116222999 VERIFY n=294 dims=Some((3840, 2160)) expect=3840x2160 own_files=2 PASS
1791116223187 BROWSER-EXIT n=294 pid=114924 after_return_ms=188.6
1791116225999 PREV-BROWSER n=295 prev_n=294 pid=114924 alive=false
1791116225999 RENDER-START n=295
1791116226691 RENDER-OK n=295 id=295 browser_pid=Some(39548) slot=A path=%TEMP%\fc-repro-leak-20261004-200350\localappdata\tw.fintools.fc-host\wallpaper\m-7ebe8f017cddc2d6-a.png wh=2560x1600 body=raw open_ms=321.1 page_ms=352.3 to_png_ms=673.4 close_ms=2.3 write_ms=15.9 warnings=0
1791116226691 VERIFY n=295 dims=Some((2560, 1600)) expect=2560x1600 own_files=2 PASS
1791116226879 BROWSER-EXIT n=295 pid=39548 after_return_ms=187.8
1791116227691 PREV-BROWSER n=296 prev_n=295 pid=39548 alive=false
1791116227691 RENDER-START n=296
1791116228409 RENDER-OK n=296 id=296 browser_pid=Some(111296) slot=B path=%TEMP%\fc-repro-leak-20261004-200350\localappdata\tw.fintools.fc-host\wallpaper\m-7ebe8f017cddc2d6-b.png wh=3840x2160 body=raw open_ms=261.8 page_ms=433.8 to_png_ms=695.6 close_ms=3.8 write_ms=17.6 warnings=0
1791116228409 VERIFY n=296 dims=Some((3840, 2160)) expect=3840x2160 own_files=2 PASS
1791116228579 BROWSER-EXIT n=296 pid=111296 after_return_ms=170.2
1791116231409 PREV-BROWSER n=297 prev_n=296 pid=111296 alive=false
1791116231409 RENDER-START n=297
1791116232019 RENDER-OK n=297 id=297 browser_pid=Some(101300) slot=A path=%TEMP%\fc-repro-leak-20261004-200350\localappdata\tw.fintools.fc-host\wallpaper\m-7ebe8f017cddc2d6-a.png wh=2560x1600 body=raw open_ms=256.2 page_ms=342.3 to_png_ms=598.5 close_ms=2.0 write_ms=9.7 warnings=0
1791116232019 VERIFY n=297 dims=Some((2560, 1600)) expect=2560x1600 own_files=2 PASS
1791116232197 BROWSER-EXIT n=297 pid=101300 after_return_ms=177.4
1791116233020 PREV-BROWSER n=298 prev_n=297 pid=101300 alive=false
1791116233020 RENDER-START n=298
1791116233773 RENDER-OK n=298 id=298 browser_pid=Some(50248) slot=B path=%TEMP%\fc-repro-leak-20261004-200350\localappdata\tw.fintools.fc-host\wallpaper\m-7ebe8f017cddc2d6-b.png wh=3840x2160 body=raw open_ms=266.4 page_ms=465.1 to_png_ms=731.6 close_ms=4.2 write_ms=17.3 warnings=0
1791116233773 VERIFY n=298 dims=Some((3840, 2160)) expect=3840x2160 own_files=2 PASS
1791116233943 BROWSER-EXIT n=298 pid=50248 after_return_ms=170.3
1791116236774 PREV-BROWSER n=299 prev_n=298 pid=50248 alive=false
1791116236774 RENDER-START n=299
1791116237406 RENDER-OK n=299 id=299 browser_pid=Some(13944) slot=A path=%TEMP%\fc-repro-leak-20261004-200350\localappdata\tw.fintools.fc-host\wallpaper\m-7ebe8f017cddc2d6-a.png wh=2560x1600 body=raw open_ms=257.2 page_ms=355.3 to_png_ms=612.5 close_ms=2.5 write_ms=17.4 warnings=0
1791116237406 VERIFY n=299 dims=Some((2560, 1600)) expect=2560x1600 own_files=2 PASS
1791116237574 BROWSER-EXIT n=299 pid=13944 after_return_ms=167.5
1791116238407 PREV-BROWSER n=300 prev_n=299 pid=13944 alive=false
1791116238407 RENDER-START n=300
1791116239151 RENDER-OK n=300 id=300 browser_pid=Some(71952) slot=B path=%TEMP%\fc-repro-leak-20261004-200350\localappdata\tw.fintools.fc-host\wallpaper\m-7ebe8f017cddc2d6-b.png wh=3840x2160 body=raw open_ms=285.7 page_ms=437.3 to_png_ms=723.0 close_ms=3.8 write_ms=17.2 warnings=0
1791116239151 VERIFY n=300 dims=Some((3840, 2160)) expect=3840x2160 own_files=2 PASS
1791116239323 BROWSER-EXIT n=300 pid=71952 after_return_ms=172.0
1791116242151 PREV-BROWSER n=301 prev_n=300 pid=71952 alive=false
1791116242151 RENDER-START n=301
1791116242757 RENDER-OK n=301 id=301 browser_pid=Some(109916) slot=A path=%TEMP%\fc-repro-leak-20261004-200350\localappdata\tw.fintools.fc-host\wallpaper\m-7ebe8f017cddc2d6-a.png wh=2560x1600 body=raw open_ms=254.7 page_ms=332.5 to_png_ms=587.2 close_ms=2.1 write_ms=16.0 warnings=0
1791116242757 VERIFY n=301 dims=Some((2560, 1600)) expect=2560x1600 own_files=2 PASS
1791116242935 BROWSER-EXIT n=301 pid=109916 after_return_ms=178.4
1791116243757 PREV-BROWSER n=302 prev_n=301 pid=109916 alive=false
1791116243757 RENDER-START n=302
1791116244554 RENDER-OK n=302 id=302 browser_pid=Some(45996) slot=B path=%TEMP%\fc-repro-leak-20261004-200350\localappdata\tw.fintools.fc-host\wallpaper\m-7ebe8f017cddc2d6-b.png wh=3840x2160 body=raw open_ms=334.9 page_ms=440.8 to_png_ms=775.7 close_ms=3.1 write_ms=18.3 warnings=0
1791116244555 VERIFY n=302 dims=Some((3840, 2160)) expect=3840x2160 own_files=2 PASS
1791116244729 BROWSER-EXIT n=302 pid=45996 after_return_ms=174.2
1791116247555 PREV-BROWSER n=303 prev_n=302 pid=45996 alive=false
1791116247555 RENDER-START n=303
1791116248184 RENDER-OK n=303 id=303 browser_pid=Some(33840) slot=A path=%TEMP%\fc-repro-leak-20261004-200350\localappdata\tw.fintools.fc-host\wallpaper\m-7ebe8f017cddc2d6-a.png wh=2560x1600 body=raw open_ms=269.9 page_ms=341.1 to_png_ms=611.0 close_ms=2.3 write_ms=15.9 warnings=0
1791116248185 VERIFY n=303 dims=Some((2560, 1600)) expect=2560x1600 own_files=2 PASS
1791116248364 BROWSER-EXIT n=303 pid=33840 after_return_ms=179.6
1791116249184 PREV-BROWSER n=304 prev_n=303 pid=33840 alive=false
1791116249185 RENDER-START n=304
1791116249916 RENDER-OK n=304 id=304 browser_pid=Some(114936) slot=B path=%TEMP%\fc-repro-leak-20261004-200350\localappdata\tw.fintools.fc-host\wallpaper\m-7ebe8f017cddc2d6-b.png wh=3840x2160 body=raw open_ms=259.3 page_ms=449.7 to_png_ms=709.0 close_ms=4.5 write_ms=17.8 warnings=0
1791116249916 VERIFY n=304 dims=Some((3840, 2160)) expect=3840x2160 own_files=2 PASS
1791116250086 BROWSER-EXIT n=304 pid=114936 after_return_ms=170.1
1791116252916 PREV-BROWSER n=305 prev_n=304 pid=114936 alive=false
1791116252916 RENDER-START n=305
1791116253611 RENDER-OK n=305 id=305 browser_pid=Some(90176) slot=A path=%TEMP%\fc-repro-leak-20261004-200350\localappdata\tw.fintools.fc-host\wallpaper\m-7ebe8f017cddc2d6-a.png wh=2560x1600 body=raw open_ms=311.7 page_ms=364.4 to_png_ms=676.0 close_ms=2.1 write_ms=16.0 warnings=0
1791116253611 VERIFY n=305 dims=Some((2560, 1600)) expect=2560x1600 own_files=2 PASS
1791116253783 BROWSER-EXIT n=305 pid=90176 after_return_ms=172.0
1791116254611 PREV-BROWSER n=306 prev_n=305 pid=90176 alive=false
1791116254611 RENDER-START n=306
1791116255405 RENDER-OK n=306 id=306 browser_pid=Some(108864) slot=B path=%TEMP%\fc-repro-leak-20261004-200350\localappdata\tw.fintools.fc-host\wallpaper\m-7ebe8f017cddc2d6-b.png wh=3840x2160 body=raw open_ms=335.8 page_ms=443.2 to_png_ms=779.1 close_ms=3.1 write_ms=12.0 warnings=0
1791116255405 VERIFY n=306 dims=Some((3840, 2160)) expect=3840x2160 own_files=2 PASS
1791116255591 BROWSER-EXIT n=306 pid=108864 after_return_ms=185.3
1791116258406 PREV-BROWSER n=307 prev_n=306 pid=108864 alive=false
1791116258406 RENDER-START n=307
1791116259024 RENDER-OK n=307 id=307 browser_pid=Some(75108) slot=A path=%TEMP%\fc-repro-leak-20261004-200350\localappdata\tw.fintools.fc-host\wallpaper\m-7ebe8f017cddc2d6-a.png wh=2560x1600 body=raw open_ms=258.5 page_ms=340.6 to_png_ms=599.1 close_ms=2.0 write_ms=16.6 warnings=0
1791116259024 VERIFY n=307 dims=Some((2560, 1600)) expect=2560x1600 own_files=2 PASS
1791116259203 BROWSER-EXIT n=307 pid=75108 after_return_ms=179.6
1791116260024 PREV-BROWSER n=308 prev_n=307 pid=75108 alive=false
1791116260024 RENDER-START n=308
1791116260748 RENDER-OK n=308 id=308 browser_pid=Some(53916) slot=B path=%TEMP%\fc-repro-leak-20261004-200350\localappdata\tw.fintools.fc-host\wallpaper\m-7ebe8f017cddc2d6-b.png wh=3840x2160 body=raw open_ms=258.0 page_ms=443.7 to_png_ms=701.7 close_ms=3.6 write_ms=18.5 warnings=0
1791116260748 VERIFY n=308 dims=Some((3840, 2160)) expect=3840x2160 own_files=2 PASS
1791116260923 BROWSER-EXIT n=308 pid=53916 after_return_ms=174.9
1791116263749 PREV-BROWSER n=309 prev_n=308 pid=53916 alive=false
1791116263749 RENDER-START n=309
1791116264366 RENDER-OK n=309 id=309 browser_pid=Some(34008) slot=A path=%TEMP%\fc-repro-leak-20261004-200350\localappdata\tw.fintools.fc-host\wallpaper\m-7ebe8f017cddc2d6-a.png wh=2560x1600 body=raw open_ms=258.2 page_ms=346.6 to_png_ms=604.8 close_ms=2.2 write_ms=10.1 warnings=0
1791116264366 VERIFY n=309 dims=Some((2560, 1600)) expect=2560x1600 own_files=2 PASS
1791116264550 BROWSER-EXIT n=309 pid=34008 after_return_ms=183.8
1791116265366 PREV-BROWSER n=310 prev_n=309 pid=34008 alive=false
1791116265366 RENDER-START n=310
1791116266091 RENDER-OK n=310 id=310 browser_pid=Some(58864) slot=B path=%TEMP%\fc-repro-leak-20261004-200350\localappdata\tw.fintools.fc-host\wallpaper\m-7ebe8f017cddc2d6-b.png wh=3840x2160 body=raw open_ms=257.9 page_ms=452.7 to_png_ms=710.6 close_ms=3.8 write_ms=9.9 warnings=0
1791116266091 VERIFY n=310 dims=Some((3840, 2160)) expect=3840x2160 own_files=2 PASS
1791116266274 BROWSER-EXIT n=310 pid=58864 after_return_ms=183.2
1791116269092 PREV-BROWSER n=311 prev_n=310 pid=58864 alive=false
1791116269092 RENDER-START n=311
1791116269714 RENDER-OK n=311 id=311 browser_pid=Some(88000) slot=A path=%TEMP%\fc-repro-leak-20261004-200350\localappdata\tw.fintools.fc-host\wallpaper\m-7ebe8f017cddc2d6-a.png wh=2560x1600 body=raw open_ms=256.8 page_ms=347.8 to_png_ms=604.6 close_ms=2.4 write_ms=15.5 warnings=0
1791116269714 VERIFY n=311 dims=Some((2560, 1600)) expect=2560x1600 own_files=2 PASS
1791116269880 BROWSER-EXIT n=311 pid=88000 after_return_ms=166.1
1791116270715 PREV-BROWSER n=312 prev_n=311 pid=88000 alive=false
1791116270715 RENDER-START n=312
1791116271436 RENDER-OK n=312 id=312 browser_pid=Some(49560) slot=B path=%TEMP%\fc-repro-leak-20261004-200350\localappdata\tw.fintools.fc-host\wallpaper\m-7ebe8f017cddc2d6-b.png wh=3840x2160 body=raw open_ms=253.4 page_ms=447.0 to_png_ms=700.4 close_ms=2.9 write_ms=17.7 warnings=0
1791116271436 VERIFY n=312 dims=Some((3840, 2160)) expect=3840x2160 own_files=2 PASS
1791116271612 BROWSER-EXIT n=312 pid=49560 after_return_ms=176.0
1791116274436 PREV-BROWSER n=313 prev_n=312 pid=49560 alive=false
1791116274436 RENDER-START n=313
1791116275121 RENDER-OK n=313 id=313 browser_pid=Some(62284) slot=A path=%TEMP%\fc-repro-leak-20261004-200350\localappdata\tw.fintools.fc-host\wallpaper\m-7ebe8f017cddc2d6-a.png wh=2560x1600 body=raw open_ms=319.2 page_ms=346.2 to_png_ms=665.4 close_ms=2.2 write_ms=16.9 warnings=0
1791116275121 VERIFY n=313 dims=Some((2560, 1600)) expect=2560x1600 own_files=2 PASS
1791116275303 BROWSER-EXIT n=313 pid=62284 after_return_ms=181.9
1791116276122 PREV-BROWSER n=314 prev_n=313 pid=62284 alive=false
1791116276122 RENDER-START n=314
1791116276830 RENDER-OK n=314 id=314 browser_pid=Some(60776) slot=B path=%TEMP%\fc-repro-leak-20261004-200350\localappdata\tw.fintools.fc-host\wallpaper\m-7ebe8f017cddc2d6-b.png wh=3840x2160 body=raw open_ms=258.1 page_ms=434.1 to_png_ms=692.1 close_ms=3.7 write_ms=12.3 warnings=0
1791116276830 VERIFY n=314 dims=Some((3840, 2160)) expect=3840x2160 own_files=2 PASS
1791116277018 BROWSER-EXIT n=314 pid=60776 after_return_ms=187.8
1791116279830 PREV-BROWSER n=315 prev_n=314 pid=60776 alive=false
1791116279830 RENDER-START n=315
1791116280444 RENDER-OK n=315 id=315 browser_pid=Some(114772) slot=A path=%TEMP%\fc-repro-leak-20261004-200350\localappdata\tw.fintools.fc-host\wallpaper\m-7ebe8f017cddc2d6-a.png wh=2560x1600 body=raw open_ms=264.3 page_ms=338.1 to_png_ms=602.3 close_ms=2.2 write_ms=8.7 warnings=0
1791116280444 VERIFY n=315 dims=Some((2560, 1600)) expect=2560x1600 own_files=2 PASS
1791116280619 BROWSER-EXIT n=315 pid=114772 after_return_ms=175.4
1791116281444 PREV-BROWSER n=316 prev_n=315 pid=114772 alive=false
1791116281444 RENDER-START n=316
1791116282166 RENDER-OK n=316 id=316 browser_pid=Some(114752) slot=B path=%TEMP%\fc-repro-leak-20261004-200350\localappdata\tw.fintools.fc-host\wallpaper\m-7ebe8f017cddc2d6-b.png wh=3840x2160 body=raw open_ms=251.6 page_ms=448.9 to_png_ms=700.5 close_ms=2.9 write_ms=17.9 warnings=0
1791116282166 VERIFY n=316 dims=Some((3840, 2160)) expect=3840x2160 own_files=2 PASS
1791116282338 BROWSER-EXIT n=316 pid=114752 after_return_ms=171.8
1791116285166 PREV-BROWSER n=317 prev_n=316 pid=114752 alive=false
1791116285166 RENDER-START n=317
1791116285781 RENDER-OK n=317 id=317 browser_pid=Some(105860) slot=A path=%TEMP%\fc-repro-leak-20261004-200350\localappdata\tw.fintools.fc-host\wallpaper\m-7ebe8f017cddc2d6-a.png wh=2560x1600 body=raw open_ms=257.2 page_ms=338.1 to_png_ms=595.3 close_ms=2.0 write_ms=17.1 warnings=0
1791116285781 VERIFY n=317 dims=Some((2560, 1600)) expect=2560x1600 own_files=2 PASS
1791116285951 BROWSER-EXIT n=317 pid=105860 after_return_ms=170.3
1791116286781 PREV-BROWSER n=318 prev_n=317 pid=105860 alive=false
1791116286781 RENDER-START n=318
1791116287517 RENDER-OK n=318 id=318 browser_pid=Some(114828) slot=B path=%TEMP%\fc-repro-leak-20261004-200350\localappdata\tw.fintools.fc-host\wallpaper\m-7ebe8f017cddc2d6-b.png wh=3840x2160 body=raw open_ms=262.8 page_ms=459.0 to_png_ms=721.8 close_ms=3.6 write_ms=10.8 warnings=0
1791116287517 VERIFY n=318 dims=Some((3840, 2160)) expect=3840x2160 own_files=2 PASS
1791116287699 BROWSER-EXIT n=318 pid=114828 after_return_ms=182.0
1791116290518 PREV-BROWSER n=319 prev_n=318 pid=114828 alive=false
1791116290518 RENDER-START n=319
1791116291140 RENDER-OK n=319 id=319 browser_pid=Some(113244) slot=A path=%TEMP%\fc-repro-leak-20261004-200350\localappdata\tw.fintools.fc-host\wallpaper\m-7ebe8f017cddc2d6-a.png wh=2560x1600 body=raw open_ms=258.3 page_ms=345.6 to_png_ms=603.9 close_ms=2.0 write_ms=16.2 warnings=0
1791116291140 VERIFY n=319 dims=Some((2560, 1600)) expect=2560x1600 own_files=2 PASS
1791116291321 BROWSER-EXIT n=319 pid=113244 after_return_ms=180.9
1791116292141 PREV-BROWSER n=320 prev_n=319 pid=113244 alive=false
1791116292141 RENDER-START n=320
1791116292947 RENDER-OK n=320 id=320 browser_pid=Some(49884) slot=B path=%TEMP%\fc-repro-leak-20261004-200350\localappdata\tw.fintools.fc-host\wallpaper\m-7ebe8f017cddc2d6-b.png wh=3840x2160 body=raw open_ms=326.0 page_ms=458.6 to_png_ms=784.5 close_ms=3.7 write_ms=17.7 warnings=0
1791116292947 VERIFY n=320 dims=Some((3840, 2160)) expect=3840x2160 own_files=2 PASS
1791116293119 BROWSER-EXIT n=320 pid=49884 after_return_ms=172.4
1791116295947 PREV-BROWSER n=321 prev_n=320 pid=49884 alive=false
1791116295947 RENDER-START n=321
1791116296581 RENDER-OK n=321 id=321 browser_pid=Some(110808) slot=A path=%TEMP%\fc-repro-leak-20261004-200350\localappdata\tw.fintools.fc-host\wallpaper\m-7ebe8f017cddc2d6-a.png wh=2560x1600 body=raw open_ms=265.1 page_ms=350.5 to_png_ms=615.6 close_ms=2.1 write_ms=16.2 warnings=0
1791116296581 VERIFY n=321 dims=Some((2560, 1600)) expect=2560x1600 own_files=2 PASS
1791116296760 BROWSER-EXIT n=321 pid=110808 after_return_ms=179.2
1791116297581 PREV-BROWSER n=322 prev_n=321 pid=110808 alive=false
1791116297581 RENDER-START n=322
1791116298296 RENDER-OK n=322 id=322 browser_pid=Some(111408) slot=B path=%TEMP%\fc-repro-leak-20261004-200350\localappdata\tw.fintools.fc-host\wallpaper\m-7ebe8f017cddc2d6-b.png wh=3840x2160 body=raw open_ms=257.7 page_ms=436.5 to_png_ms=694.1 close_ms=3.1 write_ms=17.2 warnings=0
1791116298296 VERIFY n=322 dims=Some((3840, 2160)) expect=3840x2160 own_files=2 PASS
1791116298475 BROWSER-EXIT n=322 pid=111408 after_return_ms=179.0
1791116301296 PREV-BROWSER n=323 prev_n=322 pid=111408 alive=false
1791116301296 RENDER-START n=323
1791116301923 RENDER-OK n=323 id=323 browser_pid=Some(114952) slot=A path=%TEMP%\fc-repro-leak-20261004-200350\localappdata\tw.fintools.fc-host\wallpaper\m-7ebe8f017cddc2d6-a.png wh=2560x1600 body=raw open_ms=257.0 page_ms=351.5 to_png_ms=608.4 close_ms=2.0 write_ms=16.1 warnings=0
1791116301923 VERIFY n=323 dims=Some((2560, 1600)) expect=2560x1600 own_files=2 PASS
1791116302107 BROWSER-EXIT n=323 pid=114952 after_return_ms=184.0
1791116302923 PREV-BROWSER n=324 prev_n=323 pid=114952 alive=false
1791116302923 RENDER-START n=324
1791116303626 RENDER-OK n=324 id=324 browser_pid=Some(115460) slot=B path=%TEMP%\fc-repro-leak-20261004-200350\localappdata\tw.fintools.fc-host\wallpaper\m-7ebe8f017cddc2d6-b.png wh=3840x2160 body=raw open_ms=252.0 page_ms=436.6 to_png_ms=688.6 close_ms=3.1 write_ms=11.3 warnings=0
1791116303627 VERIFY n=324 dims=Some((3840, 2160)) expect=3840x2160 own_files=2 PASS
1791116303808 BROWSER-EXIT n=324 pid=115460 after_return_ms=182.0
1791116306627 PREV-BROWSER n=325 prev_n=324 pid=115460 alive=false
1791116306627 RENDER-START n=325
1791116307242 RENDER-OK n=325 id=325 browser_pid=Some(89468) slot=A path=%TEMP%\fc-repro-leak-20261004-200350\localappdata\tw.fintools.fc-host\wallpaper\m-7ebe8f017cddc2d6-a.png wh=2560x1600 body=raw open_ms=257.0 page_ms=340.0 to_png_ms=597.0 close_ms=2.0 write_ms=15.5 warnings=0
1791116307242 VERIFY n=325 dims=Some((2560, 1600)) expect=2560x1600 own_files=2 PASS
1791116307416 BROWSER-EXIT n=325 pid=89468 after_return_ms=174.3
1791116308242 PREV-BROWSER n=326 prev_n=325 pid=89468 alive=false
1791116308242 RENDER-START n=326
1791116309017 RENDER-OK n=326 id=326 browser_pid=Some(84460) slot=B path=%TEMP%\fc-repro-leak-20261004-200350\localappdata\tw.fintools.fc-host\wallpaper\m-7ebe8f017cddc2d6-b.png wh=3840x2160 body=raw open_ms=290.8 page_ms=471.6 to_png_ms=762.4 close_ms=3.0 write_ms=9.7 warnings=0
1791116309018 VERIFY n=326 dims=Some((3840, 2160)) expect=3840x2160 own_files=2 PASS
1791116309199 BROWSER-EXIT n=326 pid=84460 after_return_ms=181.9
1791116312018 PREV-BROWSER n=327 prev_n=326 pid=84460 alive=false
1791116312018 RENDER-START n=327
1791116312655 RENDER-OK n=327 id=327 browser_pid=Some(96532) slot=A path=%TEMP%\fc-repro-leak-20261004-200350\localappdata\tw.fintools.fc-host\wallpaper\m-7ebe8f017cddc2d6-a.png wh=2560x1600 body=raw open_ms=258.3 page_ms=359.5 to_png_ms=617.9 close_ms=2.2 write_ms=17.0 warnings=0
1791116312655 VERIFY n=327 dims=Some((2560, 1600)) expect=2560x1600 own_files=2 PASS
1791116312824 BROWSER-EXIT n=327 pid=96532 after_return_ms=168.7
1791116313655 PREV-BROWSER n=328 prev_n=327 pid=96532 alive=false
1791116313656 RENDER-START n=328
1791116314387 RENDER-OK n=328 id=328 browser_pid=Some(113088) slot=B path=%TEMP%\fc-repro-leak-20261004-200350\localappdata\tw.fintools.fc-host\wallpaper\m-7ebe8f017cddc2d6-b.png wh=3840x2160 body=raw open_ms=255.0 page_ms=455.5 to_png_ms=710.5 close_ms=2.9 write_ms=17.7 warnings=0
1791116314387 VERIFY n=328 dims=Some((3840, 2160)) expect=3840x2160 own_files=2 PASS
1791116314553 BROWSER-EXIT n=328 pid=113088 after_return_ms=166.4
1791116317387 PREV-BROWSER n=329 prev_n=328 pid=113088 alive=false
1791116317387 RENDER-START n=329
1791116318015 RENDER-OK n=329 id=329 browser_pid=Some(83580) slot=A path=%TEMP%\fc-repro-leak-20261004-200350\localappdata\tw.fintools.fc-host\wallpaper\m-7ebe8f017cddc2d6-a.png wh=2560x1600 body=raw open_ms=256.7 page_ms=352.2 to_png_ms=608.9 close_ms=2.2 write_ms=16.7 warnings=0
1791116318016 VERIFY n=329 dims=Some((2560, 1600)) expect=2560x1600 own_files=2 PASS
1791116318201 BROWSER-EXIT n=329 pid=83580 after_return_ms=185.2
1791116319016 PREV-BROWSER n=330 prev_n=329 pid=83580 alive=false
1791116319016 RENDER-START n=330
1791116319759 RENDER-OK n=330 id=330 browser_pid=Some(96644) slot=B path=%TEMP%\fc-repro-leak-20261004-200350\localappdata\tw.fintools.fc-host\wallpaper\m-7ebe8f017cddc2d6-b.png wh=3840x2160 body=raw open_ms=264.1 page_ms=457.8 to_png_ms=721.9 close_ms=3.8 write_ms=17.5 warnings=0
1791116319760 VERIFY n=330 dims=Some((3840, 2160)) expect=3840x2160 own_files=2 PASS
1791116319931 BROWSER-EXIT n=330 pid=96644 after_return_ms=171.5
1791116322760 PREV-BROWSER n=331 prev_n=330 pid=96644 alive=false
1791116322760 RENDER-START n=331
1791116323450 RENDER-OK n=331 id=331 browser_pid=Some(3212) slot=A path=%TEMP%\fc-repro-leak-20261004-200350\localappdata\tw.fintools.fc-host\wallpaper\m-7ebe8f017cddc2d6-a.png wh=2560x1600 body=raw open_ms=319.5 page_ms=343.5 to_png_ms=663.0 close_ms=2.1 write_ms=24.8 warnings=0
1791116323450 VERIFY n=331 dims=Some((2560, 1600)) expect=2560x1600 own_files=2 PASS
1791116323614 BROWSER-EXIT n=331 pid=3212 after_return_ms=163.9
1791116324450 PREV-BROWSER n=332 prev_n=331 pid=3212 alive=false
1791116324450 RENDER-START n=332
1791116325180 RENDER-OK n=332 id=332 browser_pid=Some(115608) slot=B path=%TEMP%\fc-repro-leak-20261004-200350\localappdata\tw.fintools.fc-host\wallpaper\m-7ebe8f017cddc2d6-b.png wh=3840x2160 body=raw open_ms=264.8 page_ms=450.6 to_png_ms=715.4 close_ms=3.8 write_ms=10.5 warnings=0
1791116325181 VERIFY n=332 dims=Some((3840, 2160)) expect=3840x2160 own_files=2 PASS
1791116325366 BROWSER-EXIT n=332 pid=115608 after_return_ms=185.7
1791116328181 PREV-BROWSER n=333 prev_n=332 pid=115608 alive=false
1791116328181 RENDER-START n=333
1791116328796 RENDER-OK n=333 id=333 browser_pid=Some(112084) slot=A path=%TEMP%\fc-repro-leak-20261004-200350\localappdata\tw.fintools.fc-host\wallpaper\m-7ebe8f017cddc2d6-a.png wh=2560x1600 body=raw open_ms=254.8 page_ms=349.1 to_png_ms=603.9 close_ms=2.1 write_ms=8.8 warnings=0
1791116328796 VERIFY n=333 dims=Some((2560, 1600)) expect=2560x1600 own_files=2 PASS
1791116328978 BROWSER-EXIT n=333 pid=112084 after_return_ms=182.4
1791116329796 PREV-BROWSER n=334 prev_n=333 pid=112084 alive=false
1791116329796 RENDER-START n=334
1791116330528 RENDER-OK n=334 id=334 browser_pid=Some(4596) slot=B path=%TEMP%\fc-repro-leak-20261004-200350\localappdata\tw.fintools.fc-host\wallpaper\m-7ebe8f017cddc2d6-b.png wh=3840x2160 body=raw open_ms=260.5 page_ms=451.1 to_png_ms=711.6 close_ms=3.0 write_ms=17.1 warnings=0
1791116330528 VERIFY n=334 dims=Some((3840, 2160)) expect=3840x2160 own_files=2 PASS
1791116330692 BROWSER-EXIT n=334 pid=4596 after_return_ms=163.6
1791116333529 PREV-BROWSER n=335 prev_n=334 pid=4596 alive=false
1791116333529 RENDER-START n=335
1791116334222 RENDER-OK n=335 id=335 browser_pid=Some(97560) slot=A path=%TEMP%\fc-repro-leak-20261004-200350\localappdata\tw.fintools.fc-host\wallpaper\m-7ebe8f017cddc2d6-a.png wh=2560x1600 body=raw open_ms=320.4 page_ms=361.8 to_png_ms=682.2 close_ms=2.0 write_ms=8.7 warnings=0
1791116334222 VERIFY n=335 dims=Some((2560, 1600)) expect=2560x1600 own_files=2 PASS
1791116334401 BROWSER-EXIT n=335 pid=97560 after_return_ms=179.3
1791116335222 PREV-BROWSER n=336 prev_n=335 pid=97560 alive=false
1791116335222 RENDER-START n=336
1791116335969 RENDER-OK n=336 id=336 browser_pid=Some(114800) slot=B path=%TEMP%\fc-repro-leak-20261004-200350\localappdata\tw.fintools.fc-host\wallpaper\m-7ebe8f017cddc2d6-b.png wh=3840x2160 body=raw open_ms=271.5 page_ms=454.0 to_png_ms=725.5 close_ms=3.4 write_ms=18.0 warnings=0
1791116335969 VERIFY n=336 dims=Some((3840, 2160)) expect=3840x2160 own_files=2 PASS
1791116336141 BROWSER-EXIT n=336 pid=114800 after_return_ms=171.9
1791116338970 PREV-BROWSER n=337 prev_n=336 pid=114800 alive=false
1791116338970 RENDER-START n=337
1791116339606 RENDER-OK n=337 id=337 browser_pid=Some(115376) slot=A path=%TEMP%\fc-repro-leak-20261004-200350\localappdata\tw.fintools.fc-host\wallpaper\m-7ebe8f017cddc2d6-a.png wh=2560x1600 body=raw open_ms=261.3 page_ms=357.3 to_png_ms=618.7 close_ms=1.9 write_ms=15.3 warnings=0
1791116339606 VERIFY n=337 dims=Some((2560, 1600)) expect=2560x1600 own_files=2 PASS
1791116339786 BROWSER-EXIT n=337 pid=115376 after_return_ms=180.6
1791116340606 PREV-BROWSER n=338 prev_n=337 pid=115376 alive=false
1791116340606 RENDER-START n=338
1791116341390 RENDER-OK n=338 id=338 browser_pid=Some(41588) slot=B path=%TEMP%\fc-repro-leak-20261004-200350\localappdata\tw.fintools.fc-host\wallpaper\m-7ebe8f017cddc2d6-b.png wh=3840x2160 body=raw open_ms=310.2 page_ms=460.1 to_png_ms=770.3 close_ms=2.8 write_ms=10.2 warnings=0
1791116341390 VERIFY n=338 dims=Some((3840, 2160)) expect=3840x2160 own_files=2 PASS
1791116341572 BROWSER-EXIT n=338 pid=41588 after_return_ms=182.2
1791116344390 PREV-BROWSER n=339 prev_n=338 pid=41588 alive=false
1791116344390 RENDER-START n=339
1791116345015 RENDER-OK n=339 id=339 browser_pid=Some(111436) slot=A path=%TEMP%\fc-repro-leak-20261004-200350\localappdata\tw.fintools.fc-host\wallpaper\m-7ebe8f017cddc2d6-a.png wh=2560x1600 body=raw open_ms=262.0 page_ms=343.9 to_png_ms=605.9 close_ms=2.4 write_ms=16.5 warnings=0
1791116345016 VERIFY n=339 dims=Some((2560, 1600)) expect=2560x1600 own_files=2 PASS
1791116345189 BROWSER-EXIT n=339 pid=111436 after_return_ms=173.3
1791116346016 PREV-BROWSER n=340 prev_n=339 pid=111436 alive=false
1791116346016 RENDER-START n=340
1791116346742 RENDER-OK n=340 id=340 browser_pid=Some(112844) slot=B path=%TEMP%\fc-repro-leak-20261004-200350\localappdata\tw.fintools.fc-host\wallpaper\m-7ebe8f017cddc2d6-b.png wh=3840x2160 body=raw open_ms=254.6 page_ms=450.7 to_png_ms=705.4 close_ms=3.5 write_ms=16.8 warnings=0
1791116346742 VERIFY n=340 dims=Some((3840, 2160)) expect=3840x2160 own_files=2 PASS
1791116346917 BROWSER-EXIT n=340 pid=112844 after_return_ms=175.1
1791116349742 PREV-BROWSER n=341 prev_n=340 pid=112844 alive=false
1791116349742 RENDER-START n=341
1791116350365 RENDER-OK n=341 id=341 browser_pid=Some(37188) slot=A path=%TEMP%\fc-repro-leak-20261004-200350\localappdata\tw.fintools.fc-host\wallpaper\m-7ebe8f017cddc2d6-a.png wh=2560x1600 body=raw open_ms=261.9 page_ms=342.3 to_png_ms=604.3 close_ms=1.9 write_ms=16.1 warnings=0
1791116350365 VERIFY n=341 dims=Some((2560, 1600)) expect=2560x1600 own_files=2 PASS
1791116350537 BROWSER-EXIT n=341 pid=37188 after_return_ms=171.9
1791116351365 PREV-BROWSER n=342 prev_n=341 pid=37188 alive=false
1791116351365 RENDER-START n=342
1791116352099 RENDER-OK n=342 id=342 browser_pid=Some(111524) slot=B path=%TEMP%\fc-repro-leak-20261004-200350\localappdata\tw.fintools.fc-host\wallpaper\m-7ebe8f017cddc2d6-b.png wh=3840x2160 body=raw open_ms=257.1 page_ms=453.8 to_png_ms=710.9 close_ms=4.2 write_ms=18.5 warnings=0
1791116352100 VERIFY n=342 dims=Some((3840, 2160)) expect=3840x2160 own_files=2 PASS
1791116352274 BROWSER-EXIT n=342 pid=111524 after_return_ms=175.1
1791116355100 PREV-BROWSER n=343 prev_n=342 pid=111524 alive=false
1791116355100 RENDER-START n=343
1791116355734 RENDER-OK n=343 id=343 browser_pid=Some(110924) slot=A path=%TEMP%\fc-repro-leak-20261004-200350\localappdata\tw.fintools.fc-host\wallpaper\m-7ebe8f017cddc2d6-a.png wh=2560x1600 body=raw open_ms=264.7 page_ms=358.0 to_png_ms=622.7 close_ms=2.9 write_ms=8.1 warnings=0
1791116355734 VERIFY n=343 dims=Some((2560, 1600)) expect=2560x1600 own_files=2 PASS
1791116355917 BROWSER-EXIT n=343 pid=110924 after_return_ms=183.3
1791116356734 PREV-BROWSER n=344 prev_n=343 pid=110924 alive=false
1791116356734 RENDER-START n=344
1791116357467 RENDER-OK n=344 id=344 browser_pid=Some(100012) slot=B path=%TEMP%\fc-repro-leak-20261004-200350\localappdata\tw.fintools.fc-host\wallpaper\m-7ebe8f017cddc2d6-b.png wh=3840x2160 body=raw open_ms=253.7 page_ms=457.1 to_png_ms=710.8 close_ms=3.1 write_ms=18.2 warnings=0
1791116357467 VERIFY n=344 dims=Some((3840, 2160)) expect=3840x2160 own_files=2 PASS
1791116357638 BROWSER-EXIT n=344 pid=100012 after_return_ms=171.8
1791116360467 PREV-BROWSER n=345 prev_n=344 pid=100012 alive=false
1791116360467 RENDER-START n=345
1791116361089 RENDER-OK n=345 id=345 browser_pid=Some(115048) slot=A path=%TEMP%\fc-repro-leak-20261004-200350\localappdata\tw.fintools.fc-host\wallpaper\m-7ebe8f017cddc2d6-a.png wh=2560x1600 body=raw open_ms=259.6 page_ms=344.1 to_png_ms=603.6 close_ms=2.1 write_ms=16.2 warnings=0
1791116361090 VERIFY n=345 dims=Some((2560, 1600)) expect=2560x1600 own_files=2 PASS
1791116361267 BROWSER-EXIT n=345 pid=115048 after_return_ms=178.0
1791116362090 PREV-BROWSER n=346 prev_n=345 pid=115048 alive=false
1791116362090 RENDER-START n=346
1791116362937 RENDER-OK n=346 id=346 browser_pid=Some(62828) slot=B path=%TEMP%\fc-repro-leak-20261004-200350\localappdata\tw.fintools.fc-host\wallpaper\m-7ebe8f017cddc2d6-b.png wh=3840x2160 body=raw open_ms=355.3 page_ms=470.0 to_png_ms=825.3 close_ms=2.9 write_ms=18.6 warnings=0
1791116362937 VERIFY n=346 dims=Some((3840, 2160)) expect=3840x2160 own_files=2 PASS
1791116363104 BROWSER-EXIT n=346 pid=62828 after_return_ms=167.6
1791116365937 PREV-BROWSER n=347 prev_n=346 pid=62828 alive=false
1791116365937 RENDER-START n=347
1791116366618 RENDER-OK n=347 id=347 browser_pid=Some(113712) slot=A path=%TEMP%\fc-repro-leak-20261004-200350\localappdata\tw.fintools.fc-host\wallpaper\m-7ebe8f017cddc2d6-a.png wh=2560x1600 body=raw open_ms=324.6 page_ms=337.9 to_png_ms=662.5 close_ms=2.0 write_ms=15.9 warnings=0
1791116366618 VERIFY n=347 dims=Some((2560, 1600)) expect=2560x1600 own_files=2 PASS
1791116366783 BROWSER-EXIT n=347 pid=113712 after_return_ms=165.2
1791116367618 PREV-BROWSER n=348 prev_n=347 pid=113712 alive=false
1791116367618 RENDER-START n=348
1791116368395 RENDER-OK n=348 id=348 browser_pid=Some(29476) slot=B path=%TEMP%\fc-repro-leak-20261004-200350\localappdata\tw.fintools.fc-host\wallpaper\m-7ebe8f017cddc2d6-b.png wh=3840x2160 body=raw open_ms=316.2 page_ms=446.2 to_png_ms=762.4 close_ms=3.1 write_ms=11.0 warnings=0
1791116368395 VERIFY n=348 dims=Some((3840, 2160)) expect=3840x2160 own_files=2 PASS
1791116368581 BROWSER-EXIT n=348 pid=29476 after_return_ms=186.3
1791116371395 PREV-BROWSER n=349 prev_n=348 pid=29476 alive=false
1791116371395 RENDER-START n=349
1791116372022 RENDER-OK n=349 id=349 browser_pid=Some(40184) slot=A path=%TEMP%\fc-repro-leak-20261004-200350\localappdata\tw.fintools.fc-host\wallpaper\m-7ebe8f017cddc2d6-a.png wh=2560x1600 body=raw open_ms=260.1 page_ms=348.1 to_png_ms=608.2 close_ms=2.7 write_ms=15.5 warnings=0
1791116372022 VERIFY n=349 dims=Some((2560, 1600)) expect=2560x1600 own_files=2 PASS
1791116372204 BROWSER-EXIT n=349 pid=40184 after_return_ms=181.8
1791116373022 PREV-BROWSER n=350 prev_n=349 pid=40184 alive=false
1791116373022 RENDER-START n=350
1791116373788 RENDER-OK n=350 id=350 browser_pid=Some(100004) slot=B path=%TEMP%\fc-repro-leak-20261004-200350\localappdata\tw.fintools.fc-host\wallpaper\m-7ebe8f017cddc2d6-b.png wh=3840x2160 body=raw open_ms=287.6 page_ms=462.6 to_png_ms=750.2 close_ms=2.8 write_ms=12.0 warnings=0
1791116373788 VERIFY n=350 dims=Some((3840, 2160)) expect=3840x2160 own_files=2 PASS
1791116373968 BROWSER-EXIT n=350 pid=100004 after_return_ms=180.5
1791116376788 PREV-BROWSER n=351 prev_n=350 pid=100004 alive=false
1791116376788 RENDER-START n=351
1791116377461 RENDER-OK n=351 id=351 browser_pid=Some(69608) slot=A path=%TEMP%\fc-repro-leak-20261004-200350\localappdata\tw.fintools.fc-host\wallpaper\m-7ebe8f017cddc2d6-a.png wh=2560x1600 body=raw open_ms=314.2 page_ms=340.6 to_png_ms=654.9 close_ms=2.1 write_ms=15.7 warnings=0
1791116377461 VERIFY n=351 dims=Some((2560, 1600)) expect=2560x1600 own_files=2 PASS
1791116377642 BROWSER-EXIT n=351 pid=69608 after_return_ms=181.3
1791116378461 PREV-BROWSER n=352 prev_n=351 pid=69608 alive=false
1791116378461 RENDER-START n=352
1791116379258 RENDER-OK n=352 id=352 browser_pid=Some(113368) slot=B path=%TEMP%\fc-repro-leak-20261004-200350\localappdata\tw.fintools.fc-host\wallpaper\m-7ebe8f017cddc2d6-b.png wh=3840x2160 body=raw open_ms=324.9 page_ms=457.6 to_png_ms=782.5 close_ms=2.8 write_ms=11.4 warnings=0
1791116379258 VERIFY n=352 dims=Some((3840, 2160)) expect=3840x2160 own_files=2 PASS
1791116379444 BROWSER-EXIT n=352 pid=113368 after_return_ms=186.1
1791116382258 PREV-BROWSER n=353 prev_n=352 pid=113368 alive=false
1791116382258 RENDER-START n=353
1791116382915 RENDER-OK n=353 id=353 browser_pid=Some(109864) slot=A path=%TEMP%\fc-repro-leak-20261004-200350\localappdata\tw.fintools.fc-host\wallpaper\m-7ebe8f017cddc2d6-a.png wh=2560x1600 body=raw open_ms=290.6 page_ms=346.5 to_png_ms=637.0 close_ms=2.2 write_ms=16.8 warnings=0
1791116382915 VERIFY n=353 dims=Some((2560, 1600)) expect=2560x1600 own_files=2 PASS
1791116383087 BROWSER-EXIT n=353 pid=109864 after_return_ms=172.4
1791116383915 PREV-BROWSER n=354 prev_n=353 pid=109864 alive=false
1791116383915 RENDER-START n=354
1791116384694 RENDER-OK n=354 id=354 browser_pid=Some(36168) slot=B path=%TEMP%\fc-repro-leak-20261004-200350\localappdata\tw.fintools.fc-host\wallpaper\m-7ebe8f017cddc2d6-b.png wh=3840x2160 body=raw open_ms=300.1 page_ms=464.6 to_png_ms=764.7 close_ms=2.9 write_ms=10.8 warnings=0
1791116384694 VERIFY n=354 dims=Some((3840, 2160)) expect=3840x2160 own_files=2 PASS
1791116384884 BROWSER-EXIT n=354 pid=36168 after_return_ms=189.9
1791116387694 PREV-BROWSER n=355 prev_n=354 pid=36168 alive=false
1791116387694 RENDER-START n=355
1791116388392 RENDER-OK n=355 id=355 browser_pid=Some(115084) slot=A path=%TEMP%\fc-repro-leak-20261004-200350\localappdata\tw.fintools.fc-host\wallpaper\m-7ebe8f017cddc2d6-a.png wh=2560x1600 body=raw open_ms=320.3 page_ms=359.5 to_png_ms=679.8 close_ms=2.3 write_ms=15.7 warnings=0
1791116388392 VERIFY n=355 dims=Some((2560, 1600)) expect=2560x1600 own_files=2 PASS
1791116388563 BROWSER-EXIT n=355 pid=115084 after_return_ms=170.3
1791116389392 PREV-BROWSER n=356 prev_n=355 pid=115084 alive=false
1791116389392 RENDER-START n=356
1791116390180 RENDER-OK n=356 id=356 browser_pid=Some(85452) slot=B path=%TEMP%\fc-repro-leak-20261004-200350\localappdata\tw.fintools.fc-host\wallpaper\m-7ebe8f017cddc2d6-b.png wh=3840x2160 body=raw open_ms=321.2 page_ms=452.4 to_png_ms=773.6 close_ms=2.8 write_ms=10.8 warnings=0
1791116390180 VERIFY n=356 dims=Some((3840, 2160)) expect=3840x2160 own_files=2 PASS
1791116390361 BROWSER-EXIT n=356 pid=85452 after_return_ms=181.7
1791116393180 PREV-BROWSER n=357 prev_n=356 pid=85452 alive=false
1791116393180 RENDER-START n=357
1791116393912 RENDER-OK n=357 id=357 browser_pid=Some(68540) slot=A path=%TEMP%\fc-repro-leak-20261004-200350\localappdata\tw.fintools.fc-host\wallpaper\m-7ebe8f017cddc2d6-a.png wh=2560x1600 body=raw open_ms=359.6 page_ms=354.0 to_png_ms=713.7 close_ms=2.5 write_ms=14.8 warnings=0
1791116393912 VERIFY n=357 dims=Some((2560, 1600)) expect=2560x1600 own_files=2 PASS
1791116394090 BROWSER-EXIT n=357 pid=68540 after_return_ms=178.0
1791116394912 PREV-BROWSER n=358 prev_n=357 pid=68540 alive=false
1791116394912 RENDER-START n=358
1791116395644 RENDER-OK n=358 id=358 browser_pid=Some(114296) slot=B path=%TEMP%\fc-repro-leak-20261004-200350\localappdata\tw.fintools.fc-host\wallpaper\m-7ebe8f017cddc2d6-b.png wh=3840x2160 body=raw open_ms=255.9 page_ms=455.0 to_png_ms=711.0 close_ms=3.2 write_ms=17.6 warnings=0
1791116395644 VERIFY n=358 dims=Some((3840, 2160)) expect=3840x2160 own_files=2 PASS
1791116395818 BROWSER-EXIT n=358 pid=114296 after_return_ms=173.5
1791116398645 PREV-BROWSER n=359 prev_n=358 pid=114296 alive=false
1791116398645 RENDER-START n=359
1791116399295 RENDER-OK n=359 id=359 browser_pid=Some(111304) slot=A path=%TEMP%\fc-repro-leak-20261004-200350\localappdata\tw.fintools.fc-host\wallpaper\m-7ebe8f017cddc2d6-a.png wh=2560x1600 body=raw open_ms=271.9 page_ms=360.9 to_png_ms=632.8 close_ms=2.1 write_ms=15.4 warnings=0
1791116399295 VERIFY n=359 dims=Some((2560, 1600)) expect=2560x1600 own_files=2 PASS
1791116399477 BROWSER-EXIT n=359 pid=111304 after_return_ms=182.3
1791116400296 PREV-BROWSER n=360 prev_n=359 pid=111304 alive=false
1791116400296 RENDER-START n=360
1791116401038 RENDER-OK n=360 id=360 browser_pid=Some(79120) slot=B path=%TEMP%\fc-repro-leak-20261004-200350\localappdata\tw.fintools.fc-host\wallpaper\m-7ebe8f017cddc2d6-b.png wh=3840x2160 body=raw open_ms=268.9 page_ms=457.8 to_png_ms=726.7 close_ms=3.1 write_ms=11.6 warnings=0
1791116401038 VERIFY n=360 dims=Some((3840, 2160)) expect=3840x2160 own_files=2 PASS
1791116401233 BROWSER-EXIT n=360 pid=79120 after_return_ms=195.0
1791116404038 PREV-BROWSER n=361 prev_n=360 pid=79120 alive=false
1791116404038 RENDER-START n=361
1791116404689 RENDER-OK n=361 id=361 browser_pid=Some(6720) slot=A path=%TEMP%\fc-repro-leak-20261004-200350\localappdata\tw.fintools.fc-host\wallpaper\m-7ebe8f017cddc2d6-a.png wh=2560x1600 body=raw open_ms=277.8 page_ms=357.7 to_png_ms=635.5 close_ms=3.0 write_ms=12.1 warnings=0
1791116404689 VERIFY n=361 dims=Some((2560, 1600)) expect=2560x1600 own_files=2 PASS
1791116404874 BROWSER-EXIT n=361 pid=6720 after_return_ms=185.4
1791116405689 PREV-BROWSER n=362 prev_n=361 pid=6720 alive=false
1791116405689 RENDER-START n=362
1791116406417 RENDER-OK n=362 id=362 browser_pid=Some(87536) slot=B path=%TEMP%\fc-repro-leak-20261004-200350\localappdata\tw.fintools.fc-host\wallpaper\m-7ebe8f017cddc2d6-b.png wh=3840x2160 body=raw open_ms=265.0 page_ms=449.3 to_png_ms=714.2 close_ms=3.2 write_ms=10.6 warnings=0
1791116406418 VERIFY n=362 dims=Some((3840, 2160)) expect=3840x2160 own_files=2 PASS
1791116406602 BROWSER-EXIT n=362 pid=87536 after_return_ms=184.7
1791116409418 PREV-BROWSER n=363 prev_n=362 pid=87536 alive=false
1791116409418 RENDER-START n=363
1791116410040 RENDER-OK n=363 id=363 browser_pid=Some(115156) slot=A path=%TEMP%\fc-repro-leak-20261004-200350\localappdata\tw.fintools.fc-host\wallpaper\m-7ebe8f017cddc2d6-a.png wh=2560x1600 body=raw open_ms=262.9 page_ms=341.9 to_png_ms=604.8 close_ms=2.0 write_ms=15.4 warnings=0
1791116410040 VERIFY n=363 dims=Some((2560, 1600)) expect=2560x1600 own_files=2 PASS
1791116410221 BROWSER-EXIT n=363 pid=115156 after_return_ms=181.2
1791116411041 PREV-BROWSER n=364 prev_n=363 pid=115156 alive=false
1791116411041 RENDER-START n=364
1791116411839 RENDER-OK n=364 id=364 browser_pid=Some(98180) slot=B path=%TEMP%\fc-repro-leak-20261004-200350\localappdata\tw.fintools.fc-host\wallpaper\m-7ebe8f017cddc2d6-b.png wh=3840x2160 body=raw open_ms=327.0 page_ms=450.6 to_png_ms=777.6 close_ms=2.8 write_ms=17.9 warnings=0
1791116411839 VERIFY n=364 dims=Some((3840, 2160)) expect=3840x2160 own_files=2 PASS
1791116412016 BROWSER-EXIT n=364 pid=98180 after_return_ms=176.6
1791116414840 PREV-BROWSER n=365 prev_n=364 pid=98180 alive=false
1791116414840 RENDER-START n=365
1791116415456 RENDER-OK n=365 id=365 browser_pid=Some(114124) slot=A path=%TEMP%\fc-repro-leak-20261004-200350\localappdata\tw.fintools.fc-host\wallpaper\m-7ebe8f017cddc2d6-a.png wh=2560x1600 body=raw open_ms=258.6 page_ms=339.7 to_png_ms=598.4 close_ms=2.0 write_ms=15.4 warnings=0
1791116415456 VERIFY n=365 dims=Some((2560, 1600)) expect=2560x1600 own_files=2 PASS
1791116415631 BROWSER-EXIT n=365 pid=114124 after_return_ms=175.7
1791116416456 PREV-BROWSER n=366 prev_n=365 pid=114124 alive=false
1791116416456 RENDER-START n=366
1791116417189 RENDER-OK n=366 id=366 browser_pid=Some(113688) slot=B path=%TEMP%\fc-repro-leak-20261004-200350\localappdata\tw.fintools.fc-host\wallpaper\m-7ebe8f017cddc2d6-b.png wh=3840x2160 body=raw open_ms=263.9 page_ms=448.2 to_png_ms=712.1 close_ms=2.8 write_ms=17.9 warnings=0
1791116417189 VERIFY n=366 dims=Some((3840, 2160)) expect=3840x2160 own_files=2 PASS
1791116417372 BROWSER-EXIT n=366 pid=113688 after_return_ms=183.2
1791116420189 PREV-BROWSER n=367 prev_n=366 pid=113688 alive=false
1791116420189 RENDER-START n=367
1791116420806 RENDER-OK n=367 id=367 browser_pid=Some(97172) slot=A path=%TEMP%\fc-repro-leak-20261004-200350\localappdata\tw.fintools.fc-host\wallpaper\m-7ebe8f017cddc2d6-a.png wh=2560x1600 body=raw open_ms=259.2 page_ms=344.6 to_png_ms=603.8 close_ms=2.8 write_ms=10.2 warnings=0
1791116420807 VERIFY n=367 dims=Some((2560, 1600)) expect=2560x1600 own_files=2 PASS
1791116420992 BROWSER-EXIT n=367 pid=97172 after_return_ms=185.7
1791116421807 PREV-BROWSER n=368 prev_n=367 pid=97172 alive=false
1791116421807 RENDER-START n=368
1791116422551 RENDER-OK n=368 id=368 browser_pid=Some(103860) slot=B path=%TEMP%\fc-repro-leak-20261004-200350\localappdata\tw.fintools.fc-host\wallpaper\m-7ebe8f017cddc2d6-b.png wh=3840x2160 body=raw open_ms=271.9 page_ms=450.4 to_png_ms=722.3 close_ms=3.0 write_ms=18.3 warnings=0
1791116422551 VERIFY n=368 dims=Some((3840, 2160)) expect=3840x2160 own_files=2 PASS
1791116422733 BROWSER-EXIT n=368 pid=103860 after_return_ms=182.1
1791116425551 PREV-BROWSER n=369 prev_n=368 pid=103860 alive=false
1791116425551 RENDER-START n=369
1791116426214 RENDER-OK n=369 id=369 browser_pid=Some(109572) slot=A path=%TEMP%\fc-repro-leak-20261004-200350\localappdata\tw.fintools.fc-host\wallpaper\m-7ebe8f017cddc2d6-a.png wh=2560x1600 body=raw open_ms=302.4 page_ms=342.6 to_png_ms=645.0 close_ms=1.9 write_ms=16.5 warnings=0
1791116426215 VERIFY n=369 dims=Some((2560, 1600)) expect=2560x1600 own_files=2 PASS
1791116426396 BROWSER-EXIT n=369 pid=109572 after_return_ms=181.9
1791116427215 PREV-BROWSER n=370 prev_n=369 pid=109572 alive=false
1791116427215 RENDER-START n=370
1791116427943 RENDER-OK n=370 id=370 browser_pid=Some(111984) slot=B path=%TEMP%\fc-repro-leak-20261004-200350\localappdata\tw.fintools.fc-host\wallpaper\m-7ebe8f017cddc2d6-b.png wh=3840x2160 body=raw open_ms=265.6 page_ms=441.9 to_png_ms=707.6 close_ms=2.8 write_ms=17.5 warnings=0
1791116427943 VERIFY n=370 dims=Some((3840, 2160)) expect=3840x2160 own_files=2 PASS
1791116428122 BROWSER-EXIT n=370 pid=111984 after_return_ms=179.2
1791116430943 PREV-BROWSER n=371 prev_n=370 pid=111984 alive=false
1791116430943 RENDER-START n=371
1791116431573 RENDER-OK n=371 id=371 browser_pid=Some(115524) slot=A path=%TEMP%\fc-repro-leak-20261004-200350\localappdata\tw.fintools.fc-host\wallpaper\m-7ebe8f017cddc2d6-a.png wh=2560x1600 body=raw open_ms=266.0 page_ms=344.9 to_png_ms=610.9 close_ms=2.5 write_ms=15.5 warnings=0
1791116431573 VERIFY n=371 dims=Some((2560, 1600)) expect=2560x1600 own_files=2 PASS
1791116431747 BROWSER-EXIT n=371 pid=115524 after_return_ms=174.1
1791116432573 PREV-BROWSER n=372 prev_n=371 pid=115524 alive=false
1791116432573 RENDER-START n=372
1791116433285 RENDER-OK n=372 id=372 browser_pid=Some(90244) slot=B path=%TEMP%\fc-repro-leak-20261004-200350\localappdata\tw.fintools.fc-host\wallpaper\m-7ebe8f017cddc2d6-b.png wh=3840x2160 body=raw open_ms=261.7 page_ms=428.0 to_png_ms=689.6 close_ms=2.7 write_ms=19.1 warnings=0
1791116433285 VERIFY n=372 dims=Some((3840, 2160)) expect=3840x2160 own_files=2 PASS
1791116433463 BROWSER-EXIT n=372 pid=90244 after_return_ms=177.9
1791116436285 PREV-BROWSER n=373 prev_n=372 pid=90244 alive=false
1791116436285 RENDER-START n=373
1791116436901 RENDER-OK n=373 id=373 browser_pid=Some(100952) slot=A path=%TEMP%\fc-repro-leak-20261004-200350\localappdata\tw.fintools.fc-host\wallpaper\m-7ebe8f017cddc2d6-a.png wh=2560x1600 body=raw open_ms=257.1 page_ms=341.4 to_png_ms=598.5 close_ms=1.9 write_ms=15.4 warnings=0
1791116436902 VERIFY n=373 dims=Some((2560, 1600)) expect=2560x1600 own_files=2 PASS
1791116437075 BROWSER-EXIT n=373 pid=100952 after_return_ms=173.6
1791116437902 PREV-BROWSER n=374 prev_n=373 pid=100952 alive=false
1791116437902 RENDER-START n=374
1791116438649 RENDER-OK n=374 id=374 browser_pid=Some(25144) slot=B path=%TEMP%\fc-repro-leak-20261004-200350\localappdata\tw.fintools.fc-host\wallpaper\m-7ebe8f017cddc2d6-b.png wh=3840x2160 body=raw open_ms=293.6 page_ms=432.9 to_png_ms=726.5 close_ms=3.4 write_ms=16.7 warnings=0
1791116438649 VERIFY n=374 dims=Some((3840, 2160)) expect=3840x2160 own_files=2 PASS
1791116438830 BROWSER-EXIT n=374 pid=25144 after_return_ms=180.9
1791116441649 PREV-BROWSER n=375 prev_n=374 pid=25144 alive=false
1791116441649 RENDER-START n=375
1791116442265 RENDER-OK n=375 id=375 browser_pid=Some(21672) slot=A path=%TEMP%\fc-repro-leak-20261004-200350\localappdata\tw.fintools.fc-host\wallpaper\m-7ebe8f017cddc2d6-a.png wh=2560x1600 body=raw open_ms=257.9 page_ms=340.0 to_png_ms=597.9 close_ms=2.1 write_ms=15.2 warnings=0
1791116442265 VERIFY n=375 dims=Some((2560, 1600)) expect=2560x1600 own_files=2 PASS
1791116442433 BROWSER-EXIT n=375 pid=21672 after_return_ms=168.9
1791116443265 PREV-BROWSER n=376 prev_n=375 pid=21672 alive=false
1791116443265 RENDER-START n=376
1791116443975 RENDER-OK n=376 id=376 browser_pid=Some(112988) slot=B path=%TEMP%\fc-repro-leak-20261004-200350\localappdata\tw.fintools.fc-host\wallpaper\m-7ebe8f017cddc2d6-b.png wh=3840x2160 body=raw open_ms=257.5 page_ms=437.6 to_png_ms=695.0 close_ms=3.2 write_ms=11.0 warnings=0
1791116443975 VERIFY n=376 dims=Some((3840, 2160)) expect=3840x2160 own_files=2 PASS
1791116444156 BROWSER-EXIT n=376 pid=112988 after_return_ms=181.3
1791116446975 PREV-BROWSER n=377 prev_n=376 pid=112988 alive=false
1791116446975 RENDER-START n=377
1791116447597 RENDER-OK n=377 id=377 browser_pid=Some(114136) slot=A path=%TEMP%\fc-repro-leak-20261004-200350\localappdata\tw.fintools.fc-host\wallpaper\m-7ebe8f017cddc2d6-a.png wh=2560x1600 body=raw open_ms=256.6 page_ms=348.3 to_png_ms=605.0 close_ms=2.0 write_ms=14.9 warnings=0
1791116447597 VERIFY n=377 dims=Some((2560, 1600)) expect=2560x1600 own_files=2 PASS
1791116447772 BROWSER-EXIT n=377 pid=114136 after_return_ms=174.3
1791116448598 PREV-BROWSER n=378 prev_n=377 pid=114136 alive=false
1791116448598 RENDER-START n=378
1791116449401 RENDER-OK n=378 id=378 browser_pid=Some(88804) slot=B path=%TEMP%\fc-repro-leak-20261004-200350\localappdata\tw.fintools.fc-host\wallpaper\m-7ebe8f017cddc2d6-b.png wh=3840x2160 body=raw open_ms=322.5 page_ms=458.3 to_png_ms=780.7 close_ms=3.1 write_ms=18.6 warnings=0
1791116449401 VERIFY n=378 dims=Some((3840, 2160)) expect=3840x2160 own_files=2 PASS
1791116449576 BROWSER-EXIT n=378 pid=88804 after_return_ms=175.7
1791116452401 PREV-BROWSER n=379 prev_n=378 pid=88804 alive=false
1791116452401 RENDER-START n=379
1791116453021 RENDER-OK n=379 id=379 browser_pid=Some(80916) slot=A path=%TEMP%\fc-repro-leak-20261004-200350\localappdata\tw.fintools.fc-host\wallpaper\m-7ebe8f017cddc2d6-a.png wh=2560x1600 body=raw open_ms=260.4 page_ms=341.4 to_png_ms=601.8 close_ms=2.0 write_ms=15.7 warnings=0
1791116453021 VERIFY n=379 dims=Some((2560, 1600)) expect=2560x1600 own_files=2 PASS
1791116453193 BROWSER-EXIT n=379 pid=80916 after_return_ms=172.3
1791116454021 PREV-BROWSER n=380 prev_n=379 pid=80916 alive=false
1791116454021 RENDER-START n=380
1791116454743 RENDER-OK n=380 id=380 browser_pid=Some(114372) slot=B path=%TEMP%\fc-repro-leak-20261004-200350\localappdata\tw.fintools.fc-host\wallpaper\m-7ebe8f017cddc2d6-b.png wh=3840x2160 body=raw open_ms=255.6 page_ms=450.5 to_png_ms=706.1 close_ms=3.6 write_ms=11.7 warnings=0
1791116454743 VERIFY n=380 dims=Some((3840, 2160)) expect=3840x2160 own_files=2 PASS
1791116454932 BROWSER-EXIT n=380 pid=114372 after_return_ms=189.4
1791116457743 PREV-BROWSER n=381 prev_n=380 pid=114372 alive=false
1791116457743 RENDER-START n=381
1791116458355 RENDER-OK n=381 id=381 browser_pid=Some(105348) slot=A path=%TEMP%\fc-repro-leak-20261004-200350\localappdata\tw.fintools.fc-host\wallpaper\m-7ebe8f017cddc2d6-a.png wh=2560x1600 body=raw open_ms=257.6 page_ms=343.2 to_png_ms=600.8 close_ms=1.9 write_ms=8.5 warnings=0
1791116458355 VERIFY n=381 dims=Some((2560, 1600)) expect=2560x1600 own_files=2 PASS
1791116458534 BROWSER-EXIT n=381 pid=105348 after_return_ms=179.2
1791116459355 PREV-BROWSER n=382 prev_n=381 pid=105348 alive=false
1791116459355 RENDER-START n=382
1791116460145 RENDER-OK n=382 id=382 browser_pid=Some(41864) slot=B path=%TEMP%\fc-repro-leak-20261004-200350\localappdata\tw.fintools.fc-host\wallpaper\m-7ebe8f017cddc2d6-b.png wh=3840x2160 body=raw open_ms=325.1 page_ms=443.4 to_png_ms=768.4 close_ms=3.1 write_ms=18.7 warnings=0
1791116460146 VERIFY n=382 dims=Some((3840, 2160)) expect=3840x2160 own_files=2 PASS
1791116460316 BROWSER-EXIT n=382 pid=41864 after_return_ms=170.6
1791116463146 PREV-BROWSER n=383 prev_n=382 pid=41864 alive=false
1791116463146 RENDER-START n=383
1791116463762 RENDER-OK n=383 id=383 browser_pid=Some(98788) slot=A path=%TEMP%\fc-repro-leak-20261004-200350\localappdata\tw.fintools.fc-host\wallpaper\m-7ebe8f017cddc2d6-a.png wh=2560x1600 body=raw open_ms=255.6 page_ms=349.1 to_png_ms=604.7 close_ms=2.6 write_ms=8.9 warnings=0
1791116463762 VERIFY n=383 dims=Some((2560, 1600)) expect=2560x1600 own_files=2 PASS
1791116463935 BROWSER-EXIT n=383 pid=98788 after_return_ms=173.1
1791116464762 PREV-BROWSER n=384 prev_n=383 pid=98788 alive=false
1791116464762 RENDER-START n=384
1791116465481 RENDER-OK n=384 id=384 browser_pid=Some(109980) slot=B path=%TEMP%\fc-repro-leak-20261004-200350\localappdata\tw.fintools.fc-host\wallpaper\m-7ebe8f017cddc2d6-b.png wh=3840x2160 body=raw open_ms=255.2 page_ms=443.4 to_png_ms=698.7 close_ms=3.0 write_ms=16.8 warnings=0
1791116465481 VERIFY n=384 dims=Some((3840, 2160)) expect=3840x2160 own_files=2 PASS
1791116465653 BROWSER-EXIT n=384 pid=109980 after_return_ms=171.7
1791116468481 PREV-BROWSER n=385 prev_n=384 pid=109980 alive=false
1791116468481 RENDER-START n=385
1791116469124 RENDER-OK n=385 id=385 browser_pid=Some(21644) slot=A path=%TEMP%\fc-repro-leak-20261004-200350\localappdata\tw.fintools.fc-host\wallpaper\m-7ebe8f017cddc2d6-a.png wh=2560x1600 body=raw open_ms=278.7 page_ms=344.5 to_png_ms=623.2 close_ms=2.3 write_ms=16.4 warnings=0
1791116469124 VERIFY n=385 dims=Some((2560, 1600)) expect=2560x1600 own_files=2 PASS
1791116469306 BROWSER-EXIT n=385 pid=21644 after_return_ms=182.3
1791116470124 PREV-BROWSER n=386 prev_n=385 pid=21644 alive=false
1791116470124 RENDER-START n=386
1791116470854 RENDER-OK n=386 id=386 browser_pid=Some(115668) slot=B path=%TEMP%\fc-repro-leak-20261004-200350\localappdata\tw.fintools.fc-host\wallpaper\m-7ebe8f017cddc2d6-b.png wh=3840x2160 body=raw open_ms=258.5 page_ms=450.7 to_png_ms=709.2 close_ms=3.7 write_ms=16.8 warnings=0
1791116470854 VERIFY n=386 dims=Some((3840, 2160)) expect=3840x2160 own_files=2 PASS
1791116471035 BROWSER-EXIT n=386 pid=115668 after_return_ms=181.1
1791116473854 PREV-BROWSER n=387 prev_n=386 pid=115668 alive=false
1791116473854 RENDER-START n=387
1791116474480 RENDER-OK n=387 id=387 browser_pid=Some(114892) slot=A path=%TEMP%\fc-repro-leak-20261004-200350\localappdata\tw.fintools.fc-host\wallpaper\m-7ebe8f017cddc2d6-a.png wh=2560x1600 body=raw open_ms=259.6 page_ms=347.8 to_png_ms=607.4 close_ms=2.0 write_ms=16.7 warnings=0
1791116474480 VERIFY n=387 dims=Some((2560, 1600)) expect=2560x1600 own_files=2 PASS
1791116474653 BROWSER-EXIT n=387 pid=114892 after_return_ms=172.3
1791116475481 PREV-BROWSER n=388 prev_n=387 pid=114892 alive=false
1791116475481 RENDER-START n=388
1791116476213 RENDER-OK n=388 id=388 browser_pid=Some(64672) slot=B path=%TEMP%\fc-repro-leak-20261004-200350\localappdata\tw.fintools.fc-host\wallpaper\m-7ebe8f017cddc2d6-b.png wh=3840x2160 body=raw open_ms=257.9 page_ms=452.6 to_png_ms=710.5 close_ms=2.8 write_ms=18.1 warnings=0
1791116476213 VERIFY n=388 dims=Some((3840, 2160)) expect=3840x2160 own_files=2 PASS
1791116476382 BROWSER-EXIT n=388 pid=64672 after_return_ms=169.7
1791116479213 PREV-BROWSER n=389 prev_n=388 pid=64672 alive=false
1791116479213 RENDER-START n=389
1791116479828 RENDER-OK n=389 id=389 browser_pid=Some(54084) slot=A path=%TEMP%\fc-repro-leak-20261004-200350\localappdata\tw.fintools.fc-host\wallpaper\m-7ebe8f017cddc2d6-a.png wh=2560x1600 body=raw open_ms=257.2 page_ms=339.8 to_png_ms=596.9 close_ms=2.2 write_ms=16.3 warnings=0
1791116479829 VERIFY n=389 dims=Some((2560, 1600)) expect=2560x1600 own_files=2 PASS
1791116480007 BROWSER-EXIT n=389 pid=54084 after_return_ms=178.5
1791116480829 PREV-BROWSER n=390 prev_n=389 pid=54084 alive=false
1791116480829 RENDER-START n=390
1791116481553 RENDER-OK n=390 id=390 browser_pid=Some(111736) slot=B path=%TEMP%\fc-repro-leak-20261004-200350\localappdata\tw.fintools.fc-host\wallpaper\m-7ebe8f017cddc2d6-b.png wh=3840x2160 body=raw open_ms=258.5 page_ms=451.4 to_png_ms=709.9 close_ms=2.9 write_ms=10.8 warnings=0
1791116481553 VERIFY n=390 dims=Some((3840, 2160)) expect=3840x2160 own_files=2 PASS
1791116481740 BROWSER-EXIT n=390 pid=111736 after_return_ms=187.1
1791116484553 PREV-BROWSER n=391 prev_n=390 pid=111736 alive=false
1791116484553 RENDER-START n=391
1791116485164 RENDER-OK n=391 id=391 browser_pid=Some(90248) slot=A path=%TEMP%\fc-repro-leak-20261004-200350\localappdata\tw.fintools.fc-host\wallpaper\m-7ebe8f017cddc2d6-a.png wh=2560x1600 body=raw open_ms=257.1 page_ms=341.9 to_png_ms=599.0 close_ms=2.0 write_ms=10.0 warnings=0
1791116485164 VERIFY n=391 dims=Some((2560, 1600)) expect=2560x1600 own_files=2 PASS
1791116485348 BROWSER-EXIT n=391 pid=90248 after_return_ms=183.6
1791116486165 PREV-BROWSER n=392 prev_n=391 pid=90248 alive=false
1791116486165 RENDER-START n=392
1791116486897 RENDER-OK n=392 id=392 browser_pid=Some(107848) slot=B path=%TEMP%\fc-repro-leak-20261004-200350\localappdata\tw.fintools.fc-host\wallpaper\m-7ebe8f017cddc2d6-b.png wh=3840x2160 body=raw open_ms=260.0 page_ms=459.3 to_png_ms=719.3 close_ms=2.9 write_ms=9.8 warnings=0
1791116486897 VERIFY n=392 dims=Some((3840, 2160)) expect=3840x2160 own_files=2 PASS
1791116487080 BROWSER-EXIT n=392 pid=107848 after_return_ms=183.1
1791116489897 PREV-BROWSER n=393 prev_n=392 pid=107848 alive=false
1791116489897 RENDER-START n=393
1791116490521 RENDER-OK n=393 id=393 browser_pid=Some(89716) slot=A path=%TEMP%\fc-repro-leak-20261004-200350\localappdata\tw.fintools.fc-host\wallpaper\m-7ebe8f017cddc2d6-a.png wh=2560x1600 body=raw open_ms=260.0 page_ms=345.8 to_png_ms=605.7 close_ms=2.1 write_ms=15.5 warnings=0
1791116490521 VERIFY n=393 dims=Some((2560, 1600)) expect=2560x1600 own_files=2 PASS
1791116490851 BROWSER-EXIT n=393 pid=89716 after_return_ms=329.8
1791116491521 PREV-BROWSER n=394 prev_n=393 pid=89716 alive=false
1791116491521 RENDER-START n=394
1791116492252 RENDER-OK n=394 id=394 browser_pid=Some(115648) slot=B path=%TEMP%\fc-repro-leak-20261004-200350\localappdata\tw.fintools.fc-host\wallpaper\m-7ebe8f017cddc2d6-b.png wh=3840x2160 body=raw open_ms=258.8 page_ms=452.7 to_png_ms=711.5 close_ms=2.8 write_ms=16.4 warnings=0
1791116492252 VERIFY n=394 dims=Some((3840, 2160)) expect=3840x2160 own_files=2 PASS
1791116492432 BROWSER-EXIT n=394 pid=115648 after_return_ms=180.4
1791116495252 PREV-BROWSER n=395 prev_n=394 pid=115648 alive=false
1791116495252 RENDER-START n=395
1791116495930 RENDER-OK n=395 id=395 browser_pid=Some(114692) slot=A path=%TEMP%\fc-repro-leak-20261004-200350\localappdata\tw.fintools.fc-host\wallpaper\m-7ebe8f017cddc2d6-a.png wh=2560x1600 body=raw open_ms=315.8 page_ms=343.2 to_png_ms=659.0 close_ms=2.0 write_ms=16.7 warnings=0
1791116495931 VERIFY n=395 dims=Some((2560, 1600)) expect=2560x1600 own_files=2 PASS
1791116496112 BROWSER-EXIT n=395 pid=114692 after_return_ms=181.9
1791116496931 PREV-BROWSER n=396 prev_n=395 pid=114692 alive=false
1791116496931 RENDER-START n=396
1791116497734 RENDER-OK n=396 id=396 browser_pid=Some(114228) slot=B path=%TEMP%\fc-repro-leak-20261004-200350\localappdata\tw.fintools.fc-host\wallpaper\m-7ebe8f017cddc2d6-b.png wh=3840x2160 body=raw open_ms=324.7 page_ms=464.1 to_png_ms=788.8 close_ms=2.8 write_ms=11.2 warnings=0
1791116497734 VERIFY n=396 dims=Some((3840, 2160)) expect=3840x2160 own_files=2 PASS
1791116497919 BROWSER-EXIT n=396 pid=114228 after_return_ms=185.7
1791116500734 PREV-BROWSER n=397 prev_n=396 pid=114228 alive=false
1791116500734 RENDER-START n=397
1791116501351 RENDER-OK n=397 id=397 browser_pid=Some(17112) slot=A path=%TEMP%\fc-repro-leak-20261004-200350\localappdata\tw.fintools.fc-host\wallpaper\m-7ebe8f017cddc2d6-a.png wh=2560x1600 body=raw open_ms=248.9 page_ms=349.4 to_png_ms=598.2 close_ms=2.1 write_ms=16.4 warnings=0
1791116501351 VERIFY n=397 dims=Some((2560, 1600)) expect=2560x1600 own_files=2 PASS
1791116501530 BROWSER-EXIT n=397 pid=17112 after_return_ms=179.0
1791116502351 PREV-BROWSER n=398 prev_n=397 pid=17112 alive=false
1791116502351 RENDER-START n=398
1791116503155 RENDER-OK n=398 id=398 browser_pid=Some(115316) slot=B path=%TEMP%\fc-repro-leak-20261004-200350\localappdata\tw.fintools.fc-host\wallpaper\m-7ebe8f017cddc2d6-b.png wh=3840x2160 body=raw open_ms=324.6 page_ms=458.6 to_png_ms=783.2 close_ms=3.1 write_ms=17.5 warnings=0
1791116503155 VERIFY n=398 dims=Some((3840, 2160)) expect=3840x2160 own_files=2 PASS
1791116503336 BROWSER-EXIT n=398 pid=115316 after_return_ms=180.8
1791116506155 PREV-BROWSER n=399 prev_n=398 pid=115316 alive=false
1791116506155 RENDER-START n=399
1791116506786 RENDER-OK n=399 id=399 browser_pid=Some(115660) slot=A path=%TEMP%\fc-repro-leak-20261004-200350\localappdata\tw.fintools.fc-host\wallpaper\m-7ebe8f017cddc2d6-a.png wh=2560x1600 body=raw open_ms=266.7 page_ms=345.9 to_png_ms=612.6 close_ms=2.8 write_ms=15.0 warnings=0
1791116506786 VERIFY n=399 dims=Some((2560, 1600)) expect=2560x1600 own_files=2 PASS
1791116506949 BROWSER-EXIT n=399 pid=115660 after_return_ms=163.5
1791116507786 PREV-BROWSER n=400 prev_n=399 pid=115660 alive=false
1791116507786 RENDER-START n=400
1791116508602 RENDER-OK n=400 id=400 browser_pid=Some(81756) slot=B path=%TEMP%\fc-repro-leak-20261004-200350\localappdata\tw.fintools.fc-host\wallpaper\m-7ebe8f017cddc2d6-b.png wh=3840x2160 body=raw open_ms=354.6 page_ms=439.0 to_png_ms=793.5 close_ms=3.5 write_ms=18.3 warnings=0
1791116508602 VERIFY n=400 dims=Some((3840, 2160)) expect=3840x2160 own_files=2 PASS
1791116508778 BROWSER-EXIT n=400 pid=81756 after_return_ms=175.8
1791116511602 PREV-BROWSER n=401 prev_n=400 pid=81756 alive=false
1791116511602 RENDER-START n=401
1791116512232 RENDER-OK n=401 id=401 browser_pid=Some(111468) slot=A path=%TEMP%\fc-repro-leak-20261004-200350\localappdata\tw.fintools.fc-host\wallpaper\m-7ebe8f017cddc2d6-a.png wh=2560x1600 body=raw open_ms=267.7 page_ms=344.0 to_png_ms=611.7 close_ms=2.0 write_ms=15.6 warnings=0
1791116512232 VERIFY n=401 dims=Some((2560, 1600)) expect=2560x1600 own_files=2 PASS
1791116512402 BROWSER-EXIT n=401 pid=111468 after_return_ms=170.3
1791116513232 PREV-BROWSER n=402 prev_n=401 pid=111468 alive=false
1791116513232 RENDER-START n=402
1791116513945 RENDER-OK n=402 id=402 browser_pid=Some(98100) slot=B path=%TEMP%\fc-repro-leak-20261004-200350\localappdata\tw.fintools.fc-host\wallpaper\m-7ebe8f017cddc2d6-b.png wh=3840x2160 body=raw open_ms=258.9 page_ms=439.1 to_png_ms=698.0 close_ms=3.6 write_ms=11.1 warnings=0
1791116513946 VERIFY n=402 dims=Some((3840, 2160)) expect=3840x2160 own_files=2 PASS
1791116514129 BROWSER-EXIT n=402 pid=98100 after_return_ms=183.7
1791116516945 PREV-BROWSER n=403 prev_n=402 pid=98100 alive=false
1791116516945 RENDER-START n=403
1791116517568 RENDER-OK n=403 id=403 browser_pid=Some(41008) slot=A path=%TEMP%\fc-repro-leak-20261004-200350\localappdata\tw.fintools.fc-host\wallpaper\m-7ebe8f017cddc2d6-a.png wh=2560x1600 body=raw open_ms=262.6 page_ms=340.7 to_png_ms=603.3 close_ms=2.0 write_ms=16.6 warnings=0
1791116517568 VERIFY n=403 dims=Some((2560, 1600)) expect=2560x1600 own_files=2 PASS
1791116517737 BROWSER-EXIT n=403 pid=41008 after_return_ms=169.1
1791116518568 PREV-BROWSER n=404 prev_n=403 pid=41008 alive=false
1791116518568 RENDER-START n=404
1791116519302 RENDER-OK n=404 id=404 browser_pid=Some(108688) slot=B path=%TEMP%\fc-repro-leak-20261004-200350\localappdata\tw.fintools.fc-host\wallpaper\m-7ebe8f017cddc2d6-b.png wh=3840x2160 body=raw open_ms=263.9 page_ms=449.2 to_png_ms=713.1 close_ms=3.1 write_ms=17.9 warnings=0
1791116519303 VERIFY n=404 dims=Some((3840, 2160)) expect=3840x2160 own_files=2 PASS
1791116519479 BROWSER-EXIT n=404 pid=108688 after_return_ms=176.9
1791116522303 PREV-BROWSER n=405 prev_n=404 pid=108688 alive=false
1791116522303 RENDER-START n=405
1791116522927 RENDER-OK n=405 id=405 browser_pid=Some(110732) slot=A path=%TEMP%\fc-repro-leak-20261004-200350\localappdata\tw.fintools.fc-host\wallpaper\m-7ebe8f017cddc2d6-a.png wh=2560x1600 body=raw open_ms=267.1 page_ms=346.3 to_png_ms=613.4 close_ms=2.4 write_ms=8.2 warnings=0
1791116522927 VERIFY n=405 dims=Some((2560, 1600)) expect=2560x1600 own_files=2 PASS
1791116523109 BROWSER-EXIT n=405 pid=110732 after_return_ms=182.1
1791116523927 PREV-BROWSER n=406 prev_n=405 pid=110732 alive=false
1791116523927 RENDER-START n=406
1791116524662 RENDER-OK n=406 id=406 browser_pid=Some(113604) slot=B path=%TEMP%\fc-repro-leak-20261004-200350\localappdata\tw.fintools.fc-host\wallpaper\m-7ebe8f017cddc2d6-b.png wh=3840x2160 body=raw open_ms=260.9 page_ms=454.1 to_png_ms=715.0 close_ms=2.9 write_ms=16.8 warnings=0
1791116524662 VERIFY n=406 dims=Some((3840, 2160)) expect=3840x2160 own_files=2 PASS
1791116524842 BROWSER-EXIT n=406 pid=113604 after_return_ms=180.3
1791116527663 PREV-BROWSER n=407 prev_n=406 pid=113604 alive=false
1791116527663 RENDER-START n=407
1791116528290 RENDER-OK n=407 id=407 browser_pid=Some(114152) slot=A path=%TEMP%\fc-repro-leak-20261004-200350\localappdata\tw.fintools.fc-host\wallpaper\m-7ebe8f017cddc2d6-a.png wh=2560x1600 body=raw open_ms=263.5 page_ms=346.2 to_png_ms=609.7 close_ms=2.4 write_ms=15.5 warnings=0
1791116528291 VERIFY n=407 dims=Some((2560, 1600)) expect=2560x1600 own_files=2 PASS
1791116528462 BROWSER-EXIT n=407 pid=114152 after_return_ms=171.4
1791116529291 PREV-BROWSER n=408 prev_n=407 pid=114152 alive=false
1791116529291 RENDER-START n=408
1791116530021 RENDER-OK n=408 id=408 browser_pid=Some(107212) slot=B path=%TEMP%\fc-repro-leak-20261004-200350\localappdata\tw.fintools.fc-host\wallpaper\m-7ebe8f017cddc2d6-b.png wh=3840x2160 body=raw open_ms=262.6 page_ms=447.1 to_png_ms=709.7 close_ms=3.0 write_ms=17.1 warnings=0
1791116530021 VERIFY n=408 dims=Some((3840, 2160)) expect=3840x2160 own_files=2 PASS
1791116530200 BROWSER-EXIT n=408 pid=107212 after_return_ms=179.1
1791116533021 PREV-BROWSER n=409 prev_n=408 pid=107212 alive=false
1791116533022 RENDER-START n=409
1791116533666 RENDER-OK n=409 id=409 browser_pid=Some(114392) slot=A path=%TEMP%\fc-repro-leak-20261004-200350\localappdata\tw.fintools.fc-host\wallpaper\m-7ebe8f017cddc2d6-a.png wh=2560x1600 body=raw open_ms=277.3 page_ms=348.9 to_png_ms=626.2 close_ms=2.0 write_ms=16.0 warnings=0
1791116533666 VERIFY n=409 dims=Some((2560, 1600)) expect=2560x1600 own_files=2 PASS
1791116533843 BROWSER-EXIT n=409 pid=114392 after_return_ms=177.4
1791116534666 PREV-BROWSER n=410 prev_n=409 pid=114392 alive=false
1791116534666 RENDER-START n=410
1791116535390 RENDER-OK n=410 id=410 browser_pid=Some(106932) slot=B path=%TEMP%\fc-repro-leak-20261004-200350\localappdata\tw.fintools.fc-host\wallpaper\m-7ebe8f017cddc2d6-b.png wh=3840x2160 body=raw open_ms=261.4 page_ms=440.3 to_png_ms=701.7 close_ms=2.7 write_ms=18.8 warnings=0
1791116535390 VERIFY n=410 dims=Some((3840, 2160)) expect=3840x2160 own_files=2 PASS
1791116535571 BROWSER-EXIT n=410 pid=106932 after_return_ms=181.7
1791116538390 PREV-BROWSER n=411 prev_n=410 pid=106932 alive=false
1791116538390 RENDER-START n=411
1791116539030 RENDER-OK n=411 id=411 browser_pid=Some(114708) slot=A path=%TEMP%\fc-repro-leak-20261004-200350\localappdata\tw.fintools.fc-host\wallpaper\m-7ebe8f017cddc2d6-a.png wh=2560x1600 body=raw open_ms=277.7 page_ms=343.0 to_png_ms=620.7 close_ms=2.7 write_ms=15.9 warnings=0
1791116539030 VERIFY n=411 dims=Some((2560, 1600)) expect=2560x1600 own_files=2 PASS
1791116539211 BROWSER-EXIT n=411 pid=114708 after_return_ms=181.3
1791116540030 PREV-BROWSER n=412 prev_n=411 pid=114708 alive=false
1791116540030 RENDER-START n=412
1791116540763 RENDER-OK n=412 id=412 browser_pid=Some(89216) slot=B path=%TEMP%\fc-repro-leak-20261004-200350\localappdata\tw.fintools.fc-host\wallpaper\m-7ebe8f017cddc2d6-b.png wh=3840x2160 body=raw open_ms=261.2 page_ms=450.4 to_png_ms=711.6 close_ms=2.7 write_ms=18.5 warnings=0
1791116540763 VERIFY n=412 dims=Some((3840, 2160)) expect=3840x2160 own_files=2 PASS
1791116540940 BROWSER-EXIT n=412 pid=89216 after_return_ms=177.5
1791116543763 PREV-BROWSER n=413 prev_n=412 pid=89216 alive=false
1791116543764 RENDER-START n=413
1791116544380 RENDER-OK n=413 id=413 browser_pid=Some(93096) slot=A path=%TEMP%\fc-repro-leak-20261004-200350\localappdata\tw.fintools.fc-host\wallpaper\m-7ebe8f017cddc2d6-a.png wh=2560x1600 body=raw open_ms=261.1 page_ms=336.9 to_png_ms=598.0 close_ms=2.5 write_ms=15.4 warnings=0
1791116544380 VERIFY n=413 dims=Some((2560, 1600)) expect=2560x1600 own_files=2 PASS
1791116544553 BROWSER-EXIT n=413 pid=93096 after_return_ms=173.8
1791116545380 PREV-BROWSER n=414 prev_n=413 pid=93096 alive=false
1791116545380 RENDER-START n=414
1791116546105 RENDER-OK n=414 id=414 browser_pid=Some(114888) slot=B path=%TEMP%\fc-repro-leak-20261004-200350\localappdata\tw.fintools.fc-host\wallpaper\m-7ebe8f017cddc2d6-b.png wh=3840x2160 body=raw open_ms=263.0 page_ms=441.6 to_png_ms=704.7 close_ms=2.9 write_ms=16.9 warnings=0
1791116546105 VERIFY n=414 dims=Some((3840, 2160)) expect=3840x2160 own_files=2 PASS
1791116546285 BROWSER-EXIT n=414 pid=114888 after_return_ms=180.4
1791116549105 PREV-BROWSER n=415 prev_n=414 pid=114888 alive=false
1791116549105 RENDER-START n=415
1791116549724 RENDER-OK n=415 id=415 browser_pid=Some(34168) slot=A path=%TEMP%\fc-repro-leak-20261004-200350\localappdata\tw.fintools.fc-host\wallpaper\m-7ebe8f017cddc2d6-a.png wh=2560x1600 body=raw open_ms=263.9 page_ms=343.7 to_png_ms=607.6 close_ms=2.0 write_ms=9.6 warnings=0
1791116549724 VERIFY n=415 dims=Some((2560, 1600)) expect=2560x1600 own_files=2 PASS
1791116549911 BROWSER-EXIT n=415 pid=34168 after_return_ms=186.4
1791116550725 PREV-BROWSER n=416 prev_n=415 pid=34168 alive=false
1791116550725 RENDER-START n=416
1791116551442 RENDER-OK n=416 id=416 browser_pid=Some(113892) slot=B path=%TEMP%\fc-repro-leak-20261004-200350\localappdata\tw.fintools.fc-host\wallpaper\m-7ebe8f017cddc2d6-b.png wh=3840x2160 body=raw open_ms=257.1 page_ms=439.7 to_png_ms=696.8 close_ms=2.8 write_ms=17.9 warnings=0
1791116551443 VERIFY n=416 dims=Some((3840, 2160)) expect=3840x2160 own_files=2 PASS
1791116551610 BROWSER-EXIT n=416 pid=113892 after_return_ms=167.1
1791116554443 PREV-BROWSER n=417 prev_n=416 pid=113892 alive=false
1791116554443 RENDER-START n=417
1791116555055 RENDER-OK n=417 id=417 browser_pid=Some(113676) slot=A path=%TEMP%\fc-repro-leak-20261004-200350\localappdata\tw.fintools.fc-host\wallpaper\m-7ebe8f017cddc2d6-a.png wh=2560x1600 body=raw open_ms=260.8 page_ms=340.0 to_png_ms=600.8 close_ms=2.7 write_ms=8.9 warnings=0
1791116555056 VERIFY n=417 dims=Some((2560, 1600)) expect=2560x1600 own_files=2 PASS
1791116555239 BROWSER-EXIT n=417 pid=113676 after_return_ms=183.9
1791116556056 PREV-BROWSER n=418 prev_n=417 pid=113676 alive=false
1791116556056 RENDER-START n=418
1791116556829 RENDER-OK n=418 id=418 browser_pid=Some(73276) slot=B path=%TEMP%\fc-repro-leak-20261004-200350\localappdata\tw.fintools.fc-host\wallpaper\m-7ebe8f017cddc2d6-b.png wh=3840x2160 body=raw open_ms=316.2 page_ms=435.8 to_png_ms=752.0 close_ms=3.5 write_ms=17.2 warnings=0
1791116556829 VERIFY n=418 dims=Some((3840, 2160)) expect=3840x2160 own_files=2 PASS
1791116557011 BROWSER-EXIT n=418 pid=73276 after_return_ms=182.1
1791116559829 PREV-BROWSER n=419 prev_n=418 pid=73276 alive=false
1791116559829 RENDER-START n=419
1791116560451 RENDER-OK n=419 id=419 browser_pid=Some(108888) slot=A path=%TEMP%\fc-repro-leak-20261004-200350\localappdata\tw.fintools.fc-host\wallpaper\m-7ebe8f017cddc2d6-a.png wh=2560x1600 body=raw open_ms=258.3 page_ms=344.4 to_png_ms=602.7 close_ms=2.1 write_ms=16.2 warnings=0
1791116560451 VERIFY n=419 dims=Some((2560, 1600)) expect=2560x1600 own_files=2 PASS
1791116560629 BROWSER-EXIT n=419 pid=108888 after_return_ms=178.8
1791116561451 PREV-BROWSER n=420 prev_n=419 pid=108888 alive=false
1791116561451 RENDER-START n=420
1791116562179 RENDER-OK n=420 id=420 browser_pid=Some(56232) slot=B path=%TEMP%\fc-repro-leak-20261004-200350\localappdata\tw.fintools.fc-host\wallpaper\m-7ebe8f017cddc2d6-b.png wh=3840x2160 body=raw open_ms=252.2 page_ms=454.6 to_png_ms=706.8 close_ms=2.9 write_ms=17.9 warnings=0
1791116562179 VERIFY n=420 dims=Some((3840, 2160)) expect=3840x2160 own_files=2 PASS
1791116562355 BROWSER-EXIT n=420 pid=56232 after_return_ms=176.0
1791116565179 PREV-BROWSER n=421 prev_n=420 pid=56232 alive=false
1791116565179 RENDER-START n=421
1791116565798 RENDER-OK n=421 id=421 browser_pid=Some(115272) slot=A path=%TEMP%\fc-repro-leak-20261004-200350\localappdata\tw.fintools.fc-host\wallpaper\m-7ebe8f017cddc2d6-a.png wh=2560x1600 body=raw open_ms=259.7 page_ms=338.3 to_png_ms=598.0 close_ms=2.3 write_ms=17.8 warnings=0
1791116565798 VERIFY n=421 dims=Some((2560, 1600)) expect=2560x1600 own_files=2 PASS
1791116565969 BROWSER-EXIT n=421 pid=115272 after_return_ms=171.4
1791116566798 PREV-BROWSER n=422 prev_n=421 pid=115272 alive=false
1791116566798 RENDER-START n=422
1791116567523 RENDER-OK n=422 id=422 browser_pid=Some(73868) slot=B path=%TEMP%\fc-repro-leak-20261004-200350\localappdata\tw.fintools.fc-host\wallpaper\m-7ebe8f017cddc2d6-b.png wh=3840x2160 body=raw open_ms=255.5 page_ms=448.5 to_png_ms=704.1 close_ms=2.7 write_ms=17.3 warnings=0
1791116567523 VERIFY n=422 dims=Some((3840, 2160)) expect=3840x2160 own_files=2 PASS
1791116567707 BROWSER-EXIT n=422 pid=73868 after_return_ms=184.5
1791116570523 PREV-BROWSER n=423 prev_n=422 pid=73868 alive=false
1791116570523 RENDER-START n=423
1791116571131 RENDER-OK n=423 id=423 browser_pid=Some(7748) slot=A path=%TEMP%\fc-repro-leak-20261004-200350\localappdata\tw.fintools.fc-host\wallpaper\m-7ebe8f017cddc2d6-a.png wh=2560x1600 body=raw open_ms=253.2 page_ms=342.9 to_png_ms=596.0 close_ms=2.7 write_ms=9.1 warnings=0
1791116571131 VERIFY n=423 dims=Some((2560, 1600)) expect=2560x1600 own_files=2 PASS
1791116571312 BROWSER-EXIT n=423 pid=7748 after_return_ms=181.3
1791116572131 PREV-BROWSER n=424 prev_n=423 pid=7748 alive=false
1791116572131 RENDER-START n=424
1791116572859 RENDER-OK n=424 id=424 browser_pid=Some(112716) slot=B path=%TEMP%\fc-repro-leak-20261004-200350\localappdata\tw.fintools.fc-host\wallpaper\m-7ebe8f017cddc2d6-b.png wh=3840x2160 body=raw open_ms=261.7 page_ms=443.5 to_png_ms=705.3 close_ms=2.8 write_ms=19.9 warnings=0
1791116572860 VERIFY n=424 dims=Some((3840, 2160)) expect=3840x2160 own_files=2 PASS
1791116573041 BROWSER-EXIT n=424 pid=112716 after_return_ms=181.9
1791116575860 PREV-BROWSER n=425 prev_n=424 pid=112716 alive=false
1791116575860 RENDER-START n=425
1791116576483 RENDER-OK n=425 id=425 browser_pid=Some(91200) slot=A path=%TEMP%\fc-repro-leak-20261004-200350\localappdata\tw.fintools.fc-host\wallpaper\m-7ebe8f017cddc2d6-a.png wh=2560x1600 body=raw open_ms=258.2 page_ms=347.5 to_png_ms=605.7 close_ms=2.4 write_ms=14.7 warnings=0
1791116576483 VERIFY n=425 dims=Some((2560, 1600)) expect=2560x1600 own_files=2 PASS
1791116576660 BROWSER-EXIT n=425 pid=91200 after_return_ms=177.4
1791116577483 PREV-BROWSER n=426 prev_n=425 pid=91200 alive=false
1791116577483 RENDER-START n=426
1791116578255 RENDER-OK n=426 id=426 browser_pid=Some(1656) slot=B path=%TEMP%\fc-repro-leak-20261004-200350\localappdata\tw.fintools.fc-host\wallpaper\m-7ebe8f017cddc2d6-b.png wh=3840x2160 body=raw open_ms=311.4 page_ms=448.1 to_png_ms=759.5 close_ms=2.7 write_ms=9.8 warnings=0
1791116578256 VERIFY n=426 dims=Some((3840, 2160)) expect=3840x2160 own_files=2 PASS
1791116578440 BROWSER-EXIT n=426 pid=1656 after_return_ms=185.1
1791116581256 PREV-BROWSER n=427 prev_n=426 pid=1656 alive=false
1791116581256 RENDER-START n=427
1791116581887 RENDER-OK n=427 id=427 browser_pid=Some(101176) slot=A path=%TEMP%\fc-repro-leak-20261004-200350\localappdata\tw.fintools.fc-host\wallpaper\m-7ebe8f017cddc2d6-a.png wh=2560x1600 body=raw open_ms=263.9 page_ms=349.3 to_png_ms=613.1 close_ms=2.1 write_ms=15.9 warnings=0
1791116581887 VERIFY n=427 dims=Some((2560, 1600)) expect=2560x1600 own_files=2 PASS
1791116582065 BROWSER-EXIT n=427 pid=101176 after_return_ms=178.1
1791116582887 PREV-BROWSER n=428 prev_n=427 pid=101176 alive=false
1791116582887 RENDER-START n=428
1791116583613 RENDER-OK n=428 id=428 browser_pid=Some(112292) slot=B path=%TEMP%\fc-repro-leak-20261004-200350\localappdata\tw.fintools.fc-host\wallpaper\m-7ebe8f017cddc2d6-b.png wh=3840x2160 body=raw open_ms=259.6 page_ms=443.7 to_png_ms=703.2 close_ms=3.1 write_ms=18.5 warnings=0
1791116583613 VERIFY n=428 dims=Some((3840, 2160)) expect=3840x2160 own_files=2 PASS
1791116583793 BROWSER-EXIT n=428 pid=112292 after_return_ms=180.6
1791116586613 PREV-BROWSER n=429 prev_n=428 pid=112292 alive=false
1791116586613 RENDER-START n=429
1791116587322 RENDER-OK n=429 id=429 browser_pid=Some(54440) slot=A path=%TEMP%\fc-repro-leak-20261004-200350\localappdata\tw.fintools.fc-host\wallpaper\m-7ebe8f017cddc2d6-a.png wh=2560x1600 body=raw open_ms=323.6 page_ms=365.8 to_png_ms=689.4 close_ms=2.3 write_ms=17.1 warnings=0
1791116587322 VERIFY n=429 dims=Some((2560, 1600)) expect=2560x1600 own_files=2 PASS
1791116587499 BROWSER-EXIT n=429 pid=54440 after_return_ms=177.4
1791116588322 PREV-BROWSER n=430 prev_n=429 pid=54440 alive=false
1791116588322 RENDER-START n=430
1791116589051 RENDER-OK n=430 id=430 browser_pid=Some(4568) slot=B path=%TEMP%\fc-repro-leak-20261004-200350\localappdata\tw.fintools.fc-host\wallpaper\m-7ebe8f017cddc2d6-b.png wh=3840x2160 body=raw open_ms=259.6 page_ms=448.5 to_png_ms=708.0 close_ms=2.8 write_ms=17.5 warnings=0
1791116589051 VERIFY n=430 dims=Some((3840, 2160)) expect=3840x2160 own_files=2 PASS
1791116589229 BROWSER-EXIT n=430 pid=4568 after_return_ms=178.4
1791116592051 PREV-BROWSER n=431 prev_n=430 pid=4568 alive=false
1791116592051 RENDER-START n=431
1791116592678 RENDER-OK n=431 id=431 browser_pid=Some(109380) slot=A path=%TEMP%\fc-repro-leak-20261004-200350\localappdata\tw.fintools.fc-host\wallpaper\m-7ebe8f017cddc2d6-a.png wh=2560x1600 body=raw open_ms=260.9 page_ms=353.8 to_png_ms=614.7 close_ms=2.1 write_ms=9.6 warnings=0
1791116592678 VERIFY n=431 dims=Some((2560, 1600)) expect=2560x1600 own_files=2 PASS
1791116592867 BROWSER-EXIT n=431 pid=109380 after_return_ms=189.5
1791116593678 PREV-BROWSER n=432 prev_n=431 pid=109380 alive=false
1791116593678 RENDER-START n=432
1791116594412 RENDER-OK n=432 id=432 browser_pid=Some(29732) slot=B path=%TEMP%\fc-repro-leak-20261004-200350\localappdata\tw.fintools.fc-host\wallpaper\m-7ebe8f017cddc2d6-b.png wh=3840x2160 body=raw open_ms=258.7 page_ms=454.1 to_png_ms=712.8 close_ms=3.0 write_ms=17.9 warnings=0
1791116594412 VERIFY n=432 dims=Some((3840, 2160)) expect=3840x2160 own_files=2 PASS
1791116594599 BROWSER-EXIT n=432 pid=29732 after_return_ms=187.2
1791116597412 PREV-BROWSER n=433 prev_n=432 pid=29732 alive=false
1791116597412 RENDER-START n=433
1791116598023 RENDER-OK n=433 id=433 browser_pid=Some(110056) slot=A path=%TEMP%\fc-repro-leak-20261004-200350\localappdata\tw.fintools.fc-host\wallpaper\m-7ebe8f017cddc2d6-a.png wh=2560x1600 body=raw open_ms=256.0 page_ms=336.9 to_png_ms=592.9 close_ms=1.9 write_ms=16.5 warnings=0
1791116598024 VERIFY n=433 dims=Some((2560, 1600)) expect=2560x1600 own_files=2 PASS
1791116598198 BROWSER-EXIT n=433 pid=110056 after_return_ms=175.1
1791116599024 PREV-BROWSER n=434 prev_n=433 pid=110056 alive=false
1791116599024 RENDER-START n=434
1791116599806 RENDER-OK n=434 id=434 browser_pid=Some(70648) slot=B path=%TEMP%\fc-repro-leak-20261004-200350\localappdata\tw.fintools.fc-host\wallpaper\m-7ebe8f017cddc2d6-b.png wh=3840x2160 body=raw open_ms=328.0 page_ms=432.1 to_png_ms=760.1 close_ms=3.2 write_ms=18.5 warnings=0
1791116599806 VERIFY n=434 dims=Some((3840, 2160)) expect=3840x2160 own_files=2 PASS
1791116599990 BROWSER-EXIT n=434 pid=70648 after_return_ms=184.6
1791116602806 PREV-BROWSER n=435 prev_n=434 pid=70648 alive=false
1791116602806 RENDER-START n=435
1791116603427 RENDER-OK n=435 id=435 browser_pid=Some(19032) slot=A path=%TEMP%\fc-repro-leak-20261004-200350\localappdata\tw.fintools.fc-host\wallpaper\m-7ebe8f017cddc2d6-a.png wh=2560x1600 body=raw open_ms=258.2 page_ms=343.7 to_png_ms=601.9 close_ms=2.2 write_ms=16.1 warnings=0
1791116603427 VERIFY n=435 dims=Some((2560, 1600)) expect=2560x1600 own_files=2 PASS
1791116603599 BROWSER-EXIT n=435 pid=19032 after_return_ms=172.4
1791116604427 PREV-BROWSER n=436 prev_n=435 pid=19032 alive=false
1791116604427 RENDER-START n=436
1791116605190 RENDER-OK n=436 id=436 browser_pid=Some(113916) slot=B path=%TEMP%\fc-repro-leak-20261004-200350\localappdata\tw.fintools.fc-host\wallpaper\m-7ebe8f017cddc2d6-b.png wh=3840x2160 body=raw open_ms=292.2 page_ms=456.8 to_png_ms=749.0 close_ms=3.1 write_ms=10.1 warnings=0
1791116605190 VERIFY n=436 dims=Some((3840, 2160)) expect=3840x2160 own_files=2 PASS
1791116605379 BROWSER-EXIT n=436 pid=113916 after_return_ms=188.9
1791116608190 PREV-BROWSER n=437 prev_n=436 pid=113916 alive=false
1791116608190 RENDER-START n=437
1791116608809 RENDER-OK n=437 id=437 browser_pid=Some(105844) slot=A path=%TEMP%\fc-repro-leak-20261004-200350\localappdata\tw.fintools.fc-host\wallpaper\m-7ebe8f017cddc2d6-a.png wh=2560x1600 body=raw open_ms=258.4 page_ms=343.2 to_png_ms=601.6 close_ms=2.1 write_ms=15.3 warnings=0
1791116608810 VERIFY n=437 dims=Some((2560, 1600)) expect=2560x1600 own_files=2 PASS
1791116608977 BROWSER-EXIT n=437 pid=105844 after_return_ms=167.5
1791116609810 PREV-BROWSER n=438 prev_n=437 pid=105844 alive=false
1791116609810 RENDER-START n=438
1791116610533 RENDER-OK n=438 id=438 browser_pid=Some(82752) slot=B path=%TEMP%\fc-repro-leak-20261004-200350\localappdata\tw.fintools.fc-host\wallpaper\m-7ebe8f017cddc2d6-b.png wh=3840x2160 body=raw open_ms=261.7 page_ms=440.5 to_png_ms=702.2 close_ms=3.1 write_ms=17.5 warnings=0
1791116610533 VERIFY n=438 dims=Some((3840, 2160)) expect=3840x2160 own_files=2 PASS
1791116610707 BROWSER-EXIT n=438 pid=82752 after_return_ms=174.3
1791116613533 PREV-BROWSER n=439 prev_n=438 pid=82752 alive=false
1791116613533 RENDER-START n=439
1791116614141 RENDER-OK n=439 id=439 browser_pid=Some(110544) slot=A path=%TEMP%\fc-repro-leak-20261004-200350\localappdata\tw.fintools.fc-host\wallpaper\m-7ebe8f017cddc2d6-a.png wh=2560x1600 body=raw open_ms=258.3 page_ms=339.0 to_png_ms=597.2 close_ms=2.1 write_ms=8.1 warnings=0
1791116614141 VERIFY n=439 dims=Some((2560, 1600)) expect=2560x1600 own_files=2 PASS
1791116614325 BROWSER-EXIT n=439 pid=110544 after_return_ms=183.7
1791116615141 PREV-BROWSER n=440 prev_n=439 pid=110544 alive=false
1791116615141 RENDER-START n=440
1791116615867 RENDER-OK n=440 id=440 browser_pid=Some(115580) slot=B path=%TEMP%\fc-repro-leak-20261004-200350\localappdata\tw.fintools.fc-host\wallpaper\m-7ebe8f017cddc2d6-b.png wh=3840x2160 body=raw open_ms=255.5 page_ms=449.9 to_png_ms=705.5 close_ms=3.0 write_ms=17.7 warnings=0
1791116615868 VERIFY n=440 dims=Some((3840, 2160)) expect=3840x2160 own_files=2 PASS
1791116616040 BROWSER-EXIT n=440 pid=115580 after_return_ms=172.8
1791116618868 PREV-BROWSER n=441 prev_n=440 pid=115580 alive=false
1791116618868 RENDER-START n=441
1791116619489 RENDER-OK n=441 id=441 browser_pid=Some(93784) slot=A path=%TEMP%\fc-repro-leak-20261004-200350\localappdata\tw.fintools.fc-host\wallpaper\m-7ebe8f017cddc2d6-a.png wh=2560x1600 body=raw open_ms=256.7 page_ms=346.1 to_png_ms=602.9 close_ms=1.9 write_ms=16.1 warnings=0
1791116619489 VERIFY n=441 dims=Some((2560, 1600)) expect=2560x1600 own_files=2 PASS
1791116619660 BROWSER-EXIT n=441 pid=93784 after_return_ms=171.0
1791116620489 PREV-BROWSER n=442 prev_n=441 pid=93784 alive=false
1791116620489 RENDER-START n=442
1791116621212 RENDER-OK n=442 id=442 browser_pid=Some(114652) slot=B path=%TEMP%\fc-repro-leak-20261004-200350\localappdata\tw.fintools.fc-host\wallpaper\m-7ebe8f017cddc2d6-b.png wh=3840x2160 body=raw open_ms=256.3 page_ms=445.6 to_png_ms=701.9 close_ms=3.0 write_ms=17.3 warnings=0
1791116621212 VERIFY n=442 dims=Some((3840, 2160)) expect=3840x2160 own_files=2 PASS
1791116621392 BROWSER-EXIT n=442 pid=114652 after_return_ms=180.7
1791116624212 PREV-BROWSER n=443 prev_n=442 pid=114652 alive=false
1791116624212 RENDER-START n=443
1791116624911 RENDER-OK n=443 id=443 browser_pid=Some(115192) slot=A path=%TEMP%\fc-repro-leak-20261004-200350\localappdata\tw.fintools.fc-host\wallpaper\m-7ebe8f017cddc2d6-a.png wh=2560x1600 body=raw open_ms=336.4 page_ms=341.1 to_png_ms=677.5 close_ms=2.6 write_ms=18.4 warnings=0
1791116624911 VERIFY n=443 dims=Some((2560, 1600)) expect=2560x1600 own_files=2 PASS
1791116625081 BROWSER-EXIT n=443 pid=115192 after_return_ms=170.8
1791116625911 PREV-BROWSER n=444 prev_n=443 pid=115192 alive=false
1791116625911 RENDER-START n=444
1791116626631 RENDER-OK n=444 id=444 browser_pid=Some(99480) slot=B path=%TEMP%\fc-repro-leak-20261004-200350\localappdata\tw.fintools.fc-host\wallpaper\m-7ebe8f017cddc2d6-b.png wh=3840x2160 body=raw open_ms=260.6 page_ms=437.8 to_png_ms=698.3 close_ms=3.4 write_ms=18.3 warnings=0
1791116626632 VERIFY n=444 dims=Some((3840, 2160)) expect=3840x2160 own_files=2 PASS
1791116626807 BROWSER-EXIT n=444 pid=99480 after_return_ms=175.3
1791116629632 PREV-BROWSER n=445 prev_n=444 pid=99480 alive=false
1791116629632 RENDER-START n=445
1791116630279 RENDER-OK n=445 id=445 browser_pid=Some(101860) slot=A path=%TEMP%\fc-repro-leak-20261004-200350\localappdata\tw.fintools.fc-host\wallpaper\m-7ebe8f017cddc2d6-a.png wh=2560x1600 body=raw open_ms=255.3 page_ms=373.4 to_png_ms=628.7 close_ms=2.1 write_ms=16.3 warnings=0
1791116630279 VERIFY n=445 dims=Some((2560, 1600)) expect=2560x1600 own_files=2 PASS
1791116630457 BROWSER-EXIT n=445 pid=101860 after_return_ms=178.0
1791116631279 PREV-BROWSER n=446 prev_n=445 pid=101860 alive=false
1791116631279 RENDER-START n=446
1791116632001 RENDER-OK n=446 id=446 browser_pid=Some(113736) slot=B path=%TEMP%\fc-repro-leak-20261004-200350\localappdata\tw.fintools.fc-host\wallpaper\m-7ebe8f017cddc2d6-b.png wh=3840x2160 body=raw open_ms=264.4 page_ms=435.7 to_png_ms=700.1 close_ms=3.7 write_ms=17.4 warnings=0
1791116632001 VERIFY n=446 dims=Some((3840, 2160)) expect=3840x2160 own_files=2 PASS
1791116632184 BROWSER-EXIT n=446 pid=113736 after_return_ms=183.1
1791116635001 PREV-BROWSER n=447 prev_n=446 pid=113736 alive=false
1791116635001 RENDER-START n=447
1791116635703 RENDER-OK n=447 id=447 browser_pid=Some(109232) slot=A path=%TEMP%\fc-repro-leak-20261004-200350\localappdata\tw.fintools.fc-host\wallpaper\m-7ebe8f017cddc2d6-a.png wh=2560x1600 body=raw open_ms=328.0 page_ms=356.0 to_png_ms=684.0 close_ms=1.9 write_ms=16.1 warnings=0
1791116635704 VERIFY n=447 dims=Some((2560, 1600)) expect=2560x1600 own_files=2 PASS
1791116635873 BROWSER-EXIT n=447 pid=109232 after_return_ms=169.2
1791116636704 PREV-BROWSER n=448 prev_n=447 pid=109232 alive=false
1791116636704 RENDER-START n=448
1791116637484 RENDER-OK n=448 id=448 browser_pid=Some(111336) slot=B path=%TEMP%\fc-repro-leak-20261004-200350\localappdata\tw.fintools.fc-host\wallpaper\m-7ebe8f017cddc2d6-b.png wh=3840x2160 body=raw open_ms=316.7 page_ms=442.9 to_png_ms=759.6 close_ms=3.2 write_ms=17.5 warnings=0
1791116637484 VERIFY n=448 dims=Some((3840, 2160)) expect=3840x2160 own_files=2 PASS
1791116637654 BROWSER-EXIT n=448 pid=111336 after_return_ms=169.7
1791116640485 PREV-BROWSER n=449 prev_n=448 pid=111336 alive=false
1791116640485 RENDER-START n=449
1791116641228 RENDER-OK n=449 id=449 browser_pid=Some(108636) slot=A path=%TEMP%\fc-repro-leak-20261004-200350\localappdata\tw.fintools.fc-host\wallpaper\m-7ebe8f017cddc2d6-a.png wh=2560x1600 body=raw open_ms=380.0 page_ms=345.0 to_png_ms=725.0 close_ms=2.1 write_ms=15.8 warnings=0
1791116641228 VERIFY n=449 dims=Some((2560, 1600)) expect=2560x1600 own_files=2 PASS
1791116641411 BROWSER-EXIT n=449 pid=108636 after_return_ms=183.7
1791116642228 PREV-BROWSER n=450 prev_n=449 pid=108636 alive=false
1791116642228 RENDER-START n=450
1791116642935 RENDER-OK n=450 id=450 browser_pid=Some(113052) slot=B path=%TEMP%\fc-repro-leak-20261004-200350\localappdata\tw.fintools.fc-host\wallpaper\m-7ebe8f017cddc2d6-b.png wh=3840x2160 body=raw open_ms=257.8 page_ms=427.0 to_png_ms=684.9 close_ms=3.8 write_ms=17.7 warnings=0
1791116642935 VERIFY n=450 dims=Some((3840, 2160)) expect=3840x2160 own_files=2 PASS
1791116643118 BROWSER-EXIT n=450 pid=113052 after_return_ms=183.7
1791116645935 PREV-BROWSER n=451 prev_n=450 pid=113052 alive=false
1791116645935 RENDER-START n=451
1791116646558 RENDER-OK n=451 id=451 browser_pid=Some(4364) slot=A path=%TEMP%\fc-repro-leak-20261004-200350\localappdata\tw.fintools.fc-host\wallpaper\m-7ebe8f017cddc2d6-a.png wh=2560x1600 body=raw open_ms=266.8 page_ms=338.0 to_png_ms=604.7 close_ms=2.5 write_ms=15.5 warnings=0
1791116646558 VERIFY n=451 dims=Some((2560, 1600)) expect=2560x1600 own_files=2 PASS
1791116646730 BROWSER-EXIT n=451 pid=4364 after_return_ms=171.7
1791116647559 PREV-BROWSER n=452 prev_n=451 pid=4364 alive=false
1791116647559 RENDER-START n=452
1791116648273 RENDER-OK n=452 id=452 browser_pid=Some(111932) slot=B path=%TEMP%\fc-repro-leak-20261004-200350\localappdata\tw.fintools.fc-host\wallpaper\m-7ebe8f017cddc2d6-b.png wh=3840x2160 body=raw open_ms=262.1 page_ms=430.0 to_png_ms=692.1 close_ms=3.5 write_ms=18.4 warnings=0
1791116648273 VERIFY n=452 dims=Some((3840, 2160)) expect=3840x2160 own_files=2 PASS
1791116648442 BROWSER-EXIT n=452 pid=111932 after_return_ms=169.1
1791116651273 PREV-BROWSER n=453 prev_n=452 pid=111932 alive=false
1791116651273 RENDER-START n=453
1791116651897 RENDER-OK n=453 id=453 browser_pid=Some(3876) slot=A path=%TEMP%\fc-repro-leak-20261004-200350\localappdata\tw.fintools.fc-host\wallpaper\m-7ebe8f017cddc2d6-a.png wh=2560x1600 body=raw open_ms=264.4 page_ms=340.5 to_png_ms=604.9 close_ms=2.1 write_ms=16.5 warnings=0
1791116651897 VERIFY n=453 dims=Some((2560, 1600)) expect=2560x1600 own_files=2 PASS
1791116652073 BROWSER-EXIT n=453 pid=3876 after_return_ms=176.7
1791116652897 PREV-BROWSER n=454 prev_n=453 pid=3876 alive=false
1791116652897 RENDER-START n=454
1791116653612 RENDER-OK n=454 id=454 browser_pid=Some(90576) slot=B path=%TEMP%\fc-repro-leak-20261004-200350\localappdata\tw.fintools.fc-host\wallpaper\m-7ebe8f017cddc2d6-b.png wh=3840x2160 body=raw open_ms=256.4 page_ms=437.2 to_png_ms=693.7 close_ms=3.2 write_ms=17.2 warnings=0
1791116653612 VERIFY n=454 dims=Some((3840, 2160)) expect=3840x2160 own_files=2 PASS
1791116653785 BROWSER-EXIT n=454 pid=90576 after_return_ms=173.9
1791116656612 PREV-BROWSER n=455 prev_n=454 pid=90576 alive=false
1791116656612 RENDER-START n=455
1791116657261 RENDER-OK n=455 id=455 browser_pid=Some(104044) slot=A path=%TEMP%\fc-repro-leak-20261004-200350\localappdata\tw.fintools.fc-host\wallpaper\m-7ebe8f017cddc2d6-a.png wh=2560x1600 body=raw open_ms=268.6 page_ms=362.2 to_png_ms=630.8 close_ms=2.3 write_ms=15.6 warnings=0
1791116657261 VERIFY n=455 dims=Some((2560, 1600)) expect=2560x1600 own_files=2 PASS
1791116657440 BROWSER-EXIT n=455 pid=104044 after_return_ms=178.9
1791116658261 PREV-BROWSER n=456 prev_n=455 pid=104044 alive=false
1791116658261 RENDER-START n=456
1791116658977 RENDER-OK n=456 id=456 browser_pid=Some(96784) slot=B path=%TEMP%\fc-repro-leak-20261004-200350\localappdata\tw.fintools.fc-host\wallpaper\m-7ebe8f017cddc2d6-b.png wh=3840x2160 body=raw open_ms=257.6 page_ms=437.9 to_png_ms=695.5 close_ms=3.3 write_ms=16.7 warnings=0
1791116658977 VERIFY n=456 dims=Some((3840, 2160)) expect=3840x2160 own_files=2 PASS
1791116659148 BROWSER-EXIT n=456 pid=96784 after_return_ms=170.7
1791116661977 PREV-BROWSER n=457 prev_n=456 pid=96784 alive=false
1791116661977 RENDER-START n=457
1791116662594 RENDER-OK n=457 id=457 browser_pid=Some(115336) slot=A path=%TEMP%\fc-repro-leak-20261004-200350\localappdata\tw.fintools.fc-host\wallpaper\m-7ebe8f017cddc2d6-a.png wh=2560x1600 body=raw open_ms=255.3 page_ms=343.0 to_png_ms=598.3 close_ms=2.0 write_ms=15.8 warnings=0
1791116662594 VERIFY n=457 dims=Some((2560, 1600)) expect=2560x1600 own_files=2 PASS
1791116662775 BROWSER-EXIT n=457 pid=115336 after_return_ms=181.5
1791116663594 PREV-BROWSER n=458 prev_n=457 pid=115336 alive=false
1791116663594 RENDER-START n=458
1791116664309 RENDER-OK n=458 id=458 browser_pid=Some(90120) slot=B path=%TEMP%\fc-repro-leak-20261004-200350\localappdata\tw.fintools.fc-host\wallpaper\m-7ebe8f017cddc2d6-b.png wh=3840x2160 body=raw open_ms=260.5 page_ms=434.1 to_png_ms=694.6 close_ms=3.3 write_ms=16.8 warnings=0
1791116664309 VERIFY n=458 dims=Some((3840, 2160)) expect=3840x2160 own_files=2 PASS
1791116664493 BROWSER-EXIT n=458 pid=90120 after_return_ms=184.1
1791116667309 PREV-BROWSER n=459 prev_n=458 pid=90120 alive=false
1791116667310 RENDER-START n=459
1791116667939 RENDER-OK n=459 id=459 browser_pid=Some(99400) slot=A path=%TEMP%\fc-repro-leak-20261004-200350\localappdata\tw.fintools.fc-host\wallpaper\m-7ebe8f017cddc2d6-a.png wh=2560x1600 body=raw open_ms=272.7 page_ms=345.4 to_png_ms=618.1 close_ms=2.4 write_ms=9.0 warnings=0
1791116667939 VERIFY n=459 dims=Some((2560, 1600)) expect=2560x1600 own_files=2 PASS
1791116668122 BROWSER-EXIT n=459 pid=99400 after_return_ms=182.7
1791116668940 PREV-BROWSER n=460 prev_n=459 pid=99400 alive=false
1791116668940 RENDER-START n=460
1791116669657 RENDER-OK n=460 id=460 browser_pid=Some(86644) slot=B path=%TEMP%\fc-repro-leak-20261004-200350\localappdata\tw.fintools.fc-host\wallpaper\m-7ebe8f017cddc2d6-b.png wh=3840x2160 body=raw open_ms=261.8 page_ms=434.8 to_png_ms=696.5 close_ms=3.3 write_ms=17.0 warnings=0
1791116669657 VERIFY n=460 dims=Some((3840, 2160)) expect=3840x2160 own_files=2 PASS
1791116669841 BROWSER-EXIT n=460 pid=86644 after_return_ms=184.5
1791116672657 PREV-BROWSER n=461 prev_n=460 pid=86644 alive=false
1791116672657 RENDER-START n=461
1791116673271 RENDER-OK n=461 id=461 browser_pid=Some(86572) slot=A path=%TEMP%\fc-repro-leak-20261004-200350\localappdata\tw.fintools.fc-host\wallpaper\m-7ebe8f017cddc2d6-a.png wh=2560x1600 body=raw open_ms=256.8 page_ms=337.6 to_png_ms=594.4 close_ms=2.4 write_ms=16.5 warnings=0
1791116673271 VERIFY n=461 dims=Some((2560, 1600)) expect=2560x1600 own_files=2 PASS
1791116673452 BROWSER-EXIT n=461 pid=86572 after_return_ms=181.0
1791116674271 PREV-BROWSER n=462 prev_n=461 pid=86572 alive=false
1791116674271 RENDER-START n=462
1791116675010 RENDER-OK n=462 id=462 browser_pid=Some(6488) slot=B path=%TEMP%\fc-repro-leak-20261004-200350\localappdata\tw.fintools.fc-host\wallpaper\m-7ebe8f017cddc2d6-b.png wh=3840x2160 body=raw open_ms=281.0 page_ms=443.4 to_png_ms=724.4 close_ms=3.4 write_ms=10.6 warnings=0
1791116675010 VERIFY n=462 dims=Some((3840, 2160)) expect=3840x2160 own_files=2 PASS
1791116675189 BROWSER-EXIT n=462 pid=6488 after_return_ms=178.6
1791116678010 PREV-BROWSER n=463 prev_n=462 pid=6488 alive=false
1791116678010 RENDER-START n=463
1791116678655 RENDER-OK n=463 id=463 browser_pid=Some(97228) slot=A path=%TEMP%\fc-repro-leak-20261004-200350\localappdata\tw.fintools.fc-host\wallpaper\m-7ebe8f017cddc2d6-a.png wh=2560x1600 body=raw open_ms=265.1 page_ms=361.5 to_png_ms=626.6 close_ms=2.3 write_ms=16.0 warnings=0
1791116678656 VERIFY n=463 dims=Some((2560, 1600)) expect=2560x1600 own_files=2 PASS
1791116678837 BROWSER-EXIT n=463 pid=97228 after_return_ms=181.6
1791116679656 PREV-BROWSER n=464 prev_n=463 pid=97228 alive=false
1791116679656 RENDER-START n=464
1791116680368 RENDER-OK n=464 id=464 browser_pid=Some(112724) slot=B path=%TEMP%\fc-repro-leak-20261004-200350\localappdata\tw.fintools.fc-host\wallpaper\m-7ebe8f017cddc2d6-b.png wh=3840x2160 body=raw open_ms=257.5 page_ms=434.0 to_png_ms=691.5 close_ms=3.1 write_ms=17.3 warnings=0
1791116680368 VERIFY n=464 dims=Some((3840, 2160)) expect=3840x2160 own_files=2 PASS
1791116680539 BROWSER-EXIT n=464 pid=112724 after_return_ms=171.1
1791116683368 PREV-BROWSER n=465 prev_n=464 pid=112724 alive=false
1791116683368 RENDER-START n=465
1791116683991 RENDER-OK n=465 id=465 browser_pid=Some(86092) slot=A path=%TEMP%\fc-repro-leak-20261004-200350\localappdata\tw.fintools.fc-host\wallpaper\m-7ebe8f017cddc2d6-a.png wh=2560x1600 body=raw open_ms=266.3 page_ms=337.7 to_png_ms=604.0 close_ms=2.4 write_ms=15.8 warnings=0
1791116683991 VERIFY n=465 dims=Some((2560, 1600)) expect=2560x1600 own_files=2 PASS
1791116684162 BROWSER-EXIT n=465 pid=86092 after_return_ms=171.1
1791116684991 PREV-BROWSER n=466 prev_n=465 pid=86092 alive=false
1791116684991 RENDER-START n=466
1791116685702 RENDER-OK n=466 id=466 browser_pid=Some(79740) slot=B path=%TEMP%\fc-repro-leak-20261004-200350\localappdata\tw.fintools.fc-host\wallpaper\m-7ebe8f017cddc2d6-b.png wh=3840x2160 body=raw open_ms=257.2 page_ms=432.3 to_png_ms=689.6 close_ms=3.1 write_ms=18.2 warnings=0
1791116685702 VERIFY n=466 dims=Some((3840, 2160)) expect=3840x2160 own_files=2 PASS
1791116685876 BROWSER-EXIT n=466 pid=79740 after_return_ms=173.8
1791116688702 PREV-BROWSER n=467 prev_n=466 pid=79740 alive=false
1791116688702 RENDER-START n=467
1791116689338 RENDER-OK n=467 id=467 browser_pid=Some(113528) slot=A path=%TEMP%\fc-repro-leak-20261004-200350\localappdata\tw.fintools.fc-host\wallpaper\m-7ebe8f017cddc2d6-a.png wh=2560x1600 body=raw open_ms=264.2 page_ms=352.1 to_png_ms=616.3 close_ms=2.3 write_ms=16.9 warnings=0
1791116689338 VERIFY n=467 dims=Some((2560, 1600)) expect=2560x1600 own_files=2 PASS
1791116689512 BROWSER-EXIT n=467 pid=113528 after_return_ms=174.1
1791116690338 PREV-BROWSER n=468 prev_n=467 pid=113528 alive=false
1791116690339 RENDER-START n=468
1791116691045 RENDER-OK n=468 id=468 browser_pid=Some(102780) slot=B path=%TEMP%\fc-repro-leak-20261004-200350\localappdata\tw.fintools.fc-host\wallpaper\m-7ebe8f017cddc2d6-b.png wh=3840x2160 body=raw open_ms=254.5 page_ms=430.8 to_png_ms=685.3 close_ms=3.3 write_ms=18.0 warnings=0
1791116691046 VERIFY n=468 dims=Some((3840, 2160)) expect=3840x2160 own_files=2 PASS
1791116691219 BROWSER-EXIT n=468 pid=102780 after_return_ms=173.5
1791116694046 PREV-BROWSER n=469 prev_n=468 pid=102780 alive=false
1791116694046 RENDER-START n=469
1791116694658 RENDER-OK n=469 id=469 browser_pid=Some(113040) slot=A path=%TEMP%\fc-repro-leak-20261004-200350\localappdata\tw.fintools.fc-host\wallpaper\m-7ebe8f017cddc2d6-a.png wh=2560x1600 body=raw open_ms=263.4 page_ms=329.8 to_png_ms=593.1 close_ms=2.4 write_ms=16.2 warnings=0
1791116694658 VERIFY n=469 dims=Some((2560, 1600)) expect=2560x1600 own_files=2 PASS
1791116694839 BROWSER-EXIT n=469 pid=113040 after_return_ms=180.8
1791116695658 PREV-BROWSER n=470 prev_n=469 pid=113040 alive=false
1791116695658 RENDER-START n=470
1791116696371 RENDER-OK n=470 id=470 browser_pid=Some(568) slot=B path=%TEMP%\fc-repro-leak-20261004-200350\localappdata\tw.fintools.fc-host\wallpaper\m-7ebe8f017cddc2d6-b.png wh=3840x2160 body=raw open_ms=256.4 page_ms=435.4 to_png_ms=691.8 close_ms=3.2 write_ms=17.1 warnings=0
1791116696371 VERIFY n=470 dims=Some((3840, 2160)) expect=3840x2160 own_files=2 PASS
1791116696546 BROWSER-EXIT n=470 pid=568 after_return_ms=175.0
1791116699371 PREV-BROWSER n=471 prev_n=470 pid=568 alive=false
1791116699371 RENDER-START n=471
1791116699980 RENDER-OK n=471 id=471 browser_pid=Some(76284) slot=A path=%TEMP%\fc-repro-leak-20261004-200350\localappdata\tw.fintools.fc-host\wallpaper\m-7ebe8f017cddc2d6-a.png wh=2560x1600 body=raw open_ms=254.6 page_ms=335.7 to_png_ms=590.3 close_ms=2.1 write_ms=16.2 warnings=0
1791116699980 VERIFY n=471 dims=Some((2560, 1600)) expect=2560x1600 own_files=2 PASS
1791116700155 BROWSER-EXIT n=471 pid=76284 after_return_ms=175.4
1791116700980 PREV-BROWSER n=472 prev_n=471 pid=76284 alive=false
1791116700981 RENDER-START n=472
1791116701697 RENDER-OK n=472 id=472 browser_pid=Some(29692) slot=B path=%TEMP%\fc-repro-leak-20261004-200350\localappdata\tw.fintools.fc-host\wallpaper\m-7ebe8f017cddc2d6-b.png wh=3840x2160 body=raw open_ms=260.1 page_ms=434.9 to_png_ms=695.1 close_ms=3.4 write_ms=17.9 warnings=0
1791116701698 VERIFY n=472 dims=Some((3840, 2160)) expect=3840x2160 own_files=2 PASS
1791116701866 BROWSER-EXIT n=472 pid=29692 after_return_ms=168.6
1791116704697 PREV-BROWSER n=473 prev_n=472 pid=29692 alive=false
1791116704697 RENDER-START n=473
1791116705310 RENDER-OK n=473 id=473 browser_pid=Some(77976) slot=A path=%TEMP%\fc-repro-leak-20261004-200350\localappdata\tw.fintools.fc-host\wallpaper\m-7ebe8f017cddc2d6-a.png wh=2560x1600 body=raw open_ms=266.3 page_ms=333.2 to_png_ms=599.5 close_ms=2.3 write_ms=10.2 warnings=0
1791116705310 VERIFY n=473 dims=Some((2560, 1600)) expect=2560x1600 own_files=2 PASS
1791116705494 BROWSER-EXIT n=473 pid=77976 after_return_ms=184.5
1791116706310 PREV-BROWSER n=474 prev_n=473 pid=77976 alive=false
1791116706310 RENDER-START n=474
1791116707012 RENDER-OK n=474 id=474 browser_pid=Some(113540) slot=B path=%TEMP%\fc-repro-leak-20261004-200350\localappdata\tw.fintools.fc-host\wallpaper\m-7ebe8f017cddc2d6-b.png wh=3840x2160 body=raw open_ms=255.8 page_ms=425.9 to_png_ms=681.8 close_ms=3.1 write_ms=17.6 warnings=0
1791116707013 VERIFY n=474 dims=Some((3840, 2160)) expect=3840x2160 own_files=2 PASS
1791116707191 BROWSER-EXIT n=474 pid=113540 after_return_ms=178.3
1791116710012 PREV-BROWSER n=475 prev_n=474 pid=113540 alive=false
1791116710013 RENDER-START n=475
1791116710624 RENDER-OK n=475 id=475 browser_pid=Some(56644) slot=A path=%TEMP%\fc-repro-leak-20261004-200350\localappdata\tw.fintools.fc-host\wallpaper\m-7ebe8f017cddc2d6-a.png wh=2560x1600 body=raw open_ms=261.1 page_ms=333.8 to_png_ms=595.0 close_ms=2.3 write_ms=13.8 warnings=0
1791116710624 VERIFY n=475 dims=Some((2560, 1600)) expect=2560x1600 own_files=2 PASS
1791116710801 BROWSER-EXIT n=475 pid=56644 after_return_ms=177.7
1791116711624 PREV-BROWSER n=476 prev_n=475 pid=56644 alive=false
1791116711624 RENDER-START n=476
1791116712394 RENDER-OK n=476 id=476 browser_pid=Some(103904) slot=B path=%TEMP%\fc-repro-leak-20261004-200350\localappdata\tw.fintools.fc-host\wallpaper\m-7ebe8f017cddc2d6-b.png wh=3840x2160 body=raw open_ms=319.8 page_ms=428.2 to_png_ms=748.0 close_ms=3.3 write_ms=18.3 warnings=0
1791116712395 VERIFY n=476 dims=Some((3840, 2160)) expect=3840x2160 own_files=2 PASS
1791116712567 BROWSER-EXIT n=476 pid=103904 after_return_ms=172.4
1791116715394 PREV-BROWSER n=477 prev_n=476 pid=103904 alive=false
1791116715394 RENDER-START n=477
1791116715990 RENDER-OK n=477 id=477 browser_pid=Some(99444) slot=A path=%TEMP%\fc-repro-leak-20261004-200350\localappdata\tw.fintools.fc-host\wallpaper\m-7ebe8f017cddc2d6-a.png wh=2560x1600 body=raw open_ms=254.4 page_ms=329.9 to_png_ms=584.3 close_ms=2.3 write_ms=8.9 warnings=0
1791116715990 VERIFY n=477 dims=Some((2560, 1600)) expect=2560x1600 own_files=2 PASS
1791116716169 BROWSER-EXIT n=477 pid=99444 after_return_ms=178.7
1791116716990 PREV-BROWSER n=478 prev_n=477 pid=99444 alive=false
1791116716990 RENDER-START n=478
1791116717688 RENDER-OK n=478 id=478 browser_pid=Some(92068) slot=B path=%TEMP%\fc-repro-leak-20261004-200350\localappdata\tw.fintools.fc-host\wallpaper\m-7ebe8f017cddc2d6-b.png wh=3840x2160 body=raw open_ms=251.3 page_ms=426.1 to_png_ms=677.4 close_ms=3.3 write_ms=17.1 warnings=0
1791116717689 VERIFY n=478 dims=Some((3840, 2160)) expect=3840x2160 own_files=2 PASS
1791116717860 BROWSER-EXIT n=478 pid=92068 after_return_ms=171.7
1791116720689 PREV-BROWSER n=479 prev_n=478 pid=92068 alive=false
1791116720689 RENDER-START n=479
1791116721326 RENDER-OK n=479 id=479 browser_pid=Some(73564) slot=A path=%TEMP%\fc-repro-leak-20261004-200350\localappdata\tw.fintools.fc-host\wallpaper\m-7ebe8f017cddc2d6-a.png wh=2560x1600 body=raw open_ms=298.3 page_ms=319.9 to_png_ms=618.2 close_ms=2.0 write_ms=16.5 warnings=0
1791116721326 VERIFY n=479 dims=Some((2560, 1600)) expect=2560x1600 own_files=2 PASS
1791116721497 BROWSER-EXIT n=479 pid=73564 after_return_ms=170.9
1791116722326 PREV-BROWSER n=480 prev_n=479 pid=73564 alive=false
1791116722326 RENDER-START n=480
1791116723032 RENDER-OK n=480 id=480 browser_pid=Some(66456) slot=B path=%TEMP%\fc-repro-leak-20261004-200350\localappdata\tw.fintools.fc-host\wallpaper\m-7ebe8f017cddc2d6-b.png wh=3840x2160 body=raw open_ms=262.0 page_ms=421.8 to_png_ms=683.9 close_ms=3.2 write_ms=18.3 warnings=0
1791116723032 VERIFY n=480 dims=Some((3840, 2160)) expect=3840x2160 own_files=2 PASS
1791116723205 BROWSER-EXIT n=480 pid=66456 after_return_ms=173.2
1791116726032 PREV-BROWSER n=481 prev_n=480 pid=66456 alive=false
1791116726032 RENDER-START n=481
1791116726645 RENDER-OK n=481 id=481 browser_pid=Some(115024) slot=A path=%TEMP%\fc-repro-leak-20261004-200350\localappdata\tw.fintools.fc-host\wallpaper\m-7ebe8f017cddc2d6-a.png wh=2560x1600 body=raw open_ms=262.9 page_ms=331.6 to_png_ms=594.5 close_ms=2.4 write_ms=16.1 warnings=0
1791116726645 VERIFY n=481 dims=Some((2560, 1600)) expect=2560x1600 own_files=2 PASS
1791116726830 BROWSER-EXIT n=481 pid=115024 after_return_ms=184.7
1791116727645 PREV-BROWSER n=482 prev_n=481 pid=115024 alive=false
1791116727645 RENDER-START n=482
1791116728398 RENDER-OK n=482 id=482 browser_pid=Some(113448) slot=B path=%TEMP%\fc-repro-leak-20261004-200350\localappdata\tw.fintools.fc-host\wallpaper\m-7ebe8f017cddc2d6-b.png wh=3840x2160 body=raw open_ms=322.0 page_ms=410.6 to_png_ms=732.6 close_ms=3.2 write_ms=16.6 warnings=0
1791116728398 VERIFY n=482 dims=Some((3840, 2160)) expect=3840x2160 own_files=2 PASS
1791116728572 BROWSER-EXIT n=482 pid=113448 after_return_ms=173.8
1791116731398 PREV-BROWSER n=483 prev_n=482 pid=113448 alive=false
1791116731398 RENDER-START n=483
1791116732006 RENDER-OK n=483 id=483 browser_pid=Some(113300) slot=A path=%TEMP%\fc-repro-leak-20261004-200350\localappdata\tw.fintools.fc-host\wallpaper\m-7ebe8f017cddc2d6-a.png wh=2560x1600 body=raw open_ms=256.7 page_ms=332.2 to_png_ms=588.9 close_ms=2.2 write_ms=16.2 warnings=0
1791116732006 VERIFY n=483 dims=Some((2560, 1600)) expect=2560x1600 own_files=2 PASS
1791116732189 BROWSER-EXIT n=483 pid=113300 after_return_ms=183.2
1791116733006 PREV-BROWSER n=484 prev_n=483 pid=113300 alive=false
1791116733006 RENDER-START n=484
1791116733715 RENDER-OK n=484 id=484 browser_pid=Some(13920) slot=B path=%TEMP%\fc-repro-leak-20261004-200350\localappdata\tw.fintools.fc-host\wallpaper\m-7ebe8f017cddc2d6-b.png wh=3840x2160 body=raw open_ms=268.8 page_ms=420.5 to_png_ms=689.4 close_ms=3.2 write_ms=16.7 warnings=0
1791116733715 VERIFY n=484 dims=Some((3840, 2160)) expect=3840x2160 own_files=2 PASS
1791116733886 BROWSER-EXIT n=484 pid=13920 after_return_ms=170.4
1791116736716 PREV-BROWSER n=485 prev_n=484 pid=13920 alive=false
1791116736716 RENDER-START n=485
1791116737307 RENDER-OK n=485 id=485 browser_pid=Some(109804) slot=A path=%TEMP%\fc-repro-leak-20261004-200350\localappdata\tw.fintools.fc-host\wallpaper\m-7ebe8f017cddc2d6-a.png wh=2560x1600 body=raw open_ms=254.3 page_ms=317.6 to_png_ms=571.9 close_ms=2.2 write_ms=16.8 warnings=0
1791116737307 VERIFY n=485 dims=Some((2560, 1600)) expect=2560x1600 own_files=2 PASS
1791116737473 BROWSER-EXIT n=485 pid=109804 after_return_ms=166.6
1791116738307 PREV-BROWSER n=486 prev_n=485 pid=109804 alive=false
1791116738307 RENDER-START n=486
1791116739070 RENDER-OK n=486 id=486 browser_pid=Some(85208) slot=B path=%TEMP%\fc-repro-leak-20261004-200350\localappdata\tw.fintools.fc-host\wallpaper\m-7ebe8f017cddc2d6-b.png wh=3840x2160 body=raw open_ms=324.6 page_ms=417.3 to_png_ms=741.8 close_ms=3.2 write_ms=17.2 warnings=0
1791116739070 VERIFY n=486 dims=Some((3840, 2160)) expect=3840x2160 own_files=2 PASS
1791116739241 BROWSER-EXIT n=486 pid=85208 after_return_ms=171.7
1791116742070 PREV-BROWSER n=487 prev_n=486 pid=85208 alive=false
1791116742070 RENDER-START n=487
1791116742674 RENDER-OK n=487 id=487 browser_pid=Some(82340) slot=A path=%TEMP%\fc-repro-leak-20261004-200350\localappdata\tw.fintools.fc-host\wallpaper\m-7ebe8f017cddc2d6-a.png wh=2560x1600 body=raw open_ms=259.1 page_ms=327.2 to_png_ms=586.3 close_ms=2.0 write_ms=15.8 warnings=0
1791116742675 VERIFY n=487 dims=Some((2560, 1600)) expect=2560x1600 own_files=2 PASS
1791116742846 BROWSER-EXIT n=487 pid=82340 after_return_ms=171.8
1791116743675 PREV-BROWSER n=488 prev_n=487 pid=82340 alive=false
1791116743675 RENDER-START n=488
1791116744376 RENDER-OK n=488 id=488 browser_pid=Some(75532) slot=B path=%TEMP%\fc-repro-leak-20261004-200350\localappdata\tw.fintools.fc-host\wallpaper\m-7ebe8f017cddc2d6-b.png wh=3840x2160 body=raw open_ms=273.2 page_ms=413.0 to_png_ms=686.2 close_ms=3.2 write_ms=11.3 warnings=0
1791116744376 VERIFY n=488 dims=Some((3840, 2160)) expect=3840x2160 own_files=2 PASS
1791116744549 BROWSER-EXIT n=488 pid=75532 after_return_ms=172.9
1791116747376 PREV-BROWSER n=489 prev_n=488 pid=75532 alive=false
1791116747376 RENDER-START n=489
1791116747972 RENDER-OK n=489 id=489 browser_pid=Some(80492) slot=A path=%TEMP%\fc-repro-leak-20261004-200350\localappdata\tw.fintools.fc-host\wallpaper\m-7ebe8f017cddc2d6-a.png wh=2560x1600 body=raw open_ms=257.2 page_ms=321.6 to_png_ms=578.7 close_ms=2.3 write_ms=15.0 warnings=0
1791116747972 VERIFY n=489 dims=Some((2560, 1600)) expect=2560x1600 own_files=2 PASS
1791116748142 BROWSER-EXIT n=489 pid=80492 after_return_ms=169.7
1791116748972 PREV-BROWSER n=490 prev_n=489 pid=80492 alive=false
1791116748972 RENDER-START n=490
1791116749714 RENDER-OK n=490 id=490 browser_pid=Some(112744) slot=B path=%TEMP%\fc-repro-leak-20261004-200350\localappdata\tw.fintools.fc-host\wallpaper\m-7ebe8f017cddc2d6-b.png wh=3840x2160 body=raw open_ms=315.8 page_ms=411.2 to_png_ms=727.0 close_ms=3.1 write_ms=10.9 warnings=0
1791116749714 VERIFY n=490 dims=Some((3840, 2160)) expect=3840x2160 own_files=2 PASS
1791116749893 BROWSER-EXIT n=490 pid=112744 after_return_ms=179.4
1791116752714 PREV-BROWSER n=491 prev_n=490 pid=112744 alive=false
1791116752714 RENDER-START n=491
1791116753369 RENDER-OK n=491 id=491 browser_pid=Some(111496) slot=A path=%TEMP%\fc-repro-leak-20261004-200350\localappdata\tw.fintools.fc-host\wallpaper\m-7ebe8f017cddc2d6-a.png wh=2560x1600 body=raw open_ms=318.0 page_ms=319.1 to_png_ms=637.1 close_ms=2.1 write_ms=16.1 warnings=0
1791116753369 VERIFY n=491 dims=Some((2560, 1600)) expect=2560x1600 own_files=2 PASS
1791116753538 BROWSER-EXIT n=491 pid=111496 after_return_ms=169.2
1791116754369 PREV-BROWSER n=492 prev_n=491 pid=111496 alive=false
1791116754369 RENDER-START n=492
1791116755160 RENDER-OK n=492 id=492 browser_pid=Some(109608) slot=B path=%TEMP%\fc-repro-leak-20261004-200350\localappdata\tw.fintools.fc-host\wallpaper\m-7ebe8f017cddc2d6-b.png wh=3840x2160 body=raw open_ms=335.4 page_ms=434.3 to_png_ms=769.6 close_ms=3.7 write_ms=16.9 warnings=0
1791116755160 VERIFY n=492 dims=Some((3840, 2160)) expect=3840x2160 own_files=2 PASS
1791116755332 BROWSER-EXIT n=492 pid=109608 after_return_ms=172.0
1791116758160 PREV-BROWSER n=493 prev_n=492 pid=109608 alive=false
1791116758160 RENDER-START n=493
1791116758789 RENDER-OK n=493 id=493 browser_pid=Some(100264) slot=A path=%TEMP%\fc-repro-leak-20261004-200350\localappdata\tw.fintools.fc-host\wallpaper\m-7ebe8f017cddc2d6-a.png wh=2560x1600 body=raw open_ms=293.0 page_ms=316.7 to_png_ms=609.8 close_ms=2.4 write_ms=16.1 warnings=0
1791116758789 VERIFY n=493 dims=Some((2560, 1600)) expect=2560x1600 own_files=2 PASS
1791116758963 BROWSER-EXIT n=493 pid=100264 after_return_ms=173.9
1791116759789 PREV-BROWSER n=494 prev_n=493 pid=100264 alive=false
1791116759789 RENDER-START n=494
1791116760593 RENDER-OK n=494 id=494 browser_pid=Some(44960) slot=B path=%TEMP%\fc-repro-leak-20261004-200350\localappdata\tw.fintools.fc-host\wallpaper\m-7ebe8f017cddc2d6-b.png wh=3840x2160 body=raw open_ms=334.1 page_ms=447.1 to_png_ms=781.2 close_ms=3.2 write_ms=18.9 warnings=0
1791116760593 VERIFY n=494 dims=Some((3840, 2160)) expect=3840x2160 own_files=2 PASS
1791116760762 BROWSER-EXIT n=494 pid=44960 after_return_ms=169.7
1791116763593 PREV-BROWSER n=495 prev_n=494 pid=44960 alive=false
1791116763593 RENDER-START n=495
1791116764197 RENDER-OK n=495 id=495 browser_pid=Some(101432) slot=A path=%TEMP%\fc-repro-leak-20261004-200350\localappdata\tw.fintools.fc-host\wallpaper\m-7ebe8f017cddc2d6-a.png wh=2560x1600 body=raw open_ms=267.2 page_ms=318.6 to_png_ms=585.8 close_ms=2.2 write_ms=16.4 warnings=0
1791116764198 VERIFY n=495 dims=Some((2560, 1600)) expect=2560x1600 own_files=2 PASS
1791116764365 BROWSER-EXIT n=495 pid=101432 after_return_ms=167.6
1791116765198 PREV-BROWSER n=496 prev_n=495 pid=101432 alive=false
1791116765198 RENDER-START n=496
1791116765902 RENDER-OK n=496 id=496 browser_pid=Some(62316) slot=B path=%TEMP%\fc-repro-leak-20261004-200350\localappdata\tw.fintools.fc-host\wallpaper\m-7ebe8f017cddc2d6-b.png wh=3840x2160 body=raw open_ms=269.6 page_ms=420.8 to_png_ms=690.4 close_ms=3.3 write_ms=10.7 warnings=0
1791116765903 VERIFY n=496 dims=Some((3840, 2160)) expect=3840x2160 own_files=2 PASS
1791116766083 BROWSER-EXIT n=496 pid=62316 after_return_ms=180.6
1791116768903 PREV-BROWSER n=497 prev_n=496 pid=62316 alive=false
1791116768903 RENDER-START n=497
1791116769499 RENDER-OK n=497 id=497 browser_pid=Some(79728) slot=A path=%TEMP%\fc-repro-leak-20261004-200350\localappdata\tw.fintools.fc-host\wallpaper\m-7ebe8f017cddc2d6-a.png wh=2560x1600 body=raw open_ms=260.3 page_ms=317.6 to_png_ms=577.9 close_ms=2.2 write_ms=15.5 warnings=0
1791116769499 VERIFY n=497 dims=Some((2560, 1600)) expect=2560x1600 own_files=2 PASS
1791116769667 BROWSER-EXIT n=497 pid=79728 after_return_ms=168.3
1791116770499 PREV-BROWSER n=498 prev_n=497 pid=79728 alive=false
1791116770499 RENDER-START n=498
1791116771190 RENDER-OK n=498 id=498 browser_pid=Some(16784) slot=B path=%TEMP%\fc-repro-leak-20261004-200350\localappdata\tw.fintools.fc-host\wallpaper\m-7ebe8f017cddc2d6-b.png wh=3840x2160 body=raw open_ms=263.2 page_ms=407.8 to_png_ms=671.0 close_ms=2.9 write_ms=17.2 warnings=0
1791116771190 VERIFY n=498 dims=Some((3840, 2160)) expect=3840x2160 own_files=2 PASS
1791116771358 BROWSER-EXIT n=498 pid=16784 after_return_ms=168.1
1791116774190 PREV-BROWSER n=499 prev_n=498 pid=16784 alive=false
1791116774191 RENDER-START n=499
1791116774784 RENDER-OK n=499 id=499 browser_pid=Some(62028) slot=A path=%TEMP%\fc-repro-leak-20261004-200350\localappdata\tw.fintools.fc-host\wallpaper\m-7ebe8f017cddc2d6-a.png wh=2560x1600 body=raw open_ms=255.0 page_ms=319.5 to_png_ms=574.5 close_ms=2.3 write_ms=16.1 warnings=0
1791116774784 VERIFY n=499 dims=Some((2560, 1600)) expect=2560x1600 own_files=2 PASS
1791116774953 BROWSER-EXIT n=499 pid=62028 after_return_ms=169.7
1791116775784 PREV-BROWSER n=500 prev_n=499 pid=62028 alive=false
1791116775784 RENDER-START n=500
1791116776506 RENDER-OK n=500 id=500 browser_pid=Some(107316) slot=B path=%TEMP%\fc-repro-leak-20261004-200350\localappdata\tw.fintools.fc-host\wallpaper\m-7ebe8f017cddc2d6-b.png wh=3840x2160 body=raw open_ms=275.2 page_ms=425.3 to_png_ms=700.5 close_ms=3.4 write_ms=17.5 warnings=0
1791116776506 VERIFY n=500 dims=Some((3840, 2160)) expect=3840x2160 own_files=2 PASS
1791116776685 BROWSER-EXIT n=500 pid=107316 after_return_ms=179.6
1791116779506 PREV-BROWSER n=501 prev_n=500 pid=107316 alive=false
1791116779506 RENDER-START n=501
1791116780113 RENDER-OK n=501 id=501 browser_pid=Some(62612) slot=A path=%TEMP%\fc-repro-leak-20261004-200350\localappdata\tw.fintools.fc-host\wallpaper\m-7ebe8f017cddc2d6-a.png wh=2560x1600 body=raw open_ms=264.4 page_ms=322.4 to_png_ms=586.8 close_ms=2.3 write_ms=16.8 warnings=0
1791116780113 VERIFY n=501 dims=Some((2560, 1600)) expect=2560x1600 own_files=2 PASS
1791116780289 BROWSER-EXIT n=501 pid=62612 after_return_ms=176.9
1791116781113 PREV-BROWSER n=502 prev_n=501 pid=62612 alive=false
1791116781113 RENDER-START n=502
1791116781828 RENDER-OK n=502 id=502 browser_pid=Some(99088) slot=B path=%TEMP%\fc-repro-leak-20261004-200350\localappdata\tw.fintools.fc-host\wallpaper\m-7ebe8f017cddc2d6-b.png wh=3840x2160 body=raw open_ms=263.7 page_ms=430.3 to_png_ms=694.0 close_ms=3.2 write_ms=17.6 warnings=0
1791116781828 VERIFY n=502 dims=Some((3840, 2160)) expect=3840x2160 own_files=2 PASS
1791116781997 BROWSER-EXIT n=502 pid=99088 after_return_ms=169.4
1791116784828 PREV-BROWSER n=503 prev_n=502 pid=99088 alive=false
1791116784828 RENDER-START n=503
1791116785422 RENDER-OK n=503 id=503 browser_pid=Some(76836) slot=A path=%TEMP%\fc-repro-leak-20261004-200350\localappdata\tw.fintools.fc-host\wallpaper\m-7ebe8f017cddc2d6-a.png wh=2560x1600 body=raw open_ms=256.0 page_ms=326.0 to_png_ms=582.0 close_ms=2.2 write_ms=9.4 warnings=0
1791116785422 VERIFY n=503 dims=Some((2560, 1600)) expect=2560x1600 own_files=2 PASS
1791116785597 BROWSER-EXIT n=503 pid=76836 after_return_ms=175.1
1791116786422 PREV-BROWSER n=504 prev_n=503 pid=76836 alive=false
1791116786422 RENDER-START n=504
1791116787143 RENDER-OK n=504 id=504 browser_pid=Some(102904) slot=B path=%TEMP%\fc-repro-leak-20261004-200350\localappdata\tw.fintools.fc-host\wallpaper\m-7ebe8f017cddc2d6-b.png wh=3840x2160 body=raw open_ms=261.0 page_ms=438.7 to_png_ms=699.7 close_ms=3.2 write_ms=17.6 warnings=0
1791116787143 VERIFY n=504 dims=Some((3840, 2160)) expect=3840x2160 own_files=2 PASS
1791116787317 BROWSER-EXIT n=504 pid=102904 after_return_ms=174.2
1791116790143 PREV-BROWSER n=505 prev_n=504 pid=102904 alive=false
1791116790143 RENDER-START n=505
1791116790738 RENDER-OK n=505 id=505 browser_pid=Some(85764) slot=A path=%TEMP%\fc-repro-leak-20261004-200350\localappdata\tw.fintools.fc-host\wallpaper\m-7ebe8f017cddc2d6-a.png wh=2560x1600 body=raw open_ms=259.9 page_ms=323.5 to_png_ms=583.4 close_ms=2.2 write_ms=9.2 warnings=0
1791116790738 VERIFY n=505 dims=Some((2560, 1600)) expect=2560x1600 own_files=2 PASS
1791116790918 BROWSER-EXIT n=505 pid=85764 after_return_ms=179.5
1791116791739 PREV-BROWSER n=506 prev_n=505 pid=85764 alive=false
1791116791739 RENDER-START n=506
1791116792454 RENDER-OK n=506 id=506 browser_pid=Some(112960) slot=B path=%TEMP%\fc-repro-leak-20261004-200350\localappdata\tw.fintools.fc-host\wallpaper\m-7ebe8f017cddc2d6-b.png wh=3840x2160 body=raw open_ms=260.9 page_ms=434.0 to_png_ms=694.9 close_ms=3.5 write_ms=16.3 warnings=0
1791116792454 VERIFY n=506 dims=Some((3840, 2160)) expect=3840x2160 own_files=2 PASS
1791116792677 BROWSER-EXIT n=506 pid=112960 after_return_ms=223.4
1791116795454 PREV-BROWSER n=507 prev_n=506 pid=112960 alive=false
1791116795454 RENDER-START n=507
1791116796061 RENDER-OK n=507 id=507 browser_pid=Some(110464) slot=A path=%TEMP%\fc-repro-leak-20261004-200350\localappdata\tw.fintools.fc-host\wallpaper\m-7ebe8f017cddc2d6-a.png wh=2560x1600 body=raw open_ms=265.1 page_ms=323.5 to_png_ms=588.6 close_ms=2.4 write_ms=15.8 warnings=0
1791116796062 VERIFY n=507 dims=Some((2560, 1600)) expect=2560x1600 own_files=2 PASS
1791116796233 BROWSER-EXIT n=507 pid=110464 after_return_ms=171.4
1791116797061 PREV-BROWSER n=508 prev_n=507 pid=110464 alive=false
1791116797062 RENDER-START n=508
1791116797796 RENDER-OK n=508 id=508 browser_pid=Some(112824) slot=B path=%TEMP%\fc-repro-leak-20261004-200350\localappdata\tw.fintools.fc-host\wallpaper\m-7ebe8f017cddc2d6-b.png wh=3840x2160 body=raw open_ms=297.0 page_ms=415.7 to_png_ms=712.6 close_ms=3.1 write_ms=18.6 warnings=0
1791116797796 VERIFY n=508 dims=Some((3840, 2160)) expect=3840x2160 own_files=2 PASS
1791116797964 BROWSER-EXIT n=508 pid=112824 after_return_ms=167.9
1791116800796 PREV-BROWSER n=509 prev_n=508 pid=112824 alive=false
1791116800796 RENDER-START n=509
1791116801402 RENDER-OK n=509 id=509 browser_pid=Some(113512) slot=A path=%TEMP%\fc-repro-leak-20261004-200350\localappdata\tw.fintools.fc-host\wallpaper\m-7ebe8f017cddc2d6-a.png wh=2560x1600 body=raw open_ms=263.8 page_ms=328.6 to_png_ms=592.5 close_ms=2.4 write_ms=9.9 warnings=0
1791116801402 VERIFY n=509 dims=Some((2560, 1600)) expect=2560x1600 own_files=2 PASS
1791116801580 BROWSER-EXIT n=509 pid=113512 after_return_ms=178.3
1791116802402 PREV-BROWSER n=510 prev_n=509 pid=113512 alive=false
1791116802402 RENDER-START n=510
1791116803093 RENDER-OK n=510 id=510 browser_pid=Some(111760) slot=B path=%TEMP%\fc-repro-leak-20261004-200350\localappdata\tw.fintools.fc-host\wallpaper\m-7ebe8f017cddc2d6-b.png wh=3840x2160 body=raw open_ms=264.0 page_ms=413.8 to_png_ms=677.8 close_ms=3.1 write_ms=9.4 warnings=0
1791116803093 VERIFY n=510 dims=Some((3840, 2160)) expect=3840x2160 own_files=2 PASS
1791116803275 BROWSER-EXIT n=510 pid=111760 after_return_ms=182.6
1791116806093 PREV-BROWSER n=511 prev_n=510 pid=111760 alive=false
1791116806093 RENDER-START n=511
1791116806774 RENDER-OK n=511 id=511 browser_pid=Some(110628) slot=A path=%TEMP%\fc-repro-leak-20261004-200350\localappdata\tw.fintools.fc-host\wallpaper\m-7ebe8f017cddc2d6-a.png wh=2560x1600 body=raw open_ms=324.1 page_ms=337.9 to_png_ms=662.0 close_ms=2.1 write_ms=16.5 warnings=0
1791116806774 VERIFY n=511 dims=Some((2560, 1600)) expect=2560x1600 own_files=2 PASS
1791116806948 BROWSER-EXIT n=511 pid=110628 after_return_ms=174.4
1791116807774 PREV-BROWSER n=512 prev_n=511 pid=110628 alive=false
1791116807774 RENDER-START n=512
1791116808485 RENDER-OK n=512 id=512 browser_pid=Some(81636) slot=B path=%TEMP%\fc-repro-leak-20261004-200350\localappdata\tw.fintools.fc-host\wallpaper\m-7ebe8f017cddc2d6-b.png wh=3840x2160 body=raw open_ms=262.6 page_ms=426.8 to_png_ms=689.3 close_ms=3.2 write_ms=17.7 warnings=0
1791116808485 VERIFY n=512 dims=Some((3840, 2160)) expect=3840x2160 own_files=2 PASS
1791116808652 BROWSER-EXIT n=512 pid=81636 after_return_ms=167.4
1791116811485 PREV-BROWSER n=513 prev_n=512 pid=81636 alive=false
1791116811485 RENDER-START n=513
1791116812077 RENDER-OK n=513 id=513 browser_pid=Some(16320) slot=A path=%TEMP%\fc-repro-leak-20261004-200350\localappdata\tw.fintools.fc-host\wallpaper\m-7ebe8f017cddc2d6-a.png wh=2560x1600 body=raw open_ms=257.4 page_ms=322.1 to_png_ms=579.4 close_ms=2.2 write_ms=9.9 warnings=0
1791116812077 VERIFY n=513 dims=Some((2560, 1600)) expect=2560x1600 own_files=2 PASS
1791116812266 BROWSER-EXIT n=513 pid=16320 after_return_ms=188.7
1791116813077 PREV-BROWSER n=514 prev_n=513 pid=16320 alive=false
1791116813077 RENDER-START n=514
1791116813781 RENDER-OK n=514 id=514 browser_pid=Some(47120) slot=B path=%TEMP%\fc-repro-leak-20261004-200350\localappdata\tw.fintools.fc-host\wallpaper\m-7ebe8f017cddc2d6-b.png wh=3840x2160 body=raw open_ms=256.4 page_ms=426.8 to_png_ms=683.2 close_ms=3.2 write_ms=16.8 warnings=0
1791116813781 VERIFY n=514 dims=Some((3840, 2160)) expect=3840x2160 own_files=2 PASS
1791116813955 BROWSER-EXIT n=514 pid=47120 after_return_ms=174.4
1791116816781 PREV-BROWSER n=515 prev_n=514 pid=47120 alive=false
1791116816781 RENDER-START n=515
1791116817379 RENDER-OK n=515 id=515 browser_pid=Some(102504) slot=A path=%TEMP%\fc-repro-leak-20261004-200350\localappdata\tw.fintools.fc-host\wallpaper\m-7ebe8f017cddc2d6-a.png wh=2560x1600 body=raw open_ms=262.5 page_ms=323.2 to_png_ms=585.7 close_ms=2.2 write_ms=9.9 warnings=0
1791116817380 VERIFY n=515 dims=Some((2560, 1600)) expect=2560x1600 own_files=2 PASS
1791116817558 BROWSER-EXIT n=515 pid=102504 after_return_ms=178.5
1791116818380 PREV-BROWSER n=516 prev_n=515 pid=102504 alive=false
1791116818380 RENDER-START n=516
1791116819091 RENDER-OK n=516 id=516 browser_pid=Some(15984) slot=B path=%TEMP%\fc-repro-leak-20261004-200350\localappdata\tw.fintools.fc-host\wallpaper\m-7ebe8f017cddc2d6-b.png wh=3840x2160 body=raw open_ms=272.9 page_ms=416.6 to_png_ms=689.5 close_ms=3.4 write_ms=17.6 warnings=0
1791116819095 VERIFY n=516 dims=Some((3840, 2160)) expect=3840x2160 own_files=2 PASS
1791116819264 BROWSER-EXIT n=516 pid=15984 after_return_ms=173.7
1791116822091 PREV-BROWSER n=517 prev_n=516 pid=15984 alive=false
1791116822091 RENDER-START n=517
1791116822692 RENDER-OK n=517 id=517 browser_pid=Some(111076) slot=A path=%TEMP%\fc-repro-leak-20261004-200350\localappdata\tw.fintools.fc-host\wallpaper\m-7ebe8f017cddc2d6-a.png wh=2560x1600 body=raw open_ms=265.4 page_ms=316.8 to_png_ms=582.2 close_ms=2.2 write_ms=16.8 warnings=0
1791116822693 VERIFY n=517 dims=Some((2560, 1600)) expect=2560x1600 own_files=2 PASS
1791116822871 BROWSER-EXIT n=517 pid=111076 after_return_ms=178.2
1791116823693 PREV-BROWSER n=518 prev_n=517 pid=111076 alive=false
1791116823693 RENDER-START n=518
1791116824439 RENDER-OK n=518 id=518 browser_pid=Some(93640) slot=B path=%TEMP%\fc-repro-leak-20261004-200350\localappdata\tw.fintools.fc-host\wallpaper\m-7ebe8f017cddc2d6-b.png wh=3840x2160 body=raw open_ms=305.9 page_ms=425.2 to_png_ms=731.2 close_ms=3.2 write_ms=11.5 warnings=0
1791116824439 VERIFY n=518 dims=Some((3840, 2160)) expect=3840x2160 own_files=2 PASS
1791116824619 BROWSER-EXIT n=518 pid=93640 after_return_ms=180.5
1791116827439 PREV-BROWSER n=519 prev_n=518 pid=93640 alive=false
1791116827439 RENDER-START n=519
1791116828037 RENDER-OK n=519 id=519 browser_pid=Some(19348) slot=A path=%TEMP%\fc-repro-leak-20261004-200350\localappdata\tw.fintools.fc-host\wallpaper\m-7ebe8f017cddc2d6-a.png wh=2560x1600 body=raw open_ms=265.2 page_ms=315.5 to_png_ms=580.8 close_ms=2.3 write_ms=15.1 warnings=0
1791116828038 VERIFY n=519 dims=Some((2560, 1600)) expect=2560x1600 own_files=2 PASS
1791116828206 BROWSER-EXIT n=519 pid=19348 after_return_ms=168.4
1791116829038 PREV-BROWSER n=520 prev_n=519 pid=19348 alive=false
1791116829038 RENDER-START n=520
1791116829744 RENDER-OK n=520 id=520 browser_pid=Some(112932) slot=B path=%TEMP%\fc-repro-leak-20261004-200350\localappdata\tw.fintools.fc-host\wallpaper\m-7ebe8f017cddc2d6-b.png wh=3840x2160 body=raw open_ms=262.8 page_ms=422.4 to_png_ms=685.2 close_ms=3.1 write_ms=17.7 warnings=0
1791116829744 VERIFY n=520 dims=Some((3840, 2160)) expect=3840x2160 own_files=2 PASS
1791116829917 BROWSER-EXIT n=520 pid=112932 after_return_ms=172.8
1791116832744 PREV-BROWSER n=521 prev_n=520 pid=112932 alive=false
1791116832744 RENDER-START n=521
1791116833406 RENDER-OK n=521 id=521 browser_pid=Some(39104) slot=A path=%TEMP%\fc-repro-leak-20261004-200350\localappdata\tw.fintools.fc-host\wallpaper\m-7ebe8f017cddc2d6-a.png wh=2560x1600 body=raw open_ms=324.4 page_ms=325.1 to_png_ms=649.6 close_ms=2.2 write_ms=9.8 warnings=0
1791116833406 VERIFY n=521 dims=Some((2560, 1600)) expect=2560x1600 own_files=2 PASS
1791116833584 BROWSER-EXIT n=521 pid=39104 after_return_ms=178.0
1791116834406 PREV-BROWSER n=522 prev_n=521 pid=39104 alive=false
1791116834406 RENDER-START n=522
1791116835112 RENDER-OK n=522 id=522 browser_pid=Some(98720) slot=B path=%TEMP%\fc-repro-leak-20261004-200350\localappdata\tw.fintools.fc-host\wallpaper\m-7ebe8f017cddc2d6-b.png wh=3840x2160 body=raw open_ms=262.2 page_ms=422.2 to_png_ms=684.4 close_ms=3.3 write_ms=17.6 warnings=0
1791116835112 VERIFY n=522 dims=Some((3840, 2160)) expect=3840x2160 own_files=2 PASS
1791116835284 BROWSER-EXIT n=522 pid=98720 after_return_ms=172.7
1791116838112 PREV-BROWSER n=523 prev_n=522 pid=98720 alive=false
1791116838112 RENDER-START n=523
1791116838716 RENDER-OK n=523 id=523 browser_pid=Some(114628) slot=A path=%TEMP%\fc-repro-leak-20261004-200350\localappdata\tw.fintools.fc-host\wallpaper\m-7ebe8f017cddc2d6-a.png wh=2560x1600 body=raw open_ms=263.3 page_ms=321.0 to_png_ms=584.3 close_ms=2.1 write_ms=17.2 warnings=0
1791116838716 VERIFY n=523 dims=Some((2560, 1600)) expect=2560x1600 own_files=2 PASS
1791116838882 BROWSER-EXIT n=523 pid=114628 after_return_ms=166.0
1791116839716 PREV-BROWSER n=524 prev_n=523 pid=114628 alive=false
1791116839716 RENDER-START n=524
1791116840463 RENDER-OK n=524 id=524 browser_pid=Some(15420) slot=B path=%TEMP%\fc-repro-leak-20261004-200350\localappdata\tw.fintools.fc-host\wallpaper\m-7ebe8f017cddc2d6-b.png wh=3840x2160 body=raw open_ms=325.2 page_ms=400.7 to_png_ms=725.9 close_ms=3.2 write_ms=16.9 warnings=0
1791116840463 VERIFY n=524 dims=Some((3840, 2160)) expect=3840x2160 own_files=2 PASS
1791116840639 BROWSER-EXIT n=524 pid=15420 after_return_ms=176.5
1791116843463 PREV-BROWSER n=525 prev_n=524 pid=15420 alive=false
1791116843463 RENDER-START n=525
1791116844110 RENDER-OK n=525 id=525 browser_pid=Some(100912) slot=A path=%TEMP%\fc-repro-leak-20261004-200350\localappdata\tw.fintools.fc-host\wallpaper\m-7ebe8f017cddc2d6-a.png wh=2560x1600 body=raw open_ms=306.3 page_ms=327.3 to_png_ms=633.6 close_ms=2.9 write_ms=10.1 warnings=0
1791116844110 VERIFY n=525 dims=Some((2560, 1600)) expect=2560x1600 own_files=2 PASS
1791116844284 BROWSER-EXIT n=525 pid=100912 after_return_ms=174.5
1791116845110 PREV-BROWSER n=526 prev_n=525 pid=100912 alive=false
1791116845110 RENDER-START n=526
1791116845843 RENDER-OK n=526 id=526 browser_pid=Some(101608) slot=B path=%TEMP%\fc-repro-leak-20261004-200350\localappdata\tw.fintools.fc-host\wallpaper\m-7ebe8f017cddc2d6-b.png wh=3840x2160 body=raw open_ms=275.1 page_ms=436.8 to_png_ms=711.8 close_ms=3.2 write_ms=17.5 warnings=0
1791116845843 VERIFY n=526 dims=Some((3840, 2160)) expect=3840x2160 own_files=2 PASS
1791116846008 BROWSER-EXIT n=526 pid=101608 after_return_ms=165.3
1791116848844 PREV-BROWSER n=527 prev_n=526 pid=101608 alive=false
1791116848844 RENDER-START n=527
1791116849450 RENDER-OK n=527 id=527 browser_pid=Some(85624) slot=A path=%TEMP%\fc-repro-leak-20261004-200350\localappdata\tw.fintools.fc-host\wallpaper\m-7ebe8f017cddc2d6-a.png wh=2560x1600 body=raw open_ms=266.5 page_ms=322.0 to_png_ms=588.6 close_ms=2.2 write_ms=15.8 warnings=0
1791116849451 VERIFY n=527 dims=Some((2560, 1600)) expect=2560x1600 own_files=2 PASS
1791116849618 BROWSER-EXIT n=527 pid=85624 after_return_ms=167.3
1791116850451 PREV-BROWSER n=528 prev_n=527 pid=85624 alive=false
1791116850451 RENDER-START n=528
1791116851246 RENDER-OK n=528 id=528 browser_pid=Some(111800) slot=B path=%TEMP%\fc-repro-leak-20261004-200350\localappdata\tw.fintools.fc-host\wallpaper\m-7ebe8f017cddc2d6-b.png wh=3840x2160 body=raw open_ms=333.2 page_ms=441.1 to_png_ms=774.3 close_ms=3.5 write_ms=17.4 warnings=0
1791116851246 VERIFY n=528 dims=Some((3840, 2160)) expect=3840x2160 own_files=2 PASS
1791116851414 BROWSER-EXIT n=528 pid=111800 after_return_ms=167.4
1791116854246 PREV-BROWSER n=529 prev_n=528 pid=111800 alive=false
1791116854246 RENDER-START n=529
1791116854853 RENDER-OK n=529 id=529 browser_pid=Some(13628) slot=A path=%TEMP%\fc-repro-leak-20261004-200350\localappdata\tw.fintools.fc-host\wallpaper\m-7ebe8f017cddc2d6-a.png wh=2560x1600 body=raw open_ms=261.0 page_ms=333.5 to_png_ms=594.5 close_ms=2.1 write_ms=9.8 warnings=0
1791116854853 VERIFY n=529 dims=Some((2560, 1600)) expect=2560x1600 own_files=2 PASS
1791116855034 BROWSER-EXIT n=529 pid=13628 after_return_ms=181.5
1791116855853 PREV-BROWSER n=530 prev_n=529 pid=13628 alive=false
1791116855853 RENDER-START n=530
1791116856546 RENDER-OK n=530 id=530 browser_pid=Some(57796) slot=B path=%TEMP%\fc-repro-leak-20261004-200350\localappdata\tw.fintools.fc-host\wallpaper\m-7ebe8f017cddc2d6-b.png wh=3840x2160 body=raw open_ms=259.0 page_ms=413.1 to_png_ms=672.1 close_ms=3.2 write_ms=17.3 warnings=0
1791116856546 VERIFY n=530 dims=Some((3840, 2160)) expect=3840x2160 own_files=2 PASS
1791116856717 BROWSER-EXIT n=530 pid=57796 after_return_ms=170.6
1791116859547 PREV-BROWSER n=531 prev_n=530 pid=57796 alive=false
1791116859547 RENDER-START n=531
1791116860160 RENDER-OK n=531 id=531 browser_pid=Some(89960) slot=A path=%TEMP%\fc-repro-leak-20261004-200350\localappdata\tw.fintools.fc-host\wallpaper\m-7ebe8f017cddc2d6-a.png wh=2560x1600 body=raw open_ms=260.3 page_ms=333.8 to_png_ms=594.0 close_ms=2.2 write_ms=16.5 warnings=0
1791116860160 VERIFY n=531 dims=Some((2560, 1600)) expect=2560x1600 own_files=2 PASS
1791116860323 BROWSER-EXIT n=531 pid=89960 after_return_ms=163.7
1791116861160 PREV-BROWSER n=532 prev_n=531 pid=89960 alive=false
1791116861160 RENDER-START n=532
1791116861862 RENDER-OK n=532 id=532 browser_pid=Some(86876) slot=B path=%TEMP%\fc-repro-leak-20261004-200350\localappdata\tw.fintools.fc-host\wallpaper\m-7ebe8f017cddc2d6-b.png wh=3840x2160 body=raw open_ms=259.0 page_ms=421.9 to_png_ms=680.9 close_ms=3.0 write_ms=18.1 warnings=0
1791116861862 VERIFY n=532 dims=Some((3840, 2160)) expect=3840x2160 own_files=2 PASS
1791116862027 BROWSER-EXIT n=532 pid=86876 after_return_ms=164.9
1791116864863 PREV-BROWSER n=533 prev_n=532 pid=86876 alive=false
1791116864863 RENDER-START n=533
1791116865460 RENDER-OK n=533 id=533 browser_pid=Some(13780) slot=A path=%TEMP%\fc-repro-leak-20261004-200350\localappdata\tw.fintools.fc-host\wallpaper\m-7ebe8f017cddc2d6-a.png wh=2560x1600 body=raw open_ms=257.2 page_ms=319.1 to_png_ms=576.3 close_ms=2.2 write_ms=18.5 warnings=0
1791116865460 VERIFY n=533 dims=Some((2560, 1600)) expect=2560x1600 own_files=2 PASS
1791116865652 BROWSER-EXIT n=533 pid=13780 after_return_ms=192.1
1791116866460 PREV-BROWSER n=534 prev_n=533 pid=13780 alive=false
1791116866460 RENDER-START n=534
1791116867211 RENDER-OK n=534 id=534 browser_pid=Some(115624) slot=B path=%TEMP%\fc-repro-leak-20261004-200350\localappdata\tw.fintools.fc-host\wallpaper\m-7ebe8f017cddc2d6-b.png wh=3840x2160 body=raw open_ms=315.7 page_ms=422.2 to_png_ms=737.9 close_ms=3.2 write_ms=9.2 warnings=0
1791116867211 VERIFY n=534 dims=Some((3840, 2160)) expect=3840x2160 own_files=2 PASS
1791116867391 BROWSER-EXIT n=534 pid=115624 after_return_ms=179.6
1791116870211 PREV-BROWSER n=535 prev_n=534 pid=115624 alive=false
1791116870211 RENDER-START n=535
1791116870823 RENDER-OK n=535 id=535 browser_pid=Some(53620) slot=A path=%TEMP%\fc-repro-leak-20261004-200350\localappdata\tw.fintools.fc-host\wallpaper\m-7ebe8f017cddc2d6-a.png wh=2560x1600 body=raw open_ms=258.6 page_ms=334.3 to_png_ms=593.0 close_ms=2.3 write_ms=15.8 warnings=0
1791116870823 VERIFY n=535 dims=Some((2560, 1600)) expect=2560x1600 own_files=2 PASS
1791116871001 BROWSER-EXIT n=535 pid=53620 after_return_ms=178.5
1791116871823 PREV-BROWSER n=536 prev_n=535 pid=53620 alive=false
1791116871823 RENDER-START n=536
1791116872520 RENDER-OK n=536 id=536 browser_pid=Some(109148) slot=B path=%TEMP%\fc-repro-leak-20261004-200350\localappdata\tw.fintools.fc-host\wallpaper\m-7ebe8f017cddc2d6-b.png wh=3840x2160 body=raw open_ms=264.6 page_ms=410.9 to_png_ms=675.5 close_ms=3.2 write_ms=18.0 warnings=0
1791116872520 VERIFY n=536 dims=Some((3840, 2160)) expect=3840x2160 own_files=2 PASS
1791116872690 BROWSER-EXIT n=536 pid=109148 after_return_ms=170.4
1791116875520 PREV-BROWSER n=537 prev_n=536 pid=109148 alive=false
1791116875520 RENDER-START n=537
1791116876129 RENDER-OK n=537 id=537 browser_pid=Some(112836) slot=A path=%TEMP%\fc-repro-leak-20261004-200350\localappdata\tw.fintools.fc-host\wallpaper\m-7ebe8f017cddc2d6-a.png wh=2560x1600 body=raw open_ms=257.9 page_ms=331.9 to_png_ms=589.8 close_ms=2.3 write_ms=16.4 warnings=0
1791116876129 VERIFY n=537 dims=Some((2560, 1600)) expect=2560x1600 own_files=2 PASS
1791116876303 BROWSER-EXIT n=537 pid=112836 after_return_ms=174.4
1791116877129 PREV-BROWSER n=538 prev_n=537 pid=112836 alive=false
1791116877129 RENDER-START n=538
1791116877834 RENDER-OK n=538 id=538 browser_pid=Some(99348) slot=B path=%TEMP%\fc-repro-leak-20261004-200350\localappdata\tw.fintools.fc-host\wallpaper\m-7ebe8f017cddc2d6-b.png wh=3840x2160 body=raw open_ms=261.1 page_ms=421.9 to_png_ms=683.0 close_ms=3.3 write_ms=17.5 warnings=0
1791116877834 VERIFY n=538 dims=Some((3840, 2160)) expect=3840x2160 own_files=2 PASS
1791116878005 BROWSER-EXIT n=538 pid=99348 after_return_ms=171.5
1791116880834 PREV-BROWSER n=539 prev_n=538 pid=99348 alive=false
1791116880834 RENDER-START n=539
1791116881434 RENDER-OK n=539 id=539 browser_pid=Some(19428) slot=A path=%TEMP%\fc-repro-leak-20261004-200350\localappdata\tw.fintools.fc-host\wallpaper\m-7ebe8f017cddc2d6-a.png wh=2560x1600 body=raw open_ms=261.7 page_ms=320.5 to_png_ms=582.2 close_ms=2.3 write_ms=15.8 warnings=0
1791116881434 VERIFY n=539 dims=Some((2560, 1600)) expect=2560x1600 own_files=2 PASS
1791116881610 BROWSER-EXIT n=539 pid=19428 after_return_ms=175.7
1791116882434 PREV-BROWSER n=540 prev_n=539 pid=19428 alive=false
1791116882434 RENDER-START n=540
1791116883125 RENDER-OK n=540 id=540 browser_pid=Some(114352) slot=B path=%TEMP%\fc-repro-leak-20261004-200350\localappdata\tw.fintools.fc-host\wallpaper\m-7ebe8f017cddc2d6-b.png wh=3840x2160 body=raw open_ms=260.0 page_ms=416.9 to_png_ms=676.9 close_ms=3.4 write_ms=10.5 warnings=0
1791116883125 VERIFY n=540 dims=Some((3840, 2160)) expect=3840x2160 own_files=2 PASS
1791116883302 BROWSER-EXIT n=540 pid=114352 after_return_ms=176.7
1791116886125 PREV-BROWSER n=541 prev_n=540 pid=114352 alive=false
1791116886125 RENDER-START n=541
1791116886725 RENDER-OK n=541 id=541 browser_pid=Some(91208) slot=A path=%TEMP%\fc-repro-leak-20261004-200350\localappdata\tw.fintools.fc-host\wallpaper\m-7ebe8f017cddc2d6-a.png wh=2560x1600 body=raw open_ms=260.3 page_ms=318.1 to_png_ms=578.4 close_ms=2.7 write_ms=17.9 warnings=0
1791116886725 VERIFY n=541 dims=Some((2560, 1600)) expect=2560x1600 own_files=2 PASS
1791116886895 BROWSER-EXIT n=541 pid=91208 after_return_ms=170.5
1791116887725 PREV-BROWSER n=542 prev_n=541 pid=91208 alive=false
1791116887725 RENDER-START n=542
1791116888428 RENDER-OK n=542 id=542 browser_pid=Some(47084) slot=B path=%TEMP%\fc-repro-leak-20261004-200350\localappdata\tw.fintools.fc-host\wallpaper\m-7ebe8f017cddc2d6-b.png wh=3840x2160 body=raw open_ms=258.7 page_ms=423.8 to_png_ms=682.5 close_ms=3.2 write_ms=17.5 warnings=0
1791116888429 VERIFY n=542 dims=Some((3840, 2160)) expect=3840x2160 own_files=2 PASS
1791116888599 BROWSER-EXIT n=542 pid=47084 after_return_ms=171.1
1791116891429 PREV-BROWSER n=543 prev_n=542 pid=47084 alive=false
1791116891429 RENDER-START n=543
1791116892033 RENDER-OK n=543 id=543 browser_pid=Some(81236) slot=A path=%TEMP%\fc-repro-leak-20261004-200350\localappdata\tw.fintools.fc-host\wallpaper\m-7ebe8f017cddc2d6-a.png wh=2560x1600 body=raw open_ms=272.1 page_ms=320.2 to_png_ms=592.3 close_ms=2.3 write_ms=9.6 warnings=0
1791116892034 VERIFY n=543 dims=Some((2560, 1600)) expect=2560x1600 own_files=2 PASS
1791116892219 BROWSER-EXIT n=543 pid=81236 after_return_ms=186.3
1791116893034 PREV-BROWSER n=544 prev_n=543 pid=81236 alive=false
1791116893034 RENDER-START n=544
1791116893719 RENDER-OK n=544 id=544 browser_pid=Some(93024) slot=B path=%TEMP%\fc-repro-leak-20261004-200350\localappdata\tw.fintools.fc-host\wallpaper\m-7ebe8f017cddc2d6-b.png wh=3840x2160 body=raw open_ms=255.5 page_ms=408.6 to_png_ms=664.1 close_ms=2.8 write_ms=18.0 warnings=0
1791116893719 VERIFY n=544 dims=Some((3840, 2160)) expect=3840x2160 own_files=2 PASS
1791116893891 BROWSER-EXIT n=544 pid=93024 after_return_ms=172.5
1791116896719 PREV-BROWSER n=545 prev_n=544 pid=93024 alive=false
1791116896719 RENDER-START n=545
1791116897329 RENDER-OK n=545 id=545 browser_pid=Some(101108) slot=A path=%TEMP%\fc-repro-leak-20261004-200350\localappdata\tw.fintools.fc-host\wallpaper\m-7ebe8f017cddc2d6-a.png wh=2560x1600 body=raw open_ms=265.9 page_ms=326.4 to_png_ms=592.3 close_ms=2.1 write_ms=15.7 warnings=0
1791116897330 VERIFY n=545 dims=Some((2560, 1600)) expect=2560x1600 own_files=2 PASS
1791116897510 BROWSER-EXIT n=545 pid=101108 after_return_ms=181.0
1791116898330 PREV-BROWSER n=546 prev_n=545 pid=101108 alive=false
1791116898330 RENDER-START n=546
1791116899039 RENDER-OK n=546 id=546 browser_pid=Some(113648) slot=B path=%TEMP%\fc-repro-leak-20261004-200350\localappdata\tw.fintools.fc-host\wallpaper\m-7ebe8f017cddc2d6-b.png wh=3840x2160 body=raw open_ms=263.4 page_ms=425.0 to_png_ms=688.3 close_ms=3.0 write_ms=18.0 warnings=0
1791116899040 VERIFY n=546 dims=Some((3840, 2160)) expect=3840x2160 own_files=2 PASS
1791116899217 BROWSER-EXIT n=546 pid=113648 after_return_ms=178.1
1791116902039 PREV-BROWSER n=547 prev_n=546 pid=113648 alive=false
1791116902039 RENDER-START n=547
1791116902648 RENDER-OK n=547 id=547 browser_pid=Some(113708) slot=A path=%TEMP%\fc-repro-leak-20261004-200350\localappdata\tw.fintools.fc-host\wallpaper\m-7ebe8f017cddc2d6-a.png wh=2560x1600 body=raw open_ms=259.0 page_ms=338.1 to_png_ms=597.1 close_ms=2.2 write_ms=8.9 warnings=0
1791116902648 VERIFY n=547 dims=Some((2560, 1600)) expect=2560x1600 own_files=2 PASS
1791116902838 BROWSER-EXIT n=547 pid=113708 after_return_ms=190.2
1791116903648 PREV-BROWSER n=548 prev_n=547 pid=113708 alive=false
1791116903648 RENDER-START n=548
1791116904353 RENDER-OK n=548 id=548 browser_pid=Some(110712) slot=B path=%TEMP%\fc-repro-leak-20261004-200350\localappdata\tw.fintools.fc-host\wallpaper\m-7ebe8f017cddc2d6-b.png wh=3840x2160 body=raw open_ms=263.7 page_ms=421.5 to_png_ms=685.1 close_ms=3.3 write_ms=16.4 warnings=0
1791116904354 VERIFY n=548 dims=Some((3840, 2160)) expect=3840x2160 own_files=2 PASS
1791116904538 BROWSER-EXIT n=548 pid=110712 after_return_ms=184.5
1791116907354 PREV-BROWSER n=549 prev_n=548 pid=110712 alive=false
1791116907354 RENDER-START n=549
1791116908020 RENDER-OK n=549 id=549 browser_pid=Some(13704) slot=A path=%TEMP%\fc-repro-leak-20261004-200350\localappdata\tw.fintools.fc-host\wallpaper\m-7ebe8f017cddc2d6-a.png wh=2560x1600 body=raw open_ms=329.1 page_ms=325.1 to_png_ms=654.2 close_ms=2.3 write_ms=9.5 warnings=0
1791116908020 VERIFY n=549 dims=Some((2560, 1600)) expect=2560x1600 own_files=2 PASS
1791116908209 BROWSER-EXIT n=549 pid=13704 after_return_ms=189.1
1791116909020 PREV-BROWSER n=550 prev_n=549 pid=13704 alive=false
1791116909020 RENDER-START n=550
1791116909723 RENDER-OK n=550 id=550 browser_pid=Some(76484) slot=B path=%TEMP%\fc-repro-leak-20261004-200350\localappdata\tw.fintools.fc-host\wallpaper\m-7ebe8f017cddc2d6-b.png wh=3840x2160 body=raw open_ms=257.6 page_ms=424.7 to_png_ms=682.3 close_ms=3.0 write_ms=17.0 warnings=0
1791116909723 VERIFY n=550 dims=Some((3840, 2160)) expect=3840x2160 own_files=2 PASS
1791116909892 BROWSER-EXIT n=550 pid=76484 after_return_ms=169.1
1791116912723 PREV-BROWSER n=551 prev_n=550 pid=76484 alive=false
1791116912723 RENDER-START n=551
1791116913330 RENDER-OK n=551 id=551 browser_pid=Some(109896) slot=A path=%TEMP%\fc-repro-leak-20261004-200350\localappdata\tw.fintools.fc-host\wallpaper\m-7ebe8f017cddc2d6-a.png wh=2560x1600 body=raw open_ms=265.7 page_ms=323.8 to_png_ms=589.5 close_ms=2.1 write_ms=15.0 warnings=0
1791116913330 VERIFY n=551 dims=Some((2560, 1600)) expect=2560x1600 own_files=2 PASS
1791116913501 BROWSER-EXIT n=551 pid=109896 after_return_ms=171.8
1791116914330 PREV-BROWSER n=552 prev_n=551 pid=109896 alive=false
1791116914330 RENDER-START n=552
1791116915103 RENDER-OK n=552 id=552 browser_pid=Some(115688) slot=B path=%TEMP%\fc-repro-leak-20261004-200350\localappdata\tw.fintools.fc-host\wallpaper\m-7ebe8f017cddc2d6-b.png wh=3840x2160 body=raw open_ms=322.9 page_ms=431.0 to_png_ms=753.9 close_ms=3.0 write_ms=15.8 warnings=0
1791116915103 VERIFY n=552 dims=Some((3840, 2160)) expect=3840x2160 own_files=2 PASS
1791116915279 BROWSER-EXIT n=552 pid=115688 after_return_ms=176.2
1791116918104 PREV-BROWSER n=553 prev_n=552 pid=115688 alive=false
1791116918104 RENDER-START n=553
1791116918715 RENDER-OK n=553 id=553 browser_pid=Some(31452) slot=A path=%TEMP%\fc-repro-leak-20261004-200350\localappdata\tw.fintools.fc-host\wallpaper\m-7ebe8f017cddc2d6-a.png wh=2560x1600 body=raw open_ms=264.5 page_ms=326.7 to_png_ms=591.2 close_ms=2.7 write_ms=17.3 warnings=0
1791116918716 VERIFY n=553 dims=Some((2560, 1600)) expect=2560x1600 own_files=2 PASS
1791116918885 BROWSER-EXIT n=553 pid=31452 after_return_ms=169.7
1791116919716 PREV-BROWSER n=554 prev_n=553 pid=31452 alive=false
1791116919716 RENDER-START n=554
1791116920481 RENDER-OK n=554 id=554 browser_pid=Some(112924) slot=B path=%TEMP%\fc-repro-leak-20261004-200350\localappdata\tw.fintools.fc-host\wallpaper\m-7ebe8f017cddc2d6-b.png wh=3840x2160 body=raw open_ms=328.2 page_ms=416.6 to_png_ms=744.9 close_ms=3.4 write_ms=17.0 warnings=0
1791116920482 VERIFY n=554 dims=Some((3840, 2160)) expect=3840x2160 own_files=2 PASS
1791116920653 BROWSER-EXIT n=554 pid=112924 after_return_ms=171.5
1791116923482 PREV-BROWSER n=555 prev_n=554 pid=112924 alive=false
1791116923482 RENDER-START n=555
1791116924085 RENDER-OK n=555 id=555 browser_pid=Some(113696) slot=A path=%TEMP%\fc-repro-leak-20261004-200350\localappdata\tw.fintools.fc-host\wallpaper\m-7ebe8f017cddc2d6-a.png wh=2560x1600 body=raw open_ms=263.0 page_ms=321.7 to_png_ms=584.7 close_ms=2.1 write_ms=16.2 warnings=0
1791116924085 VERIFY n=555 dims=Some((2560, 1600)) expect=2560x1600 own_files=2 PASS
1791116924253 BROWSER-EXIT n=555 pid=113696 after_return_ms=168.2
1791116925085 PREV-BROWSER n=556 prev_n=555 pid=113696 alive=false
1791116925085 RENDER-START n=556
1791116925866 RENDER-OK n=556 id=556 browser_pid=Some(66476) slot=B path=%TEMP%\fc-repro-leak-20261004-200350\localappdata\tw.fintools.fc-host\wallpaper\m-7ebe8f017cddc2d6-b.png wh=3840x2160 body=raw open_ms=332.8 page_ms=431.5 to_png_ms=764.3 close_ms=3.8 write_ms=12.2 warnings=0
1791116925866 VERIFY n=556 dims=Some((3840, 2160)) expect=3840x2160 own_files=2 PASS
1791116926041 BROWSER-EXIT n=556 pid=66476 after_return_ms=175.5
1791116928866 PREV-BROWSER n=557 prev_n=556 pid=66476 alive=false
1791116928866 RENDER-START n=557
1791116929466 RENDER-OK n=557 id=557 browser_pid=Some(69972) slot=A path=%TEMP%\fc-repro-leak-20261004-200350\localappdata\tw.fintools.fc-host\wallpaper\m-7ebe8f017cddc2d6-a.png wh=2560x1600 body=raw open_ms=264.8 page_ms=315.6 to_png_ms=580.4 close_ms=2.5 write_ms=17.0 warnings=0
1791116929466 VERIFY n=557 dims=Some((2560, 1600)) expect=2560x1600 own_files=2 PASS
1791116929641 BROWSER-EXIT n=557 pid=69972 after_return_ms=174.8
1791116930466 PREV-BROWSER n=558 prev_n=557 pid=69972 alive=false
1791116930467 RENDER-START n=558
1791116931168 RENDER-OK n=558 id=558 browser_pid=Some(104240) slot=B path=%TEMP%\fc-repro-leak-20261004-200350\localappdata\tw.fintools.fc-host\wallpaper\m-7ebe8f017cddc2d6-b.png wh=3840x2160 body=raw open_ms=260.2 page_ms=420.4 to_png_ms=680.6 close_ms=3.1 write_ms=16.9 warnings=0
1791116931168 VERIFY n=558 dims=Some((3840, 2160)) expect=3840x2160 own_files=2 PASS
1791116931341 BROWSER-EXIT n=558 pid=104240 after_return_ms=173.3
1791116934168 PREV-BROWSER n=559 prev_n=558 pid=104240 alive=false
1791116934168 RENDER-START n=559
1791116934786 RENDER-OK n=559 id=559 browser_pid=Some(54460) slot=A path=%TEMP%\fc-repro-leak-20261004-200350\localappdata\tw.fintools.fc-host\wallpaper\m-7ebe8f017cddc2d6-a.png wh=2560x1600 body=raw open_ms=262.4 page_ms=338.1 to_png_ms=600.4 close_ms=2.1 write_ms=15.2 warnings=0
1791116934786 VERIFY n=559 dims=Some((2560, 1600)) expect=2560x1600 own_files=2 PASS
1791116934967 BROWSER-EXIT n=559 pid=54460 after_return_ms=180.9
1791116935786 PREV-BROWSER n=560 prev_n=559 pid=54460 alive=false
1791116935786 RENDER-START n=560
1791116936514 RENDER-OK n=560 id=560 browser_pid=Some(83912) slot=B path=%TEMP%\fc-repro-leak-20261004-200350\localappdata\tw.fintools.fc-host\wallpaper\m-7ebe8f017cddc2d6-b.png wh=3840x2160 body=raw open_ms=294.1 page_ms=412.0 to_png_ms=706.1 close_ms=3.2 write_ms=18.1 warnings=0
1791116936514 VERIFY n=560 dims=Some((3840, 2160)) expect=3840x2160 own_files=2 PASS
1791116936684 BROWSER-EXIT n=560 pid=83912 after_return_ms=170.4
1791116939514 PREV-BROWSER n=561 prev_n=560 pid=83912 alive=false
1791116939514 RENDER-START n=561
1791116940159 RENDER-OK n=561 id=561 browser_pid=Some(111928) slot=A path=%TEMP%\fc-repro-leak-20261004-200350\localappdata\tw.fintools.fc-host\wallpaper\m-7ebe8f017cddc2d6-a.png wh=2560x1600 body=raw open_ms=296.8 page_ms=329.8 to_png_ms=626.5 close_ms=2.2 write_ms=15.6 warnings=0
1791116940159 VERIFY n=561 dims=Some((2560, 1600)) expect=2560x1600 own_files=2 PASS
1791116940336 BROWSER-EXIT n=561 pid=111928 after_return_ms=177.8
1791116941159 PREV-BROWSER n=562 prev_n=561 pid=111928 alive=false
1791116941159 RENDER-START n=562
1791116941888 RENDER-OK n=562 id=562 browser_pid=Some(114852) slot=B path=%TEMP%\fc-repro-leak-20261004-200350\localappdata\tw.fintools.fc-host\wallpaper\m-7ebe8f017cddc2d6-b.png wh=3840x2160 body=raw open_ms=274.6 page_ms=432.4 to_png_ms=707.0 close_ms=4.0 write_ms=18.0 warnings=0
1791116941889 VERIFY n=562 dims=Some((3840, 2160)) expect=3840x2160 own_files=2 PASS
1791116942056 BROWSER-EXIT n=562 pid=114852 after_return_ms=167.8
1791116944889 PREV-BROWSER n=563 prev_n=562 pid=114852 alive=false
1791116944889 RENDER-START n=563
1791116945551 RENDER-OK n=563 id=563 browser_pid=Some(111288) slot=A path=%TEMP%\fc-repro-leak-20261004-200350\localappdata\tw.fintools.fc-host\wallpaper\m-7ebe8f017cddc2d6-a.png wh=2560x1600 body=raw open_ms=324.0 page_ms=321.1 to_png_ms=645.1 close_ms=2.5 write_ms=15.0 warnings=0
1791116945552 VERIFY n=563 dims=Some((2560, 1600)) expect=2560x1600 own_files=2 PASS
1791116945720 BROWSER-EXIT n=563 pid=111288 after_return_ms=168.5
1791116946552 PREV-BROWSER n=564 prev_n=563 pid=111288 alive=false
1791116946552 RENDER-START n=564
1791116947343 RENDER-OK n=564 id=564 browser_pid=Some(106100) slot=B path=%TEMP%\fc-repro-leak-20261004-200350\localappdata\tw.fintools.fc-host\wallpaper\m-7ebe8f017cddc2d6-b.png wh=3840x2160 body=raw open_ms=326.2 page_ms=445.4 to_png_ms=771.6 close_ms=3.1 write_ms=16.5 warnings=0
1791116947343 VERIFY n=564 dims=Some((3840, 2160)) expect=3840x2160 own_files=2 PASS
1791116947518 BROWSER-EXIT n=564 pid=106100 after_return_ms=174.8
1791116950343 PREV-BROWSER n=565 prev_n=564 pid=106100 alive=false
1791116950343 RENDER-START n=565
1791116951003 RENDER-OK n=565 id=565 browser_pid=Some(86516) slot=A path=%TEMP%\fc-repro-leak-20261004-200350\localappdata\tw.fintools.fc-host\wallpaper\m-7ebe8f017cddc2d6-a.png wh=2560x1600 body=raw open_ms=305.9 page_ms=334.2 to_png_ms=640.1 close_ms=2.2 write_ms=16.7 warnings=0
1791116951003 VERIFY n=565 dims=Some((2560, 1600)) expect=2560x1600 own_files=2 PASS
1791116951179 BROWSER-EXIT n=565 pid=86516 after_return_ms=177.0
1791116952003 PREV-BROWSER n=566 prev_n=565 pid=86516 alive=false
1791116952003 RENDER-START n=566
1791116952710 RENDER-OK n=566 id=566 browser_pid=Some(97940) slot=B path=%TEMP%\fc-repro-leak-20261004-200350\localappdata\tw.fintools.fc-host\wallpaper\m-7ebe8f017cddc2d6-b.png wh=3840x2160 body=raw open_ms=265.8 page_ms=428.6 to_png_ms=694.4 close_ms=3.3 write_ms=9.4 warnings=0
1791116952710 VERIFY n=566 dims=Some((3840, 2160)) expect=3840x2160 own_files=2 PASS
1791116952885 BROWSER-EXIT n=566 pid=97940 after_return_ms=174.5
1791116955711 PREV-BROWSER n=567 prev_n=566 pid=97940 alive=false
1791116955711 RENDER-START n=567
1791116956320 RENDER-OK n=567 id=567 browser_pid=Some(91856) slot=A path=%TEMP%\fc-repro-leak-20261004-200350\localappdata\tw.fintools.fc-host\wallpaper\m-7ebe8f017cddc2d6-a.png wh=2560x1600 body=raw open_ms=270.5 page_ms=319.1 to_png_ms=589.6 close_ms=2.4 write_ms=16.9 warnings=0
1791116956320 VERIFY n=567 dims=Some((2560, 1600)) expect=2560x1600 own_files=2 PASS
1791116956491 BROWSER-EXIT n=567 pid=91856 after_return_ms=171.2
1791116957320 PREV-BROWSER n=568 prev_n=567 pid=91856 alive=false
1791116957320 RENDER-START n=568
1791116958100 RENDER-OK n=568 id=568 browser_pid=Some(113224) slot=B path=%TEMP%\fc-repro-leak-20261004-200350\localappdata\tw.fintools.fc-host\wallpaper\m-7ebe8f017cddc2d6-b.png wh=3840x2160 body=raw open_ms=332.9 page_ms=426.0 to_png_ms=758.9 close_ms=2.9 write_ms=17.6 warnings=0
1791116958100 VERIFY n=568 dims=Some((3840, 2160)) expect=3840x2160 own_files=2 PASS
1791116958274 BROWSER-EXIT n=568 pid=113224 after_return_ms=174.4
1791116961100 PREV-BROWSER n=569 prev_n=568 pid=113224 alive=false
1791116961100 RENDER-START n=569
1791116961752 RENDER-OK n=569 id=569 browser_pid=Some(39580) slot=A path=%TEMP%\fc-repro-leak-20261004-200350\localappdata\tw.fintools.fc-host\wallpaper\m-7ebe8f017cddc2d6-a.png wh=2560x1600 body=raw open_ms=307.1 page_ms=327.4 to_png_ms=634.5 close_ms=2.1 write_ms=15.2 warnings=0
1791116961753 VERIFY n=569 dims=Some((2560, 1600)) expect=2560x1600 own_files=2 PASS
1791116961923 BROWSER-EXIT n=569 pid=39580 after_return_ms=170.8
1791116962753 PREV-BROWSER n=570 prev_n=569 pid=39580 alive=false
1791116962753 RENDER-START n=570
1791116963458 RENDER-OK n=570 id=570 browser_pid=Some(27796) slot=B path=%TEMP%\fc-repro-leak-20261004-200350\localappdata\tw.fintools.fc-host\wallpaper\m-7ebe8f017cddc2d6-b.png wh=3840x2160 body=raw open_ms=258.6 page_ms=425.8 to_png_ms=684.4 close_ms=3.4 write_ms=17.3 warnings=0
1791116963458 VERIFY n=570 dims=Some((3840, 2160)) expect=3840x2160 own_files=2 PASS
1791116963626 BROWSER-EXIT n=570 pid=27796 after_return_ms=167.3
1791116966459 PREV-BROWSER n=571 prev_n=570 pid=27796 alive=false
1791116966459 RENDER-START n=571
1791116967064 RENDER-OK n=571 id=571 browser_pid=Some(109040) slot=A path=%TEMP%\fc-repro-leak-20261004-200350\localappdata\tw.fintools.fc-host\wallpaper\m-7ebe8f017cddc2d6-a.png wh=2560x1600 body=raw open_ms=259.9 page_ms=327.0 to_png_ms=586.9 close_ms=2.2 write_ms=16.1 warnings=0
1791116967064 VERIFY n=571 dims=Some((2560, 1600)) expect=2560x1600 own_files=2 PASS
1791116967234 BROWSER-EXIT n=571 pid=109040 after_return_ms=169.9
1791116968064 PREV-BROWSER n=572 prev_n=571 pid=109040 alive=false
1791116968065 RENDER-START n=572
1791116968766 RENDER-OK n=572 id=572 browser_pid=Some(114980) slot=B path=%TEMP%\fc-repro-leak-20261004-200350\localappdata\tw.fintools.fc-host\wallpaper\m-7ebe8f017cddc2d6-b.png wh=3840x2160 body=raw open_ms=260.8 page_ms=419.1 to_png_ms=679.9 close_ms=3.1 write_ms=18.0 warnings=0
1791116968766 VERIFY n=572 dims=Some((3840, 2160)) expect=3840x2160 own_files=2 PASS
1791116968934 BROWSER-EXIT n=572 pid=114980 after_return_ms=168.2
1791116971766 PREV-BROWSER n=573 prev_n=572 pid=114980 alive=false
1791116971766 RENDER-START n=573
1791116972368 RENDER-OK n=573 id=573 browser_pid=Some(18560) slot=A path=%TEMP%\fc-repro-leak-20261004-200350\localappdata\tw.fintools.fc-host\wallpaper\m-7ebe8f017cddc2d6-a.png wh=2560x1600 body=raw open_ms=261.0 page_ms=322.5 to_png_ms=583.5 close_ms=2.1 write_ms=16.0 warnings=0
1791116972368 VERIFY n=573 dims=Some((2560, 1600)) expect=2560x1600 own_files=2 PASS
1791116972545 BROWSER-EXIT n=573 pid=18560 after_return_ms=177.1
1791116973368 PREV-BROWSER n=574 prev_n=573 pid=18560 alive=false
1791116973368 RENDER-START n=574
1791116974070 RENDER-OK n=574 id=574 browser_pid=Some(112008) slot=B path=%TEMP%\fc-repro-leak-20261004-200350\localappdata\tw.fintools.fc-host\wallpaper\m-7ebe8f017cddc2d6-b.png wh=3840x2160 body=raw open_ms=259.3 page_ms=429.7 to_png_ms=689.0 close_ms=3.0 write_ms=9.6 warnings=0
1791116974071 VERIFY n=574 dims=Some((3840, 2160)) expect=3840x2160 own_files=2 PASS
1791116974246 BROWSER-EXIT n=574 pid=112008 after_return_ms=175.9
1791116977071 PREV-BROWSER n=575 prev_n=574 pid=112008 alive=false
1791116977071 RENDER-START n=575
1791116977671 RENDER-OK n=575 id=575 browser_pid=Some(19316) slot=A path=%TEMP%\fc-repro-leak-20261004-200350\localappdata\tw.fintools.fc-host\wallpaper\m-7ebe8f017cddc2d6-a.png wh=2560x1600 body=raw open_ms=266.0 page_ms=322.7 to_png_ms=588.7 close_ms=2.3 write_ms=8.9 warnings=0
1791116977671 VERIFY n=575 dims=Some((2560, 1600)) expect=2560x1600 own_files=2 PASS
1791116977859 BROWSER-EXIT n=575 pid=19316 after_return_ms=188.0
1791116978671 PREV-BROWSER n=576 prev_n=575 pid=19316 alive=false
1791116978671 RENDER-START n=576
1791116979436 RENDER-OK n=576 id=576 browser_pid=Some(96748) slot=B path=%TEMP%\fc-repro-leak-20261004-200350\localappdata\tw.fintools.fc-host\wallpaper\m-7ebe8f017cddc2d6-b.png wh=3840x2160 body=raw open_ms=325.9 page_ms=418.6 to_png_ms=744.5 close_ms=3.5 write_ms=16.8 warnings=0
1791116979436 VERIFY n=576 dims=Some((3840, 2160)) expect=3840x2160 own_files=2 PASS
1791116979616 BROWSER-EXIT n=576 pid=96748 after_return_ms=179.3
1791116982437 PREV-BROWSER n=577 prev_n=576 pid=96748 alive=false
1791116982437 RENDER-START n=577
1791116983048 RENDER-OK n=577 id=577 browser_pid=Some(99900) slot=A path=%TEMP%\fc-repro-leak-20261004-200350\localappdata\tw.fintools.fc-host\wallpaper\m-7ebe8f017cddc2d6-a.png wh=2560x1600 body=raw open_ms=267.9 page_ms=326.1 to_png_ms=594.0 close_ms=1.9 write_ms=15.3 warnings=0
1791116983048 VERIFY n=577 dims=Some((2560, 1600)) expect=2560x1600 own_files=2 PASS
1791116983228 BROWSER-EXIT n=577 pid=99900 after_return_ms=179.6
1791116984048 PREV-BROWSER n=578 prev_n=577 pid=99900 alive=false
1791116984048 RENDER-START n=578
1791116984751 RENDER-OK n=578 id=578 browser_pid=Some(111280) slot=B path=%TEMP%\fc-repro-leak-20261004-200350\localappdata\tw.fintools.fc-host\wallpaper\m-7ebe8f017cddc2d6-b.png wh=3840x2160 body=raw open_ms=262.9 page_ms=416.6 to_png_ms=679.4 close_ms=3.2 write_ms=19.9 warnings=0
1791116984752 VERIFY n=578 dims=Some((3840, 2160)) expect=3840x2160 own_files=2 PASS
1791116984924 BROWSER-EXIT n=578 pid=111280 after_return_ms=172.4
1791116987752 PREV-BROWSER n=579 prev_n=578 pid=111280 alive=false
1791116987752 RENDER-START n=579
1791116988371 RENDER-OK n=579 id=579 browser_pid=Some(90628) slot=A path=%TEMP%\fc-repro-leak-20261004-200350\localappdata\tw.fintools.fc-host\wallpaper\m-7ebe8f017cddc2d6-a.png wh=2560x1600 body=raw open_ms=270.2 page_ms=331.5 to_png_ms=601.7 close_ms=2.0 write_ms=15.3 warnings=0
1791116988371 VERIFY n=579 dims=Some((2560, 1600)) expect=2560x1600 own_files=2 PASS
1791116988537 BROWSER-EXIT n=579 pid=90628 after_return_ms=166.5
1791116989371 PREV-BROWSER n=580 prev_n=579 pid=90628 alive=false
1791116989371 RENDER-START n=580
1791116990071 RENDER-OK n=580 id=580 browser_pid=Some(115700) slot=B path=%TEMP%\fc-repro-leak-20261004-200350\localappdata\tw.fintools.fc-host\wallpaper\m-7ebe8f017cddc2d6-b.png wh=3840x2160 body=raw open_ms=258.3 page_ms=420.1 to_png_ms=678.5 close_ms=3.2 write_ms=17.9 warnings=0
1791116990071 VERIFY n=580 dims=Some((3840, 2160)) expect=3840x2160 own_files=2 PASS
1791116990243 BROWSER-EXIT n=580 pid=115700 after_return_ms=171.4
1791116993072 PREV-BROWSER n=581 prev_n=580 pid=115700 alive=false
1791116993072 RENDER-START n=581
1791116993701 RENDER-OK n=581 id=581 browser_pid=Some(52872) slot=A path=%TEMP%\fc-repro-leak-20261004-200350\localappdata\tw.fintools.fc-host\wallpaper\m-7ebe8f017cddc2d6-a.png wh=2560x1600 body=raw open_ms=273.7 page_ms=336.5 to_png_ms=610.2 close_ms=2.7 write_ms=16.4 warnings=0
1791116993702 VERIFY n=581 dims=Some((2560, 1600)) expect=2560x1600 own_files=2 PASS
1791116993876 BROWSER-EXIT n=581 pid=52872 after_return_ms=174.8
1791116994701 PREV-BROWSER n=582 prev_n=581 pid=52872 alive=false
1791116994701 RENDER-START n=582
1791116995395 RENDER-OK n=582 id=582 browser_pid=Some(114900) slot=B path=%TEMP%\fc-repro-leak-20261004-200350\localappdata\tw.fintools.fc-host\wallpaper\m-7ebe8f017cddc2d6-b.png wh=3840x2160 body=raw open_ms=263.4 page_ms=414.4 to_png_ms=677.8 close_ms=3.2 write_ms=11.9 warnings=0
1791116995395 VERIFY n=582 dims=Some((3840, 2160)) expect=3840x2160 own_files=2 PASS
1791116995582 BROWSER-EXIT n=582 pid=114900 after_return_ms=187.3
1791116998395 PREV-BROWSER n=583 prev_n=582 pid=114900 alive=false
1791116998395 RENDER-START n=583
1791116998993 RENDER-OK n=583 id=583 browser_pid=Some(101980) slot=A path=%TEMP%\fc-repro-leak-20261004-200350\localappdata\tw.fintools.fc-host\wallpaper\m-7ebe8f017cddc2d6-a.png wh=2560x1600 body=raw open_ms=264.6 page_ms=315.0 to_png_ms=579.6 close_ms=2.3 write_ms=16.2 warnings=0
1791116998993 VERIFY n=583 dims=Some((2560, 1600)) expect=2560x1600 own_files=2 PASS
1791116999162 BROWSER-EXIT n=583 pid=101980 after_return_ms=169.3
1791116999994 PREV-BROWSER n=584 prev_n=583 pid=101980 alive=false
1791116999994 RENDER-START n=584
1791117000730 RENDER-OK n=584 id=584 browser_pid=Some(64968) slot=B path=%TEMP%\fc-repro-leak-20261004-200350\localappdata\tw.fintools.fc-host\wallpaper\m-7ebe8f017cddc2d6-b.png wh=3840x2160 body=raw open_ms=289.4 page_ms=425.3 to_png_ms=714.6 close_ms=3.3 write_ms=17.7 warnings=0
1791117000730 VERIFY n=584 dims=Some((3840, 2160)) expect=3840x2160 own_files=2 PASS
1791117000912 BROWSER-EXIT n=584 pid=64968 after_return_ms=182.9
1791117003730 PREV-BROWSER n=585 prev_n=584 pid=64968 alive=false
1791117003730 RENDER-START n=585
1791117004334 RENDER-OK n=585 id=585 browser_pid=Some(110404) slot=A path=%TEMP%\fc-repro-leak-20261004-200350\localappdata\tw.fintools.fc-host\wallpaper\m-7ebe8f017cddc2d6-a.png wh=2560x1600 body=raw open_ms=269.2 page_ms=321.2 to_png_ms=590.5 close_ms=2.4 write_ms=11.5 warnings=0
1791117004335 VERIFY n=585 dims=Some((2560, 1600)) expect=2560x1600 own_files=2 PASS
1791117004508 BROWSER-EXIT n=585 pid=110404 after_return_ms=173.3
1791117005335 PREV-BROWSER n=586 prev_n=585 pid=110404 alive=false
1791117005335 RENDER-START n=586
1791117006099 RENDER-OK n=586 id=586 browser_pid=Some(110012) slot=B path=%TEMP%\fc-repro-leak-20261004-200350\localappdata\tw.fintools.fc-host\wallpaper\m-7ebe8f017cddc2d6-b.png wh=3840x2160 body=raw open_ms=335.6 page_ms=406.4 to_png_ms=742.0 close_ms=3.3 write_ms=18.5 warnings=0
1791117006099 VERIFY n=586 dims=Some((3840, 2160)) expect=3840x2160 own_files=2 PASS
1791117006279 BROWSER-EXIT n=586 pid=110012 after_return_ms=179.9
1791117009099 PREV-BROWSER n=587 prev_n=586 pid=110012 alive=false
1791117009099 RENDER-START n=587
1791117009818 RENDER-OK n=587 id=587 browser_pid=Some(106784) slot=A path=%TEMP%\fc-repro-leak-20261004-200350\localappdata\tw.fintools.fc-host\wallpaper\m-7ebe8f017cddc2d6-a.png wh=2560x1600 body=raw open_ms=330.0 page_ms=367.4 to_png_ms=697.4 close_ms=2.7 write_ms=18.6 warnings=0
1791117009818 VERIFY n=587 dims=Some((2560, 1600)) expect=2560x1600 own_files=2 PASS
1791117010002 BROWSER-EXIT n=587 pid=106784 after_return_ms=184.6
1791117010818 PREV-BROWSER n=588 prev_n=587 pid=106784 alive=false
1791117010818 RENDER-START n=588
1791117011533 RENDER-OK n=588 id=588 browser_pid=Some(97768) slot=B path=%TEMP%\fc-repro-leak-20261004-200350\localappdata\tw.fintools.fc-host\wallpaper\m-7ebe8f017cddc2d6-b.png wh=3840x2160 body=raw open_ms=271.3 page_ms=422.8 to_png_ms=694.1 close_ms=3.3 write_ms=17.7 warnings=0
1791117011534 VERIFY n=588 dims=Some((3840, 2160)) expect=3840x2160 own_files=2 PASS
1791117011705 BROWSER-EXIT n=588 pid=97768 after_return_ms=171.5
1791117014534 PREV-BROWSER n=589 prev_n=588 pid=97768 alive=false
1791117014534 RENDER-START n=589
1791117015133 RENDER-OK n=589 id=589 browser_pid=Some(107556) slot=A path=%TEMP%\fc-repro-leak-20261004-200350\localappdata\tw.fintools.fc-host\wallpaper\m-7ebe8f017cddc2d6-a.png wh=2560x1600 body=raw open_ms=266.6 page_ms=320.7 to_png_ms=587.3 close_ms=2.4 write_ms=9.3 warnings=0
1791117015133 VERIFY n=589 dims=Some((2560, 1600)) expect=2560x1600 own_files=2 PASS
1791117015314 BROWSER-EXIT n=589 pid=107556 after_return_ms=180.9
1791117016133 PREV-BROWSER n=590 prev_n=589 pid=107556 alive=false
1791117016133 RENDER-START n=590
1791117016828 RENDER-OK n=590 id=590 browser_pid=Some(19160) slot=B path=%TEMP%\fc-repro-leak-20261004-200350\localappdata\tw.fintools.fc-host\wallpaper\m-7ebe8f017cddc2d6-b.png wh=3840x2160 body=raw open_ms=263.6 page_ms=408.5 to_png_ms=672.1 close_ms=3.3 write_ms=19.3 warnings=0
1791117016828 VERIFY n=590 dims=Some((3840, 2160)) expect=3840x2160 own_files=2 PASS
1791117016997 BROWSER-EXIT n=590 pid=19160 after_return_ms=169.0
1791117019828 PREV-BROWSER n=591 prev_n=590 pid=19160 alive=false
1791117019828 RENDER-START n=591
1791117020426 RENDER-OK n=591 id=591 browser_pid=Some(106400) slot=A path=%TEMP%\fc-repro-leak-20261004-200350\localappdata\tw.fintools.fc-host\wallpaper\m-7ebe8f017cddc2d6-a.png wh=2560x1600 body=raw open_ms=266.6 page_ms=312.6 to_png_ms=579.2 close_ms=2.4 write_ms=16.1 warnings=0
1791117020427 VERIFY n=591 dims=Some((2560, 1600)) expect=2560x1600 own_files=2 PASS
1791117020602 BROWSER-EXIT n=591 pid=106400 after_return_ms=175.9
1791117021427 PREV-BROWSER n=592 prev_n=591 pid=106400 alive=false
1791117021427 RENDER-START n=592
1791117022167 RENDER-OK n=592 id=592 browser_pid=Some(57776) slot=B path=%TEMP%\fc-repro-leak-20261004-200350\localappdata\tw.fintools.fc-host\wallpaper\m-7ebe8f017cddc2d6-b.png wh=3840x2160 body=raw open_ms=323.0 page_ms=401.3 to_png_ms=724.3 close_ms=3.4 write_ms=12.5 warnings=0
1791117022168 VERIFY n=592 dims=Some((3840, 2160)) expect=3840x2160 own_files=2 PASS
1791117022346 BROWSER-EXIT n=592 pid=57776 after_return_ms=178.7
1791117025168 PREV-BROWSER n=593 prev_n=592 pid=57776 alive=false
1791117025168 RENDER-START n=593
1791117025803 RENDER-OK n=593 id=593 browser_pid=Some(5272) slot=A path=%TEMP%\fc-repro-leak-20261004-200350\localappdata\tw.fintools.fc-host\wallpaper\m-7ebe8f017cddc2d6-a.png wh=2560x1600 body=raw open_ms=288.2 page_ms=328.1 to_png_ms=616.3 close_ms=2.2 write_ms=16.9 warnings=0
1791117025803 VERIFY n=593 dims=Some((2560, 1600)) expect=2560x1600 own_files=2 PASS
1791117025983 BROWSER-EXIT n=593 pid=5272 after_return_ms=180.0
1791117026803 PREV-BROWSER n=594 prev_n=593 pid=5272 alive=false
1791117026804 RENDER-START n=594
1791117027493 RENDER-OK n=594 id=594 browser_pid=Some(68368) slot=B path=%TEMP%\fc-repro-leak-20261004-200350\localappdata\tw.fintools.fc-host\wallpaper\m-7ebe8f017cddc2d6-b.png wh=3840x2160 body=raw open_ms=259.6 page_ms=408.2 to_png_ms=667.7 close_ms=3.2 write_ms=18.3 warnings=0
1791117027493 VERIFY n=594 dims=Some((3840, 2160)) expect=3840x2160 own_files=2 PASS
1791117027663 BROWSER-EXIT n=594 pid=68368 after_return_ms=170.3
1791117030493 PREV-BROWSER n=595 prev_n=594 pid=68368 alive=false
1791117030493 RENDER-START n=595
1791117031097 RENDER-OK n=595 id=595 browser_pid=Some(100480) slot=A path=%TEMP%\fc-repro-leak-20261004-200350\localappdata\tw.fintools.fc-host\wallpaper\m-7ebe8f017cddc2d6-a.png wh=2560x1600 body=raw open_ms=261.1 page_ms=324.0 to_png_ms=585.1 close_ms=2.1 write_ms=15.7 warnings=0
1791117031097 VERIFY n=595 dims=Some((2560, 1600)) expect=2560x1600 own_files=2 PASS
1791117031278 BROWSER-EXIT n=595 pid=100480 after_return_ms=181.8
1791117032097 PREV-BROWSER n=596 prev_n=595 pid=100480 alive=false
1791117032097 RENDER-START n=596
1791117032797 RENDER-OK n=596 id=596 browser_pid=Some(113000) slot=B path=%TEMP%\fc-repro-leak-20261004-200350\localappdata\tw.fintools.fc-host\wallpaper\m-7ebe8f017cddc2d6-b.png wh=3840x2160 body=raw open_ms=266.1 page_ms=413.5 to_png_ms=679.5 close_ms=3.2 write_ms=17.4 warnings=0
1791117032798 VERIFY n=596 dims=Some((3840, 2160)) expect=3840x2160 own_files=2 PASS
1791117032975 BROWSER-EXIT n=596 pid=113000 after_return_ms=177.5
1791117035798 PREV-BROWSER n=597 prev_n=596 pid=113000 alive=false
1791117035798 RENDER-START n=597
1791117036402 RENDER-OK n=597 id=597 browser_pid=Some(112448) slot=A path=%TEMP%\fc-repro-leak-20261004-200350\localappdata\tw.fintools.fc-host\wallpaper\m-7ebe8f017cddc2d6-a.png wh=2560x1600 body=raw open_ms=272.5 page_ms=313.5 to_png_ms=585.9 close_ms=2.5 write_ms=16.2 warnings=0
1791117036403 VERIFY n=597 dims=Some((2560, 1600)) expect=2560x1600 own_files=2 PASS
1791117036579 BROWSER-EXIT n=597 pid=112448 after_return_ms=176.8
1791117037403 PREV-BROWSER n=598 prev_n=597 pid=112448 alive=false
1791117037403 RENDER-START n=598
1791117038104 RENDER-OK n=598 id=598 browser_pid=Some(100384) slot=B path=%TEMP%\fc-repro-leak-20261004-200350\localappdata\tw.fintools.fc-host\wallpaper\m-7ebe8f017cddc2d6-b.png wh=3840x2160 body=raw open_ms=256.3 page_ms=423.3 to_png_ms=679.6 close_ms=3.4 write_ms=18.0 warnings=0
1791117038104 VERIFY n=598 dims=Some((3840, 2160)) expect=3840x2160 own_files=2 PASS
1791117038272 BROWSER-EXIT n=598 pid=100384 after_return_ms=167.8
1791117041104 PREV-BROWSER n=599 prev_n=598 pid=100384 alive=false
1791117041105 RENDER-START n=599
1791117041717 RENDER-OK n=599 id=599 browser_pid=Some(95824) slot=A path=%TEMP%\fc-repro-leak-20261004-200350\localappdata\tw.fintools.fc-host\wallpaper\m-7ebe8f017cddc2d6-a.png wh=2560x1600 body=raw open_ms=268.7 page_ms=332.2 to_png_ms=600.9 close_ms=2.3 write_ms=9.1 warnings=0
1791117041717 VERIFY n=599 dims=Some((2560, 1600)) expect=2560x1600 own_files=2 PASS
1791117041901 BROWSER-EXIT n=599 pid=95824 after_return_ms=184.4
1791117042717 PREV-BROWSER n=600 prev_n=599 pid=95824 alive=false
1791117042717 RENDER-START n=600
1791117043407 RENDER-OK n=600 id=600 browser_pid=Some(100320) slot=B path=%TEMP%\fc-repro-leak-20261004-200350\localappdata\tw.fintools.fc-host\wallpaper\m-7ebe8f017cddc2d6-b.png wh=3840x2160 body=raw open_ms=258.6 page_ms=408.4 to_png_ms=666.9 close_ms=3.1 write_ms=18.4 warnings=0
1791117043407 VERIFY n=600 dims=Some((3840, 2160)) expect=3840x2160 own_files=2 PASS
1791117043407 RENDER-LOOP-END
1791117043407 TAIL 20 s
1791117043578 BROWSER-EXIT n=600 pid=100320 after_return_ms=170.9
1791117063408 BROWSERS total=600 leaked=0 []
1791117063408 SHUTDOWN-SETTLE Exited { pid: 100320, waited: 300ns }
1791117063408 SUMMARY ok=600/600 to_png_median_ms=678.9 to_png_max_ms=848.9 open_median_ms=260.7 open_max_ms=385.5 page_median_ms=401.0 page_max_ms=471.6 close_median_ms=2.7
1791117063408 EXIT code=0
