1791111124189 START FC_HOST_SELF_TEST_RENDER_BUILD pid=98188 args=Args { log: "D:\\projects\\finance-calendar-dynamic-wallpaper\\host\\tools\\evidence\\dw-bug-renderer-pre-gap1000-4k-render.log", count: 400, interval: 60s, warmup: 5s, tail: 20s, width: 3840, height: 2160, theme: Astrolabe, fixture: true, timeout_at: None, skip_render: false, gap: Some(1s) }
1791111124189 RENDERER-UDF %TEMP%\fc-repro-leak-20261004-185203\webview2\wallpaper-renderer
1791111124189 OUTPUT dir=%TEMP%\fc-repro-leak-20261004-185203\localappdata\tw.fintools.fc-host\wallpaper key=m-7ebe8f017cddc2d6
1791111124189 WARMUP 5 s
1791111129189 RENDER-START n=1
1791111130024 RENDER-OK n=1 id=1 browser_pid=Some(71580) slot=A path=%TEMP%\fc-repro-leak-20261004-185203\localappdata\tw.fintools.fc-host\wallpaper\m-7ebe8f017cddc2d6-a.png wh=3840x2160 body=raw open_ms=265.1 page_ms=554.0 to_png_ms=819.0 close_ms=3.6 write_ms=11.5 warnings=0
1791111130025 VERIFY n=1 dims=Some((3840, 2160)) expect=3840x2160 own_files=1 PASS
1791111130208 BROWSER-EXIT n=1 pid=71580 after_return_ms=183.8
1791111131024 PREV-BROWSER n=2 prev_n=1 pid=71580 alive=false
1791111131024 RENDER-START n=2
1791111131749 RENDER-OK n=2 id=2 browser_pid=Some(106760) slot=B path=%TEMP%\fc-repro-leak-20261004-185203\localappdata\tw.fintools.fc-host\wallpaper\m-7ebe8f017cddc2d6-b.png wh=3840x2160 body=raw open_ms=259.8 page_ms=444.3 to_png_ms=704.1 close_ms=3.2 write_ms=16.5 warnings=0
1791111131749 VERIFY n=2 dims=Some((3840, 2160)) expect=3840x2160 own_files=2 PASS
1791111131926 BROWSER-EXIT n=2 pid=106760 after_return_ms=177.6
1791111132749 PREV-BROWSER n=3 prev_n=2 pid=106760 alive=false
1791111132749 RENDER-START n=3
1791111133486 RENDER-OK n=3 id=3 browser_pid=Some(108028) slot=A path=%TEMP%\fc-repro-leak-20261004-185203\localappdata\tw.fintools.fc-host\wallpaper\m-7ebe8f017cddc2d6-a.png wh=3840x2160 body=raw open_ms=255.1 page_ms=457.4 to_png_ms=712.5 close_ms=3.6 write_ms=20.3 warnings=0
1791111133486 VERIFY n=3 dims=Some((3840, 2160)) expect=3840x2160 own_files=2 PASS
1791111133669 BROWSER-EXIT n=3 pid=108028 after_return_ms=183.0
1791111134486 PREV-BROWSER n=4 prev_n=3 pid=108028 alive=false
1791111134486 RENDER-START n=4
1791111135187 RENDER-OK n=4 id=4 browser_pid=Some(77608) slot=B path=%TEMP%\fc-repro-leak-20261004-185203\localappdata\tw.fintools.fc-host\wallpaper\m-7ebe8f017cddc2d6-b.png wh=3840x2160 body=raw open_ms=247.5 page_ms=439.7 to_png_ms=687.2 close_ms=3.3 write_ms=10.5 warnings=0
1791111135187 VERIFY n=4 dims=Some((3840, 2160)) expect=3840x2160 own_files=2 PASS
1791111135366 BROWSER-EXIT n=4 pid=77608 after_return_ms=179.0
1791111136188 PREV-BROWSER n=5 prev_n=4 pid=77608 alive=false
1791111136188 RENDER-START n=5
1791111136924 RENDER-OK n=5 id=5 browser_pid=Some(86736) slot=A path=%TEMP%\fc-repro-leak-20261004-185203\localappdata\tw.fintools.fc-host\wallpaper\m-7ebe8f017cddc2d6-a.png wh=3840x2160 body=raw open_ms=274.3 page_ms=440.6 to_png_ms=714.9 close_ms=3.3 write_ms=17.5 warnings=0
1791111136924 VERIFY n=5 dims=Some((3840, 2160)) expect=3840x2160 own_files=2 PASS
1791111137098 BROWSER-EXIT n=5 pid=86736 after_return_ms=174.1
1791111137924 PREV-BROWSER n=6 prev_n=5 pid=86736 alive=false
1791111137924 RENDER-START n=6
1791111138620 RENDER-OK n=6 id=6 browser_pid=Some(110100) slot=B path=%TEMP%\fc-repro-leak-20261004-185203\localappdata\tw.fintools.fc-host\wallpaper\m-7ebe8f017cddc2d6-b.png wh=3840x2160 body=raw open_ms=250.6 page_ms=432.0 to_png_ms=682.6 close_ms=3.4 write_ms=10.1 warnings=0
1791111138620 VERIFY n=6 dims=Some((3840, 2160)) expect=3840x2160 own_files=2 PASS
1791111138792 BROWSER-EXIT n=6 pid=110100 after_return_ms=171.6
1791111139620 PREV-BROWSER n=7 prev_n=6 pid=110100 alive=false
1791111139620 RENDER-START n=7
1791111140331 RENDER-OK n=7 id=7 browser_pid=Some(86800) slot=A path=%TEMP%\fc-repro-leak-20261004-185203\localappdata\tw.fintools.fc-host\wallpaper\m-7ebe8f017cddc2d6-a.png wh=3840x2160 body=raw open_ms=251.2 page_ms=438.4 to_png_ms=689.6 close_ms=3.5 write_ms=17.4 warnings=0
1791111140331 VERIFY n=7 dims=Some((3840, 2160)) expect=3840x2160 own_files=2 PASS
1791111140504 BROWSER-EXIT n=7 pid=86800 after_return_ms=173.0
1791111141331 PREV-BROWSER n=8 prev_n=7 pid=86800 alive=false
1791111141331 RENDER-START n=8
1791111142044 RENDER-OK n=8 id=8 browser_pid=Some(107176) slot=B path=%TEMP%\fc-repro-leak-20261004-185203\localappdata\tw.fintools.fc-host\wallpaper\m-7ebe8f017cddc2d6-b.png wh=3840x2160 body=raw open_ms=247.7 page_ms=445.6 to_png_ms=693.3 close_ms=3.3 write_ms=16.4 warnings=0
1791111142045 VERIFY n=8 dims=Some((3840, 2160)) expect=3840x2160 own_files=2 PASS
1791111142221 BROWSER-EXIT n=8 pid=107176 after_return_ms=177.0
1791111143044 PREV-BROWSER n=9 prev_n=8 pid=107176 alive=false
1791111143045 RENDER-START n=9
1791111143777 RENDER-OK n=9 id=9 browser_pid=Some(99752) slot=A path=%TEMP%\fc-repro-leak-20261004-185203\localappdata\tw.fintools.fc-host\wallpaper\m-7ebe8f017cddc2d6-a.png wh=3840x2160 body=raw open_ms=256.4 page_ms=442.5 to_png_ms=698.9 close_ms=3.2 write_ms=29.8 warnings=0
1791111143777 VERIFY n=9 dims=Some((3840, 2160)) expect=3840x2160 own_files=2 PASS
1791111143939 BROWSER-EXIT n=9 pid=99752 after_return_ms=162.7
1791111144777 PREV-BROWSER n=10 prev_n=9 pid=99752 alive=false
1791111144777 RENDER-START n=10
1791111145499 RENDER-OK n=10 id=10 browser_pid=Some(568) slot=B path=%TEMP%\fc-repro-leak-20261004-185203\localappdata\tw.fintools.fc-host\wallpaper\m-7ebe8f017cddc2d6-b.png wh=3840x2160 body=raw open_ms=249.1 page_ms=450.8 to_png_ms=699.9 close_ms=3.2 write_ms=17.8 warnings=0
1791111145499 VERIFY n=10 dims=Some((3840, 2160)) expect=3840x2160 own_files=2 PASS
1791111145675 BROWSER-EXIT n=10 pid=568 after_return_ms=176.1
1791111146499 PREV-BROWSER n=11 prev_n=10 pid=568 alive=false
1791111146499 RENDER-START n=11
1791111147222 RENDER-OK n=11 id=11 browser_pid=Some(5240) slot=A path=%TEMP%\fc-repro-leak-20261004-185203\localappdata\tw.fintools.fc-host\wallpaper\m-7ebe8f017cddc2d6-a.png wh=3840x2160 body=raw open_ms=259.9 page_ms=441.0 to_png_ms=700.9 close_ms=3.2 write_ms=18.3 warnings=0
1791111147222 VERIFY n=11 dims=Some((3840, 2160)) expect=3840x2160 own_files=2 PASS
1791111147396 BROWSER-EXIT n=11 pid=5240 after_return_ms=174.2
1791111148222 PREV-BROWSER n=12 prev_n=11 pid=5240 alive=false
1791111148222 RENDER-START n=12
1791111148941 RENDER-OK n=12 id=12 browser_pid=Some(107192) slot=B path=%TEMP%\fc-repro-leak-20261004-185203\localappdata\tw.fintools.fc-host\wallpaper\m-7ebe8f017cddc2d6-b.png wh=3840x2160 body=raw open_ms=255.9 page_ms=444.1 to_png_ms=700.0 close_ms=3.3 write_ms=15.3 warnings=0
1791111148941 VERIFY n=12 dims=Some((3840, 2160)) expect=3840x2160 own_files=2 PASS
1791111149110 BROWSER-EXIT n=12 pid=107192 after_return_ms=169.2
1791111149941 PREV-BROWSER n=13 prev_n=12 pid=107192 alive=false
1791111149941 RENDER-START n=13
1791111150673 RENDER-OK n=13 id=13 browser_pid=Some(53032) slot=A path=%TEMP%\fc-repro-leak-20261004-185203\localappdata\tw.fintools.fc-host\wallpaper\m-7ebe8f017cddc2d6-a.png wh=3840x2160 body=raw open_ms=259.9 page_ms=450.0 to_png_ms=709.9 close_ms=3.3 write_ms=17.8 warnings=0
1791111150673 VERIFY n=13 dims=Some((3840, 2160)) expect=3840x2160 own_files=2 PASS
1791111150846 BROWSER-EXIT n=13 pid=53032 after_return_ms=173.4
1791111151673 PREV-BROWSER n=14 prev_n=13 pid=53032 alive=false
1791111151673 RENDER-START n=14
1791111152393 RENDER-OK n=14 id=14 browser_pid=Some(87536) slot=B path=%TEMP%\fc-repro-leak-20261004-185203\localappdata\tw.fintools.fc-host\wallpaper\m-7ebe8f017cddc2d6-b.png wh=3840x2160 body=raw open_ms=250.6 page_ms=447.2 to_png_ms=697.9 close_ms=3.7 write_ms=18.1 warnings=0
1791111152393 VERIFY n=14 dims=Some((3840, 2160)) expect=3840x2160 own_files=2 PASS
1791111152573 BROWSER-EXIT n=14 pid=87536 after_return_ms=180.2
1791111153393 PREV-BROWSER n=15 prev_n=14 pid=87536 alive=false
1791111153393 RENDER-START n=15
1791111154121 RENDER-OK n=15 id=15 browser_pid=Some(4520) slot=A path=%TEMP%\fc-repro-leak-20261004-185203\localappdata\tw.fintools.fc-host\wallpaper\m-7ebe8f017cddc2d6-a.png wh=3840x2160 body=raw open_ms=258.3 page_ms=447.2 to_png_ms=705.5 close_ms=3.1 write_ms=18.4 warnings=0
1791111154121 VERIFY n=15 dims=Some((3840, 2160)) expect=3840x2160 own_files=2 PASS
1791111154297 BROWSER-EXIT n=15 pid=4520 after_return_ms=176.9
1791111155121 PREV-BROWSER n=16 prev_n=15 pid=4520 alive=false
1791111155121 RENDER-START n=16
1791111155926 RENDER-OK n=16 id=16 browser_pid=Some(111180) slot=B path=%TEMP%\fc-repro-leak-20261004-185203\localappdata\tw.fintools.fc-host\wallpaper\m-7ebe8f017cddc2d6-b.png wh=3840x2160 body=raw open_ms=307.4 page_ms=474.2 to_png_ms=781.6 close_ms=4.0 write_ms=18.9 warnings=0
1791111155926 VERIFY n=16 dims=Some((3840, 2160)) expect=3840x2160 own_files=2 PASS
1791111156100 BROWSER-EXIT n=16 pid=111180 after_return_ms=173.8
1791111156926 PREV-BROWSER n=17 prev_n=16 pid=111180 alive=false
1791111156926 RENDER-START n=17
1791111157721 RENDER-OK n=17 id=17 browser_pid=Some(69608) slot=A path=%TEMP%\fc-repro-leak-20261004-185203\localappdata\tw.fintools.fc-host\wallpaper\m-7ebe8f017cddc2d6-a.png wh=3840x2160 body=raw open_ms=321.7 page_ms=451.1 to_png_ms=772.8 close_ms=3.9 write_ms=17.4 warnings=0
1791111157721 VERIFY n=17 dims=Some((3840, 2160)) expect=3840x2160 own_files=2 PASS
1791111157900 BROWSER-EXIT n=17 pid=69608 after_return_ms=179.5
1791111158721 PREV-BROWSER n=18 prev_n=17 pid=69608 alive=false
1791111158721 RENDER-START n=18
1791111159442 RENDER-OK n=18 id=18 browser_pid=Some(97472) slot=B path=%TEMP%\fc-repro-leak-20261004-185203\localappdata\tw.fintools.fc-host\wallpaper\m-7ebe8f017cddc2d6-b.png wh=3840x2160 body=raw open_ms=251.5 page_ms=455.4 to_png_ms=706.9 close_ms=3.1 write_ms=10.8 warnings=0
1791111159443 VERIFY n=18 dims=Some((3840, 2160)) expect=3840x2160 own_files=2 PASS
1791111159625 BROWSER-EXIT n=18 pid=97472 after_return_ms=183.2
1791111160442 PREV-BROWSER n=19 prev_n=18 pid=97472 alive=false
1791111160442 RENDER-START n=19
1791111161196 RENDER-OK n=19 id=19 browser_pid=Some(91140) slot=A path=%TEMP%\fc-repro-leak-20261004-185203\localappdata\tw.fintools.fc-host\wallpaper\m-7ebe8f017cddc2d6-a.png wh=3840x2160 body=raw open_ms=258.6 page_ms=473.0 to_png_ms=731.6 close_ms=3.3 write_ms=18.6 warnings=0
1791111161197 VERIFY n=19 dims=Some((3840, 2160)) expect=3840x2160 own_files=2 PASS
1791111161367 BROWSER-EXIT n=19 pid=91140 after_return_ms=171.2
1791111162197 PREV-BROWSER n=20 prev_n=19 pid=91140 alive=false
1791111162197 RENDER-START n=20
1791111162897 RENDER-OK n=20 id=20 browser_pid=Some(109560) slot=B path=%TEMP%\fc-repro-leak-20261004-185203\localappdata\tw.fintools.fc-host\wallpaper\m-7ebe8f017cddc2d6-b.png wh=3840x2160 body=raw open_ms=246.3 page_ms=439.1 to_png_ms=685.4 close_ms=3.7 write_ms=10.9 warnings=0
1791111162897 VERIFY n=20 dims=Some((3840, 2160)) expect=3840x2160 own_files=2 PASS
1791111163068 BROWSER-EXIT n=20 pid=109560 after_return_ms=171.2
1791111163897 PREV-BROWSER n=21 prev_n=20 pid=109560 alive=false
1791111163897 RENDER-START n=21
1791111164644 RENDER-OK n=21 id=21 browser_pid=Some(111288) slot=A path=%TEMP%\fc-repro-leak-20261004-185203\localappdata\tw.fintools.fc-host\wallpaper\m-7ebe8f017cddc2d6-a.png wh=3840x2160 body=raw open_ms=284.7 page_ms=440.3 to_png_ms=724.9 close_ms=3.2 write_ms=18.2 warnings=0
1791111164644 VERIFY n=21 dims=Some((3840, 2160)) expect=3840x2160 own_files=2 PASS
1791111164814 BROWSER-EXIT n=21 pid=111288 after_return_ms=169.7
1791111165644 PREV-BROWSER n=22 prev_n=21 pid=111288 alive=false
1791111165644 RENDER-START n=22
1791111166371 RENDER-OK n=22 id=22 browser_pid=Some(57796) slot=B path=%TEMP%\fc-repro-leak-20261004-185203\localappdata\tw.fintools.fc-host\wallpaper\m-7ebe8f017cddc2d6-b.png wh=3840x2160 body=raw open_ms=260.6 page_ms=444.8 to_png_ms=705.4 close_ms=3.4 write_ms=17.7 warnings=0
1791111166371 VERIFY n=22 dims=Some((3840, 2160)) expect=3840x2160 own_files=2 PASS
1791111166551 BROWSER-EXIT n=22 pid=57796 after_return_ms=179.8
1791111167371 PREV-BROWSER n=23 prev_n=22 pid=57796 alive=false
1791111167371 RENDER-START n=23
1791111168143 RENDER-OK n=23 id=23 browser_pid=Some(50912) slot=A path=%TEMP%\fc-repro-leak-20261004-185203\localappdata\tw.fintools.fc-host\wallpaper\m-7ebe8f017cddc2d6-a.png wh=3840x2160 body=raw open_ms=310.8 page_ms=438.9 to_png_ms=749.6 close_ms=3.4 write_ms=18.0 warnings=0
1791111168143 VERIFY n=23 dims=Some((3840, 2160)) expect=3840x2160 own_files=2 PASS
1791111168320 BROWSER-EXIT n=23 pid=50912 after_return_ms=177.8
1791111169143 PREV-BROWSER n=24 prev_n=23 pid=50912 alive=false
1791111169143 RENDER-START n=24
1791111169912 RENDER-OK n=24 id=24 browser_pid=Some(110676) slot=B path=%TEMP%\fc-repro-leak-20261004-185203\localappdata\tw.fintools.fc-host\wallpaper\m-7ebe8f017cddc2d6-b.png wh=3840x2160 body=raw open_ms=305.9 page_ms=440.8 to_png_ms=746.7 close_ms=3.3 write_ms=18.8 warnings=0
1791111169912 VERIFY n=24 dims=Some((3840, 2160)) expect=3840x2160 own_files=2 PASS
1791111170083 BROWSER-EXIT n=24 pid=110676 after_return_ms=171.6
1791111170912 PREV-BROWSER n=25 prev_n=24 pid=110676 alive=false
1791111170912 RENDER-START n=25
1791111171672 RENDER-OK n=25 id=25 browser_pid=Some(103464) slot=A path=%TEMP%\fc-repro-leak-20261004-185203\localappdata\tw.fintools.fc-host\wallpaper\m-7ebe8f017cddc2d6-a.png wh=3840x2160 body=raw open_ms=294.7 page_ms=443.0 to_png_ms=737.7 close_ms=3.6 write_ms=17.8 warnings=0
1791111171672 VERIFY n=25 dims=Some((3840, 2160)) expect=3840x2160 own_files=2 PASS
1791111171843 BROWSER-EXIT n=25 pid=103464 after_return_ms=171.0
1791111172672 PREV-BROWSER n=26 prev_n=25 pid=103464 alive=false
1791111172672 RENDER-START n=26
1791111173375 RENDER-OK n=26 id=26 browser_pid=Some(9368) slot=B path=%TEMP%\fc-repro-leak-20261004-185203\localappdata\tw.fintools.fc-host\wallpaper\m-7ebe8f017cddc2d6-b.png wh=3840x2160 body=raw open_ms=251.3 page_ms=436.9 to_png_ms=688.2 close_ms=3.2 write_ms=10.9 warnings=0
1791111173375 VERIFY n=26 dims=Some((3840, 2160)) expect=3840x2160 own_files=2 PASS
1791111173559 BROWSER-EXIT n=26 pid=9368 after_return_ms=184.2
1791111174375 PREV-BROWSER n=27 prev_n=26 pid=9368 alive=false
1791111174375 RENDER-START n=27
1791111175097 RENDER-OK n=27 id=27 browser_pid=Some(99040) slot=A path=%TEMP%\fc-repro-leak-20261004-185203\localappdata\tw.fintools.fc-host\wallpaper\m-7ebe8f017cddc2d6-a.png wh=3840x2160 body=raw open_ms=249.0 page_ms=457.4 to_png_ms=706.4 close_ms=3.6 write_ms=11.8 warnings=0
1791111175097 VERIFY n=27 dims=Some((3840, 2160)) expect=3840x2160 own_files=2 PASS
1791111175273 BROWSER-EXIT n=27 pid=99040 after_return_ms=175.7
1791111176097 PREV-BROWSER n=28 prev_n=27 pid=99040 alive=false
1791111176097 RENDER-START n=28
1791111176838 RENDER-OK n=28 id=28 browser_pid=Some(13976) slot=B path=%TEMP%\fc-repro-leak-20261004-185203\localappdata\tw.fintools.fc-host\wallpaper\m-7ebe8f017cddc2d6-b.png wh=3840x2160 body=raw open_ms=265.1 page_ms=453.0 to_png_ms=718.1 close_ms=3.6 write_ms=18.8 warnings=0
1791111176838 VERIFY n=28 dims=Some((3840, 2160)) expect=3840x2160 own_files=2 PASS
1791111177009 BROWSER-EXIT n=28 pid=13976 after_return_ms=170.6
1791111177838 PREV-BROWSER n=29 prev_n=28 pid=13976 alive=false
1791111177838 RENDER-START n=29
1791111178549 RENDER-OK n=29 id=29 browser_pid=Some(112560) slot=A path=%TEMP%\fc-repro-leak-20261004-185203\localappdata\tw.fintools.fc-host\wallpaper\m-7ebe8f017cddc2d6-a.png wh=3840x2160 body=raw open_ms=249.1 page_ms=440.8 to_png_ms=689.9 close_ms=3.2 write_ms=17.3 warnings=0
1791111178549 VERIFY n=29 dims=Some((3840, 2160)) expect=3840x2160 own_files=2 PASS
1791111178721 BROWSER-EXIT n=29 pid=112560 after_return_ms=171.8
1791111179550 PREV-BROWSER n=30 prev_n=29 pid=112560 alive=false
1791111179550 RENDER-START n=30
1791111180268 RENDER-OK n=30 id=30 browser_pid=Some(91208) slot=B path=%TEMP%\fc-repro-leak-20261004-185203\localappdata\tw.fintools.fc-host\wallpaper\m-7ebe8f017cddc2d6-b.png wh=3840x2160 body=raw open_ms=255.8 page_ms=441.4 to_png_ms=697.2 close_ms=3.3 write_ms=17.8 warnings=0
1791111180268 VERIFY n=30 dims=Some((3840, 2160)) expect=3840x2160 own_files=2 PASS
1791111180445 BROWSER-EXIT n=30 pid=91208 after_return_ms=176.5
1791111181269 PREV-BROWSER n=31 prev_n=30 pid=91208 alive=false
1791111181269 RENDER-START n=31
1791111181988 RENDER-OK n=31 id=31 browser_pid=Some(71616) slot=A path=%TEMP%\fc-repro-leak-20261004-185203\localappdata\tw.fintools.fc-host\wallpaper\m-7ebe8f017cddc2d6-a.png wh=3840x2160 body=raw open_ms=257.2 page_ms=442.2 to_png_ms=699.4 close_ms=3.3 write_ms=16.8 warnings=0
1791111181989 VERIFY n=31 dims=Some((3840, 2160)) expect=3840x2160 own_files=2 PASS
1791111182163 BROWSER-EXIT n=31 pid=71616 after_return_ms=174.3
1791111182989 PREV-BROWSER n=32 prev_n=31 pid=71616 alive=false
1791111182989 RENDER-START n=32
1791111183709 RENDER-OK n=32 id=32 browser_pid=Some(107428) slot=B path=%TEMP%\fc-repro-leak-20261004-185203\localappdata\tw.fintools.fc-host\wallpaper\m-7ebe8f017cddc2d6-b.png wh=3840x2160 body=raw open_ms=254.1 page_ms=451.9 to_png_ms=706.0 close_ms=3.5 write_ms=10.7 warnings=0
1791111183710 VERIFY n=32 dims=Some((3840, 2160)) expect=3840x2160 own_files=2 PASS
1791111183890 BROWSER-EXIT n=32 pid=107428 after_return_ms=181.0
1791111184709 PREV-BROWSER n=33 prev_n=32 pid=107428 alive=false
1791111184709 RENDER-START n=33
1791111185432 RENDER-OK n=33 id=33 browser_pid=Some(112352) slot=A path=%TEMP%\fc-repro-leak-20261004-185203\localappdata\tw.fintools.fc-host\wallpaper\m-7ebe8f017cddc2d6-a.png wh=3840x2160 body=raw open_ms=252.5 page_ms=448.3 to_png_ms=700.7 close_ms=3.4 write_ms=18.5 warnings=0
1791111185433 VERIFY n=33 dims=Some((3840, 2160)) expect=3840x2160 own_files=2 PASS
1791111185607 BROWSER-EXIT n=33 pid=112352 after_return_ms=175.1
1791111186433 PREV-BROWSER n=34 prev_n=33 pid=112352 alive=false
1791111186433 RENDER-START n=34
1791111187220 RENDER-OK n=34 id=34 browser_pid=Some(53172) slot=B path=%TEMP%\fc-repro-leak-20261004-185203\localappdata\tw.fintools.fc-host\wallpaper\m-7ebe8f017cddc2d6-b.png wh=3840x2160 body=raw open_ms=309.8 page_ms=455.4 to_png_ms=765.3 close_ms=3.4 write_ms=18.4 warnings=0
1791111187221 VERIFY n=34 dims=Some((3840, 2160)) expect=3840x2160 own_files=2 PASS
1791111187393 BROWSER-EXIT n=34 pid=53172 after_return_ms=172.5
1791111188221 PREV-BROWSER n=35 prev_n=34 pid=53172 alive=false
1791111188221 RENDER-START n=35
1791111188949 RENDER-OK n=35 id=35 browser_pid=Some(36004) slot=A path=%TEMP%\fc-repro-leak-20261004-185203\localappdata\tw.fintools.fc-host\wallpaper\m-7ebe8f017cddc2d6-a.png wh=3840x2160 body=raw open_ms=256.8 page_ms=449.1 to_png_ms=705.9 close_ms=3.2 write_ms=18.3 warnings=0
1791111188949 VERIFY n=35 dims=Some((3840, 2160)) expect=3840x2160 own_files=2 PASS
1791111189118 BROWSER-EXIT n=35 pid=36004 after_return_ms=169.9
1791111189949 PREV-BROWSER n=36 prev_n=35 pid=36004 alive=false
1791111189949 RENDER-START n=36
1791111190668 RENDER-OK n=36 id=36 browser_pid=Some(90704) slot=B path=%TEMP%\fc-repro-leak-20261004-185203\localappdata\tw.fintools.fc-host\wallpaper\m-7ebe8f017cddc2d6-b.png wh=3840x2160 body=raw open_ms=249.5 page_ms=447.7 to_png_ms=697.2 close_ms=3.2 write_ms=18.7 warnings=0
1791111190669 VERIFY n=36 dims=Some((3840, 2160)) expect=3840x2160 own_files=2 PASS
1791111190839 BROWSER-EXIT n=36 pid=90704 after_return_ms=170.9
1791111191669 PREV-BROWSER n=37 prev_n=36 pid=90704 alive=false
1791111191669 RENDER-START n=37
1791111192382 RENDER-OK n=37 id=37 browser_pid=Some(107100) slot=A path=%TEMP%\fc-repro-leak-20261004-185203\localappdata\tw.fintools.fc-host\wallpaper\m-7ebe8f017cddc2d6-a.png wh=3840x2160 body=raw open_ms=248.7 page_ms=450.6 to_png_ms=699.2 close_ms=3.2 write_ms=10.6 warnings=0
1791111192382 VERIFY n=37 dims=Some((3840, 2160)) expect=3840x2160 own_files=2 PASS
1791111192561 BROWSER-EXIT n=37 pid=107100 after_return_ms=179.5
1791111193382 PREV-BROWSER n=38 prev_n=37 pid=107100 alive=false
1791111193382 RENDER-START n=38
1791111194138 RENDER-OK n=38 id=38 browser_pid=Some(49904) slot=B path=%TEMP%\fc-repro-leak-20261004-185203\localappdata\tw.fintools.fc-host\wallpaper\m-7ebe8f017cddc2d6-b.png wh=3840x2160 body=raw open_ms=276.8 page_ms=455.4 to_png_ms=732.2 close_ms=3.7 write_ms=19.4 warnings=0
1791111194138 VERIFY n=38 dims=Some((3840, 2160)) expect=3840x2160 own_files=2 PASS
1791111194309 BROWSER-EXIT n=38 pid=49904 after_return_ms=171.0
1791111195138 PREV-BROWSER n=39 prev_n=38 pid=49904 alive=false
1791111195138 RENDER-START n=39
1791111195862 RENDER-OK n=39 id=39 browser_pid=Some(90896) slot=A path=%TEMP%\fc-repro-leak-20261004-185203\localappdata\tw.fintools.fc-host\wallpaper\m-7ebe8f017cddc2d6-a.png wh=3840x2160 body=raw open_ms=252.8 page_ms=450.7 to_png_ms=703.5 close_ms=3.1 write_ms=17.2 warnings=0
1791111195862 VERIFY n=39 dims=Some((3840, 2160)) expect=3840x2160 own_files=2 PASS
1791111196037 BROWSER-EXIT n=39 pid=90896 after_return_ms=174.6
1791111196862 PREV-BROWSER n=40 prev_n=39 pid=90896 alive=false
1791111196862 RENDER-START n=40
1791111197581 RENDER-OK n=40 id=40 browser_pid=Some(51844) slot=B path=%TEMP%\fc-repro-leak-20261004-185203\localappdata\tw.fintools.fc-host\wallpaper\m-7ebe8f017cddc2d6-b.png wh=3840x2160 body=raw open_ms=247.1 page_ms=449.5 to_png_ms=696.6 close_ms=3.4 write_ms=18.0 warnings=0
1791111197581 VERIFY n=40 dims=Some((3840, 2160)) expect=3840x2160 own_files=2 PASS
1791111197752 BROWSER-EXIT n=40 pid=51844 after_return_ms=171.0
1791111198581 PREV-BROWSER n=41 prev_n=40 pid=51844 alive=false
1791111198581 RENDER-START n=41
1791111199294 RENDER-OK n=41 id=41 browser_pid=Some(39852) slot=A path=%TEMP%\fc-repro-leak-20261004-185203\localappdata\tw.fintools.fc-host\wallpaper\m-7ebe8f017cddc2d6-a.png wh=3840x2160 body=raw open_ms=256.5 page_ms=442.1 to_png_ms=698.6 close_ms=3.4 write_ms=10.6 warnings=0
1791111199294 VERIFY n=41 dims=Some((3840, 2160)) expect=3840x2160 own_files=2 PASS
1791111199476 BROWSER-EXIT n=41 pid=39852 after_return_ms=182.1
1791111200294 PREV-BROWSER n=42 prev_n=41 pid=39852 alive=false
1791111200294 RENDER-START n=42
1791111201021 RENDER-OK n=42 id=42 browser_pid=Some(24364) slot=B path=%TEMP%\fc-repro-leak-20261004-185203\localappdata\tw.fintools.fc-host\wallpaper\m-7ebe8f017cddc2d6-b.png wh=3840x2160 body=raw open_ms=255.4 page_ms=448.7 to_png_ms=704.1 close_ms=3.9 write_ms=18.6 warnings=0
1791111201022 VERIFY n=42 dims=Some((3840, 2160)) expect=3840x2160 own_files=2 PASS
1791111201193 BROWSER-EXIT n=42 pid=24364 after_return_ms=171.5
1791111202022 PREV-BROWSER n=43 prev_n=42 pid=24364 alive=false
1791111202022 RENDER-START n=43
1791111202742 RENDER-OK n=43 id=43 browser_pid=Some(95012) slot=A path=%TEMP%\fc-repro-leak-20261004-185203\localappdata\tw.fintools.fc-host\wallpaper\m-7ebe8f017cddc2d6-a.png wh=3840x2160 body=raw open_ms=251.6 page_ms=445.9 to_png_ms=697.5 close_ms=3.5 write_ms=19.1 warnings=0
1791111202742 VERIFY n=43 dims=Some((3840, 2160)) expect=3840x2160 own_files=2 PASS
1791111202916 BROWSER-EXIT n=43 pid=95012 after_return_ms=174.4
1791111203742 PREV-BROWSER n=44 prev_n=43 pid=95012 alive=false
1791111203742 RENDER-START n=44
1791111204453 RENDER-OK n=44 id=44 browser_pid=Some(104716) slot=B path=%TEMP%\fc-repro-leak-20261004-185203\localappdata\tw.fintools.fc-host\wallpaper\m-7ebe8f017cddc2d6-b.png wh=3840x2160 body=raw open_ms=248.3 page_ms=448.2 to_png_ms=696.5 close_ms=3.4 write_ms=10.5 warnings=0
1791111204453 VERIFY n=44 dims=Some((3840, 2160)) expect=3840x2160 own_files=2 PASS
1791111204645 BROWSER-EXIT n=44 pid=104716 after_return_ms=192.4
1791111205453 PREV-BROWSER n=45 prev_n=44 pid=104716 alive=false
1791111205453 RENDER-START n=45
1791111206171 RENDER-OK n=45 id=45 browser_pid=Some(22296) slot=A path=%TEMP%\fc-repro-leak-20261004-185203\localappdata\tw.fintools.fc-host\wallpaper\m-7ebe8f017cddc2d6-a.png wh=3840x2160 body=raw open_ms=247.2 page_ms=450.7 to_png_ms=697.8 close_ms=3.3 write_ms=16.7 warnings=0
1791111206172 VERIFY n=45 dims=Some((3840, 2160)) expect=3840x2160 own_files=2 PASS
1791111206346 BROWSER-EXIT n=45 pid=22296 after_return_ms=174.5
1791111207172 PREV-BROWSER n=46 prev_n=45 pid=22296 alive=false
1791111207172 RENDER-START n=46
1791111207918 RENDER-OK n=46 id=46 browser_pid=Some(106964) slot=B path=%TEMP%\fc-repro-leak-20261004-185203\localappdata\tw.fintools.fc-host\wallpaper\m-7ebe8f017cddc2d6-b.png wh=3840x2160 body=raw open_ms=262.8 page_ms=462.3 to_png_ms=725.1 close_ms=3.2 write_ms=18.0 warnings=0
1791111207919 VERIFY n=46 dims=Some((3840, 2160)) expect=3840x2160 own_files=2 PASS
1791111208093 BROWSER-EXIT n=46 pid=106964 after_return_ms=174.7
1791111208919 PREV-BROWSER n=47 prev_n=46 pid=106964 alive=false
1791111208919 RENDER-START n=47
1791111209646 RENDER-OK n=47 id=47 browser_pid=Some(94460) slot=A path=%TEMP%\fc-repro-leak-20261004-185203\localappdata\tw.fintools.fc-host\wallpaper\m-7ebe8f017cddc2d6-a.png wh=3840x2160 body=raw open_ms=255.4 page_ms=448.6 to_png_ms=703.9 close_ms=3.5 write_ms=19.1 warnings=0
1791111209646 VERIFY n=47 dims=Some((3840, 2160)) expect=3840x2160 own_files=2 PASS
1791111209818 BROWSER-EXIT n=47 pid=94460 after_return_ms=172.4
1791111210646 PREV-BROWSER n=48 prev_n=47 pid=94460 alive=false
1791111210646 RENDER-START n=48
1791111211397 RENDER-OK n=48 id=48 browser_pid=Some(103512) slot=B path=%TEMP%\fc-repro-leak-20261004-185203\localappdata\tw.fintools.fc-host\wallpaper\m-7ebe8f017cddc2d6-b.png wh=3840x2160 body=raw open_ms=300.6 page_ms=435.8 to_png_ms=736.4 close_ms=3.4 write_ms=11.4 warnings=0
1791111211398 VERIFY n=48 dims=Some((3840, 2160)) expect=3840x2160 own_files=2 PASS
1791111211584 BROWSER-EXIT n=48 pid=103512 after_return_ms=186.6
1791111212398 PREV-BROWSER n=49 prev_n=48 pid=103512 alive=false
1791111212398 RENDER-START n=49
1791111213112 RENDER-OK n=49 id=49 browser_pid=Some(21604) slot=A path=%TEMP%\fc-repro-leak-20261004-185203\localappdata\tw.fintools.fc-host\wallpaper\m-7ebe8f017cddc2d6-a.png wh=3840x2160 body=raw open_ms=246.8 page_ms=447.3 to_png_ms=694.1 close_ms=3.1 write_ms=16.8 warnings=0
1791111213112 VERIFY n=49 dims=Some((3840, 2160)) expect=3840x2160 own_files=2 PASS
1791111213288 BROWSER-EXIT n=49 pid=21604 after_return_ms=176.0
1791111214113 PREV-BROWSER n=50 prev_n=49 pid=21604 alive=false
1791111214113 RENDER-START n=50
1791111214833 RENDER-OK n=50 id=50 browser_pid=Some(108088) slot=B path=%TEMP%\fc-repro-leak-20261004-185203\localappdata\tw.fintools.fc-host\wallpaper\m-7ebe8f017cddc2d6-b.png wh=3840x2160 body=raw open_ms=247.1 page_ms=451.7 to_png_ms=698.8 close_ms=3.5 write_ms=17.3 warnings=0
1791111214833 VERIFY n=50 dims=Some((3840, 2160)) expect=3840x2160 own_files=2 PASS
1791111215007 BROWSER-EXIT n=50 pid=108088 after_return_ms=174.2
1791111215833 PREV-BROWSER n=51 prev_n=50 pid=108088 alive=false
1791111215833 RENDER-START n=51
1791111216566 RENDER-OK n=51 id=51 browser_pid=Some(49560) slot=A path=%TEMP%\fc-repro-leak-20261004-185203\localappdata\tw.fintools.fc-host\wallpaper\m-7ebe8f017cddc2d6-a.png wh=3840x2160 body=raw open_ms=250.6 page_ms=458.4 to_png_ms=709.0 close_ms=3.6 write_ms=20.0 warnings=0
1791111216566 VERIFY n=51 dims=Some((3840, 2160)) expect=3840x2160 own_files=2 PASS
1791111216734 BROWSER-EXIT n=51 pid=49560 after_return_ms=168.0
1791111217566 PREV-BROWSER n=52 prev_n=51 pid=49560 alive=false
1791111217566 RENDER-START n=52
1791111218288 RENDER-OK n=52 id=52 browser_pid=Some(109952) slot=B path=%TEMP%\fc-repro-leak-20261004-185203\localappdata\tw.fintools.fc-host\wallpaper\m-7ebe8f017cddc2d6-b.png wh=3840x2160 body=raw open_ms=248.0 page_ms=459.5 to_png_ms=707.5 close_ms=3.6 write_ms=10.2 warnings=0
1791111218288 VERIFY n=52 dims=Some((3840, 2160)) expect=3840x2160 own_files=2 PASS
1791111218472 BROWSER-EXIT n=52 pid=109952 after_return_ms=184.3
1791111219288 PREV-BROWSER n=53 prev_n=52 pid=109952 alive=false
1791111219288 RENDER-START n=53
1791111220071 RENDER-OK n=53 id=53 browser_pid=Some(88668) slot=A path=%TEMP%\fc-repro-leak-20261004-185203\localappdata\tw.fintools.fc-host\wallpaper\m-7ebe8f017cddc2d6-a.png wh=3840x2160 body=raw open_ms=316.8 page_ms=445.3 to_png_ms=762.0 close_ms=3.2 write_ms=17.7 warnings=0
1791111220071 VERIFY n=53 dims=Some((3840, 2160)) expect=3840x2160 own_files=2 PASS
1791111220244 BROWSER-EXIT n=53 pid=88668 after_return_ms=173.4
1791111221071 PREV-BROWSER n=54 prev_n=53 pid=88668 alive=false
1791111221071 RENDER-START n=54
1791111221787 RENDER-OK n=54 id=54 browser_pid=Some(23284) slot=B path=%TEMP%\fc-repro-leak-20261004-185203\localappdata\tw.fintools.fc-host\wallpaper\m-7ebe8f017cddc2d6-b.png wh=3840x2160 body=raw open_ms=250.6 page_ms=443.0 to_png_ms=693.6 close_ms=3.7 write_ms=17.8 warnings=0
1791111221787 VERIFY n=54 dims=Some((3840, 2160)) expect=3840x2160 own_files=2 PASS
1791111221965 BROWSER-EXIT n=54 pid=23284 after_return_ms=178.8
1791111222787 PREV-BROWSER n=55 prev_n=54 pid=23284 alive=false
1791111222787 RENDER-START n=55
1791111223605 RENDER-OK n=55 id=55 browser_pid=Some(110656) slot=A path=%TEMP%\fc-repro-leak-20261004-185203\localappdata\tw.fintools.fc-host\wallpaper\m-7ebe8f017cddc2d6-a.png wh=3840x2160 body=raw open_ms=342.6 page_ms=453.8 to_png_ms=796.4 close_ms=3.3 write_ms=17.5 warnings=0
1791111223605 VERIFY n=55 dims=Some((3840, 2160)) expect=3840x2160 own_files=2 PASS
1791111223777 BROWSER-EXIT n=55 pid=110656 after_return_ms=172.3
1791111224605 PREV-BROWSER n=56 prev_n=55 pid=110656 alive=false
1791111224605 RENDER-START n=56
1791111225371 RENDER-OK n=56 id=56 browser_pid=Some(86876) slot=B path=%TEMP%\fc-repro-leak-20261004-185203\localappdata\tw.fintools.fc-host\wallpaper\m-7ebe8f017cddc2d6-b.png wh=3840x2160 body=raw open_ms=295.6 page_ms=448.2 to_png_ms=743.8 close_ms=3.7 write_ms=17.9 warnings=0
1791111225371 VERIFY n=56 dims=Some((3840, 2160)) expect=3840x2160 own_files=2 PASS
1791111225549 BROWSER-EXIT n=56 pid=86876 after_return_ms=178.3
1791111226371 PREV-BROWSER n=57 prev_n=56 pid=86876 alive=false
1791111226371 RENDER-START n=57
1791111227159 RENDER-OK n=57 id=57 browser_pid=Some(109396) slot=A path=%TEMP%\fc-repro-leak-20261004-185203\localappdata\tw.fintools.fc-host\wallpaper\m-7ebe8f017cddc2d6-a.png wh=3840x2160 body=raw open_ms=318.7 page_ms=448.5 to_png_ms=767.2 close_ms=3.1 write_ms=17.3 warnings=0
1791111227159 VERIFY n=57 dims=Some((3840, 2160)) expect=3840x2160 own_files=2 PASS
1791111227336 BROWSER-EXIT n=57 pid=109396 after_return_ms=177.2
1791111228160 PREV-BROWSER n=58 prev_n=57 pid=109396 alive=false
1791111228160 RENDER-START n=58
1791111228923 RENDER-OK n=58 id=58 browser_pid=Some(13704) slot=B path=%TEMP%\fc-repro-leak-20261004-185203\localappdata\tw.fintools.fc-host\wallpaper\m-7ebe8f017cddc2d6-b.png wh=3840x2160 body=raw open_ms=292.2 page_ms=450.5 to_png_ms=742.7 close_ms=3.2 write_ms=16.7 warnings=0
1791111228923 VERIFY n=58 dims=Some((3840, 2160)) expect=3840x2160 own_files=2 PASS
1791111229098 BROWSER-EXIT n=58 pid=13704 after_return_ms=175.8
1791111229923 PREV-BROWSER n=59 prev_n=58 pid=13704 alive=false
1791111229923 RENDER-START n=59
1791111230645 RENDER-OK n=59 id=59 browser_pid=Some(48668) slot=A path=%TEMP%\fc-repro-leak-20261004-185203\localappdata\tw.fintools.fc-host\wallpaper\m-7ebe8f017cddc2d6-a.png wh=3840x2160 body=raw open_ms=245.7 page_ms=455.2 to_png_ms=700.9 close_ms=3.4 write_ms=17.0 warnings=0
1791111230645 VERIFY n=59 dims=Some((3840, 2160)) expect=3840x2160 own_files=2 PASS
1791111230823 BROWSER-EXIT n=59 pid=48668 after_return_ms=178.9
1791111231645 PREV-BROWSER n=60 prev_n=59 pid=48668 alive=false
1791111231645 RENDER-START n=60
1791111232365 RENDER-OK n=60 id=60 browser_pid=Some(88336) slot=B path=%TEMP%\fc-repro-leak-20261004-185203\localappdata\tw.fintools.fc-host\wallpaper\m-7ebe8f017cddc2d6-b.png wh=3840x2160 body=raw open_ms=257.6 page_ms=447.3 to_png_ms=704.8 close_ms=3.3 write_ms=10.9 warnings=0
1791111232365 VERIFY n=60 dims=Some((3840, 2160)) expect=3840x2160 own_files=2 PASS
1791111232544 BROWSER-EXIT n=60 pid=88336 after_return_ms=179.7
1791111233365 PREV-BROWSER n=61 prev_n=60 pid=88336 alive=false
1791111233365 RENDER-START n=61
1791111234092 RENDER-OK n=61 id=61 browser_pid=Some(98400) slot=A path=%TEMP%\fc-repro-leak-20261004-185203\localappdata\tw.fintools.fc-host\wallpaper\m-7ebe8f017cddc2d6-a.png wh=3840x2160 body=raw open_ms=260.3 page_ms=445.2 to_png_ms=705.5 close_ms=3.3 write_ms=18.1 warnings=0
1791111234092 VERIFY n=61 dims=Some((3840, 2160)) expect=3840x2160 own_files=2 PASS
1791111234264 BROWSER-EXIT n=61 pid=98400 after_return_ms=172.3
1791111235092 PREV-BROWSER n=62 prev_n=61 pid=98400 alive=false
1791111235092 RENDER-START n=62
1791111235880 RENDER-OK n=62 id=62 browser_pid=Some(9576) slot=B path=%TEMP%\fc-repro-leak-20261004-185203\localappdata\tw.fintools.fc-host\wallpaper\m-7ebe8f017cddc2d6-b.png wh=3840x2160 body=raw open_ms=321.6 page_ms=451.7 to_png_ms=773.2 close_ms=3.9 write_ms=10.5 warnings=0
1791111235880 VERIFY n=62 dims=Some((3840, 2160)) expect=3840x2160 own_files=2 PASS
1791111236061 BROWSER-EXIT n=62 pid=9576 after_return_ms=181.3
1791111236880 PREV-BROWSER n=63 prev_n=62 pid=9576 alive=false
1791111236880 RENDER-START n=63
1791111237622 RENDER-OK n=63 id=63 browser_pid=Some(109752) slot=A path=%TEMP%\fc-repro-leak-20261004-185203\localappdata\tw.fintools.fc-host\wallpaper\m-7ebe8f017cddc2d6-a.png wh=3840x2160 body=raw open_ms=264.1 page_ms=456.1 to_png_ms=720.2 close_ms=3.3 write_ms=17.7 warnings=0
1791111237622 VERIFY n=63 dims=Some((3840, 2160)) expect=3840x2160 own_files=2 PASS
1791111237800 BROWSER-EXIT n=63 pid=109752 after_return_ms=178.0
1791111238622 PREV-BROWSER n=64 prev_n=63 pid=109752 alive=false
1791111238622 RENDER-START n=64
1791111239348 RENDER-OK n=64 id=64 browser_pid=Some(111892) slot=B path=%TEMP%\fc-repro-leak-20261004-185203\localappdata\tw.fintools.fc-host\wallpaper\m-7ebe8f017cddc2d6-b.png wh=3840x2160 body=raw open_ms=249.3 page_ms=452.9 to_png_ms=702.2 close_ms=3.5 write_ms=20.2 warnings=0
1791111239349 VERIFY n=64 dims=Some((3840, 2160)) expect=3840x2160 own_files=2 PASS
1791111239520 BROWSER-EXIT n=64 pid=111892 after_return_ms=171.1
1791111240349 PREV-BROWSER n=65 prev_n=64 pid=111892 alive=false
1791111240349 RENDER-START n=65
1791111241073 RENDER-OK n=65 id=65 browser_pid=Some(60008) slot=A path=%TEMP%\fc-repro-leak-20261004-185203\localappdata\tw.fintools.fc-host\wallpaper\m-7ebe8f017cddc2d6-a.png wh=3840x2160 body=raw open_ms=252.7 page_ms=450.1 to_png_ms=702.8 close_ms=3.3 write_ms=17.2 warnings=0
1791111241073 VERIFY n=65 dims=Some((3840, 2160)) expect=3840x2160 own_files=2 PASS
1791111241242 BROWSER-EXIT n=65 pid=60008 after_return_ms=169.0
1791111242073 PREV-BROWSER n=66 prev_n=65 pid=60008 alive=false
1791111242073 RENDER-START n=66
1791111242805 RENDER-OK n=66 id=66 browser_pid=Some(103048) slot=B path=%TEMP%\fc-repro-leak-20261004-185203\localappdata\tw.fintools.fc-host\wallpaper\m-7ebe8f017cddc2d6-b.png wh=3840x2160 body=raw open_ms=251.7 page_ms=459.2 to_png_ms=710.9 close_ms=3.3 write_ms=17.4 warnings=0
1791111242805 VERIFY n=66 dims=Some((3840, 2160)) expect=3840x2160 own_files=2 PASS
1791111242980 BROWSER-EXIT n=66 pid=103048 after_return_ms=175.9
1791111243805 PREV-BROWSER n=67 prev_n=66 pid=103048 alive=false
1791111243805 RENDER-START n=67
1791111244542 RENDER-OK n=67 id=67 browser_pid=Some(110376) slot=A path=%TEMP%\fc-repro-leak-20261004-185203\localappdata\tw.fintools.fc-host\wallpaper\m-7ebe8f017cddc2d6-a.png wh=3840x2160 body=raw open_ms=268.7 page_ms=446.6 to_png_ms=715.3 close_ms=3.5 write_ms=18.0 warnings=0
1791111244542 VERIFY n=67 dims=Some((3840, 2160)) expect=3840x2160 own_files=2 PASS
1791111244716 BROWSER-EXIT n=67 pid=110376 after_return_ms=174.3
1791111245542 PREV-BROWSER n=68 prev_n=67 pid=110376 alive=false
1791111245542 RENDER-START n=68
1791111246346 RENDER-OK n=68 id=68 browser_pid=Some(106124) slot=B path=%TEMP%\fc-repro-leak-20261004-185203\localappdata\tw.fintools.fc-host\wallpaper\m-7ebe8f017cddc2d6-b.png wh=3840x2160 body=raw open_ms=329.1 page_ms=452.5 to_png_ms=781.6 close_ms=3.4 write_ms=18.8 warnings=0
1791111246347 VERIFY n=68 dims=Some((3840, 2160)) expect=3840x2160 own_files=2 PASS
1791111246519 BROWSER-EXIT n=68 pid=106124 after_return_ms=172.3
1791111247347 PREV-BROWSER n=69 prev_n=68 pid=106124 alive=false
1791111247347 RENDER-START n=69
1791111248086 RENDER-OK n=69 id=69 browser_pid=Some(111064) slot=A path=%TEMP%\fc-repro-leak-20261004-185203\localappdata\tw.fintools.fc-host\wallpaper\m-7ebe8f017cddc2d6-a.png wh=3840x2160 body=raw open_ms=258.2 page_ms=458.1 to_png_ms=716.3 close_ms=3.5 write_ms=19.2 warnings=0
1791111248086 VERIFY n=69 dims=Some((3840, 2160)) expect=3840x2160 own_files=2 PASS
1791111248254 BROWSER-EXIT n=69 pid=111064 after_return_ms=168.2
1791111249086 PREV-BROWSER n=70 prev_n=69 pid=111064 alive=false
1791111249086 RENDER-START n=70
1791111249811 RENDER-OK n=70 id=70 browser_pid=Some(69948) slot=B path=%TEMP%\fc-repro-leak-20261004-185203\localappdata\tw.fintools.fc-host\wallpaper\m-7ebe8f017cddc2d6-b.png wh=3840x2160 body=raw open_ms=256.8 page_ms=453.1 to_png_ms=709.9 close_ms=3.5 write_ms=11.2 warnings=0
1791111249811 VERIFY n=70 dims=Some((3840, 2160)) expect=3840x2160 own_files=2 PASS
1791111249997 BROWSER-EXIT n=70 pid=69948 after_return_ms=185.7
1791111250811 PREV-BROWSER n=71 prev_n=70 pid=69948 alive=false
1791111250812 RENDER-START n=71
1791111251604 RENDER-OK n=71 id=71 browser_pid=Some(111412) slot=A path=%TEMP%\fc-repro-leak-20261004-185203\localappdata\tw.fintools.fc-host\wallpaper\m-7ebe8f017cddc2d6-a.png wh=3840x2160 body=raw open_ms=315.5 page_ms=454.3 to_png_ms=769.8 close_ms=4.1 write_ms=18.2 warnings=0
1791111251604 VERIFY n=71 dims=Some((3840, 2160)) expect=3840x2160 own_files=2 PASS
1791111251775 BROWSER-EXIT n=71 pid=111412 after_return_ms=170.9
1791111252604 PREV-BROWSER n=72 prev_n=71 pid=111412 alive=false
1791111252604 RENDER-START n=72
1791111253332 RENDER-OK n=72 id=72 browser_pid=Some(100652) slot=B path=%TEMP%\fc-repro-leak-20261004-185203\localappdata\tw.fintools.fc-host\wallpaper\m-7ebe8f017cddc2d6-b.png wh=3840x2160 body=raw open_ms=257.8 page_ms=448.7 to_png_ms=706.5 close_ms=3.7 write_ms=17.5 warnings=0
1791111253333 VERIFY n=72 dims=Some((3840, 2160)) expect=3840x2160 own_files=2 PASS
1791111253501 BROWSER-EXIT n=72 pid=100652 after_return_ms=168.5
1791111254333 PREV-BROWSER n=73 prev_n=72 pid=100652 alive=false
1791111254333 RENDER-START n=73
1791111255046 RENDER-OK n=73 id=73 browser_pid=Some(35936) slot=A path=%TEMP%\fc-repro-leak-20261004-185203\localappdata\tw.fintools.fc-host\wallpaper\m-7ebe8f017cddc2d6-a.png wh=3840x2160 body=raw open_ms=246.4 page_ms=445.3 to_png_ms=691.8 close_ms=3.5 write_ms=17.6 warnings=0
1791111255046 VERIFY n=73 dims=Some((3840, 2160)) expect=3840x2160 own_files=2 PASS
1791111255224 BROWSER-EXIT n=73 pid=35936 after_return_ms=177.7
1791111256046 PREV-BROWSER n=74 prev_n=73 pid=35936 alive=false
1791111256046 RENDER-START n=74
1791111256766 RENDER-OK n=74 id=74 browser_pid=Some(29584) slot=B path=%TEMP%\fc-repro-leak-20261004-185203\localappdata\tw.fintools.fc-host\wallpaper\m-7ebe8f017cddc2d6-b.png wh=3840x2160 body=raw open_ms=253.5 page_ms=445.3 to_png_ms=698.8 close_ms=3.2 write_ms=17.2 warnings=0
1791111256766 VERIFY n=74 dims=Some((3840, 2160)) expect=3840x2160 own_files=2 PASS
1791111256942 BROWSER-EXIT n=74 pid=29584 after_return_ms=176.0
1791111257766 PREV-BROWSER n=75 prev_n=74 pid=29584 alive=false
1791111257766 RENDER-START n=75
1791111258497 RENDER-OK n=75 id=75 browser_pid=Some(59716) slot=A path=%TEMP%\fc-repro-leak-20261004-185203\localappdata\tw.fintools.fc-host\wallpaper\m-7ebe8f017cddc2d6-a.png wh=3840x2160 body=raw open_ms=254.0 page_ms=455.0 to_png_ms=709.0 close_ms=3.2 write_ms=18.8 warnings=0
1791111258497 VERIFY n=75 dims=Some((3840, 2160)) expect=3840x2160 own_files=2 PASS
1791111258676 BROWSER-EXIT n=75 pid=59716 after_return_ms=179.1
1791111259498 PREV-BROWSER n=76 prev_n=75 pid=59716 alive=false
1791111259498 RENDER-START n=76
1791111260230 RENDER-OK n=76 id=76 browser_pid=Some(36984) slot=B path=%TEMP%\fc-repro-leak-20261004-185203\localappdata\tw.fintools.fc-host\wallpaper\m-7ebe8f017cddc2d6-b.png wh=3840x2160 body=raw open_ms=257.5 page_ms=454.4 to_png_ms=711.9 close_ms=3.1 write_ms=17.4 warnings=0
1791111260231 VERIFY n=76 dims=Some((3840, 2160)) expect=3840x2160 own_files=2 PASS
1791111260410 BROWSER-EXIT n=76 pid=36984 after_return_ms=179.2
1791111261231 PREV-BROWSER n=77 prev_n=76 pid=36984 alive=false
1791111261231 RENDER-START n=77
1791111261939 RENDER-OK n=77 id=77 browser_pid=Some(47272) slot=A path=%TEMP%\fc-repro-leak-20261004-185203\localappdata\tw.fintools.fc-host\wallpaper\m-7ebe8f017cddc2d6-a.png wh=3840x2160 body=raw open_ms=250.5 page_ms=443.3 to_png_ms=693.8 close_ms=3.4 write_ms=10.7 warnings=0
1791111261939 VERIFY n=77 dims=Some((3840, 2160)) expect=3840x2160 own_files=2 PASS
1791111262129 BROWSER-EXIT n=77 pid=47272 after_return_ms=190.1
1791111262939 PREV-BROWSER n=78 prev_n=77 pid=47272 alive=false
1791111262939 RENDER-START n=78
1791111263667 RENDER-OK n=78 id=78 browser_pid=Some(104924) slot=B path=%TEMP%\fc-repro-leak-20261004-185203\localappdata\tw.fintools.fc-host\wallpaper\m-7ebe8f017cddc2d6-b.png wh=3840x2160 body=raw open_ms=258.2 page_ms=448.5 to_png_ms=706.8 close_ms=3.2 write_ms=17.6 warnings=0
1791111263667 VERIFY n=78 dims=Some((3840, 2160)) expect=3840x2160 own_files=2 PASS
1791111263841 BROWSER-EXIT n=78 pid=104924 after_return_ms=173.8
1791111264668 PREV-BROWSER n=79 prev_n=78 pid=104924 alive=false
1791111264668 RENDER-START n=79
1791111265465 RENDER-OK n=79 id=79 browser_pid=Some(24056) slot=A path=%TEMP%\fc-repro-leak-20261004-185203\localappdata\tw.fintools.fc-host\wallpaper\m-7ebe8f017cddc2d6-a.png wh=3840x2160 body=raw open_ms=326.1 page_ms=458.0 to_png_ms=784.1 close_ms=3.3 write_ms=10.2 warnings=0
1791111265466 VERIFY n=79 dims=Some((3840, 2160)) expect=3840x2160 own_files=2 PASS
1791111265650 BROWSER-EXIT n=79 pid=24056 after_return_ms=185.1
1791111266466 PREV-BROWSER n=80 prev_n=79 pid=24056 alive=false
1791111266466 RENDER-START n=80
1791111267190 RENDER-OK n=80 id=80 browser_pid=Some(69164) slot=B path=%TEMP%\fc-repro-leak-20261004-185203\localappdata\tw.fintools.fc-host\wallpaper\m-7ebe8f017cddc2d6-b.png wh=3840x2160 body=raw open_ms=253.6 page_ms=448.8 to_png_ms=702.3 close_ms=3.2 write_ms=18.2 warnings=0
1791111267190 VERIFY n=80 dims=Some((3840, 2160)) expect=3840x2160 own_files=2 PASS
1791111267368 BROWSER-EXIT n=80 pid=69164 after_return_ms=178.0
1791111268190 PREV-BROWSER n=81 prev_n=80 pid=69164 alive=false
1791111268190 RENDER-START n=81
1791111268929 RENDER-OK n=81 id=81 browser_pid=Some(108696) slot=A path=%TEMP%\fc-repro-leak-20261004-185203\localappdata\tw.fintools.fc-host\wallpaper\m-7ebe8f017cddc2d6-a.png wh=3840x2160 body=raw open_ms=258.5 page_ms=459.1 to_png_ms=717.5 close_ms=3.2 write_ms=17.8 warnings=0
1791111268929 VERIFY n=81 dims=Some((3840, 2160)) expect=3840x2160 own_files=2 PASS
1791111269104 BROWSER-EXIT n=81 pid=108696 after_return_ms=175.4
1791111269929 PREV-BROWSER n=82 prev_n=81 pid=108696 alive=false
1791111269929 RENDER-START n=82
1791111270661 RENDER-OK n=82 id=82 browser_pid=Some(108464) slot=B path=%TEMP%\fc-repro-leak-20261004-185203\localappdata\tw.fintools.fc-host\wallpaper\m-7ebe8f017cddc2d6-b.png wh=3840x2160 body=raw open_ms=266.0 page_ms=444.2 to_png_ms=710.2 close_ms=3.2 write_ms=17.6 warnings=0
1791111270661 VERIFY n=82 dims=Some((3840, 2160)) expect=3840x2160 own_files=2 PASS
1791111270833 BROWSER-EXIT n=82 pid=108464 after_return_ms=172.0
1791111271661 PREV-BROWSER n=83 prev_n=82 pid=108464 alive=false
1791111271661 RENDER-START n=83
1791111272364 RENDER-OK n=83 id=83 browser_pid=Some(56260) slot=A path=%TEMP%\fc-repro-leak-20261004-185203\localappdata\tw.fintools.fc-host\wallpaper\m-7ebe8f017cddc2d6-a.png wh=3840x2160 body=raw open_ms=250.6 page_ms=437.7 to_png_ms=688.3 close_ms=3.3 write_ms=10.9 warnings=0
1791111272364 VERIFY n=83 dims=Some((3840, 2160)) expect=3840x2160 own_files=2 PASS
1791111272548 BROWSER-EXIT n=83 pid=56260 after_return_ms=183.8
1791111273364 PREV-BROWSER n=84 prev_n=83 pid=56260 alive=false
1791111273365 RENDER-START n=84
1791111274146 RENDER-OK n=84 id=84 browser_pid=Some(86892) slot=B path=%TEMP%\fc-repro-leak-20261004-185203\localappdata\tw.fintools.fc-host\wallpaper\m-7ebe8f017cddc2d6-b.png wh=3840x2160 body=raw open_ms=316.6 page_ms=444.0 to_png_ms=760.5 close_ms=3.1 write_ms=17.4 warnings=0
1791111274146 VERIFY n=84 dims=Some((3840, 2160)) expect=3840x2160 own_files=2 PASS
1791111274325 BROWSER-EXIT n=84 pid=86892 after_return_ms=179.4
1791111275146 PREV-BROWSER n=85 prev_n=84 pid=86892 alive=false
1791111275146 RENDER-START n=85
1791111275866 RENDER-OK n=85 id=85 browser_pid=Some(99984) slot=A path=%TEMP%\fc-repro-leak-20261004-185203\localappdata\tw.fintools.fc-host\wallpaper\m-7ebe8f017cddc2d6-a.png wh=3840x2160 body=raw open_ms=269.1 page_ms=430.0 to_png_ms=699.1 close_ms=3.2 write_ms=17.2 warnings=0
1791111275866 VERIFY n=85 dims=Some((3840, 2160)) expect=3840x2160 own_files=2 PASS
1791111276030 BROWSER-EXIT n=85 pid=99984 after_return_ms=163.8
1791111276866 PREV-BROWSER n=86 prev_n=85 pid=99984 alive=false
1791111276866 RENDER-START n=86
1791111277647 RENDER-OK n=86 id=86 browser_pid=Some(107296) slot=B path=%TEMP%\fc-repro-leak-20261004-185203\localappdata\tw.fintools.fc-host\wallpaper\m-7ebe8f017cddc2d6-b.png wh=3840x2160 body=raw open_ms=322.5 page_ms=438.1 to_png_ms=760.6 close_ms=3.3 write_ms=17.1 warnings=0
1791111277648 VERIFY n=86 dims=Some((3840, 2160)) expect=3840x2160 own_files=2 PASS
1791111277813 BROWSER-EXIT n=86 pid=107296 after_return_ms=166.2
1791111278648 PREV-BROWSER n=87 prev_n=86 pid=107296 alive=false
1791111278648 RENDER-START n=87
1791111279365 RENDER-OK n=87 id=87 browser_pid=Some(107328) slot=A path=%TEMP%\fc-repro-leak-20261004-185203\localappdata\tw.fintools.fc-host\wallpaper\m-7ebe8f017cddc2d6-a.png wh=3840x2160 body=raw open_ms=255.0 page_ms=441.7 to_png_ms=696.8 close_ms=3.3 write_ms=17.0 warnings=0
1791111279366 VERIFY n=87 dims=Some((3840, 2160)) expect=3840x2160 own_files=2 PASS
1791111279543 BROWSER-EXIT n=87 pid=107328 after_return_ms=177.8
1791111280365 PREV-BROWSER n=88 prev_n=87 pid=107328 alive=false
1791111280366 RENDER-START n=88
1791111281107 RENDER-OK n=88 id=88 browser_pid=Some(109968) slot=B path=%TEMP%\fc-repro-leak-20261004-185203\localappdata\tw.fintools.fc-host\wallpaper\m-7ebe8f017cddc2d6-b.png wh=3840x2160 body=raw open_ms=266.3 page_ms=453.4 to_png_ms=719.7 close_ms=3.4 write_ms=17.7 warnings=0
1791111281107 VERIFY n=88 dims=Some((3840, 2160)) expect=3840x2160 own_files=2 PASS
1791111281284 BROWSER-EXIT n=88 pid=109968 after_return_ms=177.3
1791111282107 PREV-BROWSER n=89 prev_n=88 pid=109968 alive=false
1791111282107 RENDER-START n=89
1791111282825 RENDER-OK n=89 id=89 browser_pid=Some(97688) slot=A path=%TEMP%\fc-repro-leak-20261004-185203\localappdata\tw.fintools.fc-host\wallpaper\m-7ebe8f017cddc2d6-a.png wh=3840x2160 body=raw open_ms=261.0 page_ms=443.2 to_png_ms=704.2 close_ms=3.5 write_ms=10.1 warnings=0
1791111282825 VERIFY n=89 dims=Some((3840, 2160)) expect=3840x2160 own_files=2 PASS
1791111283011 BROWSER-EXIT n=89 pid=97688 after_return_ms=186.7
1791111283825 PREV-BROWSER n=90 prev_n=89 pid=97688 alive=false
1791111283825 RENDER-START n=90
1791111284605 RENDER-OK n=90 id=90 browser_pid=Some(90608) slot=B path=%TEMP%\fc-repro-leak-20261004-185203\localappdata\tw.fintools.fc-host\wallpaper\m-7ebe8f017cddc2d6-b.png wh=3840x2160 body=raw open_ms=311.6 page_ms=447.4 to_png_ms=759.1 close_ms=3.1 write_ms=17.1 warnings=0
1791111284605 VERIFY n=90 dims=Some((3840, 2160)) expect=3840x2160 own_files=2 PASS
1791111284780 BROWSER-EXIT n=90 pid=90608 after_return_ms=175.2
1791111285605 PREV-BROWSER n=91 prev_n=90 pid=90608 alive=false
1791111285605 RENDER-START n=91
1791111286329 RENDER-OK n=91 id=91 browser_pid=Some(99016) slot=A path=%TEMP%\fc-repro-leak-20261004-185203\localappdata\tw.fintools.fc-host\wallpaper\m-7ebe8f017cddc2d6-a.png wh=3840x2160 body=raw open_ms=258.6 page_ms=452.3 to_png_ms=710.9 close_ms=3.3 write_ms=9.4 warnings=0
1791111286329 VERIFY n=91 dims=Some((3840, 2160)) expect=3840x2160 own_files=2 PASS
1791111286513 BROWSER-EXIT n=91 pid=99016 after_return_ms=183.8
1791111287329 PREV-BROWSER n=92 prev_n=91 pid=99016 alive=false
1791111287330 RENDER-START n=92
1791111288051 RENDER-OK n=92 id=92 browser_pid=Some(82540) slot=B path=%TEMP%\fc-repro-leak-20261004-185203\localappdata\tw.fintools.fc-host\wallpaper\m-7ebe8f017cddc2d6-b.png wh=3840x2160 body=raw open_ms=252.4 page_ms=448.3 to_png_ms=700.7 close_ms=4.4 write_ms=16.6 warnings=0
1791111288052 VERIFY n=92 dims=Some((3840, 2160)) expect=3840x2160 own_files=2 PASS
1791111288230 BROWSER-EXIT n=92 pid=82540 after_return_ms=178.2
1791111289052 PREV-BROWSER n=93 prev_n=92 pid=82540 alive=false
1791111289052 RENDER-START n=93
1791111289776 RENDER-OK n=93 id=93 browser_pid=Some(48872) slot=A path=%TEMP%\fc-repro-leak-20261004-185203\localappdata\tw.fintools.fc-host\wallpaper\m-7ebe8f017cddc2d6-a.png wh=3840x2160 body=raw open_ms=260.7 page_ms=448.7 to_png_ms=709.4 close_ms=3.3 write_ms=11.1 warnings=0
1791111289776 VERIFY n=93 dims=Some((3840, 2160)) expect=3840x2160 own_files=2 PASS
1791111289964 BROWSER-EXIT n=93 pid=48872 after_return_ms=187.8
1791111290776 PREV-BROWSER n=94 prev_n=93 pid=48872 alive=false
1791111290776 RENDER-START n=94
1791111291520 RENDER-OK n=94 id=94 browser_pid=Some(87468) slot=B path=%TEMP%\fc-repro-leak-20261004-185203\localappdata\tw.fintools.fc-host\wallpaper\m-7ebe8f017cddc2d6-b.png wh=3840x2160 body=raw open_ms=252.3 page_ms=468.3 to_png_ms=720.6 close_ms=3.8 write_ms=18.6 warnings=0
1791111291520 VERIFY n=94 dims=Some((3840, 2160)) expect=3840x2160 own_files=2 PASS
1791111291705 BROWSER-EXIT n=94 pid=87468 after_return_ms=186.0
1791111292520 PREV-BROWSER n=95 prev_n=94 pid=87468 alive=false
1791111292520 RENDER-START n=95
1791111293243 RENDER-OK n=95 id=95 browser_pid=Some(106364) slot=A path=%TEMP%\fc-repro-leak-20261004-185203\localappdata\tw.fintools.fc-host\wallpaper\m-7ebe8f017cddc2d6-a.png wh=3840x2160 body=raw open_ms=257.6 page_ms=445.3 to_png_ms=702.9 close_ms=3.3 write_ms=16.6 warnings=0
1791111293243 VERIFY n=95 dims=Some((3840, 2160)) expect=3840x2160 own_files=2 PASS
1791111293418 BROWSER-EXIT n=95 pid=106364 after_return_ms=174.9
1791111294243 PREV-BROWSER n=96 prev_n=95 pid=106364 alive=false
1791111294243 RENDER-START n=96
1791111294968 RENDER-OK n=96 id=96 browser_pid=Some(2828) slot=B path=%TEMP%\fc-repro-leak-20261004-185203\localappdata\tw.fintools.fc-host\wallpaper\m-7ebe8f017cddc2d6-b.png wh=3840x2160 body=raw open_ms=256.9 page_ms=443.9 to_png_ms=700.8 close_ms=4.3 write_ms=18.8 warnings=0
1791111294968 VERIFY n=96 dims=Some((3840, 2160)) expect=3840x2160 own_files=2 PASS
1791111295138 BROWSER-EXIT n=96 pid=2828 after_return_ms=170.9
1791111295968 PREV-BROWSER n=97 prev_n=96 pid=2828 alive=false
1791111295968 RENDER-START n=97
1791111296701 RENDER-OK n=97 id=97 browser_pid=Some(73348) slot=A path=%TEMP%\fc-repro-leak-20261004-185203\localappdata\tw.fintools.fc-host\wallpaper\m-7ebe8f017cddc2d6-a.png wh=3840x2160 body=raw open_ms=254.6 page_ms=455.5 to_png_ms=710.2 close_ms=4.4 write_ms=18.5 warnings=0
1791111296701 VERIFY n=97 dims=Some((3840, 2160)) expect=3840x2160 own_files=2 PASS
1791111296867 BROWSER-EXIT n=97 pid=73348 after_return_ms=166.4
1791111297701 PREV-BROWSER n=98 prev_n=97 pid=73348 alive=false
1791111297701 RENDER-START n=98
1791111298425 RENDER-OK n=98 id=98 browser_pid=Some(109380) slot=B path=%TEMP%\fc-repro-leak-20261004-185203\localappdata\tw.fintools.fc-host\wallpaper\m-7ebe8f017cddc2d6-b.png wh=3840x2160 body=raw open_ms=256.1 page_ms=446.9 to_png_ms=703.0 close_ms=3.1 write_ms=17.1 warnings=0
1791111298425 VERIFY n=98 dims=Some((3840, 2160)) expect=3840x2160 own_files=2 PASS
1791111298599 BROWSER-EXIT n=98 pid=109380 after_return_ms=173.9
1791111299425 PREV-BROWSER n=99 prev_n=98 pid=109380 alive=false
1791111299425 RENDER-START n=99
1791111300142 RENDER-OK n=99 id=99 browser_pid=Some(50816) slot=A path=%TEMP%\fc-repro-leak-20261004-185203\localappdata\tw.fintools.fc-host\wallpaper\m-7ebe8f017cddc2d6-a.png wh=3840x2160 body=raw open_ms=248.5 page_ms=452.6 to_png_ms=701.1 close_ms=3.2 write_ms=12.1 warnings=0
1791111300142 VERIFY n=99 dims=Some((3840, 2160)) expect=3840x2160 own_files=2 PASS
1791111300324 BROWSER-EXIT n=99 pid=50816 after_return_ms=181.7
1791111301142 PREV-BROWSER n=100 prev_n=99 pid=50816 alive=false
1791111301142 RENDER-START n=100
1791111301866 RENDER-OK n=100 id=100 browser_pid=Some(109992) slot=B path=%TEMP%\fc-repro-leak-20261004-185203\localappdata\tw.fintools.fc-host\wallpaper\m-7ebe8f017cddc2d6-b.png wh=3840x2160 body=raw open_ms=259.7 page_ms=443.3 to_png_ms=703.0 close_ms=3.6 write_ms=17.3 warnings=0
1791111301867 VERIFY n=100 dims=Some((3840, 2160)) expect=3840x2160 own_files=2 PASS
1791111302040 BROWSER-EXIT n=100 pid=109992 after_return_ms=174.0
1791111302866 PREV-BROWSER n=101 prev_n=100 pid=109992 alive=false
1791111302867 RENDER-START n=101
1791111303588 RENDER-OK n=101 id=101 browser_pid=Some(110548) slot=A path=%TEMP%\fc-repro-leak-20261004-185203\localappdata\tw.fintools.fc-host\wallpaper\m-7ebe8f017cddc2d6-a.png wh=3840x2160 body=raw open_ms=259.8 page_ms=446.9 to_png_ms=706.7 close_ms=4.4 write_ms=10.3 warnings=0
1791111303588 VERIFY n=101 dims=Some((3840, 2160)) expect=3840x2160 own_files=2 PASS
1791111303775 BROWSER-EXIT n=101 pid=110548 after_return_ms=187.1
1791111304589 PREV-BROWSER n=102 prev_n=101 pid=110548 alive=false
1791111304589 RENDER-START n=102
1791111305318 RENDER-OK n=102 id=102 browser_pid=Some(106880) slot=B path=%TEMP%\fc-repro-leak-20261004-185203\localappdata\tw.fintools.fc-host\wallpaper\m-7ebe8f017cddc2d6-b.png wh=3840x2160 body=raw open_ms=251.6 page_ms=456.5 to_png_ms=708.1 close_ms=3.3 write_ms=17.7 warnings=0
1791111305318 VERIFY n=102 dims=Some((3840, 2160)) expect=3840x2160 own_files=2 PASS
1791111305486 BROWSER-EXIT n=102 pid=106880 after_return_ms=168.3
1791111306318 PREV-BROWSER n=103 prev_n=102 pid=106880 alive=false
1791111306318 RENDER-START n=103
1791111307049 RENDER-OK n=103 id=103 browser_pid=Some(105300) slot=A path=%TEMP%\fc-repro-leak-20261004-185203\localappdata\tw.fintools.fc-host\wallpaper\m-7ebe8f017cddc2d6-a.png wh=3840x2160 body=raw open_ms=255.1 page_ms=455.1 to_png_ms=710.2 close_ms=3.4 write_ms=16.8 warnings=0
1791111307049 VERIFY n=103 dims=Some((3840, 2160)) expect=3840x2160 own_files=2 PASS
1791111307223 BROWSER-EXIT n=103 pid=105300 after_return_ms=174.0
1791111308050 PREV-BROWSER n=104 prev_n=103 pid=105300 alive=false
1791111308050 RENDER-START n=104
1791111308782 RENDER-OK n=104 id=104 browser_pid=Some(82664) slot=B path=%TEMP%\fc-repro-leak-20261004-185203\localappdata\tw.fintools.fc-host\wallpaper\m-7ebe8f017cddc2d6-b.png wh=3840x2160 body=raw open_ms=260.5 page_ms=456.9 to_png_ms=717.4 close_ms=3.1 write_ms=11.4 warnings=0
1791111308782 VERIFY n=104 dims=Some((3840, 2160)) expect=3840x2160 own_files=2 PASS
1791111308958 BROWSER-EXIT n=104 pid=82664 after_return_ms=176.6
1791111309782 PREV-BROWSER n=105 prev_n=104 pid=82664 alive=false
1791111309782 RENDER-START n=105
1791111310571 RENDER-OK n=105 id=105 browser_pid=Some(110640) slot=A path=%TEMP%\fc-repro-leak-20261004-185203\localappdata\tw.fintools.fc-host\wallpaper\m-7ebe8f017cddc2d6-a.png wh=3840x2160 body=raw open_ms=317.4 page_ms=449.1 to_png_ms=766.5 close_ms=3.4 write_ms=18.0 warnings=0
1791111310571 VERIFY n=105 dims=Some((3840, 2160)) expect=3840x2160 own_files=2 PASS
1791111310751 BROWSER-EXIT n=105 pid=110640 after_return_ms=180.1
1791111311571 PREV-BROWSER n=106 prev_n=105 pid=110640 alive=false
1791111311571 RENDER-START n=106
1791111312300 RENDER-OK n=106 id=106 browser_pid=Some(51312) slot=B path=%TEMP%\fc-repro-leak-20261004-185203\localappdata\tw.fintools.fc-host\wallpaper\m-7ebe8f017cddc2d6-b.png wh=3840x2160 body=raw open_ms=252.7 page_ms=455.8 to_png_ms=708.4 close_ms=3.2 write_ms=16.9 warnings=0
1791111312300 VERIFY n=106 dims=Some((3840, 2160)) expect=3840x2160 own_files=2 PASS
1791111312480 BROWSER-EXIT n=106 pid=51312 after_return_ms=180.5
1791111313300 PREV-BROWSER n=107 prev_n=106 pid=51312 alive=false
1791111313300 RENDER-START n=107
1791111314113 RENDER-OK n=107 id=107 browser_pid=Some(109768) slot=A path=%TEMP%\fc-repro-leak-20261004-185203\localappdata\tw.fintools.fc-host\wallpaper\m-7ebe8f017cddc2d6-a.png wh=3840x2160 body=raw open_ms=336.9 page_ms=455.1 to_png_ms=791.9 close_ms=3.8 write_ms=17.1 warnings=0
1791111314113 VERIFY n=107 dims=Some((3840, 2160)) expect=3840x2160 own_files=2 PASS
1791111314287 BROWSER-EXIT n=107 pid=109768 after_return_ms=173.8
1791111315113 PREV-BROWSER n=108 prev_n=107 pid=109768 alive=false
1791111315113 RENDER-START n=108
1791111315840 RENDER-OK n=108 id=108 browser_pid=Some(107728) slot=B path=%TEMP%\fc-repro-leak-20261004-185203\localappdata\tw.fintools.fc-host\wallpaper\m-7ebe8f017cddc2d6-b.png wh=3840x2160 body=raw open_ms=260.3 page_ms=446.1 to_png_ms=706.4 close_ms=3.3 write_ms=16.9 warnings=0
1791111315840 VERIFY n=108 dims=Some((3840, 2160)) expect=3840x2160 own_files=2 PASS
1791111316021 BROWSER-EXIT n=108 pid=107728 after_return_ms=180.5
1791111316840 PREV-BROWSER n=109 prev_n=108 pid=107728 alive=false
1791111316841 RENDER-START n=109
1791111317794 RENDER-OK n=109 id=109 browser_pid=Some(50208) slot=A path=%TEMP%\fc-repro-leak-20261004-185203\localappdata\tw.fintools.fc-host\wallpaper\m-7ebe8f017cddc2d6-a.png wh=3840x2160 body=raw open_ms=449.3 page_ms=483.2 to_png_ms=932.5 close_ms=3.6 write_ms=17.4 warnings=0
1791111317795 VERIFY n=109 dims=Some((3840, 2160)) expect=3840x2160 own_files=2 PASS
1791111317969 BROWSER-EXIT n=109 pid=50208 after_return_ms=174.5
1791111318795 PREV-BROWSER n=110 prev_n=109 pid=50208 alive=false
1791111318795 RENDER-START n=110
1791111319524 RENDER-OK n=110 id=110 browser_pid=Some(28600) slot=B path=%TEMP%\fc-repro-leak-20261004-185203\localappdata\tw.fintools.fc-host\wallpaper\m-7ebe8f017cddc2d6-b.png wh=3840x2160 body=raw open_ms=257.0 page_ms=451.1 to_png_ms=708.1 close_ms=3.4 write_ms=17.7 warnings=0
1791111319524 VERIFY n=110 dims=Some((3840, 2160)) expect=3840x2160 own_files=2 PASS
1791111319693 BROWSER-EXIT n=110 pid=28600 after_return_ms=168.7
1791111320524 PREV-BROWSER n=111 prev_n=110 pid=28600 alive=false
1791111320524 RENDER-START n=111
1791111321258 RENDER-OK n=111 id=111 browser_pid=Some(88752) slot=A path=%TEMP%\fc-repro-leak-20261004-185203\localappdata\tw.fintools.fc-host\wallpaper\m-7ebe8f017cddc2d6-a.png wh=3840x2160 body=raw open_ms=264.0 page_ms=446.9 to_png_ms=710.9 close_ms=3.5 write_ms=18.4 warnings=0
1791111321258 VERIFY n=111 dims=Some((3840, 2160)) expect=3840x2160 own_files=2 PASS
1791111321424 BROWSER-EXIT n=111 pid=88752 after_return_ms=166.8
1791111322258 PREV-BROWSER n=112 prev_n=111 pid=88752 alive=false
1791111322258 RENDER-START n=112
1791111322963 RENDER-OK n=112 id=112 browser_pid=Some(107644) slot=B path=%TEMP%\fc-repro-leak-20261004-185203\localappdata\tw.fintools.fc-host\wallpaper\m-7ebe8f017cddc2d6-b.png wh=3840x2160 body=raw open_ms=248.5 page_ms=443.7 to_png_ms=692.3 close_ms=3.2 write_ms=9.5 warnings=0
1791111322963 VERIFY n=112 dims=Some((3840, 2160)) expect=3840x2160 own_files=2 PASS
1791111323143 BROWSER-EXIT n=112 pid=107644 after_return_ms=179.7
1791111323964 PREV-BROWSER n=113 prev_n=112 pid=107644 alive=false
1791111323964 RENDER-START n=113
1791111324704 RENDER-OK n=113 id=113 browser_pid=Some(57336) slot=A path=%TEMP%\fc-repro-leak-20261004-185203\localappdata\tw.fintools.fc-host\wallpaper\m-7ebe8f017cddc2d6-a.png wh=3840x2160 body=raw open_ms=268.5 page_ms=455.2 to_png_ms=723.8 close_ms=3.3 write_ms=12.7 warnings=0
1791111324704 VERIFY n=113 dims=Some((3840, 2160)) expect=3840x2160 own_files=2 PASS
1791111324888 BROWSER-EXIT n=113 pid=57336 after_return_ms=183.9
1791111325704 PREV-BROWSER n=114 prev_n=113 pid=57336 alive=false
1791111325704 RENDER-START n=114
1791111326435 RENDER-OK n=114 id=114 browser_pid=Some(43532) slot=B path=%TEMP%\fc-repro-leak-20261004-185203\localappdata\tw.fintools.fc-host\wallpaper\m-7ebe8f017cddc2d6-b.png wh=3840x2160 body=raw open_ms=254.7 page_ms=455.2 to_png_ms=709.9 close_ms=3.4 write_ms=17.1 warnings=0
1791111326435 VERIFY n=114 dims=Some((3840, 2160)) expect=3840x2160 own_files=2 PASS
1791111326605 BROWSER-EXIT n=114 pid=43532 after_return_ms=170.0
1791111327435 PREV-BROWSER n=115 prev_n=114 pid=43532 alive=false
1791111327435 RENDER-START n=115
1791111328220 RENDER-OK n=115 id=115 browser_pid=Some(82340) slot=A path=%TEMP%\fc-repro-leak-20261004-185203\localappdata\tw.fintools.fc-host\wallpaper\m-7ebe8f017cddc2d6-a.png wh=3840x2160 body=raw open_ms=318.5 page_ms=444.3 to_png_ms=762.8 close_ms=3.5 write_ms=18.3 warnings=0
1791111328220 VERIFY n=115 dims=Some((3840, 2160)) expect=3840x2160 own_files=2 PASS
1791111328396 BROWSER-EXIT n=115 pid=82340 after_return_ms=175.7
1791111329220 PREV-BROWSER n=116 prev_n=115 pid=82340 alive=false
1791111329220 RENDER-START n=116
1791111329941 RENDER-OK n=116 id=116 browser_pid=Some(29408) slot=B path=%TEMP%\fc-repro-leak-20261004-185203\localappdata\tw.fintools.fc-host\wallpaper\m-7ebe8f017cddc2d6-b.png wh=3840x2160 body=raw open_ms=252.4 page_ms=447.6 to_png_ms=700.1 close_ms=3.4 write_ms=17.0 warnings=0
1791111329942 VERIFY n=116 dims=Some((3840, 2160)) expect=3840x2160 own_files=2 PASS
1791111330117 BROWSER-EXIT n=116 pid=29408 after_return_ms=175.7
1791111330942 PREV-BROWSER n=117 prev_n=116 pid=29408 alive=false
1791111330942 RENDER-START n=117
1791111331741 RENDER-OK n=117 id=117 browser_pid=Some(41044) slot=A path=%TEMP%\fc-repro-leak-20261004-185203\localappdata\tw.fintools.fc-host\wallpaper\m-7ebe8f017cddc2d6-a.png wh=3840x2160 body=raw open_ms=317.1 page_ms=461.2 to_png_ms=778.3 close_ms=3.3 write_ms=17.9 warnings=0
1791111331742 VERIFY n=117 dims=Some((3840, 2160)) expect=3840x2160 own_files=2 PASS
1791111331923 BROWSER-EXIT n=117 pid=41044 after_return_ms=181.4
1791111332742 PREV-BROWSER n=118 prev_n=117 pid=41044 alive=false
1791111332742 RENDER-START n=118
1791111333481 RENDER-OK n=118 id=118 browser_pid=Some(79820) slot=B path=%TEMP%\fc-repro-leak-20261004-185203\localappdata\tw.fintools.fc-host\wallpaper\m-7ebe8f017cddc2d6-b.png wh=3840x2160 body=raw open_ms=265.8 page_ms=452.3 to_png_ms=718.1 close_ms=3.2 write_ms=17.7 warnings=0
1791111333481 VERIFY n=118 dims=Some((3840, 2160)) expect=3840x2160 own_files=2 PASS
1791111333650 BROWSER-EXIT n=118 pid=79820 after_return_ms=168.9
1791111334481 PREV-BROWSER n=119 prev_n=118 pid=79820 alive=false
1791111334481 RENDER-START n=119
1791111335208 RENDER-OK n=119 id=119 browser_pid=Some(96496) slot=A path=%TEMP%\fc-repro-leak-20261004-185203\localappdata\tw.fintools.fc-host\wallpaper\m-7ebe8f017cddc2d6-a.png wh=3840x2160 body=raw open_ms=256.7 page_ms=447.6 to_png_ms=704.3 close_ms=3.6 write_ms=18.6 warnings=0
1791111335209 VERIFY n=119 dims=Some((3840, 2160)) expect=3840x2160 own_files=2 PASS
1791111335386 BROWSER-EXIT n=119 pid=96496 after_return_ms=177.9
1791111336209 PREV-BROWSER n=120 prev_n=119 pid=96496 alive=false
1791111336209 RENDER-START n=120
1791111336924 RENDER-OK n=120 id=120 browser_pid=Some(46036) slot=B path=%TEMP%\fc-repro-leak-20261004-185203\localappdata\tw.fintools.fc-host\wallpaper\m-7ebe8f017cddc2d6-b.png wh=3840x2160 body=raw open_ms=255.4 page_ms=443.3 to_png_ms=698.7 close_ms=3.6 write_ms=12.2 warnings=0
1791111336924 VERIFY n=120 dims=Some((3840, 2160)) expect=3840x2160 own_files=2 PASS
1791111337104 BROWSER-EXIT n=120 pid=46036 after_return_ms=180.0
1791111337924 PREV-BROWSER n=121 prev_n=120 pid=46036 alive=false
1791111337924 RENDER-START n=121
1791111338644 RENDER-OK n=121 id=121 browser_pid=Some(108520) slot=A path=%TEMP%\fc-repro-leak-20261004-185203\localappdata\tw.fintools.fc-host\wallpaper\m-7ebe8f017cddc2d6-a.png wh=3840x2160 body=raw open_ms=254.9 page_ms=443.3 to_png_ms=698.2 close_ms=3.2 write_ms=18.2 warnings=0
1791111338644 VERIFY n=121 dims=Some((3840, 2160)) expect=3840x2160 own_files=2 PASS
1791111338816 BROWSER-EXIT n=121 pid=108520 after_return_ms=172.7
1791111339644 PREV-BROWSER n=122 prev_n=121 pid=108520 alive=false
1791111339644 RENDER-START n=122
1791111340366 RENDER-OK n=122 id=122 browser_pid=Some(106208) slot=B path=%TEMP%\fc-repro-leak-20261004-185203\localappdata\tw.fintools.fc-host\wallpaper\m-7ebe8f017cddc2d6-b.png wh=3840x2160 body=raw open_ms=244.6 page_ms=455.4 to_png_ms=700.1 close_ms=3.7 write_ms=18.2 warnings=0
1791111340366 VERIFY n=122 dims=Some((3840, 2160)) expect=3840x2160 own_files=2 PASS
1791111340536 BROWSER-EXIT n=122 pid=106208 after_return_ms=169.8
1791111341366 PREV-BROWSER n=123 prev_n=122 pid=106208 alive=false
1791111341366 RENDER-START n=123
1791111342089 RENDER-OK n=123 id=123 browser_pid=Some(112220) slot=A path=%TEMP%\fc-repro-leak-20261004-185203\localappdata\tw.fintools.fc-host\wallpaper\m-7ebe8f017cddc2d6-a.png wh=3840x2160 body=raw open_ms=257.9 page_ms=450.6 to_png_ms=708.5 close_ms=3.1 write_ms=10.3 warnings=0
1791111342089 VERIFY n=123 dims=Some((3840, 2160)) expect=3840x2160 own_files=2 PASS
1791111342266 BROWSER-EXIT n=123 pid=112220 after_return_ms=177.1
1791111343089 PREV-BROWSER n=124 prev_n=123 pid=112220 alive=false
1791111343089 RENDER-START n=124
1791111343858 RENDER-OK n=124 id=124 browser_pid=Some(109096) slot=B path=%TEMP%\fc-repro-leak-20261004-185203\localappdata\tw.fintools.fc-host\wallpaper\m-7ebe8f017cddc2d6-b.png wh=3840x2160 body=raw open_ms=302.8 page_ms=445.1 to_png_ms=747.9 close_ms=3.2 write_ms=17.9 warnings=0
1791111343859 VERIFY n=124 dims=Some((3840, 2160)) expect=3840x2160 own_files=2 PASS
1791111344034 BROWSER-EXIT n=124 pid=109096 after_return_ms=175.3
1791111344859 PREV-BROWSER n=125 prev_n=124 pid=109096 alive=false
1791111344859 RENDER-START n=125
1791111345589 RENDER-OK n=125 id=125 browser_pid=Some(97444) slot=A path=%TEMP%\fc-repro-leak-20261004-185203\localappdata\tw.fintools.fc-host\wallpaper\m-7ebe8f017cddc2d6-a.png wh=3840x2160 body=raw open_ms=256.7 page_ms=452.7 to_png_ms=709.4 close_ms=3.7 write_ms=17.2 warnings=0
1791111345590 VERIFY n=125 dims=Some((3840, 2160)) expect=3840x2160 own_files=2 PASS
1791111345767 BROWSER-EXIT n=125 pid=97444 after_return_ms=177.6
1791111346590 PREV-BROWSER n=126 prev_n=125 pid=97444 alive=false
1791111346590 RENDER-START n=126
1791111347320 RENDER-OK n=126 id=126 browser_pid=Some(109704) slot=B path=%TEMP%\fc-repro-leak-20261004-185203\localappdata\tw.fintools.fc-host\wallpaper\m-7ebe8f017cddc2d6-b.png wh=3840x2160 body=raw open_ms=253.8 page_ms=455.2 to_png_ms=709.0 close_ms=3.2 write_ms=17.2 warnings=0
1791111347320 VERIFY n=126 dims=Some((3840, 2160)) expect=3840x2160 own_files=2 PASS
1791111347488 BROWSER-EXIT n=126 pid=109704 after_return_ms=168.1
1791111348320 PREV-BROWSER n=127 prev_n=126 pid=109704 alive=false
1791111348320 RENDER-START n=127
1791111349048 RENDER-OK n=127 id=127 browser_pid=Some(94480) slot=A path=%TEMP%\fc-repro-leak-20261004-185203\localappdata\tw.fintools.fc-host\wallpaper\m-7ebe8f017cddc2d6-a.png wh=3840x2160 body=raw open_ms=260.1 page_ms=446.7 to_png_ms=706.8 close_ms=3.4 write_ms=17.6 warnings=0
1791111349048 VERIFY n=127 dims=Some((3840, 2160)) expect=3840x2160 own_files=2 PASS
1791111349221 BROWSER-EXIT n=127 pid=94480 after_return_ms=173.0
1791111350048 PREV-BROWSER n=128 prev_n=127 pid=94480 alive=false
1791111350048 RENDER-START n=128
1791111350832 RENDER-OK n=128 id=128 browser_pid=Some(101020) slot=B path=%TEMP%\fc-repro-leak-20261004-185203\localappdata\tw.fintools.fc-host\wallpaper\m-7ebe8f017cddc2d6-b.png wh=3840x2160 body=raw open_ms=316.3 page_ms=453.1 to_png_ms=769.4 close_ms=3.3 write_ms=10.7 warnings=0
1791111350832 VERIFY n=128 dims=Some((3840, 2160)) expect=3840x2160 own_files=2 PASS
1791111351007 BROWSER-EXIT n=128 pid=101020 after_return_ms=175.1
1791111351832 PREV-BROWSER n=129 prev_n=128 pid=101020 alive=false
1791111351832 RENDER-START n=129
1791111352554 RENDER-OK n=129 id=129 browser_pid=Some(92888) slot=A path=%TEMP%\fc-repro-leak-20261004-185203\localappdata\tw.fintools.fc-host\wallpaper\m-7ebe8f017cddc2d6-a.png wh=3840x2160 body=raw open_ms=253.4 page_ms=445.1 to_png_ms=698.5 close_ms=3.9 write_ms=18.9 warnings=0
1791111352554 VERIFY n=129 dims=Some((3840, 2160)) expect=3840x2160 own_files=2 PASS
1791111352727 BROWSER-EXIT n=129 pid=92888 after_return_ms=173.6
1791111353554 PREV-BROWSER n=130 prev_n=129 pid=92888 alive=false
1791111353554 RENDER-START n=130
1791111354270 RENDER-OK n=130 id=130 browser_pid=Some(111304) slot=B path=%TEMP%\fc-repro-leak-20261004-185203\localappdata\tw.fintools.fc-host\wallpaper\m-7ebe8f017cddc2d6-b.png wh=3840x2160 body=raw open_ms=252.1 page_ms=449.1 to_png_ms=701.1 close_ms=3.4 write_ms=11.1 warnings=0
1791111354270 VERIFY n=130 dims=Some((3840, 2160)) expect=3840x2160 own_files=2 PASS
1791111354494 BROWSER-EXIT n=130 pid=111304 after_return_ms=223.9
1791111355271 PREV-BROWSER n=131 prev_n=130 pid=111304 alive=false
1791111355271 RENDER-START n=131
1791111356039 RENDER-OK n=131 id=131 browser_pid=Some(21440) slot=A path=%TEMP%\fc-repro-leak-20261004-185203\localappdata\tw.fintools.fc-host\wallpaper\m-7ebe8f017cddc2d6-a.png wh=3840x2160 body=raw open_ms=285.6 page_ms=466.9 to_png_ms=752.4 close_ms=3.9 write_ms=11.6 warnings=0
1791111356039 VERIFY n=131 dims=Some((3840, 2160)) expect=3840x2160 own_files=2 PASS
1791111356215 BROWSER-EXIT n=131 pid=21440 after_return_ms=175.9
1791111357039 PREV-BROWSER n=132 prev_n=131 pid=21440 alive=false
1791111357039 RENDER-START n=132
1791111357821 RENDER-OK n=132 id=132 browser_pid=Some(109040) slot=B path=%TEMP%\fc-repro-leak-20261004-185203\localappdata\tw.fintools.fc-host\wallpaper\m-7ebe8f017cddc2d6-b.png wh=3840x2160 body=raw open_ms=304.5 page_ms=455.4 to_png_ms=759.9 close_ms=3.5 write_ms=17.9 warnings=0
1791111357821 VERIFY n=132 dims=Some((3840, 2160)) expect=3840x2160 own_files=2 PASS
1791111357995 BROWSER-EXIT n=132 pid=109040 after_return_ms=173.9
1791111358821 PREV-BROWSER n=133 prev_n=132 pid=109040 alive=false
1791111358821 RENDER-START n=133
1791111359558 RENDER-OK n=133 id=133 browser_pid=Some(14384) slot=A path=%TEMP%\fc-repro-leak-20261004-185203\localappdata\tw.fintools.fc-host\wallpaper\m-7ebe8f017cddc2d6-a.png wh=3840x2160 body=raw open_ms=251.3 page_ms=464.4 to_png_ms=715.7 close_ms=3.5 write_ms=17.6 warnings=0
1791111359559 VERIFY n=133 dims=Some((3840, 2160)) expect=3840x2160 own_files=2 PASS
1791111359730 BROWSER-EXIT n=133 pid=14384 after_return_ms=171.5
1791111360558 PREV-BROWSER n=134 prev_n=133 pid=14384 alive=false
1791111360559 RENDER-START n=134
1791111361301 RENDER-OK n=134 id=134 browser_pid=Some(54084) slot=B path=%TEMP%\fc-repro-leak-20261004-185203\localappdata\tw.fintools.fc-host\wallpaper\m-7ebe8f017cddc2d6-b.png wh=3840x2160 body=raw open_ms=255.1 page_ms=466.1 to_png_ms=721.2 close_ms=3.5 write_ms=17.7 warnings=0
1791111361301 VERIFY n=134 dims=Some((3840, 2160)) expect=3840x2160 own_files=2 PASS
1791111361476 BROWSER-EXIT n=134 pid=54084 after_return_ms=174.8
1791111362301 PREV-BROWSER n=135 prev_n=134 pid=54084 alive=false
1791111362301 RENDER-START n=135
1791111363111 RENDER-OK n=135 id=135 browser_pid=Some(111684) slot=A path=%TEMP%\fc-repro-leak-20261004-185203\localappdata\tw.fintools.fc-host\wallpaper\m-7ebe8f017cddc2d6-a.png wh=3840x2160 body=raw open_ms=325.3 page_ms=461.7 to_png_ms=786.9 close_ms=3.4 write_ms=18.6 warnings=0
1791111363111 VERIFY n=135 dims=Some((3840, 2160)) expect=3840x2160 own_files=2 PASS
1791111363283 BROWSER-EXIT n=135 pid=111684 after_return_ms=172.7
1791111364111 PREV-BROWSER n=136 prev_n=135 pid=111684 alive=false
1791111364111 RENDER-START n=136
1791111364893 RENDER-OK n=136 id=136 browser_pid=Some(89004) slot=B path=%TEMP%\fc-repro-leak-20261004-185203\localappdata\tw.fintools.fc-host\wallpaper\m-7ebe8f017cddc2d6-b.png wh=3840x2160 body=raw open_ms=302.2 page_ms=464.1 to_png_ms=766.3 close_ms=3.6 write_ms=11.7 warnings=0
1791111364893 VERIFY n=136 dims=Some((3840, 2160)) expect=3840x2160 own_files=2 PASS
1791111365072 BROWSER-EXIT n=136 pid=89004 after_return_ms=178.7
1791111365893 PREV-BROWSER n=137 prev_n=136 pid=89004 alive=false
1791111365893 RENDER-START n=137
1791111366629 RENDER-OK n=137 id=137 browser_pid=Some(107056) slot=A path=%TEMP%\fc-repro-leak-20261004-185203\localappdata\tw.fintools.fc-host\wallpaper\m-7ebe8f017cddc2d6-a.png wh=3840x2160 body=raw open_ms=249.1 page_ms=464.4 to_png_ms=713.5 close_ms=4.2 write_ms=17.4 warnings=0
1791111366629 VERIFY n=137 dims=Some((3840, 2160)) expect=3840x2160 own_files=2 PASS
1791111366801 BROWSER-EXIT n=137 pid=107056 after_return_ms=172.0
1791111367629 PREV-BROWSER n=138 prev_n=137 pid=107056 alive=false
1791111367629 RENDER-START n=138
1791111368364 RENDER-OK n=138 id=138 browser_pid=Some(99852) slot=B path=%TEMP%\fc-repro-leak-20261004-185203\localappdata\tw.fintools.fc-host\wallpaper\m-7ebe8f017cddc2d6-b.png wh=3840x2160 body=raw open_ms=265.8 page_ms=454.6 to_png_ms=720.4 close_ms=3.8 write_ms=11.1 warnings=0
1791111368364 VERIFY n=138 dims=Some((3840, 2160)) expect=3840x2160 own_files=2 PASS
1791111368545 BROWSER-EXIT n=138 pid=99852 after_return_ms=180.7
1791111369364 PREV-BROWSER n=139 prev_n=138 pid=99852 alive=false
1791111369364 RENDER-START n=139
1791111370092 RENDER-OK n=139 id=139 browser_pid=Some(10200) slot=A path=%TEMP%\fc-repro-leak-20261004-185203\localappdata\tw.fintools.fc-host\wallpaper\m-7ebe8f017cddc2d6-a.png wh=3840x2160 body=raw open_ms=256.8 page_ms=447.4 to_png_ms=704.2 close_ms=3.8 write_ms=19.4 warnings=0
1791111370092 VERIFY n=139 dims=Some((3840, 2160)) expect=3840x2160 own_files=2 PASS
1791111370260 BROWSER-EXIT n=139 pid=10200 after_return_ms=168.3
1791111371093 PREV-BROWSER n=140 prev_n=139 pid=10200 alive=false
1791111371093 RENDER-START n=140
1791111371842 RENDER-OK n=140 id=140 browser_pid=Some(44464) slot=B path=%TEMP%\fc-repro-leak-20261004-185203\localappdata\tw.fintools.fc-host\wallpaper\m-7ebe8f017cddc2d6-b.png wh=3840x2160 body=raw open_ms=258.4 page_ms=469.4 to_png_ms=727.8 close_ms=3.6 write_ms=17.5 warnings=0
1791111371842 VERIFY n=140 dims=Some((3840, 2160)) expect=3840x2160 own_files=2 PASS
1791111372010 BROWSER-EXIT n=140 pid=44464 after_return_ms=167.8
1791111372842 PREV-BROWSER n=141 prev_n=140 pid=44464 alive=false
1791111372842 RENDER-START n=141
1791111373576 RENDER-OK n=141 id=141 browser_pid=Some(102776) slot=A path=%TEMP%\fc-repro-leak-20261004-185203\localappdata\tw.fintools.fc-host\wallpaper\m-7ebe8f017cddc2d6-a.png wh=3840x2160 body=raw open_ms=256.2 page_ms=456.4 to_png_ms=712.6 close_ms=3.3 write_ms=17.9 warnings=0
1791111373576 VERIFY n=141 dims=Some((3840, 2160)) expect=3840x2160 own_files=2 PASS
1791111373759 BROWSER-EXIT n=141 pid=102776 after_return_ms=182.9
1791111374576 PREV-BROWSER n=142 prev_n=141 pid=102776 alive=false
1791111374576 RENDER-START n=142
1791111375305 RENDER-OK n=142 id=142 browser_pid=Some(101680) slot=B path=%TEMP%\fc-repro-leak-20261004-185203\localappdata\tw.fintools.fc-host\wallpaper\m-7ebe8f017cddc2d6-b.png wh=3840x2160 body=raw open_ms=248.7 page_ms=459.4 to_png_ms=708.1 close_ms=3.4 write_ms=16.9 warnings=0
1791111375305 VERIFY n=142 dims=Some((3840, 2160)) expect=3840x2160 own_files=2 PASS
1791111375487 BROWSER-EXIT n=142 pid=101680 after_return_ms=181.9
1791111376305 PREV-BROWSER n=143 prev_n=142 pid=101680 alive=false
1791111376306 RENDER-START n=143
1791111377049 RENDER-OK n=143 id=143 browser_pid=Some(101364) slot=A path=%TEMP%\fc-repro-leak-20261004-185203\localappdata\tw.fintools.fc-host\wallpaper\m-7ebe8f017cddc2d6-a.png wh=3840x2160 body=raw open_ms=259.8 page_ms=463.6 to_png_ms=723.4 close_ms=3.3 write_ms=16.9 warnings=0
1791111377050 VERIFY n=143 dims=Some((3840, 2160)) expect=3840x2160 own_files=2 PASS
1791111377224 BROWSER-EXIT n=143 pid=101364 after_return_ms=174.3
1791111378050 PREV-BROWSER n=144 prev_n=143 pid=101364 alive=false
1791111378050 RENDER-START n=144
1791111378791 RENDER-OK n=144 id=144 browser_pid=Some(89236) slot=B path=%TEMP%\fc-repro-leak-20261004-185203\localappdata\tw.fintools.fc-host\wallpaper\m-7ebe8f017cddc2d6-b.png wh=3840x2160 body=raw open_ms=253.9 page_ms=465.2 to_png_ms=719.1 close_ms=3.9 write_ms=17.9 warnings=0
1791111378791 VERIFY n=144 dims=Some((3840, 2160)) expect=3840x2160 own_files=2 PASS
1791111378966 BROWSER-EXIT n=144 pid=89236 after_return_ms=175.0
1791111379791 PREV-BROWSER n=145 prev_n=144 pid=89236 alive=false
1791111379791 RENDER-START n=145
1791111380565 RENDER-OK n=145 id=145 browser_pid=Some(109548) slot=A path=%TEMP%\fc-repro-leak-20261004-185203\localappdata\tw.fintools.fc-host\wallpaper\m-7ebe8f017cddc2d6-a.png wh=3840x2160 body=raw open_ms=310.5 page_ms=446.4 to_png_ms=756.9 close_ms=4.4 write_ms=11.6 warnings=0
1791111380565 VERIFY n=145 dims=Some((3840, 2160)) expect=3840x2160 own_files=2 PASS
1791111380741 BROWSER-EXIT n=145 pid=109548 after_return_ms=176.8
1791111381565 PREV-BROWSER n=146 prev_n=145 pid=109548 alive=false
1791111381565 RENDER-START n=146
1791111382304 RENDER-OK n=146 id=146 browser_pid=Some(106932) slot=B path=%TEMP%\fc-repro-leak-20261004-185203\localappdata\tw.fintools.fc-host\wallpaper\m-7ebe8f017cddc2d6-b.png wh=3840x2160 body=raw open_ms=256.3 page_ms=460.7 to_png_ms=717.1 close_ms=3.1 write_ms=18.3 warnings=0
1791111382304 VERIFY n=146 dims=Some((3840, 2160)) expect=3840x2160 own_files=2 PASS
1791111382482 BROWSER-EXIT n=146 pid=106932 after_return_ms=177.9
1791111383304 PREV-BROWSER n=147 prev_n=146 pid=106932 alive=false
1791111383304 RENDER-START n=147
1791111384018 RENDER-OK n=147 id=147 browser_pid=Some(99808) slot=A path=%TEMP%\fc-repro-leak-20261004-185203\localappdata\tw.fintools.fc-host\wallpaper\m-7ebe8f017cddc2d6-a.png wh=3840x2160 body=raw open_ms=251.5 page_ms=439.1 to_png_ms=690.6 close_ms=3.6 write_ms=18.7 warnings=0
1791111384018 VERIFY n=147 dims=Some((3840, 2160)) expect=3840x2160 own_files=2 PASS
1791111384195 BROWSER-EXIT n=147 pid=99808 after_return_ms=177.7
1791111385018 PREV-BROWSER n=148 prev_n=147 pid=99808 alive=false
1791111385018 RENDER-START n=148
1791111385748 RENDER-OK n=148 id=148 browser_pid=Some(70404) slot=B path=%TEMP%\fc-repro-leak-20261004-185203\localappdata\tw.fintools.fc-host\wallpaper\m-7ebe8f017cddc2d6-b.png wh=3840x2160 body=raw open_ms=254.9 page_ms=459.2 to_png_ms=714.1 close_ms=3.6 write_ms=11.6 warnings=0
1791111385748 VERIFY n=148 dims=Some((3840, 2160)) expect=3840x2160 own_files=2 PASS
1791111385929 BROWSER-EXIT n=148 pid=70404 after_return_ms=181.6
1791111386748 PREV-BROWSER n=149 prev_n=148 pid=70404 alive=false
1791111386748 RENDER-START n=149
1791111387490 RENDER-OK n=149 id=149 browser_pid=Some(97216) slot=A path=%TEMP%\fc-repro-leak-20261004-185203\localappdata\tw.fintools.fc-host\wallpaper\m-7ebe8f017cddc2d6-a.png wh=3840x2160 body=raw open_ms=250.8 page_ms=468.4 to_png_ms=719.2 close_ms=3.8 write_ms=18.7 warnings=0
1791111387490 VERIFY n=149 dims=Some((3840, 2160)) expect=3840x2160 own_files=2 PASS
1791111387671 BROWSER-EXIT n=149 pid=97216 after_return_ms=181.1
1791111388490 PREV-BROWSER n=150 prev_n=149 pid=97216 alive=false
1791111388490 RENDER-START n=150
1791111389308 RENDER-OK n=150 id=150 browser_pid=Some(87620) slot=B path=%TEMP%\fc-repro-leak-20261004-185203\localappdata\tw.fintools.fc-host\wallpaper\m-7ebe8f017cddc2d6-b.png wh=3840x2160 body=raw open_ms=318.1 page_ms=477.0 to_png_ms=795.1 close_ms=3.8 write_ms=18.8 warnings=0
1791111389309 VERIFY n=150 dims=Some((3840, 2160)) expect=3840x2160 own_files=2 PASS
1791111389477 BROWSER-EXIT n=150 pid=87620 after_return_ms=169.2
1791111390309 PREV-BROWSER n=151 prev_n=150 pid=87620 alive=false
1791111390309 RENDER-START n=151
1791111391041 RENDER-OK n=151 id=151 browser_pid=Some(84552) slot=A path=%TEMP%\fc-repro-leak-20261004-185203\localappdata\tw.fintools.fc-host\wallpaper\m-7ebe8f017cddc2d6-a.png wh=3840x2160 body=raw open_ms=257.1 page_ms=454.8 to_png_ms=711.9 close_ms=3.3 write_ms=17.1 warnings=0
1791111391042 VERIFY n=151 dims=Some((3840, 2160)) expect=3840x2160 own_files=2 PASS
1791111391219 BROWSER-EXIT n=151 pid=84552 after_return_ms=177.3
1791111392042 PREV-BROWSER n=152 prev_n=151 pid=84552 alive=false
1791111392042 RENDER-START n=152
1791111392752 RENDER-OK n=152 id=152 browser_pid=Some(15840) slot=B path=%TEMP%\fc-repro-leak-20261004-185203\localappdata\tw.fintools.fc-host\wallpaper\m-7ebe8f017cddc2d6-b.png wh=3840x2160 body=raw open_ms=251.0 page_ms=436.7 to_png_ms=687.7 close_ms=3.7 write_ms=18.6 warnings=0
1791111392752 VERIFY n=152 dims=Some((3840, 2160)) expect=3840x2160 own_files=2 PASS
1791111392924 BROWSER-EXIT n=152 pid=15840 after_return_ms=172.4
1791111393752 PREV-BROWSER n=153 prev_n=152 pid=15840 alive=false
1791111393752 RENDER-START n=153
1791111394475 RENDER-OK n=153 id=153 browser_pid=Some(36852) slot=A path=%TEMP%\fc-repro-leak-20261004-185203\localappdata\tw.fintools.fc-host\wallpaper\m-7ebe8f017cddc2d6-a.png wh=3840x2160 body=raw open_ms=248.5 page_ms=452.6 to_png_ms=701.2 close_ms=3.4 write_ms=17.5 warnings=0
1791111394475 VERIFY n=153 dims=Some((3840, 2160)) expect=3840x2160 own_files=2 PASS
1791111394646 BROWSER-EXIT n=153 pid=36852 after_return_ms=171.6
1791111395475 PREV-BROWSER n=154 prev_n=153 pid=36852 alive=false
1791111395475 RENDER-START n=154
1791111396258 RENDER-OK n=154 id=154 browser_pid=Some(93784) slot=B path=%TEMP%\fc-repro-leak-20261004-185203\localappdata\tw.fintools.fc-host\wallpaper\m-7ebe8f017cddc2d6-b.png wh=3840x2160 body=raw open_ms=301.7 page_ms=466.2 to_png_ms=767.9 close_ms=3.4 write_ms=11.4 warnings=0
1791111396258 VERIFY n=154 dims=Some((3840, 2160)) expect=3840x2160 own_files=2 PASS
1791111396442 BROWSER-EXIT n=154 pid=93784 after_return_ms=184.8
1791111397258 PREV-BROWSER n=155 prev_n=154 pid=93784 alive=false
1791111397258 RENDER-START n=155
1791111398026 RENDER-OK n=155 id=155 browser_pid=Some(87884) slot=A path=%TEMP%\fc-repro-leak-20261004-185203\localappdata\tw.fintools.fc-host\wallpaper\m-7ebe8f017cddc2d6-a.png wh=3840x2160 body=raw open_ms=277.4 page_ms=469.8 to_png_ms=747.2 close_ms=3.4 write_ms=17.6 warnings=0
1791111398027 VERIFY n=155 dims=Some((3840, 2160)) expect=3840x2160 own_files=2 PASS
1791111398203 BROWSER-EXIT n=155 pid=87884 after_return_ms=176.9
1791111399027 PREV-BROWSER n=156 prev_n=155 pid=87884 alive=false
1791111399027 RENDER-START n=156
1791111399848 RENDER-OK n=156 id=156 browser_pid=Some(21516) slot=B path=%TEMP%\fc-repro-leak-20261004-185203\localappdata\tw.fintools.fc-host\wallpaper\m-7ebe8f017cddc2d6-b.png wh=3840x2160 body=raw open_ms=338.4 page_ms=466.7 to_png_ms=805.1 close_ms=4.4 write_ms=11.1 warnings=0
1791111399848 VERIFY n=156 dims=Some((3840, 2160)) expect=3840x2160 own_files=2 PASS
1791111400025 BROWSER-EXIT n=156 pid=21516 after_return_ms=177.8
1791111400848 PREV-BROWSER n=157 prev_n=156 pid=21516 alive=false
1791111400848 RENDER-START n=157
1791111401596 RENDER-OK n=157 id=157 browser_pid=Some(107796) slot=A path=%TEMP%\fc-repro-leak-20261004-185203\localappdata\tw.fintools.fc-host\wallpaper\m-7ebe8f017cddc2d6-a.png wh=3840x2160 body=raw open_ms=272.1 page_ms=454.5 to_png_ms=726.6 close_ms=3.1 write_ms=17.9 warnings=0
1791111401596 VERIFY n=157 dims=Some((3840, 2160)) expect=3840x2160 own_files=2 PASS
1791111401766 BROWSER-EXIT n=157 pid=107796 after_return_ms=170.2
1791111402596 PREV-BROWSER n=158 prev_n=157 pid=107796 alive=false
1791111402596 RENDER-START n=158
1791111403342 RENDER-OK n=158 id=158 browser_pid=Some(82752) slot=B path=%TEMP%\fc-repro-leak-20261004-185203\localappdata\tw.fintools.fc-host\wallpaper\m-7ebe8f017cddc2d6-b.png wh=3840x2160 body=raw open_ms=265.2 page_ms=459.2 to_png_ms=724.4 close_ms=4.0 write_ms=17.1 warnings=0
1791111403342 VERIFY n=158 dims=Some((3840, 2160)) expect=3840x2160 own_files=2 PASS
1791111403518 BROWSER-EXIT n=158 pid=82752 after_return_ms=175.8
1791111404342 PREV-BROWSER n=159 prev_n=158 pid=82752 alive=false
1791111404342 RENDER-START n=159
1791111405128 RENDER-OK n=159 id=159 browser_pid=Some(17776) slot=A path=%TEMP%\fc-repro-leak-20261004-185203\localappdata\tw.fintools.fc-host\wallpaper\m-7ebe8f017cddc2d6-a.png wh=3840x2160 body=raw open_ms=320.8 page_ms=450.2 to_png_ms=771.0 close_ms=3.6 write_ms=10.9 warnings=0
1791111405128 VERIFY n=159 dims=Some((3840, 2160)) expect=3840x2160 own_files=2 PASS
1791111405318 BROWSER-EXIT n=159 pid=17776 after_return_ms=189.7
1791111406128 PREV-BROWSER n=160 prev_n=159 pid=17776 alive=false
1791111406128 RENDER-START n=160
1791111406860 RENDER-OK n=160 id=160 browser_pid=Some(110172) slot=B path=%TEMP%\fc-repro-leak-20261004-185203\localappdata\tw.fintools.fc-host\wallpaper\m-7ebe8f017cddc2d6-b.png wh=3840x2160 body=raw open_ms=264.1 page_ms=446.3 to_png_ms=710.4 close_ms=3.3 write_ms=17.4 warnings=0
1791111406860 VERIFY n=160 dims=Some((3840, 2160)) expect=3840x2160 own_files=2 PASS
1791111407036 BROWSER-EXIT n=160 pid=110172 after_return_ms=176.2
1791111407860 PREV-BROWSER n=161 prev_n=160 pid=110172 alive=false
1791111407860 RENDER-START n=161
1791111408585 RENDER-OK n=161 id=161 browser_pid=Some(96668) slot=A path=%TEMP%\fc-repro-leak-20261004-185203\localappdata\tw.fintools.fc-host\wallpaper\m-7ebe8f017cddc2d6-a.png wh=3840x2160 body=raw open_ms=252.9 page_ms=450.4 to_png_ms=703.3 close_ms=3.5 write_ms=18.3 warnings=0
1791111408586 VERIFY n=161 dims=Some((3840, 2160)) expect=3840x2160 own_files=2 PASS
1791111408766 BROWSER-EXIT n=161 pid=96668 after_return_ms=181.1
1791111409585 PREV-BROWSER n=162 prev_n=161 pid=96668 alive=false
1791111409585 RENDER-START n=162
1791111410345 RENDER-OK n=162 id=162 browser_pid=Some(93148) slot=B path=%TEMP%\fc-repro-leak-20261004-185203\localappdata\tw.fintools.fc-host\wallpaper\m-7ebe8f017cddc2d6-b.png wh=3840x2160 body=raw open_ms=270.5 page_ms=468.5 to_png_ms=739.1 close_ms=3.3 write_ms=17.3 warnings=0
1791111410346 VERIFY n=162 dims=Some((3840, 2160)) expect=3840x2160 own_files=2 PASS
1791111410530 BROWSER-EXIT n=162 pid=93148 after_return_ms=184.2
1791111411346 PREV-BROWSER n=163 prev_n=162 pid=93148 alive=false
1791111411346 RENDER-START n=163
1791111412103 RENDER-OK n=163 id=163 browser_pid=Some(111728) slot=A path=%TEMP%\fc-repro-leak-20261004-185203\localappdata\tw.fintools.fc-host\wallpaper\m-7ebe8f017cddc2d6-a.png wh=3840x2160 body=raw open_ms=270.1 page_ms=472.7 to_png_ms=742.8 close_ms=3.7 write_ms=9.9 warnings=0
1791111412103 VERIFY n=163 dims=Some((3840, 2160)) expect=3840x2160 own_files=2 PASS
1791111412293 BROWSER-EXIT n=163 pid=111728 after_return_ms=190.9
1791111413103 PREV-BROWSER n=164 prev_n=163 pid=111728 alive=false
1791111413103 RENDER-START n=164
1791111413857 RENDER-OK n=164 id=164 browser_pid=Some(107760) slot=B path=%TEMP%\fc-repro-leak-20261004-185203\localappdata\tw.fintools.fc-host\wallpaper\m-7ebe8f017cddc2d6-b.png wh=3840x2160 body=raw open_ms=261.5 page_ms=471.0 to_png_ms=732.5 close_ms=3.6 write_ms=17.8 warnings=0
1791111413857 VERIFY n=164 dims=Some((3840, 2160)) expect=3840x2160 own_files=2 PASS
1791111414031 BROWSER-EXIT n=164 pid=107760 after_return_ms=174.0
1791111414858 PREV-BROWSER n=165 prev_n=164 pid=107760 alive=false
1791111414858 RENDER-START n=165
1791111415619 RENDER-OK n=165 id=165 browser_pid=Some(69144) slot=A path=%TEMP%\fc-repro-leak-20261004-185203\localappdata\tw.fintools.fc-host\wallpaper\m-7ebe8f017cddc2d6-a.png wh=3840x2160 body=raw open_ms=262.9 page_ms=475.5 to_png_ms=738.4 close_ms=3.9 write_ms=18.0 warnings=0
1791111415619 VERIFY n=165 dims=Some((3840, 2160)) expect=3840x2160 own_files=2 PASS
1791111415792 BROWSER-EXIT n=165 pid=69144 after_return_ms=172.9
1791111416619 PREV-BROWSER n=166 prev_n=165 pid=69144 alive=false
1791111416619 RENDER-START n=166
1791111417410 RENDER-OK n=166 id=166 browser_pid=Some(57076) slot=B path=%TEMP%\fc-repro-leak-20261004-185203\localappdata\tw.fintools.fc-host\wallpaper\m-7ebe8f017cddc2d6-b.png wh=3840x2160 body=raw open_ms=261.0 page_ms=507.2 to_png_ms=768.2 close_ms=3.5 write_ms=19.3 warnings=0
1791111417411 VERIFY n=166 dims=Some((3840, 2160)) expect=3840x2160 own_files=2 PASS
1791111417587 BROWSER-EXIT n=166 pid=57076 after_return_ms=176.7
1791111418411 PREV-BROWSER n=167 prev_n=166 pid=57076 alive=false
1791111418411 RENDER-START n=167
1791111419162 RENDER-OK n=167 id=167 browser_pid=Some(28288) slot=A path=%TEMP%\fc-repro-leak-20261004-185203\localappdata\tw.fintools.fc-host\wallpaper\m-7ebe8f017cddc2d6-a.png wh=3840x2160 body=raw open_ms=268.4 page_ms=461.9 to_png_ms=730.3 close_ms=3.4 write_ms=16.9 warnings=0
1791111419162 VERIFY n=167 dims=Some((3840, 2160)) expect=3840x2160 own_files=2 PASS
1791111419337 BROWSER-EXIT n=167 pid=28288 after_return_ms=175.1
1791111420162 PREV-BROWSER n=168 prev_n=167 pid=28288 alive=false
1791111420162 RENDER-START n=168
1791111420901 RENDER-OK n=168 id=168 browser_pid=Some(84740) slot=B path=%TEMP%\fc-repro-leak-20261004-185203\localappdata\tw.fintools.fc-host\wallpaper\m-7ebe8f017cddc2d6-b.png wh=3840x2160 body=raw open_ms=254.8 page_ms=461.9 to_png_ms=716.7 close_ms=3.5 write_ms=18.1 warnings=0
1791111420901 VERIFY n=168 dims=Some((3840, 2160)) expect=3840x2160 own_files=2 PASS
1791111421072 BROWSER-EXIT n=168 pid=84740 after_return_ms=170.6
1791111421901 PREV-BROWSER n=169 prev_n=168 pid=84740 alive=false
1791111421902 RENDER-START n=169
1791111422662 RENDER-OK n=169 id=169 browser_pid=Some(102576) slot=A path=%TEMP%\fc-repro-leak-20261004-185203\localappdata\tw.fintools.fc-host\wallpaper\m-7ebe8f017cddc2d6-a.png wh=3840x2160 body=raw open_ms=265.2 page_ms=478.9 to_png_ms=744.1 close_ms=4.4 write_ms=11.1 warnings=0
1791111422662 VERIFY n=169 dims=Some((3840, 2160)) expect=3840x2160 own_files=2 PASS
1791111422845 BROWSER-EXIT n=169 pid=102576 after_return_ms=183.2
1791111423662 PREV-BROWSER n=170 prev_n=169 pid=102576 alive=false
1791111423662 RENDER-START n=170
1791111424426 RENDER-OK n=170 id=170 browser_pid=Some(8240) slot=B path=%TEMP%\fc-repro-leak-20261004-185203\localappdata\tw.fintools.fc-host\wallpaper\m-7ebe8f017cddc2d6-b.png wh=3840x2160 body=raw open_ms=274.9 page_ms=465.4 to_png_ms=740.3 close_ms=3.1 write_ms=19.4 warnings=0
1791111424426 VERIFY n=170 dims=Some((3840, 2160)) expect=3840x2160 own_files=2 PASS
1791111424601 BROWSER-EXIT n=170 pid=8240 after_return_ms=175.1
1791111425426 PREV-BROWSER n=171 prev_n=170 pid=8240 alive=false
1791111425426 RENDER-START n=171
1791111426199 RENDER-OK n=171 id=171 browser_pid=Some(72212) slot=A path=%TEMP%\fc-repro-leak-20261004-185203\localappdata\tw.fintools.fc-host\wallpaper\m-7ebe8f017cddc2d6-a.png wh=3840x2160 body=raw open_ms=269.4 page_ms=488.2 to_png_ms=757.6 close_ms=3.8 write_ms=11.4 warnings=0
1791111426199 VERIFY n=171 dims=Some((3840, 2160)) expect=3840x2160 own_files=2 PASS
1791111426380 BROWSER-EXIT n=171 pid=72212 after_return_ms=180.7
1791111427199 PREV-BROWSER n=172 prev_n=171 pid=72212 alive=false
1791111427199 RENDER-START n=172
1791111427979 RENDER-OK n=172 id=172 browser_pid=Some(90232) slot=B path=%TEMP%\fc-repro-leak-20261004-185203\localappdata\tw.fintools.fc-host\wallpaper\m-7ebe8f017cddc2d6-b.png wh=3840x2160 body=raw open_ms=278.0 page_ms=478.7 to_png_ms=756.7 close_ms=4.0 write_ms=18.5 warnings=0
1791111427979 VERIFY n=172 dims=Some((3840, 2160)) expect=3840x2160 own_files=2 PASS
1791111428155 BROWSER-EXIT n=172 pid=90232 after_return_ms=175.6
1791111428979 PREV-BROWSER n=173 prev_n=172 pid=90232 alive=false
1791111428979 RENDER-START n=173
1791111429792 RENDER-OK n=173 id=173 browser_pid=Some(64436) slot=A path=%TEMP%\fc-repro-leak-20261004-185203\localappdata\tw.fintools.fc-host\wallpaper\m-7ebe8f017cddc2d6-a.png wh=3840x2160 body=raw open_ms=298.8 page_ms=487.9 to_png_ms=786.7 close_ms=3.6 write_ms=21.4 warnings=0
1791111429792 VERIFY n=173 dims=Some((3840, 2160)) expect=3840x2160 own_files=2 PASS
1791111429966 BROWSER-EXIT n=173 pid=64436 after_return_ms=173.8
1791111430792 PREV-BROWSER n=174 prev_n=173 pid=64436 alive=false
1791111430792 RENDER-START n=174
1791111431559 RENDER-OK n=174 id=174 browser_pid=Some(78500) slot=B path=%TEMP%\fc-repro-leak-20261004-185203\localappdata\tw.fintools.fc-host\wallpaper\m-7ebe8f017cddc2d6-b.png wh=3840x2160 body=raw open_ms=270.1 page_ms=475.1 to_png_ms=745.2 close_ms=3.2 write_ms=17.9 warnings=0
1791111431559 VERIFY n=174 dims=Some((3840, 2160)) expect=3840x2160 own_files=2 PASS
1791111431739 BROWSER-EXIT n=174 pid=78500 after_return_ms=180.0
1791111432560 PREV-BROWSER n=175 prev_n=174 pid=78500 alive=false
1791111432560 RENDER-START n=175
1791111433372 RENDER-OK n=175 id=175 browser_pid=Some(49884) slot=A path=%TEMP%\fc-repro-leak-20261004-185203\localappdata\tw.fintools.fc-host\wallpaper\m-7ebe8f017cddc2d6-a.png wh=3840x2160 body=raw open_ms=303.9 page_ms=483.9 to_png_ms=787.8 close_ms=4.0 write_ms=19.5 warnings=0
1791111433372 VERIFY n=175 dims=Some((3840, 2160)) expect=3840x2160 own_files=2 PASS
1791111433544 BROWSER-EXIT n=175 pid=49884 after_return_ms=172.2
1791111434372 PREV-BROWSER n=176 prev_n=175 pid=49884 alive=false
1791111434372 RENDER-START n=176
1791111435224 RENDER-OK n=176 id=176 browser_pid=Some(110708) slot=B path=%TEMP%\fc-repro-leak-20261004-185203\localappdata\tw.fintools.fc-host\wallpaper\m-7ebe8f017cddc2d6-b.png wh=3840x2160 body=raw open_ms=334.1 page_ms=494.7 to_png_ms=828.8 close_ms=4.7 write_ms=17.8 warnings=0
1791111435224 VERIFY n=176 dims=Some((3840, 2160)) expect=3840x2160 own_files=2 PASS
1791111435410 BROWSER-EXIT n=176 pid=110708 after_return_ms=186.0
1791111436224 PREV-BROWSER n=177 prev_n=176 pid=110708 alive=false
1791111436224 RENDER-START n=177
1791111437084 RENDER-OK n=177 id=177 browser_pid=Some(110320) slot=A path=%TEMP%\fc-repro-leak-20261004-185203\localappdata\tw.fintools.fc-host\wallpaper\m-7ebe8f017cddc2d6-a.png wh=3840x2160 body=raw open_ms=302.6 page_ms=539.4 to_png_ms=842.1 close_ms=4.2 write_ms=13.1 warnings=0
1791111437084 VERIFY n=177 dims=Some((3840, 2160)) expect=3840x2160 own_files=2 PASS
1791111437282 BROWSER-EXIT n=177 pid=110320 after_return_ms=197.6
1791111438084 PREV-BROWSER n=178 prev_n=177 pid=110320 alive=false
1791111438084 RENDER-START n=178
1791111438832 RENDER-OK n=178 id=178 browser_pid=Some(96088) slot=B path=%TEMP%\fc-repro-leak-20261004-185203\localappdata\tw.fintools.fc-host\wallpaper\m-7ebe8f017cddc2d6-b.png wh=3840x2160 body=raw open_ms=278.1 page_ms=449.9 to_png_ms=728.0 close_ms=3.8 write_ms=15.4 warnings=0
1791111438832 VERIFY n=178 dims=Some((3840, 2160)) expect=3840x2160 own_files=2 PASS
1791111439014 BROWSER-EXIT n=178 pid=96088 after_return_ms=181.9
1791111439832 PREV-BROWSER n=179 prev_n=178 pid=96088 alive=false
1791111439832 RENDER-START n=179
1791111440625 RENDER-OK n=179 id=179 browser_pid=Some(66832) slot=A path=%TEMP%\fc-repro-leak-20261004-185203\localappdata\tw.fintools.fc-host\wallpaper\m-7ebe8f017cddc2d6-a.png wh=3840x2160 body=raw open_ms=330.3 page_ms=440.7 to_png_ms=771.1 close_ms=3.3 write_ms=18.2 warnings=0
1791111440625 VERIFY n=179 dims=Some((3840, 2160)) expect=3840x2160 own_files=2 PASS
1791111440803 BROWSER-EXIT n=179 pid=66832 after_return_ms=178.4
1791111441625 PREV-BROWSER n=180 prev_n=179 pid=66832 alive=false
1791111441625 RENDER-START n=180
1791111442374 RENDER-OK n=180 id=180 browser_pid=Some(11412) slot=B path=%TEMP%\fc-repro-leak-20261004-185203\localappdata\tw.fintools.fc-host\wallpaper\m-7ebe8f017cddc2d6-b.png wh=3840x2160 body=raw open_ms=280.4 page_ms=446.2 to_png_ms=726.5 close_ms=3.6 write_ms=18.5 warnings=0
1791111442374 VERIFY n=180 dims=Some((3840, 2160)) expect=3840x2160 own_files=2 PASS
1791111442548 BROWSER-EXIT n=180 pid=11412 after_return_ms=174.1
1791111443374 PREV-BROWSER n=181 prev_n=180 pid=11412 alive=false
1791111443374 RENDER-START n=181
1791111444098 RENDER-OK n=181 id=181 browser_pid=Some(89192) slot=A path=%TEMP%\fc-repro-leak-20261004-185203\localappdata\tw.fintools.fc-host\wallpaper\m-7ebe8f017cddc2d6-a.png wh=3840x2160 body=raw open_ms=265.1 page_ms=436.0 to_png_ms=701.1 close_ms=3.6 write_ms=18.5 warnings=0
1791111444098 VERIFY n=181 dims=Some((3840, 2160)) expect=3840x2160 own_files=2 PASS
1791111444280 BROWSER-EXIT n=181 pid=89192 after_return_ms=182.3
1791111445098 PREV-BROWSER n=182 prev_n=181 pid=89192 alive=false
1791111445098 RENDER-START n=182
1791111445827 RENDER-OK n=182 id=182 browser_pid=Some(88804) slot=B path=%TEMP%\fc-repro-leak-20261004-185203\localappdata\tw.fintools.fc-host\wallpaper\m-7ebe8f017cddc2d6-b.png wh=3840x2160 body=raw open_ms=288.0 page_ms=428.0 to_png_ms=716.0 close_ms=3.3 write_ms=8.8 warnings=0
1791111445827 VERIFY n=182 dims=Some((3840, 2160)) expect=3840x2160 own_files=2 PASS
1791111446014 BROWSER-EXIT n=182 pid=88804 after_return_ms=187.4
1791111446827 PREV-BROWSER n=183 prev_n=182 pid=88804 alive=false
1791111446827 RENDER-START n=183
1791111447552 RENDER-OK n=183 id=183 browser_pid=Some(78004) slot=A path=%TEMP%\fc-repro-leak-20261004-185203\localappdata\tw.fintools.fc-host\wallpaper\m-7ebe8f017cddc2d6-a.png wh=3840x2160 body=raw open_ms=262.2 page_ms=442.2 to_png_ms=704.4 close_ms=3.2 write_ms=17.1 warnings=0
1791111447552 VERIFY n=183 dims=Some((3840, 2160)) expect=3840x2160 own_files=2 PASS
1791111447730 BROWSER-EXIT n=183 pid=78004 after_return_ms=177.5
1791111448552 PREV-BROWSER n=184 prev_n=183 pid=78004 alive=false
1791111448552 RENDER-START n=184
1791111449259 RENDER-OK n=184 id=184 browser_pid=Some(30392) slot=B path=%TEMP%\fc-repro-leak-20261004-185203\localappdata\tw.fintools.fc-host\wallpaper\m-7ebe8f017cddc2d6-b.png wh=3840x2160 body=raw open_ms=251.6 page_ms=441.4 to_png_ms=693.0 close_ms=3.4 write_ms=9.8 warnings=0
1791111449259 VERIFY n=184 dims=Some((3840, 2160)) expect=3840x2160 own_files=2 PASS
1791111449445 BROWSER-EXIT n=184 pid=30392 after_return_ms=186.5
1791111450259 PREV-BROWSER n=185 prev_n=184 pid=30392 alive=false
1791111450259 RENDER-START n=185
1791111450986 RENDER-OK n=185 id=185 browser_pid=Some(32288) slot=A path=%TEMP%\fc-repro-leak-20261004-185203\localappdata\tw.fintools.fc-host\wallpaper\m-7ebe8f017cddc2d6-a.png wh=3840x2160 body=raw open_ms=269.0 page_ms=437.0 to_png_ms=706.0 close_ms=3.2 write_ms=17.5 warnings=0
1791111450986 VERIFY n=185 dims=Some((3840, 2160)) expect=3840x2160 own_files=2 PASS
1791111451165 BROWSER-EXIT n=185 pid=32288 after_return_ms=178.6
1791111451986 PREV-BROWSER n=186 prev_n=185 pid=32288 alive=false
1791111451986 RENDER-START n=186
1791111452700 RENDER-OK n=186 id=186 browser_pid=Some(107128) slot=B path=%TEMP%\fc-repro-leak-20261004-185203\localappdata\tw.fintools.fc-host\wallpaper\m-7ebe8f017cddc2d6-b.png wh=3840x2160 body=raw open_ms=258.4 page_ms=434.1 to_png_ms=692.5 close_ms=3.2 write_ms=17.5 warnings=0
1791111452700 VERIFY n=186 dims=Some((3840, 2160)) expect=3840x2160 own_files=2 PASS
1791111452882 BROWSER-EXIT n=186 pid=107128 after_return_ms=182.1
1791111453700 PREV-BROWSER n=187 prev_n=186 pid=107128 alive=false
1791111453700 RENDER-START n=187
1791111454526 RENDER-OK n=187 id=187 browser_pid=Some(48100) slot=A path=%TEMP%\fc-repro-leak-20261004-185203\localappdata\tw.fintools.fc-host\wallpaper\m-7ebe8f017cddc2d6-a.png wh=3840x2160 body=raw open_ms=340.5 page_ms=470.0 to_png_ms=810.5 close_ms=3.2 write_ms=11.5 warnings=0
1791111454526 VERIFY n=187 dims=Some((3840, 2160)) expect=3840x2160 own_files=2 PASS
1791111454716 BROWSER-EXIT n=187 pid=48100 after_return_ms=190.7
1791111455526 PREV-BROWSER n=188 prev_n=187 pid=48100 alive=false
1791111455526 RENDER-START n=188
1791111456265 RENDER-OK n=188 id=188 browser_pid=Some(110192) slot=B path=%TEMP%\fc-repro-leak-20261004-185203\localappdata\tw.fintools.fc-host\wallpaper\m-7ebe8f017cddc2d6-b.png wh=3840x2160 body=raw open_ms=274.7 page_ms=445.9 to_png_ms=720.7 close_ms=4.4 write_ms=13.6 warnings=0
1791111456265 VERIFY n=188 dims=Some((3840, 2160)) expect=3840x2160 own_files=2 PASS
1791111456449 BROWSER-EXIT n=188 pid=110192 after_return_ms=183.3
1791111457266 PREV-BROWSER n=189 prev_n=188 pid=110192 alive=false
1791111457266 RENDER-START n=189
1791111457993 RENDER-OK n=189 id=189 browser_pid=Some(95332) slot=A path=%TEMP%\fc-repro-leak-20261004-185203\localappdata\tw.fintools.fc-host\wallpaper\m-7ebe8f017cddc2d6-a.png wh=3840x2160 body=raw open_ms=264.7 page_ms=442.4 to_png_ms=707.1 close_ms=3.5 write_ms=16.9 warnings=0
1791111457994 VERIFY n=189 dims=Some((3840, 2160)) expect=3840x2160 own_files=2 PASS
1791111458173 BROWSER-EXIT n=189 pid=95332 after_return_ms=180.1
1791111458994 PREV-BROWSER n=190 prev_n=189 pid=95332 alive=false
1791111458994 RENDER-START n=190
1791111459754 RENDER-OK n=190 id=190 browser_pid=Some(50136) slot=B path=%TEMP%\fc-repro-leak-20261004-185203\localappdata\tw.fintools.fc-host\wallpaper\m-7ebe8f017cddc2d6-b.png wh=3840x2160 body=raw open_ms=288.7 page_ms=455.9 to_png_ms=744.6 close_ms=3.6 write_ms=11.8 warnings=0
1791111459755 VERIFY n=190 dims=Some((3840, 2160)) expect=3840x2160 own_files=2 PASS
1791111459939 BROWSER-EXIT n=190 pid=50136 after_return_ms=184.5
1791111460755 PREV-BROWSER n=191 prev_n=190 pid=50136 alive=false
1791111460755 RENDER-START n=191
1791111461493 RENDER-OK n=191 id=191 browser_pid=Some(110804) slot=A path=%TEMP%\fc-repro-leak-20261004-185203\localappdata\tw.fintools.fc-host\wallpaper\m-7ebe8f017cddc2d6-a.png wh=3840x2160 body=raw open_ms=261.0 page_ms=455.2 to_png_ms=716.2 close_ms=3.4 write_ms=18.1 warnings=0
1791111461493 VERIFY n=191 dims=Some((3840, 2160)) expect=3840x2160 own_files=2 PASS
1791111461669 BROWSER-EXIT n=191 pid=110804 after_return_ms=176.6
1791111462493 PREV-BROWSER n=192 prev_n=191 pid=110804 alive=false
1791111462493 RENDER-START n=192
1791111463229 RENDER-OK n=192 id=192 browser_pid=Some(92068) slot=B path=%TEMP%\fc-repro-leak-20261004-185203\localappdata\tw.fintools.fc-host\wallpaper\m-7ebe8f017cddc2d6-b.png wh=3840x2160 body=raw open_ms=254.9 page_ms=460.6 to_png_ms=715.5 close_ms=3.2 write_ms=16.8 warnings=0
1791111463229 VERIFY n=192 dims=Some((3840, 2160)) expect=3840x2160 own_files=2 PASS
1791111463404 BROWSER-EXIT n=192 pid=92068 after_return_ms=175.1
1791111464229 PREV-BROWSER n=193 prev_n=192 pid=92068 alive=false
1791111464229 RENDER-START n=193
1791111464970 RENDER-OK n=193 id=193 browser_pid=Some(89280) slot=A path=%TEMP%\fc-repro-leak-20261004-185203\localappdata\tw.fintools.fc-host\wallpaper\m-7ebe8f017cddc2d6-a.png wh=3840x2160 body=raw open_ms=260.9 page_ms=458.2 to_png_ms=719.1 close_ms=3.5 write_ms=17.9 warnings=0
1791111464970 VERIFY n=193 dims=Some((3840, 2160)) expect=3840x2160 own_files=2 PASS
1791111465146 BROWSER-EXIT n=193 pid=89280 after_return_ms=176.3
1791111465970 PREV-BROWSER n=194 prev_n=193 pid=89280 alive=false
1791111465970 RENDER-START n=194
1791111466699 RENDER-OK n=194 id=194 browser_pid=Some(67192) slot=B path=%TEMP%\fc-repro-leak-20261004-185203\localappdata\tw.fintools.fc-host\wallpaper\m-7ebe8f017cddc2d6-b.png wh=3840x2160 body=raw open_ms=261.3 page_ms=447.6 to_png_ms=708.9 close_ms=3.4 write_ms=16.5 warnings=0
1791111466700 VERIFY n=194 dims=Some((3840, 2160)) expect=3840x2160 own_files=2 PASS
1791111466881 BROWSER-EXIT n=194 pid=67192 after_return_ms=182.0
1791111467700 PREV-BROWSER n=195 prev_n=194 pid=67192 alive=false
1791111467700 RENDER-START n=195
1791111468422 RENDER-OK n=195 id=195 browser_pid=Some(105648) slot=A path=%TEMP%\fc-repro-leak-20261004-185203\localappdata\tw.fintools.fc-host\wallpaper\m-7ebe8f017cddc2d6-a.png wh=3840x2160 body=raw open_ms=251.6 page_ms=448.8 to_png_ms=700.4 close_ms=3.6 write_ms=17.7 warnings=0
1791111468422 VERIFY n=195 dims=Some((3840, 2160)) expect=3840x2160 own_files=2 PASS
1791111468597 BROWSER-EXIT n=195 pid=105648 after_return_ms=175.3
1791111469422 PREV-BROWSER n=196 prev_n=195 pid=105648 alive=false
1791111469422 RENDER-START n=196
1791111470170 RENDER-OK n=196 id=196 browser_pid=Some(111364) slot=B path=%TEMP%\fc-repro-leak-20261004-185203\localappdata\tw.fintools.fc-host\wallpaper\m-7ebe8f017cddc2d6-b.png wh=3840x2160 body=raw open_ms=266.4 page_ms=458.4 to_png_ms=724.8 close_ms=3.4 write_ms=19.8 warnings=0
1791111470170 VERIFY n=196 dims=Some((3840, 2160)) expect=3840x2160 own_files=2 PASS
1791111470342 BROWSER-EXIT n=196 pid=111364 after_return_ms=171.5
1791111471170 PREV-BROWSER n=197 prev_n=196 pid=111364 alive=false
1791111471170 RENDER-START n=197
1791111471892 RENDER-OK n=197 id=197 browser_pid=Some(106816) slot=A path=%TEMP%\fc-repro-leak-20261004-185203\localappdata\tw.fintools.fc-host\wallpaper\m-7ebe8f017cddc2d6-a.png wh=3840x2160 body=raw open_ms=259.6 page_ms=447.1 to_png_ms=706.6 close_ms=3.6 write_ms=11.2 warnings=0
1791111471892 VERIFY n=197 dims=Some((3840, 2160)) expect=3840x2160 own_files=2 PASS
1791111472076 BROWSER-EXIT n=197 pid=106816 after_return_ms=184.3
1791111472892 PREV-BROWSER n=198 prev_n=197 pid=106816 alive=false
1791111472892 RENDER-START n=198
1791111473630 RENDER-OK n=198 id=198 browser_pid=Some(11580) slot=B path=%TEMP%\fc-repro-leak-20261004-185203\localappdata\tw.fintools.fc-host\wallpaper\m-7ebe8f017cddc2d6-b.png wh=3840x2160 body=raw open_ms=273.3 page_ms=449.8 to_png_ms=723.2 close_ms=3.4 write_ms=10.6 warnings=0
1791111473630 VERIFY n=198 dims=Some((3840, 2160)) expect=3840x2160 own_files=2 PASS
1791111473811 BROWSER-EXIT n=198 pid=11580 after_return_ms=180.9
1791111474630 PREV-BROWSER n=199 prev_n=198 pid=11580 alive=false
1791111474630 RENDER-START n=199
1791111475419 RENDER-OK n=199 id=199 browser_pid=Some(103808) slot=A path=%TEMP%\fc-repro-leak-20261004-185203\localappdata\tw.fintools.fc-host\wallpaper\m-7ebe8f017cddc2d6-a.png wh=3840x2160 body=raw open_ms=326.8 page_ms=446.8 to_png_ms=773.6 close_ms=3.8 write_ms=11.3 warnings=0
1791111475420 VERIFY n=199 dims=Some((3840, 2160)) expect=3840x2160 own_files=2 PASS
1791111475598 BROWSER-EXIT n=199 pid=103808 after_return_ms=179.1
1791111476419 PREV-BROWSER n=200 prev_n=199 pid=103808 alive=false
1791111476419 RENDER-START n=200
1791111477169 RENDER-OK n=200 id=200 browser_pid=Some(10280) slot=B path=%TEMP%\fc-repro-leak-20261004-185203\localappdata\tw.fintools.fc-host\wallpaper\m-7ebe8f017cddc2d6-b.png wh=3840x2160 body=raw open_ms=274.4 page_ms=449.4 to_png_ms=723.8 close_ms=5.6 write_ms=19.4 warnings=0
1791111477169 VERIFY n=200 dims=Some((3840, 2160)) expect=3840x2160 own_files=2 PASS
1791111477359 BROWSER-EXIT n=200 pid=10280 after_return_ms=190.2
1791111478169 PREV-BROWSER n=201 prev_n=200 pid=10280 alive=false
1791111478169 RENDER-START n=201
1791111478920 RENDER-OK n=201 id=201 browser_pid=Some(111668) slot=A path=%TEMP%\fc-repro-leak-20261004-185203\localappdata\tw.fintools.fc-host\wallpaper\m-7ebe8f017cddc2d6-a.png wh=3840x2160 body=raw open_ms=271.7 page_ms=457.5 to_png_ms=729.1 close_ms=3.7 write_ms=17.6 warnings=0
1791111478920 VERIFY n=201 dims=Some((3840, 2160)) expect=3840x2160 own_files=2 PASS
1791111479100 BROWSER-EXIT n=201 pid=111668 after_return_ms=180.1
1791111479920 PREV-BROWSER n=202 prev_n=201 pid=111668 alive=false
1791111479920 RENDER-START n=202
1791111480668 RENDER-OK n=202 id=202 browser_pid=Some(46192) slot=B path=%TEMP%\fc-repro-leak-20261004-185203\localappdata\tw.fintools.fc-host\wallpaper\m-7ebe8f017cddc2d6-b.png wh=3840x2160 body=raw open_ms=277.3 page_ms=447.9 to_png_ms=725.2 close_ms=4.2 write_ms=18.5 warnings=0
1791111480669 VERIFY n=202 dims=Some((3840, 2160)) expect=3840x2160 own_files=2 PASS
1791111480852 BROWSER-EXIT n=202 pid=46192 after_return_ms=183.2
1791111481669 PREV-BROWSER n=203 prev_n=202 pid=46192 alive=false
1791111481669 RENDER-START n=203
1791111482414 RENDER-OK n=203 id=203 browser_pid=Some(77444) slot=A path=%TEMP%\fc-repro-leak-20261004-185203\localappdata\tw.fintools.fc-host\wallpaper\m-7ebe8f017cddc2d6-a.png wh=3840x2160 body=raw open_ms=267.1 page_ms=456.3 to_png_ms=723.3 close_ms=3.5 write_ms=17.5 warnings=0
1791111482414 VERIFY n=203 dims=Some((3840, 2160)) expect=3840x2160 own_files=2 PASS
1791111482592 BROWSER-EXIT n=203 pid=77444 after_return_ms=178.1
1791111483414 PREV-BROWSER n=204 prev_n=203 pid=77444 alive=false
1791111483414 RENDER-START n=204
1791111484141 RENDER-OK n=204 id=204 browser_pid=Some(98736) slot=B path=%TEMP%\fc-repro-leak-20261004-185203\localappdata\tw.fintools.fc-host\wallpaper\m-7ebe8f017cddc2d6-b.png wh=3840x2160 body=raw open_ms=269.0 page_ms=442.7 to_png_ms=711.8 close_ms=3.2 write_ms=11.3 warnings=0
1791111484141 VERIFY n=204 dims=Some((3840, 2160)) expect=3840x2160 own_files=2 PASS
1791111484332 BROWSER-EXIT n=204 pid=98736 after_return_ms=190.9
1791111485141 PREV-BROWSER n=205 prev_n=204 pid=98736 alive=false
1791111485141 RENDER-START n=205
1791111485857 RENDER-OK n=205 id=205 browser_pid=Some(103388) slot=A path=%TEMP%\fc-repro-leak-20261004-185203\localappdata\tw.fintools.fc-host\wallpaper\m-7ebe8f017cddc2d6-a.png wh=3840x2160 body=raw open_ms=259.2 page_ms=438.8 to_png_ms=698.0 close_ms=3.5 write_ms=14.0 warnings=0
1791111485857 VERIFY n=205 dims=Some((3840, 2160)) expect=3840x2160 own_files=2 PASS
1791111486045 BROWSER-EXIT n=205 pid=103388 after_return_ms=187.8
1791111486857 PREV-BROWSER n=206 prev_n=205 pid=103388 alive=false
1791111486857 RENDER-START n=206
1791111487602 RENDER-OK n=206 id=206 browser_pid=Some(104240) slot=B path=%TEMP%\fc-repro-leak-20261004-185203\localappdata\tw.fintools.fc-host\wallpaper\m-7ebe8f017cddc2d6-b.png wh=3840x2160 body=raw open_ms=268.6 page_ms=453.9 to_png_ms=722.5 close_ms=3.4 write_ms=18.4 warnings=0
1791111487602 VERIFY n=206 dims=Some((3840, 2160)) expect=3840x2160 own_files=2 PASS
1791111487783 BROWSER-EXIT n=206 pid=104240 after_return_ms=180.6
1791111488602 PREV-BROWSER n=207 prev_n=206 pid=104240 alive=false
1791111488603 RENDER-START n=207
1791111489320 RENDER-OK n=207 id=207 browser_pid=Some(106216) slot=A path=%TEMP%\fc-repro-leak-20261004-185203\localappdata\tw.fintools.fc-host\wallpaper\m-7ebe8f017cddc2d6-a.png wh=3840x2160 body=raw open_ms=253.8 page_ms=441.3 to_png_ms=695.0 close_ms=3.5 write_ms=18.9 warnings=0
1791111489320 VERIFY n=207 dims=Some((3840, 2160)) expect=3840x2160 own_files=2 PASS
1791111489496 BROWSER-EXIT n=207 pid=106216 after_return_ms=175.3
1791111490320 PREV-BROWSER n=208 prev_n=207 pid=106216 alive=false
1791111490320 RENDER-START n=208
1791111491050 RENDER-OK n=208 id=208 browser_pid=Some(54212) slot=B path=%TEMP%\fc-repro-leak-20261004-185203\localappdata\tw.fintools.fc-host\wallpaper\m-7ebe8f017cddc2d6-b.png wh=3840x2160 body=raw open_ms=256.8 page_ms=451.4 to_png_ms=708.2 close_ms=3.3 write_ms=17.9 warnings=0
1791111491050 VERIFY n=208 dims=Some((3840, 2160)) expect=3840x2160 own_files=2 PASS
1791111491229 BROWSER-EXIT n=208 pid=54212 after_return_ms=178.9
1791111492050 PREV-BROWSER n=209 prev_n=208 pid=54212 alive=false
1791111492050 RENDER-START n=209
1791111492784 RENDER-OK n=209 id=209 browser_pid=Some(110356) slot=A path=%TEMP%\fc-repro-leak-20261004-185203\localappdata\tw.fintools.fc-host\wallpaper\m-7ebe8f017cddc2d6-a.png wh=3840x2160 body=raw open_ms=259.0 page_ms=459.3 to_png_ms=718.3 close_ms=4.1 write_ms=10.9 warnings=0
1791111492784 VERIFY n=209 dims=Some((3840, 2160)) expect=3840x2160 own_files=2 PASS
1791111492965 BROWSER-EXIT n=209 pid=110356 after_return_ms=180.8
1791111493784 PREV-BROWSER n=210 prev_n=209 pid=110356 alive=false
1791111493784 RENDER-START n=210
1791111494669 RENDER-OK n=210 id=210 browser_pid=Some(80456) slot=B path=%TEMP%\fc-repro-leak-20261004-185203\localappdata\tw.fintools.fc-host\wallpaper\m-7ebe8f017cddc2d6-b.png wh=3840x2160 body=raw open_ms=398.9 page_ms=463.9 to_png_ms=862.8 close_ms=3.6 write_ms=18.4 warnings=0
1791111494670 VERIFY n=210 dims=Some((3840, 2160)) expect=3840x2160 own_files=2 PASS
1791111494841 BROWSER-EXIT n=210 pid=80456 after_return_ms=171.7
1791111495670 PREV-BROWSER n=211 prev_n=210 pid=80456 alive=false
1791111495670 RENDER-START n=211
1791111496395 RENDER-OK n=211 id=211 browser_pid=Some(106160) slot=A path=%TEMP%\fc-repro-leak-20261004-185203\localappdata\tw.fintools.fc-host\wallpaper\m-7ebe8f017cddc2d6-a.png wh=3840x2160 body=raw open_ms=260.5 page_ms=450.1 to_png_ms=710.6 close_ms=3.8 write_ms=11.1 warnings=0
1791111496396 VERIFY n=211 dims=Some((3840, 2160)) expect=3840x2160 own_files=2 PASS
1791111496577 BROWSER-EXIT n=211 pid=106160 after_return_ms=181.9
1791111497396 PREV-BROWSER n=212 prev_n=211 pid=106160 alive=false
1791111497396 RENDER-START n=212
1791111498141 RENDER-OK n=212 id=212 browser_pid=Some(89788) slot=B path=%TEMP%\fc-repro-leak-20261004-185203\localappdata\tw.fintools.fc-host\wallpaper\m-7ebe8f017cddc2d6-b.png wh=3840x2160 body=raw open_ms=259.4 page_ms=464.9 to_png_ms=724.2 close_ms=3.4 write_ms=17.4 warnings=0
1791111498141 VERIFY n=212 dims=Some((3840, 2160)) expect=3840x2160 own_files=2 PASS
1791111498324 BROWSER-EXIT n=212 pid=89788 after_return_ms=182.6
1791111499141 PREV-BROWSER n=213 prev_n=212 pid=89788 alive=false
1791111499141 RENDER-START n=213
1791111499904 RENDER-OK n=213 id=213 browser_pid=Some(82924) slot=A path=%TEMP%\fc-repro-leak-20261004-185203\localappdata\tw.fintools.fc-host\wallpaper\m-7ebe8f017cddc2d6-a.png wh=3840x2160 body=raw open_ms=281.5 page_ms=461.0 to_png_ms=742.5 close_ms=3.3 write_ms=16.8 warnings=0
1791111499905 VERIFY n=213 dims=Some((3840, 2160)) expect=3840x2160 own_files=2 PASS
1791111500078 BROWSER-EXIT n=213 pid=82924 after_return_ms=173.7
1791111500905 PREV-BROWSER n=214 prev_n=213 pid=82924 alive=false
1791111500905 RENDER-START n=214
1791111501631 RENDER-OK n=214 id=214 browser_pid=Some(100108) slot=B path=%TEMP%\fc-repro-leak-20261004-185203\localappdata\tw.fintools.fc-host\wallpaper\m-7ebe8f017cddc2d6-b.png wh=3840x2160 body=raw open_ms=257.5 page_ms=445.9 to_png_ms=703.4 close_ms=4.4 write_ms=18.4 warnings=0
1791111501631 VERIFY n=214 dims=Some((3840, 2160)) expect=3840x2160 own_files=2 PASS
1791111501811 BROWSER-EXIT n=214 pid=100108 after_return_ms=179.7
1791111502631 PREV-BROWSER n=215 prev_n=214 pid=100108 alive=false
1791111502631 RENDER-START n=215
1791111503361 RENDER-OK n=215 id=215 browser_pid=Some(15896) slot=A path=%TEMP%\fc-repro-leak-20261004-185203\localappdata\tw.fintools.fc-host\wallpaper\m-7ebe8f017cddc2d6-a.png wh=3840x2160 body=raw open_ms=259.9 page_ms=448.3 to_png_ms=708.2 close_ms=3.6 write_ms=17.9 warnings=0
1791111503362 VERIFY n=215 dims=Some((3840, 2160)) expect=3840x2160 own_files=2 PASS
1791111503541 BROWSER-EXIT n=215 pid=15896 after_return_ms=179.6
1791111504361 PREV-BROWSER n=216 prev_n=215 pid=15896 alive=false
1791111504361 RENDER-START n=216
1791111505088 RENDER-OK n=216 id=216 browser_pid=Some(109976) slot=B path=%TEMP%\fc-repro-leak-20261004-185203\localappdata\tw.fintools.fc-host\wallpaper\m-7ebe8f017cddc2d6-b.png wh=3840x2160 body=raw open_ms=257.2 page_ms=451.3 to_png_ms=708.5 close_ms=3.4 write_ms=14.6 warnings=0
1791111505088 VERIFY n=216 dims=Some((3840, 2160)) expect=3840x2160 own_files=2 PASS
1791111505265 BROWSER-EXIT n=216 pid=109976 after_return_ms=176.8
1791111506088 PREV-BROWSER n=217 prev_n=216 pid=109976 alive=false
1791111506089 RENDER-START n=217
1791111506812 RENDER-OK n=217 id=217 browser_pid=Some(41692) slot=A path=%TEMP%\fc-repro-leak-20261004-185203\localappdata\tw.fintools.fc-host\wallpaper\m-7ebe8f017cddc2d6-a.png wh=3840x2160 body=raw open_ms=262.2 page_ms=439.0 to_png_ms=701.2 close_ms=3.7 write_ms=18.1 warnings=0
1791111506812 VERIFY n=217 dims=Some((3840, 2160)) expect=3840x2160 own_files=2 PASS
1791111506977 BROWSER-EXIT n=217 pid=41692 after_return_ms=164.8
1791111507812 PREV-BROWSER n=218 prev_n=217 pid=41692 alive=false
1791111507812 RENDER-START n=218
1791111508526 RENDER-OK n=218 id=218 browser_pid=Some(94684) slot=B path=%TEMP%\fc-repro-leak-20261004-185203\localappdata\tw.fintools.fc-host\wallpaper\m-7ebe8f017cddc2d6-b.png wh=3840x2160 body=raw open_ms=249.9 page_ms=443.8 to_png_ms=693.7 close_ms=3.3 write_ms=17.2 warnings=0
1791111508527 VERIFY n=218 dims=Some((3840, 2160)) expect=3840x2160 own_files=2 PASS
1791111508705 BROWSER-EXIT n=218 pid=94684 after_return_ms=178.7
1791111509527 PREV-BROWSER n=219 prev_n=218 pid=94684 alive=false
1791111509527 RENDER-START n=219
1791111510323 RENDER-OK n=219 id=219 browser_pid=Some(110916) slot=A path=%TEMP%\fc-repro-leak-20261004-185203\localappdata\tw.fintools.fc-host\wallpaper\m-7ebe8f017cddc2d6-a.png wh=3840x2160 body=raw open_ms=330.6 page_ms=443.6 to_png_ms=774.2 close_ms=3.5 write_ms=18.0 warnings=0
1791111510323 VERIFY n=219 dims=Some((3840, 2160)) expect=3840x2160 own_files=2 PASS
1791111510495 BROWSER-EXIT n=219 pid=110916 after_return_ms=172.3
1791111511323 PREV-BROWSER n=220 prev_n=219 pid=110916 alive=false
1791111511323 RENDER-START n=220
1791111512042 RENDER-OK n=220 id=220 browser_pid=Some(79768) slot=B path=%TEMP%\fc-repro-leak-20261004-185203\localappdata\tw.fintools.fc-host\wallpaper\m-7ebe8f017cddc2d6-b.png wh=3840x2160 body=raw open_ms=254.6 page_ms=443.6 to_png_ms=698.2 close_ms=3.1 write_ms=17.1 warnings=0
1791111512042 VERIFY n=220 dims=Some((3840, 2160)) expect=3840x2160 own_files=2 PASS
1791111512216 BROWSER-EXIT n=220 pid=79768 after_return_ms=174.0
1791111513042 PREV-BROWSER n=221 prev_n=220 pid=79768 alive=false
1791111513042 RENDER-START n=221
1791111513779 RENDER-OK n=221 id=221 browser_pid=Some(108268) slot=A path=%TEMP%\fc-repro-leak-20261004-185203\localappdata\tw.fintools.fc-host\wallpaper\m-7ebe8f017cddc2d6-a.png wh=3840x2160 body=raw open_ms=261.2 page_ms=452.5 to_png_ms=713.7 close_ms=3.5 write_ms=19.7 warnings=0
1791111513780 VERIFY n=221 dims=Some((3840, 2160)) expect=3840x2160 own_files=2 PASS
1791111513950 BROWSER-EXIT n=221 pid=108268 after_return_ms=171.1
1791111514780 PREV-BROWSER n=222 prev_n=221 pid=108268 alive=false
1791111514780 RENDER-START n=222
1791111515587 RENDER-OK n=222 id=222 browser_pid=Some(109580) slot=B path=%TEMP%\fc-repro-leak-20261004-185203\localappdata\tw.fintools.fc-host\wallpaper\m-7ebe8f017cddc2d6-b.png wh=3840x2160 body=raw open_ms=326.1 page_ms=460.4 to_png_ms=786.5 close_ms=3.3 write_ms=16.7 warnings=0
1791111515587 VERIFY n=222 dims=Some((3840, 2160)) expect=3840x2160 own_files=2 PASS
1791111515761 BROWSER-EXIT n=222 pid=109580 after_return_ms=174.2
1791111516587 PREV-BROWSER n=223 prev_n=222 pid=109580 alive=false
1791111516587 RENDER-START n=223
1791111517316 RENDER-OK n=223 id=223 browser_pid=Some(110588) slot=A path=%TEMP%\fc-repro-leak-20261004-185203\localappdata\tw.fintools.fc-host\wallpaper\m-7ebe8f017cddc2d6-a.png wh=3840x2160 body=raw open_ms=255.0 page_ms=450.7 to_png_ms=705.7 close_ms=3.4 write_ms=19.4 warnings=0
1791111517316 VERIFY n=223 dims=Some((3840, 2160)) expect=3840x2160 own_files=2 PASS
1791111517488 BROWSER-EXIT n=223 pid=110588 after_return_ms=172.4
1791111518316 PREV-BROWSER n=224 prev_n=223 pid=110588 alive=false
1791111518316 RENDER-START n=224
1791111519028 RENDER-OK n=224 id=224 browser_pid=Some(30852) slot=B path=%TEMP%\fc-repro-leak-20261004-185203\localappdata\tw.fintools.fc-host\wallpaper\m-7ebe8f017cddc2d6-b.png wh=3840x2160 body=raw open_ms=251.0 page_ms=439.0 to_png_ms=690.0 close_ms=3.4 write_ms=18.0 warnings=0
1791111519028 VERIFY n=224 dims=Some((3840, 2160)) expect=3840x2160 own_files=2 PASS
1791111519204 BROWSER-EXIT n=224 pid=30852 after_return_ms=175.7
1791111520028 PREV-BROWSER n=225 prev_n=224 pid=30852 alive=false
1791111520028 RENDER-START n=225
1791111520751 RENDER-OK n=225 id=225 browser_pid=Some(1496) slot=A path=%TEMP%\fc-repro-leak-20261004-185203\localappdata\tw.fintools.fc-host\wallpaper\m-7ebe8f017cddc2d6-a.png wh=3840x2160 body=raw open_ms=256.5 page_ms=444.4 to_png_ms=700.9 close_ms=3.8 write_ms=17.9 warnings=0
1791111520751 VERIFY n=225 dims=Some((3840, 2160)) expect=3840x2160 own_files=2 PASS
1791111520935 BROWSER-EXIT n=225 pid=1496 after_return_ms=183.6
1791111521751 PREV-BROWSER n=226 prev_n=225 pid=1496 alive=false
1791111521751 RENDER-START n=226
1791111522477 RENDER-OK n=226 id=226 browser_pid=Some(104768) slot=B path=%TEMP%\fc-repro-leak-20261004-185203\localappdata\tw.fintools.fc-host\wallpaper\m-7ebe8f017cddc2d6-b.png wh=3840x2160 body=raw open_ms=255.5 page_ms=449.2 to_png_ms=704.7 close_ms=3.5 write_ms=17.4 warnings=0
1791111522477 VERIFY n=226 dims=Some((3840, 2160)) expect=3840x2160 own_files=2 PASS
1791111522654 BROWSER-EXIT n=226 pid=104768 after_return_ms=177.1
1791111523477 PREV-BROWSER n=227 prev_n=226 pid=104768 alive=false
1791111523477 RENDER-START n=227
1791111524211 RENDER-OK n=227 id=227 browser_pid=Some(50184) slot=A path=%TEMP%\fc-repro-leak-20261004-185203\localappdata\tw.fintools.fc-host\wallpaper\m-7ebe8f017cddc2d6-a.png wh=3840x2160 body=raw open_ms=254.5 page_ms=456.6 to_png_ms=711.2 close_ms=4.1 write_ms=17.8 warnings=0
1791111524211 VERIFY n=227 dims=Some((3840, 2160)) expect=3840x2160 own_files=2 PASS
1791111524382 BROWSER-EXIT n=227 pid=50184 after_return_ms=170.9
1791111525211 PREV-BROWSER n=228 prev_n=227 pid=50184 alive=false
1791111525211 RENDER-START n=228
1791111525950 RENDER-OK n=228 id=228 browser_pid=Some(112500) slot=B path=%TEMP%\fc-repro-leak-20261004-185203\localappdata\tw.fintools.fc-host\wallpaper\m-7ebe8f017cddc2d6-b.png wh=3840x2160 body=raw open_ms=252.4 page_ms=464.8 to_png_ms=717.2 close_ms=3.2 write_ms=18.3 warnings=0
1791111525950 VERIFY n=228 dims=Some((3840, 2160)) expect=3840x2160 own_files=2 PASS
1791111526131 BROWSER-EXIT n=228 pid=112500 after_return_ms=180.4
1791111526951 PREV-BROWSER n=229 prev_n=228 pid=112500 alive=false
1791111526951 RENDER-START n=229
1791111527671 RENDER-OK n=229 id=229 browser_pid=Some(90656) slot=A path=%TEMP%\fc-repro-leak-20261004-185203\localappdata\tw.fintools.fc-host\wallpaper\m-7ebe8f017cddc2d6-a.png wh=3840x2160 body=raw open_ms=259.1 page_ms=440.4 to_png_ms=699.4 close_ms=3.5 write_ms=17.3 warnings=0
1791111527672 VERIFY n=229 dims=Some((3840, 2160)) expect=3840x2160 own_files=2 PASS
1791111527851 BROWSER-EXIT n=229 pid=90656 after_return_ms=179.6
1791111528672 PREV-BROWSER n=230 prev_n=229 pid=90656 alive=false
1791111528672 RENDER-START n=230
1791111529408 RENDER-OK n=230 id=230 browser_pid=Some(102116) slot=B path=%TEMP%\fc-repro-leak-20261004-185203\localappdata\tw.fintools.fc-host\wallpaper\m-7ebe8f017cddc2d6-b.png wh=3840x2160 body=raw open_ms=251.6 page_ms=465.4 to_png_ms=717.0 close_ms=3.5 write_ms=15.4 warnings=0
1791111529408 VERIFY n=230 dims=Some((3840, 2160)) expect=3840x2160 own_files=2 PASS
1791111529583 BROWSER-EXIT n=230 pid=102116 after_return_ms=175.0
1791111530408 PREV-BROWSER n=231 prev_n=230 pid=102116 alive=false
1791111530408 RENDER-START n=231
1791111531137 RENDER-OK n=231 id=231 browser_pid=Some(32884) slot=A path=%TEMP%\fc-repro-leak-20261004-185203\localappdata\tw.fintools.fc-host\wallpaper\m-7ebe8f017cddc2d6-a.png wh=3840x2160 body=raw open_ms=251.9 page_ms=454.8 to_png_ms=706.7 close_ms=3.4 write_ms=18.0 warnings=0
1791111531137 VERIFY n=231 dims=Some((3840, 2160)) expect=3840x2160 own_files=2 PASS
1791111531317 BROWSER-EXIT n=231 pid=32884 after_return_ms=180.7
1791111532137 PREV-BROWSER n=232 prev_n=231 pid=32884 alive=false
1791111532137 RENDER-START n=232
1791111532943 RENDER-OK n=232 id=232 browser_pid=Some(75348) slot=B path=%TEMP%\fc-repro-leak-20261004-185203\localappdata\tw.fintools.fc-host\wallpaper\m-7ebe8f017cddc2d6-b.png wh=3840x2160 body=raw open_ms=322.5 page_ms=462.5 to_png_ms=785.0 close_ms=3.4 write_ms=17.6 warnings=0
1791111532943 VERIFY n=232 dims=Some((3840, 2160)) expect=3840x2160 own_files=2 PASS
1791111533112 BROWSER-EXIT n=232 pid=75348 after_return_ms=168.6
1791111533943 PREV-BROWSER n=233 prev_n=232 pid=75348 alive=false
1791111533943 RENDER-START n=233
1791111534669 RENDER-OK n=233 id=233 browser_pid=Some(23636) slot=A path=%TEMP%\fc-repro-leak-20261004-185203\localappdata\tw.fintools.fc-host\wallpaper\m-7ebe8f017cddc2d6-a.png wh=3840x2160 body=raw open_ms=252.0 page_ms=460.0 to_png_ms=712.0 close_ms=3.6 write_ms=9.9 warnings=0
1791111534669 VERIFY n=233 dims=Some((3840, 2160)) expect=3840x2160 own_files=2 PASS
1791111534850 BROWSER-EXIT n=233 pid=23636 after_return_ms=180.3
1791111535670 PREV-BROWSER n=234 prev_n=233 pid=23636 alive=false
1791111535670 RENDER-START n=234
1791111536400 RENDER-OK n=234 id=234 browser_pid=Some(105432) slot=B path=%TEMP%\fc-repro-leak-20261004-185203\localappdata\tw.fintools.fc-host\wallpaper\m-7ebe8f017cddc2d6-b.png wh=3840x2160 body=raw open_ms=269.7 page_ms=446.8 to_png_ms=716.5 close_ms=3.3 write_ms=10.6 warnings=0
1791111536401 VERIFY n=234 dims=Some((3840, 2160)) expect=3840x2160 own_files=2 PASS
1791111536585 BROWSER-EXIT n=234 pid=105432 after_return_ms=185.0
1791111537401 PREV-BROWSER n=235 prev_n=234 pid=105432 alive=false
1791111537401 RENDER-START n=235
1791111538127 RENDER-OK n=235 id=235 browser_pid=Some(112208) slot=A path=%TEMP%\fc-repro-leak-20261004-185203\localappdata\tw.fintools.fc-host\wallpaper\m-7ebe8f017cddc2d6-a.png wh=3840x2160 body=raw open_ms=259.3 page_ms=445.3 to_png_ms=704.6 close_ms=3.6 write_ms=17.5 warnings=0
1791111538127 VERIFY n=235 dims=Some((3840, 2160)) expect=3840x2160 own_files=2 PASS
1791111538300 BROWSER-EXIT n=235 pid=112208 after_return_ms=173.8
1791111539127 PREV-BROWSER n=236 prev_n=235 pid=112208 alive=false
1791111539127 RENDER-START n=236
1791111539857 RENDER-OK n=236 id=236 browser_pid=Some(74936) slot=B path=%TEMP%\fc-repro-leak-20261004-185203\localappdata\tw.fintools.fc-host\wallpaper\m-7ebe8f017cddc2d6-b.png wh=3840x2160 body=raw open_ms=256.8 page_ms=452.0 to_png_ms=708.8 close_ms=3.2 write_ms=17.4 warnings=0
1791111539857 VERIFY n=236 dims=Some((3840, 2160)) expect=3840x2160 own_files=2 PASS
1791111540030 BROWSER-EXIT n=236 pid=74936 after_return_ms=173.7
1791111540857 PREV-BROWSER n=237 prev_n=236 pid=74936 alive=false
1791111540857 RENDER-START n=237
1791111541648 RENDER-OK n=237 id=237 browser_pid=Some(52804) slot=A path=%TEMP%\fc-repro-leak-20261004-185203\localappdata\tw.fintools.fc-host\wallpaper\m-7ebe8f017cddc2d6-a.png wh=3840x2160 body=raw open_ms=312.1 page_ms=455.3 to_png_ms=767.4 close_ms=3.5 write_ms=19.6 warnings=0
1791111541648 VERIFY n=237 dims=Some((3840, 2160)) expect=3840x2160 own_files=2 PASS
1791111541824 BROWSER-EXIT n=237 pid=52804 after_return_ms=176.3
1791111542648 PREV-BROWSER n=238 prev_n=237 pid=52804 alive=false
1791111542648 RENDER-START n=238
1791111543462 RENDER-OK n=238 id=238 browser_pid=Some(92856) slot=B path=%TEMP%\fc-repro-leak-20261004-185203\localappdata\tw.fintools.fc-host\wallpaper\m-7ebe8f017cddc2d6-b.png wh=3840x2160 body=raw open_ms=338.7 page_ms=459.5 to_png_ms=798.3 close_ms=3.7 write_ms=11.5 warnings=0
1791111543462 VERIFY n=238 dims=Some((3840, 2160)) expect=3840x2160 own_files=2 PASS
1791111543648 BROWSER-EXIT n=238 pid=92856 after_return_ms=185.7
1791111544462 PREV-BROWSER n=239 prev_n=238 pid=92856 alive=false
1791111544462 RENDER-START n=239
1791111545204 RENDER-OK n=239 id=239 browser_pid=Some(71940) slot=A path=%TEMP%\fc-repro-leak-20261004-185203\localappdata\tw.fintools.fc-host\wallpaper\m-7ebe8f017cddc2d6-a.png wh=3840x2160 body=raw open_ms=266.1 page_ms=454.8 to_png_ms=720.9 close_ms=4.1 write_ms=16.9 warnings=0
1791111545205 VERIFY n=239 dims=Some((3840, 2160)) expect=3840x2160 own_files=2 PASS
1791111545381 BROWSER-EXIT n=239 pid=71940 after_return_ms=176.4
1791111546205 PREV-BROWSER n=240 prev_n=239 pid=71940 alive=false
1791111546205 RENDER-START n=240
1791111546929 RENDER-OK n=240 id=240 browser_pid=Some(85788) slot=B path=%TEMP%\fc-repro-leak-20261004-185203\localappdata\tw.fintools.fc-host\wallpaper\m-7ebe8f017cddc2d6-b.png wh=3840x2160 body=raw open_ms=254.8 page_ms=447.8 to_png_ms=702.6 close_ms=3.5 write_ms=18.0 warnings=0
1791111546930 VERIFY n=240 dims=Some((3840, 2160)) expect=3840x2160 own_files=2 PASS
1791111547104 BROWSER-EXIT n=240 pid=85788 after_return_ms=175.1
1791111547930 PREV-BROWSER n=241 prev_n=240 pid=85788 alive=false
1791111547930 RENDER-START n=241
1791111548679 RENDER-OK n=241 id=241 browser_pid=Some(23528) slot=A path=%TEMP%\fc-repro-leak-20261004-185203\localappdata\tw.fintools.fc-host\wallpaper\m-7ebe8f017cddc2d6-a.png wh=3840x2160 body=raw open_ms=266.4 page_ms=460.9 to_png_ms=727.3 close_ms=3.4 write_ms=18.4 warnings=0
1791111548680 VERIFY n=241 dims=Some((3840, 2160)) expect=3840x2160 own_files=2 PASS
1791111548860 BROWSER-EXIT n=241 pid=23528 after_return_ms=180.4
1791111549680 PREV-BROWSER n=242 prev_n=241 pid=23528 alive=false
1791111549680 RENDER-START n=242
1791111550401 RENDER-OK n=242 id=242 browser_pid=Some(108080) slot=B path=%TEMP%\fc-repro-leak-20261004-185203\localappdata\tw.fintools.fc-host\wallpaper\m-7ebe8f017cddc2d6-b.png wh=3840x2160 body=raw open_ms=253.6 page_ms=447.1 to_png_ms=700.7 close_ms=3.2 write_ms=16.8 warnings=0
1791111550401 VERIFY n=242 dims=Some((3840, 2160)) expect=3840x2160 own_files=2 PASS
1791111550588 BROWSER-EXIT n=242 pid=108080 after_return_ms=186.6
1791111551401 PREV-BROWSER n=243 prev_n=242 pid=108080 alive=false
1791111551401 RENDER-START n=243
1791111552135 RENDER-OK n=243 id=243 browser_pid=Some(96492) slot=A path=%TEMP%\fc-repro-leak-20261004-185203\localappdata\tw.fintools.fc-host\wallpaper\m-7ebe8f017cddc2d6-a.png wh=3840x2160 body=raw open_ms=254.3 page_ms=457.7 to_png_ms=712.0 close_ms=3.4 write_ms=18.0 warnings=0
1791111552135 VERIFY n=243 dims=Some((3840, 2160)) expect=3840x2160 own_files=2 PASS
1791111552313 BROWSER-EXIT n=243 pid=96492 after_return_ms=178.4
1791111553135 PREV-BROWSER n=244 prev_n=243 pid=96492 alive=false
1791111553135 RENDER-START n=244
1791111553896 RENDER-OK n=244 id=244 browser_pid=Some(23424) slot=B path=%TEMP%\fc-repro-leak-20261004-185203\localappdata\tw.fintools.fc-host\wallpaper\m-7ebe8f017cddc2d6-b.png wh=3840x2160 body=raw open_ms=271.9 page_ms=467.0 to_png_ms=738.9 close_ms=3.7 write_ms=18.1 warnings=0
1791111553897 VERIFY n=244 dims=Some((3840, 2160)) expect=3840x2160 own_files=2 PASS
1791111554066 BROWSER-EXIT n=244 pid=23424 after_return_ms=169.4
1791111554897 PREV-BROWSER n=245 prev_n=244 pid=23424 alive=false
1791111554897 RENDER-START n=245
1791111555642 RENDER-OK n=245 id=245 browser_pid=Some(97684) slot=A path=%TEMP%\fc-repro-leak-20261004-185203\localappdata\tw.fintools.fc-host\wallpaper\m-7ebe8f017cddc2d6-a.png wh=3840x2160 body=raw open_ms=258.2 page_ms=465.8 to_png_ms=724.0 close_ms=3.2 write_ms=17.3 warnings=0
1791111555642 VERIFY n=245 dims=Some((3840, 2160)) expect=3840x2160 own_files=2 PASS
1791111555820 BROWSER-EXIT n=245 pid=97684 after_return_ms=178.2
1791111556642 PREV-BROWSER n=246 prev_n=245 pid=97684 alive=false
1791111556642 RENDER-START n=246
1791111557363 RENDER-OK n=246 id=246 browser_pid=Some(110132) slot=B path=%TEMP%\fc-repro-leak-20261004-185203\localappdata\tw.fintools.fc-host\wallpaper\m-7ebe8f017cddc2d6-b.png wh=3840x2160 body=raw open_ms=257.2 page_ms=442.6 to_png_ms=699.8 close_ms=3.5 write_ms=17.5 warnings=0
1791111557364 VERIFY n=246 dims=Some((3840, 2160)) expect=3840x2160 own_files=2 PASS
1791111557543 BROWSER-EXIT n=246 pid=110132 after_return_ms=180.1
1791111558363 PREV-BROWSER n=247 prev_n=246 pid=110132 alive=false
1791111558363 RENDER-START n=247
1791111559091 RENDER-OK n=247 id=247 browser_pid=Some(80824) slot=A path=%TEMP%\fc-repro-leak-20261004-185203\localappdata\tw.fintools.fc-host\wallpaper\m-7ebe8f017cddc2d6-a.png wh=3840x2160 body=raw open_ms=256.5 page_ms=448.2 to_png_ms=704.7 close_ms=3.3 write_ms=19.3 warnings=0
1791111559091 VERIFY n=247 dims=Some((3840, 2160)) expect=3840x2160 own_files=2 PASS
1791111559269 BROWSER-EXIT n=247 pid=80824 after_return_ms=177.4
1791111560091 PREV-BROWSER n=248 prev_n=247 pid=80824 alive=false
1791111560091 RENDER-START n=248
1791111560815 RENDER-OK n=248 id=248 browser_pid=Some(71208) slot=B path=%TEMP%\fc-repro-leak-20261004-185203\localappdata\tw.fintools.fc-host\wallpaper\m-7ebe8f017cddc2d6-b.png wh=3840x2160 body=raw open_ms=261.9 page_ms=446.5 to_png_ms=708.4 close_ms=3.8 write_ms=11.3 warnings=0
1791111560815 VERIFY n=248 dims=Some((3840, 2160)) expect=3840x2160 own_files=2 PASS
1791111560998 BROWSER-EXIT n=248 pid=71208 after_return_ms=183.1
1791111561816 PREV-BROWSER n=249 prev_n=248 pid=71208 alive=false
1791111561816 RENDER-START n=249
1791111562560 RENDER-OK n=249 id=249 browser_pid=Some(109688) slot=A path=%TEMP%\fc-repro-leak-20261004-185203\localappdata\tw.fintools.fc-host\wallpaper\m-7ebe8f017cddc2d6-a.png wh=3840x2160 body=raw open_ms=257.8 page_ms=464.2 to_png_ms=722.0 close_ms=4.2 write_ms=18.1 warnings=0
1791111562560 VERIFY n=249 dims=Some((3840, 2160)) expect=3840x2160 own_files=2 PASS
1791111562735 BROWSER-EXIT n=249 pid=109688 after_return_ms=175.0
1791111563561 PREV-BROWSER n=250 prev_n=249 pid=109688 alive=false
1791111563561 RENDER-START n=250
1791111564285 RENDER-OK n=250 id=250 browser_pid=Some(59112) slot=B path=%TEMP%\fc-repro-leak-20261004-185203\localappdata\tw.fintools.fc-host\wallpaper\m-7ebe8f017cddc2d6-b.png wh=3840x2160 body=raw open_ms=252.7 page_ms=457.6 to_png_ms=710.4 close_ms=3.3 write_ms=10.8 warnings=0
1791111564286 VERIFY n=250 dims=Some((3840, 2160)) expect=3840x2160 own_files=2 PASS
1791111564465 BROWSER-EXIT n=250 pid=59112 after_return_ms=179.4
1791111565286 PREV-BROWSER n=251 prev_n=250 pid=59112 alive=false
1791111565286 RENDER-START n=251
1791111566084 RENDER-OK n=251 id=251 browser_pid=Some(61480) slot=A path=%TEMP%\fc-repro-leak-20261004-185203\localappdata\tw.fintools.fc-host\wallpaper\m-7ebe8f017cddc2d6-a.png wh=3840x2160 body=raw open_ms=315.1 page_ms=462.3 to_png_ms=777.5 close_ms=3.8 write_ms=16.4 warnings=0
1791111566084 VERIFY n=251 dims=Some((3840, 2160)) expect=3840x2160 own_files=2 PASS
1791111566263 BROWSER-EXIT n=251 pid=61480 after_return_ms=179.2
1791111567084 PREV-BROWSER n=252 prev_n=251 pid=61480 alive=false
1791111567084 RENDER-START n=252
1791111567800 RENDER-OK n=252 id=252 browser_pid=Some(53620) slot=B path=%TEMP%\fc-repro-leak-20261004-185203\localappdata\tw.fintools.fc-host\wallpaper\m-7ebe8f017cddc2d6-b.png wh=3840x2160 body=raw open_ms=252.1 page_ms=442.7 to_png_ms=694.8 close_ms=3.5 write_ms=17.7 warnings=0
1791111567800 VERIFY n=252 dims=Some((3840, 2160)) expect=3840x2160 own_files=2 PASS
1791111567980 BROWSER-EXIT n=252 pid=53620 after_return_ms=179.8
1791111568800 PREV-BROWSER n=253 prev_n=252 pid=53620 alive=false
1791111568800 RENDER-START n=253
1791111569529 RENDER-OK n=253 id=253 browser_pid=Some(45244) slot=A path=%TEMP%\fc-repro-leak-20261004-185203\localappdata\tw.fintools.fc-host\wallpaper\m-7ebe8f017cddc2d6-a.png wh=3840x2160 body=raw open_ms=265.2 page_ms=442.8 to_png_ms=708.0 close_ms=3.2 write_ms=17.2 warnings=0
1791111569529 VERIFY n=253 dims=Some((3840, 2160)) expect=3840x2160 own_files=2 PASS
1791111569711 BROWSER-EXIT n=253 pid=45244 after_return_ms=182.3
1791111570530 PREV-BROWSER n=254 prev_n=253 pid=45244 alive=false
1791111570530 RENDER-START n=254
1791111571262 RENDER-OK n=254 id=254 browser_pid=Some(102476) slot=B path=%TEMP%\fc-repro-leak-20261004-185203\localappdata\tw.fintools.fc-host\wallpaper\m-7ebe8f017cddc2d6-b.png wh=3840x2160 body=raw open_ms=260.8 page_ms=456.9 to_png_ms=717.7 close_ms=3.3 write_ms=10.7 warnings=0
1791111571262 VERIFY n=254 dims=Some((3840, 2160)) expect=3840x2160 own_files=2 PASS
1791111571441 BROWSER-EXIT n=254 pid=102476 after_return_ms=179.0
1791111572262 PREV-BROWSER n=255 prev_n=254 pid=102476 alive=false
1791111572262 RENDER-START n=255
1791111573052 RENDER-OK n=255 id=255 browser_pid=Some(86336) slot=A path=%TEMP%\fc-repro-leak-20261004-185203\localappdata\tw.fintools.fc-host\wallpaper\m-7ebe8f017cddc2d6-a.png wh=3840x2160 body=raw open_ms=316.5 page_ms=458.4 to_png_ms=774.9 close_ms=4.1 write_ms=10.3 warnings=0
1791111573052 VERIFY n=255 dims=Some((3840, 2160)) expect=3840x2160 own_files=2 PASS
1791111573238 BROWSER-EXIT n=255 pid=86336 after_return_ms=186.7
1791111574052 PREV-BROWSER n=256 prev_n=255 pid=86336 alive=false
1791111574052 RENDER-START n=256
1791111574785 RENDER-OK n=256 id=256 browser_pid=Some(91288) slot=B path=%TEMP%\fc-repro-leak-20261004-185203\localappdata\tw.fintools.fc-host\wallpaper\m-7ebe8f017cddc2d6-b.png wh=3840x2160 body=raw open_ms=256.1 page_ms=455.6 to_png_ms=711.7 close_ms=3.3 write_ms=17.7 warnings=0
1791111574785 VERIFY n=256 dims=Some((3840, 2160)) expect=3840x2160 own_files=2 PASS
1791111574962 BROWSER-EXIT n=256 pid=91288 after_return_ms=176.5
1791111575785 PREV-BROWSER n=257 prev_n=256 pid=91288 alive=false
1791111575785 RENDER-START n=257
1791111576526 RENDER-OK n=257 id=257 browser_pid=Some(107704) slot=A path=%TEMP%\fc-repro-leak-20261004-185203\localappdata\tw.fintools.fc-host\wallpaper\m-7ebe8f017cddc2d6-a.png wh=3840x2160 body=raw open_ms=255.5 page_ms=461.1 to_png_ms=716.6 close_ms=3.1 write_ms=19.9 warnings=0
1791111576526 VERIFY n=257 dims=Some((3840, 2160)) expect=3840x2160 own_files=2 PASS
1791111576700 BROWSER-EXIT n=257 pid=107704 after_return_ms=174.8
1791111577526 PREV-BROWSER n=258 prev_n=257 pid=107704 alive=false
1791111577526 RENDER-START n=258
1791111578266 RENDER-OK n=258 id=258 browser_pid=Some(90260) slot=B path=%TEMP%\fc-repro-leak-20261004-185203\localappdata\tw.fintools.fc-host\wallpaper\m-7ebe8f017cddc2d6-b.png wh=3840x2160 body=raw open_ms=258.0 page_ms=460.3 to_png_ms=718.3 close_ms=3.9 write_ms=17.8 warnings=0
1791111578266 VERIFY n=258 dims=Some((3840, 2160)) expect=3840x2160 own_files=2 PASS
1791111578439 BROWSER-EXIT n=258 pid=90260 after_return_ms=172.9
1791111579266 PREV-BROWSER n=259 prev_n=258 pid=90260 alive=false
1791111579266 RENDER-START n=259
1791111580016 RENDER-OK n=259 id=259 browser_pid=Some(63940) slot=A path=%TEMP%\fc-repro-leak-20261004-185203\localappdata\tw.fintools.fc-host\wallpaper\m-7ebe8f017cddc2d6-a.png wh=3840x2160 body=raw open_ms=258.7 page_ms=469.7 to_png_ms=728.4 close_ms=3.3 write_ms=17.5 warnings=0
1791111580016 VERIFY n=259 dims=Some((3840, 2160)) expect=3840x2160 own_files=2 PASS
1791111580186 BROWSER-EXIT n=259 pid=63940 after_return_ms=169.8
1791111581016 PREV-BROWSER n=260 prev_n=259 pid=63940 alive=false
1791111581016 RENDER-START n=260
1791111581752 RENDER-OK n=260 id=260 browser_pid=Some(89228) slot=B path=%TEMP%\fc-repro-leak-20261004-185203\localappdata\tw.fintools.fc-host\wallpaper\m-7ebe8f017cddc2d6-b.png wh=3840x2160 body=raw open_ms=261.1 page_ms=453.8 to_png_ms=714.9 close_ms=3.4 write_ms=17.3 warnings=0
1791111581752 VERIFY n=260 dims=Some((3840, 2160)) expect=3840x2160 own_files=2 PASS
1791111581926 BROWSER-EXIT n=260 pid=89228 after_return_ms=174.0
1791111582753 PREV-BROWSER n=261 prev_n=260 pid=89228 alive=false
1791111582753 RENDER-START n=261
1791111583487 RENDER-OK n=261 id=261 browser_pid=Some(66996) slot=A path=%TEMP%\fc-repro-leak-20261004-185203\localappdata\tw.fintools.fc-host\wallpaper\m-7ebe8f017cddc2d6-a.png wh=3840x2160 body=raw open_ms=263.8 page_ms=455.5 to_png_ms=719.3 close_ms=3.6 write_ms=11.3 warnings=0
1791111583487 VERIFY n=261 dims=Some((3840, 2160)) expect=3840x2160 own_files=2 PASS
1791111583678 BROWSER-EXIT n=261 pid=66996 after_return_ms=190.5
1791111584487 PREV-BROWSER n=262 prev_n=261 pid=66996 alive=false
1791111584487 RENDER-START n=262
1791111585207 RENDER-OK n=262 id=262 browser_pid=Some(96952) slot=B path=%TEMP%\fc-repro-leak-20261004-185203\localappdata\tw.fintools.fc-host\wallpaper\m-7ebe8f017cddc2d6-b.png wh=3840x2160 body=raw open_ms=256.1 page_ms=448.7 to_png_ms=704.9 close_ms=3.4 write_ms=10.9 warnings=0
1791111585207 VERIFY n=262 dims=Some((3840, 2160)) expect=3840x2160 own_files=2 PASS
1791111585386 BROWSER-EXIT n=262 pid=96952 after_return_ms=178.9
1791111586207 PREV-BROWSER n=263 prev_n=262 pid=96952 alive=false
1791111586207 RENDER-START n=263
1791111586977 RENDER-OK n=263 id=263 browser_pid=Some(86120) slot=A path=%TEMP%\fc-repro-leak-20261004-185203\localappdata\tw.fintools.fc-host\wallpaper\m-7ebe8f017cddc2d6-a.png wh=3840x2160 body=raw open_ms=269.1 page_ms=479.8 to_png_ms=748.9 close_ms=3.5 write_ms=17.5 warnings=0
1791111586977 VERIFY n=263 dims=Some((3840, 2160)) expect=3840x2160 own_files=2 PASS
1791111587160 BROWSER-EXIT n=263 pid=86120 after_return_ms=183.4
1791111587977 PREV-BROWSER n=264 prev_n=263 pid=86120 alive=false
1791111587977 RENDER-START n=264
1791111588736 RENDER-OK n=264 id=264 browser_pid=Some(58308) slot=B path=%TEMP%\fc-repro-leak-20261004-185203\localappdata\tw.fintools.fc-host\wallpaper\m-7ebe8f017cddc2d6-b.png wh=3840x2160 body=raw open_ms=266.2 page_ms=470.2 to_png_ms=736.4 close_ms=3.4 write_ms=18.1 warnings=0
1791111588736 VERIFY n=264 dims=Some((3840, 2160)) expect=3840x2160 own_files=2 PASS
1791111588913 BROWSER-EXIT n=264 pid=58308 after_return_ms=177.5
1791111589736 PREV-BROWSER n=265 prev_n=264 pid=58308 alive=false
1791111589736 RENDER-START n=265
1791111590465 RENDER-OK n=265 id=265 browser_pid=Some(112616) slot=A path=%TEMP%\fc-repro-leak-20261004-185203\localappdata\tw.fintools.fc-host\wallpaper\m-7ebe8f017cddc2d6-a.png wh=3840x2160 body=raw open_ms=256.1 page_ms=457.3 to_png_ms=713.4 close_ms=3.4 write_ms=11.7 warnings=0
1791111590465 VERIFY n=265 dims=Some((3840, 2160)) expect=3840x2160 own_files=2 PASS
1791111590649 BROWSER-EXIT n=265 pid=112616 after_return_ms=184.1
1791111591465 PREV-BROWSER n=266 prev_n=265 pid=112616 alive=false
1791111591465 RENDER-START n=266
1791111592221 RENDER-OK n=266 id=266 browser_pid=Some(53956) slot=B path=%TEMP%\fc-repro-leak-20261004-185203\localappdata\tw.fintools.fc-host\wallpaper\m-7ebe8f017cddc2d6-b.png wh=3840x2160 body=raw open_ms=270.1 page_ms=464.9 to_png_ms=735.0 close_ms=3.5 write_ms=16.5 warnings=0
1791111592221 VERIFY n=266 dims=Some((3840, 2160)) expect=3840x2160 own_files=2 PASS
1791111592399 BROWSER-EXIT n=266 pid=53956 after_return_ms=178.9
1791111593221 PREV-BROWSER n=267 prev_n=266 pid=53956 alive=false
1791111593221 RENDER-START n=267
1791111594023 RENDER-OK n=267 id=267 browser_pid=Some(103976) slot=A path=%TEMP%\fc-repro-leak-20261004-185203\localappdata\tw.fintools.fc-host\wallpaper\m-7ebe8f017cddc2d6-a.png wh=3840x2160 body=raw open_ms=321.2 page_ms=459.2 to_png_ms=780.4 close_ms=3.2 write_ms=17.7 warnings=0
1791111594023 VERIFY n=267 dims=Some((3840, 2160)) expect=3840x2160 own_files=2 PASS
1791111594194 BROWSER-EXIT n=267 pid=103976 after_return_ms=171.5
1791111595023 PREV-BROWSER n=268 prev_n=267 pid=103976 alive=false
1791111595023 RENDER-START n=268
1791111595749 RENDER-OK n=268 id=268 browser_pid=Some(109960) slot=B path=%TEMP%\fc-repro-leak-20261004-185203\localappdata\tw.fintools.fc-host\wallpaper\m-7ebe8f017cddc2d6-b.png wh=3840x2160 body=raw open_ms=260.6 page_ms=445.4 to_png_ms=706.1 close_ms=3.1 write_ms=17.0 warnings=0
1791111595749 VERIFY n=268 dims=Some((3840, 2160)) expect=3840x2160 own_files=2 PASS
1791111595931 BROWSER-EXIT n=268 pid=109960 after_return_ms=181.7
1791111596750 PREV-BROWSER n=269 prev_n=268 pid=109960 alive=false
1791111596750 RENDER-START n=269
1791111597498 RENDER-OK n=269 id=269 browser_pid=Some(104704) slot=A path=%TEMP%\fc-repro-leak-20261004-185203\localappdata\tw.fintools.fc-host\wallpaper\m-7ebe8f017cddc2d6-a.png wh=3840x2160 body=raw open_ms=264.6 page_ms=461.6 to_png_ms=726.1 close_ms=3.6 write_ms=18.2 warnings=0
1791111597498 VERIFY n=269 dims=Some((3840, 2160)) expect=3840x2160 own_files=2 PASS
1791111597677 BROWSER-EXIT n=269 pid=104704 after_return_ms=178.6
1791111598498 PREV-BROWSER n=270 prev_n=269 pid=104704 alive=false
1791111598498 RENDER-START n=270
1791111599234 RENDER-OK n=270 id=270 browser_pid=Some(5128) slot=B path=%TEMP%\fc-repro-leak-20261004-185203\localappdata\tw.fintools.fc-host\wallpaper\m-7ebe8f017cddc2d6-b.png wh=3840x2160 body=raw open_ms=255.9 page_ms=457.6 to_png_ms=713.5 close_ms=3.4 write_ms=17.9 warnings=0
1791111599234 VERIFY n=270 dims=Some((3840, 2160)) expect=3840x2160 own_files=2 PASS
1791111599409 BROWSER-EXIT n=270 pid=5128 after_return_ms=175.9
1791111600234 PREV-BROWSER n=271 prev_n=270 pid=5128 alive=false
1791111600234 RENDER-START n=271
1791111601022 RENDER-OK n=271 id=271 browser_pid=Some(108324) slot=A path=%TEMP%\fc-repro-leak-20261004-185203\localappdata\tw.fintools.fc-host\wallpaper\m-7ebe8f017cddc2d6-a.png wh=3840x2160 body=raw open_ms=302.3 page_ms=470.7 to_png_ms=773.0 close_ms=3.3 write_ms=11.3 warnings=0
1791111601022 VERIFY n=271 dims=Some((3840, 2160)) expect=3840x2160 own_files=2 PASS
1791111601203 BROWSER-EXIT n=271 pid=108324 after_return_ms=181.3
1791111602022 PREV-BROWSER n=272 prev_n=271 pid=108324 alive=false
1791111602022 RENDER-START n=272
1791111602751 RENDER-OK n=272 id=272 browser_pid=Some(113100) slot=B path=%TEMP%\fc-repro-leak-20261004-185203\localappdata\tw.fintools.fc-host\wallpaper\m-7ebe8f017cddc2d6-b.png wh=3840x2160 body=raw open_ms=264.6 page_ms=450.1 to_png_ms=714.7 close_ms=3.2 write_ms=11.2 warnings=0
1791111602751 VERIFY n=272 dims=Some((3840, 2160)) expect=3840x2160 own_files=2 PASS
1791111602931 BROWSER-EXIT n=272 pid=113100 after_return_ms=179.5
1791111603751 PREV-BROWSER n=273 prev_n=272 pid=113100 alive=false
1791111603751 RENDER-START n=273
1791111604550 RENDER-OK n=273 id=273 browser_pid=Some(48652) slot=A path=%TEMP%\fc-repro-leak-20261004-185203\localappdata\tw.fintools.fc-host\wallpaper\m-7ebe8f017cddc2d6-a.png wh=3840x2160 body=raw open_ms=320.8 page_ms=457.7 to_png_ms=778.5 close_ms=3.5 write_ms=16.7 warnings=0
1791111604551 VERIFY n=273 dims=Some((3840, 2160)) expect=3840x2160 own_files=2 PASS
1791111604726 BROWSER-EXIT n=273 pid=48652 after_return_ms=176.2
1791111605550 PREV-BROWSER n=274 prev_n=273 pid=48652 alive=false
1791111605551 RENDER-START n=274
1791111606288 RENDER-OK n=274 id=274 browser_pid=Some(109416) slot=B path=%TEMP%\fc-repro-leak-20261004-185203\localappdata\tw.fintools.fc-host\wallpaper\m-7ebe8f017cddc2d6-b.png wh=3840x2160 body=raw open_ms=258.2 page_ms=458.4 to_png_ms=716.7 close_ms=3.3 write_ms=17.3 warnings=0
1791111606288 VERIFY n=274 dims=Some((3840, 2160)) expect=3840x2160 own_files=2 PASS
1791111606465 BROWSER-EXIT n=274 pid=109416 after_return_ms=177.5
1791111607288 PREV-BROWSER n=275 prev_n=274 pid=109416 alive=false
1791111607288 RENDER-START n=275
1791111608019 RENDER-OK n=275 id=275 browser_pid=Some(46696) slot=A path=%TEMP%\fc-repro-leak-20261004-185203\localappdata\tw.fintools.fc-host\wallpaper\m-7ebe8f017cddc2d6-a.png wh=3840x2160 body=raw open_ms=262.0 page_ms=446.4 to_png_ms=708.4 close_ms=3.2 write_ms=18.5 warnings=0
1791111608019 VERIFY n=275 dims=Some((3840, 2160)) expect=3840x2160 own_files=2 PASS
1791111608197 BROWSER-EXIT n=275 pid=46696 after_return_ms=178.8
1791111609019 PREV-BROWSER n=276 prev_n=275 pid=46696 alive=false
1791111609019 RENDER-START n=276
1791111609745 RENDER-OK n=276 id=276 browser_pid=Some(104268) slot=B path=%TEMP%\fc-repro-leak-20261004-185203\localappdata\tw.fintools.fc-host\wallpaper\m-7ebe8f017cddc2d6-b.png wh=3840x2160 body=raw open_ms=266.1 page_ms=439.3 to_png_ms=705.4 close_ms=3.2 write_ms=17.3 warnings=0
1791111609745 VERIFY n=276 dims=Some((3840, 2160)) expect=3840x2160 own_files=2 PASS
1791111609923 BROWSER-EXIT n=276 pid=104268 after_return_ms=178.3
1791111610745 PREV-BROWSER n=277 prev_n=276 pid=104268 alive=false
1791111610745 RENDER-START n=277
1791111611464 RENDER-OK n=277 id=277 browser_pid=Some(104708) slot=A path=%TEMP%\fc-repro-leak-20261004-185203\localappdata\tw.fintools.fc-host\wallpaper\m-7ebe8f017cddc2d6-a.png wh=3840x2160 body=raw open_ms=263.0 page_ms=441.9 to_png_ms=704.9 close_ms=3.2 write_ms=9.9 warnings=0
1791111611464 VERIFY n=277 dims=Some((3840, 2160)) expect=3840x2160 own_files=2 PASS
1791111611639 BROWSER-EXIT n=277 pid=104708 after_return_ms=175.4
1791111612464 PREV-BROWSER n=278 prev_n=277 pid=104708 alive=false
1791111612464 RENDER-START n=278
1791111613190 RENDER-OK n=278 id=278 browser_pid=Some(113112) slot=B path=%TEMP%\fc-repro-leak-20261004-185203\localappdata\tw.fintools.fc-host\wallpaper\m-7ebe8f017cddc2d6-b.png wh=3840x2160 body=raw open_ms=261.7 page_ms=447.9 to_png_ms=709.6 close_ms=3.5 write_ms=12.7 warnings=0
1791111613190 VERIFY n=278 dims=Some((3840, 2160)) expect=3840x2160 own_files=2 PASS
1791111613377 BROWSER-EXIT n=278 pid=113112 after_return_ms=187.3
1791111614190 PREV-BROWSER n=279 prev_n=278 pid=113112 alive=false
1791111614190 RENDER-START n=279
1791111614950 RENDER-OK n=279 id=279 browser_pid=Some(90956) slot=A path=%TEMP%\fc-repro-leak-20261004-185203\localappdata\tw.fintools.fc-host\wallpaper\m-7ebe8f017cddc2d6-a.png wh=3840x2160 body=raw open_ms=294.9 page_ms=443.5 to_png_ms=738.3 close_ms=3.3 write_ms=18.2 warnings=0
1791111614951 VERIFY n=279 dims=Some((3840, 2160)) expect=3840x2160 own_files=2 PASS
1791111615124 BROWSER-EXIT n=279 pid=90956 after_return_ms=173.3
1791111615951 PREV-BROWSER n=280 prev_n=279 pid=90956 alive=false
1791111615951 RENDER-START n=280
1791111616719 RENDER-OK n=280 id=280 browser_pid=Some(25296) slot=B path=%TEMP%\fc-repro-leak-20261004-185203\localappdata\tw.fintools.fc-host\wallpaper\m-7ebe8f017cddc2d6-b.png wh=3840x2160 body=raw open_ms=300.9 page_ms=446.0 to_png_ms=746.8 close_ms=3.3 write_ms=17.8 warnings=0
1791111616719 VERIFY n=280 dims=Some((3840, 2160)) expect=3840x2160 own_files=2 PASS
1791111616895 BROWSER-EXIT n=280 pid=25296 after_return_ms=176.1
1791111617719 PREV-BROWSER n=281 prev_n=280 pid=25296 alive=false
1791111617719 RENDER-START n=281
1791111618449 RENDER-OK n=281 id=281 browser_pid=Some(106340) slot=A path=%TEMP%\fc-repro-leak-20261004-185203\localappdata\tw.fintools.fc-host\wallpaper\m-7ebe8f017cddc2d6-a.png wh=3840x2160 body=raw open_ms=266.9 page_ms=441.0 to_png_ms=707.9 close_ms=3.5 write_ms=18.3 warnings=0
1791111618449 VERIFY n=281 dims=Some((3840, 2160)) expect=3840x2160 own_files=2 PASS
1791111618617 BROWSER-EXIT n=281 pid=106340 after_return_ms=167.5
1791111619449 PREV-BROWSER n=282 prev_n=281 pid=106340 alive=false
1791111619449 RENDER-START n=282
1791111620185 RENDER-OK n=282 id=282 browser_pid=Some(89296) slot=B path=%TEMP%\fc-repro-leak-20261004-185203\localappdata\tw.fintools.fc-host\wallpaper\m-7ebe8f017cddc2d6-b.png wh=3840x2160 body=raw open_ms=271.5 page_ms=443.1 to_png_ms=714.5 close_ms=3.3 write_ms=17.6 warnings=0
1791111620185 VERIFY n=282 dims=Some((3840, 2160)) expect=3840x2160 own_files=2 PASS
1791111620364 BROWSER-EXIT n=282 pid=89296 after_return_ms=179.2
1791111621186 PREV-BROWSER n=283 prev_n=282 pid=89296 alive=false
1791111621186 RENDER-START n=283
1791111621961 RENDER-OK n=283 id=283 browser_pid=Some(104984) slot=A path=%TEMP%\fc-repro-leak-20261004-185203\localappdata\tw.fintools.fc-host\wallpaper\m-7ebe8f017cddc2d6-a.png wh=3840x2160 body=raw open_ms=305.1 page_ms=447.7 to_png_ms=752.8 close_ms=3.5 write_ms=18.6 warnings=0
1791111621961 VERIFY n=283 dims=Some((3840, 2160)) expect=3840x2160 own_files=2 PASS
1791111622148 BROWSER-EXIT n=283 pid=104984 after_return_ms=186.9
1791111622961 PREV-BROWSER n=284 prev_n=283 pid=104984 alive=false
1791111622961 RENDER-START n=284
1791111623730 RENDER-OK n=284 id=284 browser_pid=Some(88420) slot=B path=%TEMP%\fc-repro-leak-20261004-185203\localappdata\tw.fintools.fc-host\wallpaper\m-7ebe8f017cddc2d6-b.png wh=3840x2160 body=raw open_ms=297.7 page_ms=449.9 to_png_ms=747.6 close_ms=4.0 write_ms=16.9 warnings=0
1791111623730 VERIFY n=284 dims=Some((3840, 2160)) expect=3840x2160 own_files=2 PASS
1791111623909 BROWSER-EXIT n=284 pid=88420 after_return_ms=178.7
1791111624730 PREV-BROWSER n=285 prev_n=284 pid=88420 alive=false
1791111624730 RENDER-START n=285
1791111625456 RENDER-OK n=285 id=285 browser_pid=Some(64416) slot=A path=%TEMP%\fc-repro-leak-20261004-185203\localappdata\tw.fintools.fc-host\wallpaper\m-7ebe8f017cddc2d6-a.png wh=3840x2160 body=raw open_ms=258.9 page_ms=444.8 to_png_ms=703.7 close_ms=3.6 write_ms=17.9 warnings=0
1791111625456 VERIFY n=285 dims=Some((3840, 2160)) expect=3840x2160 own_files=2 PASS
1791111625640 BROWSER-EXIT n=285 pid=64416 after_return_ms=184.6
1791111626456 PREV-BROWSER n=286 prev_n=285 pid=64416 alive=false
1791111626456 RENDER-START n=286
1791111627173 RENDER-OK n=286 id=286 browser_pid=Some(108784) slot=B path=%TEMP%\fc-repro-leak-20261004-185203\localappdata\tw.fintools.fc-host\wallpaper\m-7ebe8f017cddc2d6-b.png wh=3840x2160 body=raw open_ms=260.7 page_ms=435.0 to_png_ms=695.7 close_ms=3.1 write_ms=18.0 warnings=0
1791111627174 VERIFY n=286 dims=Some((3840, 2160)) expect=3840x2160 own_files=2 PASS
1791111627357 BROWSER-EXIT n=286 pid=108784 after_return_ms=183.7
1791111628174 PREV-BROWSER n=287 prev_n=286 pid=108784 alive=false
1791111628174 RENDER-START n=287
1791111628972 RENDER-OK n=287 id=287 browser_pid=Some(27876) slot=A path=%TEMP%\fc-repro-leak-20261004-185203\localappdata\tw.fintools.fc-host\wallpaper\m-7ebe8f017cddc2d6-a.png wh=3840x2160 body=raw open_ms=319.7 page_ms=457.4 to_png_ms=777.2 close_ms=3.7 write_ms=17.4 warnings=0
1791111628972 VERIFY n=287 dims=Some((3840, 2160)) expect=3840x2160 own_files=2 PASS
1791111629149 BROWSER-EXIT n=287 pid=27876 after_return_ms=176.9
1791111629972 PREV-BROWSER n=288 prev_n=287 pid=27876 alive=false
1791111629972 RENDER-START n=288
1791111630712 RENDER-OK n=288 id=288 browser_pid=Some(43940) slot=B path=%TEMP%\fc-repro-leak-20261004-185203\localappdata\tw.fintools.fc-host\wallpaper\m-7ebe8f017cddc2d6-b.png wh=3840x2160 body=raw open_ms=257.7 page_ms=459.3 to_png_ms=717.0 close_ms=3.6 write_ms=18.8 warnings=0
1791111630712 VERIFY n=288 dims=Some((3840, 2160)) expect=3840x2160 own_files=2 PASS
1791111630901 BROWSER-EXIT n=288 pid=43940 after_return_ms=188.5
1791111631713 PREV-BROWSER n=289 prev_n=288 pid=43940 alive=false
1791111631713 RENDER-START n=289
1791111632466 RENDER-OK n=289 id=289 browser_pid=Some(113272) slot=A path=%TEMP%\fc-repro-leak-20261004-185203\localappdata\tw.fintools.fc-host\wallpaper\m-7ebe8f017cddc2d6-a.png wh=3840x2160 body=raw open_ms=289.6 page_ms=441.2 to_png_ms=730.8 close_ms=4.0 write_ms=18.3 warnings=0
1791111632466 VERIFY n=289 dims=Some((3840, 2160)) expect=3840x2160 own_files=2 PASS
1791111632640 BROWSER-EXIT n=289 pid=113272 after_return_ms=173.6
1791111633466 PREV-BROWSER n=290 prev_n=289 pid=113272 alive=false
1791111633466 RENDER-START n=290
1791111634214 RENDER-OK n=290 id=290 browser_pid=Some(113516) slot=B path=%TEMP%\fc-repro-leak-20261004-185203\localappdata\tw.fintools.fc-host\wallpaper\m-7ebe8f017cddc2d6-b.png wh=3840x2160 body=raw open_ms=268.2 page_ms=456.9 to_png_ms=725.1 close_ms=3.5 write_ms=18.6 warnings=0
1791111634214 VERIFY n=290 dims=Some((3840, 2160)) expect=3840x2160 own_files=2 PASS
1791111634386 BROWSER-EXIT n=290 pid=113516 after_return_ms=172.5
1791111635214 PREV-BROWSER n=291 prev_n=290 pid=113516 alive=false
1791111635214 RENDER-START n=291
1791111635986 RENDER-OK n=291 id=291 browser_pid=Some(103936) slot=A path=%TEMP%\fc-repro-leak-20261004-185203\localappdata\tw.fintools.fc-host\wallpaper\m-7ebe8f017cddc2d6-a.png wh=3840x2160 body=raw open_ms=295.1 page_ms=456.0 to_png_ms=751.2 close_ms=3.2 write_ms=16.9 warnings=0
1791111635986 VERIFY n=291 dims=Some((3840, 2160)) expect=3840x2160 own_files=2 PASS
1791111636162 BROWSER-EXIT n=291 pid=103936 after_return_ms=176.2
1791111636986 PREV-BROWSER n=292 prev_n=291 pid=103936 alive=false
1791111636986 RENDER-START n=292
1791111637764 RENDER-OK n=292 id=292 browser_pid=Some(112684) slot=B path=%TEMP%\fc-repro-leak-20261004-185203\localappdata\tw.fintools.fc-host\wallpaper\m-7ebe8f017cddc2d6-b.png wh=3840x2160 body=raw open_ms=319.1 page_ms=443.9 to_png_ms=763.0 close_ms=3.4 write_ms=11.9 warnings=0
1791111637765 VERIFY n=292 dims=Some((3840, 2160)) expect=3840x2160 own_files=2 PASS
1791111637952 BROWSER-EXIT n=292 pid=112684 after_return_ms=187.1
1791111638765 PREV-BROWSER n=293 prev_n=292 pid=112684 alive=false
1791111638765 RENDER-START n=293
1791111639499 RENDER-OK n=293 id=293 browser_pid=Some(113468) slot=A path=%TEMP%\fc-repro-leak-20261004-185203\localappdata\tw.fintools.fc-host\wallpaper\m-7ebe8f017cddc2d6-a.png wh=3840x2160 body=raw open_ms=263.3 page_ms=448.8 to_png_ms=712.1 close_ms=3.4 write_ms=19.0 warnings=0
1791111639500 VERIFY n=293 dims=Some((3840, 2160)) expect=3840x2160 own_files=2 PASS
1791111639673 BROWSER-EXIT n=293 pid=113468 after_return_ms=173.5
1791111640500 PREV-BROWSER n=294 prev_n=293 pid=113468 alive=false
1791111640500 RENDER-START n=294
1791111641278 RENDER-OK n=294 id=294 browser_pid=Some(112428) slot=B path=%TEMP%\fc-repro-leak-20261004-185203\localappdata\tw.fintools.fc-host\wallpaper\m-7ebe8f017cddc2d6-b.png wh=3840x2160 body=raw open_ms=291.0 page_ms=463.4 to_png_ms=754.4 close_ms=4.3 write_ms=18.9 warnings=0
1791111641278 VERIFY n=294 dims=Some((3840, 2160)) expect=3840x2160 own_files=2 PASS
1791111641449 BROWSER-EXIT n=294 pid=112428 after_return_ms=171.1
1791111642278 PREV-BROWSER n=295 prev_n=294 pid=112428 alive=false
1791111642278 RENDER-START n=295
1791111643005 RENDER-OK n=295 id=295 browser_pid=Some(97780) slot=A path=%TEMP%\fc-repro-leak-20261004-185203\localappdata\tw.fintools.fc-host\wallpaper\m-7ebe8f017cddc2d6-a.png wh=3840x2160 body=raw open_ms=253.7 page_ms=451.9 to_png_ms=705.6 close_ms=3.1 write_ms=17.9 warnings=0
1791111643005 VERIFY n=295 dims=Some((3840, 2160)) expect=3840x2160 own_files=2 PASS
1791111643182 BROWSER-EXIT n=295 pid=97780 after_return_ms=177.5
1791111644005 PREV-BROWSER n=296 prev_n=295 pid=97780 alive=false
1791111644005 RENDER-START n=296
1791111644821 RENDER-OK n=296 id=296 browser_pid=Some(113444) slot=B path=%TEMP%\fc-repro-leak-20261004-185203\localappdata\tw.fintools.fc-host\wallpaper\m-7ebe8f017cddc2d6-b.png wh=3840x2160 body=raw open_ms=352.9 page_ms=443.1 to_png_ms=795.9 close_ms=3.2 write_ms=16.7 warnings=0
1791111644822 VERIFY n=296 dims=Some((3840, 2160)) expect=3840x2160 own_files=2 PASS
1791111645004 BROWSER-EXIT n=296 pid=113444 after_return_ms=182.9
1791111645822 PREV-BROWSER n=297 prev_n=296 pid=113444 alive=false
1791111645822 RENDER-START n=297
1791111646549 RENDER-OK n=297 id=297 browser_pid=Some(19012) slot=A path=%TEMP%\fc-repro-leak-20261004-185203\localappdata\tw.fintools.fc-host\wallpaper\m-7ebe8f017cddc2d6-a.png wh=3840x2160 body=raw open_ms=262.6 page_ms=450.5 to_png_ms=713.1 close_ms=3.3 write_ms=10.9 warnings=0
1791111646549 VERIFY n=297 dims=Some((3840, 2160)) expect=3840x2160 own_files=2 PASS
1791111646732 BROWSER-EXIT n=297 pid=19012 after_return_ms=182.7
1791111647549 PREV-BROWSER n=298 prev_n=297 pid=19012 alive=false
1791111647550 RENDER-START n=298
1791111648289 RENDER-OK n=298 id=298 browser_pid=Some(113488) slot=B path=%TEMP%\fc-repro-leak-20261004-185203\localappdata\tw.fintools.fc-host\wallpaper\m-7ebe8f017cddc2d6-b.png wh=3840x2160 body=raw open_ms=258.2 page_ms=458.7 to_png_ms=716.8 close_ms=3.3 write_ms=18.6 warnings=0
1791111648289 VERIFY n=298 dims=Some((3840, 2160)) expect=3840x2160 own_files=2 PASS
1791111648459 BROWSER-EXIT n=298 pid=113488 after_return_ms=170.6
1791111649289 PREV-BROWSER n=299 prev_n=298 pid=113488 alive=false
1791111649289 RENDER-START n=299
1791111650017 RENDER-OK n=299 id=299 browser_pid=Some(98496) slot=A path=%TEMP%\fc-repro-leak-20261004-185203\localappdata\tw.fintools.fc-host\wallpaper\m-7ebe8f017cddc2d6-a.png wh=3840x2160 body=raw open_ms=260.5 page_ms=446.3 to_png_ms=706.9 close_ms=3.4 write_ms=17.1 warnings=0
1791111650017 VERIFY n=299 dims=Some((3840, 2160)) expect=3840x2160 own_files=2 PASS
1791111650198 BROWSER-EXIT n=299 pid=98496 after_return_ms=181.4
1791111651017 PREV-BROWSER n=300 prev_n=299 pid=98496 alive=false
1791111651017 RENDER-START n=300
1791111651813 RENDER-OK n=300 id=300 browser_pid=Some(109260) slot=B path=%TEMP%\fc-repro-leak-20261004-185203\localappdata\tw.fintools.fc-host\wallpaper\m-7ebe8f017cddc2d6-b.png wh=3840x2160 body=raw open_ms=328.2 page_ms=452.8 to_png_ms=781.0 close_ms=3.8 write_ms=11.2 warnings=0
1791111651813 VERIFY n=300 dims=Some((3840, 2160)) expect=3840x2160 own_files=2 PASS
1791111651997 BROWSER-EXIT n=300 pid=109260 after_return_ms=183.3
1791111652814 PREV-BROWSER n=301 prev_n=300 pid=109260 alive=false
1791111652814 RENDER-START n=301
1791111653531 RENDER-OK n=301 id=301 browser_pid=Some(110304) slot=A path=%TEMP%\fc-repro-leak-20261004-185203\localappdata\tw.fintools.fc-host\wallpaper\m-7ebe8f017cddc2d6-a.png wh=3840x2160 body=raw open_ms=257.5 page_ms=438.6 to_png_ms=696.2 close_ms=3.2 write_ms=17.8 warnings=0
1791111653531 VERIFY n=301 dims=Some((3840, 2160)) expect=3840x2160 own_files=2 PASS
1791111653713 BROWSER-EXIT n=301 pid=110304 after_return_ms=181.9
1791111654531 PREV-BROWSER n=302 prev_n=301 pid=110304 alive=false
1791111654531 RENDER-START n=302
1791111655261 RENDER-OK n=302 id=302 browser_pid=Some(40744) slot=B path=%TEMP%\fc-repro-leak-20261004-185203\localappdata\tw.fintools.fc-host\wallpaper\m-7ebe8f017cddc2d6-b.png wh=3840x2160 body=raw open_ms=259.8 page_ms=448.7 to_png_ms=708.5 close_ms=3.5 write_ms=17.4 warnings=0
1791111655261 VERIFY n=302 dims=Some((3840, 2160)) expect=3840x2160 own_files=2 PASS
1791111655442 BROWSER-EXIT n=302 pid=40744 after_return_ms=180.8
1791111656261 PREV-BROWSER n=303 prev_n=302 pid=40744 alive=false
1791111656262 RENDER-START n=303
1791111657003 RENDER-OK n=303 id=303 browser_pid=Some(91828) slot=A path=%TEMP%\fc-repro-leak-20261004-185203\localappdata\tw.fintools.fc-host\wallpaper\m-7ebe8f017cddc2d6-a.png wh=3840x2160 body=raw open_ms=268.6 page_ms=452.5 to_png_ms=721.1 close_ms=3.5 write_ms=16.8 warnings=0
1791111657003 VERIFY n=303 dims=Some((3840, 2160)) expect=3840x2160 own_files=2 PASS
1791111657280 BROWSER-EXIT n=303 pid=91828 after_return_ms=276.5
1791111658004 PREV-BROWSER n=304 prev_n=303 pid=91828 alive=false
1791111658004 RENDER-START n=304
1791111658741 RENDER-OK n=304 id=304 browser_pid=Some(113424) slot=B path=%TEMP%\fc-repro-leak-20261004-185203\localappdata\tw.fintools.fc-host\wallpaper\m-7ebe8f017cddc2d6-b.png wh=3840x2160 body=raw open_ms=261.0 page_ms=454.2 to_png_ms=715.1 close_ms=3.4 write_ms=18.2 warnings=0
1791111658742 VERIFY n=304 dims=Some((3840, 2160)) expect=3840x2160 own_files=2 PASS
1791111658924 BROWSER-EXIT n=304 pid=113424 after_return_ms=182.7
1791111659741 PREV-BROWSER n=305 prev_n=304 pid=113424 alive=false
1791111659741 RENDER-START n=305
1791111660469 RENDER-OK n=305 id=305 browser_pid=Some(90860) slot=A path=%TEMP%\fc-repro-leak-20261004-185203\localappdata\tw.fintools.fc-host\wallpaper\m-7ebe8f017cddc2d6-a.png wh=3840x2160 body=raw open_ms=255.5 page_ms=450.6 to_png_ms=706.2 close_ms=3.9 write_ms=17.4 warnings=0
1791111660469 VERIFY n=305 dims=Some((3840, 2160)) expect=3840x2160 own_files=2 PASS
1791111660647 BROWSER-EXIT n=305 pid=90860 after_return_ms=178.2
1791111661469 PREV-BROWSER n=306 prev_n=305 pid=90860 alive=false
1791111661469 RENDER-START n=306
1791111662200 RENDER-OK n=306 id=306 browser_pid=Some(60112) slot=B path=%TEMP%\fc-repro-leak-20261004-185203\localappdata\tw.fintools.fc-host\wallpaper\m-7ebe8f017cddc2d6-b.png wh=3840x2160 body=raw open_ms=258.2 page_ms=452.2 to_png_ms=710.4 close_ms=3.4 write_ms=16.8 warnings=0
1791111662200 VERIFY n=306 dims=Some((3840, 2160)) expect=3840x2160 own_files=2 PASS
1791111662377 BROWSER-EXIT n=306 pid=60112 after_return_ms=177.0
1791111663200 PREV-BROWSER n=307 prev_n=306 pid=60112 alive=false
1791111663200 RENDER-START n=307
1791111663931 RENDER-OK n=307 id=307 browser_pid=Some(54220) slot=A path=%TEMP%\fc-repro-leak-20261004-185203\localappdata\tw.fintools.fc-host\wallpaper\m-7ebe8f017cddc2d6-a.png wh=3840x2160 body=raw open_ms=265.7 page_ms=443.6 to_png_ms=709.3 close_ms=3.4 write_ms=17.8 warnings=0
1791111663931 VERIFY n=307 dims=Some((3840, 2160)) expect=3840x2160 own_files=2 PASS
1791111664110 BROWSER-EXIT n=307 pid=54220 after_return_ms=178.7
1791111664931 PREV-BROWSER n=308 prev_n=307 pid=54220 alive=false
1791111664931 RENDER-START n=308
1791111665643 RENDER-OK n=308 id=308 browser_pid=Some(56148) slot=B path=%TEMP%\fc-repro-leak-20261004-185203\localappdata\tw.fintools.fc-host\wallpaper\m-7ebe8f017cddc2d6-b.png wh=3840x2160 body=raw open_ms=255.6 page_ms=434.5 to_png_ms=690.2 close_ms=3.2 write_ms=18.3 warnings=0
1791111665644 VERIFY n=308 dims=Some((3840, 2160)) expect=3840x2160 own_files=2 PASS
1791111665822 BROWSER-EXIT n=308 pid=56148 after_return_ms=179.0
1791111666643 PREV-BROWSER n=309 prev_n=308 pid=56148 alive=false
1791111666643 RENDER-START n=309
1791111667429 RENDER-OK n=309 id=309 browser_pid=Some(110248) slot=A path=%TEMP%\fc-repro-leak-20261004-185203\localappdata\tw.fintools.fc-host\wallpaper\m-7ebe8f017cddc2d6-a.png wh=3840x2160 body=raw open_ms=321.5 page_ms=441.5 to_png_ms=763.0 close_ms=3.3 write_ms=18.2 warnings=0
1791111667429 VERIFY n=309 dims=Some((3840, 2160)) expect=3840x2160 own_files=2 PASS
1791111667604 BROWSER-EXIT n=309 pid=110248 after_return_ms=175.4
1791111668429 PREV-BROWSER n=310 prev_n=309 pid=110248 alive=false
1791111668429 RENDER-START n=310
1791111669204 RENDER-OK n=310 id=310 browser_pid=Some(97640) slot=B path=%TEMP%\fc-repro-leak-20261004-185203\localappdata\tw.fintools.fc-host\wallpaper\m-7ebe8f017cddc2d6-b.png wh=3840x2160 body=raw open_ms=301.8 page_ms=451.8 to_png_ms=753.7 close_ms=3.0 write_ms=18.5 warnings=0
1791111669204 VERIFY n=310 dims=Some((3840, 2160)) expect=3840x2160 own_files=2 PASS
1791111669380 BROWSER-EXIT n=310 pid=97640 after_return_ms=175.7
1791111670205 PREV-BROWSER n=311 prev_n=310 pid=97640 alive=false
1791111670205 RENDER-START n=311
1791111670938 RENDER-OK n=311 id=311 browser_pid=Some(76896) slot=A path=%TEMP%\fc-repro-leak-20261004-185203\localappdata\tw.fintools.fc-host\wallpaper\m-7ebe8f017cddc2d6-a.png wh=3840x2160 body=raw open_ms=265.0 page_ms=445.9 to_png_ms=710.9 close_ms=4.1 write_ms=18.5 warnings=0
1791111670939 VERIFY n=311 dims=Some((3840, 2160)) expect=3840x2160 own_files=2 PASS
1791111671115 BROWSER-EXIT n=311 pid=76896 after_return_ms=176.7
1791111671939 PREV-BROWSER n=312 prev_n=311 pid=76896 alive=false
1791111671939 RENDER-START n=312
1791111672666 RENDER-OK n=312 id=312 browser_pid=Some(11456) slot=B path=%TEMP%\fc-repro-leak-20261004-185203\localappdata\tw.fintools.fc-host\wallpaper\m-7ebe8f017cddc2d6-b.png wh=3840x2160 body=raw open_ms=269.1 page_ms=442.1 to_png_ms=711.2 close_ms=3.2 write_ms=12.1 warnings=0
1791111672666 VERIFY n=312 dims=Some((3840, 2160)) expect=3840x2160 own_files=2 PASS
1791111672850 BROWSER-EXIT n=312 pid=11456 after_return_ms=184.6
1791111673666 PREV-BROWSER n=313 prev_n=312 pid=11456 alive=false
1791111673666 RENDER-START n=313
1791111674406 RENDER-OK n=313 id=313 browser_pid=Some(44028) slot=A path=%TEMP%\fc-repro-leak-20261004-185203\localappdata\tw.fintools.fc-host\wallpaper\m-7ebe8f017cddc2d6-a.png wh=3840x2160 body=raw open_ms=268.0 page_ms=450.0 to_png_ms=717.9 close_ms=4.7 write_ms=17.5 warnings=0
1791111674406 VERIFY n=313 dims=Some((3840, 2160)) expect=3840x2160 own_files=2 PASS
1791111674582 BROWSER-EXIT n=313 pid=44028 after_return_ms=176.1
1791111675407 PREV-BROWSER n=314 prev_n=313 pid=44028 alive=false
1791111675407 RENDER-START n=314
1791111676115 RENDER-OK n=314 id=314 browser_pid=Some(88844) slot=B path=%TEMP%\fc-repro-leak-20261004-185203\localappdata\tw.fintools.fc-host\wallpaper\m-7ebe8f017cddc2d6-b.png wh=3840x2160 body=raw open_ms=259.9 page_ms=434.9 to_png_ms=694.8 close_ms=3.5 write_ms=9.8 warnings=0
1791111676115 VERIFY n=314 dims=Some((3840, 2160)) expect=3840x2160 own_files=2 PASS
1791111676296 BROWSER-EXIT n=314 pid=88844 after_return_ms=181.1
1791111677115 PREV-BROWSER n=315 prev_n=314 pid=88844 alive=false
1791111677115 RENDER-START n=315
1791111677843 RENDER-OK n=315 id=315 browser_pid=Some(112900) slot=A path=%TEMP%\fc-repro-leak-20261004-185203\localappdata\tw.fintools.fc-host\wallpaper\m-7ebe8f017cddc2d6-a.png wh=3840x2160 body=raw open_ms=260.0 page_ms=446.7 to_png_ms=706.8 close_ms=3.4 write_ms=17.6 warnings=0
1791111677843 VERIFY n=315 dims=Some((3840, 2160)) expect=3840x2160 own_files=2 PASS
1791111678017 BROWSER-EXIT n=315 pid=112900 after_return_ms=174.0
1791111678843 PREV-BROWSER n=316 prev_n=315 pid=112900 alive=false
1791111678843 RENDER-START n=316
1791111679576 RENDER-OK n=316 id=316 browser_pid=Some(108672) slot=B path=%TEMP%\fc-repro-leak-20261004-185203\localappdata\tw.fintools.fc-host\wallpaper\m-7ebe8f017cddc2d6-b.png wh=3840x2160 body=raw open_ms=267.2 page_ms=451.3 to_png_ms=718.5 close_ms=3.3 write_ms=11.2 warnings=0
1791111679577 VERIFY n=316 dims=Some((3840, 2160)) expect=3840x2160 own_files=2 PASS
1791111679758 BROWSER-EXIT n=316 pid=108672 after_return_ms=181.3
1791111680577 PREV-BROWSER n=317 prev_n=316 pid=108672 alive=false
1791111680577 RENDER-START n=317
1791111681325 RENDER-OK n=317 id=317 browser_pid=Some(112200) slot=A path=%TEMP%\fc-repro-leak-20261004-185203\localappdata\tw.fintools.fc-host\wallpaper\m-7ebe8f017cddc2d6-a.png wh=3840x2160 body=raw open_ms=279.6 page_ms=451.7 to_png_ms=731.3 close_ms=3.9 write_ms=12.4 warnings=0
1791111681325 VERIFY n=317 dims=Some((3840, 2160)) expect=3840x2160 own_files=2 PASS
1791111681506 BROWSER-EXIT n=317 pid=112200 after_return_ms=181.4
1791111682325 PREV-BROWSER n=318 prev_n=317 pid=112200 alive=false
1791111682325 RENDER-START n=318
1791111683135 RENDER-OK n=318 id=318 browser_pid=Some(106664) slot=B path=%TEMP%\fc-repro-leak-20261004-185203\localappdata\tw.fintools.fc-host\wallpaper\m-7ebe8f017cddc2d6-b.png wh=3840x2160 body=raw open_ms=332.0 page_ms=459.8 to_png_ms=791.9 close_ms=4.3 write_ms=14.1 warnings=0
1791111683135 VERIFY n=318 dims=Some((3840, 2160)) expect=3840x2160 own_files=2 PASS
1791111683327 BROWSER-EXIT n=318 pid=106664 after_return_ms=191.4
1791111684135 PREV-BROWSER n=319 prev_n=318 pid=106664 alive=false
1791111684135 RENDER-START n=319
1791111684896 RENDER-OK n=319 id=319 browser_pid=Some(107556) slot=A path=%TEMP%\fc-repro-leak-20261004-185203\localappdata\tw.fintools.fc-host\wallpaper\m-7ebe8f017cddc2d6-a.png wh=3840x2160 body=raw open_ms=278.4 page_ms=467.2 to_png_ms=745.6 close_ms=3.8 write_ms=11.3 warnings=0
1791111684897 VERIFY n=319 dims=Some((3840, 2160)) expect=3840x2160 own_files=2 PASS
1791111685089 BROWSER-EXIT n=319 pid=107556 after_return_ms=192.8
1791111685897 PREV-BROWSER n=320 prev_n=319 pid=107556 alive=false
1791111685897 RENDER-START n=320
1791111686622 RENDER-OK n=320 id=320 browser_pid=Some(11992) slot=B path=%TEMP%\fc-repro-leak-20261004-185203\localappdata\tw.fintools.fc-host\wallpaper\m-7ebe8f017cddc2d6-b.png wh=3840x2160 body=raw open_ms=263.5 page_ms=447.0 to_png_ms=710.4 close_ms=3.4 write_ms=11.4 warnings=0
1791111686622 VERIFY n=320 dims=Some((3840, 2160)) expect=3840x2160 own_files=2 PASS
1791111686807 BROWSER-EXIT n=320 pid=11992 after_return_ms=184.6
1791111687622 PREV-BROWSER n=321 prev_n=320 pid=11992 alive=false
1791111687622 RENDER-START n=321
1791111688363 RENDER-OK n=321 id=321 browser_pid=Some(113216) slot=A path=%TEMP%\fc-repro-leak-20261004-185203\localappdata\tw.fintools.fc-host\wallpaper\m-7ebe8f017cddc2d6-a.png wh=3840x2160 body=raw open_ms=269.6 page_ms=448.9 to_png_ms=718.5 close_ms=3.2 write_ms=18.3 warnings=0
1791111688363 VERIFY n=321 dims=Some((3840, 2160)) expect=3840x2160 own_files=2 PASS
1791111688542 BROWSER-EXIT n=321 pid=113216 after_return_ms=179.1
1791111689363 PREV-BROWSER n=322 prev_n=321 pid=113216 alive=false
1791111689363 RENDER-START n=322
1791111690105 RENDER-OK n=322 id=322 browser_pid=Some(96808) slot=B path=%TEMP%\fc-repro-leak-20261004-185203\localappdata\tw.fintools.fc-host\wallpaper\m-7ebe8f017cddc2d6-b.png wh=3840x2160 body=raw open_ms=259.4 page_ms=461.1 to_png_ms=720.6 close_ms=3.4 write_ms=18.0 warnings=0
1791111690105 VERIFY n=322 dims=Some((3840, 2160)) expect=3840x2160 own_files=2 PASS
1791111690278 BROWSER-EXIT n=322 pid=96808 after_return_ms=172.9
1791111691105 PREV-BROWSER n=323 prev_n=322 pid=96808 alive=false
1791111691105 RENDER-START n=323
1791111691851 RENDER-OK n=323 id=323 browser_pid=Some(113548) slot=A path=%TEMP%\fc-repro-leak-20261004-185203\localappdata\tw.fintools.fc-host\wallpaper\m-7ebe8f017cddc2d6-a.png wh=3840x2160 body=raw open_ms=261.3 page_ms=462.7 to_png_ms=724.0 close_ms=3.2 write_ms=17.7 warnings=0
1791111691851 VERIFY n=323 dims=Some((3840, 2160)) expect=3840x2160 own_files=2 PASS
1791111692033 BROWSER-EXIT n=323 pid=113548 after_return_ms=181.8
1791111692851 PREV-BROWSER n=324 prev_n=323 pid=113548 alive=false
1791111692851 RENDER-START n=324
1791111693620 RENDER-OK n=324 id=324 browser_pid=Some(112016) slot=B path=%TEMP%\fc-repro-leak-20261004-185203\localappdata\tw.fintools.fc-host\wallpaper\m-7ebe8f017cddc2d6-b.png wh=3840x2160 body=raw open_ms=263.1 page_ms=482.0 to_png_ms=745.1 close_ms=4.5 write_ms=18.3 warnings=0
1791111693620 VERIFY n=324 dims=Some((3840, 2160)) expect=3840x2160 own_files=2 PASS
1791111693791 BROWSER-EXIT n=324 pid=112016 after_return_ms=171.2
1791111694620 PREV-BROWSER n=325 prev_n=324 pid=112016 alive=false
1791111694620 RENDER-START n=325
1791111695407 RENDER-OK n=325 id=325 browser_pid=Some(112788) slot=A path=%TEMP%\fc-repro-leak-20261004-185203\localappdata\tw.fintools.fc-host\wallpaper\m-7ebe8f017cddc2d6-a.png wh=3840x2160 body=raw open_ms=283.9 page_ms=482.0 to_png_ms=765.9 close_ms=4.0 write_ms=16.5 warnings=0
1791111695407 VERIFY n=325 dims=Some((3840, 2160)) expect=3840x2160 own_files=2 PASS
1791111695585 BROWSER-EXIT n=325 pid=112788 after_return_ms=177.9
1791111696407 PREV-BROWSER n=326 prev_n=325 pid=112788 alive=false
1791111696407 RENDER-START n=326
1791111697179 RENDER-OK n=326 id=326 browser_pid=Some(109860) slot=B path=%TEMP%\fc-repro-leak-20261004-185203\localappdata\tw.fintools.fc-host\wallpaper\m-7ebe8f017cddc2d6-b.png wh=3840x2160 body=raw open_ms=266.8 page_ms=482.3 to_png_ms=749.1 close_ms=3.1 write_ms=19.3 warnings=0
1791111697180 VERIFY n=326 dims=Some((3840, 2160)) expect=3840x2160 own_files=2 PASS
1791111697359 BROWSER-EXIT n=326 pid=109860 after_return_ms=180.0
1791111698180 PREV-BROWSER n=327 prev_n=326 pid=109860 alive=false
1791111698180 RENDER-START n=327
1791111698968 RENDER-OK n=327 id=327 browser_pid=Some(112464) slot=A path=%TEMP%\fc-repro-leak-20261004-185203\localappdata\tw.fintools.fc-host\wallpaper\m-7ebe8f017cddc2d6-a.png wh=3840x2160 body=raw open_ms=287.4 page_ms=484.5 to_png_ms=772.0 close_ms=3.6 write_ms=12.2 warnings=0
1791111698968 VERIFY n=327 dims=Some((3840, 2160)) expect=3840x2160 own_files=2 PASS
1791111699161 BROWSER-EXIT n=327 pid=112464 after_return_ms=193.0
1791111699968 PREV-BROWSER n=328 prev_n=327 pid=112464 alive=false
1791111699968 RENDER-START n=328
1791111700739 RENDER-OK n=328 id=328 browser_pid=Some(40600) slot=B path=%TEMP%\fc-repro-leak-20261004-185203\localappdata\tw.fintools.fc-host\wallpaper\m-7ebe8f017cddc2d6-b.png wh=3840x2160 body=raw open_ms=269.2 page_ms=480.2 to_png_ms=749.5 close_ms=3.4 write_ms=17.5 warnings=0
1791111700740 VERIFY n=328 dims=Some((3840, 2160)) expect=3840x2160 own_files=2 PASS
1791111700912 BROWSER-EXIT n=328 pid=40600 after_return_ms=172.9
1791111701739 PREV-BROWSER n=329 prev_n=328 pid=40600 alive=false
1791111701739 RENDER-START n=329
1791111702514 RENDER-OK n=329 id=329 browser_pid=Some(76392) slot=A path=%TEMP%\fc-repro-leak-20261004-185203\localappdata\tw.fintools.fc-host\wallpaper\m-7ebe8f017cddc2d6-a.png wh=3840x2160 body=raw open_ms=290.0 page_ms=469.1 to_png_ms=759.2 close_ms=3.8 write_ms=11.6 warnings=0
1791111702515 VERIFY n=329 dims=Some((3840, 2160)) expect=3840x2160 own_files=2 PASS
1791111702706 BROWSER-EXIT n=329 pid=76392 after_return_ms=191.6
1791111703514 PREV-BROWSER n=330 prev_n=329 pid=76392 alive=false
1791111703514 RENDER-START n=330
1791111704258 RENDER-OK n=330 id=330 browser_pid=Some(112904) slot=B path=%TEMP%\fc-repro-leak-20261004-185203\localappdata\tw.fintools.fc-host\wallpaper\m-7ebe8f017cddc2d6-b.png wh=3840x2160 body=raw open_ms=261.8 page_ms=461.2 to_png_ms=723.0 close_ms=3.3 write_ms=17.5 warnings=0
1791111704259 VERIFY n=330 dims=Some((3840, 2160)) expect=3840x2160 own_files=2 PASS
1791111704435 BROWSER-EXIT n=330 pid=112904 after_return_ms=176.7
1791111705259 PREV-BROWSER n=331 prev_n=330 pid=112904 alive=false
1791111705259 RENDER-START n=331
1791111706009 RENDER-OK n=331 id=331 browser_pid=Some(113256) slot=A path=%TEMP%\fc-repro-leak-20261004-185203\localappdata\tw.fintools.fc-host\wallpaper\m-7ebe8f017cddc2d6-a.png wh=3840x2160 body=raw open_ms=266.6 page_ms=461.7 to_png_ms=728.3 close_ms=3.8 write_ms=17.6 warnings=0
1791111706009 VERIFY n=331 dims=Some((3840, 2160)) expect=3840x2160 own_files=2 PASS
1791111706187 BROWSER-EXIT n=331 pid=113256 after_return_ms=178.3
1791111707009 PREV-BROWSER n=332 prev_n=331 pid=113256 alive=false
1791111707009 RENDER-START n=332
1791111707760 RENDER-OK n=332 id=332 browser_pid=Some(13920) slot=B path=%TEMP%\fc-repro-leak-20261004-185203\localappdata\tw.fintools.fc-host\wallpaper\m-7ebe8f017cddc2d6-b.png wh=3840x2160 body=raw open_ms=261.5 page_ms=468.2 to_png_ms=729.7 close_ms=3.5 write_ms=17.5 warnings=0
1791111707760 VERIFY n=332 dims=Some((3840, 2160)) expect=3840x2160 own_files=2 PASS
1791111707932 BROWSER-EXIT n=332 pid=13920 after_return_ms=172.4
1791111708760 PREV-BROWSER n=333 prev_n=332 pid=13920 alive=false
1791111708760 RENDER-START n=333
1791111709536 RENDER-OK n=333 id=333 browser_pid=Some(113656) slot=A path=%TEMP%\fc-repro-leak-20261004-185203\localappdata\tw.fintools.fc-host\wallpaper\m-7ebe8f017cddc2d6-a.png wh=3840x2160 body=raw open_ms=288.3 page_ms=464.8 to_png_ms=753.1 close_ms=3.4 write_ms=18.7 warnings=0
1791111709536 VERIFY n=333 dims=Some((3840, 2160)) expect=3840x2160 own_files=2 PASS
1791111709717 BROWSER-EXIT n=333 pid=113656 after_return_ms=181.2
1791111710536 PREV-BROWSER n=334 prev_n=333 pid=113656 alive=false
1791111710536 RENDER-START n=334
1791111711336 RENDER-OK n=334 id=334 browser_pid=Some(77976) slot=B path=%TEMP%\fc-repro-leak-20261004-185203\localappdata\tw.fintools.fc-host\wallpaper\m-7ebe8f017cddc2d6-b.png wh=3840x2160 body=raw open_ms=291.6 page_ms=484.4 to_png_ms=776.0 close_ms=3.7 write_ms=19.6 warnings=0
1791111711336 VERIFY n=334 dims=Some((3840, 2160)) expect=3840x2160 own_files=2 PASS
1791111711526 BROWSER-EXIT n=334 pid=77976 after_return_ms=190.6
1791111712336 PREV-BROWSER n=335 prev_n=334 pid=77976 alive=false
1791111712336 RENDER-START n=335
1791111713112 RENDER-OK n=335 id=335 browser_pid=Some(76636) slot=A path=%TEMP%\fc-repro-leak-20261004-185203\localappdata\tw.fintools.fc-host\wallpaper\m-7ebe8f017cddc2d6-a.png wh=3840x2160 body=raw open_ms=287.2 page_ms=463.9 to_png_ms=751.1 close_ms=3.3 write_ms=21.1 warnings=0
1791111713112 VERIFY n=335 dims=Some((3840, 2160)) expect=3840x2160 own_files=2 PASS
1791111713283 BROWSER-EXIT n=335 pid=76636 after_return_ms=171.5
1791111714112 PREV-BROWSER n=336 prev_n=335 pid=76636 alive=false
1791111714113 RENDER-START n=336
1791111714923 RENDER-OK n=336 id=336 browser_pid=Some(105656) slot=B path=%TEMP%\fc-repro-leak-20261004-185203\localappdata\tw.fintools.fc-host\wallpaper\m-7ebe8f017cddc2d6-b.png wh=3840x2160 body=raw open_ms=322.7 page_ms=467.0 to_png_ms=789.7 close_ms=4.0 write_ms=16.3 warnings=0
1791111714923 VERIFY n=336 dims=Some((3840, 2160)) expect=3840x2160 own_files=2 PASS
1791111715103 BROWSER-EXIT n=336 pid=105656 after_return_ms=180.3
1791111715923 PREV-BROWSER n=337 prev_n=336 pid=105656 alive=false
1791111715923 RENDER-START n=337
1791111716651 RENDER-OK n=337 id=337 browser_pid=Some(108056) slot=A path=%TEMP%\fc-repro-leak-20261004-185203\localappdata\tw.fintools.fc-host\wallpaper\m-7ebe8f017cddc2d6-a.png wh=3840x2160 body=raw open_ms=262.7 page_ms=447.7 to_png_ms=710.4 close_ms=3.7 write_ms=13.2 warnings=0
1791111716651 VERIFY n=337 dims=Some((3840, 2160)) expect=3840x2160 own_files=2 PASS
1791111716839 BROWSER-EXIT n=337 pid=108056 after_return_ms=187.9
1791111717651 PREV-BROWSER n=338 prev_n=337 pid=108056 alive=false
1791111717651 RENDER-START n=338
1791111718403 RENDER-OK n=338 id=338 browser_pid=Some(113396) slot=B path=%TEMP%\fc-repro-leak-20261004-185203\localappdata\tw.fintools.fc-host\wallpaper\m-7ebe8f017cddc2d6-b.png wh=3840x2160 body=raw open_ms=283.5 page_ms=447.0 to_png_ms=730.5 close_ms=3.6 write_ms=17.3 warnings=0
1791111718403 VERIFY n=338 dims=Some((3840, 2160)) expect=3840x2160 own_files=2 PASS
1791111718583 BROWSER-EXIT n=338 pid=113396 after_return_ms=180.1
1791111719403 PREV-BROWSER n=339 prev_n=338 pid=113396 alive=false
1791111719403 RENDER-START n=339
1791111720145 RENDER-OK n=339 id=339 browser_pid=Some(3760) slot=A path=%TEMP%\fc-repro-leak-20261004-185203\localappdata\tw.fintools.fc-host\wallpaper\m-7ebe8f017cddc2d6-a.png wh=3840x2160 body=raw open_ms=268.8 page_ms=453.8 to_png_ms=722.6 close_ms=3.7 write_ms=14.8 warnings=0
1791111720145 VERIFY n=339 dims=Some((3840, 2160)) expect=3840x2160 own_files=2 PASS
1791111720326 BROWSER-EXIT n=339 pid=3760 after_return_ms=181.1
1791111721145 PREV-BROWSER n=340 prev_n=339 pid=3760 alive=false
1791111721145 RENDER-START n=340
1791111721872 RENDER-OK n=340 id=340 browser_pid=Some(28132) slot=B path=%TEMP%\fc-repro-leak-20261004-185203\localappdata\tw.fintools.fc-host\wallpaper\m-7ebe8f017cddc2d6-b.png wh=3840x2160 body=raw open_ms=263.1 page_ms=440.2 to_png_ms=703.3 close_ms=3.6 write_ms=20.0 warnings=0
1791111721872 VERIFY n=340 dims=Some((3840, 2160)) expect=3840x2160 own_files=2 PASS
1791111722053 BROWSER-EXIT n=340 pid=28132 after_return_ms=180.5
1791111722873 PREV-BROWSER n=341 prev_n=340 pid=28132 alive=false
1791111722873 RENDER-START n=341
1791111723646 RENDER-OK n=341 id=341 browser_pid=Some(101048) slot=A path=%TEMP%\fc-repro-leak-20261004-185203\localappdata\tw.fintools.fc-host\wallpaper\m-7ebe8f017cddc2d6-a.png wh=3840x2160 body=raw open_ms=302.2 page_ms=447.9 to_png_ms=750.2 close_ms=4.5 write_ms=18.2 warnings=0
1791111723646 VERIFY n=341 dims=Some((3840, 2160)) expect=3840x2160 own_files=2 PASS
1791111723824 BROWSER-EXIT n=341 pid=101048 after_return_ms=178.6
1791111724646 PREV-BROWSER n=342 prev_n=341 pid=101048 alive=false
1791111724646 RENDER-START n=342
1791111725374 RENDER-OK n=342 id=342 browser_pid=Some(60752) slot=B path=%TEMP%\fc-repro-leak-20261004-185203\localappdata\tw.fintools.fc-host\wallpaper\m-7ebe8f017cddc2d6-b.png wh=3840x2160 body=raw open_ms=260.9 page_ms=453.5 to_png_ms=714.4 close_ms=3.2 write_ms=10.5 warnings=0
1791111725374 VERIFY n=342 dims=Some((3840, 2160)) expect=3840x2160 own_files=2 PASS
1791111725570 BROWSER-EXIT n=342 pid=60752 after_return_ms=195.8
1791111726374 PREV-BROWSER n=343 prev_n=342 pid=60752 alive=false
1791111726374 RENDER-START n=343
1791111727118 RENDER-OK n=343 id=343 browser_pid=Some(10260) slot=A path=%TEMP%\fc-repro-leak-20261004-185203\localappdata\tw.fintools.fc-host\wallpaper\m-7ebe8f017cddc2d6-a.png wh=3840x2160 body=raw open_ms=269.6 page_ms=459.2 to_png_ms=728.8 close_ms=3.5 write_ms=11.2 warnings=0
1791111727118 VERIFY n=343 dims=Some((3840, 2160)) expect=3840x2160 own_files=2 PASS
1791111727304 BROWSER-EXIT n=343 pid=10260 after_return_ms=186.0
1791111728118 PREV-BROWSER n=344 prev_n=343 pid=10260 alive=false
1791111728119 RENDER-START n=344
1791111728885 RENDER-OK n=344 id=344 browser_pid=Some(39720) slot=B path=%TEMP%\fc-repro-leak-20261004-185203\localappdata\tw.fintools.fc-host\wallpaper\m-7ebe8f017cddc2d6-b.png wh=3840x2160 body=raw open_ms=280.6 page_ms=464.5 to_png_ms=745.0 close_ms=3.7 write_ms=17.9 warnings=0
1791111728886 VERIFY n=344 dims=Some((3840, 2160)) expect=3840x2160 own_files=2 PASS
1791111729063 BROWSER-EXIT n=344 pid=39720 after_return_ms=177.8
1791111729885 PREV-BROWSER n=345 prev_n=344 pid=39720 alive=false
1791111729885 RENDER-START n=345
1791111730612 RENDER-OK n=345 id=345 browser_pid=Some(91880) slot=A path=%TEMP%\fc-repro-leak-20261004-185203\localappdata\tw.fintools.fc-host\wallpaper\m-7ebe8f017cddc2d6-a.png wh=3840x2160 body=raw open_ms=263.2 page_ms=447.4 to_png_ms=710.5 close_ms=4.1 write_ms=11.6 warnings=0
1791111730612 VERIFY n=345 dims=Some((3840, 2160)) expect=3840x2160 own_files=2 PASS
1791111730804 BROWSER-EXIT n=345 pid=91880 after_return_ms=192.1
1791111731612 PREV-BROWSER n=346 prev_n=345 pid=91880 alive=false
1791111731612 RENDER-START n=346
1791111732352 RENDER-OK n=346 id=346 browser_pid=Some(96988) slot=B path=%TEMP%\fc-repro-leak-20261004-185203\localappdata\tw.fintools.fc-host\wallpaper\m-7ebe8f017cddc2d6-b.png wh=3840x2160 body=raw open_ms=267.3 page_ms=454.3 to_png_ms=721.6 close_ms=3.1 write_ms=14.8 warnings=0
1791111732352 VERIFY n=346 dims=Some((3840, 2160)) expect=3840x2160 own_files=2 PASS
1791111732535 BROWSER-EXIT n=346 pid=96988 after_return_ms=182.4
1791111733353 PREV-BROWSER n=347 prev_n=346 pid=96988 alive=false
1791111733353 RENDER-START n=347
1791111734069 RENDER-OK n=347 id=347 browser_pid=Some(109672) slot=A path=%TEMP%\fc-repro-leak-20261004-185203\localappdata\tw.fintools.fc-host\wallpaper\m-7ebe8f017cddc2d6-a.png wh=3840x2160 body=raw open_ms=256.7 page_ms=438.6 to_png_ms=695.3 close_ms=3.4 write_ms=17.4 warnings=0
1791111734069 VERIFY n=347 dims=Some((3840, 2160)) expect=3840x2160 own_files=2 PASS
1791111734251 BROWSER-EXIT n=347 pid=109672 after_return_ms=182.3
1791111735069 PREV-BROWSER n=348 prev_n=347 pid=109672 alive=false
1791111735069 RENDER-START n=348
1791111735792 RENDER-OK n=348 id=348 browser_pid=Some(111840) slot=B path=%TEMP%\fc-repro-leak-20261004-185203\localappdata\tw.fintools.fc-host\wallpaper\m-7ebe8f017cddc2d6-b.png wh=3840x2160 body=raw open_ms=261.0 page_ms=439.3 to_png_ms=700.2 close_ms=3.4 write_ms=18.5 warnings=0
1791111735792 VERIFY n=348 dims=Some((3840, 2160)) expect=3840x2160 own_files=2 PASS
1791111735977 BROWSER-EXIT n=348 pid=111840 after_return_ms=185.5
1791111736792 PREV-BROWSER n=349 prev_n=348 pid=111840 alive=false
1791111736792 RENDER-START n=349
1791111737536 RENDER-OK n=349 id=349 browser_pid=Some(102120) slot=A path=%TEMP%\fc-repro-leak-20261004-185203\localappdata\tw.fintools.fc-host\wallpaper\m-7ebe8f017cddc2d6-a.png wh=3840x2160 body=raw open_ms=256.8 page_ms=464.1 to_png_ms=720.9 close_ms=3.4 write_ms=18.6 warnings=0
1791111737536 VERIFY n=349 dims=Some((3840, 2160)) expect=3840x2160 own_files=2 PASS
1791111737714 BROWSER-EXIT n=349 pid=102120 after_return_ms=178.2
1791111738536 PREV-BROWSER n=350 prev_n=349 pid=102120 alive=false
1791111738536 RENDER-START n=350
1791111739268 RENDER-OK n=350 id=350 browser_pid=Some(113416) slot=B path=%TEMP%\fc-repro-leak-20261004-185203\localappdata\tw.fintools.fc-host\wallpaper\m-7ebe8f017cddc2d6-b.png wh=3840x2160 body=raw open_ms=257.4 page_ms=451.6 to_png_ms=709.0 close_ms=3.5 write_ms=18.8 warnings=0
1791111739268 VERIFY n=350 dims=Some((3840, 2160)) expect=3840x2160 own_files=2 PASS
1791111739451 BROWSER-EXIT n=350 pid=113416 after_return_ms=182.8
1791111740268 PREV-BROWSER n=351 prev_n=350 pid=113416 alive=false
1791111740268 RENDER-START n=351
1791111741001 RENDER-OK n=351 id=351 browser_pid=Some(112476) slot=A path=%TEMP%\fc-repro-leak-20261004-185203\localappdata\tw.fintools.fc-host\wallpaper\m-7ebe8f017cddc2d6-a.png wh=3840x2160 body=raw open_ms=257.8 page_ms=453.9 to_png_ms=711.7 close_ms=3.3 write_ms=17.5 warnings=0
1791111741001 VERIFY n=351 dims=Some((3840, 2160)) expect=3840x2160 own_files=2 PASS
1791111741190 BROWSER-EXIT n=351 pid=112476 after_return_ms=188.9
1791111742001 PREV-BROWSER n=352 prev_n=351 pid=112476 alive=false
1791111742001 RENDER-START n=352
1791111742758 RENDER-OK n=352 id=352 browser_pid=Some(50248) slot=B path=%TEMP%\fc-repro-leak-20261004-185203\localappdata\tw.fintools.fc-host\wallpaper\m-7ebe8f017cddc2d6-b.png wh=3840x2160 body=raw open_ms=265.7 page_ms=469.2 to_png_ms=734.9 close_ms=3.1 write_ms=18.0 warnings=0
1791111742758 VERIFY n=352 dims=Some((3840, 2160)) expect=3840x2160 own_files=2 PASS
1791111742931 BROWSER-EXIT n=352 pid=50248 after_return_ms=173.9
1791111743758 PREV-BROWSER n=353 prev_n=352 pid=50248 alive=false
1791111743758 RENDER-START n=353
1791111744545 RENDER-OK n=353 id=353 browser_pid=Some(94740) slot=A path=%TEMP%\fc-repro-leak-20261004-185203\localappdata\tw.fintools.fc-host\wallpaper\m-7ebe8f017cddc2d6-a.png wh=3840x2160 body=raw open_ms=303.2 page_ms=462.8 to_png_ms=765.9 close_ms=3.3 write_ms=17.5 warnings=0
1791111744545 VERIFY n=353 dims=Some((3840, 2160)) expect=3840x2160 own_files=2 PASS
1791111744724 BROWSER-EXIT n=353 pid=94740 after_return_ms=179.1
1791111745545 PREV-BROWSER n=354 prev_n=353 pid=94740 alive=false
1791111745545 RENDER-START n=354
1791111746254 RENDER-OK n=354 id=354 browser_pid=Some(18404) slot=B path=%TEMP%\fc-repro-leak-20261004-185203\localappdata\tw.fintools.fc-host\wallpaper\m-7ebe8f017cddc2d6-b.png wh=3840x2160 body=raw open_ms=250.2 page_ms=444.2 to_png_ms=694.4 close_ms=4.2 write_ms=10.1 warnings=0
1791111746254 VERIFY n=354 dims=Some((3840, 2160)) expect=3840x2160 own_files=2 PASS
1791111746435 BROWSER-EXIT n=354 pid=18404 after_return_ms=180.9
1791111747254 PREV-BROWSER n=355 prev_n=354 pid=18404 alive=false
1791111747254 RENDER-START n=355
1791111747994 RENDER-OK n=355 id=355 browser_pid=Some(54468) slot=A path=%TEMP%\fc-repro-leak-20261004-185203\localappdata\tw.fintools.fc-host\wallpaper\m-7ebe8f017cddc2d6-a.png wh=3840x2160 body=raw open_ms=268.6 page_ms=449.4 to_png_ms=718.0 close_ms=3.8 write_ms=17.8 warnings=0
1791111747994 VERIFY n=355 dims=Some((3840, 2160)) expect=3840x2160 own_files=2 PASS
1791111748176 BROWSER-EXIT n=355 pid=54468 after_return_ms=182.5
1791111748994 PREV-BROWSER n=356 prev_n=355 pid=54468 alive=false
1791111748995 RENDER-START n=356
1791111749773 RENDER-OK n=356 id=356 browser_pid=Some(106312) slot=B path=%TEMP%\fc-repro-leak-20261004-185203\localappdata\tw.fintools.fc-host\wallpaper\m-7ebe8f017cddc2d6-b.png wh=3840x2160 body=raw open_ms=299.3 page_ms=455.8 to_png_ms=755.1 close_ms=4.1 write_ms=18.7 warnings=0
1791111749773 VERIFY n=356 dims=Some((3840, 2160)) expect=3840x2160 own_files=2 PASS
1791111749951 BROWSER-EXIT n=356 pid=106312 after_return_ms=178.4
1791111750773 PREV-BROWSER n=357 prev_n=356 pid=106312 alive=false
1791111750773 RENDER-START n=357
1791111751499 RENDER-OK n=357 id=357 browser_pid=Some(113576) slot=A path=%TEMP%\fc-repro-leak-20261004-185203\localappdata\tw.fintools.fc-host\wallpaper\m-7ebe8f017cddc2d6-a.png wh=3840x2160 body=raw open_ms=256.0 page_ms=448.7 to_png_ms=704.8 close_ms=3.2 write_ms=18.1 warnings=0
1791111751500 VERIFY n=357 dims=Some((3840, 2160)) expect=3840x2160 own_files=2 PASS
1791111751683 BROWSER-EXIT n=357 pid=113576 after_return_ms=183.3
1791111752500 PREV-BROWSER n=358 prev_n=357 pid=113576 alive=false
1791111752500 RENDER-START n=358
1791111753240 RENDER-OK n=358 id=358 browser_pid=Some(13788) slot=B path=%TEMP%\fc-repro-leak-20261004-185203\localappdata\tw.fintools.fc-host\wallpaper\m-7ebe8f017cddc2d6-b.png wh=3840x2160 body=raw open_ms=261.0 page_ms=458.4 to_png_ms=719.4 close_ms=3.5 write_ms=17.4 warnings=0
1791111753240 VERIFY n=358 dims=Some((3840, 2160)) expect=3840x2160 own_files=2 PASS
1791111753418 BROWSER-EXIT n=358 pid=13788 after_return_ms=177.6
1791111754240 PREV-BROWSER n=359 prev_n=358 pid=13788 alive=false
1791111754240 RENDER-START n=359
1791111754964 RENDER-OK n=359 id=359 browser_pid=Some(92100) slot=A path=%TEMP%\fc-repro-leak-20261004-185203\localappdata\tw.fintools.fc-host\wallpaper\m-7ebe8f017cddc2d6-a.png wh=3840x2160 body=raw open_ms=262.2 page_ms=446.4 to_png_ms=708.6 close_ms=3.3 write_ms=11.6 warnings=0
1791111754965 VERIFY n=359 dims=Some((3840, 2160)) expect=3840x2160 own_files=2 PASS
1791111755147 BROWSER-EXIT n=359 pid=92100 after_return_ms=183.2
1791111755964 PREV-BROWSER n=360 prev_n=359 pid=92100 alive=false
1791111755965 RENDER-START n=360
1791111756712 RENDER-OK n=360 id=360 browser_pid=Some(89952) slot=B path=%TEMP%\fc-repro-leak-20261004-185203\localappdata\tw.fintools.fc-host\wallpaper\m-7ebe8f017cddc2d6-b.png wh=3840x2160 body=raw open_ms=290.2 page_ms=437.3 to_png_ms=727.5 close_ms=3.6 write_ms=16.1 warnings=0
1791111756712 VERIFY n=360 dims=Some((3840, 2160)) expect=3840x2160 own_files=2 PASS
1791111756899 BROWSER-EXIT n=360 pid=89952 after_return_ms=186.8
1791111757712 PREV-BROWSER n=361 prev_n=360 pid=89952 alive=false
1791111757712 RENDER-START n=361
1791111758519 RENDER-OK n=361 id=361 browser_pid=Some(113540) slot=A path=%TEMP%\fc-repro-leak-20261004-185203\localappdata\tw.fintools.fc-host\wallpaper\m-7ebe8f017cddc2d6-a.png wh=3840x2160 body=raw open_ms=339.3 page_ms=453.6 to_png_ms=792.9 close_ms=3.2 write_ms=10.3 warnings=0
1791111758519 VERIFY n=361 dims=Some((3840, 2160)) expect=3840x2160 own_files=2 PASS
1791111758709 BROWSER-EXIT n=361 pid=113540 after_return_ms=190.0
1791111759519 PREV-BROWSER n=362 prev_n=361 pid=113540 alive=false
1791111759519 RENDER-START n=362
1791111760248 RENDER-OK n=362 id=362 browser_pid=Some(86092) slot=B path=%TEMP%\fc-repro-leak-20261004-185203\localappdata\tw.fintools.fc-host\wallpaper\m-7ebe8f017cddc2d6-b.png wh=3840x2160 body=raw open_ms=258.7 page_ms=448.3 to_png_ms=707.0 close_ms=3.2 write_ms=18.4 warnings=0
1791111760248 VERIFY n=362 dims=Some((3840, 2160)) expect=3840x2160 own_files=2 PASS
1791111760427 BROWSER-EXIT n=362 pid=86092 after_return_ms=178.9
1791111761249 PREV-BROWSER n=363 prev_n=362 pid=86092 alive=false
1791111761249 RENDER-START n=363
1791111761987 RENDER-OK n=363 id=363 browser_pid=Some(112096) slot=A path=%TEMP%\fc-repro-leak-20261004-185203\localappdata\tw.fintools.fc-host\wallpaper\m-7ebe8f017cddc2d6-a.png wh=3840x2160 body=raw open_ms=274.5 page_ms=448.5 to_png_ms=723.0 close_ms=3.5 write_ms=11.4 warnings=0
1791111761987 VERIFY n=363 dims=Some((3840, 2160)) expect=3840x2160 own_files=2 PASS
1791111762172 BROWSER-EXIT n=363 pid=112096 after_return_ms=184.9
1791111762987 PREV-BROWSER n=364 prev_n=363 pid=112096 alive=false
1791111762987 RENDER-START n=364
1791111763711 RENDER-OK n=364 id=364 browser_pid=Some(113572) slot=B path=%TEMP%\fc-repro-leak-20261004-185203\localappdata\tw.fintools.fc-host\wallpaper\m-7ebe8f017cddc2d6-b.png wh=3840x2160 body=raw open_ms=260.3 page_ms=442.5 to_png_ms=702.8 close_ms=3.3 write_ms=17.5 warnings=0
1791111763712 VERIFY n=364 dims=Some((3840, 2160)) expect=3840x2160 own_files=2 PASS
1791111763896 BROWSER-EXIT n=364 pid=113572 after_return_ms=184.8
1791111764712 PREV-BROWSER n=365 prev_n=364 pid=113572 alive=false
1791111764712 RENDER-START n=365
1791111765438 RENDER-OK n=365 id=365 browser_pid=Some(69244) slot=A path=%TEMP%\fc-repro-leak-20261004-185203\localappdata\tw.fintools.fc-host\wallpaper\m-7ebe8f017cddc2d6-a.png wh=3840x2160 body=raw open_ms=252.4 page_ms=453.7 to_png_ms=706.1 close_ms=3.3 write_ms=16.9 warnings=0
1791111765439 VERIFY n=365 dims=Some((3840, 2160)) expect=3840x2160 own_files=2 PASS
1791111765615 BROWSER-EXIT n=365 pid=69244 after_return_ms=177.0
1791111766439 PREV-BROWSER n=366 prev_n=365 pid=69244 alive=false
1791111766439 RENDER-START n=366
1791111767226 RENDER-OK n=366 id=366 browser_pid=Some(31080) slot=B path=%TEMP%\fc-repro-leak-20261004-185203\localappdata\tw.fintools.fc-host\wallpaper\m-7ebe8f017cddc2d6-b.png wh=3840x2160 body=raw open_ms=327.5 page_ms=438.7 to_png_ms=766.2 close_ms=3.0 write_ms=17.6 warnings=0
1791111767226 VERIFY n=366 dims=Some((3840, 2160)) expect=3840x2160 own_files=2 PASS
1791111767405 BROWSER-EXIT n=366 pid=31080 after_return_ms=179.1
1791111768226 PREV-BROWSER n=367 prev_n=366 pid=31080 alive=false
1791111768226 RENDER-START n=367
1791111768962 RENDER-OK n=367 id=367 browser_pid=Some(17816) slot=A path=%TEMP%\fc-repro-leak-20261004-185203\localappdata\tw.fintools.fc-host\wallpaper\m-7ebe8f017cddc2d6-a.png wh=3840x2160 body=raw open_ms=263.6 page_ms=449.8 to_png_ms=713.4 close_ms=3.2 write_ms=18.7 warnings=0
1791111768962 VERIFY n=367 dims=Some((3840, 2160)) expect=3840x2160 own_files=2 PASS
1791111769145 BROWSER-EXIT n=367 pid=17816 after_return_ms=183.0
1791111769962 PREV-BROWSER n=368 prev_n=367 pid=17816 alive=false
1791111769962 RENDER-START n=368
1791111770685 RENDER-OK n=368 id=368 browser_pid=Some(96888) slot=B path=%TEMP%\fc-repro-leak-20261004-185203\localappdata\tw.fintools.fc-host\wallpaper\m-7ebe8f017cddc2d6-b.png wh=3840x2160 body=raw open_ms=256.4 page_ms=447.0 to_png_ms=703.3 close_ms=3.0 write_ms=16.8 warnings=0
1791111770686 VERIFY n=368 dims=Some((3840, 2160)) expect=3840x2160 own_files=2 PASS
1791111770868 BROWSER-EXIT n=368 pid=96888 after_return_ms=182.6
1791111771686 PREV-BROWSER n=369 prev_n=368 pid=96888 alive=false
1791111771686 RENDER-START n=369
1791111772414 RENDER-OK n=369 id=369 browser_pid=Some(101984) slot=A path=%TEMP%\fc-repro-leak-20261004-185203\localappdata\tw.fintools.fc-host\wallpaper\m-7ebe8f017cddc2d6-a.png wh=3840x2160 body=raw open_ms=270.6 page_ms=436.3 to_png_ms=706.9 close_ms=3.5 write_ms=17.8 warnings=0
1791111772414 VERIFY n=369 dims=Some((3840, 2160)) expect=3840x2160 own_files=2 PASS
1791111772587 BROWSER-EXIT n=369 pid=101984 after_return_ms=172.8
1791111773414 PREV-BROWSER n=370 prev_n=369 pid=101984 alive=false
1791111773414 RENDER-START n=370
1791111774130 RENDER-OK n=370 id=370 browser_pid=Some(110740) slot=B path=%TEMP%\fc-repro-leak-20261004-185203\localappdata\tw.fintools.fc-host\wallpaper\m-7ebe8f017cddc2d6-b.png wh=3840x2160 body=raw open_ms=267.8 page_ms=434.1 to_png_ms=701.9 close_ms=2.8 write_ms=11.1 warnings=0
1791111774130 VERIFY n=370 dims=Some((3840, 2160)) expect=3840x2160 own_files=2 PASS
1791111774320 BROWSER-EXIT n=370 pid=110740 after_return_ms=189.9
1791111775130 PREV-BROWSER n=371 prev_n=370 pid=110740 alive=false
1791111775130 RENDER-START n=371
1791111775842 RENDER-OK n=371 id=371 browser_pid=Some(113108) slot=A path=%TEMP%\fc-repro-leak-20261004-185203\localappdata\tw.fintools.fc-host\wallpaper\m-7ebe8f017cddc2d6-a.png wh=3840x2160 body=raw open_ms=254.6 page_ms=441.4 to_png_ms=696.0 close_ms=3.4 write_ms=12.1 warnings=0
1791111775842 VERIFY n=371 dims=Some((3840, 2160)) expect=3840x2160 own_files=2 PASS
1791111776019 BROWSER-EXIT n=371 pid=113108 after_return_ms=176.8
1791111776842 PREV-BROWSER n=372 prev_n=371 pid=113108 alive=false
1791111776842 RENDER-START n=372
1791111777556 RENDER-OK n=372 id=372 browser_pid=Some(85624) slot=B path=%TEMP%\fc-repro-leak-20261004-185203\localappdata\tw.fintools.fc-host\wallpaper\m-7ebe8f017cddc2d6-b.png wh=3840x2160 body=raw open_ms=263.1 page_ms=437.2 to_png_ms=700.3 close_ms=3.1 write_ms=10.5 warnings=0
1791111777556 VERIFY n=372 dims=Some((3840, 2160)) expect=3840x2160 own_files=2 PASS
1791111777736 BROWSER-EXIT n=372 pid=85624 after_return_ms=179.5
1791111778557 PREV-BROWSER n=373 prev_n=372 pid=85624 alive=false
1791111778557 RENDER-START n=373
1791111779282 RENDER-OK n=373 id=373 browser_pid=Some(87360) slot=A path=%TEMP%\fc-repro-leak-20261004-185203\localappdata\tw.fintools.fc-host\wallpaper\m-7ebe8f017cddc2d6-a.png wh=3840x2160 body=raw open_ms=271.1 page_ms=434.5 to_png_ms=705.6 close_ms=3.5 write_ms=15.5 warnings=0
1791111779282 VERIFY n=373 dims=Some((3840, 2160)) expect=3840x2160 own_files=2 PASS
1791111779460 BROWSER-EXIT n=373 pid=87360 after_return_ms=178.4
1791111780282 PREV-BROWSER n=374 prev_n=373 pid=87360 alive=false
1791111780282 RENDER-START n=374
1791111780999 RENDER-OK n=374 id=374 browser_pid=Some(88504) slot=B path=%TEMP%\fc-repro-leak-20261004-185203\localappdata\tw.fintools.fc-host\wallpaper\m-7ebe8f017cddc2d6-b.png wh=3840x2160 body=raw open_ms=255.0 page_ms=441.2 to_png_ms=696.1 close_ms=3.4 write_ms=17.6 warnings=0
1791111780999 VERIFY n=374 dims=Some((3840, 2160)) expect=3840x2160 own_files=2 PASS
1791111781178 BROWSER-EXIT n=374 pid=88504 after_return_ms=178.6
1791111781999 PREV-BROWSER n=375 prev_n=374 pid=88504 alive=false
1791111781999 RENDER-START n=375
1791111782705 RENDER-OK n=375 id=375 browser_pid=Some(97492) slot=A path=%TEMP%\fc-repro-leak-20261004-185203\localappdata\tw.fintools.fc-host\wallpaper\m-7ebe8f017cddc2d6-a.png wh=3840x2160 body=raw open_ms=254.8 page_ms=434.2 to_png_ms=689.0 close_ms=3.5 write_ms=12.8 warnings=0
1791111782705 VERIFY n=375 dims=Some((3840, 2160)) expect=3840x2160 own_files=2 PASS
1791111782894 BROWSER-EXIT n=375 pid=97492 after_return_ms=188.6
1791111783705 PREV-BROWSER n=376 prev_n=375 pid=97492 alive=false
1791111783705 RENDER-START n=376
1791111784501 RENDER-OK n=376 id=376 browser_pid=Some(89632) slot=B path=%TEMP%\fc-repro-leak-20261004-185203\localappdata\tw.fintools.fc-host\wallpaper\m-7ebe8f017cddc2d6-b.png wh=3840x2160 body=raw open_ms=329.9 page_ms=444.4 to_png_ms=774.3 close_ms=3.4 write_ms=17.9 warnings=0
1791111784501 VERIFY n=376 dims=Some((3840, 2160)) expect=3840x2160 own_files=2 PASS
1791111784679 BROWSER-EXIT n=376 pid=89632 after_return_ms=178.0
1791111785501 PREV-BROWSER n=377 prev_n=376 pid=89632 alive=false
1791111785502 RENDER-START n=377
1791111786230 RENDER-OK n=377 id=377 browser_pid=Some(85452) slot=A path=%TEMP%\fc-repro-leak-20261004-185203\localappdata\tw.fintools.fc-host\wallpaper\m-7ebe8f017cddc2d6-a.png wh=3840x2160 body=raw open_ms=264.6 page_ms=442.0 to_png_ms=706.6 close_ms=3.5 write_ms=17.7 warnings=0
1791111786230 VERIFY n=377 dims=Some((3840, 2160)) expect=3840x2160 own_files=2 PASS
1791111786415 BROWSER-EXIT n=377 pid=85452 after_return_ms=185.6
1791111787230 PREV-BROWSER n=378 prev_n=377 pid=85452 alive=false
1791111787230 RENDER-START n=378
1791111788026 RENDER-OK n=378 id=378 browser_pid=Some(107868) slot=B path=%TEMP%\fc-repro-leak-20261004-185203\localappdata\tw.fintools.fc-host\wallpaper\m-7ebe8f017cddc2d6-b.png wh=3840x2160 body=raw open_ms=323.2 page_ms=451.9 to_png_ms=775.2 close_ms=3.1 write_ms=17.1 warnings=0
1791111788026 VERIFY n=378 dims=Some((3840, 2160)) expect=3840x2160 own_files=2 PASS
1791111788206 BROWSER-EXIT n=378 pid=107868 after_return_ms=180.2
1791111789026 PREV-BROWSER n=379 prev_n=378 pid=107868 alive=false
1791111789026 RENDER-START n=379
1791111789852 RENDER-OK n=379 id=379 browser_pid=Some(68056) slot=A path=%TEMP%\fc-repro-leak-20261004-185203\localappdata\tw.fintools.fc-host\wallpaper\m-7ebe8f017cddc2d6-a.png wh=3840x2160 body=raw open_ms=341.7 page_ms=469.9 to_png_ms=811.6 close_ms=3.2 write_ms=11.1 warnings=0
1791111789852 VERIFY n=379 dims=Some((3840, 2160)) expect=3840x2160 own_files=2 PASS
1791111790036 BROWSER-EXIT n=379 pid=68056 after_return_ms=183.7
1791111790852 PREV-BROWSER n=380 prev_n=379 pid=68056 alive=false
1791111790853 RENDER-START n=380
1791111791565 RENDER-OK n=380 id=380 browser_pid=Some(111044) slot=B path=%TEMP%\fc-repro-leak-20261004-185203\localappdata\tw.fintools.fc-host\wallpaper\m-7ebe8f017cddc2d6-b.png wh=3840x2160 body=raw open_ms=255.0 page_ms=437.2 to_png_ms=692.2 close_ms=3.0 write_ms=17.3 warnings=0
1791111791566 VERIFY n=380 dims=Some((3840, 2160)) expect=3840x2160 own_files=2 PASS
1791111791742 BROWSER-EXIT n=380 pid=111044 after_return_ms=176.7
1791111792566 PREV-BROWSER n=381 prev_n=380 pid=111044 alive=false
1791111792566 RENDER-START n=381
1791111793288 RENDER-OK n=381 id=381 browser_pid=Some(99448) slot=A path=%TEMP%\fc-repro-leak-20261004-185203\localappdata\tw.fintools.fc-host\wallpaper\m-7ebe8f017cddc2d6-a.png wh=3840x2160 body=raw open_ms=257.0 page_ms=444.2 to_png_ms=701.1 close_ms=3.5 write_ms=17.5 warnings=0
1791111793288 VERIFY n=381 dims=Some((3840, 2160)) expect=3840x2160 own_files=2 PASS
1791111793458 BROWSER-EXIT n=381 pid=99448 after_return_ms=170.2
1791111794288 PREV-BROWSER n=382 prev_n=381 pid=99448 alive=false
1791111794288 RENDER-START n=382
1791111795044 RENDER-OK n=382 id=382 browser_pid=Some(113316) slot=B path=%TEMP%\fc-repro-leak-20261004-185203\localappdata\tw.fintools.fc-host\wallpaper\m-7ebe8f017cddc2d6-b.png wh=3840x2160 body=raw open_ms=276.1 page_ms=459.9 to_png_ms=735.9 close_ms=2.9 write_ms=16.7 warnings=0
1791111795044 VERIFY n=382 dims=Some((3840, 2160)) expect=3840x2160 own_files=2 PASS
1791111795223 BROWSER-EXIT n=382 pid=113316 after_return_ms=178.5
1791111796044 PREV-BROWSER n=383 prev_n=382 pid=113316 alive=false
1791111796045 RENDER-START n=383
1791111796756 RENDER-OK n=383 id=383 browser_pid=Some(111572) slot=A path=%TEMP%\fc-repro-leak-20261004-185203\localappdata\tw.fintools.fc-host\wallpaper\m-7ebe8f017cddc2d6-a.png wh=3840x2160 body=raw open_ms=255.4 page_ms=441.7 to_png_ms=697.1 close_ms=3.4 write_ms=10.5 warnings=0
1791111796756 VERIFY n=383 dims=Some((3840, 2160)) expect=3840x2160 own_files=2 PASS
1791111796938 BROWSER-EXIT n=383 pid=111572 after_return_ms=182.6
1791111797756 PREV-BROWSER n=384 prev_n=383 pid=111572 alive=false
1791111797756 RENDER-START n=384
1791111798501 RENDER-OK n=384 id=384 browser_pid=Some(67580) slot=B path=%TEMP%\fc-repro-leak-20261004-185203\localappdata\tw.fintools.fc-host\wallpaper\m-7ebe8f017cddc2d6-b.png wh=3840x2160 body=raw open_ms=291.5 page_ms=433.3 to_png_ms=724.8 close_ms=3.0 write_ms=16.8 warnings=0
1791111798501 VERIFY n=384 dims=Some((3840, 2160)) expect=3840x2160 own_files=2 PASS
1791111798684 BROWSER-EXIT n=384 pid=67580 after_return_ms=183.5
1791111799501 PREV-BROWSER n=385 prev_n=384 pid=67580 alive=false
1791111799501 RENDER-START n=385
1791111800235 RENDER-OK n=385 id=385 browser_pid=Some(76140) slot=A path=%TEMP%\fc-repro-leak-20261004-185203\localappdata\tw.fintools.fc-host\wallpaper\m-7ebe8f017cddc2d6-a.png wh=3840x2160 body=raw open_ms=259.7 page_ms=452.9 to_png_ms=712.6 close_ms=3.0 write_ms=17.7 warnings=0
1791111800235 VERIFY n=385 dims=Some((3840, 2160)) expect=3840x2160 own_files=2 PASS
1791111800414 BROWSER-EXIT n=385 pid=76140 after_return_ms=179.4
1791111801235 PREV-BROWSER n=386 prev_n=385 pid=76140 alive=false
1791111801235 RENDER-START n=386
1791111801956 RENDER-OK n=386 id=386 browser_pid=Some(72468) slot=B path=%TEMP%\fc-repro-leak-20261004-185203\localappdata\tw.fintools.fc-host\wallpaper\m-7ebe8f017cddc2d6-b.png wh=3840x2160 body=raw open_ms=260.6 page_ms=439.3 to_png_ms=699.9 close_ms=3.3 write_ms=17.0 warnings=0
1791111801956 VERIFY n=386 dims=Some((3840, 2160)) expect=3840x2160 own_files=2 PASS
1791111802139 BROWSER-EXIT n=386 pid=72468 after_return_ms=183.6
1791111802956 PREV-BROWSER n=387 prev_n=386 pid=72468 alive=false
1791111802956 RENDER-START n=387
1791111803671 RENDER-OK n=387 id=387 browser_pid=Some(63180) slot=A path=%TEMP%\fc-repro-leak-20261004-185203\localappdata\tw.fintools.fc-host\wallpaper\m-7ebe8f017cddc2d6-a.png wh=3840x2160 body=raw open_ms=263.1 page_ms=430.8 to_png_ms=693.9 close_ms=3.6 write_ms=17.6 warnings=0
1791111803671 VERIFY n=387 dims=Some((3840, 2160)) expect=3840x2160 own_files=2 PASS
1791111803850 BROWSER-EXIT n=387 pid=63180 after_return_ms=178.7
1791111804671 PREV-BROWSER n=388 prev_n=387 pid=63180 alive=false
1791111804671 RENDER-START n=388
1791111805413 RENDER-OK n=388 id=388 browser_pid=Some(86648) slot=B path=%TEMP%\fc-repro-leak-20261004-185203\localappdata\tw.fintools.fc-host\wallpaper\m-7ebe8f017cddc2d6-b.png wh=3840x2160 body=raw open_ms=270.0 page_ms=450.9 to_png_ms=720.9 close_ms=3.0 write_ms=17.5 warnings=0
1791111805413 VERIFY n=388 dims=Some((3840, 2160)) expect=3840x2160 own_files=2 PASS
1791111805594 BROWSER-EXIT n=388 pid=86648 after_return_ms=181.1
1791111806413 PREV-BROWSER n=389 prev_n=388 pid=86648 alive=false
1791111806413 RENDER-START n=389
1791111807148 RENDER-OK n=389 id=389 browser_pid=Some(63136) slot=A path=%TEMP%\fc-repro-leak-20261004-185203\localappdata\tw.fintools.fc-host\wallpaper\m-7ebe8f017cddc2d6-a.png wh=3840x2160 body=raw open_ms=265.7 page_ms=448.0 to_png_ms=713.7 close_ms=3.3 write_ms=17.4 warnings=0
1791111807148 VERIFY n=389 dims=Some((3840, 2160)) expect=3840x2160 own_files=2 PASS
1791111807323 BROWSER-EXIT n=389 pid=63136 after_return_ms=175.5
1791111808148 PREV-BROWSER n=390 prev_n=389 pid=63136 alive=false
1791111808148 RENDER-START n=390
1791111808858 RENDER-OK n=390 id=390 browser_pid=Some(112856) slot=B path=%TEMP%\fc-repro-leak-20261004-185203\localappdata\tw.fintools.fc-host\wallpaper\m-7ebe8f017cddc2d6-b.png wh=3840x2160 body=raw open_ms=251.5 page_ms=435.7 to_png_ms=687.2 close_ms=3.3 write_ms=18.7 warnings=0
1791111808858 VERIFY n=390 dims=Some((3840, 2160)) expect=3840x2160 own_files=2 PASS
1791111809026 BROWSER-EXIT n=390 pid=112856 after_return_ms=168.1
1791111809858 PREV-BROWSER n=391 prev_n=390 pid=112856 alive=false
1791111809858 RENDER-START n=391
1791111810585 RENDER-OK n=391 id=391 browser_pid=Some(113536) slot=A path=%TEMP%\fc-repro-leak-20261004-185203\localappdata\tw.fintools.fc-host\wallpaper\m-7ebe8f017cddc2d6-a.png wh=3840x2160 body=raw open_ms=261.8 page_ms=442.0 to_png_ms=703.8 close_ms=3.6 write_ms=18.4 warnings=0
1791111810585 VERIFY n=391 dims=Some((3840, 2160)) expect=3840x2160 own_files=2 PASS
1791111810762 BROWSER-EXIT n=391 pid=113536 after_return_ms=177.8
1791111811585 PREV-BROWSER n=392 prev_n=391 pid=113536 alive=false
1791111811585 RENDER-START n=392
1791111812325 RENDER-OK n=392 id=392 browser_pid=Some(83036) slot=B path=%TEMP%\fc-repro-leak-20261004-185203\localappdata\tw.fintools.fc-host\wallpaper\m-7ebe8f017cddc2d6-b.png wh=3840x2160 body=raw open_ms=259.1 page_ms=459.9 to_png_ms=719.0 close_ms=3.6 write_ms=17.6 warnings=0
1791111812325 VERIFY n=392 dims=Some((3840, 2160)) expect=3840x2160 own_files=2 PASS
1791111812506 BROWSER-EXIT n=392 pid=83036 after_return_ms=181.0
1791111813325 PREV-BROWSER n=393 prev_n=392 pid=83036 alive=false
1791111813325 RENDER-START n=393
1791111814036 RENDER-OK n=393 id=393 browser_pid=Some(29732) slot=A path=%TEMP%\fc-repro-leak-20261004-185203\localappdata\tw.fintools.fc-host\wallpaper\m-7ebe8f017cddc2d6-a.png wh=3840x2160 body=raw open_ms=255.4 page_ms=440.1 to_png_ms=695.5 close_ms=3.7 write_ms=11.4 warnings=0
1791111814037 VERIFY n=393 dims=Some((3840, 2160)) expect=3840x2160 own_files=2 PASS
1791111814217 BROWSER-EXIT n=393 pid=29732 after_return_ms=180.6
1791111815036 PREV-BROWSER n=394 prev_n=393 pid=29732 alive=false
1791111815036 RENDER-START n=394
1791111815829 RENDER-OK n=394 id=394 browser_pid=Some(53828) slot=B path=%TEMP%\fc-repro-leak-20261004-185203\localappdata\tw.fintools.fc-host\wallpaper\m-7ebe8f017cddc2d6-b.png wh=3840x2160 body=raw open_ms=318.1 page_ms=453.5 to_png_ms=771.5 close_ms=3.6 write_ms=17.2 warnings=0
1791111815829 VERIFY n=394 dims=Some((3840, 2160)) expect=3840x2160 own_files=2 PASS
1791111816012 BROWSER-EXIT n=394 pid=53828 after_return_ms=182.6
1791111816829 PREV-BROWSER n=395 prev_n=394 pid=53828 alive=false
1791111816829 RENDER-START n=395
1791111817601 RENDER-OK n=395 id=395 browser_pid=Some(85352) slot=A path=%TEMP%\fc-repro-leak-20261004-185203\localappdata\tw.fintools.fc-host\wallpaper\m-7ebe8f017cddc2d6-a.png wh=3840x2160 body=raw open_ms=312.6 page_ms=442.7 to_png_ms=755.4 close_ms=3.3 write_ms=12.4 warnings=0
1791111817601 VERIFY n=395 dims=Some((3840, 2160)) expect=3840x2160 own_files=2 PASS
1791111817783 BROWSER-EXIT n=395 pid=85352 after_return_ms=182.4
1791111818601 PREV-BROWSER n=396 prev_n=395 pid=85352 alive=false
1791111818601 RENDER-START n=396
1791111819335 RENDER-OK n=396 id=396 browser_pid=Some(29052) slot=B path=%TEMP%\fc-repro-leak-20261004-185203\localappdata\tw.fintools.fc-host\wallpaper\m-7ebe8f017cddc2d6-b.png wh=3840x2160 body=raw open_ms=259.7 page_ms=453.9 to_png_ms=713.7 close_ms=3.2 write_ms=17.0 warnings=0
1791111819335 VERIFY n=396 dims=Some((3840, 2160)) expect=3840x2160 own_files=2 PASS
1791111819512 BROWSER-EXIT n=396 pid=29052 after_return_ms=177.2
1791111820336 PREV-BROWSER n=397 prev_n=396 pid=29052 alive=false
1791111820336 RENDER-START n=397
1791111821064 RENDER-OK n=397 id=397 browser_pid=Some(67552) slot=A path=%TEMP%\fc-repro-leak-20261004-185203\localappdata\tw.fintools.fc-host\wallpaper\m-7ebe8f017cddc2d6-a.png wh=3840x2160 body=raw open_ms=268.9 page_ms=446.3 to_png_ms=715.2 close_ms=3.2 write_ms=9.8 warnings=0
1791111821064 VERIFY n=397 dims=Some((3840, 2160)) expect=3840x2160 own_files=2 PASS
1791111821250 BROWSER-EXIT n=397 pid=67552 after_return_ms=186.5
1791111822064 PREV-BROWSER n=398 prev_n=397 pid=67552 alive=false
1791111822064 RENDER-START n=398
1791111822771 RENDER-OK n=398 id=398 browser_pid=Some(104848) slot=B path=%TEMP%\fc-repro-leak-20261004-185203\localappdata\tw.fintools.fc-host\wallpaper\m-7ebe8f017cddc2d6-b.png wh=3840x2160 body=raw open_ms=255.0 page_ms=431.4 to_png_ms=686.4 close_ms=3.2 write_ms=16.9 warnings=0
1791111822771 VERIFY n=398 dims=Some((3840, 2160)) expect=3840x2160 own_files=2 PASS
1791111822951 BROWSER-EXIT n=398 pid=104848 after_return_ms=180.3
1791111823771 PREV-BROWSER n=399 prev_n=398 pid=104848 alive=false
1791111823771 RENDER-START n=399
1791111824568 RENDER-OK n=399 id=399 browser_pid=Some(113628) slot=A path=%TEMP%\fc-repro-leak-20261004-185203\localappdata\tw.fintools.fc-host\wallpaper\m-7ebe8f017cddc2d6-a.png wh=3840x2160 body=raw open_ms=323.7 page_ms=451.6 to_png_ms=775.3 close_ms=3.2 write_ms=17.8 warnings=0
1791111824568 VERIFY n=399 dims=Some((3840, 2160)) expect=3840x2160 own_files=2 PASS
1791111824750 BROWSER-EXIT n=399 pid=113628 after_return_ms=181.8
1791111825568 PREV-BROWSER n=400 prev_n=399 pid=113628 alive=false
1791111825568 RENDER-START n=400
1791111826289 RENDER-OK n=400 id=400 browser_pid=Some(113312) slot=B path=%TEMP%\fc-repro-leak-20261004-185203\localappdata\tw.fintools.fc-host\wallpaper\m-7ebe8f017cddc2d6-b.png wh=3840x2160 body=raw open_ms=260.5 page_ms=445.4 to_png_ms=705.9 close_ms=3.5 write_ms=10.9 warnings=0
1791111826289 VERIFY n=400 dims=Some((3840, 2160)) expect=3840x2160 own_files=2 PASS
1791111826289 RENDER-LOOP-END
1791111826289 TAIL 20 s
1791111826477 BROWSER-EXIT n=400 pid=113312 after_return_ms=188.7
1791111846290 BROWSERS total=400 leaked=0 []
1791111846290 SUMMARY ok=400/400 to_png_median_ms=713.7 to_png_max_ms=932.5 open_median_ms=261.0 open_max_ms=449.3 page_median_ms=450.6 page_max_ms=554.0 close_median_ms=3.4
1791111846290 EXIT code=0
