1791111929406 START FC_HOST_SELF_TEST_RENDER_BUILD pid=8772 args=Args { log: "D:\\projects\\finance-calendar-dynamic-wallpaper\\host\\tools\\evidence\\dw-bug-renderer-pre-prodlike-render.log", count: 1000, interval: 60s, warmup: 5s, tail: 20s, width: 2560, height: 1600, theme: Astrolabe, fixture: true, timeout_at: None, skip_render: false, gap: Some(1s), alt_size: Some((3840, 2160)), pair_idle: Some(3s) }
1791111929406 RENDERER-UDF %TEMP%\fc-repro-leak-20261004-190528\webview2\wallpaper-renderer
1791111929406 OUTPUT dir=%TEMP%\fc-repro-leak-20261004-190528\localappdata\tw.fintools.fc-host\wallpaper key=m-7ebe8f017cddc2d6
1791111929407 WARMUP 5 s
1791111934407 RENDER-START n=1
1791111935156 RENDER-OK n=1 id=1 browser_pid=Some(36984) slot=A path=%TEMP%\fc-repro-leak-20261004-190528\localappdata\tw.fintools.fc-host\wallpaper\m-7ebe8f017cddc2d6-a.png wh=2560x1600 body=raw open_ms=270.6 page_ms=461.2 to_png_ms=731.8 close_ms=2.4 write_ms=14.8 warnings=0
1791111935157 VERIFY n=1 dims=Some((2560, 1600)) expect=2560x1600 own_files=1 PASS
1791111935329 BROWSER-EXIT n=1 pid=36984 after_return_ms=173.2
1791111936157 PREV-BROWSER n=2 prev_n=1 pid=36984 alive=false
1791111936157 RENDER-START n=2
1791111936903 RENDER-OK n=2 id=2 browser_pid=Some(109260) slot=B path=%TEMP%\fc-repro-leak-20261004-190528\localappdata\tw.fintools.fc-host\wallpaper\m-7ebe8f017cddc2d6-b.png wh=3840x2160 body=raw open_ms=257.0 page_ms=453.0 to_png_ms=710.0 close_ms=3.1 write_ms=32.5 warnings=0
1791111936903 VERIFY n=2 dims=Some((3840, 2160)) expect=3840x2160 own_files=2 PASS
1791111937065 BROWSER-EXIT n=2 pid=109260 after_return_ms=162.1
1791111939903 PREV-BROWSER n=3 prev_n=2 pid=109260 alive=false
1791111939903 RENDER-START n=3
1791111940596 RENDER-OK n=3 id=3 browser_pid=Some(28148) slot=A path=%TEMP%\fc-repro-leak-20261004-190528\localappdata\tw.fintools.fc-host\wallpaper\m-7ebe8f017cddc2d6-a.png wh=2560x1600 body=raw open_ms=330.9 page_ms=343.2 to_png_ms=674.1 close_ms=2.3 write_ms=16.6 warnings=0
1791111940596 VERIFY n=3 dims=Some((2560, 1600)) expect=2560x1600 own_files=2 PASS
1791111940767 BROWSER-EXIT n=3 pid=28148 after_return_ms=170.9
1791111941596 PREV-BROWSER n=4 prev_n=3 pid=28148 alive=false
1791111941596 RENDER-START n=4
1791111942370 RENDER-OK n=4 id=4 browser_pid=Some(94524) slot=B path=%TEMP%\fc-repro-leak-20261004-190528\localappdata\tw.fintools.fc-host\wallpaper\m-7ebe8f017cddc2d6-b.png wh=3840x2160 body=raw open_ms=308.8 page_ms=443.5 to_png_ms=752.3 close_ms=3.1 write_ms=17.8 warnings=0
1791111942370 VERIFY n=4 dims=Some((3840, 2160)) expect=3840x2160 own_files=2 PASS
1791111942547 BROWSER-EXIT n=4 pid=94524 after_return_ms=177.7
1791111945370 PREV-BROWSER n=5 prev_n=4 pid=94524 alive=false
1791111945370 RENDER-START n=5
1791111946076 RENDER-OK n=5 id=5 browser_pid=Some(25056) slot=A path=%TEMP%\fc-repro-leak-20261004-190528\localappdata\tw.fintools.fc-host\wallpaper\m-7ebe8f017cddc2d6-a.png wh=2560x1600 body=raw open_ms=315.8 page_ms=377.7 to_png_ms=693.5 close_ms=2.3 write_ms=10.4 warnings=0
1791111946076 VERIFY n=5 dims=Some((2560, 1600)) expect=2560x1600 own_files=2 PASS
1791111946268 BROWSER-EXIT n=5 pid=25056 after_return_ms=192.0
1791111947076 PREV-BROWSER n=6 prev_n=5 pid=25056 alive=false
1791111947077 RENDER-START n=6
1791111947883 RENDER-OK n=6 id=6 browser_pid=Some(45536) slot=B path=%TEMP%\fc-repro-leak-20261004-190528\localappdata\tw.fintools.fc-host\wallpaper\m-7ebe8f017cddc2d6-b.png wh=3840x2160 body=raw open_ms=287.4 page_ms=497.0 to_png_ms=784.4 close_ms=3.3 write_ms=18.1 warnings=0
1791111947883 VERIFY n=6 dims=Some((3840, 2160)) expect=3840x2160 own_files=2 PASS
1791111948069 BROWSER-EXIT n=6 pid=45536 after_return_ms=185.7
1791111950883 PREV-BROWSER n=7 prev_n=6 pid=45536 alive=false
1791111950883 RENDER-START n=7
1791111951500 RENDER-OK n=7 id=7 browser_pid=Some(112736) slot=A path=%TEMP%\fc-repro-leak-20261004-190528\localappdata\tw.fintools.fc-host\wallpaper\m-7ebe8f017cddc2d6-a.png wh=2560x1600 body=raw open_ms=254.5 page_ms=341.3 to_png_ms=595.8 close_ms=2.5 write_ms=18.5 warnings=0
1791111951501 VERIFY n=7 dims=Some((2560, 1600)) expect=2560x1600 own_files=2 PASS
1791111951674 BROWSER-EXIT n=7 pid=112736 after_return_ms=173.5
1791111952501 PREV-BROWSER n=8 prev_n=7 pid=112736 alive=false
1791111952501 RENDER-START n=8
1791111953211 RENDER-OK n=8 id=8 browser_pid=Some(99900) slot=B path=%TEMP%\fc-repro-leak-20261004-190528\localappdata\tw.fintools.fc-host\wallpaper\m-7ebe8f017cddc2d6-b.png wh=3840x2160 body=raw open_ms=255.8 page_ms=439.2 to_png_ms=695.0 close_ms=3.4 write_ms=11.6 warnings=0
1791111953211 VERIFY n=8 dims=Some((3840, 2160)) expect=3840x2160 own_files=2 PASS
1791111953399 BROWSER-EXIT n=8 pid=99900 after_return_ms=187.7
1791111956211 PREV-BROWSER n=9 prev_n=8 pid=99900 alive=false
1791111956211 RENDER-START n=9
1791111956827 RENDER-OK n=9 id=9 browser_pid=Some(108636) slot=A path=%TEMP%\fc-repro-leak-20261004-190528\localappdata\tw.fintools.fc-host\wallpaper\m-7ebe8f017cddc2d6-a.png wh=2560x1600 body=raw open_ms=262.9 page_ms=332.7 to_png_ms=595.6 close_ms=2.0 write_ms=17.8 warnings=0
1791111956827 VERIFY n=9 dims=Some((2560, 1600)) expect=2560x1600 own_files=2 PASS
1791111957008 BROWSER-EXIT n=9 pid=108636 after_return_ms=180.4
1791111957827 PREV-BROWSER n=10 prev_n=9 pid=108636 alive=false
1791111957827 RENDER-START n=10
1791111958557 RENDER-OK n=10 id=10 browser_pid=Some(111280) slot=B path=%TEMP%\fc-repro-leak-20261004-190528\localappdata\tw.fintools.fc-host\wallpaper\m-7ebe8f017cddc2d6-b.png wh=3840x2160 body=raw open_ms=263.6 page_ms=443.3 to_png_ms=706.8 close_ms=3.6 write_ms=18.5 warnings=0
1791111958557 VERIFY n=10 dims=Some((3840, 2160)) expect=3840x2160 own_files=2 PASS
1791111958761 BROWSER-EXIT n=10 pid=111280 after_return_ms=204.5
1791111961557 PREV-BROWSER n=11 prev_n=10 pid=111280 alive=false
1791111961557 RENDER-START n=11
1791111962183 RENDER-OK n=11 id=11 browser_pid=Some(113088) slot=A path=%TEMP%\fc-repro-leak-20261004-190528\localappdata\tw.fintools.fc-host\wallpaper\m-7ebe8f017cddc2d6-a.png wh=2560x1600 body=raw open_ms=258.2 page_ms=348.1 to_png_ms=606.2 close_ms=2.6 write_ms=17.1 warnings=0
1791111962183 VERIFY n=11 dims=Some((2560, 1600)) expect=2560x1600 own_files=2 PASS
1791111962347 BROWSER-EXIT n=11 pid=113088 after_return_ms=163.6
1791111963183 PREV-BROWSER n=12 prev_n=11 pid=113088 alive=false
1791111963183 RENDER-START n=12
1791111963896 RENDER-OK n=12 id=12 browser_pid=Some(113628) slot=B path=%TEMP%\fc-repro-leak-20261004-190528\localappdata\tw.fintools.fc-host\wallpaper\m-7ebe8f017cddc2d6-b.png wh=3840x2160 body=raw open_ms=257.0 page_ms=433.1 to_png_ms=690.1 close_ms=3.4 write_ms=18.9 warnings=0
1791111963896 VERIFY n=12 dims=Some((3840, 2160)) expect=3840x2160 own_files=2 PASS
1791111964062 BROWSER-EXIT n=12 pid=113628 after_return_ms=166.3
1791111966896 PREV-BROWSER n=13 prev_n=12 pid=113628 alive=false
1791111966897 RENDER-START n=13
1791111967529 RENDER-OK n=13 id=13 browser_pid=Some(86516) slot=A path=%TEMP%\fc-repro-leak-20261004-190528\localappdata\tw.fintools.fc-host\wallpaper\m-7ebe8f017cddc2d6-a.png wh=2560x1600 body=raw open_ms=258.6 page_ms=353.9 to_png_ms=612.5 close_ms=2.3 write_ms=17.0 warnings=0
1791111967529 VERIFY n=13 dims=Some((2560, 1600)) expect=2560x1600 own_files=2 PASS
1791111967701 BROWSER-EXIT n=13 pid=86516 after_return_ms=172.8
1791111968529 PREV-BROWSER n=14 prev_n=13 pid=86516 alive=false
1791111968529 RENDER-START n=14
1791111969269 RENDER-OK n=14 id=14 browser_pid=Some(87620) slot=B path=%TEMP%\fc-repro-leak-20261004-190528\localappdata\tw.fintools.fc-host\wallpaper\m-7ebe8f017cddc2d6-b.png wh=3840x2160 body=raw open_ms=261.4 page_ms=455.8 to_png_ms=717.2 close_ms=3.2 write_ms=19.6 warnings=0
1791111969269 VERIFY n=14 dims=Some((3840, 2160)) expect=3840x2160 own_files=2 PASS
1791111969450 BROWSER-EXIT n=14 pid=87620 after_return_ms=180.8
1791111972269 PREV-BROWSER n=15 prev_n=14 pid=87620 alive=false
1791111972269 RENDER-START n=15
1791111972935 RENDER-OK n=15 id=15 browser_pid=Some(13628) slot=A path=%TEMP%\fc-repro-leak-20261004-190528\localappdata\tw.fintools.fc-host\wallpaper\m-7ebe8f017cddc2d6-a.png wh=2560x1600 body=raw open_ms=273.3 page_ms=370.3 to_png_ms=643.6 close_ms=2.8 write_ms=18.4 warnings=0
1791111972935 VERIFY n=15 dims=Some((2560, 1600)) expect=2560x1600 own_files=2 PASS
1791111973101 BROWSER-EXIT n=15 pid=13628 after_return_ms=166.2
1791111973935 PREV-BROWSER n=16 prev_n=15 pid=13628 alive=false
1791111973935 RENDER-START n=16
1791111974750 RENDER-OK n=16 id=16 browser_pid=Some(113268) slot=B path=%TEMP%\fc-repro-leak-20261004-190528\localappdata\tw.fintools.fc-host\wallpaper\m-7ebe8f017cddc2d6-b.png wh=3840x2160 body=raw open_ms=284.0 page_ms=513.5 to_png_ms=797.5 close_ms=4.3 write_ms=12.8 warnings=0
1791111974750 VERIFY n=16 dims=Some((3840, 2160)) expect=3840x2160 own_files=2 PASS
1791111974930 BROWSER-EXIT n=16 pid=113268 after_return_ms=179.6
1791111977750 PREV-BROWSER n=17 prev_n=16 pid=113268 alive=false
1791111977750 RENDER-START n=17
1791111978447 RENDER-OK n=17 id=17 browser_pid=Some(90020) slot=A path=%TEMP%\fc-repro-leak-20261004-190528\localappdata\tw.fintools.fc-host\wallpaper\m-7ebe8f017cddc2d6-a.png wh=2560x1600 body=raw open_ms=283.6 page_ms=390.1 to_png_ms=673.7 close_ms=3.3 write_ms=18.8 warnings=0
1791111978447 VERIFY n=17 dims=Some((2560, 1600)) expect=2560x1600 own_files=2 PASS
1791111978626 BROWSER-EXIT n=17 pid=90020 after_return_ms=180.0
1791111979447 PREV-BROWSER n=18 prev_n=17 pid=90020 alive=false
1791111979447 RENDER-START n=18
1791111980235 RENDER-OK n=18 id=18 browser_pid=Some(57796) slot=B path=%TEMP%\fc-repro-leak-20261004-190528\localappdata\tw.fintools.fc-host\wallpaper\m-7ebe8f017cddc2d6-b.png wh=3840x2160 body=raw open_ms=329.3 page_ms=436.6 to_png_ms=765.8 close_ms=3.1 write_ms=18.5 warnings=0
1791111980235 VERIFY n=18 dims=Some((3840, 2160)) expect=3840x2160 own_files=2 PASS
1791111980413 BROWSER-EXIT n=18 pid=57796 after_return_ms=178.5
1791111983235 PREV-BROWSER n=19 prev_n=18 pid=57796 alive=false
1791111983235 RENDER-START n=19
1791111983871 RENDER-OK n=19 id=19 browser_pid=Some(39580) slot=A path=%TEMP%\fc-repro-leak-20261004-190528\localappdata\tw.fintools.fc-host\wallpaper\m-7ebe8f017cddc2d6-a.png wh=2560x1600 body=raw open_ms=252.2 page_ms=363.7 to_png_ms=615.9 close_ms=2.5 write_ms=17.4 warnings=0
1791111983871 VERIFY n=19 dims=Some((2560, 1600)) expect=2560x1600 own_files=2 PASS
1791111984037 BROWSER-EXIT n=19 pid=39580 after_return_ms=166.1
1791111984871 PREV-BROWSER n=20 prev_n=19 pid=39580 alive=false
1791111984871 RENDER-START n=20
1791111985649 RENDER-OK n=20 id=20 browser_pid=Some(10972) slot=B path=%TEMP%\fc-repro-leak-20261004-190528\localappdata\tw.fintools.fc-host\wallpaper\m-7ebe8f017cddc2d6-b.png wh=3840x2160 body=raw open_ms=314.6 page_ms=440.6 to_png_ms=755.2 close_ms=3.3 write_ms=19.2 warnings=0
1791111985649 VERIFY n=20 dims=Some((3840, 2160)) expect=3840x2160 own_files=2 PASS
1791111985819 BROWSER-EXIT n=20 pid=10972 after_return_ms=170.3
1791111988649 PREV-BROWSER n=21 prev_n=20 pid=10972 alive=false
1791111988650 RENDER-START n=21
1791111989269 RENDER-OK n=21 id=21 browser_pid=Some(91472) slot=A path=%TEMP%\fc-repro-leak-20261004-190528\localappdata\tw.fintools.fc-host\wallpaper\m-7ebe8f017cddc2d6-a.png wh=2560x1600 body=raw open_ms=250.3 page_ms=348.8 to_png_ms=599.2 close_ms=2.3 write_ms=17.7 warnings=0
1791111989269 VERIFY n=21 dims=Some((2560, 1600)) expect=2560x1600 own_files=2 PASS
1791111989445 BROWSER-EXIT n=21 pid=91472 after_return_ms=176.1
1791111990269 PREV-BROWSER n=22 prev_n=21 pid=91472 alive=false
1791111990269 RENDER-START n=22
1791111990993 RENDER-OK n=22 id=22 browser_pid=Some(113348) slot=B path=%TEMP%\fc-repro-leak-20261004-190528\localappdata\tw.fintools.fc-host\wallpaper\m-7ebe8f017cddc2d6-b.png wh=3840x2160 body=raw open_ms=257.2 page_ms=444.0 to_png_ms=701.1 close_ms=3.2 write_ms=18.8 warnings=0
1791111990993 VERIFY n=22 dims=Some((3840, 2160)) expect=3840x2160 own_files=2 PASS
1791111991167 BROWSER-EXIT n=22 pid=113348 after_return_ms=174.1
1791111993993 PREV-BROWSER n=23 prev_n=22 pid=113348 alive=false
1791111993993 RENDER-START n=23
1791111994603 RENDER-OK n=23 id=23 browser_pid=Some(89308) slot=A path=%TEMP%\fc-repro-leak-20261004-190528\localappdata\tw.fintools.fc-host\wallpaper\m-7ebe8f017cddc2d6-a.png wh=2560x1600 body=raw open_ms=259.5 page_ms=331.6 to_png_ms=591.0 close_ms=2.3 write_ms=16.2 warnings=0
1791111994603 VERIFY n=23 dims=Some((2560, 1600)) expect=2560x1600 own_files=2 PASS
1791111994779 BROWSER-EXIT n=23 pid=89308 after_return_ms=175.8
1791111995603 PREV-BROWSER n=24 prev_n=23 pid=89308 alive=false
1791111995603 RENDER-START n=24
1791111996361 RENDER-OK n=24 id=24 browser_pid=Some(110740) slot=B path=%TEMP%\fc-repro-leak-20261004-190528\localappdata\tw.fintools.fc-host\wallpaper\m-7ebe8f017cddc2d6-b.png wh=3840x2160 body=raw open_ms=291.1 page_ms=443.2 to_png_ms=734.2 close_ms=3.3 write_ms=19.5 warnings=0
1791111996361 VERIFY n=24 dims=Some((3840, 2160)) expect=3840x2160 own_files=2 PASS
1791111996534 BROWSER-EXIT n=24 pid=110740 after_return_ms=173.1
1791111999361 PREV-BROWSER n=25 prev_n=24 pid=110740 alive=false
1791111999361 RENDER-START n=25
1791112000054 RENDER-OK n=25 id=25 browser_pid=Some(26308) slot=A path=%TEMP%\fc-repro-leak-20261004-190528\localappdata\tw.fintools.fc-host\wallpaper\m-7ebe8f017cddc2d6-a.png wh=2560x1600 body=raw open_ms=320.5 page_ms=350.9 to_png_ms=671.4 close_ms=2.7 write_ms=17.9 warnings=0
1791112000054 VERIFY n=25 dims=Some((2560, 1600)) expect=2560x1600 own_files=2 PASS
1791112000228 BROWSER-EXIT n=25 pid=26308 after_return_ms=174.5
1791112001054 PREV-BROWSER n=26 prev_n=25 pid=26308 alive=false
1791112001054 RENDER-START n=26
1791112001817 RENDER-OK n=26 id=26 browser_pid=Some(87388) slot=B path=%TEMP%\fc-repro-leak-20261004-190528\localappdata\tw.fintools.fc-host\wallpaper\m-7ebe8f017cddc2d6-b.png wh=3840x2160 body=raw open_ms=303.7 page_ms=443.8 to_png_ms=747.4 close_ms=3.4 write_ms=11.9 warnings=0
1791112001817 VERIFY n=26 dims=Some((3840, 2160)) expect=3840x2160 own_files=2 PASS
1791112002006 BROWSER-EXIT n=26 pid=87388 after_return_ms=189.3
1791112004817 PREV-BROWSER n=27 prev_n=26 pid=87388 alive=false
1791112004817 RENDER-START n=27
1791112005460 RENDER-OK n=27 id=27 browser_pid=Some(91320) slot=A path=%TEMP%\fc-repro-leak-20261004-190528\localappdata\tw.fintools.fc-host\wallpaper\m-7ebe8f017cddc2d6-a.png wh=2560x1600 body=raw open_ms=249.5 page_ms=373.9 to_png_ms=623.4 close_ms=2.4 write_ms=16.9 warnings=0
1791112005460 VERIFY n=27 dims=Some((2560, 1600)) expect=2560x1600 own_files=2 PASS
1791112005637 BROWSER-EXIT n=27 pid=91320 after_return_ms=177.1
1791112006460 PREV-BROWSER n=28 prev_n=27 pid=91320 alive=false
1791112006460 RENDER-START n=28
1791112007251 RENDER-OK n=28 id=28 browser_pid=Some(98048) slot=B path=%TEMP%\fc-repro-leak-20261004-190528\localappdata\tw.fintools.fc-host\wallpaper\m-7ebe8f017cddc2d6-b.png wh=3840x2160 body=raw open_ms=260.4 page_ms=506.5 to_png_ms=766.9 close_ms=3.5 write_ms=20.0 warnings=0
1791112007252 VERIFY n=28 dims=Some((3840, 2160)) expect=3840x2160 own_files=2 PASS
1791112007418 BROWSER-EXIT n=28 pid=98048 after_return_ms=166.5
1791112010252 PREV-BROWSER n=29 prev_n=28 pid=98048 alive=false
1791112010252 RENDER-START n=29
1791112010977 RENDER-OK n=29 id=29 browser_pid=Some(113428) slot=A path=%TEMP%\fc-repro-leak-20261004-190528\localappdata\tw.fintools.fc-host\wallpaper\m-7ebe8f017cddc2d6-a.png wh=2560x1600 body=raw open_ms=302.4 page_ms=401.9 to_png_ms=704.4 close_ms=2.9 write_ms=18.2 warnings=0
1791112010978 VERIFY n=29 dims=Some((2560, 1600)) expect=2560x1600 own_files=2 PASS
1791112011158 BROWSER-EXIT n=29 pid=113428 after_return_ms=181.0
1791112011978 PREV-BROWSER n=30 prev_n=29 pid=113428 alive=false
1791112011978 RENDER-START n=30
1791112012742 RENDER-OK n=30 id=30 browser_pid=Some(97412) slot=B path=%TEMP%\fc-repro-leak-20261004-190528\localappdata\tw.fintools.fc-host\wallpaper\m-7ebe8f017cddc2d6-b.png wh=3840x2160 body=raw open_ms=288.3 page_ms=452.5 to_png_ms=740.8 close_ms=3.8 write_ms=19.2 warnings=0
1791112012742 VERIFY n=30 dims=Some((3840, 2160)) expect=3840x2160 own_files=2 PASS
1791112012916 BROWSER-EXIT n=30 pid=97412 after_return_ms=174.2
1791112015742 PREV-BROWSER n=31 prev_n=30 pid=97412 alive=false
1791112015742 RENDER-START n=31
1791112016374 RENDER-OK n=31 id=31 browser_pid=Some(95076) slot=A path=%TEMP%\fc-repro-leak-20261004-190528\localappdata\tw.fintools.fc-host\wallpaper\m-7ebe8f017cddc2d6-a.png wh=2560x1600 body=raw open_ms=266.4 page_ms=345.1 to_png_ms=611.5 close_ms=2.4 write_ms=17.9 warnings=0
1791112016375 VERIFY n=31 dims=Some((2560, 1600)) expect=2560x1600 own_files=2 PASS
1791112016549 BROWSER-EXIT n=31 pid=95076 after_return_ms=175.0
1791112017375 PREV-BROWSER n=32 prev_n=31 pid=95076 alive=false
1791112017375 RENDER-START n=32
1791112018160 RENDER-OK n=32 id=32 browser_pid=Some(90704) slot=B path=%TEMP%\fc-repro-leak-20261004-190528\localappdata\tw.fintools.fc-host\wallpaper\m-7ebe8f017cddc2d6-b.png wh=3840x2160 body=raw open_ms=311.3 page_ms=451.3 to_png_ms=762.6 close_ms=3.7 write_ms=19.0 warnings=0
1791112018160 VERIFY n=32 dims=Some((3840, 2160)) expect=3840x2160 own_files=2 PASS
1791112018328 BROWSER-EXIT n=32 pid=90704 after_return_ms=167.9
1791112021161 PREV-BROWSER n=33 prev_n=32 pid=90704 alive=false
1791112021161 RENDER-START n=33
1791112021898 RENDER-OK n=33 id=33 browser_pid=Some(111040) slot=A path=%TEMP%\fc-repro-leak-20261004-190528\localappdata\tw.fintools.fc-host\wallpaper\m-7ebe8f017cddc2d6-a.png wh=2560x1600 body=raw open_ms=313.1 page_ms=408.2 to_png_ms=721.3 close_ms=4.0 write_ms=11.8 warnings=0
1791112021898 VERIFY n=33 dims=Some((2560, 1600)) expect=2560x1600 own_files=2 PASS
1791112022081 BROWSER-EXIT n=33 pid=111040 after_return_ms=182.4
1791112022898 PREV-BROWSER n=34 prev_n=33 pid=111040 alive=false
1791112022898 RENDER-START n=34
1791112023661 RENDER-OK n=34 id=34 browser_pid=Some(90348) slot=B path=%TEMP%\fc-repro-leak-20261004-190528\localappdata\tw.fintools.fc-host\wallpaper\m-7ebe8f017cddc2d6-b.png wh=3840x2160 body=raw open_ms=275.9 page_ms=462.6 to_png_ms=738.6 close_ms=3.6 write_ms=20.2 warnings=0
1791112023661 VERIFY n=34 dims=Some((3840, 2160)) expect=3840x2160 own_files=2 PASS
1791112023838 BROWSER-EXIT n=34 pid=90348 after_return_ms=176.8
1791112026661 PREV-BROWSER n=35 prev_n=34 pid=90348 alive=false
1791112026661 RENDER-START n=35
1791112027295 RENDER-OK n=35 id=35 browser_pid=Some(111940) slot=A path=%TEMP%\fc-repro-leak-20261004-190528\localappdata\tw.fintools.fc-host\wallpaper\m-7ebe8f017cddc2d6-a.png wh=2560x1600 body=raw open_ms=266.4 page_ms=347.0 to_png_ms=613.4 close_ms=2.3 write_ms=18.2 warnings=0
1791112027296 VERIFY n=35 dims=Some((2560, 1600)) expect=2560x1600 own_files=2 PASS
1791112027463 BROWSER-EXIT n=35 pid=111940 after_return_ms=168.1
1791112028296 PREV-BROWSER n=36 prev_n=35 pid=111940 alive=false
1791112028296 RENDER-START n=36
1791112029021 RENDER-OK n=36 id=36 browser_pid=Some(106376) slot=B path=%TEMP%\fc-repro-leak-20261004-190528\localappdata\tw.fintools.fc-host\wallpaper\m-7ebe8f017cddc2d6-b.png wh=3840x2160 body=raw open_ms=256.0 page_ms=450.8 to_png_ms=706.8 close_ms=4.7 write_ms=13.3 warnings=0
1791112029021 VERIFY n=36 dims=Some((3840, 2160)) expect=3840x2160 own_files=2 PASS
1791112029201 BROWSER-EXIT n=36 pid=106376 after_return_ms=180.2
1791112032021 PREV-BROWSER n=37 prev_n=36 pid=106376 alive=false
1791112032021 RENDER-START n=37
1791112032637 RENDER-OK n=37 id=37 browser_pid=Some(24792) slot=A path=%TEMP%\fc-repro-leak-20261004-190528\localappdata\tw.fintools.fc-host\wallpaper\m-7ebe8f017cddc2d6-a.png wh=2560x1600 body=raw open_ms=250.6 page_ms=345.4 to_png_ms=596.0 close_ms=2.2 write_ms=17.5 warnings=0
1791112032637 VERIFY n=37 dims=Some((2560, 1600)) expect=2560x1600 own_files=2 PASS
1791112032813 BROWSER-EXIT n=37 pid=24792 after_return_ms=175.4
1791112033638 PREV-BROWSER n=38 prev_n=37 pid=24792 alive=false
1791112033638 RENDER-START n=38
1791112034376 RENDER-OK n=38 id=38 browser_pid=Some(98412) slot=B path=%TEMP%\fc-repro-leak-20261004-190528\localappdata\tw.fintools.fc-host\wallpaper\m-7ebe8f017cddc2d6-b.png wh=3840x2160 body=raw open_ms=256.1 page_ms=457.8 to_png_ms=713.9 close_ms=3.6 write_ms=20.2 warnings=0
1791112034376 VERIFY n=38 dims=Some((3840, 2160)) expect=3840x2160 own_files=2 PASS
1791112034545 BROWSER-EXIT n=38 pid=98412 after_return_ms=169.6
1791112037376 PREV-BROWSER n=39 prev_n=38 pid=98412 alive=false
1791112037376 RENDER-START n=39
1791112037990 RENDER-OK n=39 id=39 browser_pid=Some(46696) slot=A path=%TEMP%\fc-repro-leak-20261004-190528\localappdata\tw.fintools.fc-host\wallpaper\m-7ebe8f017cddc2d6-a.png wh=2560x1600 body=raw open_ms=248.6 page_ms=345.9 to_png_ms=594.4 close_ms=2.4 write_ms=16.6 warnings=0
1791112037990 VERIFY n=39 dims=Some((2560, 1600)) expect=2560x1600 own_files=2 PASS
1791112038167 BROWSER-EXIT n=39 pid=46696 after_return_ms=177.5
1791112038990 PREV-BROWSER n=40 prev_n=39 pid=46696 alive=false
1791112038990 RENDER-START n=40
1791112039771 RENDER-OK n=40 id=40 browser_pid=Some(110152) slot=B path=%TEMP%\fc-repro-leak-20261004-190528\localappdata\tw.fintools.fc-host\wallpaper\m-7ebe8f017cddc2d6-b.png wh=3840x2160 body=raw open_ms=311.5 page_ms=446.8 to_png_ms=758.3 close_ms=3.8 write_ms=18.2 warnings=0
1791112039771 VERIFY n=40 dims=Some((3840, 2160)) expect=3840x2160 own_files=2 PASS
1791112039942 BROWSER-EXIT n=40 pid=110152 after_return_ms=171.6
1791112042771 PREV-BROWSER n=41 prev_n=40 pid=110152 alive=false
1791112042771 RENDER-START n=41
1791112043384 RENDER-OK n=41 id=41 browser_pid=Some(113516) slot=A path=%TEMP%\fc-repro-leak-20261004-190528\localappdata\tw.fintools.fc-host\wallpaper\m-7ebe8f017cddc2d6-a.png wh=2560x1600 body=raw open_ms=249.7 page_ms=342.3 to_png_ms=592.0 close_ms=2.8 write_ms=17.5 warnings=0
1791112043384 VERIFY n=41 dims=Some((2560, 1600)) expect=2560x1600 own_files=2 PASS
1791112043557 BROWSER-EXIT n=41 pid=113516 after_return_ms=172.9
1791112044384 PREV-BROWSER n=42 prev_n=41 pid=113516 alive=false
1791112044384 RENDER-START n=42
1791112045117 RENDER-OK n=42 id=42 browser_pid=Some(113044) slot=B path=%TEMP%\fc-repro-leak-20261004-190528\localappdata\tw.fintools.fc-host\wallpaper\m-7ebe8f017cddc2d6-b.png wh=3840x2160 body=raw open_ms=261.3 page_ms=449.4 to_png_ms=710.7 close_ms=3.4 write_ms=18.4 warnings=0
1791112045117 VERIFY n=42 dims=Some((3840, 2160)) expect=3840x2160 own_files=2 PASS
1791112045288 BROWSER-EXIT n=42 pid=113044 after_return_ms=170.5
1791112048117 PREV-BROWSER n=43 prev_n=42 pid=113044 alive=false
1791112048118 RENDER-START n=43
1791112048746 RENDER-OK n=43 id=43 browser_pid=Some(113308) slot=A path=%TEMP%\fc-repro-leak-20261004-190528\localappdata\tw.fintools.fc-host\wallpaper\m-7ebe8f017cddc2d6-a.png wh=2560x1600 body=raw open_ms=257.3 page_ms=350.4 to_png_ms=607.7 close_ms=2.2 write_ms=17.8 warnings=0
1791112048746 VERIFY n=43 dims=Some((2560, 1600)) expect=2560x1600 own_files=2 PASS
1791112048925 BROWSER-EXIT n=43 pid=113308 after_return_ms=179.5
1791112049746 PREV-BROWSER n=44 prev_n=43 pid=113308 alive=false
1791112049746 RENDER-START n=44
1791112050480 RENDER-OK n=44 id=44 browser_pid=Some(104092) slot=B path=%TEMP%\fc-repro-leak-20261004-190528\localappdata\tw.fintools.fc-host\wallpaper\m-7ebe8f017cddc2d6-b.png wh=3840x2160 body=raw open_ms=261.3 page_ms=454.8 to_png_ms=716.1 close_ms=3.7 write_ms=14.1 warnings=0
1791112050480 VERIFY n=44 dims=Some((3840, 2160)) expect=3840x2160 own_files=2 PASS
1791112050659 BROWSER-EXIT n=44 pid=104092 after_return_ms=179.3
1791112053480 PREV-BROWSER n=45 prev_n=44 pid=104092 alive=false
1791112053480 RENDER-START n=45
1791112054149 RENDER-OK n=45 id=45 browser_pid=Some(113612) slot=A path=%TEMP%\fc-repro-leak-20261004-190528\localappdata\tw.fintools.fc-host\wallpaper\m-7ebe8f017cddc2d6-a.png wh=2560x1600 body=raw open_ms=288.1 page_ms=360.2 to_png_ms=648.3 close_ms=2.7 write_ms=17.6 warnings=0
1791112054149 VERIFY n=45 dims=Some((2560, 1600)) expect=2560x1600 own_files=2 PASS
1791112054316 BROWSER-EXIT n=45 pid=113612 after_return_ms=166.8
1791112055149 PREV-BROWSER n=46 prev_n=45 pid=113612 alive=false
1791112055149 RENDER-START n=46
1791112055913 RENDER-OK n=46 id=46 browser_pid=Some(111628) slot=B path=%TEMP%\fc-repro-leak-20261004-190528\localappdata\tw.fintools.fc-host\wallpaper\m-7ebe8f017cddc2d6-b.png wh=3840x2160 body=raw open_ms=282.7 page_ms=458.9 to_png_ms=741.6 close_ms=3.2 write_ms=18.8 warnings=0
1791112055914 VERIFY n=46 dims=Some((3840, 2160)) expect=3840x2160 own_files=2 PASS
1791112056083 BROWSER-EXIT n=46 pid=111628 after_return_ms=169.6
1791112058914 PREV-BROWSER n=47 prev_n=46 pid=111628 alive=false
1791112058914 RENDER-START n=47
1791112059588 RENDER-OK n=47 id=47 browser_pid=Some(111256) slot=A path=%TEMP%\fc-repro-leak-20261004-190528\localappdata\tw.fintools.fc-host\wallpaper\m-7ebe8f017cddc2d6-a.png wh=2560x1600 body=raw open_ms=311.8 page_ms=343.8 to_png_ms=655.6 close_ms=2.3 write_ms=16.3 warnings=0
1791112059588 VERIFY n=47 dims=Some((2560, 1600)) expect=2560x1600 own_files=2 PASS
1791112059768 BROWSER-EXIT n=47 pid=111256 after_return_ms=179.6
1791112060588 PREV-BROWSER n=48 prev_n=47 pid=111256 alive=false
1791112060588 RENDER-START n=48
1791112061319 RENDER-OK n=48 id=48 browser_pid=Some(64416) slot=B path=%TEMP%\fc-repro-leak-20261004-190528\localappdata\tw.fintools.fc-host\wallpaper\m-7ebe8f017cddc2d6-b.png wh=3840x2160 body=raw open_ms=264.9 page_ms=444.6 to_png_ms=709.5 close_ms=3.2 write_ms=17.3 warnings=0
1791112061319 VERIFY n=48 dims=Some((3840, 2160)) expect=3840x2160 own_files=2 PASS
1791112061494 BROWSER-EXIT n=48 pid=64416 after_return_ms=175.1
1791112064319 PREV-BROWSER n=49 prev_n=48 pid=64416 alive=false
1791112064319 RENDER-START n=49
1791112064941 RENDER-OK n=49 id=49 browser_pid=Some(27876) slot=A path=%TEMP%\fc-repro-leak-20261004-190528\localappdata\tw.fintools.fc-host\wallpaper\m-7ebe8f017cddc2d6-a.png wh=2560x1600 body=raw open_ms=253.9 page_ms=348.8 to_png_ms=602.7 close_ms=2.3 write_ms=17.0 warnings=0
1791112064942 VERIFY n=49 dims=Some((2560, 1600)) expect=2560x1600 own_files=2 PASS
1791112065111 BROWSER-EXIT n=49 pid=27876 after_return_ms=169.5
1791112065941 PREV-BROWSER n=50 prev_n=49 pid=27876 alive=false
1791112065942 RENDER-START n=50
1791112066698 RENDER-OK n=50 id=50 browser_pid=Some(99448) slot=B path=%TEMP%\fc-repro-leak-20261004-190528\localappdata\tw.fintools.fc-host\wallpaper\m-7ebe8f017cddc2d6-b.png wh=3840x2160 body=raw open_ms=268.2 page_ms=465.0 to_png_ms=733.2 close_ms=3.8 write_ms=18.6 warnings=0
1791112066698 VERIFY n=50 dims=Some((3840, 2160)) expect=3840x2160 own_files=2 PASS
1791112066868 BROWSER-EXIT n=50 pid=99448 after_return_ms=170.0
1791112069698 PREV-BROWSER n=51 prev_n=50 pid=99448 alive=false
1791112069698 RENDER-START n=51
1791112070312 RENDER-OK n=51 id=51 browser_pid=Some(47156) slot=A path=%TEMP%\fc-repro-leak-20261004-190528\localappdata\tw.fintools.fc-host\wallpaper\m-7ebe8f017cddc2d6-a.png wh=2560x1600 body=raw open_ms=253.0 page_ms=349.5 to_png_ms=602.5 close_ms=2.2 write_ms=9.5 warnings=0
1791112070312 VERIFY n=51 dims=Some((2560, 1600)) expect=2560x1600 own_files=2 PASS
1791112070490 BROWSER-EXIT n=51 pid=47156 after_return_ms=177.8
1791112071312 PREV-BROWSER n=52 prev_n=51 pid=47156 alive=false
1791112071312 RENDER-START n=52
1791112072035 RENDER-OK n=52 id=52 browser_pid=Some(21448) slot=B path=%TEMP%\fc-repro-leak-20261004-190528\localappdata\tw.fintools.fc-host\wallpaper\m-7ebe8f017cddc2d6-b.png wh=3840x2160 body=raw open_ms=253.6 page_ms=445.3 to_png_ms=699.0 close_ms=3.4 write_ms=19.9 warnings=0
1791112072035 VERIFY n=52 dims=Some((3840, 2160)) expect=3840x2160 own_files=2 PASS
1791112072209 BROWSER-EXIT n=52 pid=21448 after_return_ms=173.7
1791112075036 PREV-BROWSER n=53 prev_n=52 pid=21448 alive=false
1791112075036 RENDER-START n=53
1791112075653 RENDER-OK n=53 id=53 browser_pid=Some(68448) slot=A path=%TEMP%\fc-repro-leak-20261004-190528\localappdata\tw.fintools.fc-host\wallpaper\m-7ebe8f017cddc2d6-a.png wh=2560x1600 body=raw open_ms=249.0 page_ms=348.1 to_png_ms=597.2 close_ms=2.3 write_ms=17.7 warnings=0
1791112075653 VERIFY n=53 dims=Some((2560, 1600)) expect=2560x1600 own_files=2 PASS
1791112075823 BROWSER-EXIT n=53 pid=68448 after_return_ms=170.4
1791112076653 PREV-BROWSER n=54 prev_n=53 pid=68448 alive=false
1791112076653 RENDER-START n=54
1791112077400 RENDER-OK n=54 id=54 browser_pid=Some(27532) slot=B path=%TEMP%\fc-repro-leak-20261004-190528\localappdata\tw.fintools.fc-host\wallpaper\m-7ebe8f017cddc2d6-b.png wh=3840x2160 body=raw open_ms=270.2 page_ms=462.0 to_png_ms=732.2 close_ms=3.1 write_ms=10.6 warnings=0
1791112077400 VERIFY n=54 dims=Some((3840, 2160)) expect=3840x2160 own_files=2 PASS
1791112077577 BROWSER-EXIT n=54 pid=27532 after_return_ms=177.9
1791112080400 PREV-BROWSER n=55 prev_n=54 pid=27532 alive=false
1791112080400 RENDER-START n=55
1791112081020 RENDER-OK n=55 id=55 browser_pid=Some(59380) slot=A path=%TEMP%\fc-repro-leak-20261004-190528\localappdata\tw.fintools.fc-host\wallpaper\m-7ebe8f017cddc2d6-a.png wh=2560x1600 body=raw open_ms=252.7 page_ms=348.6 to_png_ms=601.3 close_ms=2.1 write_ms=16.2 warnings=0
1791112081020 VERIFY n=55 dims=Some((2560, 1600)) expect=2560x1600 own_files=2 PASS
1791112081195 BROWSER-EXIT n=55 pid=59380 after_return_ms=175.1
1791112082020 PREV-BROWSER n=56 prev_n=55 pid=59380 alive=false
1791112082020 RENDER-START n=56
1791112082732 RENDER-OK n=56 id=56 browser_pid=Some(5516) slot=B path=%TEMP%\fc-repro-leak-20261004-190528\localappdata\tw.fintools.fc-host\wallpaper\m-7ebe8f017cddc2d6-b.png wh=3840x2160 body=raw open_ms=250.5 page_ms=438.8 to_png_ms=689.2 close_ms=3.4 write_ms=18.8 warnings=0
1791112082732 VERIFY n=56 dims=Some((3840, 2160)) expect=3840x2160 own_files=2 PASS
1791112082908 BROWSER-EXIT n=56 pid=5516 after_return_ms=176.0
1791112085732 PREV-BROWSER n=57 prev_n=56 pid=5516 alive=false
1791112085732 RENDER-START n=57
1791112086346 RENDER-OK n=57 id=57 browser_pid=Some(98892) slot=A path=%TEMP%\fc-repro-leak-20261004-190528\localappdata\tw.fintools.fc-host\wallpaper\m-7ebe8f017cddc2d6-a.png wh=2560x1600 body=raw open_ms=252.7 page_ms=347.6 to_png_ms=600.3 close_ms=2.0 write_ms=11.5 warnings=0
1791112086346 VERIFY n=57 dims=Some((2560, 1600)) expect=2560x1600 own_files=2 PASS
1791112086517 BROWSER-EXIT n=57 pid=98892 after_return_ms=170.5
1791112087346 PREV-BROWSER n=58 prev_n=57 pid=98892 alive=false
1791112087346 RENDER-START n=58
1791112088087 RENDER-OK n=58 id=58 browser_pid=Some(109576) slot=B path=%TEMP%\fc-repro-leak-20261004-190528\localappdata\tw.fintools.fc-host\wallpaper\m-7ebe8f017cddc2d6-b.png wh=3840x2160 body=raw open_ms=258.1 page_ms=461.2 to_png_ms=719.3 close_ms=3.2 write_ms=17.9 warnings=0
1791112088087 VERIFY n=58 dims=Some((3840, 2160)) expect=3840x2160 own_files=2 PASS
1791112088262 BROWSER-EXIT n=58 pid=109576 after_return_ms=175.5
1791112091087 PREV-BROWSER n=59 prev_n=58 pid=109576 alive=false
1791112091087 RENDER-START n=59
1791112091729 RENDER-OK n=59 id=59 browser_pid=Some(18612) slot=A path=%TEMP%\fc-repro-leak-20261004-190528\localappdata\tw.fintools.fc-host\wallpaper\m-7ebe8f017cddc2d6-a.png wh=2560x1600 body=raw open_ms=274.0 page_ms=352.3 to_png_ms=626.3 close_ms=2.5 write_ms=12.1 warnings=0
1791112091729 VERIFY n=59 dims=Some((2560, 1600)) expect=2560x1600 own_files=2 PASS
1791112091904 BROWSER-EXIT n=59 pid=18612 after_return_ms=175.5
1791112092729 PREV-BROWSER n=60 prev_n=59 pid=18612 alive=false
1791112092729 RENDER-START n=60
1791112093447 RENDER-OK n=60 id=60 browser_pid=Some(24300) slot=B path=%TEMP%\fc-repro-leak-20261004-190528\localappdata\tw.fintools.fc-host\wallpaper\m-7ebe8f017cddc2d6-b.png wh=3840x2160 body=raw open_ms=257.2 page_ms=445.2 to_png_ms=702.4 close_ms=3.6 write_ms=11.3 warnings=0
1791112093447 VERIFY n=60 dims=Some((3840, 2160)) expect=3840x2160 own_files=2 PASS
1791112093625 BROWSER-EXIT n=60 pid=24300 after_return_ms=178.2
1791112096447 PREV-BROWSER n=61 prev_n=60 pid=24300 alive=false
1791112096447 RENDER-START n=61
1791112097058 RENDER-OK n=61 id=61 browser_pid=Some(110164) slot=A path=%TEMP%\fc-repro-leak-20261004-190528\localappdata\tw.fintools.fc-host\wallpaper\m-7ebe8f017cddc2d6-a.png wh=2560x1600 body=raw open_ms=250.8 page_ms=340.7 to_png_ms=591.5 close_ms=2.3 write_ms=17.0 warnings=0
1791112097058 VERIFY n=61 dims=Some((2560, 1600)) expect=2560x1600 own_files=2 PASS
1791112097228 BROWSER-EXIT n=61 pid=110164 after_return_ms=170.2
1791112098058 PREV-BROWSER n=62 prev_n=61 pid=110164 alive=false
1791112098058 RENDER-START n=62
1791112098782 RENDER-OK n=62 id=62 browser_pid=Some(69948) slot=B path=%TEMP%\fc-repro-leak-20261004-190528\localappdata\tw.fintools.fc-host\wallpaper\m-7ebe8f017cddc2d6-b.png wh=3840x2160 body=raw open_ms=255.6 page_ms=453.9 to_png_ms=709.5 close_ms=3.3 write_ms=11.0 warnings=0
1791112098783 VERIFY n=62 dims=Some((3840, 2160)) expect=3840x2160 own_files=2 PASS
1791112098965 BROWSER-EXIT n=62 pid=69948 after_return_ms=182.5
1791112101782 PREV-BROWSER n=63 prev_n=62 pid=69948 alive=false
1791112101783 RENDER-START n=63
1791112102415 RENDER-OK n=63 id=63 browser_pid=Some(112400) slot=A path=%TEMP%\fc-repro-leak-20261004-190528\localappdata\tw.fintools.fc-host\wallpaper\m-7ebe8f017cddc2d6-a.png wh=2560x1600 body=raw open_ms=263.2 page_ms=350.1 to_png_ms=613.4 close_ms=2.2 write_ms=16.6 warnings=0
1791112102415 VERIFY n=63 dims=Some((2560, 1600)) expect=2560x1600 own_files=2 PASS
1791112102591 BROWSER-EXIT n=63 pid=112400 after_return_ms=176.5
1791112103415 PREV-BROWSER n=64 prev_n=63 pid=112400 alive=false
1791112103415 RENDER-START n=64
1791112104193 RENDER-OK n=64 id=64 browser_pid=Some(109176) slot=B path=%TEMP%\fc-repro-leak-20261004-190528\localappdata\tw.fintools.fc-host\wallpaper\m-7ebe8f017cddc2d6-b.png wh=3840x2160 body=raw open_ms=301.0 page_ms=453.8 to_png_ms=754.8 close_ms=3.5 write_ms=18.7 warnings=0
1791112104193 VERIFY n=64 dims=Some((3840, 2160)) expect=3840x2160 own_files=2 PASS
1791112104361 BROWSER-EXIT n=64 pid=109176 after_return_ms=168.3
1791112107193 PREV-BROWSER n=65 prev_n=64 pid=109176 alive=false
1791112107193 RENDER-START n=65
1791112107818 RENDER-OK n=65 id=65 browser_pid=Some(89924) slot=A path=%TEMP%\fc-repro-leak-20261004-190528\localappdata\tw.fintools.fc-host\wallpaper\m-7ebe8f017cddc2d6-a.png wh=2560x1600 body=raw open_ms=255.1 page_ms=348.3 to_png_ms=603.3 close_ms=2.3 write_ms=18.6 warnings=0
1791112107818 VERIFY n=65 dims=Some((2560, 1600)) expect=2560x1600 own_files=2 PASS
1791112107997 BROWSER-EXIT n=65 pid=89924 after_return_ms=179.7
1791112108818 PREV-BROWSER n=66 prev_n=65 pid=89924 alive=false
1791112108818 RENDER-START n=66
1791112109551 RENDER-OK n=66 id=66 browser_pid=Some(57336) slot=B path=%TEMP%\fc-repro-leak-20261004-190528\localappdata\tw.fintools.fc-host\wallpaper\m-7ebe8f017cddc2d6-b.png wh=3840x2160 body=raw open_ms=256.6 page_ms=453.4 to_png_ms=710.0 close_ms=3.3 write_ms=18.9 warnings=0
1791112109551 VERIFY n=66 dims=Some((3840, 2160)) expect=3840x2160 own_files=2 PASS
1791112109722 BROWSER-EXIT n=66 pid=57336 after_return_ms=171.7
1791112112551 PREV-BROWSER n=67 prev_n=66 pid=57336 alive=false
1791112112551 RENDER-START n=67
1791112113164 RENDER-OK n=67 id=67 browser_pid=Some(113488) slot=A path=%TEMP%\fc-repro-leak-20261004-190528\localappdata\tw.fintools.fc-host\wallpaper\m-7ebe8f017cddc2d6-a.png wh=2560x1600 body=raw open_ms=256.9 page_ms=343.8 to_png_ms=600.6 close_ms=2.4 write_ms=9.6 warnings=0
1791112113164 VERIFY n=67 dims=Some((2560, 1600)) expect=2560x1600 own_files=2 PASS
1791112113349 BROWSER-EXIT n=67 pid=113488 after_return_ms=185.3
1791112114164 PREV-BROWSER n=68 prev_n=67 pid=113488 alive=false
1791112114164 RENDER-START n=68
1791112114897 RENDER-OK n=68 id=68 browser_pid=Some(4476) slot=B path=%TEMP%\fc-repro-leak-20261004-190528\localappdata\tw.fintools.fc-host\wallpaper\m-7ebe8f017cddc2d6-b.png wh=3840x2160 body=raw open_ms=254.5 page_ms=454.1 to_png_ms=708.6 close_ms=3.9 write_ms=19.7 warnings=0
1791112114897 VERIFY n=68 dims=Some((3840, 2160)) expect=3840x2160 own_files=2 PASS
1791112115067 BROWSER-EXIT n=68 pid=4476 after_return_ms=170.1
1791112117897 PREV-BROWSER n=69 prev_n=68 pid=4476 alive=false
1791112117897 RENDER-START n=69
1791112118519 RENDER-OK n=69 id=69 browser_pid=Some(108220) slot=A path=%TEMP%\fc-repro-leak-20261004-190528\localappdata\tw.fintools.fc-host\wallpaper\m-7ebe8f017cddc2d6-a.png wh=2560x1600 body=raw open_ms=253.4 page_ms=348.8 to_png_ms=602.2 close_ms=2.3 write_ms=17.3 warnings=0
1791112118520 VERIFY n=69 dims=Some((2560, 1600)) expect=2560x1600 own_files=2 PASS
1791112118690 BROWSER-EXIT n=69 pid=108220 after_return_ms=170.9
1791112119520 PREV-BROWSER n=70 prev_n=69 pid=108220 alive=false
1791112119520 RENDER-START n=70
1791112120267 RENDER-OK n=70 id=70 browser_pid=Some(89296) slot=B path=%TEMP%\fc-repro-leak-20261004-190528\localappdata\tw.fintools.fc-host\wallpaper\m-7ebe8f017cddc2d6-b.png wh=3840x2160 body=raw open_ms=270.5 page_ms=454.9 to_png_ms=725.3 close_ms=3.2 write_ms=18.9 warnings=0
1791112120268 VERIFY n=70 dims=Some((3840, 2160)) expect=3840x2160 own_files=2 PASS
1791112120444 BROWSER-EXIT n=70 pid=89296 after_return_ms=177.0
1791112123268 PREV-BROWSER n=71 prev_n=70 pid=89296 alive=false
1791112123268 RENDER-START n=71
1791112123909 RENDER-OK n=71 id=71 browser_pid=Some(61316) slot=A path=%TEMP%\fc-repro-leak-20261004-190528\localappdata\tw.fintools.fc-host\wallpaper\m-7ebe8f017cddc2d6-a.png wh=2560x1600 body=raw open_ms=260.6 page_ms=363.5 to_png_ms=624.0 close_ms=2.1 write_ms=15.1 warnings=0
1791112123909 VERIFY n=71 dims=Some((2560, 1600)) expect=2560x1600 own_files=2 PASS
1791112124082 BROWSER-EXIT n=71 pid=61316 after_return_ms=173.3
1791112124909 PREV-BROWSER n=72 prev_n=71 pid=61316 alive=false
1791112124909 RENDER-START n=72
1791112125652 RENDER-OK n=72 id=72 browser_pid=Some(102576) slot=B path=%TEMP%\fc-repro-leak-20261004-190528\localappdata\tw.fintools.fc-host\wallpaper\m-7ebe8f017cddc2d6-b.png wh=3840x2160 body=raw open_ms=261.8 page_ms=458.1 to_png_ms=719.9 close_ms=3.4 write_ms=18.8 warnings=0
1791112125652 VERIFY n=72 dims=Some((3840, 2160)) expect=3840x2160 own_files=2 PASS
1791112125824 BROWSER-EXIT n=72 pid=102576 after_return_ms=172.2
1791112128652 PREV-BROWSER n=73 prev_n=72 pid=102576 alive=false
1791112128652 RENDER-START n=73
1791112129273 RENDER-OK n=73 id=73 browser_pid=Some(12140) slot=A path=%TEMP%\fc-repro-leak-20261004-190528\localappdata\tw.fintools.fc-host\wallpaper\m-7ebe8f017cddc2d6-a.png wh=2560x1600 body=raw open_ms=255.1 page_ms=343.4 to_png_ms=598.5 close_ms=2.2 write_ms=20.3 warnings=0
1791112129273 VERIFY n=73 dims=Some((2560, 1600)) expect=2560x1600 own_files=2 PASS
1791112129441 BROWSER-EXIT n=73 pid=12140 after_return_ms=167.5
1791112130274 PREV-BROWSER n=74 prev_n=73 pid=12140 alive=false
1791112130274 RENDER-START n=74
1791112130990 RENDER-OK n=74 id=74 browser_pid=Some(86400) slot=B path=%TEMP%\fc-repro-leak-20261004-190528\localappdata\tw.fintools.fc-host\wallpaper\m-7ebe8f017cddc2d6-b.png wh=3840x2160 body=raw open_ms=249.5 page_ms=447.5 to_png_ms=697.0 close_ms=3.2 write_ms=16.3 warnings=0
1791112130991 VERIFY n=74 dims=Some((3840, 2160)) expect=3840x2160 own_files=2 PASS
1791112131167 BROWSER-EXIT n=74 pid=86400 after_return_ms=177.0
1791112133991 PREV-BROWSER n=75 prev_n=74 pid=86400 alive=false
1791112133991 RENDER-START n=75
1791112134607 RENDER-OK n=75 id=75 browser_pid=Some(94976) slot=A path=%TEMP%\fc-repro-leak-20261004-190528\localappdata\tw.fintools.fc-host\wallpaper\m-7ebe8f017cddc2d6-a.png wh=2560x1600 body=raw open_ms=252.8 page_ms=344.0 to_png_ms=596.8 close_ms=2.4 write_ms=16.2 warnings=0
1791112134607 VERIFY n=75 dims=Some((2560, 1600)) expect=2560x1600 own_files=2 PASS
1791112134782 BROWSER-EXIT n=75 pid=94976 after_return_ms=175.8
1791112135607 PREV-BROWSER n=76 prev_n=75 pid=94976 alive=false
1791112135607 RENDER-START n=76
1791112136328 RENDER-OK n=76 id=76 browser_pid=Some(101176) slot=B path=%TEMP%\fc-repro-leak-20261004-190528\localappdata\tw.fintools.fc-host\wallpaper\m-7ebe8f017cddc2d6-b.png wh=3840x2160 body=raw open_ms=253.7 page_ms=445.2 to_png_ms=699.0 close_ms=3.5 write_ms=18.4 warnings=0
1791112136328 VERIFY n=76 dims=Some((3840, 2160)) expect=3840x2160 own_files=2 PASS
1791112136506 BROWSER-EXIT n=76 pid=101176 after_return_ms=178.2
1791112139328 PREV-BROWSER n=77 prev_n=76 pid=101176 alive=false
1791112139328 RENDER-START n=77
1791112140019 RENDER-OK n=77 id=77 browser_pid=Some(107480) slot=A path=%TEMP%\fc-repro-leak-20261004-190528\localappdata\tw.fintools.fc-host\wallpaper\m-7ebe8f017cddc2d6-a.png wh=2560x1600 body=raw open_ms=321.8 page_ms=350.3 to_png_ms=672.0 close_ms=2.2 write_ms=16.4 warnings=0
1791112140019 VERIFY n=77 dims=Some((2560, 1600)) expect=2560x1600 own_files=2 PASS
1791112140191 BROWSER-EXIT n=77 pid=107480 after_return_ms=171.7
1791112141019 PREV-BROWSER n=78 prev_n=77 pid=107480 alive=false
1791112141019 RENDER-START n=78
1791112141759 RENDER-OK n=78 id=78 browser_pid=Some(83772) slot=B path=%TEMP%\fc-repro-leak-20261004-190528\localappdata\tw.fintools.fc-host\wallpaper\m-7ebe8f017cddc2d6-b.png wh=3840x2160 body=raw open_ms=246.4 page_ms=469.4 to_png_ms=715.8 close_ms=3.5 write_ms=19.6 warnings=0
1791112141759 VERIFY n=78 dims=Some((3840, 2160)) expect=3840x2160 own_files=2 PASS
1791112141931 BROWSER-EXIT n=78 pid=83772 after_return_ms=172.5
1791112144759 PREV-BROWSER n=79 prev_n=78 pid=83772 alive=false
1791112144759 RENDER-START n=79
1791112145440 RENDER-OK n=79 id=79 browser_pid=Some(80888) slot=A path=%TEMP%\fc-repro-leak-20261004-190528\localappdata\tw.fintools.fc-host\wallpaper\m-7ebe8f017cddc2d6-a.png wh=2560x1600 body=raw open_ms=315.2 page_ms=346.9 to_png_ms=662.1 close_ms=2.3 write_ms=16.1 warnings=0
1791112145440 VERIFY n=79 dims=Some((2560, 1600)) expect=2560x1600 own_files=2 PASS
1791112145617 BROWSER-EXIT n=79 pid=80888 after_return_ms=177.6
1791112146440 PREV-BROWSER n=80 prev_n=79 pid=80888 alive=false
1791112146440 RENDER-START n=80
1791112147173 RENDER-OK n=80 id=80 browser_pid=Some(112680) slot=B path=%TEMP%\fc-repro-leak-20261004-190528\localappdata\tw.fintools.fc-host\wallpaper\m-7ebe8f017cddc2d6-b.png wh=3840x2160 body=raw open_ms=252.1 page_ms=458.6 to_png_ms=710.7 close_ms=3.4 write_ms=18.8 warnings=0
1791112147174 VERIFY n=80 dims=Some((3840, 2160)) expect=3840x2160 own_files=2 PASS
1791112147353 BROWSER-EXIT n=80 pid=112680 after_return_ms=179.7
1791112150173 PREV-BROWSER n=81 prev_n=80 pid=112680 alive=false
1791112150173 RENDER-START n=81
1791112150823 RENDER-OK n=81 id=81 browser_pid=Some(45996) slot=A path=%TEMP%\fc-repro-leak-20261004-190528\localappdata\tw.fintools.fc-host\wallpaper\m-7ebe8f017cddc2d6-a.png wh=2560x1600 body=raw open_ms=262.4 page_ms=367.9 to_png_ms=630.3 close_ms=2.2 write_ms=16.8 warnings=0
1791112150823 VERIFY n=81 dims=Some((2560, 1600)) expect=2560x1600 own_files=2 PASS
1791112151013 BROWSER-EXIT n=81 pid=45996 after_return_ms=189.6
1791112151823 PREV-BROWSER n=82 prev_n=81 pid=45996 alive=false
1791112151823 RENDER-START n=82
1791112152592 RENDER-OK n=82 id=82 browser_pid=Some(70404) slot=B path=%TEMP%\fc-repro-leak-20261004-190528\localappdata\tw.fintools.fc-host\wallpaper\m-7ebe8f017cddc2d6-b.png wh=3840x2160 body=raw open_ms=299.9 page_ms=445.1 to_png_ms=745.1 close_ms=3.9 write_ms=19.8 warnings=0
1791112152593 VERIFY n=82 dims=Some((3840, 2160)) expect=3840x2160 own_files=2 PASS
1791112152772 BROWSER-EXIT n=82 pid=70404 after_return_ms=180.2
1791112155593 PREV-BROWSER n=83 prev_n=82 pid=70404 alive=false
1791112155593 RENDER-START n=83
1791112156242 RENDER-OK n=83 id=83 browser_pid=Some(110432) slot=A path=%TEMP%\fc-repro-leak-20261004-190528\localappdata\tw.fintools.fc-host\wallpaper\m-7ebe8f017cddc2d6-a.png wh=2560x1600 body=raw open_ms=277.3 page_ms=350.3 to_png_ms=627.7 close_ms=2.4 write_ms=18.6 warnings=0
1791112156242 VERIFY n=83 dims=Some((2560, 1600)) expect=2560x1600 own_files=2 PASS
1791112156404 BROWSER-EXIT n=83 pid=110432 after_return_ms=162.2
1791112157242 PREV-BROWSER n=84 prev_n=83 pid=110432 alive=false
1791112157242 RENDER-START n=84
1791112158015 RENDER-OK n=84 id=84 browser_pid=Some(100108) slot=B path=%TEMP%\fc-repro-leak-20261004-190528\localappdata\tw.fintools.fc-host\wallpaper\m-7ebe8f017cddc2d6-b.png wh=3840x2160 body=raw open_ms=319.7 page_ms=429.8 to_png_ms=749.5 close_ms=3.7 write_ms=19.2 warnings=0
1791112158015 VERIFY n=84 dims=Some((3840, 2160)) expect=3840x2160 own_files=2 PASS
1791112158192 BROWSER-EXIT n=84 pid=100108 after_return_ms=177.4
1791112161015 PREV-BROWSER n=85 prev_n=84 pid=100108 alive=false
1791112161015 RENDER-START n=85
1791112161632 RENDER-OK n=85 id=85 browser_pid=Some(16540) slot=A path=%TEMP%\fc-repro-leak-20261004-190528\localappdata\tw.fintools.fc-host\wallpaper\m-7ebe8f017cddc2d6-a.png wh=2560x1600 body=raw open_ms=270.2 page_ms=334.7 to_png_ms=604.9 close_ms=2.5 write_ms=9.2 warnings=0
1791112161632 VERIFY n=85 dims=Some((2560, 1600)) expect=2560x1600 own_files=2 PASS
1791112161817 BROWSER-EXIT n=85 pid=16540 after_return_ms=185.5
1791112162632 PREV-BROWSER n=86 prev_n=85 pid=16540 alive=false
1791112162632 RENDER-START n=86
1791112163355 RENDER-OK n=86 id=86 browser_pid=Some(49904) slot=B path=%TEMP%\fc-repro-leak-20261004-190528\localappdata\tw.fintools.fc-host\wallpaper\m-7ebe8f017cddc2d6-b.png wh=3840x2160 body=raw open_ms=255.6 page_ms=443.7 to_png_ms=699.3 close_ms=3.4 write_ms=19.5 warnings=0
1791112163355 VERIFY n=86 dims=Some((3840, 2160)) expect=3840x2160 own_files=2 PASS
1791112163531 BROWSER-EXIT n=86 pid=49904 after_return_ms=176.4
1791112166355 PREV-BROWSER n=87 prev_n=86 pid=49904 alive=false
1791112166355 RENDER-START n=87
1791112166976 RENDER-OK n=87 id=87 browser_pid=Some(113592) slot=A path=%TEMP%\fc-repro-leak-20261004-190528\localappdata\tw.fintools.fc-host\wallpaper\m-7ebe8f017cddc2d6-a.png wh=2560x1600 body=raw open_ms=257.7 page_ms=343.3 to_png_ms=601.0 close_ms=2.5 write_ms=17.0 warnings=0
1791112166976 VERIFY n=87 dims=Some((2560, 1600)) expect=2560x1600 own_files=2 PASS
1791112167151 BROWSER-EXIT n=87 pid=113592 after_return_ms=175.3
1791112167976 PREV-BROWSER n=88 prev_n=87 pid=113592 alive=false
1791112167976 RENDER-START n=88
1791112168716 RENDER-OK n=88 id=88 browser_pid=Some(90416) slot=B path=%TEMP%\fc-repro-leak-20261004-190528\localappdata\tw.fintools.fc-host\wallpaper\m-7ebe8f017cddc2d6-b.png wh=3840x2160 body=raw open_ms=271.7 page_ms=448.1 to_png_ms=719.8 close_ms=3.0 write_ms=17.3 warnings=0
1791112168717 VERIFY n=88 dims=Some((3840, 2160)) expect=3840x2160 own_files=2 PASS
1791112168892 BROWSER-EXIT n=88 pid=90416 after_return_ms=175.6
1791112171716 PREV-BROWSER n=89 prev_n=88 pid=90416 alive=false
1791112171717 RENDER-START n=89
1791112172331 RENDER-OK n=89 id=89 browser_pid=Some(91756) slot=A path=%TEMP%\fc-repro-leak-20261004-190528\localappdata\tw.fintools.fc-host\wallpaper\m-7ebe8f017cddc2d6-a.png wh=2560x1600 body=raw open_ms=257.1 page_ms=336.5 to_png_ms=593.6 close_ms=2.1 write_ms=18.1 warnings=0
1791112172331 VERIFY n=89 dims=Some((2560, 1600)) expect=2560x1600 own_files=2 PASS
1791112172509 BROWSER-EXIT n=89 pid=91756 after_return_ms=178.0
1791112173331 PREV-BROWSER n=90 prev_n=89 pid=91756 alive=false
1791112173331 RENDER-START n=90
1791112174088 RENDER-OK n=90 id=90 browser_pid=Some(112148) slot=B path=%TEMP%\fc-repro-leak-20261004-190528\localappdata\tw.fintools.fc-host\wallpaper\m-7ebe8f017cddc2d6-b.png wh=3840x2160 body=raw open_ms=282.7 page_ms=452.5 to_png_ms=735.2 close_ms=2.9 write_ms=18.6 warnings=0
1791112174088 VERIFY n=90 dims=Some((3840, 2160)) expect=3840x2160 own_files=2 PASS
1791112174271 BROWSER-EXIT n=90 pid=112148 after_return_ms=183.3
1791112177088 PREV-BROWSER n=91 prev_n=90 pid=112148 alive=false
1791112177088 RENDER-START n=91
1791112177768 RENDER-OK n=91 id=91 browser_pid=Some(48840) slot=A path=%TEMP%\fc-repro-leak-20261004-190528\localappdata\tw.fintools.fc-host\wallpaper\m-7ebe8f017cddc2d6-a.png wh=2560x1600 body=raw open_ms=317.5 page_ms=342.0 to_png_ms=659.5 close_ms=2.3 write_ms=17.5 warnings=0
1791112177768 VERIFY n=91 dims=Some((2560, 1600)) expect=2560x1600 own_files=2 PASS
1791112177939 BROWSER-EXIT n=91 pid=48840 after_return_ms=170.8
1791112178768 PREV-BROWSER n=92 prev_n=91 pid=48840 alive=false
1791112178768 RENDER-START n=92
1791112179488 RENDER-OK n=92 id=92 browser_pid=Some(110772) slot=B path=%TEMP%\fc-repro-leak-20261004-190528\localappdata\tw.fintools.fc-host\wallpaper\m-7ebe8f017cddc2d6-b.png wh=3840x2160 body=raw open_ms=260.7 page_ms=435.6 to_png_ms=696.3 close_ms=4.1 write_ms=19.2 warnings=0
1791112179488 VERIFY n=92 dims=Some((3840, 2160)) expect=3840x2160 own_files=2 PASS
1791112179663 BROWSER-EXIT n=92 pid=110772 after_return_ms=174.9
1791112182488 PREV-BROWSER n=93 prev_n=92 pid=110772 alive=false
1791112182488 RENDER-START n=93
1791112183112 RENDER-OK n=93 id=93 browser_pid=Some(107796) slot=A path=%TEMP%\fc-repro-leak-20261004-190528\localappdata\tw.fintools.fc-host\wallpaper\m-7ebe8f017cddc2d6-a.png wh=2560x1600 body=raw open_ms=261.7 page_ms=342.1 to_png_ms=603.8 close_ms=2.4 write_ms=17.5 warnings=0
1791112183112 VERIFY n=93 dims=Some((2560, 1600)) expect=2560x1600 own_files=2 PASS
1791112183283 BROWSER-EXIT n=93 pid=107796 after_return_ms=170.8
1791112184112 PREV-BROWSER n=94 prev_n=93 pid=107796 alive=false
1791112184112 RENDER-START n=94
1791112184889 RENDER-OK n=94 id=94 browser_pid=Some(104704) slot=B path=%TEMP%\fc-repro-leak-20261004-190528\localappdata\tw.fintools.fc-host\wallpaper\m-7ebe8f017cddc2d6-b.png wh=3840x2160 body=raw open_ms=301.5 page_ms=451.8 to_png_ms=753.4 close_ms=3.3 write_ms=19.4 warnings=0
1791112184889 VERIFY n=94 dims=Some((3840, 2160)) expect=3840x2160 own_files=2 PASS
1791112185065 BROWSER-EXIT n=94 pid=104704 after_return_ms=176.0
1791112187889 PREV-BROWSER n=95 prev_n=94 pid=104704 alive=false
1791112187889 RENDER-START n=95
1791112188516 RENDER-OK n=95 id=95 browser_pid=Some(93788) slot=A path=%TEMP%\fc-repro-leak-20261004-190528\localappdata\tw.fintools.fc-host\wallpaper\m-7ebe8f017cddc2d6-a.png wh=2560x1600 body=raw open_ms=257.4 page_ms=349.3 to_png_ms=606.7 close_ms=2.6 write_ms=16.8 warnings=0
1791112188516 VERIFY n=95 dims=Some((2560, 1600)) expect=2560x1600 own_files=2 PASS
1791112188684 BROWSER-EXIT n=95 pid=93788 after_return_ms=168.2
1791112189516 PREV-BROWSER n=96 prev_n=95 pid=93788 alive=false
1791112189516 RENDER-START n=96
1791112190241 RENDER-OK n=96 id=96 browser_pid=Some(96748) slot=B path=%TEMP%\fc-repro-leak-20261004-190528\localappdata\tw.fintools.fc-host\wallpaper\m-7ebe8f017cddc2d6-b.png wh=3840x2160 body=raw open_ms=262.3 page_ms=448.5 to_png_ms=710.8 close_ms=3.8 write_ms=10.6 warnings=0
1791112190241 VERIFY n=96 dims=Some((3840, 2160)) expect=3840x2160 own_files=2 PASS
1791112190418 BROWSER-EXIT n=96 pid=96748 after_return_ms=176.6
1791112193242 PREV-BROWSER n=97 prev_n=96 pid=96748 alive=false
1791112193242 RENDER-START n=97
1791112193872 RENDER-OK n=97 id=97 browser_pid=Some(82604) slot=A path=%TEMP%\fc-repro-leak-20261004-190528\localappdata\tw.fintools.fc-host\wallpaper\m-7ebe8f017cddc2d6-a.png wh=2560x1600 body=raw open_ms=262.8 page_ms=349.0 to_png_ms=611.8 close_ms=2.3 write_ms=15.6 warnings=0
1791112193872 VERIFY n=97 dims=Some((2560, 1600)) expect=2560x1600 own_files=2 PASS
1791112194042 BROWSER-EXIT n=97 pid=82604 after_return_ms=170.6
1791112194872 PREV-BROWSER n=98 prev_n=97 pid=82604 alive=false
1791112194872 RENDER-START n=98
1791112195599 RENDER-OK n=98 id=98 browser_pid=Some(111716) slot=B path=%TEMP%\fc-repro-leak-20261004-190528\localappdata\tw.fintools.fc-host\wallpaper\m-7ebe8f017cddc2d6-b.png wh=3840x2160 body=raw open_ms=261.6 page_ms=442.9 to_png_ms=704.5 close_ms=3.9 write_ms=18.9 warnings=0
1791112195600 VERIFY n=98 dims=Some((3840, 2160)) expect=3840x2160 own_files=2 PASS
1791112195775 BROWSER-EXIT n=98 pid=111716 after_return_ms=175.1
1791112198600 PREV-BROWSER n=99 prev_n=98 pid=111716 alive=false
1791112198600 RENDER-START n=99
1791112199227 RENDER-OK n=99 id=99 browser_pid=Some(113000) slot=A path=%TEMP%\fc-repro-leak-20261004-190528\localappdata\tw.fintools.fc-host\wallpaper\m-7ebe8f017cddc2d6-a.png wh=2560x1600 body=raw open_ms=258.2 page_ms=350.0 to_png_ms=608.3 close_ms=2.2 write_ms=16.0 warnings=0
1791112199227 VERIFY n=99 dims=Some((2560, 1600)) expect=2560x1600 own_files=2 PASS
1791112199408 BROWSER-EXIT n=99 pid=113000 after_return_ms=181.7
1791112200227 PREV-BROWSER n=100 prev_n=99 pid=113000 alive=false
1791112200227 RENDER-START n=100
1791112200964 RENDER-OK n=100 id=100 browser_pid=Some(86304) slot=B path=%TEMP%\fc-repro-leak-20261004-190528\localappdata\tw.fintools.fc-host\wallpaper\m-7ebe8f017cddc2d6-b.png wh=3840x2160 body=raw open_ms=261.7 page_ms=452.5 to_png_ms=714.2 close_ms=3.3 write_ms=18.9 warnings=0
1791112200964 VERIFY n=100 dims=Some((3840, 2160)) expect=3840x2160 own_files=2 PASS
1791112201142 BROWSER-EXIT n=100 pid=86304 after_return_ms=177.6
1791112203964 PREV-BROWSER n=101 prev_n=100 pid=86304 alive=false
1791112203964 RENDER-START n=101
1791112204582 RENDER-OK n=101 id=101 browser_pid=Some(108520) slot=A path=%TEMP%\fc-repro-leak-20261004-190528\localappdata\tw.fintools.fc-host\wallpaper\m-7ebe8f017cddc2d6-a.png wh=2560x1600 body=raw open_ms=255.0 page_ms=350.5 to_png_ms=605.4 close_ms=2.2 write_ms=9.9 warnings=0
1791112204583 VERIFY n=101 dims=Some((2560, 1600)) expect=2560x1600 own_files=2 PASS
1791112204765 BROWSER-EXIT n=101 pid=108520 after_return_ms=182.7
1791112205583 PREV-BROWSER n=102 prev_n=101 pid=108520 alive=false
1791112205583 RENDER-START n=102
1791112206320 RENDER-OK n=102 id=102 browser_pid=Some(112500) slot=B path=%TEMP%\fc-repro-leak-20261004-190528\localappdata\tw.fintools.fc-host\wallpaper\m-7ebe8f017cddc2d6-b.png wh=3840x2160 body=raw open_ms=258.2 page_ms=455.2 to_png_ms=713.4 close_ms=3.5 write_ms=19.4 warnings=0
1791112206320 VERIFY n=102 dims=Some((3840, 2160)) expect=3840x2160 own_files=2 PASS
1791112206497 BROWSER-EXIT n=102 pid=112500 after_return_ms=177.3
1791112209320 PREV-BROWSER n=103 prev_n=102 pid=112500 alive=false
1791112209320 RENDER-START n=103
1791112210167 RENDER-OK n=103 id=103 browser_pid=Some(91208) slot=A path=%TEMP%\fc-repro-leak-20261004-190528\localappdata\tw.fintools.fc-host\wallpaper\m-7ebe8f017cddc2d6-a.png wh=2560x1600 body=raw open_ms=426.3 page_ms=399.1 to_png_ms=825.4 close_ms=3.3 write_ms=17.6 warnings=0
1791112210167 VERIFY n=103 dims=Some((2560, 1600)) expect=2560x1600 own_files=2 PASS
1791112210363 BROWSER-EXIT n=103 pid=91208 after_return_ms=196.0
1791112211167 PREV-BROWSER n=104 prev_n=103 pid=91208 alive=false
1791112211167 RENDER-START n=104
1791112212039 RENDER-OK n=104 id=104 browser_pid=Some(63860) slot=B path=%TEMP%\fc-repro-leak-20261004-190528\localappdata\tw.fintools.fc-host\wallpaper\m-7ebe8f017cddc2d6-b.png wh=3840x2160 body=raw open_ms=303.4 page_ms=549.2 to_png_ms=852.6 close_ms=5.1 write_ms=13.3 warnings=0
1791112212039 VERIFY n=104 dims=Some((3840, 2160)) expect=3840x2160 own_files=2 PASS
1791112212265 BROWSER-EXIT n=104 pid=63860 after_return_ms=226.5
1791112215039 PREV-BROWSER n=105 prev_n=104 pid=63860 alive=false
1791112215039 RENDER-START n=105
1791112215943 RENDER-OK n=105 id=105 browser_pid=Some(113544) slot=A path=%TEMP%\fc-repro-leak-20261004-190528\localappdata\tw.fintools.fc-host\wallpaper\m-7ebe8f017cddc2d6-a.png wh=2560x1600 body=raw open_ms=384.8 page_ms=491.8 to_png_ms=876.6 close_ms=3.0 write_ms=23.6 warnings=0
1791112215944 VERIFY n=105 dims=Some((2560, 1600)) expect=2560x1600 own_files=2 PASS
1791112216241 BROWSER-EXIT n=105 pid=113544 after_return_ms=298.2
1791112216943 PREV-BROWSER n=106 prev_n=105 pid=113544 alive=false
1791112216943 RENDER-START n=106
1791112217912 RENDER-OK n=106 id=106 browser_pid=Some(92628) slot=B path=%TEMP%\fc-repro-leak-20261004-190528\localappdata\tw.fintools.fc-host\wallpaper\m-7ebe8f017cddc2d6-b.png wh=3840x2160 body=raw open_ms=374.2 page_ms=567.0 to_png_ms=941.2 close_ms=5.0 write_ms=21.7 warnings=0
1791112217912 VERIFY n=106 dims=Some((3840, 2160)) expect=3840x2160 own_files=2 PASS
1791112218116 BROWSER-EXIT n=106 pid=92628 after_return_ms=204.1
1791112220912 PREV-BROWSER n=107 prev_n=106 pid=92628 alive=false
1791112220913 RENDER-START n=107
1791112221760 RENDER-OK n=107 id=107 browser_pid=Some(19428) slot=A path=%TEMP%\fc-repro-leak-20261004-190528\localappdata\tw.fintools.fc-host\wallpaper\m-7ebe8f017cddc2d6-a.png wh=2560x1600 body=raw open_ms=353.5 page_ms=476.2 to_png_ms=829.7 close_ms=3.6 write_ms=13.8 warnings=0
1791112221760 VERIFY n=107 dims=Some((2560, 1600)) expect=2560x1600 own_files=2 PASS
1791112221954 BROWSER-EXIT n=107 pid=19428 after_return_ms=193.9
1791112222760 PREV-BROWSER n=108 prev_n=107 pid=19428 alive=false
1791112222761 RENDER-START n=108
1791112223860 RENDER-OK n=108 id=108 browser_pid=Some(4764) slot=B path=%TEMP%\fc-repro-leak-20261004-190528\localappdata\tw.fintools.fc-host\wallpaper\m-7ebe8f017cddc2d6-b.png wh=3840x2160 body=raw open_ms=438.4 page_ms=641.0 to_png_ms=1079.4 close_ms=4.7 write_ms=14.5 warnings=0
1791112223860 VERIFY n=108 dims=Some((3840, 2160)) expect=3840x2160 own_files=2 PASS
1791112224061 BROWSER-EXIT n=108 pid=4764 after_return_ms=201.5
1791112226860 PREV-BROWSER n=109 prev_n=108 pid=4764 alive=false
1791112226860 RENDER-START n=109
1791112227519 RENDER-OK n=109 id=109 browser_pid=Some(95996) slot=A path=%TEMP%\fc-repro-leak-20261004-190528\localappdata\tw.fintools.fc-host\wallpaper\m-7ebe8f017cddc2d6-a.png wh=2560x1600 body=raw open_ms=281.4 page_ms=358.3 to_png_ms=639.7 close_ms=2.1 write_ms=16.7 warnings=0
1791112227519 VERIFY n=109 dims=Some((2560, 1600)) expect=2560x1600 own_files=2 PASS
1791112227703 BROWSER-EXIT n=109 pid=95996 after_return_ms=184.8
1791112228519 PREV-BROWSER n=110 prev_n=109 pid=95996 alive=false
1791112228519 RENDER-START n=110
1791112229349 RENDER-OK n=110 id=110 browser_pid=Some(56644) slot=B path=%TEMP%\fc-repro-leak-20261004-190528\localappdata\tw.fintools.fc-host\wallpaper\m-7ebe8f017cddc2d6-b.png wh=3840x2160 body=raw open_ms=320.2 page_ms=494.0 to_png_ms=814.3 close_ms=3.5 write_ms=12.3 warnings=0
1791112229349 VERIFY n=110 dims=Some((3840, 2160)) expect=3840x2160 own_files=2 PASS
1791112229535 BROWSER-EXIT n=110 pid=56644 after_return_ms=186.3
1791112232349 PREV-BROWSER n=111 prev_n=110 pid=56644 alive=false
1791112232349 RENDER-START n=111
1791112233002 RENDER-OK n=111 id=111 browser_pid=Some(110616) slot=A path=%TEMP%\fc-repro-leak-20261004-190528\localappdata\tw.fintools.fc-host\wallpaper\m-7ebe8f017cddc2d6-a.png wh=2560x1600 body=raw open_ms=265.5 page_ms=367.3 to_png_ms=632.7 close_ms=2.7 write_ms=17.2 warnings=0
1791112233002 VERIFY n=111 dims=Some((2560, 1600)) expect=2560x1600 own_files=2 PASS
1791112233178 BROWSER-EXIT n=111 pid=110616 after_return_ms=176.0
1791112234002 PREV-BROWSER n=112 prev_n=111 pid=110616 alive=false
1791112234002 RENDER-START n=112
1791112234793 RENDER-OK n=112 id=112 browser_pid=Some(50636) slot=B path=%TEMP%\fc-repro-leak-20261004-190528\localappdata\tw.fintools.fc-host\wallpaper\m-7ebe8f017cddc2d6-b.png wh=3840x2160 body=raw open_ms=308.7 page_ms=458.4 to_png_ms=767.0 close_ms=3.1 write_ms=20.1 warnings=0
1791112234793 VERIFY n=112 dims=Some((3840, 2160)) expect=3840x2160 own_files=2 PASS
1791112234987 BROWSER-EXIT n=112 pid=50636 after_return_ms=194.0
1791112237793 PREV-BROWSER n=113 prev_n=112 pid=50636 alive=false
1791112237793 RENDER-START n=113
1791112238688 RENDER-OK n=113 id=113 browser_pid=Some(86996) slot=A path=%TEMP%\fc-repro-leak-20261004-190528\localappdata\tw.fintools.fc-host\wallpaper\m-7ebe8f017cddc2d6-a.png wh=2560x1600 body=raw open_ms=428.8 page_ms=441.1 to_png_ms=870.0 close_ms=2.7 write_ms=21.9 warnings=0
1791112238689 VERIFY n=113 dims=Some((2560, 1600)) expect=2560x1600 own_files=2 PASS
1791112238984 BROWSER-EXIT n=113 pid=86996 after_return_ms=295.7
1791112239689 PREV-BROWSER n=114 prev_n=113 pid=86996 alive=false
1791112239690 RENDER-START n=114
1791112241267 RENDER-OK n=114 id=114 browser_pid=Some(71952) slot=B path=%TEMP%\fc-repro-leak-20261004-190528\localappdata\tw.fintools.fc-host\wallpaper\m-7ebe8f017cddc2d6-b.png wh=3840x2160 body=raw open_ms=980.7 page_ms=567.6 to_png_ms=1548.3 close_ms=3.0 write_ms=26.0 warnings=0
1791112241268 VERIFY n=114 dims=Some((3840, 2160)) expect=3840x2160 own_files=2 PASS
1791112241585 BROWSER-EXIT n=114 pid=71952 after_return_ms=318.3
1791112244268 PREV-BROWSER n=115 prev_n=114 pid=71952 alive=false
1791112244268 RENDER-START n=115
1791112245137 RENDER-OK n=115 id=115 browser_pid=Some(109580) slot=A path=%TEMP%\fc-repro-leak-20261004-190528\localappdata\tw.fintools.fc-host\wallpaper\m-7ebe8f017cddc2d6-a.png wh=2560x1600 body=raw open_ms=398.2 page_ms=447.5 to_png_ms=845.7 close_ms=2.2 write_ms=20.4 warnings=0
1791112245137 VERIFY n=115 dims=Some((2560, 1600)) expect=2560x1600 own_files=2 PASS
1791112245344 BROWSER-EXIT n=115 pid=109580 after_return_ms=207.7
1791112246137 PREV-BROWSER n=116 prev_n=115 pid=109580 alive=false
1791112246137 RENDER-START n=116
1791112247013 RENDER-OK n=116 id=116 browser_pid=Some(4520) slot=B path=%TEMP%\fc-repro-leak-20261004-190528\localappdata\tw.fintools.fc-host\wallpaper\m-7ebe8f017cddc2d6-b.png wh=3840x2160 body=raw open_ms=339.6 page_ms=511.0 to_png_ms=850.6 close_ms=3.3 write_ms=21.4 warnings=0
1791112247013 VERIFY n=116 dims=Some((3840, 2160)) expect=3840x2160 own_files=2 PASS
1791112247196 BROWSER-EXIT n=116 pid=4520 after_return_ms=183.2
1791112250013 PREV-BROWSER n=117 prev_n=116 pid=4520 alive=false
1791112250013 RENDER-START n=117
1791112250780 RENDER-OK n=117 id=117 browser_pid=Some(78428) slot=A path=%TEMP%\fc-repro-leak-20261004-190528\localappdata\tw.fintools.fc-host\wallpaper\m-7ebe8f017cddc2d6-a.png wh=2560x1600 body=raw open_ms=366.9 page_ms=380.3 to_png_ms=747.3 close_ms=2.3 write_ms=16.9 warnings=0
1791112250780 VERIFY n=117 dims=Some((2560, 1600)) expect=2560x1600 own_files=2 PASS
1791112250972 BROWSER-EXIT n=117 pid=78428 after_return_ms=191.6
1791112251780 PREV-BROWSER n=118 prev_n=117 pid=78428 alive=false
1791112251780 RENDER-START n=118
1791112252754 RENDER-OK n=118 id=118 browser_pid=Some(104116) slot=B path=%TEMP%\fc-repro-leak-20261004-190528\localappdata\tw.fintools.fc-host\wallpaper\m-7ebe8f017cddc2d6-b.png wh=3840x2160 body=raw open_ms=443.5 page_ms=513.7 to_png_ms=957.2 close_ms=3.5 write_ms=12.8 warnings=0
1791112252754 VERIFY n=118 dims=Some((3840, 2160)) expect=3840x2160 own_files=2 PASS
1791112252941 BROWSER-EXIT n=118 pid=104116 after_return_ms=187.1
1791112255754 PREV-BROWSER n=119 prev_n=118 pid=104116 alive=false
1791112255754 RENDER-START n=119
1791112256402 RENDER-OK n=119 id=119 browser_pid=Some(93100) slot=A path=%TEMP%\fc-repro-leak-20261004-190528\localappdata\tw.fintools.fc-host\wallpaper\m-7ebe8f017cddc2d6-a.png wh=2560x1600 body=raw open_ms=273.9 page_ms=355.0 to_png_ms=628.8 close_ms=2.5 write_ms=16.4 warnings=0
1791112256402 VERIFY n=119 dims=Some((2560, 1600)) expect=2560x1600 own_files=2 PASS
1791112256586 BROWSER-EXIT n=119 pid=93100 after_return_ms=183.9
1791112257402 PREV-BROWSER n=120 prev_n=119 pid=93100 alive=false
1791112257402 RENDER-START n=120
1791112258275 RENDER-OK n=120 id=120 browser_pid=Some(112196) slot=B path=%TEMP%\fc-repro-leak-20261004-190528\localappdata\tw.fintools.fc-host\wallpaper\m-7ebe8f017cddc2d6-b.png wh=3840x2160 body=raw open_ms=334.2 page_ms=520.7 to_png_ms=855.0 close_ms=3.9 write_ms=13.3 warnings=0
1791112258275 VERIFY n=120 dims=Some((3840, 2160)) expect=3840x2160 own_files=2 PASS
1791112258465 BROWSER-EXIT n=120 pid=112196 after_return_ms=189.6
1791112261275 PREV-BROWSER n=121 prev_n=120 pid=112196 alive=false
1791112261275 RENDER-START n=121
1791112261909 RENDER-OK n=121 id=121 browser_pid=Some(72124) slot=A path=%TEMP%\fc-repro-leak-20261004-190528\localappdata\tw.fintools.fc-host\wallpaper\m-7ebe8f017cddc2d6-a.png wh=2560x1600 body=raw open_ms=269.5 page_ms=344.0 to_png_ms=613.5 close_ms=2.3 write_ms=17.2 warnings=0
1791112261909 VERIFY n=121 dims=Some((2560, 1600)) expect=2560x1600 own_files=2 PASS
1791112262075 BROWSER-EXIT n=121 pid=72124 after_return_ms=166.2
1791112262909 PREV-BROWSER n=122 prev_n=121 pid=72124 alive=false
1791112262909 RENDER-START n=122
1791112263654 RENDER-OK n=122 id=122 browser_pid=Some(89788) slot=B path=%TEMP%\fc-repro-leak-20261004-190528\localappdata\tw.fintools.fc-host\wallpaper\m-7ebe8f017cddc2d6-b.png wh=3840x2160 body=raw open_ms=270.2 page_ms=451.9 to_png_ms=722.1 close_ms=3.4 write_ms=19.0 warnings=0
1791112263654 VERIFY n=122 dims=Some((3840, 2160)) expect=3840x2160 own_files=2 PASS
1791112263828 BROWSER-EXIT n=122 pid=89788 after_return_ms=174.3
1791112266654 PREV-BROWSER n=123 prev_n=122 pid=89788 alive=false
1791112266654 RENDER-START n=123
1791112267295 RENDER-OK n=123 id=123 browser_pid=Some(100320) slot=A path=%TEMP%\fc-repro-leak-20261004-190528\localappdata\tw.fintools.fc-host\wallpaper\m-7ebe8f017cddc2d6-a.png wh=2560x1600 body=raw open_ms=271.9 page_ms=350.4 to_png_ms=622.3 close_ms=2.3 write_ms=16.2 warnings=0
1791112267295 VERIFY n=123 dims=Some((2560, 1600)) expect=2560x1600 own_files=2 PASS
1791112267472 BROWSER-EXIT n=123 pid=100320 after_return_ms=176.9
1791112268295 PREV-BROWSER n=124 prev_n=123 pid=100320 alive=false
1791112268295 RENDER-START n=124
1791112269099 RENDER-OK n=124 id=124 browser_pid=Some(98100) slot=B path=%TEMP%\fc-repro-leak-20261004-190528\localappdata\tw.fintools.fc-host\wallpaper\m-7ebe8f017cddc2d6-b.png wh=3840x2160 body=raw open_ms=323.6 page_ms=457.6 to_png_ms=781.2 close_ms=3.6 write_ms=19.2 warnings=0
1791112269099 VERIFY n=124 dims=Some((3840, 2160)) expect=3840x2160 own_files=2 PASS
1791112269264 BROWSER-EXIT n=124 pid=98100 after_return_ms=164.5
1791112272100 PREV-BROWSER n=125 prev_n=124 pid=98100 alive=false
1791112272100 RENDER-START n=125
1791112272734 RENDER-OK n=125 id=125 browser_pid=Some(110060) slot=A path=%TEMP%\fc-repro-leak-20261004-190528\localappdata\tw.fintools.fc-host\wallpaper\m-7ebe8f017cddc2d6-a.png wh=2560x1600 body=raw open_ms=255.6 page_ms=366.8 to_png_ms=622.4 close_ms=2.3 write_ms=9.2 warnings=0
1791112272734 VERIFY n=125 dims=Some((2560, 1600)) expect=2560x1600 own_files=2 PASS
1791112272906 BROWSER-EXIT n=125 pid=110060 after_return_ms=172.1
1791112273734 PREV-BROWSER n=126 prev_n=125 pid=110060 alive=false
1791112273734 RENDER-START n=126
1791112274464 RENDER-OK n=126 id=126 browser_pid=Some(57956) slot=B path=%TEMP%\fc-repro-leak-20261004-190528\localappdata\tw.fintools.fc-host\wallpaper\m-7ebe8f017cddc2d6-b.png wh=3840x2160 body=raw open_ms=263.2 page_ms=443.7 to_png_ms=707.0 close_ms=3.8 write_ms=19.1 warnings=0
1791112274465 VERIFY n=126 dims=Some((3840, 2160)) expect=3840x2160 own_files=2 PASS
1791112274638 BROWSER-EXIT n=126 pid=57956 after_return_ms=174.0
1791112277464 PREV-BROWSER n=127 prev_n=126 pid=57956 alive=false
1791112277464 RENDER-START n=127
1791112278106 RENDER-OK n=127 id=127 browser_pid=Some(111956) slot=A path=%TEMP%\fc-repro-leak-20261004-190528\localappdata\tw.fintools.fc-host\wallpaper\m-7ebe8f017cddc2d6-a.png wh=2560x1600 body=raw open_ms=263.0 page_ms=360.0 to_png_ms=623.1 close_ms=2.3 write_ms=16.3 warnings=0
1791112278107 VERIFY n=127 dims=Some((2560, 1600)) expect=2560x1600 own_files=2 PASS
1791112278273 BROWSER-EXIT n=127 pid=111956 after_return_ms=167.1
1791112279107 PREV-BROWSER n=128 prev_n=127 pid=111956 alive=false
1791112279107 RENDER-START n=128
1791112279861 RENDER-OK n=128 id=128 browser_pid=Some(16224) slot=B path=%TEMP%\fc-repro-leak-20261004-190528\localappdata\tw.fintools.fc-host\wallpaper\m-7ebe8f017cddc2d6-b.png wh=3840x2160 body=raw open_ms=259.6 page_ms=471.6 to_png_ms=731.3 close_ms=3.7 write_ms=19.1 warnings=0
1791112279862 VERIFY n=128 dims=Some((3840, 2160)) expect=3840x2160 own_files=2 PASS
1791112280040 BROWSER-EXIT n=128 pid=16224 after_return_ms=179.1
1791112282862 PREV-BROWSER n=129 prev_n=128 pid=16224 alive=false
1791112282862 RENDER-START n=129
1791112283555 RENDER-OK n=129 id=129 browser_pid=Some(51224) slot=A path=%TEMP%\fc-repro-leak-20261004-190528\localappdata\tw.fintools.fc-host\wallpaper\m-7ebe8f017cddc2d6-a.png wh=2560x1600 body=raw open_ms=322.7 page_ms=351.9 to_png_ms=674.5 close_ms=2.2 write_ms=16.4 warnings=0
1791112283555 VERIFY n=129 dims=Some((2560, 1600)) expect=2560x1600 own_files=2 PASS
1791112283724 BROWSER-EXIT n=129 pid=51224 after_return_ms=168.7
1791112284555 PREV-BROWSER n=130 prev_n=129 pid=51224 alive=false
1791112284555 RENDER-START n=130
1791112285377 RENDER-OK n=130 id=130 browser_pid=Some(110868) slot=B path=%TEMP%\fc-repro-leak-20261004-190528\localappdata\tw.fintools.fc-host\wallpaper\m-7ebe8f017cddc2d6-b.png wh=3840x2160 body=raw open_ms=347.2 page_ms=455.6 to_png_ms=802.7 close_ms=3.2 write_ms=15.7 warnings=0
1791112285377 VERIFY n=130 dims=Some((3840, 2160)) expect=3840x2160 own_files=2 PASS
1791112285551 BROWSER-EXIT n=130 pid=110868 after_return_ms=174.1
1791112288378 PREV-BROWSER n=131 prev_n=130 pid=110868 alive=false
1791112288378 RENDER-START n=131
1791112289023 RENDER-OK n=131 id=131 browser_pid=Some(5692) slot=A path=%TEMP%\fc-repro-leak-20261004-190528\localappdata\tw.fintools.fc-host\wallpaper\m-7ebe8f017cddc2d6-a.png wh=2560x1600 body=raw open_ms=266.1 page_ms=360.3 to_png_ms=626.4 close_ms=2.4 write_ms=16.5 warnings=0
1791112289023 VERIFY n=131 dims=Some((2560, 1600)) expect=2560x1600 own_files=2 PASS
1791112289201 BROWSER-EXIT n=131 pid=5692 after_return_ms=178.0
1791112290023 PREV-BROWSER n=132 prev_n=131 pid=5692 alive=false
1791112290023 RENDER-START n=132
1791112290770 RENDER-OK n=132 id=132 browser_pid=Some(53888) slot=B path=%TEMP%\fc-repro-leak-20261004-190528\localappdata\tw.fintools.fc-host\wallpaper\m-7ebe8f017cddc2d6-b.png wh=3840x2160 body=raw open_ms=260.0 page_ms=463.8 to_png_ms=723.8 close_ms=3.8 write_ms=18.7 warnings=0
1791112290770 VERIFY n=132 dims=Some((3840, 2160)) expect=3840x2160 own_files=2 PASS
1791112290947 BROWSER-EXIT n=132 pid=53888 after_return_ms=176.7
1791112293770 PREV-BROWSER n=133 prev_n=132 pid=53888 alive=false
1791112293770 RENDER-START n=133
1791112294405 RENDER-OK n=133 id=133 browser_pid=Some(69972) slot=A path=%TEMP%\fc-repro-leak-20261004-190528\localappdata\tw.fintools.fc-host\wallpaper\m-7ebe8f017cddc2d6-a.png wh=2560x1600 body=raw open_ms=261.8 page_ms=353.7 to_png_ms=615.5 close_ms=2.4 write_ms=16.0 warnings=0
1791112294405 VERIFY n=133 dims=Some((2560, 1600)) expect=2560x1600 own_files=2 PASS
1791112294580 BROWSER-EXIT n=133 pid=69972 after_return_ms=175.8
1791112295405 PREV-BROWSER n=134 prev_n=133 pid=69972 alive=false
1791112295405 RENDER-START n=134
1791112296146 RENDER-OK n=134 id=134 browser_pid=Some(112104) slot=B path=%TEMP%\fc-repro-leak-20261004-190528\localappdata\tw.fintools.fc-host\wallpaper\m-7ebe8f017cddc2d6-b.png wh=3840x2160 body=raw open_ms=255.8 page_ms=461.6 to_png_ms=717.4 close_ms=3.7 write_ms=20.1 warnings=0
1791112296147 VERIFY n=134 dims=Some((3840, 2160)) expect=3840x2160 own_files=2 PASS
1791112296331 BROWSER-EXIT n=134 pid=112104 after_return_ms=184.7
1791112299146 PREV-BROWSER n=135 prev_n=134 pid=112104 alive=false
1791112299146 RENDER-START n=135
1791112299764 RENDER-OK n=135 id=135 browser_pid=Some(110660) slot=A path=%TEMP%\fc-repro-leak-20261004-190528\localappdata\tw.fintools.fc-host\wallpaper\m-7ebe8f017cddc2d6-a.png wh=2560x1600 body=raw open_ms=252.9 page_ms=352.4 to_png_ms=605.4 close_ms=2.8 write_ms=9.1 warnings=0
1791112299764 VERIFY n=135 dims=Some((2560, 1600)) expect=2560x1600 own_files=2 PASS
1791112299955 BROWSER-EXIT n=135 pid=110660 after_return_ms=191.1
1791112300765 PREV-BROWSER n=136 prev_n=135 pid=110660 alive=false
1791112300765 RENDER-START n=136
1791112301507 RENDER-OK n=136 id=136 browser_pid=Some(108660) slot=B path=%TEMP%\fc-repro-leak-20261004-190528\localappdata\tw.fintools.fc-host\wallpaper\m-7ebe8f017cddc2d6-b.png wh=3840x2160 body=raw open_ms=257.4 page_ms=461.3 to_png_ms=718.7 close_ms=3.1 write_ms=19.8 warnings=0
1791112301507 VERIFY n=136 dims=Some((3840, 2160)) expect=3840x2160 own_files=2 PASS
1791112301679 BROWSER-EXIT n=136 pid=108660 after_return_ms=172.8
1791112304507 PREV-BROWSER n=137 prev_n=136 pid=108660 alive=false
1791112304507 RENDER-START n=137
1791112305127 RENDER-OK n=137 id=137 browser_pid=Some(112832) slot=A path=%TEMP%\fc-repro-leak-20261004-190528\localappdata\tw.fintools.fc-host\wallpaper\m-7ebe8f017cddc2d6-a.png wh=2560x1600 body=raw open_ms=249.3 page_ms=352.5 to_png_ms=601.8 close_ms=2.4 write_ms=15.8 warnings=0
1791112305127 VERIFY n=137 dims=Some((2560, 1600)) expect=2560x1600 own_files=2 PASS
1791112305303 BROWSER-EXIT n=137 pid=112832 after_return_ms=175.7
1791112306127 PREV-BROWSER n=138 prev_n=137 pid=112832 alive=false
1791112306127 RENDER-START n=138
1791112306880 RENDER-OK n=138 id=138 browser_pid=Some(110692) slot=B path=%TEMP%\fc-repro-leak-20261004-190528\localappdata\tw.fintools.fc-host\wallpaper\m-7ebe8f017cddc2d6-b.png wh=3840x2160 body=raw open_ms=260.2 page_ms=469.7 to_png_ms=729.9 close_ms=3.5 write_ms=18.8 warnings=0
1791112306880 VERIFY n=138 dims=Some((3840, 2160)) expect=3840x2160 own_files=2 PASS
1791112307052 BROWSER-EXIT n=138 pid=110692 after_return_ms=172.0
1791112309880 PREV-BROWSER n=139 prev_n=138 pid=110692 alive=false
1791112309880 RENDER-START n=139
1791112310501 RENDER-OK n=139 id=139 browser_pid=Some(111208) slot=A path=%TEMP%\fc-repro-leak-20261004-190528\localappdata\tw.fintools.fc-host\wallpaper\m-7ebe8f017cddc2d6-a.png wh=2560x1600 body=raw open_ms=255.2 page_ms=346.6 to_png_ms=601.8 close_ms=2.4 write_ms=16.7 warnings=0
1791112310501 VERIFY n=139 dims=Some((2560, 1600)) expect=2560x1600 own_files=2 PASS
1791112310678 BROWSER-EXIT n=139 pid=111208 after_return_ms=176.8
1791112311501 PREV-BROWSER n=140 prev_n=139 pid=111208 alive=false
1791112311501 RENDER-START n=140
1791112312237 RENDER-OK n=140 id=140 browser_pid=Some(112200) slot=B path=%TEMP%\fc-repro-leak-20261004-190528\localappdata\tw.fintools.fc-host\wallpaper\m-7ebe8f017cddc2d6-b.png wh=3840x2160 body=raw open_ms=252.5 page_ms=461.7 to_png_ms=714.2 close_ms=3.5 write_ms=17.5 warnings=0
1791112312237 VERIFY n=140 dims=Some((3840, 2160)) expect=3840x2160 own_files=2 PASS
1791112312406 BROWSER-EXIT n=140 pid=112200 after_return_ms=168.7
1791112315237 PREV-BROWSER n=141 prev_n=140 pid=112200 alive=false
1791112315238 RENDER-START n=141
1791112315861 RENDER-OK n=141 id=141 browser_pid=Some(58028) slot=A path=%TEMP%\fc-repro-leak-20261004-190528\localappdata\tw.fintools.fc-host\wallpaper\m-7ebe8f017cddc2d6-a.png wh=2560x1600 body=raw open_ms=256.2 page_ms=349.3 to_png_ms=605.5 close_ms=2.2 write_ms=16.0 warnings=0
1791112315862 VERIFY n=141 dims=Some((2560, 1600)) expect=2560x1600 own_files=2 PASS
1791112316039 BROWSER-EXIT n=141 pid=58028 after_return_ms=177.8
1791112316862 PREV-BROWSER n=142 prev_n=141 pid=58028 alive=false
1791112316862 RENDER-START n=142
1791112317605 RENDER-OK n=142 id=142 browser_pid=Some(52804) slot=B path=%TEMP%\fc-repro-leak-20261004-190528\localappdata\tw.fintools.fc-host\wallpaper\m-7ebe8f017cddc2d6-b.png wh=3840x2160 body=raw open_ms=262.4 page_ms=457.8 to_png_ms=720.2 close_ms=3.5 write_ms=19.2 warnings=0
1791112317605 VERIFY n=142 dims=Some((3840, 2160)) expect=3840x2160 own_files=2 PASS
1791112317775 BROWSER-EXIT n=142 pid=52804 after_return_ms=170.0
1791112320606 PREV-BROWSER n=143 prev_n=142 pid=52804 alive=false
1791112320606 RENDER-START n=143
1791112321231 RENDER-OK n=143 id=143 browser_pid=Some(91692) slot=A path=%TEMP%\fc-repro-leak-20261004-190528\localappdata\tw.fintools.fc-host\wallpaper\m-7ebe8f017cddc2d6-a.png wh=2560x1600 body=raw open_ms=255.1 page_ms=350.3 to_png_ms=605.4 close_ms=2.8 write_ms=17.0 warnings=0
1791112321232 VERIFY n=143 dims=Some((2560, 1600)) expect=2560x1600 own_files=2 PASS
1791112321402 BROWSER-EXIT n=143 pid=91692 after_return_ms=170.6
1791112322231 PREV-BROWSER n=144 prev_n=143 pid=91692 alive=false
1791112322231 RENDER-START n=144
1791112322965 RENDER-OK n=144 id=144 browser_pid=Some(90652) slot=B path=%TEMP%\fc-repro-leak-20261004-190528\localappdata\tw.fintools.fc-host\wallpaper\m-7ebe8f017cddc2d6-b.png wh=3840x2160 body=raw open_ms=252.0 page_ms=459.0 to_png_ms=710.9 close_ms=3.4 write_ms=19.0 warnings=0
1791112322965 VERIFY n=144 dims=Some((3840, 2160)) expect=3840x2160 own_files=2 PASS
1791112323141 BROWSER-EXIT n=144 pid=90652 after_return_ms=176.2
1791112325966 PREV-BROWSER n=145 prev_n=144 pid=90652 alive=false
1791112325966 RENDER-START n=145
1791112326581 RENDER-OK n=145 id=145 browser_pid=Some(55884) slot=A path=%TEMP%\fc-repro-leak-20261004-190528\localappdata\tw.fintools.fc-host\wallpaper\m-7ebe8f017cddc2d6-a.png wh=2560x1600 body=raw open_ms=254.9 page_ms=348.9 to_png_ms=603.8 close_ms=2.2 write_ms=9.5 warnings=0
1791112326582 VERIFY n=145 dims=Some((2560, 1600)) expect=2560x1600 own_files=2 PASS
1791112326761 BROWSER-EXIT n=145 pid=55884 after_return_ms=179.6
1791112327582 PREV-BROWSER n=146 prev_n=145 pid=55884 alive=false
1791112327582 RENDER-START n=146
1791112328378 RENDER-OK n=146 id=146 browser_pid=Some(56088) slot=B path=%TEMP%\fc-repro-leak-20261004-190528\localappdata\tw.fintools.fc-host\wallpaper\m-7ebe8f017cddc2d6-b.png wh=3840x2160 body=raw open_ms=319.9 page_ms=453.8 to_png_ms=773.7 close_ms=3.5 write_ms=18.9 warnings=0
1791112328378 VERIFY n=146 dims=Some((3840, 2160)) expect=3840x2160 own_files=2 PASS
1791112328556 BROWSER-EXIT n=146 pid=56088 after_return_ms=177.6
1791112331379 PREV-BROWSER n=147 prev_n=146 pid=56088 alive=false
1791112331379 RENDER-START n=147
1791112332027 RENDER-OK n=147 id=147 browser_pid=Some(90420) slot=A path=%TEMP%\fc-repro-leak-20261004-190528\localappdata\tw.fintools.fc-host\wallpaper\m-7ebe8f017cddc2d6-a.png wh=2560x1600 body=raw open_ms=282.7 page_ms=352.2 to_png_ms=634.9 close_ms=2.4 write_ms=10.8 warnings=0
1791112332027 VERIFY n=147 dims=Some((2560, 1600)) expect=2560x1600 own_files=2 PASS
1791112332206 BROWSER-EXIT n=147 pid=90420 after_return_ms=178.6
1791112333027 PREV-BROWSER n=148 prev_n=147 pid=90420 alive=false
1791112333027 RENDER-START n=148
1791112333761 RENDER-OK n=148 id=148 browser_pid=Some(98828) slot=B path=%TEMP%\fc-repro-leak-20261004-190528\localappdata\tw.fintools.fc-host\wallpaper\m-7ebe8f017cddc2d6-b.png wh=3840x2160 body=raw open_ms=256.4 page_ms=455.5 to_png_ms=711.9 close_ms=3.5 write_ms=17.6 warnings=0
1791112333761 VERIFY n=148 dims=Some((3840, 2160)) expect=3840x2160 own_files=2 PASS
1791112333940 BROWSER-EXIT n=148 pid=98828 after_return_ms=179.1
1791112336761 PREV-BROWSER n=149 prev_n=148 pid=98828 alive=false
1791112336761 RENDER-START n=149
1791112337385 RENDER-OK n=149 id=149 browser_pid=Some(103812) slot=A path=%TEMP%\fc-repro-leak-20261004-190528\localappdata\tw.fintools.fc-host\wallpaper\m-7ebe8f017cddc2d6-a.png wh=2560x1600 body=raw open_ms=250.6 page_ms=353.4 to_png_ms=603.9 close_ms=2.3 write_ms=17.6 warnings=0
1791112337385 VERIFY n=149 dims=Some((2560, 1600)) expect=2560x1600 own_files=2 PASS
1791112337555 BROWSER-EXIT n=149 pid=103812 after_return_ms=169.7
1791112338385 PREV-BROWSER n=150 prev_n=149 pid=103812 alive=false
1791112338385 RENDER-START n=150
1791112339113 RENDER-OK n=150 id=150 browser_pid=Some(36640) slot=B path=%TEMP%\fc-repro-leak-20261004-190528\localappdata\tw.fintools.fc-host\wallpaper\m-7ebe8f017cddc2d6-b.png wh=3840x2160 body=raw open_ms=253.9 page_ms=451.4 to_png_ms=705.4 close_ms=3.7 write_ms=18.6 warnings=0
1791112339113 VERIFY n=150 dims=Some((3840, 2160)) expect=3840x2160 own_files=2 PASS
1791112339293 BROWSER-EXIT n=150 pid=36640 after_return_ms=179.5
1791112342113 PREV-BROWSER n=151 prev_n=150 pid=36640 alive=false
1791112342113 RENDER-START n=151
1791112342867 RENDER-OK n=151 id=151 browser_pid=Some(67188) slot=A path=%TEMP%\fc-repro-leak-20261004-190528\localappdata\tw.fintools.fc-host\wallpaper\m-7ebe8f017cddc2d6-a.png wh=2560x1600 body=raw open_ms=366.1 page_ms=367.3 to_png_ms=733.4 close_ms=2.9 write_ms=17.3 warnings=0
1791112342867 VERIFY n=151 dims=Some((2560, 1600)) expect=2560x1600 own_files=2 PASS
1791112343036 BROWSER-EXIT n=151 pid=67188 after_return_ms=169.1
1791112343867 PREV-BROWSER n=152 prev_n=151 pid=67188 alive=false
1791112343867 RENDER-START n=152
1791112344609 RENDER-OK n=152 id=152 browser_pid=Some(30820) slot=B path=%TEMP%\fc-repro-leak-20261004-190528\localappdata\tw.fintools.fc-host\wallpaper\m-7ebe8f017cddc2d6-b.png wh=3840x2160 body=raw open_ms=254.3 page_ms=464.6 to_png_ms=719.0 close_ms=3.8 write_ms=18.2 warnings=0
1791112344609 VERIFY n=152 dims=Some((3840, 2160)) expect=3840x2160 own_files=2 PASS
1791112344781 BROWSER-EXIT n=152 pid=30820 after_return_ms=171.9
1791112347609 PREV-BROWSER n=153 prev_n=152 pid=30820 alive=false
1791112347609 RENDER-START n=153
1791112348238 RENDER-OK n=153 id=153 browser_pid=Some(100184) slot=A path=%TEMP%\fc-repro-leak-20261004-190528\localappdata\tw.fintools.fc-host\wallpaper\m-7ebe8f017cddc2d6-a.png wh=2560x1600 body=raw open_ms=262.5 page_ms=354.3 to_png_ms=616.8 close_ms=2.1 write_ms=10.2 warnings=0
1791112348239 VERIFY n=153 dims=Some((2560, 1600)) expect=2560x1600 own_files=2 PASS
1791112348416 BROWSER-EXIT n=153 pid=100184 after_return_ms=177.6
1791112349238 PREV-BROWSER n=154 prev_n=153 pid=100184 alive=false
1791112349239 RENDER-START n=154
1791112349981 RENDER-OK n=154 id=154 browser_pid=Some(101624) slot=B path=%TEMP%\fc-repro-leak-20261004-190528\localappdata\tw.fintools.fc-host\wallpaper\m-7ebe8f017cddc2d6-b.png wh=3840x2160 body=raw open_ms=262.4 page_ms=455.2 to_png_ms=717.6 close_ms=3.7 write_ms=20.6 warnings=0
1791112349981 VERIFY n=154 dims=Some((3840, 2160)) expect=3840x2160 own_files=2 PASS
1791112350151 BROWSER-EXIT n=154 pid=101624 after_return_ms=170.3
1791112352981 PREV-BROWSER n=155 prev_n=154 pid=101624 alive=false
1791112352981 RENDER-START n=155
1791112353604 RENDER-OK n=155 id=155 browser_pid=Some(106432) slot=A path=%TEMP%\fc-repro-leak-20261004-190528\localappdata\tw.fintools.fc-host\wallpaper\m-7ebe8f017cddc2d6-a.png wh=2560x1600 body=raw open_ms=257.2 page_ms=352.5 to_png_ms=609.6 close_ms=2.2 write_ms=10.3 warnings=0
1791112353604 VERIFY n=155 dims=Some((2560, 1600)) expect=2560x1600 own_files=2 PASS
1791112353784 BROWSER-EXIT n=155 pid=106432 after_return_ms=179.8
1791112354604 PREV-BROWSER n=156 prev_n=155 pid=106432 alive=false
1791112354604 RENDER-START n=156
1791112355351 RENDER-OK n=156 id=156 browser_pid=Some(101168) slot=B path=%TEMP%\fc-repro-leak-20261004-190528\localappdata\tw.fintools.fc-host\wallpaper\m-7ebe8f017cddc2d6-b.png wh=3840x2160 body=raw open_ms=265.6 page_ms=459.1 to_png_ms=724.6 close_ms=3.2 write_ms=18.2 warnings=0
1791112355351 VERIFY n=156 dims=Some((3840, 2160)) expect=3840x2160 own_files=2 PASS
1791112355522 BROWSER-EXIT n=156 pid=101168 after_return_ms=171.4
1791112358351 PREV-BROWSER n=157 prev_n=156 pid=101168 alive=false
1791112358351 RENDER-START n=157
1791112359005 RENDER-OK n=157 id=157 browser_pid=Some(86764) slot=A path=%TEMP%\fc-repro-leak-20261004-190528\localappdata\tw.fintools.fc-host\wallpaper\m-7ebe8f017cddc2d6-a.png wh=2560x1600 body=raw open_ms=279.2 page_ms=355.6 to_png_ms=634.8 close_ms=2.1 write_ms=16.4 warnings=0
1791112359005 VERIFY n=157 dims=Some((2560, 1600)) expect=2560x1600 own_files=2 PASS
1791112359179 BROWSER-EXIT n=157 pid=86764 after_return_ms=174.2
1791112360005 PREV-BROWSER n=158 prev_n=157 pid=86764 alive=false
1791112360005 RENDER-START n=158
1791112360729 RENDER-OK n=158 id=158 browser_pid=Some(111444) slot=B path=%TEMP%\fc-repro-leak-20261004-190528\localappdata\tw.fintools.fc-host\wallpaper\m-7ebe8f017cddc2d6-b.png wh=3840x2160 body=raw open_ms=265.9 page_ms=441.9 to_png_ms=707.8 close_ms=4.0 write_ms=12.1 warnings=0
1791112360729 VERIFY n=158 dims=Some((3840, 2160)) expect=3840x2160 own_files=2 PASS
1791112360912 BROWSER-EXIT n=158 pid=111444 after_return_ms=183.2
1791112363730 PREV-BROWSER n=159 prev_n=158 pid=111444 alive=false
1791112363730 RENDER-START n=159
1791112364354 RENDER-OK n=159 id=159 browser_pid=Some(19836) slot=A path=%TEMP%\fc-repro-leak-20261004-190528\localappdata\tw.fintools.fc-host\wallpaper\m-7ebe8f017cddc2d6-a.png wh=2560x1600 body=raw open_ms=253.4 page_ms=351.4 to_png_ms=604.9 close_ms=2.2 write_ms=16.5 warnings=0
1791112364354 VERIFY n=159 dims=Some((2560, 1600)) expect=2560x1600 own_files=2 PASS
1791112364526 BROWSER-EXIT n=159 pid=19836 after_return_ms=171.9
1791112365354 PREV-BROWSER n=160 prev_n=159 pid=19836 alive=false
1791112365354 RENDER-START n=160
1791112366076 RENDER-OK n=160 id=160 browser_pid=Some(38528) slot=B path=%TEMP%\fc-repro-leak-20261004-190528\localappdata\tw.fintools.fc-host\wallpaper\m-7ebe8f017cddc2d6-b.png wh=3840x2160 body=raw open_ms=254.8 page_ms=446.3 to_png_ms=701.1 close_ms=4.2 write_ms=16.2 warnings=0
1791112366076 VERIFY n=160 dims=Some((3840, 2160)) expect=3840x2160 own_files=2 PASS
1791112366249 BROWSER-EXIT n=160 pid=38528 after_return_ms=173.5
1791112369076 PREV-BROWSER n=161 prev_n=160 pid=38528 alive=false
1791112369076 RENDER-START n=161
1791112369696 RENDER-OK n=161 id=161 browser_pid=Some(107056) slot=A path=%TEMP%\fc-repro-leak-20261004-190528\localappdata\tw.fintools.fc-host\wallpaper\m-7ebe8f017cddc2d6-a.png wh=2560x1600 body=raw open_ms=255.3 page_ms=345.1 to_png_ms=600.4 close_ms=2.5 write_ms=16.5 warnings=0
1791112369696 VERIFY n=161 dims=Some((2560, 1600)) expect=2560x1600 own_files=2 PASS
1791112369878 BROWSER-EXIT n=161 pid=107056 after_return_ms=182.4
1791112370696 PREV-BROWSER n=162 prev_n=161 pid=107056 alive=false
1791112370696 RENDER-START n=162
1791112371425 RENDER-OK n=162 id=162 browser_pid=Some(33840) slot=B path=%TEMP%\fc-repro-leak-20261004-190528\localappdata\tw.fintools.fc-host\wallpaper\m-7ebe8f017cddc2d6-b.png wh=3840x2160 body=raw open_ms=256.7 page_ms=449.0 to_png_ms=705.7 close_ms=3.4 write_ms=19.4 warnings=0
1791112371425 VERIFY n=162 dims=Some((3840, 2160)) expect=3840x2160 own_files=2 PASS
1791112371595 BROWSER-EXIT n=162 pid=33840 after_return_ms=169.9
1791112374425 PREV-BROWSER n=163 prev_n=162 pid=33840 alive=false
1791112374425 RENDER-START n=163
1791112375050 RENDER-OK n=163 id=163 browser_pid=Some(53048) slot=A path=%TEMP%\fc-repro-leak-20261004-190528\localappdata\tw.fintools.fc-host\wallpaper\m-7ebe8f017cddc2d6-a.png wh=2560x1600 body=raw open_ms=259.6 page_ms=346.2 to_png_ms=605.8 close_ms=2.5 write_ms=16.7 warnings=0
1791112375051 VERIFY n=163 dims=Some((2560, 1600)) expect=2560x1600 own_files=2 PASS
1791112375232 BROWSER-EXIT n=163 pid=53048 after_return_ms=181.2
1791112376051 PREV-BROWSER n=164 prev_n=163 pid=53048 alive=false
1791112376051 RENDER-START n=164
1791112376769 RENDER-OK n=164 id=164 browser_pid=Some(56872) slot=B path=%TEMP%\fc-repro-leak-20261004-190528\localappdata\tw.fintools.fc-host\wallpaper\m-7ebe8f017cddc2d6-b.png wh=3840x2160 body=raw open_ms=250.2 page_ms=448.6 to_png_ms=698.7 close_ms=3.6 write_ms=16.0 warnings=0
1791112376770 VERIFY n=164 dims=Some((3840, 2160)) expect=3840x2160 own_files=2 PASS
1791112376947 BROWSER-EXIT n=164 pid=56872 after_return_ms=177.6
1791112379769 PREV-BROWSER n=165 prev_n=164 pid=56872 alive=false
1791112379769 RENDER-START n=165
1791112380392 RENDER-OK n=165 id=165 browser_pid=Some(104924) slot=A path=%TEMP%\fc-repro-leak-20261004-190528\localappdata\tw.fintools.fc-host\wallpaper\m-7ebe8f017cddc2d6-a.png wh=2560x1600 body=raw open_ms=255.9 page_ms=355.1 to_png_ms=611.0 close_ms=2.2 write_ms=9.4 warnings=0
1791112380393 VERIFY n=165 dims=Some((2560, 1600)) expect=2560x1600 own_files=2 PASS
1791112380568 BROWSER-EXIT n=165 pid=104924 after_return_ms=175.7
1791112381392 PREV-BROWSER n=166 prev_n=165 pid=104924 alive=false
1791112381392 RENDER-START n=166
1791112382121 RENDER-OK n=166 id=166 browser_pid=Some(69144) slot=B path=%TEMP%\fc-repro-leak-20261004-190528\localappdata\tw.fintools.fc-host\wallpaper\m-7ebe8f017cddc2d6-b.png wh=3840x2160 body=raw open_ms=254.3 page_ms=451.7 to_png_ms=706.0 close_ms=3.2 write_ms=19.1 warnings=0
1791112382121 VERIFY n=166 dims=Some((3840, 2160)) expect=3840x2160 own_files=2 PASS
1791112382290 BROWSER-EXIT n=166 pid=69144 after_return_ms=169.4
1791112385121 PREV-BROWSER n=167 prev_n=166 pid=69144 alive=false
1791112385122 RENDER-START n=167
1791112385797 RENDER-OK n=167 id=167 browser_pid=Some(46656) slot=A path=%TEMP%\fc-repro-leak-20261004-190528\localappdata\tw.fintools.fc-host\wallpaper\m-7ebe8f017cddc2d6-a.png wh=2560x1600 body=raw open_ms=302.1 page_ms=352.9 to_png_ms=655.0 close_ms=3.0 write_ms=17.2 warnings=0
1791112385797 VERIFY n=167 dims=Some((2560, 1600)) expect=2560x1600 own_files=2 PASS
1791112385970 BROWSER-EXIT n=167 pid=46656 after_return_ms=172.7
1791112386797 PREV-BROWSER n=168 prev_n=167 pid=46656 alive=false
1791112386797 RENDER-START n=168
1791112387525 RENDER-OK n=168 id=168 browser_pid=Some(86736) slot=B path=%TEMP%\fc-repro-leak-20261004-190528\localappdata\tw.fintools.fc-host\wallpaper\m-7ebe8f017cddc2d6-b.png wh=3840x2160 body=raw open_ms=253.3 page_ms=459.7 to_png_ms=713.0 close_ms=3.2 write_ms=10.9 warnings=0
1791112387525 VERIFY n=168 dims=Some((3840, 2160)) expect=3840x2160 own_files=2 PASS
1791112387705 BROWSER-EXIT n=168 pid=86736 after_return_ms=180.7
1791112390525 PREV-BROWSER n=169 prev_n=168 pid=86736 alive=false
1791112390525 RENDER-START n=169
1791112391151 RENDER-OK n=169 id=169 browser_pid=Some(17628) slot=A path=%TEMP%\fc-repro-leak-20261004-190528\localappdata\tw.fintools.fc-host\wallpaper\m-7ebe8f017cddc2d6-a.png wh=2560x1600 body=raw open_ms=250.0 page_ms=357.4 to_png_ms=607.3 close_ms=2.1 write_ms=16.9 warnings=0
1791112391151 VERIFY n=169 dims=Some((2560, 1600)) expect=2560x1600 own_files=2 PASS
1791112391335 BROWSER-EXIT n=169 pid=17628 after_return_ms=183.4
1791112392151 PREV-BROWSER n=170 prev_n=169 pid=17628 alive=false
1791112392152 RENDER-START n=170
1791112392883 RENDER-OK n=170 id=170 browser_pid=Some(112952) slot=B path=%TEMP%\fc-repro-leak-20261004-190528\localappdata\tw.fintools.fc-host\wallpaper\m-7ebe8f017cddc2d6-b.png wh=3840x2160 body=raw open_ms=257.7 page_ms=451.4 to_png_ms=709.1 close_ms=3.6 write_ms=18.0 warnings=0
1791112392883 VERIFY n=170 dims=Some((3840, 2160)) expect=3840x2160 own_files=2 PASS
1791112393053 BROWSER-EXIT n=170 pid=112952 after_return_ms=170.2
1791112395883 PREV-BROWSER n=171 prev_n=170 pid=112952 alive=false
1791112395883 RENDER-START n=171
1791112396508 RENDER-OK n=171 id=171 browser_pid=Some(106012) slot=A path=%TEMP%\fc-repro-leak-20261004-190528\localappdata\tw.fintools.fc-host\wallpaper\m-7ebe8f017cddc2d6-a.png wh=2560x1600 body=raw open_ms=266.7 page_ms=345.3 to_png_ms=612.0 close_ms=2.5 write_ms=10.0 warnings=0
1791112396508 VERIFY n=171 dims=Some((2560, 1600)) expect=2560x1600 own_files=2 PASS
1791112396688 BROWSER-EXIT n=171 pid=106012 after_return_ms=181.0
1791112397508 PREV-BROWSER n=172 prev_n=171 pid=106012 alive=false
1791112397508 RENDER-START n=172
1791112398247 RENDER-OK n=172 id=172 browser_pid=Some(36956) slot=B path=%TEMP%\fc-repro-leak-20261004-190528\localappdata\tw.fintools.fc-host\wallpaper\m-7ebe8f017cddc2d6-b.png wh=3840x2160 body=raw open_ms=252.8 page_ms=463.8 to_png_ms=716.6 close_ms=3.4 write_ms=18.4 warnings=0
1791112398247 VERIFY n=172 dims=Some((3840, 2160)) expect=3840x2160 own_files=2 PASS
1791112398419 BROWSER-EXIT n=172 pid=36956 after_return_ms=172.2
1791112401247 PREV-BROWSER n=173 prev_n=172 pid=36956 alive=false
1791112401247 RENDER-START n=173
1791112401908 RENDER-OK n=173 id=173 browser_pid=Some(47300) slot=A path=%TEMP%\fc-repro-leak-20261004-190528\localappdata\tw.fintools.fc-host\wallpaper\m-7ebe8f017cddc2d6-a.png wh=2560x1600 body=raw open_ms=292.7 page_ms=348.7 to_png_ms=641.4 close_ms=2.4 write_ms=17.0 warnings=0
1791112401909 VERIFY n=173 dims=Some((2560, 1600)) expect=2560x1600 own_files=2 PASS
1791112402082 BROWSER-EXIT n=173 pid=47300 after_return_ms=173.2
1791112402909 PREV-BROWSER n=174 prev_n=173 pid=47300 alive=false
1791112402909 RENDER-START n=174
1791112403633 RENDER-OK n=174 id=174 browser_pid=Some(48672) slot=B path=%TEMP%\fc-repro-leak-20261004-190528\localappdata\tw.fintools.fc-host\wallpaper\m-7ebe8f017cddc2d6-b.png wh=3840x2160 body=raw open_ms=254.2 page_ms=446.4 to_png_ms=700.6 close_ms=3.2 write_ms=19.7 warnings=0
1791112403633 VERIFY n=174 dims=Some((3840, 2160)) expect=3840x2160 own_files=2 PASS
1791112403806 BROWSER-EXIT n=174 pid=48672 after_return_ms=173.2
1791112406633 PREV-BROWSER n=175 prev_n=174 pid=48672 alive=false
1791112406633 RENDER-START n=175
1791112407275 RENDER-OK n=175 id=175 browser_pid=Some(113372) slot=A path=%TEMP%\fc-repro-leak-20261004-190528\localappdata\tw.fintools.fc-host\wallpaper\m-7ebe8f017cddc2d6-a.png wh=2560x1600 body=raw open_ms=281.5 page_ms=347.2 to_png_ms=628.7 close_ms=3.3 write_ms=9.6 warnings=0
1791112407275 VERIFY n=175 dims=Some((2560, 1600)) expect=2560x1600 own_files=2 PASS
1791112407454 BROWSER-EXIT n=175 pid=113372 after_return_ms=179.4
1791112408275 PREV-BROWSER n=176 prev_n=175 pid=113372 alive=false
1791112408275 RENDER-START n=176
1791112409016 RENDER-OK n=176 id=176 browser_pid=Some(11992) slot=B path=%TEMP%\fc-repro-leak-20261004-190528\localappdata\tw.fintools.fc-host\wallpaper\m-7ebe8f017cddc2d6-b.png wh=3840x2160 body=raw open_ms=254.5 page_ms=464.5 to_png_ms=719.0 close_ms=3.3 write_ms=18.3 warnings=0
1791112409016 VERIFY n=176 dims=Some((3840, 2160)) expect=3840x2160 own_files=2 PASS
1791112409189 BROWSER-EXIT n=176 pid=11992 after_return_ms=173.2
1791112412016 PREV-BROWSER n=177 prev_n=176 pid=11992 alive=false
1791112412016 RENDER-START n=177
1791112412671 RENDER-OK n=177 id=177 browser_pid=Some(109640) slot=A path=%TEMP%\fc-repro-leak-20261004-190528\localappdata\tw.fintools.fc-host\wallpaper\m-7ebe8f017cddc2d6-a.png wh=2560x1600 body=raw open_ms=297.4 page_ms=338.5 to_png_ms=635.9 close_ms=2.3 write_ms=16.6 warnings=0
1791112412671 VERIFY n=177 dims=Some((2560, 1600)) expect=2560x1600 own_files=2 PASS
1791112412849 BROWSER-EXIT n=177 pid=109640 after_return_ms=178.1
1791112413671 PREV-BROWSER n=178 prev_n=177 pid=109640 alive=false
1791112413671 RENDER-START n=178
1791112414396 RENDER-OK n=178 id=178 browser_pid=Some(66832) slot=B path=%TEMP%\fc-repro-leak-20261004-190528\localappdata\tw.fintools.fc-host\wallpaper\m-7ebe8f017cddc2d6-b.png wh=3840x2160 body=raw open_ms=260.0 page_ms=442.4 to_png_ms=702.3 close_ms=3.4 write_ms=18.8 warnings=0
1791112414396 VERIFY n=178 dims=Some((3840, 2160)) expect=3840x2160 own_files=2 PASS
1791112414576 BROWSER-EXIT n=178 pid=66832 after_return_ms=179.7
1791112417396 PREV-BROWSER n=179 prev_n=178 pid=66832 alive=false
1791112417396 RENDER-START n=179
1791112418019 RENDER-OK n=179 id=179 browser_pid=Some(28956) slot=A path=%TEMP%\fc-repro-leak-20261004-190528\localappdata\tw.fintools.fc-host\wallpaper\m-7ebe8f017cddc2d6-a.png wh=2560x1600 body=raw open_ms=254.9 page_ms=346.4 to_png_ms=601.4 close_ms=2.3 write_ms=18.9 warnings=0
1791112418020 VERIFY n=179 dims=Some((2560, 1600)) expect=2560x1600 own_files=2 PASS
1791112418193 BROWSER-EXIT n=179 pid=28956 after_return_ms=173.3
1791112419020 PREV-BROWSER n=180 prev_n=179 pid=28956 alive=false
1791112419020 RENDER-START n=180
1791112419795 RENDER-OK n=180 id=180 browser_pid=Some(71580) slot=B path=%TEMP%\fc-repro-leak-20261004-190528\localappdata\tw.fintools.fc-host\wallpaper\m-7ebe8f017cddc2d6-b.png wh=3840x2160 body=raw open_ms=326.1 page_ms=433.8 to_png_ms=759.9 close_ms=3.6 write_ms=11.5 warnings=0
1791112419795 VERIFY n=180 dims=Some((3840, 2160)) expect=3840x2160 own_files=2 PASS
1791112419984 BROWSER-EXIT n=180 pid=71580 after_return_ms=188.5
1791112422795 PREV-BROWSER n=181 prev_n=180 pid=71580 alive=false
1791112422796 RENDER-START n=181
1791112423482 RENDER-OK n=181 id=181 browser_pid=Some(97524) slot=A path=%TEMP%\fc-repro-leak-20261004-190528\localappdata\tw.fintools.fc-host\wallpaper\m-7ebe8f017cddc2d6-a.png wh=2560x1600 body=raw open_ms=322.9 page_ms=343.6 to_png_ms=666.6 close_ms=2.6 write_ms=16.8 warnings=0
1791112423482 VERIFY n=181 dims=Some((2560, 1600)) expect=2560x1600 own_files=2 PASS
1791112423656 BROWSER-EXIT n=181 pid=97524 after_return_ms=174.3
1791112424482 PREV-BROWSER n=182 prev_n=181 pid=97524 alive=false
1791112424482 RENDER-START n=182
1791112425204 RENDER-OK n=182 id=182 browser_pid=Some(88592) slot=B path=%TEMP%\fc-repro-leak-20261004-190528\localappdata\tw.fintools.fc-host\wallpaper\m-7ebe8f017cddc2d6-b.png wh=3840x2160 body=raw open_ms=255.9 page_ms=443.2 to_png_ms=699.1 close_ms=3.3 write_ms=19.1 warnings=0
1791112425204 VERIFY n=182 dims=Some((3840, 2160)) expect=3840x2160 own_files=2 PASS
1791112425369 BROWSER-EXIT n=182 pid=88592 after_return_ms=165.3
1791112428204 PREV-BROWSER n=183 prev_n=182 pid=88592 alive=false
1791112428204 RENDER-START n=183
1791112428804 RENDER-OK n=183 id=183 browser_pid=Some(84312) slot=A path=%TEMP%\fc-repro-leak-20261004-190528\localappdata\tw.fintools.fc-host\wallpaper\m-7ebe8f017cddc2d6-a.png wh=2560x1600 body=raw open_ms=251.6 page_ms=337.0 to_png_ms=588.5 close_ms=2.4 write_ms=8.8 warnings=0
1791112428804 VERIFY n=183 dims=Some((2560, 1600)) expect=2560x1600 own_files=2 PASS
1791112428986 BROWSER-EXIT n=183 pid=84312 after_return_ms=182.5
1791112429804 PREV-BROWSER n=184 prev_n=183 pid=84312 alive=false
1791112429804 RENDER-START n=184
1791112430518 RENDER-OK n=184 id=184 browser_pid=Some(77444) slot=B path=%TEMP%\fc-repro-leak-20261004-190528\localappdata\tw.fintools.fc-host\wallpaper\m-7ebe8f017cddc2d6-b.png wh=3840x2160 body=raw open_ms=254.9 page_ms=444.4 to_png_ms=699.3 close_ms=3.3 write_ms=11.0 warnings=0
1791112430518 VERIFY n=184 dims=Some((3840, 2160)) expect=3840x2160 own_files=2 PASS
1791112430702 BROWSER-EXIT n=184 pid=77444 after_return_ms=184.2
1791112433519 PREV-BROWSER n=185 prev_n=184 pid=77444 alive=false
1791112433519 RENDER-START n=185
1791112434128 RENDER-OK n=185 id=185 browser_pid=Some(15900) slot=A path=%TEMP%\fc-repro-leak-20261004-190528\localappdata\tw.fintools.fc-host\wallpaper\m-7ebe8f017cddc2d6-a.png wh=2560x1600 body=raw open_ms=254.6 page_ms=343.8 to_png_ms=598.4 close_ms=2.5 write_ms=8.4 warnings=0
1791112434128 VERIFY n=185 dims=Some((2560, 1600)) expect=2560x1600 own_files=2 PASS
1791112434308 BROWSER-EXIT n=185 pid=15900 after_return_ms=179.5
1791112435129 PREV-BROWSER n=186 prev_n=185 pid=15900 alive=false
1791112435129 RENDER-START n=186
1791112435853 RENDER-OK n=186 id=186 browser_pid=Some(101396) slot=B path=%TEMP%\fc-repro-leak-20261004-190528\localappdata\tw.fintools.fc-host\wallpaper\m-7ebe8f017cddc2d6-b.png wh=3840x2160 body=raw open_ms=256.8 page_ms=446.6 to_png_ms=703.5 close_ms=3.1 write_ms=17.4 warnings=0
1791112435853 VERIFY n=186 dims=Some((3840, 2160)) expect=3840x2160 own_files=2 PASS
1791112436022 BROWSER-EXIT n=186 pid=101396 after_return_ms=169.2
1791112438853 PREV-BROWSER n=187 prev_n=186 pid=101396 alive=false
1791112438853 RENDER-START n=187
1791112439473 RENDER-OK n=187 id=187 browser_pid=Some(100172) slot=A path=%TEMP%\fc-repro-leak-20261004-190528\localappdata\tw.fintools.fc-host\wallpaper\m-7ebe8f017cddc2d6-a.png wh=2560x1600 body=raw open_ms=262.7 page_ms=344.1 to_png_ms=606.8 close_ms=2.5 write_ms=9.9 warnings=0
1791112439473 VERIFY n=187 dims=Some((2560, 1600)) expect=2560x1600 own_files=2 PASS
1791112439659 BROWSER-EXIT n=187 pid=100172 after_return_ms=185.8
1791112440473 PREV-BROWSER n=188 prev_n=187 pid=100172 alive=false
1791112440473 RENDER-START n=188
1791112441200 RENDER-OK n=188 id=188 browser_pid=Some(110548) slot=B path=%TEMP%\fc-repro-leak-20261004-190528\localappdata\tw.fintools.fc-host\wallpaper\m-7ebe8f017cddc2d6-b.png wh=3840x2160 body=raw open_ms=261.9 page_ms=443.3 to_png_ms=705.2 close_ms=3.2 write_ms=18.1 warnings=0
1791112441200 VERIFY n=188 dims=Some((3840, 2160)) expect=3840x2160 own_files=2 PASS
1791112441376 BROWSER-EXIT n=188 pid=110548 after_return_ms=175.8
1791112444200 PREV-BROWSER n=189 prev_n=188 pid=110548 alive=false
1791112444200 RENDER-START n=189
1791112444820 RENDER-OK n=189 id=189 browser_pid=Some(50136) slot=A path=%TEMP%\fc-repro-leak-20261004-190528\localappdata\tw.fintools.fc-host\wallpaper\m-7ebe8f017cddc2d6-a.png wh=2560x1600 body=raw open_ms=255.7 page_ms=352.7 to_png_ms=608.4 close_ms=2.2 write_ms=9.2 warnings=0
1791112444820 VERIFY n=189 dims=Some((2560, 1600)) expect=2560x1600 own_files=2 PASS
1791112444994 BROWSER-EXIT n=189 pid=50136 after_return_ms=173.6
1791112445821 PREV-BROWSER n=190 prev_n=189 pid=50136 alive=false
1791112445821 RENDER-START n=190
1791112446536 RENDER-OK n=190 id=190 browser_pid=Some(101412) slot=B path=%TEMP%\fc-repro-leak-20261004-190528\localappdata\tw.fintools.fc-host\wallpaper\m-7ebe8f017cddc2d6-b.png wh=3840x2160 body=raw open_ms=253.3 page_ms=446.7 to_png_ms=700.1 close_ms=3.4 write_ms=11.7 warnings=0
1791112446537 VERIFY n=190 dims=Some((3840, 2160)) expect=3840x2160 own_files=2 PASS
1791112446718 BROWSER-EXIT n=190 pid=101412 after_return_ms=181.8
1791112449537 PREV-BROWSER n=191 prev_n=190 pid=101412 alive=false
1791112449537 RENDER-START n=191
1791112450144 RENDER-OK n=191 id=191 browser_pid=Some(17596) slot=A path=%TEMP%\fc-repro-leak-20261004-190528\localappdata\tw.fintools.fc-host\wallpaper\m-7ebe8f017cddc2d6-a.png wh=2560x1600 body=raw open_ms=255.7 page_ms=339.4 to_png_ms=595.1 close_ms=2.3 write_ms=9.7 warnings=0
1791112450144 VERIFY n=191 dims=Some((2560, 1600)) expect=2560x1600 own_files=2 PASS
1791112450319 BROWSER-EXIT n=191 pid=17596 after_return_ms=175.0
1791112451144 PREV-BROWSER n=192 prev_n=191 pid=17596 alive=false
1791112451144 RENDER-START n=192
1791112451884 RENDER-OK n=192 id=192 browser_pid=Some(103464) slot=B path=%TEMP%\fc-repro-leak-20261004-190528\localappdata\tw.fintools.fc-host\wallpaper\m-7ebe8f017cddc2d6-b.png wh=3840x2160 body=raw open_ms=261.3 page_ms=455.6 to_png_ms=716.9 close_ms=3.8 write_ms=18.7 warnings=0
1791112451884 VERIFY n=192 dims=Some((3840, 2160)) expect=3840x2160 own_files=2 PASS
1791112452052 BROWSER-EXIT n=192 pid=103464 after_return_ms=168.0
1791112454884 PREV-BROWSER n=193 prev_n=192 pid=103464 alive=false
1791112454885 RENDER-START n=193
1791112455566 RENDER-OK n=193 id=193 browser_pid=Some(35864) slot=A path=%TEMP%\fc-repro-leak-20261004-190528\localappdata\tw.fintools.fc-host\wallpaper\m-7ebe8f017cddc2d6-a.png wh=2560x1600 body=raw open_ms=317.4 page_ms=344.4 to_png_ms=661.8 close_ms=2.3 write_ms=16.9 warnings=0
1791112455566 VERIFY n=193 dims=Some((2560, 1600)) expect=2560x1600 own_files=2 PASS
1791112455736 BROWSER-EXIT n=193 pid=35864 after_return_ms=170.2
1791112456566 PREV-BROWSER n=194 prev_n=193 pid=35864 alive=false
1791112456566 RENDER-START n=194
1791112457298 RENDER-OK n=194 id=194 browser_pid=Some(70348) slot=B path=%TEMP%\fc-repro-leak-20261004-190528\localappdata\tw.fintools.fc-host\wallpaper\m-7ebe8f017cddc2d6-b.png wh=3840x2160 body=raw open_ms=256.4 page_ms=453.4 to_png_ms=709.9 close_ms=3.5 write_ms=18.4 warnings=0
1791112457298 VERIFY n=194 dims=Some((3840, 2160)) expect=3840x2160 own_files=2 PASS
1791112457471 BROWSER-EXIT n=194 pid=70348 after_return_ms=172.5
1791112460299 PREV-BROWSER n=195 prev_n=194 pid=70348 alive=false
1791112460299 RENDER-START n=195
1791112460923 RENDER-OK n=195 id=195 browser_pid=Some(81816) slot=A path=%TEMP%\fc-repro-leak-20261004-190528\localappdata\tw.fintools.fc-host\wallpaper\m-7ebe8f017cddc2d6-a.png wh=2560x1600 body=raw open_ms=254.7 page_ms=349.4 to_png_ms=604.1 close_ms=2.6 write_ms=17.1 warnings=0
1791112460923 VERIFY n=195 dims=Some((2560, 1600)) expect=2560x1600 own_files=2 PASS
1791112461101 BROWSER-EXIT n=195 pid=81816 after_return_ms=178.1
1791112461923 PREV-BROWSER n=196 prev_n=195 pid=81816 alive=false
1791112461923 RENDER-START n=196
1791112462654 RENDER-OK n=196 id=196 browser_pid=Some(113016) slot=B path=%TEMP%\fc-repro-leak-20261004-190528\localappdata\tw.fintools.fc-host\wallpaper\m-7ebe8f017cddc2d6-b.png wh=3840x2160 body=raw open_ms=253.3 page_ms=455.8 to_png_ms=709.1 close_ms=3.4 write_ms=17.9 warnings=0
1791112462654 VERIFY n=196 dims=Some((3840, 2160)) expect=3840x2160 own_files=2 PASS
1791112462834 BROWSER-EXIT n=196 pid=113016 after_return_ms=180.5
1791112465654 PREV-BROWSER n=197 prev_n=196 pid=113016 alive=false
1791112465654 RENDER-START n=197
1791112466274 RENDER-OK n=197 id=197 browser_pid=Some(9368) slot=A path=%TEMP%\fc-repro-leak-20261004-190528\localappdata\tw.fintools.fc-host\wallpaper\m-7ebe8f017cddc2d6-a.png wh=2560x1600 body=raw open_ms=253.2 page_ms=354.2 to_png_ms=607.4 close_ms=2.4 write_ms=10.5 warnings=0
1791112466274 VERIFY n=197 dims=Some((2560, 1600)) expect=2560x1600 own_files=2 PASS
1791112466455 BROWSER-EXIT n=197 pid=9368 after_return_ms=181.1
1791112467274 PREV-BROWSER n=198 prev_n=197 pid=9368 alive=false
1791112467274 RENDER-START n=198
1791112468013 RENDER-OK n=198 id=198 browser_pid=Some(88648) slot=B path=%TEMP%\fc-repro-leak-20261004-190528\localappdata\tw.fintools.fc-host\wallpaper\m-7ebe8f017cddc2d6-b.png wh=3840x2160 body=raw open_ms=253.0 page_ms=463.0 to_png_ms=716.0 close_ms=4.2 write_ms=18.2 warnings=0
1791112468013 VERIFY n=198 dims=Some((3840, 2160)) expect=3840x2160 own_files=2 PASS
1791112468189 BROWSER-EXIT n=198 pid=88648 after_return_ms=176.2
1791112471013 PREV-BROWSER n=199 prev_n=198 pid=88648 alive=false
1791112471013 RENDER-START n=199
1791112471621 RENDER-OK n=199 id=199 browser_pid=Some(113244) slot=A path=%TEMP%\fc-repro-leak-20261004-190528\localappdata\tw.fintools.fc-host\wallpaper\m-7ebe8f017cddc2d6-a.png wh=2560x1600 body=raw open_ms=258.1 page_ms=337.4 to_png_ms=595.5 close_ms=2.5 write_ms=9.9 warnings=0
1791112471622 VERIFY n=199 dims=Some((2560, 1600)) expect=2560x1600 own_files=2 PASS
1791112471802 BROWSER-EXIT n=199 pid=113244 after_return_ms=180.5
1791112472622 PREV-BROWSER n=200 prev_n=199 pid=113244 alive=false
1791112472622 RENDER-START n=200
1791112473345 RENDER-OK n=200 id=200 browser_pid=Some(108916) slot=B path=%TEMP%\fc-repro-leak-20261004-190528\localappdata\tw.fintools.fc-host\wallpaper\m-7ebe8f017cddc2d6-b.png wh=3840x2160 body=raw open_ms=262.6 page_ms=438.0 to_png_ms=700.6 close_ms=3.5 write_ms=18.6 warnings=0
1791112473345 VERIFY n=200 dims=Some((3840, 2160)) expect=3840x2160 own_files=2 PASS
1791112473522 BROWSER-EXIT n=200 pid=108916 after_return_ms=176.8
1791112476345 PREV-BROWSER n=201 prev_n=200 pid=108916 alive=false
1791112476345 RENDER-START n=201
1791112476959 RENDER-OK n=201 id=201 browser_pid=Some(100616) slot=A path=%TEMP%\fc-repro-leak-20261004-190528\localappdata\tw.fintools.fc-host\wallpaper\m-7ebe8f017cddc2d6-a.png wh=2560x1600 body=raw open_ms=254.6 page_ms=348.4 to_png_ms=603.0 close_ms=2.2 write_ms=8.7 warnings=0
1791112476959 VERIFY n=201 dims=Some((2560, 1600)) expect=2560x1600 own_files=2 PASS
1791112477137 BROWSER-EXIT n=201 pid=100616 after_return_ms=178.2
1791112477959 PREV-BROWSER n=202 prev_n=201 pid=100616 alive=false
1791112477959 RENDER-START n=202
1791112478696 RENDER-OK n=202 id=202 browser_pid=Some(72036) slot=B path=%TEMP%\fc-repro-leak-20261004-190528\localappdata\tw.fintools.fc-host\wallpaper\m-7ebe8f017cddc2d6-b.png wh=3840x2160 body=raw open_ms=261.1 page_ms=454.1 to_png_ms=715.2 close_ms=3.3 write_ms=18.1 warnings=0
1791112478696 VERIFY n=202 dims=Some((3840, 2160)) expect=3840x2160 own_files=2 PASS
1791112478871 BROWSER-EXIT n=202 pid=72036 after_return_ms=174.5
1791112481696 PREV-BROWSER n=203 prev_n=202 pid=72036 alive=false
1791112481697 RENDER-START n=203
1791112482321 RENDER-OK n=203 id=203 browser_pid=Some(104616) slot=A path=%TEMP%\fc-repro-leak-20261004-190528\localappdata\tw.fintools.fc-host\wallpaper\m-7ebe8f017cddc2d6-a.png wh=2560x1600 body=raw open_ms=264.3 page_ms=348.2 to_png_ms=612.5 close_ms=2.3 write_ms=9.3 warnings=0
1791112482321 VERIFY n=203 dims=Some((2560, 1600)) expect=2560x1600 own_files=2 PASS
1791112482501 BROWSER-EXIT n=203 pid=104616 after_return_ms=180.3
1791112483321 PREV-BROWSER n=204 prev_n=203 pid=104616 alive=false
1791112483321 RENDER-START n=204
1791112484047 RENDER-OK n=204 id=204 browser_pid=Some(16816) slot=B path=%TEMP%\fc-repro-leak-20261004-190528\localappdata\tw.fintools.fc-host\wallpaper\m-7ebe8f017cddc2d6-b.png wh=3840x2160 body=raw open_ms=256.7 page_ms=447.9 to_png_ms=704.6 close_ms=3.2 write_ms=17.9 warnings=0
1791112484048 VERIFY n=204 dims=Some((3840, 2160)) expect=3840x2160 own_files=2 PASS
1791112484219 BROWSER-EXIT n=204 pid=16816 after_return_ms=171.6
1791112487048 PREV-BROWSER n=205 prev_n=204 pid=16816 alive=false
1791112487048 RENDER-START n=205
1791112487661 RENDER-OK n=205 id=205 browser_pid=Some(102408) slot=A path=%TEMP%\fc-repro-leak-20261004-190528\localappdata\tw.fintools.fc-host\wallpaper\m-7ebe8f017cddc2d6-a.png wh=2560x1600 body=raw open_ms=261.8 page_ms=332.0 to_png_ms=593.8 close_ms=2.3 write_ms=17.1 warnings=0
1791112487662 VERIFY n=205 dims=Some((2560, 1600)) expect=2560x1600 own_files=2 PASS
1791112487830 BROWSER-EXIT n=205 pid=102408 after_return_ms=168.5
1791112488661 PREV-BROWSER n=206 prev_n=205 pid=102408 alive=false
1791112488661 RENDER-START n=206
1791112489388 RENDER-OK n=206 id=206 browser_pid=Some(29692) slot=B path=%TEMP%\fc-repro-leak-20261004-190528\localappdata\tw.fintools.fc-host\wallpaper\m-7ebe8f017cddc2d6-b.png wh=3840x2160 body=raw open_ms=256.5 page_ms=447.9 to_png_ms=704.4 close_ms=3.1 write_ms=18.8 warnings=0
1791112489388 VERIFY n=206 dims=Some((3840, 2160)) expect=3840x2160 own_files=2 PASS
1791112489557 BROWSER-EXIT n=206 pid=29692 after_return_ms=168.6
1791112492388 PREV-BROWSER n=207 prev_n=206 pid=29692 alive=false
1791112492388 RENDER-START n=207
1791112493021 RENDER-OK n=207 id=207 browser_pid=Some(46740) slot=A path=%TEMP%\fc-repro-leak-20261004-190528\localappdata\tw.fintools.fc-host\wallpaper\m-7ebe8f017cddc2d6-a.png wh=2560x1600 body=raw open_ms=264.0 page_ms=348.4 to_png_ms=612.4 close_ms=2.5 write_ms=17.5 warnings=0
1791112493021 VERIFY n=207 dims=Some((2560, 1600)) expect=2560x1600 own_files=2 PASS
1791112493200 BROWSER-EXIT n=207 pid=46740 after_return_ms=179.2
1791112494021 PREV-BROWSER n=208 prev_n=207 pid=46740 alive=false
1791112494021 RENDER-START n=208
1791112494738 RENDER-OK n=208 id=208 browser_pid=Some(99640) slot=B path=%TEMP%\fc-repro-leak-20261004-190528\localappdata\tw.fintools.fc-host\wallpaper\m-7ebe8f017cddc2d6-b.png wh=3840x2160 body=raw open_ms=253.8 page_ms=440.1 to_png_ms=693.9 close_ms=3.6 write_ms=18.9 warnings=0
1791112494738 VERIFY n=208 dims=Some((3840, 2160)) expect=3840x2160 own_files=2 PASS
1791112494919 BROWSER-EXIT n=208 pid=99640 after_return_ms=180.6
1791112497738 PREV-BROWSER n=209 prev_n=208 pid=99640 alive=false
1791112497738 RENDER-START n=209
1791112498351 RENDER-OK n=209 id=209 browser_pid=Some(5140) slot=A path=%TEMP%\fc-repro-leak-20261004-190528\localappdata\tw.fintools.fc-host\wallpaper\m-7ebe8f017cddc2d6-a.png wh=2560x1600 body=raw open_ms=255.7 page_ms=345.6 to_png_ms=601.3 close_ms=2.3 write_ms=9.4 warnings=0
1791112498352 VERIFY n=209 dims=Some((2560, 1600)) expect=2560x1600 own_files=2 PASS
1791112498527 BROWSER-EXIT n=209 pid=5140 after_return_ms=175.6
1791112499352 PREV-BROWSER n=210 prev_n=209 pid=5140 alive=false
1791112499352 RENDER-START n=210
1791112500086 RENDER-OK n=210 id=210 browser_pid=Some(89280) slot=B path=%TEMP%\fc-repro-leak-20261004-190528\localappdata\tw.fintools.fc-host\wallpaper\m-7ebe8f017cddc2d6-b.png wh=3840x2160 body=raw open_ms=254.7 page_ms=456.5 to_png_ms=711.2 close_ms=3.4 write_ms=19.7 warnings=0
1791112500087 VERIFY n=210 dims=Some((3840, 2160)) expect=3840x2160 own_files=2 PASS
1791112500257 BROWSER-EXIT n=210 pid=89280 after_return_ms=171.1
1791112503086 PREV-BROWSER n=211 prev_n=210 pid=89280 alive=false
1791112503086 RENDER-START n=211
1791112503712 RENDER-OK n=211 id=211 browser_pid=Some(111856) slot=A path=%TEMP%\fc-repro-leak-20261004-190528\localappdata\tw.fintools.fc-host\wallpaper\m-7ebe8f017cddc2d6-a.png wh=2560x1600 body=raw open_ms=263.6 page_ms=344.1 to_png_ms=607.8 close_ms=2.3 write_ms=15.6 warnings=0
1791112503713 VERIFY n=211 dims=Some((2560, 1600)) expect=2560x1600 own_files=2 PASS
1791112503891 BROWSER-EXIT n=211 pid=111856 after_return_ms=179.0
1791112504713 PREV-BROWSER n=212 prev_n=211 pid=111856 alive=false
1791112504713 RENDER-START n=212
1791112505419 RENDER-OK n=212 id=212 browser_pid=Some(76896) slot=B path=%TEMP%\fc-repro-leak-20261004-190528\localappdata\tw.fintools.fc-host\wallpaper\m-7ebe8f017cddc2d6-b.png wh=3840x2160 body=raw open_ms=256.4 page_ms=426.0 to_png_ms=682.4 close_ms=3.6 write_ms=19.4 warnings=0
1791112505419 VERIFY n=212 dims=Some((3840, 2160)) expect=3840x2160 own_files=2 PASS
1791112505599 BROWSER-EXIT n=212 pid=76896 after_return_ms=180.8
1791112508419 PREV-BROWSER n=213 prev_n=212 pid=76896 alive=false
1791112508419 RENDER-START n=213
1791112509096 RENDER-OK n=213 id=213 browser_pid=Some(87708) slot=A path=%TEMP%\fc-repro-leak-20261004-190528\localappdata\tw.fintools.fc-host\wallpaper\m-7ebe8f017cddc2d6-a.png wh=2560x1600 body=raw open_ms=312.4 page_ms=343.5 to_png_ms=655.9 close_ms=2.8 write_ms=17.3 warnings=0
1791112509096 VERIFY n=213 dims=Some((2560, 1600)) expect=2560x1600 own_files=2 PASS
1791112509271 BROWSER-EXIT n=213 pid=87708 after_return_ms=175.0
1791112510096 PREV-BROWSER n=214 prev_n=213 pid=87708 alive=false
1791112510096 RENDER-START n=214
1791112510874 RENDER-OK n=214 id=214 browser_pid=Some(109096) slot=B path=%TEMP%\fc-repro-leak-20261004-190528\localappdata\tw.fintools.fc-host\wallpaper\m-7ebe8f017cddc2d6-b.png wh=3840x2160 body=raw open_ms=314.8 page_ms=441.1 to_png_ms=755.9 close_ms=3.2 write_ms=19.0 warnings=0
1791112510874 VERIFY n=214 dims=Some((3840, 2160)) expect=3840x2160 own_files=2 PASS
1791112511046 BROWSER-EXIT n=214 pid=109096 after_return_ms=172.2
1791112513875 PREV-BROWSER n=215 prev_n=214 pid=109096 alive=false
1791112513875 RENDER-START n=215
1791112514491 RENDER-OK n=215 id=215 browser_pid=Some(90248) slot=A path=%TEMP%\fc-repro-leak-20261004-190528\localappdata\tw.fintools.fc-host\wallpaper\m-7ebe8f017cddc2d6-a.png wh=2560x1600 body=raw open_ms=257.8 page_ms=338.9 to_png_ms=596.7 close_ms=2.4 write_ms=17.1 warnings=0
1791112514491 VERIFY n=215 dims=Some((2560, 1600)) expect=2560x1600 own_files=2 PASS
1791112514668 BROWSER-EXIT n=215 pid=90248 after_return_ms=177.0
1791112515492 PREV-BROWSER n=216 prev_n=215 pid=90248 alive=false
1791112515492 RENDER-START n=216
1791112516237 RENDER-OK n=216 id=216 browser_pid=Some(95520) slot=B path=%TEMP%\fc-repro-leak-20261004-190528\localappdata\tw.fintools.fc-host\wallpaper\m-7ebe8f017cddc2d6-b.png wh=3840x2160 body=raw open_ms=265.9 page_ms=457.2 to_png_ms=723.1 close_ms=3.7 write_ms=18.5 warnings=0
1791112516237 VERIFY n=216 dims=Some((3840, 2160)) expect=3840x2160 own_files=2 PASS
1791112516406 BROWSER-EXIT n=216 pid=95520 after_return_ms=168.8
1791112519238 PREV-BROWSER n=217 prev_n=216 pid=95520 alive=false
1791112519238 RENDER-START n=217
1791112519854 RENDER-OK n=217 id=217 browser_pid=Some(112240) slot=A path=%TEMP%\fc-repro-leak-20261004-190528\localappdata\tw.fintools.fc-host\wallpaper\m-7ebe8f017cddc2d6-a.png wh=2560x1600 body=raw open_ms=253.3 page_ms=345.2 to_png_ms=598.5 close_ms=2.1 write_ms=15.8 warnings=0
1791112519855 VERIFY n=217 dims=Some((2560, 1600)) expect=2560x1600 own_files=2 PASS
1791112520024 BROWSER-EXIT n=217 pid=112240 after_return_ms=169.3
1791112520854 PREV-BROWSER n=218 prev_n=217 pid=112240 alive=false
1791112520855 RENDER-START n=218
1791112521637 RENDER-OK n=218 id=218 browser_pid=Some(88504) slot=B path=%TEMP%\fc-repro-leak-20261004-190528\localappdata\tw.fintools.fc-host\wallpaper\m-7ebe8f017cddc2d6-b.png wh=3840x2160 body=raw open_ms=317.3 page_ms=442.3 to_png_ms=759.6 close_ms=3.3 write_ms=19.2 warnings=0
1791112521637 VERIFY n=218 dims=Some((3840, 2160)) expect=3840x2160 own_files=2 PASS
1791112521807 BROWSER-EXIT n=218 pid=88504 after_return_ms=170.5
1791112524637 PREV-BROWSER n=219 prev_n=218 pid=88504 alive=false
1791112524637 RENDER-START n=219
1791112525280 RENDER-OK n=219 id=219 browser_pid=Some(83060) slot=A path=%TEMP%\fc-repro-leak-20261004-190528\localappdata\tw.fintools.fc-host\wallpaper\m-7ebe8f017cddc2d6-a.png wh=2560x1600 body=raw open_ms=277.4 page_ms=346.6 to_png_ms=624.0 close_ms=2.4 write_ms=16.2 warnings=0
1791112525280 VERIFY n=219 dims=Some((2560, 1600)) expect=2560x1600 own_files=2 PASS
1791112525446 BROWSER-EXIT n=219 pid=83060 after_return_ms=166.2
1791112526280 PREV-BROWSER n=220 prev_n=219 pid=83060 alive=false
1791112526280 RENDER-START n=220
1791112527029 RENDER-OK n=220 id=220 browser_pid=Some(88996) slot=B path=%TEMP%\fc-repro-leak-20261004-190528\localappdata\tw.fintools.fc-host\wallpaper\m-7ebe8f017cddc2d6-b.png wh=3840x2160 body=raw open_ms=271.3 page_ms=455.6 to_png_ms=727.0 close_ms=3.2 write_ms=18.0 warnings=0
1791112527029 VERIFY n=220 dims=Some((3840, 2160)) expect=3840x2160 own_files=2 PASS
1791112527205 BROWSER-EXIT n=220 pid=88996 after_return_ms=176.1
1791112530029 PREV-BROWSER n=221 prev_n=220 pid=88996 alive=false
1791112530029 RENDER-START n=221
1791112530642 RENDER-OK n=221 id=221 browser_pid=Some(90644) slot=A path=%TEMP%\fc-repro-leak-20261004-190528\localappdata\tw.fintools.fc-host\wallpaper\m-7ebe8f017cddc2d6-a.png wh=2560x1600 body=raw open_ms=252.5 page_ms=340.6 to_png_ms=593.0 close_ms=2.5 write_ms=17.4 warnings=0
1791112530642 VERIFY n=221 dims=Some((2560, 1600)) expect=2560x1600 own_files=2 PASS
1791112530819 BROWSER-EXIT n=221 pid=90644 after_return_ms=177.1
1791112531643 PREV-BROWSER n=222 prev_n=221 pid=90644 alive=false
1791112531643 RENDER-START n=222
1791112532373 RENDER-OK n=222 id=222 browser_pid=Some(37540) slot=B path=%TEMP%\fc-repro-leak-20261004-190528\localappdata\tw.fintools.fc-host\wallpaper\m-7ebe8f017cddc2d6-b.png wh=3840x2160 body=raw open_ms=261.1 page_ms=448.4 to_png_ms=709.6 close_ms=3.2 write_ms=17.2 warnings=0
1791112532373 VERIFY n=222 dims=Some((3840, 2160)) expect=3840x2160 own_files=2 PASS
1791112532547 BROWSER-EXIT n=222 pid=37540 after_return_ms=174.2
1791112535373 PREV-BROWSER n=223 prev_n=222 pid=37540 alive=false
1791112535373 RENDER-START n=223
1791112536012 RENDER-OK n=223 id=223 browser_pid=Some(47024) slot=A path=%TEMP%\fc-repro-leak-20261004-190528\localappdata\tw.fintools.fc-host\wallpaper\m-7ebe8f017cddc2d6-a.png wh=2560x1600 body=raw open_ms=260.6 page_ms=358.5 to_png_ms=619.1 close_ms=2.2 write_ms=16.8 warnings=0
1791112536012 VERIFY n=223 dims=Some((2560, 1600)) expect=2560x1600 own_files=2 PASS
1791112536182 BROWSER-EXIT n=223 pid=47024 after_return_ms=170.4
1791112537012 PREV-BROWSER n=224 prev_n=223 pid=47024 alive=false
1791112537012 RENDER-START n=224
1791112537735 RENDER-OK n=224 id=224 browser_pid=Some(110588) slot=B path=%TEMP%\fc-repro-leak-20261004-190528\localappdata\tw.fintools.fc-host\wallpaper\m-7ebe8f017cddc2d6-b.png wh=3840x2160 body=raw open_ms=256.2 page_ms=444.4 to_png_ms=700.5 close_ms=3.3 write_ms=18.8 warnings=0
1791112537735 VERIFY n=224 dims=Some((3840, 2160)) expect=3840x2160 own_files=2 PASS
1791112537912 BROWSER-EXIT n=224 pid=110588 after_return_ms=177.5
1791112540735 PREV-BROWSER n=225 prev_n=224 pid=110588 alive=false
1791112540735 RENDER-START n=225
1791112541362 RENDER-OK n=225 id=225 browser_pid=Some(91932) slot=A path=%TEMP%\fc-repro-leak-20261004-190528\localappdata\tw.fintools.fc-host\wallpaper\m-7ebe8f017cddc2d6-a.png wh=2560x1600 body=raw open_ms=261.0 page_ms=347.0 to_png_ms=608.0 close_ms=2.4 write_ms=15.8 warnings=0
1791112541362 VERIFY n=225 dims=Some((2560, 1600)) expect=2560x1600 own_files=2 PASS
1791112541531 BROWSER-EXIT n=225 pid=91932 after_return_ms=169.0
1791112542362 PREV-BROWSER n=226 prev_n=225 pid=91932 alive=false
1791112542362 RENDER-START n=226
1791112543116 RENDER-OK n=226 id=226 browser_pid=Some(111892) slot=B path=%TEMP%\fc-repro-leak-20261004-190528\localappdata\tw.fintools.fc-host\wallpaper\m-7ebe8f017cddc2d6-b.png wh=3840x2160 body=raw open_ms=260.1 page_ms=471.6 to_png_ms=731.7 close_ms=3.3 write_ms=18.5 warnings=0
1791112543116 VERIFY n=226 dims=Some((3840, 2160)) expect=3840x2160 own_files=2 PASS
1791112543293 BROWSER-EXIT n=226 pid=111892 after_return_ms=176.4
1791112546116 PREV-BROWSER n=227 prev_n=226 pid=111892 alive=false
1791112546117 RENDER-START n=227
1791112546740 RENDER-OK n=227 id=227 browser_pid=Some(79216) slot=A path=%TEMP%\fc-repro-leak-20261004-190528\localappdata\tw.fintools.fc-host\wallpaper\m-7ebe8f017cddc2d6-a.png wh=2560x1600 body=raw open_ms=256.5 page_ms=348.3 to_png_ms=604.8 close_ms=2.2 write_ms=16.5 warnings=0
1791112546741 VERIFY n=227 dims=Some((2560, 1600)) expect=2560x1600 own_files=2 PASS
1791112546910 BROWSER-EXIT n=227 pid=79216 after_return_ms=169.5
1791112547740 PREV-BROWSER n=228 prev_n=227 pid=79216 alive=false
1791112547740 RENDER-START n=228
1791112548476 RENDER-OK n=228 id=228 browser_pid=Some(113316) slot=B path=%TEMP%\fc-repro-leak-20261004-190528\localappdata\tw.fintools.fc-host\wallpaper\m-7ebe8f017cddc2d6-b.png wh=3840x2160 body=raw open_ms=257.0 page_ms=462.1 to_png_ms=719.1 close_ms=3.4 write_ms=12.8 warnings=0
1791112548476 VERIFY n=228 dims=Some((3840, 2160)) expect=3840x2160 own_files=2 PASS
1791112548652 BROWSER-EXIT n=228 pid=113316 after_return_ms=175.8
1791112551477 PREV-BROWSER n=229 prev_n=228 pid=113316 alive=false
1791112551477 RENDER-START n=229
1791112552094 RENDER-OK n=229 id=229 browser_pid=Some(17672) slot=A path=%TEMP%\fc-repro-leak-20261004-190528\localappdata\tw.fintools.fc-host\wallpaper\m-7ebe8f017cddc2d6-a.png wh=2560x1600 body=raw open_ms=251.3 page_ms=346.8 to_png_ms=598.1 close_ms=2.5 write_ms=16.3 warnings=0
1791112552094 VERIFY n=229 dims=Some((2560, 1600)) expect=2560x1600 own_files=2 PASS
1791112552263 BROWSER-EXIT n=229 pid=17672 after_return_ms=169.4
1791112553094 PREV-BROWSER n=230 prev_n=229 pid=17672 alive=false
1791112553094 RENDER-START n=230
1791112553818 RENDER-OK n=230 id=230 browser_pid=Some(50732) slot=B path=%TEMP%\fc-repro-leak-20261004-190528\localappdata\tw.fintools.fc-host\wallpaper\m-7ebe8f017cddc2d6-b.png wh=3840x2160 body=raw open_ms=253.6 page_ms=447.9 to_png_ms=701.5 close_ms=3.4 write_ms=18.9 warnings=0
1791112553818 VERIFY n=230 dims=Some((3840, 2160)) expect=3840x2160 own_files=2 PASS
1791112553993 BROWSER-EXIT n=230 pid=50732 after_return_ms=175.2
1791112556818 PREV-BROWSER n=231 prev_n=230 pid=50732 alive=false
1791112556818 RENDER-START n=231
1791112557471 RENDER-OK n=231 id=231 browser_pid=Some(113384) slot=A path=%TEMP%\fc-repro-leak-20261004-190528\localappdata\tw.fintools.fc-host\wallpaper\m-7ebe8f017cddc2d6-a.png wh=2560x1600 body=raw open_ms=261.3 page_ms=373.2 to_png_ms=634.5 close_ms=2.3 write_ms=15.6 warnings=0
1791112557471 VERIFY n=231 dims=Some((2560, 1600)) expect=2560x1600 own_files=2 PASS
1791112557653 BROWSER-EXIT n=231 pid=113384 after_return_ms=181.7
1791112558471 PREV-BROWSER n=232 prev_n=231 pid=113384 alive=false
1791112558471 RENDER-START n=232
1791112559197 RENDER-OK n=232 id=232 browser_pid=Some(88804) slot=B path=%TEMP%\fc-repro-leak-20261004-190528\localappdata\tw.fintools.fc-host\wallpaper\m-7ebe8f017cddc2d6-b.png wh=3840x2160 body=raw open_ms=257.6 page_ms=452.0 to_png_ms=709.7 close_ms=3.2 write_ms=12.2 warnings=0
1791112559197 VERIFY n=232 dims=Some((3840, 2160)) expect=3840x2160 own_files=2 PASS
1791112559377 BROWSER-EXIT n=232 pid=88804 after_return_ms=180.6
1791112562197 PREV-BROWSER n=233 prev_n=232 pid=88804 alive=false
1791112562197 RENDER-START n=233
1791112562831 RENDER-OK n=233 id=233 browser_pid=Some(78248) slot=A path=%TEMP%\fc-repro-leak-20261004-190528\localappdata\tw.fintools.fc-host\wallpaper\m-7ebe8f017cddc2d6-a.png wh=2560x1600 body=raw open_ms=260.6 page_ms=353.6 to_png_ms=614.2 close_ms=2.3 write_ms=17.3 warnings=0
1791112562831 VERIFY n=233 dims=Some((2560, 1600)) expect=2560x1600 own_files=2 PASS
1791112563089 BROWSER-EXIT n=233 pid=78248 after_return_ms=258.2
1791112563832 PREV-BROWSER n=234 prev_n=233 pid=78248 alive=false
1791112563832 RENDER-START n=234
1791112564581 RENDER-OK n=234 id=234 browser_pid=Some(110196) slot=B path=%TEMP%\fc-repro-leak-20261004-190528\localappdata\tw.fintools.fc-host\wallpaper\m-7ebe8f017cddc2d6-b.png wh=3840x2160 body=raw open_ms=255.5 page_ms=470.5 to_png_ms=726.0 close_ms=3.6 write_ms=18.9 warnings=0
1791112564581 VERIFY n=234 dims=Some((3840, 2160)) expect=3840x2160 own_files=2 PASS
1791112564749 BROWSER-EXIT n=234 pid=110196 after_return_ms=168.8
1791112567581 PREV-BROWSER n=235 prev_n=234 pid=110196 alive=false
1791112567581 RENDER-START n=235
1791112568213 RENDER-OK n=235 id=235 browser_pid=Some(113524) slot=A path=%TEMP%\fc-repro-leak-20261004-190528\localappdata\tw.fintools.fc-host\wallpaper\m-7ebe8f017cddc2d6-a.png wh=2560x1600 body=raw open_ms=263.3 page_ms=350.1 to_png_ms=613.4 close_ms=2.2 write_ms=16.4 warnings=0
1791112568213 VERIFY n=235 dims=Some((2560, 1600)) expect=2560x1600 own_files=2 PASS
1791112568389 BROWSER-EXIT n=235 pid=113524 after_return_ms=176.2
1791112569214 PREV-BROWSER n=236 prev_n=235 pid=113524 alive=false
1791112569214 RENDER-START n=236
1791112569950 RENDER-OK n=236 id=236 browser_pid=Some(107632) slot=B path=%TEMP%\fc-repro-leak-20261004-190528\localappdata\tw.fintools.fc-host\wallpaper\m-7ebe8f017cddc2d6-b.png wh=3840x2160 body=raw open_ms=254.2 page_ms=459.8 to_png_ms=714.0 close_ms=3.3 write_ms=18.5 warnings=0
1791112569950 VERIFY n=236 dims=Some((3840, 2160)) expect=3840x2160 own_files=2 PASS
1791112570126 BROWSER-EXIT n=236 pid=107632 after_return_ms=175.6
1791112572950 PREV-BROWSER n=237 prev_n=236 pid=107632 alive=false
1791112572950 RENDER-START n=237
1791112573579 RENDER-OK n=237 id=237 browser_pid=Some(42964) slot=A path=%TEMP%\fc-repro-leak-20261004-190528\localappdata\tw.fintools.fc-host\wallpaper\m-7ebe8f017cddc2d6-a.png wh=2560x1600 body=raw open_ms=261.4 page_ms=347.5 to_png_ms=608.9 close_ms=2.4 write_ms=17.0 warnings=0
1791112573579 VERIFY n=237 dims=Some((2560, 1600)) expect=2560x1600 own_files=2 PASS
1791112573756 BROWSER-EXIT n=237 pid=42964 after_return_ms=176.8
1791112574579 PREV-BROWSER n=238 prev_n=237 pid=42964 alive=false
1791112574579 RENDER-START n=238
1791112575329 RENDER-OK n=238 id=238 browser_pid=Some(113260) slot=B path=%TEMP%\fc-repro-leak-20261004-190528\localappdata\tw.fintools.fc-host\wallpaper\m-7ebe8f017cddc2d6-b.png wh=3840x2160 body=raw open_ms=262.8 page_ms=465.1 to_png_ms=727.9 close_ms=3.6 write_ms=18.1 warnings=0
1791112575329 VERIFY n=238 dims=Some((3840, 2160)) expect=3840x2160 own_files=2 PASS
1791112575505 BROWSER-EXIT n=238 pid=113260 after_return_ms=176.2
1791112578329 PREV-BROWSER n=239 prev_n=238 pid=113260 alive=false
1791112578329 RENDER-START n=239
1791112578964 RENDER-OK n=239 id=239 browser_pid=Some(112728) slot=A path=%TEMP%\fc-repro-leak-20261004-190528\localappdata\tw.fintools.fc-host\wallpaper\m-7ebe8f017cddc2d6-a.png wh=2560x1600 body=raw open_ms=260.6 page_ms=356.8 to_png_ms=617.4 close_ms=2.9 write_ms=14.4 warnings=0
1791112578965 VERIFY n=239 dims=Some((2560, 1600)) expect=2560x1600 own_files=2 PASS
1791112579139 BROWSER-EXIT n=239 pid=112728 after_return_ms=175.2
1791112579964 PREV-BROWSER n=240 prev_n=239 pid=112728 alive=false
1791112579964 RENDER-START n=240
1791112580692 RENDER-OK n=240 id=240 browser_pid=Some(96708) slot=B path=%TEMP%\fc-repro-leak-20261004-190528\localappdata\tw.fintools.fc-host\wallpaper\m-7ebe8f017cddc2d6-b.png wh=3840x2160 body=raw open_ms=252.6 page_ms=454.2 to_png_ms=706.9 close_ms=3.2 write_ms=17.5 warnings=0
1791112580692 VERIFY n=240 dims=Some((3840, 2160)) expect=3840x2160 own_files=2 PASS
1791112580869 BROWSER-EXIT n=240 pid=96708 after_return_ms=176.5
1791112583693 PREV-BROWSER n=241 prev_n=240 pid=96708 alive=false
1791112583693 RENDER-START n=241
1791112584318 RENDER-OK n=241 id=241 browser_pid=Some(48808) slot=A path=%TEMP%\fc-repro-leak-20261004-190528\localappdata\tw.fintools.fc-host\wallpaper\m-7ebe8f017cddc2d6-a.png wh=2560x1600 body=raw open_ms=253.1 page_ms=352.9 to_png_ms=606.0 close_ms=2.3 write_ms=16.6 warnings=0
1791112584318 VERIFY n=241 dims=Some((2560, 1600)) expect=2560x1600 own_files=2 PASS
1791112584492 BROWSER-EXIT n=241 pid=48808 after_return_ms=173.8
1791112585318 PREV-BROWSER n=242 prev_n=241 pid=48808 alive=false
1791112585318 RENDER-START n=242
1791112586040 RENDER-OK n=242 id=242 browser_pid=Some(30228) slot=B path=%TEMP%\fc-repro-leak-20261004-190528\localappdata\tw.fintools.fc-host\wallpaper\m-7ebe8f017cddc2d6-b.png wh=3840x2160 body=raw open_ms=256.6 page_ms=443.5 to_png_ms=700.2 close_ms=3.6 write_ms=18.0 warnings=0
1791112586040 VERIFY n=242 dims=Some((3840, 2160)) expect=3840x2160 own_files=2 PASS
1791112586216 BROWSER-EXIT n=242 pid=30228 after_return_ms=176.0
1791112589040 PREV-BROWSER n=243 prev_n=242 pid=30228 alive=false
1791112589040 RENDER-START n=243
1791112589665 RENDER-OK n=243 id=243 browser_pid=Some(95504) slot=A path=%TEMP%\fc-repro-leak-20261004-190528\localappdata\tw.fintools.fc-host\wallpaper\m-7ebe8f017cddc2d6-a.png wh=2560x1600 body=raw open_ms=266.5 page_ms=346.3 to_png_ms=612.9 close_ms=2.3 write_ms=9.7 warnings=0
1791112589666 VERIFY n=243 dims=Some((2560, 1600)) expect=2560x1600 own_files=2 PASS
1791112589847 BROWSER-EXIT n=243 pid=95504 after_return_ms=181.6
1791112590666 PREV-BROWSER n=244 prev_n=243 pid=95504 alive=false
1791112590666 RENDER-START n=244
1791112591459 RENDER-OK n=244 id=244 browser_pid=Some(99748) slot=B path=%TEMP%\fc-repro-leak-20261004-190528\localappdata\tw.fintools.fc-host\wallpaper\m-7ebe8f017cddc2d6-b.png wh=3840x2160 body=raw open_ms=332.8 page_ms=445.2 to_png_ms=778.0 close_ms=3.2 write_ms=11.6 warnings=0
1791112591459 VERIFY n=244 dims=Some((3840, 2160)) expect=3840x2160 own_files=2 PASS
1791112591643 BROWSER-EXIT n=244 pid=99748 after_return_ms=184.0
1791112594459 PREV-BROWSER n=245 prev_n=244 pid=99748 alive=false
1791112594459 RENDER-START n=245
1791112595146 RENDER-OK n=245 id=245 browser_pid=Some(3528) slot=A path=%TEMP%\fc-repro-leak-20261004-190528\localappdata\tw.fintools.fc-host\wallpaper\m-7ebe8f017cddc2d6-a.png wh=2560x1600 body=raw open_ms=317.3 page_ms=355.0 to_png_ms=672.2 close_ms=2.3 write_ms=12.5 warnings=0
1791112595147 VERIFY n=245 dims=Some((2560, 1600)) expect=2560x1600 own_files=2 PASS
1791112595332 BROWSER-EXIT n=245 pid=3528 after_return_ms=185.6
1791112596147 PREV-BROWSER n=246 prev_n=245 pid=3528 alive=false
1791112596147 RENDER-START n=246
1791112596942 RENDER-OK n=246 id=246 browser_pid=Some(40420) slot=B path=%TEMP%\fc-repro-leak-20261004-190528\localappdata\tw.fintools.fc-host\wallpaper\m-7ebe8f017cddc2d6-b.png wh=3840x2160 body=raw open_ms=322.9 page_ms=449.7 to_png_ms=772.6 close_ms=3.2 write_ms=18.8 warnings=0
1791112596942 VERIFY n=246 dims=Some((3840, 2160)) expect=3840x2160 own_files=2 PASS
1791112597114 BROWSER-EXIT n=246 pid=40420 after_return_ms=172.6
1791112599942 PREV-BROWSER n=247 prev_n=246 pid=40420 alive=false
1791112599942 RENDER-START n=247
1791112600635 RENDER-OK n=247 id=247 browser_pid=Some(108784) slot=A path=%TEMP%\fc-repro-leak-20261004-190528\localappdata\tw.fintools.fc-host\wallpaper\m-7ebe8f017cddc2d6-a.png wh=2560x1600 body=raw open_ms=325.0 page_ms=347.7 to_png_ms=672.7 close_ms=2.4 write_ms=17.5 warnings=0
1791112600636 VERIFY n=247 dims=Some((2560, 1600)) expect=2560x1600 own_files=2 PASS
1791112600811 BROWSER-EXIT n=247 pid=108784 after_return_ms=175.4
1791112601636 PREV-BROWSER n=248 prev_n=247 pid=108784 alive=false
1791112601636 RENDER-START n=248
1791112602375 RENDER-OK n=248 id=248 browser_pid=Some(112076) slot=B path=%TEMP%\fc-repro-leak-20261004-190528\localappdata\tw.fintools.fc-host\wallpaper\m-7ebe8f017cddc2d6-b.png wh=3840x2160 body=raw open_ms=271.5 page_ms=452.8 to_png_ms=724.3 close_ms=3.3 write_ms=11.5 warnings=0
1791112602376 VERIFY n=248 dims=Some((3840, 2160)) expect=3840x2160 own_files=2 PASS
1791112602555 BROWSER-EXIT n=248 pid=112076 after_return_ms=179.8
1791112605376 PREV-BROWSER n=249 prev_n=248 pid=112076 alive=false
1791112605376 RENDER-START n=249
1791112606074 RENDER-OK n=249 id=249 browser_pid=Some(112468) slot=A path=%TEMP%\fc-repro-leak-20261004-190528\localappdata\tw.fintools.fc-host\wallpaper\m-7ebe8f017cddc2d6-a.png wh=2560x1600 body=raw open_ms=321.6 page_ms=357.8 to_png_ms=679.4 close_ms=2.5 write_ms=16.1 warnings=0
1791112606074 VERIFY n=249 dims=Some((2560, 1600)) expect=2560x1600 own_files=2 PASS
1791112606252 BROWSER-EXIT n=249 pid=112468 after_return_ms=178.4
1791112607074 PREV-BROWSER n=250 prev_n=249 pid=112468 alive=false
1791112607074 RENDER-START n=250
1791112607852 RENDER-OK n=250 id=250 browser_pid=Some(110544) slot=B path=%TEMP%\fc-repro-leak-20261004-190528\localappdata\tw.fintools.fc-host\wallpaper\m-7ebe8f017cddc2d6-b.png wh=3840x2160 body=raw open_ms=316.1 page_ms=439.0 to_png_ms=755.1 close_ms=4.0 write_ms=18.2 warnings=0
1791112607852 VERIFY n=250 dims=Some((3840, 2160)) expect=3840x2160 own_files=2 PASS
1791112608031 BROWSER-EXIT n=250 pid=110544 after_return_ms=179.2
1791112610852 PREV-BROWSER n=251 prev_n=250 pid=110544 alive=false
1791112610852 RENDER-START n=251
1791112611543 RENDER-OK n=251 id=251 browser_pid=Some(86892) slot=A path=%TEMP%\fc-repro-leak-20261004-190528\localappdata\tw.fintools.fc-host\wallpaper\m-7ebe8f017cddc2d6-a.png wh=2560x1600 body=raw open_ms=320.3 page_ms=350.4 to_png_ms=670.7 close_ms=2.4 write_ms=16.9 warnings=0
1791112611543 VERIFY n=251 dims=Some((2560, 1600)) expect=2560x1600 own_files=2 PASS
1791112611712 BROWSER-EXIT n=251 pid=86892 after_return_ms=169.0
1791112612543 PREV-BROWSER n=252 prev_n=251 pid=86892 alive=false
1791112612543 RENDER-START n=252
1791112613268 RENDER-OK n=252 id=252 browser_pid=Some(35092) slot=B path=%TEMP%\fc-repro-leak-20261004-190528\localappdata\tw.fintools.fc-host\wallpaper\m-7ebe8f017cddc2d6-b.png wh=3840x2160 body=raw open_ms=254.8 page_ms=447.7 to_png_ms=702.5 close_ms=3.5 write_ms=19.0 warnings=0
1791112613269 VERIFY n=252 dims=Some((3840, 2160)) expect=3840x2160 own_files=2 PASS
1791112613440 BROWSER-EXIT n=252 pid=35092 after_return_ms=171.8
1791112616269 PREV-BROWSER n=253 prev_n=252 pid=35092 alive=false
1791112616269 RENDER-START n=253
1791112616887 RENDER-OK n=253 id=253 browser_pid=Some(101620) slot=A path=%TEMP%\fc-repro-leak-20261004-190528\localappdata\tw.fintools.fc-host\wallpaper\m-7ebe8f017cddc2d6-a.png wh=2560x1600 body=raw open_ms=263.7 page_ms=342.2 to_png_ms=605.9 close_ms=2.6 write_ms=9.7 warnings=0
1791112616887 VERIFY n=253 dims=Some((2560, 1600)) expect=2560x1600 own_files=2 PASS
1791112617075 BROWSER-EXIT n=253 pid=101620 after_return_ms=188.1
1791112617888 PREV-BROWSER n=254 prev_n=253 pid=101620 alive=false
1791112617888 RENDER-START n=254
1791112618614 RENDER-OK n=254 id=254 browser_pid=Some(8808) slot=B path=%TEMP%\fc-repro-leak-20261004-190528\localappdata\tw.fintools.fc-host\wallpaper\m-7ebe8f017cddc2d6-b.png wh=3840x2160 body=raw open_ms=257.9 page_ms=446.2 to_png_ms=704.1 close_ms=3.5 write_ms=18.5 warnings=0
1791112618614 VERIFY n=254 dims=Some((3840, 2160)) expect=3840x2160 own_files=2 PASS
1791112618792 BROWSER-EXIT n=254 pid=8808 after_return_ms=178.0
1791112621615 PREV-BROWSER n=255 prev_n=254 pid=8808 alive=false
1791112621615 RENDER-START n=255
1791112622242 RENDER-OK n=255 id=255 browser_pid=Some(16652) slot=A path=%TEMP%\fc-repro-leak-20261004-190528\localappdata\tw.fintools.fc-host\wallpaper\m-7ebe8f017cddc2d6-a.png wh=2560x1600 body=raw open_ms=258.9 page_ms=348.2 to_png_ms=607.1 close_ms=2.3 write_ms=17.8 warnings=0
1791112622243 VERIFY n=255 dims=Some((2560, 1600)) expect=2560x1600 own_files=2 PASS
1791112622413 BROWSER-EXIT n=255 pid=16652 after_return_ms=170.3
1791112623243 PREV-BROWSER n=256 prev_n=255 pid=16652 alive=false
1791112623243 RENDER-START n=256
1791112623959 RENDER-OK n=256 id=256 browser_pid=Some(111740) slot=B path=%TEMP%\fc-repro-leak-20261004-190528\localappdata\tw.fintools.fc-host\wallpaper\m-7ebe8f017cddc2d6-b.png wh=3840x2160 body=raw open_ms=254.1 page_ms=447.3 to_png_ms=701.4 close_ms=3.3 write_ms=11.7 warnings=0
1791112623960 VERIFY n=256 dims=Some((3840, 2160)) expect=3840x2160 own_files=2 PASS
1791112624145 BROWSER-EXIT n=256 pid=111740 after_return_ms=185.9
1791112626960 PREV-BROWSER n=257 prev_n=256 pid=111740 alive=false
1791112626960 RENDER-START n=257
1791112627579 RENDER-OK n=257 id=257 browser_pid=Some(95012) slot=A path=%TEMP%\fc-repro-leak-20261004-190528\localappdata\tw.fintools.fc-host\wallpaper\m-7ebe8f017cddc2d6-a.png wh=2560x1600 body=raw open_ms=259.1 page_ms=340.8 to_png_ms=599.9 close_ms=2.2 write_ms=16.5 warnings=0
1791112627579 VERIFY n=257 dims=Some((2560, 1600)) expect=2560x1600 own_files=2 PASS
1791112627756 BROWSER-EXIT n=257 pid=95012 after_return_ms=177.1
1791112628579 PREV-BROWSER n=258 prev_n=257 pid=95012 alive=false
1791112628579 RENDER-START n=258
1791112629319 RENDER-OK n=258 id=258 browser_pid=Some(90904) slot=B path=%TEMP%\fc-repro-leak-20261004-190528\localappdata\tw.fintools.fc-host\wallpaper\m-7ebe8f017cddc2d6-b.png wh=3840x2160 body=raw open_ms=260.9 page_ms=457.1 to_png_ms=718.0 close_ms=3.4 write_ms=18.9 warnings=0
1791112629319 VERIFY n=258 dims=Some((3840, 2160)) expect=3840x2160 own_files=2 PASS
1791112629494 BROWSER-EXIT n=258 pid=90904 after_return_ms=174.7
1791112632319 PREV-BROWSER n=259 prev_n=258 pid=90904 alive=false
1791112632320 RENDER-START n=259
1791112632946 RENDER-OK n=259 id=259 browser_pid=Some(18560) slot=A path=%TEMP%\fc-repro-leak-20261004-190528\localappdata\tw.fintools.fc-host\wallpaper\m-7ebe8f017cddc2d6-a.png wh=2560x1600 body=raw open_ms=260.3 page_ms=346.7 to_png_ms=607.0 close_ms=2.7 write_ms=16.8 warnings=0
1791112632947 VERIFY n=259 dims=Some((2560, 1600)) expect=2560x1600 own_files=2 PASS
1791112633119 BROWSER-EXIT n=259 pid=18560 after_return_ms=172.6
1791112633946 PREV-BROWSER n=260 prev_n=259 pid=18560 alive=false
1791112633946 RENDER-START n=260
1791112634669 RENDER-OK n=260 id=260 browser_pid=Some(85088) slot=B path=%TEMP%\fc-repro-leak-20261004-190528\localappdata\tw.fintools.fc-host\wallpaper\m-7ebe8f017cddc2d6-b.png wh=3840x2160 body=raw open_ms=253.8 page_ms=452.8 to_png_ms=706.6 close_ms=3.5 write_ms=12.2 warnings=0
1791112634669 VERIFY n=260 dims=Some((3840, 2160)) expect=3840x2160 own_files=2 PASS
1791112634847 BROWSER-EXIT n=260 pid=85088 after_return_ms=178.0
1791112637669 PREV-BROWSER n=261 prev_n=260 pid=85088 alive=false
1791112637669 RENDER-START n=261
1791112638300 RENDER-OK n=261 id=261 browser_pid=Some(106340) slot=A path=%TEMP%\fc-repro-leak-20261004-190528\localappdata\tw.fintools.fc-host\wallpaper\m-7ebe8f017cddc2d6-a.png wh=2560x1600 body=raw open_ms=257.5 page_ms=354.8 to_png_ms=612.3 close_ms=2.3 write_ms=16.0 warnings=0
1791112638300 VERIFY n=261 dims=Some((2560, 1600)) expect=2560x1600 own_files=2 PASS
1791112638481 BROWSER-EXIT n=261 pid=106340 after_return_ms=181.1
1791112639301 PREV-BROWSER n=262 prev_n=261 pid=106340 alive=false
1791112639301 RENDER-START n=262
1791112640097 RENDER-OK n=262 id=262 browser_pid=Some(13996) slot=B path=%TEMP%\fc-repro-leak-20261004-190528\localappdata\tw.fintools.fc-host\wallpaper\m-7ebe8f017cddc2d6-b.png wh=3840x2160 body=raw open_ms=312.4 page_ms=468.4 to_png_ms=780.8 close_ms=3.5 write_ms=11.1 warnings=0
1791112640097 VERIFY n=262 dims=Some((3840, 2160)) expect=3840x2160 own_files=2 PASS
1791112640274 BROWSER-EXIT n=262 pid=13996 after_return_ms=177.8
1791112643097 PREV-BROWSER n=263 prev_n=262 pid=13996 alive=false
1791112643097 RENDER-START n=263
1791112643721 RENDER-OK n=263 id=263 browser_pid=Some(110344) slot=A path=%TEMP%\fc-repro-leak-20261004-190528\localappdata\tw.fintools.fc-host\wallpaper\m-7ebe8f017cddc2d6-a.png wh=2560x1600 body=raw open_ms=257.3 page_ms=347.4 to_png_ms=604.7 close_ms=2.4 write_ms=16.9 warnings=0
1791112643721 VERIFY n=263 dims=Some((2560, 1600)) expect=2560x1600 own_files=2 PASS
1791112643892 BROWSER-EXIT n=263 pid=110344 after_return_ms=170.7
1791112644721 PREV-BROWSER n=264 prev_n=263 pid=110344 alive=false
1791112644721 RENDER-START n=264
1791112645450 RENDER-OK n=264 id=264 browser_pid=Some(112704) slot=B path=%TEMP%\fc-repro-leak-20261004-190528\localappdata\tw.fintools.fc-host\wallpaper\m-7ebe8f017cddc2d6-b.png wh=3840x2160 body=raw open_ms=250.8 page_ms=455.6 to_png_ms=706.4 close_ms=4.1 write_ms=18.2 warnings=0
1791112645450 VERIFY n=264 dims=Some((3840, 2160)) expect=3840x2160 own_files=2 PASS
1791112645622 BROWSER-EXIT n=264 pid=112704 after_return_ms=171.6
1791112648450 PREV-BROWSER n=265 prev_n=264 pid=112704 alive=false
1791112648451 RENDER-START n=265
1791112649081 RENDER-OK n=265 id=265 browser_pid=Some(29584) slot=A path=%TEMP%\fc-repro-leak-20261004-190528\localappdata\tw.fintools.fc-host\wallpaper\m-7ebe8f017cddc2d6-a.png wh=2560x1600 body=raw open_ms=257.9 page_ms=353.5 to_png_ms=611.5 close_ms=2.3 write_ms=16.9 warnings=0
1791112649082 VERIFY n=265 dims=Some((2560, 1600)) expect=2560x1600 own_files=2 PASS
1791112649260 BROWSER-EXIT n=265 pid=29584 after_return_ms=178.2
1791112650082 PREV-BROWSER n=266 prev_n=265 pid=29584 alive=false
1791112650082 RENDER-START n=266
1791112650821 RENDER-OK n=266 id=266 browser_pid=Some(72516) slot=B path=%TEMP%\fc-repro-leak-20261004-190528\localappdata\tw.fintools.fc-host\wallpaper\m-7ebe8f017cddc2d6-b.png wh=3840x2160 body=raw open_ms=263.1 page_ms=454.1 to_png_ms=717.2 close_ms=3.8 write_ms=18.3 warnings=0
1791112650821 VERIFY n=266 dims=Some((3840, 2160)) expect=3840x2160 own_files=2 PASS
1791112651005 BROWSER-EXIT n=266 pid=72516 after_return_ms=183.8
1791112653821 PREV-BROWSER n=267 prev_n=266 pid=72516 alive=false
1791112653821 RENDER-START n=267
1791112654444 RENDER-OK n=267 id=267 browser_pid=Some(109892) slot=A path=%TEMP%\fc-repro-leak-20261004-190528\localappdata\tw.fintools.fc-host\wallpaper\m-7ebe8f017cddc2d6-a.png wh=2560x1600 body=raw open_ms=253.5 page_ms=349.2 to_png_ms=602.8 close_ms=2.4 write_ms=16.9 warnings=0
1791112654444 VERIFY n=267 dims=Some((2560, 1600)) expect=2560x1600 own_files=2 PASS
1791112654625 BROWSER-EXIT n=267 pid=109892 after_return_ms=181.3
1791112655444 PREV-BROWSER n=268 prev_n=267 pid=109892 alive=false
1791112655444 RENDER-START n=268
1791112656174 RENDER-OK n=268 id=268 browser_pid=Some(99348) slot=B path=%TEMP%\fc-repro-leak-20261004-190528\localappdata\tw.fintools.fc-host\wallpaper\m-7ebe8f017cddc2d6-b.png wh=3840x2160 body=raw open_ms=254.3 page_ms=458.5 to_png_ms=712.8 close_ms=3.7 write_ms=12.5 warnings=0
1791112656174 VERIFY n=268 dims=Some((3840, 2160)) expect=3840x2160 own_files=2 PASS
1791112656350 BROWSER-EXIT n=268 pid=99348 after_return_ms=176.5
1791112659174 PREV-BROWSER n=269 prev_n=268 pid=99348 alive=false
1791112659174 RENDER-START n=269
1791112659799 RENDER-OK n=269 id=269 browser_pid=Some(112920) slot=A path=%TEMP%\fc-repro-leak-20261004-190528\localappdata\tw.fintools.fc-host\wallpaper\m-7ebe8f017cddc2d6-a.png wh=2560x1600 body=raw open_ms=252.4 page_ms=351.9 to_png_ms=604.2 close_ms=2.5 write_ms=18.2 warnings=0
1791112659799 VERIFY n=269 dims=Some((2560, 1600)) expect=2560x1600 own_files=2 PASS
1791112659970 BROWSER-EXIT n=269 pid=112920 after_return_ms=171.4
1791112660799 PREV-BROWSER n=270 prev_n=269 pid=112920 alive=false
1791112660799 RENDER-START n=270
1791112661523 RENDER-OK n=270 id=270 browser_pid=Some(109516) slot=B path=%TEMP%\fc-repro-leak-20261004-190528\localappdata\tw.fintools.fc-host\wallpaper\m-7ebe8f017cddc2d6-b.png wh=3840x2160 body=raw open_ms=254.5 page_ms=445.6 to_png_ms=700.1 close_ms=3.2 write_ms=19.4 warnings=0
1791112661523 VERIFY n=270 dims=Some((3840, 2160)) expect=3840x2160 own_files=2 PASS
1791112661699 BROWSER-EXIT n=270 pid=109516 after_return_ms=176.8
1791112664523 PREV-BROWSER n=271 prev_n=270 pid=109516 alive=false
1791112664523 RENDER-START n=271
1791112665143 RENDER-OK n=271 id=271 browser_pid=Some(113424) slot=A path=%TEMP%\fc-repro-leak-20261004-190528\localappdata\tw.fintools.fc-host\wallpaper\m-7ebe8f017cddc2d6-a.png wh=2560x1600 body=raw open_ms=255.8 page_ms=343.5 to_png_ms=599.3 close_ms=2.5 write_ms=17.3 warnings=0
1791112665143 VERIFY n=271 dims=Some((2560, 1600)) expect=2560x1600 own_files=2 PASS
1791112665311 BROWSER-EXIT n=271 pid=113424 after_return_ms=168.1
1791112666143 PREV-BROWSER n=272 prev_n=271 pid=113424 alive=false
1791112666143 RENDER-START n=272
1791112666864 RENDER-OK n=272 id=272 browser_pid=Some(32268) slot=B path=%TEMP%\fc-repro-leak-20261004-190528\localappdata\tw.fintools.fc-host\wallpaper\m-7ebe8f017cddc2d6-b.png wh=3840x2160 body=raw open_ms=251.1 page_ms=447.0 to_png_ms=698.1 close_ms=3.5 write_ms=19.0 warnings=0
1791112666864 VERIFY n=272 dims=Some((3840, 2160)) expect=3840x2160 own_files=2 PASS
1791112667039 BROWSER-EXIT n=272 pid=32268 after_return_ms=174.9
1791112669864 PREV-BROWSER n=273 prev_n=272 pid=32268 alive=false
1791112669864 RENDER-START n=273
1791112670534 RENDER-OK n=273 id=273 browser_pid=Some(109984) slot=A path=%TEMP%\fc-repro-leak-20261004-190528\localappdata\tw.fintools.fc-host\wallpaper\m-7ebe8f017cddc2d6-a.png wh=2560x1600 body=raw open_ms=300.5 page_ms=349.7 to_png_ms=650.2 close_ms=2.3 write_ms=16.7 warnings=0
1791112670534 VERIFY n=273 dims=Some((2560, 1600)) expect=2560x1600 own_files=2 PASS
1791112670709 BROWSER-EXIT n=273 pid=109984 after_return_ms=175.5
1791112671534 PREV-BROWSER n=274 prev_n=273 pid=109984 alive=false
1791112671534 RENDER-START n=274
1791112672254 RENDER-OK n=274 id=274 browser_pid=Some(111472) slot=B path=%TEMP%\fc-repro-leak-20261004-190528\localappdata\tw.fintools.fc-host\wallpaper\m-7ebe8f017cddc2d6-b.png wh=3840x2160 body=raw open_ms=254.0 page_ms=451.0 to_png_ms=705.0 close_ms=3.5 write_ms=11.1 warnings=0
1791112672254 VERIFY n=274 dims=Some((3840, 2160)) expect=3840x2160 own_files=2 PASS
1791112672433 BROWSER-EXIT n=274 pid=111472 after_return_ms=178.8
1791112675254 PREV-BROWSER n=275 prev_n=274 pid=111472 alive=false
1791112675254 RENDER-START n=275
1791112675871 RENDER-OK n=275 id=275 browser_pid=Some(77608) slot=A path=%TEMP%\fc-repro-leak-20261004-190528\localappdata\tw.fintools.fc-host\wallpaper\m-7ebe8f017cddc2d6-a.png wh=2560x1600 body=raw open_ms=255.9 page_ms=341.6 to_png_ms=597.5 close_ms=2.4 write_ms=16.3 warnings=0
1791112675871 VERIFY n=275 dims=Some((2560, 1600)) expect=2560x1600 own_files=2 PASS
1791112676044 BROWSER-EXIT n=275 pid=77608 after_return_ms=173.8
1791112676871 PREV-BROWSER n=276 prev_n=275 pid=77608 alive=false
1791112676871 RENDER-START n=276
1791112677675 RENDER-OK n=276 id=276 browser_pid=Some(21480) slot=B path=%TEMP%\fc-repro-leak-20261004-190528\localappdata\tw.fintools.fc-host\wallpaper\m-7ebe8f017cddc2d6-b.png wh=3840x2160 body=raw open_ms=338.9 page_ms=443.4 to_png_ms=782.3 close_ms=3.2 write_ms=18.2 warnings=0
1791112677675 VERIFY n=276 dims=Some((3840, 2160)) expect=3840x2160 own_files=2 PASS
1791112677855 BROWSER-EXIT n=276 pid=21480 after_return_ms=180.5
1791112680675 PREV-BROWSER n=277 prev_n=276 pid=21480 alive=false
1791112680675 RENDER-START n=277
1791112681293 RENDER-OK n=277 id=277 browser_pid=Some(89748) slot=A path=%TEMP%\fc-repro-leak-20261004-190528\localappdata\tw.fintools.fc-host\wallpaper\m-7ebe8f017cddc2d6-a.png wh=2560x1600 body=raw open_ms=257.7 page_ms=341.7 to_png_ms=599.4 close_ms=2.1 write_ms=16.0 warnings=0
1791112681293 VERIFY n=277 dims=Some((2560, 1600)) expect=2560x1600 own_files=2 PASS
1791112681471 BROWSER-EXIT n=277 pid=89748 after_return_ms=177.5
1791112682294 PREV-BROWSER n=278 prev_n=277 pid=89748 alive=false
1791112682294 RENDER-START n=278
1791112683054 RENDER-OK n=278 id=278 browser_pid=Some(31720) slot=B path=%TEMP%\fc-repro-leak-20261004-190528\localappdata\tw.fintools.fc-host\wallpaper\m-7ebe8f017cddc2d6-b.png wh=3840x2160 body=raw open_ms=298.7 page_ms=438.5 to_png_ms=737.2 close_ms=3.4 write_ms=19.1 warnings=0
1791112683054 VERIFY n=278 dims=Some((3840, 2160)) expect=3840x2160 own_files=2 PASS
1791112683230 BROWSER-EXIT n=278 pid=31720 after_return_ms=176.4
1791112686054 PREV-BROWSER n=279 prev_n=278 pid=31720 alive=false
1791112686054 RENDER-START n=279
1791112686679 RENDER-OK n=279 id=279 browser_pid=Some(42936) slot=A path=%TEMP%\fc-repro-leak-20261004-190528\localappdata\tw.fintools.fc-host\wallpaper\m-7ebe8f017cddc2d6-a.png wh=2560x1600 body=raw open_ms=262.3 page_ms=344.0 to_png_ms=606.3 close_ms=2.1 write_ms=16.3 warnings=0
1791112686679 VERIFY n=279 dims=Some((2560, 1600)) expect=2560x1600 own_files=2 PASS
1791112686856 BROWSER-EXIT n=279 pid=42936 after_return_ms=177.4
1791112687680 PREV-BROWSER n=280 prev_n=279 pid=42936 alive=false
1791112687680 RENDER-START n=280
1791112688416 RENDER-OK n=280 id=280 browser_pid=Some(113368) slot=B path=%TEMP%\fc-repro-leak-20261004-190528\localappdata\tw.fintools.fc-host\wallpaper\m-7ebe8f017cddc2d6-b.png wh=3840x2160 body=raw open_ms=263.4 page_ms=451.2 to_png_ms=714.6 close_ms=3.4 write_ms=18.3 warnings=0
1791112688417 VERIFY n=280 dims=Some((3840, 2160)) expect=3840x2160 own_files=2 PASS
1791112688596 BROWSER-EXIT n=280 pid=113368 after_return_ms=180.0
1791112691416 PREV-BROWSER n=281 prev_n=280 pid=113368 alive=false
1791112691416 RENDER-START n=281
1791112692108 RENDER-OK n=281 id=281 browser_pid=Some(56864) slot=A path=%TEMP%\fc-repro-leak-20261004-190528\localappdata\tw.fintools.fc-host\wallpaper\m-7ebe8f017cddc2d6-a.png wh=2560x1600 body=raw open_ms=319.1 page_ms=361.7 to_png_ms=680.7 close_ms=2.2 write_ms=8.1 warnings=0
1791112692108 VERIFY n=281 dims=Some((2560, 1600)) expect=2560x1600 own_files=2 PASS
1791112692289 BROWSER-EXIT n=281 pid=56864 after_return_ms=181.5
1791112693108 PREV-BROWSER n=282 prev_n=281 pid=56864 alive=false
1791112693108 RENDER-START n=282
1791112693830 RENDER-OK n=282 id=282 browser_pid=Some(111944) slot=B path=%TEMP%\fc-repro-leak-20261004-190528\localappdata\tw.fintools.fc-host\wallpaper\m-7ebe8f017cddc2d6-b.png wh=3840x2160 body=raw open_ms=252.7 page_ms=448.7 to_png_ms=701.5 close_ms=3.1 write_ms=17.2 warnings=0
1791112693830 VERIFY n=282 dims=Some((3840, 2160)) expect=3840x2160 own_files=2 PASS
1791112694009 BROWSER-EXIT n=282 pid=111944 after_return_ms=178.3
1791112696831 PREV-BROWSER n=283 prev_n=282 pid=111944 alive=false
1791112696831 RENDER-START n=283
1791112697452 RENDER-OK n=283 id=283 browser_pid=Some(91356) slot=A path=%TEMP%\fc-repro-leak-20261004-190528\localappdata\tw.fintools.fc-host\wallpaper\m-7ebe8f017cddc2d6-a.png wh=2560x1600 body=raw open_ms=260.5 page_ms=342.9 to_png_ms=603.5 close_ms=2.2 write_ms=15.4 warnings=0
1791112697452 VERIFY n=283 dims=Some((2560, 1600)) expect=2560x1600 own_files=2 PASS
1791112697629 BROWSER-EXIT n=283 pid=91356 after_return_ms=177.0
1791112698452 PREV-BROWSER n=284 prev_n=283 pid=91356 alive=false
1791112698452 RENDER-START n=284
1791112699174 RENDER-OK n=284 id=284 browser_pid=Some(20292) slot=B path=%TEMP%\fc-repro-leak-20261004-190528\localappdata\tw.fintools.fc-host\wallpaper\m-7ebe8f017cddc2d6-b.png wh=3840x2160 body=raw open_ms=257.7 page_ms=449.4 to_png_ms=707.1 close_ms=3.3 write_ms=10.7 warnings=0
1791112699174 VERIFY n=284 dims=Some((3840, 2160)) expect=3840x2160 own_files=2 PASS
1791112699355 BROWSER-EXIT n=284 pid=20292 after_return_ms=181.7
1791112702174 PREV-BROWSER n=285 prev_n=284 pid=20292 alive=false
1791112702174 RENDER-START n=285
1791112702787 RENDER-OK n=285 id=285 browser_pid=Some(113560) slot=A path=%TEMP%\fc-repro-leak-20261004-190528\localappdata\tw.fintools.fc-host\wallpaper\m-7ebe8f017cddc2d6-a.png wh=2560x1600 body=raw open_ms=260.9 page_ms=340.3 to_png_ms=601.2 close_ms=2.3 write_ms=9.0 warnings=0
1791112702787 VERIFY n=285 dims=Some((2560, 1600)) expect=2560x1600 own_files=2 PASS
1791112702968 BROWSER-EXIT n=285 pid=113560 after_return_ms=181.6
1791112703787 PREV-BROWSER n=286 prev_n=285 pid=113560 alive=false
1791112703787 RENDER-START n=286
1791112704501 RENDER-OK n=286 id=286 browser_pid=Some(79060) slot=B path=%TEMP%\fc-repro-leak-20261004-190528\localappdata\tw.fintools.fc-host\wallpaper\m-7ebe8f017cddc2d6-b.png wh=3840x2160 body=raw open_ms=253.9 page_ms=438.8 to_png_ms=692.7 close_ms=3.1 write_ms=17.3 warnings=0
1791112704501 VERIFY n=286 dims=Some((3840, 2160)) expect=3840x2160 own_files=2 PASS
1791112704683 BROWSER-EXIT n=286 pid=79060 after_return_ms=182.4
1791112707501 PREV-BROWSER n=287 prev_n=286 pid=79060 alive=false
1791112707501 RENDER-START n=287
1791112708116 RENDER-OK n=287 id=287 browser_pid=Some(41176) slot=A path=%TEMP%\fc-repro-leak-20261004-190528\localappdata\tw.fintools.fc-host\wallpaper\m-7ebe8f017cddc2d6-a.png wh=2560x1600 body=raw open_ms=255.2 page_ms=348.1 to_png_ms=603.3 close_ms=2.5 write_ms=9.2 warnings=0
1791112708117 VERIFY n=287 dims=Some((2560, 1600)) expect=2560x1600 own_files=2 PASS
1791112708300 BROWSER-EXIT n=287 pid=41176 after_return_ms=183.2
1791112709117 PREV-BROWSER n=288 prev_n=287 pid=41176 alive=false
1791112709117 RENDER-START n=288
1791112709849 RENDER-OK n=288 id=288 browser_pid=Some(49840) slot=B path=%TEMP%\fc-repro-leak-20261004-190528\localappdata\tw.fintools.fc-host\wallpaper\m-7ebe8f017cddc2d6-b.png wh=3840x2160 body=raw open_ms=259.5 page_ms=452.0 to_png_ms=711.4 close_ms=3.1 write_ms=17.7 warnings=0
1791112709849 VERIFY n=288 dims=Some((3840, 2160)) expect=3840x2160 own_files=2 PASS
1791112710021 BROWSER-EXIT n=288 pid=49840 after_return_ms=171.8
1791112712849 PREV-BROWSER n=289 prev_n=288 pid=49840 alive=false
1791112712850 RENDER-START n=289
1791112713469 RENDER-OK n=289 id=289 browser_pid=Some(89480) slot=A path=%TEMP%\fc-repro-leak-20261004-190528\localappdata\tw.fintools.fc-host\wallpaper\m-7ebe8f017cddc2d6-a.png wh=2560x1600 body=raw open_ms=257.9 page_ms=341.8 to_png_ms=599.7 close_ms=2.3 write_ms=17.5 warnings=0
1791112713470 VERIFY n=289 dims=Some((2560, 1600)) expect=2560x1600 own_files=2 PASS
1791112713637 BROWSER-EXIT n=289 pid=89480 after_return_ms=168.0
1791112714470 PREV-BROWSER n=290 prev_n=289 pid=89480 alive=false
1791112714470 RENDER-START n=290
1791112715186 RENDER-OK n=290 id=290 browser_pid=Some(17880) slot=B path=%TEMP%\fc-repro-leak-20261004-190528\localappdata\tw.fintools.fc-host\wallpaper\m-7ebe8f017cddc2d6-b.png wh=3840x2160 body=raw open_ms=254.3 page_ms=444.2 to_png_ms=698.5 close_ms=3.2 write_ms=14.5 warnings=0
1791112715186 VERIFY n=290 dims=Some((3840, 2160)) expect=3840x2160 own_files=2 PASS
1791112715365 BROWSER-EXIT n=290 pid=17880 after_return_ms=178.4
1791112718186 PREV-BROWSER n=291 prev_n=290 pid=17880 alive=false
1791112718186 RENDER-START n=291
1791112718824 RENDER-OK n=291 id=291 browser_pid=Some(112804) slot=A path=%TEMP%\fc-repro-leak-20261004-190528\localappdata\tw.fintools.fc-host\wallpaper\m-7ebe8f017cddc2d6-a.png wh=2560x1600 body=raw open_ms=257.3 page_ms=361.9 to_png_ms=619.2 close_ms=2.2 write_ms=16.4 warnings=0
1791112718825 VERIFY n=291 dims=Some((2560, 1600)) expect=2560x1600 own_files=2 PASS
1791112719010 BROWSER-EXIT n=291 pid=112804 after_return_ms=185.2
1791112719825 PREV-BROWSER n=292 prev_n=291 pid=112804 alive=false
1791112719825 RENDER-START n=292
1791112720563 RENDER-OK n=292 id=292 browser_pid=Some(92888) slot=B path=%TEMP%\fc-repro-leak-20261004-190528\localappdata\tw.fintools.fc-host\wallpaper\m-7ebe8f017cddc2d6-b.png wh=3840x2160 body=raw open_ms=264.0 page_ms=452.5 to_png_ms=716.5 close_ms=3.1 write_ms=18.0 warnings=0
1791112720563 VERIFY n=292 dims=Some((3840, 2160)) expect=3840x2160 own_files=2 PASS
1791112720739 BROWSER-EXIT n=292 pid=92888 after_return_ms=176.3
1791112723563 PREV-BROWSER n=293 prev_n=292 pid=92888 alive=false
1791112723563 RENDER-START n=293
1791112724175 RENDER-OK n=293 id=293 browser_pid=Some(40744) slot=A path=%TEMP%\fc-repro-leak-20261004-190528\localappdata\tw.fintools.fc-host\wallpaper\m-7ebe8f017cddc2d6-a.png wh=2560x1600 body=raw open_ms=254.5 page_ms=337.4 to_png_ms=591.9 close_ms=2.5 write_ms=17.5 warnings=0
1791112724176 VERIFY n=293 dims=Some((2560, 1600)) expect=2560x1600 own_files=2 PASS
1791112724338 BROWSER-EXIT n=293 pid=40744 after_return_ms=162.6
1791112725176 PREV-BROWSER n=294 prev_n=293 pid=40744 alive=false
1791112725176 RENDER-START n=294
1791112725888 RENDER-OK n=294 id=294 browser_pid=Some(106664) slot=B path=%TEMP%\fc-repro-leak-20261004-190528\localappdata\tw.fintools.fc-host\wallpaper\m-7ebe8f017cddc2d6-b.png wh=3840x2160 body=raw open_ms=253.6 page_ms=437.2 to_png_ms=690.8 close_ms=3.2 write_ms=18.2 warnings=0
1791112725889 VERIFY n=294 dims=Some((3840, 2160)) expect=3840x2160 own_files=2 PASS
1791112726058 BROWSER-EXIT n=294 pid=106664 after_return_ms=169.4
1791112728888 PREV-BROWSER n=295 prev_n=294 pid=106664 alive=false
1791112728888 RENDER-START n=295
1791112729509 RENDER-OK n=295 id=295 browser_pid=Some(58308) slot=A path=%TEMP%\fc-repro-leak-20261004-190528\localappdata\tw.fintools.fc-host\wallpaper\m-7ebe8f017cddc2d6-a.png wh=2560x1600 body=raw open_ms=254.8 page_ms=346.8 to_png_ms=601.6 close_ms=2.4 write_ms=16.4 warnings=0
1791112729509 VERIFY n=295 dims=Some((2560, 1600)) expect=2560x1600 own_files=2 PASS
1791112729691 BROWSER-EXIT n=295 pid=58308 after_return_ms=181.8
1791112730509 PREV-BROWSER n=296 prev_n=295 pid=58308 alive=false
1791112730509 RENDER-START n=296
1791112731243 RENDER-OK n=296 id=296 browser_pid=Some(21672) slot=B path=%TEMP%\fc-repro-leak-20261004-190528\localappdata\tw.fintools.fc-host\wallpaper\m-7ebe8f017cddc2d6-b.png wh=3840x2160 body=raw open_ms=260.5 page_ms=450.9 to_png_ms=711.3 close_ms=3.3 write_ms=18.4 warnings=0
1791112731243 VERIFY n=296 dims=Some((3840, 2160)) expect=3840x2160 own_files=2 PASS
1791112731426 BROWSER-EXIT n=296 pid=21672 after_return_ms=183.3
1791112734243 PREV-BROWSER n=297 prev_n=296 pid=21672 alive=false
1791112734243 RENDER-START n=297
1791112734867 RENDER-OK n=297 id=297 browser_pid=Some(34968) slot=A path=%TEMP%\fc-repro-leak-20261004-190528\localappdata\tw.fintools.fc-host\wallpaper\m-7ebe8f017cddc2d6-a.png wh=2560x1600 body=raw open_ms=259.2 page_ms=345.7 to_png_ms=604.9 close_ms=2.3 write_ms=16.2 warnings=0
1791112734867 VERIFY n=297 dims=Some((2560, 1600)) expect=2560x1600 own_files=2 PASS
1791112735041 BROWSER-EXIT n=297 pid=34968 after_return_ms=173.9
1791112735868 PREV-BROWSER n=298 prev_n=297 pid=34968 alive=false
1791112735868 RENDER-START n=298
1791112736602 RENDER-OK n=298 id=298 browser_pid=Some(25136) slot=B path=%TEMP%\fc-repro-leak-20261004-190528\localappdata\tw.fintools.fc-host\wallpaper\m-7ebe8f017cddc2d6-b.png wh=3840x2160 body=raw open_ms=259.7 page_ms=451.9 to_png_ms=711.6 close_ms=3.5 write_ms=18.6 warnings=0
1791112736602 VERIFY n=298 dims=Some((3840, 2160)) expect=3840x2160 own_files=2 PASS
1791112736779 BROWSER-EXIT n=298 pid=25136 after_return_ms=177.5
1791112739602 PREV-BROWSER n=299 prev_n=298 pid=25136 alive=false
1791112739602 RENDER-START n=299
1791112740225 RENDER-OK n=299 id=299 browser_pid=Some(94328) slot=A path=%TEMP%\fc-repro-leak-20261004-190528\localappdata\tw.fintools.fc-host\wallpaper\m-7ebe8f017cddc2d6-a.png wh=2560x1600 body=raw open_ms=253.2 page_ms=350.2 to_png_ms=603.4 close_ms=2.4 write_ms=16.5 warnings=0
1791112740225 VERIFY n=299 dims=Some((2560, 1600)) expect=2560x1600 own_files=2 PASS
1791112740403 BROWSER-EXIT n=299 pid=94328 after_return_ms=178.1
1791112741225 PREV-BROWSER n=300 prev_n=299 pid=94328 alive=false
1791112741225 RENDER-START n=300
1791112741951 RENDER-OK n=300 id=300 browser_pid=Some(84292) slot=B path=%TEMP%\fc-repro-leak-20261004-190528\localappdata\tw.fintools.fc-host\wallpaper\m-7ebe8f017cddc2d6-b.png wh=3840x2160 body=raw open_ms=266.7 page_ms=436.8 to_png_ms=703.5 close_ms=3.9 write_ms=18.5 warnings=0
1791112741951 VERIFY n=300 dims=Some((3840, 2160)) expect=3840x2160 own_files=2 PASS
1791112742124 BROWSER-EXIT n=300 pid=84292 after_return_ms=173.5
1791112744951 PREV-BROWSER n=301 prev_n=300 pid=84292 alive=false
1791112744951 RENDER-START n=301
1791112745572 RENDER-OK n=301 id=301 browser_pid=Some(43760) slot=A path=%TEMP%\fc-repro-leak-20261004-190528\localappdata\tw.fintools.fc-host\wallpaper\m-7ebe8f017cddc2d6-a.png wh=2560x1600 body=raw open_ms=256.2 page_ms=346.8 to_png_ms=603.0 close_ms=2.5 write_ms=15.4 warnings=0
1791112745573 VERIFY n=301 dims=Some((2560, 1600)) expect=2560x1600 own_files=2 PASS
1791112745750 BROWSER-EXIT n=301 pid=43760 after_return_ms=177.6
1791112746573 PREV-BROWSER n=302 prev_n=301 pid=43760 alive=false
1791112746573 RENDER-START n=302
1791112747317 RENDER-OK n=302 id=302 browser_pid=Some(94628) slot=B path=%TEMP%\fc-repro-leak-20261004-190528\localappdata\tw.fintools.fc-host\wallpaper\m-7ebe8f017cddc2d6-b.png wh=3840x2160 body=raw open_ms=280.2 page_ms=442.5 to_png_ms=722.6 close_ms=3.1 write_ms=17.9 warnings=0
1791112747317 VERIFY n=302 dims=Some((3840, 2160)) expect=3840x2160 own_files=2 PASS
1791112747493 BROWSER-EXIT n=302 pid=94628 after_return_ms=175.9
1791112750317 PREV-BROWSER n=303 prev_n=302 pid=94628 alive=false
1791112750317 RENDER-START n=303
1791112750953 RENDER-OK n=303 id=303 browser_pid=Some(69184) slot=A path=%TEMP%\fc-repro-leak-20261004-190528\localappdata\tw.fintools.fc-host\wallpaper\m-7ebe8f017cddc2d6-a.png wh=2560x1600 body=raw open_ms=256.0 page_ms=359.4 to_png_ms=615.4 close_ms=2.3 write_ms=17.5 warnings=0
1791112750953 VERIFY n=303 dims=Some((2560, 1600)) expect=2560x1600 own_files=2 PASS
1791112751129 BROWSER-EXIT n=303 pid=69184 after_return_ms=176.5
1791112751953 PREV-BROWSER n=304 prev_n=303 pid=69184 alive=false
1791112751953 RENDER-START n=304
1791112752732 RENDER-OK n=304 id=304 browser_pid=Some(101664) slot=B path=%TEMP%\fc-repro-leak-20261004-190528\localappdata\tw.fintools.fc-host\wallpaper\m-7ebe8f017cddc2d6-b.png wh=3840x2160 body=raw open_ms=299.2 page_ms=457.1 to_png_ms=756.3 close_ms=3.2 write_ms=19.1 warnings=0
1791112752733 VERIFY n=304 dims=Some((3840, 2160)) expect=3840x2160 own_files=2 PASS
1791112752909 BROWSER-EXIT n=304 pid=101664 after_return_ms=176.4
1791112755733 PREV-BROWSER n=305 prev_n=304 pid=101664 alive=false
1791112755733 RENDER-START n=305
1791112756350 RENDER-OK n=305 id=305 browser_pid=Some(16168) slot=A path=%TEMP%\fc-repro-leak-20261004-190528\localappdata\tw.fintools.fc-host\wallpaper\m-7ebe8f017cddc2d6-a.png wh=2560x1600 body=raw open_ms=255.3 page_ms=342.6 to_png_ms=597.9 close_ms=2.5 write_ms=16.2 warnings=0
1791112756350 VERIFY n=305 dims=Some((2560, 1600)) expect=2560x1600 own_files=2 PASS
1791112756516 BROWSER-EXIT n=305 pid=16168 after_return_ms=166.3
1791112757350 PREV-BROWSER n=306 prev_n=305 pid=16168 alive=false
1791112757350 RENDER-START n=306
1791112758071 RENDER-OK n=306 id=306 browser_pid=Some(56128) slot=B path=%TEMP%\fc-repro-leak-20261004-190528\localappdata\tw.fintools.fc-host\wallpaper\m-7ebe8f017cddc2d6-b.png wh=3840x2160 body=raw open_ms=251.8 page_ms=445.5 to_png_ms=697.3 close_ms=4.7 write_ms=18.8 warnings=0
1791112758071 VERIFY n=306 dims=Some((3840, 2160)) expect=3840x2160 own_files=2 PASS
1791112758245 BROWSER-EXIT n=306 pid=56128 after_return_ms=174.3
1791112761071 PREV-BROWSER n=307 prev_n=306 pid=56128 alive=false
1791112761071 RENDER-START n=307
1791112761695 RENDER-OK n=307 id=307 browser_pid=Some(113536) slot=A path=%TEMP%\fc-repro-leak-20261004-190528\localappdata\tw.fintools.fc-host\wallpaper\m-7ebe8f017cddc2d6-a.png wh=2560x1600 body=raw open_ms=258.2 page_ms=345.4 to_png_ms=603.6 close_ms=2.3 write_ms=17.1 warnings=0
1791112761695 VERIFY n=307 dims=Some((2560, 1600)) expect=2560x1600 own_files=2 PASS
1791112761874 BROWSER-EXIT n=307 pid=113536 after_return_ms=179.6
1791112762695 PREV-BROWSER n=308 prev_n=307 pid=113536 alive=false
1791112762695 RENDER-START n=308
1791112763439 RENDER-OK n=308 id=308 browser_pid=Some(79820) slot=B path=%TEMP%\fc-repro-leak-20261004-190528\localappdata\tw.fintools.fc-host\wallpaper\m-7ebe8f017cddc2d6-b.png wh=3840x2160 body=raw open_ms=265.6 page_ms=457.2 to_png_ms=722.9 close_ms=3.1 write_ms=17.9 warnings=0
1791112763439 VERIFY n=308 dims=Some((3840, 2160)) expect=3840x2160 own_files=2 PASS
1791112763614 BROWSER-EXIT n=308 pid=79820 after_return_ms=174.7
1791112766439 PREV-BROWSER n=309 prev_n=308 pid=79820 alive=false
1791112766439 RENDER-START n=309
1791112767060 RENDER-OK n=309 id=309 browser_pid=Some(86024) slot=A path=%TEMP%\fc-repro-leak-20261004-190528\localappdata\tw.fintools.fc-host\wallpaper\m-7ebe8f017cddc2d6-a.png wh=2560x1600 body=raw open_ms=254.0 page_ms=346.9 to_png_ms=600.9 close_ms=2.4 write_ms=16.6 warnings=0
1791112767060 VERIFY n=309 dims=Some((2560, 1600)) expect=2560x1600 own_files=2 PASS
1791112767230 BROWSER-EXIT n=309 pid=86024 after_return_ms=170.1
1791112768060 PREV-BROWSER n=310 prev_n=309 pid=86024 alive=false
1791112768060 RENDER-START n=310
1791112768769 RENDER-OK n=310 id=310 browser_pid=Some(20920) slot=B path=%TEMP%\fc-repro-leak-20261004-190528\localappdata\tw.fintools.fc-host\wallpaper\m-7ebe8f017cddc2d6-b.png wh=3840x2160 body=raw open_ms=258.7 page_ms=429.9 to_png_ms=688.6 close_ms=3.2 write_ms=17.3 warnings=0
1791112768770 VERIFY n=310 dims=Some((3840, 2160)) expect=3840x2160 own_files=2 PASS
1791112768948 BROWSER-EXIT n=310 pid=20920 after_return_ms=178.3
1791112771770 PREV-BROWSER n=311 prev_n=310 pid=20920 alive=false
1791112771770 RENDER-START n=311
1791112772396 RENDER-OK n=311 id=311 browser_pid=Some(103964) slot=A path=%TEMP%\fc-repro-leak-20261004-190528\localappdata\tw.fintools.fc-host\wallpaper\m-7ebe8f017cddc2d6-a.png wh=2560x1600 body=raw open_ms=266.5 page_ms=347.0 to_png_ms=613.5 close_ms=2.3 write_ms=10.2 warnings=0
1791112772396 VERIFY n=311 dims=Some((2560, 1600)) expect=2560x1600 own_files=2 PASS
1791112772579 BROWSER-EXIT n=311 pid=103964 after_return_ms=182.9
1791112773396 PREV-BROWSER n=312 prev_n=311 pid=103964 alive=false
1791112773396 RENDER-START n=312
1791112774126 RENDER-OK n=312 id=312 browser_pid=Some(106480) slot=B path=%TEMP%\fc-repro-leak-20261004-190528\localappdata\tw.fintools.fc-host\wallpaper\m-7ebe8f017cddc2d6-b.png wh=3840x2160 body=raw open_ms=259.7 page_ms=448.4 to_png_ms=708.1 close_ms=3.3 write_ms=18.0 warnings=0
1791112774126 VERIFY n=312 dims=Some((3840, 2160)) expect=3840x2160 own_files=2 PASS
1791112774304 BROWSER-EXIT n=312 pid=106480 after_return_ms=178.4
1791112777126 PREV-BROWSER n=313 prev_n=312 pid=106480 alive=false
1791112777126 RENDER-START n=313
1791112777814 RENDER-OK n=313 id=313 browser_pid=Some(112740) slot=A path=%TEMP%\fc-repro-leak-20261004-190528\localappdata\tw.fintools.fc-host\wallpaper\m-7ebe8f017cddc2d6-a.png wh=2560x1600 body=raw open_ms=324.4 page_ms=343.0 to_png_ms=667.4 close_ms=2.2 write_ms=17.6 warnings=0
1791112777814 VERIFY n=313 dims=Some((2560, 1600)) expect=2560x1600 own_files=2 PASS
1791112777991 BROWSER-EXIT n=313 pid=112740 after_return_ms=177.0
1791112778814 PREV-BROWSER n=314 prev_n=313 pid=112740 alive=false
1791112778814 RENDER-START n=314
1791112779533 RENDER-OK n=314 id=314 browser_pid=Some(43740) slot=B path=%TEMP%\fc-repro-leak-20261004-190528\localappdata\tw.fintools.fc-host\wallpaper\m-7ebe8f017cddc2d6-b.png wh=3840x2160 body=raw open_ms=265.6 page_ms=438.0 to_png_ms=703.6 close_ms=3.5 write_ms=11.5 warnings=0
1791112779533 VERIFY n=314 dims=Some((3840, 2160)) expect=3840x2160 own_files=2 PASS
1791112779714 BROWSER-EXIT n=314 pid=43740 after_return_ms=181.0
1791112782533 PREV-BROWSER n=315 prev_n=314 pid=43740 alive=false
1791112782533 RENDER-START n=315
1791112783136 RENDER-OK n=315 id=315 browser_pid=Some(77560) slot=A path=%TEMP%\fc-repro-leak-20261004-190528\localappdata\tw.fintools.fc-host\wallpaper\m-7ebe8f017cddc2d6-a.png wh=2560x1600 body=raw open_ms=256.1 page_ms=328.3 to_png_ms=584.4 close_ms=2.4 write_ms=16.2 warnings=0
1791112783136 VERIFY n=315 dims=Some((2560, 1600)) expect=2560x1600 own_files=2 PASS
1791112783307 BROWSER-EXIT n=315 pid=77560 after_return_ms=171.0
1791112784136 PREV-BROWSER n=316 prev_n=315 pid=77560 alive=false
1791112784137 RENDER-START n=316
1791112784859 RENDER-OK n=316 id=316 browser_pid=Some(79116) slot=B path=%TEMP%\fc-repro-leak-20261004-190528\localappdata\tw.fintools.fc-host\wallpaper\m-7ebe8f017cddc2d6-b.png wh=3840x2160 body=raw open_ms=253.1 page_ms=447.2 to_png_ms=700.3 close_ms=3.4 write_ms=18.9 warnings=0
1791112784860 VERIFY n=316 dims=Some((3840, 2160)) expect=3840x2160 own_files=2 PASS
1791112785028 BROWSER-EXIT n=316 pid=79116 after_return_ms=169.0
1791112787860 PREV-BROWSER n=317 prev_n=316 pid=79116 alive=false
1791112787860 RENDER-START n=317
1791112788474 RENDER-OK n=317 id=317 browser_pid=Some(112968) slot=A path=%TEMP%\fc-repro-leak-20261004-190528\localappdata\tw.fintools.fc-host\wallpaper\m-7ebe8f017cddc2d6-a.png wh=2560x1600 body=raw open_ms=255.6 page_ms=340.0 to_png_ms=595.6 close_ms=2.1 write_ms=16.7 warnings=0
1791112788474 VERIFY n=317 dims=Some((2560, 1600)) expect=2560x1600 own_files=2 PASS
1791112788648 BROWSER-EXIT n=317 pid=112968 after_return_ms=173.7
1791112789475 PREV-BROWSER n=318 prev_n=317 pid=112968 alive=false
1791112789475 RENDER-START n=318
1791112790213 RENDER-OK n=318 id=318 browser_pid=Some(108788) slot=B path=%TEMP%\fc-repro-leak-20261004-190528\localappdata\tw.fintools.fc-host\wallpaper\m-7ebe8f017cddc2d6-b.png wh=3840x2160 body=raw open_ms=258.6 page_ms=458.0 to_png_ms=716.6 close_ms=3.2 write_ms=17.7 warnings=0
1791112790213 VERIFY n=318 dims=Some((3840, 2160)) expect=3840x2160 own_files=2 PASS
1791112790390 BROWSER-EXIT n=318 pid=108788 after_return_ms=177.8
1791112793213 PREV-BROWSER n=319 prev_n=318 pid=108788 alive=false
1791112793213 RENDER-START n=319
1791112793831 RENDER-OK n=319 id=319 browser_pid=Some(56648) slot=A path=%TEMP%\fc-repro-leak-20261004-190528\localappdata\tw.fintools.fc-host\wallpaper\m-7ebe8f017cddc2d6-a.png wh=2560x1600 body=raw open_ms=262.4 page_ms=341.9 to_png_ms=604.3 close_ms=2.4 write_ms=10.8 warnings=0
1791112793831 VERIFY n=319 dims=Some((2560, 1600)) expect=2560x1600 own_files=2 PASS
1791112794004 BROWSER-EXIT n=319 pid=56648 after_return_ms=173.3
1791112794832 PREV-BROWSER n=320 prev_n=319 pid=56648 alive=false
1791112794832 RENDER-START n=320
1791112795555 RENDER-OK n=320 id=320 browser_pid=Some(105720) slot=B path=%TEMP%\fc-repro-leak-20261004-190528\localappdata\tw.fintools.fc-host\wallpaper\m-7ebe8f017cddc2d6-b.png wh=3840x2160 body=raw open_ms=257.9 page_ms=449.7 to_png_ms=707.6 close_ms=3.2 write_ms=11.9 warnings=0
1791112795555 VERIFY n=320 dims=Some((3840, 2160)) expect=3840x2160 own_files=2 PASS
1791112795731 BROWSER-EXIT n=320 pid=105720 after_return_ms=176.7
1791112798555 PREV-BROWSER n=321 prev_n=320 pid=105720 alive=false
1791112798555 RENDER-START n=321
1791112799193 RENDER-OK n=321 id=321 browser_pid=Some(110048) slot=A path=%TEMP%\fc-repro-leak-20261004-190528\localappdata\tw.fintools.fc-host\wallpaper\m-7ebe8f017cddc2d6-a.png wh=2560x1600 body=raw open_ms=268.3 page_ms=351.0 to_png_ms=619.3 close_ms=2.7 write_ms=15.8 warnings=0
1791112799193 VERIFY n=321 dims=Some((2560, 1600)) expect=2560x1600 own_files=2 PASS
1791112799371 BROWSER-EXIT n=321 pid=110048 after_return_ms=178.3
1791112800194 PREV-BROWSER n=322 prev_n=321 pid=110048 alive=false
1791112800194 RENDER-START n=322
1791112800924 RENDER-OK n=322 id=322 browser_pid=Some(13780) slot=B path=%TEMP%\fc-repro-leak-20261004-190528\localappdata\tw.fintools.fc-host\wallpaper\m-7ebe8f017cddc2d6-b.png wh=3840x2160 body=raw open_ms=260.2 page_ms=449.3 to_png_ms=709.5 close_ms=3.7 write_ms=12.8 warnings=0
1791112800924 VERIFY n=322 dims=Some((3840, 2160)) expect=3840x2160 own_files=2 PASS
1791112801097 BROWSER-EXIT n=322 pid=13780 after_return_ms=172.6
1791112803924 PREV-BROWSER n=323 prev_n=322 pid=13780 alive=false
1791112803924 RENDER-START n=323
1791112804553 RENDER-OK n=323 id=323 browser_pid=Some(109780) slot=A path=%TEMP%\fc-repro-leak-20261004-190528\localappdata\tw.fintools.fc-host\wallpaper\m-7ebe8f017cddc2d6-a.png wh=2560x1600 body=raw open_ms=258.0 page_ms=351.9 to_png_ms=609.9 close_ms=2.4 write_ms=16.5 warnings=0
1791112804554 VERIFY n=323 dims=Some((2560, 1600)) expect=2560x1600 own_files=2 PASS
1791112804726 BROWSER-EXIT n=323 pid=109780 after_return_ms=172.9
1791112805554 PREV-BROWSER n=324 prev_n=323 pid=109780 alive=false
1791112805554 RENDER-START n=324
1791112806287 RENDER-OK n=324 id=324 browser_pid=Some(30356) slot=B path=%TEMP%\fc-repro-leak-20261004-190528\localappdata\tw.fintools.fc-host\wallpaper\m-7ebe8f017cddc2d6-b.png wh=3840x2160 body=raw open_ms=258.2 page_ms=451.6 to_png_ms=709.8 close_ms=3.4 write_ms=19.9 warnings=0
1791112806287 VERIFY n=324 dims=Some((3840, 2160)) expect=3840x2160 own_files=2 PASS
1791112806455 BROWSER-EXIT n=324 pid=30356 after_return_ms=168.0
1791112809287 PREV-BROWSER n=325 prev_n=324 pid=30356 alive=false
1791112809287 RENDER-START n=325
1791112809932 RENDER-OK n=325 id=325 browser_pid=Some(99240) slot=A path=%TEMP%\fc-repro-leak-20261004-190528\localappdata\tw.fintools.fc-host\wallpaper\m-7ebe8f017cddc2d6-a.png wh=2560x1600 body=raw open_ms=264.7 page_ms=359.8 to_png_ms=624.5 close_ms=2.1 write_ms=17.3 warnings=0
1791112809932 VERIFY n=325 dims=Some((2560, 1600)) expect=2560x1600 own_files=2 PASS
1791112810111 BROWSER-EXIT n=325 pid=99240 after_return_ms=179.1
1791112810932 PREV-BROWSER n=326 prev_n=325 pid=99240 alive=false
1791112810932 RENDER-START n=326
1791112811661 RENDER-OK n=326 id=326 browser_pid=Some(106120) slot=B path=%TEMP%\fc-repro-leak-20261004-190528\localappdata\tw.fintools.fc-host\wallpaper\m-7ebe8f017cddc2d6-b.png wh=3840x2160 body=raw open_ms=264.8 page_ms=450.3 to_png_ms=715.1 close_ms=3.4 write_ms=10.6 warnings=0
1791112811661 VERIFY n=326 dims=Some((3840, 2160)) expect=3840x2160 own_files=2 PASS
1791112811849 BROWSER-EXIT n=326 pid=106120 after_return_ms=188.1
1791112814661 PREV-BROWSER n=327 prev_n=326 pid=106120 alive=false
1791112814661 RENDER-START n=327
1791112815281 RENDER-OK n=327 id=327 browser_pid=Some(113620) slot=A path=%TEMP%\fc-repro-leak-20261004-190528\localappdata\tw.fintools.fc-host\wallpaper\m-7ebe8f017cddc2d6-a.png wh=2560x1600 body=raw open_ms=257.3 page_ms=349.5 to_png_ms=606.8 close_ms=2.3 write_ms=10.3 warnings=0
1791112815281 VERIFY n=327 dims=Some((2560, 1600)) expect=2560x1600 own_files=2 PASS
1791112815461 BROWSER-EXIT n=327 pid=113620 after_return_ms=179.5
1791112816281 PREV-BROWSER n=328 prev_n=327 pid=113620 alive=false
1791112816281 RENDER-START n=328
1791112817023 RENDER-OK n=328 id=328 browser_pid=Some(95284) slot=B path=%TEMP%\fc-repro-leak-20261004-190528\localappdata\tw.fintools.fc-host\wallpaper\m-7ebe8f017cddc2d6-b.png wh=3840x2160 body=raw open_ms=270.3 page_ms=448.7 to_png_ms=719.0 close_ms=3.4 write_ms=19.2 warnings=0
1791112817024 VERIFY n=328 dims=Some((3840, 2160)) expect=3840x2160 own_files=2 PASS
1791112817192 BROWSER-EXIT n=328 pid=95284 after_return_ms=168.9
1791112820024 PREV-BROWSER n=329 prev_n=328 pid=95284 alive=false
1791112820024 RENDER-START n=329
1791112820650 RENDER-OK n=329 id=329 browser_pid=Some(91440) slot=A path=%TEMP%\fc-repro-leak-20261004-190528\localappdata\tw.fintools.fc-host\wallpaper\m-7ebe8f017cddc2d6-a.png wh=2560x1600 body=raw open_ms=258.8 page_ms=348.5 to_png_ms=607.3 close_ms=2.4 write_ms=16.1 warnings=0
1791112820650 VERIFY n=329 dims=Some((2560, 1600)) expect=2560x1600 own_files=2 PASS
1791112820821 BROWSER-EXIT n=329 pid=91440 after_return_ms=171.8
1791112821650 PREV-BROWSER n=330 prev_n=329 pid=91440 alive=false
1791112821650 RENDER-START n=330
1791112822392 RENDER-OK n=330 id=330 browser_pid=Some(71488) slot=B path=%TEMP%\fc-repro-leak-20261004-190528\localappdata\tw.fintools.fc-host\wallpaper\m-7ebe8f017cddc2d6-b.png wh=3840x2160 body=raw open_ms=260.6 page_ms=459.1 to_png_ms=719.7 close_ms=3.7 write_ms=18.5 warnings=0
1791112822392 VERIFY n=330 dims=Some((3840, 2160)) expect=3840x2160 own_files=2 PASS
1791112822573 BROWSER-EXIT n=330 pid=71488 after_return_ms=180.9
1791112825393 PREV-BROWSER n=331 prev_n=330 pid=71488 alive=false
1791112825393 RENDER-START n=331
1791112826022 RENDER-OK n=331 id=331 browser_pid=Some(99808) slot=A path=%TEMP%\fc-repro-leak-20261004-190528\localappdata\tw.fintools.fc-host\wallpaper\m-7ebe8f017cddc2d6-a.png wh=2560x1600 body=raw open_ms=261.0 page_ms=349.5 to_png_ms=610.5 close_ms=2.2 write_ms=16.4 warnings=0
1791112826022 VERIFY n=331 dims=Some((2560, 1600)) expect=2560x1600 own_files=2 PASS
1791112826195 BROWSER-EXIT n=331 pid=99808 after_return_ms=172.6
1791112827022 PREV-BROWSER n=332 prev_n=331 pid=99808 alive=false
1791112827022 RENDER-START n=332
1791112827784 RENDER-OK n=332 id=332 browser_pid=Some(20584) slot=B path=%TEMP%\fc-repro-leak-20261004-190528\localappdata\tw.fintools.fc-host\wallpaper\m-7ebe8f017cddc2d6-b.png wh=3840x2160 body=raw open_ms=292.2 page_ms=446.8 to_png_ms=739.1 close_ms=3.5 write_ms=18.8 warnings=0
1791112827784 VERIFY n=332 dims=Some((3840, 2160)) expect=3840x2160 own_files=2 PASS
1791112827958 BROWSER-EXIT n=332 pid=20584 after_return_ms=174.4
1791112830784 PREV-BROWSER n=333 prev_n=332 pid=20584 alive=false
1791112830784 RENDER-START n=333
1791112831416 RENDER-OK n=333 id=333 browser_pid=Some(91240) slot=A path=%TEMP%\fc-repro-leak-20261004-190528\localappdata\tw.fintools.fc-host\wallpaper\m-7ebe8f017cddc2d6-a.png wh=2560x1600 body=raw open_ms=260.7 page_ms=352.0 to_png_ms=612.7 close_ms=2.6 write_ms=16.3 warnings=0
1791112831416 VERIFY n=333 dims=Some((2560, 1600)) expect=2560x1600 own_files=2 PASS
1791112831598 BROWSER-EXIT n=333 pid=91240 after_return_ms=182.2
1791112832416 PREV-BROWSER n=334 prev_n=333 pid=91240 alive=false
1791112832416 RENDER-START n=334
1791112833150 RENDER-OK n=334 id=334 browser_pid=Some(94444) slot=B path=%TEMP%\fc-repro-leak-20261004-190528\localappdata\tw.fintools.fc-host\wallpaper\m-7ebe8f017cddc2d6-b.png wh=3840x2160 body=raw open_ms=269.8 page_ms=441.0 to_png_ms=710.9 close_ms=3.8 write_ms=18.4 warnings=0
1791112833150 VERIFY n=334 dims=Some((3840, 2160)) expect=3840x2160 own_files=2 PASS
1791112833329 BROWSER-EXIT n=334 pid=94444 after_return_ms=179.2
1791112836150 PREV-BROWSER n=335 prev_n=334 pid=94444 alive=false
1791112836150 RENDER-START n=335
1791112836797 RENDER-OK n=335 id=335 browser_pid=Some(82220) slot=A path=%TEMP%\fc-repro-leak-20261004-190528\localappdata\tw.fintools.fc-host\wallpaper\m-7ebe8f017cddc2d6-a.png wh=2560x1600 body=raw open_ms=282.0 page_ms=345.5 to_png_ms=627.4 close_ms=2.2 write_ms=16.6 warnings=0
1791112836797 VERIFY n=335 dims=Some((2560, 1600)) expect=2560x1600 own_files=2 PASS
1791112836977 BROWSER-EXIT n=335 pid=82220 after_return_ms=179.9
1791112837797 PREV-BROWSER n=336 prev_n=335 pid=82220 alive=false
1791112837797 RENDER-START n=336
1791112838534 RENDER-OK n=336 id=336 browser_pid=Some(71208) slot=B path=%TEMP%\fc-repro-leak-20261004-190528\localappdata\tw.fintools.fc-host\wallpaper\m-7ebe8f017cddc2d6-b.png wh=3840x2160 body=raw open_ms=260.0 page_ms=453.0 to_png_ms=713.0 close_ms=3.6 write_ms=20.3 warnings=0
1791112838535 VERIFY n=336 dims=Some((3840, 2160)) expect=3840x2160 own_files=2 PASS
1791112838709 BROWSER-EXIT n=336 pid=71208 after_return_ms=174.5
1791112841535 PREV-BROWSER n=337 prev_n=336 pid=71208 alive=false
1791112841535 RENDER-START n=337
1791112842177 RENDER-OK n=337 id=337 browser_pid=Some(22936) slot=A path=%TEMP%\fc-repro-leak-20261004-190528\localappdata\tw.fintools.fc-host\wallpaper\m-7ebe8f017cddc2d6-a.png wh=2560x1600 body=raw open_ms=273.7 page_ms=348.3 to_png_ms=622.0 close_ms=2.4 write_ms=17.6 warnings=0
1791112842177 VERIFY n=337 dims=Some((2560, 1600)) expect=2560x1600 own_files=2 PASS
1791112842346 BROWSER-EXIT n=337 pid=22936 after_return_ms=168.5
1791112843177 PREV-BROWSER n=338 prev_n=337 pid=22936 alive=false
1791112843177 RENDER-START n=338
1791112843907 RENDER-OK n=338 id=338 browser_pid=Some(99296) slot=B path=%TEMP%\fc-repro-leak-20261004-190528\localappdata\tw.fintools.fc-host\wallpaper\m-7ebe8f017cddc2d6-b.png wh=3840x2160 body=raw open_ms=253.8 page_ms=453.4 to_png_ms=707.2 close_ms=3.6 write_ms=18.3 warnings=0
1791112843907 VERIFY n=338 dims=Some((3840, 2160)) expect=3840x2160 own_files=2 PASS
1791112844081 BROWSER-EXIT n=338 pid=99296 after_return_ms=173.8
1791112846907 PREV-BROWSER n=339 prev_n=338 pid=99296 alive=false
1791112846907 RENDER-START n=339
1791112847581 RENDER-OK n=339 id=339 browser_pid=Some(21400) slot=A path=%TEMP%\fc-repro-leak-20261004-190528\localappdata\tw.fintools.fc-host\wallpaper\m-7ebe8f017cddc2d6-a.png wh=2560x1600 body=raw open_ms=309.9 page_ms=343.4 to_png_ms=653.4 close_ms=2.5 write_ms=17.8 warnings=0
1791112847582 VERIFY n=339 dims=Some((2560, 1600)) expect=2560x1600 own_files=2 PASS
1791112847749 BROWSER-EXIT n=339 pid=21400 after_return_ms=167.6
1791112848582 PREV-BROWSER n=340 prev_n=339 pid=21400 alive=false
1791112848582 RENDER-START n=340
1791112849308 RENDER-OK n=340 id=340 browser_pid=Some(86852) slot=B path=%TEMP%\fc-repro-leak-20261004-190528\localappdata\tw.fintools.fc-host\wallpaper\m-7ebe8f017cddc2d6-b.png wh=3840x2160 body=raw open_ms=260.3 page_ms=442.8 to_png_ms=703.1 close_ms=3.6 write_ms=19.1 warnings=0
1791112849308 VERIFY n=340 dims=Some((3840, 2160)) expect=3840x2160 own_files=2 PASS
1791112849478 BROWSER-EXIT n=340 pid=86852 after_return_ms=170.5
1791112852308 PREV-BROWSER n=341 prev_n=340 pid=86852 alive=false
1791112852308 RENDER-START n=341
1791112852936 RENDER-OK n=341 id=341 browser_pid=Some(17840) slot=A path=%TEMP%\fc-repro-leak-20261004-190528\localappdata\tw.fintools.fc-host\wallpaper\m-7ebe8f017cddc2d6-a.png wh=2560x1600 body=raw open_ms=260.8 page_ms=346.5 to_png_ms=607.3 close_ms=3.5 write_ms=17.0 warnings=0
1791112852936 VERIFY n=341 dims=Some((2560, 1600)) expect=2560x1600 own_files=2 PASS
1791112853111 BROWSER-EXIT n=341 pid=17840 after_return_ms=175.4
1791112853936 PREV-BROWSER n=342 prev_n=341 pid=17840 alive=false
1791112853936 RENDER-START n=342
1791112854671 RENDER-OK n=342 id=342 browser_pid=Some(83024) slot=B path=%TEMP%\fc-repro-leak-20261004-190528\localappdata\tw.fintools.fc-host\wallpaper\m-7ebe8f017cddc2d6-b.png wh=3840x2160 body=raw open_ms=265.6 page_ms=446.1 to_png_ms=711.7 close_ms=4.1 write_ms=18.5 warnings=0
1791112854671 VERIFY n=342 dims=Some((3840, 2160)) expect=3840x2160 own_files=2 PASS
1791112854847 BROWSER-EXIT n=342 pid=83024 after_return_ms=176.1
1791112857672 PREV-BROWSER n=343 prev_n=342 pid=83024 alive=false
1791112857672 RENDER-START n=343
1791112858305 RENDER-OK n=343 id=343 browser_pid=Some(57076) slot=A path=%TEMP%\fc-repro-leak-20261004-190528\localappdata\tw.fintools.fc-host\wallpaper\m-7ebe8f017cddc2d6-a.png wh=2560x1600 body=raw open_ms=258.4 page_ms=353.8 to_png_ms=612.2 close_ms=2.3 write_ms=18.4 warnings=0
1791112858305 VERIFY n=343 dims=Some((2560, 1600)) expect=2560x1600 own_files=2 PASS
1791112858482 BROWSER-EXIT n=343 pid=57076 after_return_ms=176.9
1791112859305 PREV-BROWSER n=344 prev_n=343 pid=57076 alive=false
1791112859305 RENDER-START n=344
1791112860036 RENDER-OK n=344 id=344 browser_pid=Some(108372) slot=B path=%TEMP%\fc-repro-leak-20261004-190528\localappdata\tw.fintools.fc-host\wallpaper\m-7ebe8f017cddc2d6-b.png wh=3840x2160 body=raw open_ms=265.7 page_ms=440.2 to_png_ms=705.9 close_ms=3.8 write_ms=20.2 warnings=0
1791112860036 VERIFY n=344 dims=Some((3840, 2160)) expect=3840x2160 own_files=2 PASS
1791112860211 BROWSER-EXIT n=344 pid=108372 after_return_ms=175.7
1791112863036 PREV-BROWSER n=345 prev_n=344 pid=108372 alive=false
1791112863036 RENDER-START n=345
1791112863654 RENDER-OK n=345 id=345 browser_pid=Some(32968) slot=A path=%TEMP%\fc-repro-leak-20261004-190528\localappdata\tw.fintools.fc-host\wallpaper\m-7ebe8f017cddc2d6-a.png wh=2560x1600 body=raw open_ms=260.7 page_ms=344.3 to_png_ms=605.0 close_ms=2.3 write_ms=10.7 warnings=0
1791112863654 VERIFY n=345 dims=Some((2560, 1600)) expect=2560x1600 own_files=2 PASS
1791112863899 BROWSER-EXIT n=345 pid=32968 after_return_ms=244.4
1791112864654 PREV-BROWSER n=346 prev_n=345 pid=32968 alive=false
1791112864654 RENDER-START n=346
1791112865382 RENDER-OK n=346 id=346 browser_pid=Some(108900) slot=B path=%TEMP%\fc-repro-leak-20261004-190528\localappdata\tw.fintools.fc-host\wallpaper\m-7ebe8f017cddc2d6-b.png wh=3840x2160 body=raw open_ms=273.6 page_ms=433.9 to_png_ms=707.5 close_ms=3.1 write_ms=17.2 warnings=0
1791112865383 VERIFY n=346 dims=Some((3840, 2160)) expect=3840x2160 own_files=2 PASS
1791112865558 BROWSER-EXIT n=346 pid=108900 after_return_ms=175.4
1791112868383 PREV-BROWSER n=347 prev_n=346 pid=108900 alive=false
1791112868383 RENDER-START n=347
1791112868994 RENDER-OK n=347 id=347 browser_pid=Some(89160) slot=A path=%TEMP%\fc-repro-leak-20261004-190528\localappdata\tw.fintools.fc-host\wallpaper\m-7ebe8f017cddc2d6-a.png wh=2560x1600 body=raw open_ms=258.8 page_ms=339.6 to_png_ms=598.4 close_ms=2.5 write_ms=9.9 warnings=0
1791112868994 VERIFY n=347 dims=Some((2560, 1600)) expect=2560x1600 own_files=2 PASS
1791112869179 BROWSER-EXIT n=347 pid=89160 after_return_ms=185.8
1791112869994 PREV-BROWSER n=348 prev_n=347 pid=89160 alive=false
1791112869994 RENDER-START n=348
1791112870719 RENDER-OK n=348 id=348 browser_pid=Some(111304) slot=B path=%TEMP%\fc-repro-leak-20261004-190528\localappdata\tw.fintools.fc-host\wallpaper\m-7ebe8f017cddc2d6-b.png wh=3840x2160 body=raw open_ms=262.3 page_ms=440.2 to_png_ms=702.4 close_ms=3.3 write_ms=18.8 warnings=0
1791112870719 VERIFY n=348 dims=Some((3840, 2160)) expect=3840x2160 own_files=2 PASS
1791112870897 BROWSER-EXIT n=348 pid=111304 after_return_ms=177.7
1791112873719 PREV-BROWSER n=349 prev_n=348 pid=111304 alive=false
1791112873719 RENDER-START n=349
1791112874344 RENDER-OK n=349 id=349 browser_pid=Some(99480) slot=A path=%TEMP%\fc-repro-leak-20261004-190528\localappdata\tw.fintools.fc-host\wallpaper\m-7ebe8f017cddc2d6-a.png wh=2560x1600 body=raw open_ms=263.6 page_ms=349.2 to_png_ms=612.8 close_ms=2.3 write_ms=9.5 warnings=0
1791112874344 VERIFY n=349 dims=Some((2560, 1600)) expect=2560x1600 own_files=2 PASS
1791112874525 BROWSER-EXIT n=349 pid=99480 after_return_ms=180.9
1791112875344 PREV-BROWSER n=350 prev_n=349 pid=99480 alive=false
1791112875344 RENDER-START n=350
1791112876088 RENDER-OK n=350 id=350 browser_pid=Some(111420) slot=B path=%TEMP%\fc-repro-leak-20261004-190528\localappdata\tw.fintools.fc-host\wallpaper\m-7ebe8f017cddc2d6-b.png wh=3840x2160 body=raw open_ms=266.3 page_ms=456.5 to_png_ms=722.8 close_ms=3.3 write_ms=17.5 warnings=0
1791112876089 VERIFY n=350 dims=Some((3840, 2160)) expect=3840x2160 own_files=2 PASS
1791112876265 BROWSER-EXIT n=350 pid=111420 after_return_ms=176.8
1791112879088 PREV-BROWSER n=351 prev_n=350 pid=111420 alive=false
1791112879088 RENDER-START n=351
1791112879702 RENDER-OK n=351 id=351 browser_pid=Some(43472) slot=A path=%TEMP%\fc-repro-leak-20261004-190528\localappdata\tw.fintools.fc-host\wallpaper\m-7ebe8f017cddc2d6-a.png wh=2560x1600 body=raw open_ms=255.9 page_ms=338.5 to_png_ms=594.4 close_ms=2.4 write_ms=16.8 warnings=0
1791112879703 VERIFY n=351 dims=Some((2560, 1600)) expect=2560x1600 own_files=2 PASS
1791112879870 BROWSER-EXIT n=351 pid=43472 after_return_ms=167.3
1791112880703 PREV-BROWSER n=352 prev_n=351 pid=43472 alive=false
1791112880703 RENDER-START n=352
1791112881446 RENDER-OK n=352 id=352 browser_pid=Some(96780) slot=B path=%TEMP%\fc-repro-leak-20261004-190528\localappdata\tw.fintools.fc-host\wallpaper\m-7ebe8f017cddc2d6-b.png wh=3840x2160 body=raw open_ms=263.7 page_ms=457.7 to_png_ms=721.4 close_ms=3.0 write_ms=18.0 warnings=0
1791112881446 VERIFY n=352 dims=Some((3840, 2160)) expect=3840x2160 own_files=2 PASS
1791112881621 BROWSER-EXIT n=352 pid=96780 after_return_ms=175.4
1791112884446 PREV-BROWSER n=353 prev_n=352 pid=96780 alive=false
1791112884446 RENDER-START n=353
1791112885089 RENDER-OK n=353 id=353 browser_pid=Some(92060) slot=A path=%TEMP%\fc-repro-leak-20261004-190528\localappdata\tw.fintools.fc-host\wallpaper\m-7ebe8f017cddc2d6-a.png wh=2560x1600 body=raw open_ms=259.7 page_ms=363.8 to_png_ms=623.6 close_ms=2.0 write_ms=16.5 warnings=0
1791112885089 VERIFY n=353 dims=Some((2560, 1600)) expect=2560x1600 own_files=2 PASS
1791112885257 BROWSER-EXIT n=353 pid=92060 after_return_ms=168.9
1791112886089 PREV-BROWSER n=354 prev_n=353 pid=92060 alive=false
1791112886089 RENDER-START n=354
1791112886797 RENDER-OK n=354 id=354 browser_pid=Some(102292) slot=B path=%TEMP%\fc-repro-leak-20261004-190528\localappdata\tw.fintools.fc-host\wallpaper\m-7ebe8f017cddc2d6-b.png wh=3840x2160 body=raw open_ms=256.6 page_ms=431.7 to_png_ms=688.3 close_ms=3.2 write_ms=16.0 warnings=0
1791112886797 VERIFY n=354 dims=Some((3840, 2160)) expect=3840x2160 own_files=2 PASS
1791112886981 BROWSER-EXIT n=354 pid=102292 after_return_ms=184.8
1791112889797 PREV-BROWSER n=355 prev_n=354 pid=102292 alive=false
1791112889797 RENDER-START n=355
1791112890425 RENDER-OK n=355 id=355 browser_pid=Some(106740) slot=A path=%TEMP%\fc-repro-leak-20261004-190528\localappdata\tw.fintools.fc-host\wallpaper\m-7ebe8f017cddc2d6-a.png wh=2560x1600 body=raw open_ms=262.7 page_ms=353.2 to_png_ms=615.9 close_ms=2.5 write_ms=9.6 warnings=0
1791112890425 VERIFY n=355 dims=Some((2560, 1600)) expect=2560x1600 own_files=2 PASS
1791112890603 BROWSER-EXIT n=355 pid=106740 after_return_ms=178.1
1791112891426 PREV-BROWSER n=356 prev_n=355 pid=106740 alive=false
1791112891426 RENDER-START n=356
1791112892143 RENDER-OK n=356 id=356 browser_pid=Some(84100) slot=B path=%TEMP%\fc-repro-leak-20261004-190528\localappdata\tw.fintools.fc-host\wallpaper\m-7ebe8f017cddc2d6-b.png wh=3840x2160 body=raw open_ms=263.4 page_ms=431.4 to_png_ms=694.9 close_ms=3.2 write_ms=18.5 warnings=0
1791112892143 VERIFY n=356 dims=Some((3840, 2160)) expect=3840x2160 own_files=2 PASS
1791112892318 BROWSER-EXIT n=356 pid=84100 after_return_ms=175.4
1791112895143 PREV-BROWSER n=357 prev_n=356 pid=84100 alive=false
1791112895143 RENDER-START n=357
1791112895777 RENDER-OK n=357 id=357 browser_pid=Some(108080) slot=A path=%TEMP%\fc-repro-leak-20261004-190528\localappdata\tw.fintools.fc-host\wallpaper\m-7ebe8f017cddc2d6-a.png wh=2560x1600 body=raw open_ms=266.8 page_ms=347.3 to_png_ms=614.0 close_ms=2.1 write_ms=17.5 warnings=0
1791112895777 VERIFY n=357 dims=Some((2560, 1600)) expect=2560x1600 own_files=2 PASS
1791112895947 BROWSER-EXIT n=357 pid=108080 after_return_ms=169.5
1791112896777 PREV-BROWSER n=358 prev_n=357 pid=108080 alive=false
1791112896777 RENDER-START n=358
1791112897517 RENDER-OK n=358 id=358 browser_pid=Some(98496) slot=B path=%TEMP%\fc-repro-leak-20261004-190528\localappdata\tw.fintools.fc-host\wallpaper\m-7ebe8f017cddc2d6-b.png wh=3840x2160 body=raw open_ms=267.0 page_ms=450.2 to_png_ms=717.2 close_ms=4.0 write_ms=18.6 warnings=0
1791112897517 VERIFY n=358 dims=Some((3840, 2160)) expect=3840x2160 own_files=2 PASS
1791112897692 BROWSER-EXIT n=358 pid=98496 after_return_ms=174.8
1791112900517 PREV-BROWSER n=359 prev_n=358 pid=98496 alive=false
1791112900517 RENDER-START n=359
1791112901143 RENDER-OK n=359 id=359 browser_pid=Some(48872) slot=A path=%TEMP%\fc-repro-leak-20261004-190528\localappdata\tw.fintools.fc-host\wallpaper\m-7ebe8f017cddc2d6-a.png wh=2560x1600 body=raw open_ms=265.2 page_ms=342.6 to_png_ms=607.7 close_ms=2.2 write_ms=15.6 warnings=0
1791112901143 VERIFY n=359 dims=Some((2560, 1600)) expect=2560x1600 own_files=2 PASS
1791112901313 BROWSER-EXIT n=359 pid=48872 after_return_ms=170.1
1791112902144 PREV-BROWSER n=360 prev_n=359 pid=48872 alive=false
1791112902144 RENDER-START n=360
1791112902872 RENDER-OK n=360 id=360 browser_pid=Some(59680) slot=B path=%TEMP%\fc-repro-leak-20261004-190528\localappdata\tw.fintools.fc-host\wallpaper\m-7ebe8f017cddc2d6-b.png wh=3840x2160 body=raw open_ms=259.6 page_ms=445.6 to_png_ms=705.2 close_ms=3.2 write_ms=19.2 warnings=0
1791112902872 VERIFY n=360 dims=Some((3840, 2160)) expect=3840x2160 own_files=2 PASS
1791112903050 BROWSER-EXIT n=360 pid=59680 after_return_ms=178.3
1791112905872 PREV-BROWSER n=361 prev_n=360 pid=59680 alive=false
1791112905872 RENDER-START n=361
1791112906487 RENDER-OK n=361 id=361 browser_pid=Some(113456) slot=A path=%TEMP%\fc-repro-leak-20261004-190528\localappdata\tw.fintools.fc-host\wallpaper\m-7ebe8f017cddc2d6-a.png wh=2560x1600 body=raw open_ms=252.2 page_ms=341.4 to_png_ms=593.6 close_ms=2.9 write_ms=18.4 warnings=0
1791112906488 VERIFY n=361 dims=Some((2560, 1600)) expect=2560x1600 own_files=2 PASS
1791112906657 BROWSER-EXIT n=361 pid=113456 after_return_ms=170.1
1791112907487 PREV-BROWSER n=362 prev_n=361 pid=113456 alive=false
1791112907487 RENDER-START n=362
1791112908206 RENDER-OK n=362 id=362 browser_pid=Some(47912) slot=B path=%TEMP%\fc-repro-leak-20261004-190528\localappdata\tw.fintools.fc-host\wallpaper\m-7ebe8f017cddc2d6-b.png wh=3840x2160 body=raw open_ms=254.7 page_ms=440.9 to_png_ms=695.7 close_ms=3.5 write_ms=19.0 warnings=0
1791112908206 VERIFY n=362 dims=Some((3840, 2160)) expect=3840x2160 own_files=2 PASS
1791112908385 BROWSER-EXIT n=362 pid=47912 after_return_ms=179.4
1791112911206 PREV-BROWSER n=363 prev_n=362 pid=47912 alive=false
1791112911206 RENDER-START n=363
1791112911824 RENDER-OK n=363 id=363 browser_pid=Some(11320) slot=A path=%TEMP%\fc-repro-leak-20261004-190528\localappdata\tw.fintools.fc-host\wallpaper\m-7ebe8f017cddc2d6-a.png wh=2560x1600 body=raw open_ms=258.7 page_ms=340.0 to_png_ms=598.8 close_ms=2.3 write_ms=16.8 warnings=0
1791112911824 VERIFY n=363 dims=Some((2560, 1600)) expect=2560x1600 own_files=2 PASS
1791112911999 BROWSER-EXIT n=363 pid=11320 after_return_ms=174.4
1791112912824 PREV-BROWSER n=364 prev_n=363 pid=11320 alive=false
1791112912825 RENDER-START n=364
1791112913556 RENDER-OK n=364 id=364 browser_pid=Some(58132) slot=B path=%TEMP%\fc-repro-leak-20261004-190528\localappdata\tw.fintools.fc-host\wallpaper\m-7ebe8f017cddc2d6-b.png wh=3840x2160 body=raw open_ms=262.8 page_ms=445.9 to_png_ms=708.7 close_ms=4.0 write_ms=18.1 warnings=0
1791112913556 VERIFY n=364 dims=Some((3840, 2160)) expect=3840x2160 own_files=2 PASS
1791112913730 BROWSER-EXIT n=364 pid=58132 after_return_ms=174.2
1791112916556 PREV-BROWSER n=365 prev_n=364 pid=58132 alive=false
1791112916556 RENDER-START n=365
1791112917173 RENDER-OK n=365 id=365 browser_pid=Some(96724) slot=A path=%TEMP%\fc-repro-leak-20261004-190528\localappdata\tw.fintools.fc-host\wallpaper\m-7ebe8f017cddc2d6-a.png wh=2560x1600 body=raw open_ms=254.9 page_ms=342.7 to_png_ms=597.6 close_ms=2.3 write_ms=16.6 warnings=0
1791112917173 VERIFY n=365 dims=Some((2560, 1600)) expect=2560x1600 own_files=2 PASS
1791112917353 BROWSER-EXIT n=365 pid=96724 after_return_ms=180.4
1791112918173 PREV-BROWSER n=366 prev_n=365 pid=96724 alive=false
1791112918173 RENDER-START n=366
1791112918890 RENDER-OK n=366 id=366 browser_pid=Some(62368) slot=B path=%TEMP%\fc-repro-leak-20261004-190528\localappdata\tw.fintools.fc-host\wallpaper\m-7ebe8f017cddc2d6-b.png wh=3840x2160 body=raw open_ms=257.3 page_ms=437.2 to_png_ms=694.6 close_ms=3.4 write_ms=18.1 warnings=0
1791112918890 VERIFY n=366 dims=Some((3840, 2160)) expect=3840x2160 own_files=2 PASS
1791112919068 BROWSER-EXIT n=366 pid=62368 after_return_ms=178.3
1791112921890 PREV-BROWSER n=367 prev_n=366 pid=62368 alive=false
1791112921890 RENDER-START n=367
1791112922514 RENDER-OK n=367 id=367 browser_pid=Some(113380) slot=A path=%TEMP%\fc-repro-leak-20261004-190528\localappdata\tw.fintools.fc-host\wallpaper\m-7ebe8f017cddc2d6-a.png wh=2560x1600 body=raw open_ms=260.0 page_ms=343.7 to_png_ms=603.8 close_ms=2.3 write_ms=17.8 warnings=0
1791112922514 VERIFY n=367 dims=Some((2560, 1600)) expect=2560x1600 own_files=2 PASS
1791112922686 BROWSER-EXIT n=367 pid=113380 after_return_ms=172.0
1791112923514 PREV-BROWSER n=368 prev_n=367 pid=113380 alive=false
1791112923515 RENDER-START n=368
1791112924233 RENDER-OK n=368 id=368 browser_pid=Some(27052) slot=B path=%TEMP%\fc-repro-leak-20261004-190528\localappdata\tw.fintools.fc-host\wallpaper\m-7ebe8f017cddc2d6-b.png wh=3840x2160 body=raw open_ms=258.7 page_ms=437.7 to_png_ms=696.3 close_ms=3.3 write_ms=18.9 warnings=0
1791112924234 VERIFY n=368 dims=Some((3840, 2160)) expect=3840x2160 own_files=2 PASS
1791112924399 BROWSER-EXIT n=368 pid=27052 after_return_ms=165.5
1791112927234 PREV-BROWSER n=369 prev_n=368 pid=27052 alive=false
1791112927234 RENDER-START n=369
1791112927855 RENDER-OK n=369 id=369 browser_pid=Some(103644) slot=A path=%TEMP%\fc-repro-leak-20261004-190528\localappdata\tw.fintools.fc-host\wallpaper\m-7ebe8f017cddc2d6-a.png wh=2560x1600 body=raw open_ms=258.4 page_ms=344.0 to_png_ms=602.4 close_ms=2.2 write_ms=16.0 warnings=0
1791112927855 VERIFY n=369 dims=Some((2560, 1600)) expect=2560x1600 own_files=2 PASS
1791112928027 BROWSER-EXIT n=369 pid=103644 after_return_ms=172.7
1791112928855 PREV-BROWSER n=370 prev_n=369 pid=103644 alive=false
1791112928855 RENDER-START n=370
1791112929622 RENDER-OK n=370 id=370 browser_pid=Some(60972) slot=B path=%TEMP%\fc-repro-leak-20261004-190528\localappdata\tw.fintools.fc-host\wallpaper\m-7ebe8f017cddc2d6-b.png wh=3840x2160 body=raw open_ms=311.2 page_ms=440.5 to_png_ms=751.7 close_ms=3.4 write_ms=11.3 warnings=0
1791112929622 VERIFY n=370 dims=Some((3840, 2160)) expect=3840x2160 own_files=2 PASS
1791112929796 BROWSER-EXIT n=370 pid=60972 after_return_ms=174.5
1791112932622 PREV-BROWSER n=371 prev_n=370 pid=60972 alive=false
1791112932622 RENDER-START n=371
1791112933234 RENDER-OK n=371 id=371 browser_pid=Some(86644) slot=A path=%TEMP%\fc-repro-leak-20261004-190528\localappdata\tw.fintools.fc-host\wallpaper\m-7ebe8f017cddc2d6-a.png wh=2560x1600 body=raw open_ms=263.7 page_ms=334.6 to_png_ms=598.3 close_ms=2.3 write_ms=10.3 warnings=0
1791112933234 VERIFY n=371 dims=Some((2560, 1600)) expect=2560x1600 own_files=2 PASS
1791112933417 BROWSER-EXIT n=371 pid=86644 after_return_ms=183.9
1791112934234 PREV-BROWSER n=372 prev_n=371 pid=86644 alive=false
1791112934234 RENDER-START n=372
1791112935008 RENDER-OK n=372 id=372 browser_pid=Some(112008) slot=B path=%TEMP%\fc-repro-leak-20261004-190528\localappdata\tw.fintools.fc-host\wallpaper\m-7ebe8f017cddc2d6-b.png wh=3840x2160 body=raw open_ms=307.4 page_ms=445.9 to_png_ms=753.3 close_ms=3.1 write_ms=17.2 warnings=0
1791112935008 VERIFY n=372 dims=Some((3840, 2160)) expect=3840x2160 own_files=2 PASS
1791112935184 BROWSER-EXIT n=372 pid=112008 after_return_ms=176.1
1791112938008 PREV-BROWSER n=373 prev_n=372 pid=112008 alive=false
1791112938008 RENDER-START n=373
1791112938619 RENDER-OK n=373 id=373 browser_pid=Some(112464) slot=A path=%TEMP%\fc-repro-leak-20261004-190528\localappdata\tw.fintools.fc-host\wallpaper\m-7ebe8f017cddc2d6-a.png wh=2560x1600 body=raw open_ms=257.5 page_ms=341.5 to_png_ms=598.9 close_ms=2.3 write_ms=9.4 warnings=0
1791112938620 VERIFY n=373 dims=Some((2560, 1600)) expect=2560x1600 own_files=2 PASS
1791112938796 BROWSER-EXIT n=373 pid=112464 after_return_ms=176.2
1791112939619 PREV-BROWSER n=374 prev_n=373 pid=112464 alive=false
1791112939620 RENDER-START n=374
1791112940328 RENDER-OK n=374 id=374 browser_pid=Some(90664) slot=B path=%TEMP%\fc-repro-leak-20261004-190528\localappdata\tw.fintools.fc-host\wallpaper\m-7ebe8f017cddc2d6-b.png wh=3840x2160 body=raw open_ms=252.7 page_ms=434.0 to_png_ms=686.7 close_ms=3.3 write_ms=17.9 warnings=0
1791112940328 VERIFY n=374 dims=Some((3840, 2160)) expect=3840x2160 own_files=2 PASS
1791112940495 BROWSER-EXIT n=374 pid=90664 after_return_ms=166.7
1791112943328 PREV-BROWSER n=375 prev_n=374 pid=90664 alive=false
1791112943328 RENDER-START n=375
1791112943944 RENDER-OK n=375 id=375 browser_pid=Some(42444) slot=A path=%TEMP%\fc-repro-leak-20261004-190528\localappdata\tw.fintools.fc-host\wallpaper\m-7ebe8f017cddc2d6-a.png wh=2560x1600 body=raw open_ms=257.0 page_ms=340.6 to_png_ms=597.5 close_ms=2.3 write_ms=16.3 warnings=0
1791112943945 VERIFY n=375 dims=Some((2560, 1600)) expect=2560x1600 own_files=2 PASS
1791112944116 BROWSER-EXIT n=375 pid=42444 after_return_ms=171.5
1791112944945 PREV-BROWSER n=376 prev_n=375 pid=42444 alive=false
1791112944945 RENDER-START n=376
1791112945670 RENDER-OK n=376 id=376 browser_pid=Some(106100) slot=B path=%TEMP%\fc-repro-leak-20261004-190528\localappdata\tw.fintools.fc-host\wallpaper\m-7ebe8f017cddc2d6-b.png wh=3840x2160 body=raw open_ms=259.2 page_ms=443.8 to_png_ms=703.0 close_ms=3.4 write_ms=18.8 warnings=0
1791112945671 VERIFY n=376 dims=Some((3840, 2160)) expect=3840x2160 own_files=2 PASS
1791112945851 BROWSER-EXIT n=376 pid=106100 after_return_ms=181.0
1791112948671 PREV-BROWSER n=377 prev_n=376 pid=106100 alive=false
1791112948671 RENDER-START n=377
1791112949310 RENDER-OK n=377 id=377 browser_pid=Some(95072) slot=A path=%TEMP%\fc-repro-leak-20261004-190528\localappdata\tw.fintools.fc-host\wallpaper\m-7ebe8f017cddc2d6-a.png wh=2560x1600 body=raw open_ms=259.1 page_ms=362.1 to_png_ms=621.3 close_ms=2.3 write_ms=15.9 warnings=0
1791112949310 VERIFY n=377 dims=Some((2560, 1600)) expect=2560x1600 own_files=2 PASS
1791112949485 BROWSER-EXIT n=377 pid=95072 after_return_ms=174.3
1791112950311 PREV-BROWSER n=378 prev_n=377 pid=95072 alive=false
1791112950311 RENDER-START n=378
1791112951034 RENDER-OK n=378 id=378 browser_pid=Some(72740) slot=B path=%TEMP%\fc-repro-leak-20261004-190528\localappdata\tw.fintools.fc-host\wallpaper\m-7ebe8f017cddc2d6-b.png wh=3840x2160 body=raw open_ms=273.1 page_ms=435.1 to_png_ms=708.2 close_ms=3.5 write_ms=11.3 warnings=0
1791112951034 VERIFY n=378 dims=Some((3840, 2160)) expect=3840x2160 own_files=2 PASS
1791112951211 BROWSER-EXIT n=378 pid=72740 after_return_ms=177.3
1791112954034 PREV-BROWSER n=379 prev_n=378 pid=72740 alive=false
1791112954034 RENDER-START n=379
1791112954665 RENDER-OK n=379 id=379 browser_pid=Some(110276) slot=A path=%TEMP%\fc-repro-leak-20261004-190528\localappdata\tw.fintools.fc-host\wallpaper\m-7ebe8f017cddc2d6-a.png wh=2560x1600 body=raw open_ms=269.7 page_ms=341.8 to_png_ms=611.5 close_ms=2.6 write_ms=16.4 warnings=0
1791112954665 VERIFY n=379 dims=Some((2560, 1600)) expect=2560x1600 own_files=2 PASS
1791112954845 BROWSER-EXIT n=379 pid=110276 after_return_ms=180.1
1791112955665 PREV-BROWSER n=380 prev_n=379 pid=110276 alive=false
1791112955665 RENDER-START n=380
1791112956380 RENDER-OK n=380 id=380 browser_pid=Some(24264) slot=B path=%TEMP%\fc-repro-leak-20261004-190528\localappdata\tw.fintools.fc-host\wallpaper\m-7ebe8f017cddc2d6-b.png wh=3840x2160 body=raw open_ms=258.9 page_ms=434.5 to_png_ms=693.4 close_ms=3.4 write_ms=17.8 warnings=0
1791112956381 VERIFY n=380 dims=Some((3840, 2160)) expect=3840x2160 own_files=2 PASS
1791112956547 BROWSER-EXIT n=380 pid=24264 after_return_ms=167.2
1791112959381 PREV-BROWSER n=381 prev_n=380 pid=24264 alive=false
1791112959381 RENDER-START n=381
1791112960004 RENDER-OK n=381 id=381 browser_pid=Some(89172) slot=A path=%TEMP%\fc-repro-leak-20261004-190528\localappdata\tw.fintools.fc-host\wallpaper\m-7ebe8f017cddc2d6-a.png wh=2560x1600 body=raw open_ms=261.4 page_ms=339.9 to_png_ms=601.3 close_ms=2.3 write_ms=19.5 warnings=0
1791112960004 VERIFY n=381 dims=Some((2560, 1600)) expect=2560x1600 own_files=2 PASS
1791112960166 BROWSER-EXIT n=381 pid=89172 after_return_ms=161.6
1791112961004 PREV-BROWSER n=382 prev_n=381 pid=89172 alive=false
1791112961004 RENDER-START n=382
1791112961707 RENDER-OK n=382 id=382 browser_pid=Some(73416) slot=B path=%TEMP%\fc-repro-leak-20261004-190528\localappdata\tw.fintools.fc-host\wallpaper\m-7ebe8f017cddc2d6-b.png wh=3840x2160 body=raw open_ms=255.2 page_ms=426.3 to_png_ms=681.5 close_ms=3.2 write_ms=17.9 warnings=0
1791112961708 VERIFY n=382 dims=Some((3840, 2160)) expect=3840x2160 own_files=2 PASS
1791112961889 BROWSER-EXIT n=382 pid=73416 after_return_ms=181.7
1791112964707 PREV-BROWSER n=383 prev_n=382 pid=73416 alive=false
1791112964707 RENDER-START n=383
1791112965322 RENDER-OK n=383 id=383 browser_pid=Some(13376) slot=A path=%TEMP%\fc-repro-leak-20261004-190528\localappdata\tw.fintools.fc-host\wallpaper\m-7ebe8f017cddc2d6-a.png wh=2560x1600 body=raw open_ms=260.0 page_ms=335.8 to_png_ms=595.8 close_ms=2.2 write_ms=16.3 warnings=0
1791112965322 VERIFY n=383 dims=Some((2560, 1600)) expect=2560x1600 own_files=2 PASS
1791112965499 BROWSER-EXIT n=383 pid=13376 after_return_ms=177.6
1791112966322 PREV-BROWSER n=384 prev_n=383 pid=13376 alive=false
1791112966322 RENDER-START n=384
1791112967051 RENDER-OK n=384 id=384 browser_pid=Some(54764) slot=B path=%TEMP%\fc-repro-leak-20261004-190528\localappdata\tw.fintools.fc-host\wallpaper\m-7ebe8f017cddc2d6-b.png wh=3840x2160 body=raw open_ms=255.8 page_ms=451.4 to_png_ms=707.2 close_ms=3.2 write_ms=18.3 warnings=0
1791112967051 VERIFY n=384 dims=Some((3840, 2160)) expect=3840x2160 own_files=2 PASS
1791112967229 BROWSER-EXIT n=384 pid=54764 after_return_ms=177.8
1791112970052 PREV-BROWSER n=385 prev_n=384 pid=54764 alive=false
1791112970052 RENDER-START n=385
1791112970667 RENDER-OK n=385 id=385 browser_pid=Some(55352) slot=A path=%TEMP%\fc-repro-leak-20261004-190528\localappdata\tw.fintools.fc-host\wallpaper\m-7ebe8f017cddc2d6-a.png wh=2560x1600 body=raw open_ms=255.1 page_ms=340.5 to_png_ms=595.6 close_ms=2.3 write_ms=17.5 warnings=0
1791112970667 VERIFY n=385 dims=Some((2560, 1600)) expect=2560x1600 own_files=2 PASS
1791112970841 BROWSER-EXIT n=385 pid=55352 after_return_ms=173.7
1791112971667 PREV-BROWSER n=386 prev_n=385 pid=55352 alive=false
1791112971667 RENDER-START n=386
1791112972388 RENDER-OK n=386 id=386 browser_pid=Some(107696) slot=B path=%TEMP%\fc-repro-leak-20261004-190528\localappdata\tw.fintools.fc-host\wallpaper\m-7ebe8f017cddc2d6-b.png wh=3840x2160 body=raw open_ms=255.7 page_ms=443.1 to_png_ms=698.8 close_ms=3.1 write_ms=18.6 warnings=0
1791112972388 VERIFY n=386 dims=Some((3840, 2160)) expect=3840x2160 own_files=2 PASS
1791112972565 BROWSER-EXIT n=386 pid=107696 after_return_ms=176.7
1791112975388 PREV-BROWSER n=387 prev_n=386 pid=107696 alive=false
1791112975388 RENDER-START n=387
1791112976053 RENDER-OK n=387 id=387 browser_pid=Some(113100) slot=A path=%TEMP%\fc-repro-leak-20261004-190528\localappdata\tw.fintools.fc-host\wallpaper\m-7ebe8f017cddc2d6-a.png wh=2560x1600 body=raw open_ms=310.5 page_ms=334.7 to_png_ms=645.2 close_ms=2.3 write_ms=16.9 warnings=0
1791112976053 VERIFY n=387 dims=Some((2560, 1600)) expect=2560x1600 own_files=2 PASS
1791112976227 BROWSER-EXIT n=387 pid=113100 after_return_ms=174.4
1791112977053 PREV-BROWSER n=388 prev_n=387 pid=113100 alive=false
1791112977053 RENDER-START n=388
1791112977785 RENDER-OK n=388 id=388 browser_pid=Some(96136) slot=B path=%TEMP%\fc-repro-leak-20261004-190528\localappdata\tw.fintools.fc-host\wallpaper\m-7ebe8f017cddc2d6-b.png wh=3840x2160 body=raw open_ms=256.6 page_ms=455.3 to_png_ms=711.9 close_ms=3.8 write_ms=15.6 warnings=0
1791112977785 VERIFY n=388 dims=Some((3840, 2160)) expect=3840x2160 own_files=2 PASS
1791112977968 BROWSER-EXIT n=388 pid=96136 after_return_ms=183.7
1791112980785 PREV-BROWSER n=389 prev_n=388 pid=96136 alive=false
1791112980785 RENDER-START n=389
1791112981406 RENDER-OK n=389 id=389 browser_pid=Some(108264) slot=A path=%TEMP%\fc-repro-leak-20261004-190528\localappdata\tw.fintools.fc-host\wallpaper\m-7ebe8f017cddc2d6-a.png wh=2560x1600 body=raw open_ms=254.3 page_ms=347.8 to_png_ms=602.2 close_ms=2.2 write_ms=16.3 warnings=0
1791112981406 VERIFY n=389 dims=Some((2560, 1600)) expect=2560x1600 own_files=2 PASS
1791112981581 BROWSER-EXIT n=389 pid=108264 after_return_ms=175.3
1791112982407 PREV-BROWSER n=390 prev_n=389 pid=108264 alive=false
1791112982407 RENDER-START n=390
1791112983121 RENDER-OK n=390 id=390 browser_pid=Some(84960) slot=B path=%TEMP%\fc-repro-leak-20261004-190528\localappdata\tw.fintools.fc-host\wallpaper\m-7ebe8f017cddc2d6-b.png wh=3840x2160 body=raw open_ms=256.3 page_ms=435.6 to_png_ms=691.9 close_ms=3.4 write_ms=18.8 warnings=0
1791112983121 VERIFY n=390 dims=Some((3840, 2160)) expect=3840x2160 own_files=2 PASS
1791112983296 BROWSER-EXIT n=390 pid=84960 after_return_ms=175.3
1791112986121 PREV-BROWSER n=391 prev_n=390 pid=84960 alive=false
1791112986122 RENDER-START n=391
1791112986748 RENDER-OK n=391 id=391 browser_pid=Some(111604) slot=A path=%TEMP%\fc-repro-leak-20261004-190528\localappdata\tw.fintools.fc-host\wallpaper\m-7ebe8f017cddc2d6-a.png wh=2560x1600 body=raw open_ms=264.4 page_ms=342.9 to_png_ms=607.3 close_ms=2.3 write_ms=16.2 warnings=0
1791112986748 VERIFY n=391 dims=Some((2560, 1600)) expect=2560x1600 own_files=2 PASS
1791112986929 BROWSER-EXIT n=391 pid=111604 after_return_ms=181.1
1791112987748 PREV-BROWSER n=392 prev_n=391 pid=111604 alive=false
1791112987748 RENDER-START n=392
1791112988499 RENDER-OK n=392 id=392 browser_pid=Some(97592) slot=B path=%TEMP%\fc-repro-leak-20261004-190528\localappdata\tw.fintools.fc-host\wallpaper\m-7ebe8f017cddc2d6-b.png wh=3840x2160 body=raw open_ms=285.9 page_ms=443.4 to_png_ms=729.3 close_ms=3.1 write_ms=18.6 warnings=0
1791112988499 VERIFY n=392 dims=Some((3840, 2160)) expect=3840x2160 own_files=2 PASS
1791112988675 BROWSER-EXIT n=392 pid=97592 after_return_ms=176.6
1791112991499 PREV-BROWSER n=393 prev_n=392 pid=97592 alive=false
1791112991499 RENDER-START n=393
1791112992115 RENDER-OK n=393 id=393 browser_pid=Some(113396) slot=A path=%TEMP%\fc-repro-leak-20261004-190528\localappdata\tw.fintools.fc-host\wallpaper\m-7ebe8f017cddc2d6-a.png wh=2560x1600 body=raw open_ms=261.4 page_ms=334.9 to_png_ms=596.3 close_ms=2.3 write_ms=17.0 warnings=0
1791112992115 VERIFY n=393 dims=Some((2560, 1600)) expect=2560x1600 own_files=2 PASS
1791112992289 BROWSER-EXIT n=393 pid=113396 after_return_ms=174.4
1791112993115 PREV-BROWSER n=394 prev_n=393 pid=113396 alive=false
1791112993115 RENDER-START n=394
1791112993864 RENDER-OK n=394 id=394 browser_pid=Some(49280) slot=B path=%TEMP%\fc-repro-leak-20261004-190528\localappdata\tw.fintools.fc-host\wallpaper\m-7ebe8f017cddc2d6-b.png wh=3840x2160 body=raw open_ms=278.3 page_ms=449.9 to_png_ms=728.1 close_ms=3.6 write_ms=17.3 warnings=0
1791112993865 VERIFY n=394 dims=Some((3840, 2160)) expect=3840x2160 own_files=2 PASS
1791112994045 BROWSER-EXIT n=394 pid=49280 after_return_ms=180.6
1791112996865 PREV-BROWSER n=395 prev_n=394 pid=49280 alive=false
1791112996865 RENDER-START n=395
1791112997466 RENDER-OK n=395 id=395 browser_pid=Some(7748) slot=A path=%TEMP%\fc-repro-leak-20261004-190528\localappdata\tw.fintools.fc-host\wallpaper\m-7ebe8f017cddc2d6-a.png wh=2560x1600 body=raw open_ms=253.8 page_ms=335.7 to_png_ms=589.5 close_ms=2.4 write_ms=9.1 warnings=0
1791112997466 VERIFY n=395 dims=Some((2560, 1600)) expect=2560x1600 own_files=2 PASS
1791112997640 BROWSER-EXIT n=395 pid=7748 after_return_ms=174.1
1791112998466 PREV-BROWSER n=396 prev_n=395 pid=7748 alive=false
1791112998466 RENDER-START n=396
1791112999240 RENDER-OK n=396 id=396 browser_pid=Some(104176) slot=B path=%TEMP%\fc-repro-leak-20261004-190528\localappdata\tw.fintools.fc-host\wallpaper\m-7ebe8f017cddc2d6-b.png wh=3840x2160 body=raw open_ms=300.3 page_ms=451.9 to_png_ms=752.2 close_ms=3.5 write_ms=18.2 warnings=0
1791112999240 VERIFY n=396 dims=Some((3840, 2160)) expect=3840x2160 own_files=2 PASS
1791112999416 BROWSER-EXIT n=396 pid=104176 after_return_ms=176.1
1791113002241 PREV-BROWSER n=397 prev_n=396 pid=104176 alive=false
1791113002241 RENDER-START n=397
1791113002865 RENDER-OK n=397 id=397 browser_pid=Some(2316) slot=A path=%TEMP%\fc-repro-leak-20261004-190528\localappdata\tw.fintools.fc-host\wallpaper\m-7ebe8f017cddc2d6-a.png wh=2560x1600 body=raw open_ms=257.8 page_ms=347.8 to_png_ms=605.6 close_ms=2.1 write_ms=16.1 warnings=0
1791113002865 VERIFY n=397 dims=Some((2560, 1600)) expect=2560x1600 own_files=2 PASS
1791113003040 BROWSER-EXIT n=397 pid=2316 after_return_ms=175.1
1791113003865 PREV-BROWSER n=398 prev_n=397 pid=2316 alive=false
1791113003865 RENDER-START n=398
1791113004627 RENDER-OK n=398 id=398 browser_pid=Some(111100) slot=B path=%TEMP%\fc-repro-leak-20261004-190528\localappdata\tw.fintools.fc-host\wallpaper\m-7ebe8f017cddc2d6-b.png wh=3840x2160 body=raw open_ms=295.6 page_ms=444.8 to_png_ms=740.4 close_ms=3.4 write_ms=18.2 warnings=0
1791113004628 VERIFY n=398 dims=Some((3840, 2160)) expect=3840x2160 own_files=2 PASS
1791113004806 BROWSER-EXIT n=398 pid=111100 after_return_ms=178.4
1791113007628 PREV-BROWSER n=399 prev_n=398 pid=111100 alive=false
1791113007628 RENDER-START n=399
1791113008258 RENDER-OK n=399 id=399 browser_pid=Some(113116) slot=A path=%TEMP%\fc-repro-leak-20261004-190528\localappdata\tw.fintools.fc-host\wallpaper\m-7ebe8f017cddc2d6-a.png wh=2560x1600 body=raw open_ms=261.9 page_ms=348.7 to_png_ms=610.5 close_ms=2.2 write_ms=17.3 warnings=0
1791113008258 VERIFY n=399 dims=Some((2560, 1600)) expect=2560x1600 own_files=2 PASS
1791113008425 BROWSER-EXIT n=399 pid=113116 after_return_ms=167.0
1791113009259 PREV-BROWSER n=400 prev_n=399 pid=113116 alive=false
1791113009259 RENDER-START n=400
1791113009980 RENDER-OK n=400 id=400 browser_pid=Some(7464) slot=B path=%TEMP%\fc-repro-leak-20261004-190528\localappdata\tw.fintools.fc-host\wallpaper\m-7ebe8f017cddc2d6-b.png wh=3840x2160 body=raw open_ms=258.6 page_ms=440.0 to_png_ms=698.6 close_ms=3.1 write_ms=19.5 warnings=0
1791113009980 VERIFY n=400 dims=Some((3840, 2160)) expect=3840x2160 own_files=2 PASS
1791113010154 BROWSER-EXIT n=400 pid=7464 after_return_ms=173.4
1791113012980 PREV-BROWSER n=401 prev_n=400 pid=7464 alive=false
1791113012980 RENDER-START n=401
1791113013619 RENDER-OK n=401 id=401 browser_pid=Some(110808) slot=A path=%TEMP%\fc-repro-leak-20261004-190528\localappdata\tw.fintools.fc-host\wallpaper\m-7ebe8f017cddc2d6-a.png wh=2560x1600 body=raw open_ms=286.2 page_ms=340.0 to_png_ms=626.2 close_ms=2.3 write_ms=9.5 warnings=0
1791113013619 VERIFY n=401 dims=Some((2560, 1600)) expect=2560x1600 own_files=2 PASS
1791113013799 BROWSER-EXIT n=401 pid=110808 after_return_ms=180.9
1791113014619 PREV-BROWSER n=402 prev_n=401 pid=110808 alive=false
1791113014619 RENDER-START n=402
1791113015334 RENDER-OK n=402 id=402 browser_pid=Some(104856) slot=B path=%TEMP%\fc-repro-leak-20261004-190528\localappdata\tw.fintools.fc-host\wallpaper\m-7ebe8f017cddc2d6-b.png wh=3840x2160 body=raw open_ms=256.2 page_ms=444.7 to_png_ms=700.8 close_ms=3.3 write_ms=11.0 warnings=0
1791113015334 VERIFY n=402 dims=Some((3840, 2160)) expect=3840x2160 own_files=2 PASS
1791113015520 BROWSER-EXIT n=402 pid=104856 after_return_ms=185.5
1791113018335 PREV-BROWSER n=403 prev_n=402 pid=104856 alive=false
1791113018335 RENDER-START n=403
1791113018962 RENDER-OK n=403 id=403 browser_pid=Some(96164) slot=A path=%TEMP%\fc-repro-leak-20261004-190528\localappdata\tw.fintools.fc-host\wallpaper\m-7ebe8f017cddc2d6-a.png wh=2560x1600 body=raw open_ms=258.2 page_ms=348.8 to_png_ms=607.1 close_ms=2.2 write_ms=18.2 warnings=0
1791113018963 VERIFY n=403 dims=Some((2560, 1600)) expect=2560x1600 own_files=2 PASS
1791113019136 BROWSER-EXIT n=403 pid=96164 after_return_ms=174.0
1791113019962 PREV-BROWSER n=404 prev_n=403 pid=96164 alive=false
1791113019963 RENDER-START n=404
1791113020689 RENDER-OK n=404 id=404 browser_pid=Some(64968) slot=B path=%TEMP%\fc-repro-leak-20261004-190528\localappdata\tw.fintools.fc-host\wallpaper\m-7ebe8f017cddc2d6-b.png wh=3840x2160 body=raw open_ms=259.2 page_ms=445.4 to_png_ms=704.6 close_ms=3.1 write_ms=18.4 warnings=0
1791113020689 VERIFY n=404 dims=Some((3840, 2160)) expect=3840x2160 own_files=2 PASS
1791113020864 BROWSER-EXIT n=404 pid=64968 after_return_ms=175.4
1791113023689 PREV-BROWSER n=405 prev_n=404 pid=64968 alive=false
1791113023689 RENDER-START n=405
1791113024325 RENDER-OK n=405 id=405 browser_pid=Some(90656) slot=A path=%TEMP%\fc-repro-leak-20261004-190528\localappdata\tw.fintools.fc-host\wallpaper\m-7ebe8f017cddc2d6-a.png wh=2560x1600 body=raw open_ms=264.2 page_ms=357.6 to_png_ms=621.8 close_ms=2.3 write_ms=11.0 warnings=0
1791113024325 VERIFY n=405 dims=Some((2560, 1600)) expect=2560x1600 own_files=2 PASS
1791113024500 BROWSER-EXIT n=405 pid=90656 after_return_ms=175.4
1791113025325 PREV-BROWSER n=406 prev_n=405 pid=90656 alive=false
1791113025325 RENDER-START n=406
1791113026051 RENDER-OK n=406 id=406 browser_pid=Some(87116) slot=B path=%TEMP%\fc-repro-leak-20261004-190528\localappdata\tw.fintools.fc-host\wallpaper\m-7ebe8f017cddc2d6-b.png wh=3840x2160 body=raw open_ms=260.2 page_ms=444.3 to_png_ms=704.5 close_ms=3.3 write_ms=17.7 warnings=0
1791113026051 VERIFY n=406 dims=Some((3840, 2160)) expect=3840x2160 own_files=2 PASS
1791113026224 BROWSER-EXIT n=406 pid=87116 after_return_ms=173.1
1791113029051 PREV-BROWSER n=407 prev_n=406 pid=87116 alive=false
1791113029051 RENDER-START n=407
1791113029667 RENDER-OK n=407 id=407 browser_pid=Some(112688) slot=A path=%TEMP%\fc-repro-leak-20261004-190528\localappdata\tw.fintools.fc-host\wallpaper\m-7ebe8f017cddc2d6-a.png wh=2560x1600 body=raw open_ms=261.7 page_ms=334.7 to_png_ms=596.4 close_ms=2.2 write_ms=17.0 warnings=0
1791113029667 VERIFY n=407 dims=Some((2560, 1600)) expect=2560x1600 own_files=2 PASS
1791113029843 BROWSER-EXIT n=407 pid=112688 after_return_ms=175.8
1791113030667 PREV-BROWSER n=408 prev_n=407 pid=112688 alive=false
1791113030667 RENDER-START n=408
1791113031383 RENDER-OK n=408 id=408 browser_pid=Some(110936) slot=B path=%TEMP%\fc-repro-leak-20261004-190528\localappdata\tw.fintools.fc-host\wallpaper\m-7ebe8f017cddc2d6-b.png wh=3840x2160 body=raw open_ms=261.6 page_ms=431.5 to_png_ms=693.1 close_ms=3.2 write_ms=18.5 warnings=0
1791113031383 VERIFY n=408 dims=Some((3840, 2160)) expect=3840x2160 own_files=2 PASS
1791113031562 BROWSER-EXIT n=408 pid=110936 after_return_ms=179.9
1791113034383 PREV-BROWSER n=409 prev_n=408 pid=110936 alive=false
1791113034383 RENDER-START n=409
1791113035016 RENDER-OK n=409 id=409 browser_pid=Some(15392) slot=A path=%TEMP%\fc-repro-leak-20261004-190528\localappdata\tw.fintools.fc-host\wallpaper\m-7ebe8f017cddc2d6-a.png wh=2560x1600 body=raw open_ms=265.8 page_ms=357.0 to_png_ms=622.8 close_ms=2.1 write_ms=8.0 warnings=0
1791113035016 VERIFY n=409 dims=Some((2560, 1600)) expect=2560x1600 own_files=2 PASS
1791113035200 BROWSER-EXIT n=409 pid=15392 after_return_ms=184.4
1791113036016 PREV-BROWSER n=410 prev_n=409 pid=15392 alive=false
1791113036017 RENDER-START n=410
1791113036747 RENDER-OK n=410 id=410 browser_pid=Some(110892) slot=B path=%TEMP%\fc-repro-leak-20261004-190528\localappdata\tw.fintools.fc-host\wallpaper\m-7ebe8f017cddc2d6-b.png wh=3840x2160 body=raw open_ms=256.4 page_ms=450.9 to_png_ms=707.3 close_ms=3.3 write_ms=19.6 warnings=0
1791113036747 VERIFY n=410 dims=Some((3840, 2160)) expect=3840x2160 own_files=2 PASS
1791113036917 BROWSER-EXIT n=410 pid=110892 after_return_ms=169.7
1791113039747 PREV-BROWSER n=411 prev_n=410 pid=110892 alive=false
1791113039747 RENDER-START n=411
1791113040376 RENDER-OK n=411 id=411 browser_pid=Some(59716) slot=A path=%TEMP%\fc-repro-leak-20261004-190528\localappdata\tw.fintools.fc-host\wallpaper\m-7ebe8f017cddc2d6-a.png wh=2560x1600 body=raw open_ms=260.8 page_ms=351.8 to_png_ms=612.6 close_ms=2.2 write_ms=13.5 warnings=0
1791113040376 VERIFY n=411 dims=Some((2560, 1600)) expect=2560x1600 own_files=2 PASS
1791113040557 BROWSER-EXIT n=411 pid=59716 after_return_ms=181.5
1791113041376 PREV-BROWSER n=412 prev_n=411 pid=59716 alive=false
1791113041376 RENDER-START n=412
1791113042109 RENDER-OK n=412 id=412 browser_pid=Some(102780) slot=B path=%TEMP%\fc-repro-leak-20261004-190528\localappdata\tw.fintools.fc-host\wallpaper\m-7ebe8f017cddc2d6-b.png wh=3840x2160 body=raw open_ms=258.4 page_ms=453.0 to_png_ms=711.4 close_ms=3.2 write_ms=18.1 warnings=0
1791113042109 VERIFY n=412 dims=Some((3840, 2160)) expect=3840x2160 own_files=2 PASS
1791113042288 BROWSER-EXIT n=412 pid=102780 after_return_ms=179.2
1791113045109 PREV-BROWSER n=413 prev_n=412 pid=102780 alive=false
1791113045109 RENDER-START n=413
1791113045723 RENDER-OK n=413 id=413 browser_pid=Some(111216) slot=A path=%TEMP%\fc-repro-leak-20261004-190528\localappdata\tw.fintools.fc-host\wallpaper\m-7ebe8f017cddc2d6-a.png wh=2560x1600 body=raw open_ms=259.8 page_ms=334.5 to_png_ms=594.3 close_ms=2.5 write_ms=17.0 warnings=0
1791113045723 VERIFY n=413 dims=Some((2560, 1600)) expect=2560x1600 own_files=2 PASS
1791113045896 BROWSER-EXIT n=413 pid=111216 after_return_ms=173.3
1791113046724 PREV-BROWSER n=414 prev_n=413 pid=111216 alive=false
1791113046724 RENDER-START n=414
1791113047445 RENDER-OK n=414 id=414 browser_pid=Some(97720) slot=B path=%TEMP%\fc-repro-leak-20261004-190528\localappdata\tw.fintools.fc-host\wallpaper\m-7ebe8f017cddc2d6-b.png wh=3840x2160 body=raw open_ms=262.8 page_ms=436.0 to_png_ms=698.8 close_ms=3.1 write_ms=19.0 warnings=0
1791113047445 VERIFY n=414 dims=Some((3840, 2160)) expect=3840x2160 own_files=2 PASS
1791113047623 BROWSER-EXIT n=414 pid=97720 after_return_ms=178.2
1791113050445 PREV-BROWSER n=415 prev_n=414 pid=97720 alive=false
1791113050445 RENDER-START n=415
1791113051091 RENDER-OK n=415 id=415 browser_pid=Some(79740) slot=A path=%TEMP%\fc-repro-leak-20261004-190528\localappdata\tw.fintools.fc-host\wallpaper\m-7ebe8f017cddc2d6-a.png wh=2560x1600 body=raw open_ms=266.3 page_ms=359.6 to_png_ms=625.9 close_ms=2.2 write_ms=17.7 warnings=0
1791113051091 VERIFY n=415 dims=Some((2560, 1600)) expect=2560x1600 own_files=2 PASS
1791113051256 BROWSER-EXIT n=415 pid=79740 after_return_ms=165.2
1791113052092 PREV-BROWSER n=416 prev_n=415 pid=79740 alive=false
1791113052092 RENDER-START n=416
1791113052810 RENDER-OK n=416 id=416 browser_pid=Some(71252) slot=B path=%TEMP%\fc-repro-leak-20261004-190528\localappdata\tw.fintools.fc-host\wallpaper\m-7ebe8f017cddc2d6-b.png wh=3840x2160 body=raw open_ms=254.2 page_ms=442.7 to_png_ms=696.9 close_ms=3.4 write_ms=17.8 warnings=0
1791113052811 VERIFY n=416 dims=Some((3840, 2160)) expect=3840x2160 own_files=2 PASS
1791113052987 BROWSER-EXIT n=416 pid=71252 after_return_ms=176.8
1791113055811 PREV-BROWSER n=417 prev_n=416 pid=71252 alive=false
1791113055811 RENDER-START n=417
1791113056432 RENDER-OK n=417 id=417 browser_pid=Some(45136) slot=A path=%TEMP%\fc-repro-leak-20261004-190528\localappdata\tw.fintools.fc-host\wallpaper\m-7ebe8f017cddc2d6-a.png wh=2560x1600 body=raw open_ms=262.3 page_ms=339.2 to_png_ms=601.5 close_ms=2.3 write_ms=17.2 warnings=0
1791113056432 VERIFY n=417 dims=Some((2560, 1600)) expect=2560x1600 own_files=2 PASS
1791113056609 BROWSER-EXIT n=417 pid=45136 after_return_ms=177.0
1791113057433 PREV-BROWSER n=418 prev_n=417 pid=45136 alive=false
1791113057433 RENDER-START n=418
1791113058147 RENDER-OK n=418 id=418 browser_pid=Some(38044) slot=B path=%TEMP%\fc-repro-leak-20261004-190528\localappdata\tw.fintools.fc-host\wallpaper\m-7ebe8f017cddc2d6-b.png wh=3840x2160 body=raw open_ms=255.7 page_ms=436.1 to_png_ms=691.8 close_ms=3.3 write_ms=19.2 warnings=0
1791113058148 VERIFY n=418 dims=Some((3840, 2160)) expect=3840x2160 own_files=2 PASS
1791113058323 BROWSER-EXIT n=418 pid=38044 after_return_ms=175.4
1791113061148 PREV-BROWSER n=419 prev_n=418 pid=38044 alive=false
1791113061148 RENDER-START n=419
1791113061768 RENDER-OK n=419 id=419 browser_pid=Some(110380) slot=A path=%TEMP%\fc-repro-leak-20261004-190528\localappdata\tw.fintools.fc-host\wallpaper\m-7ebe8f017cddc2d6-a.png wh=2560x1600 body=raw open_ms=257.6 page_ms=344.8 to_png_ms=602.4 close_ms=2.1 write_ms=15.4 warnings=0
1791113061768 VERIFY n=419 dims=Some((2560, 1600)) expect=2560x1600 own_files=2 PASS
1791113061942 BROWSER-EXIT n=419 pid=110380 after_return_ms=173.6
1791113062769 PREV-BROWSER n=420 prev_n=419 pid=110380 alive=false
1791113062769 RENDER-START n=420
1791113063502 RENDER-OK n=420 id=420 browser_pid=Some(66932) slot=B path=%TEMP%\fc-repro-leak-20261004-190528\localappdata\tw.fintools.fc-host\wallpaper\m-7ebe8f017cddc2d6-b.png wh=3840x2160 body=raw open_ms=263.4 page_ms=447.1 to_png_ms=710.5 close_ms=3.1 write_ms=18.8 warnings=0
1791113063502 VERIFY n=420 dims=Some((3840, 2160)) expect=3840x2160 own_files=2 PASS
1791113063666 BROWSER-EXIT n=420 pid=66932 after_return_ms=164.4
1791113066502 PREV-BROWSER n=421 prev_n=420 pid=66932 alive=false
1791113066502 RENDER-START n=421
1791113067126 RENDER-OK n=421 id=421 browser_pid=Some(96584) slot=A path=%TEMP%\fc-repro-leak-20261004-190528\localappdata\tw.fintools.fc-host\wallpaper\m-7ebe8f017cddc2d6-a.png wh=2560x1600 body=raw open_ms=259.5 page_ms=345.2 to_png_ms=604.7 close_ms=2.4 write_ms=16.4 warnings=0
1791113067126 VERIFY n=421 dims=Some((2560, 1600)) expect=2560x1600 own_files=2 PASS
1791113067306 BROWSER-EXIT n=421 pid=96584 after_return_ms=180.5
1791113068126 PREV-BROWSER n=422 prev_n=421 pid=96584 alive=false
1791113068126 RENDER-START n=422
1791113068925 RENDER-OK n=422 id=422 browser_pid=Some(23948) slot=B path=%TEMP%\fc-repro-leak-20261004-190528\localappdata\tw.fintools.fc-host\wallpaper\m-7ebe8f017cddc2d6-b.png wh=3840x2160 body=raw open_ms=320.2 page_ms=456.8 to_png_ms=777.0 close_ms=3.2 write_ms=17.9 warnings=0
1791113068925 VERIFY n=422 dims=Some((3840, 2160)) expect=3840x2160 own_files=2 PASS
1791113069097 BROWSER-EXIT n=422 pid=23948 after_return_ms=172.4
1791113071925 PREV-BROWSER n=423 prev_n=422 pid=23948 alive=false
1791113071925 RENDER-START n=423
1791113072552 RENDER-OK n=423 id=423 browser_pid=Some(88296) slot=A path=%TEMP%\fc-repro-leak-20261004-190528\localappdata\tw.fintools.fc-host\wallpaper\m-7ebe8f017cddc2d6-a.png wh=2560x1600 body=raw open_ms=262.4 page_ms=346.7 to_png_ms=609.1 close_ms=2.2 write_ms=15.8 warnings=0
1791113072552 VERIFY n=423 dims=Some((2560, 1600)) expect=2560x1600 own_files=2 PASS
1791113072729 BROWSER-EXIT n=423 pid=88296 after_return_ms=177.1
1791113073552 PREV-BROWSER n=424 prev_n=423 pid=88296 alive=false
1791113073552 RENDER-START n=424
1791113074277 RENDER-OK n=424 id=424 browser_pid=Some(36004) slot=B path=%TEMP%\fc-repro-leak-20261004-190528\localappdata\tw.fintools.fc-host\wallpaper\m-7ebe8f017cddc2d6-b.png wh=3840x2160 body=raw open_ms=253.8 page_ms=455.2 to_png_ms=709.0 close_ms=3.3 write_ms=12.4 warnings=0
1791113074277 VERIFY n=424 dims=Some((3840, 2160)) expect=3840x2160 own_files=2 PASS
1791113074460 BROWSER-EXIT n=424 pid=36004 after_return_ms=183.1
1791113077277 PREV-BROWSER n=425 prev_n=424 pid=36004 alive=false
1791113077277 RENDER-START n=425
1791113077955 RENDER-OK n=425 id=425 browser_pid=Some(110516) slot=A path=%TEMP%\fc-repro-leak-20261004-190528\localappdata\tw.fintools.fc-host\wallpaper\m-7ebe8f017cddc2d6-a.png wh=2560x1600 body=raw open_ms=320.0 page_ms=337.5 to_png_ms=657.6 close_ms=2.5 write_ms=16.8 warnings=0
1791113077955 VERIFY n=425 dims=Some((2560, 1600)) expect=2560x1600 own_files=2 PASS
1791113078126 BROWSER-EXIT n=425 pid=110516 after_return_ms=172.0
1791113078955 PREV-BROWSER n=426 prev_n=425 pid=110516 alive=false
1791113078955 RENDER-START n=426
1791113079688 RENDER-OK n=426 id=426 browser_pid=Some(90140) slot=B path=%TEMP%\fc-repro-leak-20261004-190528\localappdata\tw.fintools.fc-host\wallpaper\m-7ebe8f017cddc2d6-b.png wh=3840x2160 body=raw open_ms=261.3 page_ms=450.0 to_png_ms=711.3 close_ms=3.5 write_ms=18.2 warnings=0
1791113079688 VERIFY n=426 dims=Some((3840, 2160)) expect=3840x2160 own_files=2 PASS
1791113079860 BROWSER-EXIT n=426 pid=90140 after_return_ms=171.8
1791113082689 PREV-BROWSER n=427 prev_n=426 pid=90140 alive=false
1791113082689 RENDER-START n=427
1791113083314 RENDER-OK n=427 id=427 browser_pid=Some(84032) slot=A path=%TEMP%\fc-repro-leak-20261004-190528\localappdata\tw.fintools.fc-host\wallpaper\m-7ebe8f017cddc2d6-a.png wh=2560x1600 body=raw open_ms=258.6 page_ms=346.2 to_png_ms=604.8 close_ms=2.3 write_ms=18.0 warnings=0
1791113083314 VERIFY n=427 dims=Some((2560, 1600)) expect=2560x1600 own_files=2 PASS
1791113083480 BROWSER-EXIT n=427 pid=84032 after_return_ms=165.7
1791113084315 PREV-BROWSER n=428 prev_n=427 pid=84032 alive=false
1791113084315 RENDER-START n=428
1791113085053 RENDER-OK n=428 id=428 browser_pid=Some(113052) slot=B path=%TEMP%\fc-repro-leak-20261004-190528\localappdata\tw.fintools.fc-host\wallpaper\m-7ebe8f017cddc2d6-b.png wh=3840x2160 body=raw open_ms=268.3 page_ms=447.6 to_png_ms=715.9 close_ms=3.0 write_ms=19.4 warnings=0
1791113085054 VERIFY n=428 dims=Some((3840, 2160)) expect=3840x2160 own_files=2 PASS
1791113085229 BROWSER-EXIT n=428 pid=113052 after_return_ms=176.0
1791113088054 PREV-BROWSER n=429 prev_n=428 pid=113052 alive=false
1791113088054 RENDER-START n=429
1791113088726 RENDER-OK n=429 id=429 browser_pid=Some(111984) slot=A path=%TEMP%\fc-repro-leak-20261004-190528\localappdata\tw.fintools.fc-host\wallpaper\m-7ebe8f017cddc2d6-a.png wh=2560x1600 body=raw open_ms=300.7 page_ms=351.9 to_png_ms=652.6 close_ms=2.2 write_ms=17.1 warnings=0
1791113088726 VERIFY n=429 dims=Some((2560, 1600)) expect=2560x1600 own_files=2 PASS
1791113088904 BROWSER-EXIT n=429 pid=111984 after_return_ms=178.5
1791113089726 PREV-BROWSER n=430 prev_n=429 pid=111984 alive=false
1791113089726 RENDER-START n=430
1791113090457 RENDER-OK n=430 id=430 browser_pid=Some(101108) slot=B path=%TEMP%\fc-repro-leak-20261004-190528\localappdata\tw.fintools.fc-host\wallpaper\m-7ebe8f017cddc2d6-b.png wh=3840x2160 body=raw open_ms=270.0 page_ms=445.8 to_png_ms=715.9 close_ms=3.6 write_ms=11.8 warnings=0
1791113090458 VERIFY n=430 dims=Some((3840, 2160)) expect=3840x2160 own_files=2 PASS
1791113090639 BROWSER-EXIT n=430 pid=101108 after_return_ms=181.9
1791113093458 PREV-BROWSER n=431 prev_n=430 pid=101108 alive=false
1791113093458 RENDER-START n=431
1791113094083 RENDER-OK n=431 id=431 browser_pid=Some(89040) slot=A path=%TEMP%\fc-repro-leak-20261004-190528\localappdata\tw.fintools.fc-host\wallpaper\m-7ebe8f017cddc2d6-a.png wh=2560x1600 body=raw open_ms=257.6 page_ms=348.5 to_png_ms=606.1 close_ms=2.2 write_ms=16.4 warnings=0
1791113094083 VERIFY n=431 dims=Some((2560, 1600)) expect=2560x1600 own_files=2 PASS
1791113094258 BROWSER-EXIT n=431 pid=89040 after_return_ms=174.9
1791113095083 PREV-BROWSER n=432 prev_n=431 pid=89040 alive=false
1791113095083 RENDER-START n=432
1791113095801 RENDER-OK n=432 id=432 browser_pid=Some(90288) slot=B path=%TEMP%\fc-repro-leak-20261004-190528\localappdata\tw.fintools.fc-host\wallpaper\m-7ebe8f017cddc2d6-b.png wh=3840x2160 body=raw open_ms=258.5 page_ms=435.8 to_png_ms=694.3 close_ms=3.1 write_ms=19.8 warnings=0
1791113095801 VERIFY n=432 dims=Some((3840, 2160)) expect=3840x2160 own_files=2 PASS
1791113095979 BROWSER-EXIT n=432 pid=90288 after_return_ms=178.4
1791113098801 PREV-BROWSER n=433 prev_n=432 pid=90288 alive=false
1791113098801 RENDER-START n=433
1791113099420 RENDER-OK n=433 id=433 browser_pid=Some(110036) slot=A path=%TEMP%\fc-repro-leak-20261004-190528\localappdata\tw.fintools.fc-host\wallpaper\m-7ebe8f017cddc2d6-a.png wh=2560x1600 body=raw open_ms=259.7 page_ms=344.6 to_png_ms=604.3 close_ms=2.3 write_ms=11.9 warnings=0
1791113099420 VERIFY n=433 dims=Some((2560, 1600)) expect=2560x1600 own_files=2 PASS
1791113099597 BROWSER-EXIT n=433 pid=110036 after_return_ms=176.8
1791113100420 PREV-BROWSER n=434 prev_n=433 pid=110036 alive=false
1791113100420 RENDER-START n=434
1791113101211 RENDER-OK n=434 id=434 browser_pid=Some(100668) slot=B path=%TEMP%\fc-repro-leak-20261004-190528\localappdata\tw.fintools.fc-host\wallpaper\m-7ebe8f017cddc2d6-b.png wh=3840x2160 body=raw open_ms=320.9 page_ms=448.9 to_png_ms=769.9 close_ms=3.3 write_ms=17.5 warnings=0
1791113101211 VERIFY n=434 dims=Some((3840, 2160)) expect=3840x2160 own_files=2 PASS
1791113101392 BROWSER-EXIT n=434 pid=100668 after_return_ms=180.2
1791113104211 PREV-BROWSER n=435 prev_n=434 pid=100668 alive=false
1791113104211 RENDER-START n=435
1791113104975 RENDER-OK n=435 id=435 browser_pid=Some(105220) slot=A path=%TEMP%\fc-repro-leak-20261004-190528\localappdata\tw.fintools.fc-host\wallpaper\m-7ebe8f017cddc2d6-a.png wh=2560x1600 body=raw open_ms=392.9 page_ms=350.8 to_png_ms=743.7 close_ms=2.6 write_ms=16.8 warnings=0
1791113104975 VERIFY n=435 dims=Some((2560, 1600)) expect=2560x1600 own_files=2 PASS
1791113105149 BROWSER-EXIT n=435 pid=105220 after_return_ms=174.5
1791113105975 PREV-BROWSER n=436 prev_n=435 pid=105220 alive=false
1791113105975 RENDER-START n=436
1791113106683 RENDER-OK n=436 id=436 browser_pid=Some(1656) slot=B path=%TEMP%\fc-repro-leak-20261004-190528\localappdata\tw.fintools.fc-host\wallpaper\m-7ebe8f017cddc2d6-b.png wh=3840x2160 body=raw open_ms=251.9 page_ms=440.5 to_png_ms=692.5 close_ms=3.3 write_ms=11.4 warnings=0
1791113106683 VERIFY n=436 dims=Some((3840, 2160)) expect=3840x2160 own_files=2 PASS
1791113106866 BROWSER-EXIT n=436 pid=1656 after_return_ms=183.4
1791113109683 PREV-BROWSER n=437 prev_n=436 pid=1656 alive=false
1791113109683 RENDER-START n=437
1791113110322 RENDER-OK n=437 id=437 browser_pid=Some(102492) slot=A path=%TEMP%\fc-repro-leak-20261004-190528\localappdata\tw.fintools.fc-host\wallpaper\m-7ebe8f017cddc2d6-a.png wh=2560x1600 body=raw open_ms=259.2 page_ms=359.2 to_png_ms=618.4 close_ms=2.4 write_ms=17.8 warnings=0
1791113110322 VERIFY n=437 dims=Some((2560, 1600)) expect=2560x1600 own_files=2 PASS
1791113110496 BROWSER-EXIT n=437 pid=102492 after_return_ms=173.8
1791113111322 PREV-BROWSER n=438 prev_n=437 pid=102492 alive=false
1791113111322 RENDER-START n=438
1791113112055 RENDER-OK n=438 id=438 browser_pid=Some(105828) slot=B path=%TEMP%\fc-repro-leak-20261004-190528\localappdata\tw.fintools.fc-host\wallpaper\m-7ebe8f017cddc2d6-b.png wh=3840x2160 body=raw open_ms=256.1 page_ms=454.5 to_png_ms=710.7 close_ms=3.4 write_ms=18.4 warnings=0
1791113112055 VERIFY n=438 dims=Some((3840, 2160)) expect=3840x2160 own_files=2 PASS
1791113112231 BROWSER-EXIT n=438 pid=105828 after_return_ms=175.5
1791113115056 PREV-BROWSER n=439 prev_n=438 pid=105828 alive=false
1791113115056 RENDER-START n=439
1791113115680 RENDER-OK n=439 id=439 browser_pid=Some(88752) slot=A path=%TEMP%\fc-repro-leak-20261004-190528\localappdata\tw.fintools.fc-host\wallpaper\m-7ebe8f017cddc2d6-a.png wh=2560x1600 body=raw open_ms=269.0 page_ms=336.7 to_png_ms=605.7 close_ms=2.4 write_ms=16.3 warnings=0
1791113115680 VERIFY n=439 dims=Some((2560, 1600)) expect=2560x1600 own_files=2 PASS
1791113115857 BROWSER-EXIT n=439 pid=88752 after_return_ms=176.7
1791113116681 PREV-BROWSER n=440 prev_n=439 pid=88752 alive=false
1791113116681 RENDER-START n=440
1791113117402 RENDER-OK n=440 id=440 browser_pid=Some(40828) slot=B path=%TEMP%\fc-repro-leak-20261004-190528\localappdata\tw.fintools.fc-host\wallpaper\m-7ebe8f017cddc2d6-b.png wh=3840x2160 body=raw open_ms=261.9 page_ms=443.1 to_png_ms=705.0 close_ms=3.6 write_ms=12.5 warnings=0
1791113117402 VERIFY n=440 dims=Some((3840, 2160)) expect=3840x2160 own_files=2 PASS
1791113117579 BROWSER-EXIT n=440 pid=40828 after_return_ms=176.4
1791113120403 PREV-BROWSER n=441 prev_n=440 pid=40828 alive=false
1791113120403 RENDER-START n=441
1791113121028 RENDER-OK n=441 id=441 browser_pid=Some(107328) slot=A path=%TEMP%\fc-repro-leak-20261004-190528\localappdata\tw.fintools.fc-host\wallpaper\m-7ebe8f017cddc2d6-a.png wh=2560x1600 body=raw open_ms=263.9 page_ms=342.3 to_png_ms=606.1 close_ms=2.1 write_ms=16.7 warnings=0
1791113121028 VERIFY n=441 dims=Some((2560, 1600)) expect=2560x1600 own_files=2 PASS
1791113121208 BROWSER-EXIT n=441 pid=107328 after_return_ms=179.9
1791113122028 PREV-BROWSER n=442 prev_n=441 pid=107328 alive=false
1791113122028 RENDER-START n=442
1791113122750 RENDER-OK n=442 id=442 browser_pid=Some(110648) slot=B path=%TEMP%\fc-repro-leak-20261004-190528\localappdata\tw.fintools.fc-host\wallpaper\m-7ebe8f017cddc2d6-b.png wh=3840x2160 body=raw open_ms=254.4 page_ms=452.3 to_png_ms=706.8 close_ms=3.3 write_ms=11.9 warnings=0
1791113122750 VERIFY n=442 dims=Some((3840, 2160)) expect=3840x2160 own_files=2 PASS
1791113122936 BROWSER-EXIT n=442 pid=110648 after_return_ms=185.4
1791113125750 PREV-BROWSER n=443 prev_n=442 pid=110648 alive=false
1791113125750 RENDER-START n=443
1791113126376 RENDER-OK n=443 id=443 browser_pid=Some(91880) slot=A path=%TEMP%\fc-repro-leak-20261004-190528\localappdata\tw.fintools.fc-host\wallpaper\m-7ebe8f017cddc2d6-a.png wh=2560x1600 body=raw open_ms=266.5 page_ms=341.2 to_png_ms=607.7 close_ms=2.1 write_ms=15.8 warnings=0
1791113126376 VERIFY n=443 dims=Some((2560, 1600)) expect=2560x1600 own_files=2 PASS
1791113126544 BROWSER-EXIT n=443 pid=91880 after_return_ms=167.9
1791113127376 PREV-BROWSER n=444 prev_n=443 pid=91880 alive=false
1791113127376 RENDER-START n=444
1791113128096 RENDER-OK n=444 id=444 browser_pid=Some(101672) slot=B path=%TEMP%\fc-repro-leak-20261004-190528\localappdata\tw.fintools.fc-host\wallpaper\m-7ebe8f017cddc2d6-b.png wh=3840x2160 body=raw open_ms=263.0 page_ms=441.2 to_png_ms=704.1 close_ms=3.7 write_ms=11.3 warnings=0
1791113128096 VERIFY n=444 dims=Some((3840, 2160)) expect=3840x2160 own_files=2 PASS
1791113128274 BROWSER-EXIT n=444 pid=101672 after_return_ms=178.4
1791113131096 PREV-BROWSER n=445 prev_n=444 pid=101672 alive=false
1791113131096 RENDER-START n=445
1791113131709 RENDER-OK n=445 id=445 browser_pid=Some(86792) slot=A path=%TEMP%\fc-repro-leak-20261004-190528\localappdata\tw.fintools.fc-host\wallpaper\m-7ebe8f017cddc2d6-a.png wh=2560x1600 body=raw open_ms=256.3 page_ms=338.1 to_png_ms=594.4 close_ms=2.3 write_ms=15.8 warnings=0
1791113131709 VERIFY n=445 dims=Some((2560, 1600)) expect=2560x1600 own_files=2 PASS
1791113131883 BROWSER-EXIT n=445 pid=86792 after_return_ms=174.1
1791113132709 PREV-BROWSER n=446 prev_n=445 pid=86792 alive=false
1791113132709 RENDER-START n=446
1791113133429 RENDER-OK n=446 id=446 browser_pid=Some(20944) slot=B path=%TEMP%\fc-repro-leak-20261004-190528\localappdata\tw.fintools.fc-host\wallpaper\m-7ebe8f017cddc2d6-b.png wh=3840x2160 body=raw open_ms=255.7 page_ms=442.7 to_png_ms=698.4 close_ms=3.2 write_ms=17.6 warnings=0
1791113133429 VERIFY n=446 dims=Some((3840, 2160)) expect=3840x2160 own_files=2 PASS
1791113133611 BROWSER-EXIT n=446 pid=20944 after_return_ms=182.0
1791113136429 PREV-BROWSER n=447 prev_n=446 pid=20944 alive=false
1791113136429 RENDER-START n=447
1791113137133 RENDER-OK n=447 id=447 browser_pid=Some(109256) slot=A path=%TEMP%\fc-repro-leak-20261004-190528\localappdata\tw.fintools.fc-host\wallpaper\m-7ebe8f017cddc2d6-a.png wh=2560x1600 body=raw open_ms=344.6 page_ms=339.2 to_png_ms=683.8 close_ms=2.2 write_ms=17.2 warnings=0
1791113137133 VERIFY n=447 dims=Some((2560, 1600)) expect=2560x1600 own_files=2 PASS
1791113137300 BROWSER-EXIT n=447 pid=109256 after_return_ms=167.1
1791113138133 PREV-BROWSER n=448 prev_n=447 pid=109256 alive=false
1791113138133 RENDER-START n=448
1791113138846 RENDER-OK n=448 id=448 browser_pid=Some(95388) slot=B path=%TEMP%\fc-repro-leak-20261004-190528\localappdata\tw.fintools.fc-host\wallpaper\m-7ebe8f017cddc2d6-b.png wh=3840x2160 body=raw open_ms=255.1 page_ms=440.7 to_png_ms=695.8 close_ms=3.1 write_ms=13.5 warnings=0
1791113138846 VERIFY n=448 dims=Some((3840, 2160)) expect=3840x2160 own_files=2 PASS
1791113139036 BROWSER-EXIT n=448 pid=95388 after_return_ms=190.3
1791113141846 PREV-BROWSER n=449 prev_n=448 pid=95388 alive=false
1791113141846 RENDER-START n=449
1791113142461 RENDER-OK n=449 id=449 browser_pid=Some(35592) slot=A path=%TEMP%\fc-repro-leak-20261004-190528\localappdata\tw.fintools.fc-host\wallpaper\m-7ebe8f017cddc2d6-a.png wh=2560x1600 body=raw open_ms=259.6 page_ms=336.9 to_png_ms=596.5 close_ms=2.2 write_ms=15.7 warnings=0
1791113142461 VERIFY n=449 dims=Some((2560, 1600)) expect=2560x1600 own_files=2 PASS
1791113142645 BROWSER-EXIT n=449 pid=35592 after_return_ms=184.4
1791113143462 PREV-BROWSER n=450 prev_n=449 pid=35592 alive=false
1791113143462 RENDER-START n=450
1791113144172 RENDER-OK n=450 id=450 browser_pid=Some(109916) slot=B path=%TEMP%\fc-repro-leak-20261004-190528\localappdata\tw.fintools.fc-host\wallpaper\m-7ebe8f017cddc2d6-b.png wh=3840x2160 body=raw open_ms=256.7 page_ms=431.5 to_png_ms=688.1 close_ms=3.6 write_ms=18.7 warnings=0
1791113144173 VERIFY n=450 dims=Some((3840, 2160)) expect=3840x2160 own_files=2 PASS
1791113144356 BROWSER-EXIT n=450 pid=109916 after_return_ms=183.2
1791113147173 PREV-BROWSER n=451 prev_n=450 pid=109916 alive=false
1791113147173 RENDER-START n=451
1791113147803 RENDER-OK n=451 id=451 browser_pid=Some(113168) slot=A path=%TEMP%\fc-repro-leak-20261004-190528\localappdata\tw.fintools.fc-host\wallpaper\m-7ebe8f017cddc2d6-a.png wh=2560x1600 body=raw open_ms=269.2 page_ms=342.7 to_png_ms=611.8 close_ms=2.2 write_ms=15.6 warnings=0
1791113147803 VERIFY n=451 dims=Some((2560, 1600)) expect=2560x1600 own_files=2 PASS
1791113147982 BROWSER-EXIT n=451 pid=113168 after_return_ms=179.7
1791113148803 PREV-BROWSER n=452 prev_n=451 pid=113168 alive=false
1791113148803 RENDER-START n=452
1791113149514 RENDER-OK n=452 id=452 browser_pid=Some(27268) slot=B path=%TEMP%\fc-repro-leak-20261004-190528\localappdata\tw.fintools.fc-host\wallpaper\m-7ebe8f017cddc2d6-b.png wh=3840x2160 body=raw open_ms=256.5 page_ms=432.4 to_png_ms=689.0 close_ms=3.3 write_ms=18.2 warnings=0
1791113149514 VERIFY n=452 dims=Some((3840, 2160)) expect=3840x2160 own_files=2 PASS
1791113149685 BROWSER-EXIT n=452 pid=27268 after_return_ms=170.7
1791113152514 PREV-BROWSER n=453 prev_n=452 pid=27268 alive=false
1791113152514 RENDER-START n=453
1791113153137 RENDER-OK n=453 id=453 browser_pid=Some(13944) slot=A path=%TEMP%\fc-repro-leak-20261004-190528\localappdata\tw.fintools.fc-host\wallpaper\m-7ebe8f017cddc2d6-a.png wh=2560x1600 body=raw open_ms=263.4 page_ms=340.2 to_png_ms=603.6 close_ms=2.2 write_ms=16.9 warnings=0
1791113153138 VERIFY n=453 dims=Some((2560, 1600)) expect=2560x1600 own_files=2 PASS
1791113153316 BROWSER-EXIT n=453 pid=13944 after_return_ms=178.7
1791113154138 PREV-BROWSER n=454 prev_n=453 pid=13944 alive=false
1791113154138 RENDER-START n=454
1791113154866 RENDER-OK n=454 id=454 browser_pid=Some(24008) slot=B path=%TEMP%\fc-repro-leak-20261004-190528\localappdata\tw.fintools.fc-host\wallpaper\m-7ebe8f017cddc2d6-b.png wh=3840x2160 body=raw open_ms=260.9 page_ms=443.2 to_png_ms=704.2 close_ms=3.1 write_ms=20.6 warnings=0
1791113154866 VERIFY n=454 dims=Some((3840, 2160)) expect=3840x2160 own_files=2 PASS
1791113155032 BROWSER-EXIT n=454 pid=24008 after_return_ms=166.4
1791113157866 PREV-BROWSER n=455 prev_n=454 pid=24008 alive=false
1791113157866 RENDER-START n=455
1791113158566 RENDER-OK n=455 id=455 browser_pid=Some(88844) slot=A path=%TEMP%\fc-repro-leak-20261004-190528\localappdata\tw.fintools.fc-host\wallpaper\m-7ebe8f017cddc2d6-a.png wh=2560x1600 body=raw open_ms=320.5 page_ms=360.5 to_png_ms=681.1 close_ms=2.2 write_ms=16.0 warnings=0
1791113158566 VERIFY n=455 dims=Some((2560, 1600)) expect=2560x1600 own_files=2 PASS
1791113158747 BROWSER-EXIT n=455 pid=88844 after_return_ms=180.8
1791113159566 PREV-BROWSER n=456 prev_n=455 pid=88844 alive=false
1791113159566 RENDER-START n=456
1791113160282 RENDER-OK n=456 id=456 browser_pid=Some(112244) slot=B path=%TEMP%\fc-repro-leak-20261004-190528\localappdata\tw.fintools.fc-host\wallpaper\m-7ebe8f017cddc2d6-b.png wh=3840x2160 body=raw open_ms=254.8 page_ms=438.5 to_png_ms=693.3 close_ms=3.9 write_ms=18.3 warnings=0
1791113160282 VERIFY n=456 dims=Some((3840, 2160)) expect=3840x2160 own_files=2 PASS
1791113160456 BROWSER-EXIT n=456 pid=112244 after_return_ms=174.1
1791113163283 PREV-BROWSER n=457 prev_n=456 pid=112244 alive=false
1791113163283 RENDER-START n=457
1791113163946 RENDER-OK n=457 id=457 browser_pid=Some(9376) slot=A path=%TEMP%\fc-repro-leak-20261004-190528\localappdata\tw.fintools.fc-host\wallpaper\m-7ebe8f017cddc2d6-a.png wh=2560x1600 body=raw open_ms=303.9 page_ms=340.6 to_png_ms=644.5 close_ms=2.1 write_ms=16.9 warnings=0
1791113163947 VERIFY n=457 dims=Some((2560, 1600)) expect=2560x1600 own_files=2 PASS
1791113164128 BROWSER-EXIT n=457 pid=9376 after_return_ms=181.7
1791113164947 PREV-BROWSER n=458 prev_n=457 pid=9376 alive=false
1791113164947 RENDER-START n=458
1791113165666 RENDER-OK n=458 id=458 browser_pid=Some(91812) slot=B path=%TEMP%\fc-repro-leak-20261004-190528\localappdata\tw.fintools.fc-host\wallpaper\m-7ebe8f017cddc2d6-b.png wh=3840x2160 body=raw open_ms=257.6 page_ms=437.9 to_png_ms=695.5 close_ms=4.0 write_ms=18.5 warnings=0
1791113165666 VERIFY n=458 dims=Some((3840, 2160)) expect=3840x2160 own_files=2 PASS
1791113165872 BROWSER-EXIT n=458 pid=91812 after_return_ms=206.6
1791113168666 PREV-BROWSER n=459 prev_n=458 pid=91812 alive=false
1791113168666 RENDER-START n=459
1791113169322 RENDER-OK n=459 id=459 browser_pid=Some(108532) slot=A path=%TEMP%\fc-repro-leak-20261004-190528\localappdata\tw.fintools.fc-host\wallpaper\m-7ebe8f017cddc2d6-a.png wh=2560x1600 body=raw open_ms=298.7 page_ms=343.9 to_png_ms=642.6 close_ms=2.1 write_ms=11.0 warnings=0
1791113169322 VERIFY n=459 dims=Some((2560, 1600)) expect=2560x1600 own_files=2 PASS
1791113169510 BROWSER-EXIT n=459 pid=108532 after_return_ms=188.1
1791113170322 PREV-BROWSER n=460 prev_n=459 pid=108532 alive=false
1791113170322 RENDER-START n=460
1791113171051 RENDER-OK n=460 id=460 browser_pid=Some(111000) slot=B path=%TEMP%\fc-repro-leak-20261004-190528\localappdata\tw.fintools.fc-host\wallpaper\m-7ebe8f017cddc2d6-b.png wh=3840x2160 body=raw open_ms=266.1 page_ms=440.4 to_png_ms=706.5 close_ms=3.3 write_ms=18.5 warnings=0
1791113171051 VERIFY n=460 dims=Some((3840, 2160)) expect=3840x2160 own_files=2 PASS
1791113171216 BROWSER-EXIT n=460 pid=111000 after_return_ms=165.1
1791113174051 PREV-BROWSER n=461 prev_n=460 pid=111000 alive=false
1791113174051 RENDER-START n=461
1791113174665 RENDER-OK n=461 id=461 browser_pid=Some(108200) slot=A path=%TEMP%\fc-repro-leak-20261004-190528\localappdata\tw.fintools.fc-host\wallpaper\m-7ebe8f017cddc2d6-a.png wh=2560x1600 body=raw open_ms=256.4 page_ms=337.1 to_png_ms=593.5 close_ms=2.4 write_ms=17.7 warnings=0
1791113174665 VERIFY n=461 dims=Some((2560, 1600)) expect=2560x1600 own_files=2 PASS
1791113174833 BROWSER-EXIT n=461 pid=108200 after_return_ms=168.0
1791113175665 PREV-BROWSER n=462 prev_n=461 pid=108200 alive=false
1791113175665 RENDER-START n=462
1791113176373 RENDER-OK n=462 id=462 browser_pid=Some(113120) slot=B path=%TEMP%\fc-repro-leak-20261004-190528\localappdata\tw.fintools.fc-host\wallpaper\m-7ebe8f017cddc2d6-b.png wh=3840x2160 body=raw open_ms=255.2 page_ms=430.8 to_png_ms=686.0 close_ms=3.3 write_ms=18.1 warnings=0
1791113176373 VERIFY n=462 dims=Some((3840, 2160)) expect=3840x2160 own_files=2 PASS
1791113176558 BROWSER-EXIT n=462 pid=113120 after_return_ms=185.0
1791113179373 PREV-BROWSER n=463 prev_n=462 pid=113120 alive=false
1791113179373 RENDER-START n=463
1791113179991 RENDER-OK n=463 id=463 browser_pid=Some(106280) slot=A path=%TEMP%\fc-repro-leak-20261004-190528\localappdata\tw.fintools.fc-host\wallpaper\m-7ebe8f017cddc2d6-a.png wh=2560x1600 body=raw open_ms=261.7 page_ms=336.1 to_png_ms=597.9 close_ms=2.1 write_ms=17.0 warnings=0
1791113179991 VERIFY n=463 dims=Some((2560, 1600)) expect=2560x1600 own_files=2 PASS
1791113180161 BROWSER-EXIT n=463 pid=106280 after_return_ms=170.4
1791113180991 PREV-BROWSER n=464 prev_n=463 pid=106280 alive=false
1791113180991 RENDER-START n=464
1791113181717 RENDER-OK n=464 id=464 browser_pid=Some(91416) slot=B path=%TEMP%\fc-repro-leak-20261004-190528\localappdata\tw.fintools.fc-host\wallpaper\m-7ebe8f017cddc2d6-b.png wh=3840x2160 body=raw open_ms=260.3 page_ms=443.0 to_png_ms=703.3 close_ms=3.4 write_ms=19.0 warnings=0
1791113181717 VERIFY n=464 dims=Some((3840, 2160)) expect=3840x2160 own_files=2 PASS
1791113181884 BROWSER-EXIT n=464 pid=91416 after_return_ms=166.7
1791113184717 PREV-BROWSER n=465 prev_n=464 pid=91416 alive=false
1791113184717 RENDER-START n=465
1791113185327 RENDER-OK n=465 id=465 browser_pid=Some(34148) slot=A path=%TEMP%\fc-repro-leak-20261004-190528\localappdata\tw.fintools.fc-host\wallpaper\m-7ebe8f017cddc2d6-a.png wh=2560x1600 body=raw open_ms=257.2 page_ms=339.8 to_png_ms=597.0 close_ms=2.1 write_ms=10.0 warnings=0
1791113185327 VERIFY n=465 dims=Some((2560, 1600)) expect=2560x1600 own_files=2 PASS
1791113185513 BROWSER-EXIT n=465 pid=34148 after_return_ms=186.5
1791113186327 PREV-BROWSER n=466 prev_n=465 pid=34148 alive=false
1791113186327 RENDER-START n=466
1791113187052 RENDER-OK n=466 id=466 browser_pid=Some(109552) slot=B path=%TEMP%\fc-repro-leak-20261004-190528\localappdata\tw.fintools.fc-host\wallpaper\m-7ebe8f017cddc2d6-b.png wh=3840x2160 body=raw open_ms=268.5 page_ms=435.2 to_png_ms=703.7 close_ms=3.6 write_ms=17.1 warnings=0
1791113187052 VERIFY n=466 dims=Some((3840, 2160)) expect=3840x2160 own_files=2 PASS
1791113187231 BROWSER-EXIT n=466 pid=109552 after_return_ms=179.2
1791113190052 PREV-BROWSER n=467 prev_n=466 pid=109552 alive=false
1791113190052 RENDER-START n=467
1791113190738 RENDER-OK n=467 id=467 browser_pid=Some(10032) slot=A path=%TEMP%\fc-repro-leak-20261004-190528\localappdata\tw.fintools.fc-host\wallpaper\m-7ebe8f017cddc2d6-a.png wh=2560x1600 body=raw open_ms=319.8 page_ms=347.9 to_png_ms=667.7 close_ms=2.1 write_ms=15.7 warnings=0
1791113190738 VERIFY n=467 dims=Some((2560, 1600)) expect=2560x1600 own_files=2 PASS
1791113190912 BROWSER-EXIT n=467 pid=10032 after_return_ms=174.5
1791113191738 PREV-BROWSER n=468 prev_n=467 pid=10032 alive=false
1791113191738 RENDER-START n=468
1791113192456 RENDER-OK n=468 id=468 browser_pid=Some(36852) slot=B path=%TEMP%\fc-repro-leak-20261004-190528\localappdata\tw.fintools.fc-host\wallpaper\m-7ebe8f017cddc2d6-b.png wh=3840x2160 body=raw open_ms=264.2 page_ms=432.9 to_png_ms=697.0 close_ms=3.3 write_ms=17.2 warnings=0
1791113192456 VERIFY n=468 dims=Some((3840, 2160)) expect=3840x2160 own_files=2 PASS
1791113192637 BROWSER-EXIT n=468 pid=36852 after_return_ms=181.1
1791113195456 PREV-BROWSER n=469 prev_n=468 pid=36852 alive=false
1791113195456 RENDER-START n=469
1791113196061 RENDER-OK n=469 id=469 browser_pid=Some(27112) slot=A path=%TEMP%\fc-repro-leak-20261004-190528\localappdata\tw.fintools.fc-host\wallpaper\m-7ebe8f017cddc2d6-a.png wh=2560x1600 body=raw open_ms=255.4 page_ms=329.2 to_png_ms=584.6 close_ms=2.2 write_ms=17.3 warnings=0
1791113196061 VERIFY n=469 dims=Some((2560, 1600)) expect=2560x1600 own_files=2 PASS
1791113196236 BROWSER-EXIT n=469 pid=27112 after_return_ms=175.2
1791113197061 PREV-BROWSER n=470 prev_n=469 pid=27112 alive=false
1791113197061 RENDER-START n=470
1791113197770 RENDER-OK n=470 id=470 browser_pid=Some(112352) slot=B path=%TEMP%\fc-repro-leak-20261004-190528\localappdata\tw.fintools.fc-host\wallpaper\m-7ebe8f017cddc2d6-b.png wh=3840x2160 body=raw open_ms=263.1 page_ms=423.6 to_png_ms=686.7 close_ms=3.3 write_ms=19.0 warnings=0
1791113197770 VERIFY n=470 dims=Some((3840, 2160)) expect=3840x2160 own_files=2 PASS
1791113197939 BROWSER-EXIT n=470 pid=112352 after_return_ms=169.2
1791113200770 PREV-BROWSER n=471 prev_n=470 pid=112352 alive=false
1791113200770 RENDER-START n=471
1791113201391 RENDER-OK n=471 id=471 browser_pid=Some(100384) slot=A path=%TEMP%\fc-repro-leak-20261004-190528\localappdata\tw.fintools.fc-host\wallpaper\m-7ebe8f017cddc2d6-a.png wh=2560x1600 body=raw open_ms=264.8 page_ms=337.8 to_png_ms=602.6 close_ms=2.1 write_ms=15.9 warnings=0
1791113201392 VERIFY n=471 dims=Some((2560, 1600)) expect=2560x1600 own_files=2 PASS
1791113201570 BROWSER-EXIT n=471 pid=100384 after_return_ms=178.8
1791113202391 PREV-BROWSER n=472 prev_n=471 pid=100384 alive=false
1791113202392 RENDER-START n=472
1791113203112 RENDER-OK n=472 id=472 browser_pid=Some(104984) slot=B path=%TEMP%\fc-repro-leak-20261004-190528\localappdata\tw.fintools.fc-host\wallpaper\m-7ebe8f017cddc2d6-b.png wh=3840x2160 body=raw open_ms=272.1 page_ms=433.0 to_png_ms=705.1 close_ms=3.9 write_ms=10.7 warnings=0
1791113203112 VERIFY n=472 dims=Some((3840, 2160)) expect=3840x2160 own_files=2 PASS
1791113203285 BROWSER-EXIT n=472 pid=104984 after_return_ms=173.3
1791113206112 PREV-BROWSER n=473 prev_n=472 pid=104984 alive=false
1791113206112 RENDER-START n=473
1791113206716 RENDER-OK n=473 id=473 browser_pid=Some(113004) slot=A path=%TEMP%\fc-repro-leak-20261004-190528\localappdata\tw.fintools.fc-host\wallpaper\m-7ebe8f017cddc2d6-a.png wh=2560x1600 body=raw open_ms=257.5 page_ms=327.6 to_png_ms=585.1 close_ms=3.0 write_ms=16.0 warnings=0
1791113206717 VERIFY n=473 dims=Some((2560, 1600)) expect=2560x1600 own_files=2 PASS
1791113206888 BROWSER-EXIT n=473 pid=113004 after_return_ms=171.4
1791113207717 PREV-BROWSER n=474 prev_n=473 pid=113004 alive=false
1791113207717 RENDER-START n=474
1791113208423 RENDER-OK n=474 id=474 browser_pid=Some(90240) slot=B path=%TEMP%\fc-repro-leak-20261004-190528\localappdata\tw.fintools.fc-host\wallpaper\m-7ebe8f017cddc2d6-b.png wh=3840x2160 body=raw open_ms=256.3 page_ms=429.4 to_png_ms=685.7 close_ms=3.1 write_ms=17.8 warnings=0
1791113208424 VERIFY n=474 dims=Some((3840, 2160)) expect=3840x2160 own_files=2 PASS
1791113208594 BROWSER-EXIT n=474 pid=90240 after_return_ms=171.0
1791113211423 PREV-BROWSER n=475 prev_n=474 pid=90240 alive=false
1791113211424 RENDER-START n=475
1791113212097 RENDER-OK n=475 id=475 browser_pid=Some(108444) slot=A path=%TEMP%\fc-repro-leak-20261004-190528\localappdata\tw.fintools.fc-host\wallpaper\m-7ebe8f017cddc2d6-a.png wh=2560x1600 body=raw open_ms=323.6 page_ms=331.0 to_png_ms=654.6 close_ms=2.1 write_ms=16.4 warnings=0
1791113212097 VERIFY n=475 dims=Some((2560, 1600)) expect=2560x1600 own_files=2 PASS
1791113212265 BROWSER-EXIT n=475 pid=108444 after_return_ms=168.0
1791113213097 PREV-BROWSER n=476 prev_n=475 pid=108444 alive=false
1791113213097 RENDER-START n=476
1791113213801 RENDER-OK n=476 id=476 browser_pid=Some(68052) slot=B path=%TEMP%\fc-repro-leak-20261004-190528\localappdata\tw.fintools.fc-host\wallpaper\m-7ebe8f017cddc2d6-b.png wh=3840x2160 body=raw open_ms=258.6 page_ms=423.0 to_png_ms=681.6 close_ms=3.4 write_ms=18.3 warnings=0
1791113213801 VERIFY n=476 dims=Some((3840, 2160)) expect=3840x2160 own_files=2 PASS
1791113213971 BROWSER-EXIT n=476 pid=68052 after_return_ms=170.6
1791113216801 PREV-BROWSER n=477 prev_n=476 pid=68052 alive=false
1791113216801 RENDER-START n=477
1791113217404 RENDER-OK n=477 id=477 browser_pid=Some(111424) slot=A path=%TEMP%\fc-repro-leak-20261004-190528\localappdata\tw.fintools.fc-host\wallpaper\m-7ebe8f017cddc2d6-a.png wh=2560x1600 body=raw open_ms=260.6 page_ms=323.0 to_png_ms=583.6 close_ms=2.0 write_ms=16.8 warnings=0
1791113217404 VERIFY n=477 dims=Some((2560, 1600)) expect=2560x1600 own_files=2 PASS
1791113217573 BROWSER-EXIT n=477 pid=111424 after_return_ms=169.3
1791113218405 PREV-BROWSER n=478 prev_n=477 pid=111424 alive=false
1791113218405 RENDER-START n=478
1791113219112 RENDER-OK n=478 id=478 browser_pid=Some(105392) slot=B path=%TEMP%\fc-repro-leak-20261004-190528\localappdata\tw.fintools.fc-host\wallpaper\m-7ebe8f017cddc2d6-b.png wh=3840x2160 body=raw open_ms=260.2 page_ms=425.9 to_png_ms=686.1 close_ms=3.3 write_ms=17.5 warnings=0
1791113219112 VERIFY n=478 dims=Some((3840, 2160)) expect=3840x2160 own_files=2 PASS
1791113219277 BROWSER-EXIT n=478 pid=105392 after_return_ms=165.4
1791113222112 PREV-BROWSER n=479 prev_n=478 pid=105392 alive=false
1791113222112 RENDER-START n=479
1791113222775 RENDER-OK n=479 id=479 browser_pid=Some(109416) slot=A path=%TEMP%\fc-repro-leak-20261004-190528\localappdata\tw.fintools.fc-host\wallpaper\m-7ebe8f017cddc2d6-a.png wh=2560x1600 body=raw open_ms=322.3 page_ms=323.1 to_png_ms=645.4 close_ms=2.2 write_ms=15.0 warnings=0
1791113222775 VERIFY n=479 dims=Some((2560, 1600)) expect=2560x1600 own_files=2 PASS
1791113222948 BROWSER-EXIT n=479 pid=109416 after_return_ms=173.4
1791113223775 PREV-BROWSER n=480 prev_n=479 pid=109416 alive=false
1791113223775 RENDER-START n=480
1791113224482 RENDER-OK n=480 id=480 browser_pid=Some(92768) slot=B path=%TEMP%\fc-repro-leak-20261004-190528\localappdata\tw.fintools.fc-host\wallpaper\m-7ebe8f017cddc2d6-b.png wh=3840x2160 body=raw open_ms=261.1 page_ms=425.3 to_png_ms=686.4 close_ms=3.1 write_ms=17.3 warnings=0
1791113224482 VERIFY n=480 dims=Some((3840, 2160)) expect=3840x2160 own_files=2 PASS
1791113224666 BROWSER-EXIT n=480 pid=92768 after_return_ms=183.4
1791113227482 PREV-BROWSER n=481 prev_n=480 pid=92768 alive=false
1791113227482 RENDER-START n=481
1791113228100 RENDER-OK n=481 id=481 browser_pid=Some(44696) slot=A path=%TEMP%\fc-repro-leak-20261004-190528\localappdata\tw.fintools.fc-host\wallpaper\m-7ebe8f017cddc2d6-a.png wh=2560x1600 body=raw open_ms=269.0 page_ms=335.0 to_png_ms=604.0 close_ms=2.1 write_ms=10.9 warnings=0
1791113228100 VERIFY n=481 dims=Some((2560, 1600)) expect=2560x1600 own_files=2 PASS
1791113228282 BROWSER-EXIT n=481 pid=44696 after_return_ms=182.9
1791113229100 PREV-BROWSER n=482 prev_n=481 pid=44696 alive=false
1791113229100 RENDER-START n=482
1791113229821 RENDER-OK n=482 id=482 browser_pid=Some(105680) slot=B path=%TEMP%\fc-repro-leak-20261004-190528\localappdata\tw.fintools.fc-host\wallpaper\m-7ebe8f017cddc2d6-b.png wh=3840x2160 body=raw open_ms=267.2 page_ms=431.6 to_png_ms=698.8 close_ms=3.4 write_ms=18.2 warnings=0
1791113229821 VERIFY n=482 dims=Some((3840, 2160)) expect=3840x2160 own_files=2 PASS
1791113229986 BROWSER-EXIT n=482 pid=105680 after_return_ms=164.9
1791113232821 PREV-BROWSER n=483 prev_n=482 pid=105680 alive=false
1791113232821 RENDER-START n=483
1791113233468 RENDER-OK n=483 id=483 browser_pid=Some(27916) slot=A path=%TEMP%\fc-repro-leak-20261004-190528\localappdata\tw.fintools.fc-host\wallpaper\m-7ebe8f017cddc2d6-a.png wh=2560x1600 body=raw open_ms=292.2 page_ms=334.6 to_png_ms=626.8 close_ms=2.3 write_ms=17.2 warnings=0
1791113233468 VERIFY n=483 dims=Some((2560, 1600)) expect=2560x1600 own_files=2 PASS
1791113233635 BROWSER-EXIT n=483 pid=27916 after_return_ms=167.6
1791113234468 PREV-BROWSER n=484 prev_n=483 pid=27916 alive=false
1791113234468 RENDER-START n=484
1791113235178 RENDER-OK n=484 id=484 browser_pid=Some(91068) slot=B path=%TEMP%\fc-repro-leak-20261004-190528\localappdata\tw.fintools.fc-host\wallpaper\m-7ebe8f017cddc2d6-b.png wh=3840x2160 body=raw open_ms=262.4 page_ms=432.4 to_png_ms=694.8 close_ms=3.2 write_ms=12.0 warnings=0
1791113235178 VERIFY n=484 dims=Some((3840, 2160)) expect=3840x2160 own_files=2 PASS
1791113235356 BROWSER-EXIT n=484 pid=91068 after_return_ms=177.4
1791113238179 PREV-BROWSER n=485 prev_n=484 pid=91068 alive=false
1791113238179 RENDER-START n=485
1791113238795 RENDER-OK n=485 id=485 browser_pid=Some(86604) slot=A path=%TEMP%\fc-repro-leak-20261004-190528\localappdata\tw.fintools.fc-host\wallpaper\m-7ebe8f017cddc2d6-a.png wh=2560x1600 body=raw open_ms=265.8 page_ms=331.7 to_png_ms=597.5 close_ms=2.2 write_ms=16.1 warnings=0
1791113238795 VERIFY n=485 dims=Some((2560, 1600)) expect=2560x1600 own_files=2 PASS
1791113238970 BROWSER-EXIT n=485 pid=86604 after_return_ms=175.6
1791113239795 PREV-BROWSER n=486 prev_n=485 pid=86604 alive=false
1791113239795 RENDER-START n=486
1791113240506 RENDER-OK n=486 id=486 browser_pid=Some(46444) slot=B path=%TEMP%\fc-repro-leak-20261004-190528\localappdata\tw.fintools.fc-host\wallpaper\m-7ebe8f017cddc2d6-b.png wh=3840x2160 body=raw open_ms=259.4 page_ms=430.7 to_png_ms=690.1 close_ms=3.2 write_ms=17.3 warnings=0
1791113240506 VERIFY n=486 dims=Some((3840, 2160)) expect=3840x2160 own_files=2 PASS
1791113240672 BROWSER-EXIT n=486 pid=46444 after_return_ms=166.2
1791113243507 PREV-BROWSER n=487 prev_n=486 pid=46444 alive=false
1791113243507 RENDER-START n=487
1791113244109 RENDER-OK n=487 id=487 browser_pid=Some(112760) slot=A path=%TEMP%\fc-repro-leak-20261004-190528\localappdata\tw.fintools.fc-host\wallpaper\m-7ebe8f017cddc2d6-a.png wh=2560x1600 body=raw open_ms=258.8 page_ms=325.9 to_png_ms=584.7 close_ms=2.2 write_ms=15.7 warnings=0
1791113244109 VERIFY n=487 dims=Some((2560, 1600)) expect=2560x1600 own_files=2 PASS
1791113244285 BROWSER-EXIT n=487 pid=112760 after_return_ms=175.9
1791113245109 PREV-BROWSER n=488 prev_n=487 pid=112760 alive=false
1791113245109 RENDER-START n=488
1791113245812 RENDER-OK n=488 id=488 browser_pid=Some(9448) slot=B path=%TEMP%\fc-repro-leak-20261004-190528\localappdata\tw.fintools.fc-host\wallpaper\m-7ebe8f017cddc2d6-b.png wh=3840x2160 body=raw open_ms=262.8 page_ms=418.1 to_png_ms=681.0 close_ms=3.5 write_ms=18.1 warnings=0
1791113245813 VERIFY n=488 dims=Some((3840, 2160)) expect=3840x2160 own_files=2 PASS
1791113245985 BROWSER-EXIT n=488 pid=9448 after_return_ms=172.9
1791113248813 PREV-BROWSER n=489 prev_n=488 pid=9448 alive=false
1791113248813 RENDER-START n=489
1791113249440 RENDER-OK n=489 id=489 browser_pid=Some(66556) slot=A path=%TEMP%\fc-repro-leak-20261004-190528\localappdata\tw.fintools.fc-host\wallpaper\m-7ebe8f017cddc2d6-a.png wh=2560x1600 body=raw open_ms=269.1 page_ms=345.9 to_png_ms=614.9 close_ms=2.3 write_ms=10.1 warnings=0
1791113249441 VERIFY n=489 dims=Some((2560, 1600)) expect=2560x1600 own_files=2 PASS
1791113249624 BROWSER-EXIT n=489 pid=66556 after_return_ms=183.3
1791113250440 PREV-BROWSER n=490 prev_n=489 pid=66556 alive=false
1791113250440 RENDER-START n=490
1791113251148 RENDER-OK n=490 id=490 browser_pid=Some(113324) slot=B path=%TEMP%\fc-repro-leak-20261004-190528\localappdata\tw.fintools.fc-host\wallpaper\m-7ebe8f017cddc2d6-b.png wh=3840x2160 body=raw open_ms=265.1 page_ms=425.6 to_png_ms=690.8 close_ms=3.0 write_ms=13.1 warnings=0
1791113251148 VERIFY n=490 dims=Some((3840, 2160)) expect=3840x2160 own_files=2 PASS
1791113251323 BROWSER-EXIT n=490 pid=113324 after_return_ms=175.8
1791113254148 PREV-BROWSER n=491 prev_n=490 pid=113324 alive=false
1791113254148 RENDER-START n=491
1791113254813 RENDER-OK n=491 id=491 browser_pid=Some(102880) slot=A path=%TEMP%\fc-repro-leak-20261004-190528\localappdata\tw.fintools.fc-host\wallpaper\m-7ebe8f017cddc2d6-a.png wh=2560x1600 body=raw open_ms=323.8 page_ms=322.8 to_png_ms=646.6 close_ms=2.3 write_ms=16.2 warnings=0
1791113254813 VERIFY n=491 dims=Some((2560, 1600)) expect=2560x1600 own_files=2 PASS
1791113254985 BROWSER-EXIT n=491 pid=102880 after_return_ms=172.1
1791113255813 PREV-BROWSER n=492 prev_n=491 pid=102880 alive=false
1791113255813 RENDER-START n=492
1791113256520 RENDER-OK n=492 id=492 browser_pid=Some(72708) slot=B path=%TEMP%\fc-repro-leak-20261004-190528\localappdata\tw.fintools.fc-host\wallpaper\m-7ebe8f017cddc2d6-b.png wh=3840x2160 body=raw open_ms=264.7 page_ms=418.3 to_png_ms=683.1 close_ms=3.4 write_ms=19.2 warnings=0
1791113256520 VERIFY n=492 dims=Some((3840, 2160)) expect=3840x2160 own_files=2 PASS
1791113256688 BROWSER-EXIT n=492 pid=72708 after_return_ms=168.2
1791113259520 PREV-BROWSER n=493 prev_n=492 pid=72708 alive=false
1791113259520 RENDER-START n=493
1791113260168 RENDER-OK n=493 id=493 browser_pid=Some(109320) slot=A path=%TEMP%\fc-repro-leak-20261004-190528\localappdata\tw.fintools.fc-host\wallpaper\m-7ebe8f017cddc2d6-a.png wh=2560x1600 body=raw open_ms=298.1 page_ms=331.7 to_png_ms=629.8 close_ms=2.3 write_ms=15.5 warnings=0
1791113260168 VERIFY n=493 dims=Some((2560, 1600)) expect=2560x1600 own_files=2 PASS
1791113260346 BROWSER-EXIT n=493 pid=109320 after_return_ms=178.5
1791113261168 PREV-BROWSER n=494 prev_n=493 pid=109320 alive=false
1791113261168 RENDER-START n=494
1791113261928 RENDER-OK n=494 id=494 browser_pid=Some(106932) slot=B path=%TEMP%\fc-repro-leak-20261004-190528\localappdata\tw.fintools.fc-host\wallpaper\m-7ebe8f017cddc2d6-b.png wh=3840x2160 body=raw open_ms=325.7 page_ms=412.4 to_png_ms=738.1 close_ms=3.1 write_ms=18.1 warnings=0
1791113261928 VERIFY n=494 dims=Some((3840, 2160)) expect=3840x2160 own_files=2 PASS
1791113262102 BROWSER-EXIT n=494 pid=106932 after_return_ms=174.4
1791113264928 PREV-BROWSER n=495 prev_n=494 pid=106932 alive=false
1791113264928 RENDER-START n=495
1791113265590 RENDER-OK n=495 id=495 browser_pid=Some(95916) slot=A path=%TEMP%\fc-repro-leak-20261004-190528\localappdata\tw.fintools.fc-host\wallpaper\m-7ebe8f017cddc2d6-a.png wh=2560x1600 body=raw open_ms=320.3 page_ms=324.3 to_png_ms=644.6 close_ms=2.1 write_ms=15.3 warnings=0
1791113265590 VERIFY n=495 dims=Some((2560, 1600)) expect=2560x1600 own_files=2 PASS
1791113265765 BROWSER-EXIT n=495 pid=95916 after_return_ms=175.2
1791113266591 PREV-BROWSER n=496 prev_n=495 pid=95916 alive=false
1791113266591 RENDER-START n=496
1791113267317 RENDER-OK n=496 id=496 browser_pid=Some(99420) slot=B path=%TEMP%\fc-repro-leak-20261004-190528\localappdata\tw.fintools.fc-host\wallpaper\m-7ebe8f017cddc2d6-b.png wh=3840x2160 body=raw open_ms=269.6 page_ms=434.7 to_png_ms=704.3 close_ms=3.0 write_ms=19.0 warnings=0
1791113267318 VERIFY n=496 dims=Some((3840, 2160)) expect=3840x2160 own_files=2 PASS
1791113267486 BROWSER-EXIT n=496 pid=99420 after_return_ms=168.1
1791113270318 PREV-BROWSER n=497 prev_n=496 pid=99420 alive=false
1791113270318 RENDER-START n=497
1791113270996 RENDER-OK n=497 id=497 browser_pid=Some(106224) slot=A path=%TEMP%\fc-repro-leak-20261004-190528\localappdata\tw.fintools.fc-host\wallpaper\m-7ebe8f017cddc2d6-a.png wh=2560x1600 body=raw open_ms=321.6 page_ms=336.2 to_png_ms=657.8 close_ms=2.3 write_ms=17.6 warnings=0
1791113270996 VERIFY n=497 dims=Some((2560, 1600)) expect=2560x1600 own_files=2 PASS
1791113271174 BROWSER-EXIT n=497 pid=106224 after_return_ms=177.9
1791113271996 PREV-BROWSER n=498 prev_n=497 pid=106224 alive=false
1791113271996 RENDER-START n=498
1791113272768 RENDER-OK n=498 id=498 browser_pid=Some(110932) slot=B path=%TEMP%\fc-repro-leak-20261004-190528\localappdata\tw.fintools.fc-host\wallpaper\m-7ebe8f017cddc2d6-b.png wh=3840x2160 body=raw open_ms=319.9 page_ms=430.7 to_png_ms=750.6 close_ms=3.3 write_ms=18.1 warnings=0
1791113272768 VERIFY n=498 dims=Some((3840, 2160)) expect=3840x2160 own_files=2 PASS
1791113272934 BROWSER-EXIT n=498 pid=110932 after_return_ms=165.6
1791113275768 PREV-BROWSER n=499 prev_n=498 pid=110932 alive=false
1791113275768 RENDER-START n=499
1791113276389 RENDER-OK n=499 id=499 browser_pid=Some(96380) slot=A path=%TEMP%\fc-repro-leak-20261004-190528\localappdata\tw.fintools.fc-host\wallpaper\m-7ebe8f017cddc2d6-a.png wh=2560x1600 body=raw open_ms=287.3 page_ms=320.6 to_png_ms=607.9 close_ms=2.1 write_ms=10.1 warnings=0
1791113276389 VERIFY n=499 dims=Some((2560, 1600)) expect=2560x1600 own_files=2 PASS
1791113276569 BROWSER-EXIT n=499 pid=96380 after_return_ms=180.0
1791113277389 PREV-BROWSER n=500 prev_n=499 pid=96380 alive=false
1791113277389 RENDER-START n=500
1791113278102 RENDER-OK n=500 id=500 browser_pid=Some(86436) slot=B path=%TEMP%\fc-repro-leak-20261004-190528\localappdata\tw.fintools.fc-host\wallpaper\m-7ebe8f017cddc2d6-b.png wh=3840x2160 body=raw open_ms=257.9 page_ms=433.9 to_png_ms=691.8 close_ms=3.6 write_ms=17.2 warnings=0
1791113278103 VERIFY n=500 dims=Some((3840, 2160)) expect=3840x2160 own_files=2 PASS
1791113278274 BROWSER-EXIT n=500 pid=86436 after_return_ms=171.6
1791113281102 PREV-BROWSER n=501 prev_n=500 pid=86436 alive=false
1791113281103 RENDER-START n=501
1791113281713 RENDER-OK n=501 id=501 browser_pid=Some(111320) slot=A path=%TEMP%\fc-repro-leak-20261004-190528\localappdata\tw.fintools.fc-host\wallpaper\m-7ebe8f017cddc2d6-a.png wh=2560x1600 body=raw open_ms=268.1 page_ms=323.5 to_png_ms=591.5 close_ms=2.4 write_ms=15.9 warnings=0
1791113281713 VERIFY n=501 dims=Some((2560, 1600)) expect=2560x1600 own_files=2 PASS
1791113281888 BROWSER-EXIT n=501 pid=111320 after_return_ms=175.6
1791113282713 PREV-BROWSER n=502 prev_n=501 pid=111320 alive=false
1791113282713 RENDER-START n=502
1791113283422 RENDER-OK n=502 id=502 browser_pid=Some(99424) slot=B path=%TEMP%\fc-repro-leak-20261004-190528\localappdata\tw.fintools.fc-host\wallpaper\m-7ebe8f017cddc2d6-b.png wh=3840x2160 body=raw open_ms=257.6 page_ms=427.3 to_png_ms=684.9 close_ms=3.2 write_ms=20.8 warnings=0
1791113283423 VERIFY n=502 dims=Some((3840, 2160)) expect=3840x2160 own_files=2 PASS
1791113283589 BROWSER-EXIT n=502 pid=99424 after_return_ms=167.1
1791113286423 PREV-BROWSER n=503 prev_n=502 pid=99424 alive=false
1791113286423 RENDER-START n=503
1791113287022 RENDER-OK n=503 id=503 browser_pid=Some(68800) slot=A path=%TEMP%\fc-repro-leak-20261004-190528\localappdata\tw.fintools.fc-host\wallpaper\m-7ebe8f017cddc2d6-a.png wh=2560x1600 body=raw open_ms=265.9 page_ms=321.8 to_png_ms=587.7 close_ms=2.0 write_ms=9.7 warnings=0
1791113287022 VERIFY n=503 dims=Some((2560, 1600)) expect=2560x1600 own_files=2 PASS
1791113287201 BROWSER-EXIT n=503 pid=68800 after_return_ms=178.7
1791113288022 PREV-BROWSER n=504 prev_n=503 pid=68800 alive=false
1791113288023 RENDER-START n=504
1791113288736 RENDER-OK n=504 id=504 browser_pid=Some(105120) slot=B path=%TEMP%\fc-repro-leak-20261004-190528\localappdata\tw.fintools.fc-host\wallpaper\m-7ebe8f017cddc2d6-b.png wh=3840x2160 body=raw open_ms=263.1 page_ms=428.8 to_png_ms=691.9 close_ms=3.4 write_ms=18.2 warnings=0
1791113288737 VERIFY n=504 dims=Some((3840, 2160)) expect=3840x2160 own_files=2 PASS
1791113288901 BROWSER-EXIT n=504 pid=105120 after_return_ms=164.5
1791113291737 PREV-BROWSER n=505 prev_n=504 pid=105120 alive=false
1791113291737 RENDER-START n=505
1791113292404 RENDER-OK n=505 id=505 browser_pid=Some(94064) slot=A path=%TEMP%\fc-repro-leak-20261004-190528\localappdata\tw.fintools.fc-host\wallpaper\m-7ebe8f017cddc2d6-a.png wh=2560x1600 body=raw open_ms=321.2 page_ms=326.8 to_png_ms=648.0 close_ms=2.0 write_ms=16.9 warnings=0
1791113292404 VERIFY n=505 dims=Some((2560, 1600)) expect=2560x1600 own_files=2 PASS
1791113292576 BROWSER-EXIT n=505 pid=94064 after_return_ms=171.7
1791113293404 PREV-BROWSER n=506 prev_n=505 pid=94064 alive=false
1791113293404 RENDER-START n=506
1791113294137 RENDER-OK n=506 id=506 browser_pid=Some(64392) slot=B path=%TEMP%\fc-repro-leak-20261004-190528\localappdata\tw.fintools.fc-host\wallpaper\m-7ebe8f017cddc2d6-b.png wh=3840x2160 body=raw open_ms=276.0 page_ms=432.6 to_png_ms=708.6 close_ms=3.3 write_ms=20.0 warnings=0
1791113294137 VERIFY n=506 dims=Some((3840, 2160)) expect=3840x2160 own_files=2 PASS
1791113294301 BROWSER-EXIT n=506 pid=64392 after_return_ms=164.5
1791113297137 PREV-BROWSER n=507 prev_n=506 pid=64392 alive=false
1791113297137 RENDER-START n=507
1791113297741 RENDER-OK n=507 id=507 browser_pid=Some(105672) slot=A path=%TEMP%\fc-repro-leak-20261004-190528\localappdata\tw.fintools.fc-host\wallpaper\m-7ebe8f017cddc2d6-a.png wh=2560x1600 body=raw open_ms=261.1 page_ms=325.0 to_png_ms=586.1 close_ms=2.4 write_ms=15.6 warnings=0
1791113297742 VERIFY n=507 dims=Some((2560, 1600)) expect=2560x1600 own_files=2 PASS
1791113297906 BROWSER-EXIT n=507 pid=105672 after_return_ms=164.7
1791113298742 PREV-BROWSER n=508 prev_n=507 pid=105672 alive=false
1791113298742 RENDER-START n=508
1791113299435 RENDER-OK n=508 id=508 browser_pid=Some(36444) slot=B path=%TEMP%\fc-repro-leak-20261004-190528\localappdata\tw.fintools.fc-host\wallpaper\m-7ebe8f017cddc2d6-b.png wh=3840x2160 body=raw open_ms=254.4 page_ms=417.3 to_png_ms=671.7 close_ms=3.1 write_ms=18.6 warnings=0
1791113299436 VERIFY n=508 dims=Some((3840, 2160)) expect=3840x2160 own_files=2 PASS
1791113299605 BROWSER-EXIT n=508 pid=36444 after_return_ms=169.3
1791113302436 PREV-BROWSER n=509 prev_n=508 pid=36444 alive=false
1791113302436 RENDER-START n=509
1791113303046 RENDER-OK n=509 id=509 browser_pid=Some(62868) slot=A path=%TEMP%\fc-repro-leak-20261004-190528\localappdata\tw.fintools.fc-host\wallpaper\m-7ebe8f017cddc2d6-a.png wh=2560x1600 body=raw open_ms=268.7 page_ms=321.6 to_png_ms=590.4 close_ms=2.3 write_ms=17.2 warnings=0
1791113303046 VERIFY n=509 dims=Some((2560, 1600)) expect=2560x1600 own_files=2 PASS
1791113303225 BROWSER-EXIT n=509 pid=62868 after_return_ms=178.7
1791113304046 PREV-BROWSER n=510 prev_n=509 pid=62868 alive=false
1791113304046 RENDER-START n=510
1791113304823 RENDER-OK n=510 id=510 browser_pid=Some(113412) slot=B path=%TEMP%\fc-repro-leak-20261004-190528\localappdata\tw.fintools.fc-host\wallpaper\m-7ebe8f017cddc2d6-b.png wh=3840x2160 body=raw open_ms=324.9 page_ms=430.8 to_png_ms=755.7 close_ms=3.4 write_ms=17.6 warnings=0
1791113304824 VERIFY n=510 dims=Some((3840, 2160)) expect=3840x2160 own_files=2 PASS
1791113304998 BROWSER-EXIT n=510 pid=113412 after_return_ms=174.3
1791113307824 PREV-BROWSER n=511 prev_n=510 pid=113412 alive=false
1791113307824 RENDER-START n=511
1791113308423 RENDER-OK n=511 id=511 browser_pid=Some(111140) slot=A path=%TEMP%\fc-repro-leak-20261004-190528\localappdata\tw.fintools.fc-host\wallpaper\m-7ebe8f017cddc2d6-a.png wh=2560x1600 body=raw open_ms=258.0 page_ms=322.3 to_png_ms=580.3 close_ms=2.1 write_ms=16.4 warnings=0
1791113308423 VERIFY n=511 dims=Some((2560, 1600)) expect=2560x1600 own_files=2 PASS
1791113308586 BROWSER-EXIT n=511 pid=111140 after_return_ms=163.2
1791113309423 PREV-BROWSER n=512 prev_n=511 pid=111140 alive=false
1791113309423 RENDER-START n=512
1791113310107 RENDER-OK n=512 id=512 browser_pid=Some(113300) slot=B path=%TEMP%\fc-repro-leak-20261004-190528\localappdata\tw.fintools.fc-host\wallpaper\m-7ebe8f017cddc2d6-b.png wh=3840x2160 body=raw open_ms=255.6 page_ms=407.8 to_png_ms=663.4 close_ms=3.2 write_ms=17.2 warnings=0
1791113310108 VERIFY n=512 dims=Some((3840, 2160)) expect=3840x2160 own_files=2 PASS
1791113310279 BROWSER-EXIT n=512 pid=113300 after_return_ms=171.6
1791113313108 PREV-BROWSER n=513 prev_n=512 pid=113300 alive=false
1791113313108 RENDER-START n=513
1791113313803 RENDER-OK n=513 id=513 browser_pid=Some(107168) slot=A path=%TEMP%\fc-repro-leak-20261004-190528\localappdata\tw.fintools.fc-host\wallpaper\m-7ebe8f017cddc2d6-a.png wh=2560x1600 body=raw open_ms=336.7 page_ms=337.2 to_png_ms=673.9 close_ms=2.2 write_ms=18.8 warnings=0
1791113313803 VERIFY n=513 dims=Some((2560, 1600)) expect=2560x1600 own_files=2 PASS
1791113313973 BROWSER-EXIT n=513 pid=107168 after_return_ms=169.9
1791113314804 PREV-BROWSER n=514 prev_n=513 pid=107168 alive=false
1791113314804 RENDER-START n=514
1791113315515 RENDER-OK n=514 id=514 browser_pid=Some(111108) slot=B path=%TEMP%\fc-repro-leak-20261004-190528\localappdata\tw.fintools.fc-host\wallpaper\m-7ebe8f017cddc2d6-b.png wh=3840x2160 body=raw open_ms=260.0 page_ms=433.9 to_png_ms=693.9 close_ms=3.4 write_ms=13.3 warnings=0
1791113315515 VERIFY n=514 dims=Some((3840, 2160)) expect=3840x2160 own_files=2 PASS
1791113315690 BROWSER-EXIT n=514 pid=111108 after_return_ms=175.0
1791113318515 PREV-BROWSER n=515 prev_n=514 pid=111108 alive=false
1791113318515 RENDER-START n=515
1791113319115 RENDER-OK n=515 id=515 browser_pid=Some(103856) slot=A path=%TEMP%\fc-repro-leak-20261004-190528\localappdata\tw.fintools.fc-host\wallpaper\m-7ebe8f017cddc2d6-a.png wh=2560x1600 body=raw open_ms=264.5 page_ms=319.3 to_png_ms=583.8 close_ms=2.3 write_ms=14.3 warnings=0
1791113319116 VERIFY n=515 dims=Some((2560, 1600)) expect=2560x1600 own_files=2 PASS
1791113319294 BROWSER-EXIT n=515 pid=103856 after_return_ms=178.5
1791113320115 PREV-BROWSER n=516 prev_n=515 pid=103856 alive=false
1791113320115 RENDER-START n=516
1791113320824 RENDER-OK n=516 id=516 browser_pid=Some(113104) slot=B path=%TEMP%\fc-repro-leak-20261004-190528\localappdata\tw.fintools.fc-host\wallpaper\m-7ebe8f017cddc2d6-b.png wh=3840x2160 body=raw open_ms=265.5 page_ms=428.5 to_png_ms=694.0 close_ms=3.7 write_ms=10.9 warnings=0
1791113320825 VERIFY n=516 dims=Some((3840, 2160)) expect=3840x2160 own_files=2 PASS
1791113320999 BROWSER-EXIT n=516 pid=113104 after_return_ms=174.8
1791113323825 PREV-BROWSER n=517 prev_n=516 pid=113104 alive=false
1791113323825 RENDER-START n=517
1791113324418 RENDER-OK n=517 id=517 browser_pid=Some(50080) slot=A path=%TEMP%\fc-repro-leak-20261004-190528\localappdata\tw.fintools.fc-host\wallpaper\m-7ebe8f017cddc2d6-a.png wh=2560x1600 body=raw open_ms=260.3 page_ms=320.8 to_png_ms=581.1 close_ms=2.3 write_ms=10.0 warnings=0
1791113324418 VERIFY n=517 dims=Some((2560, 1600)) expect=2560x1600 own_files=2 PASS
1791113324595 BROWSER-EXIT n=517 pid=50080 after_return_ms=176.3
1791113325419 PREV-BROWSER n=518 prev_n=517 pid=50080 alive=false
1791113325419 RENDER-START n=518
1791113326126 RENDER-OK n=518 id=518 browser_pid=Some(107728) slot=B path=%TEMP%\fc-repro-leak-20261004-190528\localappdata\tw.fintools.fc-host\wallpaper\m-7ebe8f017cddc2d6-b.png wh=3840x2160 body=raw open_ms=265.8 page_ms=419.7 to_png_ms=685.5 close_ms=3.0 write_ms=18.2 warnings=0
1791113326126 VERIFY n=518 dims=Some((3840, 2160)) expect=3840x2160 own_files=2 PASS
1791113326298 BROWSER-EXIT n=518 pid=107728 after_return_ms=171.9
1791113329126 PREV-BROWSER n=519 prev_n=518 pid=107728 alive=false
1791113329126 RENDER-START n=519
1791113329746 RENDER-OK n=519 id=519 browser_pid=Some(7500) slot=A path=%TEMP%\fc-repro-leak-20261004-190528\localappdata\tw.fintools.fc-host\wallpaper\m-7ebe8f017cddc2d6-a.png wh=2560x1600 body=raw open_ms=260.5 page_ms=339.9 to_png_ms=600.4 close_ms=2.2 write_ms=17.1 warnings=0
1791113329746 VERIFY n=519 dims=Some((2560, 1600)) expect=2560x1600 own_files=2 PASS
1791113329913 BROWSER-EXIT n=519 pid=7500 after_return_ms=166.7
1791113330746 PREV-BROWSER n=520 prev_n=519 pid=7500 alive=false
1791113330746 RENDER-START n=520
1791113331476 RENDER-OK n=520 id=520 browser_pid=Some(76788) slot=B path=%TEMP%\fc-repro-leak-20261004-190528\localappdata\tw.fintools.fc-host\wallpaper\m-7ebe8f017cddc2d6-b.png wh=3840x2160 body=raw open_ms=288.9 page_ms=418.6 to_png_ms=707.5 close_ms=3.6 write_ms=18.2 warnings=0
1791113331477 VERIFY n=520 dims=Some((3840, 2160)) expect=3840x2160 own_files=2 PASS
1791113331641 BROWSER-EXIT n=520 pid=76788 after_return_ms=165.3
1791113334477 PREV-BROWSER n=521 prev_n=520 pid=76788 alive=false
1791113334477 RENDER-START n=521
1791113335090 RENDER-OK n=521 id=521 browser_pid=Some(99400) slot=A path=%TEMP%\fc-repro-leak-20261004-190528\localappdata\tw.fintools.fc-host\wallpaper\m-7ebe8f017cddc2d6-a.png wh=2560x1600 body=raw open_ms=265.5 page_ms=327.9 to_png_ms=593.4 close_ms=2.2 write_ms=17.8 warnings=0
1791113335091 VERIFY n=521 dims=Some((2560, 1600)) expect=2560x1600 own_files=2 PASS
1791113335265 BROWSER-EXIT n=521 pid=99400 after_return_ms=174.8
1791113336091 PREV-BROWSER n=522 prev_n=521 pid=99400 alive=false
1791113336091 RENDER-START n=522
1791113336806 RENDER-OK n=522 id=522 browser_pid=Some(112964) slot=B path=%TEMP%\fc-repro-leak-20261004-190528\localappdata\tw.fintools.fc-host\wallpaper\m-7ebe8f017cddc2d6-b.png wh=3840x2160 body=raw open_ms=285.7 page_ms=407.3 to_png_ms=693.0 close_ms=3.3 write_ms=18.4 warnings=0
1791113336806 VERIFY n=522 dims=Some((3840, 2160)) expect=3840x2160 own_files=2 PASS
1791113336980 BROWSER-EXIT n=522 pid=112964 after_return_ms=174.3
1791113339806 PREV-BROWSER n=523 prev_n=522 pid=112964 alive=false
1791113339806 RENDER-START n=523
1791113340428 RENDER-OK n=523 id=523 browser_pid=Some(106580) slot=A path=%TEMP%\fc-repro-leak-20261004-190528\localappdata\tw.fintools.fc-host\wallpaper\m-7ebe8f017cddc2d6-a.png wh=2560x1600 body=raw open_ms=265.4 page_ms=336.6 to_png_ms=602.1 close_ms=2.2 write_ms=17.3 warnings=0
1791113340428 VERIFY n=523 dims=Some((2560, 1600)) expect=2560x1600 own_files=2 PASS
1791113340602 BROWSER-EXIT n=523 pid=106580 after_return_ms=174.0
1791113341429 PREV-BROWSER n=524 prev_n=523 pid=106580 alive=false
1791113341429 RENDER-START n=524
1791113342134 RENDER-OK n=524 id=524 browser_pid=Some(89004) slot=B path=%TEMP%\fc-repro-leak-20261004-190528\localappdata\tw.fintools.fc-host\wallpaper\m-7ebe8f017cddc2d6-b.png wh=3840x2160 body=raw open_ms=267.3 page_ms=424.3 to_png_ms=691.6 close_ms=3.2 write_ms=10.4 warnings=0
1791113342134 VERIFY n=524 dims=Some((3840, 2160)) expect=3840x2160 own_files=2 PASS
1791113342314 BROWSER-EXIT n=524 pid=89004 after_return_ms=179.6
1791113345134 PREV-BROWSER n=525 prev_n=524 pid=89004 alive=false
1791113345134 RENDER-START n=525
1791113345810 RENDER-OK n=525 id=525 browser_pid=Some(7040) slot=A path=%TEMP%\fc-repro-leak-20261004-190528\localappdata\tw.fintools.fc-host\wallpaper\m-7ebe8f017cddc2d6-a.png wh=2560x1600 body=raw open_ms=338.3 page_ms=316.1 to_png_ms=654.4 close_ms=2.4 write_ms=18.5 warnings=0
1791113345810 VERIFY n=525 dims=Some((2560, 1600)) expect=2560x1600 own_files=2 PASS
1791113345979 BROWSER-EXIT n=525 pid=7040 after_return_ms=169.2
1791113346810 PREV-BROWSER n=526 prev_n=525 pid=7040 alive=false
1791113346810 RENDER-START n=526
1791113347536 RENDER-OK n=526 id=526 browser_pid=Some(111188) slot=B path=%TEMP%\fc-repro-leak-20261004-190528\localappdata\tw.fintools.fc-host\wallpaper\m-7ebe8f017cddc2d6-b.png wh=3840x2160 body=raw open_ms=276.4 page_ms=426.5 to_png_ms=702.9 close_ms=3.5 write_ms=11.4 warnings=0
1791113347536 VERIFY n=526 dims=Some((3840, 2160)) expect=3840x2160 own_files=2 PASS
1791113347704 BROWSER-EXIT n=526 pid=111188 after_return_ms=168.8
1791113350536 PREV-BROWSER n=527 prev_n=526 pid=111188 alive=false
1791113350536 RENDER-START n=527
1791113351130 RENDER-OK n=527 id=527 browser_pid=Some(58768) slot=A path=%TEMP%\fc-repro-leak-20261004-190528\localappdata\tw.fintools.fc-host\wallpaper\m-7ebe8f017cddc2d6-a.png wh=2560x1600 body=raw open_ms=259.9 page_ms=321.1 to_png_ms=581.0 close_ms=2.0 write_ms=11.3 warnings=0
1791113351131 VERIFY n=527 dims=Some((2560, 1600)) expect=2560x1600 own_files=2 PASS
1791113351313 BROWSER-EXIT n=527 pid=58768 after_return_ms=183.0
1791113352131 PREV-BROWSER n=528 prev_n=527 pid=58768 alive=false
1791113352131 RENDER-START n=528
1791113352874 RENDER-OK n=528 id=528 browser_pid=Some(84248) slot=B path=%TEMP%\fc-repro-leak-20261004-190528\localappdata\tw.fintools.fc-host\wallpaper\m-7ebe8f017cddc2d6-b.png wh=3840x2160 body=raw open_ms=308.1 page_ms=413.1 to_png_ms=721.2 close_ms=3.0 write_ms=18.4 warnings=0
1791113352874 VERIFY n=528 dims=Some((3840, 2160)) expect=3840x2160 own_files=2 PASS
1791113353052 BROWSER-EXIT n=528 pid=84248 after_return_ms=178.0
1791113355874 PREV-BROWSER n=529 prev_n=528 pid=84248 alive=false
1791113355874 RENDER-START n=529
1791113356480 RENDER-OK n=529 id=529 browser_pid=Some(89932) slot=A path=%TEMP%\fc-repro-leak-20261004-190528\localappdata\tw.fintools.fc-host\wallpaper\m-7ebe8f017cddc2d6-a.png wh=2560x1600 body=raw open_ms=263.3 page_ms=324.8 to_png_ms=588.1 close_ms=2.3 write_ms=15.8 warnings=0
1791113356481 VERIFY n=529 dims=Some((2560, 1600)) expect=2560x1600 own_files=2 PASS
1791113356657 BROWSER-EXIT n=529 pid=89932 after_return_ms=176.7
1791113357481 PREV-BROWSER n=530 prev_n=529 pid=89932 alive=false
1791113357481 RENDER-START n=530
1791113358274 RENDER-OK n=530 id=530 browser_pid=Some(110860) slot=B path=%TEMP%\fc-repro-leak-20261004-190528\localappdata\tw.fintools.fc-host\wallpaper\m-7ebe8f017cddc2d6-b.png wh=3840x2160 body=raw open_ms=351.4 page_ms=425.7 to_png_ms=777.0 close_ms=3.4 write_ms=12.6 warnings=0
1791113358274 VERIFY n=530 dims=Some((3840, 2160)) expect=3840x2160 own_files=2 PASS
1791113358454 BROWSER-EXIT n=530 pid=110860 after_return_ms=179.9
1791113361274 PREV-BROWSER n=531 prev_n=530 pid=110860 alive=false
1791113361274 RENDER-START n=531
1791113361925 RENDER-OK n=531 id=531 browser_pid=Some(113624) slot=A path=%TEMP%\fc-repro-leak-20261004-190528\localappdata\tw.fintools.fc-host\wallpaper\m-7ebe8f017cddc2d6-a.png wh=2560x1600 body=raw open_ms=295.3 page_ms=336.1 to_png_ms=631.4 close_ms=2.1 write_ms=16.8 warnings=0
1791113361925 VERIFY n=531 dims=Some((2560, 1600)) expect=2560x1600 own_files=2 PASS
1791113362096 BROWSER-EXIT n=531 pid=113624 after_return_ms=171.1
1791113362925 PREV-BROWSER n=532 prev_n=531 pid=113624 alive=false
1791113362925 RENDER-START n=532
1791113363626 RENDER-OK n=532 id=532 browser_pid=Some(111796) slot=B path=%TEMP%\fc-repro-leak-20261004-190528\localappdata\tw.fintools.fc-host\wallpaper\m-7ebe8f017cddc2d6-b.png wh=3840x2160 body=raw open_ms=263.9 page_ms=416.4 to_png_ms=680.3 close_ms=3.1 write_ms=17.6 warnings=0
1791113363626 VERIFY n=532 dims=Some((3840, 2160)) expect=3840x2160 own_files=2 PASS
1791113363801 BROWSER-EXIT n=532 pid=111796 after_return_ms=174.4
1791113366626 PREV-BROWSER n=533 prev_n=532 pid=111796 alive=false
1791113366626 RENDER-START n=533
1791113367238 RENDER-OK n=533 id=533 browser_pid=Some(27556) slot=A path=%TEMP%\fc-repro-leak-20261004-190528\localappdata\tw.fintools.fc-host\wallpaper\m-7ebe8f017cddc2d6-a.png wh=2560x1600 body=raw open_ms=267.8 page_ms=324.6 to_png_ms=592.3 close_ms=2.5 write_ms=16.6 warnings=0
1791113367238 VERIFY n=533 dims=Some((2560, 1600)) expect=2560x1600 own_files=2 PASS
1791113367407 BROWSER-EXIT n=533 pid=27556 after_return_ms=168.7
1791113368238 PREV-BROWSER n=534 prev_n=533 pid=27556 alive=false
1791113368238 RENDER-START n=534
1791113368935 RENDER-OK n=534 id=534 browser_pid=Some(106364) slot=B path=%TEMP%\fc-repro-leak-20261004-190528\localappdata\tw.fintools.fc-host\wallpaper\m-7ebe8f017cddc2d6-b.png wh=3840x2160 body=raw open_ms=271.8 page_ms=403.5 to_png_ms=675.3 close_ms=3.2 write_ms=17.6 warnings=0
1791113368935 VERIFY n=534 dims=Some((3840, 2160)) expect=3840x2160 own_files=2 PASS
1791113369110 BROWSER-EXIT n=534 pid=106364 after_return_ms=175.3
1791113371935 PREV-BROWSER n=535 prev_n=534 pid=106364 alive=false
1791113371935 RENDER-START n=535
1791113372550 RENDER-OK n=535 id=535 browser_pid=Some(112596) slot=A path=%TEMP%\fc-repro-leak-20261004-190528\localappdata\tw.fintools.fc-host\wallpaper\m-7ebe8f017cddc2d6-a.png wh=2560x1600 body=raw open_ms=258.8 page_ms=336.5 to_png_ms=595.3 close_ms=2.1 write_ms=16.7 warnings=0
1791113372550 VERIFY n=535 dims=Some((2560, 1600)) expect=2560x1600 own_files=2 PASS
1791113372723 BROWSER-EXIT n=535 pid=112596 after_return_ms=173.9
1791113373550 PREV-BROWSER n=536 prev_n=535 pid=112596 alive=false
1791113373550 RENDER-START n=536
1791113374249 RENDER-OK n=536 id=536 browser_pid=Some(97560) slot=B path=%TEMP%\fc-repro-leak-20261004-190528\localappdata\tw.fintools.fc-host\wallpaper\m-7ebe8f017cddc2d6-b.png wh=3840x2160 body=raw open_ms=257.7 page_ms=420.7 to_png_ms=678.4 close_ms=3.2 write_ms=16.9 warnings=0
1791113374249 VERIFY n=536 dims=Some((3840, 2160)) expect=3840x2160 own_files=2 PASS
1791113374427 BROWSER-EXIT n=536 pid=97560 after_return_ms=178.4
1791113377250 PREV-BROWSER n=537 prev_n=536 pid=97560 alive=false
1791113377250 RENDER-START n=537
1791113377867 RENDER-OK n=537 id=537 browser_pid=Some(52448) slot=A path=%TEMP%\fc-repro-leak-20261004-190528\localappdata\tw.fintools.fc-host\wallpaper\m-7ebe8f017cddc2d6-a.png wh=2560x1600 body=raw open_ms=267.2 page_ms=332.0 to_png_ms=599.2 close_ms=2.1 write_ms=16.0 warnings=0
1791113377867 VERIFY n=537 dims=Some((2560, 1600)) expect=2560x1600 own_files=2 PASS
1791113378044 BROWSER-EXIT n=537 pid=52448 after_return_ms=177.2
1791113378868 PREV-BROWSER n=538 prev_n=537 pid=52448 alive=false
1791113378868 RENDER-START n=538
1791113379585 RENDER-OK n=538 id=538 browser_pid=Some(56940) slot=B path=%TEMP%\fc-repro-leak-20261004-190528\localappdata\tw.fintools.fc-host\wallpaper\m-7ebe8f017cddc2d6-b.png wh=3840x2160 body=raw open_ms=264.0 page_ms=429.6 to_png_ms=693.6 close_ms=3.4 write_ms=20.2 warnings=0
1791113379585 VERIFY n=538 dims=Some((3840, 2160)) expect=3840x2160 own_files=2 PASS
1791113379755 BROWSER-EXIT n=538 pid=56940 after_return_ms=170.0
1791113382586 PREV-BROWSER n=539 prev_n=538 pid=56940 alive=false
1791113382586 RENDER-START n=539
1791113383203 RENDER-OK n=539 id=539 browser_pid=Some(107116) slot=A path=%TEMP%\fc-repro-leak-20261004-190528\localappdata\tw.fintools.fc-host\wallpaper\m-7ebe8f017cddc2d6-a.png wh=2560x1600 body=raw open_ms=268.2 page_ms=329.6 to_png_ms=597.8 close_ms=2.1 write_ms=17.3 warnings=0
1791113383203 VERIFY n=539 dims=Some((2560, 1600)) expect=2560x1600 own_files=2 PASS
1791113383379 BROWSER-EXIT n=539 pid=107116 after_return_ms=176.0
1791113384203 PREV-BROWSER n=540 prev_n=539 pid=107116 alive=false
1791113384204 RENDER-START n=540
1791113384902 RENDER-OK n=540 id=540 browser_pid=Some(112264) slot=B path=%TEMP%\fc-repro-leak-20261004-190528\localappdata\tw.fintools.fc-host\wallpaper\m-7ebe8f017cddc2d6-b.png wh=3840x2160 body=raw open_ms=261.8 page_ms=414.4 to_png_ms=676.2 close_ms=3.3 write_ms=19.0 warnings=0
1791113384903 VERIFY n=540 dims=Some((3840, 2160)) expect=3840x2160 own_files=2 PASS
1791113385074 BROWSER-EXIT n=540 pid=112264 after_return_ms=171.8
1791113387903 PREV-BROWSER n=541 prev_n=540 pid=112264 alive=false
1791113387903 RENDER-START n=541
1791113388512 RENDER-OK n=541 id=541 browser_pid=Some(99816) slot=A path=%TEMP%\fc-repro-leak-20261004-190528\localappdata\tw.fintools.fc-host\wallpaper\m-7ebe8f017cddc2d6-a.png wh=2560x1600 body=raw open_ms=262.6 page_ms=333.7 to_png_ms=596.3 close_ms=2.5 write_ms=10.4 warnings=0
1791113388512 VERIFY n=541 dims=Some((2560, 1600)) expect=2560x1600 own_files=2 PASS
1791113388697 BROWSER-EXIT n=541 pid=99816 after_return_ms=184.8
1791113389513 PREV-BROWSER n=542 prev_n=541 pid=99816 alive=false
1791113389513 RENDER-START n=542
1791113390230 RENDER-OK n=542 id=542 browser_pid=Some(105728) slot=B path=%TEMP%\fc-repro-leak-20261004-190528\localappdata\tw.fintools.fc-host\wallpaper\m-7ebe8f017cddc2d6-b.png wh=3840x2160 body=raw open_ms=274.2 page_ms=420.6 to_png_ms=694.8 close_ms=3.1 write_ms=18.4 warnings=0
1791113390230 VERIFY n=542 dims=Some((3840, 2160)) expect=3840x2160 own_files=2 PASS
1791113390397 BROWSER-EXIT n=542 pid=105728 after_return_ms=167.4
1791113393230 PREV-BROWSER n=543 prev_n=542 pid=105728 alive=false
1791113393230 RENDER-START n=543
1791113393830 RENDER-OK n=543 id=543 browser_pid=Some(92008) slot=A path=%TEMP%\fc-repro-leak-20261004-190528\localappdata\tw.fintools.fc-host\wallpaper\m-7ebe8f017cddc2d6-a.png wh=2560x1600 body=raw open_ms=258.1 page_ms=330.0 to_png_ms=588.1 close_ms=2.4 write_ms=9.1 warnings=0
1791113393830 VERIFY n=543 dims=Some((2560, 1600)) expect=2560x1600 own_files=2 PASS
1791113394014 BROWSER-EXIT n=543 pid=92008 after_return_ms=183.7
1791113394830 PREV-BROWSER n=544 prev_n=543 pid=92008 alive=false
1791113394830 RENDER-START n=544
1791113395542 RENDER-OK n=544 id=544 browser_pid=Some(109608) slot=B path=%TEMP%\fc-repro-leak-20261004-190528\localappdata\tw.fintools.fc-host\wallpaper\m-7ebe8f017cddc2d6-b.png wh=3840x2160 body=raw open_ms=264.9 page_ms=424.3 to_png_ms=689.2 close_ms=3.0 write_ms=19.0 warnings=0
1791113395542 VERIFY n=544 dims=Some((3840, 2160)) expect=3840x2160 own_files=2 PASS
1791113395708 BROWSER-EXIT n=544 pid=109608 after_return_ms=166.6
1791113398542 PREV-BROWSER n=545 prev_n=544 pid=109608 alive=false
1791113398542 RENDER-START n=545
1791113399147 RENDER-OK n=545 id=545 browser_pid=Some(37008) slot=A path=%TEMP%\fc-repro-leak-20261004-190528\localappdata\tw.fintools.fc-host\wallpaper\m-7ebe8f017cddc2d6-a.png wh=2560x1600 body=raw open_ms=258.8 page_ms=325.7 to_png_ms=584.5 close_ms=2.4 write_ms=17.5 warnings=0
1791113399147 VERIFY n=545 dims=Some((2560, 1600)) expect=2560x1600 own_files=2 PASS
1791113399325 BROWSER-EXIT n=545 pid=37008 after_return_ms=178.1
1791113400147 PREV-BROWSER n=546 prev_n=545 pid=37008 alive=false
1791113400147 RENDER-START n=546
1791113400857 RENDER-OK n=546 id=546 browser_pid=Some(101184) slot=B path=%TEMP%\fc-repro-leak-20261004-190528\localappdata\tw.fintools.fc-host\wallpaper\m-7ebe8f017cddc2d6-b.png wh=3840x2160 body=raw open_ms=263.4 page_ms=425.3 to_png_ms=688.6 close_ms=3.2 write_ms=17.5 warnings=0
1791113400857 VERIFY n=546 dims=Some((3840, 2160)) expect=3840x2160 own_files=2 PASS
1791113401025 BROWSER-EXIT n=546 pid=101184 after_return_ms=167.8
1791113403857 PREV-BROWSER n=547 prev_n=546 pid=101184 alive=false
1791113403857 RENDER-START n=547
1791113404477 RENDER-OK n=547 id=547 browser_pid=Some(100224) slot=A path=%TEMP%\fc-repro-leak-20261004-190528\localappdata\tw.fintools.fc-host\wallpaper\m-7ebe8f017cddc2d6-a.png wh=2560x1600 body=raw open_ms=264.2 page_ms=344.0 to_png_ms=608.2 close_ms=2.3 write_ms=9.4 warnings=0
1791113404477 VERIFY n=547 dims=Some((2560, 1600)) expect=2560x1600 own_files=2 PASS
1791113404659 BROWSER-EXIT n=547 pid=100224 after_return_ms=182.0
1791113405478 PREV-BROWSER n=548 prev_n=547 pid=100224 alive=false
1791113405478 RENDER-START n=548
1791113406187 RENDER-OK n=548 id=548 browser_pid=Some(38076) slot=B path=%TEMP%\fc-repro-leak-20261004-190528\localappdata\tw.fintools.fc-host\wallpaper\m-7ebe8f017cddc2d6-b.png wh=3840x2160 body=raw open_ms=277.4 page_ms=416.1 to_png_ms=693.5 close_ms=3.3 write_ms=11.7 warnings=0
1791113406187 VERIFY n=548 dims=Some((3840, 2160)) expect=3840x2160 own_files=2 PASS
1791113406362 BROWSER-EXIT n=548 pid=38076 after_return_ms=175.7
1791113409187 PREV-BROWSER n=549 prev_n=548 pid=38076 alive=false
1791113409187 RENDER-START n=549
1791113409777 RENDER-OK n=549 id=549 browser_pid=Some(53444) slot=A path=%TEMP%\fc-repro-leak-20261004-190528\localappdata\tw.fintools.fc-host\wallpaper\m-7ebe8f017cddc2d6-a.png wh=2560x1600 body=raw open_ms=260.8 page_ms=317.9 to_png_ms=578.7 close_ms=1.9 write_ms=8.8 warnings=0
1791113409777 VERIFY n=549 dims=Some((2560, 1600)) expect=2560x1600 own_files=2 PASS
1791113409949 BROWSER-EXIT n=549 pid=53444 after_return_ms=172.1
1791113410777 PREV-BROWSER n=550 prev_n=549 pid=53444 alive=false
1791113410777 RENDER-START n=550
1791113411485 RENDER-OK n=550 id=550 browser_pid=Some(5524) slot=B path=%TEMP%\fc-repro-leak-20261004-190528\localappdata\tw.fintools.fc-host\wallpaper\m-7ebe8f017cddc2d6-b.png wh=3840x2160 body=raw open_ms=264.8 page_ms=422.0 to_png_ms=686.8 close_ms=3.2 write_ms=18.0 warnings=0
1791113411486 VERIFY n=550 dims=Some((3840, 2160)) expect=3840x2160 own_files=2 PASS
1791113411655 BROWSER-EXIT n=550 pid=5524 after_return_ms=169.6
1791113414486 PREV-BROWSER n=551 prev_n=550 pid=5524 alive=false
1791113414486 RENDER-START n=551
1791113415092 RENDER-OK n=551 id=551 browser_pid=Some(96668) slot=A path=%TEMP%\fc-repro-leak-20261004-190528\localappdata\tw.fintools.fc-host\wallpaper\m-7ebe8f017cddc2d6-a.png wh=2560x1600 body=raw open_ms=261.5 page_ms=323.9 to_png_ms=585.3 close_ms=2.6 write_ms=17.4 warnings=0
1791113415092 VERIFY n=551 dims=Some((2560, 1600)) expect=2560x1600 own_files=2 PASS
1791113415263 BROWSER-EXIT n=551 pid=96668 after_return_ms=171.6
1791113416092 PREV-BROWSER n=552 prev_n=551 pid=96668 alive=false
1791113416092 RENDER-START n=552
1791113416798 RENDER-OK n=552 id=552 browser_pid=Some(105736) slot=B path=%TEMP%\fc-repro-leak-20261004-190528\localappdata\tw.fintools.fc-host\wallpaper\m-7ebe8f017cddc2d6-b.png wh=3840x2160 body=raw open_ms=264.5 page_ms=419.6 to_png_ms=684.1 close_ms=3.2 write_ms=18.5 warnings=0
1791113416798 VERIFY n=552 dims=Some((3840, 2160)) expect=3840x2160 own_files=2 PASS
1791113416969 BROWSER-EXIT n=552 pid=105736 after_return_ms=170.6
1791113419799 PREV-BROWSER n=553 prev_n=552 pid=105736 alive=false
1791113419799 RENDER-START n=553
1791113420406 RENDER-OK n=553 id=553 browser_pid=Some(109852) slot=A path=%TEMP%\fc-repro-leak-20261004-190528\localappdata\tw.fintools.fc-host\wallpaper\m-7ebe8f017cddc2d6-a.png wh=2560x1600 body=raw open_ms=263.6 page_ms=325.3 to_png_ms=588.9 close_ms=2.2 write_ms=15.8 warnings=0
1791113420406 VERIFY n=553 dims=Some((2560, 1600)) expect=2560x1600 own_files=2 PASS
1791113420584 BROWSER-EXIT n=553 pid=109852 after_return_ms=177.7
1791113421406 PREV-BROWSER n=554 prev_n=553 pid=109852 alive=false
1791113421406 RENDER-START n=554
1791113422103 RENDER-OK n=554 id=554 browser_pid=Some(111600) slot=B path=%TEMP%\fc-repro-leak-20261004-190528\localappdata\tw.fintools.fc-host\wallpaper\m-7ebe8f017cddc2d6-b.png wh=3840x2160 body=raw open_ms=261.9 page_ms=412.7 to_png_ms=674.6 close_ms=3.3 write_ms=18.3 warnings=0
1791113422103 VERIFY n=554 dims=Some((3840, 2160)) expect=3840x2160 own_files=2 PASS
1791113422267 BROWSER-EXIT n=554 pid=111600 after_return_ms=164.1
1791113425103 PREV-BROWSER n=555 prev_n=554 pid=111600 alive=false
1791113425103 RENDER-START n=555
1791113425714 RENDER-OK n=555 id=555 browser_pid=Some(113660) slot=A path=%TEMP%\fc-repro-leak-20261004-190528\localappdata\tw.fintools.fc-host\wallpaper\m-7ebe8f017cddc2d6-a.png wh=2560x1600 body=raw open_ms=264.0 page_ms=328.0 to_png_ms=592.0 close_ms=2.2 write_ms=16.4 warnings=0
1791113425714 VERIFY n=555 dims=Some((2560, 1600)) expect=2560x1600 own_files=2 PASS
1791113425885 BROWSER-EXIT n=555 pid=113660 after_return_ms=171.7
1791113426714 PREV-BROWSER n=556 prev_n=555 pid=113660 alive=false
1791113426714 RENDER-START n=556
1791113427406 RENDER-OK n=556 id=556 browser_pid=Some(102476) slot=B path=%TEMP%\fc-repro-leak-20261004-190528\localappdata\tw.fintools.fc-host\wallpaper\m-7ebe8f017cddc2d6-b.png wh=3840x2160 body=raw open_ms=253.3 page_ms=416.5 to_png_ms=669.8 close_ms=3.1 write_ms=18.1 warnings=0
1791113427406 VERIFY n=556 dims=Some((3840, 2160)) expect=3840x2160 own_files=2 PASS
1791113427577 BROWSER-EXIT n=556 pid=102476 after_return_ms=171.9
1791113430406 PREV-BROWSER n=557 prev_n=556 pid=102476 alive=false
1791113430406 RENDER-START n=557
1791113431006 RENDER-OK n=557 id=557 browser_pid=Some(58488) slot=A path=%TEMP%\fc-repro-leak-20261004-190528\localappdata\tw.fintools.fc-host\wallpaper\m-7ebe8f017cddc2d6-a.png wh=2560x1600 body=raw open_ms=261.0 page_ms=321.1 to_png_ms=582.1 close_ms=2.2 write_ms=16.0 warnings=0
1791113431007 VERIFY n=557 dims=Some((2560, 1600)) expect=2560x1600 own_files=2 PASS
1791113431182 BROWSER-EXIT n=557 pid=58488 after_return_ms=175.6
1791113432007 PREV-BROWSER n=558 prev_n=557 pid=58488 alive=false
1791113432007 RENDER-START n=558
1791113432726 RENDER-OK n=558 id=558 browser_pid=Some(72260) slot=B path=%TEMP%\fc-repro-leak-20261004-190528\localappdata\tw.fintools.fc-host\wallpaper\m-7ebe8f017cddc2d6-b.png wh=3840x2160 body=raw open_ms=269.4 page_ms=429.7 to_png_ms=699.1 close_ms=3.0 write_ms=17.1 warnings=0
1791113432726 VERIFY n=558 dims=Some((3840, 2160)) expect=3840x2160 own_files=2 PASS
1791113432896 BROWSER-EXIT n=558 pid=72260 after_return_ms=169.3
1791113435726 PREV-BROWSER n=559 prev_n=558 pid=72260 alive=false
1791113435727 RENDER-START n=559
1791113436337 RENDER-OK n=559 id=559 browser_pid=Some(96676) slot=A path=%TEMP%\fc-repro-leak-20261004-190528\localappdata\tw.fintools.fc-host\wallpaper\m-7ebe8f017cddc2d6-a.png wh=2560x1600 body=raw open_ms=266.0 page_ms=326.8 to_png_ms=592.8 close_ms=2.2 write_ms=15.6 warnings=0
1791113436337 VERIFY n=559 dims=Some((2560, 1600)) expect=2560x1600 own_files=2 PASS
1791113436513 BROWSER-EXIT n=559 pid=96676 after_return_ms=175.6
1791113437337 PREV-BROWSER n=560 prev_n=559 pid=96676 alive=false
1791113437337 RENDER-START n=560
1791113438031 RENDER-OK n=560 id=560 browser_pid=Some(14392) slot=B path=%TEMP%\fc-repro-leak-20261004-190528\localappdata\tw.fintools.fc-host\wallpaper\m-7ebe8f017cddc2d6-b.png wh=3840x2160 body=raw open_ms=262.6 page_ms=416.8 to_png_ms=679.4 close_ms=3.2 write_ms=10.7 warnings=0
1791113438031 VERIFY n=560 dims=Some((3840, 2160)) expect=3840x2160 own_files=2 PASS
1791113438203 BROWSER-EXIT n=560 pid=14392 after_return_ms=171.7
1791113441032 PREV-BROWSER n=561 prev_n=560 pid=14392 alive=false
1791113441032 RENDER-START n=561
1791113441631 RENDER-OK n=561 id=561 browser_pid=Some(112660) slot=A path=%TEMP%\fc-repro-leak-20261004-190528\localappdata\tw.fintools.fc-host\wallpaper\m-7ebe8f017cddc2d6-a.png wh=2560x1600 body=raw open_ms=262.5 page_ms=326.6 to_png_ms=589.1 close_ms=2.1 write_ms=8.2 warnings=0
1791113441631 VERIFY n=561 dims=Some((2560, 1600)) expect=2560x1600 own_files=2 PASS
1791113441814 BROWSER-EXIT n=561 pid=112660 after_return_ms=183.1
1791113442631 PREV-BROWSER n=562 prev_n=561 pid=112660 alive=false
1791113442631 RENDER-START n=562
1791113443371 RENDER-OK n=562 id=562 browser_pid=Some(112560) slot=B path=%TEMP%\fc-repro-leak-20261004-190528\localappdata\tw.fintools.fc-host\wallpaper\m-7ebe8f017cddc2d6-b.png wh=3840x2160 body=raw open_ms=297.3 page_ms=421.0 to_png_ms=718.3 close_ms=3.2 write_ms=18.0 warnings=0
1791113443372 VERIFY n=562 dims=Some((3840, 2160)) expect=3840x2160 own_files=2 PASS
1791113443540 BROWSER-EXIT n=562 pid=112560 after_return_ms=169.0
1791113446372 PREV-BROWSER n=563 prev_n=562 pid=112560 alive=false
1791113446372 RENDER-START n=563
1791113446998 RENDER-OK n=563 id=563 browser_pid=Some(112304) slot=A path=%TEMP%\fc-repro-leak-20261004-190528\localappdata\tw.fintools.fc-host\wallpaper\m-7ebe8f017cddc2d6-a.png wh=2560x1600 body=raw open_ms=290.7 page_ms=317.2 to_png_ms=607.9 close_ms=2.0 write_ms=16.1 warnings=0
1791113446998 VERIFY n=563 dims=Some((2560, 1600)) expect=2560x1600 own_files=2 PASS
1791113447168 BROWSER-EXIT n=563 pid=112304 after_return_ms=170.0
1791113447998 PREV-BROWSER n=564 prev_n=563 pid=112304 alive=false
1791113447998 RENDER-START n=564
1791113448695 RENDER-OK n=564 id=564 browser_pid=Some(17184) slot=B path=%TEMP%\fc-repro-leak-20261004-190528\localappdata\tw.fintools.fc-host\wallpaper\m-7ebe8f017cddc2d6-b.png wh=3840x2160 body=raw open_ms=261.5 page_ms=412.3 to_png_ms=673.8 close_ms=3.1 write_ms=19.1 warnings=0
1791113448695 VERIFY n=564 dims=Some((3840, 2160)) expect=3840x2160 own_files=2 PASS
1791113448868 BROWSER-EXIT n=564 pid=17184 after_return_ms=173.7
1791113451695 PREV-BROWSER n=565 prev_n=564 pid=17184 alive=false
1791113451695 RENDER-START n=565
1791113452293 RENDER-OK n=565 id=565 browser_pid=Some(113576) slot=A path=%TEMP%\fc-repro-leak-20261004-190528\localappdata\tw.fintools.fc-host\wallpaper\m-7ebe8f017cddc2d6-a.png wh=2560x1600 body=raw open_ms=260.0 page_ms=318.4 to_png_ms=578.3 close_ms=2.3 write_ms=17.5 warnings=0
1791113452293 VERIFY n=565 dims=Some((2560, 1600)) expect=2560x1600 own_files=2 PASS
1791113452458 BROWSER-EXIT n=565 pid=113576 after_return_ms=164.7
1791113453293 PREV-BROWSER n=566 prev_n=565 pid=113576 alive=false
1791113453293 RENDER-START n=566
1791113453989 RENDER-OK n=566 id=566 browser_pid=Some(63180) slot=B path=%TEMP%\fc-repro-leak-20261004-190528\localappdata\tw.fintools.fc-host\wallpaper\m-7ebe8f017cddc2d6-b.png wh=3840x2160 body=raw open_ms=258.6 page_ms=414.7 to_png_ms=673.3 close_ms=3.1 write_ms=18.9 warnings=0
1791113453989 VERIFY n=566 dims=Some((3840, 2160)) expect=3840x2160 own_files=2 PASS
1791113454158 BROWSER-EXIT n=566 pid=63180 after_return_ms=169.0
1791113456989 PREV-BROWSER n=567 prev_n=566 pid=63180 alive=false
1791113456989 RENDER-START n=567
1791113457590 RENDER-OK n=567 id=567 browser_pid=Some(69588) slot=A path=%TEMP%\fc-repro-leak-20261004-190528\localappdata\tw.fintools.fc-host\wallpaper\m-7ebe8f017cddc2d6-a.png wh=2560x1600 body=raw open_ms=263.2 page_ms=318.5 to_png_ms=581.7 close_ms=2.0 write_ms=16.5 warnings=0
1791113457590 VERIFY n=567 dims=Some((2560, 1600)) expect=2560x1600 own_files=2 PASS
1791113457761 BROWSER-EXIT n=567 pid=69588 after_return_ms=171.3
1791113458590 PREV-BROWSER n=568 prev_n=567 pid=69588 alive=false
1791113458590 RENDER-START n=568
1791113459302 RENDER-OK n=568 id=568 browser_pid=Some(96976) slot=B path=%TEMP%\fc-repro-leak-20261004-190528\localappdata\tw.fintools.fc-host\wallpaper\m-7ebe8f017cddc2d6-b.png wh=3840x2160 body=raw open_ms=261.8 page_ms=426.9 to_png_ms=688.6 close_ms=3.2 write_ms=19.2 warnings=0
1791113459302 VERIFY n=568 dims=Some((3840, 2160)) expect=3840x2160 own_files=2 PASS
1791113459473 BROWSER-EXIT n=568 pid=96976 after_return_ms=171.1
1791113462302 PREV-BROWSER n=569 prev_n=568 pid=96976 alive=false
1791113462302 RENDER-START n=569
1791113462903 RENDER-OK n=569 id=569 browser_pid=Some(111020) slot=A path=%TEMP%\fc-repro-leak-20261004-190528\localappdata\tw.fintools.fc-host\wallpaper\m-7ebe8f017cddc2d6-a.png wh=2560x1600 body=raw open_ms=258.0 page_ms=323.2 to_png_ms=581.2 close_ms=2.3 write_ms=16.6 warnings=0
1791113462903 VERIFY n=569 dims=Some((2560, 1600)) expect=2560x1600 own_files=2 PASS
1791113463071 BROWSER-EXIT n=569 pid=111020 after_return_ms=168.9
1791113463903 PREV-BROWSER n=570 prev_n=569 pid=111020 alive=false
1791113463903 RENDER-START n=570
1791113464634 RENDER-OK n=570 id=570 browser_pid=Some(17112) slot=B path=%TEMP%\fc-repro-leak-20261004-190528\localappdata\tw.fintools.fc-host\wallpaper\m-7ebe8f017cddc2d6-b.png wh=3840x2160 body=raw open_ms=290.5 page_ms=413.7 to_png_ms=704.2 close_ms=3.9 write_ms=22.4 warnings=0
1791113464634 VERIFY n=570 dims=Some((3840, 2160)) expect=3840x2160 own_files=2 PASS
1791113464797 BROWSER-EXIT n=570 pid=17112 after_return_ms=163.8
1791113467634 PREV-BROWSER n=571 prev_n=570 pid=17112 alive=false
1791113467634 RENDER-START n=571
1791113468241 RENDER-OK n=571 id=571 browser_pid=Some(15336) slot=A path=%TEMP%\fc-repro-leak-20261004-190528\localappdata\tw.fintools.fc-host\wallpaper\m-7ebe8f017cddc2d6-a.png wh=2560x1600 body=raw open_ms=262.2 page_ms=324.9 to_png_ms=587.1 close_ms=2.2 write_ms=17.3 warnings=0
1791113468241 VERIFY n=571 dims=Some((2560, 1600)) expect=2560x1600 own_files=2 PASS
1791113468628 BROWSER-EXIT n=571 pid=15336 after_return_ms=387.1
1791113469241 PREV-BROWSER n=572 prev_n=571 pid=15336 alive=false
1791113469241 RENDER-START n=572
1791113469947 RENDER-OK n=572 id=572 browser_pid=Some(104712) slot=B path=%TEMP%\fc-repro-leak-20261004-190528\localappdata\tw.fintools.fc-host\wallpaper\m-7ebe8f017cddc2d6-b.png wh=3840x2160 body=raw open_ms=264.7 page_ms=418.0 to_png_ms=682.6 close_ms=3.7 write_ms=19.1 warnings=0
1791113469947 VERIFY n=572 dims=Some((3840, 2160)) expect=3840x2160 own_files=2 PASS
1791113470115 BROWSER-EXIT n=572 pid=104712 after_return_ms=168.4
1791113472947 PREV-BROWSER n=573 prev_n=572 pid=104712 alive=false
1791113472947 RENDER-START n=573
1791113473548 RENDER-OK n=573 id=573 browser_pid=Some(111508) slot=A path=%TEMP%\fc-repro-leak-20261004-190528\localappdata\tw.fintools.fc-host\wallpaper\m-7ebe8f017cddc2d6-a.png wh=2560x1600 body=raw open_ms=259.3 page_ms=321.1 to_png_ms=580.4 close_ms=2.7 write_ms=17.4 warnings=0
1791113473548 VERIFY n=573 dims=Some((2560, 1600)) expect=2560x1600 own_files=2 PASS
1791113473727 BROWSER-EXIT n=573 pid=111508 after_return_ms=178.9
1791113474549 PREV-BROWSER n=574 prev_n=573 pid=111508 alive=false
1791113474549 RENDER-START n=574
1791113475251 RENDER-OK n=574 id=574 browser_pid=Some(112080) slot=B path=%TEMP%\fc-repro-leak-20261004-190528\localappdata\tw.fintools.fc-host\wallpaper\m-7ebe8f017cddc2d6-b.png wh=3840x2160 body=raw open_ms=265.1 page_ms=421.1 to_png_ms=686.2 close_ms=3.2 write_ms=12.2 warnings=0
1791113475251 VERIFY n=574 dims=Some((3840, 2160)) expect=3840x2160 own_files=2 PASS
1791113475428 BROWSER-EXIT n=574 pid=112080 after_return_ms=177.4
1791113478251 PREV-BROWSER n=575 prev_n=574 pid=112080 alive=false
1791113478251 RENDER-START n=575
1791113478880 RENDER-OK n=575 id=575 browser_pid=Some(92108) slot=A path=%TEMP%\fc-repro-leak-20261004-190528\localappdata\tw.fintools.fc-host\wallpaper\m-7ebe8f017cddc2d6-a.png wh=2560x1600 body=raw open_ms=283.7 page_ms=326.3 to_png_ms=610.0 close_ms=2.2 write_ms=16.4 warnings=0
1791113478880 VERIFY n=575 dims=Some((2560, 1600)) expect=2560x1600 own_files=2 PASS
1791113479047 BROWSER-EXIT n=575 pid=92108 after_return_ms=167.6
1791113479880 PREV-BROWSER n=576 prev_n=575 pid=92108 alive=false
1791113479880 RENDER-START n=576
1791113480591 RENDER-OK n=576 id=576 browser_pid=Some(103164) slot=B path=%TEMP%\fc-repro-leak-20261004-190528\localappdata\tw.fintools.fc-host\wallpaper\m-7ebe8f017cddc2d6-b.png wh=3840x2160 body=raw open_ms=260.2 page_ms=428.9 to_png_ms=689.1 close_ms=3.3 write_ms=18.0 warnings=0
1791113480591 VERIFY n=576 dims=Some((3840, 2160)) expect=3840x2160 own_files=2 PASS
1791113480758 BROWSER-EXIT n=576 pid=103164 after_return_ms=167.3
1791113483591 PREV-BROWSER n=577 prev_n=576 pid=103164 alive=false
1791113483591 RENDER-START n=577
1791113484195 RENDER-OK n=577 id=577 browser_pid=Some(84272) slot=A path=%TEMP%\fc-repro-leak-20261004-190528\localappdata\tw.fintools.fc-host\wallpaper\m-7ebe8f017cddc2d6-a.png wh=2560x1600 body=raw open_ms=260.5 page_ms=324.7 to_png_ms=585.2 close_ms=2.5 write_ms=15.6 warnings=0
1791113484195 VERIFY n=577 dims=Some((2560, 1600)) expect=2560x1600 own_files=2 PASS
1791113484370 BROWSER-EXIT n=577 pid=84272 after_return_ms=175.5
1791113485195 PREV-BROWSER n=578 prev_n=577 pid=84272 alive=false
1791113485195 RENDER-START n=578
1791113485906 RENDER-OK n=578 id=578 browser_pid=Some(28640) slot=B path=%TEMP%\fc-repro-leak-20261004-190528\localappdata\tw.fintools.fc-host\wallpaper\m-7ebe8f017cddc2d6-b.png wh=3840x2160 body=raw open_ms=260.2 page_ms=427.2 to_png_ms=687.3 close_ms=3.5 write_ms=19.6 warnings=0
1791113485906 VERIFY n=578 dims=Some((3840, 2160)) expect=3840x2160 own_files=2 PASS
1791113486072 BROWSER-EXIT n=578 pid=28640 after_return_ms=166.6
1791113488906 PREV-BROWSER n=579 prev_n=578 pid=28640 alive=false
1791113488906 RENDER-START n=579
1791113489511 RENDER-OK n=579 id=579 browser_pid=Some(101260) slot=A path=%TEMP%\fc-repro-leak-20261004-190528\localappdata\tw.fintools.fc-host\wallpaper\m-7ebe8f017cddc2d6-a.png wh=2560x1600 body=raw open_ms=265.2 page_ms=319.8 to_png_ms=585.0 close_ms=2.3 write_ms=17.3 warnings=0
1791113489511 VERIFY n=579 dims=Some((2560, 1600)) expect=2560x1600 own_files=2 PASS
1791113489684 BROWSER-EXIT n=579 pid=101260 after_return_ms=173.0
1791113490511 PREV-BROWSER n=580 prev_n=579 pid=101260 alive=false
1791113490511 RENDER-START n=580
1791113491219 RENDER-OK n=580 id=580 browser_pid=Some(96212) slot=B path=%TEMP%\fc-repro-leak-20261004-190528\localappdata\tw.fintools.fc-host\wallpaper\m-7ebe8f017cddc2d6-b.png wh=3840x2160 body=raw open_ms=259.7 page_ms=424.9 to_png_ms=684.6 close_ms=3.6 write_ms=18.6 warnings=0
1791113491219 VERIFY n=580 dims=Some((3840, 2160)) expect=3840x2160 own_files=2 PASS
1791113491390 BROWSER-EXIT n=580 pid=96212 after_return_ms=171.2
1791113494219 PREV-BROWSER n=581 prev_n=580 pid=96212 alive=false
1791113494219 RENDER-START n=581
1791113494819 RENDER-OK n=581 id=581 browser_pid=Some(74800) slot=A path=%TEMP%\fc-repro-leak-20261004-190528\localappdata\tw.fintools.fc-host\wallpaper\m-7ebe8f017cddc2d6-a.png wh=2560x1600 body=raw open_ms=265.0 page_ms=322.9 to_png_ms=587.8 close_ms=2.1 write_ms=10.2 warnings=0
1791113494819 VERIFY n=581 dims=Some((2560, 1600)) expect=2560x1600 own_files=2 PASS
1791113494996 BROWSER-EXIT n=581 pid=74800 after_return_ms=177.0
1791113495819 PREV-BROWSER n=582 prev_n=581 pid=74800 alive=false
1791113495819 RENDER-START n=582
1791113496525 RENDER-OK n=582 id=582 browser_pid=Some(112888) slot=B path=%TEMP%\fc-repro-leak-20261004-190528\localappdata\tw.fintools.fc-host\wallpaper\m-7ebe8f017cddc2d6-b.png wh=3840x2160 body=raw open_ms=264.7 page_ms=425.1 to_png_ms=689.8 close_ms=3.3 write_ms=12.0 warnings=0
1791113496525 VERIFY n=582 dims=Some((3840, 2160)) expect=3840x2160 own_files=2 PASS
1791113496702 BROWSER-EXIT n=582 pid=112888 after_return_ms=177.7
1791113499525 PREV-BROWSER n=583 prev_n=582 pid=112888 alive=false
1791113499525 RENDER-START n=583
1791113500133 RENDER-OK n=583 id=583 browser_pid=Some(23636) slot=A path=%TEMP%\fc-repro-leak-20261004-190528\localappdata\tw.fintools.fc-host\wallpaper\m-7ebe8f017cddc2d6-a.png wh=2560x1600 body=raw open_ms=263.2 page_ms=323.7 to_png_ms=586.9 close_ms=2.5 write_ms=18.8 warnings=0
1791113500133 VERIFY n=583 dims=Some((2560, 1600)) expect=2560x1600 own_files=2 PASS
1791113500305 BROWSER-EXIT n=583 pid=23636 after_return_ms=171.6
1791113501134 PREV-BROWSER n=584 prev_n=583 pid=23636 alive=false
1791113501134 RENDER-START n=584
1791113501834 RENDER-OK n=584 id=584 browser_pid=Some(109636) slot=B path=%TEMP%\fc-repro-leak-20261004-190528\localappdata\tw.fintools.fc-host\wallpaper\m-7ebe8f017cddc2d6-b.png wh=3840x2160 body=raw open_ms=264.7 page_ms=416.0 to_png_ms=680.6 close_ms=3.1 write_ms=16.3 warnings=0
1791113501834 VERIFY n=584 dims=Some((3840, 2160)) expect=3840x2160 own_files=2 PASS
1791113502007 BROWSER-EXIT n=584 pid=109636 after_return_ms=172.8
1791113504834 PREV-BROWSER n=585 prev_n=584 pid=109636 alive=false
1791113504834 RENDER-START n=585
1791113505434 RENDER-OK n=585 id=585 browser_pid=Some(44528) slot=A path=%TEMP%\fc-repro-leak-20261004-190528\localappdata\tw.fintools.fc-host\wallpaper\m-7ebe8f017cddc2d6-a.png wh=2560x1600 body=raw open_ms=255.1 page_ms=324.6 to_png_ms=579.7 close_ms=2.4 write_ms=16.9 warnings=0
1791113505434 VERIFY n=585 dims=Some((2560, 1600)) expect=2560x1600 own_files=2 PASS
1791113505601 BROWSER-EXIT n=585 pid=44528 after_return_ms=167.9
1791113506434 PREV-BROWSER n=586 prev_n=585 pid=44528 alive=false
1791113506434 RENDER-START n=586
1791113507140 RENDER-OK n=586 id=586 browser_pid=Some(110944) slot=B path=%TEMP%\fc-repro-leak-20261004-190528\localappdata\tw.fintools.fc-host\wallpaper\m-7ebe8f017cddc2d6-b.png wh=3840x2160 body=raw open_ms=263.8 page_ms=428.2 to_png_ms=692.0 close_ms=3.5 write_ms=10.8 warnings=0
1791113507140 VERIFY n=586 dims=Some((3840, 2160)) expect=3840x2160 own_files=2 PASS
1791113507317 BROWSER-EXIT n=586 pid=110944 after_return_ms=176.6
1791113510140 PREV-BROWSER n=587 prev_n=586 pid=110944 alive=false
1791113510140 RENDER-START n=587
1791113510805 RENDER-OK n=587 id=587 browser_pid=Some(108088) slot=A path=%TEMP%\fc-repro-leak-20261004-190528\localappdata\tw.fintools.fc-host\wallpaper\m-7ebe8f017cddc2d6-a.png wh=2560x1600 body=raw open_ms=320.5 page_ms=331.4 to_png_ms=651.9 close_ms=2.2 write_ms=10.0 warnings=0
1791113510805 VERIFY n=587 dims=Some((2560, 1600)) expect=2560x1600 own_files=2 PASS
1791113510988 BROWSER-EXIT n=587 pid=108088 after_return_ms=183.1
1791113511805 PREV-BROWSER n=588 prev_n=587 pid=108088 alive=false
1791113511805 RENDER-START n=588
1791113512511 RENDER-OK n=588 id=588 browser_pid=Some(86428) slot=B path=%TEMP%\fc-repro-leak-20261004-190528\localappdata\tw.fintools.fc-host\wallpaper\m-7ebe8f017cddc2d6-b.png wh=3840x2160 body=raw open_ms=265.4 page_ms=425.8 to_png_ms=691.2 close_ms=3.5 write_ms=10.7 warnings=0
1791113512511 VERIFY n=588 dims=Some((3840, 2160)) expect=3840x2160 own_files=2 PASS
1791113512690 BROWSER-EXIT n=588 pid=86428 after_return_ms=179.0
1791113515512 PREV-BROWSER n=589 prev_n=588 pid=86428 alive=false
1791113515512 RENDER-START n=589
1791113516123 RENDER-OK n=589 id=589 browser_pid=Some(94196) slot=A path=%TEMP%\fc-repro-leak-20261004-190528\localappdata\tw.fintools.fc-host\wallpaper\m-7ebe8f017cddc2d6-a.png wh=2560x1600 body=raw open_ms=260.0 page_ms=332.2 to_png_ms=592.2 close_ms=2.4 write_ms=16.8 warnings=0
1791113516123 VERIFY n=589 dims=Some((2560, 1600)) expect=2560x1600 own_files=2 PASS
1791113516294 BROWSER-EXIT n=589 pid=94196 after_return_ms=171.1
1791113517124 PREV-BROWSER n=590 prev_n=589 pid=94196 alive=false
1791113517124 RENDER-START n=590
1791113517868 RENDER-OK n=590 id=590 browser_pid=Some(98400) slot=B path=%TEMP%\fc-repro-leak-20261004-190528\localappdata\tw.fintools.fc-host\wallpaper\m-7ebe8f017cddc2d6-b.png wh=3840x2160 body=raw open_ms=312.7 page_ms=410.0 to_png_ms=722.7 close_ms=3.9 write_ms=17.3 warnings=0
1791113517868 VERIFY n=590 dims=Some((3840, 2160)) expect=3840x2160 own_files=2 PASS
1791113518041 BROWSER-EXIT n=590 pid=98400 after_return_ms=173.7
1791113520868 PREV-BROWSER n=591 prev_n=590 pid=98400 alive=false
1791113520868 RENDER-START n=591
1791113521490 RENDER-OK n=591 id=591 browser_pid=Some(69388) slot=A path=%TEMP%\fc-repro-leak-20261004-190528\localappdata\tw.fintools.fc-host\wallpaper\m-7ebe8f017cddc2d6-a.png wh=2560x1600 body=raw open_ms=260.9 page_ms=342.6 to_png_ms=603.5 close_ms=2.2 write_ms=15.9 warnings=0
1791113521490 VERIFY n=591 dims=Some((2560, 1600)) expect=2560x1600 own_files=2 PASS
1791113521672 BROWSER-EXIT n=591 pid=69388 after_return_ms=182.5
1791113522490 PREV-BROWSER n=592 prev_n=591 pid=69388 alive=false
1791113522490 RENDER-START n=592
1791113523344 RENDER-OK n=592 id=592 browser_pid=Some(111676) slot=B path=%TEMP%\fc-repro-leak-20261004-190528\localappdata\tw.fintools.fc-host\wallpaper\m-7ebe8f017cddc2d6-b.png wh=3840x2160 body=raw open_ms=389.6 page_ms=443.7 to_png_ms=833.3 close_ms=3.0 write_ms=17.0 warnings=0
1791113523344 VERIFY n=592 dims=Some((3840, 2160)) expect=3840x2160 own_files=2 PASS
1791113523514 BROWSER-EXIT n=592 pid=111676 after_return_ms=169.8
1791113526344 PREV-BROWSER n=593 prev_n=592 pid=111676 alive=false
1791113526344 RENDER-START n=593
1791113526951 RENDER-OK n=593 id=593 browser_pid=Some(102324) slot=A path=%TEMP%\fc-repro-leak-20261004-190528\localappdata\tw.fintools.fc-host\wallpaper\m-7ebe8f017cddc2d6-a.png wh=2560x1600 body=raw open_ms=263.1 page_ms=326.0 to_png_ms=589.1 close_ms=2.1 write_ms=16.1 warnings=0
1791113526952 VERIFY n=593 dims=Some((2560, 1600)) expect=2560x1600 own_files=2 PASS
1791113527129 BROWSER-EXIT n=593 pid=102324 after_return_ms=177.9
1791113527952 PREV-BROWSER n=594 prev_n=593 pid=102324 alive=false
1791113527952 RENDER-START n=594
1791113528648 RENDER-OK n=594 id=594 browser_pid=Some(95052) slot=B path=%TEMP%\fc-repro-leak-20261004-190528\localappdata\tw.fintools.fc-host\wallpaper\m-7ebe8f017cddc2d6-b.png wh=3840x2160 body=raw open_ms=266.8 page_ms=408.1 to_png_ms=674.9 close_ms=3.1 write_ms=17.7 warnings=0
1791113528648 VERIFY n=594 dims=Some((3840, 2160)) expect=3840x2160 own_files=2 PASS
1791113528820 BROWSER-EXIT n=594 pid=95052 after_return_ms=172.5
1791113531648 PREV-BROWSER n=595 prev_n=594 pid=95052 alive=false
1791113531648 RENDER-START n=595
1791113532255 RENDER-OK n=595 id=595 browser_pid=Some(113408) slot=A path=%TEMP%\fc-repro-leak-20261004-190528\localappdata\tw.fintools.fc-host\wallpaper\m-7ebe8f017cddc2d6-a.png wh=2560x1600 body=raw open_ms=267.0 page_ms=328.5 to_png_ms=595.5 close_ms=2.1 write_ms=8.7 warnings=0
1791113532255 VERIFY n=595 dims=Some((2560, 1600)) expect=2560x1600 own_files=2 PASS
1791113532438 BROWSER-EXIT n=595 pid=113408 after_return_ms=183.5
1791113533255 PREV-BROWSER n=596 prev_n=595 pid=113408 alive=false
1791113533255 RENDER-START n=596
1791113533973 RENDER-OK n=596 id=596 browser_pid=Some(105560) slot=B path=%TEMP%\fc-repro-leak-20261004-190528\localappdata\tw.fintools.fc-host\wallpaper\m-7ebe8f017cddc2d6-b.png wh=3840x2160 body=raw open_ms=271.3 page_ms=429.9 to_png_ms=701.2 close_ms=3.4 write_ms=13.8 warnings=0
1791113533974 VERIFY n=596 dims=Some((3840, 2160)) expect=3840x2160 own_files=2 PASS
1791113534148 BROWSER-EXIT n=596 pid=105560 after_return_ms=174.8
1791113536973 PREV-BROWSER n=597 prev_n=596 pid=105560 alive=false
1791113536973 RENDER-START n=597
1791113537592 RENDER-OK n=597 id=597 browser_pid=Some(106960) slot=A path=%TEMP%\fc-repro-leak-20261004-190528\localappdata\tw.fintools.fc-host\wallpaper\m-7ebe8f017cddc2d6-a.png wh=2560x1600 body=raw open_ms=266.2 page_ms=333.6 to_png_ms=599.8 close_ms=2.0 write_ms=16.6 warnings=0
1791113537592 VERIFY n=597 dims=Some((2560, 1600)) expect=2560x1600 own_files=2 PASS
1791113537771 BROWSER-EXIT n=597 pid=106960 after_return_ms=178.6
1791113538593 PREV-BROWSER n=598 prev_n=597 pid=106960 alive=false
1791113538593 RENDER-START n=598
1791113539299 RENDER-OK n=598 id=598 browser_pid=Some(13788) slot=B path=%TEMP%\fc-repro-leak-20261004-190528\localappdata\tw.fintools.fc-host\wallpaper\m-7ebe8f017cddc2d6-b.png wh=3840x2160 body=raw open_ms=258.7 page_ms=424.6 to_png_ms=683.3 close_ms=3.1 write_ms=19.8 warnings=0
1791113539299 VERIFY n=598 dims=Some((3840, 2160)) expect=3840x2160 own_files=2 PASS
1791113539467 BROWSER-EXIT n=598 pid=13788 after_return_ms=167.7
1791113542300 PREV-BROWSER n=599 prev_n=598 pid=13788 alive=false
1791113542300 RENDER-START n=599
1791113542911 RENDER-OK n=599 id=599 browser_pid=Some(109196) slot=A path=%TEMP%\fc-repro-leak-20261004-190528\localappdata\tw.fintools.fc-host\wallpaper\m-7ebe8f017cddc2d6-a.png wh=2560x1600 body=raw open_ms=266.3 page_ms=327.1 to_png_ms=593.4 close_ms=2.4 write_ms=15.4 warnings=0
1791113542912 VERIFY n=599 dims=Some((2560, 1600)) expect=2560x1600 own_files=2 PASS
1791113543080 BROWSER-EXIT n=599 pid=109196 after_return_ms=169.2
1791113543911 PREV-BROWSER n=600 prev_n=599 pid=109196 alive=false
1791113543912 RENDER-START n=600
1791113544676 RENDER-OK n=600 id=600 browser_pid=Some(98112) slot=B path=%TEMP%\fc-repro-leak-20261004-190528\localappdata\tw.fintools.fc-host\wallpaper\m-7ebe8f017cddc2d6-b.png wh=3840x2160 body=raw open_ms=318.0 page_ms=425.7 to_png_ms=743.7 close_ms=3.1 write_ms=17.5 warnings=0
1791113544676 VERIFY n=600 dims=Some((3840, 2160)) expect=3840x2160 own_files=2 PASS
1791113544845 BROWSER-EXIT n=600 pid=98112 after_return_ms=169.3
1791113547676 PREV-BROWSER n=601 prev_n=600 pid=98112 alive=false
1791113547676 RENDER-START n=601
1791113548285 RENDER-OK n=601 id=601 browser_pid=Some(112848) slot=A path=%TEMP%\fc-repro-leak-20261004-190528\localappdata\tw.fintools.fc-host\wallpaper\m-7ebe8f017cddc2d6-a.png wh=2560x1600 body=raw open_ms=263.4 page_ms=325.2 to_png_ms=588.6 close_ms=2.2 write_ms=17.8 warnings=0
1791113548285 VERIFY n=601 dims=Some((2560, 1600)) expect=2560x1600 own_files=2 PASS
1791113548460 BROWSER-EXIT n=601 pid=112848 after_return_ms=174.9
1791113549285 PREV-BROWSER n=602 prev_n=601 pid=112848 alive=false
1791113549285 RENDER-START n=602
1791113549986 RENDER-OK n=602 id=602 browser_pid=Some(102644) slot=B path=%TEMP%\fc-repro-leak-20261004-190528\localappdata\tw.fintools.fc-host\wallpaper\m-7ebe8f017cddc2d6-b.png wh=3840x2160 body=raw open_ms=266.4 page_ms=412.6 to_png_ms=679.0 close_ms=3.2 write_ms=18.1 warnings=0
1791113549986 VERIFY n=602 dims=Some((3840, 2160)) expect=3840x2160 own_files=2 PASS
1791113550162 BROWSER-EXIT n=602 pid=102644 after_return_ms=176.0
1791113552986 PREV-BROWSER n=603 prev_n=602 pid=102644 alive=false
1791113552986 RENDER-START n=603
1791113553589 RENDER-OK n=603 id=603 browser_pid=Some(93784) slot=A path=%TEMP%\fc-repro-leak-20261004-190528\localappdata\tw.fintools.fc-host\wallpaper\m-7ebe8f017cddc2d6-a.png wh=2560x1600 body=raw open_ms=264.0 page_ms=318.4 to_png_ms=582.4 close_ms=2.5 write_ms=17.1 warnings=0
1791113553589 VERIFY n=603 dims=Some((2560, 1600)) expect=2560x1600 own_files=2 PASS
1791113553766 BROWSER-EXIT n=603 pid=93784 after_return_ms=177.7
1791113554589 PREV-BROWSER n=604 prev_n=603 pid=93784 alive=false
1791113554589 RENDER-START n=604
1791113555382 RENDER-OK n=604 id=604 browser_pid=Some(110596) slot=B path=%TEMP%\fc-repro-leak-20261004-190528\localappdata\tw.fintools.fc-host\wallpaper\m-7ebe8f017cddc2d6-b.png wh=3840x2160 body=raw open_ms=326.8 page_ms=443.3 to_png_ms=770.2 close_ms=3.1 write_ms=19.2 warnings=0
1791113555382 VERIFY n=604 dims=Some((3840, 2160)) expect=3840x2160 own_files=2 PASS
1791113555547 BROWSER-EXIT n=604 pid=110596 after_return_ms=165.4
1791113558382 PREV-BROWSER n=605 prev_n=604 pid=110596 alive=false
1791113558382 RENDER-START n=605
1791113558981 RENDER-OK n=605 id=605 browser_pid=Some(53916) slot=A path=%TEMP%\fc-repro-leak-20261004-190528\localappdata\tw.fintools.fc-host\wallpaper\m-7ebe8f017cddc2d6-a.png wh=2560x1600 body=raw open_ms=266.3 page_ms=320.3 to_png_ms=586.6 close_ms=2.1 write_ms=9.3 warnings=0
1791113558981 VERIFY n=605 dims=Some((2560, 1600)) expect=2560x1600 own_files=2 PASS
1791113559153 BROWSER-EXIT n=605 pid=53916 after_return_ms=172.4
1791113559981 PREV-BROWSER n=606 prev_n=605 pid=53916 alive=false
1791113559981 RENDER-START n=606
1791113560677 RENDER-OK n=606 id=606 browser_pid=Some(111204) slot=B path=%TEMP%\fc-repro-leak-20261004-190528\localappdata\tw.fintools.fc-host\wallpaper\m-7ebe8f017cddc2d6-b.png wh=3840x2160 body=raw open_ms=260.5 page_ms=412.0 to_png_ms=672.5 close_ms=3.3 write_ms=19.7 warnings=0
1791113560677 VERIFY n=606 dims=Some((3840, 2160)) expect=3840x2160 own_files=2 PASS
1791113560846 BROWSER-EXIT n=606 pid=111204 after_return_ms=169.5
1791113563677 PREV-BROWSER n=607 prev_n=606 pid=111204 alive=false
1791113563677 RENDER-START n=607
1791113564288 RENDER-OK n=607 id=607 browser_pid=Some(12068) slot=A path=%TEMP%\fc-repro-leak-20261004-190528\localappdata\tw.fintools.fc-host\wallpaper\m-7ebe8f017cddc2d6-a.png wh=2560x1600 body=raw open_ms=269.1 page_ms=327.0 to_png_ms=596.2 close_ms=2.1 write_ms=8.9 warnings=0
1791113564288 VERIFY n=607 dims=Some((2560, 1600)) expect=2560x1600 own_files=2 PASS
1791113564459 BROWSER-EXIT n=607 pid=12068 after_return_ms=171.7
1791113565288 PREV-BROWSER n=608 prev_n=607 pid=12068 alive=false
1791113565288 RENDER-START n=608
1791113565986 RENDER-OK n=608 id=608 browser_pid=Some(106208) slot=B path=%TEMP%\fc-repro-leak-20261004-190528\localappdata\tw.fintools.fc-host\wallpaper\m-7ebe8f017cddc2d6-b.png wh=3840x2160 body=raw open_ms=255.9 page_ms=420.4 to_png_ms=676.3 close_ms=3.0 write_ms=18.4 warnings=0
1791113565986 VERIFY n=608 dims=Some((3840, 2160)) expect=3840x2160 own_files=2 PASS
1791113566159 BROWSER-EXIT n=608 pid=106208 after_return_ms=173.0
1791113568986 PREV-BROWSER n=609 prev_n=608 pid=106208 alive=false
1791113568987 RENDER-START n=609
1791113569652 RENDER-OK n=609 id=609 browser_pid=Some(98636) slot=A path=%TEMP%\fc-repro-leak-20261004-190528\localappdata\tw.fintools.fc-host\wallpaper\m-7ebe8f017cddc2d6-a.png wh=2560x1600 body=raw open_ms=319.7 page_ms=326.6 to_png_ms=646.3 close_ms=2.2 write_ms=16.5 warnings=0
1791113569652 VERIFY n=609 dims=Some((2560, 1600)) expect=2560x1600 own_files=2 PASS
1791113569825 BROWSER-EXIT n=609 pid=98636 after_return_ms=173.5
1791113570652 PREV-BROWSER n=610 prev_n=609 pid=98636 alive=false
1791113570652 RENDER-START n=610
1791113571454 RENDER-OK n=610 id=610 browser_pid=Some(94828) slot=B path=%TEMP%\fc-repro-leak-20261004-190528\localappdata\tw.fintools.fc-host\wallpaper\m-7ebe8f017cddc2d6-b.png wh=3840x2160 body=raw open_ms=312.9 page_ms=466.3 to_png_ms=779.2 close_ms=3.1 write_ms=19.1 warnings=0
1791113571454 VERIFY n=610 dims=Some((3840, 2160)) expect=3840x2160 own_files=2 PASS
1791113571640 BROWSER-EXIT n=610 pid=94828 after_return_ms=186.3
1791113574454 PREV-BROWSER n=611 prev_n=610 pid=94828 alive=false
1791113574454 RENDER-START n=611
1791113575087 RENDER-OK n=611 id=611 browser_pid=Some(11580) slot=A path=%TEMP%\fc-repro-leak-20261004-190528\localappdata\tw.fintools.fc-host\wallpaper\m-7ebe8f017cddc2d6-a.png wh=2560x1600 body=raw open_ms=273.3 page_ms=341.2 to_png_ms=614.5 close_ms=2.1 write_ms=16.7 warnings=0
1791113575088 VERIFY n=611 dims=Some((2560, 1600)) expect=2560x1600 own_files=2 PASS
1791113575265 BROWSER-EXIT n=611 pid=11580 after_return_ms=177.5
1791113576088 PREV-BROWSER n=612 prev_n=611 pid=11580 alive=false
1791113576088 RENDER-START n=612
1791113576853 RENDER-OK n=612 id=612 browser_pid=Some(75264) slot=B path=%TEMP%\fc-repro-leak-20261004-190528\localappdata\tw.fintools.fc-host\wallpaper\m-7ebe8f017cddc2d6-b.png wh=3840x2160 body=raw open_ms=323.8 page_ms=419.8 to_png_ms=743.6 close_ms=2.8 write_ms=18.4 warnings=0
1791113576853 VERIFY n=612 dims=Some((3840, 2160)) expect=3840x2160 own_files=2 PASS
1791113577026 BROWSER-EXIT n=612 pid=75264 after_return_ms=173.3
1791113579853 PREV-BROWSER n=613 prev_n=612 pid=75264 alive=false
1791113579853 RENDER-START n=613
1791113580452 RENDER-OK n=613 id=613 browser_pid=Some(90428) slot=A path=%TEMP%\fc-repro-leak-20261004-190528\localappdata\tw.fintools.fc-host\wallpaper\m-7ebe8f017cddc2d6-a.png wh=2560x1600 body=raw open_ms=264.5 page_ms=322.9 to_png_ms=587.4 close_ms=2.1 write_ms=9.3 warnings=0
1791113580453 VERIFY n=613 dims=Some((2560, 1600)) expect=2560x1600 own_files=2 PASS
1791113580638 BROWSER-EXIT n=613 pid=90428 after_return_ms=185.7
1791113581453 PREV-BROWSER n=614 prev_n=613 pid=90428 alive=false
1791113581453 RENDER-START n=614
1791113582149 RENDER-OK n=614 id=614 browser_pid=Some(28876) slot=B path=%TEMP%\fc-repro-leak-20261004-190528\localappdata\tw.fintools.fc-host\wallpaper\m-7ebe8f017cddc2d6-b.png wh=3840x2160 body=raw open_ms=269.6 page_ms=405.1 to_png_ms=674.7 close_ms=2.9 write_ms=18.6 warnings=0
1791113582150 VERIFY n=614 dims=Some((3840, 2160)) expect=3840x2160 own_files=2 PASS
1791113582318 BROWSER-EXIT n=614 pid=28876 after_return_ms=169.2
1791113585150 PREV-BROWSER n=615 prev_n=614 pid=28876 alive=false
1791113585150 RENDER-START n=615
1791113585758 RENDER-OK n=615 id=615 browser_pid=Some(108884) slot=A path=%TEMP%\fc-repro-leak-20261004-190528\localappdata\tw.fintools.fc-host\wallpaper\m-7ebe8f017cddc2d6-a.png wh=2560x1600 body=raw open_ms=264.8 page_ms=324.1 to_png_ms=588.9 close_ms=2.1 write_ms=16.8 warnings=0
1791113585758 VERIFY n=615 dims=Some((2560, 1600)) expect=2560x1600 own_files=2 PASS
1791113585926 BROWSER-EXIT n=615 pid=108884 after_return_ms=168.7
1791113586758 PREV-BROWSER n=616 prev_n=615 pid=108884 alive=false
1791113586758 RENDER-START n=616
1791113587516 RENDER-OK n=616 id=616 browser_pid=Some(111296) slot=B path=%TEMP%\fc-repro-leak-20261004-190528\localappdata\tw.fintools.fc-host\wallpaper\m-7ebe8f017cddc2d6-b.png wh=3840x2160 body=raw open_ms=321.9 page_ms=419.9 to_png_ms=741.8 close_ms=3.1 write_ms=12.1 warnings=0
1791113587516 VERIFY n=616 dims=Some((3840, 2160)) expect=3840x2160 own_files=2 PASS
1791113587696 BROWSER-EXIT n=616 pid=111296 after_return_ms=180.9
1791113590516 PREV-BROWSER n=617 prev_n=616 pid=111296 alive=false
1791113590516 RENDER-START n=617
1791113591185 RENDER-OK n=617 id=617 browser_pid=Some(110708) slot=A path=%TEMP%\fc-repro-leak-20261004-190528\localappdata\tw.fintools.fc-host\wallpaper\m-7ebe8f017cddc2d6-a.png wh=2560x1600 body=raw open_ms=322.8 page_ms=328.7 to_png_ms=651.5 close_ms=2.0 write_ms=15.4 warnings=0
1791113591185 VERIFY n=617 dims=Some((2560, 1600)) expect=2560x1600 own_files=2 PASS
1791113591360 BROWSER-EXIT n=617 pid=110708 after_return_ms=174.9
1791113592185 PREV-BROWSER n=618 prev_n=617 pid=110708 alive=false
1791113592186 RENDER-START n=618
1791113592901 RENDER-OK n=618 id=618 browser_pid=Some(103184) slot=B path=%TEMP%\fc-repro-leak-20261004-190528\localappdata\tw.fintools.fc-host\wallpaper\m-7ebe8f017cddc2d6-b.png wh=3840x2160 body=raw open_ms=266.8 page_ms=427.1 to_png_ms=693.9 close_ms=2.7 write_ms=18.1 warnings=0
1791113592901 VERIFY n=618 dims=Some((3840, 2160)) expect=3840x2160 own_files=2 PASS
1791113593070 BROWSER-EXIT n=618 pid=103184 after_return_ms=169.3
1791113595901 PREV-BROWSER n=619 prev_n=618 pid=103184 alive=false
1791113595901 RENDER-START n=619
1791113596493 RENDER-OK n=619 id=619 browser_pid=Some(13980) slot=A path=%TEMP%\fc-repro-leak-20261004-190528\localappdata\tw.fintools.fc-host\wallpaper\m-7ebe8f017cddc2d6-a.png wh=2560x1600 body=raw open_ms=260.0 page_ms=320.0 to_png_ms=580.1 close_ms=1.9 write_ms=9.4 warnings=0
1791113596493 VERIFY n=619 dims=Some((2560, 1600)) expect=2560x1600 own_files=2 PASS
1791113596680 BROWSER-EXIT n=619 pid=13980 after_return_ms=187.6
1791113597493 PREV-BROWSER n=620 prev_n=619 pid=13980 alive=false
1791113597493 RENDER-START n=620
1791113598197 RENDER-OK n=620 id=620 browser_pid=Some(110820) slot=B path=%TEMP%\fc-repro-leak-20261004-190528\localappdata\tw.fintools.fc-host\wallpaper\m-7ebe8f017cddc2d6-b.png wh=3840x2160 body=raw open_ms=260.0 page_ms=431.3 to_png_ms=691.2 close_ms=2.7 write_ms=9.7 warnings=0
1791113598197 VERIFY n=620 dims=Some((3840, 2160)) expect=3840x2160 own_files=2 PASS
1791113598377 BROWSER-EXIT n=620 pid=110820 after_return_ms=179.7
1791113601197 PREV-BROWSER n=621 prev_n=620 pid=110820 alive=false
1791113601197 RENDER-START n=621
1791113601811 RENDER-OK n=621 id=621 browser_pid=Some(9576) slot=A path=%TEMP%\fc-repro-leak-20261004-190528\localappdata\tw.fintools.fc-host\wallpaper\m-7ebe8f017cddc2d6-a.png wh=2560x1600 body=raw open_ms=263.0 page_ms=332.7 to_png_ms=595.7 close_ms=2.0 write_ms=16.5 warnings=0
1791113601812 VERIFY n=621 dims=Some((2560, 1600)) expect=2560x1600 own_files=2 PASS
1791113601987 BROWSER-EXIT n=621 pid=9576 after_return_ms=176.0
1791113602812 PREV-BROWSER n=622 prev_n=621 pid=9576 alive=false
1791113602812 RENDER-START n=622
1791113603500 RENDER-OK n=622 id=622 browser_pid=Some(42352) slot=B path=%TEMP%\fc-repro-leak-20261004-190528\localappdata\tw.fintools.fc-host\wallpaper\m-7ebe8f017cddc2d6-b.png wh=3840x2160 body=raw open_ms=259.4 page_ms=414.1 to_png_ms=673.5 close_ms=3.1 write_ms=12.0 warnings=0
1791113603501 VERIFY n=622 dims=Some((3840, 2160)) expect=3840x2160 own_files=2 PASS
1791113603675 BROWSER-EXIT n=622 pid=42352 after_return_ms=174.9
1791113606501 PREV-BROWSER n=623 prev_n=622 pid=42352 alive=false
1791113606501 RENDER-START n=623
1791113607114 RENDER-OK n=623 id=623 browser_pid=Some(45688) slot=A path=%TEMP%\fc-repro-leak-20261004-190528\localappdata\tw.fintools.fc-host\wallpaper\m-7ebe8f017cddc2d6-a.png wh=2560x1600 body=raw open_ms=267.7 page_ms=325.9 to_png_ms=593.5 close_ms=2.0 write_ms=17.0 warnings=0
1791113607114 VERIFY n=623 dims=Some((2560, 1600)) expect=2560x1600 own_files=2 PASS
1791113607284 BROWSER-EXIT n=623 pid=45688 after_return_ms=170.1
1791113608114 PREV-BROWSER n=624 prev_n=623 pid=45688 alive=false
1791113608114 RENDER-START n=624
1791113608812 RENDER-OK n=624 id=624 browser_pid=Some(88160) slot=B path=%TEMP%\fc-repro-leak-20261004-190528\localappdata\tw.fintools.fc-host\wallpaper\m-7ebe8f017cddc2d6-b.png wh=3840x2160 body=raw open_ms=258.9 page_ms=418.4 to_png_ms=677.3 close_ms=3.1 write_ms=17.5 warnings=0
1791113608812 VERIFY n=624 dims=Some((3840, 2160)) expect=3840x2160 own_files=2 PASS
1791113608985 BROWSER-EXIT n=624 pid=88160 after_return_ms=172.5
1791113611812 PREV-BROWSER n=625 prev_n=624 pid=88160 alive=false
1791113611812 RENDER-START n=625
1791113612424 RENDER-OK n=625 id=625 browser_pid=Some(100780) slot=A path=%TEMP%\fc-repro-leak-20261004-190528\localappdata\tw.fintools.fc-host\wallpaper\m-7ebe8f017cddc2d6-a.png wh=2560x1600 body=raw open_ms=269.0 page_ms=322.5 to_png_ms=591.5 close_ms=2.2 write_ms=17.4 warnings=0
1791113612424 VERIFY n=625 dims=Some((2560, 1600)) expect=2560x1600 own_files=2 PASS
1791113612595 BROWSER-EXIT n=625 pid=100780 after_return_ms=171.3
1791113613424 PREV-BROWSER n=626 prev_n=625 pid=100780 alive=false
1791113613424 RENDER-START n=626
1791113614134 RENDER-OK n=626 id=626 browser_pid=Some(102080) slot=B path=%TEMP%\fc-repro-leak-20261004-190528\localappdata\tw.fintools.fc-host\wallpaper\m-7ebe8f017cddc2d6-b.png wh=3840x2160 body=raw open_ms=270.3 page_ms=420.3 to_png_ms=690.7 close_ms=2.9 write_ms=16.0 warnings=0
1791113614134 VERIFY n=626 dims=Some((3840, 2160)) expect=3840x2160 own_files=2 PASS
1791113614301 BROWSER-EXIT n=626 pid=102080 after_return_ms=167.7
1791113617134 PREV-BROWSER n=627 prev_n=626 pid=102080 alive=false
1791113617134 RENDER-START n=627
1791113617735 RENDER-OK n=627 id=627 browser_pid=Some(99028) slot=A path=%TEMP%\fc-repro-leak-20261004-190528\localappdata\tw.fintools.fc-host\wallpaper\m-7ebe8f017cddc2d6-a.png wh=2560x1600 body=raw open_ms=260.2 page_ms=329.2 to_png_ms=589.4 close_ms=2.1 write_ms=9.1 warnings=0
1791113617735 VERIFY n=627 dims=Some((2560, 1600)) expect=2560x1600 own_files=2 PASS
1791113617910 BROWSER-EXIT n=627 pid=99028 after_return_ms=175.2
1791113618735 PREV-BROWSER n=628 prev_n=627 pid=99028 alive=false
1791113618735 RENDER-START n=628
1791113619466 RENDER-OK n=628 id=628 browser_pid=Some(27652) slot=B path=%TEMP%\fc-repro-leak-20261004-190528\localappdata\tw.fintools.fc-host\wallpaper\m-7ebe8f017cddc2d6-b.png wh=3840x2160 body=raw open_ms=269.7 page_ms=428.7 to_png_ms=698.4 close_ms=2.9 write_ms=29.9 warnings=0
1791113619467 VERIFY n=628 dims=Some((3840, 2160)) expect=3840x2160 own_files=2 PASS
1791113619625 BROWSER-EXIT n=628 pid=27652 after_return_ms=159.1
1791113622467 PREV-BROWSER n=629 prev_n=628 pid=27652 alive=false
1791113622467 RENDER-START n=629
1791113623072 RENDER-OK n=629 id=629 browser_pid=Some(90236) slot=A path=%TEMP%\fc-repro-leak-20261004-190528\localappdata\tw.fintools.fc-host\wallpaper\m-7ebe8f017cddc2d6-a.png wh=2560x1600 body=raw open_ms=266.8 page_ms=328.3 to_png_ms=595.1 close_ms=1.9 write_ms=8.5 warnings=0
1791113623073 VERIFY n=629 dims=Some((2560, 1600)) expect=2560x1600 own_files=2 PASS
1791113623259 BROWSER-EXIT n=629 pid=90236 after_return_ms=186.9
1791113624073 PREV-BROWSER n=630 prev_n=629 pid=90236 alive=false
1791113624073 RENDER-START n=630
1791113624786 RENDER-OK n=630 id=630 browser_pid=Some(111412) slot=B path=%TEMP%\fc-repro-leak-20261004-190528\localappdata\tw.fintools.fc-host\wallpaper\m-7ebe8f017cddc2d6-b.png wh=3840x2160 body=raw open_ms=266.1 page_ms=426.4 to_png_ms=692.5 close_ms=2.8 write_ms=17.6 warnings=0
1791113624786 VERIFY n=630 dims=Some((3840, 2160)) expect=3840x2160 own_files=2 PASS
1791113624961 BROWSER-EXIT n=630 pid=111412 after_return_ms=175.0
1791113627787 PREV-BROWSER n=631 prev_n=630 pid=111412 alive=false
1791113627787 RENDER-START n=631
1791113628394 RENDER-OK n=631 id=631 browser_pid=Some(32300) slot=A path=%TEMP%\fc-repro-leak-20261004-190528\localappdata\tw.fintools.fc-host\wallpaper\m-7ebe8f017cddc2d6-a.png wh=2560x1600 body=raw open_ms=267.5 page_ms=326.8 to_png_ms=594.3 close_ms=2.3 write_ms=10.2 warnings=0
1791113628394 VERIFY n=631 dims=Some((2560, 1600)) expect=2560x1600 own_files=2 PASS
1791113628575 BROWSER-EXIT n=631 pid=32300 after_return_ms=181.0
1791113629394 PREV-BROWSER n=632 prev_n=631 pid=32300 alive=false
1791113629394 RENDER-START n=632
1791113630131 RENDER-OK n=632 id=632 browser_pid=Some(43876) slot=B path=%TEMP%\fc-repro-leak-20261004-190528\localappdata\tw.fintools.fc-host\wallpaper\m-7ebe8f017cddc2d6-b.png wh=3840x2160 body=raw open_ms=293.4 page_ms=421.3 to_png_ms=714.7 close_ms=2.9 write_ms=18.8 warnings=0
1791113630131 VERIFY n=632 dims=Some((3840, 2160)) expect=3840x2160 own_files=2 PASS
1791113630296 BROWSER-EXIT n=632 pid=43876 after_return_ms=165.1
1791113633131 PREV-BROWSER n=633 prev_n=632 pid=43876 alive=false
1791113633131 RENDER-START n=633
1791113633746 RENDER-OK n=633 id=633 browser_pid=Some(89832) slot=A path=%TEMP%\fc-repro-leak-20261004-190528\localappdata\tw.fintools.fc-host\wallpaper\m-7ebe8f017cddc2d6-a.png wh=2560x1600 body=raw open_ms=268.9 page_ms=326.8 to_png_ms=595.7 close_ms=1.9 write_ms=16.9 warnings=0
1791113633746 VERIFY n=633 dims=Some((2560, 1600)) expect=2560x1600 own_files=2 PASS
1791113633915 BROWSER-EXIT n=633 pid=89832 after_return_ms=169.2
1791113634746 PREV-BROWSER n=634 prev_n=633 pid=89832 alive=false
1791113634746 RENDER-START n=634
1791113635452 RENDER-OK n=634 id=634 browser_pid=Some(112300) slot=B path=%TEMP%\fc-repro-leak-20261004-190528\localappdata\tw.fintools.fc-host\wallpaper\m-7ebe8f017cddc2d6-b.png wh=3840x2160 body=raw open_ms=255.9 page_ms=427.9 to_png_ms=683.8 close_ms=3.3 write_ms=18.7 warnings=0
1791113635452 VERIFY n=634 dims=Some((3840, 2160)) expect=3840x2160 own_files=2 PASS
1791113635622 BROWSER-EXIT n=634 pid=112300 after_return_ms=170.0
1791113638452 PREV-BROWSER n=635 prev_n=634 pid=112300 alive=false
1791113638453 RENDER-START n=635
1791113639073 RENDER-OK n=635 id=635 browser_pid=Some(66276) slot=A path=%TEMP%\fc-repro-leak-20261004-190528\localappdata\tw.fintools.fc-host\wallpaper\m-7ebe8f017cddc2d6-a.png wh=2560x1600 body=raw open_ms=272.7 page_ms=327.9 to_png_ms=600.6 close_ms=2.0 write_ms=17.7 warnings=0
1791113639073 VERIFY n=635 dims=Some((2560, 1600)) expect=2560x1600 own_files=2 PASS
1791113639248 BROWSER-EXIT n=635 pid=66276 after_return_ms=174.9
1791113640073 PREV-BROWSER n=636 prev_n=635 pid=66276 alive=false
1791113640073 RENDER-START n=636
1791113640783 RENDER-OK n=636 id=636 browser_pid=Some(72380) slot=B path=%TEMP%\fc-repro-leak-20261004-190528\localappdata\tw.fintools.fc-host\wallpaper\m-7ebe8f017cddc2d6-b.png wh=3840x2160 body=raw open_ms=266.0 page_ms=421.7 to_png_ms=687.7 close_ms=3.2 write_ms=18.1 warnings=0
1791113640783 VERIFY n=636 dims=Some((3840, 2160)) expect=3840x2160 own_files=2 PASS
1791113640951 BROWSER-EXIT n=636 pid=72380 after_return_ms=168.9
1791113643783 PREV-BROWSER n=637 prev_n=636 pid=72380 alive=false
1791113643783 RENDER-START n=637
1791113644391 RENDER-OK n=637 id=637 browser_pid=Some(33704) slot=A path=%TEMP%\fc-repro-leak-20261004-190528\localappdata\tw.fintools.fc-host\wallpaper\m-7ebe8f017cddc2d6-a.png wh=2560x1600 body=raw open_ms=261.9 page_ms=328.1 to_png_ms=589.9 close_ms=2.4 write_ms=15.9 warnings=0
1791113644392 VERIFY n=637 dims=Some((2560, 1600)) expect=2560x1600 own_files=2 PASS
1791113644570 BROWSER-EXIT n=637 pid=33704 after_return_ms=178.3
1791113645392 PREV-BROWSER n=638 prev_n=637 pid=33704 alive=false
1791113645392 RENDER-START n=638
1791113646094 RENDER-OK n=638 id=638 browser_pid=Some(43940) slot=B path=%TEMP%\fc-repro-leak-20261004-190528\localappdata\tw.fintools.fc-host\wallpaper\m-7ebe8f017cddc2d6-b.png wh=3840x2160 body=raw open_ms=259.8 page_ms=428.2 to_png_ms=688.0 close_ms=3.1 write_ms=11.0 warnings=0
1791113646095 VERIFY n=638 dims=Some((3840, 2160)) expect=3840x2160 own_files=2 PASS
1791113646267 BROWSER-EXIT n=638 pid=43940 after_return_ms=172.7
1791113649095 PREV-BROWSER n=639 prev_n=638 pid=43940 alive=false
1791113649095 RENDER-START n=639
1791113649715 RENDER-OK n=639 id=639 browser_pid=Some(110184) slot=A path=%TEMP%\fc-repro-leak-20261004-190528\localappdata\tw.fintools.fc-host\wallpaper\m-7ebe8f017cddc2d6-a.png wh=2560x1600 body=raw open_ms=271.5 page_ms=333.2 to_png_ms=604.6 close_ms=2.4 write_ms=13.0 warnings=0
1791113649715 VERIFY n=639 dims=Some((2560, 1600)) expect=2560x1600 own_files=2 PASS
1791113649890 BROWSER-EXIT n=639 pid=110184 after_return_ms=174.3
1791113650716 PREV-BROWSER n=640 prev_n=639 pid=110184 alive=false
1791113650716 RENDER-START n=640
1791113651426 RENDER-OK n=640 id=640 browser_pid=Some(104504) slot=B path=%TEMP%\fc-repro-leak-20261004-190528\localappdata\tw.fintools.fc-host\wallpaper\m-7ebe8f017cddc2d6-b.png wh=3840x2160 body=raw open_ms=261.6 page_ms=428.4 to_png_ms=690.1 close_ms=2.6 write_ms=17.6 warnings=0
1791113651426 VERIFY n=640 dims=Some((3840, 2160)) expect=3840x2160 own_files=2 PASS
1791113651590 BROWSER-EXIT n=640 pid=104504 after_return_ms=163.7
1791113654427 PREV-BROWSER n=641 prev_n=640 pid=104504 alive=false
1791113654427 RENDER-START n=641
1791113655033 RENDER-OK n=641 id=641 browser_pid=Some(107476) slot=A path=%TEMP%\fc-repro-leak-20261004-190528\localappdata\tw.fintools.fc-host\wallpaper\m-7ebe8f017cddc2d6-a.png wh=2560x1600 body=raw open_ms=261.2 page_ms=326.3 to_png_ms=587.5 close_ms=2.1 write_ms=15.9 warnings=0
1791113655033 VERIFY n=641 dims=Some((2560, 1600)) expect=2560x1600 own_files=2 PASS
1791113655209 BROWSER-EXIT n=641 pid=107476 after_return_ms=176.6
1791113656033 PREV-BROWSER n=642 prev_n=641 pid=107476 alive=false
1791113656033 RENDER-START n=642
1791113656741 RENDER-OK n=642 id=642 browser_pid=Some(54648) slot=B path=%TEMP%\fc-repro-leak-20261004-190528\localappdata\tw.fintools.fc-host\wallpaper\m-7ebe8f017cddc2d6-b.png wh=3840x2160 body=raw open_ms=260.1 page_ms=427.1 to_png_ms=687.2 close_ms=2.7 write_ms=18.1 warnings=0
1791113656741 VERIFY n=642 dims=Some((3840, 2160)) expect=3840x2160 own_files=2 PASS
1791113656911 BROWSER-EXIT n=642 pid=54648 after_return_ms=169.9
1791113659741 PREV-BROWSER n=643 prev_n=642 pid=54648 alive=false
1791113659741 RENDER-START n=643
1791113660357 RENDER-OK n=643 id=643 browser_pid=Some(109616) slot=A path=%TEMP%\fc-repro-leak-20261004-190528\localappdata\tw.fintools.fc-host\wallpaper\m-7ebe8f017cddc2d6-a.png wh=2560x1600 body=raw open_ms=269.3 page_ms=325.9 to_png_ms=595.2 close_ms=2.0 write_ms=18.4 warnings=0
1791113660357 VERIFY n=643 dims=Some((2560, 1600)) expect=2560x1600 own_files=2 PASS
1791113660530 BROWSER-EXIT n=643 pid=109616 after_return_ms=173.3
1791113661357 PREV-BROWSER n=644 prev_n=643 pid=109616 alive=false
1791113661357 RENDER-START n=644
1791113662069 RENDER-OK n=644 id=644 browser_pid=Some(32424) slot=B path=%TEMP%\fc-repro-leak-20261004-190528\localappdata\tw.fintools.fc-host\wallpaper\m-7ebe8f017cddc2d6-b.png wh=3840x2160 body=raw open_ms=264.1 page_ms=426.1 to_png_ms=690.2 close_ms=3.0 write_ms=18.7 warnings=0
1791113662070 VERIFY n=644 dims=Some((3840, 2160)) expect=3840x2160 own_files=2 PASS
1791113662239 BROWSER-EXIT n=644 pid=32424 after_return_ms=169.3
1791113665070 PREV-BROWSER n=645 prev_n=644 pid=32424 alive=false
1791113665070 RENDER-START n=645
1791113665670 RENDER-OK n=645 id=645 browser_pid=Some(96644) slot=A path=%TEMP%\fc-repro-leak-20261004-190528\localappdata\tw.fintools.fc-host\wallpaper\m-7ebe8f017cddc2d6-a.png wh=2560x1600 body=raw open_ms=258.4 page_ms=324.0 to_png_ms=582.3 close_ms=1.8 write_ms=15.9 warnings=0
1791113665670 VERIFY n=645 dims=Some((2560, 1600)) expect=2560x1600 own_files=2 PASS
1791113665836 BROWSER-EXIT n=645 pid=96644 after_return_ms=166.6
1791113666670 PREV-BROWSER n=646 prev_n=645 pid=96644 alive=false
1791113666670 RENDER-START n=646
1791113667393 RENDER-OK n=646 id=646 browser_pid=Some(109088) slot=B path=%TEMP%\fc-repro-leak-20261004-190528\localappdata\tw.fintools.fc-host\wallpaper\m-7ebe8f017cddc2d6-b.png wh=3840x2160 body=raw open_ms=275.5 page_ms=425.4 to_png_ms=700.9 close_ms=3.5 write_ms=17.7 warnings=0
1791113667393 VERIFY n=646 dims=Some((3840, 2160)) expect=3840x2160 own_files=2 PASS
1791113667572 BROWSER-EXIT n=646 pid=109088 after_return_ms=179.6
1791113670393 PREV-BROWSER n=647 prev_n=646 pid=109088 alive=false
1791113670393 RENDER-START n=647
1791113671000 RENDER-OK n=647 id=647 browser_pid=Some(51312) slot=A path=%TEMP%\fc-repro-leak-20261004-190528\localappdata\tw.fintools.fc-host\wallpaper\m-7ebe8f017cddc2d6-a.png wh=2560x1600 body=raw open_ms=264.0 page_ms=324.8 to_png_ms=588.7 close_ms=1.9 write_ms=16.6 warnings=0
1791113671001 VERIFY n=647 dims=Some((2560, 1600)) expect=2560x1600 own_files=2 PASS
1791113671165 BROWSER-EXIT n=647 pid=51312 after_return_ms=165.0
1791113672001 PREV-BROWSER n=648 prev_n=647 pid=51312 alive=false
1791113672001 RENDER-START n=648
1791113672710 RENDER-OK n=648 id=648 browser_pid=Some(44600) slot=B path=%TEMP%\fc-repro-leak-20261004-190528\localappdata\tw.fintools.fc-host\wallpaper\m-7ebe8f017cddc2d6-b.png wh=3840x2160 body=raw open_ms=263.6 page_ms=424.4 to_png_ms=688.0 close_ms=3.1 write_ms=18.0 warnings=0
1791113672711 VERIFY n=648 dims=Some((3840, 2160)) expect=3840x2160 own_files=2 PASS
1791113672883 BROWSER-EXIT n=648 pid=44600 after_return_ms=172.8
1791113675710 PREV-BROWSER n=649 prev_n=648 pid=44600 alive=false
1791113675711 RENDER-START n=649
1791113676374 RENDER-OK n=649 id=649 browser_pid=Some(30236) slot=A path=%TEMP%\fc-repro-leak-20261004-190528\localappdata\tw.fintools.fc-host\wallpaper\m-7ebe8f017cddc2d6-a.png wh=2560x1600 body=raw open_ms=319.0 page_ms=332.6 to_png_ms=651.5 close_ms=2.4 write_ms=9.3 warnings=0
1791113676374 VERIFY n=649 dims=Some((2560, 1600)) expect=2560x1600 own_files=2 PASS
1791113676554 BROWSER-EXIT n=649 pid=30236 after_return_ms=180.2
1791113677374 PREV-BROWSER n=650 prev_n=649 pid=30236 alive=false
1791113677374 RENDER-START n=650
1791113678097 RENDER-OK n=650 id=650 browser_pid=Some(107192) slot=B path=%TEMP%\fc-repro-leak-20261004-190528\localappdata\tw.fintools.fc-host\wallpaper\m-7ebe8f017cddc2d6-b.png wh=3840x2160 body=raw open_ms=274.5 page_ms=425.9 to_png_ms=700.4 close_ms=3.0 write_ms=18.6 warnings=0
1791113678097 VERIFY n=650 dims=Some((3840, 2160)) expect=3840x2160 own_files=2 PASS
1791113678263 BROWSER-EXIT n=650 pid=107192 after_return_ms=166.6
1791113681097 PREV-BROWSER n=651 prev_n=650 pid=107192 alive=false
1791113681097 RENDER-START n=651
1791113681735 RENDER-OK n=651 id=651 browser_pid=Some(30028) slot=A path=%TEMP%\fc-repro-leak-20261004-190528\localappdata\tw.fintools.fc-host\wallpaper\m-7ebe8f017cddc2d6-a.png wh=2560x1600 body=raw open_ms=297.6 page_ms=327.0 to_png_ms=624.6 close_ms=2.3 write_ms=10.8 warnings=0
1791113681735 VERIFY n=651 dims=Some((2560, 1600)) expect=2560x1600 own_files=2 PASS
1791113681913 BROWSER-EXIT n=651 pid=30028 after_return_ms=178.5
1791113682735 PREV-BROWSER n=652 prev_n=651 pid=30028 alive=false
1791113682735 RENDER-START n=652
1791113683496 RENDER-OK n=652 id=652 browser_pid=Some(111128) slot=B path=%TEMP%\fc-repro-leak-20261004-190528\localappdata\tw.fintools.fc-host\wallpaper\m-7ebe8f017cddc2d6-b.png wh=3840x2160 body=raw open_ms=309.7 page_ms=431.0 to_png_ms=740.7 close_ms=2.5 write_ms=17.9 warnings=0
1791113683497 VERIFY n=652 dims=Some((3840, 2160)) expect=3840x2160 own_files=2 PASS
1791113683667 BROWSER-EXIT n=652 pid=111128 after_return_ms=170.2
1791113686497 PREV-BROWSER n=653 prev_n=652 pid=111128 alive=false
1791113686497 RENDER-START n=653
1791113687115 RENDER-OK n=653 id=653 browser_pid=Some(62284) slot=A path=%TEMP%\fc-repro-leak-20261004-190528\localappdata\tw.fintools.fc-host\wallpaper\m-7ebe8f017cddc2d6-a.png wh=2560x1600 body=raw open_ms=267.6 page_ms=332.5 to_png_ms=600.1 close_ms=2.0 write_ms=15.8 warnings=0
1791113687115 VERIFY n=653 dims=Some((2560, 1600)) expect=2560x1600 own_files=2 PASS
1791113687290 BROWSER-EXIT n=653 pid=62284 after_return_ms=175.1
1791113688115 PREV-BROWSER n=654 prev_n=653 pid=62284 alive=false
1791113688115 RENDER-START n=654
1791113688821 RENDER-OK n=654 id=654 browser_pid=Some(109960) slot=B path=%TEMP%\fc-repro-leak-20261004-190528\localappdata\tw.fintools.fc-host\wallpaper\m-7ebe8f017cddc2d6-b.png wh=3840x2160 body=raw open_ms=264.1 page_ms=420.1 to_png_ms=684.2 close_ms=3.1 write_ms=18.2 warnings=0
1791113688821 VERIFY n=654 dims=Some((3840, 2160)) expect=3840x2160 own_files=2 PASS
1791113688992 BROWSER-EXIT n=654 pid=109960 after_return_ms=170.6
1791113691822 PREV-BROWSER n=655 prev_n=654 pid=109960 alive=false
1791113691822 RENDER-START n=655
1791113692439 RENDER-OK n=655 id=655 browser_pid=Some(109648) slot=A path=%TEMP%\fc-repro-leak-20261004-190528\localappdata\tw.fintools.fc-host\wallpaper\m-7ebe8f017cddc2d6-a.png wh=2560x1600 body=raw open_ms=257.5 page_ms=348.0 to_png_ms=605.5 close_ms=2.0 write_ms=10.0 warnings=0
1791113692440 VERIFY n=655 dims=Some((2560, 1600)) expect=2560x1600 own_files=2 PASS
1791113692618 BROWSER-EXIT n=655 pid=109648 after_return_ms=178.8
1791113693440 PREV-BROWSER n=656 prev_n=655 pid=109648 alive=false
1791113693440 RENDER-START n=656
1791113694146 RENDER-OK n=656 id=656 browser_pid=Some(77292) slot=B path=%TEMP%\fc-repro-leak-20261004-190528\localappdata\tw.fintools.fc-host\wallpaper\m-7ebe8f017cddc2d6-b.png wh=3840x2160 body=raw open_ms=261.6 page_ms=429.7 to_png_ms=691.3 close_ms=2.6 write_ms=12.3 warnings=0
1791113694146 VERIFY n=656 dims=Some((3840, 2160)) expect=3840x2160 own_files=2 PASS
1791113694321 BROWSER-EXIT n=656 pid=77292 after_return_ms=174.9
1791113697146 PREV-BROWSER n=657 prev_n=656 pid=77292 alive=false
1791113697146 RENDER-START n=657
1791113697757 RENDER-OK n=657 id=657 browser_pid=Some(86092) slot=A path=%TEMP%\fc-repro-leak-20261004-190528\localappdata\tw.fintools.fc-host\wallpaper\m-7ebe8f017cddc2d6-a.png wh=2560x1600 body=raw open_ms=269.3 page_ms=323.1 to_png_ms=592.4 close_ms=2.1 write_ms=16.1 warnings=0
1791113697757 VERIFY n=657 dims=Some((2560, 1600)) expect=2560x1600 own_files=2 PASS
1791113697936 BROWSER-EXIT n=657 pid=86092 after_return_ms=178.6
1791113698758 PREV-BROWSER n=658 prev_n=657 pid=86092 alive=false
1791113698758 RENDER-START n=658
1791113699468 RENDER-OK n=658 id=658 browser_pid=Some(102948) slot=B path=%TEMP%\fc-repro-leak-20261004-190528\localappdata\tw.fintools.fc-host\wallpaper\m-7ebe8f017cddc2d6-b.png wh=3840x2160 body=raw open_ms=260.5 page_ms=428.4 to_png_ms=688.9 close_ms=3.2 write_ms=18.1 warnings=0
1791113699468 VERIFY n=658 dims=Some((3840, 2160)) expect=3840x2160 own_files=2 PASS
1791113699635 BROWSER-EXIT n=658 pid=102948 after_return_ms=167.3
1791113702469 PREV-BROWSER n=659 prev_n=658 pid=102948 alive=false
1791113702469 RENDER-START n=659
1791113703096 RENDER-OK n=659 id=659 browser_pid=Some(62612) slot=A path=%TEMP%\fc-repro-leak-20261004-190528\localappdata\tw.fintools.fc-host\wallpaper\m-7ebe8f017cddc2d6-a.png wh=2560x1600 body=raw open_ms=270.8 page_ms=336.8 to_png_ms=607.6 close_ms=2.3 write_ms=17.2 warnings=0
1791113703096 VERIFY n=659 dims=Some((2560, 1600)) expect=2560x1600 own_files=2 PASS
1791113703269 BROWSER-EXIT n=659 pid=62612 after_return_ms=172.8
1791113704096 PREV-BROWSER n=660 prev_n=659 pid=62612 alive=false
1791113704096 RENDER-START n=660
1791113704812 RENDER-OK n=660 id=660 browser_pid=Some(24056) slot=B path=%TEMP%\fc-repro-leak-20261004-190528\localappdata\tw.fintools.fc-host\wallpaper\m-7ebe8f017cddc2d6-b.png wh=3840x2160 body=raw open_ms=265.0 page_ms=429.4 to_png_ms=694.4 close_ms=3.1 write_ms=17.9 warnings=0
1791113704812 VERIFY n=660 dims=Some((3840, 2160)) expect=3840x2160 own_files=2 PASS
1791113704982 BROWSER-EXIT n=660 pid=24056 after_return_ms=170.3
1791113707812 PREV-BROWSER n=661 prev_n=660 pid=24056 alive=false
1791113707812 RENDER-START n=661
1791113708423 RENDER-OK n=661 id=661 browser_pid=Some(105648) slot=A path=%TEMP%\fc-repro-leak-20261004-190528\localappdata\tw.fintools.fc-host\wallpaper\m-7ebe8f017cddc2d6-a.png wh=2560x1600 body=raw open_ms=259.7 page_ms=332.3 to_png_ms=592.0 close_ms=2.0 write_ms=16.5 warnings=0
1791113708423 VERIFY n=661 dims=Some((2560, 1600)) expect=2560x1600 own_files=2 PASS
1791113708596 BROWSER-EXIT n=661 pid=105648 after_return_ms=173.2
1791113709423 PREV-BROWSER n=662 prev_n=661 pid=105648 alive=false
1791113709423 RENDER-START n=662
1791113710141 RENDER-OK n=662 id=662 browser_pid=Some(102176) slot=B path=%TEMP%\fc-repro-leak-20261004-190528\localappdata\tw.fintools.fc-host\wallpaper\m-7ebe8f017cddc2d6-b.png wh=3840x2160 body=raw open_ms=262.0 page_ms=436.9 to_png_ms=698.8 close_ms=3.2 write_ms=15.2 warnings=0
1791113710141 VERIFY n=662 dims=Some((3840, 2160)) expect=3840x2160 own_files=2 PASS
1791113710305 BROWSER-EXIT n=662 pid=102176 after_return_ms=164.5
1791113713141 PREV-BROWSER n=663 prev_n=662 pid=102176 alive=false
1791113713141 RENDER-START n=663
1791113713766 RENDER-OK n=663 id=663 browser_pid=Some(44380) slot=A path=%TEMP%\fc-repro-leak-20261004-190528\localappdata\tw.fintools.fc-host\wallpaper\m-7ebe8f017cddc2d6-a.png wh=2560x1600 body=raw open_ms=269.8 page_ms=336.2 to_png_ms=606.1 close_ms=2.1 write_ms=16.7 warnings=0
1791113713766 VERIFY n=663 dims=Some((2560, 1600)) expect=2560x1600 own_files=2 PASS
1791113713947 BROWSER-EXIT n=663 pid=44380 after_return_ms=180.8
1791113714766 PREV-BROWSER n=664 prev_n=663 pid=44380 alive=false
1791113714766 RENDER-START n=664
1791113715531 RENDER-OK n=664 id=664 browser_pid=Some(113048) slot=B path=%TEMP%\fc-repro-leak-20261004-190528\localappdata\tw.fintools.fc-host\wallpaper\m-7ebe8f017cddc2d6-b.png wh=3840x2160 body=raw open_ms=304.8 page_ms=438.3 to_png_ms=743.1 close_ms=2.8 write_ms=18.7 warnings=0
1791113715531 VERIFY n=664 dims=Some((3840, 2160)) expect=3840x2160 own_files=2 PASS
1791113715712 BROWSER-EXIT n=664 pid=113048 after_return_ms=180.8
1791113718531 PREV-BROWSER n=665 prev_n=664 pid=113048 alive=false
1791113718531 RENDER-START n=665
1791113719147 RENDER-OK n=665 id=665 browser_pid=Some(113228) slot=A path=%TEMP%\fc-repro-leak-20261004-190528\localappdata\tw.fintools.fc-host\wallpaper\m-7ebe8f017cddc2d6-a.png wh=2560x1600 body=raw open_ms=259.8 page_ms=337.5 to_png_ms=597.3 close_ms=1.9 write_ms=16.4 warnings=0
1791113719147 VERIFY n=665 dims=Some((2560, 1600)) expect=2560x1600 own_files=2 PASS
1791113719317 BROWSER-EXIT n=665 pid=113228 after_return_ms=170.0
1791113720147 PREV-BROWSER n=666 prev_n=665 pid=113228 alive=false
1791113720147 RENDER-START n=666
1791113720873 RENDER-OK n=666 id=666 browser_pid=Some(111844) slot=B path=%TEMP%\fc-repro-leak-20261004-190528\localappdata\tw.fintools.fc-host\wallpaper\m-7ebe8f017cddc2d6-b.png wh=3840x2160 body=raw open_ms=260.1 page_ms=445.9 to_png_ms=706.0 close_ms=2.6 write_ms=16.4 warnings=0
1791113720873 VERIFY n=666 dims=Some((3840, 2160)) expect=3840x2160 own_files=2 PASS
1791113721059 BROWSER-EXIT n=666 pid=111844 after_return_ms=186.2
1791113723873 PREV-BROWSER n=667 prev_n=666 pid=111844 alive=false
1791113723873 RENDER-START n=667
1791113724506 RENDER-OK n=667 id=667 browser_pid=Some(30956) slot=A path=%TEMP%\fc-repro-leak-20261004-190528\localappdata\tw.fintools.fc-host\wallpaper\m-7ebe8f017cddc2d6-a.png wh=2560x1600 body=raw open_ms=263.9 page_ms=348.6 to_png_ms=612.5 close_ms=2.0 write_ms=17.5 warnings=0
1791113724506 VERIFY n=667 dims=Some((2560, 1600)) expect=2560x1600 own_files=2 PASS
1791113724673 BROWSER-EXIT n=667 pid=30956 after_return_ms=167.9
1791113725506 PREV-BROWSER n=668 prev_n=667 pid=30956 alive=false
1791113725506 RENDER-START n=668
1791113726236 RENDER-OK n=668 id=668 browser_pid=Some(89124) slot=B path=%TEMP%\fc-repro-leak-20261004-190528\localappdata\tw.fintools.fc-host\wallpaper\m-7ebe8f017cddc2d6-b.png wh=3840x2160 body=raw open_ms=272.5 page_ms=435.6 to_png_ms=708.2 close_ms=2.8 write_ms=18.5 warnings=0
1791113726236 VERIFY n=668 dims=Some((3840, 2160)) expect=3840x2160 own_files=2 PASS
1791113726408 BROWSER-EXIT n=668 pid=89124 after_return_ms=172.4
1791113729236 PREV-BROWSER n=669 prev_n=668 pid=89124 alive=false
1791113729236 RENDER-START n=669
1791113729864 RENDER-OK n=669 id=669 browser_pid=Some(104392) slot=A path=%TEMP%\fc-repro-leak-20261004-190528\localappdata\tw.fintools.fc-host\wallpaper\m-7ebe8f017cddc2d6-a.png wh=2560x1600 body=raw open_ms=266.1 page_ms=342.6 to_png_ms=608.7 close_ms=1.9 write_ms=16.9 warnings=0
1791113729864 VERIFY n=669 dims=Some((2560, 1600)) expect=2560x1600 own_files=2 PASS
1791113730040 BROWSER-EXIT n=669 pid=104392 after_return_ms=176.1
1791113730864 PREV-BROWSER n=670 prev_n=669 pid=104392 alive=false
1791113730864 RENDER-START n=670
1791113731583 RENDER-OK n=670 id=670 browser_pid=Some(108548) slot=B path=%TEMP%\fc-repro-leak-20261004-190528\localappdata\tw.fintools.fc-host\wallpaper\m-7ebe8f017cddc2d6-b.png wh=3840x2160 body=raw open_ms=266.9 page_ms=430.7 to_png_ms=697.6 close_ms=2.6 write_ms=18.4 warnings=0
1791113731583 VERIFY n=670 dims=Some((3840, 2160)) expect=3840x2160 own_files=2 PASS
1791113731766 BROWSER-EXIT n=670 pid=108548 after_return_ms=182.4
1791113734584 PREV-BROWSER n=671 prev_n=670 pid=108548 alive=false
1791113734584 RENDER-START n=671
1791113735272 RENDER-OK n=671 id=671 browser_pid=Some(59220) slot=A path=%TEMP%\fc-repro-leak-20261004-190528\localappdata\tw.fintools.fc-host\wallpaper\m-7ebe8f017cddc2d6-a.png wh=2560x1600 body=raw open_ms=325.6 page_ms=343.1 to_png_ms=668.7 close_ms=1.9 write_ms=17.1 warnings=0
1791113735272 VERIFY n=671 dims=Some((2560, 1600)) expect=2560x1600 own_files=2 PASS
1791113735449 BROWSER-EXIT n=671 pid=59220 after_return_ms=177.8
1791113736272 PREV-BROWSER n=672 prev_n=671 pid=59220 alive=false
1791113736272 RENDER-START n=672
1791113736981 RENDER-OK n=672 id=672 browser_pid=Some(108644) slot=B path=%TEMP%\fc-repro-leak-20261004-190528\localappdata\tw.fintools.fc-host\wallpaper\m-7ebe8f017cddc2d6-b.png wh=3840x2160 body=raw open_ms=264.6 page_ms=429.5 to_png_ms=694.1 close_ms=3.3 write_ms=11.4 warnings=0
1791113736982 VERIFY n=672 dims=Some((3840, 2160)) expect=3840x2160 own_files=2 PASS
1791113737168 BROWSER-EXIT n=672 pid=108644 after_return_ms=186.4
1791113739982 PREV-BROWSER n=673 prev_n=672 pid=108644 alive=false
1791113739982 RENDER-START n=673
1791113740604 RENDER-OK n=673 id=673 browser_pid=Some(112992) slot=A path=%TEMP%\fc-repro-leak-20261004-190528\localappdata\tw.fintools.fc-host\wallpaper\m-7ebe8f017cddc2d6-a.png wh=2560x1600 body=raw open_ms=258.6 page_ms=344.5 to_png_ms=603.1 close_ms=2.1 write_ms=17.1 warnings=0
1791113740605 VERIFY n=673 dims=Some((2560, 1600)) expect=2560x1600 own_files=2 PASS
1791113740784 BROWSER-EXIT n=673 pid=112992 after_return_ms=179.8
1791113741605 PREV-BROWSER n=674 prev_n=673 pid=112992 alive=false
1791113741605 RENDER-START n=674
1791113742387 RENDER-OK n=674 id=674 browser_pid=Some(77016) slot=B path=%TEMP%\fc-repro-leak-20261004-190528\localappdata\tw.fintools.fc-host\wallpaper\m-7ebe8f017cddc2d6-b.png wh=3840x2160 body=raw open_ms=325.0 page_ms=441.2 to_png_ms=766.2 close_ms=3.6 write_ms=11.9 warnings=0
1791113742387 VERIFY n=674 dims=Some((3840, 2160)) expect=3840x2160 own_files=2 PASS
1791113742567 BROWSER-EXIT n=674 pid=77016 after_return_ms=180.5
1791113745387 PREV-BROWSER n=675 prev_n=674 pid=77016 alive=false
1791113745387 RENDER-START n=675
1791113745997 RENDER-OK n=675 id=675 browser_pid=Some(109612) slot=A path=%TEMP%\fc-repro-leak-20261004-190528\localappdata\tw.fintools.fc-host\wallpaper\m-7ebe8f017cddc2d6-a.png wh=2560x1600 body=raw open_ms=260.7 page_ms=338.2 to_png_ms=598.9 close_ms=2.1 write_ms=8.7 warnings=0
1791113745998 VERIFY n=675 dims=Some((2560, 1600)) expect=2560x1600 own_files=2 PASS
1791113746187 BROWSER-EXIT n=675 pid=109612 after_return_ms=189.9
1791113746997 PREV-BROWSER n=676 prev_n=675 pid=109612 alive=false
1791113746998 RENDER-START n=676
1791113747715 RENDER-OK n=676 id=676 browser_pid=Some(113480) slot=B path=%TEMP%\fc-repro-leak-20261004-190528\localappdata\tw.fintools.fc-host\wallpaper\m-7ebe8f017cddc2d6-b.png wh=3840x2160 body=raw open_ms=266.8 page_ms=429.2 to_png_ms=696.1 close_ms=3.0 write_ms=18.3 warnings=0
1791113747716 VERIFY n=676 dims=Some((3840, 2160)) expect=3840x2160 own_files=2 PASS
1791113747888 BROWSER-EXIT n=676 pid=113480 after_return_ms=172.8
1791113750716 PREV-BROWSER n=677 prev_n=676 pid=113480 alive=false
1791113750716 RENDER-START n=677
1791113751391 RENDER-OK n=677 id=677 browser_pid=Some(90012) slot=A path=%TEMP%\fc-repro-leak-20261004-190528\localappdata\tw.fintools.fc-host\wallpaper\m-7ebe8f017cddc2d6-a.png wh=2560x1600 body=raw open_ms=321.5 page_ms=333.5 to_png_ms=654.9 close_ms=2.6 write_ms=17.3 warnings=0
1791113751391 VERIFY n=677 dims=Some((2560, 1600)) expect=2560x1600 own_files=2 PASS
1791113751564 BROWSER-EXIT n=677 pid=90012 after_return_ms=173.5
1791113752391 PREV-BROWSER n=678 prev_n=677 pid=90012 alive=false
1791113752391 RENDER-START n=678
1791113753171 RENDER-OK n=678 id=678 browser_pid=Some(95780) slot=B path=%TEMP%\fc-repro-leak-20261004-190528\localappdata\tw.fintools.fc-host\wallpaper\m-7ebe8f017cddc2d6-b.png wh=3840x2160 body=raw open_ms=327.9 page_ms=436.6 to_png_ms=764.5 close_ms=2.8 write_ms=11.6 warnings=0
1791113753171 VERIFY n=678 dims=Some((3840, 2160)) expect=3840x2160 own_files=2 PASS
1791113753362 BROWSER-EXIT n=678 pid=95780 after_return_ms=191.6
1791113756171 PREV-BROWSER n=679 prev_n=678 pid=95780 alive=false
1791113756171 RENDER-START n=679
1791113756839 RENDER-OK n=679 id=679 browser_pid=Some(48100) slot=A path=%TEMP%\fc-repro-leak-20261004-190528\localappdata\tw.fintools.fc-host\wallpaper\m-7ebe8f017cddc2d6-a.png wh=2560x1600 body=raw open_ms=302.0 page_ms=346.9 to_png_ms=649.0 close_ms=2.1 write_ms=17.0 warnings=0
1791113756840 VERIFY n=679 dims=Some((2560, 1600)) expect=2560x1600 own_files=2 PASS
1791113757021 BROWSER-EXIT n=679 pid=48100 after_return_ms=181.2
1791113757840 PREV-BROWSER n=680 prev_n=679 pid=48100 alive=false
1791113757840 RENDER-START n=680
1791113758583 RENDER-OK n=680 id=680 browser_pid=Some(28620) slot=B path=%TEMP%\fc-repro-leak-20261004-190528\localappdata\tw.fintools.fc-host\wallpaper\m-7ebe8f017cddc2d6-b.png wh=3840x2160 body=raw open_ms=274.2 page_ms=447.6 to_png_ms=721.8 close_ms=3.1 write_ms=18.2 warnings=0
1791113758583 VERIFY n=680 dims=Some((3840, 2160)) expect=3840x2160 own_files=2 PASS
1791113758752 BROWSER-EXIT n=680 pid=28620 after_return_ms=168.9
1791113761584 PREV-BROWSER n=681 prev_n=680 pid=28620 alive=false
1791113761584 RENDER-START n=681
1791113762271 RENDER-OK n=681 id=681 browser_pid=Some(13964) slot=A path=%TEMP%\fc-repro-leak-20261004-190528\localappdata\tw.fintools.fc-host\wallpaper\m-7ebe8f017cddc2d6-a.png wh=2560x1600 body=raw open_ms=325.2 page_ms=344.0 to_png_ms=669.2 close_ms=2.0 write_ms=16.2 warnings=0
1791113762271 VERIFY n=681 dims=Some((2560, 1600)) expect=2560x1600 own_files=2 PASS
1791113762445 BROWSER-EXIT n=681 pid=13964 after_return_ms=173.9
1791113763272 PREV-BROWSER n=682 prev_n=681 pid=13964 alive=false
1791113763272 RENDER-START n=682
1791113764020 RENDER-OK n=682 id=682 browser_pid=Some(99572) slot=B path=%TEMP%\fc-repro-leak-20261004-190528\localappdata\tw.fintools.fc-host\wallpaper\m-7ebe8f017cddc2d6-b.png wh=3840x2160 body=raw open_ms=290.1 page_ms=437.7 to_png_ms=727.8 close_ms=2.9 write_ms=17.5 warnings=0
1791113764021 VERIFY n=682 dims=Some((3840, 2160)) expect=3840x2160 own_files=2 PASS
1791113764198 BROWSER-EXIT n=682 pid=99572 after_return_ms=178.1
1791113767021 PREV-BROWSER n=683 prev_n=682 pid=99572 alive=false
1791113767021 RENDER-START n=683
1791113767729 RENDER-OK n=683 id=683 browser_pid=Some(113040) slot=A path=%TEMP%\fc-repro-leak-20261004-190528\localappdata\tw.fintools.fc-host\wallpaper\m-7ebe8f017cddc2d6-a.png wh=2560x1600 body=raw open_ms=329.9 page_ms=358.6 to_png_ms=688.5 close_ms=2.2 write_ms=17.3 warnings=0
1791113767729 VERIFY n=683 dims=Some((2560, 1600)) expect=2560x1600 own_files=2 PASS
1791113767905 BROWSER-EXIT n=683 pid=113040 after_return_ms=176.1
1791113768729 PREV-BROWSER n=684 prev_n=683 pid=113040 alive=false
1791113768729 RENDER-START n=684
1791113769457 RENDER-OK n=684 id=684 browser_pid=Some(71016) slot=B path=%TEMP%\fc-repro-leak-20261004-190528\localappdata\tw.fintools.fc-host\wallpaper\m-7ebe8f017cddc2d6-b.png wh=3840x2160 body=raw open_ms=267.5 page_ms=439.1 to_png_ms=706.6 close_ms=3.1 write_ms=17.6 warnings=0
1791113769457 VERIFY n=684 dims=Some((3840, 2160)) expect=3840x2160 own_files=2 PASS
1791113769630 BROWSER-EXIT n=684 pid=71016 after_return_ms=172.8
1791113772457 PREV-BROWSER n=685 prev_n=684 pid=71016 alive=false
1791113772457 RENDER-START n=685
1791113773088 RENDER-OK n=685 id=685 browser_pid=Some(50248) slot=A path=%TEMP%\fc-repro-leak-20261004-190528\localappdata\tw.fintools.fc-host\wallpaper\m-7ebe8f017cddc2d6-a.png wh=2560x1600 body=raw open_ms=267.7 page_ms=343.3 to_png_ms=611.0 close_ms=2.2 write_ms=17.8 warnings=0
1791113773089 VERIFY n=685 dims=Some((2560, 1600)) expect=2560x1600 own_files=2 PASS
1791113773460 BROWSER-EXIT n=685 pid=50248 after_return_ms=372.1
1791113774089 PREV-BROWSER n=686 prev_n=685 pid=50248 alive=false
1791113774089 RENDER-START n=686
1791113774805 RENDER-OK n=686 id=686 browser_pid=Some(101748) slot=B path=%TEMP%\fc-repro-leak-20261004-190528\localappdata\tw.fintools.fc-host\wallpaper\m-7ebe8f017cddc2d6-b.png wh=3840x2160 body=raw open_ms=262.7 page_ms=437.9 to_png_ms=700.5 close_ms=3.1 write_ms=12.1 warnings=0
1791113774805 VERIFY n=686 dims=Some((3840, 2160)) expect=3840x2160 own_files=2 PASS
1791113774987 BROWSER-EXIT n=686 pid=101748 after_return_ms=182.2
1791113777805 PREV-BROWSER n=687 prev_n=686 pid=101748 alive=false
1791113777805 RENDER-START n=687
1791113778429 RENDER-OK n=687 id=687 browser_pid=Some(107868) slot=A path=%TEMP%\fc-repro-leak-20261004-190528\localappdata\tw.fintools.fc-host\wallpaper\m-7ebe8f017cddc2d6-a.png wh=2560x1600 body=raw open_ms=261.4 page_ms=343.8 to_png_ms=605.2 close_ms=2.1 write_ms=16.3 warnings=0
1791113778429 VERIFY n=687 dims=Some((2560, 1600)) expect=2560x1600 own_files=2 PASS
1791113778604 BROWSER-EXIT n=687 pid=107868 after_return_ms=175.1
1791113779429 PREV-BROWSER n=688 prev_n=687 pid=107868 alive=false
1791113779429 RENDER-START n=688
1791113780168 RENDER-OK n=688 id=688 browser_pid=Some(14384) slot=B path=%TEMP%\fc-repro-leak-20261004-190528\localappdata\tw.fintools.fc-host\wallpaper\m-7ebe8f017cddc2d6-b.png wh=3840x2160 body=raw open_ms=270.1 page_ms=443.5 to_png_ms=713.6 close_ms=2.8 write_ms=22.2 warnings=0
1791113780169 VERIFY n=688 dims=Some((3840, 2160)) expect=3840x2160 own_files=2 PASS
1791113780341 BROWSER-EXIT n=688 pid=14384 after_return_ms=172.9
1791113783168 PREV-BROWSER n=689 prev_n=688 pid=14384 alive=false
1791113783168 RENDER-START n=689
1791113783795 RENDER-OK n=689 id=689 browser_pid=Some(104576) slot=A path=%TEMP%\fc-repro-leak-20261004-190528\localappdata\tw.fintools.fc-host\wallpaper\m-7ebe8f017cddc2d6-a.png wh=2560x1600 body=raw open_ms=268.1 page_ms=346.8 to_png_ms=614.8 close_ms=1.9 write_ms=9.7 warnings=0
1791113783795 VERIFY n=689 dims=Some((2560, 1600)) expect=2560x1600 own_files=2 PASS
1791113783980 BROWSER-EXIT n=689 pid=104576 after_return_ms=184.8
1791113784795 PREV-BROWSER n=690 prev_n=689 pid=104576 alive=false
1791113784795 RENDER-START n=690
1791113785592 RENDER-OK n=690 id=690 browser_pid=Some(84652) slot=B path=%TEMP%\fc-repro-leak-20261004-190528\localappdata\tw.fintools.fc-host\wallpaper\m-7ebe8f017cddc2d6-b.png wh=3840x2160 body=raw open_ms=329.5 page_ms=446.1 to_png_ms=775.7 close_ms=2.9 write_ms=18.1 warnings=0
1791113785592 VERIFY n=690 dims=Some((3840, 2160)) expect=3840x2160 own_files=2 PASS
1791113785771 BROWSER-EXIT n=690 pid=84652 after_return_ms=178.4
1791113788593 PREV-BROWSER n=691 prev_n=690 pid=84652 alive=false
1791113788593 RENDER-START n=691
1791113789202 RENDER-OK n=691 id=691 browser_pid=Some(59320) slot=A path=%TEMP%\fc-repro-leak-20261004-190528\localappdata\tw.fintools.fc-host\wallpaper\m-7ebe8f017cddc2d6-a.png wh=2560x1600 body=raw open_ms=257.5 page_ms=338.2 to_png_ms=595.7 close_ms=2.1 write_ms=7.8 warnings=0
1791113789202 VERIFY n=691 dims=Some((2560, 1600)) expect=2560x1600 own_files=2 PASS
1791113789379 BROWSER-EXIT n=691 pid=59320 after_return_ms=177.1
1791113790202 PREV-BROWSER n=692 prev_n=691 pid=59320 alive=false
1791113790202 RENDER-START n=692
1791113790919 RENDER-OK n=692 id=692 browser_pid=Some(2100) slot=B path=%TEMP%\fc-repro-leak-20261004-190528\localappdata\tw.fintools.fc-host\wallpaper\m-7ebe8f017cddc2d6-b.png wh=3840x2160 body=raw open_ms=268.8 page_ms=426.7 to_png_ms=695.4 close_ms=3.1 write_ms=18.1 warnings=0
1791113790920 VERIFY n=692 dims=Some((3840, 2160)) expect=3840x2160 own_files=2 PASS
1791113791088 BROWSER-EXIT n=692 pid=2100 after_return_ms=168.8
1791113793920 PREV-BROWSER n=693 prev_n=692 pid=2100 alive=false
1791113793920 RENDER-START n=693
1791113794536 RENDER-OK n=693 id=693 browser_pid=Some(111620) slot=A path=%TEMP%\fc-repro-leak-20261004-190528\localappdata\tw.fintools.fc-host\wallpaper\m-7ebe8f017cddc2d6-a.png wh=2560x1600 body=raw open_ms=259.0 page_ms=337.0 to_png_ms=595.9 close_ms=2.0 write_ms=17.5 warnings=0
1791113794536 VERIFY n=693 dims=Some((2560, 1600)) expect=2560x1600 own_files=2 PASS
1791113794711 BROWSER-EXIT n=693 pid=111620 after_return_ms=175.7
1791113795536 PREV-BROWSER n=694 prev_n=693 pid=111620 alive=false
1791113795536 RENDER-START n=694
1791113796263 RENDER-OK n=694 id=694 browser_pid=Some(97780) slot=B path=%TEMP%\fc-repro-leak-20261004-190528\localappdata\tw.fintools.fc-host\wallpaper\m-7ebe8f017cddc2d6-b.png wh=3840x2160 body=raw open_ms=261.0 page_ms=444.1 to_png_ms=705.1 close_ms=3.0 write_ms=18.5 warnings=0
1791113796263 VERIFY n=694 dims=Some((3840, 2160)) expect=3840x2160 own_files=2 PASS
1791113796443 BROWSER-EXIT n=694 pid=97780 after_return_ms=179.9
1791113799263 PREV-BROWSER n=695 prev_n=694 pid=97780 alive=false
1791113799263 RENDER-START n=695
1791113799954 RENDER-OK n=695 id=695 browser_pid=Some(107264) slot=A path=%TEMP%\fc-repro-leak-20261004-190528\localappdata\tw.fintools.fc-host\wallpaper\m-7ebe8f017cddc2d6-a.png wh=2560x1600 body=raw open_ms=323.7 page_ms=347.5 to_png_ms=671.2 close_ms=2.2 write_ms=17.9 warnings=0
1791113799955 VERIFY n=695 dims=Some((2560, 1600)) expect=2560x1600 own_files=2 PASS
1791113800128 BROWSER-EXIT n=695 pid=107264 after_return_ms=173.8
1791113800955 PREV-BROWSER n=696 prev_n=695 pid=107264 alive=false
1791113800955 RENDER-START n=696
1791113801683 RENDER-OK n=696 id=696 browser_pid=Some(112572) slot=B path=%TEMP%\fc-repro-leak-20261004-190528\localappdata\tw.fintools.fc-host\wallpaper\m-7ebe8f017cddc2d6-b.png wh=3840x2160 body=raw open_ms=263.7 page_ms=449.7 to_png_ms=713.4 close_ms=2.8 write_ms=12.2 warnings=0
1791113801684 VERIFY n=696 dims=Some((3840, 2160)) expect=3840x2160 own_files=2 PASS
1791113801868 BROWSER-EXIT n=696 pid=112572 after_return_ms=184.5
1791113804683 PREV-BROWSER n=697 prev_n=696 pid=112572 alive=false
1791113804683 RENDER-START n=697
1791113805299 RENDER-OK n=697 id=697 browser_pid=Some(76488) slot=A path=%TEMP%\fc-repro-leak-20261004-190528\localappdata\tw.fintools.fc-host\wallpaper\m-7ebe8f017cddc2d6-a.png wh=2560x1600 body=raw open_ms=261.3 page_ms=335.4 to_png_ms=596.7 close_ms=1.9 write_ms=16.4 warnings=0
1791113805299 VERIFY n=697 dims=Some((2560, 1600)) expect=2560x1600 own_files=2 PASS
1791113805470 BROWSER-EXIT n=697 pid=76488 after_return_ms=171.3
1791113806299 PREV-BROWSER n=698 prev_n=697 pid=76488 alive=false
1791113806299 RENDER-START n=698
1791113807030 RENDER-OK n=698 id=698 browser_pid=Some(21340) slot=B path=%TEMP%\fc-repro-leak-20261004-190528\localappdata\tw.fintools.fc-host\wallpaper\m-7ebe8f017cddc2d6-b.png wh=3840x2160 body=raw open_ms=263.9 page_ms=446.0 to_png_ms=709.9 close_ms=2.8 write_ms=17.5 warnings=0
1791113807030 VERIFY n=698 dims=Some((3840, 2160)) expect=3840x2160 own_files=2 PASS
1791113807208 BROWSER-EXIT n=698 pid=21340 after_return_ms=178.2
1791113810030 PREV-BROWSER n=699 prev_n=698 pid=21340 alive=false
1791113810030 RENDER-START n=699
1791113810644 RENDER-OK n=699 id=699 browser_pid=Some(96804) slot=A path=%TEMP%\fc-repro-leak-20261004-190528\localappdata\tw.fintools.fc-host\wallpaper\m-7ebe8f017cddc2d6-a.png wh=2560x1600 body=raw open_ms=255.3 page_ms=339.3 to_png_ms=594.7 close_ms=2.4 write_ms=16.9 warnings=0
1791113810645 VERIFY n=699 dims=Some((2560, 1600)) expect=2560x1600 own_files=2 PASS
1791113810814 BROWSER-EXIT n=699 pid=96804 after_return_ms=169.4
1791113811645 PREV-BROWSER n=700 prev_n=699 pid=96804 alive=false
1791113811645 RENDER-START n=700
1791113812368 RENDER-OK n=700 id=700 browser_pid=Some(97228) slot=B path=%TEMP%\fc-repro-leak-20261004-190528\localappdata\tw.fintools.fc-host\wallpaper\m-7ebe8f017cddc2d6-b.png wh=3840x2160 body=raw open_ms=261.1 page_ms=438.8 to_png_ms=699.9 close_ms=2.8 write_ms=20.1 warnings=0
1791113812368 VERIFY n=700 dims=Some((3840, 2160)) expect=3840x2160 own_files=2 PASS
1791113812539 BROWSER-EXIT n=700 pid=97228 after_return_ms=171.3
1791113815368 PREV-BROWSER n=701 prev_n=700 pid=97228 alive=false
1791113815368 RENDER-START n=701
1791113815996 RENDER-OK n=701 id=701 browser_pid=Some(92928) slot=A path=%TEMP%\fc-repro-leak-20261004-190528\localappdata\tw.fintools.fc-host\wallpaper\m-7ebe8f017cddc2d6-a.png wh=2560x1600 body=raw open_ms=265.0 page_ms=343.7 to_png_ms=608.7 close_ms=2.2 write_ms=16.7 warnings=0
1791113815997 VERIFY n=701 dims=Some((2560, 1600)) expect=2560x1600 own_files=2 PASS
1791113816167 BROWSER-EXIT n=701 pid=92928 after_return_ms=170.3
1791113816997 PREV-BROWSER n=702 prev_n=701 pid=92928 alive=false
1791113816997 RENDER-START n=702
1791113817777 RENDER-OK n=702 id=702 browser_pid=Some(4280) slot=B path=%TEMP%\fc-repro-leak-20261004-190528\localappdata\tw.fintools.fc-host\wallpaper\m-7ebe8f017cddc2d6-b.png wh=3840x2160 body=raw open_ms=322.1 page_ms=434.9 to_png_ms=757.0 close_ms=3.2 write_ms=19.3 warnings=0
1791113817777 VERIFY n=702 dims=Some((3840, 2160)) expect=3840x2160 own_files=2 PASS
1791113817951 BROWSER-EXIT n=702 pid=4280 after_return_ms=174.7
1791113820777 PREV-BROWSER n=703 prev_n=702 pid=4280 alive=false
1791113820777 RENDER-START n=703
1791113821419 RENDER-OK n=703 id=703 browser_pid=Some(101004) slot=A path=%TEMP%\fc-repro-leak-20261004-190528\localappdata\tw.fintools.fc-host\wallpaper\m-7ebe8f017cddc2d6-a.png wh=2560x1600 body=raw open_ms=262.8 page_ms=358.8 to_png_ms=621.7 close_ms=2.0 write_ms=18.1 warnings=0
1791113821419 VERIFY n=703 dims=Some((2560, 1600)) expect=2560x1600 own_files=2 PASS
1791113821586 BROWSER-EXIT n=703 pid=101004 after_return_ms=167.3
1791113822419 PREV-BROWSER n=704 prev_n=703 pid=101004 alive=false
1791113822419 RENDER-START n=704
1791113823212 RENDER-OK n=704 id=704 browser_pid=Some(95408) slot=B path=%TEMP%\fc-repro-leak-20261004-190528\localappdata\tw.fintools.fc-host\wallpaper\m-7ebe8f017cddc2d6-b.png wh=3840x2160 body=raw open_ms=320.8 page_ms=449.1 to_png_ms=770.0 close_ms=3.1 write_ms=18.9 warnings=0
1791113823212 VERIFY n=704 dims=Some((3840, 2160)) expect=3840x2160 own_files=2 PASS
1791113823400 BROWSER-EXIT n=704 pid=95408 after_return_ms=187.9
1791113826212 PREV-BROWSER n=705 prev_n=704 pid=95408 alive=false
1791113826212 RENDER-START n=705
1791113826856 RENDER-OK n=705 id=705 browser_pid=Some(75868) slot=A path=%TEMP%\fc-repro-leak-20261004-190528\localappdata\tw.fintools.fc-host\wallpaper\m-7ebe8f017cddc2d6-a.png wh=2560x1600 body=raw open_ms=267.3 page_ms=357.8 to_png_ms=625.1 close_ms=2.0 write_ms=16.6 warnings=0
1791113826856 VERIFY n=705 dims=Some((2560, 1600)) expect=2560x1600 own_files=2 PASS
1791113827029 BROWSER-EXIT n=705 pid=75868 after_return_ms=173.0
1791113827856 PREV-BROWSER n=706 prev_n=705 pid=75868 alive=false
1791113827856 RENDER-START n=706
1791113828654 RENDER-OK n=706 id=706 browser_pid=Some(62316) slot=B path=%TEMP%\fc-repro-leak-20261004-190528\localappdata\tw.fintools.fc-host\wallpaper\m-7ebe8f017cddc2d6-b.png wh=3840x2160 body=raw open_ms=333.9 page_ms=448.5 to_png_ms=782.4 close_ms=3.9 write_ms=10.8 warnings=0
1791113828654 VERIFY n=706 dims=Some((3840, 2160)) expect=3840x2160 own_files=2 PASS
1791113828834 BROWSER-EXIT n=706 pid=62316 after_return_ms=180.5
1791113831654 PREV-BROWSER n=707 prev_n=706 pid=62316 alive=false
1791113831654 RENDER-START n=707
1791113832282 RENDER-OK n=707 id=707 browser_pid=Some(111008) slot=A path=%TEMP%\fc-repro-leak-20261004-190528\localappdata\tw.fintools.fc-host\wallpaper\m-7ebe8f017cddc2d6-a.png wh=2560x1600 body=raw open_ms=256.9 page_ms=352.6 to_png_ms=609.5 close_ms=2.1 write_ms=16.4 warnings=0
1791113832283 VERIFY n=707 dims=Some((2560, 1600)) expect=2560x1600 own_files=2 PASS
1791113832455 BROWSER-EXIT n=707 pid=111008 after_return_ms=172.6
1791113833282 PREV-BROWSER n=708 prev_n=707 pid=111008 alive=false
1791113833282 RENDER-START n=708
1791113834017 RENDER-OK n=708 id=708 browser_pid=Some(87524) slot=B path=%TEMP%\fc-repro-leak-20261004-190528\localappdata\tw.fintools.fc-host\wallpaper\m-7ebe8f017cddc2d6-b.png wh=3840x2160 body=raw open_ms=263.6 page_ms=454.7 to_png_ms=718.2 close_ms=3.0 write_ms=13.0 warnings=0
1791113834017 VERIFY n=708 dims=Some((3840, 2160)) expect=3840x2160 own_files=2 PASS
1791113834204 BROWSER-EXIT n=708 pid=87524 after_return_ms=187.2
1791113837017 PREV-BROWSER n=709 prev_n=708 pid=87524 alive=false
1791113837017 RENDER-START n=709
1791113837642 RENDER-OK n=709 id=709 browser_pid=Some(9676) slot=A path=%TEMP%\fc-repro-leak-20261004-190528\localappdata\tw.fintools.fc-host\wallpaper\m-7ebe8f017cddc2d6-a.png wh=2560x1600 body=raw open_ms=263.4 page_ms=350.0 to_png_ms=613.3 close_ms=1.9 write_ms=8.7 warnings=0
1791113837642 VERIFY n=709 dims=Some((2560, 1600)) expect=2560x1600 own_files=2 PASS
1791113837829 BROWSER-EXIT n=709 pid=9676 after_return_ms=187.3
1791113838642 PREV-BROWSER n=710 prev_n=709 pid=9676 alive=false
1791113838642 RENDER-START n=710
1791113839387 RENDER-OK n=710 id=710 browser_pid=Some(96732) slot=B path=%TEMP%\fc-repro-leak-20261004-190528\localappdata\tw.fintools.fc-host\wallpaper\m-7ebe8f017cddc2d6-b.png wh=3840x2160 body=raw open_ms=268.3 page_ms=453.5 to_png_ms=721.8 close_ms=3.8 write_ms=19.2 warnings=0
1791113839387 VERIFY n=710 dims=Some((3840, 2160)) expect=3840x2160 own_files=2 PASS
1791113839561 BROWSER-EXIT n=710 pid=96732 after_return_ms=174.3
1791113842387 PREV-BROWSER n=711 prev_n=710 pid=96732 alive=false
1791113842388 RENDER-START n=711
1791113843038 RENDER-OK n=711 id=711 browser_pid=Some(96236) slot=A path=%TEMP%\fc-repro-leak-20261004-190528\localappdata\tw.fintools.fc-host\wallpaper\m-7ebe8f017cddc2d6-a.png wh=2560x1600 body=raw open_ms=263.9 page_ms=367.4 to_png_ms=631.3 close_ms=2.0 write_ms=16.9 warnings=0
1791113843038 VERIFY n=711 dims=Some((2560, 1600)) expect=2560x1600 own_files=2 PASS
1791113843215 BROWSER-EXIT n=711 pid=96236 after_return_ms=176.9
1791113844038 PREV-BROWSER n=712 prev_n=711 pid=96236 alive=false
1791113844038 RENDER-START n=712
1791113844844 RENDER-OK n=712 id=712 browser_pid=Some(111332) slot=B path=%TEMP%\fc-repro-leak-20261004-190528\localappdata\tw.fintools.fc-host\wallpaper\m-7ebe8f017cddc2d6-b.png wh=3840x2160 body=raw open_ms=333.1 page_ms=451.3 to_png_ms=784.4 close_ms=3.0 write_ms=18.0 warnings=0
1791113844844 VERIFY n=712 dims=Some((3840, 2160)) expect=3840x2160 own_files=2 PASS
1791113845017 BROWSER-EXIT n=712 pid=111332 after_return_ms=172.7
1791113847844 PREV-BROWSER n=713 prev_n=712 pid=111332 alive=false
1791113847844 RENDER-START n=713
1791113848541 RENDER-OK n=713 id=713 browser_pid=Some(97216) slot=A path=%TEMP%\fc-repro-leak-20261004-190528\localappdata\tw.fintools.fc-host\wallpaper\m-7ebe8f017cddc2d6-a.png wh=2560x1600 body=raw open_ms=335.0 page_ms=342.6 to_png_ms=677.6 close_ms=2.3 write_ms=17.2 warnings=0
1791113848542 VERIFY n=713 dims=Some((2560, 1600)) expect=2560x1600 own_files=2 PASS
1791113848717 BROWSER-EXIT n=713 pid=97216 after_return_ms=175.4
1791113849542 PREV-BROWSER n=714 prev_n=713 pid=97216 alive=false
1791113849542 RENDER-START n=714
1791113850351 RENDER-OK n=714 id=714 browser_pid=Some(113112) slot=B path=%TEMP%\fc-repro-leak-20261004-190528\localappdata\tw.fintools.fc-host\wallpaper\m-7ebe8f017cddc2d6-b.png wh=3840x2160 body=raw open_ms=341.4 page_ms=453.6 to_png_ms=795.0 close_ms=2.9 write_ms=10.7 warnings=0
1791113850351 VERIFY n=714 dims=Some((3840, 2160)) expect=3840x2160 own_files=2 PASS
1791113850533 BROWSER-EXIT n=714 pid=113112 after_return_ms=182.3
1791113853351 PREV-BROWSER n=715 prev_n=714 pid=113112 alive=false
1791113853351 RENDER-START n=715
1791113853974 RENDER-OK n=715 id=715 browser_pid=Some(39996) slot=A path=%TEMP%\fc-repro-leak-20261004-190528\localappdata\tw.fintools.fc-host\wallpaper\m-7ebe8f017cddc2d6-a.png wh=2560x1600 body=raw open_ms=265.9 page_ms=336.0 to_png_ms=601.9 close_ms=2.0 write_ms=18.7 warnings=0
1791113853974 VERIFY n=715 dims=Some((2560, 1600)) expect=2560x1600 own_files=2 PASS
1791113854149 BROWSER-EXIT n=715 pid=39996 after_return_ms=174.6
1791113854975 PREV-BROWSER n=716 prev_n=715 pid=39996 alive=false
1791113854975 RENDER-START n=716
1791113855699 RENDER-OK n=716 id=716 browser_pid=Some(75532) slot=B path=%TEMP%\fc-repro-leak-20261004-190528\localappdata\tw.fintools.fc-host\wallpaper\m-7ebe8f017cddc2d6-b.png wh=3840x2160 body=raw open_ms=267.9 page_ms=434.8 to_png_ms=702.7 close_ms=3.0 write_ms=18.0 warnings=0
1791113855699 VERIFY n=716 dims=Some((3840, 2160)) expect=3840x2160 own_files=2 PASS
1791113855887 BROWSER-EXIT n=716 pid=75532 after_return_ms=188.5
1791113858699 PREV-BROWSER n=717 prev_n=716 pid=75532 alive=false
1791113858699 RENDER-START n=717
1791113859328 RENDER-OK n=717 id=717 browser_pid=Some(90120) slot=A path=%TEMP%\fc-repro-leak-20261004-190528\localappdata\tw.fintools.fc-host\wallpaper\m-7ebe8f017cddc2d6-a.png wh=2560x1600 body=raw open_ms=270.2 page_ms=346.4 to_png_ms=616.6 close_ms=2.0 write_ms=9.8 warnings=0
1791113859328 VERIFY n=717 dims=Some((2560, 1600)) expect=2560x1600 own_files=2 PASS
1791113859508 BROWSER-EXIT n=717 pid=90120 after_return_ms=180.4
1791113860328 PREV-BROWSER n=718 prev_n=717 pid=90120 alive=false
1791113860328 RENDER-START n=718
1791113861063 RENDER-OK n=718 id=718 browser_pid=Some(107540) slot=B path=%TEMP%\fc-repro-leak-20261004-190528\localappdata\tw.fintools.fc-host\wallpaper\m-7ebe8f017cddc2d6-b.png wh=3840x2160 body=raw open_ms=265.0 page_ms=447.5 to_png_ms=712.5 close_ms=3.0 write_ms=18.7 warnings=0
1791113861063 VERIFY n=718 dims=Some((3840, 2160)) expect=3840x2160 own_files=2 PASS
1791113861246 BROWSER-EXIT n=718 pid=107540 after_return_ms=183.9
1791113864063 PREV-BROWSER n=719 prev_n=718 pid=107540 alive=false
1791113864063 RENDER-START n=719
1791113864685 RENDER-OK n=719 id=719 browser_pid=Some(113648) slot=A path=%TEMP%\fc-repro-leak-20261004-190528\localappdata\tw.fintools.fc-host\wallpaper\m-7ebe8f017cddc2d6-a.png wh=2560x1600 body=raw open_ms=258.8 page_ms=347.1 to_png_ms=605.9 close_ms=1.9 write_ms=14.0 warnings=0
1791113864685 VERIFY n=719 dims=Some((2560, 1600)) expect=2560x1600 own_files=2 PASS
1791113864864 BROWSER-EXIT n=719 pid=113648 after_return_ms=179.2
1791113865685 PREV-BROWSER n=720 prev_n=719 pid=113648 alive=false
1791113865685 RENDER-START n=720
1791113866467 RENDER-OK n=720 id=720 browser_pid=Some(2580) slot=B path=%TEMP%\fc-repro-leak-20261004-190528\localappdata\tw.fintools.fc-host\wallpaper\m-7ebe8f017cddc2d6-b.png wh=3840x2160 body=raw open_ms=319.9 page_ms=440.6 to_png_ms=760.5 close_ms=3.0 write_ms=18.1 warnings=0
1791113866467 VERIFY n=720 dims=Some((3840, 2160)) expect=3840x2160 own_files=2 PASS
1791113866649 BROWSER-EXIT n=720 pid=2580 after_return_ms=182.4
1791113869467 PREV-BROWSER n=721 prev_n=720 pid=2580 alive=false
1791113869467 RENDER-START n=721
1791113870104 RENDER-OK n=721 id=721 browser_pid=Some(43408) slot=A path=%TEMP%\fc-repro-leak-20261004-190528\localappdata\tw.fintools.fc-host\wallpaper\m-7ebe8f017cddc2d6-a.png wh=2560x1600 body=raw open_ms=269.5 page_ms=346.4 to_png_ms=615.9 close_ms=2.6 write_ms=17.7 warnings=0
1791113870104 VERIFY n=721 dims=Some((2560, 1600)) expect=2560x1600 own_files=2 PASS
1791113870283 BROWSER-EXIT n=721 pid=43408 after_return_ms=179.4
1791113871104 PREV-BROWSER n=722 prev_n=721 pid=43408 alive=false
1791113871104 RENDER-START n=722
1791113871819 RENDER-OK n=722 id=722 browser_pid=Some(85932) slot=B path=%TEMP%\fc-repro-leak-20261004-190528\localappdata\tw.fintools.fc-host\wallpaper\m-7ebe8f017cddc2d6-b.png wh=3840x2160 body=raw open_ms=260.8 page_ms=433.1 to_png_ms=693.9 close_ms=3.1 write_ms=17.3 warnings=0
1791113871819 VERIFY n=722 dims=Some((3840, 2160)) expect=3840x2160 own_files=2 PASS
1791113871991 BROWSER-EXIT n=722 pid=85932 after_return_ms=172.3
1791113874819 PREV-BROWSER n=723 prev_n=722 pid=85932 alive=false
1791113874819 RENDER-START n=723
1791113875448 RENDER-OK n=723 id=723 browser_pid=Some(37188) slot=A path=%TEMP%\fc-repro-leak-20261004-190528\localappdata\tw.fintools.fc-host\wallpaper\m-7ebe8f017cddc2d6-a.png wh=2560x1600 body=raw open_ms=263.6 page_ms=345.3 to_png_ms=608.9 close_ms=1.9 write_ms=17.3 warnings=0
1791113875448 VERIFY n=723 dims=Some((2560, 1600)) expect=2560x1600 own_files=2 PASS
1791113875627 BROWSER-EXIT n=723 pid=37188 after_return_ms=178.8
1791113876448 PREV-BROWSER n=724 prev_n=723 pid=37188 alive=false
1791113876448 RENDER-START n=724
1791113877185 RENDER-OK n=724 id=724 browser_pid=Some(111540) slot=B path=%TEMP%\fc-repro-leak-20261004-190528\localappdata\tw.fintools.fc-host\wallpaper\m-7ebe8f017cddc2d6-b.png wh=3840x2160 body=raw open_ms=287.4 page_ms=435.8 to_png_ms=723.2 close_ms=3.1 write_ms=10.8 warnings=0
1791113877186 VERIFY n=724 dims=Some((3840, 2160)) expect=3840x2160 own_files=2 PASS
1791113877380 BROWSER-EXIT n=724 pid=111540 after_return_ms=195.1
1791113880186 PREV-BROWSER n=725 prev_n=724 pid=111540 alive=false
1791113880186 RENDER-START n=725
1791113880810 RENDER-OK n=725 id=725 browser_pid=Some(112168) slot=A path=%TEMP%\fc-repro-leak-20261004-190528\localappdata\tw.fintools.fc-host\wallpaper\m-7ebe8f017cddc2d6-a.png wh=2560x1600 body=raw open_ms=262.8 page_ms=341.8 to_png_ms=604.6 close_ms=2.1 write_ms=17.1 warnings=0
1791113880810 VERIFY n=725 dims=Some((2560, 1600)) expect=2560x1600 own_files=2 PASS
1791113880993 BROWSER-EXIT n=725 pid=112168 after_return_ms=183.3
1791113881810 PREV-BROWSER n=726 prev_n=725 pid=112168 alive=false
1791113881810 RENDER-START n=726
1791113882552 RENDER-OK n=726 id=726 browser_pid=Some(48668) slot=B path=%TEMP%\fc-repro-leak-20261004-190528\localappdata\tw.fintools.fc-host\wallpaper\m-7ebe8f017cddc2d6-b.png wh=3840x2160 body=raw open_ms=268.8 page_ms=451.9 to_png_ms=720.7 close_ms=2.8 write_ms=18.2 warnings=0
1791113882552 VERIFY n=726 dims=Some((3840, 2160)) expect=3840x2160 own_files=2 PASS
1791113882728 BROWSER-EXIT n=726 pid=48668 after_return_ms=175.8
1791113885552 PREV-BROWSER n=727 prev_n=726 pid=48668 alive=false
1791113885552 RENDER-START n=727
1791113886174 RENDER-OK n=727 id=727 browser_pid=Some(90260) slot=A path=%TEMP%\fc-repro-leak-20261004-190528\localappdata\tw.fintools.fc-host\wallpaper\m-7ebe8f017cddc2d6-a.png wh=2560x1600 body=raw open_ms=266.9 page_ms=341.8 to_png_ms=608.7 close_ms=2.1 write_ms=10.3 warnings=0
1791113886174 VERIFY n=727 dims=Some((2560, 1600)) expect=2560x1600 own_files=2 PASS
1791113886357 BROWSER-EXIT n=727 pid=90260 after_return_ms=182.8
1791113887174 PREV-BROWSER n=728 prev_n=727 pid=90260 alive=false
1791113887174 RENDER-START n=728
1791113887915 RENDER-OK n=728 id=728 browser_pid=Some(88576) slot=B path=%TEMP%\fc-repro-leak-20261004-190528\localappdata\tw.fintools.fc-host\wallpaper\m-7ebe8f017cddc2d6-b.png wh=3840x2160 body=raw open_ms=276.3 page_ms=443.2 to_png_ms=719.4 close_ms=2.9 write_ms=18.4 warnings=0
1791113887916 VERIFY n=728 dims=Some((3840, 2160)) expect=3840x2160 own_files=2 PASS
1791113888093 BROWSER-EXIT n=728 pid=88576 after_return_ms=177.8
1791113890916 PREV-BROWSER n=729 prev_n=728 pid=88576 alive=false
1791113890916 RENDER-START n=729
1791113891549 RENDER-OK n=729 id=729 browser_pid=Some(108988) slot=A path=%TEMP%\fc-repro-leak-20261004-190528\localappdata\tw.fintools.fc-host\wallpaper\m-7ebe8f017cddc2d6-a.png wh=2560x1600 body=raw open_ms=261.0 page_ms=353.2 to_png_ms=614.2 close_ms=2.2 write_ms=17.1 warnings=0
1791113891549 VERIFY n=729 dims=Some((2560, 1600)) expect=2560x1600 own_files=2 PASS
1791113891725 BROWSER-EXIT n=729 pid=108988 after_return_ms=175.4
1791113892550 PREV-BROWSER n=730 prev_n=729 pid=108988 alive=false
1791113892550 RENDER-START n=730
1791113893298 RENDER-OK n=730 id=730 browser_pid=Some(95032) slot=B path=%TEMP%\fc-repro-leak-20261004-190528\localappdata\tw.fintools.fc-host\wallpaper\m-7ebe8f017cddc2d6-b.png wh=3840x2160 body=raw open_ms=272.7 page_ms=453.0 to_png_ms=725.7 close_ms=2.8 write_ms=19.3 warnings=0
1791113893298 VERIFY n=730 dims=Some((3840, 2160)) expect=3840x2160 own_files=2 PASS
1791113893473 BROWSER-EXIT n=730 pid=95032 after_return_ms=175.7
1791113896298 PREV-BROWSER n=731 prev_n=730 pid=95032 alive=false
1791113896298 RENDER-START n=731
1791113896927 RENDER-OK n=731 id=731 browser_pid=Some(101984) slot=A path=%TEMP%\fc-repro-leak-20261004-190528\localappdata\tw.fintools.fc-host\wallpaper\m-7ebe8f017cddc2d6-a.png wh=2560x1600 body=raw open_ms=267.4 page_ms=350.1 to_png_ms=617.5 close_ms=2.1 write_ms=9.1 warnings=0
1791113896927 VERIFY n=731 dims=Some((2560, 1600)) expect=2560x1600 own_files=2 PASS
1791113897111 BROWSER-EXIT n=731 pid=101984 after_return_ms=183.8
1791113897927 PREV-BROWSER n=732 prev_n=731 pid=101984 alive=false
1791113897927 RENDER-START n=732
1791113898654 RENDER-OK n=732 id=732 browser_pid=Some(110204) slot=B path=%TEMP%\fc-repro-leak-20261004-190528\localappdata\tw.fintools.fc-host\wallpaper\m-7ebe8f017cddc2d6-b.png wh=3840x2160 body=raw open_ms=266.9 page_ms=445.2 to_png_ms=712.1 close_ms=3.1 write_ms=11.2 warnings=0
1791113898654 VERIFY n=732 dims=Some((3840, 2160)) expect=3840x2160 own_files=2 PASS
1791113898846 BROWSER-EXIT n=732 pid=110204 after_return_ms=191.9
1791113901654 PREV-BROWSER n=733 prev_n=732 pid=110204 alive=false
1791113901654 RENDER-START n=733
1791113902280 RENDER-OK n=733 id=733 browser_pid=Some(91764) slot=A path=%TEMP%\fc-repro-leak-20261004-190528\localappdata\tw.fintools.fc-host\wallpaper\m-7ebe8f017cddc2d6-a.png wh=2560x1600 body=raw open_ms=264.0 page_ms=342.2 to_png_ms=606.2 close_ms=2.0 write_ms=17.7 warnings=0
1791113902281 VERIFY n=733 dims=Some((2560, 1600)) expect=2560x1600 own_files=2 PASS
1791113902460 BROWSER-EXIT n=733 pid=91764 after_return_ms=180.1
1791113903281 PREV-BROWSER n=734 prev_n=733 pid=91764 alive=false
1791113903281 RENDER-START n=734
1791113904006 RENDER-OK n=734 id=734 browser_pid=Some(90860) slot=B path=%TEMP%\fc-repro-leak-20261004-190528\localappdata\tw.fintools.fc-host\wallpaper\m-7ebe8f017cddc2d6-b.png wh=3840x2160 body=raw open_ms=261.1 page_ms=441.9 to_png_ms=703.0 close_ms=3.1 write_ms=18.5 warnings=0
1791113904006 VERIFY n=734 dims=Some((3840, 2160)) expect=3840x2160 own_files=2 PASS
1791113904182 BROWSER-EXIT n=734 pid=90860 after_return_ms=176.8
1791113907006 PREV-BROWSER n=735 prev_n=734 pid=90860 alive=false
1791113907006 RENDER-START n=735
1791113907715 RENDER-OK n=735 id=735 browser_pid=Some(70436) slot=A path=%TEMP%\fc-repro-leak-20261004-190528\localappdata\tw.fintools.fc-host\wallpaper\m-7ebe8f017cddc2d6-a.png wh=2560x1600 body=raw open_ms=327.5 page_ms=371.2 to_png_ms=698.7 close_ms=2.2 write_ms=8.2 warnings=0
1791113907715 VERIFY n=735 dims=Some((2560, 1600)) expect=2560x1600 own_files=2 PASS
1791113907894 BROWSER-EXIT n=735 pid=70436 after_return_ms=178.6
1791113908716 PREV-BROWSER n=736 prev_n=735 pid=70436 alive=false
1791113908716 RENDER-START n=736
1791113909453 RENDER-OK n=736 id=736 browser_pid=Some(113336) slot=B path=%TEMP%\fc-repro-leak-20261004-190528\localappdata\tw.fintools.fc-host\wallpaper\m-7ebe8f017cddc2d6-b.png wh=3840x2160 body=raw open_ms=263.9 page_ms=450.9 to_png_ms=714.7 close_ms=2.9 write_ms=19.4 warnings=0
1791113909453 VERIFY n=736 dims=Some((3840, 2160)) expect=3840x2160 own_files=2 PASS
1791113909629 BROWSER-EXIT n=736 pid=113336 after_return_ms=176.2
1791113912454 PREV-BROWSER n=737 prev_n=736 pid=113336 alive=false
1791113912454 RENDER-START n=737
1791113913074 RENDER-OK n=737 id=737 browser_pid=Some(38928) slot=A path=%TEMP%\fc-repro-leak-20261004-190528\localappdata\tw.fintools.fc-host\wallpaper\m-7ebe8f017cddc2d6-a.png wh=2560x1600 body=raw open_ms=259.6 page_ms=340.9 to_png_ms=600.5 close_ms=2.1 write_ms=16.9 warnings=0
1791113913074 VERIFY n=737 dims=Some((2560, 1600)) expect=2560x1600 own_files=2 PASS
1791113913253 BROWSER-EXIT n=737 pid=38928 after_return_ms=179.8
1791113914074 PREV-BROWSER n=738 prev_n=737 pid=38928 alive=false
1791113914074 RENDER-START n=738
1791113914792 RENDER-OK n=738 id=738 browser_pid=Some(102256) slot=B path=%TEMP%\fc-repro-leak-20261004-190528\localappdata\tw.fintools.fc-host\wallpaper\m-7ebe8f017cddc2d6-b.png wh=3840x2160 body=raw open_ms=266.5 page_ms=436.3 to_png_ms=702.7 close_ms=2.7 write_ms=12.1 warnings=0
1791113914792 VERIFY n=738 dims=Some((3840, 2160)) expect=3840x2160 own_files=2 PASS
1791113914982 BROWSER-EXIT n=738 pid=102256 after_return_ms=190.0
1791113917792 PREV-BROWSER n=739 prev_n=738 pid=102256 alive=false
1791113917792 RENDER-START n=739
1791113918489 RENDER-OK n=739 id=739 browser_pid=Some(112772) slot=A path=%TEMP%\fc-repro-leak-20261004-190528\localappdata\tw.fintools.fc-host\wallpaper\m-7ebe8f017cddc2d6-a.png wh=2560x1600 body=raw open_ms=320.2 page_ms=358.2 to_png_ms=678.4 close_ms=1.8 write_ms=16.5 warnings=0
1791113918489 VERIFY n=739 dims=Some((2560, 1600)) expect=2560x1600 own_files=2 PASS
1791113918661 BROWSER-EXIT n=739 pid=112772 after_return_ms=171.8
1791113919489 PREV-BROWSER n=740 prev_n=739 pid=112772 alive=false
1791113919489 RENDER-START n=740
1791113920210 RENDER-OK n=740 id=740 browser_pid=Some(37524) slot=B path=%TEMP%\fc-repro-leak-20261004-190528\localappdata\tw.fintools.fc-host\wallpaper\m-7ebe8f017cddc2d6-b.png wh=3840x2160 body=raw open_ms=262.6 page_ms=434.8 to_png_ms=697.4 close_ms=3.3 write_ms=20.0 warnings=0
1791113920211 VERIFY n=740 dims=Some((3840, 2160)) expect=3840x2160 own_files=2 PASS
1791113920396 BROWSER-EXIT n=740 pid=37524 after_return_ms=185.5
1791113923210 PREV-BROWSER n=741 prev_n=740 pid=37524 alive=false
1791113923210 RENDER-START n=741
1791113923830 RENDER-OK n=741 id=741 browser_pid=Some(97484) slot=A path=%TEMP%\fc-repro-leak-20261004-190528\localappdata\tw.fintools.fc-host\wallpaper\m-7ebe8f017cddc2d6-a.png wh=2560x1600 body=raw open_ms=269.6 page_ms=330.4 to_png_ms=600.0 close_ms=2.0 write_ms=17.2 warnings=0
1791113923830 VERIFY n=741 dims=Some((2560, 1600)) expect=2560x1600 own_files=2 PASS
1791113924000 BROWSER-EXIT n=741 pid=97484 after_return_ms=169.9
1791113924830 PREV-BROWSER n=742 prev_n=741 pid=97484 alive=false
1791113924830 RENDER-START n=742
1791113925561 RENDER-OK n=742 id=742 browser_pid=Some(106160) slot=B path=%TEMP%\fc-repro-leak-20261004-190528\localappdata\tw.fintools.fc-host\wallpaper\m-7ebe8f017cddc2d6-b.png wh=3840x2160 body=raw open_ms=270.6 page_ms=446.7 to_png_ms=717.3 close_ms=2.8 write_ms=10.6 warnings=0
1791113925561 VERIFY n=742 dims=Some((3840, 2160)) expect=3840x2160 own_files=2 PASS
1791113925746 BROWSER-EXIT n=742 pid=106160 after_return_ms=185.2
1791113928561 PREV-BROWSER n=743 prev_n=742 pid=106160 alive=false
1791113928561 RENDER-START n=743
1791113929193 RENDER-OK n=743 id=743 browser_pid=Some(51844) slot=A path=%TEMP%\fc-repro-leak-20261004-190528\localappdata\tw.fintools.fc-host\wallpaper\m-7ebe8f017cddc2d6-a.png wh=2560x1600 body=raw open_ms=277.4 page_ms=335.3 to_png_ms=612.7 close_ms=2.0 write_ms=17.2 warnings=0
1791113929193 VERIFY n=743 dims=Some((2560, 1600)) expect=2560x1600 own_files=2 PASS
1791113929369 BROWSER-EXIT n=743 pid=51844 after_return_ms=175.4
1791113930194 PREV-BROWSER n=744 prev_n=743 pid=51844 alive=false
1791113930194 RENDER-START n=744
1791113930955 RENDER-OK n=744 id=744 browser_pid=Some(108976) slot=B path=%TEMP%\fc-repro-leak-20261004-190528\localappdata\tw.fintools.fc-host\wallpaper\m-7ebe8f017cddc2d6-b.png wh=3840x2160 body=raw open_ms=305.0 page_ms=441.4 to_png_ms=746.4 close_ms=3.0 write_ms=11.9 warnings=0
1791113930955 VERIFY n=744 dims=Some((3840, 2160)) expect=3840x2160 own_files=2 PASS
1791113931138 BROWSER-EXIT n=744 pid=108976 after_return_ms=183.1
1791113933956 PREV-BROWSER n=745 prev_n=744 pid=108976 alive=false
1791113933956 RENDER-START n=745
1791113934584 RENDER-OK n=745 id=745 browser_pid=Some(113484) slot=A path=%TEMP%\fc-repro-leak-20261004-190528\localappdata\tw.fintools.fc-host\wallpaper\m-7ebe8f017cddc2d6-a.png wh=2560x1600 body=raw open_ms=267.2 page_ms=341.5 to_png_ms=608.7 close_ms=2.2 write_ms=16.9 warnings=0
1791113934584 VERIFY n=745 dims=Some((2560, 1600)) expect=2560x1600 own_files=2 PASS
1791113934752 BROWSER-EXIT n=745 pid=113484 after_return_ms=168.0
1791113935584 PREV-BROWSER n=746 prev_n=745 pid=113484 alive=false
1791113935584 RENDER-START n=746
1791113936483 RENDER-OK n=746 id=746 browser_pid=Some(105528) slot=B path=%TEMP%\fc-repro-leak-20261004-190528\localappdata\tw.fintools.fc-host\wallpaper\m-7ebe8f017cddc2d6-b.png wh=3840x2160 body=raw open_ms=434.4 page_ms=449.9 to_png_ms=884.3 close_ms=2.9 write_ms=11.2 warnings=0
1791113936483 VERIFY n=746 dims=Some((3840, 2160)) expect=3840x2160 own_files=2 PASS
1791113936671 BROWSER-EXIT n=746 pid=105528 after_return_ms=188.3
1791113939483 PREV-BROWSER n=747 prev_n=746 pid=105528 alive=false
1791113939483 RENDER-START n=747
1791113940103 RENDER-OK n=747 id=747 browser_pid=Some(69540) slot=A path=%TEMP%\fc-repro-leak-20261004-190528\localappdata\tw.fintools.fc-host\wallpaper\m-7ebe8f017cddc2d6-a.png wh=2560x1600 body=raw open_ms=265.4 page_ms=341.9 to_png_ms=607.4 close_ms=2.0 write_ms=10.1 warnings=0
1791113940103 VERIFY n=747 dims=Some((2560, 1600)) expect=2560x1600 own_files=2 PASS
1791113940279 BROWSER-EXIT n=747 pid=69540 after_return_ms=176.5
1791113941103 PREV-BROWSER n=748 prev_n=747 pid=69540 alive=false
1791113941103 RENDER-START n=748
1791113941833 RENDER-OK n=748 id=748 browser_pid=Some(111804) slot=B path=%TEMP%\fc-repro-leak-20261004-190528\localappdata\tw.fintools.fc-host\wallpaper\m-7ebe8f017cddc2d6-b.png wh=3840x2160 body=raw open_ms=267.0 page_ms=440.7 to_png_ms=707.7 close_ms=2.9 write_ms=18.9 warnings=0
1791113941833 VERIFY n=748 dims=Some((3840, 2160)) expect=3840x2160 own_files=2 PASS
1791113942016 BROWSER-EXIT n=748 pid=111804 after_return_ms=183.3
1791113944833 PREV-BROWSER n=749 prev_n=748 pid=111804 alive=false
1791113944833 RENDER-START n=749
1791113945478 RENDER-OK n=749 id=749 browser_pid=Some(112960) slot=A path=%TEMP%\fc-repro-leak-20261004-190528\localappdata\tw.fintools.fc-host\wallpaper\m-7ebe8f017cddc2d6-a.png wh=2560x1600 body=raw open_ms=260.1 page_ms=365.5 to_png_ms=625.6 close_ms=2.1 write_ms=17.1 warnings=0
1791113945478 VERIFY n=749 dims=Some((2560, 1600)) expect=2560x1600 own_files=2 PASS
1791113945651 BROWSER-EXIT n=749 pid=112960 after_return_ms=172.8
1791113946478 PREV-BROWSER n=750 prev_n=749 pid=112960 alive=false
1791113946479 RENDER-START n=750
1791113947184 RENDER-OK n=750 id=750 browser_pid=Some(11792) slot=B path=%TEMP%\fc-repro-leak-20261004-190528\localappdata\tw.fintools.fc-host\wallpaper\m-7ebe8f017cddc2d6-b.png wh=3840x2160 body=raw open_ms=261.4 page_ms=429.7 to_png_ms=691.1 close_ms=2.9 write_ms=11.4 warnings=0
1791113947185 VERIFY n=750 dims=Some((3840, 2160)) expect=3840x2160 own_files=2 PASS
1791113947375 BROWSER-EXIT n=750 pid=11792 after_return_ms=190.8
1791113950184 PREV-BROWSER n=751 prev_n=750 pid=11792 alive=false
1791113950184 RENDER-START n=751
1791113950821 RENDER-OK n=751 id=751 browser_pid=Some(106244) slot=A path=%TEMP%\fc-repro-leak-20261004-190528\localappdata\tw.fintools.fc-host\wallpaper\m-7ebe8f017cddc2d6-a.png wh=2560x1600 body=raw open_ms=265.0 page_ms=352.3 to_png_ms=617.3 close_ms=2.1 write_ms=16.8 warnings=0
1791113950821 VERIFY n=751 dims=Some((2560, 1600)) expect=2560x1600 own_files=2 PASS
1791113951001 BROWSER-EXIT n=751 pid=106244 after_return_ms=180.3
1791113951821 PREV-BROWSER n=752 prev_n=751 pid=106244 alive=false
1791113951821 RENDER-START n=752
1791113952544 RENDER-OK n=752 id=752 browser_pid=Some(55180) slot=B path=%TEMP%\fc-repro-leak-20261004-190528\localappdata\tw.fintools.fc-host\wallpaper\m-7ebe8f017cddc2d6-b.png wh=3840x2160 body=raw open_ms=262.3 page_ms=437.5 to_png_ms=699.8 close_ms=3.0 write_ms=20.1 warnings=0
1791113952544 VERIFY n=752 dims=Some((3840, 2160)) expect=3840x2160 own_files=2 PASS
1791113952714 BROWSER-EXIT n=752 pid=55180 after_return_ms=169.6
1791113955544 PREV-BROWSER n=753 prev_n=752 pid=55180 alive=false
1791113955545 RENDER-START n=753
1791113956172 RENDER-OK n=753 id=753 browser_pid=Some(113432) slot=A path=%TEMP%\fc-repro-leak-20261004-190528\localappdata\tw.fintools.fc-host\wallpaper\m-7ebe8f017cddc2d6-a.png wh=2560x1600 body=raw open_ms=262.2 page_ms=345.6 to_png_ms=607.9 close_ms=2.1 write_ms=16.9 warnings=0
1791113956172 VERIFY n=753 dims=Some((2560, 1600)) expect=2560x1600 own_files=2 PASS
1791113956358 BROWSER-EXIT n=753 pid=113432 after_return_ms=186.4
1791113957172 PREV-BROWSER n=754 prev_n=753 pid=113432 alive=false
1791113957172 RENDER-START n=754
1791113957899 RENDER-OK n=754 id=754 browser_pid=Some(30184) slot=B path=%TEMP%\fc-repro-leak-20261004-190528\localappdata\tw.fintools.fc-host\wallpaper\m-7ebe8f017cddc2d6-b.png wh=3840x2160 body=raw open_ms=262.5 page_ms=442.9 to_png_ms=705.5 close_ms=3.3 write_ms=17.7 warnings=0
1791113957899 VERIFY n=754 dims=Some((3840, 2160)) expect=3840x2160 own_files=2 PASS
1791113958077 BROWSER-EXIT n=754 pid=30184 after_return_ms=178.1
1791113960899 PREV-BROWSER n=755 prev_n=754 pid=30184 alive=false
1791113960899 RENDER-START n=755
1791113961526 RENDER-OK n=755 id=755 browser_pid=Some(111376) slot=A path=%TEMP%\fc-repro-leak-20261004-190528\localappdata\tw.fintools.fc-host\wallpaper\m-7ebe8f017cddc2d6-a.png wh=2560x1600 body=raw open_ms=270.1 page_ms=338.0 to_png_ms=608.1 close_ms=1.9 write_ms=16.7 warnings=0
1791113961527 VERIFY n=755 dims=Some((2560, 1600)) expect=2560x1600 own_files=2 PASS
1791113961692 BROWSER-EXIT n=755 pid=111376 after_return_ms=165.7
1791113962527 PREV-BROWSER n=756 prev_n=755 pid=111376 alive=false
1791113962527 RENDER-START n=756
1791113963233 RENDER-OK n=756 id=756 browser_pid=Some(111964) slot=B path=%TEMP%\fc-repro-leak-20261004-190528\localappdata\tw.fintools.fc-host\wallpaper\m-7ebe8f017cddc2d6-b.png wh=3840x2160 body=raw open_ms=258.7 page_ms=433.4 to_png_ms=692.1 close_ms=2.9 write_ms=10.9 warnings=0
1791113963233 VERIFY n=756 dims=Some((3840, 2160)) expect=3840x2160 own_files=2 PASS
1791113963416 BROWSER-EXIT n=756 pid=111964 after_return_ms=182.7
1791113966233 PREV-BROWSER n=757 prev_n=756 pid=111964 alive=false
1791113966234 RENDER-START n=757
1791113966869 RENDER-OK n=757 id=757 browser_pid=Some(87808) slot=A path=%TEMP%\fc-repro-leak-20261004-190528\localappdata\tw.fintools.fc-host\wallpaper\m-7ebe8f017cddc2d6-a.png wh=2560x1600 body=raw open_ms=259.6 page_ms=355.1 to_png_ms=614.7 close_ms=2.5 write_ms=18.2 warnings=0
1791113966869 VERIFY n=757 dims=Some((2560, 1600)) expect=2560x1600 own_files=2 PASS
1791113967040 BROWSER-EXIT n=757 pid=87808 after_return_ms=170.7
1791113967870 PREV-BROWSER n=758 prev_n=757 pid=87808 alive=false
1791113967870 RENDER-START n=758
1791113968637 RENDER-OK n=758 id=758 browser_pid=Some(98224) slot=B path=%TEMP%\fc-repro-leak-20261004-190528\localappdata\tw.fintools.fc-host\wallpaper\m-7ebe8f017cddc2d6-b.png wh=3840x2160 body=raw open_ms=305.8 page_ms=439.8 to_png_ms=745.5 close_ms=3.0 write_ms=18.4 warnings=0
1791113968637 VERIFY n=758 dims=Some((3840, 2160)) expect=3840x2160 own_files=2 PASS
1791113968818 BROWSER-EXIT n=758 pid=98224 after_return_ms=181.2
1791113971637 PREV-BROWSER n=759 prev_n=758 pid=98224 alive=false
1791113971637 RENDER-START n=759
1791113972259 RENDER-OK n=759 id=759 browser_pid=Some(97136) slot=A path=%TEMP%\fc-repro-leak-20261004-190528\localappdata\tw.fintools.fc-host\wallpaper\m-7ebe8f017cddc2d6-a.png wh=2560x1600 body=raw open_ms=268.6 page_ms=334.2 to_png_ms=602.8 close_ms=2.1 write_ms=16.3 warnings=0
1791113972259 VERIFY n=759 dims=Some((2560, 1600)) expect=2560x1600 own_files=2 PASS
1791113972435 BROWSER-EXIT n=759 pid=97136 after_return_ms=176.5
1791113973259 PREV-BROWSER n=760 prev_n=759 pid=97136 alive=false
1791113973259 RENDER-START n=760
1791113973982 RENDER-OK n=760 id=760 browser_pid=Some(46820) slot=B path=%TEMP%\fc-repro-leak-20261004-190528\localappdata\tw.fintools.fc-host\wallpaper\m-7ebe8f017cddc2d6-b.png wh=3840x2160 body=raw open_ms=269.7 page_ms=431.6 to_png_ms=701.3 close_ms=3.0 write_ms=18.5 warnings=0
1791113973982 VERIFY n=760 dims=Some((3840, 2160)) expect=3840x2160 own_files=2 PASS
1791113974155 BROWSER-EXIT n=760 pid=46820 after_return_ms=173.3
1791113976983 PREV-BROWSER n=761 prev_n=760 pid=46820 alive=false
1791113976983 RENDER-START n=761
1791113977607 RENDER-OK n=761 id=761 browser_pid=Some(87612) slot=A path=%TEMP%\fc-repro-leak-20261004-190528\localappdata\tw.fintools.fc-host\wallpaper\m-7ebe8f017cddc2d6-a.png wh=2560x1600 body=raw open_ms=264.3 page_ms=341.4 to_png_ms=605.6 close_ms=2.0 write_ms=16.8 warnings=0
1791113977608 VERIFY n=761 dims=Some((2560, 1600)) expect=2560x1600 own_files=2 PASS
1791113977782 BROWSER-EXIT n=761 pid=87612 after_return_ms=175.1
1791113978608 PREV-BROWSER n=762 prev_n=761 pid=87612 alive=false
1791113978608 RENDER-START n=762
1791113979325 RENDER-OK n=762 id=762 browser_pid=Some(85624) slot=B path=%TEMP%\fc-repro-leak-20261004-190528\localappdata\tw.fintools.fc-host\wallpaper\m-7ebe8f017cddc2d6-b.png wh=3840x2160 body=raw open_ms=269.7 page_ms=433.6 to_png_ms=703.3 close_ms=2.7 write_ms=10.7 warnings=0
1791113979325 VERIFY n=762 dims=Some((3840, 2160)) expect=3840x2160 own_files=2 PASS
1791113979513 BROWSER-EXIT n=762 pid=85624 after_return_ms=187.7
1791113982325 PREV-BROWSER n=763 prev_n=762 pid=85624 alive=false
1791113982325 RENDER-START n=763
1791113982951 RENDER-OK n=763 id=763 browser_pid=Some(110476) slot=A path=%TEMP%\fc-repro-leak-20261004-190528\localappdata\tw.fintools.fc-host\wallpaper\m-7ebe8f017cddc2d6-a.png wh=2560x1600 body=raw open_ms=266.2 page_ms=340.5 to_png_ms=606.7 close_ms=2.0 write_ms=16.3 warnings=0
1791113982951 VERIFY n=763 dims=Some((2560, 1600)) expect=2560x1600 own_files=2 PASS
1791113983125 BROWSER-EXIT n=763 pid=110476 after_return_ms=174.3
1791113983951 PREV-BROWSER n=764 prev_n=763 pid=110476 alive=false
1791113983951 RENDER-START n=764
1791113984658 RENDER-OK n=764 id=764 browser_pid=Some(110064) slot=B path=%TEMP%\fc-repro-leak-20261004-190528\localappdata\tw.fintools.fc-host\wallpaper\m-7ebe8f017cddc2d6-b.png wh=3840x2160 body=raw open_ms=264.8 page_ms=426.8 to_png_ms=691.6 close_ms=3.2 write_ms=11.8 warnings=0
1791113984658 VERIFY n=764 dims=Some((3840, 2160)) expect=3840x2160 own_files=2 PASS
1791113984833 BROWSER-EXIT n=764 pid=110064 after_return_ms=175.3
1791113987658 PREV-BROWSER n=765 prev_n=764 pid=110064 alive=false
1791113987658 RENDER-START n=765
1791113988285 RENDER-OK n=765 id=765 browser_pid=Some(1164) slot=A path=%TEMP%\fc-repro-leak-20261004-190528\localappdata\tw.fintools.fc-host\wallpaper\m-7ebe8f017cddc2d6-a.png wh=2560x1600 body=raw open_ms=269.2 page_ms=344.3 to_png_ms=613.5 close_ms=2.2 write_ms=10.3 warnings=0
1791113988285 VERIFY n=765 dims=Some((2560, 1600)) expect=2560x1600 own_files=2 PASS
1791113988466 BROWSER-EXIT n=765 pid=1164 after_return_ms=181.1
1791113989285 PREV-BROWSER n=766 prev_n=765 pid=1164 alive=false
1791113989285 RENDER-START n=766
1791113990072 RENDER-OK n=766 id=766 browser_pid=Some(45192) slot=B path=%TEMP%\fc-repro-leak-20261004-190528\localappdata\tw.fintools.fc-host\wallpaper\m-7ebe8f017cddc2d6-b.png wh=3840x2160 body=raw open_ms=330.5 page_ms=434.7 to_png_ms=765.3 close_ms=3.1 write_ms=18.3 warnings=0
1791113990072 VERIFY n=766 dims=Some((3840, 2160)) expect=3840x2160 own_files=2 PASS
1791113990251 BROWSER-EXIT n=766 pid=45192 after_return_ms=179.4
1791113993072 PREV-BROWSER n=767 prev_n=766 pid=45192 alive=false
1791113993072 RENDER-START n=767
1791113993689 RENDER-OK n=767 id=767 browser_pid=Some(100264) slot=A path=%TEMP%\fc-repro-leak-20261004-190528\localappdata\tw.fintools.fc-host\wallpaper\m-7ebe8f017cddc2d6-a.png wh=2560x1600 body=raw open_ms=267.1 page_ms=337.1 to_png_ms=604.2 close_ms=2.1 write_ms=10.3 warnings=0
1791113993689 VERIFY n=767 dims=Some((2560, 1600)) expect=2560x1600 own_files=2 PASS
1791113993875 BROWSER-EXIT n=767 pid=100264 after_return_ms=186.1
1791113994689 PREV-BROWSER n=768 prev_n=767 pid=100264 alive=false
1791113994689 RENDER-START n=768
1791113995429 RENDER-OK n=768 id=768 browser_pid=Some(34092) slot=B path=%TEMP%\fc-repro-leak-20261004-190528\localappdata\tw.fintools.fc-host\wallpaper\m-7ebe8f017cddc2d6-b.png wh=3840x2160 body=raw open_ms=272.7 page_ms=445.5 to_png_ms=718.2 close_ms=3.0 write_ms=18.4 warnings=0
1791113995429 VERIFY n=768 dims=Some((3840, 2160)) expect=3840x2160 own_files=2 PASS
1791113995603 BROWSER-EXIT n=768 pid=34092 after_return_ms=173.6
1791113998429 PREV-BROWSER n=769 prev_n=768 pid=34092 alive=false
1791113998429 RENDER-START n=769
1791113999055 RENDER-OK n=769 id=769 browser_pid=Some(111532) slot=A path=%TEMP%\fc-repro-leak-20261004-190528\localappdata\tw.fintools.fc-host\wallpaper\m-7ebe8f017cddc2d6-a.png wh=2560x1600 body=raw open_ms=256.8 page_ms=349.1 to_png_ms=605.9 close_ms=2.2 write_ms=17.7 warnings=0
1791113999055 VERIFY n=769 dims=Some((2560, 1600)) expect=2560x1600 own_files=2 PASS
1791113999237 BROWSER-EXIT n=769 pid=111532 after_return_ms=181.6
1791114000055 PREV-BROWSER n=770 prev_n=769 pid=111532 alive=false
1791114000055 RENDER-START n=770
1791114000776 RENDER-OK n=770 id=770 browser_pid=Some(110132) slot=B path=%TEMP%\fc-repro-leak-20261004-190528\localappdata\tw.fintools.fc-host\wallpaper\m-7ebe8f017cddc2d6-b.png wh=3840x2160 body=raw open_ms=268.4 page_ms=431.2 to_png_ms=699.6 close_ms=2.8 write_ms=18.4 warnings=0
1791114000777 VERIFY n=770 dims=Some((3840, 2160)) expect=3840x2160 own_files=2 PASS
1791114000954 BROWSER-EXIT n=770 pid=110132 after_return_ms=177.7
1791114003777 PREV-BROWSER n=771 prev_n=770 pid=110132 alive=false
1791114003777 RENDER-START n=771
1791114004458 RENDER-OK n=771 id=771 browser_pid=Some(89752) slot=A path=%TEMP%\fc-repro-leak-20261004-190528\localappdata\tw.fintools.fc-host\wallpaper\m-7ebe8f017cddc2d6-a.png wh=2560x1600 body=raw open_ms=305.3 page_ms=355.8 to_png_ms=661.1 close_ms=2.1 write_ms=17.8 warnings=0
1791114004459 VERIFY n=771 dims=Some((2560, 1600)) expect=2560x1600 own_files=2 PASS
1791114004633 BROWSER-EXIT n=771 pid=89752 after_return_ms=175.1
1791114005459 PREV-BROWSER n=772 prev_n=771 pid=89752 alive=false
1791114005459 RENDER-START n=772
1791114006193 RENDER-OK n=772 id=772 browser_pid=Some(60752) slot=B path=%TEMP%\fc-repro-leak-20261004-190528\localappdata\tw.fintools.fc-host\wallpaper\m-7ebe8f017cddc2d6-b.png wh=3840x2160 body=raw open_ms=258.8 page_ms=453.6 to_png_ms=712.5 close_ms=3.0 write_ms=18.7 warnings=0
1791114006193 VERIFY n=772 dims=Some((3840, 2160)) expect=3840x2160 own_files=2 PASS
1791114006374 BROWSER-EXIT n=772 pid=60752 after_return_ms=180.9
1791114009194 PREV-BROWSER n=773 prev_n=772 pid=60752 alive=false
1791114009194 RENDER-START n=773
1791114009841 RENDER-OK n=773 id=773 browser_pid=Some(110372) slot=A path=%TEMP%\fc-repro-leak-20261004-190528\localappdata\tw.fintools.fc-host\wallpaper\m-7ebe8f017cddc2d6-a.png wh=2560x1600 body=raw open_ms=304.1 page_ms=330.1 to_png_ms=634.2 close_ms=2.2 write_ms=10.6 warnings=0
1791114009841 VERIFY n=773 dims=Some((2560, 1600)) expect=2560x1600 own_files=2 PASS
1791114010026 BROWSER-EXIT n=773 pid=110372 after_return_ms=185.6
1791114010841 PREV-BROWSER n=774 prev_n=773 pid=110372 alive=false
1791114010841 RENDER-START n=774
1791114011644 RENDER-OK n=774 id=774 browser_pid=Some(41864) slot=B path=%TEMP%\fc-repro-leak-20261004-190528\localappdata\tw.fintools.fc-host\wallpaper\m-7ebe8f017cddc2d6-b.png wh=3840x2160 body=raw open_ms=335.9 page_ms=443.6 to_png_ms=779.5 close_ms=3.6 write_ms=18.8 warnings=0
1791114011644 VERIFY n=774 dims=Some((3840, 2160)) expect=3840x2160 own_files=2 PASS
1791114011819 BROWSER-EXIT n=774 pid=41864 after_return_ms=175.3
1791114014644 PREV-BROWSER n=775 prev_n=774 pid=41864 alive=false
1791114014644 RENDER-START n=775
1791114015272 RENDER-OK n=775 id=775 browser_pid=Some(111928) slot=A path=%TEMP%\fc-repro-leak-20261004-190528\localappdata\tw.fintools.fc-host\wallpaper\m-7ebe8f017cddc2d6-a.png wh=2560x1600 body=raw open_ms=260.0 page_ms=348.4 to_png_ms=608.4 close_ms=2.2 write_ms=17.1 warnings=0
1791114015272 VERIFY n=775 dims=Some((2560, 1600)) expect=2560x1600 own_files=2 PASS
1791114015443 BROWSER-EXIT n=775 pid=111928 after_return_ms=171.3
1791114016273 PREV-BROWSER n=776 prev_n=775 pid=111928 alive=false
1791114016273 RENDER-START n=776
1791114016993 RENDER-OK n=776 id=776 browser_pid=Some(113400) slot=B path=%TEMP%\fc-repro-leak-20261004-190528\localappdata\tw.fintools.fc-host\wallpaper\m-7ebe8f017cddc2d6-b.png wh=3840x2160 body=raw open_ms=265.5 page_ms=433.4 to_png_ms=699.0 close_ms=3.1 write_ms=17.8 warnings=0
1791114016993 VERIFY n=776 dims=Some((3840, 2160)) expect=3840x2160 own_files=2 PASS
1791114017166 BROWSER-EXIT n=776 pid=113400 after_return_ms=173.2
1791114019993 PREV-BROWSER n=777 prev_n=776 pid=113400 alive=false
1791114019993 RENDER-START n=777
1791114020654 RENDER-OK n=777 id=777 browser_pid=Some(62144) slot=A path=%TEMP%\fc-repro-leak-20261004-190528\localappdata\tw.fintools.fc-host\wallpaper\m-7ebe8f017cddc2d6-a.png wh=2560x1600 body=raw open_ms=302.1 page_ms=345.9 to_png_ms=647.9 close_ms=2.3 write_ms=10.2 warnings=0
1791114020654 VERIFY n=777 dims=Some((2560, 1600)) expect=2560x1600 own_files=2 PASS
1791114020835 BROWSER-EXIT n=777 pid=62144 after_return_ms=181.2
1791114021654 PREV-BROWSER n=778 prev_n=777 pid=62144 alive=false
1791114021654 RENDER-START n=778
1791114022442 RENDER-OK n=778 id=778 browser_pid=Some(10260) slot=B path=%TEMP%\fc-repro-leak-20261004-190528\localappdata\tw.fintools.fc-host\wallpaper\m-7ebe8f017cddc2d6-b.png wh=3840x2160 body=raw open_ms=324.6 page_ms=441.4 to_png_ms=766.0 close_ms=2.7 write_ms=18.7 warnings=0
1791114022442 VERIFY n=778 dims=Some((3840, 2160)) expect=3840x2160 own_files=2 PASS
1791114022614 BROWSER-EXIT n=778 pid=10260 after_return_ms=171.7
1791114025442 PREV-BROWSER n=779 prev_n=778 pid=10260 alive=false
1791114025442 RENDER-START n=779
1791114026130 RENDER-OK n=779 id=779 browser_pid=Some(87536) slot=A path=%TEMP%\fc-repro-leak-20261004-190528\localappdata\tw.fintools.fc-host\wallpaper\m-7ebe8f017cddc2d6-a.png wh=2560x1600 body=raw open_ms=331.1 page_ms=339.1 to_png_ms=670.2 close_ms=2.2 write_ms=15.2 warnings=0
1791114026130 VERIFY n=779 dims=Some((2560, 1600)) expect=2560x1600 own_files=2 PASS
1791114026309 BROWSER-EXIT n=779 pid=87536 after_return_ms=179.2
1791114027130 PREV-BROWSER n=780 prev_n=779 pid=87536 alive=false
1791114027130 RENDER-START n=780
1791114027954 RENDER-OK n=780 id=780 browser_pid=Some(96284) slot=B path=%TEMP%\fc-repro-leak-20261004-190528\localappdata\tw.fintools.fc-host\wallpaper\m-7ebe8f017cddc2d6-b.png wh=3840x2160 body=raw open_ms=369.6 page_ms=431.7 to_png_ms=801.4 close_ms=2.9 write_ms=18.8 warnings=0
1791114027954 VERIFY n=780 dims=Some((3840, 2160)) expect=3840x2160 own_files=2 PASS
1791114028123 BROWSER-EXIT n=780 pid=96284 after_return_ms=169.1
1791114030954 PREV-BROWSER n=781 prev_n=780 pid=96284 alive=false
1791114030954 RENDER-START n=781
1791114031577 RENDER-OK n=781 id=781 browser_pid=Some(46636) slot=A path=%TEMP%\fc-repro-leak-20261004-190528\localappdata\tw.fintools.fc-host\wallpaper\m-7ebe8f017cddc2d6-a.png wh=2560x1600 body=raw open_ms=261.4 page_ms=343.8 to_png_ms=605.3 close_ms=2.2 write_ms=15.7 warnings=0
1791114031578 VERIFY n=781 dims=Some((2560, 1600)) expect=2560x1600 own_files=2 PASS
1791114031758 BROWSER-EXIT n=781 pid=46636 after_return_ms=180.7
1791114032577 PREV-BROWSER n=782 prev_n=781 pid=46636 alive=false
1791114032578 RENDER-START n=782
1791114033301 RENDER-OK n=782 id=782 browser_pid=Some(88192) slot=B path=%TEMP%\fc-repro-leak-20261004-190528\localappdata\tw.fintools.fc-host\wallpaper\m-7ebe8f017cddc2d6-b.png wh=3840x2160 body=raw open_ms=262.7 page_ms=447.2 to_png_ms=709.9 close_ms=2.8 write_ms=10.6 warnings=0
1791114033301 VERIFY n=782 dims=Some((3840, 2160)) expect=3840x2160 own_files=2 PASS
1791114033493 BROWSER-EXIT n=782 pid=88192 after_return_ms=191.4
1791114036301 PREV-BROWSER n=783 prev_n=782 pid=88192 alive=false
1791114036301 RENDER-START n=783
1791114036937 RENDER-OK n=783 id=783 browser_pid=Some(23176) slot=A path=%TEMP%\fc-repro-leak-20261004-190528\localappdata\tw.fintools.fc-host\wallpaper\m-7ebe8f017cddc2d6-a.png wh=2560x1600 body=raw open_ms=259.3 page_ms=357.2 to_png_ms=616.5 close_ms=1.9 write_ms=17.3 warnings=0
1791114036937 VERIFY n=783 dims=Some((2560, 1600)) expect=2560x1600 own_files=2 PASS
1791114037111 BROWSER-EXIT n=783 pid=23176 after_return_ms=174.2
1791114037938 PREV-BROWSER n=784 prev_n=783 pid=23176 alive=false
1791114037938 RENDER-START n=784
1791114038664 RENDER-OK n=784 id=784 browser_pid=Some(88664) slot=B path=%TEMP%\fc-repro-leak-20261004-190528\localappdata\tw.fintools.fc-host\wallpaper\m-7ebe8f017cddc2d6-b.png wh=3840x2160 body=raw open_ms=260.7 page_ms=451.6 to_png_ms=712.3 close_ms=2.8 write_ms=11.3 warnings=0
1791114038665 VERIFY n=784 dims=Some((3840, 2160)) expect=3840x2160 own_files=2 PASS
1791114038846 BROWSER-EXIT n=784 pid=88664 after_return_ms=181.8
1791114041665 PREV-BROWSER n=785 prev_n=784 pid=88664 alive=false
1791114041665 RENDER-START n=785
1791114042295 RENDER-OK n=785 id=785 browser_pid=Some(87716) slot=A path=%TEMP%\fc-repro-leak-20261004-190528\localappdata\tw.fintools.fc-host\wallpaper\m-7ebe8f017cddc2d6-a.png wh=2560x1600 body=raw open_ms=263.8 page_ms=347.3 to_png_ms=611.1 close_ms=2.0 write_ms=16.4 warnings=0
1791114042295 VERIFY n=785 dims=Some((2560, 1600)) expect=2560x1600 own_files=2 PASS
1791114042482 BROWSER-EXIT n=785 pid=87716 after_return_ms=187.3
1791114043295 PREV-BROWSER n=786 prev_n=785 pid=87716 alive=false
1791114043295 RENDER-START n=786
1791114044018 RENDER-OK n=786 id=786 browser_pid=Some(97640) slot=B path=%TEMP%\fc-repro-leak-20261004-190528\localappdata\tw.fintools.fc-host\wallpaper\m-7ebe8f017cddc2d6-b.png wh=3840x2160 body=raw open_ms=261.5 page_ms=440.0 to_png_ms=701.5 close_ms=3.3 write_ms=17.7 warnings=0
1791114044018 VERIFY n=786 dims=Some((3840, 2160)) expect=3840x2160 own_files=2 PASS
1791114044197 BROWSER-EXIT n=786 pid=97640 after_return_ms=179.0
1791114047018 PREV-BROWSER n=787 prev_n=786 pid=97640 alive=false
1791114047018 RENDER-START n=787
1791114047652 RENDER-OK n=787 id=787 browser_pid=Some(19884) slot=A path=%TEMP%\fc-repro-leak-20261004-190528\localappdata\tw.fintools.fc-host\wallpaper\m-7ebe8f017cddc2d6-a.png wh=2560x1600 body=raw open_ms=270.0 page_ms=344.7 to_png_ms=614.6 close_ms=2.0 write_ms=16.9 warnings=0
1791114047652 VERIFY n=787 dims=Some((2560, 1600)) expect=2560x1600 own_files=2 PASS
1791114047821 BROWSER-EXIT n=787 pid=19884 after_return_ms=169.9
1791114048652 PREV-BROWSER n=788 prev_n=787 pid=19884 alive=false
1791114048652 RENDER-START n=788
1791114049399 RENDER-OK n=788 id=788 browser_pid=Some(71616) slot=B path=%TEMP%\fc-repro-leak-20261004-190528\localappdata\tw.fintools.fc-host\wallpaper\m-7ebe8f017cddc2d6-b.png wh=3840x2160 body=raw open_ms=267.7 page_ms=456.2 to_png_ms=724.0 close_ms=3.9 write_ms=18.0 warnings=0
1791114049399 VERIFY n=788 dims=Some((3840, 2160)) expect=3840x2160 own_files=2 PASS
1791114049572 BROWSER-EXIT n=788 pid=71616 after_return_ms=173.0
1791114052399 PREV-BROWSER n=789 prev_n=788 pid=71616 alive=false
1791114052399 RENDER-START n=789
1791114053039 RENDER-OK n=789 id=789 browser_pid=Some(103808) slot=A path=%TEMP%\fc-repro-leak-20261004-190528\localappdata\tw.fintools.fc-host\wallpaper\m-7ebe8f017cddc2d6-a.png wh=2560x1600 body=raw open_ms=261.9 page_ms=358.9 to_png_ms=620.8 close_ms=2.1 write_ms=17.3 warnings=0
1791114053039 VERIFY n=789 dims=Some((2560, 1600)) expect=2560x1600 own_files=2 PASS
1791114053221 BROWSER-EXIT n=789 pid=103808 after_return_ms=182.2
1791114054040 PREV-BROWSER n=790 prev_n=789 pid=103808 alive=false
1791114054040 RENDER-START n=790
1791114054771 RENDER-OK n=790 id=790 browser_pid=Some(113272) slot=B path=%TEMP%\fc-repro-leak-20261004-190528\localappdata\tw.fintools.fc-host\wallpaper\m-7ebe8f017cddc2d6-b.png wh=3840x2160 body=raw open_ms=268.6 page_ms=440.3 to_png_ms=708.9 close_ms=2.9 write_ms=19.3 warnings=0
1791114054771 VERIFY n=790 dims=Some((3840, 2160)) expect=3840x2160 own_files=2 PASS
1791114054940 BROWSER-EXIT n=790 pid=113272 after_return_ms=168.7
1791114057771 PREV-BROWSER n=791 prev_n=790 pid=113272 alive=false
1791114057771 RENDER-START n=791
1791114058470 RENDER-OK n=791 id=791 browser_pid=Some(50944) slot=A path=%TEMP%\fc-repro-leak-20261004-190528\localappdata\tw.fintools.fc-host\wallpaper\m-7ebe8f017cddc2d6-a.png wh=2560x1600 body=raw open_ms=322.7 page_ms=363.0 to_png_ms=685.7 close_ms=2.2 write_ms=10.7 warnings=0
1791114058470 VERIFY n=791 dims=Some((2560, 1600)) expect=2560x1600 own_files=2 PASS
1791114058650 BROWSER-EXIT n=791 pid=50944 after_return_ms=180.1
1791114059470 PREV-BROWSER n=792 prev_n=791 pid=50944 alive=false
1791114059470 RENDER-START n=792
1791114060216 RENDER-OK n=792 id=792 browser_pid=Some(87204) slot=B path=%TEMP%\fc-repro-leak-20261004-190528\localappdata\tw.fintools.fc-host\wallpaper\m-7ebe8f017cddc2d6-b.png wh=3840x2160 body=raw open_ms=276.3 page_ms=452.2 to_png_ms=728.6 close_ms=3.3 write_ms=13.5 warnings=0
1791114060216 VERIFY n=792 dims=Some((3840, 2160)) expect=3840x2160 own_files=2 PASS
1791114060401 BROWSER-EXIT n=792 pid=87204 after_return_ms=185.2
1791114063216 PREV-BROWSER n=793 prev_n=792 pid=87204 alive=false
1791114063216 RENDER-START n=793
1791114063852 RENDER-OK n=793 id=793 browser_pid=Some(112532) slot=A path=%TEMP%\fc-repro-leak-20261004-190528\localappdata\tw.fintools.fc-host\wallpaper\m-7ebe8f017cddc2d6-a.png wh=2560x1600 body=raw open_ms=265.1 page_ms=351.8 to_png_ms=617.0 close_ms=2.2 write_ms=16.4 warnings=0
1791114063852 VERIFY n=793 dims=Some((2560, 1600)) expect=2560x1600 own_files=2 PASS
1791114064028 BROWSER-EXIT n=793 pid=112532 after_return_ms=176.6
1791114064852 PREV-BROWSER n=794 prev_n=793 pid=112532 alive=false
1791114064852 RENDER-START n=794
1791114065586 RENDER-OK n=794 id=794 browser_pid=Some(32828) slot=B path=%TEMP%\fc-repro-leak-20261004-190528\localappdata\tw.fintools.fc-host\wallpaper\m-7ebe8f017cddc2d6-b.png wh=3840x2160 body=raw open_ms=268.0 page_ms=443.9 to_png_ms=711.9 close_ms=2.8 write_ms=19.8 warnings=0
1791114065587 VERIFY n=794 dims=Some((3840, 2160)) expect=3840x2160 own_files=2 PASS
1791114065763 BROWSER-EXIT n=794 pid=32828 after_return_ms=176.6
1791114068587 PREV-BROWSER n=795 prev_n=794 pid=32828 alive=false
1791114068587 RENDER-START n=795
1791114069208 RENDER-OK n=795 id=795 browser_pid=Some(80540) slot=A path=%TEMP%\fc-repro-leak-20261004-190528\localappdata\tw.fintools.fc-host\wallpaper\m-7ebe8f017cddc2d6-a.png wh=2560x1600 body=raw open_ms=264.6 page_ms=336.1 to_png_ms=600.7 close_ms=2.1 write_ms=17.8 warnings=0
1791114069208 VERIFY n=795 dims=Some((2560, 1600)) expect=2560x1600 own_files=2 PASS
1791114069388 BROWSER-EXIT n=795 pid=80540 after_return_ms=180.5
1791114070208 PREV-BROWSER n=796 prev_n=795 pid=80540 alive=false
1791114070208 RENDER-START n=796
1791114070945 RENDER-OK n=796 id=796 browser_pid=Some(85460) slot=B path=%TEMP%\fc-repro-leak-20261004-190528\localappdata\tw.fintools.fc-host\wallpaper\m-7ebe8f017cddc2d6-b.png wh=3840x2160 body=raw open_ms=264.7 page_ms=451.6 to_png_ms=716.3 close_ms=2.9 write_ms=17.8 warnings=0
1791114070946 VERIFY n=796 dims=Some((3840, 2160)) expect=3840x2160 own_files=2 PASS
1791114071125 BROWSER-EXIT n=796 pid=85460 after_return_ms=179.7
1791114073946 PREV-BROWSER n=797 prev_n=796 pid=85460 alive=false
1791114073946 RENDER-START n=797
1791114074574 RENDER-OK n=797 id=797 browser_pid=Some(39604) slot=A path=%TEMP%\fc-repro-leak-20261004-190528\localappdata\tw.fintools.fc-host\wallpaper\m-7ebe8f017cddc2d6-a.png wh=2560x1600 body=raw open_ms=261.3 page_ms=347.3 to_png_ms=608.7 close_ms=2.1 write_ms=17.3 warnings=0
1791114074574 VERIFY n=797 dims=Some((2560, 1600)) expect=2560x1600 own_files=2 PASS
1791114074863 BROWSER-EXIT n=797 pid=39604 after_return_ms=289.0
1791114075574 PREV-BROWSER n=798 prev_n=797 pid=39604 alive=false
1791114075574 RENDER-START n=798
1791114076298 RENDER-OK n=798 id=798 browser_pid=Some(108944) slot=B path=%TEMP%\fc-repro-leak-20261004-190528\localappdata\tw.fintools.fc-host\wallpaper\m-7ebe8f017cddc2d6-b.png wh=3840x2160 body=raw open_ms=272.3 page_ms=429.8 to_png_ms=702.1 close_ms=3.3 write_ms=18.2 warnings=0
1791114076298 VERIFY n=798 dims=Some((3840, 2160)) expect=3840x2160 own_files=2 PASS
1791114076475 BROWSER-EXIT n=798 pid=108944 after_return_ms=177.0
1791114079298 PREV-BROWSER n=799 prev_n=798 pid=108944 alive=false
1791114079298 RENDER-START n=799
1791114079929 RENDER-OK n=799 id=799 browser_pid=Some(87668) slot=A path=%TEMP%\fc-repro-leak-20261004-190528\localappdata\tw.fintools.fc-host\wallpaper\m-7ebe8f017cddc2d6-a.png wh=2560x1600 body=raw open_ms=261.8 page_ms=349.1 to_png_ms=610.9 close_ms=1.9 write_ms=17.5 warnings=0
1791114079929 VERIFY n=799 dims=Some((2560, 1600)) expect=2560x1600 own_files=2 PASS
1791114080107 BROWSER-EXIT n=799 pid=87668 after_return_ms=178.0
1791114080929 PREV-BROWSER n=800 prev_n=799 pid=87668 alive=false
1791114080929 RENDER-START n=800
1791114081679 RENDER-OK n=800 id=800 browser_pid=Some(104044) slot=B path=%TEMP%\fc-repro-leak-20261004-190528\localappdata\tw.fintools.fc-host\wallpaper\m-7ebe8f017cddc2d6-b.png wh=3840x2160 body=raw open_ms=269.9 page_ms=458.5 to_png_ms=728.3 close_ms=3.1 write_ms=17.7 warnings=0
1791114081679 VERIFY n=800 dims=Some((3840, 2160)) expect=3840x2160 own_files=2 PASS
1791114081853 BROWSER-EXIT n=800 pid=104044 after_return_ms=174.4
1791114084679 PREV-BROWSER n=801 prev_n=800 pid=104044 alive=false
1791114084679 RENDER-START n=801
1791114085351 RENDER-OK n=801 id=801 browser_pid=Some(19368) slot=A path=%TEMP%\fc-repro-leak-20261004-190528\localappdata\tw.fintools.fc-host\wallpaper\m-7ebe8f017cddc2d6-a.png wh=2560x1600 body=raw open_ms=307.2 page_ms=345.4 to_png_ms=652.6 close_ms=2.1 write_ms=17.2 warnings=0
1791114085351 VERIFY n=801 dims=Some((2560, 1600)) expect=2560x1600 own_files=2 PASS
1791114085530 BROWSER-EXIT n=801 pid=19368 after_return_ms=179.2
1791114086351 PREV-BROWSER n=802 prev_n=801 pid=19368 alive=false
1791114086351 RENDER-START n=802
1791114087090 RENDER-OK n=802 id=802 browser_pid=Some(97036) slot=B path=%TEMP%\fc-repro-leak-20261004-190528\localappdata\tw.fintools.fc-host\wallpaper\m-7ebe8f017cddc2d6-b.png wh=3840x2160 body=raw open_ms=267.4 page_ms=448.1 to_png_ms=715.5 close_ms=3.1 write_ms=19.6 warnings=0
1791114087090 VERIFY n=802 dims=Some((3840, 2160)) expect=3840x2160 own_files=2 PASS
1791114087267 BROWSER-EXIT n=802 pid=97036 after_return_ms=176.6
1791114090090 PREV-BROWSER n=803 prev_n=802 pid=97036 alive=false
1791114090090 RENDER-START n=803
1791114090780 RENDER-OK n=803 id=803 browser_pid=Some(99040) slot=A path=%TEMP%\fc-repro-leak-20261004-190528\localappdata\tw.fintools.fc-host\wallpaper\m-7ebe8f017cddc2d6-a.png wh=2560x1600 body=raw open_ms=328.5 page_ms=343.4 to_png_ms=671.9 close_ms=2.1 write_ms=15.2 warnings=0
1791114090780 VERIFY n=803 dims=Some((2560, 1600)) expect=2560x1600 own_files=2 PASS
1791114090961 BROWSER-EXIT n=803 pid=99040 after_return_ms=180.9
1791114091780 PREV-BROWSER n=804 prev_n=803 pid=99040 alive=false
1791114091780 RENDER-START n=804
1791114092518 RENDER-OK n=804 id=804 browser_pid=Some(113952) slot=B path=%TEMP%\fc-repro-leak-20261004-190528\localappdata\tw.fintools.fc-host\wallpaper\m-7ebe8f017cddc2d6-b.png wh=3840x2160 body=raw open_ms=267.5 page_ms=448.4 to_png_ms=715.8 close_ms=2.9 write_ms=19.1 warnings=0
1791114092518 VERIFY n=804 dims=Some((3840, 2160)) expect=3840x2160 own_files=2 PASS
1791114092698 BROWSER-EXIT n=804 pid=113952 after_return_ms=180.2
1791114095519 PREV-BROWSER n=805 prev_n=804 pid=113952 alive=false
1791114095519 RENDER-START n=805
1791114096158 RENDER-OK n=805 id=805 browser_pid=Some(109244) slot=A path=%TEMP%\fc-repro-leak-20261004-190528\localappdata\tw.fintools.fc-host\wallpaper\m-7ebe8f017cddc2d6-a.png wh=2560x1600 body=raw open_ms=268.3 page_ms=352.3 to_png_ms=620.6 close_ms=2.1 write_ms=16.1 warnings=0
1791114096158 VERIFY n=805 dims=Some((2560, 1600)) expect=2560x1600 own_files=2 PASS
1791114096330 BROWSER-EXIT n=805 pid=109244 after_return_ms=172.2
1791114097158 PREV-BROWSER n=806 prev_n=805 pid=109244 alive=false
1791114097158 RENDER-START n=806
1791114097902 RENDER-OK n=806 id=806 browser_pid=Some(114044) slot=B path=%TEMP%\fc-repro-leak-20261004-190528\localappdata\tw.fintools.fc-host\wallpaper\m-7ebe8f017cddc2d6-b.png wh=3840x2160 body=raw open_ms=274.3 page_ms=448.1 to_png_ms=722.4 close_ms=2.8 write_ms=18.7 warnings=0
1791114097902 VERIFY n=806 dims=Some((3840, 2160)) expect=3840x2160 own_files=2 PASS
1791114098082 BROWSER-EXIT n=806 pid=114044 after_return_ms=179.6
1791114100903 PREV-BROWSER n=807 prev_n=806 pid=114044 alive=false
1791114100903 RENDER-START n=807
1791114101557 RENDER-OK n=807 id=807 browser_pid=Some(99924) slot=A path=%TEMP%\fc-repro-leak-20261004-190528\localappdata\tw.fintools.fc-host\wallpaper\m-7ebe8f017cddc2d6-a.png wh=2560x1600 body=raw open_ms=268.4 page_ms=365.4 to_png_ms=633.8 close_ms=2.1 write_ms=18.4 warnings=0
1791114101557 VERIFY n=807 dims=Some((2560, 1600)) expect=2560x1600 own_files=2 PASS
1791114101737 BROWSER-EXIT n=807 pid=99924 after_return_ms=180.1
1791114102557 PREV-BROWSER n=808 prev_n=807 pid=99924 alive=false
1791114102557 RENDER-START n=808
1791114103326 RENDER-OK n=808 id=808 browser_pid=Some(113792) slot=B path=%TEMP%\fc-repro-leak-20261004-190528\localappdata\tw.fintools.fc-host\wallpaper\m-7ebe8f017cddc2d6-b.png wh=3840x2160 body=raw open_ms=287.3 page_ms=457.8 to_png_ms=745.1 close_ms=3.4 write_ms=19.6 warnings=0
1791114103326 VERIFY n=808 dims=Some((3840, 2160)) expect=3840x2160 own_files=2 PASS
1791114103502 BROWSER-EXIT n=808 pid=113792 after_return_ms=176.7
1791114106326 PREV-BROWSER n=809 prev_n=808 pid=113792 alive=false
1791114106326 RENDER-START n=809
1791114107037 RENDER-OK n=809 id=809 browser_pid=Some(113968) slot=A path=%TEMP%\fc-repro-leak-20261004-190528\localappdata\tw.fintools.fc-host\wallpaper\m-7ebe8f017cddc2d6-a.png wh=2560x1600 body=raw open_ms=323.6 page_ms=368.7 to_png_ms=692.3 close_ms=2.2 write_ms=16.8 warnings=0
1791114107038 VERIFY n=809 dims=Some((2560, 1600)) expect=2560x1600 own_files=2 PASS
1791114107207 BROWSER-EXIT n=809 pid=113968 after_return_ms=170.0
1791114108037 PREV-BROWSER n=810 prev_n=809 pid=113968 alive=false
1791114108038 RENDER-START n=810
1791114108833 RENDER-OK n=810 id=810 browser_pid=Some(109456) slot=B path=%TEMP%\fc-repro-leak-20261004-190528\localappdata\tw.fintools.fc-host\wallpaper\m-7ebe8f017cddc2d6-b.png wh=3840x2160 body=raw open_ms=335.2 page_ms=446.0 to_png_ms=781.2 close_ms=3.1 write_ms=11.1 warnings=0
1791114108833 VERIFY n=810 dims=Some((3840, 2160)) expect=3840x2160 own_files=2 PASS
1791114109023 BROWSER-EXIT n=810 pid=109456 after_return_ms=189.4
1791114111833 PREV-BROWSER n=811 prev_n=810 pid=109456 alive=false
1791114111833 RENDER-START n=811
1791114112531 RENDER-OK n=811 id=811 browser_pid=Some(107212) slot=A path=%TEMP%\fc-repro-leak-20261004-190528\localappdata\tw.fintools.fc-host\wallpaper\m-7ebe8f017cddc2d6-a.png wh=2560x1600 body=raw open_ms=329.0 page_ms=348.3 to_png_ms=677.3 close_ms=2.9 write_ms=16.9 warnings=0
1791114112531 VERIFY n=811 dims=Some((2560, 1600)) expect=2560x1600 own_files=2 PASS
1791114112710 BROWSER-EXIT n=811 pid=107212 after_return_ms=179.3
1791114113531 PREV-BROWSER n=812 prev_n=811 pid=107212 alive=false
1791114113531 RENDER-START n=812
1791114114277 RENDER-OK n=812 id=812 browser_pid=Some(19188) slot=B path=%TEMP%\fc-repro-leak-20261004-190528\localappdata\tw.fintools.fc-host\wallpaper\m-7ebe8f017cddc2d6-b.png wh=3840x2160 body=raw open_ms=266.4 page_ms=457.7 to_png_ms=724.1 close_ms=3.0 write_ms=19.1 warnings=0
1791114114278 VERIFY n=812 dims=Some((3840, 2160)) expect=3840x2160 own_files=2 PASS
1791114114458 BROWSER-EXIT n=812 pid=19188 after_return_ms=180.6
1791114117278 PREV-BROWSER n=813 prev_n=812 pid=19188 alive=false
1791114117278 RENDER-START n=813
1791114117911 RENDER-OK n=813 id=813 browser_pid=Some(52172) slot=A path=%TEMP%\fc-repro-leak-20261004-190528\localappdata\tw.fintools.fc-host\wallpaper\m-7ebe8f017cddc2d6-a.png wh=2560x1600 body=raw open_ms=266.8 page_ms=346.0 to_png_ms=612.8 close_ms=2.3 write_ms=18.1 warnings=0
1791114117912 VERIFY n=813 dims=Some((2560, 1600)) expect=2560x1600 own_files=2 PASS
1791114118080 BROWSER-EXIT n=813 pid=52172 after_return_ms=168.6
1791114118911 PREV-BROWSER n=814 prev_n=813 pid=52172 alive=false
1791114118911 RENDER-START n=814
1791114119653 RENDER-OK n=814 id=814 browser_pid=Some(60008) slot=B path=%TEMP%\fc-repro-leak-20261004-190528\localappdata\tw.fintools.fc-host\wallpaper\m-7ebe8f017cddc2d6-b.png wh=3840x2160 body=raw open_ms=267.2 page_ms=451.7 to_png_ms=718.9 close_ms=3.7 write_ms=19.0 warnings=0
1791114119654 VERIFY n=814 dims=Some((3840, 2160)) expect=3840x2160 own_files=2 PASS
1791114119841 BROWSER-EXIT n=814 pid=60008 after_return_ms=188.2
1791114122654 PREV-BROWSER n=815 prev_n=814 pid=60008 alive=false
1791114122654 RENDER-START n=815
1791114123309 RENDER-OK n=815 id=815 browser_pid=Some(113836) slot=A path=%TEMP%\fc-repro-leak-20261004-190528\localappdata\tw.fintools.fc-host\wallpaper\m-7ebe8f017cddc2d6-a.png wh=2560x1600 body=raw open_ms=277.9 page_ms=358.2 to_png_ms=636.1 close_ms=2.0 write_ms=17.0 warnings=0
1791114123309 VERIFY n=815 dims=Some((2560, 1600)) expect=2560x1600 own_files=2 PASS
1791114123481 BROWSER-EXIT n=815 pid=113836 after_return_ms=172.4
1791114124309 PREV-BROWSER n=816 prev_n=815 pid=113836 alive=false
1791114124309 RENDER-START n=816
1791114125066 RENDER-OK n=816 id=816 browser_pid=Some(114516) slot=B path=%TEMP%\fc-repro-leak-20261004-190528\localappdata\tw.fintools.fc-host\wallpaper\m-7ebe8f017cddc2d6-b.png wh=3840x2160 body=raw open_ms=292.8 page_ms=448.4 to_png_ms=741.1 close_ms=2.9 write_ms=12.9 warnings=0
1791114125067 VERIFY n=816 dims=Some((3840, 2160)) expect=3840x2160 own_files=2 PASS
1791114125253 BROWSER-EXIT n=816 pid=114516 after_return_ms=186.9
1791114128067 PREV-BROWSER n=817 prev_n=816 pid=114516 alive=false
1791114128067 RENDER-START n=817
1791114128710 RENDER-OK n=817 id=817 browser_pid=Some(114640) slot=A path=%TEMP%\fc-repro-leak-20261004-190528\localappdata\tw.fintools.fc-host\wallpaper\m-7ebe8f017cddc2d6-a.png wh=2560x1600 body=raw open_ms=276.1 page_ms=347.5 to_png_ms=623.6 close_ms=2.3 write_ms=16.6 warnings=0
1791114128710 VERIFY n=817 dims=Some((2560, 1600)) expect=2560x1600 own_files=2 PASS
1791114128888 BROWSER-EXIT n=817 pid=114640 after_return_ms=178.9
1791114129710 PREV-BROWSER n=818 prev_n=817 pid=114640 alive=false
1791114129710 RENDER-START n=818
1791114130452 RENDER-OK n=818 id=818 browser_pid=Some(114192) slot=B path=%TEMP%\fc-repro-leak-20261004-190528\localappdata\tw.fintools.fc-host\wallpaper\m-7ebe8f017cddc2d6-b.png wh=3840x2160 body=raw open_ms=261.4 page_ms=459.1 to_png_ms=720.5 close_ms=3.4 write_ms=18.1 warnings=0
1791114130452 VERIFY n=818 dims=Some((3840, 2160)) expect=3840x2160 own_files=2 PASS
1791114130629 BROWSER-EXIT n=818 pid=114192 after_return_ms=177.0
1791114133452 PREV-BROWSER n=819 prev_n=818 pid=114192 alive=false
1791114133453 RENDER-START n=819
1791114134077 RENDER-OK n=819 id=819 browser_pid=Some(61908) slot=A path=%TEMP%\fc-repro-leak-20261004-190528\localappdata\tw.fintools.fc-host\wallpaper\m-7ebe8f017cddc2d6-a.png wh=2560x1600 body=raw open_ms=261.9 page_ms=342.4 to_png_ms=604.3 close_ms=2.6 write_ms=17.6 warnings=0
1791114134077 VERIFY n=819 dims=Some((2560, 1600)) expect=2560x1600 own_files=2 PASS
1791114134254 BROWSER-EXIT n=819 pid=61908 after_return_ms=176.5
1791114135078 PREV-BROWSER n=820 prev_n=819 pid=61908 alive=false
1791114135078 RENDER-START n=820
1791114135827 RENDER-OK n=820 id=820 browser_pid=Some(27796) slot=B path=%TEMP%\fc-repro-leak-20261004-190528\localappdata\tw.fintools.fc-host\wallpaper\m-7ebe8f017cddc2d6-b.png wh=3840x2160 body=raw open_ms=268.1 page_ms=459.1 to_png_ms=727.2 close_ms=3.1 write_ms=18.5 warnings=0
1791114135827 VERIFY n=820 dims=Some((3840, 2160)) expect=3840x2160 own_files=2 PASS
1791114136006 BROWSER-EXIT n=820 pid=27796 after_return_ms=179.0
1791114138827 PREV-BROWSER n=821 prev_n=820 pid=27796 alive=false
1791114138827 RENDER-START n=821
1791114139479 RENDER-OK n=821 id=821 browser_pid=Some(114080) slot=A path=%TEMP%\fc-repro-leak-20261004-190528\localappdata\tw.fintools.fc-host\wallpaper\m-7ebe8f017cddc2d6-a.png wh=2560x1600 body=raw open_ms=266.0 page_ms=365.7 to_png_ms=631.7 close_ms=2.1 write_ms=17.4 warnings=0
1791114139479 VERIFY n=821 dims=Some((2560, 1600)) expect=2560x1600 own_files=2 PASS
1791114139648 BROWSER-EXIT n=821 pid=114080 after_return_ms=169.7
1791114140479 PREV-BROWSER n=822 prev_n=821 pid=114080 alive=false
1791114140479 RENDER-START n=822
1791114141222 RENDER-OK n=822 id=822 browser_pid=Some(113888) slot=B path=%TEMP%\fc-repro-leak-20261004-190528\localappdata\tw.fintools.fc-host\wallpaper\m-7ebe8f017cddc2d6-b.png wh=3840x2160 body=raw open_ms=270.7 page_ms=451.8 to_png_ms=722.5 close_ms=2.8 write_ms=17.8 warnings=0
1791114141223 VERIFY n=822 dims=Some((3840, 2160)) expect=3840x2160 own_files=2 PASS
1791114141407 BROWSER-EXIT n=822 pid=113888 after_return_ms=184.3
1791114144223 PREV-BROWSER n=823 prev_n=822 pid=113888 alive=false
1791114144223 RENDER-START n=823
1791114144855 RENDER-OK n=823 id=823 browser_pid=Some(6712) slot=A path=%TEMP%\fc-repro-leak-20261004-190528\localappdata\tw.fintools.fc-host\wallpaper\m-7ebe8f017cddc2d6-a.png wh=2560x1600 body=raw open_ms=268.8 page_ms=344.0 to_png_ms=612.8 close_ms=2.2 write_ms=16.9 warnings=0
1791114144855 VERIFY n=823 dims=Some((2560, 1600)) expect=2560x1600 own_files=2 PASS
1791114145030 BROWSER-EXIT n=823 pid=6712 after_return_ms=175.1
1791114145855 PREV-BROWSER n=824 prev_n=823 pid=6712 alive=false
1791114145855 RENDER-START n=824
1791114146656 RENDER-OK n=824 id=824 browser_pid=Some(97688) slot=B path=%TEMP%\fc-repro-leak-20261004-190528\localappdata\tw.fintools.fc-host\wallpaper\m-7ebe8f017cddc2d6-b.png wh=3840x2160 body=raw open_ms=317.8 page_ms=460.4 to_png_ms=778.2 close_ms=2.9 write_ms=19.0 warnings=0
1791114146656 VERIFY n=824 dims=Some((3840, 2160)) expect=3840x2160 own_files=2 PASS
1791114146830 BROWSER-EXIT n=824 pid=97688 after_return_ms=174.7
1791114149656 PREV-BROWSER n=825 prev_n=824 pid=97688 alive=false
1791114149656 RENDER-START n=825
1791114150291 RENDER-OK n=825 id=825 browser_pid=Some(67104) slot=A path=%TEMP%\fc-repro-leak-20261004-190528\localappdata\tw.fintools.fc-host\wallpaper\m-7ebe8f017cddc2d6-a.png wh=2560x1600 body=raw open_ms=267.0 page_ms=352.2 to_png_ms=619.2 close_ms=2.8 write_ms=12.1 warnings=0
1791114150291 VERIFY n=825 dims=Some((2560, 1600)) expect=2560x1600 own_files=2 PASS
1791114150469 BROWSER-EXIT n=825 pid=67104 after_return_ms=177.9
1791114151291 PREV-BROWSER n=826 prev_n=825 pid=67104 alive=false
1791114151291 RENDER-START n=826
1791114152026 RENDER-OK n=826 id=826 browser_pid=Some(15792) slot=B path=%TEMP%\fc-repro-leak-20261004-190528\localappdata\tw.fintools.fc-host\wallpaper\m-7ebe8f017cddc2d6-b.png wh=3840x2160 body=raw open_ms=265.5 page_ms=447.1 to_png_ms=712.6 close_ms=3.1 write_ms=19.1 warnings=0
1791114152026 VERIFY n=826 dims=Some((3840, 2160)) expect=3840x2160 own_files=2 PASS
1791114152198 BROWSER-EXIT n=826 pid=15792 after_return_ms=172.0
1791114155027 PREV-BROWSER n=827 prev_n=826 pid=15792 alive=false
1791114155027 RENDER-START n=827
1791114155722 RENDER-OK n=827 id=827 browser_pid=Some(32236) slot=A path=%TEMP%\fc-repro-leak-20261004-190528\localappdata\tw.fintools.fc-host\wallpaper\m-7ebe8f017cddc2d6-a.png wh=2560x1600 body=raw open_ms=325.2 page_ms=351.2 to_png_ms=676.5 close_ms=2.2 write_ms=16.5 warnings=0
1791114155722 VERIFY n=827 dims=Some((2560, 1600)) expect=2560x1600 own_files=2 PASS
1791114155891 BROWSER-EXIT n=827 pid=32236 after_return_ms=168.8
1791114156722 PREV-BROWSER n=828 prev_n=827 pid=32236 alive=false
1791114156722 RENDER-START n=828
1791114157463 RENDER-OK n=828 id=828 browser_pid=Some(102952) slot=B path=%TEMP%\fc-repro-leak-20261004-190528\localappdata\tw.fintools.fc-host\wallpaper\m-7ebe8f017cddc2d6-b.png wh=3840x2160 body=raw open_ms=267.8 page_ms=452.1 to_png_ms=719.9 close_ms=2.8 write_ms=17.6 warnings=0
1791114157463 VERIFY n=828 dims=Some((3840, 2160)) expect=3840x2160 own_files=2 PASS
1791114157642 BROWSER-EXIT n=828 pid=102952 after_return_ms=179.2
1791114160463 PREV-BROWSER n=829 prev_n=828 pid=102952 alive=false
1791114160463 RENDER-START n=829
1791114161104 RENDER-OK n=829 id=829 browser_pid=Some(88704) slot=A path=%TEMP%\fc-repro-leak-20261004-190528\localappdata\tw.fintools.fc-host\wallpaper\m-7ebe8f017cddc2d6-a.png wh=2560x1600 body=raw open_ms=268.2 page_ms=352.6 to_png_ms=620.9 close_ms=2.2 write_ms=17.8 warnings=0
1791114161105 VERIFY n=829 dims=Some((2560, 1600)) expect=2560x1600 own_files=2 PASS
1791114161285 BROWSER-EXIT n=829 pid=88704 after_return_ms=181.0
1791114162105 PREV-BROWSER n=830 prev_n=829 pid=88704 alive=false
1791114162105 RENDER-START n=830
1791114162854 RENDER-OK n=830 id=830 browser_pid=Some(31320) slot=B path=%TEMP%\fc-repro-leak-20261004-190528\localappdata\tw.fintools.fc-host\wallpaper\m-7ebe8f017cddc2d6-b.png wh=3840x2160 body=raw open_ms=288.8 page_ms=445.4 to_png_ms=734.2 close_ms=2.9 write_ms=12.1 warnings=0
1791114162854 VERIFY n=830 dims=Some((3840, 2160)) expect=3840x2160 own_files=2 PASS
1791114163043 BROWSER-EXIT n=830 pid=31320 after_return_ms=188.8
1791114165855 PREV-BROWSER n=831 prev_n=830 pid=31320 alive=false
1791114165855 RENDER-START n=831
1791114166491 RENDER-OK n=831 id=831 browser_pid=Some(101964) slot=A path=%TEMP%\fc-repro-leak-20261004-190528\localappdata\tw.fintools.fc-host\wallpaper\m-7ebe8f017cddc2d6-a.png wh=2560x1600 body=raw open_ms=265.9 page_ms=350.3 to_png_ms=616.2 close_ms=2.1 write_ms=17.6 warnings=0
1791114166491 VERIFY n=831 dims=Some((2560, 1600)) expect=2560x1600 own_files=2 PASS
1791114166658 BROWSER-EXIT n=831 pid=101964 after_return_ms=167.3
1791114167491 PREV-BROWSER n=832 prev_n=831 pid=101964 alive=false
1791114167491 RENDER-START n=832
1791114168228 RENDER-OK n=832 id=832 browser_pid=Some(105976) slot=B path=%TEMP%\fc-repro-leak-20261004-190528\localappdata\tw.fintools.fc-host\wallpaper\m-7ebe8f017cddc2d6-b.png wh=3840x2160 body=raw open_ms=262.8 page_ms=452.6 to_png_ms=715.4 close_ms=3.1 write_ms=18.0 warnings=0
1791114168228 VERIFY n=832 dims=Some((3840, 2160)) expect=3840x2160 own_files=2 PASS
1791114168414 BROWSER-EXIT n=832 pid=105976 after_return_ms=185.7
1791114171229 PREV-BROWSER n=833 prev_n=832 pid=105976 alive=false
1791114171229 RENDER-START n=833
1791114171844 RENDER-OK n=833 id=833 browser_pid=Some(48132) slot=A path=%TEMP%\fc-repro-leak-20261004-190528\localappdata\tw.fintools.fc-host\wallpaper\m-7ebe8f017cddc2d6-a.png wh=2560x1600 body=raw open_ms=266.7 page_ms=336.8 to_png_ms=603.5 close_ms=2.3 write_ms=9.4 warnings=0
1791114171844 VERIFY n=833 dims=Some((2560, 1600)) expect=2560x1600 own_files=2 PASS
1791114172033 BROWSER-EXIT n=833 pid=48132 after_return_ms=188.9
1791114172845 PREV-BROWSER n=834 prev_n=833 pid=48132 alive=false
1791114172845 RENDER-START n=834
1791114173591 RENDER-OK n=834 id=834 browser_pid=Some(114480) slot=B path=%TEMP%\fc-repro-leak-20261004-190528\localappdata\tw.fintools.fc-host\wallpaper\m-7ebe8f017cddc2d6-b.png wh=3840x2160 body=raw open_ms=269.4 page_ms=454.4 to_png_ms=723.8 close_ms=3.7 write_ms=19.0 warnings=0
1791114173591 VERIFY n=834 dims=Some((3840, 2160)) expect=3840x2160 own_files=2 PASS
1791114173769 BROWSER-EXIT n=834 pid=114480 after_return_ms=177.6
1791114176592 PREV-BROWSER n=835 prev_n=834 pid=114480 alive=false
1791114176592 RENDER-START n=835
1791114177260 RENDER-OK n=835 id=835 browser_pid=Some(87632) slot=A path=%TEMP%\fc-repro-leak-20261004-190528\localappdata\tw.fintools.fc-host\wallpaper\m-7ebe8f017cddc2d6-a.png wh=2560x1600 body=raw open_ms=306.0 page_ms=343.2 to_png_ms=649.2 close_ms=2.3 write_ms=16.1 warnings=0
1791114177260 VERIFY n=835 dims=Some((2560, 1600)) expect=2560x1600 own_files=2 PASS
1791114177433 BROWSER-EXIT n=835 pid=87632 after_return_ms=173.0
1791114178260 PREV-BROWSER n=836 prev_n=835 pid=87632 alive=false
1791114178260 RENDER-START n=836
1791114179005 RENDER-OK n=836 id=836 browser_pid=Some(33340) slot=B path=%TEMP%\fc-repro-leak-20261004-190528\localappdata\tw.fintools.fc-host\wallpaper\m-7ebe8f017cddc2d6-b.png wh=3840x2160 body=raw open_ms=266.2 page_ms=457.6 to_png_ms=723.8 close_ms=2.9 write_ms=17.6 warnings=0
1791114179005 VERIFY n=836 dims=Some((3840, 2160)) expect=3840x2160 own_files=2 PASS
1791114179189 BROWSER-EXIT n=836 pid=33340 after_return_ms=184.8
1791114182005 PREV-BROWSER n=837 prev_n=836 pid=33340 alive=false
1791114182005 RENDER-START n=837
1791114182624 RENDER-OK n=837 id=837 browser_pid=Some(114008) slot=A path=%TEMP%\fc-repro-leak-20261004-190528\localappdata\tw.fintools.fc-host\wallpaper\m-7ebe8f017cddc2d6-a.png wh=2560x1600 body=raw open_ms=262.2 page_ms=336.7 to_png_ms=598.8 close_ms=2.1 write_ms=17.6 warnings=0
1791114182624 VERIFY n=837 dims=Some((2560, 1600)) expect=2560x1600 own_files=2 PASS
1791114182802 BROWSER-EXIT n=837 pid=114008 after_return_ms=178.2
1791114183624 PREV-BROWSER n=838 prev_n=837 pid=114008 alive=false
1791114183624 RENDER-START n=838
1791114184422 RENDER-OK n=838 id=838 browser_pid=Some(98932) slot=B path=%TEMP%\fc-repro-leak-20261004-190528\localappdata\tw.fintools.fc-host\wallpaper\m-7ebe8f017cddc2d6-b.png wh=3840x2160 body=raw open_ms=322.3 page_ms=454.3 to_png_ms=776.6 close_ms=3.0 write_ms=17.6 warnings=0
1791114184422 VERIFY n=838 dims=Some((3840, 2160)) expect=3840x2160 own_files=2 PASS
1791114184597 BROWSER-EXIT n=838 pid=98932 after_return_ms=175.0
1791114187422 PREV-BROWSER n=839 prev_n=838 pid=98932 alive=false
1791114187422 RENDER-START n=839
1791114188109 RENDER-OK n=839 id=839 browser_pid=Some(110580) slot=A path=%TEMP%\fc-repro-leak-20261004-190528\localappdata\tw.fintools.fc-host\wallpaper\m-7ebe8f017cddc2d6-a.png wh=2560x1600 body=raw open_ms=322.1 page_ms=346.7 to_png_ms=668.8 close_ms=1.9 write_ms=15.7 warnings=0
1791114188109 VERIFY n=839 dims=Some((2560, 1600)) expect=2560x1600 own_files=2 PASS
1791114188290 BROWSER-EXIT n=839 pid=110580 after_return_ms=180.8
1791114189109 PREV-BROWSER n=840 prev_n=839 pid=110580 alive=false
1791114189109 RENDER-START n=840
1791114189849 RENDER-OK n=840 id=840 browser_pid=Some(103948) slot=B path=%TEMP%\fc-repro-leak-20261004-190528\localappdata\tw.fintools.fc-host\wallpaper\m-7ebe8f017cddc2d6-b.png wh=3840x2160 body=raw open_ms=264.4 page_ms=458.9 to_png_ms=723.4 close_ms=2.7 write_ms=12.9 warnings=0
1791114189849 VERIFY n=840 dims=Some((3840, 2160)) expect=3840x2160 own_files=2 PASS
1791114190035 BROWSER-EXIT n=840 pid=103948 after_return_ms=186.6
1791114192849 PREV-BROWSER n=841 prev_n=840 pid=103948 alive=false
1791114192849 RENDER-START n=841
1791114193476 RENDER-OK n=841 id=841 browser_pid=Some(113960) slot=A path=%TEMP%\fc-repro-leak-20261004-190528\localappdata\tw.fintools.fc-host\wallpaper\m-7ebe8f017cddc2d6-a.png wh=2560x1600 body=raw open_ms=263.3 page_ms=345.0 to_png_ms=608.3 close_ms=2.7 write_ms=15.8 warnings=0
1791114193476 VERIFY n=841 dims=Some((2560, 1600)) expect=2560x1600 own_files=2 PASS
1791114193654 BROWSER-EXIT n=841 pid=113960 after_return_ms=178.0
1791114194476 PREV-BROWSER n=842 prev_n=841 pid=113960 alive=false
1791114194476 RENDER-START n=842
1791114195215 RENDER-OK n=842 id=842 browser_pid=Some(59932) slot=B path=%TEMP%\fc-repro-leak-20261004-190528\localappdata\tw.fintools.fc-host\wallpaper\m-7ebe8f017cddc2d6-b.png wh=3840x2160 body=raw open_ms=265.8 page_ms=450.9 to_png_ms=716.7 close_ms=2.9 write_ms=18.3 warnings=0
1791114195215 VERIFY n=842 dims=Some((3840, 2160)) expect=3840x2160 own_files=2 PASS
1791114195395 BROWSER-EXIT n=842 pid=59932 after_return_ms=180.4
1791114198215 PREV-BROWSER n=843 prev_n=842 pid=59932 alive=false
1791114198215 RENDER-START n=843
1791114198840 RENDER-OK n=843 id=843 browser_pid=Some(114056) slot=A path=%TEMP%\fc-repro-leak-20261004-190528\localappdata\tw.fintools.fc-host\wallpaper\m-7ebe8f017cddc2d6-a.png wh=2560x1600 body=raw open_ms=260.7 page_ms=345.3 to_png_ms=606.0 close_ms=2.8 write_ms=16.1 warnings=0
1791114198840 VERIFY n=843 dims=Some((2560, 1600)) expect=2560x1600 own_files=2 PASS
1791114199014 BROWSER-EXIT n=843 pid=114056 after_return_ms=174.1
1791114199840 PREV-BROWSER n=844 prev_n=843 pid=114056 alive=false
1791114199840 RENDER-START n=844
1791114200562 RENDER-OK n=844 id=844 browser_pid=Some(72800) slot=B path=%TEMP%\fc-repro-leak-20261004-190528\localappdata\tw.fintools.fc-host\wallpaper\m-7ebe8f017cddc2d6-b.png wh=3840x2160 body=raw open_ms=262.5 page_ms=437.3 to_png_ms=699.8 close_ms=2.9 write_ms=18.3 warnings=0
1791114200562 VERIFY n=844 dims=Some((3840, 2160)) expect=3840x2160 own_files=2 PASS
1791114200737 BROWSER-EXIT n=844 pid=72800 after_return_ms=175.8
1791114203562 PREV-BROWSER n=845 prev_n=844 pid=72800 alive=false
1791114203562 RENDER-START n=845
1791114204170 RENDER-OK n=845 id=845 browser_pid=Some(114296) slot=A path=%TEMP%\fc-repro-leak-20261004-190528\localappdata\tw.fintools.fc-host\wallpaper\m-7ebe8f017cddc2d6-a.png wh=2560x1600 body=raw open_ms=264.4 page_ms=331.0 to_png_ms=595.4 close_ms=2.2 write_ms=10.2 warnings=0
1791114204170 VERIFY n=845 dims=Some((2560, 1600)) expect=2560x1600 own_files=2 PASS
1791114204355 BROWSER-EXIT n=845 pid=114296 after_return_ms=185.0
1791114205170 PREV-BROWSER n=846 prev_n=845 pid=114296 alive=false
1791114205170 RENDER-START n=846
1791114205962 RENDER-OK n=846 id=846 browser_pid=Some(106760) slot=B path=%TEMP%\fc-repro-leak-20261004-190528\localappdata\tw.fintools.fc-host\wallpaper\m-7ebe8f017cddc2d6-b.png wh=3840x2160 body=raw open_ms=330.8 page_ms=439.4 to_png_ms=770.2 close_ms=2.8 write_ms=18.4 warnings=0
1791114205962 VERIFY n=846 dims=Some((3840, 2160)) expect=3840x2160 own_files=2 PASS
1791114206145 BROWSER-EXIT n=846 pid=106760 after_return_ms=182.7
1791114208962 PREV-BROWSER n=847 prev_n=846 pid=106760 alive=false
1791114208963 RENDER-START n=847
1791114209595 RENDER-OK n=847 id=847 browser_pid=Some(23520) slot=A path=%TEMP%\fc-repro-leak-20261004-190528\localappdata\tw.fintools.fc-host\wallpaper\m-7ebe8f017cddc2d6-a.png wh=2560x1600 body=raw open_ms=265.8 page_ms=347.5 to_png_ms=613.2 close_ms=1.9 write_ms=17.0 warnings=0
1791114209595 VERIFY n=847 dims=Some((2560, 1600)) expect=2560x1600 own_files=2 PASS
1791114209778 BROWSER-EXIT n=847 pid=23520 after_return_ms=182.8
1791114210595 PREV-BROWSER n=848 prev_n=847 pid=23520 alive=false
1791114210595 RENDER-START n=848
1791114211320 RENDER-OK n=848 id=848 browser_pid=Some(68628) slot=B path=%TEMP%\fc-repro-leak-20261004-190528\localappdata\tw.fintools.fc-host\wallpaper\m-7ebe8f017cddc2d6-b.png wh=3840x2160 body=raw open_ms=265.9 page_ms=445.9 to_png_ms=711.8 close_ms=2.8 write_ms=10.2 warnings=0
1791114211321 VERIFY n=848 dims=Some((3840, 2160)) expect=3840x2160 own_files=2 PASS
1791114211512 BROWSER-EXIT n=848 pid=68628 after_return_ms=191.7
1791114214321 PREV-BROWSER n=849 prev_n=848 pid=68628 alive=false
1791114214321 RENDER-START n=849
1791114214964 RENDER-OK n=849 id=849 browser_pid=Some(90888) slot=A path=%TEMP%\fc-repro-leak-20261004-190528\localappdata\tw.fintools.fc-host\wallpaper\m-7ebe8f017cddc2d6-a.png wh=2560x1600 body=raw open_ms=272.9 page_ms=350.8 to_png_ms=623.7 close_ms=2.4 write_ms=17.0 warnings=0
1791114214964 VERIFY n=849 dims=Some((2560, 1600)) expect=2560x1600 own_files=2 PASS
1791114215142 BROWSER-EXIT n=849 pid=90888 after_return_ms=177.6
1791114215964 PREV-BROWSER n=850 prev_n=849 pid=90888 alive=false
1791114215964 RENDER-START n=850
1791114216706 RENDER-OK n=850 id=850 browser_pid=Some(90812) slot=B path=%TEMP%\fc-repro-leak-20261004-190528\localappdata\tw.fintools.fc-host\wallpaper\m-7ebe8f017cddc2d6-b.png wh=3840x2160 body=raw open_ms=272.6 page_ms=447.4 to_png_ms=720.0 close_ms=2.8 write_ms=18.5 warnings=0
1791114216706 VERIFY n=850 dims=Some((3840, 2160)) expect=3840x2160 own_files=2 PASS
1791114216889 BROWSER-EXIT n=850 pid=90812 after_return_ms=182.7
1791114219706 PREV-BROWSER n=851 prev_n=850 pid=90812 alive=false
1791114219706 RENDER-START n=851
1791114220326 RENDER-OK n=851 id=851 browser_pid=Some(102172) slot=A path=%TEMP%\fc-repro-leak-20261004-190528\localappdata\tw.fintools.fc-host\wallpaper\m-7ebe8f017cddc2d6-a.png wh=2560x1600 body=raw open_ms=266.0 page_ms=335.1 to_png_ms=601.0 close_ms=2.2 write_ms=16.3 warnings=0
1791114220326 VERIFY n=851 dims=Some((2560, 1600)) expect=2560x1600 own_files=2 PASS
1791114220504 BROWSER-EXIT n=851 pid=102172 after_return_ms=177.9
1791114221327 PREV-BROWSER n=852 prev_n=851 pid=102172 alive=false
1791114221327 RENDER-START n=852
1791114222059 RENDER-OK n=852 id=852 browser_pid=Some(110444) slot=B path=%TEMP%\fc-repro-leak-20261004-190528\localappdata\tw.fintools.fc-host\wallpaper\m-7ebe8f017cddc2d6-b.png wh=3840x2160 body=raw open_ms=267.9 page_ms=442.7 to_png_ms=710.7 close_ms=3.0 write_ms=18.1 warnings=0
1791114222059 VERIFY n=852 dims=Some((3840, 2160)) expect=3840x2160 own_files=2 PASS
1791114222239 BROWSER-EXIT n=852 pid=110444 after_return_ms=180.4
1791114225059 PREV-BROWSER n=853 prev_n=852 pid=110444 alive=false
1791114225059 RENDER-START n=853
1791114225683 RENDER-OK n=853 id=853 browser_pid=Some(109688) slot=A path=%TEMP%\fc-repro-leak-20261004-190528\localappdata\tw.fintools.fc-host\wallpaper\m-7ebe8f017cddc2d6-a.png wh=2560x1600 body=raw open_ms=265.1 page_ms=340.0 to_png_ms=605.1 close_ms=2.0 write_ms=16.3 warnings=0
1791114225683 VERIFY n=853 dims=Some((2560, 1600)) expect=2560x1600 own_files=2 PASS
1791114225858 BROWSER-EXIT n=853 pid=109688 after_return_ms=175.0
1791114226683 PREV-BROWSER n=854 prev_n=853 pid=109688 alive=false
1791114226683 RENDER-START n=854
1791114227398 RENDER-OK n=854 id=854 browser_pid=Some(106412) slot=B path=%TEMP%\fc-repro-leak-20261004-190528\localappdata\tw.fintools.fc-host\wallpaper\m-7ebe8f017cddc2d6-b.png wh=3840x2160 body=raw open_ms=262.5 page_ms=429.6 to_png_ms=692.1 close_ms=3.8 write_ms=19.1 warnings=0
1791114227398 VERIFY n=854 dims=Some((3840, 2160)) expect=3840x2160 own_files=2 PASS
1791114227567 BROWSER-EXIT n=854 pid=106412 after_return_ms=169.1
1791114230398 PREV-BROWSER n=855 prev_n=854 pid=106412 alive=false
1791114230398 RENDER-START n=855
1791114231032 RENDER-OK n=855 id=855 browser_pid=Some(9948) slot=A path=%TEMP%\fc-repro-leak-20261004-190528\localappdata\tw.fintools.fc-host\wallpaper\m-7ebe8f017cddc2d6-a.png wh=2560x1600 body=raw open_ms=268.9 page_ms=344.7 to_png_ms=613.6 close_ms=2.1 write_ms=17.5 warnings=0
1791114231032 VERIFY n=855 dims=Some((2560, 1600)) expect=2560x1600 own_files=2 PASS
1791114231203 BROWSER-EXIT n=855 pid=9948 after_return_ms=171.1
1791114232032 PREV-BROWSER n=856 prev_n=855 pid=9948 alive=false
1791114232032 RENDER-START n=856
1791114232754 RENDER-OK n=856 id=856 browser_pid=Some(114276) slot=B path=%TEMP%\fc-repro-leak-20261004-190528\localappdata\tw.fintools.fc-host\wallpaper\m-7ebe8f017cddc2d6-b.png wh=3840x2160 body=raw open_ms=266.9 page_ms=433.4 to_png_ms=700.3 close_ms=2.7 write_ms=18.8 warnings=0
1791114232755 VERIFY n=856 dims=Some((3840, 2160)) expect=3840x2160 own_files=2 PASS
1791114232932 BROWSER-EXIT n=856 pid=114276 after_return_ms=177.6
1791114235755 PREV-BROWSER n=857 prev_n=856 pid=114276 alive=false
1791114235755 RENDER-START n=857
1791114236372 RENDER-OK n=857 id=857 browser_pid=Some(102904) slot=A path=%TEMP%\fc-repro-leak-20261004-190528\localappdata\tw.fintools.fc-host\wallpaper\m-7ebe8f017cddc2d6-a.png wh=2560x1600 body=raw open_ms=263.0 page_ms=340.3 to_png_ms=603.3 close_ms=2.7 write_ms=11.0 warnings=0
1791114236372 VERIFY n=857 dims=Some((2560, 1600)) expect=2560x1600 own_files=2 PASS
1791114236555 BROWSER-EXIT n=857 pid=102904 after_return_ms=183.5
1791114237372 PREV-BROWSER n=858 prev_n=857 pid=102904 alive=false
1791114237372 RENDER-START n=858
1791114238098 RENDER-OK n=858 id=858 browser_pid=Some(114400) slot=B path=%TEMP%\fc-repro-leak-20261004-190528\localappdata\tw.fintools.fc-host\wallpaper\m-7ebe8f017cddc2d6-b.png wh=3840x2160 body=raw open_ms=272.2 page_ms=438.8 to_png_ms=711.1 close_ms=3.3 write_ms=11.5 warnings=0
1791114238099 VERIFY n=858 dims=Some((3840, 2160)) expect=3840x2160 own_files=2 PASS
1791114238277 BROWSER-EXIT n=858 pid=114400 after_return_ms=179.1
1791114241099 PREV-BROWSER n=859 prev_n=858 pid=114400 alive=false
1791114241099 RENDER-START n=859
1791114241722 RENDER-OK n=859 id=859 browser_pid=Some(13880) slot=A path=%TEMP%\fc-repro-leak-20261004-190528\localappdata\tw.fintools.fc-host\wallpaper\m-7ebe8f017cddc2d6-a.png wh=2560x1600 body=raw open_ms=272.5 page_ms=336.6 to_png_ms=609.1 close_ms=2.0 write_ms=11.4 warnings=0
1791114241722 VERIFY n=859 dims=Some((2560, 1600)) expect=2560x1600 own_files=2 PASS
1791114241903 BROWSER-EXIT n=859 pid=13880 after_return_ms=181.4
1791114242722 PREV-BROWSER n=860 prev_n=859 pid=13880 alive=false
1791114242722 RENDER-START n=860
1791114243496 RENDER-OK n=860 id=860 browser_pid=Some(113936) slot=B path=%TEMP%\fc-repro-leak-20261004-190528\localappdata\tw.fintools.fc-host\wallpaper\m-7ebe8f017cddc2d6-b.png wh=3840x2160 body=raw open_ms=310.4 page_ms=443.3 to_png_ms=753.7 close_ms=2.8 write_ms=17.8 warnings=0
1791114243497 VERIFY n=860 dims=Some((3840, 2160)) expect=3840x2160 own_files=2 PASS
1791114243679 BROWSER-EXIT n=860 pid=113936 after_return_ms=182.5
1791114246497 PREV-BROWSER n=861 prev_n=860 pid=113936 alive=false
1791114246497 RENDER-START n=861
1791114247144 RENDER-OK n=861 id=861 browser_pid=Some(97172) slot=A path=%TEMP%\fc-repro-leak-20261004-190528\localappdata\tw.fintools.fc-host\wallpaper\m-7ebe8f017cddc2d6-a.png wh=2560x1600 body=raw open_ms=267.0 page_ms=359.9 to_png_ms=626.9 close_ms=2.3 write_ms=17.7 warnings=0
1791114247144 VERIFY n=861 dims=Some((2560, 1600)) expect=2560x1600 own_files=2 PASS
1791114247321 BROWSER-EXIT n=861 pid=97172 after_return_ms=177.6
1791114248144 PREV-BROWSER n=862 prev_n=861 pid=97172 alive=false
1791114248144 RENDER-START n=862
1791114248872 RENDER-OK n=862 id=862 browser_pid=Some(112060) slot=B path=%TEMP%\fc-repro-leak-20261004-190528\localappdata\tw.fintools.fc-host\wallpaper\m-7ebe8f017cddc2d6-b.png wh=3840x2160 body=raw open_ms=267.2 page_ms=439.4 to_png_ms=706.7 close_ms=3.2 write_ms=18.0 warnings=0
1791114248873 VERIFY n=862 dims=Some((3840, 2160)) expect=3840x2160 own_files=2 PASS
1791114249052 BROWSER-EXIT n=862 pid=112060 after_return_ms=179.5
1791114251873 PREV-BROWSER n=863 prev_n=862 pid=112060 alive=false
1791114251873 RENDER-START n=863
1791114252495 RENDER-OK n=863 id=863 browser_pid=Some(81636) slot=A path=%TEMP%\fc-repro-leak-20261004-190528\localappdata\tw.fintools.fc-host\wallpaper\m-7ebe8f017cddc2d6-a.png wh=2560x1600 body=raw open_ms=260.1 page_ms=344.1 to_png_ms=604.1 close_ms=1.9 write_ms=16.1 warnings=0
1791114252495 VERIFY n=863 dims=Some((2560, 1600)) expect=2560x1600 own_files=2 PASS
1791114252676 BROWSER-EXIT n=863 pid=81636 after_return_ms=180.8
1791114253496 PREV-BROWSER n=864 prev_n=863 pid=81636 alive=false
1791114253496 RENDER-START n=864
1791114254231 RENDER-OK n=864 id=864 browser_pid=Some(114096) slot=B path=%TEMP%\fc-repro-leak-20261004-190528\localappdata\tw.fintools.fc-host\wallpaper\m-7ebe8f017cddc2d6-b.png wh=3840x2160 body=raw open_ms=265.7 page_ms=448.3 to_png_ms=714.0 close_ms=2.9 write_ms=17.8 warnings=0
1791114254231 VERIFY n=864 dims=Some((3840, 2160)) expect=3840x2160 own_files=2 PASS
1791114254419 BROWSER-EXIT n=864 pid=114096 after_return_ms=188.1
1791114257231 PREV-BROWSER n=865 prev_n=864 pid=114096 alive=false
1791114257231 RENDER-START n=865
1791114257856 RENDER-OK n=865 id=865 browser_pid=Some(88132) slot=A path=%TEMP%\fc-repro-leak-20261004-190528\localappdata\tw.fintools.fc-host\wallpaper\m-7ebe8f017cddc2d6-a.png wh=2560x1600 body=raw open_ms=266.0 page_ms=339.0 to_png_ms=605.1 close_ms=2.2 write_ms=16.8 warnings=0
1791114257856 VERIFY n=865 dims=Some((2560, 1600)) expect=2560x1600 own_files=2 PASS
1791114258029 BROWSER-EXIT n=865 pid=88132 after_return_ms=173.5
1791114258856 PREV-BROWSER n=866 prev_n=865 pid=88132 alive=false
1791114258856 RENDER-START n=866
1791114259581 RENDER-OK n=866 id=866 browser_pid=Some(94692) slot=B path=%TEMP%\fc-repro-leak-20261004-190528\localappdata\tw.fintools.fc-host\wallpaper\m-7ebe8f017cddc2d6-b.png wh=3840x2160 body=raw open_ms=266.9 page_ms=436.9 to_png_ms=703.9 close_ms=3.2 write_ms=18.1 warnings=0
1791114259581 VERIFY n=866 dims=Some((3840, 2160)) expect=3840x2160 own_files=2 PASS
1791114259749 BROWSER-EXIT n=866 pid=94692 after_return_ms=167.5
1791114262582 PREV-BROWSER n=867 prev_n=866 pid=94692 alive=false
1791114262582 RENDER-START n=867
1791114263241 RENDER-OK n=867 id=867 browser_pid=Some(110992) slot=A path=%TEMP%\fc-repro-leak-20261004-190528\localappdata\tw.fintools.fc-host\wallpaper\m-7ebe8f017cddc2d6-a.png wh=2560x1600 body=raw open_ms=277.3 page_ms=363.1 to_png_ms=640.4 close_ms=2.2 write_ms=16.7 warnings=0
1791114263242 VERIFY n=867 dims=Some((2560, 1600)) expect=2560x1600 own_files=2 PASS
1791114263428 BROWSER-EXIT n=867 pid=110992 after_return_ms=186.7
1791114264241 PREV-BROWSER n=868 prev_n=867 pid=110992 alive=false
1791114264242 RENDER-START n=868
1791114264996 RENDER-OK n=868 id=868 browser_pid=Some(113964) slot=B path=%TEMP%\fc-repro-leak-20261004-190528\localappdata\tw.fintools.fc-host\wallpaper\m-7ebe8f017cddc2d6-b.png wh=3840x2160 body=raw open_ms=297.4 page_ms=441.3 to_png_ms=738.6 close_ms=3.4 write_ms=11.7 warnings=0
1791114264996 VERIFY n=868 dims=Some((3840, 2160)) expect=3840x2160 own_files=2 PASS
1791114265182 BROWSER-EXIT n=868 pid=113964 after_return_ms=186.3
1791114267996 PREV-BROWSER n=869 prev_n=868 pid=113964 alive=false
1791114267996 RENDER-START n=869
1791114268627 RENDER-OK n=869 id=869 browser_pid=Some(111152) slot=A path=%TEMP%\fc-repro-leak-20261004-190528\localappdata\tw.fintools.fc-host\wallpaper\m-7ebe8f017cddc2d6-a.png wh=2560x1600 body=raw open_ms=270.2 page_ms=342.1 to_png_ms=612.3 close_ms=2.2 write_ms=16.4 warnings=0
1791114268627 VERIFY n=869 dims=Some((2560, 1600)) expect=2560x1600 own_files=2 PASS
1791114268803 BROWSER-EXIT n=869 pid=111152 after_return_ms=176.0
1791114269627 PREV-BROWSER n=870 prev_n=869 pid=111152 alive=false
1791114269627 RENDER-START n=870
1791114270359 RENDER-OK n=870 id=870 browser_pid=Some(113096) slot=B path=%TEMP%\fc-repro-leak-20261004-190528\localappdata\tw.fintools.fc-host\wallpaper\m-7ebe8f017cddc2d6-b.png wh=3840x2160 body=raw open_ms=267.0 page_ms=442.2 to_png_ms=709.2 close_ms=2.8 write_ms=19.7 warnings=0
1791114270359 VERIFY n=870 dims=Some((3840, 2160)) expect=3840x2160 own_files=2 PASS
1791114270540 BROWSER-EXIT n=870 pid=113096 after_return_ms=181.0
1791114273359 PREV-BROWSER n=871 prev_n=870 pid=113096 alive=false
1791114273359 RENDER-START n=871
1791114274009 RENDER-OK n=871 id=871 browser_pid=Some(87944) slot=A path=%TEMP%\fc-repro-leak-20261004-190528\localappdata\tw.fintools.fc-host\wallpaper\m-7ebe8f017cddc2d6-a.png wh=2560x1600 body=raw open_ms=279.8 page_ms=350.7 to_png_ms=630.5 close_ms=2.0 write_ms=16.5 warnings=0
1791114274009 VERIFY n=871 dims=Some((2560, 1600)) expect=2560x1600 own_files=2 PASS
1791114274191 BROWSER-EXIT n=871 pid=87944 after_return_ms=182.3
1791114275009 PREV-BROWSER n=872 prev_n=871 pid=87944 alive=false
1791114275009 RENDER-START n=872
1791114275745 RENDER-OK n=872 id=872 browser_pid=Some(105844) slot=B path=%TEMP%\fc-repro-leak-20261004-190528\localappdata\tw.fintools.fc-host\wallpaper\m-7ebe8f017cddc2d6-b.png wh=3840x2160 body=raw open_ms=267.6 page_ms=444.7 to_png_ms=712.3 close_ms=3.8 write_ms=19.8 warnings=0
1791114275745 VERIFY n=872 dims=Some((3840, 2160)) expect=3840x2160 own_files=2 PASS
1791114275919 BROWSER-EXIT n=872 pid=105844 after_return_ms=173.7
1791114278745 PREV-BROWSER n=873 prev_n=872 pid=105844 alive=false
1791114278745 RENDER-START n=873
1791114279380 RENDER-OK n=873 id=873 browser_pid=Some(64768) slot=A path=%TEMP%\fc-repro-leak-20261004-190528\localappdata\tw.fintools.fc-host\wallpaper\m-7ebe8f017cddc2d6-a.png wh=2560x1600 body=raw open_ms=272.3 page_ms=342.0 to_png_ms=614.3 close_ms=2.6 write_ms=18.1 warnings=0
1791114279380 VERIFY n=873 dims=Some((2560, 1600)) expect=2560x1600 own_files=2 PASS
1791114279549 BROWSER-EXIT n=873 pid=64768 after_return_ms=168.5
1791114280380 PREV-BROWSER n=874 prev_n=873 pid=64768 alive=false
1791114280380 RENDER-START n=874
1791114281186 RENDER-OK n=874 id=874 browser_pid=Some(114164) slot=B path=%TEMP%\fc-repro-leak-20261004-190528\localappdata\tw.fintools.fc-host\wallpaper\m-7ebe8f017cddc2d6-b.png wh=3840x2160 body=raw open_ms=332.5 page_ms=450.2 to_png_ms=782.7 close_ms=3.0 write_ms=19.3 warnings=0
1791114281186 VERIFY n=874 dims=Some((3840, 2160)) expect=3840x2160 own_files=2 PASS
1791114281355 BROWSER-EXIT n=874 pid=114164 after_return_ms=168.9
1791114284186 PREV-BROWSER n=875 prev_n=874 pid=114164 alive=false
1791114284186 RENDER-START n=875
1791114284810 RENDER-OK n=875 id=875 browser_pid=Some(110652) slot=A path=%TEMP%\fc-repro-leak-20261004-190528\localappdata\tw.fintools.fc-host\wallpaper\m-7ebe8f017cddc2d6-a.png wh=2560x1600 body=raw open_ms=264.7 page_ms=339.7 to_png_ms=604.4 close_ms=2.2 write_ms=17.2 warnings=0
1791114284811 VERIFY n=875 dims=Some((2560, 1600)) expect=2560x1600 own_files=2 PASS
1791114284988 BROWSER-EXIT n=875 pid=110652 after_return_ms=177.2
1791114285810 PREV-BROWSER n=876 prev_n=875 pid=110652 alive=false
1791114285811 RENDER-START n=876
1791114286593 RENDER-OK n=876 id=876 browser_pid=Some(89644) slot=B path=%TEMP%\fc-repro-leak-20261004-190528\localappdata\tw.fintools.fc-host\wallpaper\m-7ebe8f017cddc2d6-b.png wh=3840x2160 body=raw open_ms=331.1 page_ms=436.5 to_png_ms=767.6 close_ms=3.5 write_ms=11.1 warnings=0
1791114286593 VERIFY n=876 dims=Some((3840, 2160)) expect=3840x2160 own_files=2 PASS
1791114286787 BROWSER-EXIT n=876 pid=89644 after_return_ms=193.7
1791114289593 PREV-BROWSER n=877 prev_n=876 pid=89644 alive=false
1791114289593 RENDER-START n=877
1791114290225 RENDER-OK n=877 id=877 browser_pid=Some(108820) slot=A path=%TEMP%\fc-repro-leak-20261004-190528\localappdata\tw.fintools.fc-host\wallpaper\m-7ebe8f017cddc2d6-a.png wh=2560x1600 body=raw open_ms=268.0 page_ms=343.8 to_png_ms=611.8 close_ms=2.2 write_ms=17.8 warnings=0
1791114290226 VERIFY n=877 dims=Some((2560, 1600)) expect=2560x1600 own_files=2 PASS
1791114290397 BROWSER-EXIT n=877 pid=108820 after_return_ms=172.0
1791114291226 PREV-BROWSER n=878 prev_n=877 pid=108820 alive=false
1791114291226 RENDER-START n=878
1791114291971 RENDER-OK n=878 id=878 browser_pid=Some(89808) slot=B path=%TEMP%\fc-repro-leak-20261004-190528\localappdata\tw.fintools.fc-host\wallpaper\m-7ebe8f017cddc2d6-b.png wh=3840x2160 body=raw open_ms=262.1 page_ms=461.0 to_png_ms=723.1 close_ms=3.0 write_ms=19.4 warnings=0
1791114291972 VERIFY n=878 dims=Some((3840, 2160)) expect=3840x2160 own_files=2 PASS
1791114292143 BROWSER-EXIT n=878 pid=89808 after_return_ms=171.8
1791114294972 PREV-BROWSER n=879 prev_n=878 pid=89808 alive=false
1791114294972 RENDER-START n=879
1791114295596 RENDER-OK n=879 id=879 browser_pid=Some(114284) slot=A path=%TEMP%\fc-repro-leak-20261004-190528\localappdata\tw.fintools.fc-host\wallpaper\m-7ebe8f017cddc2d6-a.png wh=2560x1600 body=raw open_ms=261.4 page_ms=342.6 to_png_ms=604.0 close_ms=2.1 write_ms=17.8 warnings=0
1791114295596 VERIFY n=879 dims=Some((2560, 1600)) expect=2560x1600 own_files=2 PASS
1791114295769 BROWSER-EXIT n=879 pid=114284 after_return_ms=172.7
1791114296596 PREV-BROWSER n=880 prev_n=879 pid=114284 alive=false
1791114296596 RENDER-START n=880
1791114297334 RENDER-OK n=880 id=880 browser_pid=Some(102652) slot=B path=%TEMP%\fc-repro-leak-20261004-190528\localappdata\tw.fintools.fc-host\wallpaper\m-7ebe8f017cddc2d6-b.png wh=3840x2160 body=raw open_ms=266.6 page_ms=447.3 to_png_ms=713.9 close_ms=2.9 write_ms=20.2 warnings=0
1791114297334 VERIFY n=880 dims=Some((3840, 2160)) expect=3840x2160 own_files=2 PASS
1791114297508 BROWSER-EXIT n=880 pid=102652 after_return_ms=174.1
1791114300334 PREV-BROWSER n=881 prev_n=880 pid=102652 alive=false
1791114300334 RENDER-START n=881
1791114300973 RENDER-OK n=881 id=881 browser_pid=Some(87248) slot=A path=%TEMP%\fc-repro-leak-20261004-190528\localappdata\tw.fintools.fc-host\wallpaper\m-7ebe8f017cddc2d6-a.png wh=2560x1600 body=raw open_ms=271.5 page_ms=348.2 to_png_ms=619.7 close_ms=2.0 write_ms=17.4 warnings=0
1791114300974 VERIFY n=881 dims=Some((2560, 1600)) expect=2560x1600 own_files=2 PASS
1791114301156 BROWSER-EXIT n=881 pid=87248 after_return_ms=182.6
1791114301974 PREV-BROWSER n=882 prev_n=881 pid=87248 alive=false
1791114301974 RENDER-START n=882
1791114302700 RENDER-OK n=882 id=882 browser_pid=Some(114244) slot=B path=%TEMP%\fc-repro-leak-20261004-190528\localappdata\tw.fintools.fc-host\wallpaper\m-7ebe8f017cddc2d6-b.png wh=3840x2160 body=raw open_ms=262.5 page_ms=441.8 to_png_ms=704.2 close_ms=2.7 write_ms=19.2 warnings=0
1791114302700 VERIFY n=882 dims=Some((3840, 2160)) expect=3840x2160 own_files=2 PASS
1791114302880 BROWSER-EXIT n=882 pid=114244 after_return_ms=179.5
1791114305701 PREV-BROWSER n=883 prev_n=882 pid=114244 alive=false
1791114305701 RENDER-START n=883
1791114306329 RENDER-OK n=883 id=883 browser_pid=Some(113760) slot=A path=%TEMP%\fc-repro-leak-20261004-190528\localappdata\tw.fintools.fc-host\wallpaper\m-7ebe8f017cddc2d6-a.png wh=2560x1600 body=raw open_ms=264.0 page_ms=346.3 to_png_ms=610.3 close_ms=2.3 write_ms=15.9 warnings=0
1791114306330 VERIFY n=883 dims=Some((2560, 1600)) expect=2560x1600 own_files=2 PASS
1791114306516 BROWSER-EXIT n=883 pid=113760 after_return_ms=187.0
1791114307330 PREV-BROWSER n=884 prev_n=883 pid=113760 alive=false
1791114307330 RENDER-START n=884
1791114308064 RENDER-OK n=884 id=884 browser_pid=Some(108096) slot=B path=%TEMP%\fc-repro-leak-20261004-190528\localappdata\tw.fintools.fc-host\wallpaper\m-7ebe8f017cddc2d6-b.png wh=3840x2160 body=raw open_ms=269.7 page_ms=444.7 to_png_ms=714.4 close_ms=2.8 write_ms=16.7 warnings=0
1791114308064 VERIFY n=884 dims=Some((3840, 2160)) expect=3840x2160 own_files=2 PASS
1791114308237 BROWSER-EXIT n=884 pid=108096 after_return_ms=172.9
1791114311064 PREV-BROWSER n=885 prev_n=884 pid=108096 alive=false
1791114311064 RENDER-START n=885
1791114311693 RENDER-OK n=885 id=885 browser_pid=Some(114148) slot=A path=%TEMP%\fc-repro-leak-20261004-190528\localappdata\tw.fintools.fc-host\wallpaper\m-7ebe8f017cddc2d6-a.png wh=2560x1600 body=raw open_ms=275.2 page_ms=334.3 to_png_ms=609.6 close_ms=2.2 write_ms=16.6 warnings=0
1791114311693 VERIFY n=885 dims=Some((2560, 1600)) expect=2560x1600 own_files=2 PASS
1791114311866 BROWSER-EXIT n=885 pid=114148 after_return_ms=172.8
1791114312693 PREV-BROWSER n=886 prev_n=885 pid=114148 alive=false
1791114312693 RENDER-START n=886
1791114313429 RENDER-OK n=886 id=886 browser_pid=Some(112756) slot=B path=%TEMP%\fc-repro-leak-20261004-190528\localappdata\tw.fintools.fc-host\wallpaper\m-7ebe8f017cddc2d6-b.png wh=3840x2160 body=raw open_ms=272.5 page_ms=442.1 to_png_ms=714.7 close_ms=3.0 write_ms=17.8 warnings=0
1791114313429 VERIFY n=886 dims=Some((3840, 2160)) expect=3840x2160 own_files=2 PASS
1791114313606 BROWSER-EXIT n=886 pid=112756 after_return_ms=177.5
1791114316429 PREV-BROWSER n=887 prev_n=886 pid=112756 alive=false
1791114316429 RENDER-START n=887
1791114317065 RENDER-OK n=887 id=887 browser_pid=Some(109992) slot=A path=%TEMP%\fc-repro-leak-20261004-190528\localappdata\tw.fintools.fc-host\wallpaper\m-7ebe8f017cddc2d6-a.png wh=2560x1600 body=raw open_ms=275.1 page_ms=341.3 to_png_ms=616.4 close_ms=2.2 write_ms=17.3 warnings=0
1791114317066 VERIFY n=887 dims=Some((2560, 1600)) expect=2560x1600 own_files=2 PASS
1791114317240 BROWSER-EXIT n=887 pid=109992 after_return_ms=174.3
1791114318066 PREV-BROWSER n=888 prev_n=887 pid=109992 alive=false
1791114318066 RENDER-START n=888
1791114318814 RENDER-OK n=888 id=888 browser_pid=Some(113840) slot=B path=%TEMP%\fc-repro-leak-20261004-190528\localappdata\tw.fintools.fc-host\wallpaper\m-7ebe8f017cddc2d6-b.png wh=3840x2160 body=raw open_ms=272.8 page_ms=454.0 to_png_ms=726.9 close_ms=2.9 write_ms=17.5 warnings=0
1791114318814 VERIFY n=888 dims=Some((3840, 2160)) expect=3840x2160 own_files=2 PASS
1791114318989 BROWSER-EXIT n=888 pid=113840 after_return_ms=175.0
1791114321814 PREV-BROWSER n=889 prev_n=888 pid=113840 alive=false
1791114321814 RENDER-START n=889
1791114322455 RENDER-OK n=889 id=889 browser_pid=Some(45868) slot=A path=%TEMP%\fc-repro-leak-20261004-190528\localappdata\tw.fintools.fc-host\wallpaper\m-7ebe8f017cddc2d6-a.png wh=2560x1600 body=raw open_ms=265.8 page_ms=355.6 to_png_ms=621.5 close_ms=2.0 write_ms=17.0 warnings=0
1791114322455 VERIFY n=889 dims=Some((2560, 1600)) expect=2560x1600 own_files=2 PASS
1791114322623 BROWSER-EXIT n=889 pid=45868 after_return_ms=168.4
1791114323455 PREV-BROWSER n=890 prev_n=889 pid=45868 alive=false
1791114323455 RENDER-START n=890
1791114324178 RENDER-OK n=890 id=890 browser_pid=Some(109768) slot=B path=%TEMP%\fc-repro-leak-20261004-190528\localappdata\tw.fintools.fc-host\wallpaper\m-7ebe8f017cddc2d6-b.png wh=3840x2160 body=raw open_ms=268.1 page_ms=433.8 to_png_ms=701.9 close_ms=2.9 write_ms=18.3 warnings=0
1791114324178 VERIFY n=890 dims=Some((3840, 2160)) expect=3840x2160 own_files=2 PASS
1791114324349 BROWSER-EXIT n=890 pid=109768 after_return_ms=170.6
1791114327178 PREV-BROWSER n=891 prev_n=890 pid=109768 alive=false
1791114327178 RENDER-START n=891
1791114327815 RENDER-OK n=891 id=891 browser_pid=Some(111380) slot=A path=%TEMP%\fc-repro-leak-20261004-190528\localappdata\tw.fintools.fc-host\wallpaper\m-7ebe8f017cddc2d6-a.png wh=2560x1600 body=raw open_ms=274.7 page_ms=342.9 to_png_ms=617.6 close_ms=2.1 write_ms=16.4 warnings=0
1791114327815 VERIFY n=891 dims=Some((2560, 1600)) expect=2560x1600 own_files=2 PASS
1791114327997 BROWSER-EXIT n=891 pid=111380 after_return_ms=182.0
1791114328815 PREV-BROWSER n=892 prev_n=891 pid=111380 alive=false
1791114328815 RENDER-START n=892
1791114329562 RENDER-OK n=892 id=892 browser_pid=Some(31616) slot=B path=%TEMP%\fc-repro-leak-20261004-190528\localappdata\tw.fintools.fc-host\wallpaper\m-7ebe8f017cddc2d6-b.png wh=3840x2160 body=raw open_ms=273.0 page_ms=453.2 to_png_ms=726.2 close_ms=2.8 write_ms=18.1 warnings=0
1791114329563 VERIFY n=892 dims=Some((3840, 2160)) expect=3840x2160 own_files=2 PASS
1791114329739 BROWSER-EXIT n=892 pid=31616 after_return_ms=176.4
1791114332563 PREV-BROWSER n=893 prev_n=892 pid=31616 alive=false
1791114332563 RENDER-START n=893
1791114333187 RENDER-OK n=893 id=893 browser_pid=Some(108848) slot=A path=%TEMP%\fc-repro-leak-20261004-190528\localappdata\tw.fintools.fc-host\wallpaper\m-7ebe8f017cddc2d6-a.png wh=2560x1600 body=raw open_ms=273.7 page_ms=339.1 to_png_ms=612.8 close_ms=2.1 write_ms=9.0 warnings=0
1791114333187 VERIFY n=893 dims=Some((2560, 1600)) expect=2560x1600 own_files=2 PASS
1791114333369 BROWSER-EXIT n=893 pid=108848 after_return_ms=182.7
1791114334187 PREV-BROWSER n=894 prev_n=893 pid=108848 alive=false
1791114334187 RENDER-START n=894
1791114334911 RENDER-OK n=894 id=894 browser_pid=Some(113956) slot=B path=%TEMP%\fc-repro-leak-20261004-190528\localappdata\tw.fintools.fc-host\wallpaper\m-7ebe8f017cddc2d6-b.png wh=3840x2160 body=raw open_ms=265.7 page_ms=441.8 to_png_ms=707.5 close_ms=3.2 write_ms=12.4 warnings=0
1791114334911 VERIFY n=894 dims=Some((3840, 2160)) expect=3840x2160 own_files=2 PASS
1791114335090 BROWSER-EXIT n=894 pid=113956 after_return_ms=179.9
1791114337911 PREV-BROWSER n=895 prev_n=894 pid=113956 alive=false
1791114337911 RENDER-START n=895
1791114338570 RENDER-OK n=895 id=895 browser_pid=Some(52048) slot=A path=%TEMP%\fc-repro-leak-20261004-190528\localappdata\tw.fintools.fc-host\wallpaper\m-7ebe8f017cddc2d6-a.png wh=2560x1600 body=raw open_ms=293.2 page_ms=353.0 to_png_ms=646.2 close_ms=2.0 write_ms=10.3 warnings=0
1791114338570 VERIFY n=895 dims=Some((2560, 1600)) expect=2560x1600 own_files=2 PASS
1791114338753 BROWSER-EXIT n=895 pid=52048 after_return_ms=183.0
1791114339570 PREV-BROWSER n=896 prev_n=895 pid=52048 alive=false
1791114339570 RENDER-START n=896
1791114340312 RENDER-OK n=896 id=896 browser_pid=Some(37348) slot=B path=%TEMP%\fc-repro-leak-20261004-190528\localappdata\tw.fintools.fc-host\wallpaper\m-7ebe8f017cddc2d6-b.png wh=3840x2160 body=raw open_ms=267.8 page_ms=451.4 to_png_ms=719.3 close_ms=3.1 write_ms=19.4 warnings=0
1791114340312 VERIFY n=896 dims=Some((3840, 2160)) expect=3840x2160 own_files=2 PASS
1791114340493 BROWSER-EXIT n=896 pid=37348 after_return_ms=181.2
1791114343313 PREV-BROWSER n=897 prev_n=896 pid=37348 alive=false
1791114343313 RENDER-START n=897
1791114343962 RENDER-OK n=897 id=897 browser_pid=Some(109968) slot=A path=%TEMP%\fc-repro-leak-20261004-190528\localappdata\tw.fintools.fc-host\wallpaper\m-7ebe8f017cddc2d6-a.png wh=2560x1600 body=raw open_ms=277.7 page_ms=352.3 to_png_ms=630.0 close_ms=2.0 write_ms=17.3 warnings=0
1791114343963 VERIFY n=897 dims=Some((2560, 1600)) expect=2560x1600 own_files=2 PASS
1791114344144 BROWSER-EXIT n=897 pid=109968 after_return_ms=182.2
1791114344963 PREV-BROWSER n=898 prev_n=897 pid=109968 alive=false
1791114344963 RENDER-START n=898
1791114345712 RENDER-OK n=898 id=898 browser_pid=Some(104836) slot=B path=%TEMP%\fc-repro-leak-20261004-190528\localappdata\tw.fintools.fc-host\wallpaper\m-7ebe8f017cddc2d6-b.png wh=3840x2160 body=raw open_ms=270.2 page_ms=457.5 to_png_ms=727.7 close_ms=2.8 write_ms=18.2 warnings=0
1791114345712 VERIFY n=898 dims=Some((3840, 2160)) expect=3840x2160 own_files=2 PASS
1791114345893 BROWSER-EXIT n=898 pid=104836 after_return_ms=181.5
1791114348712 PREV-BROWSER n=899 prev_n=898 pid=104836 alive=false
1791114348712 RENDER-START n=899
1791114349434 RENDER-OK n=899 id=899 browser_pid=Some(53136) slot=A path=%TEMP%\fc-repro-leak-20261004-190528\localappdata\tw.fintools.fc-host\wallpaper\m-7ebe8f017cddc2d6-a.png wh=2560x1600 body=raw open_ms=338.7 page_ms=365.5 to_png_ms=704.2 close_ms=2.0 write_ms=16.2 warnings=0
1791114349435 VERIFY n=899 dims=Some((2560, 1600)) expect=2560x1600 own_files=2 PASS
1791114349604 BROWSER-EXIT n=899 pid=53136 after_return_ms=169.7
1791114350435 PREV-BROWSER n=900 prev_n=899 pid=53136 alive=false
1791114350435 RENDER-START n=900
1791114351171 RENDER-OK n=900 id=900 browser_pid=Some(112204) slot=B path=%TEMP%\fc-repro-leak-20261004-190528\localappdata\tw.fintools.fc-host\wallpaper\m-7ebe8f017cddc2d6-b.png wh=3840x2160 body=raw open_ms=264.4 page_ms=450.1 to_png_ms=714.5 close_ms=3.0 write_ms=18.7 warnings=0
1791114351172 VERIFY n=900 dims=Some((3840, 2160)) expect=3840x2160 own_files=2 PASS
1791114351356 BROWSER-EXIT n=900 pid=112204 after_return_ms=185.0
1791114354172 PREV-BROWSER n=901 prev_n=900 pid=112204 alive=false
1791114354172 RENDER-START n=901
1791114354806 RENDER-OK n=901 id=901 browser_pid=Some(111668) slot=A path=%TEMP%\fc-repro-leak-20261004-190528\localappdata\tw.fintools.fc-host\wallpaper\m-7ebe8f017cddc2d6-a.png wh=2560x1600 body=raw open_ms=280.3 page_ms=340.5 to_png_ms=620.8 close_ms=2.2 write_ms=11.1 warnings=0
1791114354806 VERIFY n=901 dims=Some((2560, 1600)) expect=2560x1600 own_files=2 PASS
1791114354993 BROWSER-EXIT n=901 pid=111668 after_return_ms=187.3
1791114355806 PREV-BROWSER n=902 prev_n=901 pid=111668 alive=false
1791114355806 RENDER-START n=902
1791114356551 RENDER-OK n=902 id=902 browser_pid=Some(102504) slot=B path=%TEMP%\fc-repro-leak-20261004-190528\localappdata\tw.fintools.fc-host\wallpaper\m-7ebe8f017cddc2d6-b.png wh=3840x2160 body=raw open_ms=272.4 page_ms=457.6 to_png_ms=730.0 close_ms=3.0 write_ms=11.6 warnings=0
1791114356551 VERIFY n=902 dims=Some((3840, 2160)) expect=3840x2160 own_files=2 PASS
1791114356738 BROWSER-EXIT n=902 pid=102504 after_return_ms=187.1
1791114359552 PREV-BROWSER n=903 prev_n=902 pid=102504 alive=false
1791114359552 RENDER-START n=903
1791114360233 RENDER-OK n=903 id=903 browser_pid=Some(45796) slot=A path=%TEMP%\fc-repro-leak-20261004-190528\localappdata\tw.fintools.fc-host\wallpaper\m-7ebe8f017cddc2d6-a.png wh=2560x1600 body=raw open_ms=320.3 page_ms=342.6 to_png_ms=662.8 close_ms=2.0 write_ms=16.3 warnings=0
1791114360234 VERIFY n=903 dims=Some((2560, 1600)) expect=2560x1600 own_files=2 PASS
1791114360420 BROWSER-EXIT n=903 pid=45796 after_return_ms=186.7
1791114361234 PREV-BROWSER n=904 prev_n=903 pid=45796 alive=false
1791114361234 RENDER-START n=904
1791114361973 RENDER-OK n=904 id=904 browser_pid=Some(93320) slot=B path=%TEMP%\fc-repro-leak-20261004-190528\localappdata\tw.fintools.fc-host\wallpaper\m-7ebe8f017cddc2d6-b.png wh=3840x2160 body=raw open_ms=268.0 page_ms=448.6 to_png_ms=716.6 close_ms=3.0 write_ms=18.9 warnings=0
1791114361973 VERIFY n=904 dims=Some((3840, 2160)) expect=3840x2160 own_files=2 PASS
1791114362150 BROWSER-EXIT n=904 pid=93320 after_return_ms=177.4
1791114364973 PREV-BROWSER n=905 prev_n=904 pid=93320 alive=false
1791114364973 RENDER-START n=905
1791114365623 RENDER-OK n=905 id=905 browser_pid=Some(98372) slot=A path=%TEMP%\fc-repro-leak-20261004-190528\localappdata\tw.fintools.fc-host\wallpaper\m-7ebe8f017cddc2d6-a.png wh=2560x1600 body=raw open_ms=275.2 page_ms=354.3 to_png_ms=629.4 close_ms=2.4 write_ms=17.6 warnings=0
1791114365623 VERIFY n=905 dims=Some((2560, 1600)) expect=2560x1600 own_files=2 PASS
1791114365794 BROWSER-EXIT n=905 pid=98372 after_return_ms=171.0
1791114366623 PREV-BROWSER n=906 prev_n=905 pid=98372 alive=false
1791114366623 RENDER-START n=906
1791114367409 RENDER-OK n=906 id=906 browser_pid=Some(101980) slot=B path=%TEMP%\fc-repro-leak-20261004-190528\localappdata\tw.fintools.fc-host\wallpaper\m-7ebe8f017cddc2d6-b.png wh=3840x2160 body=raw open_ms=292.8 page_ms=473.0 to_png_ms=765.8 close_ms=4.1 write_ms=15.2 warnings=0
1791114367409 VERIFY n=906 dims=Some((3840, 2160)) expect=3840x2160 own_files=2 PASS
1791114367585 BROWSER-EXIT n=906 pid=101980 after_return_ms=176.3
1791114370409 PREV-BROWSER n=907 prev_n=906 pid=101980 alive=false
1791114370409 RENDER-START n=907
1791114371041 RENDER-OK n=907 id=907 browser_pid=Some(40368) slot=A path=%TEMP%\fc-repro-leak-20261004-190528\localappdata\tw.fintools.fc-host\wallpaper\m-7ebe8f017cddc2d6-a.png wh=2560x1600 body=raw open_ms=265.5 page_ms=347.2 to_png_ms=612.7 close_ms=2.0 write_ms=17.2 warnings=0
1791114371041 VERIFY n=907 dims=Some((2560, 1600)) expect=2560x1600 own_files=2 PASS
1791114371226 BROWSER-EXIT n=907 pid=40368 after_return_ms=184.4
1791114372042 PREV-BROWSER n=908 prev_n=907 pid=40368 alive=false
1791114372042 RENDER-START n=908
1791114372858 RENDER-OK n=908 id=908 browser_pid=Some(104608) slot=B path=%TEMP%\fc-repro-leak-20261004-190528\localappdata\tw.fintools.fc-host\wallpaper\m-7ebe8f017cddc2d6-b.png wh=3840x2160 body=raw open_ms=329.7 page_ms=463.2 to_png_ms=792.9 close_ms=3.7 write_ms=19.1 warnings=0
1791114372858 VERIFY n=908 dims=Some((3840, 2160)) expect=3840x2160 own_files=2 PASS
1791114373029 BROWSER-EXIT n=908 pid=104608 after_return_ms=171.3
1791114375858 PREV-BROWSER n=909 prev_n=908 pid=104608 alive=false
1791114375858 RENDER-START n=909
1791114376514 RENDER-OK n=909 id=909 browser_pid=Some(113852) slot=A path=%TEMP%\fc-repro-leak-20261004-190528\localappdata\tw.fintools.fc-host\wallpaper\m-7ebe8f017cddc2d6-a.png wh=2560x1600 body=raw open_ms=278.5 page_ms=359.3 to_png_ms=637.9 close_ms=1.9 write_ms=15.8 warnings=0
1791114376514 VERIFY n=909 dims=Some((2560, 1600)) expect=2560x1600 own_files=2 PASS
1791114376838 BROWSER-EXIT n=909 pid=113852 after_return_ms=324.2
1791114377515 PREV-BROWSER n=910 prev_n=909 pid=113852 alive=false
1791114377515 RENDER-START n=910
1791114378268 RENDER-OK n=910 id=910 browser_pid=Some(67848) slot=B path=%TEMP%\fc-repro-leak-20261004-190528\localappdata\tw.fintools.fc-host\wallpaper\m-7ebe8f017cddc2d6-b.png wh=3840x2160 body=raw open_ms=265.1 page_ms=467.5 to_png_ms=732.6 close_ms=3.4 write_ms=17.4 warnings=0
1791114378268 VERIFY n=910 dims=Some((3840, 2160)) expect=3840x2160 own_files=2 PASS
1791114378448 BROWSER-EXIT n=910 pid=67848 after_return_ms=179.3
1791114381269 PREV-BROWSER n=911 prev_n=910 pid=67848 alive=false
1791114381269 RENDER-START n=911
1791114381889 RENDER-OK n=911 id=911 browser_pid=Some(113820) slot=A path=%TEMP%\fc-repro-leak-20261004-190528\localappdata\tw.fintools.fc-host\wallpaper\m-7ebe8f017cddc2d6-a.png wh=2560x1600 body=raw open_ms=265.9 page_ms=336.0 to_png_ms=601.9 close_ms=2.1 write_ms=16.0 warnings=0
1791114381889 VERIFY n=911 dims=Some((2560, 1600)) expect=2560x1600 own_files=2 PASS
1791114382069 BROWSER-EXIT n=911 pid=113820 after_return_ms=180.0
1791114382890 PREV-BROWSER n=912 prev_n=911 pid=113820 alive=false
1791114382890 RENDER-START n=912
1791114383635 RENDER-OK n=912 id=912 browser_pid=Some(43680) slot=B path=%TEMP%\fc-repro-leak-20261004-190528\localappdata\tw.fintools.fc-host\wallpaper\m-7ebe8f017cddc2d6-b.png wh=3840x2160 body=raw open_ms=270.9 page_ms=459.4 to_png_ms=730.4 close_ms=3.0 write_ms=11.1 warnings=0
1791114383635 VERIFY n=912 dims=Some((3840, 2160)) expect=3840x2160 own_files=2 PASS
1791114383824 BROWSER-EXIT n=912 pid=43680 after_return_ms=189.9
1791114386635 PREV-BROWSER n=913 prev_n=912 pid=43680 alive=false
1791114386635 RENDER-START n=913
1791114387285 RENDER-OK n=913 id=913 browser_pid=Some(84080) slot=A path=%TEMP%\fc-repro-leak-20261004-190528\localappdata\tw.fintools.fc-host\wallpaper\m-7ebe8f017cddc2d6-a.png wh=2560x1600 body=raw open_ms=285.0 page_ms=353.3 to_png_ms=638.3 close_ms=2.1 write_ms=9.4 warnings=0
1791114387285 VERIFY n=913 dims=Some((2560, 1600)) expect=2560x1600 own_files=2 PASS
1791114387471 BROWSER-EXIT n=913 pid=84080 after_return_ms=186.3
1791114388285 PREV-BROWSER n=914 prev_n=913 pid=84080 alive=false
1791114388285 RENDER-START n=914
1791114389025 RENDER-OK n=914 id=914 browser_pid=Some(6960) slot=B path=%TEMP%\fc-repro-leak-20261004-190528\localappdata\tw.fintools.fc-host\wallpaper\m-7ebe8f017cddc2d6-b.png wh=3840x2160 body=raw open_ms=264.6 page_ms=460.5 to_png_ms=725.1 close_ms=2.9 write_ms=12.1 warnings=0
1791114389026 VERIFY n=914 dims=Some((3840, 2160)) expect=3840x2160 own_files=2 PASS
1791114389211 BROWSER-EXIT n=914 pid=6960 after_return_ms=186.1
1791114392026 PREV-BROWSER n=915 prev_n=914 pid=6960 alive=false
1791114392026 RENDER-START n=915
1791114392723 RENDER-OK n=915 id=915 browser_pid=Some(66968) slot=A path=%TEMP%\fc-repro-leak-20261004-190528\localappdata\tw.fintools.fc-host\wallpaper\m-7ebe8f017cddc2d6-a.png wh=2560x1600 body=raw open_ms=332.7 page_ms=346.1 to_png_ms=678.8 close_ms=2.0 write_ms=16.3 warnings=0
1791114392723 VERIFY n=915 dims=Some((2560, 1600)) expect=2560x1600 own_files=2 PASS
1791114392888 BROWSER-EXIT n=915 pid=66968 after_return_ms=165.2
1791114393723 PREV-BROWSER n=916 prev_n=915 pid=66968 alive=false
1791114393723 RENDER-START n=916
1791114394530 RENDER-OK n=916 id=916 browser_pid=Some(5272) slot=B path=%TEMP%\fc-repro-leak-20261004-190528\localappdata\tw.fintools.fc-host\wallpaper\m-7ebe8f017cddc2d6-b.png wh=3840x2160 body=raw open_ms=327.7 page_ms=456.4 to_png_ms=784.2 close_ms=3.6 write_ms=18.3 warnings=0
1791114394530 VERIFY n=916 dims=Some((3840, 2160)) expect=3840x2160 own_files=2 PASS
1791114394702 BROWSER-EXIT n=916 pid=5272 after_return_ms=172.8
1791114397530 PREV-BROWSER n=917 prev_n=916 pid=5272 alive=false
1791114397530 RENDER-START n=917
1791114398236 RENDER-OK n=917 id=917 browser_pid=Some(113796) slot=A path=%TEMP%\fc-repro-leak-20261004-190528\localappdata\tw.fintools.fc-host\wallpaper\m-7ebe8f017cddc2d6-a.png wh=2560x1600 body=raw open_ms=339.2 page_ms=348.3 to_png_ms=687.5 close_ms=2.2 write_ms=16.3 warnings=0
1791114398236 VERIFY n=917 dims=Some((2560, 1600)) expect=2560x1600 own_files=2 PASS
1791114398407 BROWSER-EXIT n=917 pid=113796 after_return_ms=170.7
1791114399236 PREV-BROWSER n=918 prev_n=917 pid=113796 alive=false
1791114399237 RENDER-START n=918
1791114400028 RENDER-OK n=918 id=918 browser_pid=Some(112528) slot=B path=%TEMP%\fc-repro-leak-20261004-190528\localappdata\tw.fintools.fc-host\wallpaper\m-7ebe8f017cddc2d6-b.png wh=3840x2160 body=raw open_ms=326.9 page_ms=443.6 to_png_ms=770.5 close_ms=2.9 write_ms=17.9 warnings=0
1791114400028 VERIFY n=918 dims=Some((3840, 2160)) expect=3840x2160 own_files=2 PASS
1791114400214 BROWSER-EXIT n=918 pid=112528 after_return_ms=185.5
1791114403028 PREV-BROWSER n=919 prev_n=918 pid=112528 alive=false
1791114403029 RENDER-START n=919
1791114403741 RENDER-OK n=919 id=919 browser_pid=Some(29020) slot=A path=%TEMP%\fc-repro-leak-20261004-190528\localappdata\tw.fintools.fc-host\wallpaper\m-7ebe8f017cddc2d6-a.png wh=2560x1600 body=raw open_ms=332.1 page_ms=360.8 to_png_ms=693.0 close_ms=2.2 write_ms=16.9 warnings=0
1791114403741 VERIFY n=919 dims=Some((2560, 1600)) expect=2560x1600 own_files=2 PASS
1791114403919 BROWSER-EXIT n=919 pid=29020 after_return_ms=177.7
1791114404741 PREV-BROWSER n=920 prev_n=919 pid=29020 alive=false
1791114404741 RENDER-START n=920
1791114405499 RENDER-OK n=920 id=920 browser_pid=Some(114388) slot=B path=%TEMP%\fc-repro-leak-20261004-190528\localappdata\tw.fintools.fc-host\wallpaper\m-7ebe8f017cddc2d6-b.png wh=3840x2160 body=raw open_ms=274.7 page_ms=461.8 to_png_ms=736.5 close_ms=2.8 write_ms=17.9 warnings=0
1791114405499 VERIFY n=920 dims=Some((3840, 2160)) expect=3840x2160 own_files=2 PASS
1791114405677 BROWSER-EXIT n=920 pid=114388 after_return_ms=178.4
1791114408499 PREV-BROWSER n=921 prev_n=920 pid=114388 alive=false
1791114408499 RENDER-START n=921
1791114409153 RENDER-OK n=921 id=921 browser_pid=Some(59732) slot=A path=%TEMP%\fc-repro-leak-20261004-190528\localappdata\tw.fintools.fc-host\wallpaper\m-7ebe8f017cddc2d6-a.png wh=2560x1600 body=raw open_ms=281.2 page_ms=353.9 to_png_ms=635.1 close_ms=1.9 write_ms=16.6 warnings=0
1791114409153 VERIFY n=921 dims=Some((2560, 1600)) expect=2560x1600 own_files=2 PASS
1791114409334 BROWSER-EXIT n=921 pid=59732 after_return_ms=181.7
1791114410153 PREV-BROWSER n=922 prev_n=921 pid=59732 alive=false
1791114410153 RENDER-START n=922
1791114410893 RENDER-OK n=922 id=922 browser_pid=Some(61972) slot=B path=%TEMP%\fc-repro-leak-20261004-190528\localappdata\tw.fintools.fc-host\wallpaper\m-7ebe8f017cddc2d6-b.png wh=3840x2160 body=raw open_ms=268.2 page_ms=449.7 to_png_ms=717.8 close_ms=3.3 write_ms=18.4 warnings=0
1791114410893 VERIFY n=922 dims=Some((3840, 2160)) expect=3840x2160 own_files=2 PASS
1791114411075 BROWSER-EXIT n=922 pid=61972 after_return_ms=181.7
1791114413893 PREV-BROWSER n=923 prev_n=922 pid=61972 alive=false
1791114413893 RENDER-START n=923
1791114414529 RENDER-OK n=923 id=923 browser_pid=Some(90228) slot=A path=%TEMP%\fc-repro-leak-20261004-190528\localappdata\tw.fintools.fc-host\wallpaper\m-7ebe8f017cddc2d6-a.png wh=2560x1600 body=raw open_ms=267.1 page_ms=349.8 to_png_ms=616.9 close_ms=2.0 write_ms=16.8 warnings=0
1791114414529 VERIFY n=923 dims=Some((2560, 1600)) expect=2560x1600 own_files=2 PASS
1791114414707 BROWSER-EXIT n=923 pid=90228 after_return_ms=178.1
1791114415529 PREV-BROWSER n=924 prev_n=923 pid=90228 alive=false
1791114415529 RENDER-START n=924
1791114416266 RENDER-OK n=924 id=924 browser_pid=Some(111992) slot=B path=%TEMP%\fc-repro-leak-20261004-190528\localappdata\tw.fintools.fc-host\wallpaper\m-7ebe8f017cddc2d6-b.png wh=3840x2160 body=raw open_ms=271.2 page_ms=451.7 to_png_ms=722.8 close_ms=2.9 write_ms=11.0 warnings=0
1791114416267 VERIFY n=924 dims=Some((3840, 2160)) expect=3840x2160 own_files=2 PASS
1791114416451 BROWSER-EXIT n=924 pid=111992 after_return_ms=184.9
1791114419267 PREV-BROWSER n=925 prev_n=924 pid=111992 alive=false
1791114419267 RENDER-START n=925
1791114419952 RENDER-OK n=925 id=925 browser_pid=Some(114464) slot=A path=%TEMP%\fc-repro-leak-20261004-190528\localappdata\tw.fintools.fc-host\wallpaper\m-7ebe8f017cddc2d6-a.png wh=2560x1600 body=raw open_ms=326.5 page_ms=346.1 to_png_ms=672.6 close_ms=2.0 write_ms=10.6 warnings=0
1791114419952 VERIFY n=925 dims=Some((2560, 1600)) expect=2560x1600 own_files=2 PASS
1791114420135 BROWSER-EXIT n=925 pid=114464 after_return_ms=182.8
1791114420952 PREV-BROWSER n=926 prev_n=925 pid=114464 alive=false
1791114420952 RENDER-START n=926
1791114421689 RENDER-OK n=926 id=926 browser_pid=Some(112928) slot=B path=%TEMP%\fc-repro-leak-20261004-190528\localappdata\tw.fintools.fc-host\wallpaper\m-7ebe8f017cddc2d6-b.png wh=3840x2160 body=raw open_ms=267.6 page_ms=446.1 to_png_ms=713.7 close_ms=3.0 write_ms=19.1 warnings=0
1791114421689 VERIFY n=926 dims=Some((3840, 2160)) expect=3840x2160 own_files=2 PASS
1791114421864 BROWSER-EXIT n=926 pid=112928 after_return_ms=175.0
1791114424689 PREV-BROWSER n=927 prev_n=926 pid=112928 alive=false
1791114424689 RENDER-START n=927
1791114425325 RENDER-OK n=927 id=927 browser_pid=Some(75576) slot=A path=%TEMP%\fc-repro-leak-20261004-190528\localappdata\tw.fintools.fc-host\wallpaper\m-7ebe8f017cddc2d6-a.png wh=2560x1600 body=raw open_ms=276.2 page_ms=340.1 to_png_ms=616.4 close_ms=2.2 write_ms=16.8 warnings=0
1791114425325 VERIFY n=927 dims=Some((2560, 1600)) expect=2560x1600 own_files=2 PASS
1791114425498 BROWSER-EXIT n=927 pid=75576 after_return_ms=173.6
1791114426325 PREV-BROWSER n=928 prev_n=927 pid=75576 alive=false
1791114426325 RENDER-START n=928
1791114427066 RENDER-OK n=928 id=928 browser_pid=Some(113732) slot=B path=%TEMP%\fc-repro-leak-20261004-190528\localappdata\tw.fintools.fc-host\wallpaper\m-7ebe8f017cddc2d6-b.png wh=3840x2160 body=raw open_ms=264.7 page_ms=454.5 to_png_ms=719.2 close_ms=3.0 write_ms=18.2 warnings=0
1791114427066 VERIFY n=928 dims=Some((3840, 2160)) expect=3840x2160 own_files=2 PASS
1791114427246 BROWSER-EXIT n=928 pid=113732 after_return_ms=180.3
1791114430066 PREV-BROWSER n=929 prev_n=928 pid=113732 alive=false
1791114430066 RENDER-START n=929
1791114430711 RENDER-OK n=929 id=929 browser_pid=Some(69608) slot=A path=%TEMP%\fc-repro-leak-20261004-190528\localappdata\tw.fintools.fc-host\wallpaper\m-7ebe8f017cddc2d6-a.png wh=2560x1600 body=raw open_ms=283.7 page_ms=341.4 to_png_ms=625.1 close_ms=2.1 write_ms=17.2 warnings=0
1791114430711 VERIFY n=929 dims=Some((2560, 1600)) expect=2560x1600 own_files=2 PASS
1791114430890 BROWSER-EXIT n=929 pid=69608 after_return_ms=179.3
1791114431712 PREV-BROWSER n=930 prev_n=929 pid=69608 alive=false
1791114431712 RENDER-START n=930
1791114432452 RENDER-OK n=930 id=930 browser_pid=Some(114404) slot=B path=%TEMP%\fc-repro-leak-20261004-190528\localappdata\tw.fintools.fc-host\wallpaper\m-7ebe8f017cddc2d6-b.png wh=3840x2160 body=raw open_ms=262.6 page_ms=456.1 to_png_ms=718.6 close_ms=3.1 write_ms=18.8 warnings=0
1791114432453 VERIFY n=930 dims=Some((3840, 2160)) expect=3840x2160 own_files=2 PASS
1791114432631 BROWSER-EXIT n=930 pid=114404 after_return_ms=178.5
1791114435453 PREV-BROWSER n=931 prev_n=930 pid=114404 alive=false
1791114435453 RENDER-START n=931
1791114436086 RENDER-OK n=931 id=931 browser_pid=Some(112408) slot=A path=%TEMP%\fc-repro-leak-20261004-190528\localappdata\tw.fintools.fc-host\wallpaper\m-7ebe8f017cddc2d6-a.png wh=2560x1600 body=raw open_ms=264.6 page_ms=357.6 to_png_ms=622.2 close_ms=2.1 write_ms=8.6 warnings=0
1791114436086 VERIFY n=931 dims=Some((2560, 1600)) expect=2560x1600 own_files=2 PASS
1791114436269 BROWSER-EXIT n=931 pid=112408 after_return_ms=182.7
1791114437086 PREV-BROWSER n=932 prev_n=931 pid=112408 alive=false
1791114437086 RENDER-START n=932
1791114437824 RENDER-OK n=932 id=932 browser_pid=Some(52212) slot=B path=%TEMP%\fc-repro-leak-20261004-190528\localappdata\tw.fintools.fc-host\wallpaper\m-7ebe8f017cddc2d6-b.png wh=3840x2160 body=raw open_ms=269.1 page_ms=447.0 to_png_ms=716.1 close_ms=2.8 write_ms=18.5 warnings=0
1791114437824 VERIFY n=932 dims=Some((3840, 2160)) expect=3840x2160 own_files=2 PASS
1791114438004 BROWSER-EXIT n=932 pid=52212 after_return_ms=180.1
1791114440824 PREV-BROWSER n=933 prev_n=932 pid=52212 alive=false
1791114440824 RENDER-START n=933
1791114441473 RENDER-OK n=933 id=933 browser_pid=Some(109192) slot=A path=%TEMP%\fc-repro-leak-20261004-190528\localappdata\tw.fintools.fc-host\wallpaper\m-7ebe8f017cddc2d6-a.png wh=2560x1600 body=raw open_ms=265.7 page_ms=362.0 to_png_ms=627.7 close_ms=2.5 write_ms=17.9 warnings=0
1791114441473 VERIFY n=933 dims=Some((2560, 1600)) expect=2560x1600 own_files=2 PASS
1791114441640 BROWSER-EXIT n=933 pid=109192 after_return_ms=167.0
1791114442473 PREV-BROWSER n=934 prev_n=933 pid=109192 alive=false
1791114442473 RENDER-START n=934
1791114443215 RENDER-OK n=934 id=934 browser_pid=Some(113728) slot=B path=%TEMP%\fc-repro-leak-20261004-190528\localappdata\tw.fintools.fc-host\wallpaper\m-7ebe8f017cddc2d6-b.png wh=3840x2160 body=raw open_ms=272.4 page_ms=449.2 to_png_ms=721.6 close_ms=2.9 write_ms=17.6 warnings=0
1791114443215 VERIFY n=934 dims=Some((3840, 2160)) expect=3840x2160 own_files=2 PASS
1791114443401 BROWSER-EXIT n=934 pid=113728 after_return_ms=185.7
1791114446216 PREV-BROWSER n=935 prev_n=934 pid=113728 alive=false
1791114446216 RENDER-START n=935
1791114446856 RENDER-OK n=935 id=935 browser_pid=Some(113996) slot=A path=%TEMP%\fc-repro-leak-20261004-190528\localappdata\tw.fintools.fc-host\wallpaper\m-7ebe8f017cddc2d6-a.png wh=2560x1600 body=raw open_ms=266.2 page_ms=352.4 to_png_ms=618.5 close_ms=1.9 write_ms=19.4 warnings=0
1791114446856 VERIFY n=935 dims=Some((2560, 1600)) expect=2560x1600 own_files=2 PASS
1791114447023 BROWSER-EXIT n=935 pid=113996 after_return_ms=166.7
1791114447856 PREV-BROWSER n=936 prev_n=935 pid=113996 alive=false
1791114447857 RENDER-START n=936
1791114448611 RENDER-OK n=936 id=936 browser_pid=Some(105840) slot=B path=%TEMP%\fc-repro-leak-20261004-190528\localappdata\tw.fintools.fc-host\wallpaper\m-7ebe8f017cddc2d6-b.png wh=3840x2160 body=raw open_ms=277.8 page_ms=454.5 to_png_ms=732.3 close_ms=3.4 write_ms=18.7 warnings=0
1791114448612 VERIFY n=936 dims=Some((3840, 2160)) expect=3840x2160 own_files=2 PASS
1791114448792 BROWSER-EXIT n=936 pid=105840 after_return_ms=181.0
1791114451611 PREV-BROWSER n=937 prev_n=936 pid=105840 alive=false
1791114451611 RENDER-START n=937
1791114452263 RENDER-OK n=937 id=937 browser_pid=Some(54632) slot=A path=%TEMP%\fc-repro-leak-20261004-190528\localappdata\tw.fintools.fc-host\wallpaper\m-7ebe8f017cddc2d6-a.png wh=2560x1600 body=raw open_ms=267.8 page_ms=370.1 to_png_ms=637.9 close_ms=2.1 write_ms=10.8 warnings=0
1791114452263 VERIFY n=937 dims=Some((2560, 1600)) expect=2560x1600 own_files=2 PASS
1791114452456 BROWSER-EXIT n=937 pid=54632 after_return_ms=193.4
1791114453263 PREV-BROWSER n=938 prev_n=937 pid=54632 alive=false
1791114453263 RENDER-START n=938
1791114454013 RENDER-OK n=938 id=938 browser_pid=Some(113908) slot=B path=%TEMP%\fc-repro-leak-20261004-190528\localappdata\tw.fintools.fc-host\wallpaper\m-7ebe8f017cddc2d6-b.png wh=3840x2160 body=raw open_ms=271.5 page_ms=457.0 to_png_ms=728.4 close_ms=3.7 write_ms=17.8 warnings=0
1791114454014 VERIFY n=938 dims=Some((3840, 2160)) expect=3840x2160 own_files=2 PASS
1791114454191 BROWSER-EXIT n=938 pid=113908 after_return_ms=177.5
1791114457013 PREV-BROWSER n=939 prev_n=938 pid=113908 alive=false
1791114457013 RENDER-START n=939
1791114457643 RENDER-OK n=939 id=939 browser_pid=Some(114216) slot=A path=%TEMP%\fc-repro-leak-20261004-190528\localappdata\tw.fintools.fc-host\wallpaper\m-7ebe8f017cddc2d6-a.png wh=2560x1600 body=raw open_ms=266.1 page_ms=344.8 to_png_ms=610.8 close_ms=1.9 write_ms=16.6 warnings=0
1791114457643 VERIFY n=939 dims=Some((2560, 1600)) expect=2560x1600 own_files=2 PASS
1791114457818 BROWSER-EXIT n=939 pid=114216 after_return_ms=174.9
1791114458643 PREV-BROWSER n=940 prev_n=939 pid=114216 alive=false
1791114458643 RENDER-START n=940
1791114459388 RENDER-OK n=940 id=940 browser_pid=Some(101020) slot=B path=%TEMP%\fc-repro-leak-20261004-190528\localappdata\tw.fintools.fc-host\wallpaper\m-7ebe8f017cddc2d6-b.png wh=3840x2160 body=raw open_ms=272.0 page_ms=448.5 to_png_ms=720.6 close_ms=3.8 write_ms=19.7 warnings=0
1791114459388 VERIFY n=940 dims=Some((3840, 2160)) expect=3840x2160 own_files=2 PASS
1791114459555 BROWSER-EXIT n=940 pid=101020 after_return_ms=167.6
1791114462388 PREV-BROWSER n=941 prev_n=940 pid=101020 alive=false
1791114462388 RENDER-START n=941
1791114463089 RENDER-OK n=941 id=941 browser_pid=Some(82664) slot=A path=%TEMP%\fc-repro-leak-20261004-190528\localappdata\tw.fintools.fc-host\wallpaper\m-7ebe8f017cddc2d6-a.png wh=2560x1600 body=raw open_ms=333.2 page_ms=348.2 to_png_ms=681.4 close_ms=2.2 write_ms=17.4 warnings=0
1791114463089 VERIFY n=941 dims=Some((2560, 1600)) expect=2560x1600 own_files=2 PASS
1791114463260 BROWSER-EXIT n=941 pid=82664 after_return_ms=171.4
1791114464090 PREV-BROWSER n=942 prev_n=941 pid=82664 alive=false
1791114464090 RENDER-START n=942
1791114464832 RENDER-OK n=942 id=942 browser_pid=Some(114176) slot=B path=%TEMP%\fc-repro-leak-20261004-190528\localappdata\tw.fintools.fc-host\wallpaper\m-7ebe8f017cddc2d6-b.png wh=3840x2160 body=raw open_ms=271.7 page_ms=448.9 to_png_ms=720.6 close_ms=3.2 write_ms=18.0 warnings=0
1791114464832 VERIFY n=942 dims=Some((3840, 2160)) expect=3840x2160 own_files=2 PASS
1791114465005 BROWSER-EXIT n=942 pid=114176 after_return_ms=173.6
1791114467832 PREV-BROWSER n=943 prev_n=942 pid=114176 alive=false
1791114467832 RENDER-START n=943
1791114468446 RENDER-OK n=943 id=943 browser_pid=Some(88596) slot=A path=%TEMP%\fc-repro-leak-20261004-190528\localappdata\tw.fintools.fc-host\wallpaper\m-7ebe8f017cddc2d6-a.png wh=2560x1600 body=raw open_ms=264.0 page_ms=338.0 to_png_ms=602.0 close_ms=1.9 write_ms=9.2 warnings=0
1791114468446 VERIFY n=943 dims=Some((2560, 1600)) expect=2560x1600 own_files=2 PASS
1791114468634 BROWSER-EXIT n=943 pid=88596 after_return_ms=188.8
1791114469446 PREV-BROWSER n=944 prev_n=943 pid=88596 alive=false
1791114469446 RENDER-START n=944
1791114470164 RENDER-OK n=944 id=944 browser_pid=Some(114076) slot=B path=%TEMP%\fc-repro-leak-20261004-190528\localappdata\tw.fintools.fc-host\wallpaper\m-7ebe8f017cddc2d6-b.png wh=3840x2160 body=raw open_ms=269.3 page_ms=431.5 to_png_ms=700.8 close_ms=3.1 write_ms=13.4 warnings=0
1791114470164 VERIFY n=944 dims=Some((3840, 2160)) expect=3840x2160 own_files=2 PASS
1791114470353 BROWSER-EXIT n=944 pid=114076 after_return_ms=189.1
1791114473164 PREV-BROWSER n=945 prev_n=944 pid=114076 alive=false
1791114473164 RENDER-START n=945
1791114473797 RENDER-OK n=945 id=945 browser_pid=Some(113984) slot=A path=%TEMP%\fc-repro-leak-20261004-190528\localappdata\tw.fintools.fc-host\wallpaper\m-7ebe8f017cddc2d6-a.png wh=2560x1600 body=raw open_ms=282.9 page_ms=332.6 to_png_ms=615.5 close_ms=2.2 write_ms=15.6 warnings=0
1791114473798 VERIFY n=945 dims=Some((2560, 1600)) expect=2560x1600 own_files=2 PASS
1791114473980 BROWSER-EXIT n=945 pid=113984 after_return_ms=182.9
1791114474798 PREV-BROWSER n=946 prev_n=945 pid=113984 alive=false
1791114474798 RENDER-START n=946
1791114475530 RENDER-OK n=946 id=946 browser_pid=Some(113692) slot=B path=%TEMP%\fc-repro-leak-20261004-190528\localappdata\tw.fintools.fc-host\wallpaper\m-7ebe8f017cddc2d6-b.png wh=3840x2160 body=raw open_ms=266.6 page_ms=444.1 to_png_ms=710.7 close_ms=3.0 write_ms=18.4 warnings=0
1791114475530 VERIFY n=946 dims=Some((3840, 2160)) expect=3840x2160 own_files=2 PASS
1791114475706 BROWSER-EXIT n=946 pid=113692 after_return_ms=175.5
1791114478530 PREV-BROWSER n=947 prev_n=946 pid=113692 alive=false
1791114478530 RENDER-START n=947
1791114479154 RENDER-OK n=947 id=947 browser_pid=Some(107008) slot=A path=%TEMP%\fc-repro-leak-20261004-190528\localappdata\tw.fintools.fc-host\wallpaper\m-7ebe8f017cddc2d6-a.png wh=2560x1600 body=raw open_ms=266.4 page_ms=339.1 to_png_ms=605.5 close_ms=2.0 write_ms=16.2 warnings=0
1791114479154 VERIFY n=947 dims=Some((2560, 1600)) expect=2560x1600 own_files=2 PASS
1791114479330 BROWSER-EXIT n=947 pid=107008 after_return_ms=176.1
1791114480155 PREV-BROWSER n=948 prev_n=947 pid=107008 alive=false
1791114480155 RENDER-START n=948
1791114480867 RENDER-OK n=948 id=948 browser_pid=Some(101544) slot=B path=%TEMP%\fc-repro-leak-20261004-190528\localappdata\tw.fintools.fc-host\wallpaper\m-7ebe8f017cddc2d6-b.png wh=3840x2160 body=raw open_ms=268.9 page_ms=429.1 to_png_ms=698.0 close_ms=2.9 write_ms=10.6 warnings=0
1791114480867 VERIFY n=948 dims=Some((3840, 2160)) expect=3840x2160 own_files=2 PASS
1791114481048 BROWSER-EXIT n=948 pid=101544 after_return_ms=180.6
1791114483867 PREV-BROWSER n=949 prev_n=948 pid=101544 alive=false
1791114483867 RENDER-START n=949
1791114484510 RENDER-OK n=949 id=949 browser_pid=Some(54468) slot=A path=%TEMP%\fc-repro-leak-20261004-190528\localappdata\tw.fintools.fc-host\wallpaper\m-7ebe8f017cddc2d6-a.png wh=2560x1600 body=raw open_ms=274.2 page_ms=347.7 to_png_ms=621.8 close_ms=2.7 write_ms=17.6 warnings=0
1791114484510 VERIFY n=949 dims=Some((2560, 1600)) expect=2560x1600 own_files=2 PASS
1791114484682 BROWSER-EXIT n=949 pid=54468 after_return_ms=172.4
1791114485510 PREV-BROWSER n=950 prev_n=949 pid=54468 alive=false
1791114485510 RENDER-START n=950
1791114486296 RENDER-OK n=950 id=950 browser_pid=Some(115472) slot=B path=%TEMP%\fc-repro-leak-20261004-190528\localappdata\tw.fintools.fc-host\wallpaper\m-7ebe8f017cddc2d6-b.png wh=3840x2160 body=raw open_ms=328.7 page_ms=442.7 to_png_ms=771.5 close_ms=2.7 write_ms=11.0 warnings=0
1791114486296 VERIFY n=950 dims=Some((3840, 2160)) expect=3840x2160 own_files=2 PASS
1791114486485 BROWSER-EXIT n=950 pid=115472 after_return_ms=189.1
1791114489296 PREV-BROWSER n=951 prev_n=950 pid=115472 alive=false
1791114489296 RENDER-START n=951
1791114490013 RENDER-OK n=951 id=951 browser_pid=Some(115328) slot=A path=%TEMP%\fc-repro-leak-20261004-190528\localappdata\tw.fintools.fc-host\wallpaper\m-7ebe8f017cddc2d6-a.png wh=2560x1600 body=raw open_ms=344.7 page_ms=353.2 to_png_ms=697.9 close_ms=2.2 write_ms=16.7 warnings=0
1791114490013 VERIFY n=951 dims=Some((2560, 1600)) expect=2560x1600 own_files=2 PASS
1791114490198 BROWSER-EXIT n=951 pid=115328 after_return_ms=184.8
1791114491013 PREV-BROWSER n=952 prev_n=951 pid=115328 alive=false
1791114491013 RENDER-START n=952
1791114491807 RENDER-OK n=952 id=952 browser_pid=Some(114796) slot=B path=%TEMP%\fc-repro-leak-20261004-190528\localappdata\tw.fintools.fc-host\wallpaper\m-7ebe8f017cddc2d6-b.png wh=3840x2160 body=raw open_ms=327.1 page_ms=445.0 to_png_ms=772.1 close_ms=3.3 write_ms=18.3 warnings=0
1791114491807 VERIFY n=952 dims=Some((3840, 2160)) expect=3840x2160 own_files=2 PASS
1791114491990 BROWSER-EXIT n=952 pid=114796 after_return_ms=183.0
1791114494808 PREV-BROWSER n=953 prev_n=952 pid=114796 alive=false
1791114494808 RENDER-START n=953
1791114495455 RENDER-OK n=953 id=953 browser_pid=Some(115496) slot=A path=%TEMP%\fc-repro-leak-20261004-190528\localappdata\tw.fintools.fc-host\wallpaper\m-7ebe8f017cddc2d6-a.png wh=2560x1600 body=raw open_ms=281.0 page_ms=348.6 to_png_ms=629.6 close_ms=2.0 write_ms=15.9 warnings=0
1791114495456 VERIFY n=953 dims=Some((2560, 1600)) expect=2560x1600 own_files=2 PASS
1791114495637 BROWSER-EXIT n=953 pid=115496 after_return_ms=182.2
1791114496455 PREV-BROWSER n=954 prev_n=953 pid=115496 alive=false
1791114496455 RENDER-START n=954
1791114497206 RENDER-OK n=954 id=954 browser_pid=Some(109380) slot=B path=%TEMP%\fc-repro-leak-20261004-190528\localappdata\tw.fintools.fc-host\wallpaper\m-7ebe8f017cddc2d6-b.png wh=3840x2160 body=raw open_ms=282.7 page_ms=446.8 to_png_ms=729.5 close_ms=2.9 write_ms=18.4 warnings=0
1791114497207 VERIFY n=954 dims=Some((3840, 2160)) expect=3840x2160 own_files=2 PASS
1791114497394 BROWSER-EXIT n=954 pid=109380 after_return_ms=187.4
1791114500207 PREV-BROWSER n=955 prev_n=954 pid=109380 alive=false
1791114500207 RENDER-START n=955
1791114500903 RENDER-OK n=955 id=955 browser_pid=Some(114756) slot=A path=%TEMP%\fc-repro-leak-20261004-190528\localappdata\tw.fintools.fc-host\wallpaper\m-7ebe8f017cddc2d6-a.png wh=2560x1600 body=raw open_ms=337.6 page_ms=347.5 to_png_ms=685.1 close_ms=1.9 write_ms=8.8 warnings=0
1791114500903 VERIFY n=955 dims=Some((2560, 1600)) expect=2560x1600 own_files=2 PASS
1791114501096 BROWSER-EXIT n=955 pid=114756 after_return_ms=193.2
1791114501903 PREV-BROWSER n=956 prev_n=955 pid=114756 alive=false
1791114501903 RENDER-START n=956
1791114502726 RENDER-OK n=956 id=956 browser_pid=Some(115188) slot=B path=%TEMP%\fc-repro-leak-20261004-190528\localappdata\tw.fintools.fc-host\wallpaper\m-7ebe8f017cddc2d6-b.png wh=3840x2160 body=raw open_ms=327.9 page_ms=473.7 to_png_ms=801.6 close_ms=2.8 write_ms=18.4 warnings=0
1791114502727 VERIFY n=956 dims=Some((3840, 2160)) expect=3840x2160 own_files=2 PASS
1791114502911 BROWSER-EXIT n=956 pid=115188 after_return_ms=185.0
1791114505727 PREV-BROWSER n=957 prev_n=956 pid=115188 alive=false
1791114505727 RENDER-START n=957
1791114506357 RENDER-OK n=957 id=957 browser_pid=Some(114632) slot=A path=%TEMP%\fc-repro-leak-20261004-190528\localappdata\tw.fintools.fc-host\wallpaper\m-7ebe8f017cddc2d6-a.png wh=2560x1600 body=raw open_ms=270.7 page_ms=339.1 to_png_ms=609.8 close_ms=2.0 write_ms=18.5 warnings=0
1791114506357 VERIFY n=957 dims=Some((2560, 1600)) expect=2560x1600 own_files=2 PASS
1791114506548 BROWSER-EXIT n=957 pid=114632 after_return_ms=190.5
1791114507358 PREV-BROWSER n=958 prev_n=957 pid=114632 alive=false
1791114507358 RENDER-START n=958
1791114508094 RENDER-OK n=958 id=958 browser_pid=Some(97088) slot=B path=%TEMP%\fc-repro-leak-20261004-190528\localappdata\tw.fintools.fc-host\wallpaper\m-7ebe8f017cddc2d6-b.png wh=3840x2160 body=raw open_ms=267.0 page_ms=448.9 to_png_ms=715.8 close_ms=2.9 write_ms=17.8 warnings=0
1791114508095 VERIFY n=958 dims=Some((3840, 2160)) expect=3840x2160 own_files=2 PASS
1791114508274 BROWSER-EXIT n=958 pid=97088 after_return_ms=179.4
1791114511095 PREV-BROWSER n=959 prev_n=958 pid=97088 alive=false
1791114511095 RENDER-START n=959
1791114511712 RENDER-OK n=959 id=959 browser_pid=Some(113072) slot=A path=%TEMP%\fc-repro-leak-20261004-190528\localappdata\tw.fintools.fc-host\wallpaper\m-7ebe8f017cddc2d6-a.png wh=2560x1600 body=raw open_ms=265.5 page_ms=339.8 to_png_ms=605.3 close_ms=2.0 write_ms=9.3 warnings=0
1791114511712 VERIFY n=959 dims=Some((2560, 1600)) expect=2560x1600 own_files=2 PASS
1791114511902 BROWSER-EXIT n=959 pid=113072 after_return_ms=189.7
1791114512713 PREV-BROWSER n=960 prev_n=959 pid=113072 alive=false
1791114512713 RENDER-START n=960
1791114513445 RENDER-OK n=960 id=960 browser_pid=Some(114780) slot=B path=%TEMP%\fc-repro-leak-20261004-190528\localappdata\tw.fintools.fc-host\wallpaper\m-7ebe8f017cddc2d6-b.png wh=3840x2160 body=raw open_ms=266.5 page_ms=444.3 to_png_ms=710.9 close_ms=3.1 write_ms=17.8 warnings=0
1791114513445 VERIFY n=960 dims=Some((3840, 2160)) expect=3840x2160 own_files=2 PASS
1791114513626 BROWSER-EXIT n=960 pid=114780 after_return_ms=181.8
1791114516445 PREV-BROWSER n=961 prev_n=960 pid=114780 alive=false
1791114516445 RENDER-START n=961
1791114517073 RENDER-OK n=961 id=961 browser_pid=Some(100140) slot=A path=%TEMP%\fc-repro-leak-20261004-190528\localappdata\tw.fintools.fc-host\wallpaper\m-7ebe8f017cddc2d6-a.png wh=2560x1600 body=raw open_ms=266.5 page_ms=343.1 to_png_ms=609.6 close_ms=2.1 write_ms=15.7 warnings=0
1791114517073 VERIFY n=961 dims=Some((2560, 1600)) expect=2560x1600 own_files=2 PASS
1791114517251 BROWSER-EXIT n=961 pid=100140 after_return_ms=178.4
1791114518073 PREV-BROWSER n=962 prev_n=961 pid=100140 alive=false
1791114518073 RENDER-START n=962
1791114518803 RENDER-OK n=962 id=962 browser_pid=Some(110976) slot=B path=%TEMP%\fc-repro-leak-20261004-190528\localappdata\tw.fintools.fc-host\wallpaper\m-7ebe8f017cddc2d6-b.png wh=3840x2160 body=raw open_ms=262.5 page_ms=445.7 to_png_ms=708.2 close_ms=2.8 write_ms=18.3 warnings=0
1791114518803 VERIFY n=962 dims=Some((3840, 2160)) expect=3840x2160 own_files=2 PASS
1791114518982 BROWSER-EXIT n=962 pid=110976 after_return_ms=179.7
1791114521803 PREV-BROWSER n=963 prev_n=962 pid=110976 alive=false
1791114521803 RENDER-START n=963
1791114522496 RENDER-OK n=963 id=963 browser_pid=Some(54212) slot=A path=%TEMP%\fc-repro-leak-20261004-190528\localappdata\tw.fintools.fc-host\wallpaper\m-7ebe8f017cddc2d6-a.png wh=2560x1600 body=raw open_ms=330.0 page_ms=344.5 to_png_ms=674.6 close_ms=2.0 write_ms=16.3 warnings=0
1791114522496 VERIFY n=963 dims=Some((2560, 1600)) expect=2560x1600 own_files=2 PASS
1791114522680 BROWSER-EXIT n=963 pid=54212 after_return_ms=183.7
1791114523497 PREV-BROWSER n=964 prev_n=963 pid=54212 alive=false
1791114523497 RENDER-START n=964
1791114524243 RENDER-OK n=964 id=964 browser_pid=Some(113352) slot=B path=%TEMP%\fc-repro-leak-20261004-190528\localappdata\tw.fintools.fc-host\wallpaper\m-7ebe8f017cddc2d6-b.png wh=3840x2160 body=raw open_ms=267.4 page_ms=457.7 to_png_ms=725.0 close_ms=3.0 write_ms=18.3 warnings=0
1791114524243 VERIFY n=964 dims=Some((3840, 2160)) expect=3840x2160 own_files=2 PASS
1791114524432 BROWSER-EXIT n=964 pid=113352 after_return_ms=188.8
1791114527243 PREV-BROWSER n=965 prev_n=964 pid=113352 alive=false
1791114527243 RENDER-START n=965
1791114527870 RENDER-OK n=965 id=965 browser_pid=Some(31784) slot=A path=%TEMP%\fc-repro-leak-20261004-190528\localappdata\tw.fintools.fc-host\wallpaper\m-7ebe8f017cddc2d6-a.png wh=2560x1600 body=raw open_ms=265.5 page_ms=340.9 to_png_ms=606.4 close_ms=2.4 write_ms=17.5 warnings=0
1791114527870 VERIFY n=965 dims=Some((2560, 1600)) expect=2560x1600 own_files=2 PASS
1791114528047 BROWSER-EXIT n=965 pid=31784 after_return_ms=177.3
1791114528870 PREV-BROWSER n=966 prev_n=965 pid=31784 alive=false
1791114528870 RENDER-START n=966
1791114529620 RENDER-OK n=966 id=966 browser_pid=Some(107360) slot=B path=%TEMP%\fc-repro-leak-20261004-190528\localappdata\tw.fintools.fc-host\wallpaper\m-7ebe8f017cddc2d6-b.png wh=3840x2160 body=raw open_ms=270.3 page_ms=457.3 to_png_ms=727.6 close_ms=2.9 write_ms=18.5 warnings=0
1791114529620 VERIFY n=966 dims=Some((3840, 2160)) expect=3840x2160 own_files=2 PASS
1791114529798 BROWSER-EXIT n=966 pid=107360 after_return_ms=178.5
1791114532620 PREV-BROWSER n=967 prev_n=966 pid=107360 alive=false
1791114532620 RENDER-START n=967
1791114533253 RENDER-OK n=967 id=967 browser_pid=Some(114304) slot=A path=%TEMP%\fc-repro-leak-20261004-190528\localappdata\tw.fintools.fc-host\wallpaper\m-7ebe8f017cddc2d6-a.png wh=2560x1600 body=raw open_ms=272.6 page_ms=341.6 to_png_ms=614.2 close_ms=2.1 write_ms=16.0 warnings=0
1791114533253 VERIFY n=967 dims=Some((2560, 1600)) expect=2560x1600 own_files=2 PASS
1791114533433 BROWSER-EXIT n=967 pid=114304 after_return_ms=180.0
1791114534253 PREV-BROWSER n=968 prev_n=967 pid=114304 alive=false
1791114534253 RENDER-START n=968
1791114534999 RENDER-OK n=968 id=968 browser_pid=Some(65008) slot=B path=%TEMP%\fc-repro-leak-20261004-190528\localappdata\tw.fintools.fc-host\wallpaper\m-7ebe8f017cddc2d6-b.png wh=3840x2160 body=raw open_ms=266.2 page_ms=459.5 to_png_ms=725.7 close_ms=2.8 write_ms=17.5 warnings=0
1791114535000 VERIFY n=968 dims=Some((3840, 2160)) expect=3840x2160 own_files=2 PASS
1791114535179 BROWSER-EXIT n=968 pid=65008 after_return_ms=179.9
1791114538000 PREV-BROWSER n=969 prev_n=968 pid=65008 alive=false
1791114538000 RENDER-START n=969
1791114538632 RENDER-OK n=969 id=969 browser_pid=Some(81292) slot=A path=%TEMP%\fc-repro-leak-20261004-190528\localappdata\tw.fintools.fc-host\wallpaper\m-7ebe8f017cddc2d6-a.png wh=2560x1600 body=raw open_ms=265.3 page_ms=346.9 to_png_ms=612.2 close_ms=2.0 write_ms=17.5 warnings=0
1791114538632 VERIFY n=969 dims=Some((2560, 1600)) expect=2560x1600 own_files=2 PASS
1791114539234 BROWSER-EXIT n=969 pid=81292 after_return_ms=602.6
1791114539632 PREV-BROWSER n=970 prev_n=969 pid=81292 alive=false
1791114539632 RENDER-START n=970
1791114540380 RENDER-OK n=970 id=970 browser_pid=Some(115348) slot=B path=%TEMP%\fc-repro-leak-20261004-190528\localappdata\tw.fintools.fc-host\wallpaper\m-7ebe8f017cddc2d6-b.png wh=3840x2160 body=raw open_ms=276.5 page_ms=448.5 to_png_ms=725.0 close_ms=3.6 write_ms=19.8 warnings=0
1791114540381 VERIFY n=970 dims=Some((3840, 2160)) expect=3840x2160 own_files=2 PASS
1791114540558 BROWSER-EXIT n=970 pid=115348 after_return_ms=178.1
1791114543380 PREV-BROWSER n=971 prev_n=970 pid=115348 alive=false
1791114543381 RENDER-START n=971
1791114544012 RENDER-OK n=971 id=971 browser_pid=Some(63324) slot=A path=%TEMP%\fc-repro-leak-20261004-190528\localappdata\tw.fintools.fc-host\wallpaper\m-7ebe8f017cddc2d6-a.png wh=2560x1600 body=raw open_ms=262.9 page_ms=348.7 to_png_ms=611.6 close_ms=2.2 write_ms=17.2 warnings=0
1791114544012 VERIFY n=971 dims=Some((2560, 1600)) expect=2560x1600 own_files=2 PASS
1791114544183 BROWSER-EXIT n=971 pid=63324 after_return_ms=171.5
1791114545012 PREV-BROWSER n=972 prev_n=971 pid=63324 alive=false
1791114545012 RENDER-START n=972
1791114545753 RENDER-OK n=972 id=972 browser_pid=Some(114032) slot=B path=%TEMP%\fc-repro-leak-20261004-190528\localappdata\tw.fintools.fc-host\wallpaper\m-7ebe8f017cddc2d6-b.png wh=3840x2160 body=raw open_ms=266.9 page_ms=451.9 to_png_ms=718.8 close_ms=2.8 write_ms=18.9 warnings=0
1791114545753 VERIFY n=972 dims=Some((3840, 2160)) expect=3840x2160 own_files=2 PASS
1791114545931 BROWSER-EXIT n=972 pid=114032 after_return_ms=178.2
1791114548753 PREV-BROWSER n=973 prev_n=972 pid=114032 alive=false
1791114548753 RENDER-START n=973
1791114549381 RENDER-OK n=973 id=973 browser_pid=Some(115104) slot=A path=%TEMP%\fc-repro-leak-20261004-190528\localappdata\tw.fintools.fc-host\wallpaper\m-7ebe8f017cddc2d6-a.png wh=2560x1600 body=raw open_ms=266.5 page_ms=341.4 to_png_ms=607.9 close_ms=2.1 write_ms=17.6 warnings=0
1791114549381 VERIFY n=973 dims=Some((2560, 1600)) expect=2560x1600 own_files=2 PASS
1791114549564 BROWSER-EXIT n=973 pid=115104 after_return_ms=183.7
1791114550381 PREV-BROWSER n=974 prev_n=973 pid=115104 alive=false
1791114550381 RENDER-START n=974
1791114551148 RENDER-OK n=974 id=974 browser_pid=Some(114804) slot=B path=%TEMP%\fc-repro-leak-20261004-190528\localappdata\tw.fintools.fc-host\wallpaper\m-7ebe8f017cddc2d6-b.png wh=3840x2160 body=raw open_ms=283.8 page_ms=460.8 to_png_ms=744.6 close_ms=3.2 write_ms=18.2 warnings=0
1791114551148 VERIFY n=974 dims=Some((3840, 2160)) expect=3840x2160 own_files=2 PASS
1791114551323 BROWSER-EXIT n=974 pid=114804 after_return_ms=175.3
1791114554148 PREV-BROWSER n=975 prev_n=974 pid=114804 alive=false
1791114554148 RENDER-START n=975
1791114554782 RENDER-OK n=975 id=975 browser_pid=Some(89216) slot=A path=%TEMP%\fc-repro-leak-20261004-190528\localappdata\tw.fintools.fc-host\wallpaper\m-7ebe8f017cddc2d6-a.png wh=2560x1600 body=raw open_ms=267.2 page_ms=348.0 to_png_ms=615.3 close_ms=2.0 write_ms=16.8 warnings=0
1791114554782 VERIFY n=975 dims=Some((2560, 1600)) expect=2560x1600 own_files=2 PASS
1791114554960 BROWSER-EXIT n=975 pid=89216 after_return_ms=178.3
1791114555782 PREV-BROWSER n=976 prev_n=975 pid=89216 alive=false
1791114555782 RENDER-START n=976
1791114556525 RENDER-OK n=976 id=976 browser_pid=Some(115056) slot=B path=%TEMP%\fc-repro-leak-20261004-190528\localappdata\tw.fintools.fc-host\wallpaper\m-7ebe8f017cddc2d6-b.png wh=3840x2160 body=raw open_ms=271.2 page_ms=457.2 to_png_ms=728.3 close_ms=2.8 write_ms=11.4 warnings=0
1791114556525 VERIFY n=976 dims=Some((3840, 2160)) expect=3840x2160 own_files=2 PASS
1791114556718 BROWSER-EXIT n=976 pid=115056 after_return_ms=193.4
1791114559525 PREV-BROWSER n=977 prev_n=976 pid=115056 alive=false
1791114559525 RENDER-START n=977
1791114560174 RENDER-OK n=977 id=977 browser_pid=Some(5240) slot=A path=%TEMP%\fc-repro-leak-20261004-190528\localappdata\tw.fintools.fc-host\wallpaper\m-7ebe8f017cddc2d6-a.png wh=2560x1600 body=raw open_ms=292.9 page_ms=337.3 to_png_ms=630.2 close_ms=1.9 write_ms=16.0 warnings=0
1791114560174 VERIFY n=977 dims=Some((2560, 1600)) expect=2560x1600 own_files=2 PASS
1791114560356 BROWSER-EXIT n=977 pid=5240 after_return_ms=182.5
1791114561174 PREV-BROWSER n=978 prev_n=977 pid=5240 alive=false
1791114561174 RENDER-START n=978
1791114561928 RENDER-OK n=978 id=978 browser_pid=Some(113276) slot=B path=%TEMP%\fc-repro-leak-20261004-190528\localappdata\tw.fintools.fc-host\wallpaper\m-7ebe8f017cddc2d6-b.png wh=3840x2160 body=raw open_ms=282.3 page_ms=450.6 to_png_ms=732.9 close_ms=3.1 write_ms=17.8 warnings=0
1791114561928 VERIFY n=978 dims=Some((3840, 2160)) expect=3840x2160 own_files=2 PASS
1791114562107 BROWSER-EXIT n=978 pid=113276 after_return_ms=179.2
1791114564928 PREV-BROWSER n=979 prev_n=978 pid=113276 alive=false
1791114564928 RENDER-START n=979
1791114565557 RENDER-OK n=979 id=979 browser_pid=Some(70916) slot=A path=%TEMP%\fc-repro-leak-20261004-190528\localappdata\tw.fintools.fc-host\wallpaper\m-7ebe8f017cddc2d6-a.png wh=2560x1600 body=raw open_ms=266.3 page_ms=343.5 to_png_ms=609.8 close_ms=2.0 write_ms=16.8 warnings=0
1791114565558 VERIFY n=979 dims=Some((2560, 1600)) expect=2560x1600 own_files=2 PASS
1791114565730 BROWSER-EXIT n=979 pid=70916 after_return_ms=172.8
1791114566558 PREV-BROWSER n=980 prev_n=979 pid=70916 alive=false
1791114566558 RENDER-START n=980
1791114567359 RENDER-OK n=980 id=980 browser_pid=Some(100508) slot=B path=%TEMP%\fc-repro-leak-20261004-190528\localappdata\tw.fintools.fc-host\wallpaper\m-7ebe8f017cddc2d6-b.png wh=3840x2160 body=raw open_ms=329.5 page_ms=447.7 to_png_ms=777.2 close_ms=2.7 write_ms=20.5 warnings=0
1791114567359 VERIFY n=980 dims=Some((3840, 2160)) expect=3840x2160 own_files=2 PASS
1791114567538 BROWSER-EXIT n=980 pid=100508 after_return_ms=179.1
1791114570359 PREV-BROWSER n=981 prev_n=980 pid=100508 alive=false
1791114570359 RENDER-START n=981
1791114571003 RENDER-OK n=981 id=981 browser_pid=Some(114492) slot=A path=%TEMP%\fc-repro-leak-20261004-190528\localappdata\tw.fintools.fc-host\wallpaper\m-7ebe8f017cddc2d6-a.png wh=2560x1600 body=raw open_ms=274.5 page_ms=357.3 to_png_ms=631.8 close_ms=1.9 write_ms=10.7 warnings=0
1791114571004 VERIFY n=981 dims=Some((2560, 1600)) expect=2560x1600 own_files=2 PASS
1791114571192 BROWSER-EXIT n=981 pid=114492 after_return_ms=188.6
1791114572003 PREV-BROWSER n=982 prev_n=981 pid=114492 alive=false
1791114572004 RENDER-START n=982
1791114572750 RENDER-OK n=982 id=982 browser_pid=Some(33544) slot=B path=%TEMP%\fc-repro-leak-20261004-190528\localappdata\tw.fintools.fc-host\wallpaper\m-7ebe8f017cddc2d6-b.png wh=3840x2160 body=raw open_ms=274.1 page_ms=451.0 to_png_ms=725.2 close_ms=3.3 write_ms=17.4 warnings=0
1791114572750 VERIFY n=982 dims=Some((3840, 2160)) expect=3840x2160 own_files=2 PASS
1791114572927 BROWSER-EXIT n=982 pid=33544 after_return_ms=177.0
1791114575750 PREV-BROWSER n=983 prev_n=982 pid=33544 alive=false
1791114575750 RENDER-START n=983
1791114576397 RENDER-OK n=983 id=983 browser_pid=Some(114668) slot=A path=%TEMP%\fc-repro-leak-20261004-190528\localappdata\tw.fintools.fc-host\wallpaper\m-7ebe8f017cddc2d6-a.png wh=2560x1600 body=raw open_ms=280.0 page_ms=347.6 to_png_ms=627.6 close_ms=2.7 write_ms=15.9 warnings=0
1791114576397 VERIFY n=983 dims=Some((2560, 1600)) expect=2560x1600 own_files=2 PASS
1791114576576 BROWSER-EXIT n=983 pid=114668 after_return_ms=179.3
1791114577397 PREV-BROWSER n=984 prev_n=983 pid=114668 alive=false
1791114577397 RENDER-START n=984
1791114578127 RENDER-OK n=984 id=984 browser_pid=Some(58392) slot=B path=%TEMP%\fc-repro-leak-20261004-190528\localappdata\tw.fintools.fc-host\wallpaper\m-7ebe8f017cddc2d6-b.png wh=3840x2160 body=raw open_ms=273.1 page_ms=437.6 to_png_ms=710.7 close_ms=2.8 write_ms=17.0 warnings=0
1791114578128 VERIFY n=984 dims=Some((3840, 2160)) expect=3840x2160 own_files=2 PASS
1791114578309 BROWSER-EXIT n=984 pid=58392 after_return_ms=181.3
1791114581128 PREV-BROWSER n=985 prev_n=984 pid=58392 alive=false
1791114581128 RENDER-START n=985
1791114581754 RENDER-OK n=985 id=985 browser_pid=Some(33404) slot=A path=%TEMP%\fc-repro-leak-20261004-190528\localappdata\tw.fintools.fc-host\wallpaper\m-7ebe8f017cddc2d6-a.png wh=2560x1600 body=raw open_ms=265.3 page_ms=341.6 to_png_ms=606.9 close_ms=2.1 write_ms=16.7 warnings=0
1791114581754 VERIFY n=985 dims=Some((2560, 1600)) expect=2560x1600 own_files=2 PASS
1791114581925 BROWSER-EXIT n=985 pid=33404 after_return_ms=171.9
1791114582754 PREV-BROWSER n=986 prev_n=985 pid=33404 alive=false
1791114582754 RENDER-START n=986
1791114583496 RENDER-OK n=986 id=986 browser_pid=Some(113896) slot=B path=%TEMP%\fc-repro-leak-20261004-190528\localappdata\tw.fintools.fc-host\wallpaper\m-7ebe8f017cddc2d6-b.png wh=3840x2160 body=raw open_ms=276.7 page_ms=443.6 to_png_ms=720.3 close_ms=2.9 write_ms=18.9 warnings=0
1791114583497 VERIFY n=986 dims=Some((3840, 2160)) expect=3840x2160 own_files=2 PASS
1791114583678 BROWSER-EXIT n=986 pid=113896 after_return_ms=182.0
1791114586497 PREV-BROWSER n=987 prev_n=986 pid=113896 alive=false
1791114586497 RENDER-START n=987
1791114587125 RENDER-OK n=987 id=987 browser_pid=Some(106608) slot=A path=%TEMP%\fc-repro-leak-20261004-190528\localappdata\tw.fintools.fc-host\wallpaper\m-7ebe8f017cddc2d6-a.png wh=2560x1600 body=raw open_ms=269.3 page_ms=339.9 to_png_ms=609.2 close_ms=2.4 write_ms=16.3 warnings=0
1791114587125 VERIFY n=987 dims=Some((2560, 1600)) expect=2560x1600 own_files=2 PASS
1791114587297 BROWSER-EXIT n=987 pid=106608 after_return_ms=172.4
1791114588125 PREV-BROWSER n=988 prev_n=987 pid=106608 alive=false
1791114588125 RENDER-START n=988
1791114588861 RENDER-OK n=988 id=988 browser_pid=Some(34784) slot=B path=%TEMP%\fc-repro-leak-20261004-190528\localappdata\tw.fintools.fc-host\wallpaper\m-7ebe8f017cddc2d6-b.png wh=3840x2160 body=raw open_ms=261.2 page_ms=452.4 to_png_ms=713.6 close_ms=2.9 write_ms=18.8 warnings=0
1791114588861 VERIFY n=988 dims=Some((3840, 2160)) expect=3840x2160 own_files=2 PASS
1791114589042 BROWSER-EXIT n=988 pid=34784 after_return_ms=181.8
1791114591861 PREV-BROWSER n=989 prev_n=988 pid=34784 alive=false
1791114591861 RENDER-START n=989
1791114592557 RENDER-OK n=989 id=989 browser_pid=Some(110100) slot=A path=%TEMP%\fc-repro-leak-20261004-190528\localappdata\tw.fintools.fc-host\wallpaper\m-7ebe8f017cddc2d6-a.png wh=2560x1600 body=raw open_ms=328.7 page_ms=349.2 to_png_ms=677.9 close_ms=1.9 write_ms=15.9 warnings=0
1791114592557 VERIFY n=989 dims=Some((2560, 1600)) expect=2560x1600 own_files=2 PASS
1791114592740 BROWSER-EXIT n=989 pid=110100 after_return_ms=183.1
1791114593557 PREV-BROWSER n=990 prev_n=989 pid=110100 alive=false
1791114593557 RENDER-START n=990
1791114594377 RENDER-OK n=990 id=990 browser_pid=Some(115308) slot=B path=%TEMP%\fc-repro-leak-20261004-190528\localappdata\tw.fintools.fc-host\wallpaper\m-7ebe8f017cddc2d6-b.png wh=3840x2160 body=raw open_ms=336.1 page_ms=458.5 to_png_ms=794.7 close_ms=3.3 write_ms=21.4 warnings=0
1791114594377 VERIFY n=990 dims=Some((3840, 2160)) expect=3840x2160 own_files=2 PASS
1791114594549 BROWSER-EXIT n=990 pid=115308 after_return_ms=172.5
1791114597377 PREV-BROWSER n=991 prev_n=990 pid=115308 alive=false
1791114597377 RENDER-START n=991
1791114598018 RENDER-OK n=991 id=991 browser_pid=Some(114736) slot=A path=%TEMP%\fc-repro-leak-20261004-190528\localappdata\tw.fintools.fc-host\wallpaper\m-7ebe8f017cddc2d6-a.png wh=2560x1600 body=raw open_ms=270.1 page_ms=352.8 to_png_ms=622.9 close_ms=2.1 write_ms=16.2 warnings=0
1791114598019 VERIFY n=991 dims=Some((2560, 1600)) expect=2560x1600 own_files=2 PASS
1791114598191 BROWSER-EXIT n=991 pid=114736 after_return_ms=173.2
1791114599018 PREV-BROWSER n=992 prev_n=991 pid=114736 alive=false
1791114599019 RENDER-START n=992
1791114599811 RENDER-OK n=992 id=992 browser_pid=Some(110916) slot=B path=%TEMP%\fc-repro-leak-20261004-190528\localappdata\tw.fintools.fc-host\wallpaper\m-7ebe8f017cddc2d6-b.png wh=3840x2160 body=raw open_ms=323.8 page_ms=446.6 to_png_ms=770.3 close_ms=2.9 write_ms=18.5 warnings=0
1791114599811 VERIFY n=992 dims=Some((3840, 2160)) expect=3840x2160 own_files=2 PASS
1791114599992 BROWSER-EXIT n=992 pid=110916 after_return_ms=181.1
1791114602811 PREV-BROWSER n=993 prev_n=992 pid=110916 alive=false
1791114602811 RENDER-START n=993
1791114603462 RENDER-OK n=993 id=993 browser_pid=Some(115228) slot=A path=%TEMP%\fc-repro-leak-20261004-190528\localappdata\tw.fintools.fc-host\wallpaper\m-7ebe8f017cddc2d6-a.png wh=2560x1600 body=raw open_ms=273.0 page_ms=359.8 to_png_ms=632.8 close_ms=2.1 write_ms=16.2 warnings=0
1791114603462 VERIFY n=993 dims=Some((2560, 1600)) expect=2560x1600 own_files=2 PASS
1791114603632 BROWSER-EXIT n=993 pid=115228 after_return_ms=169.7
1791114604462 PREV-BROWSER n=994 prev_n=993 pid=115228 alive=false
1791114604462 RENDER-START n=994
1791114605305 RENDER-OK n=994 id=994 browser_pid=Some(115668) slot=B path=%TEMP%\fc-repro-leak-20261004-190528\localappdata\tw.fintools.fc-host\wallpaper\m-7ebe8f017cddc2d6-b.png wh=3840x2160 body=raw open_ms=375.0 page_ms=445.9 to_png_ms=821.0 close_ms=3.3 write_ms=18.0 warnings=0
1791114605305 VERIFY n=994 dims=Some((3840, 2160)) expect=3840x2160 own_files=2 PASS
1791114605478 BROWSER-EXIT n=994 pid=115668 after_return_ms=173.6
1791114608305 PREV-BROWSER n=995 prev_n=994 pid=115668 alive=false
1791114608305 RENDER-START n=995
1791114608950 RENDER-OK n=995 id=995 browser_pid=Some(96176) slot=A path=%TEMP%\fc-repro-leak-20261004-190528\localappdata\tw.fintools.fc-host\wallpaper\m-7ebe8f017cddc2d6-a.png wh=2560x1600 body=raw open_ms=275.4 page_ms=350.1 to_png_ms=625.5 close_ms=2.3 write_ms=16.4 warnings=0
1791114608950 VERIFY n=995 dims=Some((2560, 1600)) expect=2560x1600 own_files=2 PASS
1791114609128 BROWSER-EXIT n=995 pid=96176 after_return_ms=178.2
1791114609950 PREV-BROWSER n=996 prev_n=995 pid=96176 alive=false
1791114609950 RENDER-START n=996
1791114610704 RENDER-OK n=996 id=996 browser_pid=Some(113900) slot=B path=%TEMP%\fc-repro-leak-20261004-190528\localappdata\tw.fintools.fc-host\wallpaper\m-7ebe8f017cddc2d6-b.png wh=3840x2160 body=raw open_ms=273.0 page_ms=459.1 to_png_ms=732.1 close_ms=3.2 write_ms=18.0 warnings=0
1791114610704 VERIFY n=996 dims=Some((3840, 2160)) expect=3840x2160 own_files=2 PASS
1791114610883 BROWSER-EXIT n=996 pid=113900 after_return_ms=178.9
1791114613704 PREV-BROWSER n=997 prev_n=996 pid=113900 alive=false
1791114613704 RENDER-START n=997
1791114614343 RENDER-OK n=997 id=997 browser_pid=Some(114536) slot=A path=%TEMP%\fc-repro-leak-20261004-190528\localappdata\tw.fintools.fc-host\wallpaper\m-7ebe8f017cddc2d6-a.png wh=2560x1600 body=raw open_ms=267.5 page_ms=351.8 to_png_ms=619.3 close_ms=1.9 write_ms=16.9 warnings=0
1791114614343 VERIFY n=997 dims=Some((2560, 1600)) expect=2560x1600 own_files=2 PASS
1791114614520 BROWSER-EXIT n=997 pid=114536 after_return_ms=177.4
1791114615343 PREV-BROWSER n=998 prev_n=997 pid=114536 alive=false
1791114615343 RENDER-START n=998
1791114616116 RENDER-OK n=998 id=998 browser_pid=Some(114844) slot=B path=%TEMP%\fc-repro-leak-20261004-190528\localappdata\tw.fintools.fc-host\wallpaper\m-7ebe8f017cddc2d6-b.png wh=3840x2160 body=raw open_ms=279.8 page_ms=472.9 to_png_ms=752.7 close_ms=2.8 write_ms=17.2 warnings=0
1791114616116 VERIFY n=998 dims=Some((3840, 2160)) expect=3840x2160 own_files=2 PASS
1791114616292 BROWSER-EXIT n=998 pid=114844 after_return_ms=175.9
1791114619117 PREV-BROWSER n=999 prev_n=998 pid=114844 alive=false
1791114619117 RENDER-START n=999
1791114619770 RENDER-OK n=999 id=999 browser_pid=Some(89404) slot=A path=%TEMP%\fc-repro-leak-20261004-190528\localappdata\tw.fintools.fc-host\wallpaper\m-7ebe8f017cddc2d6-a.png wh=2560x1600 body=raw open_ms=266.0 page_ms=367.8 to_png_ms=633.8 close_ms=2.0 write_ms=17.1 warnings=0
1791114619770 VERIFY n=999 dims=Some((2560, 1600)) expect=2560x1600 own_files=2 PASS
1791114619942 BROWSER-EXIT n=999 pid=89404 after_return_ms=172.1
1791114620770 PREV-BROWSER n=1000 prev_n=999 pid=89404 alive=false
1791114620770 RENDER-START n=1000
1791114621512 RENDER-OK n=1000 id=1000 browser_pid=Some(113756) slot=B path=%TEMP%\fc-repro-leak-20261004-190528\localappdata\tw.fintools.fc-host\wallpaper\m-7ebe8f017cddc2d6-b.png wh=3840x2160 body=raw open_ms=269.8 page_ms=450.9 to_png_ms=720.7 close_ms=2.9 write_ms=18.3 warnings=0
1791114621512 VERIFY n=1000 dims=Some((3840, 2160)) expect=3840x2160 own_files=2 PASS
1791114621512 RENDER-LOOP-END
1791114621512 TAIL 20 s
1791114621695 BROWSER-EXIT n=1000 pid=113756 after_return_ms=182.9
1791114641514 BROWSERS total=1000 leaked=0 []
1791114641514 SHUTDOWN-SETTLE Exited { pid: 113756, waited: 400ns }
1791114641514 SUMMARY ok=1000/1000 to_png_median_ms=682.0 to_png_max_ms=1548.3 open_median_ms=265.0 open_max_ms=980.7 page_median_ms=409.1 page_max_ms=641.0 close_median_ms=2.8
1791114641514 EXIT code=0
