1791110751971 START FC_HOST_SELF_TEST_RENDER_BUILD pid=69608 args=Args { log: "D:\\projects\\finance-calendar-dynamic-wallpaper\\host\\tools\\evidence\\dw-bug-renderer-pre-gap100-render.log", count: 200, interval: 60s, warmup: 5s, tail: 20s, width: 2560, height: 1600, theme: Astrolabe, fixture: true, timeout_at: None, skip_render: false, gap: Some(100ms) }
1791110751971 RENDERER-UDF %TEMP%\fc-repro-leak-20261004-184551\webview2\wallpaper-renderer
1791110751971 OUTPUT dir=%TEMP%\fc-repro-leak-20261004-184551\localappdata\tw.fintools.fc-host\wallpaper key=m-7ebe8f017cddc2d6
1791110751971 WARMUP 5 s
1791110756971 RENDER-START n=1
1791110757779 RENDER-OK n=1 id=1 browser_pid=Some(96748) slot=A path=%TEMP%\fc-repro-leak-20261004-184551\localappdata\tw.fintools.fc-host\wallpaper\m-7ebe8f017cddc2d6-a.png wh=2560x1600 body=raw open_ms=325.5 page_ms=469.8 to_png_ms=795.4 close_ms=2.3 write_ms=9.5 warnings=0
1791110757780 VERIFY n=1 dims=Some((2560, 1600)) expect=2560x1600 own_files=1 PASS
1791110757880 PREV-BROWSER n=2 prev_n=1 pid=96748 alive=true
1791110757880 RENDER-START n=2
1791110758315 BROWSER-REUSED n=2 pid=96748
1791110758316 RENDER-OK n=2 id=2 browser_pid=Some(96748) slot=B path=%TEMP%\fc-repro-leak-20261004-184551\localappdata\tw.fintools.fc-host\wallpaper\m-7ebe8f017cddc2d6-b.png wh=2560x1600 body=raw open_ms=93.0 page_ms=323.8 to_png_ms=416.8 close_ms=2.6 write_ms=16.3 warnings=0
1791110758316 VERIFY n=2 dims=Some((2560, 1600)) expect=2560x1600 own_files=2 PASS
1791110758416 PREV-BROWSER n=3 prev_n=2 pid=96748 alive=true
1791110758416 RENDER-START n=3
1791110758861 BROWSER-REUSED n=3 pid=96748
1791110758861 RENDER-OK n=3 id=3 browser_pid=Some(96748) slot=A path=%TEMP%\fc-repro-leak-20261004-184551\localappdata\tw.fintools.fc-host\wallpaper\m-7ebe8f017cddc2d6-a.png wh=2560x1600 body=raw open_ms=89.9 page_ms=337.0 to_png_ms=426.9 close_ms=2.1 write_ms=16.3 warnings=0
1791110758861 VERIFY n=3 dims=Some((2560, 1600)) expect=2560x1600 own_files=2 PASS
1791110758961 PREV-BROWSER n=4 prev_n=3 pid=96748 alive=true
1791110758961 RENDER-START n=4
1791110759403 BROWSER-REUSED n=4 pid=96748
1791110759403 RENDER-OK n=4 id=4 browser_pid=Some(96748) slot=B path=%TEMP%\fc-repro-leak-20261004-184551\localappdata\tw.fintools.fc-host\wallpaper\m-7ebe8f017cddc2d6-b.png wh=2560x1600 body=raw open_ms=98.1 page_ms=325.1 to_png_ms=423.2 close_ms=2.1 write_ms=16.5 warnings=0
1791110759403 VERIFY n=4 dims=Some((2560, 1600)) expect=2560x1600 own_files=2 PASS
1791110759503 PREV-BROWSER n=5 prev_n=4 pid=96748 alive=true
1791110759504 RENDER-START n=5
1791110759938 BROWSER-REUSED n=5 pid=96748
1791110759938 RENDER-OK n=5 id=5 browser_pid=Some(96748) slot=A path=%TEMP%\fc-repro-leak-20261004-184551\localappdata\tw.fintools.fc-host\wallpaper\m-7ebe8f017cddc2d6-a.png wh=2560x1600 body=raw open_ms=96.7 page_ms=318.8 to_png_ms=415.5 close_ms=2.7 write_ms=16.2 warnings=0
1791110759939 VERIFY n=5 dims=Some((2560, 1600)) expect=2560x1600 own_files=2 PASS
1791110760039 PREV-BROWSER n=6 prev_n=5 pid=96748 alive=true
1791110760039 RENDER-START n=6
1791110760480 BROWSER-REUSED n=6 pid=96748
1791110760480 RENDER-OK n=6 id=6 browser_pid=Some(96748) slot=B path=%TEMP%\fc-repro-leak-20261004-184551\localappdata\tw.fintools.fc-host\wallpaper\m-7ebe8f017cddc2d6-b.png wh=2560x1600 body=raw open_ms=98.6 page_ms=324.4 to_png_ms=423.0 close_ms=2.3 write_ms=16.2 warnings=0
1791110760480 VERIFY n=6 dims=Some((2560, 1600)) expect=2560x1600 own_files=2 PASS
1791110760581 PREV-BROWSER n=7 prev_n=6 pid=96748 alive=true
1791110760581 RENDER-START n=7
1791110761019 BROWSER-REUSED n=7 pid=96748
1791110761020 RENDER-OK n=7 id=7 browser_pid=Some(96748) slot=A path=%TEMP%\fc-repro-leak-20261004-184551\localappdata\tw.fintools.fc-host\wallpaper\m-7ebe8f017cddc2d6-a.png wh=2560x1600 body=raw open_ms=93.6 page_ms=325.9 to_png_ms=419.5 close_ms=2.4 write_ms=16.8 warnings=0
1791110761020 VERIFY n=7 dims=Some((2560, 1600)) expect=2560x1600 own_files=2 PASS
1791110761120 PREV-BROWSER n=8 prev_n=7 pid=96748 alive=true
1791110761120 RENDER-START n=8
1791110762560 BROWSER-REUSED n=8 pid=96748
1791110762560 RENDER-OK n=8 id=8 browser_pid=Some(96748) slot=B path=%TEMP%\fc-repro-leak-20261004-184551\localappdata\tw.fintools.fc-host\wallpaper\m-7ebe8f017cddc2d6-b.png wh=2560x1600 body=raw open_ms=93.9 page_ms=1327.2 to_png_ms=1421.1 close_ms=2.2 write_ms=16.1 warnings=0
1791110762560 VERIFY n=8 dims=Some((2560, 1600)) expect=2560x1600 own_files=2 PASS
1791110762660 PREV-BROWSER n=9 prev_n=8 pid=96748 alive=true
1791110762660 RENDER-START n=9
1791110762858 BROWSER-EXIT n=7 pid=96748 after_return_ms=1838.3
1791110762858 BROWSER-EXIT n=3 pid=96748 after_return_ms=3996.8
1791110762858 BROWSER-EXIT n=8 pid=96748 after_return_ms=298.1
1791110762858 BROWSER-EXIT n=1 pid=96748 after_return_ms=5078.5
1791110762858 BROWSER-EXIT n=5 pid=96748 after_return_ms=2919.4
1791110762858 BROWSER-EXIT n=6 pid=96748 after_return_ms=2377.5
1791110762858 BROWSER-EXIT n=2 pid=96748 after_return_ms=4542.3
1791110762858 BROWSER-EXIT n=4 pid=96748 after_return_ms=3454.7
1791110763426 RENDER-OK n=9 id=9 browser_pid=Some(109996) slot=A path=%TEMP%\fc-repro-leak-20261004-184551\localappdata\tw.fintools.fc-host\wallpaper\m-7ebe8f017cddc2d6-a.png wh=2560x1600 body=raw open_ms=408.8 page_ms=339.5 to_png_ms=748.2 close_ms=2.1 write_ms=15.6 warnings=0
1791110763426 VERIFY n=9 dims=Some((2560, 1600)) expect=2560x1600 own_files=2 PASS
1791110763526 PREV-BROWSER n=10 prev_n=9 pid=109996 alive=true
1791110763526 RENDER-START n=10
1791110764981 BROWSER-REUSED n=10 pid=109996
1791110764981 RENDER-OK n=10 id=10 browser_pid=Some(109996) slot=B path=%TEMP%\fc-repro-leak-20261004-184551\localappdata\tw.fintools.fc-host\wallpaper\m-7ebe8f017cddc2d6-b.png wh=2560x1600 body=raw open_ms=97.5 page_ms=1338.9 to_png_ms=1436.4 close_ms=2.1 write_ms=16.0 warnings=0
1791110764981 VERIFY n=10 dims=Some((2560, 1600)) expect=2560x1600 own_files=2 PASS
1791110765081 PREV-BROWSER n=11 prev_n=10 pid=109996 alive=true
1791110765081 RENDER-START n=11
1791110765521 BROWSER-REUSED n=11 pid=109996
1791110765521 RENDER-OK n=11 id=11 browser_pid=Some(109996) slot=A path=%TEMP%\fc-repro-leak-20261004-184551\localappdata\tw.fintools.fc-host\wallpaper\m-7ebe8f017cddc2d6-a.png wh=2560x1600 body=raw open_ms=93.2 page_ms=327.5 to_png_ms=420.7 close_ms=2.5 write_ms=16.1 warnings=0
1791110765521 VERIFY n=11 dims=Some((2560, 1600)) expect=2560x1600 own_files=2 PASS
1791110765621 PREV-BROWSER n=12 prev_n=11 pid=109996 alive=true
1791110765621 RENDER-START n=12
1791110766062 BROWSER-REUSED n=12 pid=109996
1791110766062 RENDER-OK n=12 id=12 browser_pid=Some(109996) slot=B path=%TEMP%\fc-repro-leak-20261004-184551\localappdata\tw.fintools.fc-host\wallpaper\m-7ebe8f017cddc2d6-b.png wh=2560x1600 body=raw open_ms=97.1 page_ms=324.9 to_png_ms=422.0 close_ms=2.4 write_ms=16.4 warnings=0
1791110766062 VERIFY n=12 dims=Some((2560, 1600)) expect=2560x1600 own_files=2 PASS
1791110766162 PREV-BROWSER n=13 prev_n=12 pid=109996 alive=true
1791110766162 RENDER-START n=13
1791110766603 BROWSER-REUSED n=13 pid=109996
1791110766603 RENDER-OK n=13 id=13 browser_pid=Some(109996) slot=A path=%TEMP%\fc-repro-leak-20261004-184551\localappdata\tw.fintools.fc-host\wallpaper\m-7ebe8f017cddc2d6-a.png wh=2560x1600 body=raw open_ms=96.7 page_ms=325.9 to_png_ms=422.5 close_ms=2.1 write_ms=15.9 warnings=0
1791110766603 VERIFY n=13 dims=Some((2560, 1600)) expect=2560x1600 own_files=2 PASS
1791110766703 PREV-BROWSER n=14 prev_n=13 pid=109996 alive=true
1791110766703 RENDER-START n=14
1791110767165 BROWSER-REUSED n=14 pid=109996
1791110767165 RENDER-OK n=14 id=14 browser_pid=Some(109996) slot=B path=%TEMP%\fc-repro-leak-20261004-184551\localappdata\tw.fintools.fc-host\wallpaper\m-7ebe8f017cddc2d6-b.png wh=2560x1600 body=raw open_ms=96.0 page_ms=347.4 to_png_ms=443.4 close_ms=2.1 write_ms=16.0 warnings=0
1791110767165 VERIFY n=14 dims=Some((2560, 1600)) expect=2560x1600 own_files=2 PASS
1791110767265 PREV-BROWSER n=15 prev_n=14 pid=109996 alive=true
1791110767266 RENDER-START n=15
1791110767711 BROWSER-REUSED n=15 pid=109996
1791110767711 RENDER-OK n=15 id=15 browser_pid=Some(109996) slot=A path=%TEMP%\fc-repro-leak-20261004-184551\localappdata\tw.fintools.fc-host\wallpaper\m-7ebe8f017cddc2d6-a.png wh=2560x1600 body=raw open_ms=89.1 page_ms=337.9 to_png_ms=427.0 close_ms=2.2 write_ms=15.7 warnings=0
1791110767711 VERIFY n=15 dims=Some((2560, 1600)) expect=2560x1600 own_files=2 PASS
1791110767811 PREV-BROWSER n=16 prev_n=15 pid=109996 alive=true
1791110767811 RENDER-START n=16
1791110768262 BROWSER-REUSED n=16 pid=109996
1791110768262 RENDER-OK n=16 id=16 browser_pid=Some(109996) slot=B path=%TEMP%\fc-repro-leak-20261004-184551\localappdata\tw.fintools.fc-host\wallpaper\m-7ebe8f017cddc2d6-b.png wh=2560x1600 body=raw open_ms=92.0 page_ms=340.4 to_png_ms=432.4 close_ms=2.2 write_ms=16.2 warnings=0
1791110768263 VERIFY n=16 dims=Some((2560, 1600)) expect=2560x1600 own_files=2 PASS
1791110768363 PREV-BROWSER n=17 prev_n=16 pid=109996 alive=true
1791110768363 RENDER-START n=17
1791110768803 BROWSER-REUSED n=17 pid=109996
1791110768803 RENDER-OK n=17 id=17 browser_pid=Some(109996) slot=A path=%TEMP%\fc-repro-leak-20261004-184551\localappdata\tw.fintools.fc-host\wallpaper\m-7ebe8f017cddc2d6-a.png wh=2560x1600 body=raw open_ms=94.9 page_ms=333.9 to_png_ms=428.8 close_ms=2.4 write_ms=9.1 warnings=0
1791110768803 VERIFY n=17 dims=Some((2560, 1600)) expect=2560x1600 own_files=2 PASS
1791110768904 PREV-BROWSER n=18 prev_n=17 pid=109996 alive=true
1791110768904 RENDER-START n=18
1791110769357 BROWSER-REUSED n=18 pid=109996
1791110769357 RENDER-OK n=18 id=18 browser_pid=Some(109996) slot=B path=%TEMP%\fc-repro-leak-20261004-184551\localappdata\tw.fintools.fc-host\wallpaper\m-7ebe8f017cddc2d6-b.png wh=2560x1600 body=raw open_ms=100.6 page_ms=341.2 to_png_ms=441.8 close_ms=2.1 write_ms=8.8 warnings=0
1791110769357 VERIFY n=18 dims=Some((2560, 1600)) expect=2560x1600 own_files=2 PASS
1791110769457 PREV-BROWSER n=19 prev_n=18 pid=109996 alive=true
1791110769457 RENDER-START n=19
1791110769903 BROWSER-REUSED n=19 pid=109996
1791110769903 RENDER-OK n=19 id=19 browser_pid=Some(109996) slot=A path=%TEMP%\fc-repro-leak-20261004-184551\localappdata\tw.fintools.fc-host\wallpaper\m-7ebe8f017cddc2d6-a.png wh=2560x1600 body=raw open_ms=95.9 page_ms=330.6 to_png_ms=426.5 close_ms=2.2 write_ms=16.5 warnings=0
1791110769903 VERIFY n=19 dims=Some((2560, 1600)) expect=2560x1600 own_files=2 PASS
1791110770003 PREV-BROWSER n=20 prev_n=19 pid=109996 alive=true
1791110770003 RENDER-START n=20
1791110770432 BROWSER-REUSED n=20 pid=109996
1791110770433 RENDER-OK n=20 id=20 browser_pid=Some(109996) slot=B path=%TEMP%\fc-repro-leak-20261004-184551\localappdata\tw.fintools.fc-host\wallpaper\m-7ebe8f017cddc2d6-b.png wh=2560x1600 body=raw open_ms=94.5 page_ms=323.2 to_png_ms=417.7 close_ms=2.3 write_ms=9.2 warnings=0
1791110770433 VERIFY n=20 dims=Some((2560, 1600)) expect=2560x1600 own_files=2 PASS
1791110770533 PREV-BROWSER n=21 prev_n=20 pid=109996 alive=true
1791110770533 RENDER-START n=21
1791110770979 BROWSER-REUSED n=21 pid=109996
1791110770979 RENDER-OK n=21 id=21 browser_pid=Some(109996) slot=A path=%TEMP%\fc-repro-leak-20261004-184551\localappdata\tw.fintools.fc-host\wallpaper\m-7ebe8f017cddc2d6-a.png wh=2560x1600 body=raw open_ms=102.6 page_ms=324.3 to_png_ms=426.9 close_ms=2.3 write_ms=16.3 warnings=0
1791110770979 VERIFY n=21 dims=Some((2560, 1600)) expect=2560x1600 own_files=2 PASS
1791110771079 PREV-BROWSER n=22 prev_n=21 pid=109996 alive=true
1791110771079 RENDER-START n=22
1791110771518 BROWSER-REUSED n=22 pid=109996
1791110771518 RENDER-OK n=22 id=22 browser_pid=Some(109996) slot=B path=%TEMP%\fc-repro-leak-20261004-184551\localappdata\tw.fintools.fc-host\wallpaper\m-7ebe8f017cddc2d6-b.png wh=2560x1600 body=raw open_ms=99.8 page_ms=329.1 to_png_ms=428.9 close_ms=2.0 write_ms=7.9 warnings=0
1791110771518 VERIFY n=22 dims=Some((2560, 1600)) expect=2560x1600 own_files=2 PASS
1791110771619 PREV-BROWSER n=23 prev_n=22 pid=109996 alive=true
1791110771619 RENDER-START n=23
1791110772048 BROWSER-REUSED n=23 pid=109996
1791110772048 RENDER-OK n=23 id=23 browser_pid=Some(109996) slot=A path=%TEMP%\fc-repro-leak-20261004-184551\localappdata\tw.fintools.fc-host\wallpaper\m-7ebe8f017cddc2d6-a.png wh=2560x1600 body=raw open_ms=96.6 page_ms=314.3 to_png_ms=410.9 close_ms=2.2 write_ms=16.4 warnings=0
1791110772048 VERIFY n=23 dims=Some((2560, 1600)) expect=2560x1600 own_files=2 PASS
1791110772148 PREV-BROWSER n=24 prev_n=23 pid=109996 alive=true
1791110772149 RENDER-START n=24
1791110772584 BROWSER-REUSED n=24 pid=109996
1791110772584 RENDER-OK n=24 id=24 browser_pid=Some(109996) slot=B path=%TEMP%\fc-repro-leak-20261004-184551\localappdata\tw.fintools.fc-host\wallpaper\m-7ebe8f017cddc2d6-b.png wh=2560x1600 body=raw open_ms=96.0 page_ms=327.2 to_png_ms=423.2 close_ms=2.2 write_ms=9.8 warnings=0
1791110772584 VERIFY n=24 dims=Some((2560, 1600)) expect=2560x1600 own_files=2 PASS
1791110772684 PREV-BROWSER n=25 prev_n=24 pid=109996 alive=true
1791110772684 RENDER-START n=25
1791110774141 BROWSER-REUSED n=25 pid=109996
1791110774141 RENDER-OK n=25 id=25 browser_pid=Some(109996) slot=A path=%TEMP%\fc-repro-leak-20261004-184551\localappdata\tw.fintools.fc-host\wallpaper\m-7ebe8f017cddc2d6-a.png wh=2560x1600 body=raw open_ms=100.6 page_ms=1336.2 to_png_ms=1436.7 close_ms=2.4 write_ms=17.1 warnings=0
1791110774141 VERIFY n=25 dims=Some((2560, 1600)) expect=2560x1600 own_files=2 PASS
1791110774241 PREV-BROWSER n=26 prev_n=25 pid=109996 alive=true
1791110774241 RENDER-START n=26
1791110774485 BROWSER-EXIT n=25 pid=109996 after_return_ms=343.7
1791110774485 BROWSER-EXIT n=21 pid=109996 after_return_ms=3506.0
1791110774485 BROWSER-EXIT n=23 pid=109996 after_return_ms=2436.3
1791110774485 BROWSER-EXIT n=19 pid=109996 after_return_ms=4581.7
1791110774485 BROWSER-EXIT n=18 pid=109996 after_return_ms=5127.6
1791110774485 BROWSER-EXIT n=17 pid=109996 after_return_ms=5681.5
1791110774485 BROWSER-EXIT n=20 pid=109996 after_return_ms=4052.1
1791110774485 BROWSER-EXIT n=24 pid=109996 after_return_ms=1900.7
1791110774485 BROWSER-EXIT n=16 pid=109996 after_return_ms=6222.3
1791110774485 BROWSER-EXIT n=11 pid=109996 after_return_ms=8963.6
1791110774485 BROWSER-EXIT n=22 pid=109996 after_return_ms=2966.4
1791110774485 BROWSER-EXIT n=13 pid=109996 after_return_ms=7881.6
1791110774485 BROWSER-EXIT n=10 pid=109996 after_return_ms=9503.4
1791110774485 BROWSER-EXIT n=9 pid=109996 after_return_ms=11058.7
1791110774485 BROWSER-EXIT n=12 pid=109996 after_return_ms=8422.5
1791110774485 BROWSER-EXIT n=14 pid=109996 after_return_ms=7319.7
1791110774485 BROWSER-EXIT n=15 pid=109996 after_return_ms=6773.9
1791110775059 RENDER-OK n=26 id=26 browser_pid=Some(105736) slot=B path=%TEMP%\fc-repro-leak-20261004-184551\localappdata\tw.fintools.fc-host\wallpaper\m-7ebe8f017cddc2d6-b.png wh=2560x1600 body=raw open_ms=459.7 page_ms=339.8 to_png_ms=799.5 close_ms=2.2 write_ms=15.8 warnings=0
1791110775059 VERIFY n=26 dims=Some((2560, 1600)) expect=2560x1600 own_files=2 PASS
1791110775159 PREV-BROWSER n=27 prev_n=26 pid=105736 alive=true
1791110775159 RENDER-START n=27
1791110775626 BROWSER-REUSED n=27 pid=105736
1791110775626 RENDER-OK n=27 id=27 browser_pid=Some(105736) slot=A path=%TEMP%\fc-repro-leak-20261004-184551\localappdata\tw.fintools.fc-host\wallpaper\m-7ebe8f017cddc2d6-a.png wh=2560x1600 body=raw open_ms=93.8 page_ms=354.8 to_png_ms=448.7 close_ms=2.2 write_ms=15.7 warnings=0
1791110775626 VERIFY n=27 dims=Some((2560, 1600)) expect=2560x1600 own_files=2 PASS
1791110775726 PREV-BROWSER n=28 prev_n=27 pid=105736 alive=true
1791110775726 RENDER-START n=28
1791110776170 BROWSER-REUSED n=28 pid=105736
1791110776170 RENDER-OK n=28 id=28 browser_pid=Some(105736) slot=B path=%TEMP%\fc-repro-leak-20261004-184551\localappdata\tw.fintools.fc-host\wallpaper\m-7ebe8f017cddc2d6-b.png wh=2560x1600 body=raw open_ms=92.7 page_ms=332.7 to_png_ms=425.4 close_ms=2.1 write_ms=16.1 warnings=0
1791110776170 VERIFY n=28 dims=Some((2560, 1600)) expect=2560x1600 own_files=2 PASS
1791110776271 PREV-BROWSER n=29 prev_n=28 pid=105736 alive=true
1791110776271 RENDER-START n=29
1791110776341 BROWSER-EXIT n=28 pid=105736 after_return_ms=170.5
1791110776341 BROWSER-EXIT n=27 pid=105736 after_return_ms=714.6
1791110776341 BROWSER-EXIT n=26 pid=105736 after_return_ms=1281.5
1791110776912 RENDER-OK n=29 id=29 browser_pid=Some(22028) slot=A path=%TEMP%\fc-repro-leak-20261004-184551\localappdata\tw.fintools.fc-host\wallpaper\m-7ebe8f017cddc2d6-a.png wh=2560x1600 body=raw open_ms=280.2 page_ms=342.6 to_png_ms=622.8 close_ms=2.5 write_ms=16.1 warnings=0
1791110776913 VERIFY n=29 dims=Some((2560, 1600)) expect=2560x1600 own_files=2 PASS
1791110777013 PREV-BROWSER n=30 prev_n=29 pid=22028 alive=true
1791110777013 RENDER-START n=30
1791110777431 BROWSER-REUSED n=30 pid=22028
1791110777431 RENDER-OK n=30 id=30 browser_pid=Some(22028) slot=B path=%TEMP%\fc-repro-leak-20261004-184551\localappdata\tw.fintools.fc-host\wallpaper\m-7ebe8f017cddc2d6-b.png wh=2560x1600 body=raw open_ms=92.6 page_ms=315.5 to_png_ms=408.2 close_ms=2.2 write_ms=7.3 warnings=0
1791110777431 VERIFY n=30 dims=Some((2560, 1600)) expect=2560x1600 own_files=2 PASS
1791110777531 PREV-BROWSER n=31 prev_n=30 pid=22028 alive=true
1791110777531 RENDER-START n=31
1791110777980 BROWSER-REUSED n=31 pid=22028
1791110777980 RENDER-OK n=31 id=31 browser_pid=Some(22028) slot=A path=%TEMP%\fc-repro-leak-20261004-184551\localappdata\tw.fintools.fc-host\wallpaper\m-7ebe8f017cddc2d6-a.png wh=2560x1600 body=raw open_ms=93.1 page_ms=336.3 to_png_ms=429.4 close_ms=2.6 write_ms=16.6 warnings=0
1791110777980 VERIFY n=31 dims=Some((2560, 1600)) expect=2560x1600 own_files=2 PASS
1791110778080 PREV-BROWSER n=32 prev_n=31 pid=22028 alive=true
1791110778080 RENDER-START n=32
1791110778155 BROWSER-EXIT n=31 pid=22028 after_return_ms=174.7
1791110778155 BROWSER-EXIT n=30 pid=22028 after_return_ms=723.7
1791110778155 BROWSER-EXIT n=29 pid=22028 after_return_ms=1242.2
1791110778741 RENDER-OK n=32 id=32 browser_pid=Some(95504) slot=B path=%TEMP%\fc-repro-leak-20261004-184551\localappdata\tw.fintools.fc-host\wallpaper\m-7ebe8f017cddc2d6-b.png wh=2560x1600 body=raw open_ms=285.6 page_ms=355.3 to_png_ms=640.9 close_ms=2.5 write_ms=17.4 warnings=0
1791110778741 VERIFY n=32 dims=Some((2560, 1600)) expect=2560x1600 own_files=2 PASS
1791110778841 PREV-BROWSER n=33 prev_n=32 pid=95504 alive=true
1791110778841 RENDER-START n=33
1791110779293 BROWSER-REUSED n=33 pid=95504
1791110779293 RENDER-OK n=33 id=33 browser_pid=Some(95504) slot=A path=%TEMP%\fc-repro-leak-20261004-184551\localappdata\tw.fintools.fc-host\wallpaper\m-7ebe8f017cddc2d6-a.png wh=2560x1600 body=raw open_ms=100.1 page_ms=332.3 to_png_ms=432.4 close_ms=3.1 write_ms=16.1 warnings=0
1791110779293 VERIFY n=33 dims=Some((2560, 1600)) expect=2560x1600 own_files=2 PASS
1791110779393 PREV-BROWSER n=34 prev_n=33 pid=95504 alive=true
1791110779394 RENDER-START n=34
1791110779836 BROWSER-REUSED n=34 pid=95504
1791110779836 RENDER-OK n=34 id=34 browser_pid=Some(95504) slot=B path=%TEMP%\fc-repro-leak-20261004-184551\localappdata\tw.fintools.fc-host\wallpaper\m-7ebe8f017cddc2d6-b.png wh=2560x1600 body=raw open_ms=99.0 page_ms=324.7 to_png_ms=423.7 close_ms=2.6 write_ms=15.5 warnings=0
1791110779836 VERIFY n=34 dims=Some((2560, 1600)) expect=2560x1600 own_files=2 PASS
1791110779936 PREV-BROWSER n=35 prev_n=34 pid=95504 alive=true
1791110779936 RENDER-START n=35
1791110780389 BROWSER-REUSED n=35 pid=95504
1791110780389 RENDER-OK n=35 id=35 browser_pid=Some(95504) slot=A path=%TEMP%\fc-repro-leak-20261004-184551\localappdata\tw.fintools.fc-host\wallpaper\m-7ebe8f017cddc2d6-a.png wh=2560x1600 body=raw open_ms=93.6 page_ms=339.2 to_png_ms=432.8 close_ms=2.4 write_ms=17.4 warnings=0
1791110780389 VERIFY n=35 dims=Some((2560, 1600)) expect=2560x1600 own_files=2 PASS
1791110780489 PREV-BROWSER n=36 prev_n=35 pid=95504 alive=true
1791110780489 RENDER-START n=36
1791110780917 BROWSER-REUSED n=36 pid=95504
1791110780917 RENDER-OK n=36 id=36 browser_pid=Some(95504) slot=B path=%TEMP%\fc-repro-leak-20261004-184551\localappdata\tw.fintools.fc-host\wallpaper\m-7ebe8f017cddc2d6-b.png wh=2560x1600 body=raw open_ms=87.5 page_ms=329.4 to_png_ms=416.9 close_ms=2.3 write_ms=8.2 warnings=0
1791110780917 VERIFY n=36 dims=Some((2560, 1600)) expect=2560x1600 own_files=2 PASS
1791110781017 PREV-BROWSER n=37 prev_n=36 pid=95504 alive=true
1791110781017 RENDER-START n=37
1791110781461 BROWSER-REUSED n=37 pid=95504
1791110781461 RENDER-OK n=37 id=37 browser_pid=Some(95504) slot=A path=%TEMP%\fc-repro-leak-20261004-184551\localappdata\tw.fintools.fc-host\wallpaper\m-7ebe8f017cddc2d6-a.png wh=2560x1600 body=raw open_ms=103.2 page_ms=323.0 to_png_ms=426.2 close_ms=2.4 write_ms=15.5 warnings=0
1791110781462 VERIFY n=37 dims=Some((2560, 1600)) expect=2560x1600 own_files=2 PASS
1791110781562 PREV-BROWSER n=38 prev_n=37 pid=95504 alive=true
1791110781562 RENDER-START n=38
1791110781644 BROWSER-EXIT n=37 pid=95504 after_return_ms=183.2
1791110781645 BROWSER-EXIT n=35 pid=95504 after_return_ms=1255.6
1791110781645 BROWSER-EXIT n=32 pid=95504 after_return_ms=2903.5
1791110781645 BROWSER-EXIT n=36 pid=95504 after_return_ms=727.9
1791110781645 BROWSER-EXIT n=33 pid=95504 after_return_ms=2351.5
1791110781645 BROWSER-EXIT n=34 pid=95504 after_return_ms=1808.9
1791110782224 RENDER-OK n=38 id=38 browser_pid=Some(12140) slot=B path=%TEMP%\fc-repro-leak-20261004-184551\localappdata\tw.fintools.fc-host\wallpaper\m-7ebe8f017cddc2d6-b.png wh=2560x1600 body=raw open_ms=293.9 page_ms=350.5 to_png_ms=644.4 close_ms=2.1 write_ms=15.9 warnings=0
1791110782225 VERIFY n=38 dims=Some((2560, 1600)) expect=2560x1600 own_files=2 PASS
1791110782325 PREV-BROWSER n=39 prev_n=38 pid=12140 alive=true
1791110782325 RENDER-START n=39
1791110782398 BROWSER-EXIT n=38 pid=12140 after_return_ms=173.3
1791110782979 RENDER-OK n=39 id=39 browser_pid=Some(106604) slot=A path=%TEMP%\fc-repro-leak-20261004-184551\localappdata\tw.fintools.fc-host\wallpaper\m-7ebe8f017cddc2d6-a.png wh=2560x1600 body=raw open_ms=283.1 page_ms=351.9 to_png_ms=635.0 close_ms=2.3 write_ms=16.5 warnings=0
1791110782979 VERIFY n=39 dims=Some((2560, 1600)) expect=2560x1600 own_files=2 PASS
1791110783079 PREV-BROWSER n=40 prev_n=39 pid=106604 alive=true
1791110783079 RENDER-START n=40
1791110783147 BROWSER-EXIT n=39 pid=106604 after_return_ms=168.7
1791110783725 RENDER-OK n=40 id=40 browser_pid=Some(95416) slot=B path=%TEMP%\fc-repro-leak-20261004-184551\localappdata\tw.fintools.fc-host\wallpaper\m-7ebe8f017cddc2d6-b.png wh=2560x1600 body=raw open_ms=282.2 page_ms=344.9 to_png_ms=627.1 close_ms=2.5 write_ms=15.9 warnings=0
1791110783725 VERIFY n=40 dims=Some((2560, 1600)) expect=2560x1600 own_files=2 PASS
1791110783825 PREV-BROWSER n=41 prev_n=40 pid=95416 alive=true
1791110783825 RENDER-START n=41
1791110783894 BROWSER-EXIT n=40 pid=95416 after_return_ms=169.4
1791110784478 RENDER-OK n=41 id=41 browser_pid=Some(111320) slot=A path=%TEMP%\fc-repro-leak-20261004-184551\localappdata\tw.fintools.fc-host\wallpaper\m-7ebe8f017cddc2d6-a.png wh=2560x1600 body=raw open_ms=285.1 page_ms=348.7 to_png_ms=633.8 close_ms=2.4 write_ms=15.9 warnings=0
1791110784478 VERIFY n=41 dims=Some((2560, 1600)) expect=2560x1600 own_files=2 PASS
1791110784578 PREV-BROWSER n=42 prev_n=41 pid=111320 alive=true
1791110784578 RENDER-START n=42
1791110784643 BROWSER-EXIT n=41 pid=111320 after_return_ms=165.1
1791110785219 RENDER-OK n=42 id=42 browser_pid=Some(32288) slot=B path=%TEMP%\fc-repro-leak-20261004-184551\localappdata\tw.fintools.fc-host\wallpaper\m-7ebe8f017cddc2d6-b.png wh=2560x1600 body=raw open_ms=274.7 page_ms=347.7 to_png_ms=622.3 close_ms=2.4 write_ms=15.9 warnings=0
1791110785219 VERIFY n=42 dims=Some((2560, 1600)) expect=2560x1600 own_files=2 PASS
1791110785319 PREV-BROWSER n=43 prev_n=42 pid=32288 alive=true
1791110785319 RENDER-START n=43
1791110785745 BROWSER-REUSED n=43 pid=32288
1791110785745 RENDER-OK n=43 id=43 browser_pid=Some(32288) slot=A path=%TEMP%\fc-repro-leak-20261004-184551\localappdata\tw.fintools.fc-host\wallpaper\m-7ebe8f017cddc2d6-a.png wh=2560x1600 body=raw open_ms=90.0 page_ms=324.0 to_png_ms=414.0 close_ms=2.8 write_ms=9.1 warnings=0
1791110785745 VERIFY n=43 dims=Some((2560, 1600)) expect=2560x1600 own_files=2 PASS
1791110785845 PREV-BROWSER n=44 prev_n=43 pid=32288 alive=true
1791110785845 RENDER-START n=44
1791110786288 BROWSER-REUSED n=44 pid=32288
1791110786288 RENDER-OK n=44 id=44 browser_pid=Some(32288) slot=B path=%TEMP%\fc-repro-leak-20261004-184551\localappdata\tw.fintools.fc-host\wallpaper\m-7ebe8f017cddc2d6-b.png wh=2560x1600 body=raw open_ms=94.3 page_ms=327.8 to_png_ms=422.1 close_ms=2.6 write_ms=17.7 warnings=0
1791110786288 VERIFY n=44 dims=Some((2560, 1600)) expect=2560x1600 own_files=2 PASS
1791110786388 PREV-BROWSER n=45 prev_n=44 pid=32288 alive=true
1791110786388 RENDER-START n=45
1791110786831 BROWSER-REUSED n=45 pid=32288
1791110786831 RENDER-OK n=45 id=45 browser_pid=Some(32288) slot=A path=%TEMP%\fc-repro-leak-20261004-184551\localappdata\tw.fintools.fc-host\wallpaper\m-7ebe8f017cddc2d6-a.png wh=2560x1600 body=raw open_ms=95.1 page_ms=329.5 to_png_ms=424.6 close_ms=2.3 write_ms=16.0 warnings=0
1791110786831 VERIFY n=45 dims=Some((2560, 1600)) expect=2560x1600 own_files=2 PASS
1791110786931 PREV-BROWSER n=46 prev_n=45 pid=32288 alive=true
1791110786932 RENDER-START n=46
1791110787368 BROWSER-REUSED n=46 pid=32288
1791110787368 RENDER-OK n=46 id=46 browser_pid=Some(32288) slot=B path=%TEMP%\fc-repro-leak-20261004-184551\localappdata\tw.fintools.fc-host\wallpaper\m-7ebe8f017cddc2d6-b.png wh=2560x1600 body=raw open_ms=92.8 page_ms=324.7 to_png_ms=417.5 close_ms=2.4 write_ms=16.1 warnings=0
1791110787368 VERIFY n=46 dims=Some((2560, 1600)) expect=2560x1600 own_files=2 PASS
1791110787468 PREV-BROWSER n=47 prev_n=46 pid=32288 alive=true
1791110787468 RENDER-START n=47
1791110787991 BROWSER-REUSED n=47 pid=32288
1791110787991 RENDER-OK n=47 id=47 browser_pid=Some(32288) slot=A path=%TEMP%\fc-repro-leak-20261004-184551\localappdata\tw.fintools.fc-host\wallpaper\m-7ebe8f017cddc2d6-a.png wh=2560x1600 body=raw open_ms=160.7 page_ms=342.3 to_png_ms=503.0 close_ms=2.4 write_ms=17.1 warnings=0
1791110787991 VERIFY n=47 dims=Some((2560, 1600)) expect=2560x1600 own_files=2 PASS
1791110788091 PREV-BROWSER n=48 prev_n=47 pid=32288 alive=true
1791110788091 RENDER-START n=48
1791110788539 BROWSER-REUSED n=48 pid=32288
1791110788539 RENDER-OK n=48 id=48 browser_pid=Some(32288) slot=B path=%TEMP%\fc-repro-leak-20261004-184551\localappdata\tw.fintools.fc-host\wallpaper\m-7ebe8f017cddc2d6-b.png wh=2560x1600 body=raw open_ms=102.3 page_ms=329.9 to_png_ms=432.2 close_ms=2.4 write_ms=12.9 warnings=0
1791110788539 VERIFY n=48 dims=Some((2560, 1600)) expect=2560x1600 own_files=2 PASS
1791110788639 PREV-BROWSER n=49 prev_n=48 pid=32288 alive=true
1791110788639 RENDER-START n=49
1791110789075 BROWSER-REUSED n=49 pid=32288
1791110789075 RENDER-OK n=49 id=49 browser_pid=Some(32288) slot=A path=%TEMP%\fc-repro-leak-20261004-184551\localappdata\tw.fintools.fc-host\wallpaper\m-7ebe8f017cddc2d6-a.png wh=2560x1600 body=raw open_ms=92.3 page_ms=324.7 to_png_ms=417.0 close_ms=2.9 write_ms=15.5 warnings=0
1791110789075 VERIFY n=49 dims=Some((2560, 1600)) expect=2560x1600 own_files=2 PASS
1791110789175 PREV-BROWSER n=50 prev_n=49 pid=32288 alive=true
1791110789175 RENDER-START n=50
1791110789610 BROWSER-REUSED n=50 pid=32288
1791110789610 RENDER-OK n=50 id=50 browser_pid=Some(32288) slot=B path=%TEMP%\fc-repro-leak-20261004-184551\localappdata\tw.fintools.fc-host\wallpaper\m-7ebe8f017cddc2d6-b.png wh=2560x1600 body=raw open_ms=91.9 page_ms=324.6 to_png_ms=416.5 close_ms=2.3 write_ms=15.1 warnings=0
1791110789610 VERIFY n=50 dims=Some((2560, 1600)) expect=2560x1600 own_files=2 PASS
1791110789710 PREV-BROWSER n=51 prev_n=50 pid=32288 alive=true
1791110789710 RENDER-START n=51
1791110789807 BROWSER-EXIT n=50 pid=32288 after_return_ms=197.7
1791110789807 BROWSER-EXIT n=44 pid=32288 after_return_ms=3519.7
1791110789807 BROWSER-EXIT n=45 pid=32288 after_return_ms=2976.3
1791110789807 BROWSER-EXIT n=47 pid=32288 after_return_ms=1816.6
1791110789807 BROWSER-EXIT n=46 pid=32288 after_return_ms=2439.6
1791110789807 BROWSER-EXIT n=49 pid=32288 after_return_ms=732.7
1791110789808 BROWSER-EXIT n=48 pid=32288 after_return_ms=1268.5
1791110789808 BROWSER-EXIT n=43 pid=32288 after_return_ms=4062.6
1791110789808 BROWSER-EXIT n=42 pid=32288 after_return_ms=4588.8
1791110790407 RENDER-OK n=51 id=51 browser_pid=Some(110884) slot=A path=%TEMP%\fc-repro-leak-20261004-184551\localappdata\tw.fintools.fc-host\wallpaper\m-7ebe8f017cddc2d6-a.png wh=2560x1600 body=raw open_ms=318.4 page_ms=359.2 to_png_ms=677.7 close_ms=2.3 write_ms=16.4 warnings=0
1791110790407 VERIFY n=51 dims=Some((2560, 1600)) expect=2560x1600 own_files=2 PASS
1791110790507 PREV-BROWSER n=52 prev_n=51 pid=110884 alive=true
1791110790507 RENDER-START n=52
1791110790582 BROWSER-EXIT n=51 pid=110884 after_return_ms=174.8
1791110791161 RENDER-OK n=52 id=52 browser_pid=Some(82664) slot=B path=%TEMP%\fc-repro-leak-20261004-184551\localappdata\tw.fintools.fc-host\wallpaper\m-7ebe8f017cddc2d6-b.png wh=2560x1600 body=raw open_ms=295.8 page_ms=345.6 to_png_ms=641.4 close_ms=2.9 write_ms=9.7 warnings=0
1791110791162 VERIFY n=52 dims=Some((2560, 1600)) expect=2560x1600 own_files=2 PASS
1791110791262 PREV-BROWSER n=53 prev_n=52 pid=82664 alive=true
1791110791262 RENDER-START n=53
1791110791709 BROWSER-REUSED n=53 pid=82664
1791110791709 RENDER-OK n=53 id=53 browser_pid=Some(82664) slot=A path=%TEMP%\fc-repro-leak-20261004-184551\localappdata\tw.fintools.fc-host\wallpaper\m-7ebe8f017cddc2d6-a.png wh=2560x1600 body=raw open_ms=94.3 page_ms=333.0 to_png_ms=427.3 close_ms=2.2 write_ms=17.2 warnings=0
1791110791709 VERIFY n=53 dims=Some((2560, 1600)) expect=2560x1600 own_files=2 PASS
1791110791809 PREV-BROWSER n=54 prev_n=53 pid=82664 alive=true
1791110791809 RENDER-START n=54
1791110792253 BROWSER-REUSED n=54 pid=82664
1791110792253 RENDER-OK n=54 id=54 browser_pid=Some(82664) slot=B path=%TEMP%\fc-repro-leak-20261004-184551\localappdata\tw.fintools.fc-host\wallpaper\m-7ebe8f017cddc2d6-b.png wh=2560x1600 body=raw open_ms=95.1 page_ms=331.6 to_png_ms=426.7 close_ms=2.3 write_ms=15.0 warnings=0
1791110792254 VERIFY n=54 dims=Some((2560, 1600)) expect=2560x1600 own_files=2 PASS
1791110792354 PREV-BROWSER n=55 prev_n=54 pid=82664 alive=true
1791110792354 RENDER-START n=55
1791110792786 BROWSER-REUSED n=55 pid=82664
1791110792786 RENDER-OK n=55 id=55 browser_pid=Some(82664) slot=A path=%TEMP%\fc-repro-leak-20261004-184551\localappdata\tw.fintools.fc-host\wallpaper\m-7ebe8f017cddc2d6-a.png wh=2560x1600 body=raw open_ms=89.7 page_ms=324.1 to_png_ms=413.8 close_ms=2.3 write_ms=16.1 warnings=0
1791110792786 VERIFY n=55 dims=Some((2560, 1600)) expect=2560x1600 own_files=2 PASS
1791110792886 PREV-BROWSER n=56 prev_n=55 pid=82664 alive=true
1791110792886 RENDER-START n=56
1791110793329 BROWSER-REUSED n=56 pid=82664
1791110793329 RENDER-OK n=56 id=56 browser_pid=Some(82664) slot=B path=%TEMP%\fc-repro-leak-20261004-184551\localappdata\tw.fintools.fc-host\wallpaper\m-7ebe8f017cddc2d6-b.png wh=2560x1600 body=raw open_ms=90.9 page_ms=332.8 to_png_ms=423.7 close_ms=2.2 write_ms=16.1 warnings=0
1791110793329 VERIFY n=56 dims=Some((2560, 1600)) expect=2560x1600 own_files=2 PASS
1791110793429 PREV-BROWSER n=57 prev_n=56 pid=82664 alive=true
1791110793429 RENDER-START n=57
1791110793866 BROWSER-REUSED n=57 pid=82664
1791110793866 RENDER-OK n=57 id=57 browser_pid=Some(82664) slot=A path=%TEMP%\fc-repro-leak-20261004-184551\localappdata\tw.fintools.fc-host\wallpaper\m-7ebe8f017cddc2d6-a.png wh=2560x1600 body=raw open_ms=97.2 page_ms=322.3 to_png_ms=419.5 close_ms=2.3 write_ms=14.6 warnings=0
1791110793866 VERIFY n=57 dims=Some((2560, 1600)) expect=2560x1600 own_files=2 PASS
1791110793966 PREV-BROWSER n=58 prev_n=57 pid=82664 alive=true
1791110793966 RENDER-START n=58
1791110794398 BROWSER-REUSED n=58 pid=82664
1791110794398 RENDER-OK n=58 id=58 browser_pid=Some(82664) slot=B path=%TEMP%\fc-repro-leak-20261004-184551\localappdata\tw.fintools.fc-host\wallpaper\m-7ebe8f017cddc2d6-b.png wh=2560x1600 body=raw open_ms=90.7 page_ms=325.1 to_png_ms=415.8 close_ms=2.4 write_ms=13.4 warnings=0
1791110794398 VERIFY n=58 dims=Some((2560, 1600)) expect=2560x1600 own_files=2 PASS
1791110794498 PREV-BROWSER n=59 prev_n=58 pid=82664 alive=true
1791110794498 RENDER-START n=59
1791110794587 BROWSER-EXIT n=56 pid=82664 after_return_ms=1258.4
1791110794587 BROWSER-EXIT n=54 pid=82664 after_return_ms=2333.7
1791110794587 BROWSER-EXIT n=57 pid=82664 after_return_ms=721.5
1791110794587 BROWSER-EXIT n=53 pid=82664 after_return_ms=2878.5
1791110794587 BROWSER-EXIT n=58 pid=82664 after_return_ms=189.5
1791110794587 BROWSER-EXIT n=55 pid=82664 after_return_ms=1801.0
1791110794587 BROWSER-EXIT n=52 pid=82664 after_return_ms=3425.7
1791110795169 RENDER-OK n=59 id=59 browser_pid=Some(94460) slot=A path=%TEMP%\fc-repro-leak-20261004-184551\localappdata\tw.fintools.fc-host\wallpaper\m-7ebe8f017cddc2d6-a.png wh=2560x1600 body=raw open_ms=296.9 page_ms=345.7 to_png_ms=642.6 close_ms=2.2 write_ms=26.1 warnings=0
1791110795169 VERIFY n=59 dims=Some((2560, 1600)) expect=2560x1600 own_files=2 PASS
1791110795269 PREV-BROWSER n=60 prev_n=59 pid=94460 alive=true
1791110795269 RENDER-START n=60
1791110795334 BROWSER-EXIT n=59 pid=94460 after_return_ms=165.4
1791110795911 RENDER-OK n=60 id=60 browser_pid=Some(111640) slot=B path=%TEMP%\fc-repro-leak-20261004-184551\localappdata\tw.fintools.fc-host\wallpaper\m-7ebe8f017cddc2d6-b.png wh=2560x1600 body=raw open_ms=274.6 page_ms=346.7 to_png_ms=621.3 close_ms=2.4 write_ms=17.7 warnings=0
1791110795911 VERIFY n=60 dims=Some((2560, 1600)) expect=2560x1600 own_files=2 PASS
1791110796011 PREV-BROWSER n=61 prev_n=60 pid=111640 alive=true
1791110796011 RENDER-START n=61
1791110796462 BROWSER-REUSED n=61 pid=111640
1791110796462 RENDER-OK n=61 id=61 browser_pid=Some(111640) slot=A path=%TEMP%\fc-repro-leak-20261004-184551\localappdata\tw.fintools.fc-host\wallpaper\m-7ebe8f017cddc2d6-a.png wh=2560x1600 body=raw open_ms=95.7 page_ms=335.6 to_png_ms=431.3 close_ms=2.4 write_ms=16.3 warnings=0
1791110796462 VERIFY n=61 dims=Some((2560, 1600)) expect=2560x1600 own_files=2 PASS
1791110796562 PREV-BROWSER n=62 prev_n=61 pid=111640 alive=true
1791110796562 RENDER-START n=62
1791110797005 BROWSER-REUSED n=62 pid=111640
1791110797005 RENDER-OK n=62 id=62 browser_pid=Some(111640) slot=B path=%TEMP%\fc-repro-leak-20261004-184551\localappdata\tw.fintools.fc-host\wallpaper\m-7ebe8f017cddc2d6-b.png wh=2560x1600 body=raw open_ms=88.7 page_ms=335.2 to_png_ms=423.9 close_ms=2.4 write_ms=16.4 warnings=0
1791110797005 VERIFY n=62 dims=Some((2560, 1600)) expect=2560x1600 own_files=2 PASS
1791110797105 PREV-BROWSER n=63 prev_n=62 pid=111640 alive=true
1791110797105 RENDER-START n=63
1791110797189 BROWSER-EXIT n=60 pid=111640 after_return_ms=1278.1
1791110797189 BROWSER-EXIT n=62 pid=111640 after_return_ms=184.3
1791110797189 BROWSER-EXIT n=61 pid=111640 after_return_ms=727.4
1791110797783 RENDER-OK n=63 id=63 browser_pid=Some(4520) slot=A path=%TEMP%\fc-repro-leak-20261004-184551\localappdata\tw.fintools.fc-host\wallpaper\m-7ebe8f017cddc2d6-a.png wh=2560x1600 body=raw open_ms=305.0 page_ms=354.6 to_png_ms=659.7 close_ms=2.3 write_ms=15.7 warnings=0
1791110797783 VERIFY n=63 dims=Some((2560, 1600)) expect=2560x1600 own_files=2 PASS
1791110797883 PREV-BROWSER n=64 prev_n=63 pid=4520 alive=true
1791110797883 RENDER-START n=64
1791110797953 BROWSER-EXIT n=63 pid=4520 after_return_ms=170.8
1791110798544 RENDER-OK n=64 id=64 browser_pid=Some(96564) slot=B path=%TEMP%\fc-repro-leak-20261004-184551\localappdata\tw.fintools.fc-host\wallpaper\m-7ebe8f017cddc2d6-b.png wh=2560x1600 body=raw open_ms=299.3 page_ms=341.5 to_png_ms=640.9 close_ms=2.3 write_ms=17.1 warnings=0
1791110798544 VERIFY n=64 dims=Some((2560, 1600)) expect=2560x1600 own_files=2 PASS
1791110798644 PREV-BROWSER n=65 prev_n=64 pid=96564 alive=true
1791110798644 RENDER-START n=65
1791110799070 BROWSER-REUSED n=65 pid=96564
1791110799070 RENDER-OK n=65 id=65 browser_pid=Some(96564) slot=A path=%TEMP%\fc-repro-leak-20261004-184551\localappdata\tw.fintools.fc-host\wallpaper\m-7ebe8f017cddc2d6-a.png wh=2560x1600 body=raw open_ms=90.8 page_ms=325.0 to_png_ms=415.8 close_ms=2.2 write_ms=8.1 warnings=0
1791110799070 VERIFY n=65 dims=Some((2560, 1600)) expect=2560x1600 own_files=2 PASS
1791110799170 PREV-BROWSER n=66 prev_n=65 pid=96564 alive=true
1791110799170 RENDER-START n=66
1791110799607 BROWSER-REUSED n=66 pid=96564
1791110799607 RENDER-OK n=66 id=66 browser_pid=Some(96564) slot=B path=%TEMP%\fc-repro-leak-20261004-184551\localappdata\tw.fintools.fc-host\wallpaper\m-7ebe8f017cddc2d6-b.png wh=2560x1600 body=raw open_ms=89.8 page_ms=326.8 to_png_ms=416.6 close_ms=2.4 write_ms=17.2 warnings=0
1791110799607 VERIFY n=66 dims=Some((2560, 1600)) expect=2560x1600 own_files=2 PASS
1791110799708 PREV-BROWSER n=67 prev_n=66 pid=96564 alive=true
1791110799708 RENDER-START n=67
1791110799790 BROWSER-EXIT n=65 pid=96564 after_return_ms=719.4
1791110799790 BROWSER-EXIT n=64 pid=96564 after_return_ms=1245.8
1791110799790 BROWSER-EXIT n=66 pid=96564 after_return_ms=182.6
1791110800370 RENDER-OK n=67 id=67 browser_pid=Some(102776) slot=A path=%TEMP%\fc-repro-leak-20261004-184551\localappdata\tw.fintools.fc-host\wallpaper\m-7ebe8f017cddc2d6-a.png wh=2560x1600 body=raw open_ms=299.4 page_ms=345.2 to_png_ms=644.6 close_ms=2.5 write_ms=15.6 warnings=0
1791110800371 VERIFY n=67 dims=Some((2560, 1600)) expect=2560x1600 own_files=2 PASS
1791110800471 PREV-BROWSER n=68 prev_n=67 pid=102776 alive=true
1791110800471 RENDER-START n=68
1791110800912 BROWSER-REUSED n=68 pid=102776
1791110800912 RENDER-OK n=68 id=68 browser_pid=Some(102776) slot=B path=%TEMP%\fc-repro-leak-20261004-184551\localappdata\tw.fintools.fc-host\wallpaper\m-7ebe8f017cddc2d6-b.png wh=2560x1600 body=raw open_ms=99.3 page_ms=322.9 to_png_ms=422.2 close_ms=2.5 write_ms=16.5 warnings=0
1791110800912 VERIFY n=68 dims=Some((2560, 1600)) expect=2560x1600 own_files=2 PASS
1791110801013 PREV-BROWSER n=69 prev_n=68 pid=102776 alive=true
1791110801013 RENDER-START n=69
1791110801465 BROWSER-REUSED n=69 pid=102776
1791110801465 RENDER-OK n=69 id=69 browser_pid=Some(102776) slot=A path=%TEMP%\fc-repro-leak-20261004-184551\localappdata\tw.fintools.fc-host\wallpaper\m-7ebe8f017cddc2d6-a.png wh=2560x1600 body=raw open_ms=96.9 page_ms=335.5 to_png_ms=432.4 close_ms=2.5 write_ms=17.1 warnings=0
1791110801466 VERIFY n=69 dims=Some((2560, 1600)) expect=2560x1600 own_files=2 PASS
1791110801565 PREV-BROWSER n=70 prev_n=69 pid=102776 alive=true
1791110801565 RENDER-START n=70
1791110802017 BROWSER-REUSED n=70 pid=102776
1791110802017 RENDER-OK n=70 id=70 browser_pid=Some(102776) slot=B path=%TEMP%\fc-repro-leak-20261004-184551\localappdata\tw.fintools.fc-host\wallpaper\m-7ebe8f017cddc2d6-b.png wh=2560x1600 body=raw open_ms=88.7 page_ms=344.2 to_png_ms=432.9 close_ms=2.5 write_ms=16.4 warnings=0
1791110802018 VERIFY n=70 dims=Some((2560, 1600)) expect=2560x1600 own_files=2 PASS
1791110802118 PREV-BROWSER n=71 prev_n=70 pid=102776 alive=true
1791110802118 RENDER-START n=71
1791110802546 BROWSER-REUSED n=71 pid=102776
1791110802546 RENDER-OK n=71 id=71 browser_pid=Some(102776) slot=A path=%TEMP%\fc-repro-leak-20261004-184551\localappdata\tw.fintools.fc-host\wallpaper\m-7ebe8f017cddc2d6-a.png wh=2560x1600 body=raw open_ms=92.1 page_ms=324.7 to_png_ms=416.7 close_ms=2.2 write_ms=8.8 warnings=0
1791110802546 VERIFY n=71 dims=Some((2560, 1600)) expect=2560x1600 own_files=2 PASS
1791110802646 PREV-BROWSER n=72 prev_n=71 pid=102776 alive=true
1791110802646 RENDER-START n=72
1791110803085 BROWSER-REUSED n=72 pid=102776
1791110803085 RENDER-OK n=72 id=72 browser_pid=Some(102776) slot=B path=%TEMP%\fc-repro-leak-20261004-184551\localappdata\tw.fintools.fc-host\wallpaper\m-7ebe8f017cddc2d6-b.png wh=2560x1600 body=raw open_ms=100.3 page_ms=326.2 to_png_ms=426.4 close_ms=2.6 write_ms=9.6 warnings=0
1791110803085 VERIFY n=72 dims=Some((2560, 1600)) expect=2560x1600 own_files=2 PASS
1791110803185 PREV-BROWSER n=73 prev_n=72 pid=102776 alive=true
1791110803185 RENDER-START n=73
1791110803629 BROWSER-REUSED n=73 pid=102776
1791110803629 RENDER-OK n=73 id=73 browser_pid=Some(102776) slot=A path=%TEMP%\fc-repro-leak-20261004-184551\localappdata\tw.fintools.fc-host\wallpaper\m-7ebe8f017cddc2d6-a.png wh=2560x1600 body=raw open_ms=96.7 page_ms=328.6 to_png_ms=425.3 close_ms=2.3 write_ms=15.9 warnings=0
1791110803629 VERIFY n=73 dims=Some((2560, 1600)) expect=2560x1600 own_files=2 PASS
1791110803729 PREV-BROWSER n=74 prev_n=73 pid=102776 alive=true
1791110803730 RENDER-START n=74
1791110804182 BROWSER-REUSED n=74 pid=102776
1791110804182 RENDER-OK n=74 id=74 browser_pid=Some(102776) slot=B path=%TEMP%\fc-repro-leak-20261004-184551\localappdata\tw.fintools.fc-host\wallpaper\m-7ebe8f017cddc2d6-b.png wh=2560x1600 body=raw open_ms=102.7 page_ms=331.5 to_png_ms=434.2 close_ms=2.4 write_ms=15.3 warnings=0
1791110804182 VERIFY n=74 dims=Some((2560, 1600)) expect=2560x1600 own_files=2 PASS
1791110804282 PREV-BROWSER n=75 prev_n=74 pid=102776 alive=true
1791110804282 RENDER-START n=75
1791110804725 BROWSER-REUSED n=75 pid=102776
1791110804725 RENDER-OK n=75 id=75 browser_pid=Some(102776) slot=A path=%TEMP%\fc-repro-leak-20261004-184551\localappdata\tw.fintools.fc-host\wallpaper\m-7ebe8f017cddc2d6-a.png wh=2560x1600 body=raw open_ms=98.9 page_ms=324.6 to_png_ms=423.6 close_ms=2.2 write_ms=16.5 warnings=0
1791110804725 VERIFY n=75 dims=Some((2560, 1600)) expect=2560x1600 own_files=2 PASS
1791110804825 PREV-BROWSER n=76 prev_n=75 pid=102776 alive=true
1791110804825 RENDER-START n=76
1791110804919 BROWSER-EXIT n=75 pid=102776 after_return_ms=194.4
1791110804919 BROWSER-EXIT n=74 pid=102776 after_return_ms=737.3
1791110804919 BROWSER-EXIT n=69 pid=102776 after_return_ms=3453.8
1791110804919 BROWSER-EXIT n=70 pid=102776 after_return_ms=2901.5
1791110804919 BROWSER-EXIT n=71 pid=102776 after_return_ms=2373.1
1791110804919 BROWSER-EXIT n=68 pid=102776 after_return_ms=4006.7
1791110804919 BROWSER-EXIT n=73 pid=102776 after_return_ms=1289.9
1791110804919 BROWSER-EXIT n=67 pid=102776 after_return_ms=4548.5
1791110804919 BROWSER-EXIT n=72 pid=102776 after_return_ms=1834.1
1791110805489 RENDER-OK n=76 id=76 browser_pid=Some(84292) slot=B path=%TEMP%\fc-repro-leak-20261004-184551\localappdata\tw.fintools.fc-host\wallpaper\m-7ebe8f017cddc2d6-b.png wh=2560x1600 body=raw open_ms=306.7 page_ms=339.6 to_png_ms=646.3 close_ms=2.2 write_ms=15.5 warnings=0
1791110805490 VERIFY n=76 dims=Some((2560, 1600)) expect=2560x1600 own_files=2 PASS
1791110805590 PREV-BROWSER n=77 prev_n=76 pid=84292 alive=true
1791110805590 RENDER-START n=77
1791110805656 BROWSER-EXIT n=76 pid=84292 after_return_ms=167.2
1791110806239 RENDER-OK n=77 id=77 browser_pid=Some(95400) slot=A path=%TEMP%\fc-repro-leak-20261004-184551\localappdata\tw.fintools.fc-host\wallpaper\m-7ebe8f017cddc2d6-a.png wh=2560x1600 body=raw open_ms=283.5 page_ms=346.6 to_png_ms=630.0 close_ms=2.2 write_ms=16.5 warnings=0
1791110806239 VERIFY n=77 dims=Some((2560, 1600)) expect=2560x1600 own_files=2 PASS
1791110806339 PREV-BROWSER n=78 prev_n=77 pid=95400 alive=true
1791110806339 RENDER-START n=78
1791110806775 BROWSER-REUSED n=78 pid=95400
1791110806775 RENDER-OK n=78 id=78 browser_pid=Some(95400) slot=B path=%TEMP%\fc-repro-leak-20261004-184551\localappdata\tw.fintools.fc-host\wallpaper\m-7ebe8f017cddc2d6-b.png wh=2560x1600 body=raw open_ms=93.4 page_ms=324.4 to_png_ms=417.8 close_ms=2.4 write_ms=15.6 warnings=0
1791110806775 VERIFY n=78 dims=Some((2560, 1600)) expect=2560x1600 own_files=2 PASS
1791110806875 PREV-BROWSER n=79 prev_n=78 pid=95400 alive=true
1791110806875 RENDER-START n=79
1791110807315 BROWSER-REUSED n=79 pid=95400
1791110807315 RENDER-OK n=79 id=79 browser_pid=Some(95400) slot=A path=%TEMP%\fc-repro-leak-20261004-184551\localappdata\tw.fintools.fc-host\wallpaper\m-7ebe8f017cddc2d6-a.png wh=2560x1600 body=raw open_ms=95.1 page_ms=325.8 to_png_ms=421.0 close_ms=2.4 write_ms=16.6 warnings=0
1791110807315 VERIFY n=79 dims=Some((2560, 1600)) expect=2560x1600 own_files=2 PASS
1791110807415 PREV-BROWSER n=80 prev_n=79 pid=95400 alive=true
1791110807415 RENDER-START n=80
1791110807849 BROWSER-REUSED n=80 pid=95400
1791110807849 RENDER-OK n=80 id=80 browser_pid=Some(95400) slot=B path=%TEMP%\fc-repro-leak-20261004-184551\localappdata\tw.fintools.fc-host\wallpaper\m-7ebe8f017cddc2d6-b.png wh=2560x1600 body=raw open_ms=95.9 page_ms=318.8 to_png_ms=414.6 close_ms=2.4 write_ms=17.0 warnings=0
1791110807849 VERIFY n=80 dims=Some((2560, 1600)) expect=2560x1600 own_files=2 PASS
1791110807950 PREV-BROWSER n=81 prev_n=80 pid=95400 alive=true
1791110807950 RENDER-START n=81
1791110808032 BROWSER-EXIT n=78 pid=95400 after_return_ms=1257.5
1791110808032 BROWSER-EXIT n=77 pid=95400 after_return_ms=1793.7
1791110808032 BROWSER-EXIT n=80 pid=95400 after_return_ms=182.9
1791110808032 BROWSER-EXIT n=79 pid=95400 after_return_ms=717.3
1791110808648 RENDER-OK n=81 id=81 browser_pid=Some(13788) slot=A path=%TEMP%\fc-repro-leak-20261004-184551\localappdata\tw.fintools.fc-host\wallpaper\m-7ebe8f017cddc2d6-a.png wh=2560x1600 body=raw open_ms=338.0 page_ms=341.7 to_png_ms=679.7 close_ms=2.5 write_ms=16.0 warnings=0
1791110808648 VERIFY n=81 dims=Some((2560, 1600)) expect=2560x1600 own_files=2 PASS
1791110808748 PREV-BROWSER n=82 prev_n=81 pid=13788 alive=true
1791110808748 RENDER-START n=82
1791110809176 BROWSER-REUSED n=82 pid=13788
1791110809176 RENDER-OK n=82 id=82 browser_pid=Some(13788) slot=B path=%TEMP%\fc-repro-leak-20261004-184551\localappdata\tw.fintools.fc-host\wallpaper\m-7ebe8f017cddc2d6-b.png wh=2560x1600 body=raw open_ms=93.0 page_ms=323.9 to_png_ms=416.9 close_ms=2.2 write_ms=8.4 warnings=0
1791110809176 VERIFY n=82 dims=Some((2560, 1600)) expect=2560x1600 own_files=2 PASS
1791110809276 PREV-BROWSER n=83 prev_n=82 pid=13788 alive=true
1791110809276 RENDER-START n=83
1791110809713 BROWSER-REUSED n=83 pid=13788
1791110809713 RENDER-OK n=83 id=83 browser_pid=Some(13788) slot=A path=%TEMP%\fc-repro-leak-20261004-184551\localappdata\tw.fintools.fc-host\wallpaper\m-7ebe8f017cddc2d6-a.png wh=2560x1600 body=raw open_ms=93.6 page_ms=324.7 to_png_ms=418.3 close_ms=2.2 write_ms=16.2 warnings=0
1791110809713 VERIFY n=83 dims=Some((2560, 1600)) expect=2560x1600 own_files=2 PASS
1791110809813 PREV-BROWSER n=84 prev_n=83 pid=13788 alive=true
1791110809813 RENDER-START n=84
1791110809890 BROWSER-EXIT n=81 pid=13788 after_return_ms=1242.2
1791110809890 BROWSER-EXIT n=82 pid=13788 after_return_ms=714.3
1791110809890 BROWSER-EXIT n=83 pid=13788 after_return_ms=177.2
1791110810463 RENDER-OK n=84 id=84 browser_pid=Some(111048) slot=B path=%TEMP%\fc-repro-leak-20261004-184551\localappdata\tw.fintools.fc-host\wallpaper\m-7ebe8f017cddc2d6-b.png wh=2560x1600 body=raw open_ms=292.9 page_ms=338.6 to_png_ms=631.5 close_ms=2.2 write_ms=16.1 warnings=0
1791110810464 VERIFY n=84 dims=Some((2560, 1600)) expect=2560x1600 own_files=2 PASS
1791110810564 PREV-BROWSER n=85 prev_n=84 pid=111048 alive=true
1791110810564 RENDER-START n=85
1791110810633 BROWSER-EXIT n=84 pid=111048 after_return_ms=169.3
1791110811194 RENDER-OK n=85 id=85 browser_pid=Some(110876) slot=A path=%TEMP%\fc-repro-leak-20261004-184551\localappdata\tw.fintools.fc-host\wallpaper\m-7ebe8f017cddc2d6-a.png wh=2560x1600 body=raw open_ms=276.7 page_ms=341.7 to_png_ms=618.4 close_ms=2.6 write_ms=8.9 warnings=0
1791110811194 VERIFY n=85 dims=Some((2560, 1600)) expect=2560x1600 own_files=2 PASS
1791110811294 PREV-BROWSER n=86 prev_n=85 pid=110876 alive=true
1791110811295 RENDER-START n=86
1791110811720 BROWSER-REUSED n=86 pid=110876
1791110811720 RENDER-OK n=86 id=86 browser_pid=Some(110876) slot=B path=%TEMP%\fc-repro-leak-20261004-184551\localappdata\tw.fintools.fc-host\wallpaper\m-7ebe8f017cddc2d6-b.png wh=2560x1600 body=raw open_ms=95.7 page_ms=317.7 to_png_ms=413.4 close_ms=2.3 write_ms=9.9 warnings=0
1791110811721 VERIFY n=86 dims=Some((2560, 1600)) expect=2560x1600 own_files=2 PASS
1791110811821 PREV-BROWSER n=87 prev_n=86 pid=110876 alive=true
1791110811821 RENDER-START n=87
1791110812260 BROWSER-REUSED n=87 pid=110876
1791110812261 RENDER-OK n=87 id=87 browser_pid=Some(110876) slot=A path=%TEMP%\fc-repro-leak-20261004-184551\localappdata\tw.fintools.fc-host\wallpaper\m-7ebe8f017cddc2d6-a.png wh=2560x1600 body=raw open_ms=94.1 page_ms=326.6 to_png_ms=420.7 close_ms=2.7 write_ms=16.1 warnings=0
1791110812261 VERIFY n=87 dims=Some((2560, 1600)) expect=2560x1600 own_files=2 PASS
1791110812361 PREV-BROWSER n=88 prev_n=87 pid=110876 alive=true
1791110812361 RENDER-START n=88
1791110812432 BROWSER-EXIT n=87 pid=110876 after_return_ms=171.9
1791110812432 BROWSER-EXIT n=85 pid=110876 after_return_ms=1238.3
1791110812432 BROWSER-EXIT n=86 pid=110876 after_return_ms=712.0
1791110812998 RENDER-OK n=88 id=88 browser_pid=Some(71016) slot=B path=%TEMP%\fc-repro-leak-20261004-184551\localappdata\tw.fintools.fc-host\wallpaper\m-7ebe8f017cddc2d6-b.png wh=2560x1600 body=raw open_ms=274.4 page_ms=342.3 to_png_ms=616.7 close_ms=2.1 write_ms=18.0 warnings=0
1791110812998 VERIFY n=88 dims=Some((2560, 1600)) expect=2560x1600 own_files=2 PASS
1791110813098 PREV-BROWSER n=89 prev_n=88 pid=71016 alive=true
1791110813098 RENDER-START n=89
1791110813166 BROWSER-EXIT n=88 pid=71016 after_return_ms=167.7
1791110813746 RENDER-OK n=89 id=89 browser_pid=Some(106168) slot=A path=%TEMP%\fc-repro-leak-20261004-184551\localappdata\tw.fintools.fc-host\wallpaper\m-7ebe8f017cddc2d6-a.png wh=2560x1600 body=raw open_ms=286.9 page_ms=342.0 to_png_ms=628.9 close_ms=2.4 write_ms=16.7 warnings=0
1791110813747 VERIFY n=89 dims=Some((2560, 1600)) expect=2560x1600 own_files=2 PASS
1791110813847 PREV-BROWSER n=90 prev_n=89 pid=106168 alive=true
1791110813847 RENDER-START n=90
1791110813912 BROWSER-EXIT n=89 pid=106168 after_return_ms=166.0
1791110814473 RENDER-OK n=90 id=90 browser_pid=Some(59352) slot=B path=%TEMP%\fc-repro-leak-20261004-184551\localappdata\tw.fintools.fc-host\wallpaper\m-7ebe8f017cddc2d6-b.png wh=2560x1600 body=raw open_ms=270.1 page_ms=344.8 to_png_ms=614.9 close_ms=2.4 write_ms=8.5 warnings=0
1791110814473 VERIFY n=90 dims=Some((2560, 1600)) expect=2560x1600 own_files=2 PASS
1791110814573 PREV-BROWSER n=91 prev_n=90 pid=59352 alive=true
1791110814573 RENDER-START n=91
1791110815003 BROWSER-REUSED n=91 pid=59352
1791110815003 RENDER-OK n=91 id=91 browser_pid=Some(59352) slot=A path=%TEMP%\fc-repro-leak-20261004-184551\localappdata\tw.fintools.fc-host\wallpaper\m-7ebe8f017cddc2d6-a.png wh=2560x1600 body=raw open_ms=95.5 page_ms=322.9 to_png_ms=418.4 close_ms=2.3 write_ms=8.9 warnings=0
1791110815003 VERIFY n=91 dims=Some((2560, 1600)) expect=2560x1600 own_files=2 PASS
1791110815103 PREV-BROWSER n=92 prev_n=91 pid=59352 alive=true
1791110815103 RENDER-START n=92
1791110815558 BROWSER-REUSED n=92 pid=59352
1791110815558 RENDER-OK n=92 id=92 browser_pid=Some(59352) slot=B path=%TEMP%\fc-repro-leak-20261004-184551\localappdata\tw.fintools.fc-host\wallpaper\m-7ebe8f017cddc2d6-b.png wh=2560x1600 body=raw open_ms=98.0 page_ms=339.8 to_png_ms=437.7 close_ms=2.4 write_ms=14.8 warnings=0
1791110815558 VERIFY n=92 dims=Some((2560, 1600)) expect=2560x1600 own_files=2 PASS
1791110815659 PREV-BROWSER n=93 prev_n=92 pid=59352 alive=true
1791110815659 RENDER-START n=93
1791110816086 BROWSER-REUSED n=93 pid=59352
1791110816086 RENDER-OK n=93 id=93 browser_pid=Some(59352) slot=A path=%TEMP%\fc-repro-leak-20261004-184551\localappdata\tw.fintools.fc-host\wallpaper\m-7ebe8f017cddc2d6-a.png wh=2560x1600 body=raw open_ms=90.3 page_ms=319.5 to_png_ms=409.9 close_ms=2.3 write_ms=14.7 warnings=0
1791110816086 VERIFY n=93 dims=Some((2560, 1600)) expect=2560x1600 own_files=2 PASS
1791110816187 PREV-BROWSER n=94 prev_n=93 pid=59352 alive=true
1791110816187 RENDER-START n=94
1791110816633 BROWSER-REUSED n=94 pid=59352
1791110816633 RENDER-OK n=94 id=94 browser_pid=Some(59352) slot=B path=%TEMP%\fc-repro-leak-20261004-184551\localappdata\tw.fintools.fc-host\wallpaper\m-7ebe8f017cddc2d6-b.png wh=2560x1600 body=raw open_ms=97.3 page_ms=330.8 to_png_ms=428.0 close_ms=2.5 write_ms=15.9 warnings=0
1791110816634 VERIFY n=94 dims=Some((2560, 1600)) expect=2560x1600 own_files=2 PASS
1791110816734 PREV-BROWSER n=95 prev_n=94 pid=59352 alive=true
1791110816734 RENDER-START n=95
1791110817172 BROWSER-REUSED n=95 pid=59352
1791110817172 RENDER-OK n=95 id=95 browser_pid=Some(59352) slot=A path=%TEMP%\fc-repro-leak-20261004-184551\localappdata\tw.fintools.fc-host\wallpaper\m-7ebe8f017cddc2d6-a.png wh=2560x1600 body=raw open_ms=91.5 page_ms=336.3 to_png_ms=427.8 close_ms=2.5 write_ms=7.8 warnings=0
1791110817173 VERIFY n=95 dims=Some((2560, 1600)) expect=2560x1600 own_files=2 PASS
1791110817273 PREV-BROWSER n=96 prev_n=95 pid=59352 alive=true
1791110817273 RENDER-START n=96
1791110817707 BROWSER-REUSED n=96 pid=59352
1791110817707 RENDER-OK n=96 id=96 browser_pid=Some(59352) slot=B path=%TEMP%\fc-repro-leak-20261004-184551\localappdata\tw.fintools.fc-host\wallpaper\m-7ebe8f017cddc2d6-b.png wh=2560x1600 body=raw open_ms=93.2 page_ms=322.3 to_png_ms=415.5 close_ms=2.3 write_ms=15.9 warnings=0
1791110817707 VERIFY n=96 dims=Some((2560, 1600)) expect=2560x1600 own_files=2 PASS
1791110817807 PREV-BROWSER n=97 prev_n=96 pid=59352 alive=true
1791110817807 RENDER-START n=97
1791110817895 BROWSER-EXIT n=94 pid=59352 after_return_ms=1262.1
1791110817896 BROWSER-EXIT n=96 pid=59352 after_return_ms=188.9
1791110817896 BROWSER-EXIT n=92 pid=59352 after_return_ms=2337.3
1791110817896 BROWSER-EXIT n=93 pid=59352 after_return_ms=1809.3
1791110817896 BROWSER-EXIT n=95 pid=59352 after_return_ms=723.2
1791110817896 BROWSER-EXIT n=91 pid=59352 after_return_ms=2892.8
1791110817896 BROWSER-EXIT n=90 pid=59352 after_return_ms=3422.8
1791110818466 RENDER-OK n=97 id=97 browser_pid=Some(88592) slot=A path=%TEMP%\fc-repro-leak-20261004-184551\localappdata\tw.fintools.fc-host\wallpaper\m-7ebe8f017cddc2d6-a.png wh=2560x1600 body=raw open_ms=293.4 page_ms=346.7 to_png_ms=640.0 close_ms=2.7 write_ms=16.0 warnings=0
1791110818466 VERIFY n=97 dims=Some((2560, 1600)) expect=2560x1600 own_files=2 PASS
1791110818567 PREV-BROWSER n=98 prev_n=97 pid=88592 alive=true
1791110818567 RENDER-START n=98
1791110819007 BROWSER-REUSED n=98 pid=88592
1791110819007 RENDER-OK n=98 id=98 browser_pid=Some(88592) slot=B path=%TEMP%\fc-repro-leak-20261004-184551\localappdata\tw.fintools.fc-host\wallpaper\m-7ebe8f017cddc2d6-b.png wh=2560x1600 body=raw open_ms=91.0 page_ms=331.4 to_png_ms=422.4 close_ms=2.1 write_ms=15.9 warnings=0
1791110819007 VERIFY n=98 dims=Some((2560, 1600)) expect=2560x1600 own_files=2 PASS
1791110819107 PREV-BROWSER n=99 prev_n=98 pid=88592 alive=true
1791110819107 RENDER-START n=99
1791110819536 BROWSER-REUSED n=99 pid=88592
1791110819536 RENDER-OK n=99 id=99 browser_pid=Some(88592) slot=A path=%TEMP%\fc-repro-leak-20261004-184551\localappdata\tw.fintools.fc-host\wallpaper\m-7ebe8f017cddc2d6-a.png wh=2560x1600 body=raw open_ms=95.4 page_ms=321.0 to_png_ms=416.4 close_ms=2.2 write_ms=9.9 warnings=0
1791110819536 VERIFY n=99 dims=Some((2560, 1600)) expect=2560x1600 own_files=2 PASS
1791110819636 PREV-BROWSER n=100 prev_n=99 pid=88592 alive=true
1791110819636 RENDER-START n=100
1791110821088 BROWSER-REUSED n=100 pid=88592
1791110821088 RENDER-OK n=100 id=100 browser_pid=Some(88592) slot=B path=%TEMP%\fc-repro-leak-20261004-184551\localappdata\tw.fintools.fc-host\wallpaper\m-7ebe8f017cddc2d6-b.png wh=2560x1600 body=raw open_ms=95.3 page_ms=1337.1 to_png_ms=1432.4 close_ms=2.9 write_ms=16.2 warnings=0
1791110821088 VERIFY n=100 dims=Some((2560, 1600)) expect=2560x1600 own_files=2 PASS
1791110821188 PREV-BROWSER n=101 prev_n=100 pid=88592 alive=true
1791110821188 RENDER-START n=101
1791110821622 BROWSER-REUSED n=101 pid=88592
1791110821622 RENDER-OK n=101 id=101 browser_pid=Some(88592) slot=A path=%TEMP%\fc-repro-leak-20261004-184551\localappdata\tw.fintools.fc-host\wallpaper\m-7ebe8f017cddc2d6-a.png wh=2560x1600 body=raw open_ms=96.6 page_ms=326.2 to_png_ms=422.8 close_ms=2.3 write_ms=8.5 warnings=0
1791110821622 VERIFY n=101 dims=Some((2560, 1600)) expect=2560x1600 own_files=2 PASS
1791110821723 PREV-BROWSER n=102 prev_n=101 pid=88592 alive=true
1791110821723 RENDER-START n=102
1791110822162 BROWSER-REUSED n=102 pid=88592
1791110822162 RENDER-OK n=102 id=102 browser_pid=Some(88592) slot=B path=%TEMP%\fc-repro-leak-20261004-184551\localappdata\tw.fintools.fc-host\wallpaper\m-7ebe8f017cddc2d6-b.png wh=2560x1600 body=raw open_ms=95.0 page_ms=326.5 to_png_ms=421.5 close_ms=2.4 write_ms=15.5 warnings=0
1791110822163 VERIFY n=102 dims=Some((2560, 1600)) expect=2560x1600 own_files=2 PASS
1791110822263 PREV-BROWSER n=103 prev_n=102 pid=88592 alive=true
1791110822263 RENDER-START n=103
1791110822699 BROWSER-REUSED n=103 pid=88592
1791110822699 RENDER-OK n=103 id=103 browser_pid=Some(88592) slot=A path=%TEMP%\fc-repro-leak-20261004-184551\localappdata\tw.fintools.fc-host\wallpaper\m-7ebe8f017cddc2d6-a.png wh=2560x1600 body=raw open_ms=91.1 page_ms=325.5 to_png_ms=416.6 close_ms=2.5 write_ms=16.7 warnings=0
1791110822699 VERIFY n=103 dims=Some((2560, 1600)) expect=2560x1600 own_files=2 PASS
1791110822799 PREV-BROWSER n=104 prev_n=103 pid=88592 alive=true
1791110822799 RENDER-START n=104
1791110823243 BROWSER-REUSED n=104 pid=88592
1791110823244 RENDER-OK n=104 id=104 browser_pid=Some(88592) slot=B path=%TEMP%\fc-repro-leak-20261004-184551\localappdata\tw.fintools.fc-host\wallpaper\m-7ebe8f017cddc2d6-b.png wh=2560x1600 body=raw open_ms=93.2 page_ms=332.3 to_png_ms=425.4 close_ms=2.2 write_ms=16.7 warnings=0
1791110823244 VERIFY n=104 dims=Some((2560, 1600)) expect=2560x1600 own_files=2 PASS
1791110823344 PREV-BROWSER n=105 prev_n=104 pid=88592 alive=true
1791110823344 RENDER-START n=105
1791110823433 BROWSER-EXIT n=104 pid=88592 after_return_ms=190.0
1791110823434 BROWSER-EXIT n=103 pid=88592 after_return_ms=734.8
1791110823434 BROWSER-EXIT n=102 pid=88592 after_return_ms=1271.1
1791110823434 BROWSER-EXIT n=97 pid=88592 after_return_ms=4967.4
1791110823434 BROWSER-EXIT n=98 pid=88592 after_return_ms=4426.3
1791110823434 BROWSER-EXIT n=99 pid=88592 after_return_ms=3897.5
1791110823434 BROWSER-EXIT n=100 pid=88592 after_return_ms=2345.3
1791110823434 BROWSER-EXIT n=101 pid=88592 after_return_ms=1811.3
1791110824014 RENDER-OK n=105 id=105 browser_pid=Some(102032) slot=A path=%TEMP%\fc-repro-leak-20261004-184551\localappdata\tw.fintools.fc-host\wallpaper\m-7ebe8f017cddc2d6-a.png wh=2560x1600 body=raw open_ms=303.1 page_ms=348.1 to_png_ms=651.2 close_ms=2.3 write_ms=16.6 warnings=0
1791110824014 VERIFY n=105 dims=Some((2560, 1600)) expect=2560x1600 own_files=2 PASS
1791110824114 PREV-BROWSER n=106 prev_n=105 pid=102032 alive=true
1791110824114 RENDER-START n=106
1791110824549 BROWSER-REUSED n=106 pid=102032
1791110824549 RENDER-OK n=106 id=106 browser_pid=Some(102032) slot=B path=%TEMP%\fc-repro-leak-20261004-184551\localappdata\tw.fintools.fc-host\wallpaper\m-7ebe8f017cddc2d6-b.png wh=2560x1600 body=raw open_ms=88.5 page_ms=334.9 to_png_ms=423.3 close_ms=2.2 write_ms=9.0 warnings=0
1791110824549 VERIFY n=106 dims=Some((2560, 1600)) expect=2560x1600 own_files=2 PASS
1791110824649 PREV-BROWSER n=107 prev_n=106 pid=102032 alive=true
1791110824649 RENDER-START n=107
1791110825095 BROWSER-REUSED n=107 pid=102032
1791110825095 RENDER-OK n=107 id=107 browser_pid=Some(102032) slot=A path=%TEMP%\fc-repro-leak-20261004-184551\localappdata\tw.fintools.fc-host\wallpaper\m-7ebe8f017cddc2d6-a.png wh=2560x1600 body=raw open_ms=94.5 page_ms=332.7 to_png_ms=427.2 close_ms=2.2 write_ms=16.3 warnings=0
1791110825095 VERIFY n=107 dims=Some((2560, 1600)) expect=2560x1600 own_files=2 PASS
1791110825195 PREV-BROWSER n=108 prev_n=107 pid=102032 alive=true
1791110825195 RENDER-START n=108
1791110825279 BROWSER-EXIT n=106 pid=102032 after_return_ms=730.6
1791110825279 BROWSER-EXIT n=107 pid=102032 after_return_ms=184.6
1791110825279 BROWSER-EXIT n=105 pid=102032 after_return_ms=1265.5
1791110825860 RENDER-OK n=108 id=108 browser_pid=Some(53992) slot=B path=%TEMP%\fc-repro-leak-20261004-184551\localappdata\tw.fintools.fc-host\wallpaper\m-7ebe8f017cddc2d6-b.png wh=2560x1600 body=raw open_ms=299.2 page_ms=347.4 to_png_ms=646.6 close_ms=2.4 write_ms=16.2 warnings=0
1791110825861 VERIFY n=108 dims=Some((2560, 1600)) expect=2560x1600 own_files=2 PASS
1791110825961 PREV-BROWSER n=109 prev_n=108 pid=53992 alive=true
1791110825961 RENDER-START n=109
1791110826387 BROWSER-REUSED n=109 pid=53992
1791110826387 RENDER-OK n=109 id=109 browser_pid=Some(53992) slot=A path=%TEMP%\fc-repro-leak-20261004-184551\localappdata\tw.fintools.fc-host\wallpaper\m-7ebe8f017cddc2d6-a.png wh=2560x1600 body=raw open_ms=90.2 page_ms=323.5 to_png_ms=413.6 close_ms=2.3 write_ms=10.4 warnings=0
1791110826387 VERIFY n=109 dims=Some((2560, 1600)) expect=2560x1600 own_files=2 PASS
1791110826487 PREV-BROWSER n=110 prev_n=109 pid=53992 alive=true
1791110826487 RENDER-START n=110
1791110826925 BROWSER-REUSED n=110 pid=53992
1791110826926 RENDER-OK n=110 id=110 browser_pid=Some(53992) slot=B path=%TEMP%\fc-repro-leak-20261004-184551\localappdata\tw.fintools.fc-host\wallpaper\m-7ebe8f017cddc2d6-b.png wh=2560x1600 body=raw open_ms=93.3 page_ms=327.0 to_png_ms=420.3 close_ms=2.2 write_ms=15.2 warnings=0
1791110826926 VERIFY n=110 dims=Some((2560, 1600)) expect=2560x1600 own_files=2 PASS
1791110827026 PREV-BROWSER n=111 prev_n=110 pid=53992 alive=true
1791110827026 RENDER-START n=111
1791110827104 BROWSER-EXIT n=109 pid=53992 after_return_ms=716.9
1791110827104 BROWSER-EXIT n=108 pid=53992 after_return_ms=1243.8
1791110827104 BROWSER-EXIT n=110 pid=53992 after_return_ms=178.6
1791110827682 RENDER-OK n=111 id=111 browser_pid=Some(59924) slot=A path=%TEMP%\fc-repro-leak-20261004-184551\localappdata\tw.fintools.fc-host\wallpaper\m-7ebe8f017cddc2d6-a.png wh=2560x1600 body=raw open_ms=295.6 page_ms=341.5 to_png_ms=637.2 close_ms=2.3 write_ms=16.3 warnings=0
1791110827682 VERIFY n=111 dims=Some((2560, 1600)) expect=2560x1600 own_files=2 PASS
1791110827782 PREV-BROWSER n=112 prev_n=111 pid=59924 alive=true
1791110827782 RENDER-START n=112
1791110828236 BROWSER-REUSED n=112 pid=59924
1791110828236 RENDER-OK n=112 id=112 browser_pid=Some(59924) slot=B path=%TEMP%\fc-repro-leak-20261004-184551\localappdata\tw.fintools.fc-host\wallpaper\m-7ebe8f017cddc2d6-b.png wh=2560x1600 body=raw open_ms=98.2 page_ms=336.6 to_png_ms=434.8 close_ms=2.3 write_ms=16.3 warnings=0
1791110828236 VERIFY n=112 dims=Some((2560, 1600)) expect=2560x1600 own_files=2 PASS
1791110828336 PREV-BROWSER n=113 prev_n=112 pid=59924 alive=true
1791110828336 RENDER-START n=113
1791110828408 BROWSER-EXIT n=112 pid=59924 after_return_ms=172.2
1791110828408 BROWSER-EXIT n=111 pid=59924 after_return_ms=726.1
1791110828994 RENDER-OK n=113 id=113 browser_pid=Some(100172) slot=A path=%TEMP%\fc-repro-leak-20261004-184551\localappdata\tw.fintools.fc-host\wallpaper\m-7ebe8f017cddc2d6-a.png wh=2560x1600 body=raw open_ms=289.6 page_ms=347.8 to_png_ms=637.3 close_ms=2.3 write_ms=17.5 warnings=0
1791110828994 VERIFY n=113 dims=Some((2560, 1600)) expect=2560x1600 own_files=2 PASS
1791110829094 PREV-BROWSER n=114 prev_n=113 pid=100172 alive=true
1791110829094 RENDER-START n=114
1791110829554 BROWSER-REUSED n=114 pid=100172
1791110829554 RENDER-OK n=114 id=114 browser_pid=Some(100172) slot=B path=%TEMP%\fc-repro-leak-20261004-184551\localappdata\tw.fintools.fc-host\wallpaper\m-7ebe8f017cddc2d6-b.png wh=2560x1600 body=raw open_ms=106.1 page_ms=343.2 to_png_ms=449.3 close_ms=2.2 write_ms=8.2 warnings=0
1791110829554 VERIFY n=114 dims=Some((2560, 1600)) expect=2560x1600 own_files=2 PASS
1791110829654 PREV-BROWSER n=115 prev_n=114 pid=100172 alive=true
1791110829655 RENDER-START n=115
1791110830102 BROWSER-REUSED n=115 pid=100172
1791110830102 RENDER-OK n=115 id=115 browser_pid=Some(100172) slot=A path=%TEMP%\fc-repro-leak-20261004-184551\localappdata\tw.fintools.fc-host\wallpaper\m-7ebe8f017cddc2d6-a.png wh=2560x1600 body=raw open_ms=97.7 page_ms=331.5 to_png_ms=429.2 close_ms=2.5 write_ms=15.9 warnings=0
1791110830103 VERIFY n=115 dims=Some((2560, 1600)) expect=2560x1600 own_files=2 PASS
1791110830202 PREV-BROWSER n=116 prev_n=115 pid=100172 alive=true
1791110830202 RENDER-START n=116
1791110830643 BROWSER-REUSED n=116 pid=100172
1791110830643 RENDER-OK n=116 id=116 browser_pid=Some(100172) slot=B path=%TEMP%\fc-repro-leak-20261004-184551\localappdata\tw.fintools.fc-host\wallpaper\m-7ebe8f017cddc2d6-b.png wh=2560x1600 body=raw open_ms=91.1 page_ms=329.5 to_png_ms=420.5 close_ms=2.8 write_ms=16.7 warnings=0
1791110830643 VERIFY n=116 dims=Some((2560, 1600)) expect=2560x1600 own_files=2 PASS
1791110830743 PREV-BROWSER n=117 prev_n=116 pid=100172 alive=true
1791110830743 RENDER-START n=117
1791110831179 BROWSER-REUSED n=117 pid=100172
1791110831179 RENDER-OK n=117 id=117 browser_pid=Some(100172) slot=A path=%TEMP%\fc-repro-leak-20261004-184551\localappdata\tw.fintools.fc-host\wallpaper\m-7ebe8f017cddc2d6-a.png wh=2560x1600 body=raw open_ms=99.9 page_ms=324.2 to_png_ms=424.1 close_ms=2.4 write_ms=9.1 warnings=0
1791110831179 VERIFY n=117 dims=Some((2560, 1600)) expect=2560x1600 own_files=2 PASS
1791110831279 PREV-BROWSER n=118 prev_n=117 pid=100172 alive=true
1791110831279 RENDER-START n=118
1791110831729 BROWSER-REUSED n=118 pid=100172
1791110831729 RENDER-OK n=118 id=118 browser_pid=Some(100172) slot=B path=%TEMP%\fc-repro-leak-20261004-184551\localappdata\tw.fintools.fc-host\wallpaper\m-7ebe8f017cddc2d6-b.png wh=2560x1600 body=raw open_ms=94.6 page_ms=335.4 to_png_ms=430.0 close_ms=2.4 write_ms=16.7 warnings=0
1791110831729 VERIFY n=118 dims=Some((2560, 1600)) expect=2560x1600 own_files=2 PASS
1791110831829 PREV-BROWSER n=119 prev_n=118 pid=100172 alive=true
1791110831829 RENDER-START n=119
1791110832274 BROWSER-REUSED n=119 pid=100172
1791110832274 RENDER-OK n=119 id=119 browser_pid=Some(100172) slot=A path=%TEMP%\fc-repro-leak-20261004-184551\localappdata\tw.fintools.fc-host\wallpaper\m-7ebe8f017cddc2d6-a.png wh=2560x1600 body=raw open_ms=95.2 page_ms=330.7 to_png_ms=425.9 close_ms=2.4 write_ms=16.3 warnings=0
1791110832274 VERIFY n=119 dims=Some((2560, 1600)) expect=2560x1600 own_files=2 PASS
1791110832374 PREV-BROWSER n=120 prev_n=119 pid=100172 alive=true
1791110832374 RENDER-START n=120
1791110832810 BROWSER-REUSED n=120 pid=100172
1791110832810 RENDER-OK n=120 id=120 browser_pid=Some(100172) slot=B path=%TEMP%\fc-repro-leak-20261004-184551\localappdata\tw.fintools.fc-host\wallpaper\m-7ebe8f017cddc2d6-b.png wh=2560x1600 body=raw open_ms=89.9 page_ms=328.3 to_png_ms=418.2 close_ms=2.2 write_ms=15.3 warnings=0
1791110832810 VERIFY n=120 dims=Some((2560, 1600)) expect=2560x1600 own_files=2 PASS
1791110832910 PREV-BROWSER n=121 prev_n=120 pid=100172 alive=true
1791110832910 RENDER-START n=121
1791110833347 BROWSER-REUSED n=121 pid=100172
1791110833347 RENDER-OK n=121 id=121 browser_pid=Some(100172) slot=A path=%TEMP%\fc-repro-leak-20261004-184551\localappdata\tw.fintools.fc-host\wallpaper\m-7ebe8f017cddc2d6-a.png wh=2560x1600 body=raw open_ms=95.4 page_ms=321.7 to_png_ms=417.1 close_ms=2.2 write_ms=17.0 warnings=0
1791110833347 VERIFY n=121 dims=Some((2560, 1600)) expect=2560x1600 own_files=2 PASS
1791110833447 PREV-BROWSER n=122 prev_n=121 pid=100172 alive=true
1791110833447 RENDER-START n=122
1791110833893 BROWSER-REUSED n=122 pid=100172
1791110833894 RENDER-OK n=122 id=122 browser_pid=Some(100172) slot=B path=%TEMP%\fc-repro-leak-20261004-184551\localappdata\tw.fintools.fc-host\wallpaper\m-7ebe8f017cddc2d6-b.png wh=2560x1600 body=raw open_ms=93.1 page_ms=341.7 to_png_ms=434.8 close_ms=2.4 write_ms=9.1 warnings=0
1791110833894 VERIFY n=122 dims=Some((2560, 1600)) expect=2560x1600 own_files=2 PASS
1791110833994 PREV-BROWSER n=123 prev_n=122 pid=100172 alive=true
1791110833994 RENDER-START n=123
1791110834445 BROWSER-REUSED n=123 pid=100172
1791110834445 RENDER-OK n=123 id=123 browser_pid=Some(100172) slot=A path=%TEMP%\fc-repro-leak-20261004-184551\localappdata\tw.fintools.fc-host\wallpaper\m-7ebe8f017cddc2d6-a.png wh=2560x1600 body=raw open_ms=107.3 page_ms=325.6 to_png_ms=432.9 close_ms=2.4 write_ms=15.8 warnings=0
1791110834446 VERIFY n=123 dims=Some((2560, 1600)) expect=2560x1600 own_files=2 PASS
1791110834546 PREV-BROWSER n=124 prev_n=123 pid=100172 alive=true
1791110834546 RENDER-START n=124
1791110835004 BROWSER-REUSED n=124 pid=100172
1791110835004 RENDER-OK n=124 id=124 browser_pid=Some(100172) slot=B path=%TEMP%\fc-repro-leak-20261004-184551\localappdata\tw.fintools.fc-host\wallpaper\m-7ebe8f017cddc2d6-b.png wh=2560x1600 body=raw open_ms=114.8 page_ms=324.8 to_png_ms=439.5 close_ms=2.4 write_ms=16.1 warnings=0
1791110835004 VERIFY n=124 dims=Some((2560, 1600)) expect=2560x1600 own_files=2 PASS
1791110835104 PREV-BROWSER n=125 prev_n=124 pid=100172 alive=true
1791110835105 RENDER-START n=125
1791110835542 BROWSER-REUSED n=125 pid=100172
1791110835542 RENDER-OK n=125 id=125 browser_pid=Some(100172) slot=A path=%TEMP%\fc-repro-leak-20261004-184551\localappdata\tw.fintools.fc-host\wallpaper\m-7ebe8f017cddc2d6-a.png wh=2560x1600 body=raw open_ms=93.5 page_ms=330.4 to_png_ms=423.9 close_ms=2.4 write_ms=10.7 warnings=0
1791110835542 VERIFY n=125 dims=Some((2560, 1600)) expect=2560x1600 own_files=2 PASS
1791110835642 PREV-BROWSER n=126 prev_n=125 pid=100172 alive=true
1791110835642 RENDER-START n=126
1791110836119 BROWSER-REUSED n=126 pid=100172
1791110836119 RENDER-OK n=126 id=126 browser_pid=Some(100172) slot=B path=%TEMP%\fc-repro-leak-20261004-184551\localappdata\tw.fintools.fc-host\wallpaper\m-7ebe8f017cddc2d6-b.png wh=2560x1600 body=raw open_ms=110.6 page_ms=349.0 to_png_ms=459.5 close_ms=2.3 write_ms=15.3 warnings=0
1791110836120 VERIFY n=126 dims=Some((2560, 1600)) expect=2560x1600 own_files=2 PASS
1791110836220 PREV-BROWSER n=127 prev_n=126 pid=100172 alive=true
1791110836220 RENDER-START n=127
1791110836731 BROWSER-REUSED n=127 pid=100172
1791110836731 RENDER-OK n=127 id=127 browser_pid=Some(100172) slot=A path=%TEMP%\fc-repro-leak-20261004-184551\localappdata\tw.fintools.fc-host\wallpaper\m-7ebe8f017cddc2d6-a.png wh=2560x1600 body=raw open_ms=162.5 page_ms=330.3 to_png_ms=492.8 close_ms=2.4 write_ms=15.9 warnings=0
1791110836731 VERIFY n=127 dims=Some((2560, 1600)) expect=2560x1600 own_files=2 PASS
1791110836831 PREV-BROWSER n=128 prev_n=127 pid=100172 alive=true
1791110836831 RENDER-START n=128
1791110837051 BROWSER-EXIT n=127 pid=100172 after_return_ms=319.6
1791110837051 BROWSER-EXIT n=119 pid=100172 after_return_ms=4776.9
1791110837051 BROWSER-EXIT n=116 pid=100172 after_return_ms=6407.7
1791110837051 BROWSER-EXIT n=124 pid=100172 after_return_ms=2046.5
1791110837051 BROWSER-EXIT n=123 pid=100172 after_return_ms=2605.3
1791110837051 BROWSER-EXIT n=126 pid=100172 after_return_ms=931.2
1791110837051 BROWSER-EXIT n=115 pid=100172 after_return_ms=6948.3
1791110837051 BROWSER-EXIT n=118 pid=100172 after_return_ms=5322.0
1791110837051 BROWSER-EXIT n=121 pid=100172 after_return_ms=3703.9
1791110837051 BROWSER-EXIT n=117 pid=100172 after_return_ms=5871.8
1791110837051 BROWSER-EXIT n=114 pid=100172 after_return_ms=7496.7
1791110837051 BROWSER-EXIT n=125 pid=100172 after_return_ms=1508.8
1791110837051 BROWSER-EXIT n=113 pid=100172 after_return_ms=8056.9
1791110837051 BROWSER-EXIT n=120 pid=100172 after_return_ms=4240.9
1791110837051 BROWSER-EXIT n=122 pid=100172 after_return_ms=3157.1
1791110837642 RENDER-OK n=128 id=128 browser_pid=Some(39852) slot=B path=%TEMP%\fc-repro-leak-20261004-184551\localappdata\tw.fintools.fc-host\wallpaper\m-7ebe8f017cddc2d6-b.png wh=2560x1600 body=raw open_ms=440.9 page_ms=350.7 to_png_ms=791.5 close_ms=2.5 write_ms=16.6 warnings=0
1791110837642 VERIFY n=128 dims=Some((2560, 1600)) expect=2560x1600 own_files=2 PASS
1791110837743 PREV-BROWSER n=129 prev_n=128 pid=39852 alive=true
1791110837743 RENDER-START n=129
1791110837807 BROWSER-EXIT n=128 pid=39852 after_return_ms=164.7
1791110838399 RENDER-OK n=129 id=129 browser_pid=Some(100912) slot=A path=%TEMP%\fc-repro-leak-20261004-184551\localappdata\tw.fintools.fc-host\wallpaper\m-7ebe8f017cddc2d6-a.png wh=2560x1600 body=raw open_ms=277.4 page_ms=358.8 to_png_ms=636.2 close_ms=2.6 write_ms=17.1 warnings=0
1791110838399 VERIFY n=129 dims=Some((2560, 1600)) expect=2560x1600 own_files=2 PASS
1791110838499 PREV-BROWSER n=130 prev_n=129 pid=100912 alive=true
1791110838499 RENDER-START n=130
1791110838943 BROWSER-REUSED n=130 pid=100912
1791110838943 RENDER-OK n=130 id=130 browser_pid=Some(100912) slot=B path=%TEMP%\fc-repro-leak-20261004-184551\localappdata\tw.fintools.fc-host\wallpaper\m-7ebe8f017cddc2d6-b.png wh=2560x1600 body=raw open_ms=95.6 page_ms=329.8 to_png_ms=425.4 close_ms=2.9 write_ms=15.2 warnings=0
1791110838943 VERIFY n=130 dims=Some((2560, 1600)) expect=2560x1600 own_files=2 PASS
1791110839044 PREV-BROWSER n=131 prev_n=130 pid=100912 alive=true
1791110839044 RENDER-START n=131
1791110839506 BROWSER-REUSED n=131 pid=100912
1791110839506 RENDER-OK n=131 id=131 browser_pid=Some(100912) slot=A path=%TEMP%\fc-repro-leak-20261004-184551\localappdata\tw.fintools.fc-host\wallpaper\m-7ebe8f017cddc2d6-a.png wh=2560x1600 body=raw open_ms=100.2 page_ms=342.7 to_png_ms=442.9 close_ms=3.0 write_ms=16.7 warnings=0
1791110839507 VERIFY n=131 dims=Some((2560, 1600)) expect=2560x1600 own_files=2 PASS
1791110839607 PREV-BROWSER n=132 prev_n=131 pid=100912 alive=true
1791110839607 RENDER-START n=132
1791110841056 BROWSER-REUSED n=132 pid=100912
1791110841056 RENDER-OK n=132 id=132 browser_pid=Some(100912) slot=B path=%TEMP%\fc-repro-leak-20261004-184551\localappdata\tw.fintools.fc-host\wallpaper\m-7ebe8f017cddc2d6-b.png wh=2560x1600 body=raw open_ms=98.3 page_ms=1332.2 to_png_ms=1430.5 close_ms=2.2 write_ms=15.7 warnings=0
1791110841056 VERIFY n=132 dims=Some((2560, 1600)) expect=2560x1600 own_files=2 PASS
1791110841156 PREV-BROWSER n=133 prev_n=132 pid=100912 alive=true
1791110841156 RENDER-START n=133
1791110841245 BROWSER-EXIT n=131 pid=100912 after_return_ms=1738.6
1791110841245 BROWSER-EXIT n=132 pid=100912 after_return_ms=189.3
1791110841245 BROWSER-EXIT n=130 pid=100912 after_return_ms=2302.4
1791110841245 BROWSER-EXIT n=129 pid=100912 after_return_ms=2846.2
1791110841846 RENDER-OK n=133 id=133 browser_pid=Some(46032) slot=A path=%TEMP%\fc-repro-leak-20261004-184551\localappdata\tw.fintools.fc-host\wallpaper\m-7ebe8f017cddc2d6-a.png wh=2560x1600 body=raw open_ms=314.6 page_ms=356.6 to_png_ms=671.2 close_ms=2.4 write_ms=15.9 warnings=0
1791110841846 VERIFY n=133 dims=Some((2560, 1600)) expect=2560x1600 own_files=2 PASS
1791110841946 PREV-BROWSER n=134 prev_n=133 pid=46032 alive=true
1791110841946 RENDER-START n=134
1791110842388 BROWSER-REUSED n=134 pid=46032
1791110842388 RENDER-OK n=134 id=134 browser_pid=Some(46032) slot=B path=%TEMP%\fc-repro-leak-20261004-184551\localappdata\tw.fintools.fc-host\wallpaper\m-7ebe8f017cddc2d6-b.png wh=2560x1600 body=raw open_ms=94.9 page_ms=336.0 to_png_ms=430.9 close_ms=2.5 write_ms=8.6 warnings=0
1791110842388 VERIFY n=134 dims=Some((2560, 1600)) expect=2560x1600 own_files=2 PASS
1791110842489 PREV-BROWSER n=135 prev_n=134 pid=46032 alive=true
1791110842489 RENDER-START n=135
1791110842952 BROWSER-REUSED n=135 pid=46032
1791110842952 RENDER-OK n=135 id=135 browser_pid=Some(46032) slot=A path=%TEMP%\fc-repro-leak-20261004-184551\localappdata\tw.fintools.fc-host\wallpaper\m-7ebe8f017cddc2d6-a.png wh=2560x1600 body=raw open_ms=100.8 page_ms=344.1 to_png_ms=445.0 close_ms=2.3 write_ms=15.7 warnings=0
1791110842952 VERIFY n=135 dims=Some((2560, 1600)) expect=2560x1600 own_files=2 PASS
1791110843052 PREV-BROWSER n=136 prev_n=135 pid=46032 alive=true
1791110843052 RENDER-START n=136
1791110843126 BROWSER-EXIT n=135 pid=46032 after_return_ms=173.7
1791110843126 BROWSER-EXIT n=133 pid=46032 after_return_ms=1280.0
1791110843126 BROWSER-EXIT n=134 pid=46032 after_return_ms=737.4
1791110843750 RENDER-OK n=136 id=136 browser_pid=Some(108328) slot=B path=%TEMP%\fc-repro-leak-20261004-184551\localappdata\tw.fintools.fc-host\wallpaper\m-7ebe8f017cddc2d6-b.png wh=2560x1600 body=raw open_ms=321.9 page_ms=357.7 to_png_ms=679.6 close_ms=2.3 write_ms=15.8 warnings=0
1791110843750 VERIFY n=136 dims=Some((2560, 1600)) expect=2560x1600 own_files=2 PASS
1791110843851 PREV-BROWSER n=137 prev_n=136 pid=108328 alive=true
1791110843851 RENDER-START n=137
1791110843917 BROWSER-EXIT n=136 pid=108328 after_return_ms=166.9
1791110844517 RENDER-OK n=137 id=137 browser_pid=Some(36204) slot=A path=%TEMP%\fc-repro-leak-20261004-184551\localappdata\tw.fintools.fc-host\wallpaper\m-7ebe8f017cddc2d6-a.png wh=2560x1600 body=raw open_ms=287.1 page_ms=357.6 to_png_ms=644.6 close_ms=2.6 write_ms=18.8 warnings=0
1791110844518 VERIFY n=137 dims=Some((2560, 1600)) expect=2560x1600 own_files=2 PASS
1791110844617 PREV-BROWSER n=138 prev_n=137 pid=36204 alive=true
1791110844618 RENDER-START n=138
1791110844687 BROWSER-EXIT n=137 pid=36204 after_return_ms=169.4
1791110845282 RENDER-OK n=138 id=138 browser_pid=Some(93096) slot=B path=%TEMP%\fc-repro-leak-20261004-184551\localappdata\tw.fintools.fc-host\wallpaper\m-7ebe8f017cddc2d6-b.png wh=2560x1600 body=raw open_ms=293.7 page_ms=359.3 to_png_ms=653.0 close_ms=2.2 write_ms=9.0 warnings=0
1791110845282 VERIFY n=138 dims=Some((2560, 1600)) expect=2560x1600 own_files=2 PASS
1791110845382 PREV-BROWSER n=139 prev_n=138 pid=93096 alive=true
1791110845382 RENDER-START n=139
1791110845829 BROWSER-REUSED n=139 pid=93096
1791110845829 RENDER-OK n=139 id=139 browser_pid=Some(93096) slot=A path=%TEMP%\fc-repro-leak-20261004-184551\localappdata\tw.fintools.fc-host\wallpaper\m-7ebe8f017cddc2d6-a.png wh=2560x1600 body=raw open_ms=94.0 page_ms=332.9 to_png_ms=427.0 close_ms=2.6 write_ms=16.4 warnings=0
1791110845829 VERIFY n=139 dims=Some((2560, 1600)) expect=2560x1600 own_files=2 PASS
1791110845929 PREV-BROWSER n=140 prev_n=139 pid=93096 alive=true
1791110845929 RENDER-START n=140
1791110846375 BROWSER-REUSED n=140 pid=93096
1791110846375 RENDER-OK n=140 id=140 browser_pid=Some(93096) slot=B path=%TEMP%\fc-repro-leak-20261004-184551\localappdata\tw.fintools.fc-host\wallpaper\m-7ebe8f017cddc2d6-b.png wh=2560x1600 body=raw open_ms=91.1 page_ms=336.5 to_png_ms=427.6 close_ms=2.2 write_ms=15.9 warnings=0
1791110846375 VERIFY n=140 dims=Some((2560, 1600)) expect=2560x1600 own_files=2 PASS
1791110846475 PREV-BROWSER n=141 prev_n=140 pid=93096 alive=true
1791110846475 RENDER-START n=141
1791110846924 BROWSER-REUSED n=141 pid=93096
1791110846924 RENDER-OK n=141 id=141 browser_pid=Some(93096) slot=A path=%TEMP%\fc-repro-leak-20261004-184551\localappdata\tw.fintools.fc-host\wallpaper\m-7ebe8f017cddc2d6-a.png wh=2560x1600 body=raw open_ms=93.2 page_ms=337.7 to_png_ms=430.9 close_ms=2.5 write_ms=15.5 warnings=0
1791110846924 VERIFY n=141 dims=Some((2560, 1600)) expect=2560x1600 own_files=2 PASS
1791110847024 PREV-BROWSER n=142 prev_n=141 pid=93096 alive=true
1791110847024 RENDER-START n=142
1791110847461 BROWSER-REUSED n=142 pid=93096
1791110847461 RENDER-OK n=142 id=142 browser_pid=Some(93096) slot=B path=%TEMP%\fc-repro-leak-20261004-184551\localappdata\tw.fintools.fc-host\wallpaper\m-7ebe8f017cddc2d6-b.png wh=2560x1600 body=raw open_ms=97.0 page_ms=327.6 to_png_ms=424.7 close_ms=2.3 write_ms=9.1 warnings=0
1791110847461 VERIFY n=142 dims=Some((2560, 1600)) expect=2560x1600 own_files=2 PASS
1791110847561 PREV-BROWSER n=143 prev_n=142 pid=93096 alive=true
1791110847561 RENDER-START n=143
1791110848010 BROWSER-REUSED n=143 pid=93096
1791110848010 RENDER-OK n=143 id=143 browser_pid=Some(93096) slot=A path=%TEMP%\fc-repro-leak-20261004-184551\localappdata\tw.fintools.fc-host\wallpaper\m-7ebe8f017cddc2d6-a.png wh=2560x1600 body=raw open_ms=91.2 page_ms=339.5 to_png_ms=430.7 close_ms=2.5 write_ms=16.1 warnings=0
1791110848010 VERIFY n=143 dims=Some((2560, 1600)) expect=2560x1600 own_files=2 PASS
1791110848111 PREV-BROWSER n=144 prev_n=143 pid=93096 alive=true
1791110848111 RENDER-START n=144
1791110848617 BROWSER-REUSED n=144 pid=93096
1791110848617 RENDER-OK n=144 id=144 browser_pid=Some(93096) slot=B path=%TEMP%\fc-repro-leak-20261004-184551\localappdata\tw.fintools.fc-host\wallpaper\m-7ebe8f017cddc2d6-b.png wh=2560x1600 body=raw open_ms=157.0 page_ms=330.1 to_png_ms=487.1 close_ms=2.4 write_ms=17.0 warnings=0
1791110848618 VERIFY n=144 dims=Some((2560, 1600)) expect=2560x1600 own_files=2 PASS
1791110848717 PREV-BROWSER n=145 prev_n=144 pid=93096 alive=true
1791110848718 RENDER-START n=145
1791110849167 BROWSER-REUSED n=145 pid=93096
1791110849167 RENDER-OK n=145 id=145 browser_pid=Some(93096) slot=A path=%TEMP%\fc-repro-leak-20261004-184551\localappdata\tw.fintools.fc-host\wallpaper\m-7ebe8f017cddc2d6-a.png wh=2560x1600 body=raw open_ms=91.8 page_ms=338.4 to_png_ms=430.3 close_ms=2.3 write_ms=17.1 warnings=0
1791110849168 VERIFY n=145 dims=Some((2560, 1600)) expect=2560x1600 own_files=2 PASS
1791110849268 PREV-BROWSER n=146 prev_n=145 pid=93096 alive=true
1791110849268 RENDER-START n=146
1791110849365 BROWSER-EXIT n=145 pid=93096 after_return_ms=197.6
1791110849365 BROWSER-EXIT n=140 pid=93096 after_return_ms=2990.1
1791110849365 BROWSER-EXIT n=144 pid=93096 after_return_ms=747.5
1791110849365 BROWSER-EXIT n=138 pid=93096 after_return_ms=4083.0
1791110849365 BROWSER-EXIT n=143 pid=93096 after_return_ms=1354.7
1791110849365 BROWSER-EXIT n=141 pid=93096 after_return_ms=2440.8
1791110849365 BROWSER-EXIT n=142 pid=93096 after_return_ms=1904.2
1791110849365 BROWSER-EXIT n=139 pid=93096 after_return_ms=3536.4
1791110849953 RENDER-OK n=146 id=146 browser_pid=Some(53120) slot=B path=%TEMP%\fc-repro-leak-20261004-184551\localappdata\tw.fintools.fc-host\wallpaper\m-7ebe8f017cddc2d6-b.png wh=2560x1600 body=raw open_ms=316.9 page_ms=357.5 to_png_ms=674.4 close_ms=2.3 write_ms=7.9 warnings=0
1791110849953 VERIFY n=146 dims=Some((2560, 1600)) expect=2560x1600 own_files=2 PASS
1791110850053 PREV-BROWSER n=147 prev_n=146 pid=53120 alive=true
1791110850053 RENDER-START n=147
1791110850505 BROWSER-REUSED n=147 pid=53120
1791110850505 RENDER-OK n=147 id=147 browser_pid=Some(53120) slot=A path=%TEMP%\fc-repro-leak-20261004-184551\localappdata\tw.fintools.fc-host\wallpaper\m-7ebe8f017cddc2d6-a.png wh=2560x1600 body=raw open_ms=92.6 page_ms=347.6 to_png_ms=440.2 close_ms=2.6 write_ms=9.5 warnings=0
1791110850506 VERIFY n=147 dims=Some((2560, 1600)) expect=2560x1600 own_files=2 PASS
1791110850606 PREV-BROWSER n=148 prev_n=147 pid=53120 alive=true
1791110850606 RENDER-START n=148
1791110851057 BROWSER-REUSED n=148 pid=53120
1791110851057 RENDER-OK n=148 id=148 browser_pid=Some(53120) slot=B path=%TEMP%\fc-repro-leak-20261004-184551\localappdata\tw.fintools.fc-host\wallpaper\m-7ebe8f017cddc2d6-b.png wh=2560x1600 body=raw open_ms=97.2 page_ms=336.7 to_png_ms=433.9 close_ms=2.2 write_ms=15.3 warnings=0
1791110851058 VERIFY n=148 dims=Some((2560, 1600)) expect=2560x1600 own_files=2 PASS
1791110851157 PREV-BROWSER n=149 prev_n=148 pid=53120 alive=true
1791110851157 RENDER-START n=149
1791110851593 BROWSER-REUSED n=149 pid=53120
1791110851593 RENDER-OK n=149 id=149 browser_pid=Some(53120) slot=A path=%TEMP%\fc-repro-leak-20261004-184551\localappdata\tw.fintools.fc-host\wallpaper\m-7ebe8f017cddc2d6-a.png wh=2560x1600 body=raw open_ms=90.0 page_ms=326.3 to_png_ms=416.3 close_ms=2.2 write_ms=16.6 warnings=0
1791110851593 VERIFY n=149 dims=Some((2560, 1600)) expect=2560x1600 own_files=2 PASS
1791110851693 PREV-BROWSER n=150 prev_n=149 pid=53120 alive=true
1791110851693 RENDER-START n=150
1791110852155 BROWSER-REUSED n=150 pid=53120
1791110852155 RENDER-OK n=150 id=150 browser_pid=Some(53120) slot=B path=%TEMP%\fc-repro-leak-20261004-184551\localappdata\tw.fintools.fc-host\wallpaper\m-7ebe8f017cddc2d6-b.png wh=2560x1600 body=raw open_ms=95.4 page_ms=348.2 to_png_ms=443.6 close_ms=2.2 write_ms=16.0 warnings=0
1791110852155 VERIFY n=150 dims=Some((2560, 1600)) expect=2560x1600 own_files=2 PASS
1791110852256 PREV-BROWSER n=151 prev_n=150 pid=53120 alive=true
1791110852256 RENDER-START n=151
1791110852686 BROWSER-REUSED n=151 pid=53120
1791110852686 RENDER-OK n=151 id=151 browser_pid=Some(53120) slot=A path=%TEMP%\fc-repro-leak-20261004-184551\localappdata\tw.fintools.fc-host\wallpaper\m-7ebe8f017cddc2d6-a.png wh=2560x1600 body=raw open_ms=92.3 page_ms=327.0 to_png_ms=419.3 close_ms=2.4 write_ms=8.2 warnings=0
1791110852686 VERIFY n=151 dims=Some((2560, 1600)) expect=2560x1600 own_files=2 PASS
1791110852786 PREV-BROWSER n=152 prev_n=151 pid=53120 alive=true
1791110852786 RENDER-START n=152
1791110853225 BROWSER-REUSED n=152 pid=53120
1791110853225 RENDER-OK n=152 id=152 browser_pid=Some(53120) slot=B path=%TEMP%\fc-repro-leak-20261004-184551\localappdata\tw.fintools.fc-host\wallpaper\m-7ebe8f017cddc2d6-b.png wh=2560x1600 body=raw open_ms=91.3 page_ms=328.7 to_png_ms=419.9 close_ms=2.8 write_ms=16.3 warnings=0
1791110853225 VERIFY n=152 dims=Some((2560, 1600)) expect=2560x1600 own_files=2 PASS
1791110853325 PREV-BROWSER n=153 prev_n=152 pid=53120 alive=true
1791110853325 RENDER-START n=153
1791110853768 BROWSER-REUSED n=153 pid=53120
1791110853768 RENDER-OK n=153 id=153 browser_pid=Some(53120) slot=A path=%TEMP%\fc-repro-leak-20261004-184551\localappdata\tw.fintools.fc-host\wallpaper\m-7ebe8f017cddc2d6-a.png wh=2560x1600 body=raw open_ms=94.8 page_ms=329.0 to_png_ms=423.8 close_ms=2.2 write_ms=16.4 warnings=0
1791110853768 VERIFY n=153 dims=Some((2560, 1600)) expect=2560x1600 own_files=2 PASS
1791110853869 PREV-BROWSER n=154 prev_n=153 pid=53120 alive=true
1791110853869 RENDER-START n=154
1791110853956 BROWSER-EXIT n=152 pid=53120 after_return_ms=730.7
1791110853956 BROWSER-EXIT n=153 pid=53120 after_return_ms=187.9
1791110853956 BROWSER-EXIT n=148 pid=53120 after_return_ms=2898.6
1791110853956 BROWSER-EXIT n=146 pid=53120 after_return_ms=4003.5
1791110853956 BROWSER-EXIT n=147 pid=53120 after_return_ms=3450.6
1791110853956 BROWSER-EXIT n=151 pid=53120 after_return_ms=1270.1
1791110853956 BROWSER-EXIT n=149 pid=53120 after_return_ms=2363.1
1791110853956 BROWSER-EXIT n=150 pid=53120 after_return_ms=1800.9
1791110854541 RENDER-OK n=154 id=154 browser_pid=Some(111572) slot=B path=%TEMP%\fc-repro-leak-20261004-184551\localappdata\tw.fintools.fc-host\wallpaper\m-7ebe8f017cddc2d6-b.png wh=2560x1600 body=raw open_ms=302.9 page_ms=349.6 to_png_ms=652.5 close_ms=2.4 write_ms=16.8 warnings=0
1791110854541 VERIFY n=154 dims=Some((2560, 1600)) expect=2560x1600 own_files=2 PASS
1791110854641 PREV-BROWSER n=155 prev_n=154 pid=111572 alive=true
1791110854641 RENDER-START n=155
1791110855083 BROWSER-REUSED n=155 pid=111572
1791110855083 RENDER-OK n=155 id=155 browser_pid=Some(111572) slot=A path=%TEMP%\fc-repro-leak-20261004-184551\localappdata\tw.fintools.fc-host\wallpaper\m-7ebe8f017cddc2d6-a.png wh=2560x1600 body=raw open_ms=98.5 page_ms=324.9 to_png_ms=423.4 close_ms=2.6 write_ms=15.7 warnings=0
1791110855083 VERIFY n=155 dims=Some((2560, 1600)) expect=2560x1600 own_files=2 PASS
1791110855183 PREV-BROWSER n=156 prev_n=155 pid=111572 alive=true
1791110855183 RENDER-START n=156
1791110855620 BROWSER-REUSED n=156 pid=111572
1791110855620 RENDER-OK n=156 id=156 browser_pid=Some(111572) slot=B path=%TEMP%\fc-repro-leak-20261004-184551\localappdata\tw.fintools.fc-host\wallpaper\m-7ebe8f017cddc2d6-b.png wh=2560x1600 body=raw open_ms=94.4 page_ms=327.9 to_png_ms=422.3 close_ms=2.8 write_ms=11.1 warnings=0
1791110855620 VERIFY n=156 dims=Some((2560, 1600)) expect=2560x1600 own_files=2 PASS
1791110855720 PREV-BROWSER n=157 prev_n=156 pid=111572 alive=true
1791110855720 RENDER-START n=157
1791110857181 BROWSER-REUSED n=157 pid=111572
1791110857181 RENDER-OK n=157 id=157 browser_pid=Some(111572) slot=A path=%TEMP%\fc-repro-leak-20261004-184551\localappdata\tw.fintools.fc-host\wallpaper\m-7ebe8f017cddc2d6-a.png wh=2560x1600 body=raw open_ms=99.5 page_ms=1342.2 to_png_ms=1441.6 close_ms=2.4 write_ms=16.5 warnings=0
1791110857181 VERIFY n=157 dims=Some((2560, 1600)) expect=2560x1600 own_files=2 PASS
1791110857281 PREV-BROWSER n=158 prev_n=157 pid=111572 alive=true
1791110857281 RENDER-START n=158
1791110857366 BROWSER-EXIT n=154 pid=111572 after_return_ms=2825.0
1791110857366 BROWSER-EXIT n=155 pid=111572 after_return_ms=2282.8
1791110857366 BROWSER-EXIT n=157 pid=111572 after_return_ms=185.0
1791110857366 BROWSER-EXIT n=156 pid=111572 after_return_ms=1745.9
1791110857942 RENDER-OK n=158 id=158 browser_pid=Some(18268) slot=B path=%TEMP%\fc-repro-leak-20261004-184551\localappdata\tw.fintools.fc-host\wallpaper\m-7ebe8f017cddc2d6-b.png wh=2560x1600 body=raw open_ms=289.6 page_ms=351.1 to_png_ms=640.7 close_ms=2.5 write_ms=17.5 warnings=0
1791110857942 VERIFY n=158 dims=Some((2560, 1600)) expect=2560x1600 own_files=2 PASS
1791110858042 PREV-BROWSER n=159 prev_n=158 pid=18268 alive=true
1791110858042 RENDER-START n=159
1791110858484 BROWSER-REUSED n=159 pid=18268
1791110858484 RENDER-OK n=159 id=159 browser_pid=Some(18268) slot=A path=%TEMP%\fc-repro-leak-20261004-184551\localappdata\tw.fintools.fc-host\wallpaper\m-7ebe8f017cddc2d6-a.png wh=2560x1600 body=raw open_ms=96.1 page_ms=333.5 to_png_ms=429.6 close_ms=2.3 write_ms=9.3 warnings=0
1791110858484 VERIFY n=159 dims=Some((2560, 1600)) expect=2560x1600 own_files=2 PASS
1791110858584 PREV-BROWSER n=160 prev_n=159 pid=18268 alive=true
1791110858584 RENDER-START n=160
1791110859025 BROWSER-REUSED n=160 pid=18268
1791110859025 RENDER-OK n=160 id=160 browser_pid=Some(18268) slot=B path=%TEMP%\fc-repro-leak-20261004-184551\localappdata\tw.fintools.fc-host\wallpaper\m-7ebe8f017cddc2d6-b.png wh=2560x1600 body=raw open_ms=89.2 page_ms=333.0 to_png_ms=422.2 close_ms=2.4 write_ms=16.8 warnings=0
1791110859026 VERIFY n=160 dims=Some((2560, 1600)) expect=2560x1600 own_files=2 PASS
1791110859126 PREV-BROWSER n=161 prev_n=160 pid=18268 alive=true
1791110859126 RENDER-START n=161
1791110859206 BROWSER-EXIT n=159 pid=18268 after_return_ms=722.7
1791110859206 BROWSER-EXIT n=158 pid=18268 after_return_ms=1264.4
1791110859206 BROWSER-EXIT n=160 pid=18268 after_return_ms=180.8
1791110859810 RENDER-OK n=161 id=161 browser_pid=Some(112232) slot=A path=%TEMP%\fc-repro-leak-20261004-184551\localappdata\tw.fintools.fc-host\wallpaper\m-7ebe8f017cddc2d6-a.png wh=2560x1600 body=raw open_ms=329.1 page_ms=342.7 to_png_ms=671.8 close_ms=2.5 write_ms=9.4 warnings=0
1791110859810 VERIFY n=161 dims=Some((2560, 1600)) expect=2560x1600 own_files=2 PASS
1791110859910 PREV-BROWSER n=162 prev_n=161 pid=112232 alive=true
1791110859910 RENDER-START n=162
1791110860348 BROWSER-REUSED n=162 pid=112232
1791110860348 RENDER-OK n=162 id=162 browser_pid=Some(112232) slot=B path=%TEMP%\fc-repro-leak-20261004-184551\localappdata\tw.fintools.fc-host\wallpaper\m-7ebe8f017cddc2d6-b.png wh=2560x1600 body=raw open_ms=95.2 page_ms=331.3 to_png_ms=426.5 close_ms=2.6 write_ms=8.2 warnings=0
1791110860348 VERIFY n=162 dims=Some((2560, 1600)) expect=2560x1600 own_files=2 PASS
1791110860448 PREV-BROWSER n=163 prev_n=162 pid=112232 alive=true
1791110860448 RENDER-START n=163
1791110860911 BROWSER-REUSED n=163 pid=112232
1791110860912 RENDER-OK n=163 id=163 browser_pid=Some(112232) slot=A path=%TEMP%\fc-repro-leak-20261004-184551\localappdata\tw.fintools.fc-host\wallpaper\m-7ebe8f017cddc2d6-a.png wh=2560x1600 body=raw open_ms=96.7 page_ms=346.9 to_png_ms=443.6 close_ms=2.9 write_ms=16.8 warnings=0
1791110860912 VERIFY n=163 dims=Some((2560, 1600)) expect=2560x1600 own_files=2 PASS
1791110861012 PREV-BROWSER n=164 prev_n=163 pid=112232 alive=true
1791110861012 RENDER-START n=164
1791110861466 BROWSER-REUSED n=164 pid=112232
1791110861466 RENDER-OK n=164 id=164 browser_pid=Some(112232) slot=B path=%TEMP%\fc-repro-leak-20261004-184551\localappdata\tw.fintools.fc-host\wallpaper\m-7ebe8f017cddc2d6-b.png wh=2560x1600 body=raw open_ms=103.7 page_ms=332.3 to_png_ms=436.0 close_ms=2.5 write_ms=15.7 warnings=0
1791110861467 VERIFY n=164 dims=Some((2560, 1600)) expect=2560x1600 own_files=2 PASS
1791110861567 PREV-BROWSER n=165 prev_n=164 pid=112232 alive=true
1791110861567 RENDER-START n=165
1791110862016 BROWSER-REUSED n=165 pid=112232
1791110862016 RENDER-OK n=165 id=165 browser_pid=Some(112232) slot=A path=%TEMP%\fc-repro-leak-20261004-184551\localappdata\tw.fintools.fc-host\wallpaper\m-7ebe8f017cddc2d6-a.png wh=2560x1600 body=raw open_ms=97.1 page_ms=332.2 to_png_ms=429.3 close_ms=2.4 write_ms=17.3 warnings=0
1791110862016 VERIFY n=165 dims=Some((2560, 1600)) expect=2560x1600 own_files=2 PASS
1791110862116 PREV-BROWSER n=166 prev_n=165 pid=112232 alive=true
1791110862116 RENDER-START n=166
1791110862198 BROWSER-EXIT n=163 pid=112232 after_return_ms=1286.3
1791110862198 BROWSER-EXIT n=162 pid=112232 after_return_ms=1850.1
1791110862198 BROWSER-EXIT n=161 pid=112232 after_return_ms=2388.0
1791110862198 BROWSER-EXIT n=164 pid=112232 after_return_ms=731.4
1791110862198 BROWSER-EXIT n=165 pid=112232 after_return_ms=181.9
1791110862782 RENDER-OK n=166 id=166 browser_pid=Some(54084) slot=B path=%TEMP%\fc-repro-leak-20261004-184551\localappdata\tw.fintools.fc-host\wallpaper\m-7ebe8f017cddc2d6-b.png wh=2560x1600 body=raw open_ms=298.3 page_ms=348.1 to_png_ms=646.4 close_ms=2.4 write_ms=16.2 warnings=0
1791110862782 VERIFY n=166 dims=Some((2560, 1600)) expect=2560x1600 own_files=2 PASS
1791110862882 PREV-BROWSER n=167 prev_n=166 pid=54084 alive=true
1791110862882 RENDER-START n=167
1791110862951 BROWSER-EXIT n=166 pid=54084 after_return_ms=169.8
1791110863558 RENDER-OK n=167 id=167 browser_pid=Some(109660) slot=A path=%TEMP%\fc-repro-leak-20261004-184551\localappdata\tw.fintools.fc-host\wallpaper\m-7ebe8f017cddc2d6-a.png wh=2560x1600 body=raw open_ms=306.3 page_ms=350.9 to_png_ms=657.2 close_ms=2.5 write_ms=15.6 warnings=0
1791110863558 VERIFY n=167 dims=Some((2560, 1600)) expect=2560x1600 own_files=2 PASS
1791110863658 PREV-BROWSER n=168 prev_n=167 pid=109660 alive=true
1791110863658 RENDER-START n=168
1791110864106 BROWSER-REUSED n=168 pid=109660
1791110864106 RENDER-OK n=168 id=168 browser_pid=Some(109660) slot=B path=%TEMP%\fc-repro-leak-20261004-184551\localappdata\tw.fintools.fc-host\wallpaper\m-7ebe8f017cddc2d6-b.png wh=2560x1600 body=raw open_ms=94.1 page_ms=334.9 to_png_ms=428.9 close_ms=2.3 write_ms=16.3 warnings=0
1791110864106 VERIFY n=168 dims=Some((2560, 1600)) expect=2560x1600 own_files=2 PASS
1791110864206 PREV-BROWSER n=169 prev_n=168 pid=109660 alive=true
1791110864206 RENDER-START n=169
1791110864642 BROWSER-REUSED n=169 pid=109660
1791110864642 RENDER-OK n=169 id=169 browser_pid=Some(109660) slot=A path=%TEMP%\fc-repro-leak-20261004-184551\localappdata\tw.fintools.fc-host\wallpaper\m-7ebe8f017cddc2d6-a.png wh=2560x1600 body=raw open_ms=94.2 page_ms=323.9 to_png_ms=418.1 close_ms=2.2 write_ms=15.0 warnings=0
1791110864642 VERIFY n=169 dims=Some((2560, 1600)) expect=2560x1600 own_files=2 PASS
1791110864742 PREV-BROWSER n=170 prev_n=169 pid=109660 alive=true
1791110864742 RENDER-START n=170
1791110864817 BROWSER-EXIT n=169 pid=109660 after_return_ms=175.5
1791110864817 BROWSER-EXIT n=168 pid=109660 after_return_ms=711.4
1791110864817 BROWSER-EXIT n=167 pid=109660 after_return_ms=1259.7
1791110865400 RENDER-OK n=170 id=170 browser_pid=Some(112572) slot=B path=%TEMP%\fc-repro-leak-20261004-184551\localappdata\tw.fintools.fc-host\wallpaper\m-7ebe8f017cddc2d6-b.png wh=2560x1600 body=raw open_ms=292.9 page_ms=347.0 to_png_ms=639.9 close_ms=2.3 write_ms=15.9 warnings=0
1791110865401 VERIFY n=170 dims=Some((2560, 1600)) expect=2560x1600 own_files=2 PASS
1791110865501 PREV-BROWSER n=171 prev_n=170 pid=112572 alive=true
1791110865501 RENDER-START n=171
1791110865954 BROWSER-REUSED n=171 pid=112572
1791110865954 RENDER-OK n=171 id=171 browser_pid=Some(112572) slot=A path=%TEMP%\fc-repro-leak-20261004-184551\localappdata\tw.fintools.fc-host\wallpaper\m-7ebe8f017cddc2d6-a.png wh=2560x1600 body=raw open_ms=92.1 page_ms=342.2 to_png_ms=434.3 close_ms=2.7 write_ms=16.2 warnings=0
1791110865954 VERIFY n=171 dims=Some((2560, 1600)) expect=2560x1600 own_files=2 PASS
1791110866054 PREV-BROWSER n=172 prev_n=171 pid=112572 alive=true
1791110866054 RENDER-START n=172
1791110866126 BROWSER-EXIT n=170 pid=112572 after_return_ms=726.0
1791110866126 BROWSER-EXIT n=171 pid=112572 after_return_ms=172.2
1791110866733 RENDER-OK n=172 id=172 browser_pid=Some(89716) slot=B path=%TEMP%\fc-repro-leak-20261004-184551\localappdata\tw.fintools.fc-host\wallpaper\m-7ebe8f017cddc2d6-b.png wh=2560x1600 body=raw open_ms=296.4 page_ms=362.8 to_png_ms=659.2 close_ms=2.4 write_ms=16.6 warnings=0
1791110866733 VERIFY n=172 dims=Some((2560, 1600)) expect=2560x1600 own_files=2 PASS
1791110866833 PREV-BROWSER n=173 prev_n=172 pid=89716 alive=true
1791110866833 RENDER-START n=173
1791110866907 BROWSER-EXIT n=172 pid=89716 after_return_ms=174.4
1791110867482 RENDER-OK n=173 id=173 browser_pid=Some(88184) slot=A path=%TEMP%\fc-repro-leak-20261004-184551\localappdata\tw.fintools.fc-host\wallpaper\m-7ebe8f017cddc2d6-a.png wh=2560x1600 body=raw open_ms=288.9 page_ms=347.2 to_png_ms=636.2 close_ms=2.2 write_ms=10.6 warnings=0
1791110867482 VERIFY n=173 dims=Some((2560, 1600)) expect=2560x1600 own_files=2 PASS
1791110867582 PREV-BROWSER n=174 prev_n=173 pid=88184 alive=true
1791110867583 RENDER-START n=174
1791110868012 BROWSER-REUSED n=174 pid=88184
1791110868012 RENDER-OK n=174 id=174 browser_pid=Some(88184) slot=B path=%TEMP%\fc-repro-leak-20261004-184551\localappdata\tw.fintools.fc-host\wallpaper\m-7ebe8f017cddc2d6-b.png wh=2560x1600 body=raw open_ms=90.6 page_ms=325.5 to_png_ms=416.1 close_ms=2.3 write_ms=10.2 warnings=0
1791110868012 VERIFY n=174 dims=Some((2560, 1600)) expect=2560x1600 own_files=2 PASS
1791110868112 PREV-BROWSER n=175 prev_n=174 pid=88184 alive=true
1791110868112 RENDER-START n=175
1791110868565 BROWSER-REUSED n=175 pid=88184
1791110868565 RENDER-OK n=175 id=175 browser_pid=Some(88184) slot=A path=%TEMP%\fc-repro-leak-20261004-184551\localappdata\tw.fintools.fc-host\wallpaper\m-7ebe8f017cddc2d6-a.png wh=2560x1600 body=raw open_ms=98.9 page_ms=336.1 to_png_ms=435.0 close_ms=2.5 write_ms=15.3 warnings=0
1791110868565 VERIFY n=175 dims=Some((2560, 1600)) expect=2560x1600 own_files=2 PASS
1791110868665 PREV-BROWSER n=176 prev_n=175 pid=88184 alive=true
1791110868665 RENDER-START n=176
1791110870114 BROWSER-REUSED n=176 pid=88184
1791110870114 RENDER-OK n=176 id=176 browser_pid=Some(88184) slot=B path=%TEMP%\fc-repro-leak-20261004-184551\localappdata\tw.fintools.fc-host\wallpaper\m-7ebe8f017cddc2d6-b.png wh=2560x1600 body=raw open_ms=94.7 page_ms=1335.5 to_png_ms=1430.2 close_ms=2.2 write_ms=16.3 warnings=0
1791110870115 VERIFY n=176 dims=Some((2560, 1600)) expect=2560x1600 own_files=2 PASS
1791110870215 PREV-BROWSER n=177 prev_n=176 pid=88184 alive=true
1791110870215 RENDER-START n=177
1791110870298 BROWSER-EXIT n=176 pid=88184 after_return_ms=183.6
1791110870298 BROWSER-EXIT n=175 pid=88184 after_return_ms=1732.8
1791110870298 BROWSER-EXIT n=173 pid=88184 after_return_ms=2816.0
1791110870298 BROWSER-EXIT n=174 pid=88184 after_return_ms=2286.4
1791110870878 RENDER-OK n=177 id=177 browser_pid=Some(57836) slot=A path=%TEMP%\fc-repro-leak-20261004-184551\localappdata\tw.fintools.fc-host\wallpaper\m-7ebe8f017cddc2d6-a.png wh=2560x1600 body=raw open_ms=297.1 page_ms=347.2 to_png_ms=644.2 close_ms=2.2 write_ms=16.3 warnings=0
1791110870878 VERIFY n=177 dims=Some((2560, 1600)) expect=2560x1600 own_files=2 PASS
1791110870978 PREV-BROWSER n=178 prev_n=177 pid=57836 alive=true
1791110870978 RENDER-START n=178
1791110871047 BROWSER-EXIT n=177 pid=57836 after_return_ms=169.5
1791110871704 RENDER-OK n=178 id=178 browser_pid=Some(105548) slot=B path=%TEMP%\fc-repro-leak-20261004-184551\localappdata\tw.fintools.fc-host\wallpaper\m-7ebe8f017cddc2d6-b.png wh=2560x1600 body=raw open_ms=354.2 page_ms=353.3 to_png_ms=707.4 close_ms=2.3 write_ms=16.5 warnings=0
1791110871705 VERIFY n=178 dims=Some((2560, 1600)) expect=2560x1600 own_files=2 PASS
1791110871805 PREV-BROWSER n=179 prev_n=178 pid=105548 alive=true
1791110871805 RENDER-START n=179
1791110872240 BROWSER-REUSED n=179 pid=105548
1791110872240 RENDER-OK n=179 id=179 browser_pid=Some(105548) slot=A path=%TEMP%\fc-repro-leak-20261004-184551\localappdata\tw.fintools.fc-host\wallpaper\m-7ebe8f017cddc2d6-a.png wh=2560x1600 body=raw open_ms=95.9 page_ms=327.2 to_png_ms=423.1 close_ms=2.6 write_ms=9.2 warnings=0
1791110872240 VERIFY n=179 dims=Some((2560, 1600)) expect=2560x1600 own_files=2 PASS
1791110872340 PREV-BROWSER n=180 prev_n=179 pid=105548 alive=true
1791110872340 RENDER-START n=180
1791110872782 BROWSER-REUSED n=180 pid=105548
1791110872782 RENDER-OK n=180 id=180 browser_pid=Some(105548) slot=B path=%TEMP%\fc-repro-leak-20261004-184551\localappdata\tw.fintools.fc-host\wallpaper\m-7ebe8f017cddc2d6-b.png wh=2560x1600 body=raw open_ms=100.2 page_ms=323.1 to_png_ms=423.4 close_ms=2.2 write_ms=16.3 warnings=0
1791110872782 VERIFY n=180 dims=Some((2560, 1600)) expect=2560x1600 own_files=2 PASS
1791110872883 PREV-BROWSER n=181 prev_n=180 pid=105548 alive=true
1791110872883 RENDER-START n=181
1791110872958 BROWSER-EXIT n=179 pid=105548 after_return_ms=718.3
1791110872958 BROWSER-EXIT n=180 pid=105548 after_return_ms=175.9
1791110872958 BROWSER-EXIT n=178 pid=105548 after_return_ms=1253.8
1791110873611 RENDER-OK n=181 id=181 browser_pid=Some(99348) slot=A path=%TEMP%\fc-repro-leak-20261004-184551\localappdata\tw.fintools.fc-host\wallpaper\m-7ebe8f017cddc2d6-a.png wh=2560x1600 body=raw open_ms=357.2 page_ms=353.0 to_png_ms=710.2 close_ms=2.2 write_ms=15.4 warnings=0
1791110873611 VERIFY n=181 dims=Some((2560, 1600)) expect=2560x1600 own_files=2 PASS
1791110873711 PREV-BROWSER n=182 prev_n=181 pid=99348 alive=true
1791110873711 RENDER-START n=182
1791110873778 BROWSER-EXIT n=181 pid=99348 after_return_ms=167.5
1791110874345 RENDER-OK n=182 id=182 browser_pid=Some(84852) slot=B path=%TEMP%\fc-repro-leak-20261004-184551\localappdata\tw.fintools.fc-host\wallpaper\m-7ebe8f017cddc2d6-b.png wh=2560x1600 body=raw open_ms=276.2 page_ms=339.3 to_png_ms=615.5 close_ms=2.2 write_ms=16.6 warnings=0
1791110874346 VERIFY n=182 dims=Some((2560, 1600)) expect=2560x1600 own_files=2 PASS
1791110874446 PREV-BROWSER n=183 prev_n=182 pid=84852 alive=true
1791110874446 RENDER-START n=183
1791110874951 BROWSER-REUSED n=183 pid=84852
1791110874951 RENDER-OK n=183 id=183 browser_pid=Some(84852) slot=A path=%TEMP%\fc-repro-leak-20261004-184551\localappdata\tw.fintools.fc-host\wallpaper\m-7ebe8f017cddc2d6-a.png wh=2560x1600 body=raw open_ms=157.1 page_ms=330.1 to_png_ms=487.2 close_ms=2.6 write_ms=15.3 warnings=0
1791110874951 VERIFY n=183 dims=Some((2560, 1600)) expect=2560x1600 own_files=2 PASS
1791110875051 PREV-BROWSER n=184 prev_n=183 pid=84852 alive=true
1791110875052 RENDER-START n=184
1791110875124 BROWSER-EXIT n=183 pid=84852 after_return_ms=172.7
1791110875124 BROWSER-EXIT n=182 pid=84852 after_return_ms=778.5
1791110875740 RENDER-OK n=184 id=184 browser_pid=Some(96988) slot=B path=%TEMP%\fc-repro-leak-20261004-184551\localappdata\tw.fintools.fc-host\wallpaper\m-7ebe8f017cddc2d6-b.png wh=2560x1600 body=raw open_ms=335.1 page_ms=341.1 to_png_ms=676.2 close_ms=2.7 write_ms=9.8 warnings=0
1791110875741 VERIFY n=184 dims=Some((2560, 1600)) expect=2560x1600 own_files=2 PASS
1791110875841 PREV-BROWSER n=185 prev_n=184 pid=96988 alive=true
1791110875841 RENDER-START n=185
1791110876283 BROWSER-REUSED n=185 pid=96988
1791110876283 RENDER-OK n=185 id=185 browser_pid=Some(96988) slot=A path=%TEMP%\fc-repro-leak-20261004-184551\localappdata\tw.fintools.fc-host\wallpaper\m-7ebe8f017cddc2d6-a.png wh=2560x1600 body=raw open_ms=92.7 page_ms=330.9 to_png_ms=423.6 close_ms=2.4 write_ms=16.0 warnings=0
1791110876283 VERIFY n=185 dims=Some((2560, 1600)) expect=2560x1600 own_files=2 PASS
1791110876383 PREV-BROWSER n=186 prev_n=185 pid=96988 alive=true
1791110876383 RENDER-START n=186
1791110876825 BROWSER-REUSED n=186 pid=96988
1791110876825 RENDER-OK n=186 id=186 browser_pid=Some(96988) slot=B path=%TEMP%\fc-repro-leak-20261004-184551\localappdata\tw.fintools.fc-host\wallpaper\m-7ebe8f017cddc2d6-b.png wh=2560x1600 body=raw open_ms=92.1 page_ms=331.2 to_png_ms=423.3 close_ms=2.3 write_ms=16.0 warnings=0
1791110876825 VERIFY n=186 dims=Some((2560, 1600)) expect=2560x1600 own_files=2 PASS
1791110876926 PREV-BROWSER n=187 prev_n=186 pid=96988 alive=true
1791110876926 RENDER-START n=187
1791110876999 BROWSER-EXIT n=186 pid=96988 after_return_ms=174.1
1791110876999 BROWSER-EXIT n=185 pid=96988 after_return_ms=716.3
1791110876999 BROWSER-EXIT n=184 pid=96988 after_return_ms=1258.8
1791110877596 RENDER-OK n=187 id=187 browser_pid=Some(73724) slot=A path=%TEMP%\fc-repro-leak-20261004-184551\localappdata\tw.fintools.fc-host\wallpaper\m-7ebe8f017cddc2d6-a.png wh=2560x1600 body=raw open_ms=295.0 page_ms=356.4 to_png_ms=651.4 close_ms=2.5 write_ms=16.4 warnings=0
1791110877596 VERIFY n=187 dims=Some((2560, 1600)) expect=2560x1600 own_files=2 PASS
1791110877696 PREV-BROWSER n=188 prev_n=187 pid=73724 alive=true
1791110877696 RENDER-START n=188
1791110878191 BROWSER-REUSED n=188 pid=73724
1791110878191 RENDER-OK n=188 id=188 browser_pid=Some(73724) slot=B path=%TEMP%\fc-repro-leak-20261004-184551\localappdata\tw.fintools.fc-host\wallpaper\m-7ebe8f017cddc2d6-b.png wh=2560x1600 body=raw open_ms=156.2 page_ms=326.9 to_png_ms=483.0 close_ms=2.1 write_ms=9.1 warnings=0
1791110878191 VERIFY n=188 dims=Some((2560, 1600)) expect=2560x1600 own_files=2 PASS
1791110878291 PREV-BROWSER n=189 prev_n=188 pid=73724 alive=true
1791110878291 RENDER-START n=189
1791110878737 BROWSER-REUSED n=189 pid=73724
1791110878738 RENDER-OK n=189 id=189 browser_pid=Some(73724) slot=A path=%TEMP%\fc-repro-leak-20261004-184551\localappdata\tw.fintools.fc-host\wallpaper\m-7ebe8f017cddc2d6-a.png wh=2560x1600 body=raw open_ms=98.2 page_ms=328.8 to_png_ms=427.1 close_ms=2.6 write_ms=16.1 warnings=0
1791110878738 VERIFY n=189 dims=Some((2560, 1600)) expect=2560x1600 own_files=2 PASS
1791110878838 PREV-BROWSER n=190 prev_n=189 pid=73724 alive=true
1791110878838 RENDER-START n=190
1791110879279 BROWSER-REUSED n=190 pid=73724
1791110879279 RENDER-OK n=190 id=190 browser_pid=Some(73724) slot=B path=%TEMP%\fc-repro-leak-20261004-184551\localappdata\tw.fintools.fc-host\wallpaper\m-7ebe8f017cddc2d6-b.png wh=2560x1600 body=raw open_ms=92.1 page_ms=330.9 to_png_ms=423.0 close_ms=2.7 write_ms=15.3 warnings=0
1791110879279 VERIFY n=190 dims=Some((2560, 1600)) expect=2560x1600 own_files=2 PASS
1791110879379 PREV-BROWSER n=191 prev_n=190 pid=73724 alive=true
1791110879379 RENDER-START n=191
1791110879818 BROWSER-REUSED n=191 pid=73724
1791110879819 RENDER-OK n=191 id=191 browser_pid=Some(73724) slot=A path=%TEMP%\fc-repro-leak-20261004-184551\localappdata\tw.fintools.fc-host\wallpaper\m-7ebe8f017cddc2d6-a.png wh=2560x1600 body=raw open_ms=96.5 page_ms=323.1 to_png_ms=419.6 close_ms=2.4 write_ms=17.0 warnings=0
1791110879819 VERIFY n=191 dims=Some((2560, 1600)) expect=2560x1600 own_files=2 PASS
1791110879919 PREV-BROWSER n=192 prev_n=191 pid=73724 alive=true
1791110879919 RENDER-START n=192
1791110880423 BROWSER-REUSED n=192 pid=73724
1791110880423 RENDER-OK n=192 id=192 browser_pid=Some(73724) slot=B path=%TEMP%\fc-repro-leak-20261004-184551\localappdata\tw.fintools.fc-host\wallpaper\m-7ebe8f017cddc2d6-b.png wh=2560x1600 body=raw open_ms=156.8 page_ms=328.3 to_png_ms=485.0 close_ms=2.2 write_ms=16.5 warnings=0
1791110880423 VERIFY n=192 dims=Some((2560, 1600)) expect=2560x1600 own_files=2 PASS
1791110880523 PREV-BROWSER n=193 prev_n=192 pid=73724 alive=true
1791110880523 RENDER-START n=193
1791110880953 BROWSER-REUSED n=193 pid=73724
1791110880953 RENDER-OK n=193 id=193 browser_pid=Some(73724) slot=A path=%TEMP%\fc-repro-leak-20261004-184551\localappdata\tw.fintools.fc-host\wallpaper\m-7ebe8f017cddc2d6-a.png wh=2560x1600 body=raw open_ms=89.2 page_ms=322.5 to_png_ms=411.7 close_ms=2.7 write_ms=15.9 warnings=0
1791110880954 VERIFY n=193 dims=Some((2560, 1600)) expect=2560x1600 own_files=2 PASS
1791110881054 PREV-BROWSER n=194 prev_n=193 pid=73724 alive=true
1791110881054 RENDER-START n=194
1791110881497 BROWSER-REUSED n=194 pid=73724
1791110881497 RENDER-OK n=194 id=194 browser_pid=Some(73724) slot=B path=%TEMP%\fc-repro-leak-20261004-184551\localappdata\tw.fintools.fc-host\wallpaper\m-7ebe8f017cddc2d6-b.png wh=2560x1600 body=raw open_ms=93.1 page_ms=331.2 to_png_ms=424.3 close_ms=2.2 write_ms=17.1 warnings=0
1791110881498 VERIFY n=194 dims=Some((2560, 1600)) expect=2560x1600 own_files=2 PASS
1791110881598 PREV-BROWSER n=195 prev_n=194 pid=73724 alive=true
1791110881598 RENDER-START n=195
1791110882031 BROWSER-REUSED n=195 pid=73724
1791110882031 RENDER-OK n=195 id=195 browser_pid=Some(73724) slot=A path=%TEMP%\fc-repro-leak-20261004-184551\localappdata\tw.fintools.fc-host\wallpaper\m-7ebe8f017cddc2d6-a.png wh=2560x1600 body=raw open_ms=90.5 page_ms=324.3 to_png_ms=414.8 close_ms=2.3 write_ms=15.8 warnings=0
1791110882031 VERIFY n=195 dims=Some((2560, 1600)) expect=2560x1600 own_files=2 PASS
1791110882131 PREV-BROWSER n=196 prev_n=195 pid=73724 alive=true
1791110882132 RENDER-START n=196
1791110882232 BROWSER-EXIT n=195 pid=73724 after_return_ms=200.5
1791110882232 BROWSER-EXIT n=194 pid=73724 after_return_ms=734.3
1791110882232 BROWSER-EXIT n=192 pid=73724 after_return_ms=1809.1
1791110882232 BROWSER-EXIT n=191 pid=73724 after_return_ms=2413.2
1791110882232 BROWSER-EXIT n=193 pid=73724 after_return_ms=1278.6
1791110882232 BROWSER-EXIT n=189 pid=73724 after_return_ms=3494.2
1791110882232 BROWSER-EXIT n=188 pid=73724 after_return_ms=4041.0
1791110882232 BROWSER-EXIT n=187 pid=73724 after_return_ms=4635.6
1791110882232 BROWSER-EXIT n=190 pid=73724 after_return_ms=2952.8
1791110882817 RENDER-OK n=196 id=196 browser_pid=Some(74564) slot=B path=%TEMP%\fc-repro-leak-20261004-184551\localappdata\tw.fintools.fc-host\wallpaper\m-7ebe8f017cddc2d6-b.png wh=2560x1600 body=raw open_ms=326.6 page_ms=340.5 to_png_ms=667.1 close_ms=2.1 write_ms=16.4 warnings=0
1791110882818 VERIFY n=196 dims=Some((2560, 1600)) expect=2560x1600 own_files=2 PASS
1791110882918 PREV-BROWSER n=197 prev_n=196 pid=74564 alive=true
1791110882918 RENDER-START n=197
1791110883348 BROWSER-REUSED n=197 pid=74564
1791110883348 RENDER-OK n=197 id=197 browser_pid=Some(74564) slot=A path=%TEMP%\fc-repro-leak-20261004-184551\localappdata\tw.fintools.fc-host\wallpaper\m-7ebe8f017cddc2d6-a.png wh=2560x1600 body=raw open_ms=90.9 page_ms=328.9 to_png_ms=419.8 close_ms=2.1 write_ms=8.1 warnings=0
1791110883348 VERIFY n=197 dims=Some((2560, 1600)) expect=2560x1600 own_files=2 PASS
1791110883448 PREV-BROWSER n=198 prev_n=197 pid=74564 alive=true
1791110883448 RENDER-START n=198
1791110883884 BROWSER-REUSED n=198 pid=74564
1791110883884 RENDER-OK n=198 id=198 browser_pid=Some(74564) slot=B path=%TEMP%\fc-repro-leak-20261004-184551\localappdata\tw.fintools.fc-host\wallpaper\m-7ebe8f017cddc2d6-b.png wh=2560x1600 body=raw open_ms=94.4 page_ms=321.7 to_png_ms=416.2 close_ms=2.5 write_ms=17.4 warnings=0
1791110883884 VERIFY n=198 dims=Some((2560, 1600)) expect=2560x1600 own_files=2 PASS
1791110883984 PREV-BROWSER n=199 prev_n=198 pid=74564 alive=true
1791110883984 RENDER-START n=199
1791110884062 BROWSER-EXIT n=198 pid=74564 after_return_ms=177.6
1791110884062 BROWSER-EXIT n=197 pid=74564 after_return_ms=714.1
1791110884062 BROWSER-EXIT n=196 pid=74564 after_return_ms=1244.5
1791110884654 RENDER-OK n=199 id=199 browser_pid=Some(109396) slot=A path=%TEMP%\fc-repro-leak-20261004-184551\localappdata\tw.fintools.fc-host\wallpaper\m-7ebe8f017cddc2d6-a.png wh=2560x1600 body=raw open_ms=295.7 page_ms=355.5 to_png_ms=651.2 close_ms=2.2 write_ms=16.4 warnings=0
1791110884655 VERIFY n=199 dims=Some((2560, 1600)) expect=2560x1600 own_files=2 PASS
1791110884755 PREV-BROWSER n=200 prev_n=199 pid=109396 alive=true
1791110884755 RENDER-START n=200
1791110885198 BROWSER-REUSED n=200 pid=109396
1791110885198 RENDER-OK n=200 id=200 browser_pid=Some(109396) slot=B path=%TEMP%\fc-repro-leak-20261004-184551\localappdata\tw.fintools.fc-host\wallpaper\m-7ebe8f017cddc2d6-b.png wh=2560x1600 body=raw open_ms=93.5 page_ms=330.7 to_png_ms=424.2 close_ms=2.5 write_ms=16.6 warnings=0
1791110885198 VERIFY n=200 dims=Some((2560, 1600)) expect=2560x1600 own_files=2 PASS
1791110885198 RENDER-LOOP-END
1791110885198 TAIL 20 s
1791110885378 BROWSER-EXIT n=199 pid=109396 after_return_ms=723.7
1791110885378 BROWSER-EXIT n=200 pid=109396 after_return_ms=179.9
1791110905199 BROWSERS total=200 leaked=0 []
1791110905199 SUMMARY ok=200/200 to_png_median_ms=429.4 to_png_max_ms=1441.6 open_median_ms=96.7 open_max_ms=459.7 page_median_ms=332.9 page_max_ms=1342.2 close_median_ms=2.4
1791110905199 EXIT code=0
